specimen,layer_index,obs_index,frame_idx,frame_type,tip_x,tip_y,direction_deg,movement_px,confidence,roi_c0,roi_r0,roi_c1,roi_r1,roi_valid_frac,roi_complete,roi_mean_C,roi_max_C,roi_min_C,roi_std_C,roi_median_C,roi_pixels_raw
Rec-022_10s_1,1,1,2794,core,290,331,0.0,0.0,0.9846,293,333,302,336,1.0,True,87.9062,108.5576,80.8776,5.8794,86.0337,"108.56,102.04,98.25,94.99,94.45,93.36,92.28,91.73,90.65,89.56,93.36,91.73,90.10,89.56,88.48,88.48,87.93,87.39,86.31,85.76,86.31,85.76,85.76,85.22,85.22,84.68,84.13,84.13,84.13,83.05,82.51,82.51,82.51,83.05,83.05,82.51,82.51,81.96,81.42,80.88"
Rec-022_10s_1,1,2,2795,core,296,331,0.0,6.0,0.9835,299,333,308,336,1.0,True,87.0921,108.0149,80.8776,5.6716,85.491,"108.01,101.50,96.62,93.36,91.19,90.10,89.56,88.48,87.93,87.39,95.53,92.28,90.10,88.48,87.39,86.31,85.76,85.22,84.13,84.13,89.02,87.39,85.76,85.22,84.13,84.13,83.59,83.05,82.51,81.96,84.13,84.13,83.59,83.05,82.51,81.96,81.42,80.88,80.88,80.88"
Rec-022_10s_1,1,3,2796,core,300,331,0.0,4.0,0.9839,303,333,312,336,1.0,True,86.8207,111.2714,79.7922,6.1536,84.9482,"111.27,102.04,96.62,93.36,91.19,89.56,89.02,87.93,87.39,86.31,95.53,92.28,89.56,87.93,86.85,85.76,85.22,84.68,84.13,83.05,89.02,87.39,85.76,84.68,84.13,83.59,83.05,82.51,81.96,81.42,84.13,83.59,83.05,82.51,82.51,81.96,80.88,80.88,80.33,79.79"
Rec-022_10s_1,1,4,2797,core,309,331,0.0,9.0,0.9852,312,333,321,336,1.0,True,85.586,105.8439,80.3349,5.2514,84.1341,"105.84,98.79,94.45,91.19,89.56,87.93,87.93,87.39,86.31,86.31,93.36,90.10,87.93,86.31,85.22,84.68,84.13,84.13,83.59,83.05,86.85,85.22,84.13,83.05,83.05,82.51,81.96,82.51,81.96,81.42,83.05,82.51,81.96,81.42,80.88,80.88,80.88,80.33,80.33,80.33"
Rec-022_10s_1,1,5,2798,core,314,331,0.0,5.0,0.987,317,333,326,336,1.0,True,85.491,101.502,80.8776,4.1936,84.1341,"101.50,95.53,92.28,90.10,89.02,87.93,87.93,87.39,87.39,86.85,91.19,89.02,87.39,85.76,85.22,84.68,84.68,84.13,84.13,84.13,85.76,84.68,84.13,83.59,83.05,83.05,83.05,83.05,83.05,83.05,83.05,82.51,81.96,81.42,81.42,81.42,81.42,81.42,80.88,81.42"
Rec-022_10s_1,1,6,2799,core,323,331,0.0,9.0,0.9886,326,333,335,336,1.0,True,87.9605,102.0447,84.1341,3.8415,87.9333,"102.04,97.16,93.36,91.19,91.19,91.19,91.19,90.65,90.65,90.65,92.28,90.65,89.02,87.93,87.93,87.93,87.93,87.93,87.93,87.93,87.93,86.31,85.76,85.76,85.76,85.76,85.76,85.76,85.76,85.76,84.13,84.13,84.13,84.13,84.13,84.13,84.13,84.13,84.13,84.13"
Rec-022_10s_1,1,7,2800,core,327,331,0.0,4.0,0.9866,330,333,339,336,1.0,True,89.6294,103.6729,85.2196,3.9665,89.0188,"103.67,99.33,96.07,94.45,93.36,92.28,92.28,92.28,92.28,92.28,93.36,92.28,91.19,90.10,89.56,89.56,89.56,89.56,89.56,89.56,88.48,87.93,87.93,87.39,87.39,87.39,87.39,87.39,87.39,87.39,85.76,85.76,85.76,85.76,85.22,85.22,85.76,85.76,85.76,85.76"
Rec-022_10s_1,1,8,2801,core,332,331,0.0,5.0,0.9906,335,333,344,336,1.0,True,90.5521,103.1302,85.7624,3.9286,90.1043,"103.13,99.33,96.62,95.53,94.99,94.45,94.45,94.45,93.36,93.36,94.45,92.28,91.19,91.19,91.19,90.65,90.65,90.65,90.65,90.65,89.56,89.02,89.02,88.48,88.48,88.48,87.93,88.48,87.93,87.93,86.85,86.31,86.85,86.31,86.31,86.31,86.31,86.31,86.31,85.76"
Rec-022_10s_1,1,9,2802,core,336,331,0.0,4.0,0.9875,339,333,348,336,1.0,True,91.7597,107.4722,86.3051,4.5892,91.1898,"107.47,103.13,99.33,97.16,96.07,95.53,95.53,94.99,94.45,94.45,96.62,94.99,93.36,92.28,91.73,91.73,91.19,91.19,91.19,91.19,91.19,90.10,89.56,89.56,89.56,89.56,89.02,89.02,89.02,88.48,87.93,87.93,87.93,87.39,87.39,86.85,86.85,86.85,86.31,86.31"
Rec-022_10s_1,1,10,2803,core,345,331,0.0,9.0,0.9863,348,333,357,336,1.0,True,89.9551,108.5576,77.6212,6.4299,89.5616,"108.56,103.67,100.42,97.70,96.07,94.99,93.36,91.19,87.93,80.88,98.25,96.07,94.45,93.36,92.28,91.19,90.10,89.56,86.31,79.79,92.28,91.19,91.19,90.10,89.56,89.02,87.93,86.31,83.59,78.71,88.48,87.93,87.93,87.39,86.85,85.76,85.22,83.59,81.42,77.62"
Rec-022_10s_1,1,11,2804,core,350,331,0.0,5.0,0.9894,353,333,362,336,0.5,False,81.8817,103.6729,73.822,8.2976,78.4353,"103.67,99.33,95.53,90.65,83.05,78.16,75.99,74.91,74.36,73.82,96.07,93.36,91.19,87.93,80.88,77.62,75.45,74.91,73.82,73.82,91.19,89.56,87.93,85.22,79.79,77.08,75.45,74.36,73.82,73.82,87.39,86.31,84.68,83.05,78.71,75.99,74.91,73.82,73.82,73.82"
Rec-022_10s_1,1,12,2805,core,354,331,0.0,4.0,0.9869,357,333,366,336,0.1,False,76.4,91.7325,73.2792,3.8793,74.9074,"91.73,84.68,80.33,77.62,75.99,74.91,74.91,74.36,73.82,73.82,85.76,80.88,77.62,75.99,75.45,74.36,74.36,73.82,73.82,73.82,81.96,78.16,76.54,75.45,74.91,74.36,74.36,73.82,73.82,73.28,79.79,77.08,75.99,74.91,74.36,74.36,73.82,73.82,73.82,73.28"
Rec-022_10s_1,1,13,2806,core,355,330,45.0,1.41,0.986,358,332,367,335,0.0,False,76.9427,96.0745,73.2792,4.8053,74.9074,"96.07,87.93,82.51,78.71,76.54,75.99,74.91,74.36,74.36,73.82,88.48,83.05,78.71,77.08,75.99,74.91,74.36,73.82,73.82,73.82,83.05,78.71,77.08,75.45,74.91,74.36,74.36,73.82,73.82,73.82,78.71,77.08,75.99,74.91,74.36,73.82,73.82,73.82,73.28,73.28"
Rec-022_10s_1,2,1,2942,core,291,332,-45.0,1.41,0.9831,294,334,303,337,1.0,True,88.3811,98.2455,83.5914,3.6848,87.662,"98.25,96.62,94.45,93.36,93.36,92.28,91.73,91.19,90.65,90.10,91.19,90.65,90.65,90.10,89.56,89.56,89.56,89.02,88.48,87.93,86.85,86.85,87.39,86.85,86.85,86.85,86.85,86.31,85.76,85.76,84.13,84.13,84.13,84.13,84.13,84.13,84.13,84.13,83.59,83.59"
Rec-022_10s_1,2,2,2943,core,300,331,6.34,9.06,0.9848,303,333,312,336,1.0,True,91.5426,112.8996,84.6769,5.6736,90.1043,"112.90,105.84,100.96,97.70,96.07,94.99,94.45,93.36,92.28,91.73,99.33,96.07,94.45,92.28,91.73,91.19,90.10,90.10,89.56,89.02,93.36,91.19,90.10,89.56,89.02,88.48,87.93,87.93,87.39,87.39,88.48,87.93,87.39,86.85,86.85,86.31,85.76,85.76,85.22,84.68"
Rec-022_10s_1,2,3,2944,core,304,331,0.0,4.0,0.9823,307,333,316,336,1.0,True,91.7733,116.6988,84.6769,6.3299,89.8329,"116.70,108.01,102.04,98.25,96.07,94.45,93.36,93.36,92.28,91.73,100.96,97.70,94.45,92.28,91.73,91.19,90.10,89.56,89.56,88.48,93.36,91.73,90.65,89.56,89.02,88.48,87.93,87.93,87.39,86.85,89.02,87.93,87.93,87.39,86.31,86.31,85.76,85.22,85.22,84.68"
Rec-022_10s_1,2,4,2945,core,309,331,0.0,5.0,0.987,312,333,321,336,1.0,True,90.7285,110.1859,84.6769,5.0994,89.5616,"110.19,103.13,98.79,96.07,94.99,93.36,92.28,92.28,91.73,91.19,98.25,95.53,93.36,91.73,90.65,90.10,89.56,89.56,89.02,88.48,92.28,90.65,89.56,89.02,88.48,87.93,87.93,87.39,87.39,86.85,87.93,87.39,86.85,86.31,86.31,85.76,85.76,85.22,85.22,84.68"
Rec-022_10s_1,2,5,2946,core,323,331,0.0,14.0,0.9868,326,333,335,336,1.0,True,91.5562,105.8439,86.8478,4.1661,91.1898,"105.84,101.50,98.25,96.62,94.99,94.45,94.45,94.45,93.36,94.45,96.62,94.99,94.45,92.28,91.19,91.19,91.19,91.19,91.19,91.19,91.19,90.10,89.56,89.56,89.56,89.02,89.02,89.02,89.02,89.02,87.93,87.39,87.39,87.39,87.39,87.39,87.39,87.39,86.85,86.85"
Rec-022_10s_1,2,6,2947,core,327,331,0.0,4.0,0.9894,330,333,339,336,1.0,True,92.8587,109.1004,87.9333,4.4266,92.2753,"109.10,103.13,99.33,97.70,96.62,96.62,96.07,95.53,95.53,95.53,98.25,95.53,94.45,93.36,93.36,93.36,92.28,92.28,92.28,92.28,92.28,91.19,91.19,90.65,90.65,90.65,90.65,90.65,90.10,90.10,89.02,88.48,88.48,88.48,88.48,88.48,88.48,87.93,87.93,87.93"
Rec-022_10s_1,2,7,2948,core,332,331,0.0,5.0,0.9881,335,333,344,336,1.0,True,93.51,105.8439,88.4761,3.8911,92.818,"105.84,102.04,99.33,98.25,98.25,97.70,97.16,96.62,96.07,95.53,97.70,95.53,94.99,94.45,94.45,94.45,94.45,93.36,93.36,93.36,92.28,92.28,91.73,91.19,91.19,91.19,91.19,91.19,91.19,91.19,89.56,89.56,89.56,89.56,89.56,89.56,89.02,89.02,89.02,88.48"
Rec-022_10s_1,2,8,2949,core,336,331,0.0,4.0,0.9902,339,333,348,336,1.0,True,94.4463,110.1859,89.0188,4.5507,93.9035,"110.19,105.30,102.04,99.87,98.25,98.25,97.70,97.16,96.62,96.62,99.87,97.70,96.07,95.53,94.99,94.45,94.45,94.45,94.45,93.36,94.45,93.36,92.28,92.28,92.28,91.73,91.73,91.73,91.19,91.19,90.65,90.65,90.10,90.10,89.56,89.56,89.56,89.56,89.56,89.02"
Rec-022_10s_1,2,9,2950,core,341,331,0.0,5.0,0.9894,344,333,353,336,1.0,True,93.9985,106.9294,87.3906,4.1828,93.3608,"106.93,103.13,100.96,99.33,98.79,98.25,97.70,96.62,95.53,94.45,98.79,97.16,96.07,95.53,95.53,94.99,94.45,93.36,93.36,91.73,94.45,93.36,93.36,92.28,92.28,92.28,91.73,91.19,90.65,89.56,91.19,90.65,90.65,90.10,90.10,89.56,89.56,89.02,87.93,87.39"
Rec-022_10s_1,2,10,2951,core,345,331,0.0,4.0,0.9897,348,333,357,336,1.0,True,91.9768,109.6431,78.7067,6.4777,91.4612,"109.64,105.30,102.04,99.33,98.25,96.07,94.99,92.28,89.56,81.96,100.96,98.25,96.62,95.53,94.45,93.36,92.28,91.19,87.93,80.88,95.53,94.45,93.36,92.28,91.73,91.19,89.56,88.48,85.76,79.79,91.19,91.19,90.65,89.56,89.56,88.48,87.39,85.76,83.59,78.71"
Rec-022_10s_1,2,11,2952,core,350,331,0.0,5.0,0.9887,353,333,362,336,0.5,False,82.4787,103.6729,73.822,8.5961,78.978,"103.67,99.33,95.53,91.19,83.05,78.16,75.99,75.45,74.36,73.82,97.16,94.45,92.28,89.02,81.42,77.62,75.99,74.91,73.82,73.82,92.28,91.19,89.56,86.85,80.88,77.08,75.45,74.36,73.82,73.82,89.56,88.48,86.85,84.13,79.79,76.54,75.45,74.36,73.82,73.82"
Rec-022_10s_1,2,12,2953,core,354,331,0.0,4.0,0.9889,357,333,366,336,0.1,False,76.4,91.7325,73.2792,3.9805,74.6361,"91.73,84.13,79.79,77.08,75.99,75.45,74.36,73.82,73.82,73.82,86.31,80.88,77.62,75.99,75.45,74.36,73.82,73.82,73.82,73.82,83.05,78.71,76.54,75.45,74.91,73.82,73.82,73.82,73.82,73.82,80.88,77.62,75.99,74.91,74.36,73.82,73.82,73.82,73.82,73.28"
Rec-022_10s_1,2,13,2954,core,355,331,0.0,1.0,0.9865,358,333,367,336,0.0,False,75.7487,88.4761,73.2792,3.1412,74.3647,"88.48,83.05,78.71,76.54,75.99,74.91,74.36,73.82,73.82,73.82,83.05,78.71,77.08,75.99,74.91,74.36,73.82,73.82,73.82,73.82,79.79,77.62,75.99,74.91,74.36,73.82,73.82,73.82,73.82,73.28,77.62,75.99,75.45,74.36,74.36,74.36,73.82,73.28,73.28,73.28"
Rec-022_10s_1,3,1,3075,core,290,331,0.0,0.0,0.9834,293,333,302,336,1.0,True,93.5372,113.9851,86.8478,5.5752,91.4612,"113.99,106.93,103.13,100.42,98.79,98.25,98.25,97.16,96.07,95.53,98.25,96.62,94.99,94.45,94.45,94.45,93.36,92.28,92.28,91.73,91.19,91.19,90.65,91.19,91.19,91.19,91.19,90.65,90.65,90.10,86.85,87.93,87.93,88.48,88.48,88.48,88.48,88.48,87.93,87.93"
Rec-022_10s_1,3,2,3076,core,293,332,-18.43,3.16,0.9821,296,334,305,337,1.0,True,90.4978,100.9592,85.7624,3.4752,89.8329,"100.96,98.25,96.62,94.99,94.45,93.36,92.28,92.28,92.28,91.73,94.45,93.36,92.28,92.28,91.73,91.19,91.19,90.65,90.10,90.10,89.56,89.56,89.56,89.56,89.56,89.02,89.02,88.48,88.48,87.93,86.85,86.85,86.85,86.85,86.85,86.85,86.31,85.76,85.76,85.76"
Rec-022_10s_1,3,3,3077,core,297,331,14.04,4.12,0.9838,300,333,309,336,1.0,True,94.3784,117.7843,87.9333,6.0489,92.818,"117.78,110.19,104.22,100.96,98.79,97.70,96.62,95.53,94.99,94.45,103.13,99.33,96.62,95.53,94.45,93.36,93.36,92.28,91.19,91.19,95.53,94.45,93.36,92.28,91.73,91.19,91.19,90.65,90.10,89.56,91.19,90.65,90.10,89.56,89.56,89.56,88.48,88.48,87.93,87.93"
Rec-022_10s_1,3,4,3078,core,302,331,0.0,5.0,0.9841,305,333,314,336,1.0,True,92.9537,111.8141,87.3906,4.8768,91.1898,"111.81,105.30,100.96,98.25,96.62,95.53,94.99,94.45,93.36,92.28,99.87,97.16,95.53,93.36,92.28,92.28,91.19,91.19,91.19,90.10,94.45,93.36,91.73,91.19,91.19,90.65,90.10,90.10,89.56,89.56,90.65,90.10,89.56,89.56,89.02,88.48,87.93,87.93,87.93,87.39"
Rec-022_10s_1,3,5,3079,core,306,331,0.0,4.0,0.9861,309,333,318,336,1.0,True,93.1301,113.9851,87.3906,5.2968,91.1898,"113.99,106.93,102.04,98.25,96.62,95.53,94.99,94.45,93.36,92.28,100.42,97.70,95.53,93.36,93.36,92.28,91.19,91.19,91.19,90.10,94.99,93.36,92.28,91.19,91.19,90.65,90.10,89.56,89.56,89.02,91.19,90.10,89.56,89.56,89.02,88.48,87.93,87.93,87.39,87.39"
Rec-022_10s_1,3,6,3080,core,311,331,0.0,5.0,0.9868,314,333,323,336,1.0,True,92.316,109.1004,87.3906,4.3898,91.1898,"109.10,103.13,99.33,97.16,95.53,94.99,94.45,93.36,93.36,92.28,98.25,96.07,94.45,93.36,92.28,91.19,91.19,90.65,90.65,90.10,94.45,92.28,91.19,91.19,90.65,90.10,89.56,89.56,89.02,88.48,90.10,89.56,89.56,89.02,88.48,87.93,87.93,87.93,87.39,87.39"
Rec-022_10s_1,3,7,3081,core,315,331,0.0,4.0,0.9876,318,333,327,336,1.0,True,92.913,111.8141,87.9333,4.8147,92.0039,"111.81,105.30,100.42,97.70,96.07,95.53,94.45,94.45,94.45,94.45,99.33,96.62,94.45,93.36,92.28,91.73,91.73,92.28,92.28,92.28,94.45,92.28,91.19,91.19,90.10,89.56,89.56,90.10,90.10,90.65,90.10,89.56,89.56,89.02,88.48,87.93,87.93,87.93,87.93,87.93"
Rec-022_10s_1,3,8,3082,core,320,331,0.0,5.0,0.9892,323,333,332,336,1.0,True,93.1708,107.4722,88.4761,3.9727,92.2753,"107.47,102.04,99.33,98.25,97.16,96.62,95.53,95.53,94.45,94.45,97.70,95.53,94.99,94.45,94.45,94.45,93.36,92.28,92.28,92.28,92.28,91.73,91.73,91.73,91.73,91.19,91.19,90.65,90.65,90.65,89.56,89.56,89.56,89.02,89.02,89.02,89.02,89.02,88.48,88.48"
Rec-022_10s_1,3,9,3083,core,324,331,0.0,4.0,0.9888,327,333,336,336,1.0,True,94.2834,111.8141,89.5616,4.6073,93.3608,"111.81,105.30,101.50,98.79,97.16,96.62,96.62,96.07,96.07,96.07,100.96,98.25,96.62,94.99,94.45,93.36,93.36,93.36,93.36,93.36,94.99,94.45,93.36,92.28,91.73,91.73,91.73,91.73,91.73,91.73,90.65,90.10,90.10,89.56,89.56,89.56,89.56,89.56,89.56,89.56"
Rec-022_10s_1,3,10,3084,core,329,331,0.0,5.0,0.9906,332,333,341,336,1.0,True,94.7448,108.0149,90.6471,3.7758,94.4463,"108.01,103.13,100.42,98.79,98.25,98.25,98.25,97.16,97.16,96.62,98.79,97.16,96.07,95.53,95.53,94.99,94.99,94.99,94.99,94.45,94.45,93.36,93.36,93.36,92.28,92.28,92.28,92.28,92.28,92.28,91.19,91.19,91.19,90.65,90.65,90.65,90.65,90.65,90.65,90.65"
Rec-022_10s_1,3,11,3085,core,333,331,0.0,4.0,0.9894,336,333,345,336,1.0,True,95.966,111.8141,91.1898,4.3946,95.5318,"111.81,106.39,103.13,100.96,99.87,98.79,98.25,98.25,98.25,98.25,101.50,99.33,97.70,96.62,96.07,95.53,95.53,95.53,95.53,95.53,96.07,94.99,94.45,94.45,94.45,93.36,93.36,93.36,93.36,93.36,92.28,91.73,91.73,91.73,91.19,91.19,91.19,91.19,91.19,91.19"
Rec-022_10s_1,3,12,3086,core,338,331,0.0,5.0,0.9911,341,333,350,336,1.0,True,96.468,109.6431,91.1898,4.0488,95.8031,"109.64,105.30,103.13,101.50,100.42,99.87,99.87,99.33,98.79,98.25,101.50,99.33,98.25,97.16,97.16,97.16,96.62,96.62,96.07,95.53,96.07,95.53,94.99,94.99,94.45,94.99,94.45,94.45,94.45,93.36,92.28,92.28,92.28,92.28,92.28,92.28,91.73,91.73,91.19,91.19"
Rec-022_10s_1,3,13,3087,core,342,331,0.0,4.0,0.9888,345,333,354,336,1.0,True,96.5766,112.8996,88.4761,5.0074,95.5318,"112.90,108.01,105.30,103.13,102.04,100.42,98.79,98.25,96.62,94.99,103.13,101.50,99.33,98.25,98.25,97.70,96.62,95.53,94.45,93.36,97.70,96.62,96.07,95.53,95.53,94.99,94.45,93.36,92.28,91.19,93.36,93.36,93.36,92.28,92.28,92.28,91.19,90.65,89.56,88.48"
Rec-022_10s_1,3,14,3088,core,347,331,0.0,5.0,0.9908,350,333,359,336,0.8,False,89.6565,109.6431,74.9074,8.9848,91.4612,"109.64,105.30,101.50,98.79,96.62,94.45,91.19,83.05,77.62,75.99,102.04,99.33,97.70,95.53,94.45,92.28,89.56,81.96,77.62,75.45,97.16,95.53,94.45,93.36,92.28,90.65,87.39,80.88,77.08,74.91,93.36,92.28,91.73,91.19,89.56,87.93,85.22,79.79,76.54,74.91"
Rec-022_10s_1,3,15,3089,core,351,331,0.0,4.0,0.9879,354,333,363,336,0.4,False,81.8546,107.4722,73.822,9.3529,77.0784,"107.47,101.50,95.53,85.76,79.79,76.54,75.45,74.91,74.36,73.82,99.87,96.07,92.28,83.59,78.71,75.99,74.91,74.36,73.82,73.82,94.99,92.28,89.02,81.96,77.62,75.99,74.91,73.82,73.82,73.82,91.19,89.56,86.31,80.88,77.62,75.99,74.36,73.82,73.82,73.82"
Rec-022_10s_1,3,16,3090,core,355,330,14.04,4.12,0.9908,358,332,367,335,0.0,False,76.8342,94.4463,73.2792,4.4408,75.1788,"94.45,86.31,80.88,78.16,76.54,75.99,74.91,74.36,73.82,73.82,87.93,82.51,78.16,76.54,75.45,75.45,74.91,73.82,73.82,73.82,83.05,78.71,76.54,75.99,74.91,74.36,74.36,73.82,73.82,73.82,79.79,77.62,75.99,75.45,74.36,74.36,73.82,73.82,73.82,73.28"
Rec-022_10s_1,4,1,3208,core,290,331,0.0,0.0,0.9903,293,333,302,336,1.0,True,93.8085,110.7286,86.3051,5.1759,92.2753,"110.73,106.39,103.13,100.42,99.33,98.79,98.25,97.70,97.70,97.16,97.16,96.07,94.99,94.45,94.45,94.45,94.45,93.36,93.36,93.36,91.19,91.19,91.19,91.19,91.19,91.19,91.19,91.19,91.19,91.19,86.31,87.93,87.93,88.48,89.02,89.02,89.02,89.02,89.02,89.02"
Rec-022_10s_1,4,2,3209,core,294,331,0.0,4.0,0.981,297,333,306,336,1.0,True,96.0474,122.1263,89.5616,6.5072,94.4463,"122.13,112.90,106.39,103.13,100.42,99.33,98.25,98.25,96.62,96.07,104.22,102.04,98.79,97.16,95.53,95.53,94.99,94.45,93.36,93.36,96.62,95.53,94.45,93.36,93.36,92.28,92.28,91.73,91.19,91.19,91.73,91.19,91.19,91.19,91.19,90.65,90.65,90.10,89.56,89.56"
Rec-022_10s_1,4,3,3210,core,299,331,0.0,5.0,0.9857,302,333,311,336,1.0,True,94.989,116.6988,88.4761,5.6443,93.3608,"116.70,109.10,104.22,101.50,98.79,98.25,97.16,95.53,95.53,94.45,103.13,100.42,97.70,96.07,94.99,94.45,93.36,92.28,92.28,91.19,96.62,95.53,94.45,93.36,92.28,92.28,91.19,91.19,90.65,90.10,92.28,91.73,91.73,91.19,90.65,90.10,90.10,89.56,89.02,88.48"
Rec-022_10s_1,4,4,3211,core,303,331,0.0,4.0,0.9843,306,333,315,336,1.0,True,94.8262,119.4126,89.0188,6.0622,92.2753,"119.41,110.73,104.22,100.96,98.25,97.16,96.07,95.53,94.99,94.45,103.67,100.42,97.70,95.53,94.45,93.36,92.28,92.28,91.73,91.19,97.16,95.53,93.36,92.28,92.28,91.19,91.19,90.65,90.65,90.10,92.28,92.28,91.19,90.65,90.65,90.10,89.56,89.56,89.02,89.02"
Rec-022_10s_1,4,5,3212,core,308,331,0.0,5.0,0.9878,311,333,320,336,1.0,True,93.5643,112.8996,87.9333,4.8797,92.0039,"112.90,105.84,101.50,98.25,96.62,95.53,95.53,94.45,94.45,93.36,100.96,98.25,95.53,94.45,93.36,92.28,92.28,91.19,91.19,91.19,95.53,93.36,92.28,91.73,91.19,91.19,90.65,90.10,90.10,89.56,91.19,91.19,90.65,90.10,90.10,89.56,89.56,89.02,88.48,87.93"
Rec-022_10s_1,4,6,3213,core,312,331,0.0,4.0,0.9858,315,333,324,336,1.0,True,93.7678,115.0706,88.4761,5.2435,92.2753,"115.07,107.47,102.04,98.79,96.62,95.53,95.53,94.45,94.45,93.36,101.50,98.25,95.53,94.45,93.36,92.28,92.28,91.73,91.19,91.19,95.53,94.45,92.28,92.28,91.19,91.19,90.65,90.65,90.10,90.10,91.73,91.19,90.65,90.10,89.56,89.56,89.02,88.48,88.48,88.48"
Rec-022_10s_1,4,7,3214,core,317,331,0.0,5.0,0.9894,320,333,329,336,1.0,True,93.7814,110.7286,89.5616,4.0985,93.3608,"110.73,103.67,100.42,97.70,96.07,95.53,95.53,94.99,94.99,94.45,99.33,96.62,94.99,93.36,93.36,93.36,93.36,93.36,93.36,92.28,94.45,93.36,92.28,91.19,91.19,91.73,92.28,92.28,92.28,91.73,91.19,90.65,90.10,89.56,89.56,90.10,90.10,90.10,90.10,89.56"
Rec-022_10s_1,4,8,3215,core,322,331,0.0,5.0,0.9865,325,333,334,336,1.0,True,93.9985,105.8439,90.1043,3.272,93.3608,"105.84,102.04,98.79,97.70,96.62,96.07,95.53,95.53,95.53,95.53,98.25,96.62,95.53,94.45,94.45,93.36,93.36,93.36,93.36,93.36,94.45,94.45,93.36,93.36,92.28,92.28,91.73,91.73,91.73,92.28,91.19,91.19,91.19,91.19,90.65,90.65,90.10,90.10,90.65,90.10"
Rec-022_10s_1,4,9,3216,core,326,331,0.0,4.0,0.9905,329,333,338,336,1.0,True,95.4775,110.1859,91.1898,3.8775,95.5318,"110.19,104.22,101.50,98.79,98.25,98.25,98.25,97.70,97.70,97.70,100.42,98.25,96.07,95.53,95.53,95.53,95.53,95.53,95.53,95.53,96.07,94.45,93.36,93.36,93.36,93.36,93.36,93.36,93.36,93.36,92.28,91.73,91.19,91.19,91.19,91.19,91.73,91.73,91.73,91.73"
Rec-022_10s_1,4,10,3217,core,331,331,0.0,5.0,0.9883,334,333,343,336,1.0,True,96.2373,108.0149,92.2753,3.5073,95.5318,"108.01,103.67,102.04,100.42,99.87,99.33,99.33,98.79,98.25,98.25,99.87,98.25,97.70,97.16,96.62,96.62,96.62,96.07,96.07,95.53,95.53,95.53,94.99,94.99,94.99,94.45,94.45,94.45,94.45,94.45,92.28,92.28,92.28,92.28,92.28,92.28,92.28,92.28,92.28,92.28"
Rec-022_10s_1,4,11,3218,core,335,331,0.0,4.0,0.9914,338,333,347,336,1.0,True,97.4178,111.8141,92.2753,3.9475,96.6172,"111.81,106.93,103.67,102.04,100.96,100.42,99.87,99.33,98.79,98.25,102.04,100.42,98.79,98.25,98.25,97.70,97.16,97.16,96.62,96.07,97.70,96.62,96.07,96.07,95.53,95.53,95.53,94.99,94.99,94.45,94.45,94.45,93.36,93.36,93.36,93.36,93.36,93.36,93.36,92.28"
Rec-022_10s_1,4,12,3219,core,340,331,0.0,5.0,0.9896,343,333,352,336,1.0,True,96.9565,109.6431,90.6471,3.9207,96.0745,"109.64,105.84,103.13,102.04,101.50,100.42,99.33,98.25,97.70,96.07,102.04,100.42,98.79,98.25,98.25,97.70,96.62,96.07,95.53,94.45,98.25,97.16,96.62,96.07,95.53,95.53,95.53,94.45,93.36,92.28,94.99,94.45,94.45,94.45,93.36,93.36,92.28,92.28,91.19,90.65"
Rec-022_10s_1,4,13,3220,core,344,331,0.0,4.0,0.9914,347,333,356,336,1.0,True,95.1926,111.8141,84.6769,5.4891,94.7176,"111.81,107.47,103.67,101.50,99.87,98.25,96.62,94.99,92.28,89.56,103.13,100.96,99.33,98.25,97.16,95.53,94.45,93.36,91.19,88.48,98.25,97.70,96.62,95.53,94.99,93.36,92.28,91.19,89.56,86.31,95.53,94.45,94.45,93.36,92.28,91.19,90.65,89.56,87.93,84.68"
Rec-022_10s_1,4,14,3221,core,349,331,0.0,5.0,0.9893,352,333,361,336,0.6,False,85.4638,106.9294,73.822,9.6098,84.6769,"106.93,102.04,98.25,95.53,91.19,83.59,78.16,75.99,74.91,73.82,100.42,97.70,95.53,93.36,90.10,83.05,78.16,75.99,74.36,73.82,95.53,94.45,92.28,91.19,87.93,81.42,77.62,75.45,74.36,73.82,93.36,91.73,90.65,89.02,85.76,80.33,77.08,75.45,74.36,73.82"
Rec-022_10s_1,4,15,3222,core,353,331,0.0,4.0,0.9905,356,333,365,336,0.2,False,78.0011,100.4165,73.822,6.2712,75.1788,"100.42,89.02,81.42,77.62,75.99,75.45,74.91,74.36,73.82,73.82,94.45,85.76,79.79,77.08,75.45,74.91,74.36,73.82,73.82,73.82,90.10,83.05,78.16,76.54,75.45,74.36,73.82,73.82,73.82,73.82,87.39,80.88,77.62,75.99,74.91,74.36,74.36,73.82,73.82,73.82"
Rec-022_10s_1,4,16,3223,core,355,331,0.0,2.0,0.9884,358,333,367,336,0.0,False,76.1151,89.5616,73.2792,3.4208,74.6361,"89.56,84.13,79.79,77.62,75.99,75.45,74.36,74.36,73.82,73.82,84.13,79.79,77.62,75.99,75.45,74.36,74.36,73.82,73.82,73.28,80.33,77.62,75.99,75.45,74.91,74.36,73.82,73.82,73.82,73.82,78.71,76.54,75.45,74.91,74.36,74.36,73.82,73.82,73.82,73.28"
Rec-022_10s_1,5,1,3345,core,290,331,0.0,0.0,0.9836,293,333,302,336,1.0,True,95.7082,116.1561,88.4761,5.5261,94.1749,"116.16,109.10,105.30,102.04,101.50,100.42,99.33,98.79,98.79,98.25,99.87,98.25,97.16,96.07,96.07,96.07,95.53,95.53,95.53,94.99,93.36,93.36,92.28,93.36,93.36,93.36,93.36,93.36,92.28,92.28,88.48,89.56,89.56,90.65,90.65,91.19,91.19,90.65,90.65,90.65"
Rec-022_10s_1,5,2,3346,core,293,332,-18.43,3.16,0.9834,296,334,305,337,1.0,True,93.1301,103.1302,89.0188,3.4022,92.0039,"103.13,100.96,98.79,98.25,97.16,96.07,96.07,95.53,94.99,94.45,96.62,95.53,94.99,94.45,94.45,94.45,93.36,93.36,92.28,92.28,91.73,91.73,91.73,91.73,91.73,91.19,91.19,91.19,91.19,90.65,89.02,89.56,89.56,89.56,89.56,89.56,89.56,89.56,89.02,89.02"
Rec-022_10s_1,5,3,3347,core,297,331,14.04,4.12,0.9831,300,333,309,336,1.0,True,96.9836,122.1263,90.1043,6.3334,95.2604,"122.13,112.90,107.47,103.13,101.50,99.87,98.79,98.25,97.16,96.62,105.84,103.13,99.87,98.25,97.16,96.07,95.53,94.45,94.45,93.36,98.79,97.16,95.53,94.99,94.45,94.45,93.36,92.28,92.28,91.73,93.36,93.36,92.28,92.28,92.28,91.73,91.19,91.19,90.65,90.10"
Rec-022_10s_1,5,4,3348,core,302,331,0.0,5.0,0.9854,305,333,314,336,1.0,True,95.5589,116.1561,89.5616,5.3961,94.4463,"116.16,109.10,104.22,101.50,99.33,98.25,97.70,96.62,95.53,94.99,103.67,100.42,98.25,96.62,95.53,94.99,94.45,93.36,92.28,91.73,97.70,96.07,94.99,94.45,93.36,92.28,92.28,91.73,91.19,90.65,93.36,93.36,92.28,91.73,91.19,91.19,90.65,90.10,89.56,89.56"
Rec-022_10s_1,5,5,3349,core,306,331,0.0,4.0,0.9857,309,333,318,336,1.0,True,95.2604,118.8698,89.0188,5.948,93.3608,"118.87,110.73,105.30,100.96,98.25,97.70,96.62,95.53,94.99,94.45,104.22,100.96,98.25,96.07,94.99,94.45,93.36,92.28,92.28,91.19,97.70,95.53,94.45,93.36,92.28,92.28,91.73,91.19,91.19,90.10,93.36,92.28,92.28,91.19,91.19,90.65,90.10,89.56,89.56,89.02"
Rec-022_10s_1,5,6,3350,core,311,331,0.0,5.0,0.988,314,333,323,336,1.0,True,93.7407,111.8141,88.4761,4.5574,92.2753,"111.81,105.30,100.96,98.25,96.62,95.53,95.53,94.45,94.45,93.36,100.42,97.70,95.53,94.45,93.36,93.36,92.28,91.73,91.73,91.19,95.53,94.45,93.36,92.28,91.73,91.19,91.19,90.65,90.10,90.10,91.73,91.19,91.19,90.65,90.10,89.56,89.56,89.56,89.02,88.48"
Rec-022_10s_1,5,7,3351,core,320,331,0.0,9.0,0.9898,323,333,332,336,1.0,True,94.1749,109.6431,90.1043,3.8147,93.3608,"109.64,103.67,99.87,98.25,96.62,95.53,95.53,95.53,95.53,95.53,99.33,97.16,95.53,94.45,94.45,93.36,93.36,93.36,93.36,93.36,94.45,93.36,93.36,92.28,92.28,92.28,92.28,91.73,91.19,91.19,91.19,91.19,91.19,91.19,91.19,91.19,91.19,90.65,90.10,90.10"
Rec-022_10s_1,5,8,3352,core,324,331,0.0,4.0,0.9882,327,333,336,336,1.0,True,95.5725,112.8996,91.1898,4.2535,94.989,"112.90,106.39,102.04,99.33,98.25,97.70,97.70,97.16,97.16,96.62,100.96,98.25,96.62,95.53,95.53,94.99,94.99,94.99,94.99,94.45,96.07,94.99,94.45,93.36,93.36,93.36,93.36,93.36,93.36,93.36,93.36,92.28,92.28,91.73,91.19,91.19,91.73,91.19,91.19,91.19"
Rec-022_10s_1,5,9,3353,core,338,331,0.0,14.0,0.992,341,333,350,336,1.0,True,97.5806,111.2714,92.2753,3.894,96.6172,"111.27,106.93,103.67,102.04,101.50,100.96,100.42,99.87,99.33,98.25,102.04,100.42,99.33,98.25,98.25,98.25,97.70,97.16,96.62,96.07,97.70,96.62,96.07,96.07,95.53,95.53,95.53,95.53,94.99,94.45,94.45,94.45,94.45,94.45,93.36,93.36,93.36,93.36,93.36,92.28"
Rec-022_10s_1,5,10,3354,core,342,331,0.0,4.0,0.9887,345,333,354,336,1.0,True,97.1871,112.8996,89.5616,4.8453,96.0745,"112.90,109.10,105.30,103.13,102.04,100.96,99.87,98.25,97.16,95.53,103.67,102.04,100.42,98.79,98.25,97.70,96.62,95.53,94.45,93.36,98.25,97.70,96.62,96.07,96.07,95.53,94.45,93.36,92.28,91.19,95.53,94.99,94.45,94.45,94.45,93.36,92.28,91.19,90.65,89.56"
Rec-022_10s_1,5,11,3355,core,347,331,0.0,5.0,0.9915,350,333,359,336,0.8,False,90.145,110.1859,74.9074,9.2006,92.0039,"110.19,105.84,102.04,99.87,97.70,95.53,91.19,83.05,77.62,75.45,103.13,99.87,98.25,96.07,94.99,92.28,90.10,83.05,77.62,75.45,97.70,96.07,94.99,93.36,92.28,91.19,87.93,81.42,77.08,75.45,94.99,93.36,92.28,91.73,90.65,88.48,85.76,80.33,76.54,74.91"
Rec-022_10s_1,5,12,3356,core,351,331,0.0,4.0,0.9875,354,333,363,336,0.4,False,82.0988,108.5576,73.822,9.6395,77.3498,"108.56,103.13,96.07,85.76,78.71,77.08,75.45,74.91,74.36,73.82,100.42,97.16,92.28,84.13,78.71,75.99,75.45,74.36,73.82,73.82,94.99,92.28,89.56,83.05,78.16,75.99,74.36,74.36,73.82,73.82,91.73,90.10,87.39,80.88,77.62,75.99,74.36,73.82,73.82,73.82"
Rec-022_10s_1,5,13,3357,core,355,331,0.0,4.0,0.9902,358,333,367,336,0.0,False,76.0879,89.5616,73.2792,3.3827,74.9074,"89.56,83.59,79.79,77.08,75.99,75.45,74.36,74.36,73.82,73.82,84.13,79.79,77.62,75.99,74.91,74.91,74.36,73.82,73.82,73.82,80.33,77.62,75.99,75.45,74.91,74.36,73.82,73.82,73.82,73.28,78.71,76.54,75.45,74.91,74.36,74.36,73.82,73.82,73.82,73.28"
Rec-022_10s_1,6,1,3482,core,291,332,-45.0,1.41,0.9836,294,334,303,337,1.0,True,93.4151,103.1302,87.9333,3.4557,92.818,"103.13,100.96,98.79,97.70,97.70,97.16,96.62,96.07,95.53,95.53,95.53,94.99,94.99,94.99,94.99,94.45,94.45,94.45,94.45,93.36,91.19,91.19,91.73,92.28,92.28,92.28,92.28,91.73,91.73,91.19,87.93,88.48,89.56,89.56,89.56,89.56,89.56,89.56,89.56,89.56"
Rec-022_10s_1,6,2,3483,core,296,331,11.31,5.1,0.9825,299,333,308,336,1.0,True,96.8344,116.1561,90.6471,5.2041,95.5318,"116.16,109.64,105.30,103.13,101.50,100.42,99.33,98.25,97.70,97.16,103.67,101.50,98.79,98.25,97.16,96.07,95.53,94.99,94.45,93.36,98.25,96.62,96.07,95.53,94.99,94.45,94.45,93.36,92.28,92.28,94.45,93.36,93.36,92.28,92.28,92.28,91.73,91.19,91.19,90.65"
Rec-022_10s_1,6,3,3484,core,300,331,0.0,4.0,0.9855,303,333,312,336,1.0,True,96.9022,119.4126,90.6471,5.7758,95.5318,"119.41,111.81,106.39,103.13,100.96,99.33,98.79,98.25,97.16,96.07,105.30,102.04,99.33,97.70,96.62,95.53,95.53,94.99,94.45,93.36,98.79,97.16,95.53,95.53,94.45,94.45,93.36,93.36,92.28,91.73,94.45,94.45,93.36,92.28,92.28,92.28,91.19,91.19,91.19,90.65"
Rec-022_10s_1,6,4,3485,core,305,331,0.0,5.0,0.9844,308,333,317,336,1.0,True,95.5453,112.8996,89.5616,4.574,94.4463,"112.90,106.93,103.13,100.42,98.79,98.25,97.70,96.62,96.07,95.53,102.04,99.33,97.70,96.07,95.53,94.99,94.45,94.45,93.36,93.36,97.16,95.53,94.99,94.45,94.45,93.36,92.28,92.28,91.73,91.19,93.36,93.36,92.28,92.28,91.73,91.19,91.19,91.19,90.65,89.56"
Rec-022_10s_1,6,5,3486,core,309,331,0.0,4.0,0.9878,312,333,321,336,1.0,True,95.6132,116.1561,89.5616,5.1924,94.4463,"116.16,108.56,103.67,100.96,99.33,98.25,97.70,96.62,95.53,95.53,103.13,99.87,97.70,96.62,95.53,94.99,94.45,93.36,93.36,92.28,97.70,95.53,94.99,94.45,93.36,92.28,92.28,91.73,91.73,91.19,94.45,93.36,92.28,91.73,91.19,91.19,91.19,90.65,90.10,89.56"
Rec-022_10s_1,6,6,3487,core,314,331,0.0,5.0,0.9866,317,333,326,336,1.0,True,94.5684,110.7286,90.1043,4.2744,93.3608,"110.73,105.30,101.50,99.33,98.25,97.16,96.07,95.53,95.53,94.99,100.96,98.25,96.07,95.53,94.45,94.45,93.36,93.36,92.28,92.28,95.53,94.45,93.36,93.36,93.36,92.28,91.73,91.19,91.19,91.19,92.28,92.28,91.19,91.19,91.19,90.65,90.65,90.10,90.10,90.10"
Rec-022_10s_1,6,7,3488,core,318,331,0.0,4.0,0.9893,321,333,330,336,1.0,True,94.9347,113.9851,90.1043,4.7125,93.3608,"113.99,106.93,102.04,99.87,98.25,97.16,96.07,96.07,95.53,95.53,102.04,98.79,96.62,95.53,94.45,94.45,93.36,93.36,93.36,93.36,96.07,94.99,93.36,93.36,92.28,92.28,91.73,91.73,91.73,91.19,92.28,91.73,91.19,91.19,91.19,91.19,91.19,91.19,90.65,90.10"
Rec-022_10s_1,6,8,3489,core,323,331,0.0,5.0,0.9885,326,333,335,336,1.0,True,95.0569,108.5576,91.1898,3.627,94.4463,"108.56,103.67,100.96,98.79,97.70,97.70,97.16,97.16,96.62,96.62,99.87,97.70,96.07,95.53,94.99,94.45,94.99,94.45,94.99,94.45,95.53,94.45,93.36,93.36,93.36,92.28,93.36,92.28,93.36,93.36,92.28,92.28,91.73,91.73,91.19,91.19,91.19,91.19,91.19,91.19"
Rec-022_10s_1,6,9,3490,core,327,331,0.0,4.0,0.9903,330,333,339,336,1.0,True,96.2102,111.8141,92.2753,4.0118,95.5318,"111.81,106.39,102.04,99.87,99.33,98.25,98.25,98.25,98.25,98.25,101.50,98.79,97.16,96.62,96.07,96.07,95.53,95.53,95.53,95.53,96.07,94.99,94.45,94.45,94.45,94.45,94.45,94.45,94.45,94.45,92.28,92.28,92.28,92.28,92.28,92.28,92.28,92.28,92.28,92.28"
Rec-022_10s_1,6,10,3491,core,332,331,0.0,5.0,0.9901,335,333,344,336,1.0,True,97.0515,109.6431,93.3608,3.5094,96.6172,"109.64,105.30,102.04,101.50,100.42,99.87,99.33,98.79,98.79,98.25,101.50,99.33,98.25,97.70,97.70,97.16,97.16,97.16,96.62,96.62,96.62,96.07,95.53,95.53,95.53,95.53,95.53,94.99,94.99,94.99,93.36,93.36,93.36,93.36,93.36,93.36,93.36,93.36,93.36,93.36"
Rec-022_10s_1,6,11,3492,core,336,331,0.0,4.0,0.9908,339,333,348,336,1.0,True,98.0827,112.8996,93.3608,4.0218,97.4314,"112.90,108.01,104.22,102.04,101.50,100.96,100.42,99.87,99.87,99.33,103.13,101.50,99.87,98.79,98.25,98.25,98.25,97.70,97.70,97.16,98.25,97.16,96.62,96.07,96.07,96.07,95.53,95.53,95.53,94.99,94.99,94.45,94.45,94.45,94.45,94.45,94.45,93.36,93.36,93.36"
Rec-022_10s_1,6,12,3493,core,341,331,0.0,5.0,0.9915,344,333,353,336,1.0,True,97.6078,111.2714,90.6471,4.1811,96.8886,"111.27,106.93,104.22,103.13,102.04,100.96,99.87,98.79,98.25,96.62,103.13,101.50,100.42,99.33,98.79,98.25,97.70,96.62,95.53,94.45,98.25,97.70,97.70,97.16,96.62,96.07,95.53,94.99,93.36,92.28,95.53,94.99,94.99,94.45,94.45,94.45,93.36,92.28,91.73,90.65"
Rec-022_10s_1,6,13,3494,core,345,331,0.0,4.0,0.9907,348,333,357,336,1.0,True,94.5141,112.8996,80.3349,6.9919,94.7176,"112.90,108.56,104.22,102.04,100.42,98.25,96.07,94.45,90.65,81.96,104.22,102.04,99.87,98.25,97.16,95.53,94.45,92.28,89.56,81.42,98.79,98.25,97.16,95.53,94.99,93.36,92.28,90.65,87.93,80.88,95.53,94.99,94.45,93.36,92.28,91.19,90.10,88.48,85.76,80.33"
Rec-022_10s_1,6,14,3495,core,350,331,0.0,5.0,0.9908,353,333,362,336,0.5,False,83.6864,106.9294,73.822,9.7625,80.0635,"106.93,102.04,97.70,92.28,83.59,78.71,75.99,74.91,73.82,73.82,100.42,97.16,94.45,91.19,83.05,77.62,75.99,74.36,73.82,73.82,95.53,94.45,91.73,89.02,82.51,77.62,75.99,74.36,73.82,73.82,92.28,91.19,89.56,87.39,81.42,77.62,75.45,74.36,73.82,73.82"
Rec-022_10s_1,6,15,3496,core,354,331,0.0,4.0,0.99,357,333,366,336,0.1,False,76.6442,92.2753,73.2792,4.3048,74.6361,"92.28,84.68,80.33,77.08,75.99,75.45,74.91,74.36,73.82,73.82,87.93,81.42,77.62,75.99,75.45,74.36,73.82,73.82,73.82,73.28,84.13,79.79,77.08,75.99,74.36,74.36,73.82,73.82,73.82,73.28,82.51,78.16,75.99,75.45,74.36,73.82,73.82,73.82,73.82,73.28"
Rec-022_10s_1,6,16,3497,core,355,331,0.0,1.0,0.9879,358,333,367,336,0.0,False,75.8708,89.0188,73.2792,3.3025,74.3647,"89.02,83.05,78.71,77.08,75.99,74.91,74.36,73.82,73.82,73.82,83.59,79.79,77.08,75.99,74.91,74.36,73.82,73.82,73.82,73.28,80.33,77.62,75.99,74.91,74.36,73.82,73.82,73.82,73.82,73.28,78.71,76.54,75.45,74.91,74.36,73.82,73.82,73.82,73.28,73.28"
Rec-024_90s_1,1,1,4801,core,292,332,-26.57,2.24,0.983,295,334,304,337,1.0,True,76.1286,90.6471,69.48,4.8099,75.1788,"90.65,87.39,84.13,83.05,80.88,80.33,79.79,79.79,78.71,78.71,81.42,79.79,78.71,77.62,77.62,76.54,75.99,75.45,74.91,74.91,75.99,75.45,74.91,74.36,73.82,73.82,73.28,72.74,72.19,71.65,72.74,72.19,71.65,71.65,71.65,70.57,70.57,70.57,69.48,69.48"
Rec-024_90s_1,1,2,4802,core,297,331,11.31,5.1,0.9801,300,333,309,336,1.0,True,79.3851,98.2455,71.651,5.9241,78.1639,"98.25,93.36,89.56,86.31,85.22,84.13,83.05,82.51,81.96,80.88,87.93,84.68,83.05,81.42,80.33,79.79,78.71,78.71,77.62,77.62,80.33,78.71,77.62,77.08,76.54,75.99,75.99,75.45,74.91,73.82,75.99,74.91,74.36,73.82,73.82,72.74,72.74,72.19,71.65,71.65"
Rec-024_90s_1,1,3,4803,core,301,331,0.0,4.0,0.9831,304,333,313,336,1.0,True,79.5615,101.502,71.651,6.3711,77.8925,"101.50,94.99,90.10,86.85,84.68,83.59,83.05,82.51,81.96,80.88,89.02,85.76,83.05,81.42,80.33,79.79,78.71,78.16,77.62,77.62,80.88,78.71,77.62,77.08,76.54,75.99,75.45,75.45,74.36,74.36,75.99,74.91,74.36,73.82,73.82,73.28,72.74,72.19,71.65,71.65"
Rec-024_90s_1,1,4,4804,core,306,331,0.0,5.0,0.9812,309,333,318,336,1.0,True,78.8695,96.6172,72.1937,5.448,77.8925,"96.62,91.19,87.93,85.22,84.13,83.05,83.05,82.51,81.42,80.88,86.31,84.13,81.42,80.33,79.79,78.71,78.71,78.16,77.62,77.62,79.79,78.16,77.62,76.54,75.99,75.99,75.45,74.91,74.91,74.36,74.91,74.36,73.82,73.82,73.28,72.74,72.74,72.19,72.19,72.19"
Rec-024_90s_1,1,5,4805,core,310,331,0.0,4.0,0.9835,313,333,322,336,1.0,True,79.5479,99.331,72.7365,5.7771,78.4353,"99.33,93.36,89.02,86.31,84.13,83.59,83.05,82.51,81.96,81.96,87.93,84.68,83.05,80.88,79.79,79.79,78.71,78.71,78.16,78.16,80.33,78.71,77.62,77.08,76.54,75.99,75.99,75.99,75.45,75.45,75.45,74.36,74.36,73.82,73.82,73.28,73.28,73.28,72.74,73.28"
Rec-024_90s_1,1,6,4806,core,315,331,0.0,5.0,0.9831,318,333,327,336,1.0,True,79.9414,96.0745,74.3647,4.9536,79.7922,"96.07,91.19,87.93,85.76,84.13,83.59,83.59,83.59,83.59,83.59,86.31,84.13,81.96,80.88,80.33,79.79,79.79,79.79,79.79,79.79,79.79,78.71,77.62,77.62,77.08,77.08,76.54,77.08,77.08,77.08,75.99,75.45,74.36,74.36,74.36,74.36,74.36,74.36,74.36,74.36"
Rec-024_90s_1,1,7,4807,core,319,331,0.0,4.0,0.9852,322,333,331,336,1.0,True,81.746,99.8737,75.9929,5.3945,81.149,"99.87,93.36,89.56,87.93,86.31,85.76,85.76,86.31,86.85,87.39,87.93,85.22,83.05,82.51,81.96,81.42,81.96,81.96,82.51,83.05,80.88,79.79,78.71,78.71,78.16,78.16,78.16,78.71,78.71,78.71,76.54,75.99,75.99,75.99,75.99,75.99,75.99,75.99,75.99,75.99"
Rec-024_90s_1,1,8,4808,core,324,331,0.0,5.0,0.9849,327,333,336,336,1.0,True,83.2793,97.7027,77.0784,5.0985,82.5059,"97.70,93.36,91.19,90.10,89.56,89.56,89.02,88.48,87.93,87.93,87.93,85.76,84.68,84.13,84.13,84.13,84.13,83.59,83.59,83.59,81.42,80.88,80.88,80.33,80.33,80.33,80.33,80.33,79.79,80.33,77.62,77.62,77.62,77.62,77.62,77.62,77.62,77.62,77.62,77.08"
Rec-024_90s_1,1,9,4809,core,328,331,0.0,4.0,0.9858,331,333,340,336,1.0,True,84.7176,103.1302,77.6212,5.9298,84.1341,"103.13,98.25,94.45,92.28,91.19,90.10,89.56,89.56,89.56,89.02,91.19,89.02,86.85,85.76,85.22,85.22,84.68,84.68,84.13,84.13,84.13,83.05,81.96,81.96,81.42,80.88,80.88,80.88,80.88,80.88,78.71,78.71,78.71,78.71,78.71,78.16,78.16,78.16,78.16,77.62"
Rec-024_90s_1,1,10,4810,core,333,331,0.0,5.0,0.9874,336,333,345,336,1.0,True,85.0975,100.4165,78.1639,5.3364,84.4055,"100.42,96.07,93.36,92.28,91.19,91.19,90.65,90.10,89.56,89.56,90.65,88.48,87.39,86.31,85.76,85.76,85.22,85.22,85.22,84.68,84.13,83.05,83.05,83.05,82.51,81.96,81.96,81.42,81.42,80.88,79.79,79.79,79.79,79.79,79.79,78.71,78.71,78.71,78.16,78.16"
Rec-024_90s_1,1,11,4811,core,337,331,0.0,4.0,0.987,340,333,349,336,1.0,True,85.5317,103.1302,78.1639,5.7719,84.1341,"103.13,98.79,95.53,93.36,92.28,91.19,90.65,89.56,89.02,87.93,91.73,89.56,88.48,87.39,86.31,85.76,85.76,85.22,84.13,84.13,85.22,84.13,83.59,83.05,83.05,82.51,81.96,81.42,80.88,80.88,80.88,80.33,80.33,79.79,79.79,79.79,78.71,78.71,78.16,78.16"
Rec-024_90s_1,1,12,4812,core,342,331,0.0,5.0,0.9877,345,333,354,336,1.0,True,84.3376,99.331,77.0784,5.0663,83.5914,"99.33,95.53,93.36,91.19,90.10,89.56,87.93,87.93,86.85,85.76,90.65,88.48,87.39,85.76,85.76,84.68,84.13,84.13,83.59,83.05,84.13,83.59,83.05,82.51,81.96,81.42,80.88,80.88,80.33,79.79,80.88,80.33,79.79,79.79,78.71,78.71,78.71,78.16,77.62,77.08"
Rec-024_90s_1,1,13,4813,core,346,331,0.0,4.0,0.9853,349,333,358,336,0.8,False,82.5873,100.9592,75.4502,6.0469,80.8776,"100.96,96.62,93.36,90.65,89.02,87.93,85.76,81.42,77.62,75.99,91.19,89.02,86.85,85.76,84.68,84.13,83.05,79.79,77.08,75.99,84.68,84.13,83.05,81.96,80.88,80.88,80.33,77.62,75.99,75.45,80.88,80.33,79.79,78.71,78.71,78.16,77.62,75.99,75.99,75.45"
Rec-024_90s_1,1,14,4814,core,351,331,0.0,5.0,0.9839,354,333,363,336,0.3,False,78.5303,96.6172,74.9074,4.9601,76.2643,"96.62,91.73,85.22,79.79,77.62,76.54,75.99,75.99,75.45,75.45,89.02,86.31,81.96,78.71,77.08,75.99,75.99,75.45,75.45,74.91,83.59,81.96,79.79,77.62,76.54,75.99,75.45,75.45,74.91,74.91,79.79,78.71,77.62,76.54,75.99,75.45,74.91,74.91,74.91,74.91"
Rec-024_90s_1,1,15,4815,core,355,331,0.0,4.0,0.9845,358,333,367,336,0.0,False,76.59,86.8478,74.3647,2.4836,75.9929,"86.85,83.05,79.79,77.62,76.54,75.99,75.99,75.99,75.45,74.91,81.96,78.71,77.62,76.54,75.99,75.99,75.45,75.45,74.91,74.91,78.71,77.62,76.54,75.99,75.99,75.45,75.45,74.91,74.91,74.36,77.08,75.99,75.99,75.45,75.45,75.45,74.91,74.91,74.36,74.36"
Rec-024_90s_1,1,16,4816,core,355,330,90.0,1.0,0.9887,358,332,367,335,0.0,False,77.3905,91.7325,74.3647,3.4919,75.9929,"91.73,85.76,81.42,78.71,77.08,76.54,75.99,75.99,75.45,75.45,85.76,81.42,78.71,77.62,76.54,75.99,75.99,75.45,74.91,74.91,80.88,78.16,77.62,76.54,75.99,75.99,75.45,75.45,74.91,74.91,78.16,77.08,75.99,75.99,75.99,75.45,75.45,74.91,74.91,74.36"
Rec-024_90s_1,2,1,4943,core,290,331,0.0,0.0,0.9797,293,333,302,336,1.0,True,88.0012,109.1004,79.7922,6.7541,86.5765,"109.10,103.67,99.87,97.16,95.53,94.45,93.36,92.28,92.28,91.73,94.99,92.28,90.65,89.56,89.56,89.02,87.93,87.93,87.39,86.85,86.31,85.76,85.22,85.22,85.22,84.68,84.13,84.13,83.59,83.05,80.88,80.88,81.42,81.42,80.88,80.88,80.88,80.33,79.79,79.79"
Rec-024_90s_1,2,2,4944,core,296,331,0.0,6.0,0.982,299,333,308,336,1.0,True,88.4625,113.9851,79.7922,7.2994,86.5765,"113.99,106.39,101.50,97.16,94.99,93.36,91.73,91.19,90.65,90.65,98.25,94.99,92.28,90.10,89.02,87.93,87.93,86.85,86.31,86.31,89.56,87.93,86.31,85.76,84.68,84.13,84.13,83.59,83.05,83.05,83.59,83.05,82.51,81.96,81.42,80.88,80.88,80.33,80.33,79.79"
Rec-024_90s_1,2,3,4945,core,301,331,0.0,5.0,0.9822,304,333,313,336,1.0,True,87.4177,108.0149,79.7922,6.0741,86.5765,"108.01,101.50,97.16,94.45,93.36,92.28,91.19,91.19,90.10,89.56,95.53,92.28,90.65,89.02,88.48,87.93,86.85,86.85,86.31,85.22,87.93,86.85,85.76,84.68,84.68,84.13,83.59,83.59,83.05,82.51,83.05,82.51,81.96,81.96,80.88,80.88,80.88,80.33,79.79,79.79"
Rec-024_90s_1,2,4,4946,core,305,331,0.0,4.0,0.9839,308,333,317,336,1.0,True,87.6484,111.2714,79.7922,6.625,85.7624,"111.27,103.67,98.79,95.53,93.36,91.73,91.19,91.19,90.10,89.02,96.62,93.36,91.19,89.56,87.93,86.85,85.76,86.31,85.76,85.22,89.02,87.39,85.76,85.22,84.13,84.13,83.59,83.05,83.05,82.51,83.05,83.05,81.96,81.96,81.42,80.88,80.88,80.33,80.33,79.79"
Rec-024_90s_1,2,5,4947,core,310,331,0.0,5.0,0.9842,313,333,322,336,1.0,True,86.7257,105.8439,80.3349,5.5422,85.7624,"105.84,99.87,96.62,93.36,91.19,90.10,89.56,89.56,89.56,89.56,94.45,91.19,89.56,87.93,86.85,85.76,85.76,85.76,85.76,85.76,87.93,85.76,84.68,84.13,84.13,83.59,83.05,83.05,83.05,83.05,83.05,82.51,81.96,81.42,80.88,80.88,80.88,80.33,80.33,80.33"
Rec-024_90s_1,2,6,4948,core,314,331,0.0,4.0,0.9845,317,333,326,336,1.0,True,87.7162,108.0149,81.4204,5.7359,87.3906,"108.01,101.50,97.16,94.45,92.28,91.73,91.19,91.19,91.19,91.19,94.45,91.73,89.56,88.48,87.93,87.93,87.39,87.39,87.39,87.39,87.93,86.31,85.76,84.68,84.68,84.13,84.13,84.13,84.13,84.13,83.05,82.51,81.96,81.96,81.96,81.96,81.42,81.42,81.42,81.42"
Rec-024_90s_1,2,7,4949,core,319,331,0.0,5.0,0.9862,322,333,331,336,1.0,True,88.5982,105.3012,82.5059,5.1753,88.2047,"105.30,99.87,96.62,94.45,93.36,93.36,93.36,93.36,93.36,92.28,94.45,91.73,90.10,89.56,89.02,89.02,89.02,89.02,88.48,88.48,87.93,86.85,85.76,85.76,85.76,85.76,85.76,85.76,85.76,85.22,83.05,83.05,83.05,83.05,83.05,83.05,83.05,82.51,83.05,82.51"
Rec-024_90s_1,2,8,4950,core,323,331,0.0,4.0,0.9854,326,333,335,336,1.0,True,89.3987,108.5576,83.0486,5.7531,88.2047,"108.56,103.13,99.33,97.16,95.53,94.45,93.36,92.28,92.28,91.73,95.53,93.36,92.28,91.19,90.10,89.56,89.56,88.48,88.48,87.93,89.02,87.93,87.93,86.85,86.31,86.31,85.76,85.76,85.76,85.22,84.13,84.13,84.13,83.59,83.59,83.05,83.05,83.05,83.05,83.05"
Rec-024_90s_1,2,9,4951,core,328,331,0.0,5.0,0.9879,331,333,340,336,1.0,True,89.0595,106.9294,83.5914,5.0992,87.9333,"106.93,101.50,97.70,94.99,94.45,92.28,91.19,91.19,91.19,91.73,95.53,93.36,91.19,90.10,89.56,89.02,87.93,87.93,87.93,89.02,89.56,87.93,87.39,87.39,86.31,85.76,85.76,85.76,85.76,86.31,84.68,84.13,84.13,84.13,84.13,83.59,83.59,83.59,83.59,84.13"
Rec-024_90s_1,2,10,4952,core,332,331,0.0,4.0,0.9875,335,333,344,336,1.0,True,90.8099,108.5576,84.6769,5.1948,89.8329,"108.56,101.50,97.16,94.99,94.45,94.45,95.53,96.62,97.16,97.16,96.07,93.36,91.19,90.65,90.10,90.65,91.19,92.28,92.28,92.28,89.56,88.48,87.93,87.39,87.39,87.93,87.93,88.48,89.02,89.02,85.76,85.22,84.68,84.68,84.68,84.68,85.22,85.22,85.76,85.76"
Rec-024_90s_1,2,11,4953,core,337,331,0.0,5.0,0.9891,340,333,349,336,1.0,True,92.2346,103.6729,84.6769,5.1581,91.1898,"103.67,101.50,100.42,100.42,99.87,99.33,98.25,97.70,96.62,96.07,95.53,94.45,94.45,94.45,94.45,94.45,93.36,93.36,92.28,92.28,90.10,90.10,90.10,90.10,90.10,90.10,89.56,89.56,89.02,88.48,86.31,86.31,86.31,86.31,86.31,86.31,85.76,85.76,85.22,84.68"
Rec-024_90s_1,2,12,4954,core,341,331,0.0,4.0,0.984,344,333,353,336,1.0,True,92.6552,111.8141,83.5914,6.2536,91.7325,"111.81,106.93,103.13,101.50,99.33,98.25,97.16,96.07,94.99,93.36,100.42,98.25,96.07,95.53,94.45,93.36,92.28,92.28,91.19,90.10,93.36,92.28,91.19,90.65,90.10,89.56,89.02,88.48,87.93,86.31,87.93,87.93,87.39,86.85,86.31,85.76,85.76,85.22,84.13,83.59"
Rec-024_90s_1,2,13,4955,core,346,331,0.0,5.0,0.984,349,333,358,336,0.8,False,87.377,107.4722,75.9929,7.6414,86.8478,"107.47,103.13,99.33,97.16,94.99,92.28,90.65,85.22,78.71,77.08,98.25,95.53,94.45,92.28,91.19,89.56,88.48,83.05,78.71,76.54,91.73,90.65,89.56,89.02,87.93,86.31,85.22,80.88,77.62,76.54,87.39,86.31,85.76,85.22,84.13,83.05,81.96,78.71,77.08,75.99"
Rec-024_90s_1,2,14,4956,core,350,331,0.0,4.0,0.9809,353,333,362,336,0.4,False,81.9089,106.3867,74.9074,7.8724,77.8925,"106.39,100.42,95.53,87.93,80.88,78.16,77.08,75.99,75.99,75.45,96.62,93.36,90.65,85.22,79.79,77.62,76.54,75.99,75.45,75.45,90.10,88.48,86.31,82.51,78.71,77.62,75.99,75.99,75.45,75.45,85.76,84.68,83.05,80.33,77.62,76.54,75.99,75.45,74.91,74.91"
Rec-024_90s_1,2,15,4957,core,355,331,0.0,5.0,0.9812,358,333,367,336,0.0,False,76.6035,85.7624,74.3647,2.284,75.9929,"85.76,81.96,78.71,77.62,76.54,75.99,75.99,75.45,75.45,74.91,81.96,78.71,77.62,76.54,75.99,75.99,75.99,75.45,74.91,74.91,79.79,77.62,76.54,75.99,75.99,75.45,75.45,74.91,74.91,74.36,77.62,76.54,75.99,75.99,75.45,75.45,75.45,74.91,74.91,74.36"
Rec-024_90s_1,2,16,4958,core,355,330,90.0,1.0,0.9888,358,332,367,335,0.0,False,77.5126,91.7325,74.3647,3.5136,75.9929,"91.73,85.76,81.42,78.71,77.62,76.54,75.99,75.99,75.99,75.45,85.76,81.42,78.71,77.62,76.54,75.99,75.99,75.45,75.45,74.91,81.96,78.71,77.62,76.54,75.99,75.99,75.45,75.45,74.91,74.36,78.71,77.62,76.54,75.99,75.99,75.99,75.45,74.91,74.91,74.36"
Rec-024_90s_1,3,1,5090,core,290,332,-90.0,1.0,0.9808,293,334,302,337,1.0,True,87.2549,98.2455,81.4204,4.2368,86.5765,"98.25,96.07,94.45,92.28,92.28,92.28,91.19,91.19,91.19,90.65,90.65,89.56,89.02,89.02,89.02,88.48,88.48,87.93,87.93,87.39,85.22,85.76,85.22,85.76,85.22,85.22,84.68,84.68,84.68,84.13,81.96,82.51,82.51,82.51,82.51,82.51,82.51,81.96,81.96,81.42"
Rec-024_90s_1,3,2,5091,core,293,332,0.0,3.0,0.9801,296,334,305,337,1.0,True,88.1504,102.0447,81.9631,4.6843,87.9333,"102.04,98.79,96.07,94.45,93.36,92.28,91.73,91.19,90.65,90.10,93.36,91.73,90.65,89.56,89.56,89.56,88.48,87.93,87.93,87.93,87.93,87.39,86.85,86.31,85.76,85.76,85.76,85.22,84.68,84.13,83.59,83.59,83.59,83.05,83.05,83.05,82.51,82.51,81.96,81.96"
Rec-024_90s_1,3,3,5092,core,298,331,11.31,5.1,0.9838,301,333,310,336,1.0,True,91.8682,116.1561,84.1341,6.6025,90.1043,"116.16,108.56,103.13,99.33,97.16,95.53,94.99,94.45,93.36,92.28,100.42,97.70,95.53,93.36,92.28,91.19,90.65,90.10,89.56,89.56,93.36,91.19,90.10,89.56,89.02,88.48,87.93,87.93,87.39,86.85,87.93,86.85,86.85,86.31,85.76,85.76,85.22,84.68,84.13,84.13"
Rec-024_90s_1,3,4,5093,core,302,331,0.0,4.0,0.982,305,333,314,336,1.0,True,91.7054,118.8698,83.5914,7.0242,89.8329,"118.87,109.64,103.13,99.33,96.62,95.53,94.45,93.36,92.28,92.28,100.96,98.25,94.99,92.28,91.73,91.19,90.10,89.56,89.56,89.02,93.36,91.73,90.10,89.56,88.48,87.93,87.93,87.39,86.31,85.76,87.93,87.39,86.85,86.31,85.76,85.22,84.68,84.68,84.13,83.59"
Rec-024_90s_1,3,5,5094,core,307,331,0.0,5.0,0.9855,310,333,319,336,1.0,True,90.8234,111.8141,84.1341,5.885,89.5616,"111.81,105.84,100.42,97.70,95.53,94.99,94.45,93.36,92.28,91.19,98.79,95.53,93.36,91.73,91.19,91.19,90.10,89.56,89.02,88.48,92.28,90.65,89.56,88.48,87.93,87.93,87.39,86.85,86.31,86.31,87.39,86.85,85.76,85.76,85.22,84.68,84.68,84.13,84.13,84.13"
Rec-024_90s_1,3,6,5095,core,311,331,0.0,4.0,0.9828,314,333,323,336,1.0,True,91.2576,115.0706,84.6769,6.318,89.5616,"115.07,108.01,102.04,98.25,95.53,94.45,93.36,93.36,92.28,92.28,99.87,97.16,94.45,91.73,91.19,90.10,90.10,89.56,89.56,89.56,91.73,90.65,89.56,88.48,87.93,87.93,87.93,87.39,87.39,87.39,86.85,86.31,85.76,85.76,85.76,85.76,85.22,85.22,84.68,84.68"
Rec-024_90s_1,3,7,5096,core,321,331,0.0,10.0,0.9855,324,333,333,336,1.0,True,91.529,106.3867,85.7624,4.3752,90.6471,"106.39,102.04,98.25,96.62,96.07,95.53,95.53,94.45,92.28,91.19,96.62,94.99,93.36,92.28,92.28,92.28,92.28,91.73,90.65,90.65,91.19,90.65,90.10,89.56,89.56,89.56,89.56,89.56,88.48,87.93,87.39,87.39,87.39,87.39,87.39,86.85,86.85,86.85,86.31,85.76"
Rec-024_90s_1,3,8,5097,core,325,331,0.0,4.0,0.9884,328,333,337,336,1.0,True,91.8411,110.1859,86.3051,4.9938,91.1898,"110.19,105.30,100.42,97.70,94.45,93.36,92.28,91.19,91.73,93.36,98.79,96.62,94.99,93.36,91.73,91.73,91.19,90.65,90.65,91.19,93.36,91.73,91.19,90.10,89.56,89.56,89.02,88.48,88.48,88.48,88.48,88.48,87.93,87.93,87.39,86.85,86.85,86.31,86.31,86.31"
Rec-024_90s_1,3,9,5098,core,334,331,0.0,9.0,0.9899,337,333,346,336,1.0,True,93.9442,103.6729,88.4761,4.2257,93.3608,"103.67,102.04,100.42,99.33,99.33,99.33,99.33,98.79,98.25,98.25,96.07,95.53,94.45,94.45,94.99,95.53,95.53,95.53,95.53,95.53,91.19,91.19,91.19,91.19,91.73,92.28,92.28,92.28,92.28,92.28,88.48,88.48,88.48,88.48,89.02,89.02,89.02,89.02,89.02,89.02"
Rec-024_90s_1,3,10,5099,core,339,331,0.0,5.0,0.9892,342,333,351,336,1.0,True,95.0704,108.5576,87.9333,4.7231,94.4463,"108.56,105.30,103.13,101.50,100.42,99.87,99.33,98.25,98.25,97.16,99.33,98.25,97.70,97.16,96.62,96.07,95.53,95.53,95.53,94.45,94.45,93.36,93.36,93.36,93.36,93.36,92.28,92.28,92.28,91.19,90.10,90.10,90.10,90.10,89.56,89.56,89.56,89.56,89.02,87.93"
Rec-024_90s_1,3,11,5100,core,352,331,0.0,13.0,0.9879,355,333,364,336,0.2,False,80.1178,105.3012,74.9074,7.0774,76.8071,"105.30,95.53,84.68,80.33,78.16,77.08,75.99,75.99,75.99,75.45,98.25,90.10,82.51,78.71,77.62,76.54,75.99,75.99,75.45,75.45,91.73,85.76,80.88,78.16,77.08,75.99,75.99,75.45,75.45,74.91,87.93,83.59,79.79,77.62,76.54,75.99,75.45,75.45,74.91,74.91"
Rec-024_90s_1,3,12,5101,core,355,331,0.0,3.0,0.9891,358,333,367,336,0.0,False,77.0242,88.4761,74.3647,2.7749,75.9929,"88.48,83.59,79.79,77.62,77.08,76.54,75.99,75.99,75.99,74.91,83.59,79.79,78.16,77.08,76.54,75.99,75.99,75.45,75.45,74.91,79.79,78.16,77.08,76.54,75.99,75.99,75.99,75.45,74.91,74.91,78.16,77.08,75.99,75.99,75.99,75.45,74.91,74.91,74.36,74.36"
Rec-024_90s_1,4,1,5226,core,290,331,0.0,0.0,0.9822,293,333,302,336,1.0,True,92.7502,109.1004,86.3051,5.1791,91.4612,"109.10,104.22,101.50,99.33,98.79,98.25,97.70,97.16,96.07,95.53,97.16,95.53,94.45,94.45,94.45,93.36,93.36,92.28,92.28,92.28,90.65,90.10,90.10,90.65,90.65,90.10,90.10,90.10,89.56,89.56,86.31,86.85,86.85,87.39,87.39,87.93,87.39,87.39,86.85,86.85"
Rec-024_90s_1,4,2,5227,core,291,332,-45.0,1.41,0.9828,294,334,303,337,1.0,True,89.5209,99.8737,84.1341,3.8881,89.0188,"99.87,97.70,95.53,94.99,94.45,93.36,93.36,93.36,92.28,91.73,92.28,91.73,91.19,91.19,91.19,91.19,90.65,90.10,89.56,89.56,87.93,87.93,88.48,87.93,87.93,87.93,87.93,87.39,87.39,86.85,84.68,84.68,85.22,85.22,85.22,85.22,84.68,84.68,84.13,84.13"
Rec-024_90s_1,4,3,5228,core,300,331,6.34,9.06,0.9833,303,333,312,336,1.0,True,92.8859,112.8996,85.7624,5.5458,91.4612,"112.90,106.39,102.04,99.33,97.70,96.62,95.53,94.99,94.45,93.36,100.96,97.70,95.53,94.45,93.36,92.28,91.73,91.19,90.65,90.10,94.45,92.28,91.73,91.19,90.10,89.56,89.56,89.56,89.02,88.48,89.56,89.56,89.02,88.48,87.93,87.93,87.39,86.31,86.31,85.76"
Rec-024_90s_1,4,4,5229,core,304,331,0.0,4.0,0.985,307,333,316,336,1.0,True,93.0351,115.0706,85.7624,5.8704,91.4612,"115.07,108.01,103.13,98.79,97.16,96.07,95.53,94.45,94.45,93.36,101.50,98.25,95.53,94.45,93.36,92.28,91.73,91.19,91.19,90.65,94.45,92.28,91.73,91.19,90.65,90.10,89.56,89.56,89.56,89.02,89.56,89.56,89.02,88.48,87.93,87.39,86.85,86.31,86.31,85.76"
Rec-024_90s_1,4,5,5230,core,309,331,0.0,5.0,0.9857,312,333,321,336,1.0,True,92.1396,110.1859,86.3051,4.9264,91.1898,"110.19,104.22,100.42,97.70,96.07,95.53,94.45,94.45,93.36,92.28,98.79,96.07,94.45,93.36,92.28,91.73,91.19,91.19,90.65,90.10,93.36,91.73,91.19,91.19,90.10,89.56,89.56,89.02,88.48,88.48,89.02,88.48,87.93,87.93,87.93,86.85,86.85,86.31,86.85,86.31"
Rec-024_90s_1,4,6,5231,core,313,331,0.0,4.0,0.9868,316,333,325,336,1.0,True,92.6145,111.8141,87.3906,5.0808,91.1898,"111.81,105.30,100.96,98.25,96.07,95.53,94.99,94.45,94.45,93.36,99.87,97.16,94.99,93.36,92.28,92.28,91.73,91.19,91.19,91.19,93.36,91.73,91.19,90.65,90.10,89.56,89.56,89.56,89.56,89.56,89.02,88.48,87.93,87.93,87.93,87.93,87.93,87.39,87.39,87.39"
Rec-024_90s_1,4,7,5232,core,318,331,0.0,5.0,0.988,321,333,330,336,1.0,True,92.6824,108.0149,87.9333,4.2662,92.0039,"108.01,103.13,99.87,97.70,96.07,95.53,94.99,94.99,94.45,93.36,98.25,96.07,94.45,93.36,93.36,92.28,92.28,92.28,91.73,91.19,93.36,92.28,91.19,91.19,90.65,90.65,90.10,90.10,90.10,89.56,89.56,89.02,89.02,88.48,88.48,88.48,87.93,87.93,87.93,87.93"
Rec-024_90s_1,4,8,5233,core,322,331,0.0,4.0,0.9882,325,333,334,336,1.0,True,92.9537,111.2714,87.9333,4.7822,91.4612,"111.27,105.30,100.96,98.25,96.62,95.53,94.45,93.36,92.28,91.73,99.87,97.16,95.53,94.45,93.36,92.28,91.73,91.19,91.19,91.19,94.45,92.28,92.28,91.19,91.19,90.65,90.10,89.56,90.10,90.10,90.10,89.56,89.56,89.56,89.02,88.48,88.48,87.93,87.93,87.93"
Rec-024_90s_1,4,9,5234,core,327,331,0.0,5.0,0.9897,330,333,339,336,1.0,True,92.8045,106.3867,88.4761,3.558,92.2753,"106.39,101.50,97.16,94.99,94.45,93.36,94.45,94.99,95.53,96.07,98.25,95.53,93.36,92.28,92.28,92.28,92.28,93.36,93.36,93.36,93.36,91.73,91.19,91.19,91.19,90.65,91.19,91.19,91.73,91.73,89.56,89.56,89.02,89.02,88.48,88.48,89.02,89.56,89.56,89.56"
Rec-024_90s_1,4,10,5235,core,331,331,0.0,4.0,0.9892,334,333,343,336,1.0,True,94.6634,105.8439,89.5616,3.612,94.1749,"105.84,102.04,99.33,98.25,98.25,98.25,98.25,98.25,98.25,98.25,98.25,96.07,95.53,95.53,95.53,95.53,94.99,95.53,95.53,95.53,93.36,92.28,92.28,92.28,92.28,92.28,93.36,93.36,93.36,93.36,90.10,90.10,89.56,90.10,90.10,90.65,91.19,91.19,91.19,91.19"
Rec-024_90s_1,4,11,5236,core,336,331,0.0,5.0,0.9908,339,333,348,336,1.0,True,96.5766,108.5576,91.1898,3.9631,96.0745,"108.56,105.30,103.13,101.50,100.96,100.42,100.42,99.87,99.87,98.79,99.87,98.25,97.70,97.70,97.16,97.16,97.16,97.16,97.16,96.62,95.53,94.99,94.45,94.99,94.99,94.99,94.99,94.99,94.99,94.45,91.73,91.73,91.73,92.28,92.28,92.28,91.73,92.28,91.73,91.19"
Rec-024_90s_1,4,12,5237,core,340,331,0.0,4.0,0.989,343,333,352,336,1.0,True,97.2007,112.8996,89.5616,4.7955,96.3459,"112.90,108.56,105.30,103.13,102.04,100.96,100.42,99.33,98.25,97.70,103.13,100.96,99.87,98.79,98.25,98.25,97.70,96.62,96.07,95.53,97.70,96.62,96.07,95.53,95.53,95.53,94.99,94.45,93.36,92.28,93.36,93.36,93.36,93.36,92.28,92.28,92.28,91.19,91.19,89.56"
Rec-024_90s_1,4,13,5238,core,345,331,0.0,5.0,0.9907,348,333,357,336,0.9,False,93.0623,110.7286,78.1639,7.1839,93.3608,"110.73,106.39,103.13,100.96,99.33,97.70,95.53,94.45,88.48,80.88,102.04,100.42,98.79,97.70,96.07,95.53,94.45,92.28,86.85,80.33,97.70,96.62,95.53,94.99,93.36,92.28,91.19,89.56,84.13,78.71,93.36,93.36,92.28,91.73,90.65,89.56,87.93,86.85,82.51,78.16"
Rec-024_90s_1,4,14,5239,core,349,331,0.0,4.0,0.9879,352,333,361,336,0.5,False,85.9794,110.7286,75.4502,9.8578,83.0486,"110.73,105.30,100.96,97.16,90.65,82.51,78.71,77.62,76.54,75.99,102.04,99.33,96.62,94.45,88.48,80.88,78.16,76.54,75.99,75.45,96.62,94.99,92.28,91.19,85.76,80.33,77.62,75.99,75.99,75.45,92.28,91.19,89.56,87.93,83.59,79.79,77.62,75.99,75.45,75.45"
Rec-024_90s_1,4,15,5240,core,354,331,0.0,5.0,0.9895,357,333,366,336,0.0,False,77.4448,90.1043,74.3647,3.2095,75.9929,"90.10,84.13,80.33,78.16,77.08,76.54,75.99,75.99,75.45,74.91,85.22,80.88,78.71,77.62,76.54,75.99,75.99,75.45,75.45,75.45,82.51,78.71,77.62,76.54,75.99,75.99,75.45,75.45,75.45,74.91,80.33,78.16,77.08,75.99,75.99,75.45,75.45,75.45,74.91,74.36"
Rec-024_90s_1,5,1,5361,core,290,332,-90.0,1.0,0.9807,293,334,302,337,1.0,True,90.9456,99.8737,85.2196,3.6144,90.3757,"99.87,97.70,96.07,95.53,95.53,95.53,94.99,94.99,94.45,94.45,92.28,92.28,92.28,92.28,92.28,92.28,92.28,92.28,91.73,91.19,88.48,89.02,89.02,89.56,89.56,89.56,89.56,89.56,89.56,89.56,85.22,85.76,85.76,86.85,86.85,86.85,86.85,86.85,86.85,86.31"
Rec-024_90s_1,5,2,5362,core,293,332,0.0,3.0,0.9829,296,334,305,337,1.0,True,92.411,105.3012,86.8478,4.2019,91.4612,"105.30,102.04,99.87,97.70,96.62,96.07,95.53,94.99,94.45,94.45,97.16,95.53,94.99,94.45,93.36,93.36,92.28,92.28,92.28,91.73,91.19,91.19,91.19,90.65,90.65,90.65,90.10,90.10,89.56,89.56,87.93,87.93,87.93,87.93,87.93,87.93,87.93,87.39,87.39,86.85"
Rec-024_90s_1,5,3,5363,core,298,331,11.31,5.1,0.9839,301,333,310,336,1.0,True,95.8303,116.6988,89.0188,5.7425,94.4463,"116.70,110.19,105.30,103.13,100.96,99.33,98.25,97.70,97.16,96.07,103.67,100.96,98.25,97.16,96.07,95.53,94.99,94.45,93.36,93.36,97.16,95.53,94.45,94.45,93.36,93.36,92.28,91.73,91.19,91.19,92.28,91.73,91.19,91.19,90.65,90.65,90.10,89.56,89.56,89.02"
Rec-024_90s_1,5,4,5364,core,311,331,0.0,13.0,0.9866,314,333,323,336,1.0,True,94.1206,115.6133,87.9333,5.5307,92.2753,"115.61,108.01,103.13,99.87,98.25,96.62,95.53,95.53,94.45,94.45,102.04,99.33,96.62,94.99,94.45,93.36,92.28,92.28,91.73,91.19,96.07,94.45,93.36,92.28,91.19,91.19,90.65,90.65,90.10,89.56,91.73,91.19,90.65,89.56,89.56,89.02,89.02,88.48,88.48,87.93"
Rec-024_90s_1,5,5,5365,core,320,331,0.0,9.0,0.9874,323,333,332,336,1.0,True,94.0392,113.9851,88.4761,5.1012,92.2753,"113.99,106.93,102.04,99.33,97.70,96.62,95.53,95.53,94.45,94.45,101.50,98.25,96.62,94.99,94.45,93.36,92.28,92.28,91.73,91.19,95.53,94.45,93.36,92.28,91.73,91.19,91.19,90.65,90.65,89.56,91.19,90.65,90.65,90.10,89.56,89.56,89.56,89.02,89.02,88.48"
Rec-024_90s_1,5,6,5366,core,329,331,0.0,9.0,0.9879,332,333,341,336,1.0,True,94.894,111.2714,90.6471,4.2179,94.4463,"111.27,105.30,102.04,99.33,98.25,97.70,97.70,97.70,96.62,96.62,99.33,97.70,95.53,94.45,94.45,94.45,94.45,94.45,94.45,94.45,94.45,93.36,93.36,92.28,92.28,93.36,93.36,92.28,92.28,92.28,90.65,91.19,91.19,90.65,90.65,91.19,91.19,91.19,91.19,91.19"
Rec-024_90s_1,5,7,5367,core,334,331,0.0,5.0,0.9914,337,333,346,336,1.0,True,95.8981,109.1004,91.7325,3.6517,95.5318,"109.10,104.22,102.04,99.87,98.79,98.79,98.25,98.25,98.25,98.25,100.42,98.25,96.62,96.07,95.53,95.53,95.53,95.53,95.53,96.07,95.53,94.99,94.45,94.45,93.36,93.36,94.45,94.45,94.45,94.45,92.28,92.28,91.73,91.73,91.73,92.28,92.28,92.28,92.28,92.28"
Rec-024_90s_1,5,8,5368,core,339,331,0.0,5.0,0.9882,342,333,351,336,1.0,True,96.6987,107.4722,91.7325,3.3667,95.5318,"107.47,104.22,102.04,100.96,100.42,100.42,99.87,99.33,98.79,98.25,99.87,98.25,98.25,97.70,97.16,97.16,97.16,96.62,96.07,95.53,95.53,95.53,95.53,95.53,95.53,95.53,95.53,94.99,94.45,94.45,93.36,93.36,93.36,93.36,93.36,93.36,93.36,92.28,92.28,91.73"
Rec-024_90s_1,5,9,5369,core,348,331,0.0,9.0,0.9879,351,333,360,336,0.6,False,87.5941,107.4722,75.4502,9.2344,89.2902,"107.47,103.13,100.42,97.70,95.53,90.10,82.51,78.71,76.54,75.99,100.96,98.25,96.62,94.99,93.36,87.93,80.88,77.62,75.99,75.99,96.62,95.53,94.45,92.28,91.19,85.76,79.79,77.62,75.99,75.45,93.36,92.28,91.19,90.10,88.48,84.13,79.79,77.62,75.99,75.45"
Rec-024_90s_1,5,10,5370,core,352,331,0.0,4.0,0.9908,355,333,364,336,0.2,False,80.3485,104.2157,74.9074,7.2202,76.8071,"104.22,95.53,85.22,80.33,78.16,77.08,75.99,75.99,75.99,75.45,98.25,91.19,83.05,78.71,77.62,76.54,75.99,75.99,75.45,74.91,93.36,87.93,81.42,78.71,77.08,75.99,75.99,75.99,75.45,74.91,89.56,84.68,80.33,77.62,76.54,75.99,75.45,75.45,74.91,74.91"
Rec-024_90s_1,5,11,5371,core,355,331,0.0,3.0,0.9913,358,333,367,336,0.0,False,77.0106,88.4761,74.3647,2.7839,75.9929,"88.48,83.05,79.79,77.62,77.08,75.99,75.99,75.99,75.45,74.91,83.59,79.79,78.16,77.08,75.99,75.99,75.99,75.45,75.45,74.91,80.33,78.16,77.08,76.54,75.99,75.99,75.45,75.45,74.91,74.91,78.71,77.62,76.54,75.99,75.99,75.45,74.91,74.91,74.36,74.36"
Rec-024_90s_1,6,1,5497,core,290,331,0.0,0.0,0.98,293,333,302,336,1.0,True,95.6539,112.8996,89.5616,5.0587,94.1749,"112.90,107.47,104.22,102.04,100.96,100.96,99.87,99.33,98.79,98.25,100.42,98.25,96.62,96.62,96.07,96.07,95.53,95.53,94.99,94.99,93.36,93.36,93.36,93.36,93.36,93.36,93.36,93.36,92.28,92.28,89.56,89.56,90.10,90.65,90.65,91.19,91.19,91.19,90.65,90.10"
Rec-024_90s_1,6,2,5498,core,292,332,-26.57,2.24,0.9833,295,334,304,337,1.0,True,93.0216,103.1302,87.9333,3.6564,92.0039,"103.13,101.50,98.79,98.25,97.16,96.62,96.07,95.53,94.99,94.45,96.62,95.53,95.53,94.99,94.45,94.45,93.36,93.36,93.36,92.28,91.73,91.73,91.73,91.73,91.19,91.19,91.19,91.19,90.65,90.10,88.48,89.02,89.02,89.56,89.02,89.02,89.02,88.48,88.48,87.93"
Rec-024_90s_1,6,3,5499,core,296,331,14.04,4.12,0.9816,299,333,308,336,1.0,True,97.3907,122.669,90.1043,6.5803,95.5318,"122.67,113.99,108.56,105.30,102.04,100.96,99.87,98.79,98.25,97.70,106.39,103.13,100.42,98.25,97.70,96.62,95.53,95.53,94.45,94.45,98.79,97.70,95.53,94.99,94.45,94.45,93.36,93.36,92.28,92.28,93.36,93.36,92.28,92.28,92.28,91.19,91.19,91.19,90.65,90.10"
Rec-024_90s_1,6,4,5500,core,301,331,0.0,5.0,0.9845,304,333,313,336,1.0,True,96.1831,116.6988,89.5616,5.5018,94.7176,"116.70,110.19,105.30,102.04,100.42,99.33,98.25,97.70,97.16,96.07,104.22,100.96,98.79,97.16,96.07,95.53,94.99,94.45,94.45,93.36,98.25,96.07,95.53,94.45,94.45,93.36,92.28,92.28,92.28,91.19,93.36,92.28,92.28,92.28,91.73,91.19,90.65,90.65,90.10,89.56"
Rec-024_90s_1,6,5,5501,core,305,331,0.0,4.0,0.9851,308,333,317,336,1.0,True,96.2102,119.4126,89.5616,5.9859,94.7176,"119.41,111.81,105.84,102.04,100.42,98.79,98.25,97.70,96.62,96.07,105.30,101.50,98.79,97.16,96.07,95.53,94.99,94.45,93.36,93.36,98.25,96.07,94.99,94.45,93.36,93.36,92.28,92.28,91.73,91.19,93.36,92.28,92.28,91.73,91.19,91.19,90.65,90.65,90.10,89.56"
Rec-024_90s_1,6,6,5502,core,310,331,0.0,5.0,0.9873,313,333,322,336,1.0,True,94.9212,112.8996,89.5616,4.9015,93.9035,"112.90,107.47,103.13,100.42,98.79,97.70,97.16,96.07,95.53,94.99,102.04,99.33,97.16,95.53,94.99,94.45,94.45,93.36,92.28,92.28,96.62,95.53,94.45,93.36,92.28,92.28,91.73,91.19,91.19,91.19,92.28,92.28,91.73,91.19,90.65,90.10,90.10,89.56,89.56,89.56"
Rec-024_90s_1,6,7,5503,core,314,331,0.0,4.0,0.9866,317,333,326,336,1.0,True,95.1247,116.6988,89.5616,5.4744,93.3608,"116.70,109.10,103.67,100.96,98.79,97.70,96.62,96.07,95.53,94.99,103.13,99.87,97.70,96.07,94.99,94.45,93.36,93.36,93.36,92.28,97.16,95.53,94.45,93.36,92.28,92.28,91.73,91.19,91.19,90.65,92.28,91.73,91.19,91.19,90.65,90.65,90.10,89.56,89.56,89.56"
Rec-024_90s_1,6,8,5504,core,319,331,0.0,5.0,0.9894,322,333,331,336,1.0,True,94.5277,111.8141,89.0188,4.6587,93.3608,"111.81,105.84,102.04,99.33,98.25,97.16,96.07,95.53,95.53,94.99,102.04,98.79,96.62,95.53,94.99,94.45,93.36,92.28,92.28,92.28,96.07,94.99,94.45,93.36,92.28,91.73,91.19,91.19,91.19,90.65,92.28,91.73,91.19,91.19,90.65,90.10,89.56,89.56,89.56,89.02"
Rec-024_90s_1,6,9,5505,core,323,331,0.0,4.0,0.9879,326,333,335,336,1.0,True,94.7991,113.9851,89.5616,5.0252,93.3608,"113.99,107.47,103.13,99.87,98.25,97.70,96.62,96.62,96.62,96.07,102.04,99.33,96.62,95.53,94.45,94.45,93.36,93.36,93.36,93.36,96.07,94.45,93.36,92.28,92.28,91.73,91.19,91.19,91.19,91.19,91.73,91.19,91.19,90.65,90.10,90.10,89.56,90.10,90.65,89.56"
Rec-024_90s_1,6,10,5506,core,328,331,0.0,5.0,0.9908,331,333,340,336,1.0,True,95.0569,109.6431,90.6471,4.1639,94.4463,"109.64,105.30,102.04,99.87,98.79,98.25,98.25,98.25,97.70,97.70,99.87,97.70,95.53,95.53,94.99,94.99,94.99,94.99,94.99,94.45,94.45,93.36,93.36,92.28,92.28,92.28,92.28,92.28,92.28,92.28,91.19,90.65,91.19,91.19,91.19,91.19,91.19,91.19,91.19,91.19"
Rec-024_90s_1,6,11,5507,core,332,331,0.0,4.0,0.9884,335,333,344,336,1.0,True,96.658,112.8996,91.7325,4.5416,95.5318,"112.90,108.01,104.22,102.04,100.96,100.42,99.33,99.33,98.79,98.79,102.04,99.87,98.25,97.16,96.62,96.07,96.07,96.07,95.53,96.07,95.53,94.99,94.45,94.45,94.45,94.45,94.45,94.45,94.45,94.45,92.28,92.28,92.28,92.28,92.28,91.73,91.73,92.28,92.28,92.28"
Rec-024_90s_1,6,12,5508,core,337,331,0.0,5.0,0.9917,340,333,349,336,1.0,True,97.4178,111.2714,92.2753,4.0561,96.6172,"111.27,106.93,104.22,102.04,101.50,100.96,100.96,100.42,99.87,99.33,102.04,99.87,98.79,98.25,97.70,97.70,97.16,97.16,97.16,96.62,96.62,95.53,95.53,95.53,95.53,95.53,94.99,94.99,94.99,94.99,93.36,93.36,93.36,93.36,93.36,93.36,93.36,93.36,93.36,92.28"
Rec-024_90s_1,6,13,5509,core,342,331,0.0,5.0,0.9885,345,333,354,336,1.0,True,96.9836,110.1859,89.5616,4.2466,96.0745,"110.19,106.39,104.22,103.13,102.04,100.96,99.87,98.79,97.16,95.53,102.04,100.42,99.33,98.79,98.25,98.25,97.16,96.07,94.99,93.36,97.70,96.62,96.62,96.07,96.07,95.53,94.99,93.36,93.36,91.73,94.45,94.45,94.45,94.45,94.45,93.36,92.28,91.73,91.19,89.56"
Rec-024_90s_1,6,14,5510,core,351,331,0.0,9.0,0.9878,354,333,363,336,0.3,False,82.2074,105.3012,74.9074,8.4509,77.8925,"105.30,100.42,92.28,84.13,79.79,77.62,76.54,75.99,75.99,75.45,99.33,96.07,90.65,83.05,78.71,77.08,75.99,75.45,75.45,74.91,94.99,92.28,87.93,81.42,78.16,77.08,75.99,75.99,75.45,74.91,91.73,90.10,85.76,80.33,78.16,76.54,75.99,75.45,74.91,74.91"
Rec-024_90s_1,6,15,5511,core,355,331,0.0,4.0,0.9887,358,333,367,336,0.0,False,76.9292,87.3906,74.3647,2.6029,75.9929,"87.39,82.51,79.79,77.62,76.54,75.99,75.99,75.99,75.45,75.45,83.05,79.79,77.62,76.54,75.99,75.99,75.99,75.45,75.45,74.91,80.33,78.16,77.08,76.54,75.99,75.99,75.45,75.45,74.91,74.36,78.71,77.62,76.54,75.99,75.99,75.45,75.45,74.91,74.36,74.36"
Rec-025_30s_1,1,1,3158,core,290,331,0.0,0.0,0.9815,293,333,302,336,1.0,True,83.2522,105.3012,76.5357,6.0798,81.6918,"105.30,98.25,94.45,90.10,88.48,87.39,86.31,85.76,85.22,84.13,91.19,88.48,85.76,84.68,83.59,83.05,82.51,81.96,81.42,80.88,83.59,82.51,80.88,80.88,80.33,80.33,79.79,78.71,78.71,78.71,78.71,78.71,78.71,78.16,77.62,77.62,77.08,77.08,76.54,76.54"
Rec-025_30s_1,1,2,3159,core,298,331,0.0,8.0,0.9813,301,333,310,336,1.0,True,82.3159,100.9592,75.9929,5.3558,80.8776,"100.96,95.53,91.19,88.48,86.85,85.76,85.22,84.13,84.13,83.59,90.10,87.39,85.22,83.59,83.05,81.96,81.42,80.88,80.33,80.33,83.59,81.96,80.88,80.33,79.79,79.79,78.71,78.16,78.16,77.62,79.79,78.71,78.16,77.62,77.62,77.08,76.54,75.99,75.99,75.99"
Rec-025_30s_1,1,3,3160,core,302,331,0.0,4.0,0.9848,305,333,314,336,1.0,True,82.628,103.6729,75.9929,5.7841,81.149,"103.67,97.16,92.28,89.02,86.85,85.76,85.22,84.68,84.13,83.59,91.19,87.93,85.76,83.59,83.05,81.96,81.42,81.42,80.88,80.33,84.13,82.51,80.88,80.33,79.79,79.79,78.71,78.71,78.16,77.62,79.79,78.71,78.71,77.62,77.62,77.08,76.54,76.54,75.99,75.99"
Rec-025_30s_1,1,4,3161,core,307,331,0.0,5.0,0.9828,310,333,319,336,1.0,True,81.9496,99.331,75.9929,4.9839,80.8776,"99.33,94.45,90.10,87.93,86.31,85.22,84.68,84.13,83.59,83.05,89.02,86.31,84.13,83.05,82.51,81.42,81.42,80.88,80.88,80.33,83.05,81.42,80.88,79.79,79.79,78.71,78.71,78.71,78.16,78.16,78.71,78.16,77.62,77.62,77.62,77.08,76.54,76.54,75.99,75.99"
Rec-025_30s_1,1,5,3162,core,311,331,0.0,4.0,0.9861,314,333,323,336,1.0,True,82.4787,102.0447,76.5357,5.3011,80.8776,"102.04,95.53,91.19,88.48,86.85,85.76,84.68,84.13,83.59,83.05,90.10,87.39,84.68,84.13,83.05,82.51,81.96,80.88,80.88,80.33,83.59,81.96,80.88,80.33,79.79,79.79,78.71,78.71,78.71,78.16,79.79,78.71,78.71,77.62,77.62,77.62,77.08,77.08,76.54,76.54"
Rec-025_30s_1,1,6,3163,core,316,331,0.0,5.0,0.9857,319,333,328,336,1.0,True,82.4652,98.2455,77.6212,4.4249,81.9631,"98.25,93.36,89.56,86.85,85.76,85.22,84.68,84.68,84.68,84.68,89.02,86.31,84.13,83.05,82.51,81.96,81.96,81.96,81.96,82.51,83.05,81.42,80.88,80.33,79.79,79.79,79.79,79.79,79.79,79.79,79.79,78.71,78.71,78.16,77.62,77.62,77.62,77.62,77.62,77.62"
Rec-025_30s_1,1,7,3164,core,320,331,0.0,4.0,0.9878,323,333,332,336,1.0,True,84.2427,101.502,78.7067,4.7287,83.5914,"101.50,95.53,91.19,89.56,87.93,87.93,87.39,87.39,87.39,86.85,90.10,87.93,85.76,84.13,84.13,84.13,84.13,84.13,83.59,83.59,84.13,83.05,81.96,81.42,81.42,81.42,81.42,81.42,81.42,81.42,80.33,79.79,79.79,79.79,79.79,78.71,78.71,79.79,79.79,79.79"
Rec-025_30s_1,1,8,3165,core,325,331,0.0,5.0,0.9867,328,333,337,336,1.0,True,85.301,98.7882,80.3349,4.1593,84.6769,"98.79,94.45,91.73,89.56,89.56,89.56,89.02,89.02,89.02,89.02,89.56,87.93,86.31,85.76,85.76,85.76,85.76,85.22,85.22,85.22,84.13,83.59,83.05,83.05,83.05,83.05,83.05,83.05,83.05,82.51,80.88,80.88,80.88,80.88,80.88,80.33,80.88,80.88,80.88,80.88"
Rec-025_30s_1,1,9,3166,core,334,331,0.0,9.0,0.9886,337,333,346,336,1.0,True,86.4137,100.4165,80.8776,4.4644,85.491,"100.42,96.62,94.45,92.28,91.73,91.19,90.65,89.56,87.93,86.85,91.19,89.56,88.48,87.93,87.39,87.39,86.31,85.76,84.68,84.13,86.31,85.76,85.22,84.68,84.13,84.13,83.59,83.05,83.05,81.96,83.05,83.05,83.05,82.51,82.51,81.96,81.42,80.88,80.88,80.88"
Rec-025_30s_1,1,10,3167,core,343,331,0.0,9.0,0.9889,346,333,355,336,1.0,True,84.2562,98.2455,78.1639,4.0823,83.32,"98.25,94.45,91.19,89.02,87.93,87.39,86.85,85.76,84.68,83.05,90.10,87.93,85.76,85.22,84.13,84.13,83.59,83.59,83.05,81.96,85.76,84.13,83.59,83.05,82.51,82.51,81.96,81.42,80.88,79.79,83.05,81.96,81.42,81.42,80.88,80.88,80.33,79.79,78.71,78.16"
Rec-025_30s_1,1,11,3168,core,352,331,0.0,9.0,0.9871,355,333,364,336,0.3,False,78.0689,94.4463,74.3647,4.2734,75.9929,"94.45,87.93,81.42,78.71,77.62,76.54,75.99,75.99,75.45,74.91,87.93,84.13,79.79,77.62,76.54,75.99,75.99,75.45,75.45,74.91,84.13,81.42,78.16,77.08,75.99,75.99,75.45,75.45,75.45,74.36,80.88,79.79,77.62,76.54,75.99,75.45,75.45,74.91,74.91,74.91"
Rec-025_30s_1,1,12,3169,core,355,331,0.0,3.0,0.9882,358,333,367,336,0.0,False,77.0242,88.4761,74.3647,2.8066,75.9929,"88.48,84.13,80.33,78.71,77.62,76.54,75.99,75.99,75.45,75.45,83.05,79.79,78.16,77.08,76.54,75.99,75.99,75.45,75.45,74.91,79.79,77.62,77.08,76.54,75.99,75.99,75.45,75.45,74.91,74.91,77.62,77.08,75.99,75.99,75.45,75.45,74.91,74.91,74.36,74.36"
Rec-025_30s_1,1,13,3170,core,355,330,90.0,1.0,0.9914,358,332,367,335,0.0,False,77.6483,92.2753,74.9074,3.6042,75.9929,"92.28,86.85,82.51,78.71,77.62,77.08,75.99,75.99,75.99,75.45,85.76,81.96,78.71,77.62,76.54,75.99,75.99,75.45,75.45,75.45,80.88,78.71,77.62,76.54,75.99,75.99,75.99,75.45,75.45,74.91,78.71,77.62,76.54,75.99,75.99,75.99,75.45,74.91,74.91,74.91"
Rec-025_30s_1,2,1,3307,core,290,331,0.0,0.0,0.9822,293,333,302,336,1.0,True,90.1722,109.6431,83.0486,6.0403,88.4761,"109.64,104.22,100.96,98.25,96.62,95.53,95.53,94.45,93.36,93.36,96.07,94.45,92.28,91.19,91.19,91.19,90.10,89.56,89.56,88.48,88.48,87.93,87.93,87.93,87.93,87.93,86.85,86.31,85.76,85.76,84.13,84.13,84.13,84.13,84.13,84.13,83.59,83.59,83.05,83.05"
Rec-025_30s_1,2,2,3308,core,293,332,-18.43,3.16,0.9818,296,334,305,337,1.0,True,86.2644,98.2455,80.3349,4.21,85.7624,"98.25,95.53,93.36,91.73,91.19,90.65,89.56,89.02,88.48,87.93,91.19,89.56,89.02,87.93,87.93,87.39,86.85,85.76,85.76,85.22,85.76,85.76,85.22,84.68,84.13,84.13,83.59,83.05,83.05,83.05,82.51,82.51,82.51,82.51,81.96,81.42,80.88,80.88,80.33,80.33"
Rec-025_30s_1,2,3,3309,core,297,331,14.04,4.12,0.9831,300,333,309,336,1.0,True,90.2671,113.9851,82.5059,6.5425,88.7475,"113.99,106.39,101.50,97.70,95.53,94.45,93.36,93.36,92.28,91.73,98.79,96.07,93.36,91.19,90.65,89.56,89.56,88.48,87.93,87.93,91.73,90.10,89.02,87.93,87.39,86.85,86.31,85.76,85.22,84.68,86.31,85.76,85.22,84.68,84.13,83.59,83.59,83.05,83.05,82.51"
Rec-025_30s_1,2,4,3310,core,302,331,0.0,5.0,0.9837,305,333,314,336,1.0,True,89.2902,108.5576,82.5059,5.6937,87.9333,"108.56,103.13,98.79,96.07,94.99,94.45,93.36,92.28,91.19,90.65,96.62,94.45,91.73,90.65,89.56,89.56,88.48,87.93,87.39,86.85,90.10,89.02,87.93,86.85,86.31,85.76,85.76,85.22,84.68,84.68,85.76,85.22,84.68,84.13,84.13,83.59,83.05,83.05,82.51,82.51"
Rec-025_30s_1,2,5,3311,core,311,331,0.0,9.0,0.9857,314,333,323,336,1.0,True,88.4896,105.8439,83.0486,4.9662,87.3906,"105.84,100.42,97.16,94.45,93.36,92.28,91.19,91.19,90.65,90.10,94.99,92.28,90.65,89.56,89.02,87.93,87.93,87.39,87.39,86.85,89.02,87.93,86.85,86.31,85.76,85.76,85.76,85.22,85.22,84.68,84.68,84.13,84.13,84.13,83.59,83.59,83.05,83.05,83.05,83.05"
Rec-025_30s_1,2,6,3312,core,315,331,0.0,4.0,0.9859,318,333,327,336,1.0,True,89.1138,108.5576,83.5914,5.2381,87.9333,"108.56,102.04,98.25,94.99,93.36,92.28,91.73,91.19,91.19,91.19,95.53,93.36,91.19,89.56,89.56,89.02,88.48,87.93,87.93,87.93,89.56,88.48,87.39,86.85,86.31,85.76,85.76,85.76,85.76,85.76,85.22,84.68,84.68,84.13,84.13,84.13,84.13,83.59,83.59,83.59"
Rec-025_30s_1,2,7,3313,core,324,331,0.0,9.0,0.9872,327,333,336,336,1.0,True,90.8506,107.4722,85.7624,4.8113,90.6471,"107.47,102.04,98.25,96.07,95.53,94.45,94.45,94.45,94.45,94.45,96.07,94.45,92.28,91.19,91.19,91.19,90.65,90.65,90.65,90.65,90.65,89.56,89.02,87.93,87.93,87.93,87.93,87.93,87.93,87.93,86.31,86.31,85.76,85.76,85.76,85.76,85.76,85.76,85.76,85.76"
Rec-025_30s_1,2,8,3314,core,329,331,0.0,5.0,0.9894,332,333,341,336,1.0,True,91.529,105.8439,85.7624,4.6128,91.1898,"105.84,101.50,98.79,97.16,96.62,96.07,95.53,95.53,95.53,95.53,96.07,94.45,93.36,92.28,92.28,91.73,91.73,91.19,91.19,91.19,91.19,89.56,89.56,89.56,89.56,89.02,89.02,89.02,88.48,88.48,87.39,86.85,86.85,86.31,86.85,86.31,86.31,85.76,85.76,85.76"
Rec-025_30s_1,2,9,3315,core,333,331,0.0,4.0,0.9883,336,333,345,336,1.0,True,92.3838,109.1004,85.7624,5.1277,91.4612,"109.10,103.67,100.96,98.79,98.25,97.16,96.62,96.07,95.53,95.53,98.25,95.53,94.45,93.36,93.36,92.28,92.28,91.73,91.73,91.19,92.28,91.19,90.65,90.10,90.10,89.56,89.56,89.02,89.02,88.48,87.93,87.93,87.39,87.39,87.39,86.85,86.85,86.31,85.76,85.76"
Rec-025_30s_1,2,10,3316,core,338,331,0.0,5.0,0.9908,341,333,350,336,1.0,True,92.0718,106.9294,85.7624,4.8266,91.1898,"106.93,103.13,99.87,98.25,97.70,96.62,95.53,95.53,95.53,94.99,97.70,95.53,94.45,93.36,92.28,92.28,91.73,91.73,91.19,91.19,92.28,91.19,90.65,90.10,89.56,89.56,89.02,89.02,88.48,88.48,88.48,87.93,87.93,87.39,86.85,86.85,86.31,85.76,85.76,85.76"
Rec-025_30s_1,2,11,3317,core,342,331,0.0,4.0,0.988,345,333,354,336,1.0,True,91.8411,108.5576,84.1341,5.2089,90.9184,"108.56,103.67,100.96,98.79,97.70,96.62,95.53,94.99,93.36,92.28,98.25,95.53,94.45,93.36,93.36,92.28,92.28,91.19,90.65,89.56,92.28,91.19,90.10,90.10,89.56,89.56,89.56,87.93,87.93,86.31,88.48,87.93,87.39,87.39,86.85,86.85,86.31,85.76,84.68,84.13"
Rec-025_30s_1,2,12,3318,core,347,331,0.0,5.0,0.9886,350,333,359,336,0.8,False,86.4001,105.3012,75.4502,7.5983,86.3051,"105.30,101.50,98.25,95.53,94.45,91.19,86.31,79.79,77.62,76.54,96.62,94.99,93.36,92.28,90.65,89.56,84.68,79.79,77.62,75.99,91.19,90.65,89.56,88.48,87.93,85.76,83.05,78.71,76.54,75.99,87.93,87.39,86.31,85.76,84.68,83.59,80.88,77.62,76.54,75.45"
Rec-025_30s_1,2,13,3319,core,351,331,0.0,4.0,0.9859,354,333,363,336,0.4,False,81.0133,105.3012,74.9074,7.4256,77.6212,"105.30,98.79,90.65,82.51,78.71,77.62,76.54,75.99,75.99,75.45,96.07,93.36,87.39,80.88,78.16,77.08,75.99,75.99,75.45,75.45,90.65,88.48,84.13,79.79,77.62,76.54,75.99,75.99,75.45,74.91,86.31,85.22,82.51,78.71,77.62,75.99,75.99,75.45,74.91,74.91"
Rec-025_30s_1,2,14,3320,core,355,330,14.04,4.12,0.9922,358,332,367,335,0.0,False,77.7161,92.2753,74.9074,3.5567,76.2643,"92.28,85.76,81.42,78.71,77.62,76.54,75.99,75.99,75.99,75.45,86.31,81.96,78.71,77.62,77.08,75.99,75.99,75.99,75.45,75.45,81.96,78.71,77.62,76.54,76.54,75.99,75.99,75.45,74.91,74.91,79.79,77.62,77.08,76.54,75.99,75.99,75.45,75.45,74.91,74.91"
Rec-025_30s_1,3,1,3445,core,290,332,-90.0,1.0,0.9828,293,334,302,337,1.0,True,89.3987,99.331,84.1341,3.9887,88.7475,"99.33,97.70,95.53,94.45,94.45,94.45,93.36,93.36,92.28,92.28,92.28,91.19,91.19,91.19,91.19,90.65,90.65,90.10,90.10,89.56,87.39,87.93,87.93,87.93,87.93,87.93,87.93,87.39,87.39,86.85,84.13,84.13,84.13,84.68,84.68,84.68,84.68,84.68,84.13,84.13"
Rec-025_30s_1,3,2,3446,core,299,331,6.34,9.06,0.985,302,333,311,336,1.0,True,93.0487,112.8996,85.7624,5.5996,91.7325,"112.90,106.93,102.04,99.33,98.25,96.62,95.53,95.53,94.45,93.36,101.50,98.25,95.53,94.45,93.36,92.28,92.28,91.73,91.19,90.10,94.45,93.36,91.73,91.19,90.65,90.10,89.56,89.56,89.02,88.48,89.56,89.56,89.02,87.93,87.93,87.93,87.39,86.85,86.31,85.76"
Rec-025_30s_1,3,3,3447,core,303,331,0.0,4.0,0.9837,306,333,315,336,1.0,True,93.0216,116.6988,85.7624,6.2906,91.1898,"116.70,109.10,103.67,99.87,97.70,96.07,95.53,94.45,93.36,93.36,102.04,98.79,96.07,94.45,93.36,92.28,91.19,91.19,90.65,89.56,94.99,93.36,91.19,91.19,90.10,89.56,89.56,89.02,88.48,87.93,89.56,89.02,88.48,87.93,87.93,87.39,87.39,86.31,86.31,85.76"
Rec-025_30s_1,3,4,3448,core,308,331,0.0,5.0,0.9868,311,333,320,336,1.0,True,91.6918,110.1859,85.7624,5.0103,90.6471,"110.19,104.22,99.87,97.16,95.53,94.99,93.36,93.36,93.36,92.28,98.79,96.07,94.45,92.28,91.73,91.19,90.65,90.10,90.65,89.56,93.36,91.19,90.65,90.10,89.56,89.02,88.48,87.93,87.93,87.93,89.02,88.48,87.93,87.93,87.39,86.85,86.31,86.31,85.76,85.76"
Rec-025_30s_1,3,5,3449,core,312,331,0.0,4.0,0.9851,315,333,324,336,1.0,True,91.9496,112.8996,85.7624,5.4299,90.6471,"112.90,105.30,100.96,98.25,96.07,94.99,94.45,93.36,93.36,93.36,99.33,96.07,94.45,92.28,92.28,91.19,90.65,90.65,90.10,90.10,92.28,91.73,90.65,89.56,89.56,89.02,88.48,88.48,88.48,87.93,89.02,88.48,87.93,87.93,87.39,86.85,86.31,86.31,85.76,85.76"
Rec-025_30s_1,3,6,3450,core,317,331,0.0,5.0,0.9888,320,333,329,336,1.0,True,91.6918,108.0149,86.8478,4.4199,90.9184,"108.01,102.04,98.79,97.16,95.53,94.99,94.45,93.36,93.36,93.36,97.70,94.99,93.36,92.28,91.73,91.19,91.19,90.65,90.65,91.19,91.73,91.19,90.10,89.56,89.56,89.56,89.02,89.02,89.02,89.02,88.48,87.93,87.93,87.39,87.39,87.39,86.85,86.85,86.85,86.85"
Rec-025_30s_1,3,7,3451,core,322,331,0.0,5.0,0.9859,325,333,334,336,1.0,True,92.0853,105.3012,87.9333,3.8235,91.7325,"105.30,100.42,97.70,96.62,96.07,95.53,95.53,94.99,94.45,94.45,96.62,94.45,93.36,92.28,92.28,92.28,92.28,91.73,91.73,91.73,91.73,91.19,90.65,90.10,90.10,90.10,90.10,90.10,90.10,89.56,88.48,87.93,87.93,87.93,87.93,87.93,87.93,87.93,87.93,87.93"
Rec-025_30s_1,3,8,3452,core,326,331,0.0,4.0,0.9899,329,333,338,336,1.0,True,93.4422,108.0149,88.4761,4.1963,93.3608,"108.01,103.13,100.42,98.25,97.16,96.62,96.62,96.07,96.07,96.07,98.25,96.07,94.99,94.45,93.36,93.36,93.36,93.36,93.36,93.36,93.36,92.28,91.19,91.19,91.19,91.19,91.19,91.19,91.19,91.19,89.56,89.02,89.02,89.02,89.02,89.02,89.02,89.02,89.02,88.48"
Rec-025_30s_1,3,9,3453,core,331,331,0.0,5.0,0.9876,334,333,343,336,1.0,True,94.0121,105.8439,89.0188,3.9813,93.3608,"105.84,102.04,99.87,98.79,98.25,98.25,98.25,97.70,97.70,97.16,98.25,96.62,95.53,94.99,94.99,94.99,94.45,94.45,94.45,93.36,93.36,92.28,92.28,92.28,91.73,91.73,91.73,91.73,91.19,91.19,90.10,89.56,90.10,89.56,89.56,89.56,89.56,89.02,89.02,89.02"
Rec-025_30s_1,3,10,3454,core,335,331,0.0,4.0,0.9908,338,333,347,336,1.0,True,94.8533,109.1004,89.0188,4.5243,94.4463,"109.10,105.30,102.04,100.42,99.33,98.79,98.25,98.25,98.25,98.25,99.87,98.25,96.62,95.53,95.53,95.53,94.99,94.99,94.45,94.45,94.45,93.36,93.36,93.36,92.28,92.28,92.28,91.73,91.73,91.73,91.19,90.65,90.10,90.10,90.10,89.56,89.56,89.56,89.56,89.02"
Rec-025_30s_1,3,11,3455,core,340,331,0.0,5.0,0.9889,343,333,352,336,1.0,True,94.5413,106.9294,87.9333,4.294,94.4463,"106.93,103.67,101.50,100.42,99.87,99.33,98.25,97.70,96.62,95.53,99.33,97.70,96.62,96.07,95.53,95.53,95.53,94.45,94.45,93.36,94.45,94.45,93.36,93.36,92.28,92.28,92.28,91.73,91.19,90.65,91.19,90.65,90.65,90.10,89.56,89.56,89.56,89.56,88.48,87.93"
Rec-025_30s_1,3,12,3456,core,349,331,0.0,9.0,0.9876,352,333,361,336,0.6,False,84.7311,105.8439,74.9074,8.5685,82.2345,"105.84,100.96,97.70,94.99,89.56,81.42,78.16,77.08,75.99,75.99,98.25,96.07,94.45,92.28,87.39,80.88,78.16,76.54,75.99,75.45,93.36,92.28,91.19,89.56,85.22,79.79,77.62,76.54,75.99,75.45,90.10,89.02,87.93,86.31,83.05,78.71,77.08,75.99,75.99,74.91"
Rec-025_30s_1,3,13,3457,core,353,331,0.0,4.0,0.9891,356,333,365,336,0.2,False,78.4624,97.7027,74.9074,4.9087,76.2643,"97.70,87.39,81.42,78.71,77.62,76.54,75.99,75.99,75.45,75.45,91.19,83.59,79.79,77.62,76.54,75.99,75.99,75.99,75.45,74.91,87.39,81.42,78.71,77.62,76.54,75.99,75.45,75.45,75.45,74.91,84.13,79.79,77.62,76.54,75.99,75.45,75.45,75.45,74.91,74.91"
Rec-025_30s_1,3,14,3458,core,355,331,0.0,2.0,0.9893,358,333,367,336,0.0,False,77.0784,87.9333,74.3647,2.7354,75.9929,"87.93,83.59,79.79,78.16,77.08,76.54,75.99,75.99,75.45,75.45,83.59,79.79,78.16,77.08,76.54,75.99,75.99,75.45,75.45,74.91,80.33,78.16,77.08,76.54,75.99,75.99,75.45,74.91,74.91,74.91,78.71,77.62,76.54,75.99,75.99,75.45,75.45,74.91,74.91,74.36"
Rec-025_30s_1,4,1,3573,core,290,331,0.0,0.0,0.9839,293,333,302,336,1.0,True,93.89,111.2714,87.9333,5.1209,92.5467,"111.27,105.84,103.13,100.42,99.33,98.79,98.25,97.70,97.16,96.07,98.25,96.62,95.53,94.45,94.45,94.45,94.45,93.36,93.36,93.36,91.19,91.19,91.19,91.19,91.19,91.73,91.19,91.19,91.19,91.19,87.93,87.93,88.48,89.02,89.02,89.02,89.02,89.02,89.02,88.48"
Rec-025_30s_1,4,2,3574,core,291,332,-45.0,1.41,0.9808,294,334,303,337,1.0,True,91.3662,102.0447,86.3051,3.8615,90.6471,"102.04,99.87,97.70,96.62,95.53,95.53,94.45,94.45,94.45,93.36,94.45,94.45,93.36,93.36,92.28,92.28,92.28,91.73,91.19,91.19,89.56,89.56,90.10,90.10,90.10,89.56,89.56,89.56,89.56,89.02,86.31,86.31,86.85,86.85,87.39,87.39,86.85,86.85,86.31,86.31"
Rec-025_30s_1,4,3,3575,core,296,331,11.31,5.1,0.9841,299,333,308,336,1.0,True,95.0026,117.2416,87.9333,5.8663,93.3608,"117.24,109.64,105.30,101.50,99.33,98.25,97.16,96.62,95.53,95.53,103.13,99.87,98.25,96.07,94.99,94.45,93.36,93.36,92.28,91.73,96.07,94.99,94.45,93.36,92.28,92.28,91.73,91.19,91.19,90.10,91.19,91.19,91.19,90.65,90.10,89.56,89.56,89.02,88.48,87.93"
Rec-025_30s_1,4,4,3576,core,300,331,0.0,4.0,0.9829,303,333,312,336,1.0,True,95.3147,121.0408,87.9333,6.5014,93.9035,"121.04,111.81,105.84,102.04,99.33,98.25,97.70,96.07,95.53,94.99,104.22,101.50,98.25,96.62,95.53,94.45,94.45,93.36,92.28,91.73,97.16,95.53,94.45,93.36,92.28,92.28,91.19,91.19,90.10,90.10,92.28,91.19,91.19,90.65,90.10,89.56,89.56,89.02,88.48,87.93"
Rec-025_30s_1,4,5,3577,core,305,331,0.0,5.0,0.9865,308,333,317,336,1.0,True,93.9171,115.0706,87.9333,5.5289,92.2753,"115.07,108.01,103.13,99.33,98.25,96.62,95.53,94.99,94.45,93.36,102.04,98.79,96.62,94.99,94.45,93.36,92.28,91.73,91.19,91.19,95.53,94.45,93.36,92.28,91.73,91.19,90.65,90.10,89.56,89.02,91.19,91.19,90.65,89.56,89.56,89.02,88.48,87.93,87.93,87.93"
Rec-025_30s_1,4,6,3578,core,309,331,0.0,4.0,0.9841,312,333,321,336,1.0,True,93.7678,116.6988,87.9333,5.7551,92.0039,"116.70,108.56,103.13,99.33,97.70,96.07,95.53,94.45,94.45,93.36,102.04,98.79,96.62,94.99,93.36,92.28,92.28,91.73,91.19,90.65,95.53,94.45,92.28,91.73,91.19,90.65,90.65,90.10,89.56,89.56,91.19,90.65,90.10,89.56,89.56,88.48,88.48,87.93,87.93,87.93"
Rec-025_30s_1,4,7,3579,core,314,331,0.0,5.0,0.9884,317,333,326,336,1.0,True,92.913,110.7286,87.9333,4.6797,92.0039,"110.73,105.30,100.42,97.70,96.07,95.53,94.99,94.45,94.45,93.36,99.33,96.62,94.99,93.36,92.28,92.28,92.28,91.73,91.19,91.19,94.45,92.28,92.28,91.19,90.65,90.10,90.10,90.10,89.56,89.56,90.10,89.56,89.56,89.02,89.02,88.48,88.48,87.93,87.93,87.93"
Rec-025_30s_1,4,8,3580,core,319,331,0.0,5.0,0.9868,322,333,331,336,1.0,True,93.0216,106.9294,89.0188,3.787,92.2753,"106.93,102.04,98.79,97.16,96.07,95.53,95.53,95.53,94.99,94.99,98.25,95.53,94.45,93.36,93.36,92.28,92.28,92.28,92.28,92.28,93.36,92.28,91.19,91.19,91.19,91.19,91.19,91.19,90.65,91.19,89.56,89.56,89.56,89.56,89.02,89.02,89.02,89.02,89.02,89.02"
Rec-025_30s_1,4,9,3581,core,328,331,0.0,9.0,0.9883,331,333,340,336,1.0,True,95.274,107.4722,91.1898,3.677,94.989,"107.47,103.13,100.96,99.33,98.79,98.79,98.25,98.79,98.79,98.25,98.79,97.16,96.07,95.53,95.53,95.53,95.53,95.53,95.53,95.53,94.45,94.45,93.36,93.36,93.36,93.36,93.36,93.36,93.36,93.36,91.19,91.19,91.19,91.19,91.19,91.19,91.19,91.19,91.19,91.19"
Rec-025_30s_1,4,10,3582,core,341,331,0.0,13.0,0.9912,344,333,353,336,1.0,True,96.7394,111.8141,89.0188,4.8719,95.5318,"111.81,108.01,105.30,103.13,102.04,100.96,99.33,98.25,97.70,95.53,103.13,101.50,99.87,98.79,98.25,97.70,96.62,95.53,94.99,94.45,97.70,96.62,96.07,95.53,95.53,94.99,94.45,93.36,92.28,91.19,94.45,93.36,93.36,92.28,92.28,91.73,91.19,91.19,90.10,89.02"
Rec-025_30s_1,4,11,3583,core,346,331,0.0,5.0,0.9891,349,333,358,336,0.9,False,91.2034,109.1004,77.0784,7.8861,92.2753,"109.10,105.30,102.04,99.87,98.25,95.53,94.45,89.56,81.96,78.16,101.50,99.33,97.70,96.62,95.53,93.36,92.28,87.93,80.88,77.62,97.16,95.53,94.99,93.36,92.28,91.19,90.10,85.22,79.79,77.62,93.36,92.28,91.73,91.19,90.10,88.48,87.39,83.59,78.71,77.08"
Rec-025_30s_1,4,12,3584,core,350,331,0.0,4.0,0.9899,353,333,362,336,0.5,False,84.0663,108.0149,74.9074,9.2172,79.7922,"108.01,103.13,98.25,92.28,83.59,79.79,77.62,76.54,75.99,75.99,100.96,97.16,94.99,89.56,82.51,78.71,77.08,75.99,75.99,75.45,95.53,93.36,91.19,86.85,80.88,77.62,76.54,75.99,75.45,74.91,91.19,90.10,88.48,84.68,79.79,77.62,76.54,75.99,75.45,74.91"
Rec-025_30s_1,4,13,3585,core,355,330,11.31,5.1,0.9915,358,332,367,335,0.0,False,77.8925,94.4463,74.3647,4.0742,75.9929,"94.45,87.39,82.51,78.71,77.62,76.54,75.99,75.99,75.45,75.45,87.39,82.51,79.79,77.62,76.54,75.99,75.99,75.99,75.45,75.45,83.05,79.79,77.62,77.08,75.99,75.99,75.99,75.45,74.91,74.91,79.79,77.62,77.08,75.99,75.99,75.99,75.45,74.91,74.36,74.91"
Rec-025_30s_1,5,1,3708,core,294,331,0.0,4.0,0.9837,297,333,306,336,1.0,True,97.1057,119.4126,90.6471,6.0484,95.5318,"119.41,112.90,107.47,104.22,102.04,100.96,99.87,98.79,98.25,97.70,105.30,102.04,99.87,98.25,97.16,96.62,95.53,95.53,94.99,94.45,98.25,96.62,95.53,94.99,94.45,94.45,93.36,93.36,92.28,92.28,92.28,92.28,92.28,92.28,92.28,91.73,91.19,91.19,91.19,90.65"
Rec-025_30s_1,5,2,3709,core,299,331,0.0,5.0,0.9853,302,333,311,336,1.0,True,96.1559,116.1561,89.5616,5.3819,94.7176,"116.16,109.64,105.30,102.04,100.96,99.33,98.79,97.70,96.62,95.53,103.67,100.96,98.25,97.70,96.07,95.53,94.99,94.45,93.36,93.36,97.70,96.07,95.53,94.45,94.45,93.36,93.36,92.28,91.73,91.19,93.36,93.36,92.28,92.28,91.73,91.19,91.19,90.65,90.10,89.56"
Rec-025_30s_1,5,3,3710,core,303,331,0.0,4.0,0.9863,306,333,315,336,1.0,True,95.8167,117.7843,89.0188,5.8417,94.4463,"117.78,111.27,105.84,102.04,99.87,98.25,97.70,96.62,95.53,94.99,104.22,101.50,98.25,97.16,95.53,94.99,94.45,93.36,92.28,92.28,98.25,96.07,95.53,94.45,93.36,93.36,92.28,91.73,91.19,90.65,93.36,93.36,92.28,91.73,91.19,91.19,90.65,89.56,89.56,89.02"
Rec-025_30s_1,5,4,3711,core,308,331,0.0,5.0,0.9872,311,333,320,336,1.0,True,94.392,111.8141,89.5616,4.6226,93.3608,"111.81,106.39,102.04,98.79,97.70,96.62,96.07,95.53,94.99,94.45,101.50,98.79,96.62,94.99,94.45,93.36,93.36,92.28,92.28,91.73,96.07,94.99,93.36,93.36,92.28,91.73,91.19,91.19,91.19,91.19,92.28,91.73,91.19,91.19,90.65,90.10,89.56,89.56,89.56,89.56"
Rec-025_30s_1,5,5,3712,core,312,331,0.0,4.0,0.9882,315,333,324,336,1.0,True,94.5684,112.8996,89.5616,4.9035,93.3608,"112.90,107.47,103.13,99.87,97.70,97.16,96.07,95.53,95.53,94.99,102.04,98.79,96.62,95.53,94.45,93.36,93.36,93.36,92.28,92.28,96.07,94.45,93.36,93.36,92.28,92.28,91.19,91.19,91.19,91.19,91.73,91.19,91.19,90.65,90.65,90.10,89.56,89.56,89.56,89.56"
Rec-025_30s_1,5,6,3713,core,317,331,0.0,5.0,0.9892,320,333,329,336,1.0,True,94.3513,110.1859,89.5616,4.2091,93.3608,"110.19,104.22,101.50,98.79,98.25,96.62,96.07,95.53,95.53,94.99,100.42,97.70,96.07,95.53,94.45,94.45,93.36,93.36,93.36,93.36,95.53,94.45,93.36,92.28,92.28,92.28,91.73,91.19,91.19,91.19,91.73,91.19,91.19,90.65,90.65,90.65,90.10,89.56,89.56,89.56"
Rec-025_30s_1,5,7,3714,core,321,331,0.0,4.0,0.9889,324,333,333,336,1.0,True,95.0297,112.8996,90.6471,4.5383,93.9035,"112.90,106.93,102.04,99.33,98.25,97.70,96.62,96.62,96.07,95.53,101.50,98.79,96.62,95.53,94.99,94.45,94.45,94.45,93.36,93.36,95.53,94.45,93.36,93.36,92.28,92.28,92.28,92.28,92.28,92.28,92.28,91.73,91.19,91.19,91.19,91.19,90.65,90.65,90.65,90.65"
Rec-025_30s_1,5,8,3715,core,326,331,0.0,5.0,0.9904,329,333,338,336,1.0,True,95.5182,109.6431,91.1898,3.8712,94.989,"109.64,105.30,101.50,99.33,98.25,98.25,98.25,97.70,97.16,97.16,100.42,98.25,96.62,95.53,95.53,95.53,95.53,95.53,94.99,94.99,95.53,94.99,94.45,94.45,93.36,93.36,93.36,93.36,93.36,93.36,92.28,92.28,91.73,91.73,91.73,91.19,91.19,91.19,91.19,91.19"
Rec-025_30s_1,5,9,3716,core,330,331,0.0,4.0,0.9891,333,333,342,336,1.0,True,96.7801,112.8996,92.2753,4.3168,95.8031,"112.90,107.47,103.67,101.50,100.42,99.87,99.33,98.25,98.25,98.25,102.04,99.87,98.25,97.70,97.16,96.62,96.62,96.07,96.07,95.53,97.16,95.53,95.53,94.99,94.99,94.45,94.45,94.45,94.45,94.45,93.36,93.36,92.28,92.28,92.28,92.28,92.28,92.28,92.28,92.28"
Rec-025_30s_1,5,10,3717,core,335,331,0.0,5.0,0.9915,338,333,347,336,1.0,True,97.2821,110.1859,92.2753,3.8118,97.16,"110.19,106.39,103.13,101.50,100.96,100.42,99.87,99.33,99.33,99.33,102.04,99.87,98.25,98.25,97.70,97.70,97.16,97.16,97.16,97.16,97.16,96.62,96.07,95.53,95.53,95.53,95.53,94.99,94.99,94.99,94.45,93.36,93.36,93.36,93.36,93.36,93.36,92.28,92.28,92.28"
Rec-025_30s_1,5,11,3718,core,339,331,0.0,4.0,0.9893,342,333,351,336,1.0,True,98.0284,112.8996,91.7325,4.3365,97.4314,"112.90,108.56,105.30,103.13,102.04,101.50,100.96,100.42,99.33,98.25,103.67,101.50,99.87,98.79,98.25,98.25,98.25,97.70,97.16,95.53,98.25,97.70,97.16,96.62,96.62,96.07,95.53,95.53,94.99,94.45,94.99,94.45,94.45,94.45,94.45,93.36,93.36,93.36,92.28,91.73"
Rec-025_30s_1,5,12,3719,core,344,331,0.0,5.0,0.9913,347,333,356,336,1.0,True,95.5318,111.2714,84.1341,5.5549,95.2604,"111.27,107.47,104.22,102.04,100.96,99.33,97.70,95.53,93.36,89.02,103.13,101.50,99.87,98.25,97.70,96.62,95.53,93.36,92.28,87.93,98.25,97.70,96.62,96.07,95.53,94.45,93.36,91.19,90.10,85.76,94.99,94.45,94.45,93.36,93.36,91.73,91.19,89.56,87.93,84.13"
Rec-025_30s_1,5,13,3720,core,348,331,0.0,4.0,0.9882,351,333,360,336,0.7,False,88.4082,111.8141,75.4502,9.8499,89.8329,"111.81,106.93,102.04,98.25,95.53,91.19,83.05,78.71,77.08,75.99,103.13,100.42,98.25,95.53,93.36,89.56,81.96,78.71,76.54,75.99,97.70,95.53,94.45,93.36,91.19,86.85,80.88,77.62,76.54,75.99,94.45,93.36,91.73,90.10,89.02,84.68,79.79,77.62,75.99,75.45"
Rec-025_30s_1,5,14,3721,core,353,331,0.0,5.0,0.9902,356,333,365,336,0.2,False,78.7338,99.331,74.3647,5.4315,75.9929,"99.33,87.93,81.42,78.71,77.62,77.08,75.99,75.99,75.45,74.91,93.36,84.68,79.79,77.62,76.54,75.99,75.99,75.99,75.45,74.91,89.02,82.51,78.71,77.62,75.99,75.99,75.99,75.45,74.91,74.91,85.76,80.88,78.16,77.08,75.99,75.99,75.45,74.91,74.91,74.36"
Rec-025_30s_1,5,15,3722,core,355,331,0.0,2.0,0.9904,358,333,367,336,0.0,False,77.1734,89.0188,74.3647,2.9824,75.9929,"89.02,84.13,79.79,77.62,77.08,76.54,75.99,75.99,75.45,75.45,84.13,80.33,78.16,77.08,76.54,75.99,75.99,75.45,74.91,74.91,80.88,78.71,77.62,76.54,75.99,75.99,75.45,75.45,74.91,74.91,79.79,77.62,76.54,75.99,75.99,75.45,74.91,74.91,74.36,74.36"
Rec-025_30s_1,6,1,3835,core,290,331,0.0,0.0,0.9828,293,333,302,336,1.0,True,96.5358,113.9851,89.5616,5.1095,94.989,"113.99,108.56,105.30,103.13,102.04,101.50,100.96,100.42,99.87,98.79,100.42,98.25,97.70,97.70,97.70,97.16,96.62,96.07,96.07,95.53,94.45,93.36,93.36,94.45,94.45,94.45,94.45,94.45,94.45,93.36,89.56,90.65,91.19,91.19,91.73,91.73,91.73,91.73,91.73,91.19"
Rec-025_30s_1,6,2,3836,core,293,331,0.0,3.0,0.9823,296,333,305,336,1.0,True,97.2414,116.1561,91.1898,5.2221,95.5318,"116.16,110.19,106.39,103.67,102.04,100.96,100.42,99.33,98.25,98.25,103.67,101.50,99.87,98.25,97.70,97.16,96.62,95.53,95.53,94.99,97.16,96.07,95.53,95.53,94.99,94.99,94.45,94.45,93.36,93.36,93.36,93.36,92.28,92.28,92.28,92.28,92.28,92.28,91.73,91.19"
Rec-025_30s_1,6,3,3837,core,297,331,0.0,4.0,0.9836,300,333,309,336,1.0,True,97.7706,121.5835,91.1898,6.0901,95.8031,"121.58,112.90,108.01,104.22,102.04,100.96,99.87,98.79,98.25,97.70,106.39,103.13,100.96,98.79,97.70,97.16,96.07,95.53,94.99,94.45,99.33,98.25,96.62,95.53,95.53,94.99,94.45,93.36,93.36,92.28,94.45,94.45,93.36,93.36,93.36,92.28,92.28,91.73,91.19,91.19"
Rec-025_30s_1,6,4,3838,core,302,331,0.0,5.0,0.985,305,333,314,336,1.0,True,96.4273,115.0706,90.1043,5.0719,95.2604,"115.07,109.10,105.30,102.04,100.42,99.33,98.25,98.25,97.16,96.07,103.67,100.96,98.79,97.16,96.62,95.53,95.53,94.99,94.45,93.36,98.25,96.62,95.53,94.99,94.45,94.45,93.36,92.28,92.28,92.28,94.45,93.36,93.36,92.28,92.28,91.73,91.19,91.19,90.65,90.10"
Rec-025_30s_1,6,5,3839,core,306,331,0.0,4.0,0.9867,309,333,318,336,1.0,True,96.3595,117.7843,90.6471,5.472,94.7176,"117.78,110.19,105.30,102.04,99.87,98.79,98.25,97.70,97.16,96.07,104.22,101.50,98.79,97.16,96.07,95.53,94.99,94.45,94.45,93.36,98.25,96.07,95.53,94.45,94.45,93.36,93.36,92.28,92.28,91.73,94.45,93.36,92.28,92.28,91.73,91.19,91.19,91.19,90.65,90.65"
Rec-025_30s_1,6,6,3840,core,311,331,0.0,5.0,0.9878,314,333,323,336,1.0,True,95.3961,111.8141,89.5616,4.4867,94.4463,"111.81,106.39,103.13,100.42,98.79,98.25,97.70,96.62,96.62,95.53,102.04,99.33,97.16,96.07,95.53,94.99,94.45,94.45,93.36,93.36,96.62,95.53,94.45,94.45,93.36,93.36,92.28,92.28,92.28,91.73,93.36,92.28,91.73,91.19,91.73,91.73,91.19,90.65,90.10,89.56"
Rec-025_30s_1,6,7,3841,core,315,331,0.0,4.0,0.9883,318,333,327,336,1.0,True,95.5589,115.6133,89.5616,5.1317,94.4463,"115.61,108.01,103.67,100.96,98.79,98.25,97.70,97.16,96.07,95.53,103.13,99.87,98.25,96.07,95.53,94.99,94.45,94.45,93.36,93.36,97.16,95.53,94.99,94.45,93.36,92.28,92.28,92.28,91.73,91.19,93.36,92.28,92.28,91.73,91.19,91.19,90.65,90.10,89.56,89.56"
Rec-025_30s_1,6,8,3842,core,324,331,0.0,9.0,0.9894,327,333,336,336,1.0,True,96.0609,112.8996,91.1898,4.4879,95.5318,"112.90,107.47,103.13,100.96,99.33,98.25,98.25,98.25,97.70,97.70,102.04,99.33,98.25,96.62,96.07,95.53,95.53,95.53,94.99,95.53,96.07,95.53,94.45,94.45,94.45,93.36,93.36,93.36,93.36,93.36,92.28,92.28,92.28,91.73,91.73,91.73,91.73,91.19,91.19,91.19"
Rec-025_30s_1,6,9,3843,core,333,331,0.0,9.0,0.9902,336,333,345,336,1.0,True,97.947,112.8996,93.3608,4.19,97.16,"112.90,108.56,105.30,103.13,101.50,100.96,100.42,99.87,99.33,99.33,103.13,100.96,99.33,98.79,98.25,97.70,97.70,97.16,97.16,97.16,97.70,97.16,96.07,96.07,95.53,95.53,95.53,95.53,95.53,95.53,94.45,94.45,94.45,94.45,94.45,93.36,93.36,93.36,93.36,93.36"
Rec-025_30s_1,6,10,3844,core,338,331,0.0,5.0,0.9919,341,333,350,336,1.0,True,98.0013,111.2714,92.2753,3.9231,97.16,"111.27,106.93,104.22,103.13,102.04,101.50,100.96,100.42,99.33,98.79,103.13,100.96,99.87,98.79,98.25,98.25,98.25,97.70,97.16,96.62,98.25,97.16,96.62,96.62,96.62,96.07,95.53,95.53,95.53,94.99,94.99,94.45,94.45,94.45,94.45,94.45,93.36,93.36,93.36,92.28"
Rec-025_30s_1,6,11,3845,core,347,331,0.0,9.0,0.9916,350,333,359,336,0.8,False,90.0772,110.1859,75.9929,9.0183,91.7325,"110.19,105.30,102.04,98.79,96.62,94.45,89.56,81.96,78.16,76.54,103.13,99.87,98.25,96.62,94.45,93.36,89.02,81.96,78.16,76.54,98.25,96.62,94.99,94.45,92.28,90.65,86.85,80.88,77.62,75.99,94.99,94.45,92.28,91.19,90.10,88.48,84.68,79.79,77.62,75.99"
Rec-025_30s_1,6,12,3846,core,351,331,0.0,4.0,0.9884,354,333,363,336,0.4,False,82.4652,106.9294,74.9074,8.6868,77.6212,"106.93,101.50,94.45,84.13,79.79,77.62,76.54,76.54,75.99,75.45,99.87,96.62,91.19,83.05,79.79,77.62,75.99,75.99,75.45,75.45,94.99,92.28,88.48,81.96,78.71,77.08,75.99,75.99,75.45,74.91,91.19,89.56,85.76,80.88,77.62,76.54,75.99,75.45,74.91,74.91"
Rec-025_30s_1,6,13,3847,core,355,331,0.0,4.0,0.9915,358,333,367,336,0.0,False,77.092,88.4761,74.3647,2.9088,75.9929,"88.48,83.59,80.33,78.16,77.08,76.54,75.99,75.99,75.45,75.45,84.13,80.33,78.16,77.08,75.99,75.99,75.99,75.45,74.91,74.91,80.88,78.16,77.62,75.99,75.99,75.99,75.45,74.91,74.91,74.36,78.71,77.62,76.54,75.99,75.99,75.45,75.45,74.91,74.36,74.36"
Rec-026_60s_2,1,1,3974,core,290,331,0.0,0.0,0.9857,293,333,302,336,1.0,True,79.5208,100.4165,71.651,6.0923,78.1639,"100.42,94.45,89.56,86.85,85.22,84.13,83.59,83.05,83.05,81.96,86.85,84.13,81.96,80.88,79.79,79.79,78.71,78.71,78.16,78.16,79.79,78.16,77.62,77.08,76.54,76.54,75.99,75.99,75.45,74.91,74.36,73.82,73.82,73.82,73.82,73.82,73.28,72.74,72.19,71.65"
Rec-026_60s_2,1,2,3975,core,294,331,0.0,4.0,0.9859,297,333,306,336,1.0,True,79.4122,98.2455,71.651,5.6926,78.4353,"98.25,92.28,89.02,86.31,84.68,84.13,83.05,83.05,82.51,81.96,86.85,84.13,82.51,80.88,80.33,79.79,78.71,78.71,78.16,77.62,79.79,78.71,77.62,77.62,76.54,75.99,75.99,75.45,75.45,74.91,75.45,74.91,74.36,73.82,73.82,73.82,73.28,72.19,72.19,71.65"
Rec-026_60s_2,1,3,3976,core,298,331,0.0,4.0,0.9849,301,333,310,336,1.0,True,79.67,102.0447,71.651,6.3149,78.4353,"102.04,94.45,90.10,86.85,84.68,84.13,83.05,83.05,81.96,81.42,88.48,85.22,83.05,80.88,80.33,79.79,78.71,78.71,78.16,77.62,80.88,78.71,78.16,77.62,77.08,75.99,75.99,75.45,74.91,74.36,75.99,74.91,74.36,73.82,73.82,73.28,72.74,72.74,71.65,71.65"
Rec-026_60s_2,1,4,3977,core,303,331,0.0,5.0,0.9873,306,333,315,336,1.0,True,78.9916,96.0745,71.651,5.3413,78.1639,"96.07,91.19,87.93,85.76,84.13,83.59,83.05,82.51,81.96,80.88,85.76,83.59,81.42,80.33,79.79,78.71,78.71,78.16,78.16,77.62,79.79,78.16,77.62,77.08,76.54,75.99,75.99,75.45,75.45,74.36,75.45,74.91,74.36,73.82,73.82,73.28,72.74,72.19,71.65,71.65"
Rec-026_60s_2,1,5,3978,core,307,331,0.0,4.0,0.9849,310,333,319,336,1.0,True,79.2358,98.7882,72.1937,5.7162,77.8925,"98.79,93.36,89.02,85.76,84.13,83.59,83.05,82.51,81.42,80.88,86.85,84.13,81.96,80.33,79.79,78.71,78.71,78.16,77.62,77.62,79.79,78.71,77.62,77.08,76.54,75.99,75.99,75.45,74.91,74.91,75.45,74.36,74.36,73.82,73.82,73.28,73.28,72.74,72.74,72.19"
Rec-026_60s_2,1,6,3979,core,312,331,0.0,5.0,0.9876,315,333,324,336,1.0,True,78.7338,94.989,72.1937,4.9669,77.8925,"94.99,90.10,86.85,84.68,83.59,83.05,82.51,81.96,80.88,80.88,85.22,83.05,80.88,80.33,79.79,78.71,78.71,78.16,77.62,77.62,78.71,78.16,77.08,76.54,75.99,75.99,75.99,75.45,75.45,74.91,74.91,74.91,74.36,73.82,73.82,73.28,73.28,72.74,72.19,72.19"
Rec-026_60s_2,1,7,3980,core,316,331,0.0,4.0,0.9849,319,333,328,336,1.0,True,79.4258,97.7027,73.2792,5.3899,78.4353,"97.70,92.28,88.48,85.76,84.13,83.05,83.05,82.51,81.96,81.96,86.85,84.13,81.96,80.88,79.79,79.79,78.71,78.71,78.16,78.16,79.79,78.71,77.62,77.08,76.54,75.99,75.99,75.99,75.45,75.45,75.45,74.91,74.36,74.36,73.82,73.82,73.82,73.28,73.28,73.28"
Rec-026_60s_2,1,8,3981,core,321,331,0.0,5.0,0.9885,324,333,333,336,1.0,True,79.6022,94.4463,74.3647,4.6078,79.7922,"94.45,89.56,86.31,84.68,84.13,84.13,83.59,83.59,83.05,83.05,85.22,83.05,80.88,80.33,80.33,79.79,79.79,79.79,79.79,79.79,79.79,78.16,77.62,77.08,77.08,77.08,76.54,76.54,76.54,76.54,75.45,74.91,74.91,74.36,74.36,74.36,74.36,74.36,74.36,74.36"
Rec-026_60s_2,1,9,3982,core,326,331,0.0,5.0,0.9853,329,333,338,336,1.0,True,80.3756,92.2753,75.4502,4.2013,80.3349,"92.28,89.02,86.85,85.76,85.22,84.68,84.68,84.68,84.68,84.13,84.13,83.05,81.96,81.42,80.88,80.88,80.88,80.88,80.88,80.88,79.79,78.71,78.16,78.16,77.62,77.62,77.62,77.62,77.62,77.62,75.99,75.99,75.99,75.99,75.45,75.45,75.45,75.45,75.45,75.45"
Rec-026_60s_2,1,10,3983,core,330,331,0.0,4.0,0.9892,333,333,342,336,1.0,True,81.7867,95.5318,76.5357,4.6044,81.4204,"95.53,91.19,89.02,87.93,87.39,86.85,86.31,85.76,85.76,85.76,86.31,84.13,83.05,83.05,83.05,82.51,81.96,81.96,81.96,81.96,80.88,79.79,79.79,79.79,78.71,78.71,78.71,78.71,78.71,78.71,77.62,77.08,77.08,76.54,76.54,76.54,76.54,76.54,76.54,76.54"
Rec-026_60s_2,1,11,3984,core,339,331,0.0,9.0,0.9899,342,333,351,336,1.0,True,83.3471,96.0745,77.6212,4.5699,82.7773,"96.07,93.36,91.19,89.56,89.02,87.93,87.93,87.39,86.85,85.76,87.93,86.31,85.22,84.68,84.13,84.13,84.13,83.59,83.05,83.05,82.51,81.96,81.42,81.42,80.88,80.88,80.88,80.88,80.33,79.79,78.71,78.71,78.71,78.71,78.16,78.16,77.62,77.62,77.62,77.62"
Rec-026_60s_2,1,12,3985,core,353,331,0.0,14.0,0.9824,356,333,365,336,0.2,False,76.3593,90.6471,73.822,3.3663,74.9074,"90.65,83.05,78.71,77.62,75.99,75.99,74.91,74.91,74.36,74.36,84.68,79.79,77.62,76.54,75.99,75.45,74.91,74.36,74.36,73.82,80.88,77.62,76.54,75.99,74.91,74.91,74.36,74.36,73.82,73.82,77.62,76.54,75.99,74.91,74.36,74.36,73.82,73.82,73.82,73.82"
Rec-026_60s_2,1,13,3986,core,355,330,26.57,2.24,0.9815,358,332,367,335,0.0,False,77.5669,97.16,73.822,4.6305,75.9929,"97.16,87.93,83.05,79.79,77.62,76.54,75.99,75.45,74.91,74.91,87.93,83.05,79.79,77.62,75.99,75.45,75.45,75.45,74.91,74.36,82.51,78.71,77.08,75.99,75.99,75.45,74.91,74.36,74.36,73.82,78.71,77.08,75.99,75.99,75.45,74.91,74.91,74.91,74.36,73.82"
Rec-026_60s_2,2,1,4109,core,290,331,0.0,0.0,0.9867,293,333,302,336,1.0,True,87.1599,105.8439,79.7922,6.1571,85.491,"105.84,101.50,98.25,95.53,94.45,93.36,92.28,92.28,91.19,90.65,92.28,91.19,89.56,88.48,87.93,87.93,87.93,87.39,86.31,85.76,85.22,84.68,84.68,84.68,84.13,84.13,84.13,83.59,83.05,83.05,80.33,80.88,80.88,80.88,80.88,80.88,80.33,80.33,79.79,79.79"
Rec-026_60s_2,2,2,4110,core,294,331,0.0,4.0,0.9829,297,333,306,336,1.0,True,87.0378,105.3012,78.7067,5.8399,85.7624,"105.30,100.42,96.62,94.99,93.36,92.28,91.19,90.65,89.56,89.56,94.45,91.73,90.10,89.02,87.93,87.93,86.85,85.76,85.76,84.68,87.39,86.31,85.76,85.22,84.13,84.13,83.59,83.05,82.51,81.96,83.05,82.51,81.96,81.42,80.88,80.88,80.33,79.79,79.79,78.71"
Rec-026_60s_2,2,3,4111,core,298,331,0.0,4.0,0.9877,301,333,310,336,1.0,True,86.9021,106.9294,78.7067,6.0203,85.7624,"106.93,101.50,97.16,94.45,92.28,91.19,91.19,89.56,89.56,88.48,94.99,92.28,89.56,88.48,87.93,86.85,86.31,85.76,85.22,84.68,87.93,86.31,85.76,84.68,84.13,83.59,83.05,82.51,82.51,81.96,83.05,82.51,81.96,81.42,80.88,80.88,80.33,79.79,79.79,78.71"
Rec-026_60s_2,2,4,4112,core,302,331,0.0,4.0,0.9849,305,333,314,336,1.0,True,86.7529,109.1004,78.7067,6.32,85.2196,"109.10,102.04,97.70,94.45,92.28,91.19,90.10,89.56,88.48,87.93,95.53,92.28,89.56,87.93,87.39,86.31,85.76,85.22,84.68,84.13,87.93,86.31,85.22,84.13,84.13,83.59,83.05,83.05,82.51,81.42,83.05,81.96,81.42,80.88,80.88,80.33,80.33,79.79,79.79,78.71"
Rec-026_60s_2,2,5,4113,core,307,331,0.0,5.0,0.9881,310,333,319,336,1.0,True,85.8709,104.2157,78.7067,5.3663,84.4055,"104.22,98.79,95.53,91.73,90.65,89.56,89.02,87.93,87.93,87.39,93.36,90.65,88.48,87.39,86.31,85.76,85.22,84.68,84.13,84.13,86.85,85.76,84.13,84.13,83.59,83.05,83.05,81.96,81.96,81.42,82.51,81.96,81.42,80.88,80.88,80.33,79.79,79.79,79.79,78.71"
Rec-026_60s_2,2,6,4114,core,312,331,0.0,5.0,0.9853,315,333,324,336,1.0,True,85.1789,99.8737,78.7067,4.5123,84.1341,"99.87,95.53,92.28,90.65,89.56,89.02,88.48,87.93,87.93,87.39,91.19,88.48,87.39,86.31,85.76,85.22,85.22,84.13,84.13,84.13,85.76,84.68,84.13,83.59,83.05,83.05,82.51,82.51,81.96,81.42,81.96,81.42,80.88,80.88,80.33,80.33,79.79,79.79,79.79,78.71"
Rec-026_60s_2,2,7,4115,core,316,331,0.0,4.0,0.9891,319,333,328,336,1.0,True,85.5724,101.502,79.7922,4.7696,84.6769,"101.50,96.62,93.36,91.19,90.10,89.56,89.02,88.48,87.93,87.93,91.73,89.56,87.93,86.85,85.76,85.76,85.22,84.68,84.68,84.68,85.76,84.68,84.13,83.59,83.59,83.05,83.05,82.51,81.96,81.96,81.96,81.42,80.88,80.88,80.88,80.33,80.33,79.79,79.79,79.79"
Rec-026_60s_2,2,8,4116,core,321,331,0.0,5.0,0.9876,324,333,333,336,1.0,True,85.7488,98.2455,80.8776,4.2084,85.7624,"98.25,94.99,92.28,91.19,90.10,89.56,89.56,89.56,89.56,89.56,90.10,88.48,87.39,86.85,86.31,85.76,85.76,85.76,85.76,85.76,85.76,84.68,84.13,83.59,83.59,83.05,83.05,83.05,83.05,83.05,81.96,81.42,80.88,80.88,80.88,80.88,80.88,80.88,80.88,80.88"
Rec-026_60s_2,2,9,4117,core,325,331,0.0,4.0,0.9896,328,333,337,336,1.0,True,87.0514,100.9592,81.4204,4.5711,86.5765,"100.96,97.16,94.45,92.28,91.73,91.19,91.19,91.19,90.65,90.65,91.73,90.10,88.48,87.93,87.93,87.93,87.93,87.39,86.85,86.85,86.31,85.76,85.22,85.22,84.68,84.68,84.68,84.13,84.13,84.13,82.51,81.96,81.96,81.96,81.42,81.96,81.96,81.96,81.42,81.42"
Rec-026_60s_2,2,10,4118,core,330,331,0.0,5.0,0.9883,333,333,342,336,1.0,True,87.7569,99.8737,82.5059,4.2483,87.3906,"99.87,96.62,94.45,93.36,92.28,92.28,92.28,91.73,91.73,91.73,91.73,90.10,89.56,89.02,88.48,87.93,87.93,87.93,87.93,87.93,86.85,86.31,85.76,85.76,85.76,85.22,85.22,85.22,85.22,85.22,83.05,83.05,83.05,83.05,83.05,83.05,83.05,82.51,82.51,82.51"
Rec-026_60s_2,2,11,4119,core,334,331,0.0,4.0,0.9897,337,333,346,336,1.0,True,88.9103,102.0447,83.0486,4.6928,88.7475,"102.04,98.25,96.07,94.99,94.45,94.45,94.45,93.36,93.36,92.28,93.36,91.19,90.65,90.10,89.56,89.56,89.56,89.56,89.56,89.56,87.93,87.39,86.85,86.85,86.31,86.31,86.31,85.76,85.76,85.76,84.13,84.13,83.59,83.59,83.59,83.05,83.59,83.05,83.05,83.05"
Rec-026_60s_2,2,12,4120,core,339,331,0.0,5.0,0.9893,342,333,351,336,1.0,True,89.2224,100.9592,83.0486,4.503,88.4761,"100.96,98.25,96.62,95.53,94.99,94.45,94.45,93.36,92.28,91.73,93.36,91.73,91.19,91.19,90.65,90.65,90.10,89.56,89.56,89.02,87.93,87.93,87.93,87.39,87.39,86.85,86.85,86.31,86.31,85.76,84.13,84.13,84.13,84.13,84.13,84.13,83.59,83.59,83.59,83.05"
Rec-026_60s_2,2,13,4121,core,348,331,0.0,9.0,0.986,351,333,360,336,0.7,False,83.51,100.9592,73.822,7.0395,83.5914,"100.96,97.70,94.45,92.28,90.65,87.39,80.88,77.62,75.99,74.91,93.36,91.73,90.65,89.56,87.93,85.22,79.79,77.08,75.99,74.91,89.02,87.93,86.85,85.76,85.22,82.51,78.16,75.99,75.45,74.36,84.68,84.13,84.13,83.05,81.96,79.79,77.62,75.99,74.91,73.82"
Rec-026_60s_2,2,14,4122,core,352,331,0.0,4.0,0.9861,355,333,364,336,0.3,False,78.4624,98.2455,73.822,5.7387,75.9929,"98.25,92.28,83.59,78.71,77.62,75.99,75.99,75.45,74.91,74.36,91.73,87.93,80.88,78.16,75.99,75.99,75.45,74.91,74.36,74.36,86.85,84.13,79.79,77.08,75.99,75.45,74.91,74.36,74.36,73.82,83.05,80.88,77.62,75.99,75.99,74.91,74.36,74.36,73.82,73.82"
Rec-026_60s_2,2,15,4123,core,355,331,0.0,3.0,0.9838,358,333,367,336,0.0,False,76.4,87.9333,73.822,2.8533,75.4502,"87.93,83.05,79.79,77.62,76.54,75.99,75.45,74.91,74.91,74.91,83.05,79.79,77.62,76.54,75.99,75.45,74.91,74.91,74.36,74.36,78.71,77.62,76.54,75.99,75.45,74.91,74.91,74.36,74.36,74.36,77.62,76.54,75.45,75.45,74.91,74.91,74.36,73.82,73.82,73.82"
Rec-026_60s_2,2,16,4124,core,355,330,90.0,1.0,0.9915,358,332,367,335,0.0,False,76.997,91.7325,73.822,3.6521,75.9929,"91.73,85.76,80.88,78.16,76.54,75.99,75.99,75.45,74.91,74.91,85.76,80.88,78.16,77.08,75.99,75.99,75.45,74.91,74.91,74.36,80.88,78.71,77.08,75.99,75.99,75.45,74.91,74.36,74.36,73.82,78.71,77.08,75.99,75.99,75.45,74.91,74.36,74.36,73.82,73.82"
Rec-026_60s_2,3,1,4253,core,291,331,0.0,1.0,0.986,294,333,303,336,1.0,True,90.6199,108.5576,84.1341,5.5202,89.5616,"108.56,103.67,100.42,98.25,96.07,95.53,94.99,94.45,93.36,93.36,96.07,94.45,92.28,91.73,91.73,91.19,90.65,90.10,89.56,89.56,89.56,89.02,89.02,88.48,88.48,87.93,87.93,87.39,86.85,86.85,84.68,85.22,85.22,85.22,85.22,84.68,84.68,84.13,84.13,84.13"
Rec-026_60s_2,3,2,4254,core,295,331,0.0,4.0,0.9836,298,333,307,336,1.0,True,91.1627,113.9851,83.5914,6.2979,89.5616,"113.99,106.39,102.04,98.79,96.62,95.53,94.45,93.36,92.28,92.28,99.33,96.62,94.45,92.28,91.73,91.19,90.10,89.56,89.56,88.48,92.28,90.65,89.56,89.02,88.48,87.93,87.93,87.39,86.85,85.76,86.85,86.31,85.76,85.76,85.22,85.22,84.68,84.13,84.13,83.59"
Rec-026_60s_2,3,3,4255,core,300,331,0.0,5.0,0.9877,303,333,312,336,1.0,True,90.1043,108.5576,83.0486,5.3893,89.0188,"108.56,103.13,99.33,96.62,94.99,94.45,93.36,92.28,91.19,91.19,97.70,94.99,92.28,91.19,90.65,89.56,89.56,89.02,88.48,87.93,91.19,90.10,89.02,88.48,87.93,87.39,87.39,86.85,86.31,85.76,86.31,85.76,85.76,85.22,84.68,84.68,84.13,84.13,83.59,83.05"
Rec-026_60s_2,3,4,4256,core,313,331,0.0,13.0,0.9862,316,333,325,336,1.0,True,89.5344,108.5576,83.0486,5.1788,88.4761,"108.56,102.04,98.25,95.53,93.36,92.28,91.73,91.19,91.19,90.65,96.62,94.45,91.73,90.65,89.56,89.56,89.02,88.48,87.93,87.93,90.65,89.56,88.48,87.93,87.39,86.85,86.31,85.76,85.76,85.76,86.31,85.76,85.76,85.22,84.68,84.13,84.13,83.59,83.59,83.05"
Rec-026_60s_2,3,5,4257,core,318,331,0.0,5.0,0.9898,321,333,330,336,1.0,True,89.046,103.6729,84.1341,4.3571,88.4761,"103.67,99.33,96.07,94.45,93.36,92.28,91.73,91.73,91.19,91.19,94.45,92.28,91.19,90.10,89.56,89.02,89.02,88.48,88.48,88.48,89.56,88.48,87.93,87.39,86.85,86.31,86.31,85.76,86.31,85.76,85.76,85.22,84.68,84.68,84.13,84.13,84.13,84.13,84.13,84.13"
Rec-026_60s_2,3,6,4258,core,327,331,0.0,9.0,0.9899,330,333,339,336,1.0,True,90.9184,105.3012,85.7624,4.4326,90.9184,"105.30,100.96,97.70,96.07,94.99,94.99,94.45,94.45,94.45,94.45,95.53,93.36,92.28,91.73,91.19,91.19,91.19,91.19,91.19,91.19,90.65,89.56,89.02,89.02,89.02,88.48,88.48,88.48,88.48,88.48,86.31,86.31,86.31,85.76,85.76,85.76,85.76,85.76,85.76,85.76"
Rec-026_60s_2,3,7,4259,core,332,331,0.0,5.0,0.9878,335,333,344,336,1.0,True,91.4069,103.1302,85.7624,4.0448,90.9184,"103.13,99.33,97.70,96.62,96.07,95.53,95.53,94.99,94.99,94.45,95.53,94.45,93.36,92.28,92.28,91.73,91.73,91.73,91.19,91.19,90.65,90.10,89.56,89.56,89.56,89.56,89.56,89.56,89.02,89.02,87.39,87.39,86.85,86.85,86.85,86.31,86.31,86.31,86.31,85.76"
Rec-026_60s_2,3,8,4260,core,341,331,0.0,9.0,0.9882,344,333,353,336,1.0,True,92.3703,104.2157,85.7624,4.2596,91.7325,"104.22,101.50,98.79,98.25,97.70,96.62,96.07,95.53,94.45,93.36,97.16,95.53,94.99,94.45,94.45,93.36,93.36,92.28,91.73,91.19,92.28,91.73,91.19,91.19,91.19,90.65,90.10,89.56,89.02,88.48,88.48,88.48,87.93,87.93,87.93,87.93,87.39,86.85,85.76,85.76"
Rec-026_60s_2,3,9,4261,core,345,331,0.0,4.0,0.9889,348,333,357,336,1.0,True,90.4028,106.3867,77.6212,6.2721,89.8329,"106.39,103.13,100.42,98.25,96.62,95.53,93.36,91.19,88.48,80.88,98.25,96.62,95.53,94.45,93.36,92.28,91.19,89.56,86.31,80.33,93.36,92.28,91.73,91.19,90.10,89.56,88.48,86.85,84.13,78.71,89.56,89.02,88.48,87.93,87.39,86.31,85.76,84.13,81.42,77.62"
Rec-026_60s_2,3,10,4262,core,350,331,0.0,5.0,0.9858,353,333,362,336,0.5,False,82.0717,102.0447,73.822,7.8052,78.4353,"102.04,97.70,94.45,90.10,83.05,78.16,76.54,75.99,75.45,74.36,95.53,93.36,91.19,87.93,80.88,77.62,75.99,75.45,74.91,74.36,91.19,89.56,88.48,85.22,79.79,77.62,75.99,74.91,74.36,74.36,87.93,86.31,85.22,83.05,78.71,76.54,75.45,74.91,74.36,73.82"
Rec-026_60s_2,3,11,4263,core,354,331,0.0,4.0,0.9871,357,333,366,336,0.1,False,76.7663,90.6471,73.822,3.4281,75.4502,"90.65,83.59,79.79,77.62,76.54,75.99,75.45,74.91,74.36,74.36,85.22,80.33,77.62,76.54,75.99,75.45,74.91,74.91,74.36,73.82,81.42,78.71,77.08,75.99,75.45,75.45,74.91,74.91,74.36,73.82,79.79,77.62,75.99,75.45,75.45,74.91,74.91,74.36,73.82,73.82"
Rec-026_60s_2,3,12,4264,core,355,330,45.0,1.41,0.9895,358,332,367,335,0.0,False,77.6212,95.5318,73.822,4.4739,75.9929,"95.53,87.93,83.05,78.71,77.62,76.54,75.99,75.45,74.91,74.91,87.93,83.05,79.79,77.62,75.99,75.99,75.45,74.91,74.91,74.36,83.05,79.79,77.62,76.54,75.99,75.45,74.91,74.91,74.36,74.36,79.79,77.62,75.99,75.99,75.45,74.91,74.91,74.36,74.36,73.82"
Rec-026_60s_2,4,1,4386,core,290,331,0.0,0.0,0.9871,293,333,302,336,1.0,True,91.9632,108.5576,85.2196,5.3176,90.3757,"108.56,105.30,102.04,98.79,97.70,97.16,96.62,96.07,95.53,94.99,95.53,94.99,93.36,92.28,92.28,92.28,92.28,91.73,91.73,91.19,89.56,89.56,89.56,89.56,89.56,89.56,89.56,89.56,89.56,89.02,85.22,85.76,85.76,86.85,86.85,86.85,86.85,86.85,86.31,85.76"
Rec-026_60s_2,4,2,4387,core,292,331,0.0,2.0,0.9832,295,333,304,336,1.0,True,93.2522,113.9851,86.3051,5.9308,91.7325,"113.99,108.56,103.67,100.96,98.79,97.70,97.16,96.07,95.53,94.99,99.87,97.70,95.53,94.45,93.36,93.36,92.28,92.28,91.73,91.19,92.28,91.73,91.19,91.19,90.65,90.65,89.56,89.56,89.56,89.56,87.93,87.93,87.93,87.93,87.93,87.93,87.39,86.85,86.85,86.31"
Rec-026_60s_2,4,3,4388,core,297,331,0.0,5.0,0.9875,300,333,309,336,1.0,True,92.5195,111.2714,85.7624,5.3481,91.1898,"111.27,105.84,102.04,98.79,97.16,96.07,95.53,94.45,94.45,93.36,99.33,97.16,95.53,94.45,92.28,92.28,91.19,91.19,90.65,90.10,93.36,92.28,91.19,90.65,90.10,90.10,89.56,89.02,88.48,88.48,89.02,88.48,88.48,87.93,87.93,87.39,86.85,86.31,86.31,85.76"
Rec-026_60s_2,4,4,4389,core,301,331,0.0,4.0,0.9857,304,333,313,336,1.0,True,92.5602,113.9851,85.7624,5.7207,91.1898,"113.99,106.93,102.04,98.79,97.16,95.53,94.99,94.45,93.36,92.28,100.42,97.70,95.53,94.45,92.28,91.73,91.19,91.19,90.10,89.56,94.45,92.28,91.73,90.65,90.10,89.56,89.56,89.02,88.48,87.93,89.56,89.02,88.48,87.93,87.93,87.39,86.85,86.31,85.76,85.76"
Rec-026_60s_2,4,5,4390,core,306,331,0.0,5.0,0.9889,309,333,318,336,1.0,True,91.4883,108.5576,85.7624,4.801,90.3757,"108.56,103.67,99.87,97.16,95.53,94.45,94.45,93.36,92.28,91.73,98.25,95.53,93.36,92.28,91.73,91.19,90.65,90.10,89.56,89.56,92.28,91.19,90.65,90.10,89.56,89.02,89.02,88.48,87.93,87.93,89.02,87.93,87.93,87.39,87.39,86.85,86.31,85.76,85.76,85.76"
Rec-026_60s_2,4,6,4391,core,310,331,0.0,4.0,0.986,313,333,322,336,1.0,True,91.719,110.1859,85.7624,5.1181,90.3757,"110.19,105.30,100.42,97.70,95.53,94.45,94.45,93.36,92.28,92.28,98.79,96.07,94.45,92.28,91.73,91.19,90.65,90.10,90.10,89.56,93.36,91.19,90.65,89.56,89.56,89.56,88.48,88.48,87.93,87.93,89.02,87.93,87.93,87.93,87.39,86.85,86.31,86.31,85.76,85.76"
Rec-026_60s_2,4,7,4392,core,315,331,0.0,5.0,0.9899,318,333,327,336,1.0,True,91.1084,106.9294,85.7624,4.4269,90.1043,"106.93,102.04,98.25,96.07,94.99,94.45,93.36,92.28,92.28,92.28,97.16,94.99,93.36,92.28,91.19,90.65,90.65,90.10,89.56,89.56,91.73,91.19,90.10,89.56,89.56,89.02,88.48,87.93,87.93,87.93,88.48,87.93,87.93,87.39,86.85,86.31,86.31,85.76,85.76,85.76"
Rec-026_60s_2,4,8,4393,core,320,331,0.0,5.0,0.9874,323,333,332,336,1.0,True,91.2169,103.6729,86.8478,3.679,91.1898,"103.67,99.87,97.16,95.53,94.45,94.45,93.36,93.36,93.36,93.36,95.53,94.45,92.28,91.73,91.19,91.19,91.19,91.19,91.19,91.19,91.19,90.65,89.56,89.56,89.56,89.56,89.02,89.02,89.02,89.02,87.93,87.93,87.93,87.39,87.39,86.85,86.85,86.85,86.85,86.85"
Rec-026_60s_2,4,9,4394,core,324,331,0.0,4.0,0.9902,327,333,336,336,1.0,True,92.1803,105.8439,87.9333,3.9192,91.7325,"105.84,101.50,98.25,96.62,95.53,95.53,94.99,94.99,94.45,94.45,96.62,94.99,93.36,92.28,92.28,92.28,91.73,91.73,92.28,92.28,91.73,91.19,91.19,90.65,90.10,90.10,90.10,90.10,90.10,90.10,88.48,87.93,87.93,87.93,87.93,87.93,87.93,87.93,87.93,87.93"
Rec-026_60s_2,4,10,4395,core,329,331,0.0,5.0,0.988,332,333,341,336,1.0,True,93.103,104.2157,88.4761,3.5796,92.818,"104.22,100.96,98.25,97.70,97.16,96.62,96.07,96.07,95.53,95.53,97.16,95.53,94.45,94.45,93.36,93.36,93.36,93.36,93.36,93.36,92.28,91.73,91.19,91.19,91.19,91.19,91.19,91.19,91.19,91.19,89.56,89.56,89.02,89.02,89.02,89.02,89.02,89.02,89.02,88.48"
Rec-026_60s_2,4,11,4396,core,333,331,0.0,4.0,0.9905,336,333,345,336,1.0,True,94.4191,107.4722,89.5616,4.0122,94.4463,"107.47,103.67,100.96,99.33,98.25,97.70,97.16,96.62,96.62,96.62,98.79,97.16,96.07,95.53,95.53,94.99,94.99,94.45,94.45,94.45,94.45,93.36,93.36,92.28,92.28,92.28,92.28,92.28,92.28,92.28,90.65,90.10,90.10,90.10,90.10,89.56,89.56,89.56,89.56,89.56"
Rec-026_60s_2,4,12,4397,core,338,331,0.0,5.0,0.9886,341,333,350,336,1.0,True,94.5684,105.8439,89.5616,3.702,94.4463,"105.84,102.04,100.42,99.33,98.25,98.25,98.25,97.70,97.16,96.07,98.25,97.16,96.07,95.53,95.53,95.53,95.53,94.99,94.45,93.36,94.45,94.45,93.36,93.36,93.36,93.36,92.28,92.28,91.73,91.19,91.19,91.19,91.19,90.65,90.65,90.10,89.56,89.56,89.56,89.56"
Rec-026_60s_2,4,13,4398,core,342,331,0.0,4.0,0.9898,345,333,354,336,1.0,True,94.4327,108.5576,86.8478,4.6189,93.3608,"108.56,105.30,102.04,100.42,99.33,98.25,97.70,96.07,94.99,93.36,100.42,98.25,97.70,96.62,96.07,95.53,94.45,93.36,92.28,91.19,95.53,94.99,94.45,93.36,93.36,92.28,92.28,91.19,90.10,89.02,91.73,91.19,91.19,91.19,90.65,90.10,89.56,88.48,87.93,86.85"
Rec-026_60s_2,4,14,4399,core,351,331,0.0,9.0,0.9883,354,333,363,336,0.4,False,81.3933,103.6729,73.822,8.052,77.6212,"103.67,98.79,93.36,84.13,79.79,77.62,75.99,75.99,74.91,74.36,97.16,94.45,90.10,83.05,78.71,76.54,75.99,75.45,74.91,74.36,92.28,90.65,87.39,80.88,77.62,76.54,75.45,74.91,74.91,74.36,89.02,87.39,84.13,79.79,77.62,75.99,74.91,74.36,74.36,73.82"
Rec-026_60s_2,4,15,4400,core,355,331,0.0,4.0,0.9873,358,333,367,336,0.0,False,76.4678,87.9333,73.822,2.8878,75.4502,"87.93,83.05,79.79,77.62,76.54,75.99,75.45,74.91,74.91,74.36,83.05,79.79,77.62,76.54,75.99,75.45,74.91,74.91,74.36,74.36,79.79,77.62,76.54,75.99,75.45,74.91,74.91,74.36,74.36,73.82,78.16,77.08,75.99,75.45,75.45,74.91,74.36,74.36,73.82,73.82"
Rec-026_60s_2,5,1,4525,core,291,331,0.0,1.0,0.9861,294,333,303,336,1.0,True,93.9171,110.7286,87.9333,4.9928,92.818,"110.73,106.39,102.04,100.42,98.79,98.25,98.25,97.70,97.16,96.07,98.25,97.16,95.53,94.99,94.45,94.45,93.36,93.36,93.36,93.36,92.28,91.73,91.73,91.73,91.73,91.19,91.19,91.19,91.19,90.65,87.93,88.48,89.02,89.02,89.02,89.02,89.02,89.02,89.02,88.48"
Rec-026_60s_2,5,2,4526,core,295,331,0.0,4.0,0.9863,298,333,307,336,1.0,True,95.1383,115.6133,88.4761,5.6469,93.9035,"115.61,109.10,105.30,102.04,99.87,98.79,98.25,97.70,96.62,96.07,102.04,99.87,97.70,96.07,95.53,94.99,94.45,94.45,93.36,92.28,95.53,94.45,93.36,93.36,92.28,92.28,91.73,91.73,91.19,91.19,91.19,90.65,90.65,90.10,89.56,89.56,89.56,89.56,89.02,88.48"
Rec-026_60s_2,5,3,4527,core,300,331,0.0,5.0,0.9875,303,333,312,336,1.0,True,94.2699,111.8141,87.9333,4.9985,93.3608,"111.81,106.39,103.13,100.42,98.79,97.70,97.16,95.53,94.99,94.45,101.50,98.25,96.62,95.53,94.99,94.45,93.36,92.28,92.28,91.19,95.53,94.45,93.36,93.36,92.28,91.73,91.19,91.19,90.65,90.10,91.19,91.19,90.65,90.10,89.56,89.56,89.02,88.48,88.48,87.93"
Rec-026_60s_2,5,4,4528,core,304,331,0.0,4.0,0.9882,307,333,316,336,1.0,True,93.795,112.8996,87.3906,5.3,92.2753,"112.90,107.47,103.13,99.87,97.70,96.62,95.53,94.99,94.45,93.36,101.50,98.25,96.62,95.53,94.45,93.36,92.28,91.73,91.19,90.65,95.53,94.45,93.36,92.28,91.73,91.19,90.65,90.10,89.56,89.02,91.19,91.19,90.10,89.56,89.56,89.02,88.48,87.93,87.93,87.39"
Rec-026_60s_2,5,5,4529,core,309,331,0.0,5.0,0.9887,312,333,321,336,1.0,True,92.411,108.5576,86.8478,4.4998,91.1898,"108.56,103.67,99.87,97.70,96.07,94.99,94.45,93.36,92.28,92.28,99.33,96.62,94.99,93.36,92.28,91.73,91.19,91.19,90.65,90.10,94.45,92.28,91.73,91.19,90.65,90.10,89.56,89.56,89.02,88.48,90.65,90.10,89.56,89.02,88.48,87.93,87.93,87.39,86.85,86.85"
Rec-026_60s_2,5,6,4530,core,313,331,0.0,4.0,0.989,316,333,325,336,1.0,True,92.506,110.1859,87.3906,4.61,91.1898,"110.19,104.22,99.87,97.16,95.53,94.99,94.45,94.45,93.36,93.36,98.79,96.62,94.45,93.36,92.28,91.73,91.19,91.19,90.65,90.65,94.45,92.28,91.19,91.19,90.65,90.10,89.56,89.56,89.02,89.02,90.10,89.56,89.02,89.02,88.48,87.93,87.93,87.93,87.39,87.39"
Rec-026_60s_2,5,7,4531,core,318,331,0.0,5.0,0.9899,321,333,330,336,1.0,True,92.126,105.8439,87.9333,3.8683,91.1898,"105.84,101.50,98.25,96.62,95.53,94.99,94.45,93.36,93.36,93.36,97.70,95.53,94.45,93.36,92.28,91.73,91.19,91.19,91.19,91.19,92.28,91.73,91.19,90.65,90.10,89.56,89.56,89.56,89.56,89.56,89.56,89.56,89.02,88.48,87.93,87.93,87.93,87.93,87.93,87.93"
Rec-026_60s_2,5,8,4532,core,322,331,0.0,4.0,0.9891,325,333,334,336,1.0,True,92.9537,108.5576,88.4761,4.1755,92.2753,"108.56,103.13,99.87,97.70,96.07,95.53,95.53,94.99,94.45,94.45,98.25,96.07,94.45,93.36,93.36,92.28,92.28,92.28,92.28,92.28,93.36,92.28,91.19,91.19,91.19,91.19,90.65,90.65,90.10,90.10,89.56,89.56,89.56,89.02,89.02,88.48,88.48,88.48,88.48,88.48"
Rec-026_60s_2,5,9,4533,core,327,331,0.0,5.0,0.9904,330,333,339,336,1.0,True,93.5372,106.3867,89.5616,3.7157,93.3608,"106.39,102.04,99.33,98.25,97.16,96.62,96.07,95.53,95.53,95.53,98.25,96.07,94.99,94.45,94.45,93.36,93.36,93.36,93.36,93.36,93.36,92.28,92.28,91.73,91.19,91.19,91.19,91.19,91.19,91.19,90.10,90.10,90.10,89.56,89.56,89.56,89.56,89.56,89.56,89.56"
Rec-026_60s_2,5,10,4534,core,331,331,0.0,4.0,0.9887,334,333,343,336,1.0,True,94.6769,109.1004,90.1043,4.1439,94.4463,"109.10,105.30,101.50,99.33,98.25,97.70,97.16,96.62,96.07,96.07,99.87,97.70,96.62,95.53,94.99,94.99,94.45,94.45,94.45,94.45,94.99,93.36,93.36,92.28,92.28,92.28,92.28,92.28,92.28,92.28,91.19,90.65,90.65,90.65,90.65,90.65,90.10,90.10,90.10,90.10"
Rec-026_60s_2,5,11,4535,core,336,331,0.0,5.0,0.9906,339,333,348,336,1.0,True,95.274,106.9294,91.1898,3.5403,94.989,"106.93,103.13,100.96,99.33,98.25,98.25,98.25,97.70,97.70,97.70,99.33,97.70,96.62,96.07,95.53,95.53,95.53,95.53,95.53,94.99,94.99,94.45,94.45,93.36,93.36,93.36,93.36,93.36,93.36,93.36,91.73,91.73,91.19,91.19,91.19,91.19,91.19,91.19,91.19,91.19"
Rec-026_60s_2,5,12,4536,core,340,331,0.0,4.0,0.9878,343,333,352,336,1.0,True,95.9388,109.6431,89.5616,4.1843,95.2604,"109.64,105.84,103.13,100.96,99.87,99.33,98.79,98.25,97.16,96.62,100.96,99.33,98.25,97.16,97.16,96.62,96.07,95.53,94.99,94.45,96.07,95.53,94.99,94.45,94.45,94.45,94.45,93.36,92.28,91.73,92.28,92.28,92.28,92.28,92.28,91.73,91.19,91.19,90.65,89.56"
Rec-026_60s_2,5,13,4537,core,345,331,0.0,5.0,0.9899,348,333,357,336,1.0,True,92.8995,108.0149,79.7922,6.2008,93.3608,"108.01,105.30,102.04,99.87,98.25,97.16,95.53,93.36,90.10,82.51,100.96,98.79,97.70,96.62,95.53,94.99,93.36,91.19,88.48,81.42,96.07,95.53,94.99,94.45,93.36,92.28,91.19,89.56,86.31,80.33,93.36,92.28,92.28,91.73,91.19,90.10,88.48,87.39,84.13,79.79"
Rec-026_60s_2,5,14,4538,core,349,331,0.0,4.0,0.9863,352,333,361,336,0.6,False,85.8845,108.5576,74.3647,9.5139,84.9482,"108.56,103.67,99.87,96.07,92.28,84.13,78.71,77.08,75.99,75.45,100.96,98.25,95.53,93.36,90.10,83.05,78.71,76.54,75.45,74.91,95.53,94.45,92.28,91.19,87.93,81.42,77.62,75.99,75.45,74.91,91.73,91.19,89.56,88.48,85.76,80.33,77.62,75.99,74.91,74.36"
Rec-026_60s_2,5,15,4539,core,354,331,0.0,5.0,0.9882,357,333,366,336,0.1,False,76.9699,91.1898,73.822,3.6935,75.7216,"91.19,83.59,79.79,77.62,76.54,75.99,75.45,74.91,74.36,74.36,86.31,80.88,78.16,77.08,75.99,75.45,74.91,74.91,74.36,73.82,83.05,78.71,77.62,75.99,75.99,75.45,74.91,74.36,74.36,73.82,81.42,78.16,77.08,75.99,75.45,74.91,74.36,73.82,73.82,73.82"
Rec-026_60s_2,5,16,4540,core,355,330,45.0,1.41,0.9889,358,332,367,335,0.0,False,77.7433,96.0745,73.822,4.5949,75.9929,"96.07,88.48,83.05,79.79,77.62,76.54,75.99,75.99,74.91,74.91,88.48,83.05,79.79,77.62,76.54,75.99,75.45,74.91,74.36,74.36,83.05,79.79,77.62,76.54,75.99,75.45,74.91,74.91,74.36,74.36,80.33,77.62,76.54,75.99,75.45,75.45,74.91,74.36,74.36,73.82"
Rec-026_60s_2,6,1,4670,core,290,331,0.0,0.0,0.9866,293,333,302,336,1.0,True,94.8398,112.8996,87.9333,5.2115,93.3608,"112.90,107.47,104.22,101.50,99.87,99.33,98.79,98.25,98.25,97.16,98.79,97.70,96.07,95.53,95.53,95.53,94.99,94.99,94.45,94.45,92.28,92.28,92.28,92.28,92.28,92.28,92.28,92.28,92.28,91.73,87.93,89.02,89.56,89.56,90.10,90.10,90.10,90.10,89.56,89.56"
Rec-026_60s_2,6,2,4671,core,294,331,0.0,4.0,0.987,297,333,306,336,1.0,True,95.6946,113.9851,89.5616,5.1521,94.4463,"113.99,108.56,105.30,102.04,100.42,99.33,98.25,97.70,97.16,96.07,102.04,99.87,98.25,96.62,96.07,95.53,94.99,94.45,94.45,93.36,95.53,94.99,94.45,94.45,93.36,93.36,93.36,92.28,92.28,91.73,91.19,91.19,91.19,91.19,91.19,91.19,90.65,90.10,90.10,89.56"
Rec-026_60s_2,6,3,4672,core,298,331,0.0,4.0,0.9848,301,333,310,336,1.0,True,95.9795,117.7843,89.5616,5.9043,94.7176,"117.78,111.27,106.39,103.13,100.96,99.33,98.25,97.70,96.07,95.53,103.67,101.50,98.79,97.16,96.07,95.53,94.99,94.45,93.36,92.28,97.16,95.53,94.99,94.45,93.36,93.36,92.28,92.28,91.73,91.19,92.28,92.28,91.73,91.19,91.19,90.65,90.10,90.10,89.56,89.56"
Rec-026_60s_2,6,4,4673,core,303,331,0.0,5.0,0.9888,306,333,315,336,1.0,True,94.5955,111.8141,89.0188,4.821,93.3608,"111.81,106.93,103.13,99.87,98.25,97.70,96.62,95.53,94.99,94.45,102.04,98.79,97.16,95.53,94.99,94.45,93.36,92.28,92.28,91.73,96.07,94.99,94.45,93.36,92.28,92.28,91.73,91.19,90.65,90.65,92.28,91.73,91.19,91.19,90.65,90.10,89.56,89.56,89.02,89.02"
Rec-026_60s_2,6,5,4674,core,312,331,0.0,9.0,0.9903,315,333,324,336,1.0,True,93.3201,109.6431,87.9333,4.373,92.2753,"109.64,104.22,100.42,98.25,96.62,95.53,95.53,94.99,94.45,93.36,99.33,97.16,95.53,94.45,93.36,92.28,92.28,91.73,91.19,91.19,94.99,93.36,92.28,92.28,91.73,91.19,90.65,90.10,89.56,89.56,91.19,90.65,90.65,90.10,89.56,89.56,89.02,88.48,88.48,87.93"
Rec-026_60s_2,6,6,4675,core,316,331,0.0,4.0,0.987,319,333,328,336,1.0,True,93.4558,111.8141,87.9333,4.8497,92.0039,"111.81,105.84,102.04,98.79,97.16,95.53,95.53,94.45,93.36,93.36,100.42,98.25,95.53,94.45,93.36,92.28,92.28,91.73,91.19,91.19,94.99,93.36,92.28,91.73,91.19,91.19,90.65,90.10,90.10,89.56,91.19,90.65,90.10,89.56,89.56,89.56,89.02,88.48,88.48,87.93"
Rec-026_60s_2,6,7,4676,core,321,331,0.0,5.0,0.9907,324,333,333,336,1.0,True,92.9673,107.4722,89.0188,3.8968,92.2753,"107.47,103.13,99.33,97.16,95.53,95.53,94.99,94.45,94.45,94.45,98.25,96.07,94.45,93.36,92.28,92.28,92.28,92.28,92.28,92.28,93.36,92.28,91.73,91.19,91.19,90.65,90.65,90.65,90.65,90.65,90.65,89.56,89.56,89.56,89.02,89.02,89.02,89.02,89.02,89.02"
Rec-026_60s_2,6,8,4677,core,335,331,0.0,14.0,0.988,338,333,347,336,1.0,True,95.5182,105.8439,91.1898,3.3578,95.5318,"105.84,103.13,100.96,99.87,98.79,98.25,98.25,98.25,98.25,98.25,98.79,97.70,96.62,96.07,96.07,95.53,95.53,95.53,95.53,95.53,95.53,94.45,94.45,94.45,94.45,93.36,94.45,93.36,93.36,93.36,92.28,91.73,91.73,91.73,91.73,91.73,91.73,91.73,91.19,91.19"
Rec-026_60s_2,6,9,4678,core,339,331,0.0,4.0,0.9908,342,333,351,336,1.0,True,96.5087,109.1004,91.1898,3.901,95.5318,"109.10,105.30,103.13,101.50,100.42,99.87,99.33,98.79,98.25,97.70,101.50,99.33,98.25,97.70,97.70,97.16,97.16,96.07,95.53,94.99,96.07,95.53,95.53,95.53,94.99,94.99,94.45,94.45,93.36,93.36,93.36,93.36,93.36,92.28,92.28,92.28,92.28,91.73,91.19,91.19"
Rec-026_60s_2,6,10,4679,core,344,331,0.0,5.0,0.9881,347,333,356,336,1.0,True,94.5141,107.4722,84.1341,4.897,93.9035,"107.47,105.30,102.04,100.96,99.87,98.25,96.62,95.53,93.36,90.10,100.96,99.33,98.25,97.70,96.62,95.53,94.45,93.36,91.19,87.93,96.62,95.53,95.53,95.53,94.45,93.36,92.28,91.19,89.56,86.31,93.36,93.36,93.36,92.28,91.73,91.19,89.56,89.02,87.39,84.13"
Rec-026_60s_2,6,11,4680,core,348,331,0.0,4.0,0.9897,351,333,360,336,0.7,False,87.9198,108.5576,74.9074,9.3397,89.5616,"108.56,104.22,100.96,98.25,94.99,91.73,84.13,78.71,76.54,75.45,101.50,98.79,96.62,94.99,93.36,89.56,83.05,78.16,75.99,75.45,96.07,95.53,94.45,92.28,90.65,87.93,81.42,77.62,75.99,74.91,93.36,92.28,91.19,89.56,87.93,85.76,80.33,77.62,75.99,74.91"
Rec-026_60s_2,6,12,4681,core,355,331,0.0,7.0,0.9848,358,333,367,336,0.0,False,76.7392,89.5616,73.822,3.2239,75.7216,"89.56,84.13,80.33,77.62,76.54,75.99,75.99,74.91,74.36,74.36,84.13,80.33,77.62,76.54,75.99,75.45,75.45,74.91,74.36,74.36,80.88,78.16,76.54,75.99,75.45,75.45,74.91,74.91,74.36,73.82,78.71,77.62,76.54,75.99,75.45,74.91,74.91,74.36,73.82,73.82"
Rec-027_std_2,1,1,1125,core,290,331,0.0,0.0,0.984,293,333,302,336,1.0,True,94.5955,111.8141,87.9333,4.8967,92.818,"111.81,106.93,103.13,100.42,99.87,98.79,98.25,98.25,97.16,96.62,98.25,97.16,95.53,95.53,94.99,94.99,94.45,94.45,94.45,93.36,92.28,92.28,92.28,92.28,92.28,92.28,92.28,92.28,91.73,91.73,87.93,89.02,89.56,90.10,90.65,90.65,90.10,90.10,90.10,89.56"
Rec-027_std_2,1,2,1126,core,293,331,0.0,3.0,0.9832,296,333,305,336,1.0,True,95.5318,113.9851,89.5616,5.1461,94.4463,"113.99,108.56,105.30,102.04,100.42,98.79,98.25,97.70,96.62,95.53,102.04,99.33,97.70,96.62,95.53,95.53,94.45,94.45,93.36,92.28,95.53,94.99,94.45,94.45,93.36,93.36,92.28,92.28,91.73,91.73,91.19,91.19,91.19,91.19,91.19,91.19,91.19,90.65,90.10,89.56"
Rec-027_std_2,1,3,1127,core,297,331,0.0,4.0,0.9817,300,333,309,336,1.0,True,95.6267,117.7843,89.5616,5.6298,94.4463,"117.78,110.19,105.30,102.04,99.33,98.25,97.70,96.62,95.53,94.99,103.13,100.42,98.25,96.62,95.53,94.45,94.45,93.36,93.36,92.28,97.16,95.53,94.45,94.45,93.36,92.28,92.28,92.28,91.73,91.19,92.28,92.28,91.73,91.19,91.19,91.19,90.65,90.65,90.10,89.56"
Rec-027_std_2,1,4,1128,core,302,331,0.0,5.0,0.9845,305,333,314,336,1.0,True,94.5548,111.8141,89.5616,4.512,93.3608,"111.81,106.39,102.04,99.33,98.25,97.16,96.07,95.53,94.45,94.45,100.96,98.25,96.62,95.53,94.45,93.36,93.36,92.28,92.28,91.73,95.53,94.99,94.45,93.36,92.28,92.28,92.28,91.19,91.19,91.19,92.28,92.28,91.19,91.19,91.19,91.19,90.65,90.10,89.56,89.56"
Rec-027_std_2,1,5,1129,core,306,331,0.0,4.0,0.9825,309,333,318,336,1.0,True,94.6498,113.9851,89.5616,4.9546,92.818,"113.99,108.01,103.13,99.87,97.70,96.62,95.53,95.53,94.45,94.45,102.04,98.79,96.62,95.53,94.45,93.36,92.28,92.28,92.28,91.73,96.07,94.99,94.45,93.36,92.28,92.28,91.73,91.19,91.19,90.65,92.28,92.28,91.73,91.19,91.19,90.65,90.65,90.10,89.56,89.56"
Rec-027_std_2,1,6,1130,core,311,331,0.0,5.0,0.9854,314,333,323,336,1.0,True,93.9578,109.6431,89.5616,3.9602,92.818,"109.64,103.67,100.42,98.25,96.62,95.53,95.53,94.99,94.45,94.45,99.87,97.16,95.53,94.45,93.36,93.36,93.36,92.28,92.28,92.28,95.53,93.36,93.36,92.28,92.28,92.28,91.19,91.19,91.19,91.19,92.28,91.73,91.19,91.19,90.65,90.65,90.10,90.10,89.56,89.56"
Rec-027_std_2,1,7,1131,core,315,331,0.0,4.0,0.9827,318,333,327,336,1.0,True,94.6769,111.8141,90.1043,4.3026,93.3608,"111.81,105.84,102.04,98.79,97.16,96.62,96.07,95.53,95.53,94.99,100.96,98.25,96.07,94.99,94.45,94.45,93.36,93.36,93.36,93.36,95.53,94.45,93.36,93.36,92.28,92.28,92.28,91.73,91.73,91.73,92.28,91.73,91.19,91.19,91.19,91.19,91.19,90.65,90.65,90.10"
Rec-027_std_2,1,8,1132,core,320,331,0.0,5.0,0.9855,323,333,332,336,1.0,True,94.8398,109.1004,90.6471,3.7208,94.4463,"109.10,104.22,100.96,98.79,97.70,97.16,96.62,96.07,95.53,94.99,99.87,97.70,96.07,95.53,94.99,94.45,94.45,94.45,93.36,93.36,95.53,94.45,94.45,93.36,93.36,93.36,92.28,92.28,92.28,92.28,92.28,92.28,91.73,91.73,91.19,91.19,91.19,91.19,91.19,90.65"
Rec-027_std_2,1,9,1133,core,324,331,0.0,4.0,0.9823,327,333,336,336,1.0,True,95.5996,111.8141,91.1898,4.2601,94.4463,"111.81,106.39,103.13,100.42,98.79,97.70,97.16,96.62,96.07,95.53,101.50,98.79,97.70,96.62,95.53,94.99,94.99,94.45,94.45,94.45,96.07,95.53,94.45,94.45,94.45,93.36,93.36,92.28,92.28,92.28,93.36,92.28,92.28,92.28,91.73,91.73,91.19,91.19,91.19,91.19"
Rec-027_std_2,1,10,1134,core,329,331,0.0,5.0,0.9854,332,333,341,336,1.0,True,95.586,109.1004,91.1898,3.7185,94.989,"109.10,105.30,101.50,99.33,98.25,98.25,97.70,97.16,97.16,96.62,100.42,98.25,97.16,96.07,95.53,95.53,94.99,94.99,94.99,94.45,96.07,94.99,94.99,94.45,94.45,93.36,93.36,93.36,93.36,92.28,93.36,92.28,92.28,92.28,92.28,92.28,91.73,91.19,91.19,91.19"
Rec-027_std_2,1,11,1135,core,334,331,0.0,5.0,0.9821,337,333,346,336,1.0,True,95.3418,106.3867,91.1898,3.3204,94.7176,"106.39,103.13,100.96,99.33,98.25,98.25,97.70,97.16,96.62,96.07,99.33,98.25,97.16,96.07,96.07,95.53,95.53,94.99,94.45,94.45,95.53,94.99,94.45,94.45,94.45,93.36,93.36,93.36,92.28,92.28,93.36,92.28,92.28,92.28,92.28,91.73,91.73,91.19,91.19,91.19"
Rec-027_std_2,1,12,1136,core,338,331,0.0,4.0,0.985,341,333,350,336,1.0,True,95.4911,109.1004,89.5616,4.0093,94.989,"109.10,105.30,102.04,100.42,98.79,98.25,97.70,97.16,96.07,95.53,100.96,98.79,98.25,96.62,96.07,95.53,95.53,94.45,94.45,93.36,96.07,95.53,95.53,94.45,94.45,93.36,93.36,92.28,92.28,91.19,93.36,93.36,92.28,92.28,92.28,91.73,91.19,90.65,90.10,89.56"
Rec-027_std_2,1,13,1137,core,343,331,0.0,5.0,0.9822,346,333,355,336,1.0,True,93.0216,105.8439,84.6769,4.5242,92.2753,"105.84,103.13,100.42,98.79,97.70,96.07,94.99,93.36,91.19,89.56,99.33,97.70,96.62,95.53,94.45,93.36,92.28,91.19,89.56,88.48,95.53,94.45,94.45,93.36,92.28,91.19,90.65,89.56,87.93,86.85,93.36,92.28,91.73,91.19,90.65,89.56,88.48,87.39,85.76,84.68"
Rec-027_std_2,1,14,1138,core,347,331,0.0,4.0,0.984,350,333,359,336,0.8,False,87.4991,105.8439,75.4502,7.7464,88.7475,"105.84,102.04,98.25,95.53,93.36,91.19,87.93,80.88,77.62,75.99,98.25,96.07,94.45,92.28,91.19,89.56,86.31,80.88,77.62,75.99,94.45,92.28,91.19,90.65,89.02,87.93,84.68,79.79,77.08,75.99,91.19,90.10,89.56,88.48,86.85,85.76,83.05,78.71,76.54,75.45"
Rec-027_std_2,1,15,1139,core,355,331,0.0,8.0,0.9817,358,333,367,336,0.0,False,76.8885,88.4761,74.3647,2.8216,75.9929,"88.48,83.59,79.79,77.62,77.08,76.54,75.99,75.45,75.45,74.91,83.05,79.79,78.16,77.08,75.99,75.99,75.99,75.45,74.91,74.36,79.79,78.16,77.08,75.99,75.99,75.45,75.45,74.91,74.91,74.36,78.71,77.08,75.99,75.99,75.99,75.45,74.91,74.91,74.36,74.36"
Rec-027_std_2,2,1,1285,core,290,331,0.0,0.0,0.984,293,333,302,336,1.0,True,94.6498,112.8996,88.4761,4.9724,92.818,"112.90,107.47,103.13,100.42,99.87,98.79,98.25,97.70,96.62,96.07,98.79,97.16,95.53,95.53,94.99,94.99,94.45,94.45,94.45,93.36,92.28,92.28,92.28,92.28,92.28,92.28,92.28,92.28,91.73,91.19,88.48,89.56,89.56,90.65,90.65,90.65,90.65,90.10,90.10,89.56"
Rec-027_std_2,2,2,1286,core,294,331,0.0,4.0,0.981,297,333,306,336,1.0,True,94.7176,111.2714,89.5616,4.4789,93.3608,"111.27,105.84,102.04,99.87,98.79,98.25,97.16,96.07,95.53,94.99,100.96,98.25,96.62,95.53,94.99,94.45,94.45,93.36,92.28,92.28,95.53,94.45,93.36,93.36,93.36,92.28,91.73,91.73,91.19,91.19,91.73,91.73,91.19,91.19,91.19,90.65,90.10,90.10,90.10,89.56"
Rec-027_std_2,2,3,1287,core,298,331,0.0,4.0,0.9844,301,333,310,336,1.0,True,94.9347,113.9851,89.5616,4.9533,93.3608,"113.99,108.01,103.13,100.42,98.25,97.70,96.62,95.53,95.53,94.45,102.04,99.33,97.16,95.53,94.99,94.45,93.36,93.36,92.28,92.28,96.07,94.99,94.45,93.36,92.28,92.28,92.28,91.19,91.19,91.19,92.28,92.28,91.73,91.19,91.19,91.19,90.65,90.10,89.56,89.56"
Rec-027_std_2,2,4,1288,core,302,331,0.0,4.0,0.9814,305,333,314,336,1.0,True,95.1926,116.6988,89.5616,5.3944,93.3608,"116.70,109.64,104.22,100.96,98.25,97.16,96.07,95.53,94.99,94.45,103.13,99.87,97.70,96.07,94.99,94.45,93.36,93.36,92.28,92.28,96.62,95.53,94.45,93.36,92.28,92.28,92.28,91.73,91.19,91.19,92.28,92.28,91.73,91.19,91.19,91.19,91.19,90.65,90.10,89.56"
Rec-027_std_2,2,5,1289,core,307,331,0.0,5.0,0.9855,310,333,319,336,1.0,True,94.3784,111.2714,90.1043,4.2928,93.3608,"111.27,105.30,101.50,98.25,97.70,96.07,95.53,95.53,94.45,94.45,100.96,98.25,96.07,94.99,94.45,93.36,93.36,92.28,92.28,92.28,95.53,94.99,93.36,93.36,92.28,92.28,91.73,91.19,91.19,91.19,92.28,92.28,91.73,91.19,91.19,90.65,90.10,90.10,90.10,90.10"
Rec-027_std_2,2,6,1290,core,312,331,0.0,5.0,0.9829,315,333,324,336,1.0,True,94.0935,107.4722,90.6471,3.4466,93.3608,"107.47,103.13,99.33,97.70,96.62,95.53,95.53,95.53,94.99,94.45,98.79,96.62,95.53,94.45,94.45,93.36,93.36,93.36,92.28,92.28,94.99,94.45,93.36,93.36,92.28,92.28,92.28,91.73,91.19,91.73,92.28,91.73,91.19,91.19,91.19,91.19,90.65,90.65,90.65,90.65"
Rec-027_std_2,2,7,1291,core,321,331,0.0,9.0,0.9842,324,333,333,336,1.0,True,95.2333,108.0149,91.1898,3.4496,94.4463,"108.01,103.13,100.96,98.79,98.25,98.25,97.16,96.62,96.07,96.07,99.87,98.25,96.62,95.53,95.53,94.99,94.99,94.45,94.45,94.45,95.53,94.99,94.45,94.45,93.36,93.36,93.36,93.36,92.28,92.28,93.36,92.28,92.28,92.28,92.28,91.73,91.73,91.19,91.19,91.19"
Rec-027_std_2,2,8,1292,core,330,331,0.0,9.0,0.9848,333,333,342,336,1.0,True,96.0881,108.5576,91.7325,3.5745,95.5318,"108.56,104.22,102.04,100.42,99.33,98.79,98.25,98.25,98.25,97.70,100.42,98.79,97.70,96.62,96.62,96.07,95.53,95.53,95.53,95.53,96.07,95.53,94.99,94.99,94.45,94.45,94.45,93.36,93.36,93.36,93.36,93.36,93.36,92.28,92.28,92.28,92.28,91.73,91.73,91.73"
Rec-027_std_2,2,9,1293,core,334,331,0.0,4.0,0.9862,337,333,346,336,1.0,True,96.7258,110.7286,91.1898,4.0673,95.8031,"110.73,106.39,103.13,102.04,100.42,99.87,99.33,98.79,98.25,97.70,102.04,99.87,98.25,98.25,97.16,96.62,96.62,96.07,95.53,95.53,97.16,96.07,95.53,95.53,94.99,94.99,94.45,94.45,93.36,93.36,94.45,93.36,93.36,93.36,93.36,92.28,92.28,91.73,91.19,91.19"
Rec-027_std_2,2,10,1294,core,339,331,0.0,5.0,0.9851,342,333,351,336,1.0,True,95.7624,108.5576,89.5616,4.0121,95.2604,"108.56,105.30,102.04,100.96,99.87,98.79,98.25,97.70,96.62,95.53,100.96,99.33,98.25,97.70,96.62,96.07,95.53,94.99,94.45,93.36,96.62,95.53,95.53,94.99,94.45,94.45,93.36,92.28,92.28,91.19,94.45,93.36,93.36,92.28,92.28,91.73,91.19,90.65,90.10,89.56"
Rec-027_std_2,2,11,1295,core,343,331,0.0,4.0,0.985,346,333,355,336,1.0,True,94.0664,109.6431,85.2196,5.0027,93.3608,"109.64,105.30,102.04,99.87,98.25,97.70,96.07,94.45,92.28,91.19,101.50,99.33,97.70,96.62,95.53,94.45,93.36,92.28,91.19,89.56,96.62,95.53,94.99,94.45,93.36,92.28,91.19,90.10,88.48,87.39,93.36,93.36,92.28,91.19,91.19,90.10,89.02,87.93,86.31,85.22"
Rec-027_std_2,2,12,1296,core,352,331,0.0,9.0,0.9828,355,333,364,336,0.3,False,79.9007,102.0447,74.3647,6.6197,76.8071,"102.04,94.99,85.22,80.33,78.16,77.08,75.99,75.99,75.45,74.91,94.99,90.10,83.05,78.71,77.62,76.54,75.99,75.45,74.91,74.91,90.10,86.85,81.42,78.71,77.08,75.99,75.99,75.45,74.91,74.91,87.39,84.68,80.33,77.62,76.54,75.99,75.45,74.91,74.91,74.36"
Rec-027_std_2,2,13,1297,core,355,331,0.0,3.0,0.9813,358,333,367,336,0.0,False,76.9834,88.4761,74.3647,2.9351,75.9929,"88.48,84.13,80.33,78.16,77.08,75.99,75.99,75.45,75.45,74.91,83.59,80.33,78.16,77.08,75.99,75.99,75.99,75.45,74.91,74.91,80.33,78.16,77.08,75.99,75.99,75.45,75.45,74.91,74.91,74.36,78.71,77.62,76.54,75.99,75.99,75.45,74.91,74.36,74.36,74.36"
Rec-027_std_2,3,1,1450,core,291,331,0.0,1.0,0.9837,294,333,303,336,1.0,True,95.3147,112.8996,90.1043,4.845,93.9035,"112.90,108.01,103.67,101.50,99.87,98.79,98.25,97.70,97.16,96.07,100.42,98.25,97.16,96.07,95.53,95.53,94.99,94.45,94.45,93.36,94.45,93.36,93.36,93.36,93.36,93.36,93.36,92.28,92.28,91.73,90.10,90.65,91.19,91.19,91.19,91.19,91.19,90.65,90.10,90.10"
Rec-027_std_2,3,2,1451,core,295,331,0.0,4.0,0.9828,298,333,307,336,1.0,True,95.776,116.6988,90.1043,5.4572,94.4463,"116.70,109.64,105.30,102.04,99.87,98.25,98.25,97.16,96.62,95.53,103.13,100.96,98.25,96.62,95.53,94.99,94.45,94.45,93.36,93.36,96.62,95.53,94.45,94.45,93.36,92.28,92.28,92.28,91.73,91.73,92.28,92.28,91.73,91.73,91.19,91.19,90.65,90.65,90.10,90.10"
Rec-027_std_2,3,3,1452,core,300,331,0.0,5.0,0.9848,303,333,312,336,1.0,True,95.0704,112.8996,90.1043,4.6823,94.4463,"112.90,106.93,103.13,100.42,98.79,97.70,96.62,96.07,95.53,94.99,102.04,98.79,97.16,95.53,94.99,94.45,94.45,93.36,92.28,92.28,96.07,94.99,94.45,94.45,93.36,92.28,92.28,91.73,91.73,91.19,92.28,92.28,91.73,91.73,91.19,91.19,90.65,90.65,90.10,90.10"
Rec-027_std_2,3,4,1453,core,304,331,0.0,4.0,0.9841,307,333,316,336,1.0,True,95.084,113.9851,90.1043,4.886,93.3608,"113.99,108.01,103.13,100.42,98.25,97.70,96.62,96.07,95.53,94.99,102.04,99.33,97.16,95.53,94.99,94.45,93.36,93.36,92.28,92.28,96.62,95.53,94.45,93.36,93.36,92.28,92.28,91.73,91.19,91.19,92.28,92.28,91.73,91.73,91.19,91.19,90.65,90.65,90.10,90.10"
Rec-027_std_2,3,5,1454,core,309,331,0.0,5.0,0.9859,312,333,321,336,1.0,True,94.4327,110.1859,90.1043,4.0461,93.3608,"110.19,104.22,101.50,98.79,97.70,96.62,96.07,95.53,94.99,94.45,100.42,97.70,95.53,94.99,94.45,94.45,93.36,93.36,92.28,92.28,95.53,94.45,93.36,93.36,92.28,92.28,91.73,91.73,91.19,91.19,92.28,92.28,91.73,91.19,91.19,91.19,90.65,90.65,90.10,90.10"
Rec-027_std_2,3,6,1455,core,318,331,0.0,9.0,0.9864,321,333,330,336,1.0,True,94.7583,108.5576,91.1898,3.5359,93.9035,"108.56,103.67,100.42,98.25,97.70,96.62,96.07,96.07,95.53,95.53,99.33,97.70,96.07,94.99,94.99,94.45,94.45,94.45,93.36,93.36,95.53,94.45,93.36,93.36,93.36,93.36,92.28,92.28,92.28,92.28,92.28,92.28,92.28,91.73,91.73,91.19,91.19,91.19,91.19,91.19"
Rec-027_std_2,3,7,1456,core,322,331,0.0,4.0,0.9836,325,333,334,336,1.0,True,95.7217,111.8141,91.1898,4.0206,94.4463,"111.81,105.84,102.04,99.87,98.25,98.25,97.70,97.16,96.07,96.07,100.96,98.79,97.16,96.07,95.53,95.53,94.99,94.45,94.45,94.45,96.07,95.53,94.45,94.45,94.45,94.45,93.36,93.36,93.36,92.28,93.36,92.28,92.28,92.28,92.28,92.28,92.28,91.73,91.73,91.19"
Rec-027_std_2,3,8,1457,core,327,331,0.0,5.0,0.9862,330,333,339,336,1.0,True,95.7489,108.5576,91.1898,3.4981,95.2604,"108.56,104.22,101.50,99.33,98.79,98.25,97.70,97.16,97.16,96.62,100.42,98.25,97.16,96.07,96.07,95.53,95.53,95.53,94.99,94.99,96.07,95.53,94.45,94.45,94.45,94.45,93.36,93.36,93.36,93.36,93.36,93.36,93.36,92.28,92.28,92.28,91.73,91.73,91.73,91.19"
Rec-027_std_2,3,9,1458,core,331,331,0.0,4.0,0.9832,334,333,343,336,1.0,True,96.4137,110.7286,91.7325,3.9413,95.5318,"110.73,106.39,103.13,100.96,99.33,98.25,98.25,98.25,97.70,97.70,102.04,99.33,98.25,97.16,96.62,96.07,95.53,95.53,95.53,95.53,96.62,95.53,95.53,94.99,94.45,94.45,94.45,94.45,93.36,93.36,94.45,93.36,93.36,93.36,92.28,92.28,92.28,92.28,91.73,91.73"
Rec-027_std_2,3,10,1459,core,336,331,0.0,5.0,0.9863,339,333,348,336,1.0,True,96.1423,108.5576,90.6471,3.6835,95.5318,"108.56,104.22,102.04,100.42,99.87,99.33,98.25,98.25,98.25,97.70,100.96,98.79,97.70,97.16,96.62,96.62,96.07,95.53,95.53,94.99,96.62,95.53,95.53,94.99,94.99,94.45,94.45,93.36,93.36,92.28,93.36,93.36,93.36,93.36,92.28,92.28,91.73,91.73,91.19,90.65"
Rec-027_std_2,3,11,1460,core,341,331,0.0,5.0,0.9828,344,333,353,336,1.0,True,94.7312,106.9294,87.9333,4.0415,94.4463,"106.93,103.13,101.50,99.87,99.33,98.25,97.70,96.07,95.53,93.36,99.87,98.25,97.70,96.62,96.07,95.53,94.45,94.45,92.28,91.19,96.07,95.53,94.99,94.45,93.36,93.36,92.28,91.19,90.10,89.56,93.36,93.36,92.28,92.28,91.19,91.19,90.65,89.56,88.48,87.93"
Rec-027_std_2,3,12,1461,core,345,331,0.0,4.0,0.9854,348,333,357,336,1.0,True,91.4612,108.0149,78.7067,6.3596,91.1898,"108.01,103.67,100.96,98.25,97.16,95.53,93.36,91.19,87.93,80.88,100.42,98.25,96.62,95.53,94.45,92.28,91.19,89.56,86.31,80.33,95.53,94.45,93.36,92.28,91.19,90.65,89.56,87.93,84.13,79.79,92.28,92.28,91.19,90.65,89.56,87.93,86.85,85.22,83.05,78.71"
Rec-027_std_2,3,13,1462,core,350,331,0.0,5.0,0.9809,353,333,362,336,0.5,False,82.6958,102.0447,74.3647,7.8187,79.2494,"102.04,98.25,94.45,90.10,83.05,78.71,77.08,75.99,75.45,75.45,96.07,94.45,91.73,87.93,81.96,78.16,76.54,75.99,75.45,74.91,92.28,90.65,89.02,85.76,80.88,77.62,75.99,75.45,75.45,74.91,89.56,87.93,86.31,84.13,79.79,77.62,75.99,75.45,74.91,74.36"
Rec-027_std_2,3,14,1463,core,354,331,0.0,4.0,0.9831,357,333,366,336,0.1,False,77.187,90.1043,74.3647,3.3877,75.9929,"90.10,84.13,79.79,77.62,77.08,75.99,75.99,75.45,74.91,74.91,85.76,80.88,78.16,77.08,76.54,75.99,75.45,74.91,74.91,74.36,82.51,78.71,77.62,76.54,75.99,75.99,75.45,74.91,74.36,74.36,80.88,78.16,77.08,75.99,75.45,75.45,74.91,74.36,74.36,74.36"
Rec-027_std_2,4,1,1612,core,290,331,0.0,0.0,0.9849,293,333,302,336,1.0,True,94.7584,111.8141,88.4761,4.9236,92.818,"111.81,107.47,103.67,100.96,99.87,98.79,98.25,98.25,97.16,96.62,98.79,97.70,95.53,95.53,95.53,95.53,94.45,94.45,94.45,93.36,92.28,92.28,92.28,92.28,92.28,92.28,92.28,92.28,91.73,91.73,88.48,89.56,90.10,90.65,90.65,90.65,90.65,90.10,90.10,89.56"
Rec-027_std_2,4,2,1613,core,293,331,0.0,3.0,0.9841,296,333,305,336,1.0,True,95.5996,115.0706,90.1043,5.2498,94.4463,"115.07,109.10,105.30,101.50,99.87,98.79,98.25,97.70,96.62,95.53,102.04,99.87,98.25,96.62,95.53,95.53,94.99,94.45,93.36,93.36,95.53,94.99,94.45,93.36,93.36,93.36,92.28,92.28,91.73,91.73,91.73,91.19,91.73,91.19,91.19,91.19,90.65,90.10,90.10,90.10"
Rec-027_std_2,4,3,1614,core,298,331,0.0,5.0,0.9824,301,333,310,336,1.0,True,94.7177,110.1859,89.5616,4.2873,93.9035,"110.19,105.30,102.04,99.87,98.25,97.70,96.62,96.07,95.53,94.99,100.96,98.25,96.62,95.53,94.99,94.45,94.45,93.36,92.28,92.28,95.53,94.99,94.45,93.36,93.36,92.28,92.28,91.73,91.19,91.19,92.28,92.28,91.19,91.19,91.19,90.65,90.10,90.10,90.10,89.56"
Rec-027_std_2,4,4,1615,core,302,331,0.0,4.0,0.9854,305,333,314,336,1.0,True,94.9347,112.8996,89.5616,4.7188,93.3608,"112.90,106.93,103.13,99.87,98.25,97.70,96.62,96.07,95.53,94.99,102.04,98.79,97.16,95.53,94.99,94.45,93.36,93.36,92.28,92.28,96.07,94.99,94.45,93.36,93.36,92.28,92.28,91.73,91.19,91.19,92.28,92.28,91.73,91.19,91.19,91.19,90.65,90.10,90.10,89.56"
Rec-027_std_2,4,5,1616,core,307,331,0.0,5.0,0.9826,310,333,319,336,1.0,True,94.1206,108.5576,89.5616,3.7911,93.3608,"108.56,103.13,100.42,98.25,97.16,96.62,96.07,95.53,94.99,94.45,99.33,97.16,95.53,94.99,94.45,93.36,93.36,92.28,92.28,92.28,94.99,94.45,93.36,93.36,92.28,92.28,91.73,91.19,91.19,91.19,92.28,92.28,91.73,91.19,91.19,90.65,90.10,90.10,89.56,89.56"
Rec-027_std_2,4,6,1617,core,311,331,0.0,4.0,0.9865,314,333,323,336,1.0,True,94.6227,110.1859,90.6471,4.0821,93.3608,"110.19,105.30,101.50,98.79,97.70,97.16,96.07,95.53,95.53,94.99,100.42,98.25,96.07,95.53,94.45,94.45,93.36,93.36,93.36,92.28,95.53,94.45,93.36,93.36,92.28,92.28,92.28,91.73,91.73,91.73,92.28,91.73,91.19,91.19,91.19,91.19,91.19,90.65,90.65,90.65"
Rec-027_std_2,4,7,1618,core,316,331,0.0,5.0,0.9841,319,333,328,336,1.0,True,94.5413,106.9294,91.1898,3.3145,93.3608,"106.93,103.13,99.87,98.25,97.70,96.62,96.07,95.53,95.53,95.53,98.79,97.16,95.53,94.99,94.45,94.45,94.45,93.36,93.36,93.36,94.99,94.45,93.36,93.36,93.36,92.28,92.28,92.28,92.28,92.28,92.28,92.28,91.73,91.73,91.73,91.19,91.19,91.19,91.19,91.19"
Rec-027_std_2,4,8,1619,core,320,331,0.0,4.0,0.9864,323,333,332,336,1.0,True,95.4232,110.1859,91.1898,3.7724,94.4463,"110.19,105.30,101.50,99.33,98.25,97.70,97.16,96.62,96.07,95.53,100.42,98.25,96.62,95.53,95.53,94.99,94.99,94.45,94.45,94.45,95.53,94.99,94.45,94.45,93.36,93.36,93.36,93.36,93.36,92.28,93.36,92.28,92.28,92.28,92.28,92.28,91.73,91.73,91.73,91.19"
Rec-027_std_2,4,9,1620,core,325,331,0.0,5.0,0.984,328,333,337,336,1.0,True,95.5453,106.9294,91.7325,3.1913,94.989,"106.93,103.13,100.96,99.33,98.25,98.25,97.70,97.16,96.62,96.07,99.33,98.25,96.62,96.07,95.53,95.53,95.53,94.99,94.99,94.45,95.53,95.53,94.45,94.45,94.45,94.45,93.36,93.36,93.36,93.36,93.36,93.36,93.36,92.28,92.28,92.28,91.73,91.73,91.73,91.73"
Rec-027_std_2,4,10,1621,core,329,331,0.0,4.0,0.9865,332,333,341,336,1.0,True,96.1152,109.6431,91.7325,3.6678,95.5318,"109.64,105.30,102.04,99.87,98.79,98.25,98.25,97.70,97.16,96.62,100.96,99.33,97.70,96.62,96.62,95.53,95.53,95.53,95.53,94.99,96.62,95.53,95.53,94.99,94.99,94.45,94.45,94.45,93.36,93.36,93.36,93.36,93.36,92.28,92.28,92.28,92.28,92.28,91.73,91.73"
Rec-027_std_2,4,11,1622,core,338,331,0.0,9.0,0.9862,341,333,350,336,1.0,True,95.7217,109.1004,89.5616,3.9467,95.2604,"109.10,105.30,102.04,100.42,98.79,98.25,98.25,97.70,96.07,95.53,100.96,99.33,98.25,97.16,96.07,95.53,95.53,94.99,94.45,93.36,96.62,96.07,95.53,94.99,94.45,94.45,93.36,92.28,92.28,91.73,94.45,93.36,93.36,92.28,92.28,91.73,91.19,91.19,90.65,89.56"
Rec-027_std_2,4,12,1623,core,343,331,0.0,5.0,0.9849,346,333,355,336,1.0,True,93.3336,105.8439,84.6769,4.4225,92.818,"105.84,103.13,100.42,98.79,97.70,96.62,95.53,93.36,92.28,90.65,99.33,98.25,96.62,95.53,94.99,94.45,93.36,91.73,90.65,89.02,95.53,94.99,94.45,93.36,92.28,91.73,91.19,89.56,88.48,86.85,93.36,92.28,91.73,91.19,90.65,89.56,89.02,87.93,86.31,84.68"
Rec-027_std_2,4,13,1624,core,347,331,0.0,4.0,0.9847,350,333,359,336,0.8,False,87.974,106.3867,75.9929,7.9335,89.2902,"106.39,102.04,98.79,96.07,94.45,91.73,88.48,81.42,78.16,76.54,98.79,97.16,95.53,93.36,91.73,90.10,87.39,80.88,77.62,75.99,94.99,93.36,92.28,91.19,89.56,87.93,85.22,79.79,77.08,75.99,91.73,91.19,89.56,89.02,87.39,85.76,83.05,78.71,76.54,75.99"
Rec-027_std_2,4,14,1625,core,355,331,0.0,8.0,0.9831,358,333,367,336,0.0,False,76.7935,87.9333,73.822,2.7674,75.9929,"87.93,83.05,79.79,77.62,77.08,75.99,75.99,75.45,74.91,74.91,83.05,79.79,77.62,77.08,75.99,75.99,75.45,74.91,74.91,74.36,79.79,77.62,77.08,75.99,75.99,75.99,75.45,74.91,74.36,74.36,78.71,77.62,76.54,75.99,75.99,75.45,74.91,74.91,74.36,73.82"
Rec-027_std_2,5,1,1767,core,291,331,0.0,1.0,0.9833,294,333,303,336,1.0,True,95.8981,112.8996,90.1043,4.855,94.4463,"112.90,108.01,104.22,102.04,100.96,99.87,99.33,98.79,98.25,97.70,100.42,98.25,97.70,97.16,96.62,96.07,95.53,95.53,94.99,94.45,94.45,94.45,94.45,94.45,94.45,93.36,93.36,93.36,92.28,92.28,90.65,91.19,91.19,91.19,91.73,91.19,91.19,91.19,90.65,90.10"
Rec-027_std_2,5,2,1768,core,304,331,0.0,13.0,0.9855,307,333,316,336,1.0,True,95.6132,115.0706,90.1043,5.0603,94.4463,"115.07,109.10,103.67,100.96,98.79,98.25,97.16,96.62,95.53,94.99,103.13,100.42,98.25,96.07,95.53,94.99,94.45,93.36,93.36,92.28,97.16,95.53,94.99,94.45,93.36,93.36,92.28,92.28,92.28,91.19,93.36,92.28,92.28,92.28,91.73,91.19,91.19,90.65,90.65,90.10"
Rec-027_std_2,5,3,1769,core,309,331,0.0,5.0,0.9841,312,333,321,336,1.0,True,94.8533,110.7286,90.1043,4.1632,93.3608,"110.73,105.30,102.04,98.79,98.25,97.16,96.07,95.53,95.53,94.45,101.50,98.25,96.62,95.53,94.99,94.45,93.36,93.36,93.36,92.28,96.07,94.99,94.45,93.36,93.36,92.28,92.28,92.28,91.73,91.19,93.36,92.28,92.28,91.73,91.19,91.19,91.19,90.65,90.65,90.10"
Rec-027_std_2,5,4,1770,core,322,331,0.0,13.0,0.9864,325,333,334,336,1.0,True,95.6674,110.7286,91.1898,3.934,94.7176,"110.73,105.84,102.04,99.87,98.25,98.25,97.70,96.62,96.62,96.07,100.96,98.79,97.16,96.07,95.53,95.53,94.99,94.99,94.45,94.45,96.07,95.53,94.45,94.45,94.45,93.36,93.36,93.36,93.36,92.28,93.36,92.28,92.28,92.28,92.28,92.28,91.73,91.73,91.73,91.19"
Rec-027_std_2,5,5,1771,core,327,331,0.0,5.0,0.9858,330,333,339,336,1.0,True,96.0745,108.5576,92.2753,3.3916,95.5318,"108.56,104.22,101.50,99.87,98.79,98.25,98.25,98.25,97.70,97.70,100.42,98.25,97.16,96.62,96.07,95.53,95.53,95.53,95.53,95.53,96.07,95.53,94.99,94.45,94.45,94.45,94.45,94.45,94.45,93.36,93.36,93.36,93.36,93.36,92.28,92.28,92.28,92.28,92.28,92.28"
Rec-027_std_2,5,6,1772,core,331,331,0.0,4.0,0.9866,334,333,343,336,1.0,True,97.2414,111.8141,92.2753,4.0498,96.3459,"111.81,106.93,103.67,102.04,100.96,99.87,99.33,98.79,98.79,98.25,103.13,100.42,98.79,98.25,97.70,97.16,97.16,96.62,96.07,96.07,97.70,96.62,95.53,95.53,95.53,95.53,94.99,94.99,94.45,94.45,94.45,94.45,93.36,93.36,93.36,93.36,93.36,92.28,92.28,92.28"
Rec-027_std_2,5,7,1773,core,336,331,0.0,5.0,0.9861,339,333,348,336,1.0,True,96.9836,109.6431,91.1898,3.8058,96.0745,"109.64,105.84,103.13,101.50,100.96,99.87,99.87,98.79,98.25,98.25,102.04,99.87,98.25,98.25,97.70,97.70,97.16,96.07,96.07,95.53,97.16,96.62,96.07,95.53,95.53,95.53,94.99,94.45,94.45,93.36,94.45,94.45,94.45,93.36,93.36,93.36,92.28,92.28,91.73,91.19"
Rec-027_std_2,5,8,1774,core,345,331,0.0,9.0,0.9853,348,333,357,336,1.0,True,92.6959,109.1004,79.7922,6.4213,92.2753,"109.10,105.30,102.04,99.87,98.25,96.62,94.45,92.28,89.56,81.96,101.50,99.33,98.25,96.62,95.53,94.45,92.28,91.19,87.93,80.88,96.62,95.53,94.99,94.45,92.28,91.73,90.10,89.56,85.76,80.33,93.36,93.36,92.28,91.19,90.65,89.56,87.93,86.85,84.13,79.79"
Rec-027_std_2,5,9,1775,core,354,331,0.0,9.0,0.9833,357,333,366,336,0.1,False,77.2005,90.1043,74.3647,3.3665,75.9929,"90.10,83.59,79.79,77.62,77.08,75.99,75.99,75.45,74.91,74.91,85.76,80.88,78.16,77.08,75.99,75.99,75.45,74.91,74.91,74.36,83.05,78.71,77.62,76.54,75.99,75.99,75.45,74.91,74.91,74.36,80.88,78.16,77.08,75.99,75.45,75.45,74.91,74.91,74.36,74.36"
Rec-027_std_2,6,1,1910,core,290,331,0.0,0.0,0.9857,293,333,302,336,1.0,True,95.9931,112.8996,89.5616,4.8034,94.7176,"112.90,108.01,104.22,102.04,100.96,100.42,99.87,99.33,98.79,98.25,99.33,98.25,96.62,96.07,96.62,96.07,95.53,95.53,95.53,94.99,93.36,93.36,93.36,94.45,94.45,94.45,94.45,94.45,93.36,93.36,89.56,90.65,91.19,91.19,91.73,91.73,91.73,91.19,91.19,91.19"
Rec-027_std_2,6,2,1911,core,293,331,0.0,3.0,0.9822,296,333,305,336,1.0,True,97.3771,118.8698,91.1898,5.6323,95.5318,"118.87,111.81,107.47,103.67,102.04,100.96,99.87,98.79,98.25,97.16,104.22,102.04,99.87,98.25,97.70,97.16,96.07,95.53,95.53,94.45,97.70,96.62,95.53,95.53,95.53,94.99,94.45,94.45,93.36,93.36,93.36,93.36,93.36,92.28,92.28,92.28,92.28,91.73,91.73,91.19"
Rec-027_std_2,6,3,1912,core,302,331,0.0,9.0,0.9839,305,333,314,336,1.0,True,96.3187,117.2416,90.6471,5.4015,94.7176,"117.24,110.73,105.30,102.04,99.87,98.25,97.70,96.62,96.07,95.53,104.22,101.50,98.79,97.16,96.07,95.53,94.99,94.45,93.36,93.36,98.25,96.62,95.53,94.45,94.45,93.36,93.36,92.28,92.28,92.28,94.45,93.36,93.36,92.28,92.28,91.73,91.19,91.19,90.65,90.65"
Rec-027_std_2,6,4,1913,core,316,331,0.0,14.0,0.9874,319,333,328,336,1.0,True,94.8398,109.6431,91.1898,3.7563,93.9035,"109.64,104.22,100.96,98.25,97.70,96.62,96.07,95.53,95.53,94.99,100.42,98.25,96.07,95.53,94.99,94.45,94.45,93.36,93.36,93.36,95.53,94.99,94.45,93.36,93.36,92.28,92.28,92.28,92.28,92.28,93.36,92.28,92.28,91.73,91.19,91.19,91.19,91.19,91.19,91.19"
Rec-027_std_2,6,5,1914,core,321,331,0.0,5.0,0.9839,324,333,333,336,1.0,True,94.9076,106.3867,91.1898,3.0978,94.4463,"106.39,102.04,99.87,98.25,97.70,97.16,97.16,96.62,96.07,95.53,98.79,97.16,95.53,95.53,94.99,94.99,94.45,94.45,94.45,94.45,95.53,94.45,94.45,93.36,93.36,93.36,93.36,93.36,93.36,92.28,92.28,92.28,92.28,91.73,91.73,91.73,91.73,91.73,91.19,91.19"
Rec-027_std_2,6,6,1915,core,325,331,0.0,4.0,0.9874,328,333,337,336,1.0,True,95.9117,109.1004,91.7325,3.5842,95.5318,"109.10,105.30,101.50,99.87,98.25,98.25,98.25,97.70,97.16,96.62,100.42,98.25,97.16,96.62,96.07,95.53,95.53,95.53,95.53,94.99,96.07,95.53,94.99,94.45,94.45,94.45,94.45,93.36,93.36,93.36,93.36,93.36,93.36,92.28,92.28,92.28,92.28,91.73,91.73,91.73"
Rec-027_std_2,6,7,1916,core,334,331,0.0,9.0,0.9872,337,333,346,336,1.0,True,96.8479,109.1004,92.2753,3.4835,96.0745,"109.10,105.30,102.04,100.96,99.87,99.33,98.79,98.79,98.25,98.25,101.50,99.33,98.25,98.25,97.16,97.16,96.62,96.62,96.07,95.53,97.16,96.07,95.53,95.53,95.53,94.99,94.99,94.45,94.45,94.45,94.45,94.45,94.45,93.36,93.36,93.36,93.36,92.28,92.28,92.28"
Rec-027_std_2,6,8,1917,core,343,331,0.0,9.0,0.9863,346,333,355,336,1.0,True,94.9754,109.1004,86.3051,4.7136,94.4463,"109.10,105.30,103.13,100.96,99.33,98.25,97.16,95.53,94.45,92.28,101.50,99.87,98.25,97.70,96.62,95.53,94.99,93.36,91.73,90.65,97.16,96.07,95.53,94.99,94.45,93.36,92.28,91.19,90.10,88.48,94.45,93.36,93.36,92.28,91.73,91.19,90.10,89.02,87.93,86.31"
Rec-027_std_2,6,9,1918,core,348,331,0.0,5.0,0.9831,351,333,360,336,0.7,False,86.7393,105.3012,74.9074,8.492,88.4761,"105.30,101.50,98.25,95.53,93.36,89.56,82.51,78.16,76.54,75.99,98.79,97.16,94.99,93.36,91.73,87.93,81.42,77.62,75.99,75.45,94.99,93.36,92.28,91.19,89.56,86.31,80.33,77.62,75.99,75.45,91.73,91.19,90.10,89.02,87.39,84.13,79.79,77.08,75.99,74.91"
Rec-027_std_2,6,10,1919,core,352,331,0.0,4.0,0.9844,355,333,364,336,0.3,False,79.9278,102.0447,74.3647,6.8553,76.5357,"102.04,94.99,85.22,79.79,77.62,76.54,75.99,75.99,75.45,74.91,95.53,91.19,83.05,78.71,77.62,75.99,75.99,75.45,74.91,74.91,91.19,87.93,81.42,78.16,77.08,75.99,75.99,74.91,74.91,74.36,87.93,85.76,80.33,77.62,76.54,75.99,75.45,74.91,74.36,74.36"
Rec-027_std_2,6,11,1920,core,355,331,0.0,3.0,0.9822,358,333,367,336,0.0,False,76.9563,89.0188,73.822,2.9541,75.9929,"89.02,84.13,79.79,77.62,77.08,75.99,75.99,75.45,74.91,74.91,83.59,79.79,77.62,77.08,75.99,75.99,75.99,75.45,74.91,74.91,80.33,78.16,77.08,76.54,75.99,75.99,75.45,74.91,74.91,73.82,78.71,77.62,76.54,75.99,75.99,75.45,74.91,74.91,74.36,74.36"
Rec-027_std_2,6,12,1921,core,355,330,90.0,1.0,0.9917,358,332,367,335,0.0,False,77.5533,92.2753,74.3647,3.7331,75.9929,"92.28,86.31,81.42,78.71,77.62,76.54,75.99,75.99,75.45,75.45,86.85,81.96,78.71,77.62,76.54,75.99,75.99,75.45,74.91,74.91,81.96,78.71,77.62,76.54,75.99,75.99,75.45,74.91,74.36,74.91,79.79,77.62,77.08,75.99,75.99,75.45,75.45,74.91,74.36,74.36"
Rec-027_std_2,7,1,2058,core,290,331,0.0,0.0,0.9897,293,333,302,336,1.0,True,95.3554,109.1004,88.4761,4.5723,94.1749,"109.10,106.39,103.67,101.50,100.96,100.42,99.87,99.33,98.79,98.25,97.70,97.16,96.07,95.53,96.07,96.07,95.53,95.53,95.53,94.99,91.73,92.28,92.28,93.36,93.36,93.36,93.36,93.36,93.36,93.36,88.48,89.56,90.10,90.65,91.19,91.19,91.19,91.19,91.19,91.19"
Rec-027_std_2,7,2,2059,core,297,331,0.0,7.0,0.983,300,333,309,336,1.0,True,96.0609,112.8996,90.1043,4.6586,94.989,"112.90,108.01,103.67,101.50,99.87,98.79,98.25,97.16,96.07,95.53,103.13,100.42,98.25,97.16,96.07,95.53,94.99,94.45,93.36,93.36,97.16,96.07,95.53,94.99,94.45,94.45,93.36,93.36,92.28,91.73,94.45,93.36,93.36,92.28,92.28,91.73,91.19,91.19,90.65,90.10"
Rec-027_std_2,7,3,2060,core,301,331,0.0,4.0,0.9868,304,333,313,336,1.0,True,95.7082,113.9851,89.5616,4.9631,94.4463,"113.99,108.56,104.22,101.50,99.33,98.25,97.16,96.62,95.53,94.99,103.13,100.42,98.25,96.62,95.53,94.99,94.45,93.36,93.36,92.28,97.70,96.07,95.53,94.45,93.36,93.36,92.28,92.28,91.73,91.19,94.45,93.36,92.28,92.28,91.73,91.19,91.19,91.19,90.65,89.56"
Rec-027_std_2,7,4,2061,core,305,331,0.0,4.0,0.9839,308,333,317,336,1.0,True,95.6403,116.1561,90.1043,5.2315,94.4463,"116.16,109.64,104.22,100.96,98.79,97.70,97.16,96.07,95.53,94.99,103.13,100.42,98.25,96.07,95.53,94.45,94.45,93.36,93.36,92.28,97.70,95.53,94.99,94.45,93.36,93.36,92.28,92.28,91.73,91.19,93.36,93.36,92.28,92.28,91.73,91.19,91.19,90.65,90.10,90.10"
Rec-027_std_2,7,5,2062,core,310,331,0.0,5.0,0.9879,313,333,322,336,1.0,True,94.6227,110.7286,89.5616,4.2501,93.3608,"110.73,105.30,102.04,99.33,98.25,96.62,96.07,95.53,94.99,94.45,100.96,98.25,96.07,95.53,94.45,94.45,93.36,93.36,92.28,92.28,95.53,94.45,94.45,93.36,93.36,92.28,92.28,91.19,91.19,91.19,92.28,92.28,92.28,91.73,91.19,91.19,90.65,90.10,90.10,89.56"
Rec-027_std_2,7,6,2063,core,315,331,0.0,5.0,0.9849,318,333,327,336,1.0,True,94.2292,106.9294,90.6471,3.4279,93.3608,"106.93,103.13,99.87,98.25,97.16,96.07,95.53,95.53,94.99,94.99,98.79,97.16,95.53,94.45,94.45,93.36,93.36,93.36,93.36,93.36,94.99,94.45,93.36,93.36,92.28,92.28,91.73,91.73,91.73,91.73,92.28,91.73,91.73,91.19,91.19,91.19,90.65,90.65,90.65,90.65"
Rec-027_std_2,7,7,2064,core,319,331,0.0,4.0,0.9878,322,333,331,336,1.0,True,95.0704,109.1004,91.1898,3.6318,94.4463,"109.10,104.22,100.96,98.79,97.70,97.16,96.62,96.62,96.07,96.07,99.87,97.70,96.07,95.53,94.99,94.45,94.45,94.45,94.45,94.45,95.53,94.45,94.45,93.36,93.36,93.36,93.36,93.36,93.36,92.28,92.28,92.28,92.28,91.73,91.73,91.19,91.19,91.19,91.19,91.19"
Rec-027_std_2,7,8,2065,core,324,331,0.0,5.0,0.9853,327,333,336,336,1.0,True,95.6539,106.3867,92.2753,3.0449,95.5318,"106.39,103.13,100.42,98.79,98.25,97.70,97.70,97.70,97.70,97.16,98.79,97.70,96.62,96.07,95.53,95.53,95.53,95.53,95.53,95.53,95.53,94.99,94.45,94.45,94.45,94.45,94.45,94.45,94.45,94.45,92.28,92.28,92.28,92.28,92.28,92.28,92.28,92.28,92.28,92.28"
Rec-027_std_2,7,9,2066,core,328,331,0.0,4.0,0.9877,331,333,340,336,1.0,True,96.9836,109.6431,93.3608,3.4055,96.6172,"109.64,105.30,102.04,100.96,99.87,99.33,98.79,98.79,98.25,98.25,101.50,98.79,98.25,97.70,97.16,97.16,96.62,96.62,96.62,96.62,97.16,96.07,95.53,95.53,95.53,95.53,94.99,94.99,94.99,94.99,94.45,94.45,93.36,93.36,93.36,93.36,93.36,93.36,93.36,93.36"
Rec-027_std_2,7,10,2067,core,333,331,0.0,5.0,0.9857,336,333,345,336,1.0,True,97.1057,107.4722,92.2753,3.1828,96.6172,"107.47,104.22,102.04,101.50,100.42,99.87,99.33,98.79,98.79,98.25,100.96,99.33,98.25,98.25,97.70,97.70,97.16,97.16,96.62,96.62,97.16,96.62,96.07,95.53,95.53,95.53,95.53,95.53,94.99,94.45,94.45,94.45,94.45,94.45,94.45,93.36,93.36,93.36,92.28,92.28"
Rec-027_std_2,7,11,2068,core,337,331,0.0,4.0,0.9872,340,333,349,336,1.0,True,97.5671,110.7286,91.7325,3.8103,96.8886,"110.73,106.39,103.67,102.04,101.50,100.42,99.87,99.33,98.79,98.25,102.04,100.96,99.33,98.79,98.25,98.25,97.70,97.16,96.62,96.07,98.25,97.16,96.62,96.07,96.07,95.53,95.53,94.99,94.45,94.45,94.99,94.99,94.45,94.45,94.45,93.36,93.36,93.36,92.28,91.73"
Rec-027_std_2,7,12,2069,core,342,331,0.0,5.0,0.9855,345,333,354,336,1.0,True,95.9931,109.1004,87.9333,4.4169,95.5318,"109.10,105.30,103.13,102.04,100.96,99.33,98.25,97.16,95.53,93.36,102.04,100.42,98.79,98.25,97.70,96.62,95.53,94.99,93.36,91.73,98.25,97.16,96.62,95.53,95.53,94.45,93.36,92.28,91.19,89.56,94.99,94.45,94.45,93.36,93.36,92.28,91.19,90.65,89.56,87.93"
Rec-027_std_2,7,13,2070,core,346,331,0.0,4.0,0.986,349,333,358,336,0.9,False,91.3662,109.6431,77.0784,7.8973,92.2753,"109.64,105.30,102.04,99.87,97.70,95.53,93.36,89.56,81.96,78.16,102.04,99.87,98.25,96.62,94.99,93.36,91.19,87.93,80.88,77.62,97.70,96.07,94.99,94.45,92.28,91.19,89.56,86.31,80.33,77.08,94.45,93.36,92.28,91.19,90.10,88.48,87.39,84.68,79.79,77.08"
Rec-027_std_2,7,14,2071,core,351,331,0.0,5.0,0.9836,354,333,363,336,0.4,False,81.746,103.1302,74.3647,7.9042,77.6212,"103.13,98.25,92.28,84.13,79.79,77.62,76.54,75.99,75.45,75.45,97.16,94.45,90.10,83.05,78.71,77.08,75.99,75.99,75.45,74.91,93.36,91.19,87.93,81.42,78.16,76.54,75.99,75.45,74.91,74.91,90.10,88.48,85.76,80.88,77.62,75.99,75.45,74.91,74.91,74.36"
Rec-027_std_2,7,15,2072,core,355,331,0.0,4.0,0.9838,358,333,367,336,0.0,False,76.7121,87.3906,74.3647,2.6461,75.9929,"87.39,82.51,79.79,77.62,76.54,75.99,75.99,75.45,75.45,74.91,82.51,79.79,77.62,76.54,75.99,75.99,75.45,75.45,74.91,74.36,79.79,77.62,77.08,75.99,75.99,75.45,75.45,74.91,74.36,74.36,78.71,77.62,75.99,75.99,75.45,75.45,74.91,74.36,74.36,74.36"
Rec-027_std_2,8,1,2213,core,290,331,0.0,0.0,0.9861,293,333,302,336,1.0,True,96.5223,113.9851,90.1043,4.9056,95.2604,"113.99,108.56,105.30,102.04,101.50,100.96,100.42,99.87,99.33,98.25,100.42,98.79,97.70,97.16,97.16,97.16,96.07,96.07,95.53,95.53,94.45,94.45,94.45,94.45,94.45,94.99,94.45,94.45,93.36,93.36,90.10,90.65,91.19,92.28,92.28,92.28,92.28,92.28,91.73,91.19"
Rec-027_std_2,8,2,2214,core,298,331,0.0,8.0,0.9862,301,333,310,336,1.0,True,96.3866,113.9851,90.1043,4.9801,95.2604,"113.99,109.10,105.30,102.04,100.42,99.33,98.25,97.16,96.07,95.53,103.67,101.50,98.79,97.70,96.62,95.53,94.99,94.45,93.36,93.36,98.25,97.16,96.07,95.53,94.45,94.45,93.36,92.28,91.73,91.73,94.45,94.45,93.36,93.36,92.28,92.28,91.19,91.19,90.65,90.10"
Rec-027_std_2,8,3,2215,core,302,331,0.0,4.0,0.9863,305,333,314,336,1.0,True,95.871,116.1561,89.5616,5.3684,94.4463,"116.16,109.64,105.30,102.04,99.33,98.25,97.16,96.62,95.53,94.99,103.67,100.96,98.25,97.16,95.53,94.99,94.45,93.36,93.36,92.28,98.25,96.62,95.53,94.45,93.36,93.36,92.28,92.28,91.73,91.19,94.45,93.36,92.28,92.28,91.73,91.19,91.19,90.65,90.10,89.56"
Rec-027_std_2,8,4,2216,core,307,331,0.0,5.0,0.9872,310,333,319,336,1.0,True,94.6769,110.7286,89.5616,4.2561,93.3608,"110.73,105.30,102.04,98.79,98.25,97.16,96.07,95.53,95.53,94.45,100.96,98.25,96.62,95.53,94.99,94.45,93.36,93.36,92.28,92.28,96.07,94.99,94.45,93.36,92.28,92.28,92.28,91.73,91.19,91.19,92.28,92.28,92.28,91.73,91.19,91.19,90.65,90.10,90.10,89.56"
Rec-027_std_2,8,5,2217,core,311,331,0.0,4.0,0.987,314,333,323,336,1.0,True,94.8805,111.8141,90.1043,4.5445,93.3608,"111.81,106.93,103.13,99.87,98.25,97.16,96.07,95.53,95.53,94.45,101.50,98.79,97.16,95.53,94.99,94.45,93.36,93.36,92.28,92.28,96.07,94.99,94.45,93.36,93.36,92.28,92.28,91.73,91.19,91.19,92.28,92.28,91.73,91.73,91.19,91.19,90.65,90.65,90.10,90.10"
Rec-027_std_2,8,6,2218,core,320,331,0.0,9.0,0.9862,323,333,332,336,1.0,True,95.4639,111.2714,91.7325,3.9497,94.4463,"111.27,105.30,102.04,99.33,98.25,97.70,97.16,96.62,96.62,95.53,100.96,98.25,97.16,95.53,95.53,94.99,94.99,94.45,94.45,94.45,95.53,94.99,94.45,93.36,93.36,93.36,93.36,93.36,93.36,93.36,92.28,92.28,92.28,92.28,91.73,91.73,91.73,91.73,91.73,91.73"
Rec-027_std_2,8,7,2219,core,325,331,0.0,5.0,0.9875,328,333,337,336,1.0,True,96.1423,108.0149,92.2753,3.2456,95.5318,"108.01,104.22,101.50,99.87,98.79,98.25,98.25,97.70,97.70,97.16,100.42,98.25,97.16,96.62,96.07,96.07,95.53,95.53,95.53,95.53,95.53,95.53,94.99,94.99,94.99,94.45,94.45,94.45,94.45,94.45,93.36,93.36,93.36,93.36,93.36,93.36,92.28,92.28,92.28,92.28"
Rec-027_std_2,8,8,2220,core,329,331,0.0,4.0,0.9856,332,333,341,336,1.0,True,97.4314,111.2714,93.3608,3.7189,96.6172,"111.27,106.93,103.67,101.50,100.42,99.87,99.33,98.79,98.79,98.25,102.04,100.42,98.79,98.25,97.70,97.16,97.16,96.62,96.62,96.07,97.70,96.62,96.07,95.53,95.53,95.53,95.53,95.53,94.99,94.99,94.99,94.45,94.45,94.45,94.45,93.36,93.36,93.36,93.36,93.36"
Rec-027_std_2,8,9,2221,core,334,331,0.0,5.0,0.9877,337,333,346,336,1.0,True,97.4992,109.6431,92.2753,3.4597,97.16,"109.64,105.84,103.13,101.50,100.42,99.87,99.33,99.33,98.79,98.25,102.04,100.42,98.79,98.25,98.25,97.70,97.16,97.16,97.16,96.62,97.70,97.16,96.62,96.07,96.07,95.53,95.53,95.53,94.99,94.99,94.99,94.99,94.45,94.45,94.45,94.45,93.36,93.36,93.36,92.28"
Rec-027_std_2,8,10,2222,core,338,331,0.0,4.0,0.9847,341,333,350,336,1.0,True,97.6756,111.2714,91.7325,3.9956,97.16,"111.27,107.47,104.22,102.04,100.96,100.42,99.87,99.87,98.79,98.25,103.13,100.96,99.87,98.79,98.25,97.70,97.70,97.16,96.62,96.07,98.25,97.70,97.16,96.62,96.07,95.53,95.53,94.99,94.45,94.45,95.53,94.99,94.45,94.45,94.45,93.36,93.36,92.28,92.28,91.73"
Rec-027_std_2,8,11,2223,core,343,331,0.0,5.0,0.9869,346,333,355,336,1.0,True,95.9117,109.1004,87.3906,4.5283,95.2604,"109.10,105.84,103.13,102.04,100.42,99.33,98.25,96.62,94.99,93.36,102.04,100.42,99.33,98.25,97.70,96.62,95.53,94.45,93.36,91.19,98.25,97.16,96.62,95.53,95.53,94.45,93.36,91.73,91.19,89.56,94.99,94.99,94.45,93.36,93.36,92.28,91.19,90.10,89.02,87.39"
Rec-027_std_2,8,12,2224,core,347,331,0.0,4.0,0.9829,350,333,359,336,0.8,False,90.2671,110.7286,75.9929,9.0186,91.7325,"110.73,106.39,103.13,99.33,97.16,94.99,91.19,83.05,78.71,77.08,103.13,100.42,98.25,96.07,94.99,93.36,89.56,82.51,78.16,76.54,97.70,96.07,94.99,93.36,92.28,90.65,87.39,80.88,77.62,75.99,94.45,93.36,92.28,91.19,89.56,88.48,85.76,80.33,77.62,75.99"
Rec-027_std_2,8,13,2225,core,352,331,0.0,5.0,0.9848,355,333,364,336,0.3,False,80.3349,103.1302,74.3647,7.4239,76.5357,"103.13,96.07,85.76,80.33,77.62,76.54,75.99,75.99,75.45,74.91,97.70,92.28,84.13,79.79,77.62,75.99,75.99,75.45,74.91,74.91,93.36,89.56,82.51,78.71,77.08,75.99,75.45,74.91,74.91,74.36,89.56,86.85,80.88,77.62,76.54,75.45,75.45,74.91,74.36,74.36"
Rec-027_std_2,8,14,2226,core,355,331,0.0,3.0,0.9829,358,333,367,336,0.0,False,76.9699,89.0188,73.822,3.0442,75.9929,"89.02,84.13,80.33,77.62,77.08,75.99,75.99,75.45,74.91,74.91,84.13,80.33,77.62,77.08,75.99,75.99,75.45,75.45,74.91,74.91,80.88,78.16,77.08,75.99,75.99,75.45,75.45,74.91,74.91,74.36,78.71,77.62,76.54,75.99,75.99,75.45,74.91,74.91,74.36,73.82"
Rec-027_std_2,9,1,2367,core,290,331,0.0,0.0,0.9873,293,333,302,336,1.0,True,96.7529,111.8141,89.5616,4.6952,95.2604,"111.81,108.01,105.30,103.13,102.04,101.50,100.96,100.42,99.87,98.79,99.33,98.79,97.70,97.70,97.70,97.70,97.16,96.62,96.07,95.53,93.36,94.45,94.45,94.99,94.99,94.99,94.99,94.99,94.45,94.45,89.56,91.19,91.19,92.28,92.28,92.28,92.28,92.28,92.28,92.28"
Rec-027_std_2,9,2,2368,core,301,331,0.0,11.0,0.9869,304,333,313,336,1.0,True,96.6444,116.1561,90.6471,5.1916,95.2604,"116.16,110.19,105.30,102.04,100.42,98.79,98.25,97.16,96.07,95.53,104.22,102.04,99.33,97.70,96.62,95.53,94.99,94.45,93.36,93.36,98.79,97.16,96.62,95.53,94.45,94.45,93.36,93.36,92.28,91.73,94.99,94.45,94.45,93.36,92.28,92.28,91.73,91.19,91.19,90.65"
Rec-027_std_2,9,3,2369,core,310,331,0.0,9.0,0.9876,313,333,322,336,1.0,True,94.7855,111.8141,89.5616,4.5111,93.3608,"111.81,106.39,102.04,99.33,98.25,96.62,96.07,95.53,94.99,94.45,102.04,98.79,97.16,95.53,94.45,94.45,93.36,93.36,92.28,92.28,96.62,94.99,94.45,93.36,93.36,92.28,92.28,91.19,91.19,91.19,93.36,92.28,92.28,91.73,91.19,90.65,90.65,90.10,89.56,89.56"
Rec-027_std_2,9,4,2370,core,315,331,0.0,5.0,0.9872,318,333,327,336,1.0,True,94.202,108.0149,90.6471,3.5734,93.3608,"108.01,103.13,99.87,98.25,96.62,96.07,95.53,95.53,94.99,94.99,99.33,97.16,95.53,94.45,94.45,93.36,93.36,93.36,93.36,93.36,94.99,94.45,93.36,92.28,92.28,92.28,91.73,91.73,91.73,91.73,92.28,91.73,91.19,91.19,91.19,90.65,90.65,90.65,90.65,90.65"
Rec-027_std_2,9,5,2371,core,324,331,0.0,9.0,0.9874,327,333,336,336,1.0,True,95.9524,107.4722,92.2753,3.1425,95.5318,"107.47,103.13,100.96,99.33,98.25,98.25,98.25,98.25,97.70,97.70,99.87,98.25,96.62,96.07,96.07,95.53,95.53,95.53,95.53,95.53,95.53,95.53,94.99,94.45,94.45,94.45,94.45,94.45,94.45,94.45,93.36,93.36,93.36,93.36,92.28,92.28,92.28,92.28,92.28,92.28"
Rec-027_std_2,9,6,2372,core,333,331,0.0,9.0,0.9876,336,333,345,336,1.0,True,97.7842,109.1004,93.3608,3.2464,97.16,"109.10,105.30,103.13,102.04,100.96,99.87,99.87,99.33,99.33,98.25,102.04,100.42,99.33,98.25,98.25,98.25,97.70,97.70,97.16,97.16,97.70,97.16,96.62,96.62,96.62,96.07,95.53,95.53,95.53,95.53,94.99,94.99,94.99,94.45,94.45,94.45,94.45,94.45,94.45,93.36"
Rec-027_std_2,9,7,2373,core,337,331,0.0,4.0,0.9866,340,333,349,336,1.0,True,98.449,111.8141,92.2753,3.9151,97.7027,"111.81,108.01,105.30,103.13,102.04,100.96,100.42,99.87,99.33,98.79,103.67,102.04,100.42,99.33,99.33,98.25,98.25,97.70,97.70,96.62,99.33,98.25,97.70,97.16,97.16,96.62,96.07,95.53,95.53,94.99,96.07,95.53,95.53,95.53,94.99,94.45,94.45,94.45,93.36,92.28"
Rec-027_std_2,9,8,2374,core,342,331,0.0,5.0,0.9872,345,333,354,336,1.0,True,96.9158,110.1859,88.4761,4.4557,96.0745,"110.19,106.39,104.22,102.04,101.50,100.42,98.79,97.70,95.53,94.45,103.13,101.50,100.42,99.33,98.25,98.25,96.62,95.53,94.45,92.28,98.79,98.25,97.70,97.16,96.07,95.53,94.45,93.36,91.73,90.65,96.07,95.53,95.53,94.99,94.45,93.36,92.28,91.19,90.10,88.48"
Rec-027_std_2,9,9,2375,core,346,331,0.0,4.0,0.9851,349,333,358,336,0.9,False,92.0718,111.2714,77.0784,8.1932,93.3608,"111.27,106.93,103.13,100.42,98.25,96.07,94.45,90.10,82.51,77.62,103.13,100.96,98.79,97.16,95.53,94.45,92.28,88.48,81.42,77.62,98.25,97.16,95.53,94.45,93.36,91.73,90.10,86.85,80.88,77.62,95.53,94.45,93.36,92.28,91.19,89.56,87.93,85.22,79.79,77.08"
Rec-027_std_2,9,10,2376,core,351,331,0.0,5.0,0.9853,354,333,363,336,0.4,False,82.0174,104.2157,74.3647,8.3456,77.6212,"104.22,99.33,93.36,84.13,79.79,77.62,75.99,75.99,75.45,75.45,98.25,95.53,90.65,83.05,78.71,77.08,75.99,75.99,75.45,74.91,94.45,92.28,88.48,81.96,78.16,76.54,75.99,75.45,74.91,74.36,91.19,89.56,86.31,80.88,77.62,75.99,75.45,74.91,74.91,74.36"
Rec-027_std_2,9,11,2377,core,355,331,0.0,4.0,0.9849,358,333,367,336,0.0,False,76.6985,87.3906,74.3647,2.744,75.9929,"87.39,83.05,79.79,77.62,76.54,75.99,75.99,75.45,74.91,74.91,83.05,79.79,77.62,76.54,75.99,75.99,75.45,74.91,74.91,74.36,79.79,78.16,77.08,75.99,75.99,75.45,74.91,74.91,74.36,74.36,78.71,77.62,75.99,75.99,75.45,74.91,74.91,74.36,74.36,74.36"
Rec-027_std_2,10,1,2514,core,290,331,0.0,0.0,0.9827,293,333,302,336,1.0,True,97.3364,117.2416,90.6471,5.5141,95.8031,"117.24,111.27,107.47,104.22,103.13,101.50,100.96,100.96,99.87,98.79,102.04,100.42,98.25,97.70,97.70,97.70,97.16,96.62,96.62,96.07,94.45,94.45,94.45,94.99,95.53,94.99,94.99,94.99,94.45,94.45,90.65,91.19,92.28,92.28,92.28,92.28,92.28,92.28,92.28,92.28"
Rec-027_std_2,10,2,2515,core,304,331,0.0,14.0,0.9869,307,333,316,336,1.0,True,95.8031,111.8141,90.6471,4.4276,94.7176,"111.81,107.47,103.13,100.42,98.79,98.25,97.16,96.62,95.53,95.53,103.13,99.87,98.25,96.62,95.53,94.99,94.45,94.45,93.36,93.36,97.70,96.07,95.53,94.99,94.45,93.36,93.36,92.28,92.28,91.73,94.45,93.36,93.36,92.28,92.28,91.73,91.73,91.19,90.65,90.65"
Rec-027_std_2,10,3,2516,core,313,331,0.0,9.0,0.9877,316,333,325,336,1.0,True,95.2333,109.6431,91.1898,3.8415,94.4463,"109.64,105.30,102.04,99.33,98.25,97.70,96.62,96.07,95.53,95.53,100.42,98.25,96.62,95.53,95.53,94.45,94.45,94.45,93.36,93.36,96.07,95.53,94.45,94.45,93.36,93.36,93.36,92.28,92.28,92.28,93.36,93.36,92.28,92.28,91.73,91.73,91.19,91.19,91.19,91.19"
Rec-027_std_2,10,4,2517,core,322,331,0.0,9.0,0.9884,325,333,334,336,1.0,True,95.966,108.5576,92.2753,3.3855,95.5318,"108.56,104.22,101.50,99.33,98.25,98.25,97.70,97.70,97.70,97.70,100.42,98.25,97.16,96.07,95.53,95.53,95.53,95.53,95.53,95.53,96.07,95.53,94.99,94.45,94.45,94.45,94.45,94.45,94.45,94.45,93.36,93.36,92.28,92.28,92.28,92.28,92.28,92.28,92.28,92.28"
Rec-027_std_2,10,5,2518,core,326,331,0.0,4.0,0.9862,329,333,338,336,1.0,True,97.065,110.7286,93.3608,3.6829,96.6172,"110.73,106.39,103.13,100.96,99.87,99.33,99.33,98.79,98.79,98.79,101.50,99.87,98.25,97.16,97.16,96.62,96.62,96.62,96.62,96.62,97.16,96.07,95.53,95.53,95.53,94.99,94.99,94.99,94.99,94.99,94.45,93.36,93.36,93.36,93.36,93.36,93.36,93.36,93.36,93.36"
Rec-027_std_2,10,6,2519,core,331,331,0.0,5.0,0.9882,334,333,343,336,1.0,True,97.9605,109.6431,94.4463,3.3764,97.7027,"109.64,105.84,103.13,102.04,101.50,100.96,100.42,99.87,99.87,99.87,102.04,99.87,98.79,98.25,98.25,98.25,98.25,98.25,98.25,97.70,97.70,96.62,96.62,96.62,96.07,96.07,96.07,95.53,95.53,95.53,94.99,94.45,94.45,94.45,94.45,94.45,94.45,94.45,94.45,94.45"
Rec-027_std_2,10,7,2520,core,335,331,0.0,4.0,0.9855,338,333,347,336,1.0,True,98.9511,111.8141,94.4463,3.8363,98.2455,"111.81,108.56,105.30,103.13,102.04,102.04,101.50,100.96,100.96,100.96,103.67,102.04,100.96,99.87,99.33,99.33,98.79,98.25,98.25,98.25,98.79,98.25,97.70,97.70,97.16,97.16,96.62,96.62,96.07,96.07,95.53,95.53,95.53,95.53,94.99,94.99,94.45,94.45,94.45,94.45"
Rec-027_std_2,10,8,2521,core,340,331,0.0,5.0,0.9879,343,333,352,336,1.0,True,98.3812,110.7286,91.1898,4.0792,97.9741,"110.73,107.47,105.30,103.13,103.13,102.04,101.50,100.42,99.33,98.25,103.67,102.04,100.96,99.87,99.87,98.79,98.25,97.70,97.16,95.53,99.33,98.25,98.25,97.70,97.16,96.62,96.07,95.53,94.45,93.36,96.07,95.53,95.53,95.53,94.99,94.45,94.45,93.36,92.28,91.19"
Rec-027_std_2,10,9,2522,core,344,331,0.0,4.0,0.9838,347,333,356,336,1.0,True,96.3323,112.8996,85.2196,5.8063,95.5318,"112.90,109.10,105.84,103.13,101.50,99.87,98.25,96.07,94.45,90.10,104.22,103.13,100.96,99.87,98.25,97.16,95.53,94.45,92.28,89.02,99.33,98.25,98.25,97.16,95.53,94.99,93.36,91.73,90.65,86.85,96.07,95.53,95.53,94.45,93.36,92.28,91.19,89.56,87.93,85.22"
Rec-027_std_2,10,10,2523,core,349,331,0.0,5.0,0.9862,352,333,361,336,0.6,False,86.0744,108.0149,74.9074,9.5003,84.4055,"108.01,103.13,99.33,96.07,91.73,83.05,78.71,77.08,75.99,75.45,100.96,98.25,95.53,94.45,90.10,83.05,78.71,76.54,75.99,75.45,96.07,94.99,93.36,91.19,87.93,81.42,77.62,75.99,75.45,74.91,93.36,92.28,90.65,89.56,85.76,80.88,77.62,75.99,75.45,74.91"
Rec-027_std_2,10,11,2524,core,353,331,0.0,4.0,0.982,356,333,365,336,0.2,False,79.0459,101.502,74.3647,6.1124,75.9929,"101.50,89.56,83.05,79.79,77.62,76.54,75.99,75.99,75.45,74.91,94.99,85.76,80.88,78.16,76.54,75.99,75.45,75.45,75.45,74.91,90.65,83.05,79.79,77.08,75.99,75.99,75.45,74.91,74.91,74.36,87.93,81.96,78.16,77.08,75.99,75.45,75.45,74.91,74.36,74.36"
Rec-027_std_2,10,12,2525,core,355,330,26.57,2.24,0.9878,358,332,367,335,0.0,False,77.879,95.5318,73.822,4.4574,75.9929,"95.53,87.93,83.05,79.79,77.62,76.54,75.99,75.99,75.45,74.91,88.48,83.59,79.79,77.62,76.54,75.99,75.99,74.91,74.91,74.91,83.05,79.79,77.62,77.08,75.99,75.99,75.45,74.91,74.36,74.36,80.33,78.16,77.08,75.99,75.99,75.45,74.91,74.91,74.36,73.82"
Rec-027_std_2,11,1,2660,core,290,331,0.0,0.0,0.9861,293,333,302,336,1.0,True,96.8615,113.9851,90.1043,4.9949,95.2604,"113.99,109.64,106.39,103.13,102.04,100.96,100.42,100.42,99.33,98.79,100.96,98.79,98.25,97.70,97.16,97.16,96.62,96.07,96.07,95.53,94.45,94.45,94.45,94.99,94.99,94.99,94.99,94.45,94.45,94.45,90.10,91.19,91.19,92.28,92.28,92.28,92.28,92.28,92.28,92.28"
Rec-027_std_2,11,2,2661,core,294,331,0.0,4.0,0.9857,297,333,306,336,1.0,True,98.0013,117.7843,91.7325,5.3522,96.3459,"117.78,111.81,107.47,104.22,102.04,101.50,100.42,99.33,98.79,98.25,105.30,103.13,100.42,98.79,98.25,97.70,96.62,96.07,95.53,95.53,98.25,97.16,96.62,96.07,96.07,95.53,94.99,94.45,94.45,94.45,94.45,94.45,94.45,94.45,93.36,93.36,92.28,92.28,92.28,91.73"
Rec-027_std_2,11,3,2662,core,299,331,0.0,5.0,0.9872,302,333,311,336,1.0,True,96.8751,113.9851,91.1898,4.6324,95.5318,"113.99,108.56,105.30,102.04,100.42,99.33,98.25,98.25,97.16,96.07,103.67,100.96,98.79,97.70,97.16,96.07,95.53,95.53,94.45,94.45,98.25,97.16,96.07,95.53,95.53,94.45,94.45,94.45,93.36,92.28,94.99,94.45,94.45,93.36,93.36,92.28,92.28,91.73,91.73,91.19"
Rec-027_std_2,11,4,2663,core,303,331,0.0,4.0,0.9871,306,333,315,336,1.0,True,96.8072,116.1561,91.1898,5.0588,95.5318,"116.16,110.19,105.30,102.04,100.42,98.79,98.25,97.16,96.62,95.53,104.22,101.50,99.33,97.70,96.62,95.53,95.53,94.99,94.45,93.36,98.79,97.16,96.07,95.53,94.99,94.45,94.45,93.36,92.28,92.28,94.99,94.45,94.45,93.36,93.36,92.28,92.28,91.73,91.19,91.19"
Rec-027_std_2,11,5,2664,core,308,331,0.0,5.0,0.9877,311,333,320,336,1.0,True,95.6539,111.2714,91.1898,4.1592,94.4463,"111.27,106.39,102.04,99.87,98.79,98.25,97.16,96.07,95.53,95.53,102.04,99.33,97.70,96.62,95.53,94.99,94.45,94.45,93.36,93.36,97.70,95.53,95.53,94.45,94.45,93.36,93.36,92.28,92.28,92.28,94.45,93.36,93.36,92.28,92.28,91.73,91.19,91.19,91.19,91.19"
Rec-027_std_2,11,6,2665,core,317,331,0.0,9.0,0.988,320,333,329,336,1.0,True,95.4096,109.1004,91.1898,3.6134,94.4463,"109.10,104.22,101.50,99.33,98.25,97.70,97.16,96.07,95.53,95.53,100.42,98.25,97.16,96.07,95.53,94.99,94.45,94.45,94.45,94.45,96.07,95.53,94.99,94.45,94.45,93.36,93.36,93.36,93.36,92.28,93.36,93.36,92.28,92.28,92.28,91.73,91.73,91.19,91.19,91.19"
Rec-027_std_2,11,7,2666,core,321,331,0.0,4.0,0.9869,324,333,333,336,1.0,True,96.2645,111.2714,92.2753,3.8789,95.5318,"111.27,106.39,103.13,99.87,98.79,98.25,97.70,97.16,97.16,97.16,101.50,99.33,97.70,96.62,95.53,95.53,95.53,95.53,95.53,95.53,96.62,95.53,94.99,94.45,94.45,94.45,94.45,94.45,94.45,94.45,94.45,93.36,93.36,92.28,92.28,92.28,92.28,92.28,92.28,92.28"
Rec-027_std_2,11,8,2667,core,326,331,0.0,5.0,0.9881,329,333,338,336,1.0,True,96.7665,108.0149,93.3608,3.1296,96.6172,"108.01,104.22,102.04,100.42,99.33,98.79,98.79,98.79,98.25,98.25,100.42,98.25,97.70,97.16,97.16,97.16,96.62,96.62,96.62,96.62,96.62,95.53,95.53,95.53,95.53,95.53,95.53,94.99,94.99,94.99,94.45,93.36,93.36,93.36,93.36,93.36,93.36,93.36,93.36,93.36"
Rec-027_std_2,11,9,2668,core,339,331,0.0,13.0,0.9851,342,333,351,336,1.0,True,98.5983,112.8996,92.2753,4.1557,98.2455,"112.90,108.56,105.84,103.13,102.04,101.50,101.50,100.42,99.33,98.25,104.22,102.04,100.96,99.87,99.33,98.79,98.25,98.25,97.16,96.07,99.33,98.25,98.25,97.70,97.16,96.62,96.62,95.53,95.53,94.45,96.07,96.07,95.53,95.53,94.99,94.45,94.45,93.36,93.36,92.28"
Rec-027_std_2,11,10,2669,core,344,331,0.0,5.0,0.9872,347,333,356,336,1.0,True,95.6403,110.1859,84.6769,5.3526,95.5318,"110.19,106.93,103.67,102.04,100.42,98.25,97.16,95.53,93.36,89.02,103.13,101.50,99.87,98.79,98.25,96.62,95.53,93.36,91.73,87.93,98.79,98.25,97.16,96.62,95.53,94.45,93.36,91.73,90.10,86.31,96.07,95.53,94.99,94.45,93.36,92.28,91.19,89.56,87.93,84.68"
Rec-027_std_2,11,11,2670,core,348,331,0.0,4.0,0.9837,351,333,360,336,0.7,False,88.4489,110.1859,75.4502,9.8017,90.3757,"110.19,105.84,102.04,98.25,95.53,91.19,83.05,78.71,77.08,75.99,103.13,100.42,98.25,95.53,93.36,89.56,82.51,78.16,75.99,75.45,98.25,96.07,94.99,93.36,91.19,87.93,80.88,77.62,75.99,75.45,94.45,93.36,92.28,91.19,89.56,85.76,80.33,77.62,75.99,75.45"
Rec-027_std_2,11,12,2671,core,355,330,8.13,7.07,0.9864,358,332,367,335,0.0,False,78.0554,97.16,74.3647,4.6881,75.9929,"97.16,88.48,83.59,79.79,77.62,76.54,75.99,75.99,75.45,74.91,89.02,83.59,79.79,77.62,76.54,75.99,75.99,75.45,74.91,74.91,83.59,79.79,78.16,77.08,75.99,75.99,75.45,74.91,74.36,74.36,80.88,78.16,77.08,75.99,75.99,75.99,75.45,74.91,74.36,74.36"
Rec-027_std_2,12,1,2798,core,290,331,0.0,0.0,0.9884,293,333,302,336,1.0,True,96.6173,111.8141,89.5616,4.6972,95.2604,"111.81,108.01,105.30,103.13,102.04,101.50,100.42,100.42,99.87,98.79,99.33,98.25,97.70,97.16,97.16,97.16,96.62,96.62,96.07,95.53,93.36,93.36,94.45,94.45,94.45,94.99,94.99,94.99,94.45,94.45,89.56,91.19,91.73,91.73,92.28,92.28,92.28,92.28,92.28,92.28"
Rec-027_std_2,12,2,2799,core,292,331,0.0,2.0,0.985,295,333,304,336,1.0,True,97.4992,113.9851,92.2753,4.6032,96.0745,"113.99,109.10,105.30,103.13,102.04,101.50,100.42,99.87,99.33,98.79,102.04,100.96,99.33,98.25,98.25,97.70,97.16,96.62,96.07,95.53,96.62,96.07,95.53,95.53,95.53,95.53,95.53,94.99,94.45,94.45,93.36,93.36,93.36,93.36,93.36,93.36,93.36,92.28,92.28,92.28"
Rec-027_std_2,12,3,2800,core,296,331,0.0,4.0,0.9864,299,333,308,336,1.0,True,98.0962,117.7843,91.7325,5.3261,96.6172,"117.78,111.81,107.47,104.22,102.04,100.96,99.87,99.33,98.25,97.70,105.84,103.13,100.96,99.33,98.25,97.16,96.62,96.07,95.53,94.99,99.33,98.25,97.16,96.62,96.07,95.53,94.99,94.45,94.45,93.36,94.99,94.99,94.45,94.45,94.45,93.36,93.36,92.28,92.28,91.73"
Rec-027_std_2,12,4,2801,core,301,331,0.0,5.0,0.9861,304,333,313,336,1.0,True,96.8479,113.9851,91.1898,4.6259,95.5318,"113.99,108.56,105.30,102.04,100.42,98.79,98.25,97.70,96.62,96.07,103.67,101.50,98.79,97.70,96.62,96.07,95.53,94.99,94.45,94.45,98.25,97.16,96.62,95.53,94.99,94.45,94.45,93.36,93.36,92.28,95.53,94.99,94.45,93.36,93.36,93.36,92.28,91.73,91.73,91.19"
Rec-027_std_2,12,5,2802,core,305,331,0.0,4.0,0.9875,308,333,317,336,1.0,True,96.7258,115.0706,91.1898,4.8532,95.2604,"115.07,109.64,105.30,102.04,99.87,98.79,98.25,97.16,96.07,95.53,103.67,101.50,98.79,97.70,96.62,95.53,94.99,94.45,94.45,93.36,98.25,97.16,96.07,95.53,94.99,94.45,94.45,93.36,93.36,92.28,94.99,94.45,94.45,94.45,93.36,92.28,92.28,91.73,91.19,91.19"
Rec-027_std_2,12,6,2803,core,310,331,0.0,5.0,0.9873,313,333,322,336,1.0,True,95.6674,110.7286,91.1898,3.9414,94.7176,"110.73,105.84,102.04,99.87,98.25,97.70,96.62,96.07,95.53,95.53,101.50,99.33,97.70,96.07,95.53,94.99,94.45,94.45,93.36,93.36,97.16,95.53,95.53,94.99,94.45,93.36,93.36,93.36,92.28,92.28,94.45,94.45,93.36,93.36,92.28,91.73,91.73,91.73,91.19,91.19"
Rec-027_std_2,12,7,2804,core,314,331,0.0,4.0,0.9879,317,333,326,336,1.0,True,95.9117,111.8141,91.7325,4.0218,94.7176,"111.81,106.39,102.04,99.87,98.25,97.70,97.16,96.62,96.62,96.07,102.04,99.33,97.70,96.07,95.53,94.99,94.99,94.45,94.45,94.45,97.16,95.53,95.53,94.45,94.45,94.45,93.36,93.36,93.36,93.36,94.45,93.36,93.36,92.28,92.28,92.28,91.73,91.73,91.73,91.73"
Rec-027_std_2,12,8,2805,core,319,331,0.0,5.0,0.988,322,333,331,336,1.0,True,96.1288,108.5576,92.2753,3.3387,95.5318,"108.56,104.22,101.50,99.87,98.79,98.25,98.25,98.25,97.70,97.70,100.42,98.25,97.16,96.07,95.53,95.53,95.53,95.53,95.53,95.53,96.07,95.53,95.53,94.99,94.45,94.45,94.45,94.45,94.45,94.45,93.36,93.36,93.36,93.36,93.36,92.28,92.28,92.28,92.28,92.28"
Rec-027_std_2,12,9,2806,core,323,331,0.0,4.0,0.9879,326,333,335,336,1.0,True,97.5806,111.8141,93.3608,3.698,97.16,"111.81,106.93,103.13,102.04,100.42,99.87,99.33,98.79,98.79,98.79,102.04,100.42,98.79,98.25,97.70,97.16,97.16,97.16,97.16,97.16,97.70,96.62,96.07,95.53,95.53,95.53,95.53,95.53,95.53,95.53,94.45,94.45,94.45,94.45,94.45,94.45,94.45,93.36,93.36,93.36"
Rec-027_std_2,12,10,2807,core,328,331,0.0,5.0,0.9878,331,333,340,336,1.0,True,98.1641,110.1859,94.4463,3.395,97.7027,"110.19,106.39,103.13,102.04,101.50,100.96,100.42,100.42,99.87,99.87,102.04,100.42,99.33,98.79,98.25,98.25,98.25,98.25,97.70,97.70,98.25,97.16,97.16,96.62,96.62,96.62,96.07,96.07,95.53,95.53,95.53,94.99,94.99,94.99,94.45,94.45,94.45,94.45,94.45,94.45"
Rec-027_std_2,12,11,2808,core,332,331,0.0,4.0,0.9872,335,333,344,336,1.0,True,99.1546,112.8996,94.4463,3.9687,98.2455,"112.90,109.10,105.84,103.67,103.13,102.04,101.50,100.96,100.96,100.42,104.22,102.04,100.96,100.42,99.33,98.79,98.79,98.25,98.25,98.25,99.33,98.25,98.25,97.70,97.70,97.16,96.62,96.62,96.62,96.07,96.07,95.53,95.53,95.53,95.53,95.53,94.99,94.45,94.45,94.45"
Rec-027_std_2,12,12,2809,core,337,331,0.0,5.0,0.9877,340,333,349,336,1.0,True,98.8561,111.2714,93.3608,3.7331,98.2455,"111.27,107.47,105.30,103.13,102.04,102.04,101.50,100.96,100.42,99.33,103.67,102.04,100.96,100.42,99.33,98.79,98.79,98.25,98.25,97.70,99.33,98.25,98.25,97.70,97.16,97.16,96.62,96.07,95.53,95.53,96.62,96.07,95.53,95.53,95.53,94.99,94.45,94.45,94.45,93.36"
Rec-027_std_2,12,13,2810,core,341,331,0.0,4.0,0.9856,344,333,353,336,1.0,True,98.354,112.8996,90.6471,4.5607,97.9741,"112.90,109.10,105.84,103.67,103.13,102.04,100.42,99.33,98.25,96.62,104.22,103.13,101.50,100.42,99.33,98.79,98.25,97.70,96.07,94.99,99.87,98.79,98.25,98.25,97.70,96.62,95.53,94.99,94.45,92.28,96.62,95.53,95.53,95.53,94.99,94.45,94.45,92.28,91.73,90.65"
Rec-027_std_2,12,14,2811,core,346,331,0.0,5.0,0.9865,349,333,358,336,0.9,False,92.2889,109.6431,77.0784,8.0507,94.4463,"109.64,105.84,103.13,100.96,98.25,96.07,94.45,90.65,82.51,78.16,103.13,100.96,98.79,97.70,96.07,94.45,92.28,89.02,81.42,77.62,98.25,97.70,96.07,94.99,94.45,92.28,90.65,87.39,80.88,77.62,95.53,94.99,94.45,92.28,91.73,90.10,88.48,85.76,79.79,77.08"
Rec-027_std_2,12,15,2812,core,350,331,0.0,4.0,0.984,353,333,362,336,0.5,False,84.3105,108.0149,74.3647,9.564,79.7922,"108.01,103.13,98.25,92.28,84.13,78.71,77.62,75.99,75.99,74.91,101.50,98.25,95.53,90.65,83.05,78.71,77.08,75.99,75.45,74.91,96.07,94.45,92.28,88.48,81.96,78.16,76.54,75.45,75.45,74.91,92.28,91.19,89.56,86.31,80.88,77.62,75.99,75.45,74.91,74.36"
Rec-027_std_2,12,16,2813,core,355,331,0.0,5.0,0.983,358,333,367,336,0.0,False,76.4678,86.3051,74.3647,2.5172,75.4502,"86.31,81.96,78.71,77.62,75.99,75.99,75.45,74.91,74.91,74.36,82.51,78.71,77.62,76.54,75.99,75.45,75.45,74.91,74.36,74.36,79.79,77.62,76.54,75.99,75.45,75.45,74.91,74.91,74.36,74.36,78.71,77.62,75.99,75.99,75.45,75.45,74.91,74.36,74.36,74.36"
Rec-027_std_2,13,1,2936,core,290,331,0.0,0.0,0.9876,293,333,302,336,1.0,True,96.6037,113.9851,90.1043,4.8461,94.989,"113.99,108.56,105.30,102.04,101.50,100.96,100.42,99.87,99.33,98.79,99.87,98.79,97.70,97.16,97.16,97.16,96.62,96.07,96.07,95.53,94.45,93.36,94.45,94.45,94.45,94.45,94.45,94.45,94.45,94.45,90.10,91.19,91.19,92.28,92.28,92.28,92.28,92.28,92.28,91.73"
Rec-027_std_2,13,2,2937,core,293,331,0.0,3.0,0.9846,296,333,305,336,1.0,True,98.2862,118.8698,92.2753,5.6029,96.6172,"118.87,112.90,108.56,105.30,103.13,101.50,100.96,99.87,99.33,98.25,105.30,103.13,100.96,99.33,98.25,98.25,97.16,96.62,96.07,95.53,98.25,97.16,96.62,96.07,95.53,95.53,95.53,94.99,94.45,94.45,94.45,94.45,94.45,93.36,93.36,93.36,93.36,92.28,92.28,92.28"
Rec-027_std_2,13,3,2938,core,298,331,0.0,5.0,0.988,301,333,310,336,1.0,True,97.5806,116.1561,91.1898,5.0631,96.0745,"116.16,110.73,106.39,103.13,102.04,100.42,98.79,98.25,97.70,97.16,105.30,102.04,100.42,98.25,97.70,97.16,96.07,95.53,94.99,94.45,98.79,97.70,96.62,96.07,95.53,95.53,94.45,94.45,93.36,93.36,95.53,94.99,94.45,94.45,94.45,93.36,92.28,92.28,91.73,91.19"
Rec-027_std_2,13,4,2939,core,302,331,0.0,4.0,0.9866,305,333,314,336,1.0,True,97.3364,117.7843,91.1898,5.4008,95.5318,"117.78,111.81,106.93,103.13,100.96,99.87,98.79,98.25,97.16,96.62,105.30,102.04,99.87,98.25,97.16,96.07,95.53,94.99,94.99,94.45,98.79,97.70,96.62,95.53,94.99,94.45,94.45,93.36,93.36,93.36,95.53,94.45,94.45,93.36,93.36,92.28,92.28,92.28,91.73,91.19"
Rec-027_std_2,13,5,2940,core,316,331,0.0,14.0,0.9892,319,333,328,336,1.0,True,95.8303,110.1859,91.7325,3.6609,94.989,"110.19,105.30,102.04,99.33,98.25,97.70,97.16,96.62,96.07,96.07,100.96,98.79,97.16,96.07,95.53,95.53,94.99,94.99,94.45,94.45,96.62,95.53,95.53,94.45,94.45,94.45,93.36,93.36,93.36,93.36,94.45,93.36,93.36,93.36,92.28,92.28,92.28,92.28,91.73,91.73"
Rec-027_std_2,13,6,2941,core,325,331,0.0,9.0,0.9897,328,333,337,336,1.0,True,97.4449,109.6431,94.4463,3.2474,97.16,"109.64,105.84,103.13,100.96,99.87,99.33,98.79,98.79,99.33,98.79,101.50,99.33,98.25,97.70,97.16,97.16,97.16,97.16,97.16,97.16,97.70,96.62,96.07,95.53,95.53,95.53,95.53,95.53,95.53,95.53,94.45,94.45,94.45,94.45,94.45,94.45,94.45,94.45,94.45,94.45"
Rec-027_std_2,13,7,2942,core,330,331,0.0,5.0,0.9866,333,333,342,336,1.0,True,98.2455,108.5576,94.4463,2.9703,97.9741,"108.56,105.30,103.13,101.50,100.96,100.96,100.42,100.42,99.87,99.87,101.50,99.87,98.79,98.79,98.25,98.25,98.25,98.25,98.25,98.25,97.70,97.16,97.16,97.16,97.16,96.62,96.62,96.62,96.62,96.62,95.53,95.53,95.53,95.53,94.99,94.99,94.99,94.99,94.45,94.45"
Rec-027_std_2,13,8,2943,core,334,331,0.0,4.0,0.9894,337,333,346,336,1.0,True,99.5345,111.8141,94.989,3.5913,98.7882,"111.81,108.56,105.30,103.67,103.13,102.04,102.04,102.04,100.96,100.42,103.67,102.04,101.50,100.42,99.87,99.87,99.33,99.33,98.79,98.25,99.33,98.79,98.25,98.25,98.25,97.70,97.70,97.70,97.16,97.16,96.62,96.07,96.07,96.07,96.07,95.53,95.53,95.53,95.53,94.99"
Rec-027_std_2,13,9,2944,core,339,331,0.0,5.0,0.9861,342,333,351,336,1.0,True,99.2903,110.7286,93.3608,3.6234,98.7882,"110.73,107.47,105.30,103.67,103.13,102.04,102.04,100.96,99.87,98.79,103.67,103.13,101.50,100.96,100.42,99.87,99.33,98.79,98.25,97.70,99.87,99.33,98.79,98.25,98.25,98.25,97.70,96.62,96.07,95.53,97.16,96.62,96.62,96.07,95.53,95.53,95.53,94.45,94.45,93.36"
Rec-027_std_2,13,10,2945,core,348,331,0.0,9.0,0.9842,351,333,360,336,0.7,False,88.4082,108.0149,74.9074,9.6726,90.6471,"108.01,104.22,100.96,98.25,95.53,91.19,83.05,78.71,76.54,75.45,102.04,99.87,98.25,95.53,94.45,90.10,82.51,77.62,75.99,75.45,98.25,96.62,95.53,94.45,91.73,87.93,81.42,77.62,75.99,75.45,95.53,94.45,92.28,91.19,89.56,85.76,80.33,77.62,75.99,74.91"
Rec-027_std_2,13,11,2946,core,352,331,0.0,4.0,0.9859,355,333,364,336,0.3,False,80.5384,104.2157,74.3647,7.7943,76.5357,"104.22,97.16,86.31,80.33,77.62,76.54,75.99,75.45,74.91,74.91,98.25,93.36,84.13,79.79,77.62,76.54,75.99,75.45,74.91,74.36,94.45,89.56,82.51,78.71,77.08,75.99,75.45,74.91,74.91,74.36,91.19,87.93,81.42,78.16,76.54,75.99,74.91,74.91,74.36,74.36"
Rec-027_std_2,13,12,2947,core,355,330,18.43,3.16,0.9846,358,332,367,335,0.0,False,78.1232,98.2455,74.3647,4.9094,75.9929,"98.25,89.56,84.13,79.79,77.62,76.54,75.99,75.99,75.45,74.91,89.02,84.13,79.79,77.62,76.54,75.99,75.99,75.45,74.91,74.36,83.59,80.33,78.16,76.54,75.99,75.99,75.45,74.91,74.91,74.36,80.88,78.16,77.08,75.99,75.99,75.45,75.45,74.91,74.36,74.36"
Rec-027_std_2,14,1,3076,core,290,331,0.0,0.0,0.9892,293,333,302,336,1.0,True,97.35,111.8141,90.1043,4.7495,96.0745,"111.81,109.10,105.84,103.13,103.13,102.04,102.04,101.50,100.42,99.87,100.42,98.79,98.25,98.25,98.25,98.25,97.70,97.70,97.16,96.62,94.45,94.45,94.45,95.53,95.53,95.53,95.53,95.53,95.53,94.99,90.10,91.19,91.73,92.28,92.28,93.36,92.28,93.36,93.36,92.28"
Rec-027_std_2,14,2,3077,core,291,331,0.0,1.0,0.984,294,333,303,336,1.0,True,98.5169,117.7843,92.2753,5.3975,96.8886,"117.78,112.90,108.56,105.30,103.67,102.04,102.04,100.96,100.42,99.87,103.67,102.04,100.42,99.33,98.79,98.25,98.25,97.70,97.16,97.16,96.62,96.07,96.62,96.07,96.62,96.07,96.07,95.53,95.53,95.53,92.28,93.36,93.36,94.45,93.36,93.36,93.36,93.36,93.36,93.36"
Rec-027_std_2,14,3,3078,core,296,331,0.0,5.0,0.988,299,333,308,336,1.0,True,98.5847,116.6988,92.2753,4.9975,97.4314,"116.70,111.27,107.47,104.22,103.13,102.04,100.96,99.87,99.33,98.25,105.30,103.13,100.96,99.87,98.79,98.25,97.70,97.16,96.07,95.53,99.33,98.25,97.70,97.16,96.62,96.07,95.53,95.53,94.99,94.45,95.53,95.53,94.99,94.45,94.45,94.45,93.36,93.36,93.36,92.28"
Rec-027_std_2,14,4,3079,core,300,331,0.0,4.0,0.9857,303,333,312,336,1.0,True,98.734,119.4126,92.2753,5.4879,97.4314,"119.41,112.90,108.56,105.30,103.13,101.50,100.42,99.87,98.25,98.25,106.39,103.67,101.50,99.87,98.79,97.70,97.16,96.62,95.53,95.53,99.87,98.25,98.25,97.70,96.62,95.53,95.53,95.53,94.45,94.45,95.53,95.53,95.53,94.99,94.45,94.45,93.36,93.36,93.36,92.28"
Rec-027_std_2,14,5,3080,core,305,331,0.0,5.0,0.9889,308,333,317,336,1.0,True,97.3092,113.9851,91.7325,4.5748,96.0745,"113.99,109.10,105.30,102.04,100.96,99.87,98.79,98.25,97.70,96.62,104.22,101.50,99.33,98.25,97.70,97.16,96.07,95.53,94.99,94.45,98.79,97.70,96.62,96.07,95.53,95.53,94.45,94.45,93.36,93.36,95.53,94.99,94.45,94.45,93.36,93.36,92.28,92.28,92.28,91.73"
Rec-027_std_2,14,6,3081,core,310,331,0.0,5.0,0.9859,313,333,322,336,1.0,True,96.1288,110.1859,91.1898,3.8143,95.5318,"110.19,105.84,102.04,100.42,99.33,98.25,97.70,96.62,96.07,95.53,102.04,99.33,98.25,96.62,96.07,95.53,95.53,94.45,94.45,93.36,97.70,96.62,95.53,95.53,94.45,94.45,93.36,93.36,93.36,93.36,94.99,94.45,94.45,93.36,93.36,92.28,92.28,91.73,91.73,91.19"
Rec-027_std_2,14,7,3082,core,314,331,0.0,4.0,0.9895,317,333,326,336,1.0,True,96.2238,111.2714,91.7325,3.9568,95.2604,"111.27,106.39,103.13,100.42,98.79,98.25,97.70,97.16,96.07,95.53,102.04,99.87,98.25,96.62,95.53,95.53,95.53,94.99,94.45,94.45,97.70,96.07,95.53,94.99,94.45,94.45,94.45,93.36,93.36,93.36,94.45,94.45,93.36,93.36,93.36,92.28,92.28,92.28,91.73,91.73"
Rec-027_std_2,14,8,3083,core,323,331,0.0,9.0,0.9894,326,333,335,336,1.0,True,96.8208,110.1859,93.3608,3.3931,95.8031,"110.19,105.30,102.04,100.42,99.33,98.79,98.25,98.25,97.70,97.70,101.50,99.33,98.25,97.16,96.62,96.62,96.07,96.07,95.53,95.53,97.16,96.07,95.53,95.53,95.53,94.99,94.99,94.99,94.99,94.45,94.45,94.45,94.45,94.45,93.36,93.36,93.36,93.36,93.36,93.36"
Rec-027_std_2,14,9,3084,core,328,331,0.0,5.0,0.9867,331,333,340,336,1.0,True,97.6213,108.5576,94.4463,3.0183,97.16,"108.56,105.30,102.04,100.96,100.42,99.87,99.33,99.33,98.79,98.25,101.50,99.33,98.79,98.25,98.25,97.70,97.70,97.70,97.16,97.16,97.70,97.16,96.62,96.07,96.07,96.07,95.53,95.53,95.53,95.53,94.99,94.99,94.99,94.99,94.45,94.45,94.45,94.45,94.45,94.45"
Rec-027_std_2,14,10,3085,core,332,331,0.0,4.0,0.9895,335,333,344,336,1.0,True,98.734,111.2714,94.4463,3.4854,98.2455,"111.27,107.47,104.22,103.13,102.04,100.96,100.42,100.42,99.87,99.87,103.13,101.50,100.42,99.33,98.79,98.25,98.25,98.25,98.25,98.25,98.25,98.25,97.70,97.70,97.16,97.16,96.62,96.62,96.62,96.62,95.53,95.53,95.53,95.53,95.53,95.53,94.99,94.99,94.99,94.45"
Rec-027_std_2,14,11,3086,core,337,331,0.0,5.0,0.9874,340,333,349,336,1.0,True,99.1139,110.1859,94.4463,3.2265,98.2455,"110.19,106.39,104.22,103.13,102.04,101.50,101.50,100.96,100.42,99.87,103.13,101.50,100.96,100.42,99.87,99.33,98.79,98.79,98.25,98.25,99.33,98.25,98.25,98.25,98.25,97.70,97.70,97.16,96.62,96.62,96.62,96.07,96.07,96.07,96.07,95.53,95.53,95.53,94.99,94.45"
Rec-027_std_2,14,12,3087,core,341,331,0.0,4.0,0.9889,344,333,353,336,1.0,True,99.1139,112.8996,91.7325,4.1879,98.2455,"112.90,108.56,105.84,104.22,103.13,102.04,101.50,100.42,98.79,97.70,105.30,103.13,102.04,100.96,100.42,99.87,98.79,98.25,97.16,95.53,100.42,99.33,98.79,98.25,98.25,97.70,97.16,95.53,95.53,94.45,97.16,96.62,96.62,96.07,96.07,95.53,94.99,94.45,93.36,91.73"
Rec-027_std_2,14,13,3088,core,346,331,0.0,5.0,0.9866,349,333,358,336,0.9,False,93.2387,110.1859,77.0784,8.3761,95.5318,"110.19,106.39,103.67,102.04,99.33,97.70,95.53,91.19,82.51,78.16,103.67,102.04,100.42,98.79,97.70,95.53,94.45,89.56,81.96,77.62,99.87,98.79,97.70,96.62,95.53,94.45,92.28,87.93,80.88,77.62,97.16,96.07,95.53,94.45,92.28,91.19,89.56,85.76,80.33,77.08"
Rec-027_std_2,14,14,3089,core,350,331,0.0,4.0,0.9877,353,333,362,336,0.5,False,84.9618,109.6431,74.3647,10.1951,80.6063,"109.64,104.22,99.87,94.45,84.13,79.79,77.62,75.99,75.45,75.45,102.04,99.33,96.62,91.73,83.59,78.71,77.08,75.99,75.45,74.91,98.25,96.07,93.36,89.56,82.51,78.16,76.54,75.99,74.91,74.36,94.45,93.36,91.19,87.93,81.42,77.62,75.99,75.45,74.91,74.36"
Rec-027_std_2,14,15,3090,core,355,330,11.31,5.1,0.993,358,332,367,335,0.0,False,77.5126,92.2753,74.3647,3.8458,75.9929,"92.28,85.76,81.42,78.71,77.62,75.99,75.99,75.99,75.45,74.91,86.85,82.51,78.71,77.62,75.99,75.99,75.45,74.91,74.91,74.36,83.05,79.79,77.62,76.54,75.99,75.45,75.45,74.91,74.36,74.36,80.33,78.16,77.08,75.99,75.99,75.45,74.91,74.91,74.36,74.36"
Rec-027_std_2,15,1,3212,core,290,331,0.0,0.0,0.9856,293,333,302,336,1.0,True,98.6525,117.7843,91.1898,5.3643,96.8886,"117.78,111.81,108.56,105.30,103.67,103.13,103.13,102.04,101.50,100.96,103.13,101.50,99.87,99.33,98.79,98.79,98.25,98.25,98.25,97.70,95.53,95.53,95.53,96.07,96.07,96.07,96.07,96.07,96.07,95.53,91.19,92.28,93.36,93.36,94.45,94.45,94.45,94.45,94.45,93.36"
Rec-027_std_2,15,2,3213,core,299,331,0.0,9.0,0.9883,302,333,311,336,1.0,True,98.8154,117.7843,92.2753,5.1774,97.4314,"117.78,111.81,108.01,105.30,103.13,101.50,100.96,99.33,98.79,98.25,106.39,103.67,101.50,99.87,98.79,98.25,97.16,96.62,95.53,95.53,100.42,98.79,98.25,97.70,97.16,96.62,95.53,94.99,94.45,94.45,96.07,96.07,95.53,95.53,94.99,94.45,94.45,93.36,93.36,92.28"
Rec-027_std_2,15,3,3214,core,303,331,0.0,4.0,0.9862,306,333,315,336,1.0,True,98.5169,119.4126,92.2753,5.5229,96.8886,"119.41,112.90,108.01,105.30,102.04,100.96,99.87,98.25,98.25,97.16,106.93,103.67,101.50,99.33,98.25,97.16,96.62,95.53,95.53,94.99,100.96,98.79,98.25,97.16,96.07,95.53,95.53,94.99,94.45,94.45,96.62,95.53,95.53,94.99,94.45,94.45,93.36,93.36,92.28,92.28"
Rec-027_std_2,15,4,3215,core,312,331,0.0,9.0,0.9865,315,333,324,336,1.0,True,97.0515,116.1561,91.1898,4.936,95.5318,"116.16,110.19,105.30,102.04,99.87,98.79,98.25,97.16,96.62,95.53,104.22,102.04,99.33,98.25,97.16,96.07,95.53,94.99,94.45,93.36,98.79,97.70,96.62,95.53,95.53,94.45,94.45,93.36,93.36,93.36,95.53,94.99,94.45,94.45,93.36,93.36,92.28,92.28,91.73,91.19"
Rec-027_std_2,15,5,3216,core,317,331,0.0,5.0,0.9895,320,333,329,336,1.0,True,96.1288,111.8141,91.1898,4.0503,95.2604,"111.81,106.39,103.13,99.87,98.79,97.70,97.16,96.62,96.07,95.53,102.04,99.87,98.25,96.62,96.07,95.53,94.99,94.45,94.45,94.45,97.70,96.62,95.53,95.53,94.45,94.45,93.36,93.36,93.36,92.28,94.99,94.45,93.36,93.36,93.36,92.28,92.28,91.73,91.73,91.19"
Rec-027_std_2,15,6,3217,core,326,331,0.0,9.0,0.9896,329,333,338,336,1.0,True,97.255,110.1859,93.3608,3.4238,96.6172,"110.19,105.84,103.13,100.96,99.87,99.33,98.79,98.79,98.79,98.25,101.50,99.87,98.25,97.70,97.16,97.16,97.16,96.62,96.62,96.62,97.16,96.07,95.53,95.53,95.53,95.53,95.53,95.53,95.53,95.53,94.45,94.45,94.45,94.45,94.45,93.36,93.36,93.36,94.45,93.36"
Rec-027_std_2,15,7,3218,core,331,331,0.0,5.0,0.9869,334,333,343,336,1.0,True,98.042,108.5576,94.4463,3.1005,97.9741,"108.56,105.30,103.13,101.50,100.96,100.96,100.42,99.87,99.87,99.87,101.50,99.87,98.79,98.79,98.25,98.25,98.25,98.25,98.25,98.25,97.70,97.16,96.62,96.62,96.62,96.07,96.07,96.07,96.07,96.07,94.99,94.99,94.99,94.99,94.99,94.99,94.45,94.45,94.45,94.45"
Rec-027_std_2,15,8,3219,core,335,331,0.0,4.0,0.9895,338,333,347,336,1.0,True,99.141,111.2714,94.989,3.5164,98.7882,"111.27,107.47,105.30,103.13,102.04,102.04,101.50,101.50,100.96,100.96,103.13,101.50,100.42,99.87,99.33,99.33,98.79,98.79,98.79,98.79,98.79,98.25,98.25,97.70,97.70,97.70,97.16,97.16,97.16,96.62,96.07,95.53,95.53,95.53,95.53,95.53,95.53,94.99,94.99,94.99"
Rec-027_std_2,15,9,3220,core,340,331,0.0,5.0,0.9876,343,333,352,336,1.0,True,99.1275,110.1859,92.2753,3.6543,98.5169,"110.19,106.93,105.30,103.67,103.13,103.13,102.04,101.50,100.42,99.33,103.13,102.04,101.50,100.96,100.42,99.87,99.33,98.79,98.25,97.16,99.33,98.79,98.25,98.25,98.25,97.70,97.16,96.62,95.53,94.99,96.62,96.07,96.07,96.07,95.53,95.53,95.53,94.99,94.45,92.28"
Rec-027_std_2,15,10,3221,core,344,331,0.0,4.0,0.9884,347,333,356,336,1.0,True,97.4585,112.8996,85.7624,5.4975,97.16,"112.90,109.10,105.84,103.67,102.04,100.96,99.33,97.16,95.53,91.19,105.30,103.13,102.04,100.96,99.87,98.25,97.16,95.53,94.45,90.10,100.42,99.33,98.79,98.25,97.70,96.07,94.99,93.36,91.73,87.93,97.16,97.16,96.62,95.53,95.53,94.45,92.28,91.19,89.56,85.76"
Rec-027_std_2,15,11,3222,core,349,331,0.0,5.0,0.9862,352,333,361,336,0.6,False,87.0514,109.1004,74.9074,10.1282,86.0337,"109.10,104.22,100.96,98.25,93.36,84.13,79.79,77.08,75.99,75.45,102.04,99.87,97.70,95.53,91.73,83.05,78.71,76.54,75.99,75.45,98.25,96.62,94.99,93.36,89.56,82.51,78.71,76.54,75.45,74.91,94.99,94.45,92.28,91.19,87.93,81.42,77.62,75.99,75.45,74.91"
Rec-027_std_2,15,12,3223,core,353,331,0.0,4.0,0.9867,356,333,365,336,0.2,False,78.978,102.0447,74.3647,6.2921,75.9929,"102.04,89.02,82.51,78.71,77.08,76.54,75.99,75.45,75.45,74.36,95.53,85.76,80.33,77.62,76.54,75.99,75.45,74.91,74.91,74.36,91.19,83.59,79.79,77.62,75.99,75.99,75.45,74.91,74.91,74.36,89.02,81.96,78.71,77.08,75.99,75.45,74.91,74.91,74.36,74.36"
Rec-027_std_2,15,13,3224,core,355,330,26.57,2.24,0.9871,358,332,367,335,0.0,False,78.0689,97.7027,73.822,4.8604,75.9929,"97.70,89.02,83.05,79.79,77.62,76.54,75.99,75.99,75.45,74.91,89.56,84.13,79.79,77.62,77.08,75.99,75.99,75.45,74.91,74.36,84.13,80.33,77.62,77.08,75.99,75.45,75.45,74.91,74.36,74.36,80.88,78.16,77.08,75.99,75.99,75.45,75.45,74.91,74.36,73.82"
Rec-027_std_2,16,1,3354,core,290,331,0.0,0.0,0.9877,293,333,302,336,1.0,True,98.2862,113.9851,90.6471,4.7384,97.4314,"113.99,109.64,106.93,104.22,103.13,103.13,102.04,102.04,101.50,100.96,100.96,99.87,98.79,98.79,98.79,98.79,98.79,98.25,98.25,98.25,94.45,94.99,95.53,96.07,96.62,96.62,96.62,96.62,96.07,96.07,90.65,91.73,92.28,93.36,94.45,94.45,94.45,94.45,94.45,94.45"
Rec-027_std_2,16,2,3355,core,292,331,0.0,2.0,0.985,295,333,304,336,1.0,True,100.023,120.498,94.4463,5.4828,98.2455,"120.50,113.99,110.19,106.93,105.30,103.67,103.13,102.04,101.50,100.96,105.84,103.67,102.04,100.96,100.42,99.87,99.33,98.79,98.25,97.70,98.25,98.25,98.25,97.70,97.70,97.70,97.70,97.16,96.62,96.07,94.45,94.99,94.99,95.53,95.53,95.53,95.53,94.99,94.45,94.45"
Rec-027_std_2,16,3,3356,core,297,331,0.0,5.0,0.9872,300,333,309,336,1.0,True,99.426,117.7843,93.3608,4.9041,98.2455,"117.78,111.81,108.01,105.30,103.13,102.04,101.50,100.42,99.87,98.79,106.39,103.67,102.04,100.42,99.33,98.79,98.25,97.70,97.16,96.07,100.96,99.33,98.25,98.25,97.70,97.16,96.62,96.07,95.53,95.53,96.62,96.62,96.07,95.53,95.53,95.53,94.99,94.45,94.45,93.36"
Rec-027_std_2,16,4,3357,core,301,331,0.0,4.0,0.987,304,333,313,336,1.0,True,99.3581,120.498,93.3608,5.5295,97.9741,"120.50,113.99,108.56,105.30,103.13,101.50,100.96,99.33,98.79,98.25,107.47,105.30,102.04,100.42,98.79,98.25,97.70,96.62,96.07,95.53,101.50,99.87,98.79,98.25,97.70,96.62,96.07,95.53,95.53,94.45,97.16,96.62,96.07,95.53,95.53,94.99,94.45,94.45,93.36,93.36"
Rec-027_std_2,16,5,3358,core,306,331,0.0,5.0,0.9879,309,333,318,336,1.0,True,97.7299,115.0706,92.2753,4.6117,96.3459,"115.07,109.64,105.30,103.13,100.96,99.87,98.79,98.25,97.16,96.62,105.30,102.04,99.87,98.25,97.70,96.62,96.07,95.53,95.53,94.45,99.33,98.25,97.70,96.62,95.53,95.53,95.53,94.45,94.45,93.36,96.07,95.53,95.53,94.99,94.45,94.45,93.36,93.36,92.28,92.28"
Rec-027_std_2,16,6,3359,core,310,331,0.0,4.0,0.9874,313,333,322,336,1.0,True,97.5806,116.6988,92.2753,4.893,96.0745,"116.70,110.19,105.84,103.13,100.42,99.33,98.25,97.70,97.16,96.07,105.30,102.04,99.87,98.25,97.16,96.62,95.53,95.53,94.99,94.45,99.33,98.25,97.16,96.07,95.53,95.53,94.99,94.45,94.45,93.36,96.07,95.53,95.53,94.45,94.45,93.36,93.36,92.28,92.28,92.28"
Rec-027_std_2,16,7,3360,core,315,331,0.0,5.0,0.9893,318,333,327,336,1.0,True,96.8072,111.8141,92.2753,3.896,95.5318,"111.81,106.39,103.13,100.96,99.33,98.25,98.25,98.25,97.16,97.16,103.13,100.42,98.25,97.16,96.62,96.07,95.53,95.53,95.53,94.99,98.25,96.62,95.53,95.53,94.99,94.99,94.45,94.45,94.45,94.45,95.53,94.45,94.45,93.36,93.36,93.36,93.36,92.28,92.28,92.28"
Rec-027_std_2,16,8,3361,core,319,331,0.0,4.0,0.9872,322,333,331,336,1.0,True,97.6349,115.0706,93.3608,4.3609,96.3459,"115.07,109.10,105.30,102.04,100.42,99.33,98.79,98.25,98.25,98.25,103.13,101.50,99.33,98.25,97.16,97.16,96.62,96.07,96.07,95.53,98.25,97.16,96.62,96.07,95.53,95.53,95.53,94.99,94.99,94.45,95.53,94.99,94.45,94.45,94.45,93.36,93.36,93.36,93.36,93.36"
Rec-027_std_2,16,9,3362,core,324,331,0.0,5.0,0.9897,327,333,336,336,1.0,True,97.7434,111.2714,93.3608,3.5969,97.16,"111.27,106.93,103.13,101.50,100.42,99.87,99.33,99.33,98.25,98.25,103.13,100.96,99.33,98.25,98.25,97.16,97.16,97.16,96.62,96.62,98.25,97.16,97.16,96.07,95.53,96.07,95.53,95.53,95.53,95.53,95.53,94.99,94.99,94.45,94.45,94.45,94.45,94.45,93.36,93.36"
Rec-027_std_2,16,10,3363,core,333,331,0.0,9.0,0.9901,336,333,345,336,1.0,True,99.0867,111.8141,94.989,3.6001,98.2455,"111.81,108.01,105.30,103.13,102.04,101.50,100.96,100.96,100.42,100.42,103.67,102.04,100.96,99.87,99.33,98.79,98.79,98.25,98.25,98.25,99.33,98.25,98.25,97.70,97.70,97.16,97.16,97.16,96.62,96.62,96.07,96.07,95.53,95.53,95.53,95.53,95.53,94.99,94.99,94.99"
Rec-027_std_2,16,11,3364,core,337,331,0.0,4.0,0.9865,340,333,349,336,1.0,True,99.9416,115.0706,94.989,4.0673,99.0596,"115.07,110.19,106.39,104.22,103.13,102.04,102.04,102.04,100.96,100.42,105.30,103.13,102.04,100.96,100.42,99.87,99.87,99.33,98.79,98.25,100.42,99.33,98.79,98.25,98.25,98.25,97.70,97.70,97.16,96.62,97.16,97.16,96.62,96.62,96.07,95.53,95.53,95.53,95.53,94.99"
Rec-027_std_2,16,12,3365,core,342,331,0.0,5.0,0.9899,345,333,354,336,1.0,True,98.7068,111.8141,90.6471,4.4418,97.9741,"111.81,108.56,105.84,104.22,103.13,102.04,100.96,99.33,97.70,95.53,105.30,103.13,102.04,100.96,100.42,99.87,98.25,97.70,95.53,94.45,100.96,99.87,99.33,98.25,98.25,97.70,96.62,95.53,94.45,92.28,97.16,97.16,96.62,96.07,95.53,95.53,94.45,93.36,91.73,90.65"
Rec-027_std_2,16,13,3366,core,346,331,0.0,4.0,0.9856,349,333,358,336,0.9,False,93.7678,113.9851,77.0784,8.9617,95.5318,"113.99,109.64,105.84,103.13,100.42,98.25,95.53,91.19,83.05,78.16,105.84,103.13,101.50,99.33,97.70,95.53,94.45,90.10,82.51,77.62,100.96,99.33,98.25,96.62,95.53,93.36,91.73,87.93,80.88,77.62,97.16,96.62,95.53,94.45,93.36,91.19,89.56,86.31,80.33,77.08"
Rec-027_std_2,16,14,3367,core,351,331,0.0,5.0,0.9884,354,333,363,336,0.4,False,82.6009,106.9294,74.3647,9.2481,77.6212,"106.93,101.50,94.99,84.68,79.79,77.62,75.99,75.45,74.91,74.91,100.96,97.16,92.28,83.59,78.71,77.08,75.99,75.45,74.91,74.36,96.07,94.45,89.56,82.51,78.71,77.08,75.99,75.45,74.91,74.36,93.36,91.19,87.93,81.42,77.62,76.54,75.99,74.91,74.36,74.36"
Rec-027_std_2,16,15,3368,core,355,331,0.0,4.0,0.9881,358,333,367,336,0.0,False,76.7121,87.9333,73.822,2.9061,75.9929,"87.93,83.05,79.79,77.62,76.54,75.99,75.99,75.45,74.91,74.36,83.59,79.79,77.62,76.54,75.99,75.99,75.45,74.91,74.36,74.36,80.88,78.16,77.08,75.99,75.99,75.45,74.91,74.91,74.36,73.82,78.71,77.62,76.54,75.99,75.45,74.91,74.91,74.36,74.36,73.82"
Rec-027_std_2,17,1,3495,core,290,331,0.0,0.0,0.9881,293,333,302,336,1.0,True,98.6797,113.9851,91.1898,4.8684,97.4314,"113.99,110.73,108.01,105.30,104.22,103.13,103.13,103.13,102.04,101.50,101.50,99.87,99.33,99.33,99.33,99.33,98.79,98.25,98.25,98.25,94.99,95.53,95.53,96.62,96.62,96.62,96.62,96.62,96.62,96.07,91.19,92.28,93.36,94.45,94.45,94.45,94.45,94.45,94.45,94.45"
Rec-027_std_2,17,2,3496,core,296,331,0.0,6.0,0.9866,299,333,308,336,1.0,True,99.6973,118.8698,94.4463,5.1481,98.2455,"118.87,112.90,108.56,105.84,103.67,103.13,102.04,100.96,100.42,99.33,106.93,104.22,102.04,100.42,99.87,98.79,98.25,97.70,97.16,96.62,100.96,99.87,98.79,98.25,97.70,97.16,96.62,96.07,95.53,95.53,96.62,96.07,96.07,95.53,95.53,95.53,94.99,94.45,94.45,94.45"
Rec-027_std_2,17,3,3497,core,300,331,0.0,4.0,0.9853,303,333,312,336,1.0,True,99.5345,122.1263,93.3608,5.7767,97.9741,"122.13,113.99,109.64,105.84,103.67,102.04,100.96,99.87,98.79,98.25,108.01,105.30,102.04,100.42,99.33,98.25,97.70,96.62,96.07,95.53,102.04,99.87,98.79,98.25,97.70,96.62,96.07,95.53,95.53,94.99,97.16,96.62,96.07,95.53,95.53,94.99,94.45,94.45,93.36,93.36"
Rec-027_std_2,17,4,3498,core,305,331,0.0,5.0,0.9875,308,333,317,336,1.0,True,98.1098,116.1561,92.2753,4.6543,96.8886,"116.16,110.19,105.84,103.13,101.50,100.42,99.33,98.25,97.70,97.16,105.30,102.04,99.87,98.79,98.25,97.16,96.62,95.53,95.53,94.99,99.87,98.25,97.70,97.16,96.07,95.53,95.53,94.99,94.45,94.45,96.62,96.07,95.53,95.53,94.99,94.45,94.45,93.36,93.36,92.28"
Rec-027_std_2,17,5,3499,core,309,331,0.0,4.0,0.9858,312,333,321,336,1.0,True,98.1505,117.7843,92.2753,5.0709,96.6172,"117.78,111.81,106.93,103.13,101.50,99.87,98.79,98.25,97.70,97.16,105.84,103.13,100.42,98.79,97.70,97.16,96.07,95.53,95.53,94.99,100.42,98.25,97.70,96.62,95.53,95.53,95.53,94.99,94.45,94.45,96.62,96.07,95.53,94.99,94.45,94.45,93.36,93.36,93.36,92.28"
Rec-027_std_2,17,6,3500,core,314,331,0.0,5.0,0.9887,317,333,326,336,1.0,True,97.2821,112.8996,92.2753,3.9819,95.8031,"112.90,107.47,103.67,101.50,99.87,99.33,98.25,98.25,98.25,97.70,103.13,100.42,98.79,97.70,97.16,96.62,96.07,95.53,95.53,95.53,98.25,97.70,96.62,95.53,95.53,95.53,94.99,94.99,94.45,94.45,95.53,94.99,94.45,94.45,94.45,93.36,93.36,93.36,93.36,92.28"
Rec-027_std_2,17,7,3501,core,319,331,0.0,5.0,0.9857,322,333,331,336,1.0,True,97.1871,110.1859,93.3608,3.4496,96.0745,"110.19,105.84,103.13,100.96,99.87,98.79,98.79,98.25,98.25,97.70,102.04,99.87,98.25,98.25,97.16,96.62,96.07,96.07,95.53,95.53,98.25,97.16,96.62,96.07,95.53,95.53,94.99,94.99,94.45,94.45,95.53,94.99,94.99,94.45,94.45,94.45,93.36,93.36,93.36,93.36"
Rec-027_std_2,17,8,3502,core,323,331,0.0,4.0,0.9892,326,333,335,336,1.0,True,97.757,111.8141,93.3608,3.7006,96.6172,"111.81,107.47,103.67,102.04,100.42,99.87,98.79,98.25,98.25,98.25,103.13,100.96,99.33,98.25,97.70,97.70,96.62,96.62,96.62,96.62,98.25,97.70,97.16,96.07,96.07,95.53,95.53,95.53,95.53,95.53,95.53,95.53,94.99,94.45,94.45,94.45,94.45,94.45,93.36,93.36"
Rec-027_std_2,17,9,3503,core,328,331,0.0,5.0,0.9859,331,333,340,336,1.0,True,98.0555,109.6431,94.4463,3.1543,97.7027,"109.64,105.84,103.13,101.50,100.42,100.42,99.87,99.33,99.33,98.79,102.04,100.42,99.33,98.25,98.25,98.25,97.70,97.70,97.70,97.70,98.25,97.70,97.70,96.62,96.62,96.07,96.07,96.07,96.07,96.07,95.53,95.53,95.53,94.99,94.99,94.99,94.45,94.45,94.45,94.45"
Rec-027_std_2,17,10,3504,core,332,331,0.0,4.0,0.9897,335,333,344,336,1.0,True,99.3445,111.8141,95.5318,3.5058,98.5169,"111.81,108.01,105.30,103.13,102.04,102.04,101.50,100.96,100.96,100.42,103.67,102.04,100.96,99.87,99.87,99.33,98.79,98.79,98.79,98.25,99.33,98.25,98.25,98.25,98.25,97.70,97.70,97.70,97.70,97.16,96.07,96.07,96.07,95.53,95.53,95.53,95.53,95.53,95.53,95.53"
Rec-027_std_2,17,11,3505,core,337,331,0.0,5.0,0.9864,340,333,349,336,1.0,True,99.7109,110.7286,94.989,3.2682,99.0596,"110.73,106.93,105.30,103.67,103.13,102.04,102.04,101.50,100.96,100.42,103.67,102.04,101.50,100.96,100.96,100.42,99.33,99.33,98.79,98.25,99.87,99.33,98.79,98.79,98.25,98.25,98.25,97.70,97.16,97.16,97.16,97.16,97.16,96.62,96.62,96.07,96.07,95.53,95.53,94.99"
Rec-027_std_2,17,12,3506,core,346,331,0.0,9.0,0.9856,349,333,358,336,0.9,False,93.3336,110.7286,77.0784,8.5221,95.5318,"110.73,106.93,103.67,102.04,99.87,97.70,95.53,91.19,83.05,77.62,104.22,102.04,100.96,98.79,97.70,95.53,94.45,89.56,81.96,77.62,100.42,98.79,98.25,96.62,95.53,93.36,91.73,87.93,80.88,77.62,97.70,96.62,95.53,94.45,93.36,91.19,89.56,85.76,79.79,77.08"
Rec-027_std_2,17,13,3507,core,350,331,0.0,4.0,0.9877,353,333,362,336,0.5,False,84.7583,109.6431,74.3647,10.0478,80.3349,"109.64,103.67,98.79,93.36,84.13,79.79,77.62,75.99,75.45,74.91,102.04,98.79,96.07,91.73,83.59,78.71,76.54,75.99,74.91,74.91,97.70,95.53,93.36,89.56,82.51,78.71,76.54,75.99,74.91,74.36,94.45,92.28,91.19,87.39,80.88,77.62,75.99,75.45,74.91,74.36"
Rec-027_std_2,17,14,3508,core,354,331,0.0,4.0,0.9837,357,333,366,336,0.1,False,77.6347,93.3608,74.3647,4.1164,75.9929,"93.36,85.76,80.88,78.71,77.62,75.99,75.99,75.45,74.91,74.91,87.93,82.51,78.71,77.62,75.99,75.99,75.45,75.45,74.36,74.36,84.13,79.79,77.62,76.54,75.99,75.45,75.45,74.91,74.36,74.36,82.51,78.71,77.62,75.99,75.99,75.45,74.91,74.91,74.36,74.36"
Rec-027_std_2,18,1,3617,core,290,331,0.0,0.0,0.9875,293,333,302,336,1.0,True,98.734,113.9851,91.1898,4.7375,97.7027,"113.99,110.73,107.47,105.30,103.67,103.13,103.13,102.04,102.04,100.96,101.50,100.42,99.33,99.33,99.33,99.33,98.79,98.79,98.25,98.25,95.53,95.53,95.53,96.62,96.62,97.16,97.16,96.62,96.62,96.07,91.19,92.28,93.36,94.45,94.45,94.99,94.99,94.99,94.99,94.45"
Rec-027_std_2,18,2,3618,core,293,331,0.0,3.0,0.987,296,333,305,336,1.0,True,99.5481,117.2416,94.4463,4.8648,98.2455,"117.24,111.81,108.56,105.84,104.22,103.13,102.04,101.50,100.42,99.87,105.30,103.13,102.04,100.42,99.87,99.33,98.25,98.25,97.70,97.16,99.33,98.25,98.25,98.25,97.70,97.70,96.62,96.07,96.07,95.53,95.53,95.53,95.53,95.53,95.53,95.53,94.99,94.99,94.45,94.45"
Rec-027_std_2,18,3,3619,core,297,331,0.0,4.0,0.9844,300,333,309,336,1.0,True,100.2265,122.1263,94.4463,5.7215,98.2455,"122.13,115.07,110.19,106.39,104.22,103.13,102.04,100.96,99.87,99.33,108.56,105.84,103.13,100.96,99.87,99.33,98.25,98.25,97.16,96.62,102.04,100.42,99.33,98.25,98.25,97.70,97.16,96.07,95.53,95.53,97.70,97.16,96.62,96.07,96.07,95.53,94.99,94.45,94.45,94.45"
Rec-027_std_2,18,4,3620,core,302,331,0.0,5.0,0.9882,305,333,314,336,1.0,True,98.6525,116.6988,92.2753,4.848,97.4314,"116.70,111.27,106.93,103.67,102.04,101.50,100.42,98.79,98.25,97.70,105.84,103.13,100.96,99.33,98.25,98.25,97.16,96.07,95.53,95.53,100.96,99.33,98.25,97.70,97.16,96.62,95.53,95.53,94.45,94.45,97.16,96.62,95.53,95.53,95.53,94.99,94.45,93.36,93.36,92.28"
Rec-027_std_2,18,5,3621,core,306,331,0.0,4.0,0.9858,309,333,318,336,1.0,True,98.4897,118.8698,92.2753,5.2142,97.16,"118.87,111.81,107.47,104.22,102.04,100.42,99.33,98.25,98.25,97.16,106.39,103.13,100.96,98.79,98.25,97.70,96.62,95.53,95.53,94.99,100.96,99.33,98.25,97.16,96.07,95.53,95.53,94.99,94.45,94.45,97.16,96.07,95.53,95.53,94.99,94.45,94.45,93.36,93.36,92.28"
Rec-027_std_2,18,6,3622,core,311,331,0.0,5.0,0.9889,314,333,323,336,1.0,True,97.4449,112.8996,92.2753,4.085,95.8031,"112.90,108.01,104.22,102.04,100.42,99.33,98.79,98.25,97.70,97.16,103.67,101.50,98.79,98.25,97.16,96.62,96.07,95.53,95.53,94.99,98.79,98.25,96.62,95.53,95.53,95.53,94.99,94.99,94.45,94.45,95.53,95.53,94.99,94.45,94.45,94.45,93.36,93.36,93.36,92.28"
Rec-027_std_2,18,7,3623,core,315,331,0.0,4.0,0.9861,318,333,327,336,1.0,True,97.9605,115.6133,93.3608,4.3892,96.6172,"115.61,109.64,105.30,102.04,100.96,99.87,99.33,98.79,98.25,98.25,103.67,102.04,99.87,98.25,97.70,97.16,96.62,96.62,96.07,96.07,98.79,97.70,96.62,96.07,95.53,95.53,95.53,95.53,94.99,94.99,95.53,95.53,94.99,94.45,94.45,94.45,94.45,94.45,93.36,93.36"
Rec-027_std_2,18,8,3624,core,320,331,0.0,5.0,0.9897,323,333,332,336,1.0,True,98.0962,111.8141,94.4463,3.6449,97.16,"111.81,108.01,104.22,102.04,100.96,99.87,99.33,98.79,98.79,98.25,103.13,101.50,99.87,98.25,98.25,97.70,97.70,97.16,96.62,96.62,98.25,97.70,97.16,96.62,96.62,96.07,96.07,95.53,95.53,95.53,95.53,95.53,95.53,95.53,94.99,94.99,94.45,94.45,94.45,94.45"
Rec-027_std_2,18,9,3625,core,324,331,0.0,4.0,0.9863,327,333,336,336,1.0,True,99.0325,113.9851,94.989,3.9287,98.2455,"113.99,109.64,105.84,103.13,102.04,100.96,100.42,100.42,99.33,99.33,104.22,102.04,100.96,99.33,98.79,98.25,98.25,98.25,98.25,98.25,99.33,98.25,98.25,97.70,97.16,97.16,97.16,96.62,96.62,96.62,96.07,95.53,95.53,95.53,95.53,95.53,95.53,95.53,94.99,94.99"
Rec-027_std_2,18,10,3626,core,329,331,0.0,5.0,0.9897,332,333,341,336,1.0,True,99.5481,111.8141,95.5318,3.4791,98.7882,"111.81,108.56,105.30,103.13,103.13,102.04,101.50,101.50,100.42,100.42,103.67,102.04,100.96,100.42,99.87,99.33,99.33,98.79,98.79,98.79,99.87,98.79,98.25,98.25,98.25,98.25,97.70,97.70,97.70,97.16,97.16,96.62,96.07,96.07,96.07,96.07,95.53,95.53,95.53,95.53"
Rec-027_std_2,18,11,3627,core,334,331,0.0,5.0,0.9866,337,333,346,336,1.0,True,100.0908,110.7286,95.5318,3.1759,99.6023,"110.73,107.47,105.30,103.67,103.13,102.04,102.04,102.04,101.50,100.96,104.22,103.13,101.50,100.96,100.42,100.42,100.42,99.87,99.87,99.33,100.42,99.33,99.33,98.79,98.79,98.25,98.25,98.25,98.25,98.25,97.70,97.16,97.16,97.16,96.62,96.62,96.62,96.07,96.07,95.53"
Rec-027_std_2,18,12,3628,core,338,331,0.0,4.0,0.9893,341,333,350,336,1.0,True,100.7285,112.8996,95.5318,3.7088,100.1451,"112.90,109.64,106.93,105.30,104.22,103.13,103.13,103.13,102.04,100.96,105.30,103.67,103.13,102.04,102.04,100.96,100.96,100.42,99.87,98.79,100.96,100.42,99.87,99.33,99.33,98.79,98.25,98.25,98.25,97.16,98.25,98.25,97.70,97.70,97.16,97.16,96.62,96.07,95.53,95.53"
Rec-027_std_2,18,13,3629,core,343,331,0.0,5.0,0.9867,346,333,355,336,1.0,True,98.449,111.8141,89.5616,4.7543,98.2455,"111.81,108.56,105.84,104.22,103.13,102.04,100.42,98.25,96.07,94.45,105.30,103.13,102.04,101.50,100.42,99.33,98.25,96.62,95.53,93.36,101.50,100.42,99.87,98.79,98.25,97.16,95.53,94.45,93.36,91.19,98.25,98.25,97.16,96.62,95.53,94.99,93.36,92.28,91.19,89.56"
Rec-027_std_2,18,14,3630,core,347,331,0.0,4.0,0.9883,350,333,359,336,0.8,False,91.3933,111.8141,75.9929,9.7571,93.9035,"111.81,107.47,103.67,101.50,98.25,96.07,91.19,83.05,78.16,76.54,105.30,102.04,100.42,98.25,96.62,94.45,90.10,82.51,77.62,75.99,100.42,98.25,97.16,95.53,94.45,92.28,87.93,81.42,77.62,75.99,97.16,96.07,94.99,93.36,91.73,89.56,86.31,80.88,77.62,75.99"
Rec-027_std_2,18,15,3631,core,352,331,0.0,5.0,0.9849,355,333,364,336,0.3,False,80.2942,103.1302,73.822,7.6894,76.2643,"103.13,96.07,85.76,79.79,77.62,75.99,75.99,75.45,74.91,74.36,98.25,92.28,84.13,78.71,77.08,75.99,75.45,75.45,74.91,74.36,94.45,89.56,83.05,78.71,77.08,75.99,75.45,74.91,74.36,73.82,91.19,87.93,81.42,78.16,76.54,75.45,74.91,74.36,74.36,74.36"
Rec-027_std_2,18,16,3632,core,355,331,0.0,3.0,0.9869,358,333,367,336,0.0,False,76.6442,88.4761,73.822,3.0028,75.4502,"88.48,83.59,79.79,77.62,76.54,75.99,75.45,74.91,74.91,74.91,83.59,79.79,77.62,76.54,75.99,75.45,75.45,74.91,74.36,74.36,80.33,78.16,77.08,75.99,75.45,75.45,74.91,74.36,74.36,73.82,78.71,77.62,75.99,75.99,75.45,74.91,74.36,74.36,74.36,73.82"
Rec-027_std_2,19,1,3745,core,291,331,0.0,1.0,0.9857,294,333,303,336,1.0,True,99.4667,115.0706,93.3608,4.5599,97.9741,"115.07,111.27,107.47,105.30,104.22,103.67,103.13,102.04,101.50,100.96,103.13,102.04,100.96,100.42,100.42,99.87,99.33,98.79,98.25,98.25,97.16,97.16,97.70,97.70,97.70,97.70,97.70,97.16,96.62,96.07,93.36,94.45,94.99,95.53,95.53,95.53,95.53,95.53,94.99,94.45"
Rec-027_std_2,19,2,3746,core,295,331,0.0,4.0,0.9875,298,333,307,336,1.0,True,100.1451,119.4126,94.4463,5.2058,98.5169,"119.41,112.90,109.64,106.39,104.22,103.13,102.04,101.50,100.42,99.33,107.47,105.30,103.13,101.50,100.42,99.33,98.79,98.25,97.70,97.16,101.50,99.87,99.33,98.25,98.25,97.70,97.16,96.62,96.07,95.53,97.16,97.16,96.62,96.07,95.53,95.53,95.53,94.99,94.45,94.45"
Rec-027_std_2,19,3,3747,core,300,331,0.0,5.0,0.9855,303,333,312,336,1.0,True,98.8154,116.1561,93.3608,4.6798,97.7027,"116.16,110.73,106.93,104.22,102.04,101.50,100.42,99.33,98.25,97.70,105.84,103.13,101.50,99.87,98.79,98.25,97.70,96.62,95.53,95.53,100.42,99.33,98.25,98.25,97.16,96.62,96.07,95.53,94.99,94.45,97.16,96.62,96.07,95.53,95.53,94.99,94.45,94.45,93.36,93.36"
Rec-027_std_2,19,4,3748,core,304,331,0.0,4.0,0.9887,307,333,316,336,1.0,True,98.2319,116.1561,92.2753,4.84,96.8886,"116.16,110.73,106.39,103.13,102.04,100.42,99.33,98.25,97.70,97.16,105.84,103.13,100.96,99.33,98.25,97.16,96.62,95.53,95.53,94.99,100.42,98.79,98.25,97.16,96.62,95.53,95.53,94.99,94.45,94.45,96.62,96.07,95.53,95.53,94.99,94.45,93.36,93.36,92.28,92.28"
Rec-027_std_2,19,5,3749,core,309,331,0.0,5.0,0.9864,312,333,321,336,1.0,True,96.8886,111.8141,92.2753,3.9344,95.5318,"111.81,106.93,103.13,100.96,99.87,98.25,98.25,97.70,96.62,96.62,103.13,100.42,98.79,97.70,96.62,96.07,95.53,95.53,94.99,94.45,98.25,97.70,96.62,95.53,95.53,94.99,94.45,94.45,94.45,93.36,95.53,95.53,94.45,94.45,93.36,93.36,93.36,92.28,92.28,92.28"
Rec-027_std_2,19,6,3750,core,313,331,0.0,4.0,0.9894,316,333,325,336,1.0,True,97.2685,112.8996,93.3608,3.9609,96.0745,"112.90,107.47,103.67,101.50,99.87,98.79,98.25,98.25,97.70,97.16,103.13,100.96,98.79,97.70,97.16,96.07,96.07,95.53,95.53,95.53,98.25,97.70,96.62,96.07,95.53,95.53,94.99,94.45,94.45,94.45,95.53,94.99,94.45,94.45,94.45,93.36,93.36,93.36,93.36,93.36"
Rec-027_std_2,19,7,3751,core,318,331,0.0,5.0,0.9874,321,333,330,336,1.0,True,97.4585,110.1859,94.4463,3.2834,96.6172,"110.19,105.84,103.13,100.96,99.87,99.33,98.79,98.25,98.25,98.25,102.04,99.87,98.25,98.25,97.70,97.16,96.62,96.62,96.07,96.07,97.70,97.16,96.62,96.07,96.07,95.53,95.53,95.53,95.53,94.99,95.53,94.99,94.45,94.45,94.45,94.45,94.45,94.45,94.45,94.45"
Rec-027_std_2,19,8,3752,core,327,331,0.0,9.0,0.9875,330,333,339,336,1.0,True,98.7747,110.7286,94.989,3.2006,98.2455,"110.73,106.39,103.67,102.04,101.50,100.96,100.96,99.87,99.87,99.87,103.13,101.50,99.87,99.33,98.79,98.79,98.25,98.25,98.25,98.25,98.79,98.25,98.25,97.70,97.16,97.16,97.16,97.16,96.62,96.62,96.07,96.07,96.07,95.53,95.53,95.53,95.53,95.53,94.99,94.99"
Rec-027_std_2,19,9,3753,core,340,331,0.0,13.0,0.9887,343,333,352,336,1.0,True,100.4572,113.9851,93.3608,4.0803,99.8737,"113.99,110.19,106.93,105.30,104.22,103.13,102.04,101.50,100.42,99.33,106.39,104.22,103.13,102.04,101.50,100.96,100.42,99.87,98.79,97.70,102.04,100.96,100.42,99.87,99.33,98.79,98.25,97.70,96.62,95.53,98.25,98.25,97.70,97.70,97.70,97.16,96.07,95.53,94.99,93.36"
Rec-027_std_2,19,10,3754,core,345,331,0.0,5.0,0.9871,348,333,357,336,1.0,True,95.8845,111.8141,80.3349,7.1248,96.6172,"111.81,108.01,105.30,103.13,101.50,99.87,97.70,95.53,91.19,82.51,105.30,103.13,102.04,100.42,99.33,97.70,95.53,94.45,89.56,81.96,100.96,100.42,99.33,98.25,96.62,95.53,94.45,91.73,87.93,80.88,98.25,97.70,96.62,95.53,94.45,93.36,91.19,89.56,86.31,80.33"
Rec-027_std_2,19,11,3755,core,349,331,0.0,4.0,0.9874,352,333,361,336,0.6,False,87.1463,110.7286,74.3647,10.5486,85.7624,"110.73,105.84,102.04,98.25,92.28,83.59,78.71,77.08,75.99,75.45,103.67,100.96,98.25,95.53,91.19,83.05,78.71,76.54,75.99,74.91,98.79,97.16,95.53,93.36,89.56,81.96,78.16,76.54,75.45,74.91,95.53,94.45,92.28,91.19,87.93,80.88,77.62,75.99,75.45,74.36"
Rec-027_std_2,19,12,3756,core,354,331,0.0,5.0,0.9853,357,333,366,336,0.1,False,77.0242,90.1043,73.822,3.5813,75.7216,"90.10,83.05,79.79,77.62,76.54,75.99,75.45,74.91,74.36,74.36,86.31,80.88,77.62,76.54,75.99,75.45,74.91,74.91,74.36,74.36,83.59,79.79,77.62,75.99,75.99,75.45,75.45,74.91,74.36,73.82,81.96,78.16,77.08,75.99,75.45,75.45,74.91,73.82,73.82,73.82"
Rec-027_std_2,19,13,3757,core,355,330,45.0,1.41,0.9897,358,332,367,335,0.0,False,77.8383,96.0745,73.822,4.5794,75.9929,"96.07,88.48,83.05,79.79,77.62,76.54,75.99,75.45,74.91,74.91,88.48,83.05,79.79,77.62,76.54,75.99,75.99,74.91,74.91,74.36,83.59,79.79,77.62,76.54,75.99,75.45,75.45,74.91,74.36,73.82,80.33,78.16,77.08,75.99,75.99,75.45,75.45,74.91,74.36,73.82"
Rec-027_std_2,20,1,3880,core,291,331,0.0,1.0,0.9849,294,333,303,336,1.0,True,98.7611,115.0706,93.3608,4.653,97.16,"115.07,110.73,106.93,105.30,103.13,103.13,102.04,101.50,100.42,99.33,103.13,101.50,100.42,99.87,99.33,98.79,98.25,98.25,97.16,96.62,96.62,96.62,97.16,97.70,97.16,97.16,96.62,96.07,95.53,95.53,93.36,94.45,94.45,94.99,94.99,94.45,94.45,94.45,94.45,93.36"
Rec-027_std_2,20,2,3881,core,300,331,0.0,9.0,0.9845,303,333,312,336,1.0,True,98.3269,113.9851,93.3608,4.3547,97.16,"113.99,109.64,105.84,103.13,102.04,100.96,100.42,99.33,98.25,97.70,105.30,102.04,100.42,98.79,98.25,97.70,97.16,96.62,96.07,95.53,99.87,98.25,98.25,97.16,96.62,96.07,95.53,95.53,94.99,94.45,96.07,96.07,95.53,95.53,94.99,94.45,94.45,93.36,93.36,93.36"
Rec-027_std_2,20,3,3882,core,304,331,0.0,4.0,0.9882,307,333,316,336,1.0,True,98.1912,116.1561,92.2753,4.8268,96.8886,"116.16,110.73,106.39,103.13,102.04,100.96,99.33,98.79,98.25,97.16,105.30,103.13,100.42,98.79,98.25,97.70,96.62,96.07,95.53,94.99,99.87,98.25,97.70,97.16,96.62,95.53,95.53,94.99,94.45,93.36,96.62,96.07,95.53,95.53,94.99,94.45,93.36,93.36,92.28,92.28"
Rec-027_std_2,20,4,3883,core,309,331,0.0,5.0,0.9853,312,333,321,336,1.0,True,97.0786,111.8141,92.2753,3.877,95.8031,"111.81,106.93,103.13,101.50,100.42,98.79,98.25,97.70,97.16,96.62,103.13,100.42,98.79,98.25,96.62,96.07,95.53,95.53,94.99,94.99,98.25,97.70,96.62,96.07,95.53,94.99,94.45,94.45,94.45,94.45,95.53,95.53,94.99,94.45,94.45,93.36,93.36,93.36,92.28,92.28"
Rec-027_std_2,20,5,3884,core,322,331,0.0,13.0,0.9896,325,333,334,336,1.0,True,98.7204,112.8996,94.989,3.6291,97.9741,"112.90,108.01,104.22,102.04,101.50,100.96,100.42,99.87,99.33,99.33,103.67,102.04,99.87,99.33,98.25,98.25,98.25,98.25,97.70,97.70,99.33,98.25,97.70,97.70,97.16,97.16,96.62,96.62,96.07,96.07,96.07,95.53,95.53,95.53,95.53,95.53,95.53,94.99,94.99,94.99"
Rec-027_std_2,20,6,3885,core,331,331,0.0,9.0,0.9899,334,333,343,336,1.0,True,99.9687,112.8996,95.5318,3.5339,99.331,"112.90,108.56,105.84,103.67,103.13,102.04,101.50,100.96,100.42,99.87,105.30,103.13,102.04,100.96,100.42,99.87,99.33,99.33,98.79,98.25,100.42,99.87,99.33,98.79,98.25,98.25,98.25,97.70,97.70,97.70,97.70,97.16,97.16,97.16,96.62,96.62,96.62,96.07,95.53,95.53"
Rec-027_std_2,20,7,3886,core,349,331,0.0,18.0,0.9877,352,333,361,336,0.6,False,86.9293,110.1859,74.3647,10.417,85.491,"110.19,105.30,101.50,97.70,92.28,83.59,78.71,76.54,75.99,75.45,103.13,100.42,97.70,95.53,91.19,83.05,78.16,76.54,75.45,74.91,98.25,96.62,94.99,93.36,89.56,81.96,78.16,75.99,75.45,74.91,95.53,94.45,92.28,90.65,87.39,80.88,77.62,75.99,75.45,74.36"
Rec-027_std_2,20,8,3887,core,354,331,0.0,5.0,0.9843,357,333,366,336,0.1,False,76.8749,89.5616,73.822,3.4978,75.7216,"89.56,83.05,79.79,77.62,75.99,75.99,75.45,74.91,74.91,74.36,85.76,80.33,77.62,76.54,75.99,75.45,74.91,74.91,74.36,73.82,83.59,78.71,77.62,75.99,75.99,74.91,74.91,74.36,74.36,73.82,81.96,78.16,76.54,75.99,75.45,74.91,74.36,74.36,73.82,73.82"
Rec-027_std_2,21,1,4002,core,290,331,0.0,0.0,0.9861,293,333,302,336,1.0,True,98.5304,117.2416,91.1898,5.1603,96.8886,"117.24,111.81,108.01,105.30,103.67,103.13,102.04,101.50,100.42,99.87,102.04,100.96,99.33,99.33,98.79,98.79,98.25,98.25,97.16,97.16,95.53,95.53,96.07,96.62,96.62,96.62,96.62,96.07,95.53,95.53,91.19,92.28,93.36,94.45,94.45,94.99,94.45,94.45,94.45,93.36"
Rec-027_std_2,21,2,4003,core,294,331,0.0,4.0,0.9862,297,333,306,336,1.0,True,99.426,120.498,93.3608,5.5917,98.2455,"120.50,113.99,109.64,105.84,103.67,102.04,101.50,100.42,99.33,98.79,106.93,105.30,102.04,100.42,99.33,98.25,98.25,97.16,96.62,96.07,100.42,99.33,98.25,98.25,97.16,96.62,96.07,95.53,95.53,94.99,96.07,95.53,95.53,95.53,95.53,94.99,94.45,94.45,93.36,93.36"
Rec-027_std_2,21,3,4004,core,299,331,0.0,5.0,0.9876,302,333,311,336,1.0,True,98.4897,116.1561,93.3608,4.6751,97.16,"116.16,110.73,106.39,103.67,102.04,101.50,100.42,99.87,98.79,98.25,105.30,102.04,100.42,99.33,98.25,97.70,97.16,96.62,96.07,95.53,99.87,98.25,97.70,97.16,96.62,96.07,95.53,95.53,94.99,94.99,96.07,95.53,95.53,95.53,94.99,94.45,94.45,93.36,93.36,93.36"
Rec-027_std_2,21,4,4005,core,303,331,0.0,4.0,0.9879,306,333,315,336,1.0,True,98.639,117.7843,93.3608,5.02,97.16,"117.78,111.81,107.47,104.22,102.04,100.96,99.87,98.79,98.25,98.25,106.39,103.13,100.96,99.33,98.25,97.70,97.16,96.62,95.53,95.53,100.42,98.79,98.25,97.16,96.62,96.07,95.53,95.53,94.99,94.45,96.62,95.53,95.53,95.53,94.99,94.99,94.45,93.36,93.36,93.36"
Rec-027_std_2,21,5,4006,core,308,331,0.0,5.0,0.9885,311,333,320,336,1.0,True,97.757,113.9851,92.2753,4.2973,96.3459,"113.99,109.10,105.30,102.04,100.96,99.87,98.79,98.25,98.25,97.70,104.22,101.50,99.33,98.25,97.70,96.62,96.62,96.07,95.53,95.53,99.33,98.25,97.16,96.07,96.07,95.53,95.53,94.99,94.99,94.45,96.07,95.53,94.99,94.45,94.45,94.45,93.36,93.36,93.36,92.28"
Rec-027_std_2,21,6,4007,core,312,331,0.0,4.0,0.9889,315,333,324,336,1.0,True,98.1234,115.0706,94.4463,4.2554,96.8886,"115.07,109.64,105.30,102.04,100.96,99.87,99.33,98.25,98.25,98.25,104.22,102.04,99.87,98.25,97.70,97.16,97.16,96.62,96.07,96.07,99.33,98.25,97.16,96.62,96.07,95.53,95.53,95.53,95.53,95.53,95.53,95.53,94.99,94.99,94.45,94.45,94.45,94.45,94.45,94.45"
Rec-027_std_2,21,7,4008,core,317,331,0.0,5.0,0.9891,320,333,329,336,1.0,True,98.2862,111.8141,94.4463,3.4548,97.7027,"111.81,106.93,103.67,102.04,100.96,100.42,99.87,99.33,98.79,98.79,103.13,100.96,99.33,98.25,98.25,98.25,97.70,97.70,97.70,97.16,98.25,98.25,97.70,97.16,96.62,96.62,96.07,96.07,96.07,96.07,95.53,95.53,95.53,95.53,95.53,94.99,94.99,94.99,94.45,94.45"
Rec-027_std_2,21,8,4009,core,321,331,0.0,4.0,0.9887,324,333,333,336,1.0,True,99.3174,113.9851,94.989,3.9241,98.2455,"113.99,109.64,105.84,103.67,102.04,101.50,100.96,100.42,99.33,98.79,105.30,103.13,100.96,99.87,99.33,98.79,98.25,98.25,98.25,97.70,99.87,98.79,98.25,98.25,98.25,97.70,97.16,97.16,96.62,96.62,96.62,96.62,96.07,96.07,95.53,95.53,95.53,95.53,95.53,94.99"
Rec-027_std_2,21,9,4010,core,326,331,0.0,5.0,0.9894,329,333,338,336,1.0,True,99.426,111.8141,95.5318,3.3892,98.5169,"111.81,108.01,105.30,103.13,102.04,101.50,100.96,100.42,99.87,99.87,104.22,102.04,100.96,99.87,99.33,99.33,98.79,98.79,98.25,98.25,100.42,99.33,98.25,98.25,98.25,98.25,97.70,97.70,97.16,97.16,97.70,97.16,96.62,96.07,96.07,96.07,95.53,95.53,95.53,95.53"
Rec-027_std_2,21,10,4011,core,330,331,0.0,4.0,0.9875,333,333,342,336,1.0,True,100.715,115.0706,96.6172,3.8223,99.8737,"115.07,110.73,106.93,105.30,103.13,103.13,102.04,102.04,101.50,101.50,105.84,103.67,102.04,101.50,100.96,100.42,99.87,99.87,99.87,99.33,101.50,100.42,99.87,99.33,98.79,98.79,98.25,98.25,98.25,98.25,98.25,97.70,97.70,97.16,97.16,97.16,97.16,96.62,96.62,96.62"
Rec-027_std_2,21,11,4012,core,335,331,0.0,5.0,0.9895,338,333,347,336,1.0,True,100.8642,112.8996,96.0745,3.4495,100.4165,"112.90,109.10,106.39,105.30,103.67,103.13,102.04,102.04,101.50,101.50,105.30,103.67,103.13,102.04,101.50,101.50,100.96,100.42,99.87,99.87,101.50,100.96,100.42,99.87,99.33,99.33,98.79,98.25,98.25,98.25,98.25,98.25,98.25,98.25,97.70,97.16,96.62,96.62,96.62,96.07"
Rec-027_std_2,21,12,4013,core,339,331,0.0,4.0,0.9872,342,333,351,336,1.0,True,101.0949,115.6133,94.4463,4.2176,100.4165,"115.61,111.27,108.01,105.30,104.22,103.67,103.13,102.04,101.50,99.87,107.47,105.30,103.67,103.13,102.04,101.50,100.96,100.42,99.33,98.25,102.04,101.50,100.96,100.42,99.87,99.33,98.79,98.25,97.70,96.07,98.79,98.79,98.25,98.25,97.70,97.70,96.62,96.07,95.53,94.45"
Rec-027_std_2,21,13,4014,core,344,331,0.0,5.0,0.9888,347,333,356,336,1.0,True,97.7027,112.8996,85.7624,5.6286,97.7027,"112.90,109.10,105.84,103.67,102.04,100.96,99.33,97.16,94.99,90.65,105.84,103.67,102.04,101.50,99.87,98.79,97.70,95.53,94.45,89.56,102.04,100.42,99.87,98.25,97.70,96.62,95.53,93.36,91.19,87.39,98.25,98.25,97.16,96.62,95.53,94.45,93.36,91.19,89.56,85.76"
Rec-027_std_2,21,14,4015,core,348,331,0.0,4.0,0.9854,351,333,360,336,0.7,False,89.6837,112.8996,74.9074,10.7735,91.7325,"112.90,108.56,103.67,100.96,97.70,92.28,83.05,78.71,76.54,75.99,105.30,103.13,99.87,98.25,95.53,91.19,83.05,78.16,76.54,75.45,99.87,98.25,97.16,95.53,93.36,89.56,81.96,77.62,75.99,74.91,96.62,95.53,94.45,92.28,90.65,87.39,80.88,77.62,75.99,74.91"
Rec-027_std_2,21,15,4016,core,353,331,0.0,5.0,0.9871,356,333,365,336,0.2,False,78.7202,100.9592,73.822,6.1626,75.9929,"100.96,87.93,81.96,78.71,77.08,75.99,75.99,75.45,74.91,74.36,95.53,85.22,79.79,77.62,75.99,75.99,75.45,74.91,74.91,74.36,91.19,83.05,79.79,77.08,75.99,75.45,74.91,74.91,74.36,74.36,88.48,81.96,78.16,77.08,75.99,75.45,74.91,74.36,74.36,73.82"
Rec-027_std_2,21,16,4017,core,355,330,26.57,2.24,0.9865,358,332,367,335,0.0,False,77.9333,97.16,73.822,4.7948,75.9929,"97.16,89.02,83.59,79.79,77.62,76.54,75.99,75.45,74.91,74.91,89.02,83.59,79.79,77.62,76.54,75.99,75.45,74.91,74.91,74.36,83.59,79.79,77.62,77.08,75.99,75.99,75.45,74.91,74.36,73.82,80.88,78.16,77.08,75.99,75.99,75.45,74.91,74.91,74.36,73.82"
Rec-027_std_2,22,1,4132,core,301,331,-7.13,8.06,0.9858,304,333,313,336,1.0,True,98.8561,121.0408,92.2753,5.7004,97.16,"121.04,113.99,108.56,105.30,102.04,100.96,99.87,98.79,98.25,97.70,107.47,104.22,102.04,99.33,98.25,97.70,96.62,96.07,95.53,95.53,100.96,99.33,98.25,97.70,96.62,95.53,95.53,95.53,94.45,94.45,96.62,96.07,95.53,95.53,94.99,94.45,94.45,93.36,93.36,92.28"
Rec-027_std_2,22,2,4133,core,306,331,0.0,5.0,0.9886,309,333,318,336,1.0,True,97.6485,115.0706,92.2753,4.4439,96.0745,"115.07,109.10,105.30,102.04,100.42,99.87,98.25,98.25,97.70,97.16,104.22,102.04,99.33,98.25,97.16,96.62,96.07,95.53,95.53,94.99,99.33,98.25,97.16,96.07,95.53,95.53,94.99,94.99,94.45,94.45,96.07,95.53,94.99,94.45,94.45,94.45,93.36,93.36,93.36,92.28"
Rec-027_std_2,22,3,4134,core,310,331,0.0,4.0,0.9861,313,333,322,336,1.0,True,97.9741,116.6988,93.3608,4.7222,96.3459,"116.70,110.73,105.84,103.13,100.96,99.33,98.79,98.25,97.70,97.70,105.30,102.04,99.87,98.25,97.70,96.62,96.07,96.07,95.53,95.53,99.33,98.25,97.16,96.62,95.53,95.53,95.53,94.99,94.99,94.99,95.53,95.53,94.99,94.45,94.45,94.45,94.45,93.36,93.36,93.36"
Rec-027_std_2,22,4,4135,core,315,331,0.0,5.0,0.9897,318,333,327,336,1.0,True,97.7977,111.8141,94.4463,3.5876,96.6172,"111.81,107.47,103.67,101.50,100.42,99.33,98.79,98.25,98.25,98.25,103.13,100.96,98.79,98.25,97.70,97.16,96.62,96.62,96.62,96.07,98.25,97.70,97.16,96.62,96.07,96.07,95.53,95.53,95.53,95.53,95.53,95.53,94.99,94.99,94.99,94.45,94.45,94.45,94.45,94.45"
Rec-027_std_2,22,5,4136,core,320,331,0.0,5.0,0.9869,323,333,332,336,1.0,True,98.2184,110.1859,94.989,3.0315,97.7027,"110.19,105.84,103.13,101.50,100.42,99.87,99.33,99.33,98.79,98.25,102.04,100.42,99.33,98.25,98.25,98.25,97.70,97.70,97.16,97.16,98.79,98.25,97.70,97.16,97.16,97.16,96.62,96.62,96.07,96.07,96.07,95.53,95.53,95.53,95.53,95.53,95.53,94.99,94.99,94.99"
Rec-027_std_2,22,6,4137,core,324,331,0.0,4.0,0.9899,327,333,336,336,1.0,True,99.5209,112.8996,95.5318,3.4743,98.7882,"112.90,108.56,105.30,103.13,102.04,101.50,100.96,100.42,99.87,99.87,104.22,102.04,100.96,99.87,99.33,98.79,98.79,98.79,98.25,98.25,100.42,99.33,98.79,98.25,98.25,98.25,97.70,97.70,97.70,97.16,97.16,97.16,97.16,96.62,96.62,96.07,96.07,95.53,95.53,95.53"
Rec-027_std_2,22,7,4138,core,329,331,0.0,5.0,0.987,332,333,341,336,1.0,True,100.2672,111.2714,96.6172,3.0145,99.8737,"111.27,107.47,105.30,103.13,103.13,102.04,102.04,102.04,102.04,102.04,103.67,102.04,101.50,100.96,100.96,99.87,99.87,99.87,99.87,99.87,100.42,99.87,98.79,98.79,98.79,98.79,98.25,98.25,98.79,98.25,98.25,97.70,97.16,97.16,97.16,97.16,96.62,97.16,97.16,97.16"
Rec-027_std_2,22,8,4139,core,338,331,0.0,9.0,0.9872,341,333,350,336,1.0,True,101.9633,112.8996,96.0745,3.4954,102.0447,"112.90,109.64,107.47,106.39,105.30,105.30,104.22,103.67,103.13,102.04,106.39,105.30,103.67,103.13,103.13,103.13,102.04,102.04,100.96,100.42,102.04,102.04,102.04,101.50,100.96,100.42,100.42,99.33,99.33,98.25,99.33,99.33,99.33,98.79,98.25,98.25,98.25,97.70,96.62,96.07"
Rec-027_std_2,22,9,4140,core,342,331,0.0,4.0,0.9892,345,333,354,336,1.0,True,100.8235,115.6133,91.1898,5.0006,100.1451,"115.61,111.27,109.10,106.93,105.30,103.67,103.13,101.50,99.33,97.16,108.01,105.84,105.30,103.67,103.13,101.50,100.96,98.79,97.70,95.53,103.13,102.04,102.04,101.50,100.42,99.33,98.25,97.16,95.53,93.36,99.87,99.33,99.33,98.25,98.25,97.16,95.53,94.45,93.36,91.19"
Rec-027_std_2,22,10,4141,core,347,331,0.0,5.0,0.986,350,333,359,336,0.8,False,91.719,111.8141,75.9929,10.0081,94.7176,"111.81,107.47,104.22,101.50,98.79,96.07,91.73,83.05,78.16,75.99,105.30,103.13,100.96,98.79,97.16,94.99,90.10,82.51,77.62,75.99,101.50,99.33,98.25,96.62,94.99,92.28,87.93,80.88,77.62,75.99,98.25,96.62,95.53,94.45,92.28,90.10,86.85,80.88,77.08,75.99"
Rec-027_std_2,22,11,4142,core,351,331,0.0,4.0,0.9878,354,333,363,336,0.4,False,82.8044,108.5576,74.3647,9.718,77.6212,"108.56,103.13,95.53,85.22,79.79,77.62,75.99,75.45,74.91,74.91,102.04,98.25,92.28,83.59,78.71,77.08,75.99,75.45,74.91,74.36,97.16,94.99,90.10,83.05,78.71,76.54,75.45,74.91,74.91,74.36,94.45,91.73,87.93,81.42,77.62,75.99,75.45,74.91,74.36,74.36"
Rec-027_std_2,22,12,4143,core,355,330,14.04,4.12,0.9933,358,332,367,335,0.0,False,77.4991,93.3608,73.822,4.0967,75.9929,"93.36,86.85,81.42,78.71,77.62,76.54,75.99,75.45,74.91,74.91,87.39,82.51,78.71,77.62,76.54,75.99,75.45,74.91,74.91,74.36,83.05,79.79,77.62,76.54,75.99,75.45,75.45,74.36,73.82,74.36,80.33,77.62,77.08,75.99,75.45,75.45,74.91,74.36,74.36,73.82"
Rec-027_std_2,23,1,4256,core,290,331,0.0,0.0,0.9874,293,333,302,336,1.0,True,99.1274,115.0706,91.7325,4.7714,97.9741,"115.07,110.73,108.01,105.30,104.22,103.67,103.13,103.13,102.04,101.50,102.04,100.96,99.87,99.87,99.87,99.87,98.79,98.79,98.25,98.25,95.53,96.07,96.07,97.16,97.70,97.70,97.70,97.16,96.62,96.07,91.73,93.36,94.45,94.45,94.99,94.99,95.53,94.99,94.99,94.45"
Rec-027_std_2,23,2,4257,core,293,331,0.0,3.0,0.9867,296,333,305,336,1.0,True,100.023,118.8698,94.4463,5.1489,98.5169,"118.87,112.90,109.10,106.39,105.30,103.67,103.13,102.04,100.96,99.87,106.39,104.22,102.04,100.96,100.42,99.87,98.79,98.25,97.70,97.16,99.87,99.33,98.79,98.25,98.25,98.25,97.70,96.62,96.07,95.53,95.53,96.07,96.07,96.07,95.53,95.53,95.53,94.99,94.45,94.45"
Rec-027_std_2,23,3,4258,core,298,331,0.0,5.0,0.9851,301,333,310,336,1.0,True,99.0732,116.1561,93.3608,4.6546,97.9741,"116.16,110.73,106.93,104.22,103.13,102.04,100.96,99.87,98.79,98.25,105.84,103.13,101.50,99.87,99.33,98.25,97.70,97.16,96.07,95.53,100.96,99.87,98.79,98.25,97.70,97.16,96.07,95.53,95.53,94.99,97.70,96.62,96.07,95.53,95.53,95.53,94.45,94.45,93.36,93.36"
Rec-027_std_2,23,4,4259,core,302,331,0.0,4.0,0.9883,305,333,314,336,1.0,True,98.9646,117.7843,93.3608,4.9734,97.4314,"117.78,111.81,107.47,104.22,102.04,101.50,100.42,99.33,98.25,98.25,106.93,103.67,101.50,99.87,98.25,98.25,97.16,96.62,96.07,95.53,100.96,99.87,98.25,97.70,97.16,96.62,96.07,95.53,94.99,94.45,97.16,96.62,96.07,95.53,95.53,95.53,94.45,94.45,93.36,93.36"
Rec-027_std_2,23,5,4260,core,307,331,0.0,5.0,0.9857,310,333,319,336,1.0,True,97.4585,112.8996,92.2753,3.966,96.3459,"112.90,107.47,103.67,101.50,100.42,99.33,98.25,98.25,97.70,96.62,103.13,101.50,98.79,98.25,97.16,96.62,96.07,95.53,94.99,94.99,99.33,98.25,97.16,96.62,95.53,95.53,94.99,94.99,94.45,94.45,96.07,96.07,95.53,94.99,94.45,94.45,93.36,93.36,93.36,92.28"
Rec-027_std_2,23,6,4261,core,311,331,0.0,4.0,0.9891,314,333,323,336,1.0,True,97.7842,113.9851,93.3608,4.184,96.3459,"113.99,109.10,105.30,102.04,100.42,99.33,98.25,98.25,97.70,97.16,104.22,101.50,99.33,98.25,97.16,97.16,96.07,95.53,95.53,95.53,99.33,98.25,97.16,96.62,96.07,95.53,95.53,94.99,94.99,94.99,96.07,95.53,94.99,94.99,94.45,94.45,94.45,94.45,93.36,93.36"
Rec-027_std_2,23,7,4262,core,316,331,0.0,5.0,0.9864,319,333,328,336,1.0,True,97.662,110.1859,94.4463,3.1399,96.6172,"110.19,105.84,103.13,100.96,99.87,99.33,98.25,98.25,98.25,98.25,102.04,99.87,98.25,98.25,97.16,97.16,96.62,96.62,96.62,96.62,98.25,97.70,96.62,96.62,96.07,96.07,96.07,95.53,95.53,95.53,95.53,95.53,95.53,95.53,94.99,94.99,94.99,94.45,94.99,94.45"
Rec-027_std_2,23,8,4263,core,320,331,0.0,4.0,0.9893,323,333,332,336,1.0,True,98.9782,112.8996,95.5318,3.5684,98.2455,"112.90,108.56,105.30,102.04,101.50,100.96,100.42,99.87,99.87,99.33,103.67,102.04,99.87,98.79,98.25,98.25,98.25,98.25,98.25,97.70,99.33,98.25,98.25,97.70,97.70,97.70,97.16,97.16,97.16,96.62,96.62,96.07,96.07,96.07,95.53,95.53,95.53,95.53,95.53,95.53"
Rec-027_std_2,23,9,4264,core,325,331,0.0,5.0,0.9871,328,333,337,336,1.0,True,99.8059,111.2714,96.0745,2.9583,99.331,"111.27,106.93,104.22,103.13,102.04,102.04,101.50,100.96,100.96,100.96,103.13,102.04,100.96,100.42,99.33,99.33,99.33,99.33,99.33,99.33,99.87,99.33,98.79,98.79,98.25,98.25,98.25,98.25,98.25,98.25,97.70,97.70,97.16,97.16,97.16,96.62,96.62,96.07,96.62,96.62"
Rec-027_std_2,23,10,4265,core,329,331,0.0,4.0,0.9893,332,333,341,336,1.0,True,101.4341,113.9851,97.7027,3.3659,101.2306,"113.99,110.19,106.93,105.30,103.67,103.13,103.13,103.13,103.13,102.04,105.84,103.67,102.04,101.50,101.50,101.50,101.50,101.50,101.50,100.96,101.50,100.42,99.87,99.87,99.87,99.87,99.33,99.33,99.87,99.33,98.25,98.25,98.25,98.25,98.25,98.25,97.70,98.25,98.25,98.25"
Rec-027_std_2,23,11,4266,core,334,331,0.0,5.0,0.988,337,333,346,336,1.0,True,102.0854,111.8141,98.2455,3.0057,101.7733,"111.81,109.10,106.93,105.84,105.30,104.22,104.22,103.67,103.13,103.13,105.30,104.22,103.13,103.13,103.13,103.13,102.04,102.04,102.04,101.50,102.04,101.50,101.50,101.50,100.96,100.96,100.96,100.42,100.42,99.87,99.33,98.79,98.79,98.79,98.79,98.79,98.25,98.25,98.25,98.25"
Rec-027_std_2,23,12,4267,core,338,331,0.0,4.0,0.9891,341,333,350,336,1.0,True,102.696,116.1561,96.6172,3.9758,102.0447,"116.16,111.81,109.64,107.47,105.84,105.30,105.30,103.67,103.13,102.04,108.01,106.39,105.30,104.22,103.67,103.13,102.04,102.04,101.50,100.42,103.67,103.13,102.04,102.04,102.04,101.50,100.96,99.87,99.33,98.25,100.42,99.87,99.87,99.33,99.33,98.79,98.25,98.25,97.16,96.62"
Rec-027_std_2,23,13,4268,core,343,331,0.0,5.0,0.9879,346,333,355,336,1.0,True,99.8194,113.9851,89.5616,5.1743,99.331,"113.99,110.19,108.01,105.84,104.22,103.13,102.04,99.33,97.16,94.45,106.93,105.84,104.22,103.13,102.04,100.96,99.33,97.70,95.53,93.36,103.13,102.04,101.50,100.96,99.33,98.25,97.16,95.53,94.45,91.73,100.42,99.87,99.33,98.25,97.70,96.07,94.99,93.36,91.73,89.56"
Rec-027_std_2,23,14,4269,core,347,331,0.0,4.0,0.9878,350,333,359,336,0.8,False,92.2482,113.9851,75.9929,10.4208,95.2604,"113.99,109.64,105.84,102.04,99.33,96.62,91.73,83.05,78.16,75.99,106.93,103.67,102.04,99.33,97.16,95.53,90.65,82.51,78.16,75.99,102.04,100.42,98.25,97.16,95.53,93.36,89.02,81.42,77.62,75.99,98.25,97.70,96.07,94.99,92.28,90.65,86.85,80.88,77.08,75.99"
Rec-027_std_2,23,15,4270,core,352,331,0.0,5.0,0.9861,355,333,364,336,0.3,False,80.4706,104.2157,73.822,8.0188,76.5357,"104.22,96.62,85.76,79.79,77.62,76.54,75.99,75.45,74.91,74.36,98.79,93.36,84.13,79.79,77.08,75.99,75.45,75.45,74.91,74.36,95.53,90.65,83.05,78.71,76.54,75.99,75.45,74.91,74.36,73.82,92.28,88.48,81.42,77.62,76.54,75.45,74.91,74.36,74.36,73.82"
Rec-027_std_2,23,16,4271,core,355,331,0.0,3.0,0.9866,358,333,367,336,0.0,False,76.6849,89.0188,73.822,3.075,75.9929,"89.02,83.59,79.79,77.62,76.54,75.99,75.45,75.45,74.91,74.36,83.59,79.79,77.62,76.54,75.99,75.99,74.91,74.91,74.36,74.36,80.88,78.16,77.08,75.99,75.99,75.45,74.91,74.36,74.36,73.82,78.71,77.62,75.99,75.99,75.45,74.91,74.36,74.36,74.36,73.82"
Rec-027_std_2,24,1,4384,core,290,331,0.0,0.0,0.9872,293,333,302,336,1.0,True,98.9918,116.1561,91.7325,4.9068,97.7027,"116.16,110.73,107.47,105.30,104.22,103.13,103.13,103.13,102.04,101.50,102.04,100.96,99.87,99.33,99.33,99.33,98.79,98.79,98.25,98.25,95.53,95.53,96.07,97.16,97.16,97.16,97.16,97.16,97.16,96.62,91.73,92.28,93.36,94.45,94.99,94.99,94.99,94.99,94.99,94.45"
Rec-027_std_2,24,2,4385,core,294,331,0.0,4.0,0.9874,297,333,306,336,1.0,True,100.0501,118.8698,94.4463,5.0717,98.5169,"118.87,112.90,109.10,106.39,105.30,103.13,102.04,102.04,100.96,99.87,106.39,104.22,102.04,100.96,100.42,99.33,98.79,98.25,97.70,97.16,100.42,99.33,98.79,98.25,98.25,98.25,97.70,96.62,96.62,96.07,96.07,96.07,96.07,96.07,96.07,95.53,95.53,95.53,94.45,94.45"
Rec-027_std_2,24,3,4386,core,299,331,0.0,5.0,0.9859,302,333,311,336,1.0,True,99.046,115.6133,93.3608,4.5133,97.9741,"115.61,110.73,106.93,104.22,102.04,101.50,100.42,99.87,98.79,98.25,105.84,103.13,101.50,99.87,98.79,98.25,97.70,97.16,96.62,95.53,100.96,99.33,98.79,98.25,97.70,97.16,96.07,95.53,95.53,94.99,97.70,97.16,96.07,96.07,95.53,94.99,94.99,94.45,94.45,93.36"
Rec-027_std_2,24,4,4387,core,303,331,0.0,4.0,0.9889,306,333,315,336,1.0,True,98.7882,117.2416,93.3608,4.8057,97.7027,"117.24,111.27,106.93,103.67,102.04,100.96,99.87,98.79,98.25,98.25,106.39,103.13,100.96,99.33,98.25,98.25,97.16,96.62,95.53,95.53,100.96,99.33,98.25,97.70,97.16,96.62,95.53,95.53,94.99,94.99,97.70,96.62,96.07,95.53,95.53,94.99,94.45,94.45,93.36,93.36"
Rec-027_std_2,24,5,4388,core,308,331,0.0,5.0,0.9861,311,333,320,336,1.0,True,97.6892,111.8141,93.3608,3.708,96.6172,"111.81,107.47,103.67,102.04,100.42,99.87,98.79,98.25,97.70,97.16,103.13,100.96,98.79,98.25,97.70,96.62,96.62,96.07,95.53,95.53,98.79,98.25,97.16,96.62,96.62,95.53,95.53,95.53,94.99,94.45,96.62,95.53,95.53,94.99,94.99,94.45,94.45,94.45,93.36,93.36"
Rec-027_std_2,24,6,4389,core,312,331,0.0,4.0,0.9898,315,333,324,336,1.0,True,98.2998,113.9851,94.4463,3.999,97.16,"113.99,109.10,105.30,102.04,100.96,99.87,99.33,98.79,98.25,98.25,104.22,101.50,99.87,98.25,98.25,97.70,97.16,96.62,96.62,96.07,99.87,98.25,97.70,97.16,96.62,96.07,96.07,95.53,95.53,95.53,96.62,95.53,95.53,95.53,94.99,94.99,94.99,94.45,94.45,94.45"
Rec-027_std_2,24,7,4390,core,317,331,0.0,5.0,0.9871,320,333,329,336,1.0,True,98.4354,111.2714,94.989,3.2982,97.7027,"111.27,106.93,103.67,102.04,100.96,100.42,99.87,99.33,98.79,98.79,103.13,100.96,99.33,98.79,98.25,98.25,97.70,97.70,97.16,97.16,98.79,98.25,97.70,97.70,97.16,96.62,96.62,96.62,96.07,96.07,96.62,96.07,95.53,95.53,95.53,95.53,95.53,94.99,94.99,94.99"
Rec-027_std_2,24,8,4391,core,321,331,0.0,4.0,0.99,324,333,333,336,1.0,True,99.6024,113.9851,95.5318,3.699,98.5169,"113.99,109.10,105.30,103.13,102.04,101.50,100.96,100.96,100.42,99.87,105.30,103.13,100.96,99.87,99.33,99.33,98.79,98.79,98.25,98.25,99.87,99.33,98.25,98.25,98.25,98.25,97.70,97.70,97.16,97.16,97.16,97.16,96.62,96.62,96.07,96.07,96.07,96.07,95.53,95.53"
Rec-027_std_2,24,9,4392,core,326,331,0.0,5.0,0.9879,329,333,338,336,1.0,True,99.9823,111.2714,96.6172,3.0515,99.331,"111.27,107.47,105.30,103.13,102.04,102.04,101.50,101.50,100.96,100.96,104.22,102.04,101.50,100.42,99.87,99.87,99.87,99.33,99.33,99.33,100.42,99.33,98.79,98.79,98.25,98.25,98.25,98.25,98.25,98.25,97.70,97.70,97.70,97.16,97.16,96.62,96.62,96.62,96.62,96.62"
Rec-027_std_2,24,10,4393,core,330,331,0.0,4.0,0.99,333,333,342,336,1.0,True,101.3391,113.9851,97.7027,3.3659,100.6878,"113.99,109.64,106.93,105.30,103.67,103.13,103.13,103.13,102.04,102.04,105.84,103.67,103.13,102.04,101.50,101.50,100.96,100.96,100.96,100.42,101.50,100.42,99.87,99.87,99.87,99.33,99.33,99.33,99.33,99.33,98.25,98.25,98.25,98.25,98.25,98.25,98.25,98.25,97.70,97.70"
Rec-027_std_2,24,11,4394,core,339,331,0.0,9.0,0.9896,342,333,351,336,1.0,True,102.3296,115.6133,95.5318,4.0506,101.7733,"115.61,111.81,109.10,106.93,105.84,105.30,104.22,103.13,102.04,100.96,108.01,106.39,105.30,103.67,103.13,103.13,102.04,101.50,100.96,99.33,103.67,103.13,102.04,102.04,101.50,100.96,100.42,99.33,98.25,97.16,100.42,100.42,99.87,99.87,99.33,98.25,98.25,97.70,96.62,95.53"
Rec-027_std_2,24,12,4395,core,344,331,0.0,5.0,0.9876,347,333,356,336,1.0,True,98.5576,112.8996,85.7624,5.8693,98.5169,"112.90,109.64,106.93,105.30,103.13,102.04,99.87,97.70,94.99,90.65,106.93,105.30,103.67,102.04,101.50,99.87,98.25,96.07,94.45,89.56,103.13,102.04,101.50,99.87,98.79,97.16,95.53,94.45,91.73,87.93,99.87,99.33,98.25,98.25,96.62,95.53,94.45,91.73,89.56,85.76"
Rec-027_std_2,24,13,4396,core,353,331,0.0,9.0,0.9859,356,333,365,336,0.2,False,78.4624,99.8737,73.822,6.1007,75.9929,"99.87,87.93,80.88,78.16,77.08,75.99,75.45,74.91,74.36,74.36,94.99,85.22,79.79,77.62,75.99,75.45,74.91,74.91,74.36,73.82,91.19,83.05,78.71,77.08,75.99,75.45,74.91,74.91,74.36,73.82,88.48,81.96,78.16,76.54,75.99,74.91,74.91,74.36,73.82,73.82"
Rec-027_std_2,24,14,4397,core,355,330,26.57,2.24,0.9862,358,332,367,335,0.0,False,77.879,97.7027,73.822,4.9222,75.9929,"97.70,89.02,83.05,79.79,77.62,75.99,75.99,75.45,74.91,74.91,89.56,84.13,79.79,77.62,76.54,75.99,75.45,74.91,74.91,74.36,83.59,79.79,77.62,76.54,75.99,75.99,75.45,74.36,73.82,73.82,80.88,78.16,76.54,75.99,75.99,75.45,74.91,74.36,74.36,73.82"
Rec-027_std_2,25,1,4506,core,292,331,0.0,2.0,0.9847,295,333,304,336,1.0,True,100.2265,117.2416,94.989,4.7027,98.7882,"117.24,111.81,108.56,105.84,105.30,103.67,103.13,103.13,102.04,101.50,105.30,103.13,102.04,101.50,100.42,100.42,99.87,99.33,98.25,98.25,98.79,98.79,98.79,98.25,98.25,98.25,98.25,97.70,97.16,96.62,95.53,95.53,96.07,96.07,96.07,96.07,96.07,95.53,95.53,94.99"
Rec-027_std_2,25,2,4507,core,301,331,0.0,9.0,0.9858,304,333,313,336,1.0,True,99.6023,117.2416,93.3608,4.7175,98.2455,"117.24,111.81,107.47,105.30,103.13,102.04,100.96,99.87,99.33,98.25,106.39,103.67,102.04,100.42,99.33,98.79,98.25,97.70,96.62,96.07,101.50,100.42,99.33,98.79,98.25,97.16,96.62,96.62,95.53,95.53,98.25,97.70,97.16,96.62,96.07,95.53,95.53,94.99,94.45,93.36"
Rec-027_std_2,25,3,4508,core,305,331,0.0,4.0,0.9885,308,333,317,336,1.0,True,99.1274,117.7843,93.3608,4.8555,97.9741,"117.78,111.81,107.47,104.22,102.04,100.96,99.87,99.33,98.79,98.25,106.39,103.67,101.50,99.87,98.79,98.25,97.70,97.16,96.07,96.07,101.50,99.87,98.79,98.25,97.16,96.62,96.07,95.53,95.53,94.99,97.70,97.16,96.62,96.07,95.53,94.99,94.45,94.45,94.45,93.36"
Rec-027_std_2,25,4,4509,core,310,331,0.0,5.0,0.9869,313,333,322,336,1.0,True,98.3947,112.8996,94.4463,3.9138,97.16,"112.90,108.56,105.30,103.13,101.50,100.42,99.87,98.79,98.25,98.25,104.22,102.04,99.87,98.79,98.25,97.70,97.16,97.16,96.62,96.07,99.87,98.25,98.25,97.16,96.62,96.07,96.07,95.53,95.53,95.53,97.16,96.07,95.53,95.53,94.99,94.99,94.45,94.45,94.45,94.45"
Rec-027_std_2,25,5,4510,core,314,331,0.0,4.0,0.9891,317,333,326,336,1.0,True,98.9918,115.6133,94.989,4.1772,97.9741,"115.61,110.19,105.84,103.13,101.50,100.96,100.42,99.33,99.33,98.79,105.30,102.04,100.96,99.33,98.25,98.25,98.25,97.70,97.16,97.16,99.87,98.79,98.25,97.70,97.16,97.16,96.62,96.62,96.07,95.53,96.62,96.07,96.07,96.07,95.53,95.53,95.53,94.99,94.99,94.99"
Rec-027_std_2,25,6,4511,core,319,331,0.0,5.0,0.988,322,333,331,336,1.0,True,99.1817,111.8141,95.5318,3.4175,98.2455,"111.81,108.01,105.30,103.13,102.04,100.96,100.42,100.42,99.87,99.87,103.67,102.04,100.42,99.87,98.79,98.25,98.25,98.25,98.25,98.25,99.87,98.79,98.25,98.25,97.70,97.70,97.16,97.16,97.16,97.16,97.16,96.62,96.62,96.07,95.53,96.07,95.53,95.53,95.53,95.53"
Rec-027_std_2,25,7,4512,core,323,331,0.0,4.0,0.9893,326,333,335,336,1.0,True,100.4436,115.0706,96.6172,3.7287,99.331,"115.07,110.19,106.39,104.22,103.13,102.04,102.04,102.04,101.50,100.96,105.30,103.13,102.04,100.96,100.42,100.42,99.33,99.87,99.33,99.33,100.96,99.87,99.33,98.79,98.79,98.25,98.25,98.25,98.25,98.25,97.70,97.16,97.16,97.16,97.16,97.16,97.16,97.16,96.62,96.62"
Rec-027_std_2,25,8,4513,core,328,331,0.0,5.0,0.9883,331,333,340,336,1.0,True,101.4477,112.8996,98.2455,3.1174,101.2306,"112.90,109.10,106.39,105.30,103.67,103.13,103.13,103.13,103.13,103.13,105.30,103.13,102.04,102.04,101.50,101.50,101.50,101.50,101.50,100.96,101.50,100.42,100.42,99.87,99.87,99.87,99.87,99.87,99.87,99.87,98.25,98.25,98.25,98.25,98.25,98.25,98.25,98.25,98.25,98.25"
Rec-027_std_2,25,9,4514,core,332,331,0.0,4.0,0.989,335,333,344,336,1.0,True,102.6824,115.6133,98.2455,3.5938,102.0447,"115.61,111.81,108.56,106.93,105.84,105.30,104.22,103.67,103.67,103.67,107.47,105.30,104.22,103.13,103.13,103.13,102.04,102.04,102.04,102.04,102.04,102.04,101.50,101.50,101.50,101.50,100.96,100.96,100.96,100.42,99.33,99.33,99.33,99.33,98.79,99.33,98.79,98.79,98.79,98.25"
Rec-027_std_2,25,10,4515,core,337,331,0.0,5.0,0.9885,340,333,349,336,1.0,True,103.2252,115.0706,97.7027,3.5339,102.5874,"115.07,111.27,109.10,107.47,106.39,105.84,105.30,105.30,104.22,103.67,108.01,105.84,105.30,104.22,104.22,103.67,103.13,103.13,102.04,102.04,103.67,103.13,102.04,102.04,102.04,102.04,101.50,101.50,100.42,99.87,100.96,100.42,100.42,100.42,99.87,99.33,99.33,98.79,98.25,97.70"
Rec-027_std_2,25,11,4516,core,341,331,0.0,4.0,0.9884,344,333,353,336,1.0,True,102.7774,117.7843,94.4463,4.8598,102.0447,"117.78,113.99,110.73,108.56,107.47,105.84,105.30,103.13,102.04,100.42,109.64,107.47,106.39,105.30,104.22,103.67,103.13,101.50,99.87,98.25,105.30,103.67,103.13,102.04,102.04,101.50,100.42,98.79,97.70,96.07,101.50,100.96,100.42,100.42,99.33,98.25,98.25,96.62,95.53,94.45"
Rec-027_std_2,25,12,4517,core,346,331,0.0,5.0,0.9878,349,333,358,336,0.9,False,95.1654,113.9851,76.5357,9.5871,97.4314,"113.99,110.73,107.47,105.30,102.04,99.87,97.16,92.28,83.05,78.16,108.01,105.30,103.13,102.04,99.87,98.25,95.53,91.19,82.51,77.62,103.13,102.04,100.42,98.79,97.70,95.53,93.36,89.02,80.88,77.62,99.87,98.79,97.70,96.07,94.99,92.28,91.19,86.85,80.33,76.54"
Rec-027_std_2,25,13,4518,core,350,331,0.0,4.0,0.9867,353,333,362,336,0.5,False,85.6402,112.8996,74.3647,11.266,80.6063,"112.90,106.93,102.04,95.53,84.68,79.79,77.08,75.99,75.45,74.36,105.30,102.04,98.25,93.36,84.13,78.71,76.54,75.99,74.91,74.36,99.87,97.70,95.53,90.65,82.51,78.16,76.54,75.99,74.91,74.36,96.62,94.45,92.28,88.48,81.42,77.62,75.99,75.45,74.36,74.36"
Rec-027_std_2,25,14,4519,core,355,331,0.0,5.0,0.985,358,333,367,336,0.0,False,76.1965,86.3051,73.822,2.6829,75.4502,"86.31,81.96,78.71,77.08,75.99,75.45,74.91,74.91,74.36,73.82,82.51,78.71,77.62,75.99,75.99,75.45,74.91,74.36,73.82,73.82,80.33,77.62,76.54,75.99,75.45,75.45,74.91,74.36,74.36,73.82,78.71,77.08,75.99,75.45,74.91,74.36,74.36,73.82,73.82,73.82"
Rec-027_std_2,26,1,4626,core,290,331,0.0,0.0,0.9894,293,333,302,336,1.0,True,99.3988,112.8996,91.1898,4.538,98.7882,"112.90,110.19,107.47,105.30,105.30,103.67,103.67,103.13,103.13,102.04,100.96,100.42,99.87,99.87,99.87,100.42,99.87,99.87,99.87,99.33,94.99,95.53,96.07,97.16,97.70,98.25,98.25,98.25,98.25,98.25,91.19,92.28,94.45,94.45,95.53,95.53,95.53,96.07,95.53,95.53"
Rec-027_std_2,26,2,4627,core,295,331,0.0,5.0,0.9863,298,333,307,336,1.0,True,101.0678,117.7843,95.5318,4.6089,99.8737,"117.78,112.90,109.10,106.39,105.30,103.67,103.13,102.04,102.04,100.96,107.47,105.30,103.13,102.04,101.50,100.42,99.87,99.33,98.79,98.25,102.04,100.96,100.42,99.87,99.33,98.79,98.25,98.25,98.25,97.70,97.70,97.70,97.70,97.70,97.70,97.16,96.62,96.07,95.53,95.53"
Rec-027_std_2,26,3,4628,core,299,331,0.0,4.0,0.9869,302,333,311,336,1.0,True,101.2034,121.5835,94.989,5.4097,99.6023,"121.58,115.61,110.73,106.93,105.30,103.13,102.04,102.04,100.96,99.87,109.10,106.39,103.67,102.04,100.96,100.42,99.33,98.25,98.25,97.70,103.13,102.04,100.96,100.42,99.33,98.79,98.25,97.70,97.16,96.62,98.79,98.25,98.25,97.70,97.16,97.16,96.07,95.53,95.53,94.99"
Rec-027_std_2,26,4,4629,core,326,331,0.0,27.0,0.9881,329,333,338,336,1.0,True,100.9864,115.0706,97.16,3.5775,100.1451,"115.07,110.73,106.93,104.22,103.13,103.13,102.04,102.04,101.50,101.50,105.84,103.67,102.04,101.50,100.96,100.42,100.42,100.42,99.87,99.87,101.50,100.42,99.87,99.87,99.33,98.79,98.79,98.79,98.79,98.79,98.25,98.25,98.25,98.25,98.25,97.70,97.70,97.16,97.70,97.70"
Rec-027_std_2,26,5,4630,core,331,331,0.0,5.0,0.9895,334,333,343,336,1.0,True,101.814,113.9851,98.2455,3.2152,101.502,"113.99,109.64,106.93,105.30,104.22,103.67,103.13,103.13,102.04,102.04,106.39,104.22,103.13,102.04,102.04,102.04,102.04,101.50,101.50,100.96,102.04,101.50,100.96,100.96,100.42,100.42,100.42,100.42,99.87,99.87,99.33,98.79,98.79,98.79,98.79,98.25,98.25,98.25,98.25,98.25"
Rec-027_std_2,26,6,4631,core,335,331,0.0,4.0,0.9877,338,333,347,336,1.0,True,102.6282,116.1561,98.2455,3.6214,102.0447,"116.16,111.81,108.56,106.39,105.30,104.22,103.67,103.13,103.13,102.04,108.01,105.84,104.22,103.67,103.13,103.13,102.04,102.04,102.04,101.50,103.13,102.04,102.04,102.04,101.50,100.96,100.96,100.42,100.42,99.87,100.42,99.87,99.87,99.33,99.33,99.33,98.79,98.25,98.25,98.25"
Rec-027_std_2,26,7,4632,core,340,331,0.0,5.0,0.9893,343,333,352,336,1.0,True,102.0718,113.9851,94.989,3.8339,101.7733,"113.99,111.27,108.01,105.84,105.30,104.22,103.13,103.13,102.04,100.42,108.01,105.84,105.30,103.67,103.13,103.13,102.04,101.50,100.42,98.79,103.67,103.13,102.04,102.04,101.50,100.96,99.87,99.33,98.25,97.16,100.96,100.42,99.87,99.87,99.33,98.79,98.25,97.16,96.07,94.99"
Rec-027_std_2,26,8,4633,core,344,331,0.0,4.0,0.9867,347,333,356,336,1.0,True,99.4802,116.1561,86.3051,6.2616,99.6023,"116.16,111.81,108.56,105.84,104.22,103.13,100.42,98.25,95.53,91.19,108.56,106.39,105.30,103.13,102.04,100.42,98.79,97.16,94.99,90.10,104.22,103.13,102.04,100.96,99.87,98.25,96.62,94.99,92.28,88.48,100.96,99.87,99.33,98.79,97.70,96.07,94.45,92.28,90.65,86.31"
Rec-027_std_2,26,9,4634,core,349,331,0.0,5.0,0.9881,352,333,361,336,0.6,False,87.5534,111.8141,74.3647,11.086,85.7624,"111.81,106.39,102.04,98.25,93.36,83.59,78.71,77.08,75.99,74.91,105.30,102.04,99.33,96.62,91.73,83.05,78.71,75.99,75.45,74.91,100.42,98.25,96.62,94.45,89.56,81.96,78.16,75.99,75.45,74.91,97.70,95.53,94.45,91.73,87.93,80.88,77.62,75.99,74.91,74.36"
Rec-027_std_2,26,10,4635,core,353,331,0.0,4.0,0.9851,356,333,365,336,0.2,False,78.8424,102.0447,73.822,6.5025,75.9929,"102.04,89.56,83.05,78.71,77.08,75.99,75.45,75.45,74.91,74.36,96.07,85.76,80.33,77.62,75.99,75.99,74.91,74.91,74.36,74.36,91.73,83.59,79.79,77.62,75.99,75.45,74.91,74.36,74.36,73.82,89.02,82.51,78.16,76.54,75.99,75.45,74.91,74.36,74.36,73.82"
Rec-027_std_2,27,1,4742,core,290,331,0.0,0.0,0.9873,293,333,302,336,1.0,True,100.3079,115.6133,92.2753,4.5542,99.331,"115.61,111.27,108.56,105.84,105.30,104.22,103.67,103.67,103.13,103.13,103.13,101.50,100.42,100.96,100.96,100.96,100.96,100.42,100.42,99.87,96.62,97.16,97.70,98.25,98.79,98.79,98.79,98.79,98.79,98.25,92.28,94.45,94.99,95.53,96.07,96.62,96.62,96.62,96.62,96.62"
Rec-027_std_2,27,2,4743,core,293,331,0.0,3.0,0.9861,296,333,305,336,1.0,True,101.7869,120.498,96.0745,5.0317,100.4165,"120.50,115.07,110.73,107.47,105.84,105.30,104.22,103.13,102.04,102.04,108.01,105.84,104.22,103.13,102.04,101.50,100.96,100.42,99.33,99.33,101.50,100.96,100.42,100.42,100.42,99.33,99.33,98.79,98.25,98.25,97.16,97.70,97.70,97.70,97.70,97.70,97.16,97.16,96.62,96.07"
Rec-027_std_2,27,3,4744,core,298,331,0.0,5.0,0.9864,301,333,310,336,1.0,True,101.2984,117.7843,95.5318,4.5808,100.1451,"117.78,112.90,109.10,106.39,105.30,103.67,103.13,102.04,101.50,100.42,108.56,105.84,103.13,102.04,101.50,100.42,99.87,99.33,98.79,98.25,103.13,102.04,100.96,100.42,99.87,99.33,98.25,98.25,97.70,97.70,99.33,98.79,98.25,98.25,98.25,97.16,96.62,96.07,96.07,95.53"
Rec-027_std_2,27,4,4745,core,302,331,0.0,4.0,0.9876,305,333,314,336,1.0,True,101.2034,121.0408,94.989,5.2704,99.6023,"121.04,115.07,110.19,106.93,105.30,103.13,102.04,101.50,100.42,99.33,109.10,106.39,103.67,102.04,100.96,99.87,99.33,98.25,98.25,97.16,103.67,102.04,101.50,99.87,99.33,98.79,98.25,97.70,97.16,96.07,99.87,99.33,98.25,98.25,97.70,97.16,96.62,96.07,95.53,94.99"
Rec-027_std_2,27,5,4746,core,311,331,0.0,9.0,0.9885,314,333,323,336,1.0,True,99.1003,117.2416,94.4463,4.6813,97.9741,"117.24,111.27,106.93,103.67,102.04,100.42,99.33,98.79,98.25,97.70,106.93,103.67,101.50,99.87,98.25,98.25,97.16,96.62,96.07,96.07,101.50,99.87,98.79,98.25,97.70,96.62,96.07,95.53,95.53,95.53,98.25,97.70,97.16,96.07,95.53,95.53,94.99,94.45,94.45,94.45"
Rec-027_std_2,27,6,4747,core,320,331,0.0,9.0,0.9886,323,333,332,336,1.0,True,99.8059,115.0706,96.0745,3.7606,98.7882,"115.07,109.64,105.84,103.13,102.04,101.50,100.96,100.96,100.42,99.87,105.30,103.13,100.96,99.87,99.33,98.79,98.79,98.79,98.79,98.25,100.42,99.33,98.25,98.25,98.25,98.25,98.25,97.70,98.25,98.25,97.16,96.62,96.62,96.62,96.62,96.62,96.62,96.07,96.07,96.62"
Rec-027_std_2,27,7,4748,core,334,331,0.0,14.0,0.9888,337,333,346,336,1.0,True,103.0352,113.9851,98.7882,3.0265,103.1302,"113.99,110.19,108.01,106.39,105.84,105.30,104.22,104.22,103.67,103.13,106.93,105.30,104.22,103.67,103.13,103.13,103.13,103.13,103.13,102.04,103.13,103.13,102.04,102.04,102.04,102.04,102.04,101.50,101.50,100.96,100.42,100.42,100.42,99.87,99.87,99.87,99.87,99.33,99.33,98.79"
Rec-027_std_2,27,8,4749,core,343,331,0.0,9.0,0.9887,346,333,355,336,1.0,True,101.3798,115.6133,90.6471,5.3927,101.2306,"115.61,111.81,109.64,107.47,105.84,104.22,103.13,100.96,98.25,95.53,109.10,107.47,105.84,105.30,103.67,103.13,100.96,98.79,97.16,94.45,105.30,103.67,103.13,103.13,102.04,100.42,98.25,97.16,94.99,92.28,102.04,101.50,100.96,99.87,99.33,98.25,96.62,94.99,92.28,90.65"
Rec-027_std_2,27,9,4750,core,352,331,0.0,9.0,0.987,355,333,364,336,0.3,False,80.742,106.3867,73.822,8.5762,76.5357,"106.39,98.25,85.76,80.33,77.62,76.54,75.99,74.91,74.36,74.36,100.42,94.45,84.68,79.79,77.08,75.99,74.91,74.91,74.36,74.36,96.62,91.19,83.05,78.71,76.54,75.99,74.91,74.91,74.36,74.36,93.36,89.56,82.51,78.16,76.54,75.99,74.91,74.36,74.36,73.82"
Rec-027_std_2,27,10,4751,core,355,331,0.0,3.0,0.9861,358,333,367,336,0.0,False,76.5221,89.0188,73.822,3.1775,75.4502,"89.02,83.59,79.79,77.62,75.99,75.99,75.45,74.91,74.36,74.36,84.13,79.79,77.62,76.54,75.99,75.45,74.91,74.36,74.36,73.82,80.88,77.62,76.54,75.99,75.45,74.91,74.91,74.36,74.36,73.82,78.71,77.62,75.99,75.99,74.91,74.91,74.36,73.82,73.82,73.82"
Rec-027_std_2,28,1,4855,core,291,331,0.0,1.0,0.9864,294,333,303,336,1.0,True,100.3758,116.6988,94.989,4.4199,98.7882,"116.70,111.81,108.01,105.84,105.30,103.67,103.13,103.13,102.04,101.50,103.67,103.13,101.50,100.96,100.96,100.42,99.87,99.33,98.79,98.25,98.25,98.25,98.79,98.79,98.79,98.79,98.79,98.25,98.25,97.70,94.99,95.53,96.07,96.62,96.62,96.62,97.16,96.62,96.07,96.07"
Rec-027_std_2,28,2,4856,core,295,331,0.0,4.0,0.9868,298,333,307,336,1.0,True,101.502,121.5835,95.5318,5.1959,99.8737,"121.58,115.07,110.73,107.47,105.30,103.67,103.13,102.04,100.96,100.42,109.10,105.84,103.67,102.04,101.50,100.42,99.87,98.79,98.25,98.25,103.13,102.04,100.96,99.87,99.87,98.79,98.79,98.25,98.25,97.70,98.25,98.25,98.25,98.25,98.25,97.70,97.16,96.62,96.07,95.53"
Rec-027_std_2,28,3,4857,core,300,331,0.0,5.0,0.9876,303,333,312,336,1.0,True,100.3079,117.7843,95.5318,4.4907,98.7882,"117.78,111.81,108.01,105.30,103.13,102.04,100.96,100.42,99.33,98.79,107.47,104.22,102.04,100.96,99.87,98.79,98.25,98.25,97.70,96.62,102.04,101.50,100.42,99.87,98.79,98.25,98.25,97.16,97.16,96.62,98.79,98.25,98.25,97.70,97.16,97.16,96.62,95.53,95.53,95.53"
Rec-027_std_2,28,4,4858,core,304,331,0.0,4.0,0.9876,307,333,316,336,1.0,True,100.2265,119.4126,94.989,4.8825,98.7882,"119.41,112.90,108.56,105.30,103.13,102.04,100.96,99.87,98.79,98.79,107.47,105.30,102.04,100.42,99.33,98.79,98.25,97.70,97.16,96.07,103.13,101.50,99.87,98.79,98.79,98.25,97.70,97.16,96.62,96.07,98.79,98.25,98.25,97.70,97.16,96.62,96.07,95.53,95.53,94.99"
Rec-027_std_2,28,5,4859,core,309,331,0.0,5.0,0.9886,312,333,321,336,1.0,True,99.141,113.9851,94.989,3.7886,98.2455,"113.99,109.10,105.30,103.13,101.50,100.42,99.87,99.33,98.79,98.25,105.30,102.04,100.96,99.33,98.25,98.25,97.70,97.70,97.16,96.62,100.96,99.87,98.79,98.25,97.70,97.16,97.16,97.16,96.07,95.53,98.25,97.70,97.16,96.62,96.62,96.07,95.53,95.53,95.53,94.99"
Rec-027_std_2,28,6,4860,core,313,331,0.0,4.0,0.9885,316,333,325,336,1.0,True,99.6838,116.6988,95.5318,4.1945,98.2455,"116.70,110.73,106.93,103.67,102.04,100.96,100.42,99.87,99.33,98.79,105.84,103.13,101.50,99.87,98.79,98.25,98.25,98.25,97.70,97.70,101.50,99.87,99.33,98.25,98.25,97.70,97.70,97.16,96.62,96.62,98.25,97.70,97.70,96.62,96.62,96.07,96.07,95.53,95.53,95.53"
Rec-027_std_2,28,7,4861,core,318,331,0.0,5.0,0.9891,321,333,330,336,1.0,True,99.9416,112.8996,96.6172,3.3461,98.7882,"112.90,108.56,105.30,103.13,102.04,101.50,100.96,100.42,100.42,100.42,105.30,103.13,101.50,100.42,99.87,99.33,98.79,98.79,98.79,98.25,100.96,99.87,98.79,98.79,98.25,98.25,98.25,98.25,98.25,97.70,98.25,97.70,97.16,97.16,97.16,96.62,96.62,96.62,96.62,96.62"
Rec-027_std_2,28,8,4862,core,322,331,0.0,4.0,0.9881,325,333,334,336,1.0,True,101.3391,116.1561,97.7027,3.7977,100.4165,"116.16,111.27,107.47,105.30,103.67,103.13,103.13,102.04,102.04,102.04,106.93,104.22,103.13,101.50,100.96,100.42,100.96,100.42,100.42,100.42,102.04,100.96,99.87,99.87,99.33,99.33,98.79,99.33,99.33,99.33,98.25,98.25,98.25,98.25,98.25,97.70,97.70,97.70,97.70,97.70"
Rec-027_std_2,28,9,4863,core,327,331,0.0,5.0,0.9893,330,333,339,336,1.0,True,102.1668,113.9851,98.7882,3.1705,102.0447,"113.99,110.19,106.93,105.30,105.30,103.67,103.67,103.13,103.13,103.13,106.39,104.22,103.13,103.13,102.04,102.04,102.04,102.04,102.04,102.04,102.04,101.50,100.96,100.96,100.96,100.96,100.96,100.96,100.42,100.96,98.79,98.79,98.79,99.33,98.79,98.79,98.79,98.79,98.79,98.79"
Rec-027_std_2,28,10,4864,core,331,331,0.0,4.0,0.9874,334,333,343,336,1.0,True,103.7679,117.7843,99.8737,3.6908,103.1302,"117.78,112.90,109.64,107.47,106.39,105.84,105.30,105.30,105.30,104.22,109.10,106.93,105.30,104.22,103.67,103.67,103.67,103.13,103.13,103.13,103.67,103.13,102.04,102.04,102.04,102.04,102.04,102.04,102.04,102.04,100.42,99.87,100.42,100.42,100.42,99.87,100.42,99.87,99.87,99.87"
Rec-027_std_2,28,11,4865,core,336,331,0.0,5.0,0.9894,339,333,348,336,1.0,True,104.5549,116.6988,99.331,3.4147,104.2157,"116.70,111.81,110.19,108.01,107.47,106.93,106.39,105.84,105.30,105.30,109.10,107.47,106.39,105.84,105.30,105.30,105.30,104.22,104.22,103.67,105.30,104.22,103.67,103.13,103.13,103.13,103.13,102.04,102.04,102.04,102.04,102.04,101.50,101.50,101.50,100.96,100.42,100.42,99.87,99.33"
Rec-027_std_2,28,12,4866,core,340,331,0.0,4.0,0.9866,343,333,352,336,1.0,True,104.8127,119.4126,96.6172,4.589,103.9443,"119.41,115.61,111.81,110.19,109.10,108.01,106.93,105.30,104.22,103.13,111.27,109.64,108.01,106.93,106.39,105.84,105.30,103.67,103.13,101.50,106.39,105.30,105.30,104.22,103.67,103.13,103.13,101.50,100.42,98.79,103.13,102.04,102.04,102.04,101.50,100.96,99.87,98.79,98.25,96.62"
Rec-027_std_2,28,13,4867,core,349,331,0.0,9.0,0.9852,352,333,361,336,0.6,False,88.6525,115.6133,74.3647,12.2277,86.5765,"115.61,110.73,105.30,100.96,94.99,84.13,78.71,77.08,75.99,74.91,108.01,105.30,101.50,98.25,93.36,83.59,78.71,76.54,75.45,74.91,102.04,100.42,98.25,95.53,90.65,82.51,78.16,75.99,74.91,74.36,98.79,97.70,95.53,93.36,89.02,81.42,77.62,75.99,75.45,74.36"
Rec-027_std_2,28,14,4868,core,354,331,0.0,5.0,0.9866,357,333,366,336,0.1,False,77.092,92.2753,73.822,4.0479,75.4502,"92.28,84.13,79.79,77.62,75.99,75.99,75.45,74.91,74.36,74.36,87.39,81.42,78.16,76.54,75.99,75.45,74.91,74.36,74.36,73.82,84.13,79.79,77.62,75.99,75.45,74.91,74.91,74.36,73.82,73.82,83.05,78.71,77.08,75.99,75.45,74.91,74.36,74.36,73.82,73.82"
Rec-027_std_2,29,1,4969,core,290,331,0.0,0.0,0.9892,293,333,302,336,1.0,True,99.738,112.8996,91.7325,4.4785,98.7882,"112.90,110.73,108.01,105.84,105.30,104.22,103.67,103.67,103.13,103.13,101.50,100.96,99.87,99.87,100.42,100.42,99.87,99.87,99.87,99.33,95.53,96.07,96.62,98.25,98.25,98.25,98.25,98.25,98.25,98.25,91.73,93.36,94.45,95.53,95.53,96.07,96.07,96.07,96.07,96.07"
Rec-027_std_2,29,2,4970,core,294,331,0.0,4.0,0.9853,297,333,306,336,1.0,True,101.8548,122.1263,96.0745,5.3227,100.4165,"122.13,116.16,111.27,108.01,105.84,105.30,103.67,103.13,102.04,101.50,109.10,106.39,103.67,102.04,102.04,101.50,100.42,99.87,98.79,98.25,102.04,101.50,100.96,100.42,99.87,99.33,98.79,98.25,98.25,98.25,98.25,98.25,98.25,98.25,97.70,97.70,97.16,97.16,96.62,96.07"
Rec-027_std_2,29,3,4971,core,303,331,0.0,9.0,0.9869,306,333,315,336,1.0,True,100.6471,119.4126,95.5318,4.8996,99.331,"119.41,113.99,109.10,105.84,103.67,102.04,101.50,100.42,99.87,99.33,108.01,105.30,103.13,101.50,99.87,99.33,98.79,98.25,97.70,97.16,103.13,101.50,99.87,99.33,98.79,98.25,98.25,97.16,97.16,96.62,99.33,98.25,98.25,97.70,97.70,97.16,96.62,95.53,95.53,95.53"
Rec-027_std_2,29,4,4972,core,308,331,0.0,5.0,0.9874,311,333,320,336,1.0,True,99.5074,115.0706,94.989,4.0222,98.2455,"115.07,110.19,105.84,103.67,102.04,101.50,100.42,99.33,98.79,98.25,105.84,103.13,101.50,99.87,98.79,98.25,98.25,97.70,97.16,96.62,101.50,100.42,99.33,98.25,98.25,97.70,97.16,96.62,96.62,96.07,98.25,98.25,97.70,97.16,96.62,96.62,95.53,95.53,95.53,94.99"
Rec-027_std_2,29,5,4973,core,312,331,0.0,4.0,0.9877,315,333,324,336,1.0,True,99.9687,117.7843,95.5318,4.4589,98.5169,"117.78,111.81,107.47,104.22,102.04,101.50,100.42,99.87,99.33,98.79,106.93,104.22,102.04,100.42,99.33,98.79,98.25,97.70,97.70,97.16,102.04,100.42,99.33,98.79,98.25,98.25,97.70,97.16,96.62,96.62,98.25,98.25,97.70,97.70,96.62,96.62,96.07,95.53,95.53,95.53"
Rec-027_std_2,29,6,4974,core,317,331,0.0,5.0,0.9886,320,333,329,336,1.0,True,99.6023,113.9851,95.5318,3.6408,98.2455,"113.99,109.10,105.30,103.13,102.04,101.50,100.42,99.87,99.33,98.79,105.30,103.13,100.96,99.87,99.33,98.79,98.25,98.25,98.25,97.70,100.96,99.87,98.79,98.25,98.25,98.25,97.70,97.70,97.16,97.16,98.25,97.70,97.16,97.16,96.62,96.62,96.07,96.07,95.53,95.53"
Rec-027_std_2,29,7,4975,core,321,331,0.0,4.0,0.9875,324,333,333,336,1.0,True,100.4436,116.1561,97.16,3.8262,99.331,"116.16,110.73,106.93,103.67,102.04,101.50,100.96,100.96,100.42,100.42,106.39,103.67,102.04,100.42,99.87,99.33,99.33,99.33,99.33,99.33,101.50,100.42,99.33,98.79,98.79,98.25,98.25,98.25,98.25,98.25,98.25,98.25,97.70,97.70,97.16,97.16,97.16,97.16,97.16,97.16"
Rec-027_std_2,29,8,4976,core,326,331,0.0,5.0,0.9886,329,333,338,336,1.0,True,101.2306,112.8996,98.2455,2.9504,100.9592,"112.90,108.56,105.84,103.67,103.13,103.13,102.04,102.04,102.04,102.04,105.30,103.13,102.04,101.50,101.50,101.50,100.96,100.96,100.96,100.96,101.50,100.96,100.42,99.87,99.87,99.87,99.87,99.87,99.87,99.87,98.79,98.25,98.25,98.25,98.25,98.25,98.25,98.25,98.25,98.25"
Rec-027_std_2,29,9,4977,core,330,331,0.0,4.0,0.9869,333,333,342,336,1.0,True,102.9131,116.1561,99.331,3.365,102.0447,"116.16,111.81,108.56,105.84,105.30,104.22,103.67,103.67,103.13,103.13,107.47,105.84,104.22,103.13,103.13,103.13,102.04,102.04,102.04,102.04,103.13,102.04,102.04,102.04,102.04,101.50,101.50,101.50,101.50,100.96,100.42,99.87,99.87,99.87,99.87,99.33,99.87,99.87,99.33,99.33"
Rec-027_std_2,29,10,4978,core,335,331,0.0,5.0,0.9886,338,333,347,336,1.0,True,103.6594,113.9851,99.8737,2.8578,103.1302,"113.99,110.73,108.01,106.39,105.84,105.30,105.30,104.22,103.67,103.67,108.01,106.39,105.30,104.22,104.22,103.67,103.67,103.13,103.13,103.13,103.67,103.13,103.13,103.13,103.13,103.13,102.04,102.04,102.04,102.04,101.50,100.96,100.96,100.96,100.96,100.96,100.42,100.42,99.87,99.87"
Rec-027_std_2,29,11,4979,core,339,331,0.0,4.0,0.9861,342,333,351,336,1.0,True,104.4871,117.7843,98.2455,3.7642,103.6729,"117.78,112.90,110.73,108.56,106.93,106.39,106.39,105.30,104.22,103.13,110.19,108.01,106.93,105.84,105.30,105.30,105.30,103.67,103.13,102.04,105.30,105.30,104.22,103.67,103.67,103.13,103.13,102.04,101.50,99.87,102.04,102.04,102.04,102.04,102.04,101.50,100.42,99.87,99.33,98.25"
Rec-027_std_2,29,12,4980,core,344,331,0.0,5.0,0.9883,347,333,356,336,1.0,True,101.0542,116.1561,87.3906,6.3013,101.7733,"116.16,112.90,109.64,108.01,105.84,104.22,102.04,99.87,97.70,92.28,110.19,108.01,106.39,105.30,104.22,103.13,100.96,98.25,95.53,91.19,105.84,105.30,103.67,103.13,102.04,100.42,98.25,96.07,93.36,89.02,102.04,102.04,101.50,100.42,99.33,98.25,96.07,94.45,91.73,87.39"
Rec-027_std_2,29,13,4981,core,348,331,0.0,4.0,0.9853,351,333,360,336,0.7,False,91.3662,116.1561,74.9074,12.0615,93.9035,"116.16,111.81,106.93,103.13,99.33,94.45,84.13,78.71,77.08,75.45,109.10,106.39,103.13,100.42,97.70,92.28,83.59,78.71,75.99,75.45,103.67,102.04,99.87,97.70,95.53,90.65,82.51,78.16,75.99,74.91,100.42,98.79,97.16,95.53,93.36,88.48,81.42,77.62,75.99,74.91"
Rec-027_std_2,29,14,4982,core,353,331,0.0,5.0,0.9867,356,333,365,336,0.2,False,78.7609,102.0447,73.822,6.6182,75.9929,"102.04,89.02,81.96,78.71,76.54,75.99,75.45,74.91,74.36,74.36,96.62,85.76,80.33,77.62,75.99,75.45,74.91,74.36,74.36,73.82,92.28,84.13,79.79,77.08,75.99,75.45,74.91,74.36,74.36,73.82,89.56,82.51,78.71,76.54,75.99,75.45,74.91,74.36,73.82,73.82"
Rec-027_std_2,29,15,4983,core,355,330,26.57,2.24,0.9863,358,332,367,335,0.0,False,77.7976,97.7027,73.822,4.9303,75.9929,"97.70,89.02,83.05,79.79,77.62,75.99,75.45,75.45,74.91,74.36,89.02,83.59,79.79,77.62,76.54,75.99,75.45,74.91,74.36,74.36,84.13,79.79,77.62,76.54,75.99,75.45,74.91,74.36,74.36,73.82,80.88,78.16,77.08,75.99,75.45,75.45,74.91,74.36,73.82,73.82"
Rec-028_30s_2,1,1,3253,core,290,331,0.0,0.0,0.9864,293,333,302,336,1.0,True,81.0405,101.502,73.822,6.1622,79.7922,"101.50,96.62,92.28,89.56,87.39,85.76,85.22,84.13,83.59,83.05,87.93,85.76,83.59,82.51,81.96,80.88,80.33,79.79,79.79,78.71,80.33,79.79,78.71,78.71,78.16,77.62,77.62,77.08,76.54,75.99,75.99,75.99,75.99,75.99,75.45,74.91,74.36,74.36,73.82,73.82"
Rec-028_30s_2,1,2,3254,core,296,331,0.0,6.0,0.9826,299,333,308,336,1.0,True,81.2033,104.2157,73.822,6.5544,79.2494,"104.22,97.70,93.36,89.56,86.85,85.22,84.13,83.05,82.51,81.42,90.10,87.39,84.68,83.05,80.88,80.88,79.79,78.71,78.71,78.16,83.05,80.88,79.79,78.71,78.16,77.62,77.08,76.54,75.99,75.99,77.62,77.08,75.99,75.99,75.45,75.45,74.91,73.82,73.82,73.82"
Rec-028_30s_2,1,3,3255,core,301,331,0.0,5.0,0.9862,304,333,313,336,1.0,True,80.2671,98.7882,73.822,5.5259,78.7067,"98.79,94.45,90.10,87.39,85.22,84.13,83.59,83.05,81.96,80.88,87.93,85.22,83.05,81.42,80.33,79.79,79.79,78.71,78.16,77.62,80.88,79.79,78.71,77.62,77.62,77.62,77.08,76.54,75.99,75.99,77.08,76.54,75.99,75.45,75.45,74.91,74.36,73.82,73.82,73.82"
Rec-028_30s_2,1,4,3256,core,305,331,0.0,4.0,0.983,308,333,317,336,1.0,True,80.7284,102.0447,73.822,6.1404,78.7067,"102.04,96.07,92.28,88.48,85.76,84.13,83.59,83.05,81.96,80.88,89.56,86.85,84.13,81.96,80.88,80.33,79.79,78.71,78.16,78.16,81.96,80.33,78.71,78.71,77.62,77.62,77.08,76.54,75.99,75.99,77.08,76.54,75.99,75.99,75.45,74.91,74.36,73.82,73.82,73.82"
Rec-028_30s_2,1,5,3257,core,310,331,0.0,5.0,0.9861,313,333,322,336,1.0,True,80.2399,97.7027,74.3647,5.1359,78.7067,"97.70,93.36,89.56,86.85,84.68,84.13,83.05,83.05,81.96,81.42,86.85,84.68,82.51,80.88,80.33,79.79,79.79,78.71,78.71,78.71,80.88,79.79,78.71,77.62,77.62,77.62,77.08,77.08,76.54,76.54,76.54,75.99,75.99,75.99,75.45,74.91,74.91,74.91,74.36,74.36"
Rec-028_30s_2,1,6,3258,core,315,331,0.0,5.0,0.9837,318,333,327,336,1.0,True,80.3213,94.4463,75.4502,4.3258,79.7922,"94.45,90.65,87.93,85.76,84.68,84.13,83.59,83.05,83.05,83.05,85.76,83.05,81.96,80.88,80.88,80.33,79.79,79.79,79.79,79.79,79.79,78.71,78.71,78.16,77.62,77.62,77.62,77.62,77.62,77.62,76.54,75.99,75.99,75.99,75.99,75.99,75.99,75.99,75.45,75.45"
Rec-028_30s_2,1,7,3259,core,319,331,0.0,4.0,0.9872,322,333,331,336,1.0,True,81.5289,96.6172,76.5357,4.525,80.8776,"96.62,92.28,89.56,87.93,85.76,85.76,84.68,84.13,84.13,84.13,86.85,84.68,83.05,82.51,81.96,81.42,80.88,80.88,80.88,80.88,80.88,79.79,79.79,78.71,78.71,78.71,78.71,78.71,78.71,78.71,77.62,77.08,77.08,77.08,77.08,77.08,76.54,77.08,77.08,77.08"
Rec-028_30s_2,1,8,3260,core,324,331,0.0,5.0,0.9842,327,333,336,336,1.0,True,82.7908,95.5318,78.1639,4.1865,82.5059,"95.53,92.28,89.56,87.93,87.39,86.85,86.31,86.31,86.31,86.31,87.39,85.22,84.13,83.59,83.05,83.05,83.05,83.05,83.05,83.05,81.96,80.88,80.88,80.33,80.33,80.33,80.33,80.33,80.33,80.33,78.71,78.16,78.16,78.16,78.16,78.16,78.16,78.16,78.16,78.16"
Rec-028_30s_2,1,9,3261,core,328,331,0.0,4.0,0.9868,331,333,340,336,1.0,True,84.3376,98.2455,79.7922,4.4635,83.5914,"98.25,94.45,91.73,90.10,89.02,89.02,88.48,88.48,88.48,87.93,89.02,86.85,85.76,85.22,84.13,84.13,84.13,84.13,84.13,84.13,83.05,82.51,81.96,81.96,81.42,81.42,81.42,81.42,81.42,81.42,79.79,79.79,79.79,79.79,79.79,79.79,79.79,79.79,79.79,79.79"
Rec-028_30s_2,1,10,3262,core,333,331,0.0,5.0,0.9853,336,333,345,336,1.0,True,85.1653,97.7027,79.7922,4.3737,84.4055,"97.70,94.45,92.28,91.19,90.65,89.56,89.56,89.56,89.02,88.48,89.02,87.93,86.85,86.31,85.76,85.76,85.22,85.22,85.22,84.68,84.13,83.59,83.05,83.05,83.05,83.05,82.51,82.51,82.51,81.96,80.88,80.88,80.88,80.33,80.33,80.33,79.79,79.79,79.79,79.79"
Rec-028_30s_2,1,11,3263,core,337,331,0.0,4.0,0.9876,340,333,349,336,1.0,True,85.9523,100.4165,79.7922,4.8157,85.491,"100.42,96.62,94.45,92.28,91.19,91.19,90.10,89.56,89.56,88.48,91.19,89.02,87.93,87.39,86.85,86.31,85.76,85.76,85.76,85.76,85.22,84.13,84.13,83.59,83.59,83.05,83.05,83.05,83.05,83.05,81.96,80.88,80.88,80.88,80.88,80.88,80.33,80.33,79.79,79.79"
Rec-028_30s_2,1,12,3264,core,342,331,0.0,5.0,0.9861,345,333,354,336,1.0,True,85.5452,98.2455,78.7067,4.5325,84.6769,"98.25,95.53,93.36,92.28,91.19,90.10,89.56,89.02,87.93,87.39,90.10,89.02,87.93,87.39,86.85,86.31,85.76,85.76,84.68,84.13,85.22,84.68,84.13,84.13,83.59,83.05,83.05,82.51,81.96,80.88,81.96,81.42,81.42,80.88,80.88,80.88,80.33,79.79,79.79,78.71"
Rec-028_30s_2,1,13,3265,core,346,331,0.0,4.0,0.9854,349,333,358,336,0.9,False,83.7813,100.4165,74.3647,6.0444,82.7773,"100.42,97.16,94.45,91.73,90.65,89.02,87.39,84.68,79.79,75.99,91.19,89.56,88.48,87.39,86.31,85.76,84.68,82.51,77.62,75.45,85.76,85.22,84.13,84.13,83.05,82.51,81.42,79.79,76.54,74.91,82.51,81.96,80.88,80.88,80.88,79.79,78.71,77.62,75.99,74.36"
Rec-028_30s_2,1,14,3266,core,351,331,0.0,5.0,0.9829,354,333,363,336,0.4,False,78.3539,97.16,73.2792,5.8776,75.7216,"97.16,93.36,88.48,81.96,77.62,75.99,74.91,74.36,73.82,73.82,89.56,87.39,84.13,79.79,76.54,75.45,74.91,74.36,73.82,73.82,84.13,83.05,81.42,77.62,75.99,74.91,74.36,73.82,73.82,73.82,80.88,79.79,78.71,76.54,75.45,74.36,73.82,73.82,73.28,73.28"
Rec-028_30s_2,1,15,3267,core,356,330,11.31,5.1,0.9863,359,332,368,335,0.0,False,75.898,89.0188,73.2792,3.2335,74.9074,"89.02,84.13,80.33,77.62,75.99,75.45,74.91,74.36,73.82,73.82,83.05,78.71,77.08,75.99,75.45,74.91,74.36,73.82,73.82,73.28,78.71,77.08,75.99,74.91,74.91,74.36,73.82,73.82,73.82,73.28,76.54,75.99,75.45,74.91,74.36,73.82,73.82,73.82,73.28,73.28"
Rec-028_30s_2,2,1,3397,core,290,331,0.0,0.0,0.9866,293,333,302,336,1.0,True,87.7976,107.4722,80.3349,6.1963,85.7624,"107.47,103.13,99.33,96.07,94.45,93.36,92.28,91.73,91.19,90.65,93.36,91.73,90.65,89.56,89.02,88.48,87.93,87.39,86.85,85.76,85.76,85.76,85.76,85.76,85.22,84.68,84.13,84.13,83.59,83.05,81.42,81.96,81.96,81.96,81.96,81.42,80.88,80.88,80.88,80.33"
Rec-028_30s_2,2,2,3398,core,292,331,0.0,2.0,0.9838,295,333,304,336,1.0,True,88.0283,108.5576,80.3349,6.0982,86.5765,"108.56,103.13,98.79,95.53,94.45,93.36,91.73,91.19,90.65,89.56,94.99,92.28,91.19,89.56,89.02,87.93,87.93,86.85,86.31,85.76,87.93,87.39,86.31,85.76,85.22,84.68,84.13,84.13,83.59,83.05,83.05,83.05,83.05,83.05,82.51,81.96,81.42,80.88,80.88,80.33"
Rec-028_30s_2,2,3,3399,core,301,331,0.0,9.0,0.9849,304,333,313,336,1.0,True,86.9835,105.8439,79.7922,5.5942,85.7624,"105.84,100.96,96.62,94.45,92.28,91.19,90.10,89.56,88.48,87.93,94.45,91.73,89.56,88.48,87.93,86.85,85.76,85.76,85.22,84.68,87.93,86.31,85.76,85.22,84.13,84.13,83.59,83.05,83.05,82.51,83.05,83.05,82.51,81.96,81.96,81.42,80.88,80.88,80.33,79.79"
Rec-028_30s_2,2,4,3400,core,305,331,0.0,4.0,0.9844,308,333,317,336,1.0,True,87.0921,108.5576,80.3349,5.9479,85.491,"108.56,102.04,97.70,94.45,91.73,90.65,89.56,89.02,87.93,87.93,95.53,92.28,90.10,88.48,87.39,86.31,85.76,85.22,84.68,84.68,88.48,86.85,85.76,85.22,84.13,83.59,83.05,83.05,83.05,83.05,83.59,83.05,83.05,82.51,81.42,80.88,80.88,80.88,80.88,80.33"
Rec-028_30s_2,2,5,3401,core,310,331,0.0,5.0,0.9855,313,333,322,336,1.0,True,86.5358,103.6729,80.8776,4.9697,85.7624,"103.67,98.79,94.99,92.28,91.19,90.10,89.56,89.02,88.48,88.48,93.36,90.65,88.48,87.39,86.85,86.31,85.76,85.76,85.76,85.22,86.85,85.76,85.22,84.13,84.13,84.13,83.59,83.05,83.05,83.05,83.05,82.51,82.51,81.96,81.42,81.42,80.88,80.88,80.88,80.88"
Rec-028_30s_2,2,6,3402,core,314,331,0.0,4.0,0.9845,317,333,326,336,1.0,True,87.3499,105.8439,81.4204,5.1452,86.0337,"105.84,100.42,96.07,93.36,91.73,91.19,90.10,89.56,89.56,89.02,93.36,91.19,89.56,88.48,87.93,87.39,86.85,86.31,85.76,85.76,87.93,86.31,85.76,85.22,84.68,84.68,84.13,84.13,84.13,83.59,83.05,83.05,83.05,82.51,82.51,82.51,81.96,81.96,81.96,81.42"
Rec-028_30s_2,2,7,3403,core,319,331,0.0,5.0,0.9867,322,333,331,336,1.0,True,87.4313,103.1302,81.9631,4.6315,86.3051,"103.13,98.25,95.53,93.36,91.73,91.19,90.10,90.10,89.56,89.56,93.36,91.19,89.56,88.48,87.93,87.39,86.85,86.85,86.31,86.31,87.93,86.31,85.76,85.76,85.22,84.68,84.68,84.13,84.13,84.13,83.59,83.59,83.05,83.05,83.05,82.51,82.51,82.51,81.96,81.96"
Rec-028_30s_2,2,8,3404,core,323,331,0.0,4.0,0.9846,326,333,335,336,1.0,True,88.4218,105.8439,83.0486,4.9324,87.9333,"105.84,100.42,96.62,94.45,92.28,91.73,91.19,91.19,91.19,91.19,94.45,92.28,90.10,89.56,88.48,87.93,87.93,87.93,87.93,87.93,88.48,87.39,86.31,85.76,85.76,85.76,85.76,85.22,85.76,85.76,84.13,84.13,83.59,83.59,83.59,83.05,83.05,83.05,83.05,83.05"
Rec-028_30s_2,2,9,3405,core,328,331,0.0,5.0,0.9868,331,333,340,336,1.0,True,89.1274,103.1302,84.1341,4.4146,88.7475,"103.13,98.79,96.07,94.45,93.36,93.36,93.36,93.36,92.28,92.28,93.36,91.73,90.65,90.10,89.56,89.56,89.56,89.56,89.56,89.02,88.48,87.93,86.85,86.85,86.85,86.85,86.85,86.85,86.31,86.31,84.68,84.13,84.13,84.13,84.13,84.13,84.13,84.13,84.13,84.13"
Rec-028_30s_2,2,10,3406,core,332,331,0.0,4.0,0.9837,335,333,344,336,1.0,True,90.3893,105.8439,84.1341,4.8771,89.5616,"105.84,101.50,98.25,96.62,95.53,94.99,94.45,94.45,94.45,93.36,95.53,93.36,92.28,91.19,91.19,90.65,90.65,90.10,90.10,89.56,89.56,89.02,88.48,87.93,87.93,87.93,87.39,87.39,87.39,87.39,85.76,85.76,85.76,85.22,85.22,85.22,84.68,84.68,84.68,84.13"
Rec-028_30s_2,2,11,3407,core,337,331,0.0,5.0,0.9874,340,333,349,336,1.0,True,90.5792,104.2157,84.6769,4.5054,89.8329,"104.22,100.42,98.25,96.62,95.53,94.99,94.45,94.45,93.36,93.36,95.53,93.36,92.28,91.73,91.19,91.19,91.19,90.65,90.65,90.10,89.56,89.56,89.02,88.48,88.48,87.93,87.93,87.93,87.93,87.39,86.31,85.76,85.76,85.76,85.76,85.76,85.22,85.22,85.22,84.68"
Rec-028_30s_2,2,12,3408,core,342,331,0.0,5.0,0.9836,345,333,354,336,1.0,True,89.9008,103.1302,83.0486,4.503,89.5616,"103.13,99.87,97.70,96.07,95.53,94.45,93.36,92.28,91.19,89.56,94.99,93.36,92.28,92.28,91.19,91.19,90.65,89.56,89.02,87.93,90.10,89.56,89.56,89.02,88.48,87.93,87.39,86.85,85.76,85.22,86.31,86.31,85.76,85.76,85.76,85.22,84.68,84.13,83.59,83.05"
Rec-028_30s_2,2,13,3409,core,346,331,0.0,4.0,0.985,349,333,358,336,0.9,False,87.1464,104.2157,74.9074,6.7516,87.1192,"104.22,100.96,97.70,95.53,93.36,91.73,90.10,87.39,80.88,76.54,95.53,94.45,92.28,91.73,90.65,89.56,88.48,85.76,79.79,76.54,90.65,89.56,89.02,87.93,87.93,86.31,85.76,83.05,78.16,75.99,86.85,86.31,85.76,85.22,84.68,83.59,83.05,80.88,77.08,74.91"
Rec-028_30s_2,2,14,3410,core,351,331,0.0,5.0,0.9813,354,333,363,336,0.4,False,79.6565,99.331,73.2792,6.9152,75.9929,"99.33,94.99,90.65,83.05,78.16,75.99,75.45,74.91,73.82,73.82,93.36,90.65,87.93,80.88,77.62,75.99,74.91,74.36,73.82,73.82,88.48,86.85,84.13,79.79,77.08,75.45,74.91,73.82,73.82,73.82,84.68,83.59,81.96,78.16,75.99,74.91,74.36,73.82,73.82,73.28"
Rec-028_30s_2,2,15,3411,core,355,331,0.0,4.0,0.9842,358,333,367,336,0.0,False,75.8301,86.3051,73.822,2.6815,74.9074,"86.31,82.51,78.71,77.08,75.99,75.45,74.91,74.36,73.82,73.82,81.96,78.71,77.08,75.99,75.45,74.91,74.36,73.82,73.82,73.82,78.71,77.08,75.99,75.45,74.91,74.91,73.82,73.82,73.82,73.82,77.08,75.99,75.45,74.91,74.91,74.36,73.82,73.82,73.82,73.82"
Rec-028_30s_2,2,16,3412,core,355,330,90.0,1.0,0.9866,358,332,367,335,0.0,False,77.282,96.0745,73.822,4.7404,75.4502,"96.07,88.48,83.59,79.79,77.62,75.99,75.45,74.91,74.36,73.82,87.93,83.05,79.79,77.62,75.99,75.45,74.91,74.36,74.36,73.82,82.51,78.71,77.62,75.99,75.45,74.91,74.36,73.82,73.82,73.82,78.71,77.62,75.99,75.45,74.91,74.36,74.36,73.82,73.82,73.82"
Rec-028_30s_2,3,1,3540,core,290,331,0.0,0.0,0.9865,293,333,302,336,1.0,True,90.8234,110.1859,84.1341,5.7661,89.0188,"110.19,105.30,100.96,98.25,96.62,96.07,95.53,94.45,94.45,93.36,95.53,94.45,92.28,91.19,91.19,91.19,91.19,90.65,90.65,89.56,87.93,87.93,87.93,88.48,88.48,88.48,88.48,87.93,87.93,87.93,84.13,84.13,84.68,85.22,85.22,85.22,85.22,85.22,84.68,84.68"
Rec-028_30s_2,3,2,3541,core,294,331,0.0,4.0,0.9834,297,333,306,336,1.0,True,90.9863,108.5576,84.1341,5.1941,89.8329,"108.56,103.13,99.33,97.70,96.07,95.53,94.45,94.45,93.36,92.28,97.16,94.99,93.36,92.28,91.73,91.19,90.65,90.10,89.56,89.56,91.19,90.10,89.56,89.56,89.02,88.48,88.48,87.93,87.39,86.85,86.85,86.31,85.76,85.76,85.76,85.76,85.76,85.22,84.13,84.13"
Rec-028_30s_2,3,3,3542,core,298,331,0.0,4.0,0.9876,301,333,310,336,1.0,True,91.1491,110.7286,84.1341,5.6016,89.5616,"110.73,105.30,100.96,97.70,95.53,94.99,94.45,93.36,92.28,91.73,98.79,96.07,94.45,92.28,91.19,91.19,90.10,89.56,89.56,89.02,91.73,91.19,89.56,89.56,89.02,88.48,87.93,87.93,86.85,86.85,87.39,86.85,86.85,86.31,85.76,85.76,85.22,84.68,84.68,84.13"
Rec-028_30s_2,3,4,3543,core,302,331,0.0,4.0,0.9847,305,333,314,336,1.0,True,91.122,112.8996,84.1341,5.8872,89.5616,"112.90,105.84,101.50,98.25,95.53,94.45,93.36,92.28,91.73,91.19,99.33,96.07,94.45,92.28,91.19,90.65,90.10,89.56,89.56,88.48,92.28,91.19,89.56,89.56,88.48,88.48,87.93,87.39,86.85,86.85,87.93,87.39,86.31,85.76,85.76,85.76,85.76,84.68,84.13,84.13"
Rec-028_30s_2,3,5,3544,core,307,331,0.0,5.0,0.9886,310,333,319,336,1.0,True,90.05,107.4722,84.1341,4.8602,89.2902,"107.47,102.04,98.25,95.53,94.45,93.36,92.28,91.73,91.19,90.65,96.62,94.45,92.28,91.19,90.10,89.56,89.56,89.02,89.02,87.93,91.19,89.56,89.56,88.48,87.93,87.93,87.39,86.85,86.85,86.31,86.85,86.31,85.76,85.76,85.22,85.22,85.22,84.68,84.13,84.13"
Rec-028_30s_2,3,6,3545,core,312,331,0.0,5.0,0.9859,315,333,324,336,1.0,True,89.6565,103.1302,84.6769,3.9641,89.2902,"103.13,99.33,96.07,94.45,93.36,92.28,92.28,91.73,91.19,91.19,94.99,92.28,91.19,90.65,90.10,89.56,89.56,89.56,89.02,88.48,90.10,89.56,88.48,87.93,87.93,87.93,87.39,87.39,87.39,86.85,86.85,86.31,85.76,85.76,85.76,85.22,85.22,84.68,84.68,84.68"
Rec-028_30s_2,3,7,3546,core,316,331,0.0,4.0,0.9884,319,333,328,336,1.0,True,90.4028,105.8439,85.2196,4.4059,89.5616,"105.84,100.96,97.70,95.53,94.45,93.36,93.36,92.28,92.28,91.73,96.07,94.45,92.28,91.19,90.65,90.10,90.10,89.56,89.56,89.56,90.65,89.56,89.56,89.02,88.48,87.93,87.93,87.93,87.93,87.39,86.85,86.85,86.31,85.76,85.76,85.76,85.76,85.22,85.22,85.22"
Rec-028_30s_2,3,8,3547,core,325,331,0.0,9.0,0.9887,328,333,337,336,1.0,True,91.7868,105.8439,86.8478,4.2421,91.1898,"105.84,102.04,98.25,97.16,95.53,95.53,95.53,94.45,94.45,94.45,96.62,94.99,93.36,92.28,92.28,91.73,91.73,91.73,91.19,91.19,91.19,90.65,89.56,89.56,89.56,89.56,89.56,89.56,89.56,89.56,87.93,87.93,87.39,87.39,87.39,87.39,86.85,86.85,86.85,86.85"
Rec-028_30s_2,3,9,3548,core,334,331,0.0,9.0,0.9884,337,333,346,336,1.0,True,93.4558,106.9294,87.9333,4.3655,93.3608,"106.93,103.13,100.96,98.79,97.70,97.16,97.16,97.16,96.62,96.62,98.25,96.07,95.53,94.45,94.45,93.36,93.36,93.36,93.36,93.36,93.36,92.28,91.73,91.19,91.19,91.19,91.19,91.19,90.65,90.65,89.56,89.56,89.02,89.02,88.48,88.48,87.93,87.93,87.93,87.93"
Rec-028_30s_2,3,10,3549,core,339,331,0.0,5.0,0.9877,342,333,351,336,1.0,True,93.7407,105.3012,87.9333,4.1356,93.3608,"105.30,102.04,100.42,99.33,98.25,98.25,98.25,97.70,96.62,96.07,98.25,96.07,95.53,95.53,94.99,94.45,94.45,94.45,93.36,93.36,93.36,92.28,92.28,92.28,91.73,91.73,91.19,91.19,91.19,90.10,89.56,89.56,89.56,89.56,89.56,89.02,88.48,88.48,87.93,87.93"
Rec-028_30s_2,3,11,3550,core,348,331,0.0,9.0,0.9871,351,333,360,336,0.7,False,85.7759,104.2157,73.822,8.4549,87.3906,"104.22,100.96,97.70,95.53,93.36,90.10,83.05,77.62,75.99,74.36,97.70,95.53,94.45,92.28,91.19,87.93,81.42,77.08,75.45,74.36,93.36,91.73,91.19,89.56,88.48,85.76,79.79,76.54,74.91,74.36,89.56,88.48,87.93,86.85,85.76,83.05,78.71,75.99,74.91,73.82"
Rec-028_30s_2,3,12,3551,core,352,331,0.0,4.0,0.9859,355,333,364,336,0.3,False,79.263,102.0447,73.822,7.1865,75.7216,"102.04,95.53,86.31,79.79,77.62,75.99,75.45,74.91,74.36,73.82,95.53,91.19,83.59,78.71,76.54,75.45,74.36,74.36,73.82,73.82,90.65,87.39,80.88,77.62,75.99,75.45,74.36,73.82,73.82,73.82,86.85,84.13,79.79,77.08,75.45,74.36,74.36,73.82,73.82,73.82"
Rec-028_30s_2,3,13,3552,core,355,331,0.0,3.0,0.9821,358,333,367,336,0.0,False,76.1151,89.0188,73.822,3.2258,74.9074,"89.02,83.59,79.79,77.62,75.99,75.45,74.91,74.36,73.82,73.82,83.59,79.79,77.62,75.99,75.45,74.91,74.36,73.82,73.82,73.82,79.79,77.62,75.99,75.45,74.91,74.36,73.82,73.82,73.82,73.82,77.62,75.99,75.99,75.45,74.91,74.36,73.82,73.82,73.82,73.82"
Rec-028_30s_2,4,1,3677,core,291,331,0.0,1.0,0.986,294,333,303,336,1.0,True,92.2753,109.6431,86.3051,5.1775,90.6471,"109.64,105.30,101.50,98.79,97.70,97.16,96.07,95.53,94.99,94.45,97.16,95.53,94.45,93.36,92.28,92.28,92.28,91.73,91.19,91.19,90.10,90.10,90.10,90.10,90.10,90.10,89.56,89.56,89.56,89.02,86.31,86.85,87.39,87.39,87.39,87.39,87.39,86.85,86.85,86.31"
Rec-028_30s_2,4,2,3678,core,295,331,0.0,4.0,0.986,298,333,307,336,1.0,True,92.9673,113.9851,86.3051,5.7426,91.4612,"113.99,107.47,103.13,99.87,98.25,96.62,95.53,94.99,94.45,93.36,100.42,97.70,95.53,94.45,93.36,92.28,91.73,91.19,90.65,90.10,93.36,92.28,91.73,91.19,90.65,90.10,89.56,89.56,89.02,88.48,89.02,88.48,88.48,88.48,87.93,87.93,87.93,86.85,86.31,86.31"
Rec-028_30s_2,4,3,3679,core,300,331,0.0,5.0,0.9869,303,333,312,336,1.0,True,91.8954,109.6431,85.7624,4.9435,90.6471,"109.64,104.22,100.42,98.25,96.07,95.53,94.45,93.36,92.28,92.28,98.25,96.07,94.45,93.36,91.73,91.19,90.65,90.10,89.56,89.56,93.36,91.73,91.19,90.65,89.56,89.56,89.02,88.48,87.93,87.93,89.56,89.02,88.48,87.93,87.93,87.39,86.85,86.31,85.76,85.76"
Rec-028_30s_2,4,4,3680,core,304,331,0.0,4.0,0.9875,307,333,316,336,1.0,True,91.9089,111.2714,85.7624,5.2149,90.3757,"111.27,105.30,100.96,98.25,95.53,94.99,94.45,93.36,92.28,91.73,99.33,96.07,94.45,92.28,91.73,91.19,90.65,90.10,89.56,89.56,93.36,91.73,91.19,90.10,89.56,89.56,89.02,88.48,87.93,87.93,89.56,89.02,88.48,87.93,87.93,87.39,86.31,86.31,85.76,85.76"
Rec-028_30s_2,4,5,3681,core,309,331,0.0,5.0,0.9882,312,333,321,336,1.0,True,91.0677,106.3867,85.7624,4.2398,89.8329,"106.39,101.50,98.25,96.07,94.99,94.45,93.36,92.28,91.73,91.19,97.16,94.45,92.28,91.73,91.19,90.65,90.10,89.56,89.56,89.56,92.28,91.19,90.10,89.56,89.56,89.02,89.02,87.93,87.93,87.93,89.02,87.93,87.93,87.93,87.39,86.85,86.85,86.31,85.76,85.76"
Rec-028_30s_2,4,6,3682,core,313,331,0.0,4.0,0.9886,316,333,325,336,1.0,True,91.434,108.5576,86.3051,4.536,90.3757,"108.56,103.13,98.79,96.07,94.99,94.45,93.36,92.28,92.28,91.73,97.70,95.53,93.36,92.28,91.19,91.19,90.65,90.10,89.56,89.56,92.28,91.19,90.65,90.10,89.56,89.56,89.02,88.48,87.93,87.93,89.02,88.48,87.93,87.93,87.39,86.85,86.85,86.85,86.31,86.31"
Rec-028_30s_2,4,7,3683,core,318,331,0.0,5.0,0.9895,321,333,330,336,1.0,True,91.3119,105.3012,86.8478,3.698,90.6471,"105.30,99.87,97.16,95.53,94.45,94.45,93.36,93.36,92.28,92.28,96.07,94.45,92.28,91.73,91.19,91.19,91.19,90.65,90.65,90.65,91.19,90.65,90.10,89.56,89.56,89.56,89.56,89.02,89.02,89.02,88.48,87.93,87.93,87.93,87.93,87.93,87.39,87.39,87.39,86.85"
Rec-028_30s_2,4,8,3684,core,322,331,0.0,4.0,0.9884,325,333,334,336,1.0,True,92.2346,106.9294,87.9333,4.0604,91.7325,"106.93,102.04,98.79,96.62,95.53,95.53,94.99,94.45,94.45,94.45,97.16,95.53,93.36,92.28,92.28,91.73,91.73,91.73,91.73,91.73,92.28,91.19,90.65,90.10,90.10,90.10,90.10,90.10,90.10,90.10,89.02,88.48,88.48,87.93,87.93,87.93,87.93,87.93,87.93,87.93"
Rec-028_30s_2,4,9,3685,core,327,331,0.0,5.0,0.9895,330,333,339,336,1.0,True,93.0758,105.3012,89.0188,3.5466,92.818,"105.30,101.50,98.25,97.16,96.62,96.07,95.53,95.53,95.53,95.53,96.62,94.99,94.45,93.36,93.36,93.36,93.36,93.36,93.36,93.36,92.28,91.73,91.19,91.19,91.19,91.19,91.19,91.19,91.19,91.19,89.56,89.56,89.56,89.56,89.02,89.02,89.02,89.02,89.02,89.56"
Rec-028_30s_2,4,10,3686,core,331,331,0.0,4.0,0.9882,334,333,343,336,1.0,True,94.4191,108.5576,90.1043,4.0177,94.4463,"108.56,103.67,100.96,98.79,98.25,97.70,97.16,97.16,96.62,96.62,98.79,97.16,95.53,94.99,94.99,94.45,94.45,94.45,94.45,94.45,94.45,93.36,92.28,92.28,92.28,92.28,92.28,92.28,92.28,92.28,90.65,90.10,90.10,90.10,90.10,90.10,90.10,90.10,90.10,90.10"
Rec-028_30s_2,4,11,3687,core,336,331,0.0,5.0,0.9898,339,333,348,336,1.0,True,95.2061,106.9294,90.6471,3.6384,94.7176,"106.93,103.13,100.96,99.33,98.79,98.25,98.25,98.25,98.25,97.70,98.79,97.70,96.07,96.07,96.07,95.53,95.53,95.53,95.53,94.99,94.45,94.45,94.45,93.36,93.36,93.36,93.36,93.36,93.36,92.28,91.19,91.19,91.19,91.19,91.19,91.19,91.19,91.19,90.65,90.65"
Rec-028_30s_2,4,12,3688,core,340,331,0.0,4.0,0.9871,343,333,352,336,1.0,True,95.7624,109.6431,89.0188,4.357,95.2604,"109.64,105.84,103.13,100.96,100.42,99.33,98.79,98.25,97.16,96.07,100.96,99.33,98.25,97.70,96.62,96.07,96.07,95.53,94.99,94.45,95.53,95.53,94.99,94.99,94.45,94.45,93.36,93.36,92.28,91.19,92.28,92.28,91.73,91.73,91.19,91.19,91.19,90.65,89.56,89.02"
Rec-028_30s_2,4,13,3689,core,345,331,0.0,5.0,0.9888,348,333,357,336,1.0,True,92.3567,107.4722,78.7067,6.1722,92.2753,"107.47,104.22,101.50,99.87,98.25,96.07,94.99,92.28,89.56,82.51,100.42,98.79,97.16,96.07,95.53,94.45,92.28,91.19,88.48,81.42,96.07,95.53,94.45,93.36,92.28,91.19,90.10,89.02,85.76,80.33,92.28,92.28,91.19,91.19,90.10,89.56,87.93,86.31,84.13,78.71"
Rec-028_30s_2,4,14,3690,core,349,331,0.0,4.0,0.9853,352,333,361,336,0.6,False,85.4096,108.0149,73.822,9.578,84.4055,"108.01,103.13,99.33,95.53,92.28,84.13,78.71,75.99,75.45,74.36,100.42,97.70,95.53,93.36,90.10,83.05,78.16,75.99,74.91,73.82,94.99,93.36,91.73,90.65,87.93,81.42,77.62,75.99,74.91,73.82,91.19,90.65,89.56,87.93,84.68,79.79,76.54,75.45,74.36,73.82"
Rec-028_30s_2,4,15,3691,core,354,331,0.0,5.0,0.9867,357,333,366,336,0.1,False,76.3864,91.1898,73.2792,3.91,74.6361,"91.19,83.05,79.79,77.08,75.99,74.91,74.36,74.36,73.82,73.82,86.85,80.88,77.62,75.99,74.91,74.36,73.82,73.82,73.82,73.82,83.05,78.71,76.54,75.99,74.91,74.36,73.82,73.82,73.82,73.28,80.88,77.62,75.99,75.45,74.36,73.82,73.82,73.82,73.82,73.28"
Rec-028_30s_2,4,16,3692,core,356,330,26.57,2.24,0.9875,359,332,368,335,0.0,False,75.9387,89.0188,72.7365,3.1759,74.9074,"89.02,83.05,78.71,77.08,75.99,75.45,74.91,74.36,74.36,73.82,83.05,79.79,77.08,75.99,75.45,74.91,74.36,73.82,73.82,73.82,79.79,77.62,75.99,75.45,74.36,74.36,73.82,73.82,73.82,73.28,77.62,75.99,75.45,74.91,74.36,73.82,73.82,73.82,73.82,72.74"
Rec-028_30s_2,5,1,3818,core,290,331,0.0,0.0,0.9868,293,333,302,336,1.0,True,93.51,111.8141,86.3051,5.3564,91.7325,"111.81,106.93,103.13,99.87,98.79,98.25,97.70,97.16,96.62,96.07,97.70,96.07,94.99,94.45,94.45,94.45,93.36,93.36,93.36,92.28,90.65,90.65,90.65,91.19,91.19,91.19,91.19,91.19,90.65,90.65,86.31,87.39,87.93,87.93,88.48,88.48,88.48,88.48,88.48,88.48"
Rec-028_30s_2,5,2,3819,core,294,331,0.0,4.0,0.9845,297,333,306,336,1.0,True,94.0392,110.7286,87.9333,4.845,92.818,"110.73,105.84,102.04,99.87,98.79,98.25,97.70,96.62,96.07,95.53,99.87,97.70,96.07,95.53,94.99,94.45,93.36,93.36,92.28,92.28,93.36,93.36,92.28,92.28,91.73,91.19,91.19,91.19,91.19,90.10,89.56,89.56,89.56,89.56,89.56,89.56,89.56,89.02,88.48,87.93"
Rec-028_30s_2,5,3,3820,core,298,331,0.0,4.0,0.9877,301,333,310,336,1.0,True,94.5005,115.0706,87.9333,5.5173,92.818,"115.07,108.56,103.67,100.96,98.79,97.70,97.16,96.07,95.53,94.45,102.04,99.33,97.16,95.53,94.99,94.45,93.36,92.28,92.28,91.73,95.53,94.45,93.36,92.28,92.28,91.73,91.19,90.65,90.65,90.10,91.19,91.19,90.65,90.10,89.56,89.56,89.02,89.02,88.48,87.93"
Rec-028_30s_2,5,4,3821,core,307,331,0.0,9.0,0.9888,310,333,319,336,1.0,True,93.0216,111.8141,87.3906,5.0444,91.1898,"111.81,105.84,102.04,98.25,96.62,95.53,94.45,94.45,93.36,92.28,100.42,97.70,95.53,94.45,93.36,92.28,91.19,91.19,90.65,90.10,94.99,93.36,92.28,91.19,91.19,90.65,89.56,89.56,89.56,89.02,91.19,90.10,89.56,89.56,88.48,88.48,87.93,87.93,87.39,87.39"
Rec-028_30s_2,5,5,3822,core,312,331,0.0,5.0,0.9876,315,333,324,336,1.0,True,91.7868,105.8439,87.3906,3.8239,90.9184,"105.84,101.50,98.25,96.07,94.99,94.45,93.36,93.36,92.28,92.28,97.16,94.99,93.36,92.28,91.73,91.19,91.19,90.65,90.65,90.10,92.28,91.73,91.19,90.65,90.10,89.56,89.56,89.56,89.02,89.02,89.56,89.56,89.02,88.48,88.48,87.93,87.93,87.39,87.39,87.39"
Rec-028_30s_2,5,6,3823,core,316,331,0.0,4.0,0.9896,319,333,328,336,1.0,True,92.2889,108.0149,87.9333,4.1538,91.1898,"108.01,103.13,98.79,96.62,95.53,94.99,94.45,93.36,93.36,92.28,98.25,95.53,94.45,92.28,92.28,91.73,91.19,91.19,91.19,90.65,93.36,91.73,91.19,91.19,90.65,90.10,89.56,89.56,89.56,89.56,89.56,89.56,89.02,89.02,88.48,88.48,87.93,87.93,87.93,87.93"
Rec-028_30s_2,5,7,3824,core,325,331,0.0,9.0,0.9898,328,333,337,336,1.0,True,93.2929,106.9294,89.5616,3.7054,92.2753,"106.93,102.04,99.33,97.70,96.07,95.53,95.53,95.53,94.99,94.99,98.25,96.07,94.45,94.45,93.36,93.36,93.36,92.28,92.28,92.28,93.36,92.28,91.73,91.73,91.19,91.19,91.19,91.19,91.19,91.19,90.10,90.10,89.56,89.56,89.56,89.56,89.56,89.56,89.56,89.56"
Rec-028_30s_2,5,8,3825,core,334,331,0.0,9.0,0.9898,337,333,346,336,1.0,True,95.3825,108.5576,91.1898,3.7895,95.2604,"108.56,104.22,101.50,99.87,98.79,98.25,97.70,97.70,97.16,97.16,99.87,98.25,96.62,96.07,95.53,95.53,95.53,95.53,95.53,94.99,95.53,94.45,94.45,93.36,93.36,93.36,93.36,93.36,93.36,93.36,91.73,91.73,91.19,91.19,91.19,91.19,91.19,91.19,91.19,91.19"
Rec-028_30s_2,5,9,3826,core,339,331,0.0,5.0,0.9897,342,333,351,336,1.0,True,95.6267,106.3867,90.6471,3.387,95.2604,"106.39,103.13,101.50,99.87,99.33,98.79,98.25,97.70,97.16,96.07,99.33,98.25,97.16,96.62,96.62,96.07,96.07,95.53,95.53,94.45,95.53,94.99,94.99,94.45,94.45,94.45,94.45,93.36,93.36,92.28,92.28,92.28,92.28,92.28,92.28,92.28,91.73,91.73,91.19,90.65"
Rec-028_30s_2,5,10,3827,core,343,331,0.0,4.0,0.9888,346,333,355,336,1.0,True,95.3961,109.1004,87.3906,4.5535,94.989,"109.10,105.84,103.13,100.96,99.87,98.79,98.25,96.62,94.99,92.28,101.50,99.87,98.25,97.70,97.16,96.07,95.53,94.45,92.28,91.19,96.62,96.07,95.53,95.53,94.99,94.45,93.36,91.73,90.65,89.56,94.45,93.36,93.36,92.28,92.28,91.73,90.65,89.56,88.48,87.39"
Rec-028_30s_2,5,11,3828,core,352,331,0.0,9.0,0.9873,355,333,364,336,0.3,False,79.7107,103.1302,73.2792,7.8638,75.9929,"103.13,97.70,86.85,80.33,77.62,75.99,75.45,74.36,73.82,73.82,97.16,92.28,84.13,78.71,76.54,75.45,74.36,73.82,73.82,73.82,92.28,89.56,83.05,78.16,75.99,74.91,74.36,73.82,73.82,73.82,89.56,86.31,80.88,77.62,75.99,74.36,73.82,73.82,73.82,73.28"
Rec-028_30s_2,5,12,3829,core,356,331,0.0,4.0,0.9846,359,333,368,336,0.0,False,75.1381,84.1341,72.7365,2.1706,74.3647,"84.13,79.79,77.08,75.99,75.45,74.91,74.36,73.82,73.82,73.82,79.79,77.62,75.99,75.45,74.91,74.36,73.82,73.82,73.82,73.82,77.62,75.99,75.45,74.91,74.36,73.82,73.82,73.82,73.28,73.28,76.54,75.45,74.91,74.36,74.36,73.82,73.82,73.28,73.28,72.74"
Rec-028_30s_2,6,1,3956,core,290,331,0.0,0.0,0.9884,293,333,302,336,1.0,True,93.9985,111.2714,86.8478,5.1042,92.5467,"111.27,106.39,103.13,100.42,99.33,98.79,98.25,98.25,97.16,96.62,97.70,96.07,94.99,94.45,94.45,94.45,94.45,94.45,93.36,93.36,91.19,91.19,91.19,91.19,91.73,91.73,91.73,91.73,91.19,91.19,86.85,87.93,87.93,89.02,89.56,89.56,89.56,89.56,89.56,89.02"
Rec-028_30s_2,6,2,3957,core,292,331,0.0,2.0,0.9868,295,333,304,336,1.0,True,95.1654,113.9851,89.5616,5.4117,93.9035,"113.99,109.10,105.30,102.04,99.87,99.33,98.25,98.25,97.16,96.62,100.96,98.79,97.16,96.07,95.53,95.53,94.99,94.45,94.45,93.36,94.45,93.36,93.36,93.36,92.28,92.28,92.28,92.28,91.73,91.73,89.56,89.56,90.10,90.10,90.10,90.10,90.10,89.56,89.56,89.56"
Rec-028_30s_2,6,3,3958,core,297,331,0.0,5.0,0.9864,300,333,309,336,1.0,True,94.6905,111.8141,89.0188,4.8239,93.3608,"111.81,106.93,103.13,100.42,98.79,98.25,97.16,96.07,95.53,94.99,101.50,98.79,97.16,95.53,95.53,94.45,93.36,93.36,92.28,92.28,95.53,94.45,93.36,93.36,93.36,92.28,91.73,91.19,91.19,90.65,91.73,91.19,91.19,90.65,90.65,90.10,89.56,89.56,89.56,89.02"
Rec-028_30s_2,6,4,3959,core,301,331,0.0,4.0,0.9888,304,333,313,336,1.0,True,94.6091,113.9851,88.4761,5.1749,93.3608,"113.99,108.01,103.13,100.42,98.25,97.16,96.62,95.53,94.99,94.45,102.04,99.33,97.16,95.53,94.99,94.45,93.36,92.28,92.28,91.19,96.07,94.99,94.45,93.36,92.28,92.28,91.73,91.19,90.65,90.10,92.28,91.19,91.19,90.65,90.10,90.10,89.56,89.56,89.02,88.48"
Rec-028_30s_2,6,5,3960,core,306,331,0.0,5.0,0.9871,309,333,318,336,1.0,True,93.3201,109.6431,87.9333,4.3629,92.2753,"109.64,104.22,100.42,98.25,96.62,95.53,95.53,94.45,93.36,93.36,99.87,97.16,95.53,94.45,93.36,92.28,92.28,91.73,91.19,90.65,94.99,93.36,92.28,92.28,91.19,91.19,91.19,90.10,89.56,89.56,91.73,91.19,90.65,90.10,89.56,89.56,89.02,89.02,88.48,87.93"
Rec-028_30s_2,6,6,3961,core,310,331,0.0,4.0,0.9894,313,333,322,336,1.0,True,93.3336,111.2714,87.9333,4.7206,92.0039,"111.27,105.30,101.50,98.25,96.62,95.53,94.99,94.45,93.36,92.28,100.42,97.70,95.53,94.45,93.36,92.28,91.73,91.73,91.19,90.65,95.53,93.36,92.28,92.28,91.19,91.19,90.65,90.10,89.56,89.56,91.19,91.19,90.10,90.10,89.56,89.56,89.02,88.48,87.93,87.93"
Rec-028_30s_2,6,7,3962,core,315,331,0.0,5.0,0.9883,318,333,327,336,1.0,True,92.4381,106.9294,87.9333,3.8726,91.1898,"106.93,102.04,98.79,96.62,95.53,94.99,94.45,93.36,93.36,92.28,98.25,95.53,94.45,93.36,92.28,91.73,91.19,91.19,91.19,90.65,93.36,92.28,91.73,91.19,90.65,90.65,90.10,89.56,89.56,89.56,90.65,90.10,89.56,89.56,89.56,89.02,88.48,87.93,87.93,87.93"
Rec-028_30s_2,6,8,3963,core,319,331,0.0,4.0,0.9897,322,333,331,336,1.0,True,92.913,108.5576,88.4761,4.1082,91.7325,"108.56,103.13,99.87,97.16,95.53,95.53,94.45,94.45,94.45,94.45,98.79,96.07,94.45,93.36,92.28,92.28,91.73,91.73,91.73,91.73,94.45,92.28,91.73,91.19,91.19,90.65,90.10,90.10,90.10,90.10,90.65,90.10,89.56,89.56,89.56,89.02,89.02,88.48,88.48,88.48"
Rec-028_30s_2,6,9,3964,core,324,331,0.0,5.0,0.9893,327,333,336,336,1.0,True,93.198,105.3012,89.5616,3.4523,93.3608,"105.30,101.50,98.25,97.16,96.07,95.53,95.53,95.53,95.53,95.53,97.16,95.53,94.45,93.36,93.36,93.36,93.36,93.36,93.36,93.36,93.36,92.28,91.19,91.19,91.19,91.19,91.19,91.19,91.19,91.19,90.10,89.56,89.56,89.56,89.56,89.56,89.56,89.56,89.56,89.56"
Rec-028_30s_2,6,10,3965,core,328,331,0.0,4.0,0.9897,331,333,340,336,1.0,True,94.582,108.5576,90.6471,3.8545,94.4463,"108.56,103.67,100.96,98.79,98.25,97.70,97.16,96.62,96.62,96.07,98.79,97.16,95.53,95.53,94.99,94.99,94.45,94.45,94.45,94.45,94.45,93.36,93.36,92.28,92.28,92.28,92.28,92.28,92.28,92.28,91.19,90.65,90.65,90.65,90.65,90.65,90.65,90.65,90.65,90.65"
Rec-028_30s_2,6,11,3966,core,333,331,0.0,5.0,0.9897,336,333,345,336,1.0,True,95.5182,107.4722,91.7325,3.5121,95.5318,"107.47,103.13,100.96,99.87,98.79,98.25,98.25,97.70,97.70,97.70,99.87,98.25,97.16,96.07,95.53,95.53,95.53,95.53,95.53,95.53,95.53,94.45,94.45,94.45,93.36,93.36,93.36,93.36,93.36,93.36,91.73,91.73,91.73,91.73,91.73,91.73,91.73,91.73,91.73,91.73"
Rec-028_30s_2,6,12,3967,core,342,331,0.0,9.0,0.99,345,333,354,336,1.0,True,96.0474,108.5576,88.4761,4.1794,95.5318,"108.56,105.30,103.13,101.50,100.42,99.87,98.25,97.70,96.07,94.45,101.50,99.87,98.79,98.25,97.70,97.16,96.07,95.53,94.45,92.28,97.16,96.07,95.53,95.53,95.53,94.99,94.45,93.36,91.73,90.65,94.45,93.36,93.36,93.36,92.28,92.28,91.73,91.19,89.56,88.48"
Rec-028_30s_2,6,13,3968,core,351,331,0.0,9.0,0.9884,354,333,363,336,0.4,False,81.5561,104.2157,73.2792,8.8434,77.0784,"104.22,99.33,94.45,85.76,78.71,76.54,75.45,74.36,73.82,73.82,98.25,94.99,91.19,84.13,78.71,76.54,75.45,74.36,73.82,73.82,94.45,91.73,89.56,82.51,77.62,75.99,74.91,73.82,73.82,73.82,90.65,89.56,86.85,80.88,77.62,75.45,74.36,73.82,73.82,73.28"
Rec-028_30s_2,6,14,3969,core,355,330,14.04,4.12,0.991,358,332,367,335,0.0,False,76.997,95.5318,73.2792,4.611,74.9074,"95.53,87.39,81.96,78.16,76.54,75.99,74.91,74.91,74.36,73.82,87.93,82.51,78.71,76.54,75.99,74.91,74.36,74.36,73.82,73.82,83.05,78.71,77.08,75.99,74.91,74.91,74.36,73.82,73.82,73.82,79.79,77.62,75.99,75.45,74.91,74.36,73.82,73.82,73.82,73.28"
Rec-029_10s_2,1,1,2703,core,290,331,0.0,0.0,0.9869,293,333,302,336,1.0,True,88.0012,106.9294,81.9631,5.3759,86.0337,"106.93,102.04,97.70,94.99,93.36,92.28,91.73,91.19,90.10,89.56,93.36,91.19,89.56,89.02,88.48,87.93,87.93,86.85,86.31,85.76,86.85,85.76,85.76,85.76,85.76,85.76,85.22,84.68,84.13,84.13,83.05,83.05,83.05,83.59,83.59,83.05,83.05,83.05,82.51,81.96"
Rec-029_10s_2,1,2,2704,core,293,331,0.0,3.0,0.9866,296,333,305,336,1.0,True,88.0147,106.9294,81.4204,5.3668,86.5765,"106.93,101.50,97.70,94.99,93.36,91.73,90.65,89.56,89.02,87.93,94.99,92.28,90.65,89.56,88.48,87.93,86.85,85.76,85.22,84.68,89.02,87.93,87.39,86.31,85.76,85.76,84.68,84.13,83.59,83.05,84.68,84.13,84.13,84.13,83.59,83.59,83.05,82.51,81.96,81.42"
Rec-029_10s_2,1,3,2705,core,298,331,0.0,5.0,0.9855,301,333,310,336,1.0,True,86.3458,103.1302,79.7922,4.7801,84.9482,"103.13,98.25,94.45,91.73,90.10,89.56,88.48,87.93,85.76,84.68,93.36,91.19,89.02,87.93,86.85,85.76,85.22,84.13,83.59,82.51,88.48,86.85,85.76,85.22,84.68,84.13,83.59,83.05,81.96,80.88,84.68,84.13,84.13,83.59,83.05,82.51,81.96,81.42,80.33,79.79"
Rec-029_10s_2,1,4,2706,core,302,331,0.0,4.0,0.9881,305,333,314,336,1.0,True,85.2739,105.3012,78.7067,5.3617,83.8627,"105.30,98.25,94.45,91.19,89.56,87.93,85.76,84.13,83.59,83.05,93.36,91.19,88.48,86.85,85.76,84.13,83.05,81.96,80.88,80.88,87.93,86.31,85.22,84.13,83.59,83.05,81.96,80.88,80.33,79.79,84.13,84.13,83.59,83.05,82.51,81.42,80.88,79.79,79.79,78.71"
Rec-029_10s_2,1,5,2707,core,311,331,0.0,9.0,0.9891,314,333,323,336,1.0,True,84.202,98.2455,80.8776,3.627,83.0486,"98.25,93.36,90.10,87.93,87.39,86.31,85.76,85.76,85.76,85.22,89.56,86.85,85.22,84.13,84.13,83.59,83.59,83.05,83.05,83.05,84.13,83.05,83.05,82.51,82.51,82.51,81.96,81.96,81.96,81.42,81.96,81.42,81.42,80.88,80.88,80.88,80.88,80.88,80.88,80.88"
Rec-029_10s_2,1,6,2708,core,320,331,0.0,9.0,0.9894,323,333,332,336,1.0,True,86.3322,99.331,83.0486,3.5568,85.7624,"99.33,95.53,92.28,90.10,89.56,89.02,88.48,88.48,88.48,88.48,90.65,88.48,87.39,86.31,85.76,85.76,85.76,85.76,85.76,85.76,85.76,85.22,84.68,84.13,84.13,84.13,84.13,84.13,84.13,84.68,83.05,83.05,83.05,83.05,83.05,83.05,83.05,83.05,83.05,83.59"
Rec-029_10s_2,1,7,2709,core,325,331,0.0,5.0,0.9882,328,333,337,336,1.0,True,87.8519,98.2455,84.1341,3.0954,87.3906,"98.25,94.45,92.28,91.19,91.19,90.65,90.65,90.65,91.19,91.19,90.65,89.56,88.48,87.93,87.93,87.93,87.93,87.93,87.93,87.93,86.85,86.31,85.76,85.76,85.76,85.76,85.76,86.31,86.31,86.85,84.13,84.13,84.68,84.68,84.68,84.68,84.68,84.68,85.22,85.22"
Rec-029_10s_2,1,8,2710,core,329,331,0.0,4.0,0.9895,332,333,341,336,1.0,True,89.6701,101.502,85.7624,3.5985,89.2902,"101.50,98.25,95.53,94.45,93.36,93.36,92.28,92.28,92.28,92.28,93.36,91.19,90.10,90.10,90.10,89.56,89.56,89.56,89.56,89.56,89.02,87.93,87.93,87.93,87.93,87.93,87.93,87.93,87.93,87.93,85.76,85.76,85.76,85.76,86.31,85.76,85.76,85.76,85.76,85.76"
Rec-029_10s_2,1,9,2711,core,334,331,0.0,5.0,0.9891,337,333,346,336,1.0,True,90.7013,100.9592,86.3051,3.3847,90.1043,"100.96,98.25,96.07,95.53,94.45,94.45,94.45,93.36,93.36,93.36,93.36,92.28,91.73,91.19,91.19,91.19,91.19,90.65,90.65,90.65,89.56,89.56,89.02,89.02,89.02,89.02,89.02,88.48,88.48,88.48,87.39,87.39,87.39,87.39,86.85,86.85,86.85,86.85,86.85,86.31"
Rec-029_10s_2,1,10,2712,core,338,331,0.0,4.0,0.9895,341,333,350,336,1.0,True,91.6511,103.1302,86.3051,3.7672,91.1898,"103.13,99.87,97.70,96.62,95.53,95.53,94.99,94.99,94.45,94.45,95.53,94.45,93.36,92.28,92.28,91.73,91.73,91.73,91.19,91.19,91.19,90.10,90.10,90.10,89.56,89.56,89.56,89.56,89.56,89.02,87.93,87.93,87.93,87.93,87.93,87.93,87.39,86.85,86.85,86.31"
Rec-029_10s_2,1,11,2713,core,343,331,0.0,5.0,0.9888,346,333,355,336,1.0,True,90.9049,102.0447,83.5914,4.0379,90.6471,"102.04,99.33,97.70,96.62,95.53,95.53,94.45,93.36,91.73,90.65,95.53,94.45,93.36,93.36,92.28,91.73,91.19,90.65,89.56,88.48,91.19,90.65,90.65,90.10,90.10,89.56,88.48,87.93,87.39,85.76,88.48,87.93,87.93,87.93,87.93,86.85,85.76,85.76,84.68,83.59"
Rec-029_10s_2,1,12,2714,core,347,331,0.0,4.0,0.9871,350,333,359,336,0.8,False,87.2956,105.3012,75.4502,7.4406,87.9333,"105.30,101.50,98.25,96.07,94.45,92.28,90.10,83.59,78.16,76.54,97.16,95.53,93.36,92.28,91.19,90.10,87.93,81.96,77.62,75.99,91.73,91.19,90.10,89.56,88.48,87.39,85.22,80.33,77.08,75.99,89.02,87.93,87.39,86.85,85.76,84.68,83.05,78.71,76.54,75.45"
Rec-029_10s_2,1,13,2715,core,352,331,0.0,5.0,0.9863,355,333,364,336,0.3,False,79.4394,99.331,74.3647,6.2822,76.5357,"99.33,94.45,85.76,79.79,77.62,76.54,75.99,75.45,75.45,74.36,93.36,89.56,83.05,78.71,77.08,75.99,75.45,74.91,74.36,74.36,89.02,86.31,81.42,78.16,76.54,75.99,75.45,74.91,74.91,74.36,85.76,84.13,79.79,77.62,76.54,75.99,75.45,74.91,74.36,74.36"
Rec-029_10s_2,1,14,2716,core,355,331,0.0,3.0,0.9832,358,333,367,336,0.0,False,76.9292,89.5616,74.3647,3.0485,75.9929,"89.56,84.13,80.33,77.62,77.08,75.99,75.99,75.45,74.91,74.91,83.59,80.33,77.62,77.08,75.99,75.99,75.45,74.91,74.91,74.91,80.33,78.16,77.08,75.99,75.99,75.99,75.45,74.91,74.91,74.36,78.71,77.08,75.99,75.99,75.45,75.45,74.91,74.91,74.36,74.36"
Rec-029_10s_2,2,1,2847,core,290,331,-135.0,1.41,0.987,293,333,302,336,1.0,True,90.8913,105.3012,84.1341,5.0928,89.5616,"105.30,103.13,100.42,98.25,96.62,96.07,96.07,95.53,95.53,94.99,93.36,92.28,92.28,91.73,91.73,91.73,91.19,91.19,91.19,90.65,87.93,87.93,88.48,88.48,88.48,88.48,88.48,88.48,87.93,87.93,84.13,84.68,85.22,85.76,85.76,85.76,85.76,85.76,85.76,85.22"
Rec-029_10s_2,2,2,2848,core,302,331,0.0,12.0,0.988,305,333,314,336,1.0,True,91.0813,110.1859,84.1341,5.4087,89.5616,"110.19,104.22,100.42,97.70,95.53,94.99,93.36,93.36,92.28,91.73,98.25,96.07,94.45,92.28,91.19,90.65,89.56,89.02,88.48,87.93,92.28,91.19,90.65,89.56,89.02,88.48,87.93,86.85,86.31,85.76,89.02,87.93,87.93,87.39,86.31,85.76,85.76,85.22,84.13,84.13"
Rec-029_10s_2,2,3,2849,core,307,331,0.0,5.0,0.9852,310,333,319,336,1.0,True,89.8058,105.3012,84.1341,4.5148,89.0188,"105.30,100.96,97.70,95.53,94.45,93.36,92.28,91.73,91.73,91.19,95.53,93.36,91.19,90.65,89.56,89.56,89.02,89.02,87.93,87.93,90.65,89.56,89.02,87.93,87.93,87.39,86.85,86.31,86.31,86.31,87.93,86.85,86.31,85.76,85.76,85.22,85.22,84.68,84.13,84.13"
Rec-029_10s_2,2,4,2850,core,311,331,0.0,4.0,0.989,314,333,323,336,1.0,True,90.1315,106.3867,85.2196,4.4673,89.2902,"106.39,101.50,97.70,95.53,94.45,93.36,92.28,92.28,91.73,91.19,95.53,93.36,91.73,91.19,90.10,89.56,89.56,89.56,89.02,88.48,90.10,89.56,88.48,87.93,87.93,87.93,87.93,87.39,87.39,86.85,86.85,86.85,86.31,85.76,85.76,85.76,85.76,85.76,85.22,85.22"
Rec-029_10s_2,2,5,2851,core,316,331,0.0,5.0,0.9865,319,333,328,336,1.0,True,90.1722,103.1302,85.7624,3.7801,89.5616,"103.13,98.79,96.07,94.99,94.45,93.36,93.36,92.28,92.28,92.28,94.45,92.28,91.19,91.19,90.65,90.10,90.10,89.56,89.56,89.56,90.10,89.56,89.02,88.48,88.48,87.93,87.93,87.93,87.93,87.93,87.39,86.85,86.31,86.31,86.31,85.76,85.76,85.76,85.76,85.76"
Rec-029_10s_2,2,6,2852,core,320,331,0.0,4.0,0.9895,323,333,332,336,1.0,True,91.3526,105.8439,86.8478,4.0746,90.6471,"105.84,101.50,98.25,96.07,94.99,94.45,94.45,93.36,93.36,93.36,96.07,94.45,92.28,91.73,91.19,91.19,91.19,91.19,90.65,90.65,91.19,90.10,89.56,89.56,89.56,89.02,89.02,89.02,88.48,88.48,87.93,87.93,87.93,87.39,87.39,87.39,87.39,86.85,86.85,86.85"
Rec-029_10s_2,2,7,2853,core,325,331,0.0,5.0,0.9871,328,333,337,336,1.0,True,91.5697,103.1302,87.3906,3.5615,90.9184,"103.13,99.87,97.70,96.07,95.53,94.99,94.45,93.36,93.36,93.36,95.53,94.45,93.36,92.28,92.28,91.73,91.19,91.19,91.19,90.65,91.19,90.65,90.10,90.10,89.56,89.56,89.56,89.02,89.02,89.56,88.48,88.48,87.93,87.93,87.93,87.93,87.93,87.39,87.39,87.39"
Rec-029_10s_2,2,8,2854,core,329,331,0.0,4.0,0.9896,332,333,341,336,1.0,True,92.6959,106.9294,88.4761,3.941,92.2753,"106.93,102.04,98.79,97.16,95.53,95.53,95.53,95.53,94.99,94.99,97.70,95.53,94.45,93.36,92.28,92.28,92.28,92.28,92.28,92.28,92.28,91.73,91.19,90.65,90.65,90.65,90.65,90.10,90.10,90.10,89.56,89.56,89.02,88.48,89.02,88.48,88.48,88.48,88.48,88.48"
Rec-029_10s_2,2,9,2855,core,334,331,0.0,5.0,0.9876,337,333,346,336,1.0,True,93.2115,103.1302,89.0188,3.3872,92.818,"103.13,100.42,98.79,98.25,97.16,96.62,96.62,96.07,96.07,95.53,96.07,94.99,94.45,94.45,94.45,93.36,93.36,93.36,93.36,93.36,92.28,91.73,91.73,91.19,91.19,91.19,91.19,91.19,91.19,91.19,89.56,89.56,89.56,89.56,89.56,89.56,89.56,89.56,89.02,89.02"
Rec-029_10s_2,2,10,2856,core,338,331,0.0,4.0,0.9894,341,333,350,336,1.0,True,94.3513,106.3867,89.5616,3.9211,94.4463,"106.39,103.13,100.42,99.33,98.25,98.25,97.70,97.70,97.16,96.62,98.25,97.16,95.53,95.53,95.53,94.99,94.99,94.45,94.45,94.45,94.45,93.36,92.28,92.28,92.28,92.28,92.28,91.73,91.73,91.19,90.65,90.65,90.10,90.10,90.10,90.10,89.56,89.56,89.56,89.56"
Rec-029_10s_2,2,11,2857,core,343,331,0.0,5.0,0.9877,346,333,355,336,1.0,True,93.8085,105.8439,85.7624,4.3111,93.3608,"105.84,103.13,100.96,99.87,98.79,98.25,97.16,95.53,94.45,92.28,98.79,97.70,96.62,96.07,95.53,94.99,94.45,93.36,92.28,90.65,94.45,94.45,93.36,93.36,93.36,92.28,91.19,91.19,89.56,87.93,91.19,91.19,91.19,90.65,90.65,89.56,89.02,87.93,87.39,85.76"
Rec-029_10s_2,2,12,2858,core,347,331,0.0,4.0,0.9882,350,333,359,336,0.8,False,89.2766,107.4722,75.9929,8.1854,90.6471,"107.47,103.67,100.96,98.25,96.62,94.45,91.19,84.13,78.71,77.08,99.87,98.25,96.62,95.53,94.45,92.28,89.56,83.05,78.16,76.54,94.99,94.45,93.36,92.28,91.19,89.56,86.85,81.42,77.62,75.99,91.73,91.19,90.10,89.56,88.48,86.85,85.22,80.33,77.08,75.99"
Rec-029_10s_2,2,13,2859,core,352,331,0.0,5.0,0.9858,355,333,364,336,0.3,False,80.1042,101.502,74.3647,7.0,76.5357,"101.50,95.53,86.85,80.33,77.62,76.54,75.99,75.45,75.45,74.91,95.53,91.73,84.68,79.79,77.62,75.99,75.99,75.45,74.91,74.36,91.19,88.48,83.05,78.71,77.08,75.99,75.45,74.91,74.91,74.36,88.48,85.76,80.88,77.62,76.54,75.99,74.91,74.91,74.36,74.36"
Rec-029_10s_2,2,14,2860,core,355,331,0.0,3.0,0.9836,358,333,367,336,0.0,False,77.0242,89.5616,74.3647,3.096,75.9929,"89.56,84.13,80.33,78.16,77.08,75.99,75.99,75.45,75.45,74.91,84.13,80.33,78.16,77.08,75.99,75.99,75.45,74.91,74.91,74.36,80.88,78.16,77.08,76.54,75.99,75.45,75.45,74.91,74.91,74.91,78.71,77.62,76.54,75.99,75.45,75.45,74.91,74.91,74.36,74.36"
Rec-029_10s_2,3,1,2984,core,290,331,0.0,0.0,0.9881,293,333,302,336,1.0,True,93.3336,110.1859,86.3051,5.166,91.7325,"110.19,106.39,103.13,99.87,98.79,98.25,97.70,97.16,96.62,96.07,96.62,95.53,94.45,94.45,93.36,93.36,93.36,93.36,93.36,92.28,90.65,90.65,90.65,91.19,91.19,91.19,91.19,91.19,90.65,90.65,86.31,87.39,87.93,88.48,88.48,88.48,88.48,88.48,87.93,87.93"
Rec-029_10s_2,3,2,2985,core,299,331,0.0,9.0,0.9873,302,333,311,336,1.0,True,94.1342,113.9851,87.9333,5.43,92.818,"113.99,108.01,103.67,100.42,98.25,97.16,96.07,95.53,94.99,94.45,102.04,98.79,96.62,95.53,94.45,93.36,93.36,92.28,91.73,91.19,95.53,94.45,93.36,92.28,91.73,91.19,91.19,90.65,89.56,89.56,91.19,90.65,90.10,89.56,89.56,89.56,89.02,88.48,87.93,87.93"
Rec-029_10s_2,3,3,2986,core,304,331,0.0,5.0,0.9878,307,333,316,336,1.0,True,93.0216,109.1004,87.3906,4.5968,91.7325,"109.10,104.22,100.96,98.25,97.16,96.07,95.53,94.99,94.45,93.36,99.33,97.16,95.53,94.45,93.36,92.28,92.28,91.19,91.19,90.65,94.45,93.36,92.28,91.19,91.19,90.65,90.10,89.56,89.56,89.02,90.65,90.10,89.56,89.56,89.02,88.48,87.93,87.93,87.39,87.39"
Rec-029_10s_2,3,4,2987,core,313,331,0.0,9.0,0.9891,316,333,325,336,1.0,True,92.4924,106.9294,87.9333,3.9769,91.7325,"106.93,102.04,98.79,97.16,95.53,95.53,94.99,94.45,94.45,93.36,97.70,95.53,94.45,93.36,92.28,92.28,91.73,91.73,91.19,91.19,93.36,92.28,91.73,91.19,90.65,90.10,90.10,89.56,89.56,89.56,89.56,89.56,89.56,89.02,89.02,88.48,87.93,87.93,87.93,87.93"
Rec-029_10s_2,3,5,2988,core,317,331,0.0,4.0,0.9884,320,333,329,336,1.0,True,93.2251,109.1004,89.0188,4.2071,92.2753,"109.10,103.67,100.42,98.25,96.62,95.53,95.53,94.99,94.99,94.99,98.25,96.07,94.99,93.36,93.36,93.36,92.28,92.28,92.28,92.28,93.36,92.28,91.73,91.19,91.19,91.19,90.65,90.65,90.65,90.65,90.10,89.56,89.56,89.56,89.02,89.02,89.02,89.02,89.02,89.02"
Rec-029_10s_2,3,6,2989,core,326,331,0.0,9.0,0.9883,329,333,338,336,1.0,True,95.0976,109.6431,90.6471,4.1604,94.4463,"109.64,105.30,102.04,99.87,98.25,98.25,97.70,97.70,97.70,97.16,99.87,98.25,96.62,95.53,95.53,95.53,94.99,94.99,94.45,94.45,94.99,94.45,93.36,93.36,93.36,92.28,92.28,92.28,92.28,92.28,91.19,91.19,91.19,91.19,91.19,90.65,90.65,90.65,90.65,90.65"
Rec-029_10s_2,3,7,2990,core,335,331,0.0,9.0,0.9881,338,333,347,336,1.0,True,96.4002,110.7286,91.1898,4.1721,95.5318,"110.73,106.39,103.13,101.50,100.42,99.33,98.79,98.25,98.25,98.25,101.50,99.87,98.25,97.70,96.62,96.62,96.07,96.07,95.53,95.53,96.07,95.53,95.53,94.99,94.45,94.45,94.45,94.45,94.45,93.36,93.36,92.28,92.28,92.28,92.28,91.73,91.73,91.19,91.19,91.19"
Rec-029_10s_2,3,8,2991,core,340,331,0.0,5.0,0.9899,343,333,352,336,1.0,True,96.0745,108.5576,89.5616,3.955,95.5318,"108.56,105.30,102.04,100.96,99.87,99.87,98.79,98.25,97.16,96.07,100.96,99.33,98.25,97.70,97.16,97.16,96.62,95.53,95.53,94.45,96.62,95.53,95.53,95.53,94.99,94.45,94.45,93.36,92.28,91.73,93.36,93.36,92.28,92.28,92.28,92.28,91.73,91.19,90.65,89.56"
Rec-029_10s_2,3,9,2992,core,344,331,0.0,4.0,0.9867,347,333,356,336,1.0,True,94.7855,110.7286,84.6769,5.2378,93.9035,"110.73,106.39,103.13,100.96,99.33,98.25,96.62,94.99,93.36,90.65,102.04,100.42,98.79,98.25,96.62,95.53,94.99,93.36,91.19,89.02,97.16,96.07,95.53,94.99,94.45,93.36,92.28,91.19,89.56,86.85,93.36,93.36,93.36,92.28,91.73,91.19,90.10,88.48,86.85,84.68"
Rec-029_10s_2,3,10,2993,core,349,331,0.0,5.0,0.9886,352,333,361,336,0.6,False,85.9794,106.3867,74.3647,9.0223,85.491,"106.39,102.04,98.25,95.53,92.28,85.22,79.79,77.62,75.99,75.45,99.87,97.70,95.53,93.36,91.19,84.13,78.71,77.08,75.99,75.45,95.53,94.45,92.28,91.19,87.93,82.51,78.16,76.54,75.99,75.45,91.73,91.19,90.10,88.48,85.76,80.88,77.62,75.99,75.45,74.36"
Rec-029_10s_2,3,11,2994,core,353,331,0.0,4.0,0.9855,356,333,365,336,0.2,False,79.2087,102.0447,74.3647,6.2844,75.9929,"102.04,91.19,83.05,79.79,77.62,76.54,75.99,75.99,75.45,74.91,95.53,86.85,80.88,78.16,77.08,75.99,75.99,75.45,74.91,74.91,90.65,84.13,79.79,77.62,75.99,75.99,75.45,74.91,74.91,74.91,87.39,81.96,78.71,77.08,75.99,75.45,75.45,74.91,74.36,74.36"
Rec-029_10s_2,3,12,2995,core,356,330,18.43,3.16,0.9874,359,332,368,335,0.0,False,77.0106,90.1043,73.822,3.2839,75.9929,"90.10,84.68,80.33,78.16,77.08,75.99,75.99,75.45,75.45,74.91,84.68,80.88,78.16,77.08,76.54,75.99,75.45,75.45,74.91,74.36,80.88,78.71,77.08,75.99,75.99,75.45,74.91,74.36,74.36,74.36,78.71,77.08,75.99,75.99,75.99,75.45,74.91,74.36,74.36,73.82"
Rec-029_10s_2,4,1,3126,core,290,331,0.0,0.0,0.988,293,333,302,336,1.0,True,94.392,111.8141,87.9333,5.1271,92.818,"111.81,107.47,103.67,100.96,99.33,98.79,98.25,98.25,97.16,96.62,98.25,97.16,95.53,94.99,94.99,94.99,94.45,94.45,94.45,93.36,91.73,91.19,91.73,92.28,92.28,92.28,92.28,91.73,91.73,91.19,87.93,88.48,89.02,89.56,89.56,89.56,89.56,89.56,89.56,89.56"
Rec-029_10s_2,4,2,3127,core,292,331,0.0,2.0,0.9866,295,333,304,336,1.0,True,95.2468,113.9851,89.5616,5.1532,94.4463,"113.99,108.56,104.22,101.50,99.87,98.79,98.25,97.70,97.16,96.07,100.96,98.79,97.16,96.07,95.53,95.53,94.99,94.45,94.45,93.36,94.45,94.45,93.36,93.36,93.36,92.28,92.28,92.28,91.73,91.19,90.65,90.65,90.65,90.65,90.65,90.65,90.65,90.10,89.56,89.56"
Rec-029_10s_2,4,3,3128,core,297,331,0.0,5.0,0.9851,300,333,309,336,1.0,True,94.7991,111.8141,89.0188,4.7262,93.3608,"111.81,106.39,103.13,100.42,98.79,98.25,97.16,96.07,95.53,94.99,101.50,98.79,97.16,95.53,95.53,94.45,93.36,93.36,92.28,92.28,95.53,94.99,94.45,93.36,93.36,92.28,92.28,91.19,91.19,90.65,92.28,91.73,91.19,91.19,91.19,90.65,89.56,89.56,89.56,89.02"
Rec-029_10s_2,4,4,3129,core,306,331,0.0,9.0,0.9859,309,333,318,336,1.0,True,93.5914,108.5576,88.4761,4.0974,92.2753,"108.56,103.67,100.42,98.25,97.16,96.07,95.53,94.99,94.45,93.36,99.33,97.16,95.53,94.45,93.36,93.36,92.28,92.28,91.73,91.19,94.99,94.45,93.36,92.28,91.73,91.73,91.19,90.65,90.10,90.10,91.73,91.19,90.65,90.65,90.10,89.56,89.56,89.02,89.02,88.48"
Rec-029_10s_2,4,5,3130,core,310,331,0.0,4.0,0.9896,313,333,322,336,1.0,True,93.5643,110.1859,88.4761,4.4221,92.2753,"110.19,105.30,100.96,98.25,97.16,95.53,95.53,94.45,94.45,93.36,99.87,97.70,95.53,94.45,93.36,92.28,92.28,92.28,91.19,91.19,94.99,93.36,92.28,92.28,91.73,91.19,91.19,90.65,90.65,90.10,91.19,91.19,90.65,90.10,89.56,89.56,89.56,89.56,89.02,88.48"
Rec-029_10s_2,4,6,3131,core,319,331,0.0,9.0,0.9902,322,333,331,336,1.0,True,94.2699,109.1004,90.1043,3.8347,93.3608,"109.10,103.67,100.42,98.25,97.16,96.62,96.07,96.07,95.53,95.53,99.33,97.16,95.53,94.45,94.45,94.45,93.36,93.36,93.36,93.36,94.99,93.36,93.36,92.28,92.28,92.28,92.28,91.73,92.28,91.73,91.19,91.19,91.19,90.65,90.65,90.65,90.65,90.65,90.10,90.10"
Rec-029_10s_2,4,7,3132,core,324,331,0.0,5.0,0.9883,327,333,336,336,1.0,True,94.9212,106.3867,91.1898,3.2456,94.7176,"106.39,102.04,99.87,98.25,98.25,97.70,97.16,97.16,97.16,97.16,98.25,97.16,95.53,95.53,94.99,94.99,94.99,94.99,94.99,94.99,94.45,94.45,93.36,93.36,93.36,93.36,93.36,93.36,93.36,93.36,91.73,91.73,91.73,91.19,91.19,91.19,91.19,91.19,91.19,91.19"
Rec-029_10s_2,4,8,3133,core,328,331,0.0,4.0,0.9905,331,333,340,336,1.0,True,96.1831,109.6431,92.2753,3.7133,95.8031,"109.64,105.30,102.04,100.42,99.33,98.79,98.25,98.25,98.25,98.25,100.42,98.25,97.16,96.62,96.62,96.07,96.07,96.07,96.07,96.07,95.53,95.53,94.45,94.45,94.45,94.45,94.45,94.45,94.45,94.45,92.28,92.28,92.28,92.28,92.28,92.28,92.28,92.28,92.28,92.28"
Rec-029_10s_2,4,9,3134,core,333,331,0.0,5.0,0.9892,336,333,345,336,1.0,True,97.1871,108.0149,92.2753,3.411,96.8886,"108.01,105.30,102.04,101.50,100.96,100.42,99.87,99.33,99.33,98.79,100.96,99.33,98.25,98.25,97.70,97.70,97.70,97.70,97.16,97.16,96.62,96.07,95.53,95.53,95.53,95.53,95.53,95.53,95.53,94.99,94.45,93.36,93.36,93.36,93.36,93.36,93.36,93.36,93.36,92.28"
Rec-029_10s_2,4,10,3135,core,337,331,0.0,4.0,0.9906,340,333,349,336,1.0,True,98.0284,111.2714,92.2753,3.9565,97.16,"111.27,106.93,104.22,103.13,102.04,101.50,100.96,100.42,99.87,99.33,103.13,100.96,99.87,98.79,98.25,98.25,98.25,98.25,97.16,96.62,98.25,97.16,97.16,96.62,96.62,96.07,95.53,95.53,95.53,94.99,94.99,94.45,94.45,94.45,94.45,93.36,93.36,93.36,93.36,92.28"
Rec-029_10s_2,4,11,3136,core,342,331,0.0,5.0,0.9896,345,333,354,336,1.0,True,96.8479,109.6431,89.5616,4.1969,96.3459,"109.64,105.84,103.67,102.04,101.50,100.96,99.33,98.25,96.62,95.53,102.04,100.96,99.87,98.79,98.25,97.70,96.62,95.53,94.99,93.36,98.25,97.70,97.16,96.62,96.07,95.53,94.99,93.36,92.28,91.19,94.99,94.99,94.45,94.45,93.36,93.36,92.28,91.19,90.65,89.56"
Rec-029_10s_2,4,12,3137,core,346,331,0.0,4.0,0.9895,349,333,358,336,0.9,False,92.8452,111.2714,77.6212,7.9052,93.9035,"111.27,106.93,103.67,101.50,99.33,97.70,95.53,92.28,84.13,78.71,103.13,100.96,99.33,97.70,96.07,94.99,93.36,90.65,83.59,78.71,98.25,97.16,96.07,95.53,94.45,92.28,91.19,88.48,82.51,77.62,94.99,94.45,93.36,92.28,91.73,90.10,89.02,86.31,80.88,77.62"
Rec-029_10s_2,4,13,3138,core,355,331,0.0,9.0,0.9888,358,333,367,336,0.0,False,76.8071,87.9333,73.822,2.8591,75.9929,"87.93,83.05,79.79,77.62,76.54,75.99,75.99,75.45,74.91,74.36,83.59,79.79,77.62,77.08,75.99,75.99,75.45,74.91,74.91,74.36,80.88,78.16,77.08,75.99,75.99,75.99,75.45,74.91,74.36,74.36,78.71,77.62,76.54,75.99,75.99,75.45,74.91,74.36,74.36,73.82"
Rec-029_10s_2,5,1,3267,core,291,331,0.0,1.0,0.9848,294,333,303,336,1.0,True,95.6403,110.7286,89.5616,4.5993,94.1749,"110.73,106.93,103.13,102.04,100.42,100.42,99.87,99.33,98.79,98.25,98.79,97.70,96.62,96.62,96.07,96.07,95.53,95.53,95.53,94.99,93.36,93.36,93.36,93.36,93.36,93.36,93.36,93.36,93.36,93.36,89.56,90.10,91.19,91.19,91.19,91.19,91.19,91.19,91.19,90.65"
Rec-029_10s_2,5,2,3268,core,295,331,0.0,4.0,0.9866,298,333,307,336,1.0,True,96.468,112.8996,90.6471,4.7964,95.5318,"112.90,108.01,105.30,103.13,101.50,100.42,99.33,98.79,98.25,97.16,102.04,99.87,98.25,97.70,97.16,96.07,96.07,95.53,94.99,94.45,96.07,95.53,95.53,94.99,94.45,94.45,94.45,93.36,93.36,92.28,92.28,92.28,92.28,92.28,92.28,91.73,91.19,91.19,91.19,90.65"
Rec-029_10s_2,5,3,3269,core,299,331,0.0,4.0,0.9883,302,333,311,336,1.0,True,96.5494,116.6988,90.1043,5.4263,95.2604,"116.70,110.73,105.84,103.13,100.96,99.87,98.25,97.70,96.62,96.07,103.67,101.50,98.79,97.70,96.62,95.53,95.53,94.45,94.45,93.36,98.25,96.62,95.53,94.99,94.45,94.45,93.36,92.28,92.28,91.73,94.45,93.36,93.36,92.28,92.28,91.73,91.19,91.19,90.65,90.10"
Rec-029_10s_2,5,4,3270,core,304,331,0.0,5.0,0.9874,307,333,316,336,1.0,True,95.0569,111.2714,89.5616,4.6072,93.9035,"111.27,106.93,103.13,100.42,98.79,98.25,96.62,96.07,95.53,94.99,101.50,99.33,97.70,96.07,95.53,94.45,93.36,93.36,92.28,91.73,96.62,95.53,94.99,94.45,93.36,92.28,92.28,91.73,91.19,90.65,93.36,92.28,92.28,91.73,91.19,91.19,90.65,90.10,89.56,89.56"
Rec-029_10s_2,5,5,3271,core,326,331,0.0,22.0,0.9898,329,333,338,336,1.0,True,95.8303,109.1004,91.7325,3.6001,95.5318,"109.10,104.22,102.04,99.87,98.79,98.25,98.25,98.25,97.70,97.70,99.87,98.25,96.62,96.07,95.53,95.53,95.53,95.53,95.53,95.53,95.53,94.45,94.45,94.45,94.45,94.45,93.36,94.45,94.45,93.36,92.28,92.28,92.28,92.28,92.28,92.28,91.73,91.73,92.28,92.28"
Rec-029_10s_2,5,6,3272,core,331,331,0.0,5.0,0.9907,334,333,343,336,1.0,True,96.6308,107.4722,92.2753,3.2553,96.3459,"107.47,104.22,102.04,100.42,99.87,99.33,98.79,98.79,98.79,98.25,100.42,98.25,97.70,97.16,97.16,97.16,96.62,96.62,96.62,96.62,96.07,95.53,95.53,95.53,94.99,94.99,94.99,94.99,94.99,94.99,93.36,93.36,93.36,93.36,93.36,93.36,93.36,92.28,92.28,92.28"
Rec-029_10s_2,5,7,3273,core,335,331,0.0,4.0,0.99,338,333,347,336,1.0,True,97.757,110.1859,93.3608,3.614,97.16,"110.19,106.39,103.67,102.04,101.50,100.96,100.42,99.87,99.33,99.33,102.04,100.42,98.79,98.25,98.25,98.25,97.70,97.70,97.70,97.16,97.16,96.62,96.07,96.07,95.53,95.53,95.53,95.53,95.53,95.53,94.45,94.45,94.45,94.45,94.45,94.45,94.45,93.36,93.36,93.36"
Rec-029_10s_2,5,8,3274,core,340,331,0.0,5.0,0.9908,343,333,352,336,1.0,True,97.757,109.1004,91.1898,3.6907,97.4314,"109.10,105.84,103.67,102.04,102.04,101.50,100.96,99.87,98.79,98.25,102.04,100.96,99.87,98.79,98.79,98.25,98.25,97.70,96.62,95.53,98.25,97.70,97.16,97.16,96.62,96.07,95.53,95.53,94.45,93.36,95.53,94.99,94.99,94.99,94.45,94.45,93.36,93.36,92.28,91.19"
Rec-029_10s_2,5,9,3275,core,344,331,0.0,4.0,0.9889,347,333,356,336,1.0,True,96.2916,111.2714,86.8478,5.1113,95.5318,"111.27,107.47,105.30,103.13,101.50,99.87,98.25,96.62,95.53,91.73,103.13,101.50,99.87,98.79,98.25,97.16,96.07,94.99,92.28,91.19,98.25,97.70,97.16,96.62,95.53,94.99,93.36,92.28,91.19,88.48,95.53,94.99,94.45,94.45,93.36,92.28,91.19,90.10,89.02,86.85"
Rec-029_10s_2,5,10,3276,core,349,331,0.0,5.0,0.9893,352,333,361,336,0.6,False,86.7936,107.4722,74.9074,9.4761,86.8478,"107.47,103.13,99.87,97.16,93.36,85.76,79.79,77.62,75.99,75.45,100.96,98.25,96.62,94.45,92.28,85.22,79.79,77.08,75.99,75.45,96.62,94.99,94.45,92.28,89.56,83.59,78.71,76.54,75.99,74.91,93.36,92.28,91.73,90.10,87.93,82.51,78.16,75.99,75.45,74.91"
Rec-029_10s_2,5,11,3277,core,356,330,8.13,7.07,0.9885,359,332,368,335,0.0,False,77.0649,90.1043,73.822,3.253,75.9929,"90.10,84.68,80.33,78.16,77.08,76.54,75.99,75.99,75.45,74.91,84.68,80.33,78.16,77.08,76.54,75.99,75.45,74.91,74.91,74.36,80.88,78.71,77.08,76.54,75.99,75.45,74.91,74.91,74.36,74.36,78.71,77.62,76.54,75.99,75.99,75.45,74.91,74.36,74.36,73.82"
Rec-029_10s_2,6,1,3399,core,290,331,0.0,0.0,0.9878,293,333,302,336,1.0,True,96.4816,113.9851,89.5616,5.2182,94.989,"113.99,109.64,105.84,103.13,102.04,101.50,100.96,100.42,99.33,98.79,99.33,98.79,97.70,97.16,97.16,97.16,96.62,96.62,96.07,95.53,93.36,93.36,93.36,94.45,94.45,94.45,94.45,94.45,94.45,93.36,89.56,90.10,90.65,91.19,91.73,91.73,91.73,91.73,91.73,91.19"
Rec-029_10s_2,6,2,3400,core,298,331,0.0,8.0,0.9875,301,333,310,336,1.0,True,96.8072,113.9851,90.6471,4.7588,95.5318,"113.99,108.56,105.30,102.04,100.96,99.87,98.79,98.25,97.16,96.62,103.67,100.96,98.79,98.25,97.16,96.07,95.53,94.99,94.45,94.45,98.25,97.16,96.07,95.53,95.53,94.45,94.45,93.36,92.28,92.28,94.45,94.45,93.36,93.36,93.36,92.28,92.28,91.73,91.19,90.65"
Rec-029_10s_2,6,3,3401,core,302,331,0.0,4.0,0.9897,305,333,314,336,1.0,True,96.5223,115.0706,90.6471,4.9668,95.5318,"115.07,109.10,105.30,102.04,100.42,98.79,98.25,97.16,96.07,95.53,103.67,101.50,98.79,97.70,96.62,95.53,95.53,94.45,94.45,93.36,98.25,97.16,95.53,95.53,94.45,94.45,93.36,93.36,92.28,92.28,94.45,94.45,93.36,93.36,92.28,92.28,91.73,91.19,91.19,90.65"
Rec-029_10s_2,6,4,3402,core,307,331,0.0,5.0,0.9881,310,333,319,336,1.0,True,95.274,110.7286,90.1043,4.1812,94.4463,"110.73,105.30,102.04,99.87,98.25,98.25,97.16,96.62,95.53,95.53,101.50,98.79,97.16,96.07,95.53,94.99,94.45,94.45,93.36,92.28,96.62,95.53,94.99,94.45,94.45,93.36,92.28,92.28,91.73,91.19,93.36,93.36,92.28,92.28,91.73,91.19,91.19,90.65,90.10,90.10"
Rec-029_10s_2,6,5,3403,core,311,331,0.0,4.0,0.9904,314,333,323,336,1.0,True,95.1654,111.8141,89.5616,4.4713,94.4463,"111.81,106.39,103.13,99.87,98.25,97.70,96.62,96.07,95.53,94.99,102.04,98.79,97.16,96.07,95.53,94.45,94.45,93.36,93.36,92.28,96.62,95.53,94.45,94.45,93.36,93.36,92.28,92.28,91.73,91.19,93.36,92.28,92.28,91.73,91.19,91.19,91.19,90.65,90.10,89.56"
Rec-029_10s_2,6,6,3404,core,316,331,0.0,5.0,0.989,319,333,328,336,1.0,True,94.392,108.0149,90.1043,3.754,93.3608,"108.01,103.67,100.42,98.79,97.70,96.62,96.07,95.53,94.99,94.99,99.87,97.70,96.07,95.53,94.45,94.45,93.36,93.36,92.28,92.28,95.53,94.45,94.45,93.36,92.28,92.28,92.28,91.73,91.19,91.19,92.28,92.28,91.73,91.19,91.19,91.19,90.65,90.10,90.10,90.10"
Rec-029_10s_2,6,7,3405,core,329,331,0.0,13.0,0.9899,332,333,341,336,1.0,True,96.875,109.6431,92.2753,3.5362,96.3459,"109.64,105.84,102.04,100.96,99.87,99.33,98.79,98.79,98.25,98.25,101.50,99.33,98.25,97.70,97.16,96.62,96.62,96.62,96.62,96.07,96.62,96.07,95.53,95.53,95.53,94.99,94.99,94.99,94.99,94.99,93.36,93.36,93.36,93.36,93.36,93.36,93.36,93.36,93.36,92.28"
Rec-029_10s_2,6,8,3406,core,338,331,0.0,9.0,0.9895,341,333,350,336,1.0,True,98.8561,111.8141,93.3608,3.7938,98.2455,"111.81,108.01,105.30,103.13,102.04,102.04,101.50,100.96,100.42,99.33,103.13,102.04,100.96,99.87,99.33,99.33,98.79,98.25,98.25,97.70,98.79,98.25,98.25,97.70,97.70,97.16,96.62,96.62,96.07,95.53,95.53,95.53,95.53,95.53,94.99,94.99,94.99,94.45,94.45,93.36"
Rec-029_10s_2,6,9,3407,core,343,331,0.0,5.0,0.9894,346,333,355,336,1.0,True,97.3635,110.1859,89.0188,4.5291,96.6172,"110.19,107.47,105.30,103.13,102.04,100.96,99.87,98.25,96.07,94.45,103.13,102.04,100.96,99.87,99.33,98.25,97.16,95.53,94.99,92.28,98.79,98.25,98.25,97.70,97.16,96.07,94.99,94.45,92.28,91.19,96.07,95.53,95.53,94.99,94.99,93.36,92.28,91.73,90.65,89.02"
Rec-029_10s_2,6,10,3408,core,347,331,0.0,4.0,0.9879,350,333,359,336,0.8,False,91.2984,110.7286,75.9929,9.1087,93.3608,"110.73,106.39,103.13,100.42,98.25,96.07,92.28,84.13,78.71,76.54,103.13,101.50,99.33,97.70,96.07,94.45,91.19,84.13,78.71,76.54,98.79,97.70,96.07,95.53,94.45,91.73,89.56,83.05,78.16,75.99,95.53,94.99,94.45,92.28,91.19,89.56,87.39,81.96,78.16,75.99"
Rec-029_10s_2,6,11,3409,core,356,330,6.34,9.06,0.9838,359,332,368,335,0.0,False,77.0106,90.1043,73.822,3.1976,75.9929,"90.10,84.13,80.33,78.16,77.08,75.99,75.99,75.45,75.45,74.91,84.13,80.88,78.16,77.08,75.99,75.99,75.45,74.91,74.91,74.36,80.88,78.16,77.08,75.99,75.99,75.45,74.91,74.91,74.36,74.36,78.71,77.62,76.54,75.99,75.99,75.45,75.45,74.91,74.36,73.82"
Rec-030_90s_2,1,1,4767,core,291,331,0.0,1.0,0.9848,294,333,303,336,1.0,True,78.8966,100.4165,70.5655,6.4385,77.6212,"100.42,94.45,90.10,86.85,84.68,83.59,83.05,81.96,80.88,80.33,87.39,84.68,82.51,80.88,79.79,78.71,78.16,77.62,77.08,76.54,79.79,78.16,77.62,77.08,76.54,75.45,74.91,74.36,73.82,73.28,74.36,73.82,73.82,73.82,72.74,72.19,71.65,71.65,70.57,70.57"
Rec-030_90s_2,1,2,4768,core,296,331,0.0,5.0,0.9828,299,333,308,336,1.0,True,77.5533,95.5318,70.0227,5.6484,76.2643,"95.53,90.65,86.85,84.13,83.05,81.96,81.42,80.88,80.33,79.79,85.76,83.05,80.33,78.71,78.16,77.62,77.08,76.54,75.99,75.99,78.71,77.62,75.99,75.45,74.91,74.36,73.82,73.82,73.28,72.74,73.82,73.82,73.28,72.19,71.65,71.65,70.57,70.57,70.02,70.02"
Rec-030_90s_2,1,3,4769,core,300,331,0.0,4.0,0.9868,303,333,312,336,1.0,True,77.689,97.16,70.0227,5.896,76.2643,"97.16,91.19,87.93,84.68,83.05,82.51,81.42,80.88,80.33,79.79,85.76,83.05,80.88,78.71,78.71,77.62,77.62,76.54,75.99,75.99,78.71,77.62,75.99,75.45,74.91,74.36,73.82,73.82,73.28,72.74,73.82,73.28,72.74,72.19,71.65,71.65,70.57,70.57,70.57,70.02"
Rec-030_90s_2,1,4,4770,core,305,331,0.0,5.0,0.9841,308,333,317,336,1.0,True,77.1463,94.4463,70.0227,5.3512,76.2643,"94.45,89.56,85.76,83.59,83.05,81.42,80.88,80.33,79.79,78.71,84.13,81.96,79.79,78.71,78.16,77.62,76.54,76.54,75.99,75.45,77.62,76.54,75.99,75.45,74.91,73.82,73.82,73.28,72.74,72.19,73.82,73.28,72.74,72.19,71.65,71.65,70.57,70.57,70.57,70.02"
Rec-030_90s_2,1,5,4771,core,309,331,0.0,4.0,0.9869,312,333,321,336,1.0,True,77.5398,95.5318,70.5655,5.545,76.5357,"95.53,90.65,86.85,84.13,83.05,81.96,80.88,80.88,79.79,79.79,85.22,83.05,80.33,78.71,78.16,77.62,77.08,76.54,76.54,75.99,78.16,76.54,75.99,75.45,74.91,74.36,73.82,73.82,73.82,73.28,73.82,73.28,72.74,72.19,71.65,71.65,71.65,70.57,70.57,70.57"
Rec-030_90s_2,1,6,4772,core,314,331,0.0,5.0,0.9853,317,333,326,336,1.0,True,77.7976,92.2753,71.651,4.6978,77.6212,"92.28,88.48,85.76,83.59,83.05,81.96,81.42,80.88,80.88,80.88,83.59,81.42,79.79,78.71,78.16,77.62,77.62,77.62,77.62,77.62,77.62,76.54,75.99,75.99,75.45,75.45,74.91,74.91,74.91,74.91,73.82,73.28,73.28,72.74,72.74,72.19,72.19,72.19,72.19,71.65"
Rec-030_90s_2,1,7,4773,core,318,331,0.0,4.0,0.9881,321,333,330,336,1.0,True,79.0459,95.5318,73.822,4.9546,78.4353,"95.53,90.65,87.39,84.68,84.13,83.05,83.05,82.51,81.96,81.42,85.22,83.05,80.88,79.79,79.79,78.71,78.71,78.71,78.71,78.16,78.71,77.62,77.08,77.08,76.54,75.99,75.99,75.99,75.99,75.99,74.36,73.82,73.82,73.82,73.82,73.82,73.82,73.82,73.82,73.82"
Rec-030_90s_2,1,8,4774,core,323,331,0.0,5.0,0.9863,326,333,335,336,1.0,True,79.6565,93.3608,74.3647,4.4172,79.2494,"93.36,89.02,86.31,84.68,84.13,83.59,83.59,83.59,83.59,83.59,84.68,83.05,81.42,80.88,79.79,79.79,79.79,79.79,79.79,79.79,78.71,78.16,77.62,77.62,77.62,77.08,77.08,77.08,77.08,77.08,75.45,74.91,74.91,74.91,74.91,74.36,74.36,74.36,74.36,74.36"
Rec-030_90s_2,1,9,4775,core,327,331,0.0,4.0,0.9882,330,333,339,336,1.0,True,81.3525,95.5318,75.9929,4.7783,81.149,"95.53,91.73,89.02,87.39,86.31,85.76,85.76,85.76,85.76,85.76,86.31,84.13,83.05,82.51,81.96,81.96,81.96,81.42,81.42,81.42,80.88,79.79,78.71,78.71,78.71,78.71,78.71,78.16,78.16,78.16,76.54,75.99,75.99,75.99,75.99,75.99,75.99,75.99,75.99,75.99"
Rec-030_90s_2,1,10,4776,core,332,331,0.0,5.0,0.9881,335,333,344,336,1.0,True,82.2481,94.989,76.5357,4.6053,81.6918,"94.99,91.19,89.56,87.93,87.93,87.39,87.39,86.85,86.85,86.31,86.31,84.68,84.13,83.05,83.05,83.05,83.05,83.05,83.05,82.51,80.88,80.33,79.79,79.79,79.79,79.79,79.79,79.79,79.79,78.71,77.62,77.62,77.08,77.08,77.08,76.54,76.54,76.54,76.54,76.54"
Rec-030_90s_2,1,11,4777,core,336,331,0.0,4.0,0.989,339,333,348,336,1.0,True,83.1707,97.7027,77.0784,5.0075,82.7773,"97.70,94.45,91.19,89.56,89.02,88.48,87.93,87.93,87.39,86.85,87.93,86.31,85.22,84.13,84.13,83.59,83.59,83.05,83.05,83.05,82.51,81.42,80.88,80.88,80.33,80.33,80.33,79.79,79.79,79.79,78.16,78.16,77.62,77.62,77.62,77.62,77.62,77.62,77.08,77.08"
Rec-030_90s_2,1,12,4778,core,341,331,0.0,5.0,0.9886,344,333,353,336,1.0,True,82.9129,95.5318,76.5357,4.6065,82.5059,"95.53,92.28,90.65,89.56,88.48,87.93,87.39,86.31,85.76,85.76,87.93,86.31,85.22,84.68,84.13,83.59,83.59,83.05,83.05,82.51,82.51,81.42,81.42,80.88,80.88,80.88,80.33,79.79,79.79,78.71,78.71,78.71,78.16,77.62,77.62,77.62,77.62,77.08,76.54,76.54"
Rec-030_90s_2,1,13,4779,core,345,331,0.0,4.0,0.9869,348,333,357,336,0.9,False,82.3159,97.7027,74.9074,5.2866,81.4204,"97.70,94.45,91.19,89.56,88.48,87.93,86.31,85.22,82.51,77.62,89.02,87.39,85.76,84.68,84.13,83.59,83.05,81.96,79.79,76.54,83.05,82.51,81.96,80.88,80.88,80.33,79.79,78.71,77.62,75.99,79.79,78.71,78.71,78.16,77.62,77.62,77.08,75.99,75.45,74.91"
Rec-030_90s_2,1,14,4780,core,350,331,0.0,5.0,0.9844,353,333,362,336,0.4,False,78.7338,95.5318,73.822,5.156,76.8071,"95.53,91.19,88.48,84.68,78.71,77.62,75.99,75.45,74.91,74.36,87.93,85.76,84.13,81.96,78.16,76.54,75.99,75.45,74.91,74.36,83.05,81.96,80.88,78.71,77.08,75.99,75.45,74.91,74.36,73.82,78.71,78.71,77.62,77.08,75.99,75.45,74.91,74.36,74.36,73.82"
Rec-030_90s_2,1,15,4781,core,354,331,0.0,4.0,0.9854,357,333,366,336,0.0,False,76.4271,87.9333,73.822,2.8519,75.4502,"87.93,83.05,79.79,77.62,76.54,75.99,75.45,74.91,74.91,74.91,83.05,79.79,77.62,76.54,75.99,75.45,74.91,74.36,74.36,73.82,78.71,77.62,76.54,75.99,75.99,75.45,74.91,74.91,74.36,73.82,77.62,76.54,75.99,75.45,74.91,74.91,74.36,74.36,73.82,73.82"
Rec-030_90s_2,1,16,4782,core,355,330,45.0,1.41,0.9882,358,332,367,335,0.0,False,77.3769,94.4463,73.822,4.1688,75.9929,"94.45,87.39,82.51,78.71,77.62,76.54,75.99,75.45,75.45,74.91,86.85,82.51,78.71,77.62,76.54,75.99,75.45,74.91,74.91,74.36,81.42,78.71,77.08,76.54,75.99,75.45,74.91,74.36,74.36,73.82,78.71,77.08,75.99,75.99,75.45,74.91,74.91,74.36,74.36,73.82"
Rec-030_90s_2,2,1,4911,core,290,331,0.0,0.0,0.9878,293,333,302,336,1.0,True,87.1871,106.3867,78.7067,6.6767,85.2196,"106.39,102.04,99.33,97.16,96.07,94.99,93.36,92.28,91.19,90.10,92.28,91.19,90.10,89.56,89.02,88.48,87.93,86.85,85.76,85.22,85.22,84.68,84.68,84.68,84.13,84.13,83.59,83.05,83.05,81.96,80.33,80.33,80.33,80.33,80.33,80.33,79.79,79.79,78.71,78.71"
Rec-030_90s_2,2,2,4912,core,295,331,0.0,5.0,0.9861,298,333,307,336,1.0,True,86.8885,109.1004,78.1639,6.6775,85.7624,"109.10,103.13,98.25,95.53,93.36,91.73,91.19,90.10,89.56,89.02,95.53,92.28,90.10,88.48,87.93,86.85,85.76,85.76,85.22,84.13,87.93,86.31,85.76,84.13,84.13,83.59,83.05,81.96,81.42,81.42,83.05,81.96,81.42,80.88,80.33,79.79,79.79,78.71,78.71,78.16"
Rec-030_90s_2,2,3,4913,core,300,331,0.0,5.0,0.9833,303,333,312,336,1.0,True,85.5724,103.1302,78.7067,5.4943,84.6769,"103.13,98.25,94.45,92.28,91.19,90.65,89.56,89.56,89.02,88.48,92.28,89.56,87.93,86.85,86.31,85.76,85.76,85.22,84.68,84.13,85.76,84.68,83.59,83.59,83.05,83.05,82.51,81.96,81.42,81.42,81.42,80.88,80.33,79.79,79.79,79.79,78.71,78.71,78.71,78.71"
Rec-030_90s_2,2,4,4914,core,304,331,0.0,4.0,0.9862,307,333,316,336,1.0,True,85.9252,105.3012,78.7067,5.8041,84.9482,"105.30,99.33,95.53,93.36,91.19,90.65,89.56,89.56,89.02,87.93,93.36,90.65,89.02,87.93,86.85,85.76,85.22,85.22,84.68,84.13,86.31,85.22,84.13,84.13,83.05,83.05,82.51,81.96,81.42,81.42,81.42,80.88,80.88,80.33,80.33,79.79,79.79,78.71,78.71,78.71"
Rec-030_90s_2,2,5,4915,core,309,331,0.0,5.0,0.9837,312,333,321,336,1.0,True,85.2196,101.502,78.7067,5.0478,84.1341,"101.50,96.07,93.36,91.73,90.65,89.56,89.56,89.02,87.93,87.93,91.19,89.02,87.93,86.85,85.76,85.76,84.68,84.68,84.13,84.13,85.76,84.13,83.59,83.05,83.05,82.51,81.96,81.96,81.42,81.42,81.42,80.88,80.33,80.33,79.79,79.79,79.79,78.71,78.71,78.71"
Rec-030_90s_2,2,6,4916,core,313,331,0.0,4.0,0.987,316,333,325,336,1.0,True,85.9116,103.1302,79.7922,5.2607,84.9482,"103.13,98.25,94.99,92.28,91.19,90.10,89.56,89.56,89.02,88.48,92.28,90.10,87.93,87.39,86.31,85.76,85.76,85.22,85.22,84.68,86.31,84.68,84.13,83.59,83.59,83.05,83.05,82.51,82.51,81.96,81.96,80.88,80.88,80.33,80.33,80.33,79.79,79.79,79.79,79.79"
Rec-030_90s_2,2,7,4917,core,318,331,0.0,5.0,0.9861,321,333,330,336,1.0,True,85.7216,99.8737,79.7922,4.66,85.491,"99.87,95.53,93.36,91.19,91.19,90.10,89.56,89.56,89.56,89.56,90.65,89.02,87.93,86.85,86.31,85.76,85.76,85.76,85.76,85.76,85.22,84.13,84.13,83.59,83.05,83.05,83.05,83.05,83.05,83.05,81.42,80.88,80.88,80.88,80.33,80.33,80.33,79.79,79.79,79.79"
Rec-030_90s_2,2,8,4918,core,327,331,0.0,9.0,0.9868,330,333,339,336,1.0,True,88.0419,100.9592,81.9631,4.735,87.3906,"100.96,97.70,95.53,94.45,93.36,93.36,93.36,92.28,92.28,92.28,92.28,90.65,89.56,89.56,89.56,89.02,89.02,88.48,88.48,88.48,86.31,85.76,85.76,85.76,85.76,85.76,85.76,85.22,84.68,84.68,83.05,83.05,83.05,82.51,82.51,82.51,82.51,82.51,81.96,81.96"
Rec-030_90s_2,2,9,4919,core,336,331,0.0,9.0,0.9886,339,333,348,336,1.0,True,88.9781,102.0447,83.0486,4.7275,88.4761,"102.04,98.25,96.62,95.53,95.53,94.45,93.36,93.36,92.28,92.28,93.36,91.73,91.19,90.65,90.10,89.56,89.56,89.56,89.56,89.02,87.93,87.93,87.39,86.85,86.31,86.31,86.31,85.76,85.76,85.76,84.13,84.13,84.13,83.59,83.59,83.05,83.05,83.05,83.05,83.05"
Rec-030_90s_2,2,10,4920,core,340,331,0.0,4.0,0.9886,343,333,352,336,1.0,True,89.548,104.2157,82.5059,5.1224,88.7475,"104.22,100.96,98.25,96.07,95.53,94.45,94.45,93.36,92.28,91.73,95.53,93.36,92.28,91.19,91.19,90.65,90.10,89.56,89.02,88.48,89.02,88.48,87.93,87.93,87.39,86.85,86.85,86.31,85.76,85.22,84.68,84.13,84.13,84.13,84.13,84.13,83.59,83.05,83.05,82.51"
Rec-030_90s_2,2,11,4921,core,345,331,0.0,5.0,0.9864,348,333,357,336,0.9,False,87.1192,102.0447,76.5357,5.6742,86.8478,"102.04,98.25,96.07,94.99,93.36,92.28,91.19,89.56,85.76,79.79,94.45,92.28,91.19,90.65,90.10,89.56,87.93,87.39,84.13,78.71,89.02,87.93,87.93,87.39,86.31,85.76,84.68,84.13,80.88,77.62,85.22,84.68,84.13,84.13,83.59,83.05,82.51,80.88,78.71,76.54"
Rec-030_90s_2,2,12,4922,core,349,331,0.0,4.0,0.9855,352,333,361,336,0.5,False,82.4787,103.1302,74.3647,7.4575,80.3349,"103.13,98.25,94.45,91.73,87.93,80.88,77.62,75.99,75.45,74.91,94.45,92.28,90.10,89.02,85.76,79.79,77.08,75.99,75.45,74.91,89.02,87.93,86.31,85.22,83.05,78.71,76.54,75.45,74.91,74.36,84.68,84.13,83.59,82.51,79.79,77.62,75.99,75.45,74.36,74.36"
Rec-030_90s_2,2,13,4923,core,354,331,0.0,5.0,0.9842,357,333,366,336,0.0,False,76.4136,87.9333,73.822,2.8603,75.4502,"87.93,82.51,78.71,77.08,75.99,75.99,75.99,75.45,74.36,74.36,83.05,79.79,77.62,75.99,75.99,75.45,74.91,74.36,74.36,73.82,80.33,77.62,76.54,75.99,75.45,74.91,74.91,74.91,74.36,74.36,78.71,77.08,75.99,75.45,74.91,74.91,74.36,74.36,73.82,73.82"
Rec-030_90s_2,2,14,4924,core,355,330,45.0,1.41,0.9866,358,332,367,335,0.0,False,77.6483,95.5318,74.3647,4.3908,75.9929,"95.53,87.93,83.05,79.79,77.62,76.54,75.99,75.99,75.45,74.91,87.93,83.05,78.71,77.62,76.54,75.99,75.45,75.45,74.91,74.91,82.51,78.71,77.62,76.54,75.99,75.45,74.91,74.36,74.36,74.36,78.71,77.62,76.54,75.99,75.45,75.45,74.91,74.36,74.36,74.36"
Rec-030_90s_2,3,1,5050,core,290,331,0.0,0.0,0.987,293,333,302,336,1.0,True,90.4978,109.1004,83.5914,5.9504,89.0188,"109.10,104.22,100.96,98.25,97.70,96.62,95.53,94.99,94.45,93.36,95.53,94.45,92.28,91.73,91.73,91.19,91.19,90.65,89.56,89.56,88.48,87.93,87.93,88.48,87.93,87.93,87.39,87.39,86.85,86.31,84.13,84.13,84.13,84.13,84.13,84.13,84.13,84.13,83.59,83.59"
Rec-030_90s_2,3,2,5051,core,292,331,0.0,2.0,0.9848,295,333,304,336,1.0,True,91.1491,112.8996,83.0486,6.4463,89.8329,"112.90,106.93,103.13,99.33,97.70,96.07,95.53,94.45,93.36,92.28,98.25,96.07,94.45,92.28,91.73,91.19,91.19,90.10,89.56,89.02,91.19,90.10,89.56,89.02,88.48,87.93,87.93,87.39,86.85,85.76,85.76,85.76,85.22,85.22,84.68,84.68,84.13,84.13,83.59,83.05"
Rec-030_90s_2,3,3,5052,core,297,331,0.0,5.0,0.9863,300,333,309,336,1.0,True,90.2671,110.1859,83.0486,5.7914,89.5616,"110.19,103.67,99.87,97.16,95.53,94.45,93.36,93.36,92.28,92.28,98.25,95.53,93.36,91.19,90.65,90.10,89.56,89.56,89.02,87.93,91.19,90.10,89.56,88.48,87.93,87.39,86.85,86.31,85.76,85.76,86.31,85.76,85.22,85.22,84.68,84.13,83.59,83.05,83.05,83.05"
Rec-030_90s_2,3,4,5053,core,301,331,0.0,4.0,0.9866,304,333,313,336,1.0,True,90.3486,111.8141,83.0486,6.1079,89.0188,"111.81,105.30,100.96,97.70,96.07,94.99,94.45,92.28,92.28,91.19,98.25,95.53,93.36,91.19,90.65,90.10,89.56,89.02,88.48,87.93,91.19,90.10,89.02,87.93,87.93,87.39,86.85,86.31,85.76,85.76,86.31,85.76,85.22,84.68,84.68,84.13,84.13,83.59,83.05,83.05"
Rec-030_90s_2,3,5,5054,core,306,331,0.0,5.0,0.9871,309,333,318,336,1.0,True,89.453,107.4722,82.5059,5.2694,88.2047,"107.47,102.04,98.25,95.53,94.45,93.36,92.28,91.73,91.19,90.65,96.62,94.45,91.73,91.19,90.10,89.56,89.02,88.48,87.93,87.93,90.10,89.56,87.93,87.93,87.39,86.85,86.31,85.76,85.76,85.22,85.76,85.22,85.22,84.68,84.13,84.13,83.59,83.05,83.05,82.51"
Rec-030_90s_2,3,6,5055,core,310,331,0.0,4.0,0.987,313,333,322,336,1.0,True,89.548,108.5576,83.0486,5.4349,88.2047,"108.56,103.13,98.25,95.53,94.45,93.36,92.28,91.73,91.19,90.65,97.16,94.45,92.28,90.65,90.10,89.56,89.02,88.48,87.93,87.93,90.65,89.56,87.93,87.93,87.39,86.85,86.31,85.76,85.76,85.76,85.76,85.22,84.68,84.13,84.13,84.13,83.59,83.59,83.05,83.05"
Rec-030_90s_2,3,7,5056,core,315,331,0.0,5.0,0.9884,318,333,327,336,1.0,True,89.3173,105.8439,83.5914,4.7902,88.7475,"105.84,100.42,97.16,94.99,93.36,93.36,92.28,91.73,91.19,91.19,95.53,93.36,91.19,90.65,89.56,89.56,89.02,89.02,88.48,87.93,90.10,89.02,87.93,87.93,87.39,86.85,86.31,86.31,85.76,85.76,85.76,85.22,85.22,84.68,84.13,84.13,83.59,83.59,83.59,83.59"
Rec-030_90s_2,3,8,5057,core,324,331,0.0,9.0,0.9893,327,333,336,336,1.0,True,90.5657,105.3012,85.2196,4.4484,90.3757,"105.30,100.42,97.70,95.53,94.99,94.45,94.45,93.36,93.36,93.36,95.53,93.36,92.28,91.19,91.19,91.19,91.19,90.65,90.65,90.65,90.10,89.56,89.02,88.48,88.48,88.48,87.93,87.93,87.93,87.93,85.76,85.76,85.76,85.76,85.76,85.76,85.76,85.22,85.22,85.22"
Rec-030_90s_2,3,9,5058,core,328,331,0.0,4.0,0.9869,331,333,340,336,1.0,True,91.4612,106.9294,85.7624,4.6767,91.1898,"106.93,102.04,98.25,96.62,95.53,95.53,95.53,95.53,94.99,94.45,96.62,94.99,93.36,92.28,92.28,91.73,91.19,91.19,91.19,91.19,91.19,90.10,89.56,89.56,89.56,89.02,89.02,89.02,89.02,88.48,86.85,86.85,86.85,86.31,86.31,86.31,85.76,85.76,85.76,85.76"
Rec-030_90s_2,3,10,5059,core,337,331,0.0,9.0,0.9869,340,333,349,336,1.0,True,92.6552,108.0149,86.8478,4.7505,92.2753,"108.01,103.13,100.42,98.25,97.70,96.62,96.07,96.07,95.53,95.53,98.25,95.53,94.45,94.45,93.36,93.36,93.36,93.36,92.28,92.28,92.28,91.19,91.19,90.65,90.65,90.10,89.56,89.56,89.56,89.56,87.93,87.93,87.93,87.39,87.39,87.39,87.39,86.85,86.85,86.85"
Rec-030_90s_2,3,11,5060,core,346,331,0.0,9.0,0.9857,349,333,358,336,0.8,False,88.856,108.0149,75.9929,7.4785,89.0188,"108.01,103.13,99.87,97.70,95.53,94.45,91.73,87.93,80.88,77.62,98.79,96.62,95.53,94.45,92.28,91.19,89.56,86.31,79.79,77.08,93.36,92.28,91.19,90.65,89.56,87.93,86.85,84.13,78.71,76.54,89.56,88.48,87.93,87.39,86.31,85.76,84.13,81.42,77.62,75.99"
Rec-030_90s_2,3,12,5061,core,351,331,0.0,5.0,0.9875,354,333,363,336,0.3,False,80.552,102.0447,74.3647,7.2845,77.0784,"102.04,97.16,91.19,83.05,78.71,77.08,75.99,75.45,74.91,74.91,94.99,92.28,87.93,81.42,78.16,76.54,75.45,74.91,74.91,74.36,90.10,88.48,85.22,79.79,77.62,75.99,75.45,74.91,74.36,74.36,86.85,85.22,82.51,78.71,77.08,75.99,74.91,74.36,74.36,74.36"
Rec-030_90s_2,3,13,5062,core,355,331,0.0,4.0,0.9874,358,333,367,336,0.0,False,76.3593,87.3906,73.822,2.6985,75.4502,"87.39,82.51,78.71,77.62,76.54,75.99,75.99,75.45,74.91,74.36,82.51,78.71,77.62,76.54,75.99,74.91,74.91,74.91,74.36,74.36,79.79,77.62,76.54,75.99,75.45,74.91,74.91,74.36,74.36,73.82,77.62,76.54,75.99,75.45,74.91,74.91,74.36,74.36,74.36,73.82"
Rec-030_90s_2,4,1,5185,core,290,331,0.0,0.0,0.9857,293,333,302,336,1.0,True,92.221,111.8141,85.7624,5.631,90.6471,"111.81,105.84,102.04,98.79,98.25,97.16,96.62,96.07,95.53,94.99,97.16,95.53,93.36,93.36,93.36,92.28,92.28,91.73,91.19,91.19,90.10,89.56,89.56,89.56,89.56,89.56,89.56,89.56,89.56,89.02,85.76,86.31,86.31,86.85,86.85,86.85,86.85,86.85,86.31,85.76"
Rec-030_90s_2,4,2,5186,core,294,331,0.0,4.0,0.9857,297,333,306,336,1.0,True,92.9944,113.9851,85.7624,5.9211,91.4612,"113.99,107.47,103.13,100.42,98.25,97.70,96.07,95.53,94.99,94.45,100.42,98.25,95.53,94.45,93.36,92.28,92.28,91.73,91.19,90.10,93.36,92.28,91.19,91.19,90.65,90.10,89.56,89.56,89.02,88.48,88.48,88.48,87.93,87.93,87.93,87.39,86.85,86.31,85.76,85.76"
Rec-030_90s_2,4,3,5187,core,299,331,0.0,5.0,0.9865,302,333,311,336,1.0,True,91.8682,110.1859,85.2196,5.3575,90.6471,"110.19,105.30,100.96,98.25,96.62,95.53,94.99,94.45,93.36,92.28,99.33,96.62,94.45,93.36,92.28,91.19,91.19,90.10,89.56,89.02,93.36,91.73,91.19,90.10,89.56,89.56,88.48,88.48,87.93,87.39,89.02,88.48,87.93,87.39,86.85,86.31,85.76,85.76,85.22,85.22"
Rec-030_90s_2,4,4,5188,core,303,331,0.0,4.0,0.9877,306,333,315,336,1.0,True,91.529,111.8141,84.6769,5.4904,89.8329,"111.81,105.30,100.96,98.25,95.53,94.45,94.45,93.36,92.28,91.73,98.79,96.07,94.45,92.28,91.73,91.19,90.10,89.56,89.56,89.02,93.36,91.19,90.65,89.56,89.56,89.02,88.48,87.93,87.39,87.39,88.48,87.93,87.93,87.39,86.31,86.31,85.76,85.76,85.22,84.68"
Rec-030_90s_2,4,5,5189,core,308,331,0.0,5.0,0.9876,311,333,320,336,1.0,True,90.6064,106.9294,84.6769,4.6347,89.5616,"106.93,102.04,98.25,96.07,94.99,94.45,92.28,92.28,91.73,91.19,97.16,94.45,92.28,91.73,91.19,90.10,89.56,89.56,89.02,88.48,91.73,90.65,89.56,89.56,89.02,88.48,87.93,87.93,87.39,86.85,87.93,87.93,86.85,86.31,86.31,85.76,85.76,85.22,84.68,84.68"
Rec-030_90s_2,4,6,5190,core,312,331,0.0,4.0,0.9887,315,333,324,336,1.0,True,90.7692,108.5576,85.2196,4.8415,89.5616,"108.56,103.13,98.79,96.07,94.45,93.36,93.36,92.28,92.28,91.73,97.70,94.99,92.28,91.73,90.65,90.10,89.56,89.56,89.56,89.02,91.73,90.65,89.56,89.56,88.48,88.48,87.93,87.93,87.93,87.39,87.93,87.39,86.85,86.31,85.76,85.76,85.76,85.76,85.22,85.22"
Rec-030_90s_2,4,7,5191,core,335,331,0.0,23.0,0.99,338,333,347,336,1.0,True,94.5548,106.3867,89.5616,3.8991,94.7176,"106.39,103.13,100.96,98.79,98.25,98.25,97.70,97.70,97.16,97.16,98.79,97.16,96.07,95.53,95.53,95.53,94.99,94.99,94.99,94.99,94.45,93.36,93.36,93.36,92.28,92.28,92.28,92.28,92.28,92.28,90.65,90.10,90.10,90.10,90.10,90.10,90.10,89.56,89.56,89.56"
Rec-030_90s_2,4,8,5192,core,339,331,0.0,4.0,0.9885,342,333,351,336,1.0,True,95.3282,109.6431,89.0188,4.4088,94.7176,"109.64,105.30,102.04,100.42,99.87,99.33,98.25,98.25,97.16,96.62,100.96,98.79,97.70,96.62,96.07,96.07,95.53,95.53,94.99,94.45,95.53,94.45,94.45,94.45,93.36,93.36,93.36,92.28,92.28,91.19,91.19,91.19,91.19,91.19,90.65,90.65,90.65,89.56,89.56,89.02"
Rec-030_90s_2,4,9,5193,core,344,331,0.0,5.0,0.9896,347,333,356,336,1.0,True,93.3879,108.0149,83.0486,5.1916,92.2753,"108.01,104.22,102.04,99.87,98.79,97.70,96.07,94.45,92.28,89.02,100.42,98.25,97.70,96.62,95.53,94.99,93.36,92.28,91.19,87.39,95.53,94.99,94.45,93.36,92.28,91.73,91.19,89.56,88.48,84.68,91.73,91.19,91.19,90.65,90.10,89.56,88.48,87.39,85.76,83.05"
Rec-030_90s_2,4,10,5194,core,348,331,0.0,4.0,0.9868,351,333,360,336,0.6,False,86.875,108.0149,74.3647,9.0493,88.2047,"108.01,103.67,99.87,97.16,94.45,90.65,83.05,78.16,76.54,75.45,99.87,97.70,95.53,94.45,91.73,88.48,81.42,77.62,75.99,75.45,94.99,93.36,92.28,91.19,89.56,85.76,80.33,77.62,75.99,74.91,91.19,90.10,89.56,87.93,86.31,83.59,78.71,76.54,75.45,74.36"
Rec-030_90s_2,4,11,5195,core,353,331,0.0,5.0,0.9878,356,333,365,336,0.1,False,78.1232,98.2455,73.822,5.3183,75.9929,"98.25,87.39,80.88,78.16,77.08,75.99,75.45,74.91,74.91,74.36,92.28,84.13,79.79,77.62,75.99,75.99,75.45,74.91,74.91,74.36,87.93,81.96,78.71,77.08,75.99,75.45,74.91,74.91,74.36,74.36,84.68,79.79,77.62,75.99,75.45,75.45,74.91,74.36,74.36,73.82"
Rec-030_90s_2,4,12,5196,core,355,331,0.0,2.0,0.9856,358,333,367,336,0.0,False,76.6442,89.0188,73.822,3.0102,75.7216,"89.02,83.59,79.79,77.62,76.54,75.99,75.99,75.45,74.91,74.36,83.59,79.79,77.62,76.54,75.99,75.45,74.91,74.91,74.36,73.82,79.79,77.62,76.54,75.99,75.99,75.45,74.91,74.91,74.91,74.36,78.71,77.08,75.99,75.45,75.45,74.91,74.91,74.36,74.36,73.82"
Rec-030_90s_2,5,1,5332,core,290,331,0.0,0.0,0.9875,293,333,302,336,1.0,True,93.7,111.2714,86.8478,5.3187,92.2753,"111.27,106.39,103.13,100.42,99.33,98.79,98.25,98.25,97.16,96.62,97.70,96.07,94.99,94.45,94.45,94.45,94.45,93.36,93.36,93.36,91.19,91.19,90.65,91.19,91.19,91.19,91.19,91.19,90.65,90.65,86.85,87.93,87.93,88.48,88.48,88.48,88.48,88.48,88.48,87.93"
Rec-030_90s_2,5,2,5333,core,293,331,0.0,3.0,0.9827,296,333,305,336,1.0,True,94.0121,110.7286,87.9333,4.933,92.2753,"110.73,105.84,102.04,100.42,99.33,98.25,98.25,97.16,96.07,95.53,99.33,97.70,96.07,95.53,94.45,94.45,94.45,93.36,92.28,92.28,93.36,92.28,92.28,92.28,91.73,91.19,91.19,91.19,90.65,90.10,89.56,89.56,89.56,89.56,89.56,89.02,89.02,88.48,88.48,87.93"
Rec-030_90s_2,5,3,5334,core,297,331,0.0,4.0,0.9874,300,333,309,336,1.0,True,94.5277,115.0706,87.9333,5.6918,92.818,"115.07,109.10,104.22,101.50,99.33,98.25,97.16,96.62,95.53,94.99,102.04,99.33,97.70,95.53,94.99,94.45,93.36,92.28,92.28,91.73,95.53,94.45,93.36,92.28,92.28,91.73,91.19,90.65,90.10,89.56,91.19,90.65,90.10,90.10,89.56,89.56,89.02,88.48,87.93,87.93"
Rec-030_90s_2,5,4,5335,core,306,331,0.0,9.0,0.9887,309,333,318,336,1.0,True,92.9266,111.8141,86.3051,5.2582,91.1898,"111.81,106.39,102.04,98.79,96.62,95.53,94.99,94.45,93.36,92.28,100.96,98.25,95.53,94.45,93.36,92.28,91.19,91.19,90.65,89.56,94.45,93.36,92.28,91.19,91.19,90.10,89.56,89.56,88.48,88.48,91.19,90.10,89.56,89.02,88.48,87.93,87.93,87.39,86.85,86.31"
Rec-030_90s_2,5,5,5336,core,311,331,0.0,5.0,0.987,314,333,323,336,1.0,True,91.5969,106.3867,86.3051,4.1578,90.9184,"106.39,102.04,98.25,96.07,95.53,94.45,93.36,93.36,92.28,92.28,97.70,95.53,93.36,92.28,91.73,91.19,91.19,90.65,90.10,89.56,92.28,91.73,91.19,90.10,89.56,89.56,89.02,89.02,88.48,88.48,89.56,89.02,88.48,87.93,87.93,87.39,86.85,86.85,86.85,86.31"
Rec-030_90s_2,5,6,5337,core,320,331,0.0,9.0,0.9888,323,333,332,336,1.0,True,91.9632,105.3012,87.9333,3.7815,91.1898,"105.30,101.50,98.25,96.62,95.53,94.99,94.45,93.36,93.36,93.36,96.62,94.99,93.36,92.28,92.28,91.73,91.19,91.19,91.19,91.19,92.28,91.19,90.65,90.65,90.10,89.56,89.56,89.56,89.56,89.56,89.56,89.02,88.48,88.48,87.93,87.93,87.93,87.93,87.93,87.93"
Rec-030_90s_2,5,7,5338,core,329,331,0.0,9.0,0.989,332,333,341,336,1.0,True,93.51,105.3012,89.5616,3.4921,93.3608,"105.30,101.50,98.79,97.70,97.16,96.62,96.07,96.07,95.53,95.53,97.16,95.53,94.99,94.45,94.45,93.36,93.36,93.36,93.36,93.36,93.36,92.28,92.28,92.28,91.73,91.73,91.73,91.19,91.73,91.73,90.10,90.10,89.56,89.56,89.56,89.56,89.56,89.56,89.56,89.56"
Rec-030_90s_2,5,8,5339,core,338,331,0.0,9.0,0.9893,341,333,350,336,1.0,True,95.179,105.8439,90.6471,3.4997,94.989,"105.84,103.13,100.42,99.33,98.79,98.25,98.25,98.25,97.70,97.16,98.79,97.70,96.62,96.07,96.07,95.53,95.53,95.53,95.53,94.99,94.99,94.45,94.45,93.36,93.36,93.36,93.36,93.36,93.36,92.28,91.19,91.19,91.19,91.19,91.19,91.19,91.19,91.19,91.19,90.65"
Rec-030_90s_2,5,9,5340,core,342,331,0.0,4.0,0.9901,345,333,354,336,1.0,True,95.4368,109.1004,87.9333,4.4191,94.989,"109.10,105.30,103.13,101.50,100.42,99.33,98.25,97.16,95.53,94.45,100.96,99.33,98.25,97.70,96.62,96.07,95.53,94.99,93.36,92.28,96.07,95.53,94.99,94.99,94.45,94.45,93.36,92.28,91.19,90.10,92.28,92.28,92.28,92.28,91.73,91.73,91.19,89.56,89.56,87.93"
Rec-030_90s_2,5,10,5341,core,351,331,0.0,9.0,0.9884,354,333,363,336,0.3,False,81.841,105.3012,74.3647,8.4679,77.6212,"105.30,99.87,94.45,84.68,79.79,77.62,75.99,75.99,74.91,74.91,98.25,95.53,91.19,83.05,78.71,77.08,75.99,75.45,74.91,74.36,93.36,91.19,87.93,81.96,78.16,76.54,75.45,74.91,74.36,74.36,90.10,88.48,85.76,80.33,77.62,75.99,75.45,74.91,74.36,74.36"
Rec-030_90s_2,5,11,5342,core,355,331,0.0,4.0,0.9886,358,333,367,336,0.0,False,76.5085,87.9333,73.822,2.8461,75.4502,"87.93,83.05,78.71,77.62,76.54,75.99,75.45,75.45,74.91,74.36,83.05,79.79,77.62,76.54,75.99,75.45,74.91,74.91,74.36,74.36,79.79,77.62,76.54,75.99,75.45,75.45,74.91,74.91,74.36,73.82,78.71,77.08,75.99,75.99,75.45,74.91,74.36,74.36,73.82,73.82"
Rec-030_90s_2,6,1,5465,core,291,331,0.0,1.0,0.9865,294,333,303,336,1.0,True,95.2333,113.9851,89.0188,5.5069,93.9035,"113.99,109.10,105.30,102.04,100.96,99.87,98.79,98.25,97.70,97.16,100.96,98.79,97.16,96.07,96.07,95.53,94.99,94.45,94.45,93.36,94.45,93.36,93.36,93.36,93.36,92.28,92.28,92.28,91.73,91.19,89.02,89.56,89.56,90.10,90.10,90.10,89.56,89.56,89.56,89.56"
Rec-030_90s_2,6,2,5466,core,295,331,0.0,4.0,0.9838,298,333,307,336,1.0,True,96.1831,119.4126,89.0188,6.3087,94.7176,"119.41,111.81,107.47,103.67,101.50,99.87,98.79,98.25,97.16,96.07,105.30,102.04,98.79,97.70,96.07,95.53,94.99,94.45,93.36,93.36,97.16,95.53,94.99,94.45,93.36,93.36,92.28,92.28,91.73,91.19,91.73,91.19,91.19,91.19,91.19,90.65,90.10,89.56,89.56,89.02"
Rec-030_90s_2,6,3,5467,core,300,331,0.0,5.0,0.9884,303,333,312,336,1.0,True,94.9754,115.0706,88.4761,5.5156,93.3608,"115.07,109.10,104.22,101.50,98.79,98.25,97.16,96.62,95.53,94.99,103.13,99.87,97.70,96.07,95.53,94.45,93.36,93.36,92.28,91.73,96.62,95.53,94.45,93.36,92.28,92.28,91.73,91.19,90.65,90.10,92.28,91.73,91.19,91.19,90.10,89.56,89.56,89.02,89.02,88.48"
Rec-030_90s_2,6,4,5468,core,304,331,0.0,4.0,0.9857,307,333,316,336,1.0,True,94.8398,117.2416,88.4761,5.9119,93.3608,"117.24,110.19,105.30,101.50,98.79,97.70,96.62,95.53,94.99,94.45,103.13,100.42,97.70,95.53,94.45,94.45,93.36,92.28,92.28,91.19,96.62,95.53,94.45,93.36,92.28,91.73,91.19,90.65,90.10,90.10,92.28,91.19,91.19,90.65,90.10,89.56,89.56,89.02,88.48,88.48"
Rec-030_90s_2,6,5,5469,core,313,331,0.0,9.0,0.9868,316,333,325,336,1.0,True,93.5236,112.8996,87.9333,5.1277,92.0039,"112.90,106.93,102.04,98.79,97.16,96.07,95.53,94.99,94.45,94.45,100.96,98.25,95.53,94.45,93.36,92.28,92.28,91.73,91.19,91.19,94.99,93.36,92.28,91.73,91.19,91.19,90.65,90.10,90.10,89.56,91.19,90.10,89.56,89.56,89.56,89.02,88.48,87.93,87.93,87.93"
Rec-030_90s_2,6,6,5470,core,318,331,0.0,5.0,0.9907,321,333,330,336,1.0,True,92.9402,109.6431,87.9333,4.4467,91.7325,"109.64,103.67,100.42,98.25,96.07,95.53,94.99,94.45,94.45,93.36,98.79,96.62,94.99,94.45,93.36,92.28,91.73,91.73,91.19,91.19,94.45,92.28,92.28,91.19,91.19,90.65,90.10,89.56,89.56,89.56,90.65,90.10,89.56,89.56,89.02,88.48,88.48,87.93,87.93,87.93"
Rec-030_90s_2,6,7,5471,core,323,331,0.0,5.0,0.9879,326,333,335,336,1.0,True,92.7502,105.3012,89.0188,3.5407,92.2753,"105.30,100.96,98.25,97.16,95.53,95.53,95.53,94.99,94.99,94.99,97.16,95.53,94.45,93.36,92.28,92.28,92.28,92.28,92.28,92.28,92.28,91.73,91.19,91.19,90.65,90.65,90.65,90.65,90.65,90.65,89.56,89.56,89.56,89.56,89.02,89.02,89.02,89.02,89.02,89.02"
Rec-030_90s_2,6,8,5472,core,327,331,0.0,4.0,0.9909,330,333,339,336,1.0,True,93.7407,108.0149,89.5616,3.9479,93.3608,"108.01,103.13,99.87,98.25,97.16,96.62,96.07,96.07,96.07,95.53,98.25,96.07,95.53,94.45,94.45,94.45,93.36,93.36,93.36,93.36,93.36,92.28,92.28,91.73,91.73,91.73,91.73,91.73,91.73,91.73,90.10,89.56,89.56,89.56,89.56,89.56,89.56,89.56,89.56,89.56"
Rec-030_90s_2,6,9,5473,core,332,331,0.0,5.0,0.9891,335,333,344,336,1.0,True,94.894,105.8439,91.1898,3.3145,94.7176,"105.84,102.04,99.87,98.79,98.25,98.25,97.70,97.70,97.16,97.16,98.25,96.62,96.07,95.53,95.53,95.53,94.99,94.99,94.99,94.99,94.45,93.36,93.36,93.36,93.36,93.36,93.36,93.36,93.36,92.28,91.19,91.19,91.19,91.19,91.19,91.19,91.19,91.19,91.19,91.19"
Rec-030_90s_2,6,10,5474,core,336,331,0.0,4.0,0.9908,339,333,348,336,1.0,True,95.9795,109.6431,91.1898,3.9641,95.5318,"109.64,105.30,102.04,100.42,99.87,99.33,98.25,98.25,98.25,98.25,100.42,98.79,97.70,96.62,96.62,96.07,96.07,96.07,95.53,95.53,95.53,94.99,94.45,94.45,94.45,94.45,94.45,94.45,93.36,93.36,92.28,91.73,91.73,91.73,91.73,91.73,91.73,91.19,91.19,91.19"
Rec-030_90s_2,6,11,5475,core,341,331,0.0,5.0,0.9897,344,333,353,336,1.0,True,95.8574,108.0149,89.5616,3.9415,95.5318,"108.01,104.22,102.04,101.50,100.42,99.33,98.25,98.25,96.62,95.53,100.96,99.33,98.25,98.25,97.16,96.62,96.07,95.53,94.45,93.36,96.07,95.53,95.53,94.99,94.99,94.45,94.45,93.36,92.28,91.19,93.36,92.28,92.28,92.28,92.28,92.28,91.73,91.19,90.10,89.56"
Rec-030_90s_2,6,12,5476,core,345,331,0.0,4.0,0.9902,348,333,357,336,0.9,False,93.2115,110.1859,78.7067,6.6738,93.3608,"110.19,106.39,103.13,100.96,98.79,97.16,95.53,93.36,89.56,81.96,102.04,99.87,98.25,97.16,96.07,94.99,93.36,91.73,88.48,80.88,97.16,96.07,95.53,94.45,93.36,92.28,91.19,89.56,86.31,80.33,93.36,93.36,92.28,92.28,91.19,90.10,89.56,87.39,84.13,78.71"
Rec-030_90s_2,6,13,5477,core,350,331,0.0,5.0,0.9881,353,333,362,336,0.4,False,83.4964,105.3012,73.822,8.9313,79.5208,"105.30,100.42,96.62,92.28,83.59,78.71,76.54,75.99,74.91,74.91,98.79,95.53,94.45,90.10,83.05,78.71,76.54,75.99,74.91,74.36,94.45,92.28,91.19,87.93,81.42,77.62,75.99,75.45,74.91,74.36,91.19,90.10,88.48,85.76,80.33,77.62,75.99,74.91,74.36,73.82"
Rec-030_90s_2,6,14,5478,core,355,330,11.31,5.1,0.9914,358,332,367,335,0.0,False,77.6483,95.5318,73.822,4.4968,75.9929,"95.53,87.93,83.05,78.71,77.62,76.54,75.99,75.45,75.45,74.91,87.93,83.05,79.79,77.62,76.54,75.99,75.45,74.91,74.36,74.36,83.05,79.79,77.62,76.54,75.99,75.45,74.91,74.91,74.36,73.82,80.33,78.16,76.54,75.99,75.45,74.91,74.91,74.36,73.82,73.82"
Rec-031_30s_3,1,1,3297,core,290,331,0.0,0.0,0.9852,293,333,302,336,1.0,True,82.7094,105.3012,75.4502,6.28,80.8776,"105.30,98.25,94.45,90.10,88.48,87.39,86.31,85.76,84.68,84.13,89.56,87.93,85.22,84.13,83.05,83.05,81.96,81.42,80.88,80.33,82.51,80.88,80.88,80.33,79.79,79.79,78.71,78.71,78.16,77.62,77.62,77.62,77.62,77.62,77.08,77.08,76.54,75.99,75.99,75.45"
Rec-031_30s_3,1,2,3298,core,294,331,0.0,4.0,0.9844,297,333,306,336,1.0,True,82.628,105.8439,74.9074,6.3405,80.8776,"105.84,98.25,93.36,90.10,87.93,86.31,85.76,84.68,84.13,83.05,91.19,88.48,85.76,84.13,83.05,82.51,81.42,80.88,80.33,79.79,84.13,82.51,80.88,80.33,79.79,79.79,78.71,78.16,77.62,77.08,78.71,78.16,77.62,77.62,77.62,77.08,75.99,75.99,75.45,74.91"
Rec-031_30s_3,1,3,3299,core,299,331,0.0,5.0,0.9872,302,333,311,336,1.0,True,81.2847,99.8737,74.9074,5.3437,80.0635,"99.87,94.45,90.65,87.93,85.22,84.13,83.59,83.05,83.05,83.05,89.02,86.31,84.13,82.51,81.42,80.88,80.33,79.79,79.79,78.71,83.05,80.88,80.33,79.79,78.71,78.16,77.62,77.62,77.08,77.08,78.71,77.62,77.62,76.54,75.99,75.99,75.45,75.45,74.91,74.91"
Rec-031_30s_3,1,4,3300,core,303,331,0.0,4.0,0.9859,306,333,315,336,1.0,True,81.6375,102.0447,74.9074,5.644,80.0635,"102.04,95.53,91.19,87.93,86.31,85.22,84.68,84.13,83.05,83.05,89.56,86.85,84.13,83.05,81.96,80.88,80.88,80.33,79.79,78.71,83.05,80.88,79.79,79.79,78.71,78.71,78.16,77.62,77.62,77.08,78.16,77.62,77.08,77.08,76.54,75.99,75.99,75.99,75.45,74.91"
Rec-031_30s_3,1,5,3301,core,308,331,0.0,5.0,0.9881,311,333,320,336,1.0,True,80.9998,97.7027,75.4502,4.8613,79.7922,"97.70,93.36,89.56,86.31,85.22,84.13,83.59,83.05,83.05,82.51,87.93,85.22,83.05,81.96,80.88,80.88,80.33,79.79,79.79,79.79,81.96,80.88,79.79,78.71,78.71,78.16,77.62,77.62,77.62,77.08,77.62,77.62,77.08,76.54,76.54,75.99,75.99,75.45,75.45,75.45"
Rec-031_30s_3,1,6,3302,core,312,331,0.0,4.0,0.9864,315,333,324,336,1.0,True,81.7189,99.8737,75.9929,5.1029,80.8776,"99.87,94.45,90.10,87.93,85.76,84.68,84.13,84.13,83.59,83.59,89.02,85.76,84.13,83.05,81.96,80.88,80.88,80.88,80.88,80.33,82.51,80.88,80.33,79.79,78.71,78.71,78.71,78.71,78.16,78.16,78.16,77.62,77.62,77.08,76.54,76.54,76.54,75.99,75.99,75.99"
Rec-031_30s_3,1,7,3303,core,317,331,0.0,5.0,0.9891,320,333,329,336,1.0,True,82.1938,97.16,77.6212,4.3265,81.4204,"97.16,92.28,89.56,87.39,86.31,85.76,85.22,84.68,84.13,84.13,87.93,85.22,84.13,83.05,82.51,81.96,81.96,81.96,81.42,81.42,81.96,80.88,80.33,79.79,79.79,79.79,79.79,79.79,79.79,79.79,78.71,78.16,77.62,77.62,77.62,77.62,77.62,77.62,77.62,77.62"
Rec-031_30s_3,1,8,3304,core,321,331,0.0,4.0,0.986,324,333,333,336,1.0,True,83.51,100.4165,78.7067,4.7152,83.0486,"100.42,94.99,91.19,89.02,87.39,86.85,86.31,86.31,86.31,85.76,89.56,86.85,85.22,84.13,83.59,83.05,83.05,83.05,83.05,83.05,83.05,82.51,81.42,80.88,80.88,80.88,80.88,80.88,80.88,80.88,79.79,78.71,78.71,78.71,78.71,78.71,78.71,78.71,78.71,78.71"
Rec-031_30s_3,1,9,3305,core,326,331,0.0,5.0,0.9895,329,333,338,336,1.0,True,84.7311,98.2455,79.7922,4.3416,84.4055,"98.25,94.45,91.19,89.56,89.56,89.02,88.48,88.48,88.48,88.48,89.56,87.93,85.76,85.76,85.22,85.22,84.68,84.68,84.68,84.68,84.13,83.05,82.51,82.51,82.51,82.51,81.96,81.96,81.96,81.96,80.88,80.33,79.79,80.33,79.79,79.79,79.79,79.79,79.79,79.79"
Rec-031_30s_3,1,10,3306,core,331,331,0.0,5.0,0.9869,334,333,343,336,1.0,True,85.4503,97.16,80.3349,4.1616,84.6769,"97.16,94.45,91.73,91.19,90.65,90.10,89.56,89.56,89.56,89.02,89.02,87.93,86.85,86.31,86.31,85.76,85.76,85.76,85.22,85.22,84.13,84.13,83.59,83.59,83.05,83.05,83.05,83.05,83.05,82.51,80.88,80.88,80.88,80.88,80.88,80.88,80.88,80.88,80.33,80.33"
Rec-031_30s_3,1,11,3307,core,344,331,0.0,13.0,0.9887,347,333,356,336,1.0,True,86.5629,100.4165,78.1639,4.8118,85.7624,"100.42,97.16,94.99,93.36,92.28,91.73,90.65,89.56,87.93,85.22,91.73,90.65,89.56,89.02,87.93,87.93,87.39,86.31,85.76,83.05,86.31,85.76,85.76,85.22,84.68,84.13,84.13,83.59,83.05,80.88,83.05,83.05,83.05,83.05,82.51,81.96,80.88,80.88,79.79,78.16"
Rec-031_30s_3,1,12,3308,core,349,331,0.0,5.0,0.9842,352,333,361,336,0.5,False,81.4611,98.7882,74.3647,6.4862,80.3349,"98.79,95.53,92.28,90.65,86.85,80.88,77.62,75.99,75.45,74.91,91.19,89.56,88.48,87.39,84.13,79.79,77.08,75.99,74.91,74.36,86.31,85.76,85.22,84.13,81.42,78.16,75.99,75.45,74.91,74.36,83.05,82.51,81.96,80.88,79.79,77.08,75.99,74.91,74.36,74.36"
Rec-031_30s_3,1,13,3309,core,353,331,0.0,4.0,0.9864,356,333,365,336,0.1,False,77.4448,95.5318,73.822,4.3831,75.9929,"95.53,85.76,80.88,78.16,77.08,75.99,75.99,75.45,74.91,74.36,88.48,81.96,78.71,77.08,75.99,75.45,74.91,74.91,74.91,74.36,84.13,79.79,77.62,76.54,75.99,75.45,74.91,74.91,74.36,74.36,80.88,78.16,76.54,75.99,75.45,74.91,74.91,74.36,73.82,73.82"
Rec-031_30s_3,1,14,3310,core,355,330,26.57,2.24,0.9843,358,332,367,335,0.0,False,78.0282,98.2455,73.822,4.9024,75.9929,"98.25,89.56,84.13,80.33,77.62,76.54,75.99,75.99,75.45,74.91,89.02,84.13,79.79,77.62,77.08,75.99,75.99,75.45,74.91,74.36,83.05,79.79,77.62,76.54,75.99,75.99,75.45,74.91,74.91,74.36,79.79,77.62,76.54,75.99,75.99,75.45,74.91,74.91,74.36,73.82"
Rec-031_30s_3,2,1,3445,core,290,331,0.0,0.0,0.9868,293,333,302,336,1.0,True,88.5846,108.5576,81.4204,5.9221,87.1192,"108.56,103.13,98.79,96.07,94.99,93.36,93.36,92.28,91.73,91.19,94.45,92.28,91.19,89.56,89.56,89.02,88.48,87.93,87.93,87.39,86.85,86.31,86.31,86.31,85.76,85.76,85.22,85.22,84.13,84.13,82.51,83.05,83.05,83.05,83.05,83.05,82.51,82.51,81.96,81.42"
Rec-031_30s_3,2,2,3446,core,294,331,0.0,4.0,0.9862,297,333,306,336,1.0,True,88.4082,107.4722,80.8776,5.6537,87.1192,"107.47,102.04,98.25,95.53,93.36,93.36,92.28,91.19,91.19,90.10,95.53,92.28,91.19,89.56,89.02,88.48,87.93,87.39,86.85,86.31,89.02,87.93,86.85,86.31,85.76,85.76,85.22,84.68,84.13,84.13,84.13,84.13,83.59,83.05,83.05,82.51,82.51,81.96,81.42,80.88"
Rec-031_30s_3,2,3,3447,core,298,331,0.0,4.0,0.9862,301,333,310,336,1.0,True,88.5168,110.7286,80.8776,6.2467,86.8478,"110.73,103.67,99.33,96.07,94.45,92.28,91.73,91.19,90.65,89.56,96.62,94.45,91.73,89.56,89.02,87.93,87.93,86.85,86.31,85.76,89.56,87.93,86.85,86.31,85.76,85.22,84.68,84.13,84.13,83.59,84.68,84.13,83.59,83.05,83.05,83.05,81.96,81.42,80.88,80.88"
Rec-031_30s_3,2,4,3448,core,303,331,0.0,5.0,0.9876,306,333,315,336,1.0,True,87.4584,105.3012,80.8776,5.1735,86.0337,"105.30,99.87,96.62,93.36,92.28,91.19,91.19,90.10,89.56,89.02,94.45,91.19,89.56,88.48,87.93,87.93,86.85,86.31,85.76,85.76,87.93,86.85,85.76,85.76,85.22,84.68,84.13,84.13,83.59,83.59,84.13,83.59,83.05,83.05,82.51,82.51,81.96,81.42,80.88,80.88"
Rec-031_30s_3,2,5,3449,core,307,331,0.0,4.0,0.9869,310,333,319,336,1.0,True,87.9198,110.7286,80.8776,5.9275,86.3051,"110.73,102.04,97.70,94.45,92.28,91.19,90.65,90.10,89.56,89.02,95.53,93.36,90.65,89.02,87.93,87.39,86.85,86.31,85.76,85.76,89.56,87.93,86.31,85.76,85.22,84.68,84.13,84.13,83.59,83.59,84.13,83.59,83.59,83.05,83.05,82.51,81.96,81.42,81.42,80.88"
Rec-031_30s_3,2,6,3450,core,312,331,0.0,5.0,0.9892,315,333,324,336,1.0,True,87.1735,102.0447,81.9631,4.4472,86.3051,"102.04,98.25,94.45,92.28,91.19,90.65,90.65,90.10,89.56,89.56,92.28,90.65,89.02,87.93,87.93,87.39,86.85,86.31,86.31,86.31,87.39,86.31,85.76,85.22,84.68,84.68,84.13,84.13,84.13,84.13,83.59,83.59,83.05,83.05,83.05,82.51,81.96,81.96,81.96,81.96"
Rec-031_30s_3,2,7,3451,core,316,331,0.0,4.0,0.9871,319,333,328,336,1.0,True,88.0826,105.3012,82.5059,4.9446,87.3906,"105.30,99.87,96.62,94.45,92.28,91.73,91.19,90.65,90.65,90.10,94.45,91.73,90.10,89.02,88.48,87.93,87.93,87.39,87.39,87.39,87.93,86.85,86.31,85.76,85.76,85.22,85.22,84.68,84.68,84.13,84.13,84.13,83.59,83.05,83.05,83.05,83.05,83.05,82.51,82.51"
Rec-031_30s_3,2,8,3452,core,325,331,0.0,9.0,0.9871,328,333,337,336,1.0,True,89.6023,105.3012,84.1341,4.7632,89.2902,"105.30,100.42,97.70,95.53,94.45,93.36,93.36,93.36,93.36,92.28,94.45,92.28,91.19,90.65,90.10,89.56,89.56,89.56,89.56,89.56,89.02,87.93,87.93,87.39,87.39,87.39,86.85,86.85,86.85,86.85,84.68,84.68,84.68,84.68,84.68,84.13,84.13,84.13,84.13,84.13"
Rec-031_30s_3,2,9,3453,core,355,330,1.91,30.02,0.9916,358,332,367,335,0.0,False,77.3362,91.1898,73.822,3.8089,75.9929,"91.19,85.76,81.96,78.71,77.08,75.99,75.99,75.45,74.91,74.91,86.85,81.96,78.71,77.62,76.54,75.99,75.45,74.91,74.91,74.36,83.05,79.79,77.62,75.99,75.99,74.91,74.91,74.91,74.36,74.36,80.33,77.62,76.54,75.99,75.45,74.91,74.91,74.36,74.36,73.82"
Rec-031_30s_3,3,1,3585,core,291,331,0.0,1.0,0.9866,294,333,303,336,1.0,True,92.2346,111.8141,85.7624,5.7636,90.9184,"111.81,106.39,102.04,99.87,98.25,97.16,96.07,95.53,94.99,94.45,98.25,96.07,94.45,93.36,93.36,92.28,92.28,91.73,91.19,90.65,91.19,90.10,90.10,90.10,90.10,89.56,89.56,89.02,88.48,87.93,86.31,86.31,86.85,86.85,86.85,86.31,86.31,85.76,85.76,85.76"
Rec-031_30s_3,3,2,3586,core,300,331,0.0,9.0,0.9881,303,333,312,336,1.0,True,91.7597,111.8141,85.2196,5.5548,90.3757,"111.81,105.30,101.50,98.25,96.62,94.99,94.45,93.36,93.36,92.28,99.33,96.62,94.45,93.36,91.73,91.19,90.10,90.65,89.56,89.56,93.36,91.73,90.65,90.10,89.56,89.02,88.48,87.93,87.93,87.93,88.48,87.93,87.39,86.85,86.85,86.31,85.76,85.22,85.22,85.22"
Rec-031_30s_3,3,3,3587,core,309,331,0.0,9.0,0.9892,312,333,321,336,1.0,True,90.6742,108.0149,84.6769,4.8756,89.5616,"108.01,103.13,98.79,96.07,94.99,94.45,93.36,92.28,91.73,91.19,97.16,94.45,93.36,91.73,91.19,90.65,90.10,89.56,89.02,88.48,91.73,90.10,89.56,89.02,88.48,87.93,87.93,87.93,87.39,86.85,87.93,86.85,86.85,86.31,85.76,85.76,85.76,85.22,85.22,84.68"
Rec-031_30s_3,3,4,3588,core,318,331,0.0,9.0,0.9895,321,333,330,336,1.0,True,91.1084,106.9294,85.7624,4.4534,90.1043,"106.93,102.04,98.25,96.07,94.99,94.45,94.45,93.36,93.36,93.36,96.62,94.45,92.28,91.73,91.19,91.19,90.65,90.65,90.10,90.10,91.19,90.10,89.56,89.56,89.02,88.48,88.48,88.48,88.48,88.48,87.93,87.39,86.85,86.85,86.85,86.31,86.31,85.76,85.76,86.31"
Rec-031_30s_3,3,5,3589,core,323,331,0.0,5.0,0.9879,326,333,335,336,1.0,True,91.7054,104.2157,86.8478,3.8549,91.4612,"104.22,100.42,97.70,96.07,95.53,95.53,94.99,94.99,94.45,94.45,95.53,94.45,93.36,92.28,92.28,91.73,91.73,91.73,91.73,91.73,91.19,90.10,90.10,89.56,89.56,89.56,89.56,89.56,89.56,89.56,87.93,87.93,87.93,87.39,87.39,87.39,87.39,87.39,87.39,86.85"
Rec-031_30s_3,3,6,3590,core,332,331,0.0,9.0,0.9888,335,333,344,336,1.0,True,93.103,105.3012,87.9333,3.925,92.2753,"105.30,102.04,99.33,98.25,97.16,96.62,96.07,95.53,95.53,95.53,97.70,95.53,94.99,94.45,94.45,93.36,93.36,93.36,93.36,92.28,92.28,92.28,91.73,91.19,91.19,91.19,90.65,90.65,90.65,90.65,89.56,89.56,89.02,89.02,89.02,89.02,88.48,87.93,87.93,87.93"
Rec-031_30s_3,3,7,3591,core,336,331,0.0,4.0,0.9898,339,333,348,336,1.0,True,94.0392,108.0149,88.4761,4.2524,93.9035,"108.01,103.67,100.96,98.79,98.25,97.70,97.16,96.62,96.62,96.07,98.79,97.16,95.53,95.53,94.99,94.45,94.45,94.45,94.45,93.36,94.45,93.36,92.28,92.28,91.73,91.73,91.19,91.19,91.19,91.19,90.10,90.10,89.56,89.56,89.56,89.56,89.02,89.02,89.02,88.48"
Rec-031_30s_3,3,8,3592,core,341,331,0.0,5.0,0.9891,344,333,353,336,1.0,True,93.8764,105.8439,87.3906,4.1369,93.3608,"105.84,103.13,100.42,99.33,98.79,98.25,97.16,96.62,95.53,94.45,98.25,97.16,96.07,95.53,95.53,94.99,94.45,94.45,93.36,92.28,94.45,93.36,93.36,92.28,92.28,92.28,91.73,91.19,90.10,89.56,90.65,90.10,90.10,90.10,89.56,89.56,89.02,88.48,87.93,87.39"
Rec-031_30s_3,3,9,3593,core,345,331,0.0,4.0,0.9885,348,333,357,336,0.9,False,91.8275,108.5576,78.1639,6.4674,91.4612,"108.56,105.30,101.50,99.33,98.25,96.62,94.99,92.28,89.56,81.96,99.87,98.25,96.62,95.53,94.99,94.45,92.28,91.19,87.39,80.88,94.99,94.45,93.36,92.28,91.73,91.19,89.56,88.48,84.68,79.79,91.19,90.65,90.10,89.56,89.02,87.93,87.39,85.76,83.05,78.16"
Rec-031_30s_3,3,10,3594,core,350,331,0.0,5.0,0.9877,353,333,362,336,0.4,False,82.7501,103.6729,73.822,8.2988,79.2494,"103.67,99.33,95.53,91.19,83.59,78.71,77.08,75.99,75.45,74.91,97.16,94.99,92.28,89.02,81.96,78.16,75.99,75.45,74.91,74.36,92.28,91.19,89.56,85.76,80.33,77.62,75.99,75.45,74.91,74.36,89.02,87.93,86.31,83.59,79.79,77.08,75.99,74.91,74.36,73.82"
Rec-031_30s_3,3,11,3595,core,354,331,0.0,4.0,0.9873,357,333,366,336,0.0,False,77.0242,91.1898,73.822,3.5916,75.7216,"91.19,84.13,80.33,77.62,77.08,75.99,75.45,74.91,74.91,74.36,85.76,80.88,78.16,77.08,75.99,75.45,74.91,74.91,74.91,74.36,82.51,78.71,77.08,76.54,75.99,75.45,74.91,74.36,74.36,74.36,80.88,77.62,76.54,75.99,75.45,74.91,74.36,74.36,74.36,73.82"
Rec-031_30s_3,3,12,3596,core,355,330,45.0,1.41,0.9906,358,332,367,335,0.0,False,77.7569,95.5318,74.3647,4.4916,75.9929,"95.53,88.48,83.59,79.79,77.62,76.54,75.99,75.45,75.45,74.91,87.93,83.05,79.79,77.62,76.54,75.99,75.45,75.45,74.91,74.36,83.05,79.79,77.62,76.54,75.99,75.45,74.91,74.91,74.36,74.36,79.79,77.62,76.54,75.99,75.99,74.91,74.91,74.36,74.36,74.36"
Rec-031_30s_3,4,1,3723,core,290,331,0.0,0.0,0.9877,293,333,302,336,1.0,True,92.8452,110.7286,85.7624,5.1859,91.4612,"110.73,105.30,102.04,99.33,98.25,97.70,97.16,96.62,95.53,95.53,96.62,95.53,94.45,93.36,93.36,93.36,93.36,92.28,92.28,91.73,90.65,90.10,90.10,90.65,90.65,91.19,90.65,90.10,90.10,89.56,85.76,87.39,87.39,87.93,87.93,87.93,87.93,87.93,87.93,87.39"
Rec-031_30s_3,4,2,3724,core,293,331,0.0,3.0,0.9871,296,333,305,336,1.0,True,93.795,112.8996,87.3906,5.3622,92.2753,"112.90,107.47,103.13,100.42,98.25,97.70,97.16,96.07,95.53,94.99,100.42,98.25,96.07,94.99,94.45,93.36,93.36,92.28,92.28,91.73,93.36,92.28,92.28,91.73,91.19,91.19,91.19,90.65,90.10,89.56,89.56,89.56,89.56,89.02,89.02,89.02,88.48,87.93,87.93,87.39"
Rec-031_30s_3,4,3,3725,core,298,331,0.0,5.0,0.9849,301,333,310,336,1.0,True,93.0623,110.1859,86.3051,4.8801,92.0039,"110.19,105.30,101.50,98.79,97.70,96.62,95.53,94.99,94.45,93.36,99.33,97.16,95.53,94.45,93.36,92.28,92.28,91.19,91.19,90.65,94.45,92.28,92.28,91.73,91.19,91.19,90.10,89.56,89.56,89.02,90.10,89.56,89.56,89.56,89.02,88.48,87.93,87.93,86.85,86.31"
Rec-031_30s_3,4,4,3726,core,302,331,0.0,4.0,0.9887,305,333,314,336,1.0,True,92.9402,111.8141,86.3051,5.1952,91.4612,"111.81,105.84,102.04,98.79,97.16,96.07,94.99,94.45,93.36,92.28,100.42,97.70,95.53,94.45,93.36,92.28,91.73,91.19,90.65,90.10,94.45,93.36,92.28,91.19,91.19,90.65,90.10,89.56,89.02,88.48,90.65,89.56,89.56,88.48,88.48,87.93,87.93,87.39,86.85,86.31"
Rec-031_30s_3,4,5,3727,core,307,331,0.0,5.0,0.9856,310,333,319,336,1.0,True,91.7868,107.4722,86.3051,4.2887,90.9184,"107.47,102.04,98.79,96.62,95.53,94.99,94.45,92.28,92.28,91.73,98.25,95.53,93.36,92.28,92.28,91.19,91.19,90.65,89.56,89.56,93.36,92.28,91.19,90.65,90.10,89.56,89.56,89.02,88.48,87.93,89.56,89.02,89.02,88.48,87.93,87.93,87.39,86.85,86.85,86.31"
Rec-031_30s_3,4,6,3728,core,311,331,0.0,4.0,0.9898,314,333,323,336,1.0,True,92.0311,109.1004,86.8478,4.5148,90.9184,"109.10,103.13,99.87,97.16,95.53,94.45,94.45,93.36,92.28,92.28,98.25,96.07,94.45,92.28,91.73,91.19,91.19,90.65,90.10,89.56,93.36,92.28,91.19,90.65,90.10,89.56,89.56,89.02,89.02,88.48,89.56,89.02,89.02,88.48,87.93,87.93,87.39,87.39,87.39,86.85"
Rec-031_30s_3,4,7,3729,core,316,331,0.0,5.0,0.9869,319,333,328,336,1.0,True,91.6783,105.3012,87.3906,3.7106,90.9184,"105.30,100.96,97.70,95.53,94.99,94.45,93.36,93.36,93.36,92.28,96.62,94.45,93.36,92.28,91.73,91.19,91.19,91.19,90.65,90.10,92.28,91.19,90.65,90.10,90.10,89.56,89.56,89.56,89.56,89.02,89.56,89.02,88.48,88.48,87.93,87.93,87.93,87.39,87.39,87.39"
Rec-031_30s_3,4,8,3730,core,320,331,0.0,4.0,0.9904,323,333,332,336,1.0,True,92.6416,107.4722,88.4761,4.0495,91.7325,"107.47,103.13,99.33,97.16,95.53,95.53,94.99,94.45,94.45,94.45,97.70,95.53,94.45,93.36,92.28,92.28,92.28,91.73,91.73,91.73,92.28,91.73,91.19,91.19,90.65,90.65,90.10,90.10,90.10,90.10,89.56,89.56,89.02,89.02,88.48,88.48,88.48,88.48,88.48,88.48"
Rec-031_30s_3,4,9,3731,core,325,331,0.0,5.0,0.9875,328,333,337,336,1.0,True,93.1708,105.3012,89.5616,3.4594,92.818,"105.30,100.96,98.25,97.70,96.62,96.07,95.53,95.53,95.53,95.53,96.62,95.53,94.45,93.36,93.36,93.36,93.36,93.36,93.36,93.36,92.28,91.73,91.73,91.19,91.19,91.19,91.19,91.19,91.19,91.19,89.56,89.56,89.56,89.56,89.56,89.56,89.56,89.56,89.56,89.56"
Rec-031_30s_3,4,10,3732,core,329,331,0.0,4.0,0.9903,332,333,341,336,1.0,True,94.4463,107.4722,90.1043,3.7602,93.9035,"107.47,103.13,100.42,98.79,98.25,97.70,97.70,97.16,96.62,96.07,98.25,96.62,95.53,94.99,94.99,94.99,94.99,94.45,94.45,94.45,93.36,93.36,93.36,92.28,92.28,92.28,92.28,92.28,92.28,92.28,90.65,90.65,90.65,90.65,90.10,90.65,90.65,90.65,90.10,90.10"
Rec-031_30s_3,4,11,3733,core,334,331,0.0,5.0,0.9884,337,333,346,336,1.0,True,95.274,106.3867,91.1898,3.4625,95.2604,"106.39,103.13,100.96,99.33,98.25,98.25,98.25,97.70,97.70,97.16,98.79,97.70,96.62,96.07,95.53,95.53,95.53,95.53,95.53,95.53,94.99,94.45,94.45,94.45,93.36,93.36,93.36,93.36,93.36,93.36,91.73,91.73,91.19,91.19,91.19,91.19,91.19,91.19,91.19,91.19"
Rec-031_30s_3,4,12,3734,core,338,331,0.0,4.0,0.9901,341,333,350,336,1.0,True,96.0067,109.1004,90.6471,3.9085,95.5318,"109.10,105.30,102.04,100.96,99.87,99.33,98.79,98.25,98.25,97.16,100.42,98.79,97.70,97.16,96.62,96.62,96.07,95.53,95.53,94.99,95.53,95.53,94.99,94.45,94.45,94.45,94.45,93.36,93.36,93.36,92.28,92.28,92.28,92.28,92.28,91.73,91.73,91.19,91.19,90.65"
Rec-031_30s_3,4,13,3735,core,343,331,0.0,5.0,0.9884,346,333,355,336,1.0,True,94.5548,106.9294,86.8478,4.2376,94.4463,"106.93,103.67,102.04,100.42,98.79,98.25,97.16,95.53,94.45,92.28,99.87,98.25,97.70,97.16,96.07,95.53,94.45,93.36,92.28,91.19,96.07,95.53,94.99,94.45,94.45,93.36,92.28,91.19,90.65,89.02,92.28,92.28,92.28,91.73,91.19,91.19,90.10,89.02,87.93,86.85"
Rec-031_30s_3,4,14,3736,core,352,331,0.0,9.0,0.9864,355,333,364,336,0.2,False,79.9414,102.0447,73.822,7.1603,76.5357,"102.04,95.53,85.76,80.33,77.62,76.54,75.99,75.45,74.91,74.36,95.53,91.73,84.13,79.79,77.08,75.99,75.45,74.91,74.36,74.36,92.28,88.48,81.96,78.71,76.54,75.99,75.45,74.91,74.36,74.36,89.02,85.76,80.88,77.62,76.54,75.45,74.91,74.36,74.36,73.82"
Rec-031_30s_3,4,15,3737,core,355,331,0.0,3.0,0.9869,358,333,367,336,0.0,False,76.8071,89.5616,73.822,3.0678,75.7216,"89.56,84.13,79.79,77.62,76.54,75.99,75.45,75.45,74.91,74.36,83.59,79.79,77.62,77.08,75.99,75.45,75.45,74.91,74.91,74.36,80.33,78.16,77.08,75.99,75.99,75.45,75.45,74.91,74.91,74.36,78.71,77.08,75.99,75.99,75.45,75.45,74.91,74.91,74.36,73.82"
Rec-031_30s_3,5,1,3866,core,291,331,0.0,1.0,0.9865,294,333,303,336,1.0,True,94.7583,113.9851,89.0188,5.4476,93.3608,"113.99,108.56,104.22,102.04,100.42,99.33,98.25,98.25,97.16,96.62,99.87,98.25,96.07,95.53,95.53,94.99,94.45,94.45,93.36,93.36,93.36,92.28,92.28,92.28,92.28,92.28,91.73,91.73,91.19,91.19,89.02,89.56,89.56,89.56,89.56,89.56,89.56,89.56,89.56,89.56"
Rec-031_30s_3,5,2,3867,core,296,331,0.0,5.0,0.9845,299,333,308,336,1.0,True,94.7719,111.8141,88.4761,4.91,93.3608,"111.81,106.93,103.13,100.96,99.33,98.25,98.25,97.16,96.07,95.53,101.50,98.25,97.16,95.53,95.53,94.45,94.45,93.36,92.28,92.28,95.53,94.45,93.36,93.36,93.36,92.28,91.73,91.19,91.19,90.65,91.19,91.19,91.19,90.65,90.65,90.10,89.56,89.56,89.02,88.48"
Rec-031_30s_3,5,3,3868,core,304,331,0.0,8.0,0.9858,307,333,316,336,1.0,True,94.4463,116.6988,87.9333,5.8719,92.818,"116.70,109.64,105.30,100.96,98.25,97.16,95.53,94.99,94.45,93.36,103.13,99.87,97.70,95.53,94.45,93.36,92.28,91.73,91.19,91.19,96.07,94.99,93.36,93.36,92.28,91.19,91.19,90.65,90.10,89.56,91.73,91.19,91.19,90.65,90.10,89.56,89.02,88.48,88.48,87.93"
Rec-031_30s_3,5,4,3869,core,309,331,0.0,5.0,0.9895,312,333,321,336,1.0,True,93.0487,111.2714,87.9333,4.8208,91.1898,"111.27,105.30,101.50,98.25,96.62,95.53,94.99,94.45,93.36,92.28,99.87,97.16,95.53,94.45,93.36,92.28,91.19,91.19,90.65,90.10,94.45,93.36,92.28,91.19,91.19,90.65,90.10,89.56,89.56,89.02,91.19,90.10,90.10,89.56,89.56,88.48,88.48,87.93,87.93,87.93"
Rec-031_30s_3,5,5,3870,core,314,331,0.0,5.0,0.987,317,333,326,336,1.0,True,92.2074,106.3867,87.9333,3.8573,91.1898,"106.39,102.04,98.25,96.62,95.53,94.45,94.45,93.36,93.36,92.28,97.70,95.53,94.45,92.28,92.28,91.19,91.19,91.19,90.65,90.65,93.36,92.28,91.19,91.19,90.65,90.10,89.56,89.56,89.56,89.56,90.10,89.56,89.56,89.02,88.48,88.48,88.48,87.93,87.93,87.93"
Rec-031_30s_3,5,6,3871,core,318,331,0.0,4.0,0.9899,321,333,330,336,1.0,True,92.8587,109.1004,88.4761,4.2118,91.7325,"109.10,103.67,99.87,97.70,95.53,95.53,94.99,94.45,94.45,93.36,98.25,96.07,94.45,93.36,92.28,92.28,91.73,91.73,91.73,91.19,93.36,92.28,91.73,91.19,91.19,90.65,90.65,90.10,90.10,90.10,90.10,89.56,89.56,89.56,89.56,89.02,88.48,88.48,88.48,88.48"
Rec-031_30s_3,5,7,3872,core,323,331,0.0,5.0,0.9884,326,333,335,336,1.0,True,93.2387,105.3012,89.5616,3.5058,92.818,"105.30,102.04,98.79,97.16,96.07,95.53,95.53,95.53,95.53,95.53,97.70,95.53,94.45,93.36,93.36,93.36,93.36,93.36,92.28,93.36,93.36,92.28,91.73,91.19,91.19,91.19,91.19,91.19,91.19,91.19,90.10,90.10,89.56,89.56,89.56,89.56,89.56,89.56,89.56,89.56"
Rec-031_30s_3,5,8,3873,core,327,331,0.0,4.0,0.9903,330,333,339,336,1.0,True,94.6634,108.5576,90.6471,3.8355,94.4463,"108.56,104.22,100.96,98.79,98.25,97.70,97.16,96.62,96.62,96.62,98.79,97.70,95.53,94.99,94.99,94.45,94.45,94.45,94.45,94.45,94.45,93.36,93.36,92.28,92.28,92.28,92.28,92.28,92.28,92.28,91.19,91.19,91.19,91.19,91.19,90.65,90.65,91.19,90.65,90.65"
Rec-031_30s_3,5,9,3874,core,332,331,0.0,5.0,0.9889,335,333,344,336,1.0,True,95.3282,106.9294,91.1898,3.4597,94.989,"106.93,103.13,100.96,99.33,98.79,98.25,98.25,97.70,97.70,97.16,98.79,97.70,96.62,96.07,95.53,95.53,95.53,95.53,94.99,94.99,94.99,94.45,94.45,94.45,93.36,93.36,93.36,93.36,93.36,93.36,91.73,91.73,91.73,91.73,91.73,91.73,91.19,91.19,91.19,91.19"
Rec-031_30s_3,5,10,3875,core,336,331,0.0,4.0,0.9901,339,333,348,336,1.0,True,96.4002,110.1859,91.7325,3.9284,95.5318,"110.19,105.84,103.13,100.96,99.87,99.87,98.79,98.25,98.25,98.25,100.96,98.79,98.25,97.16,97.16,96.62,96.07,96.07,95.53,95.53,96.07,95.53,94.99,94.45,94.45,94.45,94.45,94.45,94.45,93.36,93.36,93.36,92.28,92.28,92.28,92.28,92.28,92.28,91.73,91.73"
Rec-031_30s_3,5,11,3876,core,341,331,0.0,5.0,0.9894,344,333,353,336,1.0,True,95.966,108.0149,89.5616,3.8839,95.5318,"108.01,105.30,102.04,100.96,100.42,99.87,98.79,98.25,96.62,95.53,100.42,98.79,98.25,97.70,97.16,96.62,96.07,95.53,94.99,93.36,96.07,95.53,95.53,94.99,94.99,94.45,94.45,93.36,92.28,91.19,93.36,93.36,93.36,93.36,92.28,92.28,91.73,91.19,90.65,89.56"
Rec-031_30s_3,5,12,3877,core,345,331,0.0,4.0,0.9889,348,333,357,336,0.9,False,93.4422,110.1859,79.7922,6.4179,93.3608,"110.19,106.39,103.13,100.96,99.33,97.70,95.53,93.36,90.10,83.05,102.04,99.87,98.25,97.16,96.07,94.99,93.36,91.73,89.56,82.51,96.62,96.07,95.53,94.45,93.36,92.28,91.19,89.56,86.85,80.88,94.45,93.36,92.28,92.28,91.19,90.10,89.56,87.93,84.68,79.79"
Rec-031_30s_3,5,13,3878,core,350,331,0.0,5.0,0.9877,353,333,362,336,0.4,False,83.7949,105.8439,74.3647,9.032,79.7922,"105.84,101.50,97.16,92.28,84.13,78.71,77.62,75.99,75.45,74.91,98.79,96.07,94.45,90.65,83.59,78.71,76.54,75.99,74.91,74.36,94.45,93.36,91.19,88.48,81.96,78.16,76.54,75.45,74.91,74.36,91.73,90.10,89.02,85.76,80.88,77.62,75.99,75.45,74.36,74.36"
Rec-031_30s_3,5,14,3879,core,354,331,0.0,4.0,0.9876,357,333,366,336,0.0,False,77.3634,92.2753,73.822,3.8911,75.9929,"92.28,84.68,80.88,78.16,77.08,75.99,75.45,75.45,74.91,74.36,87.39,81.42,78.71,77.08,75.99,75.99,75.45,74.91,74.91,74.36,83.59,79.79,77.62,76.54,75.99,75.45,75.45,74.91,74.36,74.36,81.42,78.71,77.08,75.99,75.45,74.91,74.91,74.36,74.36,73.82"
Rec-031_30s_3,5,15,3880,core,355,330,45.0,1.41,0.991,358,332,367,335,0.0,False,77.8383,96.0745,73.822,4.6178,75.9929,"96.07,88.48,83.59,79.79,77.62,76.54,75.99,75.99,75.45,74.91,88.48,83.59,79.79,77.62,76.54,75.99,75.45,74.91,74.91,74.36,83.59,79.79,77.62,76.54,75.99,75.45,74.91,74.91,74.36,74.36,80.33,77.62,77.08,75.99,75.99,75.45,74.91,74.36,74.36,73.82"
Rec-031_30s_3,6,1,4013,core,290,331,0.0,0.0,0.9866,293,333,302,336,1.0,True,95.776,116.1561,88.4761,5.6259,94.1749,"116.16,109.64,105.84,103.13,101.50,100.42,99.87,99.33,98.25,98.25,99.87,98.25,97.16,96.07,96.07,96.07,95.53,95.53,95.53,94.99,93.36,92.28,92.28,93.36,93.36,93.36,93.36,93.36,93.36,92.28,88.48,89.56,90.10,90.10,90.65,91.19,91.19,90.65,90.65,90.65"
Rec-031_30s_3,6,2,4014,core,294,331,0.0,4.0,0.987,297,333,306,336,1.0,True,96.8751,117.7843,90.6471,5.7477,95.5318,"117.78,111.81,106.93,103.67,102.04,100.96,99.87,98.79,98.25,97.70,103.67,101.50,99.33,98.25,97.16,96.62,95.53,95.53,94.99,94.45,97.16,96.07,95.53,94.99,94.45,94.45,93.36,93.36,93.36,92.28,92.28,92.28,91.73,91.73,91.73,91.73,91.19,91.19,90.65,90.65"
Rec-031_30s_3,6,3,4015,core,299,331,0.0,5.0,0.9873,302,333,311,336,1.0,True,95.9388,113.9851,89.5616,5.0693,94.7176,"113.99,108.56,105.30,102.04,100.42,99.33,98.25,97.16,96.62,95.53,103.13,100.42,98.25,97.16,96.07,95.53,94.99,94.45,93.36,93.36,97.16,95.53,94.99,94.45,94.45,93.36,93.36,92.28,91.73,91.19,93.36,93.36,92.28,92.28,91.19,91.19,90.65,90.65,90.65,89.56"
Rec-031_30s_3,6,4,4016,core,308,331,0.0,9.0,0.9887,311,333,320,336,1.0,True,94.6091,111.2714,89.0188,4.5896,93.3608,"111.27,106.39,102.04,99.87,98.79,97.70,96.62,95.53,95.53,94.45,101.50,98.25,96.62,95.53,94.99,94.45,93.36,93.36,92.28,91.73,95.53,94.99,94.45,93.36,92.28,92.28,91.73,91.19,91.19,90.65,92.28,91.73,91.19,91.19,91.19,90.65,90.10,89.56,89.56,89.02"
Rec-031_30s_3,6,5,4017,core,312,331,0.0,4.0,0.9895,315,333,324,336,1.0,True,94.7991,112.8996,89.0188,4.941,93.3608,"112.90,108.01,103.13,100.42,98.25,97.16,96.62,95.53,94.99,94.45,102.04,99.33,97.70,95.53,94.99,94.45,93.36,93.36,92.28,91.73,96.07,94.99,94.45,93.36,93.36,92.28,91.73,91.19,91.19,90.65,92.28,92.28,91.73,91.19,90.65,90.10,90.10,89.56,89.56,89.02"
Rec-031_30s_3,6,6,4018,core,317,331,0.0,5.0,0.9899,320,333,329,336,1.0,True,93.9035,110.1859,88.4761,4.4009,92.2753,"110.19,105.30,101.50,98.25,97.16,96.07,95.53,94.99,94.45,94.45,100.42,97.70,96.07,94.99,94.45,93.36,92.28,92.28,91.73,91.73,94.99,94.45,93.36,92.28,92.28,91.19,91.19,91.19,90.65,90.65,91.73,91.19,91.19,90.65,90.10,90.10,89.56,89.02,89.02,88.48"
Rec-031_30s_3,6,7,4019,core,321,331,0.0,4.0,0.9895,324,333,333,336,1.0,True,94.3377,111.8141,89.5616,4.5348,93.3608,"111.81,105.84,102.04,98.79,97.16,96.62,96.07,95.53,95.53,95.53,100.42,98.25,96.07,94.99,94.45,93.36,93.36,93.36,93.36,93.36,95.53,94.45,93.36,92.28,92.28,91.73,91.19,91.19,91.19,91.19,91.73,91.19,91.19,90.65,90.10,90.10,89.56,89.56,89.56,89.56"
Rec-031_30s_3,6,8,4020,core,326,331,0.0,5.0,0.9903,329,333,338,336,1.0,True,94.6091,107.4722,90.6471,3.6331,94.4463,"107.47,103.13,100.96,98.25,98.25,97.70,97.16,96.62,96.62,96.07,98.79,97.16,96.07,94.99,94.99,94.99,94.45,94.45,94.45,94.45,94.45,93.36,93.36,92.28,92.28,92.28,92.28,92.28,92.28,92.28,91.19,91.19,91.19,90.65,91.19,91.19,90.65,90.65,91.19,91.19"
Rec-031_30s_3,6,9,4021,core,330,331,0.0,4.0,0.9891,333,333,342,336,1.0,True,95.8303,110.7286,91.1898,4.1047,95.5318,"110.73,105.84,102.04,100.96,99.33,98.79,98.25,97.70,97.70,97.70,100.96,98.79,97.16,96.62,96.07,95.53,95.53,95.53,95.53,95.53,95.53,94.45,94.45,94.45,94.45,93.36,93.36,93.36,93.36,93.36,92.28,91.73,91.73,91.73,91.73,91.73,91.73,91.73,91.19,91.19"
Rec-031_30s_3,6,10,4022,core,335,331,0.0,5.0,0.9905,338,333,347,336,1.0,True,96.4409,109.1004,92.2753,3.6416,95.8031,"109.10,105.30,102.04,100.96,99.87,99.33,98.79,98.25,98.25,98.25,100.42,98.79,98.25,97.16,97.16,96.62,96.62,96.07,96.07,96.07,95.53,95.53,95.53,94.99,94.45,94.45,94.45,94.45,94.45,94.45,93.36,93.36,93.36,92.28,92.28,92.28,92.28,92.28,92.28,92.28"
Rec-031_30s_3,6,11,4023,core,339,331,0.0,4.0,0.9885,342,333,351,336,1.0,True,97.2007,111.2714,91.1898,4.1377,96.3459,"111.27,107.47,104.22,102.04,101.50,100.42,99.87,99.33,98.25,97.70,102.04,100.42,98.79,98.25,98.25,98.25,97.16,96.62,96.07,95.53,97.16,96.62,96.07,95.53,95.53,95.53,94.99,94.99,94.45,93.36,94.45,93.36,93.36,93.36,93.36,93.36,93.36,92.28,92.28,91.19"
Rec-031_30s_3,6,12,4024,core,344,331,0.0,5.0,0.99,347,333,356,336,1.0,True,95.2468,109.6431,85.2196,5.0711,94.7176,"109.64,106.39,103.67,101.50,99.87,98.79,97.16,95.53,93.36,90.10,102.04,100.42,99.33,98.25,97.70,96.07,95.53,93.36,92.28,89.02,97.70,96.62,96.07,95.53,94.99,94.45,92.28,91.19,89.56,87.39,94.45,94.45,94.45,93.36,92.28,91.73,90.65,89.56,87.93,85.22"
Rec-031_30s_3,6,13,4025,core,353,331,0.0,9.0,0.9885,356,333,365,336,0.1,False,78.5438,99.8737,73.822,5.9593,75.9929,"99.87,88.48,81.96,78.71,77.08,75.99,75.99,75.45,74.91,74.36,94.45,85.22,79.79,77.62,75.99,75.99,75.45,74.91,74.36,74.36,90.10,83.05,78.71,77.08,75.99,75.45,74.91,74.91,74.36,73.82,87.93,81.42,78.16,76.54,75.99,74.91,74.91,74.36,74.36,73.82"
Rec-031_30s_3,6,14,4026,core,355,330,26.57,2.24,0.9856,358,332,367,335,0.0,False,78.2182,99.8737,73.822,5.2126,75.9929,"99.87,90.10,84.68,80.33,77.62,77.08,75.99,75.99,75.45,74.91,89.56,84.13,80.33,78.16,76.54,75.99,75.99,74.91,74.91,74.36,84.13,80.33,78.16,76.54,75.99,75.99,75.45,74.91,74.36,74.36,80.88,78.16,77.08,75.99,75.99,75.45,74.91,74.91,74.36,73.82"
Rec-032_30s_4,1,1,3294,core,290,331,0.0,0.0,0.9884,293,333,302,336,1.0,True,82.4923,100.9592,75.9929,5.6723,80.8776,"100.96,96.07,92.28,89.56,88.48,87.93,87.39,86.85,85.76,85.22,88.48,86.31,84.68,83.59,83.05,83.05,82.51,81.96,81.42,80.88,80.88,80.88,80.33,80.33,79.79,79.79,78.71,78.71,78.71,77.62,77.08,77.62,77.08,77.08,77.08,77.08,76.54,75.99,75.99,75.99"
Rec-032_30s_4,1,2,3295,core,292,331,0.0,2.0,0.9848,295,333,304,336,1.0,True,82.4516,99.8737,75.4502,5.415,80.8776,"99.87,94.99,91.73,89.56,87.93,87.93,86.31,85.76,84.68,84.13,89.02,86.85,85.22,84.13,83.59,83.05,81.96,80.88,80.88,79.79,83.05,81.96,80.88,80.88,79.79,79.79,78.71,78.71,78.16,77.62,78.71,78.16,77.62,77.62,77.62,77.08,75.99,75.99,75.99,75.45"
Rec-032_30s_4,1,3,3296,core,296,331,0.0,4.0,0.9878,299,333,308,336,1.0,True,82.3295,103.1302,74.9074,5.9731,80.8776,"103.13,97.16,92.28,89.56,87.39,85.76,85.22,84.13,83.59,83.05,91.19,87.93,85.76,84.13,83.05,81.96,80.88,80.88,79.79,79.79,84.13,82.51,81.42,80.33,79.79,78.71,78.71,77.62,77.62,77.08,78.71,78.71,78.16,77.62,77.08,76.54,75.99,75.45,75.45,74.91"
Rec-032_30s_4,1,4,3297,core,301,331,0.0,5.0,0.9861,304,333,313,336,1.0,True,81.0133,98.2455,74.3647,5.0562,79.7922,"98.25,93.36,89.56,87.39,85.76,84.68,83.59,83.05,82.51,81.96,87.93,85.76,83.59,82.51,81.42,80.88,79.79,79.79,78.71,78.71,82.51,80.88,79.79,79.79,78.71,78.16,77.62,77.62,77.08,76.54,78.16,77.62,77.08,77.08,76.54,75.99,75.45,75.45,74.36,74.91"
Rec-032_30s_4,1,5,3298,core,305,331,0.0,4.0,0.9883,308,333,317,336,1.0,True,81.244,99.8737,74.9074,5.2247,79.7922,"99.87,94.45,90.10,86.85,85.22,84.13,84.13,83.05,83.05,82.51,89.02,85.76,84.13,82.51,81.42,80.88,80.33,79.79,79.79,78.71,82.51,80.88,79.79,78.71,78.71,78.71,77.62,77.62,77.62,77.08,78.16,77.62,77.62,77.08,76.54,75.99,75.99,75.45,75.45,74.91"
Rec-032_30s_4,1,6,3299,core,314,331,0.0,9.0,0.9888,317,333,326,336,1.0,True,81.6918,98.2455,76.5357,4.6815,80.8776,"98.25,93.36,89.56,86.85,85.76,84.68,84.13,84.13,84.13,84.13,87.93,85.76,83.59,82.51,81.42,80.88,80.88,80.88,80.88,80.88,81.96,80.88,80.33,79.79,78.71,78.71,78.71,78.71,78.71,78.71,78.16,77.62,77.62,77.62,77.08,77.08,77.08,76.54,76.54,76.54"
Rec-032_30s_4,1,7,3300,core,319,331,0.0,5.0,0.9885,322,333,331,336,1.0,True,82.3838,95.5318,77.6212,4.1146,82.2345,"95.53,91.19,89.02,87.39,86.31,85.76,85.76,85.76,85.76,85.76,87.39,85.22,83.59,83.05,83.05,82.51,82.51,82.51,82.51,82.51,81.96,80.88,80.88,80.33,80.33,79.79,79.79,79.79,79.79,79.79,78.71,78.16,78.16,78.16,77.62,77.62,77.62,77.62,77.62,77.62"
Rec-032_30s_4,1,8,3301,core,323,331,0.0,4.0,0.9889,326,333,335,336,1.0,True,83.917,98.2455,78.7067,4.4637,83.32,"98.25,94.45,91.19,89.56,87.93,87.93,87.39,87.39,87.39,87.39,89.02,86.85,85.76,84.13,84.13,84.13,84.13,83.59,83.59,83.59,83.05,82.51,81.96,81.42,81.42,81.42,80.88,81.42,80.88,81.42,79.79,79.79,79.79,79.79,79.79,78.71,78.71,78.71,78.71,78.71"
Rec-032_30s_4,1,9,3302,core,328,331,0.0,5.0,0.9892,331,333,340,336,1.0,True,84.8668,97.7027,79.7922,4.0206,84.4055,"97.70,93.36,91.19,89.56,89.56,89.02,88.48,88.48,88.48,87.93,89.02,87.39,85.76,85.76,85.22,85.22,84.68,84.68,84.68,84.68,84.13,83.05,83.05,83.05,83.05,83.05,82.51,82.51,82.51,81.96,80.88,80.88,80.88,80.88,80.33,80.33,80.33,80.33,80.33,79.79"
Rec-032_30s_4,1,10,3303,core,337,331,0.0,9.0,0.9898,340,333,349,336,1.0,True,86.3594,98.2455,80.8776,4.1967,85.7624,"98.25,95.53,93.36,91.73,91.19,91.19,90.65,90.10,89.56,89.56,90.65,89.02,87.93,87.39,87.39,86.85,86.31,86.31,85.76,85.76,85.76,85.22,84.68,84.13,84.13,84.13,84.13,83.59,83.59,83.59,83.05,82.51,82.51,81.96,81.42,81.42,81.42,80.88,80.88,80.88"
Rec-032_30s_4,1,11,3304,core,346,331,0.0,9.0,0.9875,349,333,358,336,0.8,False,84.4869,99.331,74.9074,5.7969,83.8627,"99.33,96.07,94.45,92.28,91.19,89.56,87.93,85.22,79.79,76.54,91.73,90.10,89.02,88.48,87.93,86.31,85.76,83.05,78.16,75.99,86.85,85.76,85.76,85.22,84.13,83.59,83.05,80.33,77.62,75.99,83.05,83.05,83.05,81.96,81.42,80.88,79.79,78.16,75.99,74.91"
Rec-032_30s_4,1,12,3305,core,350,331,0.0,4.0,0.985,353,333,362,336,0.4,False,80.6741,100.9592,74.3647,6.6712,77.8925,"100.96,96.62,92.28,87.93,80.88,78.16,76.54,75.99,75.45,74.91,92.28,90.10,87.93,84.68,79.79,77.62,75.99,75.99,74.91,74.36,86.85,85.76,84.13,81.96,78.71,76.54,75.99,75.45,74.91,74.36,83.05,82.51,80.88,79.79,77.62,75.99,75.45,74.91,74.36,74.36"
Rec-032_30s_4,1,13,3306,core,355,331,0.0,5.0,0.9843,358,333,367,336,0.0,False,76.1151,85.7624,73.822,2.2946,75.4502,"85.76,80.88,78.16,77.08,75.99,75.99,75.45,74.91,74.91,74.36,80.88,78.71,77.62,75.99,75.99,75.45,74.91,74.91,74.36,74.36,78.71,77.62,75.99,75.99,75.45,74.91,74.91,74.36,74.36,73.82,77.08,75.99,75.99,75.45,75.45,74.91,74.91,74.36,73.82,73.82"
Rec-032_30s_4,2,1,3431,core,291,331,0.0,1.0,0.9836,294,333,303,336,1.0,True,89.3038,111.2714,81.9631,6.3503,87.9333,"111.27,105.30,100.42,97.70,95.53,94.45,93.36,92.28,92.28,91.19,95.53,94.45,91.73,90.65,90.10,89.56,89.02,87.93,87.93,87.39,88.48,87.93,87.39,87.39,86.31,85.76,85.76,85.22,84.68,84.13,83.59,83.59,83.59,83.59,83.59,83.05,83.05,82.51,82.51,81.96"
Rec-032_30s_4,2,2,3432,core,296,331,0.0,5.0,0.9879,299,333,308,336,1.0,True,88.7203,108.5576,81.4204,5.8012,87.662,"108.56,103.13,98.25,95.53,94.45,93.36,92.28,91.73,91.19,90.65,96.07,93.36,91.19,90.10,89.56,88.48,87.93,87.93,86.85,86.85,89.56,87.93,87.39,86.31,85.76,85.76,85.22,84.68,84.13,84.13,84.68,84.13,84.13,83.59,83.05,83.05,82.51,81.96,81.96,81.42"
Rec-032_30s_4,2,3,3433,core,300,331,0.0,4.0,0.9857,303,333,312,336,1.0,True,88.951,111.2714,81.9631,6.1431,87.662,"111.27,104.22,99.33,96.07,94.45,93.36,92.28,91.19,90.65,90.65,96.62,94.45,91.73,90.10,89.56,88.48,87.93,87.93,87.39,86.85,89.56,87.93,87.39,86.31,85.76,85.76,85.22,84.68,84.68,84.13,84.68,84.13,84.13,83.05,83.05,83.05,83.05,82.51,82.51,81.96"
Rec-032_30s_4,2,4,3434,core,305,331,0.0,5.0,0.9887,308,333,317,336,1.0,True,88.1233,105.8439,81.4204,5.2559,87.1192,"105.84,100.96,97.16,94.45,93.36,92.28,91.19,90.65,89.56,89.56,94.99,92.28,90.65,89.56,89.02,87.93,87.93,87.39,86.31,85.76,89.02,87.93,86.85,86.31,85.76,85.76,85.22,84.13,84.13,84.13,84.13,84.13,83.59,83.59,83.05,83.05,82.51,81.96,81.42,81.42"
Rec-032_30s_4,2,5,3435,core,310,331,0.0,5.0,0.9854,313,333,322,336,1.0,True,87.5534,102.0447,81.9631,4.4479,86.5765,"102.04,98.25,94.99,93.36,91.73,91.19,90.65,90.10,89.56,89.56,93.36,91.19,89.56,88.48,87.93,87.93,87.39,86.85,86.31,86.31,87.93,87.39,85.76,85.76,85.76,85.22,84.68,84.13,84.13,84.13,84.13,84.13,83.59,83.59,83.05,83.05,82.51,82.51,81.96,81.96"
Rec-032_30s_4,2,6,3436,core,314,331,0.0,4.0,0.9892,317,333,326,336,1.0,True,87.9605,103.6729,82.5059,4.5197,87.3906,"103.67,98.79,95.53,93.36,92.28,91.19,91.19,90.65,90.10,89.56,93.36,91.19,89.56,89.56,88.48,87.93,87.93,87.39,87.39,86.85,87.93,87.39,86.31,85.76,85.76,85.76,85.22,85.22,84.68,84.13,84.13,84.13,83.59,83.59,83.59,83.59,83.05,83.05,83.05,82.51"
Rec-032_30s_4,2,7,3437,core,319,331,0.0,5.0,0.987,322,333,331,336,1.0,True,87.8519,100.9592,83.0486,4.0188,87.3906,"100.96,97.16,94.45,92.28,91.73,91.19,90.65,90.65,90.65,90.10,92.28,91.19,89.56,89.02,88.48,87.93,87.93,87.39,87.93,87.39,87.93,87.39,86.31,85.76,85.76,85.76,85.76,85.22,85.22,85.22,84.13,84.13,84.13,83.59,83.59,83.05,83.05,83.05,83.05,83.05"
Rec-032_30s_4,2,8,3438,core,323,331,0.0,4.0,0.9897,326,333,335,336,1.0,True,88.7882,103.1302,83.5914,4.2768,88.4761,"103.13,98.25,95.53,93.36,92.28,92.28,91.73,91.73,91.73,92.28,94.45,91.73,90.65,89.56,89.56,89.02,89.02,88.48,88.48,88.48,89.02,87.93,87.39,86.85,86.85,86.31,85.76,85.76,85.76,85.76,85.22,84.68,84.68,84.13,84.13,84.13,84.13,84.13,83.59,83.59"
Rec-032_30s_4,2,9,3439,core,328,331,0.0,5.0,0.9876,331,333,340,336,1.0,True,89.5751,100.9592,84.6769,3.9892,89.5616,"100.96,97.70,95.53,94.45,94.45,94.45,93.36,93.36,93.36,93.36,93.36,91.19,90.65,90.10,90.10,90.10,90.10,90.10,90.10,90.10,89.02,87.93,87.93,87.93,87.39,87.39,87.39,87.39,87.39,87.39,85.22,85.22,85.22,85.22,84.68,84.68,84.68,84.68,84.68,84.68"
Rec-032_30s_4,2,10,3440,core,332,331,0.0,4.0,0.9898,335,333,344,336,1.0,True,90.742,103.6729,85.2196,4.4108,90.1043,"103.67,99.87,97.70,96.62,95.53,95.53,94.99,94.99,94.45,94.45,94.99,93.36,92.28,91.73,91.73,91.19,91.19,91.19,91.19,90.65,89.56,89.02,89.02,88.48,88.48,88.48,88.48,87.93,87.93,87.93,85.76,85.76,85.76,85.76,85.76,85.76,85.76,85.76,85.76,85.22"
Rec-032_30s_4,2,11,3441,core,337,331,0.0,5.0,0.9885,340,333,349,336,1.0,True,90.9456,103.1302,85.7624,4.2022,90.3757,"103.13,99.87,98.25,96.62,95.53,95.53,94.99,94.45,94.45,93.36,94.99,93.36,92.28,92.28,91.73,91.73,91.19,91.19,91.19,90.65,90.10,89.56,89.56,89.56,89.02,89.02,88.48,88.48,87.93,87.93,86.85,86.85,86.31,86.31,86.31,85.76,85.76,85.76,85.76,85.76"
Rec-032_30s_4,2,12,3442,core,341,331,0.0,4.0,0.9895,344,333,353,336,1.0,True,91.3255,105.3012,84.1341,4.5567,90.6471,"105.30,101.50,98.79,97.70,96.62,95.53,94.45,93.36,93.36,92.28,96.62,94.99,94.45,93.36,92.28,92.28,91.73,91.19,90.65,89.56,91.19,90.65,90.10,89.56,89.56,89.56,89.02,87.93,87.93,87.39,87.93,87.93,87.39,86.85,86.85,86.31,85.76,85.76,85.22,84.13"
Rec-032_30s_4,2,13,3443,core,346,331,0.0,5.0,0.9862,349,333,358,336,0.8,False,87.472,102.0447,75.9929,6.3149,87.9333,"102.04,98.25,96.62,94.99,94.45,92.28,91.19,87.93,80.88,77.62,95.53,94.45,92.28,91.73,91.19,90.10,89.02,85.76,79.79,77.08,91.19,90.65,89.56,89.02,87.93,87.39,85.76,83.05,78.71,76.54,87.93,87.39,86.31,85.76,85.76,84.68,83.59,80.88,77.62,75.99"
Rec-032_30s_4,2,14,3444,core,350,331,0.0,4.0,0.9862,353,333,362,336,0.4,False,82.1531,103.1302,74.3647,7.7601,78.4353,"103.13,98.25,94.99,90.65,83.05,78.71,77.08,75.99,75.45,75.45,95.53,93.36,91.19,87.93,81.42,78.16,76.54,75.99,74.91,74.36,90.10,89.56,87.93,84.68,79.79,77.62,75.99,75.45,74.91,74.36,86.85,85.76,84.68,82.51,78.16,76.54,75.45,74.91,74.36,74.36"
Rec-032_30s_4,2,15,3445,core,355,331,0.0,5.0,0.9832,358,333,367,336,0.0,False,76.0879,85.2196,73.822,2.2538,75.4502,"85.22,80.88,78.16,76.54,75.99,75.45,75.45,74.91,74.91,74.36,80.88,78.71,77.08,75.99,75.99,75.45,75.45,74.91,74.36,73.82,78.71,77.62,76.54,75.99,75.45,75.45,74.91,74.36,74.36,73.82,77.62,76.54,75.99,75.45,74.91,74.91,74.36,74.36,73.82,73.82"
Rec-032_30s_4,3,1,3574,core,290,331,0.0,0.0,0.9901,293,333,302,336,1.0,True,90.4978,106.3867,83.5914,5.1332,89.2902,"106.39,103.13,99.33,97.16,96.62,95.53,94.99,94.45,94.45,94.45,94.45,92.28,91.19,91.19,91.19,91.19,91.19,90.65,90.10,90.10,87.93,87.93,87.93,88.48,87.93,87.93,87.93,87.93,87.93,87.93,83.59,84.68,85.22,85.22,85.22,85.76,85.22,85.22,85.22,84.68"
Rec-032_30s_4,3,2,3575,core,293,331,0.0,3.0,0.9857,296,333,305,336,1.0,True,92.3431,112.8996,85.7624,5.8922,91.1898,"112.90,107.47,103.13,99.33,97.70,96.62,95.53,95.53,94.45,93.36,99.33,97.16,94.99,93.36,92.28,92.28,91.73,91.19,91.19,90.10,92.28,91.19,90.65,90.10,89.56,89.56,89.02,89.02,88.48,87.93,87.39,87.39,87.39,86.85,86.85,86.31,86.31,86.31,85.76,85.76"
Rec-032_30s_4,3,3,3576,core,302,331,0.0,9.0,0.9876,305,333,314,336,1.0,True,91.4883,111.8141,85.2196,5.4693,90.1043,"111.81,105.30,100.96,97.70,95.53,94.99,94.45,93.36,92.28,91.73,98.79,96.07,94.45,92.28,91.19,91.19,90.65,90.10,89.56,89.02,92.28,91.19,90.10,89.56,89.56,88.48,88.48,87.93,87.93,87.39,87.93,87.93,87.39,86.85,86.85,86.31,85.76,85.76,85.22,85.22"
Rec-032_30s_4,3,4,3577,core,307,331,0.0,5.0,0.9891,310,333,319,336,1.0,True,90.8777,107.4722,84.6769,4.6513,89.8329,"107.47,102.04,98.25,96.07,94.99,94.45,93.36,92.28,92.28,91.19,97.70,94.99,93.36,91.73,91.19,90.65,90.10,89.56,89.56,89.02,91.73,91.19,90.10,89.56,89.02,88.48,87.93,87.93,87.93,87.39,87.93,87.93,87.39,86.85,86.31,85.76,85.76,85.76,85.22,84.68"
Rec-032_30s_4,3,5,3578,core,311,331,0.0,4.0,0.9873,314,333,323,336,1.0,True,91.1898,109.1004,85.7624,4.8757,90.1043,"109.10,103.13,99.33,96.62,95.53,94.45,93.36,93.36,92.28,91.73,97.70,95.53,93.36,92.28,91.19,90.65,90.10,90.10,89.56,89.56,92.28,91.19,90.10,89.56,89.02,88.48,88.48,87.93,87.93,87.93,87.93,87.93,87.39,86.85,86.31,86.31,85.76,85.76,85.76,85.76"
Rec-032_30s_4,3,6,3579,core,334,331,0.0,23.0,0.9905,337,333,346,336,1.0,True,93.6593,106.3867,88.4761,4.1173,93.3608,"106.39,103.13,100.42,98.79,98.25,97.70,96.62,96.62,95.53,95.53,98.25,97.16,95.53,94.99,94.45,94.45,93.36,93.36,93.36,93.36,93.36,93.36,92.28,92.28,91.73,91.19,91.19,91.19,90.65,90.65,90.10,89.56,89.56,89.56,89.02,89.02,89.02,88.48,88.48,88.48"
Rec-032_30s_4,3,7,3580,core,339,331,0.0,5.0,0.9877,342,333,351,336,1.0,True,93.3608,105.3012,87.9333,3.8474,92.2753,"105.30,101.50,99.33,98.25,97.70,97.16,96.62,96.07,95.53,94.45,97.70,96.07,95.53,94.99,94.45,94.45,94.45,93.36,92.28,92.28,93.36,92.28,92.28,92.28,91.73,91.19,91.19,91.19,90.65,90.10,90.10,89.56,89.56,89.56,89.56,89.02,89.02,88.48,87.93,87.93"
Rec-032_30s_4,3,8,3581,core,343,331,0.0,4.0,0.9897,346,333,355,336,1.0,True,92.7909,106.3867,84.6769,4.4706,92.0039,"106.39,103.13,100.42,98.25,97.16,96.62,95.53,94.45,92.28,91.19,98.79,97.16,95.53,94.99,94.45,93.36,93.36,91.73,91.19,89.56,94.45,93.36,92.28,92.28,91.73,91.19,90.65,89.56,89.02,87.39,90.65,90.10,89.56,89.56,89.56,88.48,87.93,87.39,86.31,84.68"
Rec-032_30s_4,3,9,3582,core,348,331,0.0,5.0,0.9855,351,333,360,336,0.6,False,85.9387,103.1302,74.9074,7.9687,87.662,"103.13,99.87,97.16,94.99,93.36,90.10,83.05,78.71,76.54,75.45,96.62,95.53,94.45,92.28,91.19,87.93,81.42,77.62,75.99,75.45,92.28,91.73,91.19,90.10,88.48,85.76,80.33,77.08,75.99,74.91,89.56,89.02,87.93,87.39,85.76,83.59,78.71,76.54,75.45,74.91"
Rec-032_30s_4,3,10,3583,core,352,331,0.0,4.0,0.9874,355,333,364,336,0.2,False,79.6293,100.4165,74.3647,6.5896,76.2643,"100.42,94.99,85.76,80.33,77.62,76.54,75.99,75.45,74.91,74.91,94.45,90.65,83.05,78.71,77.08,75.99,75.99,75.45,74.91,74.91,90.10,86.85,80.88,78.16,76.54,75.99,75.45,74.91,74.91,74.36,87.39,84.13,79.79,77.62,75.99,75.45,74.91,74.91,74.36,74.36"
Rec-032_30s_4,3,11,3584,core,355,331,0.0,3.0,0.9845,358,333,367,336,0.0,False,76.6714,89.0188,73.822,2.982,75.9929,"89.02,83.59,79.79,77.62,76.54,75.99,75.99,75.45,74.91,74.91,83.59,79.79,77.62,76.54,75.99,75.45,75.45,74.91,74.36,74.36,79.79,77.62,76.54,75.99,75.99,75.45,74.91,74.91,74.91,73.82,78.16,77.08,75.99,75.99,75.45,74.91,74.91,74.36,74.36,73.82"
Rec-032_30s_4,4,1,3715,core,291,331,0.0,1.0,0.9848,294,333,303,336,1.0,True,93.1301,109.1004,87.9333,4.7407,91.7325,"109.10,104.22,100.96,99.33,98.25,97.70,97.16,96.07,95.53,95.53,97.70,95.53,94.45,94.45,94.45,93.36,93.36,93.36,92.28,92.28,91.19,91.19,91.19,91.19,91.19,91.19,90.65,90.65,90.65,90.10,87.93,87.93,87.93,88.48,87.93,88.48,88.48,87.93,87.93,87.93"
Rec-032_30s_4,4,2,3716,core,295,331,0.0,4.0,0.9877,298,333,307,336,1.0,True,93.7271,111.8141,87.3906,5.1737,92.2753,"111.81,106.39,103.13,99.87,98.25,97.70,96.62,95.53,95.53,94.45,100.96,98.25,95.53,94.99,94.45,93.36,93.36,92.28,91.73,91.19,94.45,93.36,92.28,91.73,91.19,91.19,91.19,90.65,90.10,89.56,89.56,89.56,89.56,89.56,89.02,89.02,88.48,87.93,87.93,87.39"
Rec-032_30s_4,4,3,3717,core,299,331,0.0,4.0,0.9863,302,333,311,336,1.0,True,93.89,115.6133,87.3906,5.8272,92.2753,"115.61,109.10,103.67,100.42,98.25,97.16,95.53,95.53,94.45,93.36,102.04,99.33,96.62,95.53,94.45,93.36,92.28,91.73,91.19,90.65,95.53,94.45,92.28,92.28,91.19,91.19,90.65,90.10,89.56,89.56,90.65,90.10,89.56,89.56,89.02,88.48,87.93,87.93,87.39,87.93"
Rec-032_30s_4,4,4,3718,core,304,331,0.0,5.0,0.9888,307,333,316,336,1.0,True,92.4245,109.6431,86.8478,4.672,91.1898,"109.64,104.22,100.42,97.70,96.07,95.53,94.45,93.36,93.36,92.28,98.79,96.62,94.45,93.36,92.28,91.73,91.19,91.19,90.65,90.10,94.45,92.28,91.73,91.19,90.65,90.10,89.56,89.56,89.02,88.48,89.56,89.56,89.56,88.48,88.48,87.93,87.93,87.39,86.85,86.85"
Rec-032_30s_4,4,5,3719,core,308,331,0.0,4.0,0.9868,311,333,320,336,1.0,True,92.6552,111.8141,87.3906,5.0218,91.1898,"111.81,105.84,100.96,98.25,96.07,95.53,94.45,93.36,93.36,92.28,99.87,97.16,94.99,93.36,92.28,91.73,91.19,91.19,90.10,90.10,94.45,92.28,91.73,91.19,90.65,90.10,89.56,89.56,89.02,89.02,90.10,89.56,89.56,89.02,88.48,87.93,87.93,87.39,87.39,87.39"
Rec-032_30s_4,4,6,3720,core,313,331,0.0,5.0,0.9898,316,333,325,336,1.0,True,91.9089,106.9294,87.3906,4.0313,90.9184,"106.93,102.04,98.25,96.07,95.53,94.45,94.45,93.36,93.36,92.28,97.70,95.53,93.36,92.28,91.73,91.19,91.19,90.65,90.65,90.65,92.28,91.19,91.19,90.65,90.10,89.56,89.56,89.56,89.56,89.02,89.56,89.02,89.02,88.48,87.93,87.93,87.93,87.39,87.39,87.39"
Rec-032_30s_4,4,7,3721,core,317,331,0.0,4.0,0.9866,320,333,329,336,1.0,True,92.6009,110.1859,87.9333,4.4818,91.1898,"110.19,103.67,99.87,97.70,96.07,94.99,94.45,94.45,93.36,93.36,98.25,96.07,94.45,93.36,92.28,92.28,91.73,91.19,91.19,91.19,93.36,92.28,91.19,91.19,90.65,90.10,90.10,90.10,90.10,89.56,89.56,89.56,89.02,88.48,88.48,88.48,87.93,87.93,87.93,87.93"
Rec-032_30s_4,4,8,3722,core,322,331,0.0,5.0,0.9905,325,333,334,336,1.0,True,93.0487,106.3867,89.0188,3.6748,92.2753,"106.39,102.04,98.79,97.16,96.07,95.53,95.53,94.99,94.99,94.99,97.70,95.53,94.45,93.36,93.36,93.36,92.28,92.28,92.28,92.28,93.36,92.28,91.19,91.19,91.19,91.19,91.19,91.19,91.19,91.19,89.56,89.56,89.56,89.56,89.56,89.56,89.02,89.02,89.02,89.02"
Rec-032_30s_4,4,9,3723,core,327,331,0.0,5.0,0.9869,330,333,339,336,1.0,True,93.8628,103.6729,89.5616,3.2164,93.9035,"103.67,100.96,98.25,97.70,97.16,97.16,96.62,96.62,96.62,96.62,97.16,95.53,94.45,94.45,94.45,94.45,94.45,94.45,94.45,94.45,93.36,92.28,92.28,92.28,92.28,92.28,92.28,92.28,92.28,92.28,90.65,90.10,90.10,90.10,90.10,90.10,90.10,90.10,90.10,89.56"
Rec-032_30s_4,4,10,3724,core,331,331,0.0,4.0,0.9905,334,333,343,336,1.0,True,95.3961,107.4722,91.1898,3.7085,95.2604,"107.47,103.67,101.50,99.87,98.79,98.25,98.25,98.25,97.70,97.70,99.33,98.25,97.16,96.07,95.53,95.53,95.53,95.53,95.53,95.53,94.99,94.45,94.45,94.45,93.36,93.36,93.36,93.36,93.36,93.36,91.19,91.19,91.19,91.19,91.19,91.19,91.19,91.19,91.19,91.19"
Rec-032_30s_4,4,11,3725,core,336,331,0.0,5.0,0.9871,339,333,348,336,1.0,True,95.966,106.9294,91.1898,3.5883,95.5318,"106.93,103.67,102.04,100.42,99.87,99.33,98.79,98.25,98.25,98.25,99.87,98.25,97.70,97.16,96.62,96.62,96.07,96.07,95.53,95.53,95.53,95.53,94.99,94.99,94.45,94.45,94.45,94.45,93.36,93.36,92.28,92.28,92.28,92.28,92.28,91.73,91.19,91.19,91.19,91.19"
Rec-032_30s_4,4,12,3726,core,345,331,0.0,9.0,0.9867,348,333,357,336,0.9,False,92.3024,106.9294,78.7067,6.0144,92.2753,"106.93,103.13,100.96,99.33,98.25,96.07,94.45,92.28,89.56,82.51,100.42,98.25,97.16,96.07,94.99,94.45,92.28,91.19,87.93,81.96,96.07,95.53,94.45,93.36,92.28,91.19,90.65,89.02,85.76,80.33,93.36,92.28,91.73,91.19,90.10,89.56,87.93,86.85,83.59,78.71"
Rec-032_30s_4,4,13,3727,core,355,330,5.71,10.05,0.9882,358,332,367,335,0.0,False,78.0282,96.6172,74.3647,4.6732,75.9929,"96.62,88.48,83.59,79.79,77.62,76.54,75.99,75.99,75.45,74.91,89.02,83.59,79.79,77.62,77.08,75.99,75.99,75.45,74.91,74.36,84.13,80.33,77.62,76.54,75.99,75.99,75.45,74.91,74.91,74.36,80.88,78.16,77.08,75.99,75.99,75.45,75.45,74.36,74.36,74.36"
Rec-032_30s_4,5,1,3853,core,290,331,0.0,0.0,0.9879,293,333,302,336,1.0,True,94.3649,111.8141,87.3906,5.1825,92.818,"111.81,107.47,103.13,100.96,99.87,98.79,98.25,98.25,97.70,97.16,98.25,97.16,95.53,94.99,94.99,94.99,94.45,94.45,94.45,93.36,91.73,91.73,91.73,91.73,92.28,92.28,91.73,91.73,91.73,91.19,87.39,88.48,88.48,89.02,89.56,89.56,89.56,89.56,89.56,89.56"
Rec-032_30s_4,5,2,3854,core,293,331,0.0,3.0,0.9875,296,333,305,336,1.0,True,95.3011,113.9851,89.0188,5.4219,93.9035,"113.99,109.10,105.30,102.04,100.42,99.33,98.25,98.25,97.16,96.07,102.04,99.33,98.25,96.07,95.53,95.53,94.99,94.45,93.36,93.36,94.99,94.45,93.36,93.36,92.28,92.28,92.28,92.28,91.73,91.19,90.65,90.65,90.65,90.65,90.10,90.10,90.10,89.56,89.56,89.02"
Rec-032_30s_4,5,3,3855,core,298,331,0.0,5.0,0.9872,301,333,310,336,1.0,True,94.5548,111.8141,88.4761,4.8986,93.3608,"111.81,106.93,103.13,100.42,98.79,98.25,97.16,96.07,95.53,94.99,101.50,98.79,96.62,95.53,94.99,94.45,93.36,93.36,92.28,91.73,95.53,94.45,93.36,93.36,92.28,92.28,91.73,91.19,90.65,90.10,91.73,91.19,91.19,90.65,90.10,90.10,89.56,89.56,89.02,88.48"
Rec-032_30s_4,5,4,3856,core,302,331,0.0,4.0,0.9893,305,333,314,336,1.0,True,94.4191,113.9851,87.9333,5.3205,93.3608,"113.99,108.01,103.67,100.96,98.25,97.70,96.07,95.53,94.45,94.45,102.04,99.33,97.16,95.53,94.45,94.45,93.36,92.28,91.73,91.19,95.53,94.45,93.36,93.36,92.28,91.73,91.19,90.65,90.10,89.56,91.73,91.19,91.19,90.65,90.65,89.56,89.56,89.02,88.48,87.93"
Rec-032_30s_4,5,5,3857,core,307,331,0.0,5.0,0.9883,310,333,319,336,1.0,True,93.0216,109.1004,87.9333,4.3414,91.7325,"109.10,103.67,100.42,98.25,96.07,95.53,94.99,94.45,93.36,93.36,99.33,96.62,94.99,94.45,93.36,92.28,91.73,91.19,91.19,90.65,94.45,93.36,92.28,91.73,91.19,90.65,90.10,90.10,89.56,89.56,91.19,90.65,90.10,89.56,89.56,89.02,88.48,88.48,87.93,87.93"
Rec-032_30s_4,5,6,3858,core,311,331,0.0,4.0,0.9901,314,333,323,336,1.0,True,93.103,110.1859,87.9333,4.5067,92.0039,"110.19,104.22,100.96,98.25,96.62,95.53,94.99,94.45,94.45,93.36,99.33,97.16,94.99,93.36,92.28,92.28,92.28,91.73,91.19,91.19,94.45,93.36,92.28,91.19,91.19,90.65,90.10,89.56,90.10,89.56,90.65,90.65,90.10,89.56,89.56,89.02,89.02,88.48,87.93,87.93"
Rec-032_30s_4,5,7,3859,core,316,331,0.0,5.0,0.9894,319,333,328,336,1.0,True,92.8723,106.9294,88.4761,3.7852,91.7325,"106.93,102.04,98.79,97.16,96.07,95.53,95.53,94.45,94.45,94.45,98.25,95.53,94.45,93.36,92.28,92.28,92.28,91.73,91.73,91.19,93.36,92.28,91.73,91.19,91.19,91.19,90.65,90.65,90.10,90.10,90.65,90.10,90.10,89.56,89.56,89.02,89.02,89.02,88.48,88.48"
Rec-032_30s_4,5,8,3860,core,320,331,0.0,4.0,0.99,323,333,332,336,1.0,True,93.6864,109.1004,89.5616,4.1241,92.2753,"109.10,104.22,100.42,98.25,97.16,96.07,95.53,95.53,95.53,94.45,98.79,97.16,95.53,94.45,93.36,93.36,93.36,92.28,92.28,92.28,94.45,93.36,92.28,91.73,91.73,91.19,91.19,91.19,91.19,91.19,91.19,90.65,90.10,89.56,89.56,89.56,89.56,89.56,89.56,89.56"
Rec-032_30s_4,5,9,3861,core,325,331,0.0,5.0,0.9897,328,333,337,336,1.0,True,94.0392,105.8439,90.1043,3.4149,93.3608,"105.84,102.04,99.33,98.25,97.16,96.62,96.62,96.07,96.07,95.53,98.25,96.07,95.53,94.45,94.45,94.45,94.45,94.45,93.36,93.36,93.36,93.36,92.28,92.28,92.28,92.28,92.28,92.28,92.28,92.28,91.19,91.19,90.65,90.65,90.10,90.10,90.10,90.10,90.10,90.10"
Rec-032_30s_4,5,10,3862,core,329,331,0.0,4.0,0.9899,332,333,341,336,1.0,True,95.4232,109.6431,91.1898,3.9813,94.989,"109.64,105.30,102.04,99.33,98.79,98.25,98.25,97.70,97.16,96.62,99.87,98.25,97.16,96.07,95.53,95.53,95.53,95.53,94.99,94.99,95.53,94.45,94.45,93.36,93.36,93.36,93.36,93.36,93.36,93.36,91.73,91.19,91.19,91.19,91.19,91.19,91.19,91.19,91.19,91.19"
Rec-032_30s_4,5,11,3863,core,334,331,0.0,5.0,0.9903,337,333,346,336,1.0,True,95.9253,107.4722,91.7325,3.4046,95.5318,"107.47,103.67,101.50,99.87,98.79,98.25,98.25,98.25,98.25,98.25,99.87,98.25,97.70,96.62,96.07,96.07,95.53,95.53,95.53,95.53,95.53,94.99,94.99,94.45,94.45,94.45,94.45,94.45,94.45,94.45,92.28,92.28,92.28,92.28,92.28,92.28,92.28,91.73,91.73,91.73"
Rec-032_30s_4,5,12,3864,core,338,331,0.0,4.0,0.9893,341,333,350,336,1.0,True,96.6444,109.6431,91.1898,3.9437,95.8031,"109.64,105.84,103.13,101.50,100.42,99.87,99.33,99.33,98.25,98.25,101.50,99.33,98.25,97.70,97.16,97.16,97.16,96.62,96.07,95.53,96.62,95.53,95.53,95.53,94.99,94.99,94.45,94.45,94.45,93.36,93.36,93.36,93.36,92.28,92.28,92.28,92.28,92.28,91.19,91.19"
Rec-032_30s_4,5,13,3865,core,343,331,0.0,5.0,0.99,346,333,355,336,1.0,True,95.179,108.5576,86.8478,4.6634,94.4463,"108.56,105.30,103.13,101.50,99.87,98.79,98.25,96.07,94.45,92.28,101.50,99.87,98.25,97.70,97.16,96.07,95.53,94.45,92.28,90.65,97.16,96.07,95.53,95.53,94.45,93.36,92.28,91.19,90.10,88.48,94.45,93.36,93.36,92.28,91.73,91.19,90.10,89.56,88.48,86.85"
Rec-032_30s_4,5,14,3866,core,347,331,0.0,4.0,0.9882,350,333,359,336,0.7,False,89.7244,109.6431,75.9929,8.7542,90.9184,"109.64,105.84,102.04,98.79,96.62,94.45,90.65,83.05,78.16,76.54,102.04,99.33,97.70,95.53,94.45,92.28,89.56,83.05,78.16,75.99,96.62,95.53,94.45,92.28,91.19,89.56,87.39,81.42,77.62,75.99,93.36,92.28,91.19,90.65,89.56,87.93,85.22,79.79,77.08,75.99"
Rec-032_30s_4,5,15,3867,core,352,331,0.0,5.0,0.9881,355,333,364,336,0.2,False,80.0364,102.0447,74.3647,7.1014,76.5357,"102.04,95.53,85.22,80.33,77.62,76.54,75.99,75.45,74.91,74.36,95.53,91.73,84.13,79.79,77.08,75.99,75.45,74.91,74.91,74.36,91.73,89.02,83.05,78.71,77.08,75.99,75.45,74.91,74.91,74.36,89.02,85.76,80.88,78.16,76.54,75.45,74.91,74.91,74.36,74.36"
Rec-032_30s_4,5,16,3868,core,355,331,0.0,3.0,0.9866,358,333,367,336,0.0,False,76.8071,88.4761,73.822,3.0292,75.9929,"88.48,83.59,79.79,77.62,77.08,75.99,75.99,75.45,74.91,74.36,84.13,80.33,77.62,76.54,75.99,75.99,74.91,74.91,74.36,74.36,80.88,78.71,77.08,75.99,75.99,75.99,75.45,74.91,74.36,74.36,78.71,77.62,75.99,75.99,75.45,74.91,74.91,74.36,74.36,73.82"
Rec-032_30s_4,6,1,3994,core,290,331,0.0,0.0,0.9891,293,333,302,336,1.0,True,95.0026,111.8141,87.9333,5.1425,93.9035,"111.81,107.47,104.22,101.50,100.96,99.87,99.33,98.79,98.25,98.25,98.25,97.70,96.07,95.53,95.53,95.53,95.53,95.53,94.99,94.45,92.28,92.28,92.28,92.28,92.28,93.36,92.28,92.28,92.28,92.28,87.93,89.02,89.56,89.56,90.10,90.10,90.10,90.10,90.10,90.10"
Rec-032_30s_4,6,2,3995,core,291,331,0.0,1.0,0.9842,294,333,303,336,1.0,True,96.3866,117.7843,90.1043,5.7872,94.7176,"117.78,111.81,106.39,103.13,101.50,100.42,99.87,98.79,98.25,98.25,102.04,100.42,98.25,97.16,97.16,96.07,95.53,95.53,94.99,94.45,94.99,94.45,94.45,94.45,94.45,93.36,93.36,93.36,93.36,92.28,90.10,90.65,91.19,91.19,91.19,91.19,91.19,91.19,90.65,90.65"
Rec-032_30s_4,6,3,3996,core,300,331,0.0,9.0,0.9868,303,333,312,336,1.0,True,96.2238,117.7843,89.5616,5.8089,94.7176,"117.78,111.27,106.39,103.13,100.42,99.33,98.25,97.70,96.62,96.07,104.22,101.50,98.79,97.70,96.07,95.53,94.99,94.45,93.36,92.28,98.25,96.07,95.53,94.45,94.45,93.36,92.28,92.28,91.73,91.19,93.36,92.28,92.28,91.73,91.19,91.19,91.19,90.65,90.10,89.56"
Rec-032_30s_4,6,4,3997,core,305,331,0.0,5.0,0.9899,308,333,317,336,1.0,True,94.989,112.8996,89.5616,4.7934,93.9035,"112.90,106.93,103.13,100.42,98.79,98.25,97.16,96.07,95.53,94.99,102.04,98.79,97.16,96.07,94.99,94.45,94.45,93.36,92.28,92.28,96.07,94.99,94.45,93.36,93.36,92.28,92.28,91.73,91.19,91.19,92.28,92.28,91.73,91.19,91.19,90.65,90.10,90.10,89.56,89.56"
Rec-032_30s_4,6,5,3998,core,309,331,0.0,4.0,0.9875,312,333,321,336,1.0,True,95.0297,115.0706,89.0188,5.2641,93.3608,"115.07,109.10,103.67,100.96,98.79,97.70,96.62,95.53,95.53,94.99,102.04,99.87,97.70,95.53,94.99,94.45,93.36,93.36,92.28,92.28,96.62,95.53,94.45,93.36,93.36,92.28,91.73,91.19,91.19,91.19,92.28,91.73,91.19,91.19,91.19,90.65,90.10,89.56,89.56,89.02"
Rec-032_30s_4,6,6,3999,core,323,331,0.0,14.0,0.9917,326,333,335,336,1.0,True,94.4463,108.5576,90.6471,3.7288,94.4463,"108.56,103.13,100.42,98.25,97.16,96.62,96.62,96.62,96.07,96.07,99.33,97.16,95.53,94.99,94.45,94.45,94.45,94.45,94.45,94.45,94.45,93.36,93.36,92.28,92.28,92.28,92.28,92.28,92.28,92.28,91.19,91.19,90.65,90.65,90.65,90.65,90.65,90.65,90.65,90.65"
Rec-032_30s_4,6,7,4000,core,328,331,0.0,5.0,0.9888,331,333,340,336,1.0,True,95.0704,106.3867,91.1898,3.3182,94.7176,"106.39,102.04,100.42,98.25,98.25,98.25,97.70,97.70,97.70,97.16,98.25,97.16,96.07,95.53,95.53,95.53,95.53,95.53,95.53,94.99,94.45,94.45,93.36,93.36,93.36,93.36,93.36,93.36,93.36,93.36,91.19,91.73,91.19,91.19,91.19,91.73,91.73,91.19,91.19,91.19"
Rec-032_30s_4,6,8,4001,core,337,331,0.0,9.0,0.9889,340,333,349,336,1.0,True,96.7936,108.0149,92.2753,3.4377,96.3459,"108.01,104.22,102.04,100.96,100.42,99.87,99.33,99.33,98.79,98.25,100.96,98.79,98.25,97.70,97.70,97.16,97.16,97.16,96.62,96.07,96.62,96.07,95.53,95.53,95.53,95.53,94.99,94.99,94.45,94.45,94.45,93.36,93.36,93.36,93.36,92.28,92.28,92.28,92.28,92.28"
Rec-032_30s_4,6,9,4002,core,346,331,0.0,9.0,0.9882,349,333,358,336,0.8,False,91.7461,108.5576,77.0784,7.627,92.818,"108.56,104.22,102.04,99.87,98.25,95.53,94.45,90.65,82.51,77.62,101.50,99.87,98.25,97.16,95.53,94.45,92.28,89.56,81.96,77.62,97.16,96.07,95.53,94.45,93.36,91.73,90.10,87.39,81.42,77.62,94.45,93.36,92.28,91.73,90.65,89.56,87.93,85.76,80.33,77.08"
Rec-032_30s_4,6,10,4003,core,350,331,0.0,4.0,0.9895,353,333,362,336,0.4,False,84.1341,106.9294,74.3647,9.2752,80.0635,"106.93,102.04,98.25,92.28,84.13,78.71,77.08,75.99,75.45,75.45,100.42,97.16,94.45,91.19,83.59,78.71,77.08,75.99,75.45,74.91,95.53,93.36,91.73,89.02,83.05,78.71,76.54,75.45,74.91,74.36,91.73,90.65,89.02,86.31,81.42,77.62,75.99,75.45,74.91,74.36"
Rec-032_30s_4,6,11,4004,core,355,331,0.0,5.0,0.9853,358,333,367,336,0.0,False,76.2779,85.7624,73.822,2.4723,75.7216,"85.76,80.88,78.71,77.08,75.99,75.99,75.99,74.91,74.91,74.36,81.96,78.71,77.62,75.99,75.99,75.45,74.91,74.91,74.36,74.36,80.33,77.62,76.54,75.99,75.45,74.91,74.91,74.36,73.82,73.82,78.71,77.08,75.99,75.99,75.45,74.91,74.36,74.36,73.82,73.82"
Rec-G3_S60_1,1,1,1802,core,317,318,0.0,0.0,0.9852,320,319,329,322,1.0,True,78.9102,93.3608,72.1937,4.9188,77.8925,"93.36,90.65,87.93,85.76,84.13,83.59,83.05,82.51,81.96,80.88,84.13,82.51,80.88,80.33,79.79,79.79,78.71,78.71,78.16,77.62,78.16,77.62,77.62,77.08,76.54,76.54,75.99,75.99,75.45,75.45,73.82,73.82,74.36,73.82,73.82,73.82,73.82,73.28,72.74,72.19"
Rec-G3_S60_1,1,2,1803,core,322,319,-11.31,5.1,0.983,325,320,334,323,1.0,True,75.8708,85.7624,70.5655,3.5058,75.4502,"85.76,83.59,81.42,80.33,79.79,79.79,78.71,78.16,77.62,77.62,79.79,78.71,78.16,77.62,77.08,76.54,75.99,75.99,74.91,74.91,75.99,75.99,74.91,74.36,74.36,73.82,73.82,73.28,72.74,72.19,73.82,73.28,72.74,72.74,72.19,71.65,71.65,71.65,70.57,70.57"
Rec-G3_S60_1,1,3,1804,core,327,318,11.31,5.1,0.9805,330,319,339,322,1.0,True,78.4489,91.7325,72.7365,4.2701,77.6212,"91.73,88.48,85.76,84.13,83.05,81.96,80.88,80.88,80.33,79.79,84.13,82.51,80.88,79.79,78.71,78.71,78.16,77.62,77.62,77.08,78.71,78.16,77.62,77.08,76.54,75.99,75.99,75.45,74.91,74.91,75.45,75.45,74.91,74.36,73.82,73.82,73.82,73.28,72.74,72.74"
Rec-G3_S60_1,1,4,1805,core,331,318,0.0,4.0,0.9795,334,319,343,322,1.0,True,78.6524,94.4463,72.7365,4.6922,77.6212,"94.45,90.10,86.85,84.68,83.05,81.96,80.88,80.88,80.33,79.79,85.22,83.05,80.88,79.79,78.71,78.71,78.16,77.62,77.62,77.08,78.71,78.16,77.62,77.08,76.54,75.99,75.99,75.45,75.45,74.91,75.45,75.45,74.91,74.36,73.82,73.82,73.82,73.28,72.74,72.74"
Rec-G3_S60_1,1,5,1806,core,336,318,0.0,5.0,0.9795,339,319,348,322,1.0,True,78.3674,91.7325,72.7365,4.2123,77.6212,"91.73,88.48,85.76,83.59,82.51,81.42,80.88,80.88,80.33,79.79,84.13,81.96,80.88,79.79,78.71,78.16,77.62,77.62,77.62,77.62,78.71,77.62,77.62,77.08,75.99,75.99,75.99,75.45,75.45,74.91,75.99,75.45,74.36,73.82,73.82,73.82,73.82,73.28,73.28,72.74"
Rec-G3_S60_1,1,6,1807,core,341,318,0.0,5.0,0.9798,344,319,353,322,1.0,True,78.5303,90.6471,73.822,3.9108,77.6212,"90.65,87.93,85.22,83.59,82.51,81.96,81.42,80.88,80.88,80.33,83.05,81.42,80.33,79.79,79.79,78.71,78.71,78.16,77.62,77.62,78.16,77.62,77.62,77.08,76.54,76.54,75.99,75.99,75.99,75.99,75.45,74.91,74.91,74.36,74.36,73.82,73.82,73.82,73.82,73.82"
Rec-G3_S60_1,1,7,1808,core,346,318,0.0,5.0,0.9791,349,319,358,322,1.0,True,78.6795,89.5616,73.822,3.6488,78.1639,"89.56,87.39,84.68,83.59,82.51,81.96,81.42,80.88,80.88,80.88,83.05,81.42,80.88,79.79,79.79,78.71,78.71,78.16,78.16,78.16,78.71,77.62,77.62,77.08,77.08,76.54,75.99,75.99,75.99,75.99,75.99,75.45,75.45,74.91,74.91,74.91,74.36,74.36,73.82,73.82"
Rec-G3_S60_1,1,8,1809,core,351,318,0.0,5.0,0.977,354,319,363,322,1.0,True,79.1544,89.0188,74.9074,3.3234,78.7067,"89.02,86.31,84.13,83.59,83.05,82.51,81.96,81.96,81.96,81.42,83.05,81.42,80.88,79.79,79.79,79.79,79.79,78.71,78.71,78.71,78.71,78.16,77.62,77.62,77.62,77.62,77.08,77.08,76.54,76.54,75.99,75.99,75.99,75.99,75.45,75.45,75.45,74.91,74.91,74.91"
Rec-G3_S60_1,1,9,1810,core,355,318,0.0,4.0,0.974,358,319,367,322,1.0,True,80.1314,90.6471,75.9929,3.5893,80.0635,"90.65,87.93,85.76,84.68,84.13,83.59,83.05,83.05,83.05,83.05,84.13,83.05,81.42,80.88,80.88,80.88,80.33,80.33,80.33,80.33,79.79,78.71,78.71,78.16,78.16,78.16,78.16,77.62,77.62,77.62,76.54,76.54,75.99,75.99,75.99,75.99,75.99,75.99,75.99,75.99"
Rec-G3_S60_1,1,10,1811,core,360,318,0.0,5.0,0.9743,363,319,372,322,1.0,True,80.8912,90.6471,76.5357,3.3731,80.3349,"90.65,87.93,86.31,85.76,84.68,84.13,84.13,84.13,84.13,83.59,84.13,83.05,82.51,81.96,81.42,81.42,80.88,80.88,80.88,80.88,79.79,79.79,79.79,78.71,78.71,78.71,78.71,78.71,78.71,78.16,77.62,77.62,77.62,77.62,77.08,77.08,77.08,77.08,77.08,76.54"
Rec-G3_S60_1,1,11,1812,core,365,318,0.0,5.0,0.9744,368,319,377,322,1.0,True,81.3118,90.1043,77.0784,3.2114,81.149,"90.10,87.93,86.85,85.76,85.22,84.68,84.13,84.13,84.13,84.13,84.13,83.05,83.05,82.51,81.96,81.96,81.42,81.42,81.42,81.42,80.88,80.33,79.79,79.79,79.79,79.79,79.79,78.71,78.71,78.71,78.16,78.16,77.62,77.62,77.62,77.62,77.62,77.62,77.62,77.08"
Rec-G3_S60_1,1,12,1813,core,370,317,11.31,5.1,0.9758,373,318,382,321,1.0,True,85.2332,98.7882,79.7922,4.4483,84.6769,"98.79,95.53,92.28,90.65,89.56,89.56,89.02,89.02,89.02,88.48,90.10,87.93,86.85,85.76,85.76,85.76,85.76,85.22,85.76,85.22,84.13,83.59,83.05,83.05,83.05,83.05,83.05,82.51,82.51,82.51,80.88,80.88,80.33,80.33,80.33,80.33,80.33,79.79,79.79,79.79"
Rec-G3_S60_1,1,13,1814,core,375,317,0.0,5.0,0.9741,378,318,387,321,1.0,True,85.4367,98.2455,77.6212,4.5842,84.4055,"98.25,94.99,93.36,91.73,91.19,90.65,89.56,88.48,87.93,85.22,90.10,88.48,87.93,87.93,87.39,86.85,86.31,85.76,84.68,83.05,85.22,84.13,84.13,84.13,84.13,84.13,83.05,83.05,81.96,80.33,81.96,81.42,80.88,80.88,80.88,80.88,80.33,79.79,78.71,77.62"
Rec-G3_S60_1,1,14,1815,core,380,317,0.0,5.0,0.9723,383,318,392,321,0.6,False,81.2304,98.2455,73.822,6.1853,80.3349,"98.25,94.45,92.28,89.56,86.85,81.96,77.62,75.99,75.45,74.91,90.65,89.02,87.93,86.31,84.13,80.33,77.62,75.99,75.45,74.91,85.76,85.22,84.13,83.05,81.42,78.71,76.54,75.99,74.91,74.36,81.96,81.42,80.88,80.33,78.71,77.08,75.99,74.91,74.36,73.82"
Rec-G3_S60_1,1,15,1816,core,384,317,0.0,4.0,0.9734,387,318,396,321,0.2,False,77.8247,96.6172,73.822,4.7806,75.9929,"96.62,88.48,82.51,78.71,77.62,76.54,75.99,75.45,74.91,74.91,89.56,84.13,79.79,77.62,76.54,75.99,75.45,74.91,74.91,74.36,84.13,80.88,77.62,76.54,75.99,75.45,75.45,74.91,74.36,74.36,80.33,78.16,76.54,75.99,75.45,74.91,74.91,74.36,73.82,73.82"
Rec-G3_S60_1,1,16,1817,core,386,317,0.0,2.0,0.9786,389,318,398,321,0.0,False,76.7663,89.5616,73.822,3.1246,75.9929,"89.56,84.13,80.88,78.16,77.08,75.99,75.99,75.45,75.45,74.91,83.59,80.33,78.16,77.08,75.99,75.99,75.45,74.91,74.36,74.36,79.79,77.62,76.54,75.99,75.99,75.45,74.91,74.91,74.36,73.82,77.62,76.54,75.99,75.45,75.45,74.91,74.91,74.36,74.36,73.82"
Rec-G3_S60_1,2,1,1975,core,317,319,-90.0,1.0,0.9825,320,320,329,323,1.0,True,83.0622,91.7325,77.6212,3.8977,82.2345,"91.73,90.65,89.56,88.48,87.93,87.93,87.93,87.39,86.85,86.31,85.22,85.22,84.68,84.68,84.68,84.68,84.13,84.13,83.59,83.05,80.88,80.88,81.42,81.42,81.42,81.42,81.42,80.88,80.33,79.79,78.16,78.16,78.71,78.71,78.71,78.71,78.71,78.16,78.16,77.62"
Rec-G3_S60_1,2,2,1976,core,322,319,0.0,5.0,0.9794,325,320,334,323,1.0,True,83.1979,93.3608,77.6212,3.9213,83.0486,"93.36,91.19,89.56,89.02,87.93,87.39,86.85,85.76,85.76,85.22,87.39,86.31,85.76,85.22,84.68,84.13,83.59,83.05,83.05,82.51,83.05,83.05,82.51,81.96,81.42,80.88,80.88,80.33,79.79,79.79,79.79,79.79,79.79,78.71,78.71,78.71,78.16,77.62,77.62,77.62"
Rec-G3_S60_1,2,3,1977,core,327,318,11.31,5.1,0.9775,330,319,339,322,1.0,True,85.8573,99.8737,79.7922,4.5715,85.491,"99.87,96.07,93.36,91.73,90.65,89.56,89.56,88.48,87.93,87.39,91.73,90.10,88.48,87.93,86.85,86.31,85.76,85.76,85.22,84.13,86.31,85.76,84.68,84.13,83.59,83.59,83.05,83.05,82.51,81.96,82.51,81.96,81.42,80.88,80.88,80.88,80.33,80.33,79.79,79.79"
Rec-G3_S60_1,2,4,1978,core,331,318,0.0,4.0,0.9779,334,319,343,322,1.0,True,85.9116,101.502,79.7922,4.7964,84.9482,"101.50,97.16,94.45,91.73,90.65,89.56,89.02,87.93,87.93,87.39,92.28,90.10,88.48,87.93,86.85,85.76,85.76,85.22,84.68,84.13,86.31,85.22,84.68,84.13,84.13,83.59,83.05,83.05,82.51,81.96,82.51,81.96,81.96,80.88,80.88,80.88,80.33,80.33,79.79,79.79"
Rec-G3_S60_1,2,5,1979,core,336,318,0.0,5.0,0.9773,339,319,348,322,1.0,True,85.206,98.2455,79.7922,4.2589,84.4055,"98.25,95.53,92.28,90.65,89.56,88.48,87.93,87.39,86.85,86.31,91.19,89.02,87.93,86.85,85.76,85.76,85.22,84.68,84.13,84.13,85.76,84.68,84.13,83.59,83.05,83.05,82.51,82.51,81.96,81.42,83.05,81.96,80.88,80.88,80.88,80.33,80.33,79.79,79.79,79.79"
Rec-G3_S60_1,2,6,1980,core,341,318,0.0,5.0,0.9758,344,319,353,322,1.0,True,84.6362,96.6172,79.7922,3.8481,84.1341,"96.62,93.36,91.19,89.56,88.48,87.93,87.39,86.85,86.31,86.31,89.56,87.93,86.85,85.76,85.76,85.22,84.68,84.13,84.13,83.59,84.68,84.13,83.59,83.05,83.05,83.05,82.51,81.96,81.96,81.42,81.42,80.88,80.88,80.88,80.88,80.33,79.79,79.79,79.79,79.79"
Rec-G3_S60_1,2,7,1981,core,346,318,0.0,5.0,0.9735,349,319,358,322,1.0,True,84.5276,95.5318,79.7922,3.5878,84.1341,"95.53,92.28,90.65,89.02,87.93,87.93,87.39,86.85,86.85,86.31,89.02,87.39,86.31,85.76,85.22,85.22,84.68,84.13,84.13,84.13,84.13,84.13,83.59,83.05,83.05,83.05,82.51,81.96,81.96,81.42,81.42,81.42,80.88,80.88,80.88,80.33,80.33,79.79,79.79,79.79"
Rec-G3_S60_1,2,8,1982,core,351,318,0.0,5.0,0.9701,354,319,363,322,1.0,True,84.8125,94.4463,80.3349,3.2964,84.6769,"94.45,91.19,89.56,89.02,88.48,87.93,87.93,87.93,87.93,87.93,87.93,86.85,85.76,85.76,85.76,85.76,85.22,85.22,85.22,85.22,84.13,83.59,83.59,83.05,83.05,83.05,83.05,83.05,83.05,83.05,81.42,80.88,80.88,80.88,80.88,80.88,80.88,80.88,80.88,80.33"
Rec-G3_S60_1,2,9,1983,core,355,318,0.0,4.0,0.9709,358,319,367,322,1.0,True,85.8302,95.5318,81.4204,3.6311,85.491,"95.53,93.36,91.19,90.10,90.10,89.56,89.56,89.56,89.56,89.56,89.02,87.93,87.39,86.85,86.85,86.31,86.31,86.31,86.31,86.31,84.68,84.13,84.13,84.13,84.13,84.13,84.13,84.13,83.59,83.59,81.96,81.42,81.42,81.42,81.42,81.42,81.42,81.42,81.42,81.42"
Rec-G3_S60_1,2,10,1984,core,360,318,0.0,5.0,0.9708,363,319,372,322,1.0,True,86.6714,96.0745,81.9631,3.6396,86.0337,"96.07,94.45,92.28,91.19,91.19,90.65,90.65,90.10,90.10,90.10,89.56,89.02,87.93,87.93,87.93,87.93,87.39,87.39,86.85,86.85,85.22,85.22,85.22,84.68,84.68,84.68,84.68,84.13,84.13,84.13,83.05,82.51,82.51,82.51,82.51,82.51,82.51,82.51,81.96,81.96"
Rec-G3_S60_1,2,11,1985,core,365,317,11.31,5.1,0.971,368,318,377,321,1.0,True,91.0541,105.8439,85.2196,5.0167,90.6471,"105.84,102.04,99.33,97.70,96.62,96.07,95.53,95.53,94.99,94.99,96.07,94.45,93.36,92.28,91.73,91.19,91.19,91.19,91.19,91.19,90.10,89.56,89.02,88.48,87.93,87.93,87.93,87.93,87.93,87.93,86.31,85.76,85.76,85.76,85.22,85.22,85.22,85.22,85.22,85.22"
Rec-G3_S60_1,2,12,1986,core,370,317,0.0,5.0,0.974,373,318,382,321,1.0,True,91.5155,105.3012,85.2196,4.7638,90.9184,"105.30,102.04,99.33,98.25,97.16,96.62,95.53,95.53,94.99,94.45,96.07,94.99,93.36,92.28,92.28,92.28,92.28,91.73,91.19,91.19,90.65,89.56,89.56,89.56,89.56,89.56,89.02,89.02,88.48,87.93,86.85,86.31,86.31,86.31,86.31,86.31,85.76,85.76,85.76,85.22"
Rec-G3_S60_1,2,13,1987,core,375,317,0.0,5.0,0.973,378,318,387,321,1.0,True,90.4164,105.3012,81.4204,4.983,89.8329,"105.30,101.50,98.79,97.16,95.53,94.99,93.36,92.28,91.19,87.93,96.62,94.99,93.36,93.36,92.28,91.73,91.19,90.10,89.02,85.76,91.19,90.65,90.10,89.56,89.56,89.02,87.93,87.39,85.76,83.59,87.93,87.39,86.85,86.85,86.31,85.76,85.22,84.13,83.59,81.42"
Rec-G3_S60_1,2,14,1988,core,379,317,0.0,4.0,0.9715,382,318,391,321,0.7,False,86.0337,106.9294,74.9074,8.266,86.0337,"106.93,103.13,98.79,96.07,93.36,90.10,84.13,78.71,76.54,75.99,98.25,95.53,93.36,92.28,90.65,87.93,83.05,78.16,76.54,75.45,91.73,91.19,90.10,89.02,87.93,85.22,80.88,77.62,75.99,74.91,87.93,87.39,86.31,85.76,84.68,83.05,79.79,76.54,75.45,74.91"
Rec-G3_S60_1,2,15,1989,core,384,317,0.0,5.0,0.9741,387,318,396,321,0.2,False,78.6117,99.331,73.822,5.6088,75.9929,"99.33,90.65,83.05,79.79,77.62,76.54,75.99,75.45,75.45,74.91,92.28,85.76,80.88,77.62,76.54,75.99,75.99,75.45,74.91,74.36,87.93,83.05,78.71,77.08,75.99,75.99,75.45,74.91,74.36,73.82,84.13,80.88,77.62,76.54,75.99,75.45,74.91,74.91,74.36,73.82"
Rec-G3_S60_1,2,16,1990,core,386,317,0.0,2.0,0.9784,389,318,398,321,0.0,False,76.997,90.1043,73.822,3.3115,75.9929,"90.10,84.68,80.88,78.71,77.08,75.99,75.99,75.45,75.45,74.91,84.68,80.88,78.16,77.08,75.99,75.99,75.45,75.45,74.91,74.91,80.88,78.16,77.08,75.99,75.99,75.45,74.91,74.91,74.36,73.82,78.71,77.08,75.99,75.99,75.45,75.45,74.91,74.36,73.82,73.82"
Rec-G3_S60_1,3,1,2144,core,317,319,-90.0,1.0,0.9814,320,320,329,323,1.0,True,86.183,92.2753,81.4204,3.36,85.7624,"92.28,91.73,91.19,91.19,90.65,90.65,90.65,90.10,89.56,89.56,87.39,87.93,87.93,87.93,87.93,87.93,87.93,87.39,87.39,86.85,83.59,84.13,84.13,84.68,84.68,84.68,84.68,84.13,84.13,84.13,81.42,81.42,81.96,82.51,82.51,82.51,82.51,81.96,81.96,81.42"
Rec-G3_S60_1,3,2,2145,core,319,319,0.0,2.0,0.9821,322,320,331,323,1.0,True,86.7936,94.989,81.4204,3.4386,86.3051,"94.99,93.36,92.28,91.19,91.19,91.19,90.65,90.10,89.56,89.56,89.56,89.02,88.48,88.48,88.48,87.93,87.93,87.39,86.85,86.85,85.76,85.76,85.76,85.22,85.22,85.22,84.68,84.13,84.13,84.13,83.05,83.05,83.05,83.05,83.05,83.05,82.51,82.51,81.96,81.42"
Rec-G3_S60_1,3,3,2146,core,324,318,11.31,5.1,0.9772,327,319,336,322,1.0,True,89.7515,103.6729,83.5914,4.4551,89.2902,"103.67,100.42,97.16,95.53,94.45,93.36,92.28,91.73,91.19,91.19,95.53,93.36,92.28,91.19,91.19,90.10,89.56,89.56,89.02,88.48,90.10,89.56,89.02,88.48,87.93,87.93,87.39,86.85,86.31,85.76,86.31,85.76,85.76,85.76,85.22,84.68,84.13,84.13,84.13,83.59"
Rec-G3_S60_1,3,4,2147,core,328,318,0.0,4.0,0.9774,331,319,340,322,1.0,True,89.9415,105.8439,84.1341,4.8029,89.2902,"105.84,102.04,98.25,95.53,94.45,93.36,92.28,91.73,91.19,90.65,96.62,94.45,92.28,91.19,91.19,90.10,89.56,89.56,88.48,88.48,90.65,89.56,89.02,88.48,87.93,87.93,87.39,86.85,86.31,85.76,86.31,85.76,85.76,85.22,85.22,85.22,84.68,84.13,84.13,84.13"
Rec-G3_S60_1,3,5,2148,core,333,318,0.0,5.0,0.9776,336,319,345,322,1.0,True,89.2088,103.1302,83.5914,4.2573,88.4761,"103.13,99.33,96.07,94.45,93.36,92.28,91.73,91.19,90.65,90.10,94.99,93.36,91.19,90.65,90.10,89.56,89.56,88.48,88.48,87.93,89.56,89.02,88.48,87.93,87.39,87.39,86.85,86.31,85.76,85.76,85.76,85.76,85.76,85.22,84.68,84.68,84.13,84.13,83.59,83.59"
Rec-G3_S60_1,3,6,2149,core,338,318,0.0,5.0,0.9763,341,319,350,322,1.0,True,88.7203,100.9592,83.5914,3.9156,88.2047,"100.96,97.70,95.53,93.36,92.28,91.73,91.19,90.65,90.10,89.56,94.45,92.28,91.19,90.10,89.56,89.02,89.02,88.48,87.93,87.93,89.56,88.48,87.93,87.39,86.85,86.85,86.31,85.76,85.76,85.76,85.76,85.76,85.22,84.68,84.13,84.13,84.13,84.13,83.59,83.59"
Rec-G3_S60_1,3,7,2150,core,343,318,0.0,5.0,0.9734,346,319,355,322,1.0,True,88.5032,99.331,83.5914,3.5319,87.9333,"99.33,96.07,94.45,92.28,92.28,91.19,91.19,90.65,90.65,90.10,93.36,91.19,90.65,89.56,89.56,89.02,89.02,88.48,87.93,87.93,89.02,87.93,87.93,87.39,86.85,86.85,86.31,85.76,85.76,85.76,85.76,85.76,85.22,84.68,84.68,84.13,84.13,84.13,83.59,83.59"
Rec-G3_S60_1,3,8,2151,core,348,318,0.0,5.0,0.9709,351,319,360,322,1.0,True,88.6525,98.2455,84.1341,3.3641,88.7475,"98.25,95.53,94.45,92.28,92.28,91.73,91.19,91.19,91.19,91.19,92.28,91.19,90.10,89.56,89.56,89.56,89.56,89.02,89.02,89.02,88.48,87.93,87.93,87.39,87.39,86.85,86.85,86.31,86.31,86.31,85.76,85.22,85.22,84.68,84.68,84.13,84.13,84.13,84.13,84.13"
Rec-G3_S60_1,3,9,2152,core,352,318,0.0,4.0,0.9703,355,319,364,322,1.0,True,89.7244,100.4165,85.2196,3.6311,89.5616,"100.42,98.25,95.53,94.45,93.36,93.36,92.28,92.28,92.28,92.28,93.36,92.28,91.19,90.65,90.65,90.65,90.10,90.10,89.56,90.10,89.56,88.48,87.93,87.93,87.93,87.93,87.93,87.93,87.39,87.39,85.76,85.76,85.76,85.76,85.76,85.76,85.22,85.22,85.22,85.22"
Rec-G3_S60_1,3,10,2153,core,357,318,0.0,5.0,0.9701,360,319,369,322,1.0,True,90.4164,100.4165,85.7624,3.6061,90.1043,"100.42,97.70,96.07,94.99,94.45,94.45,93.36,93.36,93.36,93.36,94.45,92.28,92.28,91.73,91.19,91.19,91.19,91.19,90.65,90.65,89.56,89.56,89.02,89.02,89.02,89.02,88.48,87.93,87.93,87.93,86.31,86.31,86.31,86.31,86.31,86.31,85.76,85.76,85.76,85.76"
Rec-G3_S60_1,3,11,2154,core,362,317,11.31,5.1,0.9698,365,318,374,321,1.0,True,94.487,110.1859,88.4761,4.9063,93.9035,"110.19,105.84,103.13,100.96,99.33,98.25,98.25,97.70,97.16,96.62,100.42,98.25,96.62,95.53,95.53,94.99,94.45,94.45,94.45,93.36,94.45,93.36,92.28,92.28,92.28,91.73,91.19,91.19,91.19,91.19,90.10,89.56,89.56,89.56,89.56,89.56,89.02,89.02,88.48,88.48"
Rec-G3_S60_1,3,12,2155,core,367,317,0.0,5.0,0.9728,370,318,379,321,1.0,True,94.4056,108.5576,89.0188,4.4877,94.4463,"108.56,105.30,102.04,99.87,98.79,98.25,97.70,97.16,96.62,96.07,99.87,97.70,96.07,95.53,95.53,94.99,94.45,94.45,94.45,94.45,94.45,93.36,92.28,92.28,92.28,92.28,91.73,91.73,91.73,91.19,90.10,89.56,89.56,89.56,89.56,89.56,89.56,89.56,89.02,89.02"
Rec-G3_S60_1,3,13,2156,core,372,317,0.0,5.0,0.9733,375,318,384,321,1.0,True,94.0121,106.9294,87.3906,4.3014,93.3608,"106.93,103.67,101.50,99.33,98.25,98.25,97.16,96.07,95.53,94.45,99.33,97.70,96.62,95.53,95.53,94.99,94.45,94.45,93.36,92.28,94.45,93.36,93.36,93.36,92.28,92.28,91.73,91.19,90.65,89.56,90.65,90.10,90.10,90.10,89.56,89.56,89.02,88.48,87.93,87.39"
Rec-G3_S60_1,3,14,2157,core,376,317,0.0,4.0,0.9722,379,318,388,321,1.0,True,92.2346,109.1004,79.7922,6.1517,91.4612,"109.10,105.84,102.04,99.33,98.25,96.07,94.99,93.36,90.10,84.13,100.96,98.25,97.16,95.53,94.45,93.36,92.28,91.19,88.48,83.05,95.53,94.45,93.36,92.28,91.73,91.19,90.10,89.02,85.76,81.42,91.19,90.65,90.10,89.56,89.56,88.48,87.39,85.76,84.13,79.79"
Rec-G3_S60_1,3,15,2158,core,381,317,0.0,5.0,0.9746,384,318,393,321,0.5,False,83.8763,106.3867,74.3647,8.9025,80.6063,"106.39,102.04,98.25,93.36,86.31,80.33,77.62,75.99,75.45,74.91,98.79,96.07,94.45,90.65,84.68,79.79,77.62,75.99,75.45,74.36,93.36,91.73,90.65,87.93,83.05,78.71,76.54,75.45,74.91,74.36,89.56,88.48,87.39,85.22,80.88,77.62,75.99,75.45,74.91,74.36"
Rec-G3_S60_1,3,16,2159,core,386,317,0.0,5.0,0.9764,389,318,398,321,0.0,False,76.6849,88.4761,73.822,2.9428,75.9929,"88.48,83.05,79.79,77.62,76.54,75.99,75.99,75.45,74.91,74.91,83.59,79.79,77.62,76.54,75.99,75.99,75.45,74.91,74.36,74.36,80.33,78.16,77.08,75.99,75.99,75.45,74.91,74.91,74.36,73.82,78.71,77.08,75.99,75.99,75.45,74.91,74.91,74.36,73.82,73.82"
Rec-G3_S60_1,3,17,2160,core,386,317,0.0,0.0,0.9829,389,318,398,321,0.0,False,76.8206,89.5616,73.822,3.1833,75.9929,"89.56,84.13,80.33,77.62,77.08,75.99,75.99,75.45,75.45,74.91,84.13,80.33,77.62,76.54,75.99,75.99,75.45,74.91,74.36,74.36,80.88,78.16,77.08,75.99,75.99,75.45,74.91,74.91,74.36,73.82,78.71,77.08,75.99,75.99,75.45,74.91,74.91,74.36,73.82,73.82"
Rec-G3_S60_1,4,1,2311,core,317,319,-90.0,1.0,0.9813,320,320,329,323,1.0,True,88.2047,94.4463,83.0486,3.1367,88.2047,"94.45,93.36,92.28,92.28,92.28,92.28,92.28,92.28,91.73,91.19,89.02,89.56,89.56,89.56,89.56,89.56,89.56,89.56,89.56,89.56,85.76,85.76,86.85,86.85,86.85,87.39,87.39,86.85,86.85,86.31,83.05,83.59,84.13,84.13,84.68,84.68,84.68,84.68,84.13,84.13"
Rec-G3_S60_1,4,2,2312,core,320,319,0.0,3.0,0.9801,323,320,332,323,1.0,True,89.2902,98.2455,84.1341,3.3894,88.7475,"98.25,96.07,94.99,94.45,93.36,92.28,92.28,92.28,91.73,91.19,92.28,91.19,91.19,91.19,90.65,90.65,90.10,89.56,89.56,89.56,87.93,87.93,87.93,87.93,87.93,87.93,87.93,87.39,86.85,86.85,85.76,85.76,85.76,85.76,85.22,85.22,85.22,84.68,84.68,84.13"
Rec-G3_S60_1,4,3,2313,core,325,318,11.31,5.1,0.9784,328,319,337,322,1.0,True,92.5195,108.0149,86.3051,4.5716,91.7325,"108.01,103.67,100.42,98.25,96.62,95.53,94.99,94.45,93.36,92.28,98.25,96.62,95.53,94.45,93.36,92.28,92.28,91.73,91.19,90.65,93.36,92.28,91.73,91.19,91.19,90.65,89.56,89.56,89.56,89.02,89.56,89.02,88.48,87.93,87.93,87.93,87.39,87.39,86.85,86.31"
Rec-G3_S60_1,4,4,2314,core,330,318,0.0,5.0,0.9785,333,319,342,322,1.0,True,91.7461,105.3012,85.7624,4.1129,91.1898,"105.30,102.04,98.25,96.62,95.53,94.45,94.45,93.36,92.28,91.73,97.70,95.53,94.45,93.36,92.28,91.73,91.19,91.19,90.65,90.10,92.28,91.73,91.19,90.65,90.65,89.56,89.56,89.02,88.48,87.93,89.56,89.02,88.48,87.93,87.93,87.39,87.39,86.85,86.31,85.76"
Rec-G3_S60_1,4,5,2315,core,335,318,0.0,5.0,0.9767,338,319,347,322,1.0,True,91.0948,103.1302,85.7624,3.7835,90.9184,"103.13,100.42,97.70,95.53,94.45,93.36,93.36,92.28,91.73,91.19,96.62,94.99,93.36,92.28,91.73,91.19,91.19,90.65,90.10,89.56,91.73,91.19,91.19,90.10,89.56,89.56,89.02,88.48,87.93,87.93,89.02,88.48,87.93,87.93,87.39,86.85,86.85,86.31,85.76,85.76"
Rec-G3_S60_1,4,6,2316,core,340,318,0.0,5.0,0.9736,343,319,352,322,1.0,True,90.3893,100.9592,85.7624,3.3014,89.8329,"100.96,98.25,95.53,94.45,93.36,92.28,92.28,91.73,91.19,91.19,94.99,93.36,92.28,91.73,91.19,91.19,90.65,90.10,89.56,89.56,91.19,90.65,89.56,89.56,89.56,89.02,88.48,87.93,87.93,87.93,87.93,87.93,87.39,87.39,86.85,86.85,86.31,85.76,85.76,85.76"
Rec-G3_S60_1,4,7,2317,core,344,318,0.0,4.0,0.9735,347,319,356,322,1.0,True,90.8506,103.1302,85.7624,3.5749,90.3757,"103.13,99.33,96.62,94.99,94.45,93.36,92.28,92.28,91.73,91.73,95.53,94.45,92.28,91.73,91.19,91.19,91.19,90.65,90.10,90.10,91.19,90.65,90.10,89.56,89.56,89.56,89.02,88.48,88.48,87.93,87.93,87.93,87.93,87.93,87.39,86.85,86.85,86.31,86.31,85.76"
Rec-G3_S60_1,4,8,2318,core,349,318,0.0,5.0,0.9726,352,319,361,322,1.0,True,91.027,101.502,86.8478,3.2228,91.1898,"101.50,98.25,96.07,94.99,94.45,93.36,93.36,92.28,93.36,92.28,94.99,93.36,92.28,92.28,91.73,91.19,91.19,91.19,91.19,91.19,91.19,90.10,90.10,89.56,89.56,89.56,89.56,89.02,89.02,89.02,87.93,87.93,87.93,87.39,87.39,87.39,87.39,86.85,86.85,86.85"
Rec-G3_S60_1,4,9,2319,core,354,318,0.0,5.0,0.9709,357,319,366,322,1.0,True,91.7597,100.9592,87.9333,3.1576,91.7325,"100.96,98.25,96.07,95.53,94.99,94.99,94.45,94.45,94.45,94.45,94.99,94.45,93.36,92.28,92.28,92.28,92.28,92.28,92.28,92.28,91.19,91.19,90.65,90.10,90.10,90.10,90.10,90.10,90.10,90.10,87.93,87.93,87.93,87.93,87.93,87.93,87.93,87.93,87.93,87.93"
Rec-G3_S60_1,4,10,2320,core,359,318,0.0,5.0,0.9692,362,319,371,322,1.0,True,92.6552,100.9592,88.4761,3.0515,92.5467,"100.96,98.79,97.16,96.07,95.53,95.53,95.53,95.53,95.53,95.53,95.53,94.45,94.45,94.45,93.36,93.36,93.36,93.36,93.36,93.36,91.73,91.19,91.19,91.19,91.19,91.19,91.19,91.19,91.19,90.65,89.56,89.02,89.02,89.02,89.02,89.02,89.02,88.48,88.48,88.48"
Rec-G3_S60_1,4,11,2321,core,364,317,11.31,5.1,0.969,367,318,376,321,1.0,True,96.4409,109.6431,91.1898,4.0349,96.0745,"109.64,105.84,103.13,101.50,100.42,99.87,98.79,98.25,98.25,98.25,101.50,99.33,98.25,97.70,97.16,96.62,96.62,96.62,96.07,96.07,96.07,95.53,94.99,94.99,94.99,94.45,94.45,94.45,94.45,94.45,92.28,92.28,92.28,92.28,92.28,91.73,91.73,91.73,91.19,91.19"
Rec-G3_S60_1,4,12,2322,core,368,317,0.0,4.0,0.9701,371,318,380,321,1.0,True,97.4042,112.8996,91.1898,4.6577,96.6172,"112.90,109.10,105.30,103.13,101.50,100.42,99.87,99.87,98.79,98.25,103.67,101.50,99.33,98.25,98.25,97.70,97.70,97.16,96.62,96.07,97.70,96.62,96.07,95.53,95.53,95.53,95.53,94.99,94.45,94.45,93.36,93.36,93.36,92.28,92.28,92.28,92.28,92.28,91.73,91.19"
Rec-G3_S60_1,4,13,2323,core,373,317,0.0,5.0,0.9732,376,318,385,321,1.0,True,96.6851,111.8141,88.4761,4.8502,95.8031,"111.81,108.56,105.30,102.04,101.50,99.87,98.79,98.25,96.62,95.53,103.13,101.50,99.87,98.79,98.25,97.16,96.62,95.53,94.99,93.36,98.25,97.70,96.62,96.07,95.53,94.99,94.45,93.36,92.28,91.19,94.45,93.36,93.36,93.36,92.28,92.28,91.19,91.19,89.56,88.48"
Rec-G3_S60_1,4,14,2324,core,378,317,0.0,5.0,0.9753,381,318,390,321,0.8,False,90.5928,110.1859,75.9929,8.7353,92.0039,"110.19,106.39,103.13,99.87,98.25,95.53,92.28,85.76,79.79,77.08,102.04,99.87,98.25,97.16,95.53,93.36,90.65,84.68,78.71,76.54,97.16,95.53,94.99,94.45,92.28,91.19,87.93,83.05,78.16,75.99,93.36,92.28,91.73,91.19,90.10,88.48,85.76,81.42,77.62,75.99"
Rec-G3_S60_1,4,15,2325,core,383,317,0.0,5.0,0.976,386,318,395,321,0.3,False,80.9591,104.2157,74.3647,7.8469,77.0784,"104.22,98.25,89.56,82.51,78.71,77.08,75.99,75.99,74.91,74.91,98.25,93.36,86.85,80.88,77.62,76.54,75.99,75.45,74.91,74.91,93.36,90.10,84.13,79.79,77.62,75.99,75.45,74.91,74.91,74.36,90.10,87.39,82.51,78.71,77.08,75.99,75.45,74.91,74.36,74.36"
Rec-G3_S60_1,4,16,2326,core,386,317,0.0,3.0,0.978,389,318,398,321,0.0,False,77.3362,91.1898,73.822,3.5652,75.9929,"91.19,85.76,81.42,78.71,77.62,75.99,75.99,75.99,75.45,74.91,85.76,81.42,78.71,77.62,76.54,75.99,75.45,75.45,74.91,74.91,81.42,78.71,77.62,76.54,75.99,75.45,74.91,74.91,74.36,74.36,79.79,77.62,76.54,75.99,75.99,75.45,74.91,74.91,74.36,73.82"
Rec-G3_S60_1,5,1,2480,core,317,318,0.0,0.0,0.9815,320,319,329,322,1.0,True,92.8452,104.2157,86.8478,3.8929,92.2753,"104.22,102.04,99.33,98.25,97.16,97.16,96.62,96.07,95.53,95.53,94.99,94.45,94.45,93.36,93.36,93.36,93.36,93.36,93.36,93.36,89.56,90.65,91.19,91.19,91.19,91.19,91.19,91.19,91.19,91.19,86.85,87.93,87.93,88.48,89.02,89.02,89.02,89.02,89.02,88.48"
Rec-G3_S60_1,5,2,2481,core,319,319,-26.57,2.24,0.9816,322,320,331,323,1.0,True,90.742,97.7027,86.3051,2.9898,90.3757,"97.70,96.07,95.53,94.99,94.45,94.45,94.45,93.36,93.36,93.36,92.28,92.28,92.28,92.28,92.28,91.73,91.73,91.19,91.19,91.19,89.02,89.56,89.56,89.56,89.56,89.56,89.56,89.56,89.02,89.02,86.31,86.85,86.85,87.39,87.39,87.39,87.39,86.85,86.85,86.31"
Rec-G3_S60_1,5,3,2482,core,324,318,11.31,5.1,0.9778,327,319,336,322,1.0,True,93.7678,106.9294,88.4761,3.9526,93.3608,"106.93,103.13,100.96,98.25,97.70,96.62,95.53,95.53,94.99,94.45,98.79,97.16,96.07,95.53,94.45,94.45,93.36,93.36,92.28,92.28,94.45,93.36,93.36,92.28,92.28,92.28,91.19,91.19,91.19,90.65,90.65,90.65,90.10,90.10,89.56,89.56,89.56,89.02,89.02,88.48"
Rec-G3_S60_1,5,4,2483,core,328,318,0.0,4.0,0.978,331,319,340,322,1.0,True,93.9578,109.6431,87.9333,4.5015,93.3608,"109.64,105.30,102.04,98.79,97.70,96.62,95.53,94.99,94.45,93.36,100.42,98.25,96.62,95.53,94.45,94.45,93.36,93.36,92.28,91.73,94.99,94.45,93.36,92.28,92.28,91.73,91.19,91.19,90.65,89.56,91.19,91.19,90.65,90.10,90.10,89.56,89.56,89.02,88.48,87.93"
Rec-G3_S60_1,5,5,2484,core,333,318,0.0,5.0,0.9783,336,319,345,322,1.0,True,93.0487,106.9294,87.9333,4.0377,92.2753,"106.93,103.13,99.87,98.25,96.07,95.53,94.45,94.45,93.36,92.28,98.79,97.16,95.53,94.45,93.36,93.36,92.28,91.73,91.19,91.19,94.45,93.36,92.28,92.28,91.19,91.19,90.65,90.10,89.56,89.56,91.19,91.19,90.10,90.10,89.56,89.56,88.48,87.93,87.93,87.93"
Rec-G3_S60_1,5,6,2485,core,338,318,0.0,5.0,0.9775,341,319,350,322,1.0,True,92.1396,104.2157,87.3906,3.5832,91.4612,"104.22,100.96,98.25,96.07,95.53,94.45,93.36,93.36,92.28,92.28,97.70,95.53,94.45,93.36,92.28,92.28,91.73,91.19,91.19,90.65,93.36,92.28,91.73,91.19,90.65,90.65,90.10,89.56,89.56,89.02,90.10,89.56,89.56,89.02,88.48,88.48,87.93,87.93,87.93,87.39"
Rec-G3_S60_1,5,7,2486,core,343,318,0.0,5.0,0.9743,346,319,355,322,1.0,True,91.6511,102.0447,87.9333,3.0426,91.1898,"102.04,98.79,96.62,95.53,94.45,93.36,93.36,93.36,92.28,92.28,95.53,94.45,93.36,92.28,92.28,91.73,91.73,91.19,91.19,91.19,92.28,91.19,91.19,90.65,90.10,90.10,90.10,89.56,89.56,89.56,89.56,89.56,89.02,88.48,88.48,87.93,87.93,87.93,87.93,87.93"
Rec-G3_S60_1,5,8,2487,core,348,318,0.0,5.0,0.9709,351,319,360,322,1.0,True,91.9496,101.502,87.9333,2.9474,91.7325,"101.50,98.25,96.62,95.53,94.99,94.45,94.45,93.36,93.36,93.36,95.53,94.45,93.36,93.36,92.28,92.28,92.28,91.73,91.73,91.73,91.73,91.19,91.19,91.19,90.65,90.65,90.10,90.10,90.10,89.56,89.56,89.56,89.02,89.02,89.02,88.48,88.48,87.93,87.93,87.93"
Rec-G3_S60_1,5,9,2488,core,352,318,0.0,4.0,0.9706,355,319,364,322,1.0,True,92.9266,103.1302,89.0188,3.1907,92.818,"103.13,100.42,98.25,96.62,95.53,95.53,94.99,94.99,94.99,94.45,96.62,95.53,94.45,93.36,93.36,93.36,93.36,93.36,93.36,93.36,92.28,92.28,91.73,91.19,91.19,91.19,91.19,91.19,91.19,91.19,89.56,89.56,89.56,89.56,89.56,89.56,89.02,89.02,89.02,89.02"
Rec-G3_S60_1,5,10,2489,core,357,318,0.0,5.0,0.97,360,319,369,322,1.0,True,93.7,103.1302,89.5616,3.164,93.9035,"103.13,100.42,98.79,97.70,96.62,96.62,96.07,96.07,95.53,95.53,97.16,95.53,95.53,94.99,94.45,94.45,94.45,94.45,94.45,94.45,93.36,92.28,92.28,92.28,92.28,92.28,92.28,91.73,91.73,91.73,90.10,90.10,90.10,90.10,90.10,90.10,90.10,89.56,89.56,89.56"
Rec-G3_S60_1,5,11,2490,core,362,317,11.31,5.1,0.9704,365,318,374,321,1.0,True,97.3228,112.8996,92.2753,4.2825,96.6172,"112.90,108.01,104.22,102.04,100.96,99.87,99.33,98.79,98.25,98.25,103.13,100.96,99.33,98.25,97.70,97.70,96.62,96.62,96.62,96.62,97.70,96.62,96.07,95.53,95.53,95.53,94.99,94.99,94.99,94.45,94.45,93.36,93.36,93.36,93.36,93.36,92.28,92.28,92.28,92.28"
Rec-G3_S60_1,5,12,2491,core,367,317,0.0,5.0,0.9728,370,318,379,321,1.0,True,97.6892,111.2714,92.2753,3.9015,97.16,"111.27,107.47,103.67,102.04,100.96,100.42,99.87,99.33,99.33,98.79,103.13,100.96,99.33,98.25,98.25,98.25,97.70,97.70,97.16,96.62,97.70,97.16,96.07,96.07,96.07,95.53,95.53,95.53,95.53,94.99,94.45,94.45,94.45,94.45,93.36,93.36,93.36,93.36,93.36,92.28"
Rec-G3_S60_1,5,13,2492,core,372,317,0.0,5.0,0.9737,375,318,384,321,1.0,True,97.4992,110.1859,90.6471,4.0428,96.8886,"110.19,106.93,104.22,103.13,101.50,100.96,99.87,98.79,98.25,96.62,103.13,100.96,99.87,99.33,98.25,98.25,97.70,96.62,95.53,94.99,98.25,97.70,97.16,97.16,96.07,95.53,95.53,94.99,94.45,93.36,94.99,94.99,94.45,94.45,94.45,93.36,93.36,92.28,91.73,90.65"
Rec-G3_S60_1,5,14,2493,core,376,317,0.0,4.0,0.9741,379,318,388,321,1.0,True,95.3825,112.8996,81.9631,6.5804,95.5318,"112.90,109.64,105.84,103.13,100.96,98.79,97.16,95.53,92.28,85.76,105.30,102.04,100.42,98.79,97.70,96.62,95.53,93.36,91.19,85.22,98.79,98.25,97.16,96.07,95.53,94.45,93.36,91.19,88.48,83.05,95.53,94.99,94.45,93.36,92.28,91.73,90.65,89.56,86.31,81.96"
Rec-G3_S60_1,5,15,2494,core,381,317,0.0,5.0,0.9765,384,318,393,321,0.5,False,85.301,109.1004,74.3647,9.7759,82.2345,"109.10,104.22,99.87,95.53,87.93,81.42,77.62,76.54,75.99,75.45,101.50,98.79,96.07,92.28,86.31,80.88,77.62,75.99,75.45,74.91,96.62,94.99,93.36,90.10,84.68,79.79,77.08,75.99,75.45,74.91,92.28,91.73,90.10,87.93,83.05,78.71,76.54,75.99,74.91,74.36"
Rec-G3_S60_1,5,16,2495,core,386,317,0.0,5.0,0.9781,389,318,398,321,0.0,False,76.9292,89.5616,73.822,3.2338,75.7216,"89.56,83.59,80.33,78.16,77.08,75.99,75.45,75.45,74.91,74.91,84.68,80.33,78.16,77.08,75.99,75.45,75.45,74.91,74.91,74.36,81.42,78.71,77.08,75.99,75.99,75.45,74.91,74.91,74.36,73.82,79.79,77.62,76.54,75.99,75.45,74.91,74.91,74.36,74.36,73.82"
Rec-G3_S60_1,6,1,2648,core,317,319,-90.0,1.0,0.9793,320,320,329,323,1.0,True,91.122,97.7027,85.7624,3.0874,90.6471,"97.70,96.62,95.53,95.53,95.53,94.99,94.99,94.99,94.45,94.45,91.19,91.73,91.73,92.28,92.28,92.28,92.28,92.28,92.28,92.28,87.93,88.48,89.56,89.56,89.56,90.10,90.10,90.10,90.10,89.56,85.76,86.31,86.85,87.93,87.93,87.93,87.93,87.93,87.93,87.93"
Rec-G3_S60_1,6,2,2649,core,322,318,11.31,5.1,0.9796,325,319,334,322,1.0,True,95.1383,110.1859,89.5616,4.3909,94.4463,"110.19,105.84,103.13,100.42,98.79,98.25,97.16,96.62,95.53,95.53,100.96,98.79,97.70,96.62,96.07,95.53,94.99,94.45,94.45,93.36,95.53,94.99,94.45,94.45,93.36,93.36,92.28,92.28,92.28,91.19,91.19,91.19,91.19,91.19,91.19,90.65,90.65,90.10,90.10,89.56"
Rec-G3_S60_1,6,3,2650,core,327,318,0.0,5.0,0.9787,330,319,339,322,1.0,True,94.9076,109.1004,89.5616,4.1504,94.4463,"109.10,105.30,102.04,99.87,98.25,97.70,96.62,95.53,95.53,94.99,100.96,98.79,97.70,96.07,95.53,94.99,94.45,94.45,93.36,92.28,95.53,94.99,94.45,94.45,93.36,93.36,92.28,92.28,91.73,91.19,92.28,91.73,91.73,91.19,91.19,91.19,90.65,90.10,89.56,89.56"
Rec-G3_S60_1,6,4,2651,core,331,318,0.0,4.0,0.9764,334,319,343,322,1.0,True,94.8669,110.7286,89.5616,4.5124,93.9035,"110.73,106.39,103.13,99.87,98.25,97.16,96.07,95.53,94.99,94.45,102.04,99.33,97.70,96.07,95.53,94.99,94.45,93.36,93.36,92.28,95.53,94.99,94.45,93.36,93.36,92.28,92.28,91.73,91.19,91.19,92.28,92.28,91.73,91.19,91.19,90.65,90.10,90.10,89.56,89.56"
Rec-G3_S60_1,6,5,2652,core,336,318,0.0,5.0,0.9768,339,319,348,322,1.0,True,93.8764,108.0149,88.4761,4.0268,92.818,"108.01,103.67,100.96,98.25,97.16,96.07,95.53,94.45,94.45,93.36,99.87,97.70,96.07,95.53,94.45,94.45,93.36,92.28,92.28,91.73,95.53,94.45,93.36,92.28,92.28,91.73,91.19,91.19,90.65,90.10,92.28,91.73,91.19,90.65,90.10,90.10,89.56,89.56,89.02,88.48"
Rec-G3_S60_1,6,6,2653,core,341,318,0.0,5.0,0.9768,344,319,353,322,1.0,True,92.9537,105.3012,87.9333,3.6221,92.2753,"105.30,102.04,98.79,97.16,95.53,94.99,94.45,94.45,93.36,92.28,98.25,96.62,95.53,94.45,93.36,93.36,92.28,91.73,91.73,91.19,94.45,93.36,92.28,92.28,91.73,91.19,90.65,90.10,90.10,89.56,91.19,90.65,90.10,90.10,89.56,89.56,89.02,89.02,88.48,87.93"
Rec-G3_S60_1,6,7,2654,core,346,318,0.0,5.0,0.9748,349,319,358,322,1.0,True,92.3838,103.1302,88.4761,3.1395,91.7325,"103.13,99.87,97.70,96.07,94.99,94.45,93.36,93.36,93.36,92.28,97.16,95.53,94.45,93.36,93.36,92.28,91.73,91.73,91.19,91.19,93.36,92.28,91.73,91.19,91.19,91.19,90.65,90.10,89.56,89.56,90.65,90.10,90.10,89.56,89.56,89.56,89.02,88.48,88.48,88.48"
Rec-G3_S60_1,6,8,2655,core,351,318,0.0,5.0,0.9723,354,319,363,322,1.0,True,92.6416,102.0447,89.5616,2.7738,92.2753,"102.04,98.79,97.16,95.53,95.53,94.45,94.45,94.45,94.45,94.45,96.07,94.99,94.45,93.36,93.36,92.28,92.28,92.28,92.28,92.28,92.28,92.28,91.73,91.19,91.19,91.19,91.19,91.19,90.65,90.65,90.65,90.10,89.56,89.56,89.56,89.56,89.56,89.56,89.56,89.56"
Rec-G3_S60_1,6,9,2656,core,355,318,0.0,4.0,0.969,358,319,367,322,1.0,True,93.5914,104.2157,90.1043,3.1551,93.3608,"104.22,100.96,98.79,97.16,96.07,95.53,95.53,95.53,95.53,95.53,97.70,96.07,94.99,94.45,94.45,94.45,93.36,93.36,93.36,93.36,93.36,92.28,92.28,92.28,92.28,91.73,91.73,91.73,91.73,91.73,90.65,90.65,90.10,90.10,90.10,90.10,90.10,90.10,90.10,90.10"
Rec-G3_S60_1,6,10,2657,core,360,318,0.0,5.0,0.9694,363,319,372,322,1.0,True,94.3784,103.1302,91.1898,2.8492,93.9035,"103.13,100.96,98.79,97.70,97.16,96.62,96.62,96.62,96.07,96.07,97.70,96.62,95.53,95.53,94.99,94.99,94.99,94.99,94.45,94.45,93.36,93.36,93.36,93.36,93.36,93.36,92.28,92.28,92.28,92.28,91.19,91.19,91.19,91.19,91.19,91.19,91.19,91.19,91.19,91.19"
Rec-G3_S60_1,6,11,2658,core,365,317,11.31,5.1,0.9723,368,318,377,321,1.0,True,98.0691,112.8996,93.3608,4.2135,97.16,"112.90,109.10,105.30,103.13,101.50,100.42,99.87,99.87,99.87,99.33,103.67,101.50,99.87,98.79,98.25,98.25,97.70,97.70,97.16,97.16,98.25,97.16,96.62,96.07,95.53,95.53,95.53,95.53,95.53,95.53,94.45,94.45,94.45,94.45,94.45,94.45,93.36,93.36,93.36,93.36"
Rec-G3_S60_1,6,12,2659,core,370,317,0.0,5.0,0.9748,373,318,382,321,1.0,True,98.5033,112.8996,92.2753,4.1547,97.7027,"112.90,108.56,105.30,103.13,102.04,101.50,100.96,100.42,99.87,98.79,104.22,102.04,100.96,99.33,99.33,98.79,98.25,97.70,97.70,96.62,98.79,98.25,97.70,97.16,97.16,96.62,96.07,95.53,95.53,94.45,95.53,95.53,95.53,94.99,94.99,94.45,94.45,93.36,93.36,92.28"
Rec-G3_S60_1,6,13,2660,core,375,317,0.0,5.0,0.9762,378,318,387,321,1.0,True,96.5494,111.2714,86.8478,4.9953,95.5318,"111.27,107.47,105.30,103.13,100.96,99.33,98.25,97.16,95.53,92.28,103.67,102.04,100.42,99.33,98.25,97.16,96.07,94.99,93.36,91.19,98.79,98.25,97.16,96.62,95.53,94.99,94.45,93.36,91.19,89.02,95.53,95.53,94.99,94.45,93.36,92.28,91.73,91.19,89.56,86.85"
Rec-G3_S60_1,6,14,2661,core,380,317,0.0,5.0,0.9763,383,318,392,321,0.6,False,87.3634,108.5576,74.3647,9.7399,87.9333,"108.56,104.22,100.96,98.25,94.45,87.93,80.88,77.62,75.99,75.45,101.50,98.79,97.16,95.53,92.28,86.31,80.33,77.62,75.99,74.91,97.16,95.53,94.45,93.36,90.65,84.68,79.79,77.08,75.99,74.91,94.45,93.36,91.73,90.65,87.93,83.05,78.71,76.54,75.45,74.36"
Rec-G3_S60_1,6,15,2662,core,384,317,0.0,4.0,0.9765,387,318,396,321,0.2,False,79.9007,105.3012,74.3647,7.288,76.2643,"105.30,94.45,85.22,80.33,77.62,76.54,75.99,75.45,75.45,74.91,97.70,90.10,83.05,78.71,77.62,75.99,75.45,75.45,74.91,74.91,92.28,86.85,80.88,78.16,76.54,75.99,75.45,74.91,74.36,74.36,89.56,84.13,79.79,77.62,75.99,75.45,74.91,74.91,74.36,74.36"
Rec-G3_S60_1,6,16,2663,core,386,317,0.0,2.0,0.9825,389,318,398,321,0.0,False,77.4041,92.2753,73.822,3.7559,75.9929,"92.28,85.76,81.42,78.71,77.62,75.99,75.99,75.45,75.45,74.91,86.31,81.42,78.71,77.62,76.54,75.99,75.45,75.45,74.91,74.91,82.51,78.71,77.62,76.54,75.99,75.45,75.45,74.91,74.91,74.36,80.33,77.62,76.54,75.99,75.45,75.45,75.45,74.36,73.82,73.82"
Rec-G3_std_1,1,1,246,core,291,318,-135.0,1.41,0.9769,294,319,303,322,1.0,True,93.3065,98.7882,86.8478,3.0141,92.818,"98.79,98.25,97.70,97.16,97.16,97.16,97.16,97.16,96.62,96.07,92.28,93.36,94.45,94.45,94.45,94.99,94.99,94.99,94.99,94.45,89.02,90.10,91.19,91.73,92.28,92.28,92.28,93.36,92.28,92.28,86.85,87.93,89.02,89.56,90.10,90.65,91.19,91.19,91.19,91.19"
Rec-G3_std_1,1,2,247,core,294,318,0.0,3.0,0.9777,297,319,306,322,1.0,True,94.7041,102.0447,90.6471,2.7992,94.4463,"102.04,100.42,99.33,98.25,98.25,98.25,97.70,97.16,96.62,96.07,96.62,96.07,96.07,96.07,96.07,95.53,95.53,95.53,94.99,94.45,93.36,93.36,93.36,93.36,94.45,93.36,93.36,93.36,93.36,92.28,90.65,91.19,91.19,91.73,91.73,91.73,91.73,91.19,91.19,91.19"
Rec-G3_std_1,1,3,248,core,299,317,11.31,5.1,0.9725,302,318,311,321,1.0,True,97.4449,111.8141,91.7325,4.0814,96.6172,"111.81,107.47,104.22,102.04,100.96,99.87,98.79,98.25,97.16,96.62,103.67,101.50,99.87,98.79,98.25,97.70,97.16,96.07,95.53,94.99,98.25,97.70,97.16,96.62,96.07,95.53,94.99,94.99,94.45,93.36,95.53,95.53,94.99,94.45,94.45,93.36,93.36,92.28,92.28,91.73"
Rec-G3_std_1,1,4,249,core,303,317,0.0,4.0,0.975,306,318,315,321,1.0,True,97.3092,113.9851,91.1898,4.5539,95.8031,"113.99,109.10,105.30,102.04,100.42,98.79,98.25,97.16,96.62,95.53,104.22,102.04,100.42,98.79,97.70,96.62,96.07,95.53,94.99,94.45,98.79,98.25,97.16,96.07,95.53,95.53,94.99,94.45,93.36,93.36,95.53,95.53,94.99,94.45,94.45,93.36,93.36,92.28,91.73,91.19"
Rec-G3_std_1,1,5,250,core,308,317,0.0,5.0,0.9752,311,318,320,321,1.0,True,96.0745,110.1859,91.1898,3.9698,95.5318,"110.19,106.39,103.13,100.42,98.79,98.25,96.62,96.07,95.53,95.53,102.04,99.87,98.25,97.70,96.07,95.53,95.53,94.45,94.45,94.45,97.70,96.62,95.53,95.53,94.99,94.45,93.36,93.36,93.36,92.28,94.99,94.45,93.36,93.36,92.28,92.28,92.28,91.19,91.19,91.19"
Rec-G3_std_1,1,6,251,core,313,317,0.0,5.0,0.9736,316,318,325,321,1.0,True,95.6267,108.0149,91.1898,3.4474,94.989,"108.01,104.22,101.50,99.33,98.25,97.16,96.62,96.07,95.53,95.53,100.96,98.79,97.70,96.62,96.07,95.53,94.99,94.45,94.45,94.45,96.62,95.53,95.53,94.99,94.99,94.45,93.36,93.36,93.36,92.28,94.45,93.36,93.36,92.28,92.28,92.28,92.28,91.73,91.19,91.19"
Rec-G3_std_1,1,7,252,core,318,317,0.0,5.0,0.9707,321,318,330,321,1.0,True,95.5725,106.3867,91.1898,3.1069,95.2604,"106.39,103.13,100.96,98.79,98.25,97.16,96.62,96.07,95.53,95.53,100.42,98.25,97.70,96.62,96.07,95.53,95.53,94.99,94.45,94.45,96.07,95.53,95.53,94.99,94.45,94.45,94.45,93.36,93.36,92.28,94.45,93.36,93.36,93.36,92.28,92.28,92.28,91.73,91.73,91.19"
Rec-G3_std_1,1,8,253,core,327,317,0.0,9.0,0.97,330,318,339,321,1.0,True,96.4409,106.9294,93.3608,2.901,95.8031,"106.93,103.67,101.50,99.33,98.25,98.25,97.70,97.70,97.70,97.70,100.42,98.79,97.70,97.16,96.62,96.62,96.07,96.07,96.07,95.53,96.62,95.53,95.53,95.53,94.99,94.99,94.99,94.99,94.45,94.45,94.45,94.45,93.36,93.36,93.36,93.36,93.36,93.36,93.36,93.36"
Rec-G3_std_1,1,9,254,core,332,317,0.0,5.0,0.9689,335,318,344,321,1.0,True,97.2143,106.3867,94.4463,2.7077,96.8886,"106.39,103.67,102.04,100.42,99.87,99.33,98.79,98.79,98.25,98.25,100.42,99.33,98.25,98.25,97.70,97.70,97.16,97.16,97.16,97.16,96.62,96.07,96.07,96.07,95.53,95.53,95.53,95.53,95.53,95.53,94.45,94.45,94.45,94.45,94.45,94.45,94.45,94.45,94.45,94.45"
Rec-G3_std_1,1,10,255,core,337,317,0.0,5.0,0.9672,340,318,349,321,1.0,True,98.1369,106.9294,94.4463,2.8852,97.7027,"106.93,105.30,103.13,102.04,100.96,100.42,99.87,99.87,99.33,98.79,101.50,100.42,99.87,99.33,98.79,98.25,98.25,98.25,97.70,97.70,98.25,97.70,97.70,97.16,97.16,96.62,96.07,96.07,95.53,95.53,95.53,95.53,95.53,95.53,95.53,94.99,94.99,94.45,94.45,94.45"
Rec-G3_std_1,1,11,256,core,342,316,11.31,5.1,0.9677,345,317,354,320,1.0,True,100.715,115.6133,94.989,4.2458,99.8737,"115.61,111.27,108.01,105.84,104.22,103.13,103.13,102.04,102.04,101.50,106.39,104.22,103.13,102.04,100.96,100.42,100.42,99.87,99.33,98.79,101.50,100.42,99.87,99.33,98.79,98.25,98.25,98.25,97.70,97.16,98.25,97.70,97.70,97.16,97.16,96.62,96.07,95.53,95.53,94.99"
Rec-G3_std_1,1,12,257,core,347,316,0.0,5.0,0.9678,350,317,359,320,1.0,True,99.5616,113.9851,91.7325,4.6844,98.5169,"113.99,110.73,107.47,105.30,104.22,103.13,102.04,100.42,98.79,97.70,105.84,104.22,103.13,102.04,100.96,99.87,98.79,98.25,97.16,95.53,101.50,100.42,99.33,99.33,98.25,97.70,97.16,95.53,94.99,93.36,98.25,97.70,97.16,97.16,96.07,95.53,94.99,94.45,92.28,91.73"
Rec-G3_std_1,1,13,258,core,351,316,0.0,4.0,0.9705,354,317,363,320,0.9,False,96.2916,117.7843,79.7922,8.3966,96.3459,"117.78,112.90,108.56,105.30,102.04,100.42,98.25,95.53,89.02,80.88,108.01,105.30,103.13,100.96,99.33,98.25,96.07,93.36,87.93,80.88,102.04,100.42,98.79,98.25,96.62,95.53,94.45,91.73,86.85,80.33,98.25,97.70,96.07,95.53,94.45,93.36,91.73,90.10,85.76,79.79"
Rec-G3_std_1,1,14,259,core,356,316,0.0,5.0,0.9727,359,317,368,320,0.4,False,84.8397,111.8141,73.822,10.6813,79.7922,"111.81,106.39,100.96,92.28,83.05,78.71,77.08,75.99,74.91,74.36,103.67,99.87,96.62,90.65,83.05,78.71,76.54,75.99,74.91,74.36,98.25,96.07,94.45,89.02,81.96,78.16,76.54,75.45,74.91,74.36,94.99,93.36,91.19,86.85,80.88,77.62,75.99,75.45,74.36,73.82"
Rec-G3_std_1,1,15,260,core,360,316,0.0,4.0,0.9733,363,317,372,320,0.0,False,77.8111,95.5318,73.822,4.676,75.9929,"95.53,87.93,83.05,78.71,77.62,75.99,75.99,75.45,74.91,74.36,89.02,83.05,79.79,77.62,76.54,75.99,75.45,74.91,74.36,73.82,84.68,80.33,77.62,76.54,75.99,75.99,74.91,74.91,74.36,73.82,82.51,78.71,77.62,75.99,75.99,75.45,74.91,74.36,73.82,73.82"
Rec-G3_std_1,2,1,406,core,294,318,0.0,3.0,0.9766,297,319,306,322,1.0,True,94.7584,102.0447,91.1898,2.791,94.4463,"102.04,100.42,99.33,98.79,98.25,98.25,97.70,97.16,96.62,96.07,96.62,96.07,96.07,96.07,96.07,95.53,95.53,95.53,94.99,94.45,93.36,93.36,93.36,94.45,94.45,93.36,93.36,93.36,93.36,92.28,91.19,91.19,91.19,91.73,91.73,91.73,91.73,91.19,91.19,91.19"
Rec-G3_std_1,2,2,407,core,298,317,14.04,4.12,0.9738,301,318,310,321,1.0,True,98.1641,115.6133,92.2753,4.8188,96.8886,"115.61,110.73,106.93,103.67,102.04,100.42,99.33,98.25,97.70,96.62,105.30,103.13,100.96,99.33,98.25,98.25,97.16,96.07,95.53,95.53,99.33,98.25,97.70,97.16,96.62,96.07,95.53,94.99,94.45,94.45,95.53,95.53,94.99,94.99,94.45,94.45,93.36,93.36,92.28,92.28"
Rec-G3_std_1,2,3,408,core,303,317,0.0,5.0,0.9755,306,318,315,321,1.0,True,97.1193,112.8996,91.1898,4.4366,95.5318,"112.90,108.56,105.30,102.04,99.87,98.79,98.25,97.16,96.07,95.53,104.22,102.04,99.87,98.25,97.70,96.62,95.53,95.53,94.99,94.45,98.79,97.70,96.62,96.07,95.53,94.99,94.99,94.45,93.36,93.36,95.53,94.99,94.99,94.45,93.36,93.36,93.36,92.28,91.73,91.19"
Rec-G3_std_1,2,4,409,core,308,317,0.0,5.0,0.9748,311,318,320,321,1.0,True,96.0067,109.6431,91.1898,3.8035,94.989,"109.64,105.84,102.04,100.42,98.25,97.70,96.62,96.07,95.53,94.99,102.04,99.87,98.25,97.16,96.62,95.53,94.99,94.45,94.45,93.36,97.70,96.62,96.07,95.53,94.99,94.45,93.36,93.36,93.36,92.28,94.99,94.45,94.45,93.36,93.36,92.28,92.28,91.19,91.19,91.19"
Rec-G3_std_1,2,5,410,core,313,317,0.0,5.0,0.9725,316,318,325,321,1.0,True,95.4368,107.4722,91.1898,3.3521,94.989,"107.47,103.67,100.96,98.79,97.70,97.16,96.07,95.53,95.53,94.99,100.96,98.79,97.70,96.62,95.53,95.53,94.99,94.45,94.45,93.36,96.62,95.53,95.53,94.99,94.45,94.45,93.36,93.36,92.28,92.28,94.45,93.36,93.36,92.28,92.28,92.28,92.28,91.73,91.19,91.19"
Rec-G3_std_1,2,6,411,core,317,317,0.0,4.0,0.9705,320,318,329,321,1.0,True,95.966,109.1004,91.7325,3.5842,95.2604,"109.10,105.30,102.04,99.87,98.25,97.70,96.62,96.07,95.53,95.53,101.50,99.33,98.25,97.16,96.07,95.53,95.53,94.99,94.45,94.45,97.16,96.07,95.53,94.99,94.45,94.45,94.45,93.36,93.36,92.28,94.45,94.45,93.36,93.36,93.36,92.28,92.28,92.28,91.73,91.73"
Rec-G3_std_1,2,7,412,core,322,317,0.0,5.0,0.9705,325,318,334,321,1.0,True,96.0745,108.0149,92.2753,3.288,95.5318,"108.01,104.22,102.04,99.87,98.25,97.70,97.16,96.62,96.07,96.07,100.96,98.79,98.25,97.16,96.07,95.53,95.53,95.53,94.99,94.99,96.62,96.07,95.53,95.53,94.99,94.45,94.45,94.45,93.36,93.36,94.45,94.45,93.36,93.36,93.36,92.28,92.28,92.28,92.28,92.28"
Rec-G3_std_1,2,8,413,core,327,317,0.0,5.0,0.9705,330,318,339,321,1.0,True,96.468,106.9294,93.3608,2.8821,95.5318,"106.93,103.67,101.50,99.33,98.79,98.25,98.25,97.70,97.16,97.16,100.42,98.79,97.70,97.16,96.62,96.62,96.07,95.53,95.53,95.53,96.62,96.07,95.53,95.53,95.53,94.99,94.99,94.99,94.45,94.45,94.45,94.45,94.45,93.36,93.36,93.36,93.36,93.36,93.36,93.36"
Rec-G3_std_1,2,9,414,core,332,317,0.0,5.0,0.9686,335,318,344,321,1.0,True,97.2685,106.3867,93.3608,2.7007,96.8886,"106.39,103.67,102.04,100.42,99.87,99.33,98.79,98.79,98.25,98.25,100.42,99.33,98.25,98.25,97.70,97.70,97.70,97.16,97.16,96.62,97.16,96.62,96.62,96.07,96.07,95.53,95.53,95.53,95.53,95.53,94.99,94.99,94.45,94.45,94.45,94.45,94.45,94.45,94.45,93.36"
Rec-G3_std_1,2,10,415,core,337,317,0.0,5.0,0.9666,340,318,349,321,1.0,True,97.8113,106.3867,94.4463,2.6456,97.4314,"106.39,103.67,102.04,101.50,100.42,99.87,99.87,99.33,98.79,98.79,100.96,99.87,99.33,98.79,98.25,98.25,98.25,97.70,97.70,97.16,97.70,97.16,97.16,97.16,96.62,96.62,96.07,96.07,95.53,95.53,95.53,95.53,95.53,95.53,94.99,94.99,94.45,94.45,94.45,94.45"
Rec-G3_std_1,2,11,416,core,342,316,11.31,5.1,0.9665,345,317,354,320,1.0,True,100.62,115.0706,95.5318,4.0555,99.8737,"115.07,110.73,107.47,105.30,103.67,103.13,102.04,102.04,101.50,100.96,106.39,104.22,103.13,102.04,100.96,100.42,99.87,99.87,99.33,98.79,101.50,100.42,99.87,99.33,98.79,98.25,98.25,98.25,97.70,97.16,98.25,98.25,97.70,97.16,97.16,96.62,96.07,96.07,95.53,95.53"
Rec-G3_std_1,2,12,417,core,346,316,0.0,4.0,0.9686,349,317,358,320,1.0,True,100.8371,119.4126,93.3608,5.2263,99.6023,"119.41,113.99,109.64,106.93,105.30,103.13,102.04,101.50,99.87,98.25,108.56,105.84,103.67,103.13,102.04,100.96,99.87,98.79,98.25,96.62,103.13,101.50,100.42,99.87,99.33,98.79,98.25,97.16,96.07,95.53,98.79,98.25,98.25,97.70,97.16,96.62,95.53,95.53,94.45,93.36"
Rec-G3_std_1,2,13,418,core,351,316,0.0,5.0,0.9717,354,317,363,320,0.9,False,95.6674,116.1561,79.7922,8.0756,96.3459,"116.16,111.27,106.93,103.67,101.50,98.79,97.16,94.45,88.48,80.88,106.93,104.22,102.04,99.87,98.79,97.16,95.53,93.36,87.93,80.33,101.50,99.87,98.79,97.70,96.62,95.53,93.36,91.19,86.31,79.79,98.25,97.16,96.07,95.53,94.45,93.36,91.19,89.56,85.22,79.79"
Rec-G3_std_1,2,14,419,core,356,316,0.0,5.0,0.9729,359,317,368,320,0.4,False,84.4598,110.7286,73.822,10.4806,79.7922,"110.73,105.30,99.33,91.73,83.05,78.71,76.54,75.99,74.91,74.36,103.13,99.33,96.07,89.56,82.51,78.71,76.54,75.45,74.91,73.82,98.25,96.07,93.36,87.93,81.42,77.62,75.99,75.45,74.36,73.82,94.99,93.36,91.19,86.31,80.88,77.62,75.99,74.91,74.36,73.82"
Rec-G3_std_1,2,15,420,core,360,316,0.0,4.0,0.9744,363,317,372,320,0.0,False,77.5669,94.4463,73.822,4.5097,75.9929,"94.45,87.39,82.51,78.71,77.62,75.99,75.99,74.91,74.91,74.36,87.93,83.05,79.79,77.62,75.99,75.99,75.45,74.91,74.36,73.82,84.13,79.79,77.62,76.54,75.99,75.45,74.91,74.36,73.82,73.82,82.51,78.71,77.08,75.99,75.45,74.91,74.36,73.82,73.82,73.82"
Rec-G3_std_1,3,1,571,core,291,318,-90.0,1.0,0.9773,294,319,303,322,1.0,True,93.9985,100.4165,87.9333,3.041,93.3608,"100.42,99.33,98.25,98.25,97.70,97.70,97.70,97.70,97.16,96.62,93.36,94.45,94.45,94.99,95.53,95.53,95.53,95.53,95.53,94.99,89.56,91.19,91.73,92.28,93.36,93.36,93.36,93.36,93.36,93.36,87.93,89.02,89.56,90.65,91.19,91.19,91.19,91.19,91.19,91.19"
Rec-G3_std_1,3,2,572,core,295,318,0.0,4.0,0.9767,298,319,307,322,1.0,True,95.7217,105.3012,91.1898,3.2122,94.989,"105.30,103.13,101.50,99.87,99.33,98.79,98.25,97.70,97.16,96.62,98.25,98.25,97.70,97.16,97.16,96.62,96.07,95.53,95.53,94.99,94.45,94.45,94.99,94.99,94.45,94.45,94.45,94.45,93.36,93.36,91.73,92.28,92.28,92.28,92.28,92.28,92.28,92.28,91.73,91.19"
Rec-G3_std_1,3,3,573,core,300,317,11.31,5.1,0.9751,303,318,312,321,1.0,True,98.2591,115.0706,92.2753,4.7587,97.16,"115.07,110.73,106.93,103.67,102.04,100.42,99.33,98.25,97.70,97.16,105.30,103.13,101.50,99.87,98.25,98.25,97.16,96.62,95.53,95.53,99.33,98.79,98.25,97.16,96.62,96.07,95.53,94.99,94.45,94.45,96.07,95.53,95.53,94.99,94.45,94.45,93.36,93.36,92.28,92.28"
Rec-G3_std_1,3,4,574,core,305,317,0.0,5.0,0.9753,308,318,317,321,1.0,True,97.3228,111.8141,91.7325,4.1141,96.3459,"111.81,108.01,104.22,102.04,99.87,98.79,98.25,97.70,96.62,96.07,103.67,102.04,99.87,98.25,98.25,97.16,96.62,95.53,95.53,94.99,98.79,98.25,97.16,96.62,96.07,95.53,94.99,94.45,94.45,93.36,95.53,95.53,94.99,94.45,94.45,93.36,93.36,92.28,92.28,91.73"
Rec-G3_std_1,3,5,575,core,310,317,0.0,5.0,0.9739,313,318,322,321,1.0,True,96.5087,109.6431,91.7325,3.7133,95.5318,"109.64,105.84,103.13,100.42,98.79,98.25,97.16,96.62,95.53,95.53,102.04,100.42,98.79,98.25,97.16,96.07,95.53,95.53,94.45,94.45,98.25,97.16,96.62,95.53,95.53,94.99,94.45,94.45,93.36,92.28,95.53,94.99,94.45,94.45,93.36,93.36,92.28,92.28,91.73,91.73"
Rec-G3_std_1,3,6,576,core,314,317,0.0,4.0,0.9716,317,318,326,321,1.0,True,96.4951,110.7286,91.7325,3.9484,95.5318,"110.73,106.93,103.13,100.96,98.79,97.70,97.16,96.62,95.53,95.53,103.13,100.96,98.25,97.70,96.62,96.07,95.53,94.99,94.45,94.45,98.25,97.16,96.07,95.53,95.53,94.45,94.45,94.45,93.36,93.36,94.99,94.45,94.45,93.36,93.36,93.36,92.28,92.28,91.73,91.73"
Rec-G3_std_1,3,7,577,core,319,317,0.0,5.0,0.9718,322,318,331,321,1.0,True,96.1831,109.1004,92.2753,3.4714,95.5318,"109.10,105.30,102.04,99.87,98.25,97.70,97.16,96.62,96.07,95.53,101.50,99.33,98.25,97.16,96.62,95.53,95.53,94.99,94.99,94.45,97.16,96.07,95.53,95.53,94.99,94.99,94.45,93.36,93.36,93.36,94.45,94.45,94.45,93.36,93.36,93.36,92.28,92.28,92.28,92.28"
Rec-G3_std_1,3,8,578,core,324,317,0.0,5.0,0.9716,327,318,336,321,1.0,True,96.3459,107.4722,92.2753,2.9802,95.5318,"107.47,103.67,101.50,99.33,98.25,98.25,97.70,97.16,96.62,96.62,100.96,98.79,97.70,97.16,96.62,96.07,96.07,95.53,95.53,95.53,96.62,96.07,95.53,95.53,94.99,94.99,94.45,94.45,94.45,94.45,94.45,94.45,94.45,93.36,93.36,93.36,93.36,93.36,93.36,92.28"
Rec-G3_std_1,3,9,579,core,329,317,0.0,5.0,0.9706,332,318,341,321,1.0,True,96.9429,106.3867,93.3608,2.6722,96.6172,"106.39,103.13,101.50,99.87,99.33,98.79,98.25,98.25,98.25,97.70,100.42,98.79,98.25,97.70,97.16,97.16,97.16,96.62,96.62,96.07,97.16,96.62,96.07,96.07,95.53,95.53,95.53,95.53,95.53,94.99,94.99,94.45,94.45,94.45,94.45,94.45,94.45,93.36,93.36,93.36"
Rec-G3_std_1,3,10,580,core,334,317,0.0,5.0,0.9689,337,318,346,321,1.0,True,97.4856,105.8439,94.4463,2.5567,97.16,"105.84,103.13,102.04,100.96,99.87,99.33,98.79,98.79,98.25,98.25,100.96,99.33,98.79,98.25,98.25,98.25,97.70,97.70,97.16,97.16,97.70,97.16,96.62,96.62,96.07,96.07,96.07,95.53,95.53,95.53,95.53,94.99,94.99,94.99,94.99,94.45,94.45,94.45,94.45,94.45"
Rec-G3_std_1,3,11,581,core,339,316,11.31,5.1,0.9662,342,317,351,320,1.0,True,100.4707,115.0706,95.5318,3.9359,99.331,"115.07,110.19,106.93,105.30,103.13,103.13,102.04,102.04,101.50,101.50,105.84,103.67,102.04,100.96,100.42,100.42,99.87,99.33,99.33,98.79,101.50,100.42,99.33,98.79,98.79,98.25,98.25,98.25,97.70,97.70,98.25,97.70,97.70,97.16,97.16,96.62,96.62,96.07,95.53,95.53"
Rec-G3_std_1,3,12,582,core,343,316,0.0,4.0,0.9674,346,317,355,320,1.0,True,101.5291,119.4126,95.5318,4.8726,100.4165,"119.41,113.99,110.19,106.93,105.30,104.22,103.67,103.13,102.04,101.50,108.56,105.84,103.67,102.04,102.04,101.50,100.96,100.42,99.87,99.33,102.04,101.50,100.42,99.87,99.33,98.79,98.79,98.25,98.25,97.70,98.25,98.25,98.25,97.70,97.16,97.16,96.62,96.62,96.07,95.53"
Rec-G3_std_1,3,13,583,core,348,316,0.0,5.0,0.9708,351,317,360,320,1.0,True,100.2401,117.7843,91.1898,5.4739,98.7882,"117.78,112.90,109.64,106.93,105.30,103.13,102.04,100.42,98.25,96.07,108.56,106.39,104.22,103.13,102.04,100.96,99.33,98.25,96.62,94.99,102.04,101.50,100.96,99.87,98.79,98.25,97.70,96.07,94.99,93.36,98.79,98.25,98.25,97.70,96.62,96.07,95.53,94.45,92.28,91.19"
Rec-G3_std_1,3,14,584,core,353,316,0.0,5.0,0.9728,356,317,365,320,0.7,False,91.3526,115.0706,75.4502,10.4788,93.9035,"115.07,109.64,105.30,101.50,98.25,95.53,89.56,81.42,77.62,75.99,106.39,103.13,100.96,98.25,96.07,94.45,88.48,80.88,77.62,75.99,100.96,98.79,97.70,96.07,94.45,92.28,87.39,80.33,77.08,75.45,97.16,96.07,94.99,93.36,92.28,90.10,85.76,79.79,76.54,75.45"
Rec-G3_std_1,3,15,585,core,358,316,0.0,5.0,0.9735,361,317,370,320,0.2,False,80.3485,106.9294,73.822,8.2619,76.5357,"106.93,96.62,85.76,80.33,77.62,76.54,75.99,74.91,74.91,74.36,99.87,92.28,83.59,79.79,77.08,75.99,75.45,74.36,74.36,73.82,95.53,89.56,82.51,78.71,77.08,75.99,74.91,74.36,73.82,73.82,92.28,87.39,80.88,77.62,76.54,75.45,74.91,74.36,73.82,73.82"
Rec-G3_std_1,3,16,586,core,361,316,0.0,3.0,0.9787,364,317,373,320,0.0,False,76.5221,89.0188,73.822,3.1449,75.7216,"89.02,83.59,79.79,77.62,76.54,75.99,75.45,74.91,74.36,74.36,83.59,79.79,77.62,76.54,75.99,75.45,74.91,74.36,73.82,73.82,80.33,78.16,76.54,75.99,75.99,75.45,74.91,74.36,73.82,73.82,78.71,77.62,75.99,75.99,74.91,74.91,74.36,73.82,73.82,73.82"
Rec-G3_std_1,4,1,729,core,291,317,180.0,1.0,0.9764,294,318,303,321,1.0,True,96.7936,111.2714,89.5616,4.4415,96.0745,"111.27,108.01,105.30,102.04,100.96,100.42,100.42,99.87,99.33,98.79,98.79,98.25,98.25,97.70,97.70,97.70,97.16,97.16,97.16,96.62,93.36,93.36,94.45,94.45,94.99,95.53,95.53,95.53,94.99,94.99,89.56,90.65,91.19,92.28,92.28,92.28,93.36,93.36,93.36,93.36"
Rec-G3_std_1,4,2,730,core,302,317,0.0,11.0,0.976,305,318,314,321,1.0,True,97.7842,112.8996,92.2753,4.2469,96.6172,"112.90,108.56,105.30,102.04,100.96,99.33,98.25,97.70,97.16,96.07,105.30,102.04,100.42,99.33,98.25,97.70,96.62,96.07,95.53,95.53,99.33,98.25,97.70,97.16,96.62,95.53,95.53,94.99,94.45,94.45,96.07,95.53,95.53,94.99,94.45,94.45,93.36,93.36,92.28,92.28"
Rec-G3_std_1,4,3,731,core,306,317,0.0,4.0,0.973,309,318,318,321,1.0,True,97.6349,113.9851,91.7325,4.5912,96.0745,"113.99,109.64,105.84,103.13,100.42,98.79,98.25,97.16,96.07,95.53,105.30,103.13,100.42,98.79,98.25,97.16,96.07,96.07,95.53,94.99,99.33,98.25,97.16,96.62,96.07,95.53,95.53,94.99,94.45,93.36,95.53,95.53,94.99,94.99,94.45,93.36,93.36,93.36,92.28,91.73"
Rec-G3_std_1,4,4,732,core,311,317,0.0,5.0,0.9736,314,318,323,321,1.0,True,96.6444,111.2714,91.7325,3.9753,95.5318,"111.27,106.93,103.67,100.96,98.79,98.25,97.16,96.07,95.53,95.53,103.13,100.96,98.79,97.70,97.16,96.07,95.53,95.53,94.45,94.45,98.25,97.16,96.62,95.53,95.53,94.99,94.45,94.45,93.36,93.36,94.99,94.99,94.45,93.36,93.36,93.36,93.36,92.28,92.28,91.73"
Rec-G3_std_1,4,5,733,core,316,317,0.0,5.0,0.9739,319,318,328,321,1.0,True,96.1423,109.1004,91.7325,3.4841,95.5318,"109.10,105.30,102.04,99.33,98.25,97.70,96.62,96.07,95.53,95.53,102.04,99.33,98.25,96.62,96.07,95.53,95.53,94.99,94.99,94.45,97.70,96.62,95.53,95.53,94.99,94.45,94.45,94.45,93.36,93.36,94.45,94.45,94.45,93.36,93.36,93.36,92.28,92.28,92.28,91.73"
Rec-G3_std_1,4,6,734,core,321,317,0.0,5.0,0.9725,324,318,333,321,1.0,True,96.278,107.4722,92.2753,3.091,95.5318,"107.47,104.22,101.50,99.33,98.25,98.25,97.16,97.16,96.62,96.07,100.96,98.79,98.25,97.16,96.62,96.07,95.53,95.53,95.53,95.53,97.16,96.07,95.53,95.53,94.99,94.45,94.45,94.45,94.45,94.45,94.45,94.45,94.45,93.36,93.36,93.36,93.36,92.28,92.28,92.28"
Rec-G3_std_1,4,7,735,core,326,317,0.0,5.0,0.9708,329,318,338,321,1.0,True,96.7529,106.3867,93.3608,2.7427,96.0745,"106.39,103.67,101.50,99.87,98.79,98.25,98.25,97.70,97.70,97.70,100.42,98.79,98.25,97.70,97.16,97.16,96.62,96.07,96.07,96.07,96.62,96.07,96.07,95.53,95.53,95.53,95.53,94.99,94.99,94.99,94.45,94.45,94.45,94.45,94.45,94.45,93.36,93.36,93.36,93.36"
Rec-G3_std_1,4,8,736,core,331,317,0.0,5.0,0.9676,334,318,343,321,1.0,True,97.3771,105.8439,94.4463,2.5219,97.16,"105.84,103.13,101.50,100.42,99.33,99.33,99.33,98.79,98.79,98.25,100.42,99.33,98.25,98.25,98.25,97.70,97.70,97.70,97.16,97.16,97.16,96.62,96.62,96.62,96.07,96.07,96.07,95.53,95.53,95.53,94.99,94.99,94.99,94.99,94.45,94.45,94.45,94.45,94.45,94.45"
Rec-G3_std_1,4,9,737,core,335,317,0.0,4.0,0.9675,338,318,347,321,1.0,True,98.7068,109.1004,94.989,3.1049,98.2455,"109.10,106.39,103.67,102.04,101.50,100.96,100.42,100.42,99.87,99.87,103.13,101.50,100.42,99.33,99.33,98.79,98.79,98.25,98.25,98.25,98.25,98.25,97.70,97.70,97.70,97.16,97.16,96.62,96.62,96.62,95.53,95.53,95.53,95.53,95.53,95.53,95.53,95.53,94.99,94.99"
Rec-G3_std_1,4,10,738,core,340,316,11.31,5.1,0.968,343,317,352,320,1.0,True,102.0447,119.4126,96.6172,4.6531,100.9592,"119.41,113.99,110.19,106.93,105.30,104.22,103.67,103.13,103.13,103.13,108.56,105.84,104.22,103.13,102.04,101.50,101.50,100.96,100.96,100.42,103.13,102.04,100.96,100.42,99.87,99.87,99.33,98.79,98.79,98.25,98.79,98.25,98.25,98.25,98.25,98.25,97.70,97.16,96.62,96.62"
Rec-G3_std_1,4,11,739,core,345,316,0.0,5.0,0.9702,348,317,357,320,1.0,True,101.9497,118.8698,94.989,4.877,100.9592,"118.87,113.99,110.19,107.47,105.84,105.30,104.22,103.13,102.04,100.96,109.10,106.39,105.30,103.13,103.13,102.04,101.50,100.96,99.87,98.25,103.13,102.04,101.50,100.96,100.42,99.87,99.33,98.79,97.70,96.62,99.87,99.33,98.25,98.25,98.25,97.70,97.16,96.62,95.53,94.99"
Rec-G3_std_1,4,12,740,core,350,316,0.0,5.0,0.9712,353,317,362,320,1.0,True,98.8697,117.7843,85.7624,6.5922,98.2455,"117.78,112.90,109.10,106.39,103.67,102.04,100.42,98.25,95.53,89.56,108.56,106.39,103.67,102.04,100.96,99.33,98.25,96.62,94.45,88.48,103.13,102.04,100.96,99.87,98.25,97.70,96.07,94.99,92.28,87.39,99.33,98.79,98.25,97.16,96.07,95.53,94.45,92.28,90.10,85.76"
Rec-G3_std_1,4,13,741,core,359,316,0.0,9.0,0.9725,362,317,371,320,0.1,False,78.978,103.6729,73.822,6.7233,75.9929,"103.67,91.19,84.13,79.79,77.62,75.99,75.99,74.91,74.36,74.36,96.07,86.31,80.88,78.16,76.54,75.99,75.45,74.91,74.36,73.82,91.19,83.59,79.79,77.62,75.99,75.45,74.91,74.36,73.82,73.82,88.48,81.96,78.16,77.08,75.99,75.45,74.91,74.36,73.82,73.82"
Rec-G3_std_1,4,14,742,core,361,316,0.0,2.0,0.9814,364,317,373,320,0.0,False,76.3864,88.4761,73.2792,3.1225,75.4502,"88.48,83.05,79.79,77.62,76.54,75.99,75.45,74.91,74.36,73.82,83.59,79.79,77.62,76.54,75.99,75.45,74.91,74.36,73.82,73.82,80.33,78.16,76.54,75.99,75.45,74.91,74.36,73.82,73.82,73.82,78.71,77.62,75.99,75.45,74.91,74.36,74.36,73.82,73.82,73.28"
Rec-G3_std_1,5,1,894,core,291,318,-90.0,1.0,0.9781,294,319,303,322,1.0,True,94.2834,100.4165,87.9333,3.0731,94.4463,"100.42,99.87,98.25,98.25,98.25,98.25,98.25,98.25,97.70,97.16,94.45,94.45,94.99,95.53,95.53,95.53,95.53,95.53,95.53,95.53,90.10,91.19,92.28,92.28,93.36,93.36,93.36,94.45,93.36,93.36,87.93,89.02,90.10,90.65,91.19,91.19,91.73,91.73,91.73,91.73"
Rec-G3_std_1,5,2,895,core,295,318,0.0,4.0,0.9786,298,319,307,322,1.0,True,95.9117,105.3012,91.7325,3.1418,95.2604,"105.30,103.13,101.50,99.87,99.33,98.79,98.25,98.25,97.16,96.62,98.25,98.25,97.70,97.70,97.16,96.62,96.62,96.07,95.53,95.53,94.99,94.99,94.99,94.99,94.99,94.99,94.45,94.45,94.45,93.36,91.73,92.28,92.28,92.28,92.28,92.28,92.28,92.28,92.28,92.28"
Rec-G3_std_1,5,3,896,core,300,317,11.31,5.1,0.9765,303,318,312,321,1.0,True,98.6933,113.9851,93.3608,4.3418,97.7027,"113.99,110.19,106.39,103.67,102.04,100.96,99.87,98.79,98.25,97.16,105.30,103.13,101.50,99.87,99.33,98.25,98.25,97.16,96.62,96.07,99.87,98.79,98.25,98.25,97.16,96.62,96.07,95.53,95.53,94.99,96.62,96.07,95.53,95.53,95.53,94.99,94.45,94.45,93.36,93.36"
Rec-G3_std_1,5,4,897,core,305,317,0.0,5.0,0.9755,308,318,317,321,1.0,True,97.6349,111.8141,92.2753,4.0273,96.6172,"111.81,108.01,104.22,102.04,100.42,98.79,98.25,97.70,96.62,95.53,104.22,102.04,100.42,98.79,98.25,97.70,96.62,95.53,95.53,94.99,99.33,98.25,98.25,97.16,96.62,96.07,95.53,94.99,94.45,93.36,96.62,96.07,95.53,94.99,94.99,94.45,93.36,93.36,92.28,92.28"
Rec-G3_std_1,5,5,898,core,305,317,0.0,0.0,0.9755,308,318,317,321,1.0,True,97.6349,111.8141,92.2753,4.0273,96.6172,"111.81,108.01,104.22,102.04,100.42,98.79,98.25,97.70,96.62,95.53,104.22,102.04,100.42,98.79,98.25,97.70,96.62,95.53,95.53,94.99,99.33,98.25,98.25,97.16,96.62,96.07,95.53,94.99,94.45,93.36,96.62,96.07,95.53,94.99,94.99,94.45,93.36,93.36,92.28,92.28"
Rec-G3_std_1,5,6,899,core,310,317,0.0,5.0,0.9739,313,318,322,321,1.0,True,96.5087,109.1004,91.7325,3.501,95.5318,"109.10,105.30,102.04,99.87,98.25,98.25,97.16,96.07,95.53,95.53,102.04,100.42,98.79,98.25,96.62,96.07,95.53,95.53,94.99,94.45,98.25,97.70,96.62,96.07,95.53,95.53,94.45,94.45,93.36,93.36,95.53,94.99,94.99,94.45,93.36,93.36,92.28,92.28,92.28,91.73"
Rec-G3_std_1,5,7,900,core,319,317,0.0,9.0,0.9738,322,318,331,321,1.0,True,96.1695,108.0149,92.2753,3.2335,95.5318,"108.01,104.22,102.04,99.33,98.25,97.70,97.16,96.62,96.07,96.07,100.96,99.33,98.25,97.16,96.62,96.07,95.53,95.53,94.99,94.99,96.62,96.07,95.53,95.53,94.99,94.99,94.45,94.45,94.45,93.36,94.45,94.45,93.36,93.36,93.36,93.36,92.28,92.28,92.28,92.28"
Rec-G3_std_1,5,8,901,core,324,317,0.0,5.0,0.9729,327,318,336,321,1.0,True,96.6444,106.9294,93.3608,2.8744,96.0745,"106.93,103.67,101.50,99.87,98.79,98.25,97.70,97.70,97.70,97.70,100.96,98.79,98.25,97.16,97.16,96.62,96.07,96.07,96.07,96.07,97.16,96.07,95.53,95.53,95.53,94.99,94.99,94.99,94.99,94.99,94.45,94.45,94.45,94.45,93.36,93.36,93.36,93.36,93.36,93.36"
Rec-G3_std_1,5,9,902,core,334,317,0.0,10.0,0.9679,337,318,346,321,1.0,True,98.3947,106.9294,94.989,2.7164,98.2455,"106.93,104.22,103.13,102.04,101.50,100.96,100.42,99.87,99.87,99.33,101.50,100.42,99.87,99.33,98.79,98.79,98.25,98.25,98.25,98.25,98.25,97.70,97.70,97.70,97.16,97.16,97.16,96.62,96.62,96.07,95.53,95.53,95.53,95.53,95.53,95.53,95.53,94.99,94.99,94.99"
Rec-G3_std_1,5,10,903,core,338,317,0.0,4.0,0.968,341,318,350,321,1.0,True,99.1139,109.6431,94.989,3.1689,98.2455,"109.64,106.93,104.22,103.13,102.04,101.50,100.96,100.42,99.87,99.87,103.13,102.04,100.96,100.42,99.87,99.33,99.33,98.79,98.25,98.25,98.79,98.25,98.25,98.25,98.25,97.70,97.70,97.16,96.62,96.62,96.62,96.07,96.07,96.07,96.07,95.53,95.53,95.53,95.53,94.99"
Rec-G3_std_1,5,11,904,core,343,316,11.31,5.1,0.9696,346,317,355,320,1.0,True,102.004,119.4126,96.0745,4.7009,101.2306,"119.41,113.99,110.19,106.93,105.30,104.22,103.67,103.13,102.04,102.04,109.10,106.39,104.22,103.13,102.04,102.04,101.50,100.96,100.42,99.33,103.13,102.04,101.50,100.42,99.87,99.87,99.33,98.79,98.25,98.25,99.33,98.79,98.79,98.25,98.25,97.70,97.70,97.16,96.62,96.07"
Rec-G3_std_1,5,12,905,core,348,316,0.0,5.0,0.9718,351,317,360,320,1.0,True,100.4707,117.7843,91.1898,5.3781,99.331,"117.78,112.90,109.64,106.93,105.30,103.13,102.04,100.42,98.25,96.07,108.56,106.39,104.22,103.13,102.04,100.96,99.33,98.25,97.16,94.99,103.13,102.04,101.50,100.42,99.33,98.25,97.70,96.62,95.53,93.36,99.33,98.79,98.25,98.25,97.70,96.62,95.53,94.45,93.36,91.19"
Rec-G3_std_1,5,13,906,core,353,316,0.0,5.0,0.9728,356,317,365,320,0.7,False,91.6104,113.9851,75.4502,10.5699,94.4463,"113.99,109.64,105.30,102.04,98.79,95.53,89.56,81.42,77.62,75.99,106.39,103.13,101.50,98.79,97.16,94.45,89.02,80.88,77.62,75.45,101.50,99.87,98.25,96.62,94.99,92.28,87.39,80.88,77.08,75.45,98.25,97.16,95.53,94.45,92.28,90.65,85.76,79.79,76.54,75.45"
Rec-G3_std_1,5,14,907,core,358,316,0.0,5.0,0.9728,361,317,370,320,0.2,False,80.1042,106.3867,73.822,8.2203,75.9929,"106.39,96.07,85.22,80.33,77.62,75.99,75.45,74.91,74.36,73.82,99.33,92.28,83.05,78.71,77.08,75.99,74.91,74.36,73.82,73.82,95.53,89.56,81.96,78.16,76.54,75.45,74.91,74.36,73.82,73.82,92.28,87.39,80.88,77.62,75.99,75.45,74.91,74.36,73.82,73.82"
Rec-G3_std_1,5,15,908,core,361,316,0.0,3.0,0.9788,364,317,373,320,0.0,False,76.4678,89.5616,73.822,3.2906,75.4502,"89.56,84.13,79.79,77.62,76.54,75.99,74.91,74.91,74.36,73.82,83.59,79.79,77.62,76.54,75.99,75.45,74.91,74.36,73.82,73.82,80.88,78.16,76.54,75.99,75.45,74.91,74.36,74.36,73.82,73.82,78.71,77.62,75.99,75.45,74.91,74.36,74.36,73.82,73.82,73.82"
Rec-G3_std_1,6,1,1054,core,291,318,-90.0,1.0,0.9771,294,319,303,322,1.0,True,94.3106,99.331,87.9333,2.9795,94.4463,"99.33,98.79,98.25,98.25,98.25,98.25,98.25,98.25,97.70,97.16,93.36,94.45,94.99,95.53,95.53,95.53,96.07,96.07,95.53,95.53,89.56,91.19,92.28,93.36,93.36,93.36,94.45,94.45,94.45,93.36,87.93,89.02,90.10,91.19,91.19,91.19,91.73,91.73,91.73,91.73"
Rec-G3_std_1,6,2,1055,core,294,318,0.0,3.0,0.9781,297,319,306,322,1.0,True,95.5996,103.1302,91.1898,2.8128,95.2604,"103.13,101.50,100.42,99.33,98.79,98.79,98.25,97.70,97.16,96.62,97.70,97.16,97.16,97.16,97.16,96.62,96.07,96.07,95.53,95.53,94.45,94.45,94.45,94.99,94.99,94.99,94.45,94.45,94.45,93.36,91.19,91.73,92.28,92.28,92.28,92.28,92.28,92.28,92.28,92.28"
Rec-G3_std_1,6,3,1056,core,298,317,14.04,4.12,0.9744,301,318,310,321,1.0,True,99.331,117.2416,93.3608,4.9936,97.9741,"117.24,112.90,108.56,105.30,103.13,101.50,100.42,99.33,98.25,97.70,106.93,104.22,102.04,100.96,99.87,98.79,98.25,97.70,97.16,96.07,100.42,99.33,98.25,98.25,97.70,97.16,96.62,96.07,95.53,94.99,96.62,96.07,96.07,95.53,95.53,95.53,94.99,94.45,94.45,93.36"
Rec-G3_std_1,6,4,1057,core,303,317,0.0,5.0,0.9765,306,318,315,321,1.0,True,98.2998,113.9851,92.2753,4.3805,97.16,"113.99,109.64,105.84,103.13,100.96,99.87,98.79,98.25,97.16,96.62,105.30,103.13,101.50,99.87,98.79,98.25,97.16,96.62,96.07,95.53,99.87,98.79,98.25,97.70,97.16,96.07,96.07,95.53,94.99,94.45,96.62,96.07,95.53,95.53,94.99,94.45,94.45,93.36,93.36,92.28"
Rec-G3_std_1,6,5,1058,core,308,317,0.0,5.0,0.9762,311,318,320,321,1.0,True,97.2414,111.2714,92.2753,3.7731,96.0745,"111.27,106.93,103.13,101.50,99.33,98.25,97.70,97.16,96.62,95.53,103.13,101.50,99.33,98.25,97.70,97.16,96.07,95.53,95.53,94.99,98.79,98.25,97.70,96.62,96.07,95.53,94.99,94.99,94.45,94.45,96.07,95.53,94.99,94.45,94.45,94.45,93.36,93.36,92.28,92.28"
Rec-G3_std_1,6,6,1059,core,313,317,0.0,5.0,0.9747,316,318,325,321,1.0,True,96.5901,109.1004,92.2753,3.4023,95.5318,"109.10,105.30,102.04,100.42,98.79,97.70,97.16,96.62,96.07,95.53,102.04,99.87,98.25,97.70,97.16,96.07,95.53,95.53,94.99,94.45,98.25,97.16,96.62,96.07,95.53,95.53,94.45,94.45,94.45,93.36,95.53,94.99,94.45,94.45,94.45,93.36,93.36,92.28,92.28,92.28"
Rec-G3_std_1,6,7,1060,core,317,317,0.0,4.0,0.9718,320,318,329,321,1.0,True,96.7665,110.7286,92.2753,3.7895,95.5318,"110.73,106.39,103.13,100.96,98.79,98.25,97.16,96.62,96.07,95.53,103.13,100.96,98.79,98.25,97.16,96.07,95.53,95.53,94.99,94.45,98.25,97.16,96.62,96.07,95.53,94.99,94.45,94.45,93.36,93.36,95.53,94.99,94.99,94.45,94.45,93.36,93.36,92.28,92.28,92.28"
Rec-G3_std_1,6,8,1061,core,327,317,0.0,10.0,0.9722,330,318,339,321,1.0,True,96.7529,106.9294,93.3608,2.8687,96.0745,"106.93,104.22,101.50,99.87,98.79,98.25,98.25,97.70,97.70,97.70,100.96,98.79,98.25,97.16,97.16,96.62,96.62,96.07,96.07,96.07,97.16,96.07,96.07,95.53,95.53,95.53,94.99,95.53,94.99,94.99,94.45,94.45,94.45,94.45,94.45,93.36,93.36,93.36,93.36,93.36"
Rec-G3_std_1,6,9,1062,core,332,317,0.0,5.0,0.9708,335,318,344,321,1.0,True,97.7027,107.4722,94.4463,2.828,97.16,"107.47,105.30,102.04,100.96,100.42,99.33,99.33,98.79,98.25,98.25,101.50,99.87,98.79,98.25,98.25,98.25,97.70,97.70,97.16,97.16,97.70,97.16,97.16,96.62,96.62,96.07,96.07,96.07,95.53,95.53,95.53,94.99,94.99,94.99,94.99,94.99,94.99,94.45,94.45,94.45"
Rec-G3_std_1,6,10,1063,core,337,317,0.0,5.0,0.9684,340,318,349,321,1.0,True,98.2048,106.9294,94.4463,2.6237,98.2455,"106.93,104.22,102.04,101.50,100.96,100.42,99.87,99.33,99.33,98.79,101.50,100.42,99.87,98.79,98.79,98.25,98.25,98.25,98.25,98.25,98.25,97.70,97.70,97.16,97.16,97.16,96.62,96.62,96.07,96.07,96.07,95.53,95.53,95.53,95.53,95.53,95.53,94.99,94.99,94.45"
Rec-G3_std_1,6,11,1064,core,342,316,11.31,5.1,0.9685,345,317,354,320,1.0,True,101.1763,115.6133,96.0745,3.9134,100.4165,"115.61,111.27,107.47,105.30,103.67,103.13,103.13,103.13,102.04,102.04,106.39,104.22,103.13,102.04,101.50,100.96,100.96,100.42,100.42,99.87,102.04,100.96,100.42,99.87,99.33,98.79,98.79,98.79,98.25,98.25,98.25,98.25,98.25,98.25,97.70,97.16,97.16,97.16,96.62,96.07"
Rec-G3_std_1,6,12,1065,core,346,316,0.0,4.0,0.9698,349,317,358,320,1.0,True,101.8819,120.498,94.4463,5.2357,100.6878,"120.50,115.07,110.73,108.01,105.84,105.30,103.67,103.13,101.50,99.87,109.10,106.93,105.30,103.13,103.13,102.04,101.50,100.42,99.33,98.25,103.13,102.04,101.50,100.96,100.42,99.87,99.33,98.25,97.16,96.07,99.33,98.79,98.25,98.25,98.25,97.70,97.16,96.07,95.53,94.45"
Rec-G3_std_1,6,13,1066,core,351,316,0.0,5.0,0.9727,354,317,363,320,0.9,False,97.0243,117.7843,79.7922,8.4795,98.2455,"117.78,112.90,109.10,105.30,103.13,100.96,98.25,96.07,89.56,80.88,108.56,105.84,103.67,102.04,100.42,98.79,97.16,94.99,89.02,80.88,103.13,102.04,100.42,99.33,98.25,96.62,94.99,92.28,87.39,80.33,99.33,98.25,98.25,96.62,95.53,94.45,92.28,90.65,85.76,79.79"
Rec-G3_std_1,6,14,1067,core,356,316,0.0,5.0,0.9746,359,317,368,320,0.4,False,85.1246,112.8996,73.822,11.3503,79.7922,"112.90,107.47,102.04,93.36,83.59,78.71,77.08,75.99,74.91,74.36,105.30,101.50,98.25,91.19,83.05,78.16,75.99,75.45,74.91,73.82,99.87,97.70,94.99,89.02,81.42,77.62,75.99,74.91,74.36,73.82,96.07,94.45,92.28,87.39,80.88,77.62,75.99,74.91,73.82,73.82"
Rec-G3_std_1,6,15,1068,core,360,316,0.0,4.0,0.9759,363,317,372,320,0.0,False,77.5669,95.5318,73.822,4.7,75.9929,"95.53,87.39,82.51,78.71,77.08,75.99,75.45,74.91,74.91,74.36,89.02,83.05,79.79,77.62,75.99,75.99,75.45,74.36,74.36,73.82,84.13,79.79,77.62,76.54,75.99,75.45,74.36,74.36,73.82,73.82,82.51,78.71,77.08,75.99,75.45,74.91,74.36,73.82,73.82,73.82"
Rec-G3_std_1,7,1,1209,core,292,318,-45.0,1.41,0.978,295,319,304,322,1.0,True,95.2468,100.9592,89.5616,2.7701,95.2604,"100.96,99.87,98.79,98.79,98.79,98.79,98.79,98.25,98.25,97.70,95.53,95.53,96.07,96.07,96.62,96.62,97.16,96.62,96.07,96.07,91.73,93.36,93.36,94.45,94.45,94.99,94.99,94.99,94.45,94.45,89.56,90.65,91.19,92.28,92.28,92.28,92.28,92.28,92.28,92.28"
Rec-G3_std_1,7,2,1210,core,296,318,0.0,4.0,0.9768,299,319,308,322,1.0,True,96.8615,105.3012,92.2753,2.9024,96.0745,"105.30,103.13,102.04,100.96,100.42,99.87,98.79,98.25,98.25,97.70,99.87,98.79,98.79,98.25,98.25,97.70,97.70,97.16,96.07,95.53,95.53,96.07,96.07,96.07,96.07,95.53,95.53,94.99,94.45,94.45,93.36,93.36,94.45,94.45,94.45,94.45,93.36,93.36,93.36,92.28"
Rec-G3_std_1,7,3,1211,core,301,317,11.31,5.1,0.9755,304,318,313,321,1.0,True,99.1275,113.9851,93.3608,4.1701,98.2455,"113.99,109.64,106.39,103.67,102.04,100.96,99.87,99.33,98.25,97.70,105.84,103.13,102.04,100.42,99.87,98.79,98.25,97.70,97.16,96.62,100.96,99.87,98.79,98.25,98.25,97.70,96.62,96.07,95.53,95.53,97.70,97.16,96.62,96.07,95.53,95.53,94.99,94.45,94.45,93.36"
Rec-G3_std_1,7,4,1212,core,305,317,0.0,4.0,0.9745,308,318,317,321,1.0,True,98.9918,115.0706,93.3608,4.4586,97.9741,"115.07,110.73,106.93,103.67,102.04,100.42,99.87,98.79,98.25,97.70,106.39,103.67,102.04,100.42,99.33,98.25,98.25,97.16,96.62,96.07,100.42,99.33,98.25,98.25,97.70,97.16,96.62,96.07,95.53,95.53,97.16,96.62,96.07,95.53,95.53,94.99,94.99,94.45,94.45,93.36"
Rec-G3_std_1,7,5,1213,core,320,317,0.0,15.0,0.9735,323,318,332,321,1.0,True,96.9293,108.5576,92.2753,3.2335,96.0745,"108.56,105.30,102.04,100.42,98.79,98.25,97.70,97.16,96.62,96.07,102.04,100.42,98.79,98.25,97.70,96.62,96.07,95.53,95.53,95.53,98.25,97.70,96.62,96.07,95.53,95.53,94.99,94.99,94.45,94.45,95.53,95.53,94.99,94.99,94.45,93.36,93.36,93.36,93.36,92.28"
Rec-G3_std_1,7,6,1214,core,325,317,0.0,5.0,0.9707,328,318,337,321,1.0,True,96.7801,106.9294,93.3608,2.7971,96.3459,"106.93,103.67,101.50,99.87,98.25,98.25,97.70,97.16,97.16,96.62,100.96,99.33,98.25,98.25,97.16,96.62,96.62,96.07,95.53,95.53,97.70,97.16,96.62,96.07,95.53,95.53,94.99,94.99,94.45,94.45,95.53,94.99,94.99,94.45,94.45,94.45,93.36,93.36,93.36,93.36"
Rec-G3_std_1,7,7,1215,core,329,317,0.0,4.0,0.9691,332,318,341,321,1.0,True,97.7434,109.1004,94.4463,3.1211,97.16,"109.10,105.84,103.13,100.96,99.87,99.33,98.79,98.25,98.25,98.25,102.04,100.96,99.33,98.25,98.25,98.25,97.70,97.16,96.62,96.62,98.25,97.70,97.16,96.62,96.07,96.07,96.07,95.53,95.53,95.53,95.53,95.53,94.99,94.99,94.99,94.45,94.45,94.45,94.45,94.45"
Rec-G3_std_1,7,8,1216,core,334,317,0.0,5.0,0.9693,337,318,346,321,1.0,True,98.2862,108.5576,94.989,2.9338,97.9741,"108.56,105.30,103.13,102.04,100.96,100.42,99.87,99.33,99.33,98.79,102.04,100.96,99.87,98.79,98.25,98.25,98.25,98.25,98.25,97.70,98.25,97.70,97.70,97.16,97.16,96.62,96.62,96.62,96.07,96.07,96.07,95.53,95.53,95.53,95.53,94.99,94.99,94.99,94.99,94.99"
Rec-G3_std_1,7,9,1217,core,339,316,11.31,5.1,0.9693,342,317,351,320,1.0,True,101.5698,118.8698,96.6172,4.4759,100.4165,"118.87,112.90,109.10,106.39,105.30,103.67,103.13,102.04,102.04,102.04,108.01,105.30,103.67,102.04,101.50,101.50,100.96,100.42,100.42,99.87,102.04,101.50,100.42,99.87,99.33,99.33,98.79,98.79,98.25,98.25,98.79,98.25,98.25,98.25,97.70,97.70,97.70,97.16,96.62,96.62"
Rec-G3_std_1,7,10,1218,core,344,316,0.0,5.0,0.9712,347,317,356,320,1.0,True,101.7598,117.7843,95.5318,4.4953,100.9592,"117.78,112.90,109.64,106.93,105.30,104.22,103.67,103.13,102.04,101.50,108.01,105.84,104.22,103.13,102.04,102.04,101.50,100.96,99.87,98.79,103.13,102.04,100.96,100.42,99.87,99.87,99.33,98.79,98.25,97.70,99.33,98.79,98.25,98.25,98.25,97.70,97.70,96.62,96.07,95.53"
Rec-G3_std_1,7,11,1219,core,349,316,0.0,5.0,0.9721,352,317,361,320,1.0,True,99.6159,116.1561,89.5616,5.4559,98.7882,"116.16,111.81,108.56,105.84,104.22,103.13,100.96,99.33,97.16,94.45,108.01,105.30,103.67,102.04,101.50,99.87,98.79,97.16,95.53,93.36,103.13,102.04,100.96,99.87,98.79,98.25,97.16,95.53,94.45,91.73,99.33,98.79,98.25,97.70,96.62,95.53,94.99,93.36,91.73,89.56"
Rec-G3_std_1,7,12,1220,core,354,316,0.0,5.0,0.9716,357,317,366,320,0.6,False,89.2631,112.8996,74.3647,11.1547,90.9184,"112.90,108.56,104.22,100.42,97.70,90.65,81.96,77.62,75.99,74.91,105.30,102.04,99.87,98.25,95.53,89.56,81.42,77.62,75.99,74.36,100.42,98.79,97.16,95.53,93.36,87.93,80.88,77.08,75.45,74.36,97.16,96.07,94.99,93.36,91.19,85.76,79.79,76.54,75.45,74.36"
Rec-G3_std_1,7,13,1221,core,358,316,0.0,4.0,0.9748,361,317,370,320,0.2,False,80.7012,110.1859,73.822,9.0056,76.2643,"110.19,99.33,87.39,80.88,78.16,76.54,75.99,75.45,74.36,73.82,102.04,93.36,84.13,79.79,77.62,75.99,75.45,74.36,74.36,73.82,96.62,90.10,82.51,78.71,77.08,75.99,74.91,74.36,73.82,73.82,93.36,87.93,80.88,77.62,75.99,75.45,74.36,73.82,73.82,73.82"
Rec-G3_std_1,7,14,1222,core,361,316,0.0,3.0,0.981,364,317,373,320,0.0,False,76.4407,89.5616,73.822,3.2381,75.4502,"89.56,83.59,79.79,77.62,75.99,75.99,75.45,74.91,74.36,73.82,83.59,79.79,77.62,76.54,75.99,75.45,74.91,74.36,73.82,73.82,80.33,78.16,76.54,75.99,75.45,74.91,74.36,74.36,73.82,73.82,78.71,77.62,75.99,75.45,74.91,74.36,74.36,73.82,73.82,73.82"
Rec-G3_std_1,8,1,1367,core,291,317,180.0,1.0,0.9785,294,318,303,321,1.0,True,97.35,109.6431,89.5616,4.314,97.16,"109.64,107.47,105.30,103.13,102.04,101.50,101.50,100.96,100.96,99.87,98.25,98.25,98.25,98.25,98.25,98.25,98.25,98.25,98.25,98.25,92.28,93.36,94.45,94.99,95.53,96.07,96.07,96.07,96.07,95.53,89.56,90.65,91.73,92.28,93.36,93.36,94.45,94.45,94.45,94.45"
Rec-G3_std_1,8,2,1368,core,295,318,-14.04,4.12,0.9779,298,319,307,322,1.0,True,96.7801,105.3012,92.2753,3.0369,95.8031,"105.30,103.13,102.04,101.50,100.96,99.87,99.33,98.79,98.25,97.70,98.79,98.79,98.79,98.25,98.25,97.70,97.70,97.16,96.62,96.07,95.53,95.53,95.53,95.53,95.53,95.53,95.53,95.53,94.99,94.45,92.28,93.36,93.36,93.36,93.36,93.36,93.36,93.36,93.36,93.36"
Rec-G3_std_1,8,3,1369,core,300,317,11.31,5.1,0.9753,303,318,312,321,1.0,True,99.3853,113.9851,94.4463,4.0955,98.2455,"113.99,110.19,106.39,103.67,102.04,101.50,100.96,99.87,98.79,98.25,105.84,103.13,102.04,100.96,99.87,99.33,98.79,98.25,97.70,97.16,100.42,99.87,98.79,98.25,98.25,97.70,97.16,96.62,96.07,95.53,97.16,97.16,96.62,96.07,96.07,95.53,95.53,94.99,94.45,94.45"
Rec-G3_std_1,8,4,1370,core,304,317,0.0,4.0,0.9754,307,318,316,321,1.0,True,99.5209,116.1561,93.3608,4.6333,98.2455,"116.16,111.27,108.01,105.30,102.04,101.50,100.42,99.33,98.25,97.70,106.93,104.22,102.04,100.96,99.87,99.33,98.25,98.25,97.16,96.62,101.50,99.87,99.33,98.25,98.25,97.70,97.16,96.07,95.53,94.99,98.25,97.70,96.62,96.62,96.07,95.53,95.53,94.45,94.45,93.36"
Rec-G3_std_1,8,5,1371,core,309,317,0.0,5.0,0.9762,312,318,321,321,1.0,True,98.4762,112.8996,93.3608,4.1189,97.16,"112.90,109.10,105.84,103.13,100.96,99.87,98.79,98.25,97.16,96.62,105.30,103.13,101.50,99.87,98.79,98.25,97.16,96.62,96.07,95.53,100.42,99.33,98.25,98.25,97.16,96.62,96.07,95.53,95.53,94.99,97.70,96.62,96.07,95.53,95.53,94.99,94.45,94.45,93.36,93.36"
Rec-G3_std_1,8,6,1372,core,314,317,0.0,5.0,0.9764,317,318,326,321,1.0,True,97.6485,110.1859,93.3608,3.5253,96.6172,"110.19,106.93,103.67,101.50,99.87,98.79,98.25,97.70,97.16,96.62,103.13,101.50,99.87,98.79,98.25,97.70,96.62,96.62,96.07,95.53,98.79,98.25,98.25,97.16,96.07,95.53,95.53,95.53,94.99,94.45,96.07,95.53,95.53,95.53,94.99,94.45,94.45,93.36,93.36,93.36"
Rec-G3_std_1,8,7,1373,core,319,317,0.0,5.0,0.9739,322,318,331,321,1.0,True,97.1057,108.0149,93.3608,3.1032,96.3459,"108.01,105.30,102.04,100.42,99.33,98.25,98.25,97.16,96.62,96.07,102.04,100.42,98.79,98.25,97.70,97.16,96.62,96.07,95.53,95.53,98.25,97.70,97.16,96.62,96.07,95.53,95.53,94.99,94.45,94.45,95.53,95.53,95.53,94.99,94.45,94.45,93.36,93.36,93.36,93.36"
Rec-G3_std_1,8,8,1374,core,324,317,0.0,5.0,0.9709,327,318,336,321,1.0,True,97.0786,106.9294,93.3608,2.7742,96.6172,"106.93,103.67,102.04,99.87,98.79,98.25,98.25,97.70,97.16,97.16,101.50,99.87,98.25,98.25,97.70,97.16,96.62,96.62,96.07,95.53,98.25,97.16,96.62,96.62,96.07,95.53,95.53,95.53,94.99,94.99,95.53,95.53,94.99,94.99,94.45,94.45,94.45,93.36,93.36,93.36"
Rec-G3_std_1,8,9,1375,core,328,317,0.0,4.0,0.9704,331,318,340,321,1.0,True,97.7842,109.1004,94.4463,3.1026,97.16,"109.10,105.84,103.13,100.96,99.87,99.33,98.79,98.25,98.25,98.25,102.04,100.96,99.33,98.79,98.25,97.70,97.70,97.16,97.16,96.62,98.25,97.70,97.16,96.62,96.62,96.07,96.07,95.53,95.53,95.53,95.53,95.53,95.53,94.99,94.99,94.45,94.45,94.45,94.45,94.45"
Rec-G3_std_1,8,10,1376,core,333,317,0.0,5.0,0.9706,336,318,345,321,1.0,True,98.4219,108.5576,94.989,2.9388,98.2455,"108.56,105.84,103.13,102.04,100.96,100.42,99.87,99.87,99.33,99.33,102.04,100.96,99.87,99.33,98.79,98.25,98.25,98.25,98.25,98.25,98.25,98.25,97.70,97.16,97.16,96.62,96.62,96.62,96.62,96.07,96.07,95.53,95.53,95.53,95.53,95.53,95.53,94.99,94.99,94.99"
Rec-G3_std_1,8,11,1377,core,338,317,0.0,5.0,0.9698,341,318,350,321,1.0,True,99.1682,108.5576,95.5318,2.9107,98.7882,"108.56,105.84,103.67,103.13,102.04,101.50,101.50,100.96,100.42,100.42,102.04,101.50,100.96,100.42,99.87,99.33,99.33,99.33,98.79,98.79,98.79,98.25,98.25,98.25,98.25,97.70,97.70,97.70,97.16,97.16,96.62,96.07,96.07,96.07,96.07,96.07,95.53,95.53,95.53,95.53"
Rec-G3_std_1,8,12,1378,core,343,316,11.31,5.1,0.9715,346,317,355,320,1.0,True,102.2347,117.7843,96.0745,4.3699,101.502,"117.78,112.90,109.64,107.47,105.84,105.30,104.22,103.13,103.13,102.04,108.56,106.39,104.22,103.13,103.13,102.04,102.04,101.50,100.96,99.87,103.13,102.04,101.50,100.96,100.42,100.42,99.87,99.33,98.79,98.25,99.33,98.79,98.79,98.79,98.25,98.25,98.25,97.70,97.16,96.07"
Rec-G3_std_1,8,13,1379,core,348,316,0.0,5.0,0.972,351,317,360,320,1.0,True,100.5657,116.6988,91.7325,5.1245,99.6023,"116.70,111.81,109.10,106.93,105.30,103.67,102.04,100.42,98.79,96.62,108.56,105.84,104.22,103.13,102.04,101.50,99.87,98.25,97.16,95.53,103.13,102.04,101.50,100.96,99.87,98.79,98.25,96.62,95.53,93.36,99.33,99.33,98.79,98.25,97.70,96.62,95.53,94.45,93.36,91.73"
Rec-G3_std_1,8,14,1380,core,357,316,0.0,9.0,0.9748,360,317,369,320,0.3,False,82.8044,111.8141,73.822,10.3875,77.6212,"111.81,105.30,95.53,84.68,79.79,77.62,75.99,75.45,74.91,74.36,103.67,99.33,92.28,83.05,78.71,77.08,75.45,74.91,74.36,73.82,98.25,95.53,89.56,81.96,78.16,76.54,75.45,74.91,73.82,73.82,94.99,92.28,87.39,80.88,77.62,75.99,74.91,74.36,73.82,73.82"
Rec-G3_std_1,8,15,1381,core,361,316,0.0,4.0,0.9791,364,317,373,320,0.0,False,76.3186,89.0188,73.822,3.2196,75.1788,"89.02,83.59,79.79,77.62,76.54,75.99,74.91,74.36,73.82,73.82,83.59,79.79,77.62,75.99,75.99,74.91,74.91,74.36,73.82,73.82,80.33,77.62,76.54,75.99,75.45,74.91,74.36,73.82,73.82,73.82,78.71,77.08,75.99,75.45,74.91,74.36,73.82,73.82,73.82,73.82"
Rec-G3_std_1,9,1,1522,core,292,318,-45.0,1.41,0.9802,295,319,304,322,1.0,True,95.7489,102.0447,89.5616,2.8249,95.2604,"102.04,100.96,99.87,99.33,99.33,99.33,99.33,98.79,98.25,98.25,95.53,96.07,96.62,96.62,97.16,97.16,97.16,96.62,96.62,96.62,92.28,93.36,94.45,94.45,94.99,94.99,94.99,94.99,94.99,94.99,89.56,91.19,91.73,92.28,92.28,93.36,93.36,93.36,93.36,93.36"
Rec-G3_std_1,9,2,1523,core,296,318,0.0,4.0,0.975,299,319,308,322,1.0,True,97.4721,107.4722,93.3608,3.2198,96.6172,"107.47,105.30,103.13,102.04,100.96,100.42,99.33,98.79,98.25,98.25,100.96,99.87,99.33,98.79,98.25,98.25,98.25,97.70,96.62,96.07,96.62,96.62,96.62,96.62,96.62,96.07,95.53,95.53,95.53,94.99,93.36,94.45,94.45,94.45,94.45,94.45,94.45,93.36,93.36,93.36"
Rec-G3_std_1,9,3,1524,core,301,317,11.31,5.1,0.9757,304,318,313,321,1.0,True,99.7245,116.1561,94.4463,4.5893,98.2455,"116.16,111.81,108.01,104.22,102.04,101.50,100.42,99.33,98.25,97.70,106.93,105.30,103.13,101.50,100.42,99.33,98.25,98.25,97.70,97.16,101.50,100.42,99.33,98.25,98.25,97.70,97.16,96.62,96.07,95.53,98.25,97.70,97.16,96.62,96.07,95.53,95.53,94.99,94.45,94.45"
Rec-G3_std_1,9,4,1525,core,306,317,0.0,5.0,0.977,309,318,318,321,1.0,True,98.5983,112.8996,93.3608,4.1308,97.7027,"112.90,109.64,105.84,103.13,100.96,99.87,98.79,98.25,97.16,96.62,105.30,103.13,101.50,100.42,98.79,98.25,97.70,97.16,96.07,95.53,100.42,99.33,98.79,98.25,97.70,97.16,96.07,95.53,94.99,94.99,97.70,97.16,96.62,96.07,95.53,94.99,94.45,94.45,93.36,93.36"
Rec-G3_std_1,9,5,1526,core,311,317,0.0,5.0,0.9759,314,318,323,321,1.0,True,97.4992,110.7286,92.2753,3.6159,96.6172,"110.73,106.93,103.13,100.96,99.33,98.25,97.70,97.16,96.62,96.07,103.67,102.04,99.87,98.25,97.70,97.16,96.62,96.07,95.53,95.53,99.33,98.25,97.70,96.62,96.62,96.07,95.53,94.99,94.99,94.45,96.62,96.07,95.53,94.99,94.99,94.45,94.45,93.36,93.36,92.28"
Rec-G3_std_1,9,6,1527,core,316,317,0.0,5.0,0.9735,319,318,328,321,1.0,True,97.2957,108.5576,93.3608,3.0334,96.6172,"108.56,105.30,102.04,100.42,98.79,98.25,98.25,97.70,97.16,97.16,102.04,100.42,98.79,98.25,97.70,97.16,96.62,96.62,96.07,95.53,98.25,97.70,97.16,96.62,96.07,96.07,95.53,95.53,95.53,94.99,95.53,95.53,94.99,94.99,94.45,94.45,94.45,94.45,93.36,93.36"
Rec-G3_std_1,9,7,1528,core,320,317,0.0,4.0,0.9722,323,318,332,321,1.0,True,98.2319,110.7286,94.4463,3.4057,97.7027,"110.73,107.47,104.22,102.04,100.42,99.33,98.79,98.25,98.25,98.25,103.13,102.04,99.87,98.79,98.25,98.25,97.70,97.70,97.16,97.16,98.79,98.25,97.70,97.16,97.16,96.62,96.62,96.07,95.53,95.53,96.07,95.53,95.53,95.53,95.53,94.99,94.99,94.99,94.45,94.45"
Rec-G3_std_1,9,8,1529,core,320,317,0.0,0.0,0.9722,323,318,332,321,1.0,True,98.2319,110.7286,94.4463,3.4057,97.7027,"110.73,107.47,104.22,102.04,100.42,99.33,98.79,98.25,98.25,98.25,103.13,102.04,99.87,98.79,98.25,98.25,97.70,97.70,97.16,97.16,98.79,98.25,97.70,97.16,97.16,96.62,96.62,96.07,95.53,95.53,96.07,95.53,95.53,95.53,95.53,94.99,94.99,94.99,94.45,94.45"
Rec-G3_std_1,9,9,1530,core,325,317,0.0,5.0,0.973,328,318,337,321,1.0,True,98.4762,110.1859,94.4463,3.213,98.2455,"110.19,106.93,103.67,102.04,100.96,99.87,99.33,98.79,98.79,98.25,103.13,101.50,100.42,99.33,98.79,98.25,98.25,98.25,97.70,97.70,98.79,98.25,98.25,97.70,97.16,97.16,96.62,96.62,96.07,96.07,96.07,96.07,96.07,95.53,95.53,95.53,94.99,94.99,94.99,94.45"
Rec-G3_std_1,9,10,1531,core,335,317,0.0,10.0,0.9705,338,318,347,321,1.0,True,99.6159,109.1004,95.5318,2.9,99.0596,"109.10,106.39,104.22,103.13,102.04,102.04,101.50,100.96,100.96,100.42,103.13,102.04,101.50,100.96,100.42,100.42,99.87,99.33,99.33,98.79,99.33,98.79,98.79,98.25,98.25,98.25,98.25,98.25,97.70,97.70,97.16,97.16,97.16,96.62,96.62,96.62,96.07,96.07,95.53,95.53"
Rec-G3_std_1,9,11,1532,core,340,316,11.31,5.1,0.9691,343,317,352,320,1.0,True,102.696,117.7843,97.7027,4.0908,101.7733,"117.78,112.90,109.64,106.93,105.84,105.30,103.67,103.13,103.13,103.13,108.56,106.39,105.30,103.67,103.13,102.04,102.04,101.50,101.50,100.96,103.67,103.13,102.04,101.50,101.50,100.96,100.42,99.87,99.87,99.33,100.42,99.87,99.33,99.33,98.79,98.79,98.25,98.25,98.25,97.70"
Rec-G3_std_1,9,12,1533,core,345,316,0.0,5.0,0.97,348,317,357,320,1.0,True,102.1261,116.6988,95.5318,4.2486,101.2306,"116.70,111.81,109.10,106.93,105.30,105.30,103.67,103.13,102.04,100.96,108.56,106.39,105.30,103.67,103.13,102.04,102.04,100.96,99.87,98.79,103.67,103.13,102.04,101.50,100.96,100.42,99.87,98.79,98.25,97.70,100.42,99.87,99.33,99.33,98.79,98.25,98.25,97.16,96.07,95.53"
Rec-G3_std_1,9,13,1534,core,349,316,0.0,4.0,0.9723,352,317,361,320,1.0,True,100.7557,120.498,90.1043,6.2329,99.6023,"120.50,115.07,111.27,107.47,105.30,103.13,101.50,99.33,97.70,94.99,110.73,108.01,105.30,103.67,102.04,100.96,99.33,98.25,96.07,93.36,105.30,103.13,102.04,101.50,99.87,98.79,97.70,96.07,94.45,92.28,100.96,99.87,99.33,98.25,97.70,96.62,95.53,94.45,92.28,90.10"
Rec-G3_std_1,9,14,1535,core,354,316,0.0,5.0,0.9748,357,317,366,320,0.6,False,89.8194,116.1561,74.3647,11.7112,91.1898,"116.16,110.73,105.30,101.50,97.70,91.19,82.51,77.62,75.99,74.91,106.93,103.67,101.50,98.25,95.53,89.56,81.42,77.62,75.99,74.36,102.04,99.87,98.25,96.07,93.36,87.93,80.88,77.62,75.45,74.36,98.25,96.62,95.53,93.36,91.19,86.31,80.33,77.08,75.45,74.36"
Rec-G3_std_1,9,15,1536,core,359,316,0.0,5.0,0.9756,362,317,371,320,0.1,False,78.286,101.502,73.2792,6.4017,75.7216,"101.50,89.02,82.51,78.71,76.54,75.99,75.45,74.36,73.82,73.82,94.99,85.22,79.79,77.62,75.99,75.45,74.91,74.36,73.82,73.82,90.65,83.05,78.71,77.08,75.99,74.91,74.36,73.82,73.82,73.82,87.93,81.42,77.62,75.99,75.45,74.36,73.82,73.82,73.82,73.28"
Rec-G3_std_1,9,16,1537,core,361,316,0.0,2.0,0.9828,364,317,373,320,0.0,False,76.1965,88.4761,73.2792,3.1802,74.9074,"88.48,83.05,79.79,77.62,75.99,75.45,74.91,74.36,73.82,73.82,83.59,79.79,77.62,75.99,75.99,74.91,74.91,74.36,73.82,73.82,80.33,77.62,76.54,75.99,74.91,74.36,74.36,73.82,73.82,73.28,78.71,77.08,75.99,75.45,74.36,74.36,73.82,73.82,73.82,73.28"
Rec-G3_std_1,10,1,1667,core,291,318,-90.0,1.0,0.9779,294,319,303,322,1.0,True,95.1926,100.9592,87.9333,3.0526,94.989,"100.96,100.42,99.33,98.79,98.79,98.79,98.79,98.79,98.25,98.25,94.45,95.53,95.53,96.07,96.62,97.16,97.16,97.16,96.62,96.07,90.65,91.73,93.36,93.36,94.45,94.45,94.99,94.99,94.99,94.99,87.93,89.56,91.19,91.73,92.28,92.28,92.28,92.28,93.36,93.36"
Rec-G3_std_1,10,2,1668,core,294,318,0.0,3.0,0.9793,297,319,306,322,1.0,True,96.7936,105.3012,92.2753,2.9563,95.8031,"105.30,103.67,102.04,100.96,100.42,99.87,98.79,98.25,98.25,97.70,98.79,98.79,98.25,98.25,98.25,98.25,97.70,97.16,96.62,96.07,95.53,95.53,95.53,95.53,95.53,95.53,95.53,95.53,94.99,94.45,92.28,93.36,93.36,93.36,94.45,94.45,93.36,93.36,93.36,93.36"
Rec-G3_std_1,10,3,1669,core,299,317,11.31,5.1,0.9767,302,318,311,321,1.0,True,99.331,115.6133,93.3608,4.4126,98.2455,"115.61,110.73,106.93,104.22,102.04,100.96,99.87,98.79,98.25,97.70,106.39,103.67,102.04,100.96,99.87,98.79,98.25,97.70,97.16,96.07,100.96,99.87,99.33,98.25,98.25,97.70,97.16,96.07,95.53,95.53,97.70,97.16,97.16,96.62,96.07,95.53,95.53,94.99,94.45,93.36"
Rec-G3_std_1,10,4,1670,core,304,317,0.0,5.0,0.9758,307,318,316,321,1.0,True,98.3405,112.8996,92.2753,4.0541,97.16,"112.90,108.56,105.30,102.04,100.96,99.33,98.25,98.25,97.16,96.62,105.30,103.13,100.96,99.33,98.25,98.25,97.16,96.62,96.07,95.53,100.42,99.33,98.25,98.25,97.16,96.62,96.07,95.53,94.99,94.45,97.70,97.16,96.62,96.07,95.53,94.99,94.45,94.45,93.36,92.28"
Rec-G3_std_1,10,5,1671,core,308,317,0.0,4.0,0.9752,311,318,320,321,1.0,True,98.0284,113.9851,92.2753,4.3007,96.6172,"113.99,109.10,105.30,102.04,100.42,98.79,98.25,97.70,96.62,96.07,105.30,103.13,100.96,99.33,98.25,97.70,96.62,96.07,95.53,95.53,99.87,98.79,98.25,97.16,96.62,96.07,95.53,95.53,94.99,94.45,97.16,96.07,95.53,95.53,94.99,94.45,94.45,93.36,93.36,92.28"
Rec-G3_std_1,10,6,1672,core,313,317,0.0,5.0,0.976,316,318,325,321,1.0,True,97.3907,111.2714,93.3608,3.6305,96.0745,"111.27,106.93,103.13,100.96,99.33,98.25,97.70,97.16,96.62,96.07,103.67,101.50,99.33,98.25,97.16,96.62,96.07,96.07,95.53,95.53,98.79,98.25,97.16,96.62,96.07,95.53,95.53,95.53,94.99,94.45,96.07,95.53,95.53,94.99,94.45,94.45,94.45,93.36,93.36,93.36"
Rec-G3_std_1,10,7,1673,core,318,317,0.0,5.0,0.976,321,318,330,321,1.0,True,97.3771,108.5576,94.4463,2.9399,96.6172,"108.56,105.30,102.04,100.42,98.79,98.25,98.25,97.70,97.16,96.62,102.04,100.42,98.79,98.25,97.70,97.16,97.16,96.62,96.07,96.07,98.25,97.16,97.16,96.62,96.07,95.53,95.53,95.53,95.53,95.53,95.53,95.53,95.53,94.99,94.99,94.45,94.45,94.45,94.45,94.45"
Rec-G3_std_1,10,8,1674,core,323,317,0.0,5.0,0.9747,326,318,335,321,1.0,True,97.947,108.5576,94.4463,2.8096,97.4314,"108.56,105.30,102.04,100.96,99.87,99.33,98.25,98.25,98.25,98.25,102.04,100.42,99.33,98.79,98.25,98.25,97.70,97.16,97.16,97.16,98.25,98.25,97.70,97.16,97.16,96.62,96.62,96.07,96.07,95.53,96.07,95.53,95.53,95.53,95.53,95.53,95.53,94.99,94.45,94.45"
Rec-G3_std_1,10,9,1675,core,328,317,0.0,5.0,0.9717,331,318,340,321,1.0,True,98.354,108.0149,94.989,2.687,98.2455,"108.01,105.30,102.04,101.50,100.42,99.87,99.33,98.79,98.79,98.25,102.04,100.96,99.87,99.33,98.79,98.25,98.25,98.25,97.70,97.70,98.79,98.25,98.25,97.70,97.70,97.16,97.16,96.62,96.07,96.07,96.62,96.62,96.07,95.53,95.53,95.53,95.53,95.53,94.99,94.99"
Rec-G3_std_1,10,10,1676,core,332,317,0.0,4.0,0.9706,335,318,344,321,1.0,True,99.3445,110.7286,95.5318,3.2143,98.7882,"110.73,107.47,105.30,103.13,102.04,100.96,100.42,99.87,99.87,99.33,103.67,102.04,101.50,100.42,99.87,99.33,98.79,98.79,98.25,98.25,99.87,98.79,98.79,98.25,98.25,97.70,97.70,97.16,97.16,97.16,97.16,97.16,97.16,96.62,96.62,96.07,95.53,95.53,95.53,95.53"
Rec-G3_std_1,10,11,1677,core,337,317,0.0,5.0,0.9709,340,318,349,321,1.0,True,99.833,110.1859,95.5318,3.0228,99.331,"110.19,107.47,105.30,103.13,102.04,102.04,101.50,100.96,100.42,100.42,103.67,102.04,101.50,100.96,100.42,100.42,99.87,99.33,99.33,98.79,99.87,99.33,99.33,98.79,98.25,98.25,98.25,98.25,97.70,97.70,97.70,97.70,97.16,97.16,97.16,96.62,96.62,96.07,96.07,95.53"
Rec-G3_std_1,10,12,1678,core,342,316,11.31,5.1,0.9715,345,317,354,320,1.0,True,102.6689,120.498,96.6172,4.7137,101.7733,"120.50,115.07,110.73,107.47,105.30,104.22,103.67,103.13,102.04,102.04,109.64,107.47,105.30,103.67,103.13,102.04,102.04,101.50,100.96,100.42,104.22,103.13,102.04,101.50,100.96,100.42,99.87,99.33,99.33,98.79,100.42,99.87,99.33,99.33,98.79,98.25,98.25,98.25,97.70,96.62"
Rec-G3_std_1,10,13,1679,core,347,316,0.0,5.0,0.9733,350,317,359,320,1.0,True,101.2849,117.7843,93.3608,4.9933,100.4165,"117.78,112.90,109.64,106.93,105.30,103.67,102.04,101.50,99.87,97.70,109.10,106.93,105.30,103.13,102.04,101.50,100.42,99.33,98.25,96.62,103.67,103.13,102.04,101.50,100.42,99.33,98.25,97.70,96.07,94.99,100.42,99.87,99.33,98.79,98.25,97.70,96.62,95.53,94.45,93.36"
Rec-G3_std_1,10,14,1680,core,352,316,0.0,5.0,0.9738,355,317,364,320,0.8,False,94.0799,115.6133,75.9929,9.7674,96.0745,"115.61,110.73,106.39,103.13,100.42,98.25,95.53,89.56,80.88,77.08,106.93,104.22,102.04,100.42,98.25,96.62,94.45,88.48,80.88,76.54,102.04,100.96,99.33,98.25,96.62,94.99,92.28,87.39,79.79,76.54,98.79,98.25,97.16,95.53,94.45,92.28,90.65,85.76,79.79,75.99"
Rec-G3_std_1,10,15,1681,core,356,316,0.0,4.0,0.9734,359,317,368,320,0.4,False,85.206,115.0706,73.822,11.6712,79.7922,"115.07,109.10,102.04,93.36,83.59,78.71,76.54,75.45,74.36,73.82,105.84,102.04,98.25,91.19,83.05,78.16,75.99,75.45,74.36,73.82,99.87,97.70,94.99,89.56,81.96,77.62,75.99,74.91,74.36,73.82,96.07,94.45,92.28,87.39,80.88,77.62,75.99,74.91,73.82,73.82"
Rec-G3_std_1,10,16,1682,core,361,316,0.0,5.0,0.977,364,317,373,320,0.0,False,76.1151,87.9333,73.2792,3.1024,74.9074,"87.93,83.05,79.79,77.08,75.99,75.45,74.91,74.36,73.82,73.82,83.05,79.79,77.62,75.99,75.45,74.91,74.36,73.82,73.82,73.82,80.33,77.62,75.99,75.99,74.91,74.36,74.36,73.82,73.82,73.28,78.71,77.08,75.99,75.45,74.91,74.36,73.82,73.82,73.82,73.28"
Rec-G3_std_1,11,1,1820,core,291,317,180.0,1.0,0.9778,294,318,303,321,1.0,True,97.947,112.8996,90.1043,4.487,97.16,"112.90,109.64,106.39,103.13,102.04,102.04,100.96,100.42,99.87,99.33,100.42,99.87,99.33,98.79,98.79,98.79,98.79,98.25,98.25,97.70,94.45,94.99,95.53,95.53,96.07,96.62,96.62,96.62,96.07,95.53,90.10,91.73,92.28,93.36,94.45,94.45,94.45,94.45,94.45,94.45"
Rec-G3_std_1,11,2,1821,core,294,318,-18.43,3.16,0.9781,297,319,306,322,1.0,True,96.2509,104.2157,92.2753,2.8055,95.5318,"104.22,102.04,101.50,100.96,99.87,98.79,98.25,97.70,97.16,96.62,98.25,98.25,98.25,98.25,97.70,97.16,96.62,96.07,95.53,95.53,94.99,95.53,95.53,95.53,95.53,95.53,94.99,94.45,94.45,94.45,92.28,93.36,93.36,93.36,93.36,93.36,93.36,93.36,92.28,92.28"
Rec-G3_std_1,11,3,1822,core,298,317,14.04,4.12,0.9756,301,318,310,321,1.0,True,99.3174,117.2416,93.3608,4.9854,97.9741,"117.24,112.90,108.01,105.30,102.04,100.96,99.33,98.79,98.25,97.70,107.47,105.30,102.04,100.96,99.33,98.79,98.25,97.16,96.62,96.07,100.96,99.87,98.79,98.25,97.70,97.16,96.62,95.53,95.53,94.99,97.16,96.62,96.62,96.07,95.53,95.53,94.99,94.45,94.45,93.36"
Rec-G3_std_1,11,4,1823,core,303,317,0.0,5.0,0.977,306,318,315,321,1.0,True,98.4219,113.9851,93.3608,4.3154,97.16,"113.99,109.64,105.84,103.13,101.50,99.87,98.79,97.70,97.16,96.62,105.84,103.13,100.96,99.87,98.79,98.25,97.16,96.62,95.53,95.53,100.42,98.79,98.25,97.70,97.16,96.07,96.07,95.53,94.99,94.45,97.16,96.62,96.07,95.53,95.53,94.99,94.45,94.45,93.36,93.36"
Rec-G3_std_1,11,5,1824,core,308,317,0.0,5.0,0.9772,311,318,320,321,1.0,True,97.1871,111.2714,92.2753,3.7894,96.0745,"111.27,106.93,103.13,100.96,99.33,98.25,97.16,96.62,96.07,95.53,103.67,101.50,99.33,98.25,97.70,96.62,96.07,95.53,94.99,94.45,98.79,98.25,97.70,96.62,96.07,95.53,94.99,94.45,94.45,94.45,96.07,96.07,95.53,94.99,94.45,94.45,93.36,93.36,92.28,92.28"
Rec-G3_std_1,11,6,1825,core,313,317,0.0,5.0,0.9755,316,318,325,321,1.0,True,96.7529,109.1004,93.3608,3.1966,95.5318,"109.10,105.30,102.04,99.87,98.25,97.70,97.16,96.07,96.07,95.53,102.04,99.87,98.25,97.70,96.62,96.07,95.53,95.53,95.53,95.53,98.25,97.16,96.62,96.07,95.53,95.53,94.99,94.99,94.45,94.45,95.53,94.99,94.99,94.45,94.45,94.45,93.36,93.36,93.36,93.36"
Rec-G3_std_1,11,7,1826,core,317,317,0.0,4.0,0.9731,320,318,329,321,1.0,True,97.6892,110.7286,94.4463,3.3992,96.8886,"110.73,106.93,103.67,100.96,99.87,98.79,98.25,97.70,97.16,97.16,103.13,100.96,99.33,98.25,97.70,97.70,97.16,96.62,96.07,96.07,98.25,97.70,97.16,96.62,96.07,96.07,95.53,95.53,95.53,95.53,95.53,95.53,95.53,94.99,94.99,94.99,94.45,94.45,94.45,94.45"
Rec-G3_std_1,11,8,1827,core,322,317,0.0,5.0,0.9733,325,318,334,321,1.0,True,98.1641,110.1859,94.4463,3.1356,97.7027,"110.19,106.39,103.13,101.50,99.87,98.79,98.79,98.25,98.25,98.25,103.13,101.50,99.87,98.79,98.25,98.25,97.70,97.70,97.16,97.16,98.25,98.25,97.70,97.16,97.16,96.62,96.62,96.07,96.07,96.07,96.07,95.53,95.53,95.53,95.53,95.53,95.53,94.99,94.99,94.45"
Rec-G3_std_1,11,9,1828,core,327,317,0.0,5.0,0.9736,330,318,339,321,1.0,True,98.9239,109.1004,95.5318,2.907,98.2455,"109.10,106.39,103.67,102.04,100.96,100.96,100.42,99.87,99.87,99.33,103.13,101.50,100.42,99.33,99.33,98.79,98.79,98.79,98.25,98.25,98.79,98.25,98.25,98.25,97.70,97.70,97.70,97.70,97.16,97.16,96.62,96.62,96.07,96.07,96.07,95.53,95.53,95.53,95.53,95.53"
Rec-G3_std_1,11,10,1829,core,332,317,0.0,5.0,0.9721,335,318,344,321,1.0,True,99.9687,109.6431,96.6172,2.7725,99.8737,"109.64,106.93,104.22,103.13,102.04,102.04,101.50,101.50,100.96,100.96,103.13,102.04,101.50,100.96,100.42,100.42,99.87,99.87,99.87,99.87,99.87,99.33,99.33,98.79,98.25,98.25,98.25,98.25,98.25,98.25,97.70,97.70,97.70,97.16,97.16,97.16,96.62,96.62,96.62,96.62"
Rec-G3_std_1,11,11,1830,core,337,317,0.0,5.0,0.9705,340,318,349,321,1.0,True,100.7014,110.1859,96.6172,2.8821,100.4165,"110.19,107.47,105.30,103.67,103.13,103.13,102.04,102.04,102.04,101.50,104.22,103.13,102.04,102.04,102.04,101.50,100.96,100.42,100.42,99.87,100.96,100.42,100.42,99.87,99.87,99.33,98.79,98.79,98.25,98.25,98.25,98.25,98.25,98.25,97.70,97.70,97.16,97.16,96.62,96.62"
Rec-G3_std_1,11,12,1831,core,342,316,11.31,5.1,0.9699,345,317,354,320,1.0,True,103.0081,117.7843,97.16,4.2589,102.0447,"117.78,113.99,110.19,108.01,106.39,105.30,104.22,103.67,103.13,103.13,109.64,106.93,105.30,104.22,103.13,103.13,102.04,102.04,101.50,100.96,104.22,103.13,103.13,102.04,101.50,100.96,100.42,99.87,99.87,98.79,100.96,100.96,100.42,99.87,99.33,98.79,98.25,98.25,97.70,97.16"
Rec-G3_std_1,11,13,1832,core,346,316,0.0,4.0,0.9716,349,317,358,320,1.0,True,103.1709,122.669,94.989,5.6591,102.0447,"122.67,117.24,112.90,109.64,107.47,105.84,105.30,103.13,102.04,100.42,111.81,109.10,106.93,105.30,103.67,103.13,102.04,100.96,99.87,98.25,105.84,104.22,103.13,102.04,102.04,100.96,99.87,98.79,98.25,96.62,102.04,100.96,100.42,99.87,99.33,98.79,98.25,97.16,95.53,94.99"
Rec-G3_std_1,11,14,1833,core,351,316,0.0,5.0,0.9744,354,317,363,320,0.9,False,97.6349,119.4126,79.7922,8.8312,98.2455,"119.41,113.99,110.19,106.39,103.67,101.50,98.79,96.62,89.56,80.88,110.19,106.93,105.30,103.13,100.96,99.33,97.70,94.99,89.02,80.88,104.22,102.04,100.96,99.87,98.25,97.16,95.53,93.36,87.93,80.33,100.42,99.33,98.25,97.16,96.07,94.99,93.36,91.19,85.76,79.79"
Rec-G3_std_1,11,15,1834,core,356,316,0.0,5.0,0.9763,359,317,368,320,0.4,False,85.0432,112.8996,73.822,11.4752,79.7922,"112.90,107.47,101.50,93.36,83.05,78.71,76.54,75.45,74.36,73.82,105.30,102.04,97.70,91.19,83.05,78.16,75.99,74.91,74.36,73.82,99.87,98.25,94.99,89.56,81.42,77.62,75.99,74.91,73.82,73.82,96.62,94.99,92.28,87.39,80.88,77.08,75.99,74.91,73.82,73.82"
Rec-G3_std_1,11,16,1835,core,360,316,0.0,4.0,0.9777,363,317,372,320,0.0,False,77.2955,95.5318,73.2792,4.7545,75.4502,"95.53,87.39,82.51,78.71,77.08,75.99,74.91,74.36,74.36,73.82,88.48,82.51,78.71,77.08,75.99,75.45,74.91,74.36,73.82,73.82,84.13,79.79,77.62,75.99,75.45,74.91,74.36,73.82,73.82,73.82,82.51,78.71,77.08,75.99,74.91,74.36,73.82,73.82,73.82,73.28"
Rec-G3_std_1,12,1,1969,core,291,317,180.0,1.0,0.9791,294,318,303,321,1.0,True,97.5399,111.8141,90.1043,4.3185,96.8886,"111.81,108.56,105.84,103.13,102.04,101.50,100.42,99.87,99.33,98.79,99.33,99.33,98.25,98.25,98.25,98.25,98.25,98.25,97.70,97.16,93.36,94.45,95.53,95.53,96.07,96.62,96.07,96.07,95.53,95.53,90.10,91.19,92.28,93.36,94.45,94.45,94.45,94.45,94.45,93.36"
Rec-G3_std_1,12,2,1970,core,293,318,-26.57,2.24,0.9802,296,319,305,322,1.0,True,95.871,103.1302,91.1898,2.7931,95.2604,"103.13,102.04,100.96,99.87,99.33,98.79,98.25,97.70,97.16,96.62,97.70,97.70,97.70,97.70,97.16,97.16,96.62,96.07,95.53,95.53,94.45,94.45,94.99,94.99,94.99,94.99,94.99,94.45,94.45,93.36,91.19,92.28,92.28,93.36,93.36,93.36,93.36,92.28,92.28,92.28"
Rec-G3_std_1,12,3,1971,core,298,317,11.31,5.1,0.9766,301,318,310,321,1.0,True,98.5169,112.8996,93.3608,4.1191,97.7027,"112.90,109.64,105.30,103.13,101.50,100.42,99.33,98.25,98.25,97.70,105.30,103.13,100.96,99.87,98.79,98.25,97.70,97.16,96.62,96.07,99.87,98.79,98.25,97.70,97.16,96.62,95.53,95.53,95.53,94.99,96.62,96.07,96.07,95.53,95.53,94.99,94.45,94.45,93.36,93.36"
Rec-G3_std_1,12,4,1972,core,303,317,0.0,5.0,0.975,306,318,315,321,1.0,True,97.852,111.2714,93.3608,3.6811,96.8886,"111.27,107.47,103.67,102.04,100.42,99.33,98.25,97.70,97.16,96.62,103.67,102.04,99.87,98.79,98.25,97.70,97.16,96.62,96.07,95.53,99.33,98.25,97.70,97.16,96.62,96.07,96.07,95.53,94.99,94.99,96.62,96.07,95.53,95.53,94.99,94.45,94.45,93.36,93.36,93.36"
Rec-G3_std_1,12,5,1973,core,307,317,0.0,4.0,0.977,310,318,319,321,1.0,True,98.3269,113.9851,93.3608,4.1963,97.4314,"113.99,109.10,105.84,103.13,100.96,99.33,98.79,97.70,97.70,96.62,105.30,102.04,100.96,99.33,98.25,98.25,97.70,96.62,96.07,95.53,99.87,98.79,98.25,97.70,97.16,96.62,96.07,95.53,94.99,94.99,96.62,96.07,96.07,95.53,94.99,94.99,94.45,94.45,93.36,93.36"
Rec-G3_std_1,12,6,1974,core,312,317,0.0,5.0,0.9771,315,318,324,321,1.0,True,97.9063,111.2714,93.3608,3.5708,97.16,"111.27,107.47,103.67,101.50,99.87,98.79,98.25,98.25,97.70,97.16,103.67,102.04,99.87,98.79,98.25,97.70,97.16,96.62,96.62,96.07,98.79,98.25,97.70,97.16,96.62,96.07,95.53,95.53,95.53,94.99,96.07,95.53,95.53,95.53,94.99,94.99,94.45,94.45,94.45,93.36"
Rec-G3_std_1,12,7,1975,core,317,317,0.0,5.0,0.9763,320,318,329,321,1.0,True,97.8791,109.1004,94.4463,3.0155,97.16,"109.10,105.84,103.13,100.96,99.87,98.79,98.79,98.25,98.25,97.70,102.04,100.96,99.33,98.79,98.25,97.70,97.70,97.16,97.16,96.62,98.25,98.25,97.16,97.16,96.62,96.62,96.07,96.07,95.53,95.53,95.53,95.53,95.53,95.53,95.53,95.53,94.99,94.45,94.45,94.45"
Rec-G3_std_1,12,8,1976,core,322,317,0.0,5.0,0.9745,325,318,334,321,1.0,True,98.5983,108.5576,95.5318,2.7583,98.2455,"108.56,105.84,103.13,101.50,100.96,99.87,99.87,99.33,98.79,98.79,102.04,101.50,99.87,99.33,98.79,98.79,98.25,98.25,98.25,98.25,98.25,98.25,98.25,97.70,97.70,97.70,97.16,97.16,96.62,96.62,96.62,96.07,96.07,96.07,96.07,95.53,95.53,95.53,95.53,95.53"
Rec-G3_std_1,12,9,1977,core,326,317,0.0,4.0,0.9724,329,318,338,321,1.0,True,99.8602,111.8141,95.5318,3.3753,99.331,"111.81,109.10,105.84,103.67,102.04,102.04,100.96,100.42,99.87,99.33,104.22,103.13,102.04,100.96,100.42,99.87,99.33,99.33,98.79,98.25,99.87,99.87,99.33,98.79,98.25,98.25,98.25,97.70,97.70,97.16,97.70,97.70,97.16,97.16,97.16,96.62,96.62,96.07,96.07,95.53"
Rec-G3_std_1,12,10,1978,core,331,317,0.0,5.0,0.9727,334,318,343,321,1.0,True,100.1315,111.2714,96.0745,3.1154,99.331,"111.27,108.01,105.30,103.13,102.04,101.50,101.50,100.96,100.42,100.42,105.30,103.13,102.04,101.50,100.42,99.87,99.87,99.33,99.33,99.33,100.42,99.87,99.33,99.33,98.79,98.25,98.25,98.25,98.25,98.25,98.25,98.25,97.70,97.70,97.16,96.62,96.62,96.62,96.62,96.07"
Rec-G3_std_1,12,11,1979,core,336,317,0.0,5.0,0.9725,339,318,348,321,1.0,True,100.5793,110.1859,96.6172,2.8519,100.4165,"110.19,107.47,105.30,103.67,103.13,102.04,102.04,102.04,101.50,100.96,104.22,103.13,102.04,102.04,101.50,100.96,100.96,100.42,100.42,99.87,100.42,100.42,99.87,99.87,99.33,99.33,98.79,98.79,98.25,98.25,98.25,98.25,98.25,97.70,97.70,97.70,97.70,97.16,96.62,96.62"
Rec-G3_std_1,12,12,1980,core,341,316,11.31,5.1,0.9724,344,317,353,320,1.0,True,103.2523,119.4126,97.7027,4.3597,102.0447,"119.41,113.99,110.73,108.01,106.39,105.30,104.22,103.67,103.13,103.13,110.19,107.47,105.30,104.22,103.13,103.13,102.04,102.04,101.50,100.96,105.30,103.13,103.13,102.04,102.04,101.50,100.96,100.42,99.87,99.33,100.96,100.96,100.42,99.87,99.87,99.33,98.79,98.25,98.25,97.70"
Rec-G3_std_1,12,13,1981,core,346,316,0.0,5.0,0.9731,349,317,358,320,1.0,True,102.2754,118.8698,94.4463,4.9325,101.502,"118.87,113.99,110.19,108.01,105.84,105.30,103.67,103.13,101.50,99.87,110.19,107.47,105.30,104.22,103.13,102.04,101.50,100.42,99.33,98.25,105.30,103.13,102.04,102.04,101.50,100.42,99.33,98.25,97.70,96.07,101.50,100.42,99.87,99.87,98.79,98.25,97.70,96.62,95.53,94.45"
Rec-G3_std_1,12,14,1982,core,351,316,0.0,5.0,0.9727,354,317,363,320,0.9,False,96.6851,116.1561,78.7067,8.3987,98.2455,"116.16,111.27,108.01,105.30,102.04,100.42,98.25,95.53,89.02,80.33,108.01,105.30,103.13,102.04,99.87,98.25,96.62,94.45,87.93,80.33,103.13,102.04,100.42,99.33,98.25,96.62,94.99,92.28,86.85,79.79,99.87,98.79,98.25,97.16,95.53,94.45,92.28,90.65,85.76,78.71"
Rec-G3_std_1,12,15,1983,core,355,316,0.0,4.0,0.9745,358,317,367,320,0.5,False,87.4856,116.1561,73.822,12.0954,84.9482,"116.16,110.19,104.22,99.33,91.73,82.51,78.16,75.99,74.91,73.82,106.93,103.13,99.87,96.62,90.65,81.96,77.62,75.99,74.36,73.82,101.50,98.79,97.16,94.45,89.02,80.88,77.62,75.99,74.36,73.82,97.70,95.53,94.45,91.73,87.39,80.33,77.08,75.45,74.36,73.82"
Rec-G3_std_1,12,16,1984,core,360,316,0.0,5.0,0.9781,363,317,372,320,0.0,False,76.8613,93.3608,73.2792,4.3619,75.1788,"93.36,85.76,80.88,77.62,75.99,75.45,74.91,74.36,73.82,73.82,87.39,81.42,78.16,76.54,75.99,74.91,74.36,73.82,73.82,73.28,84.13,79.79,77.08,75.99,75.45,74.91,74.36,73.82,73.82,73.28,81.96,78.16,76.54,75.45,74.91,74.36,73.82,73.82,73.82,73.28"
Rec-G3_std_1,13,1,2122,core,292,318,-45.0,1.41,0.9773,295,319,304,322,1.0,True,95.4775,100.9592,89.5616,2.7589,95.2604,"100.96,99.87,99.33,99.33,99.33,98.79,98.79,98.79,98.25,97.70,95.53,95.53,96.07,96.62,97.16,97.16,97.16,97.16,96.07,96.07,91.73,93.36,94.45,94.45,94.99,94.99,94.99,94.99,94.45,94.45,89.56,91.19,91.73,92.28,92.28,93.36,93.36,92.28,92.28,92.28"
Rec-G3_std_1,13,2,2123,core,296,318,0.0,4.0,0.9769,299,319,308,322,1.0,True,96.8344,105.8439,92.2753,2.9499,96.0745,"105.84,103.67,102.04,100.96,99.87,99.33,98.79,98.25,97.70,97.16,99.87,99.33,98.79,98.25,98.25,97.70,97.16,96.62,96.07,95.53,96.07,96.07,96.07,96.07,96.07,95.53,95.53,94.99,94.45,94.45,93.36,94.45,94.45,94.45,94.45,94.45,93.36,93.36,92.28,92.28"
Rec-G3_std_1,13,3,2124,core,301,317,11.31,5.1,0.976,304,318,313,321,1.0,True,98.7611,113.9851,93.3608,4.1688,97.7027,"113.99,109.64,105.84,103.13,101.50,100.42,99.33,98.25,97.70,96.62,105.30,103.13,101.50,100.42,99.33,98.25,97.70,97.16,96.62,95.53,100.42,99.33,98.79,98.25,97.16,97.16,96.07,95.53,95.53,94.99,97.70,97.16,96.62,96.07,95.53,95.53,94.99,94.45,94.45,93.36"
Rec-G3_std_1,13,4,2125,core,305,317,0.0,4.0,0.9765,308,318,317,321,1.0,True,98.7068,116.1561,92.2753,4.7448,97.7027,"116.16,111.27,106.93,103.13,101.50,99.87,98.79,98.25,97.70,96.07,106.39,103.67,102.04,99.87,98.79,98.25,97.70,96.62,96.07,95.53,100.96,99.87,98.79,98.25,97.70,96.62,96.07,95.53,94.99,94.45,97.16,96.62,96.07,95.53,95.53,94.99,94.45,94.45,93.36,92.28"
Rec-G3_std_1,13,5,2126,core,310,317,0.0,5.0,0.977,313,318,322,321,1.0,True,97.5264,111.8141,93.3608,3.9145,96.0745,"111.81,108.01,104.22,101.50,99.33,98.25,98.25,97.16,96.07,95.53,104.22,102.04,99.87,98.79,97.70,97.16,96.07,95.53,95.53,95.53,99.33,98.25,97.70,97.16,96.07,95.53,95.53,94.99,94.99,94.45,96.07,95.53,95.53,94.99,94.45,94.45,93.36,93.36,93.36,93.36"
Rec-G3_std_1,13,6,2127,core,315,317,0.0,5.0,0.9764,318,318,327,321,1.0,True,97.4585,109.6431,94.4463,3.1224,96.6172,"109.64,105.84,103.13,100.42,98.79,98.25,98.25,97.70,97.16,96.62,102.04,100.42,98.79,98.25,97.70,97.16,96.62,96.62,96.07,96.07,98.25,97.70,97.16,96.62,96.07,96.07,95.53,95.53,95.53,95.53,95.53,95.53,95.53,94.99,94.99,94.45,94.45,94.45,94.45,94.45"
Rec-G3_std_1,13,7,2128,core,320,317,0.0,5.0,0.9747,323,318,332,321,1.0,True,97.9198,108.0149,94.989,2.705,97.7027,"108.01,105.30,102.04,100.42,99.33,98.79,98.25,98.25,98.25,98.25,102.04,100.42,99.33,98.79,98.25,98.25,97.70,97.70,97.70,97.16,98.25,97.70,97.70,97.16,97.16,96.62,96.07,96.07,96.07,96.07,96.07,95.53,95.53,95.53,95.53,95.53,94.99,94.99,94.99,94.99"
Rec-G3_std_1,13,8,2129,core,325,317,0.0,5.0,0.9726,328,318,337,321,1.0,True,98.8154,107.4722,95.5318,2.5369,98.2455,"107.47,105.30,103.13,101.50,100.96,100.42,99.87,99.87,99.33,98.79,102.04,100.96,99.87,99.87,99.33,99.33,99.33,98.79,98.25,98.25,98.25,98.25,98.25,98.25,98.25,98.25,97.70,97.70,97.16,97.16,96.62,96.62,96.07,96.07,96.07,96.07,96.07,96.07,95.53,95.53"
Rec-G3_std_1,13,9,2130,core,329,317,0.0,4.0,0.9726,332,318,341,321,1.0,True,100.1044,111.2714,96.0745,3.1128,99.331,"111.27,108.01,105.30,103.13,102.04,102.04,101.50,100.96,100.42,100.42,104.22,103.13,102.04,101.50,100.96,100.42,99.87,99.33,99.33,98.79,100.42,99.87,99.33,99.33,98.79,98.79,98.25,98.25,98.25,97.70,97.70,97.70,97.70,97.70,97.16,97.16,96.62,96.62,96.07,96.07"
Rec-G3_std_1,13,10,2131,core,334,317,0.0,5.0,0.9722,337,318,346,321,1.0,True,100.7286,110.7286,97.16,2.9922,100.4165,"110.73,108.56,105.84,103.67,103.13,102.04,102.04,102.04,102.04,101.50,105.30,103.13,102.04,101.50,101.50,100.96,100.96,100.96,100.42,100.42,100.96,99.87,99.87,99.33,99.33,99.33,98.79,98.79,98.79,98.25,98.25,98.25,98.25,98.25,97.70,97.70,97.16,97.16,97.16,97.16"
Rec-G3_std_1,13,11,2132,core,339,316,11.31,5.1,0.9715,342,317,351,320,1.0,True,104.0393,121.0408,98.7882,4.4515,103.1302,"121.04,115.61,111.27,108.56,106.93,105.84,105.30,105.30,104.22,103.67,110.73,108.01,106.39,105.30,103.67,103.67,103.13,103.13,102.04,102.04,105.30,103.67,103.13,103.13,102.04,102.04,102.04,101.50,100.96,100.96,101.50,100.96,100.96,100.42,100.42,99.87,99.87,99.33,98.79,98.79"
Rec-G3_std_1,13,12,2133,core,344,316,0.0,5.0,0.9731,347,317,356,320,1.0,True,103.6865,119.4126,97.16,4.4912,102.5874,"119.41,115.07,111.27,108.56,106.93,105.84,105.30,104.22,103.13,102.04,110.73,108.56,106.39,105.30,104.22,103.67,103.13,102.04,101.50,100.42,105.30,104.22,103.13,103.13,102.04,102.04,101.50,100.96,99.87,98.79,102.04,101.50,100.96,100.42,100.42,99.87,99.33,98.79,98.25,97.16"
Rec-G3_std_1,13,13,2134,core,349,316,0.0,5.0,0.9732,352,317,361,320,1.0,True,101.0542,117.7843,90.6471,5.8517,100.6878,"117.78,113.99,110.19,107.47,105.30,103.67,102.04,99.87,97.16,94.45,110.19,108.01,105.84,104.22,103.13,101.50,99.87,98.25,96.07,94.45,105.30,104.22,103.13,102.04,100.96,99.33,98.25,96.62,94.99,92.28,102.04,101.50,100.42,99.33,98.25,97.16,95.53,94.45,92.28,90.65"
Rec-G3_std_1,13,14,2135,core,353,316,0.0,4.0,0.9739,356,317,365,320,0.7,False,92.8316,119.4126,74.9074,11.8571,95.5318,"119.41,113.99,108.56,103.67,100.42,97.16,90.10,81.42,77.62,75.45,110.19,106.39,103.13,100.42,98.25,95.53,89.56,80.88,77.08,74.91,103.67,102.04,99.87,98.25,96.07,93.36,87.93,80.88,77.08,74.91,99.87,98.79,97.70,95.53,94.45,91.19,86.31,79.79,76.54,74.91"
Rec-G3_std_1,13,15,2136,core,358,316,0.0,5.0,0.977,361,317,370,320,0.2,False,80.3756,110.1859,73.2792,9.2365,75.9929,"110.19,98.79,86.85,80.88,77.62,75.99,74.91,74.36,73.82,73.82,102.04,94.45,84.13,78.71,76.54,75.45,74.36,73.82,73.82,73.82,97.16,90.65,82.51,78.16,76.54,74.91,74.36,73.82,73.82,73.28,93.36,87.93,80.88,77.62,75.99,74.91,73.82,73.82,73.82,73.28"
Rec-G3_std_1,13,16,2137,core,361,316,0.0,3.0,0.9825,364,317,373,320,0.0,False,75.9929,89.0188,72.7365,3.3347,74.9074,"89.02,83.05,79.79,77.08,75.99,74.91,74.36,73.82,73.82,73.28,83.59,79.79,77.62,75.99,75.45,74.91,74.36,73.82,73.82,73.28,80.33,77.62,75.99,75.45,74.91,74.36,73.82,73.82,73.28,73.28,78.71,77.08,75.99,75.45,74.36,73.82,73.82,73.82,73.28,72.74"
Rec-G3_std_1,14,1,2267,core,292,318,-45.0,1.41,0.9796,295,319,304,322,1.0,True,96.2509,103.1302,90.6471,2.9338,95.8031,"103.13,101.50,100.42,100.42,99.87,99.87,99.87,99.33,98.79,98.25,96.07,96.62,97.70,97.70,98.25,97.70,97.70,97.70,96.62,96.62,92.28,94.45,94.99,94.99,95.53,95.53,95.53,95.53,94.99,94.45,90.65,91.19,92.28,93.36,93.36,93.36,93.36,93.36,93.36,93.36"
Rec-G3_std_1,14,2,2268,core,296,318,0.0,4.0,0.9752,299,319,308,322,1.0,True,97.6485,108.5576,92.2753,3.4128,97.16,"108.56,105.84,103.67,102.04,100.96,99.87,99.33,98.79,98.25,97.70,102.04,100.96,100.42,99.33,98.79,98.25,97.70,97.16,96.62,95.53,97.16,97.16,97.16,97.16,96.62,96.07,95.53,95.53,94.99,94.45,94.45,94.99,94.99,94.99,94.99,94.45,94.45,93.36,93.36,92.28"
Rec-G3_std_1,14,3,2269,core,301,317,11.31,5.1,0.9773,304,318,313,321,1.0,True,99.4802,116.6988,93.3608,4.7533,98.2455,"116.70,111.81,108.01,104.22,102.04,100.96,99.33,98.25,98.25,97.16,107.47,105.30,102.04,100.96,99.87,98.79,98.25,97.70,97.16,96.07,102.04,100.42,99.33,98.25,98.25,97.70,96.62,96.07,95.53,95.53,98.25,97.70,97.16,96.62,96.07,95.53,95.53,94.45,94.45,93.36"
Rec-G3_std_1,14,4,2270,core,306,317,0.0,5.0,0.9782,309,318,318,321,1.0,True,98.2591,112.8996,93.3608,4.0877,97.16,"112.90,109.10,105.30,102.04,100.42,99.33,98.25,97.70,96.62,96.07,105.30,103.13,100.96,99.33,98.25,98.25,97.16,96.62,95.53,95.53,100.42,99.33,98.25,98.25,97.16,96.62,96.07,95.53,94.99,94.45,97.16,96.62,96.07,95.53,95.53,94.99,94.45,94.45,93.36,93.36"
Rec-G3_std_1,14,5,2271,core,311,317,0.0,5.0,0.9769,314,318,323,321,1.0,True,97.2278,110.1859,93.3608,3.4693,96.0745,"110.19,106.39,103.13,100.42,98.79,98.25,97.16,96.62,96.07,95.53,103.13,100.96,99.33,98.25,97.70,96.62,96.07,95.53,95.53,95.53,98.79,98.25,97.70,96.62,96.07,95.53,95.53,94.99,94.45,94.45,96.07,95.53,95.53,94.99,94.45,94.45,94.45,93.36,93.36,93.36"
Rec-G3_std_1,14,6,2272,core,316,317,0.0,5.0,0.9742,319,318,328,321,1.0,True,97.2821,108.0149,94.4463,2.7474,96.6172,"108.01,104.22,101.50,99.87,98.79,98.25,97.70,97.16,96.62,96.62,102.04,99.87,98.79,98.25,97.70,97.16,96.62,96.62,96.07,95.53,98.25,97.70,97.16,96.62,96.07,96.07,95.53,95.53,95.53,95.53,95.53,95.53,95.53,95.53,94.99,94.99,94.45,94.45,94.45,94.45"
Rec-G3_std_1,14,7,2273,core,320,317,0.0,4.0,0.9737,323,318,332,321,1.0,True,98.3676,110.7286,94.989,3.1589,97.7027,"110.73,106.93,103.67,101.50,99.87,99.33,98.25,98.25,98.25,98.25,103.13,101.50,99.87,98.79,98.25,98.25,98.25,97.70,97.70,97.70,98.79,98.25,97.70,97.70,97.16,96.62,96.62,96.62,96.62,96.07,96.07,96.07,96.07,95.53,95.53,95.53,95.53,95.53,95.53,94.99"
Rec-G3_std_1,14,8,2274,core,325,317,0.0,5.0,0.9742,328,318,337,321,1.0,True,99.2496,109.6431,95.5318,2.8476,98.7882,"109.64,106.93,103.67,102.04,100.96,100.42,99.87,99.87,99.87,99.33,103.13,102.04,100.96,100.42,99.87,99.33,99.33,98.79,98.79,98.25,99.33,98.79,98.25,98.25,98.25,98.25,98.25,97.70,97.70,97.70,97.16,96.62,96.62,96.62,96.62,96.62,96.07,96.07,96.07,95.53"
Rec-G3_std_1,14,9,2275,core,330,317,0.0,5.0,0.9734,333,318,342,321,1.0,True,100.2265,109.6431,96.6172,2.7795,99.8737,"109.64,106.93,105.30,103.13,102.04,102.04,101.50,100.96,100.96,100.42,104.22,103.13,102.04,101.50,100.96,100.42,99.87,99.87,99.87,99.87,100.42,99.87,99.33,99.33,99.33,98.79,98.25,98.25,98.25,98.25,98.25,98.25,97.70,97.70,97.70,97.16,97.16,97.16,96.62,96.62"
Rec-G3_std_1,14,10,2276,core,335,317,0.0,5.0,0.9722,338,318,347,321,1.0,True,101.0813,110.1859,97.7027,2.6324,100.9592,"110.19,107.47,105.30,103.67,103.13,103.13,102.04,102.04,102.04,102.04,104.22,103.13,102.04,102.04,102.04,102.04,101.50,101.50,100.96,100.96,100.96,100.42,100.42,100.42,99.87,99.87,99.87,99.33,99.33,99.33,98.25,98.25,98.25,98.25,98.25,98.25,98.25,98.25,98.25,97.70"
Rec-G3_std_1,14,11,2277,core,340,316,11.31,5.1,0.9705,343,317,352,320,1.0,True,104.3242,119.4126,99.331,3.9273,103.4016,"119.41,113.99,110.73,108.56,106.93,106.39,105.84,105.30,104.22,103.67,110.19,108.01,105.84,105.30,104.22,104.22,103.67,103.13,103.13,102.04,105.30,104.22,103.67,103.13,103.13,103.13,102.04,102.04,101.50,101.50,102.04,102.04,101.50,101.50,101.50,100.96,100.42,99.87,99.33,99.33"
Rec-G3_std_1,14,12,2278,core,345,316,0.0,5.0,0.971,348,317,357,320,1.0,True,103.9036,118.8698,96.6172,4.3856,103.1302,"118.87,113.99,111.27,108.56,107.47,106.39,105.30,104.22,103.13,102.04,110.73,108.56,106.93,105.84,105.30,103.67,103.13,102.04,101.50,100.42,105.84,105.30,103.67,103.13,103.13,102.04,102.04,100.96,99.87,98.25,103.13,102.04,101.50,100.96,100.96,100.42,99.87,98.79,98.25,96.62"
Rec-G3_std_1,14,13,2279,core,349,316,0.0,4.0,0.9737,352,317,361,320,1.0,True,102.1125,122.1263,90.6471,6.5301,101.502,"122.13,117.24,112.90,109.10,106.93,104.22,102.04,100.42,98.25,95.53,111.81,109.64,107.47,105.30,103.67,102.04,100.96,98.79,96.62,94.45,106.39,105.30,104.22,103.13,101.50,100.42,98.79,97.16,95.53,92.28,103.13,102.04,101.50,100.42,99.33,98.25,96.62,94.99,93.36,90.65"
Rec-G3_std_1,14,14,2280,core,354,316,0.0,5.0,0.9761,357,317,366,320,0.6,False,90.2536,117.2416,73.822,12.3919,91.7325,"117.24,111.81,106.93,102.04,98.25,91.19,81.96,77.62,75.45,73.82,108.56,105.30,102.04,99.33,96.07,89.56,81.42,77.62,75.45,73.82,103.13,101.50,99.33,97.16,94.45,88.48,80.88,77.08,75.45,73.82,99.33,98.25,96.62,94.45,92.28,86.85,80.33,76.54,74.91,73.82"
Rec-G3_std_1,14,15,2281,core,359,316,0.0,5.0,0.9768,362,317,371,320,0.1,False,78.0282,101.502,73.2792,6.5206,75.1788,"101.50,88.48,81.96,78.16,75.99,75.45,74.36,73.82,73.82,73.28,94.99,84.68,79.79,77.08,75.99,74.91,74.36,73.82,73.82,73.28,91.19,83.05,78.71,76.54,75.45,74.91,73.82,73.82,73.82,73.28,88.48,81.42,77.62,75.99,74.91,74.36,73.82,73.82,73.28,73.28"
Rec-G3_std_1,14,16,2282,core,361,316,0.0,2.0,0.9838,364,317,373,320,0.0,False,75.803,88.4761,72.7365,3.2053,74.6361,"88.48,83.05,78.71,77.08,75.99,74.91,74.36,73.82,73.82,73.28,83.05,78.71,77.08,75.99,75.45,74.36,73.82,73.82,73.82,73.28,79.79,77.62,75.99,75.45,74.91,74.36,73.82,73.82,73.28,73.28,78.71,76.54,75.99,74.91,74.36,73.82,73.82,73.28,72.74,72.74"
Rec-G3_std_1,15,1,2412,core,291,317,180.0,1.0,0.9788,294,318,303,321,1.0,True,98.7068,111.8141,90.6471,4.212,98.2455,"111.81,109.64,106.39,103.67,102.04,102.04,102.04,102.04,101.50,100.42,100.42,100.42,99.33,99.33,99.33,99.33,99.87,99.87,99.33,98.79,94.45,95.53,95.53,96.62,97.16,97.70,97.70,97.70,97.70,97.16,90.65,92.28,93.36,94.45,94.99,95.53,95.53,95.53,95.53,95.53"
Rec-G3_std_1,15,2,2413,core,293,318,-26.57,2.24,0.9766,296,319,305,322,1.0,True,96.8615,103.1302,91.7325,2.6253,96.3459,"103.13,102.04,100.96,100.42,100.42,100.42,99.87,98.79,98.25,98.25,97.70,98.25,98.25,98.25,98.25,98.25,98.25,97.70,97.16,96.62,94.45,95.53,95.53,95.53,96.07,96.07,96.07,95.53,95.53,95.53,91.73,92.28,93.36,94.45,94.45,94.45,94.45,94.45,94.45,93.36"
Rec-G3_std_1,15,3,2414,core,297,317,14.04,4.12,0.9762,300,318,309,321,1.0,True,100.4029,117.7843,94.4463,4.7849,98.7882,"117.78,112.90,109.10,105.30,103.13,102.04,100.96,99.87,98.79,98.25,108.01,105.84,103.67,102.04,100.96,100.42,99.33,98.25,98.25,97.70,102.04,100.96,100.42,99.33,98.79,98.25,98.25,97.16,96.62,96.07,97.70,97.70,97.70,97.70,97.16,96.62,96.07,95.53,94.99,94.45"
Rec-G3_std_1,15,4,2415,core,302,317,0.0,5.0,0.9776,305,318,314,321,1.0,True,99.3717,115.6133,93.3608,4.4399,98.2455,"115.61,110.73,106.93,103.67,102.04,100.42,99.33,98.25,97.70,97.16,106.93,104.22,102.04,100.96,99.87,98.79,98.25,97.70,96.62,96.07,102.04,100.42,99.33,98.79,98.25,97.70,97.16,96.62,95.53,95.53,98.25,98.25,97.16,96.62,96.07,95.53,95.53,94.99,94.45,93.36"
Rec-G3_std_1,15,5,2416,core,307,317,0.0,5.0,0.9769,310,318,319,321,1.0,True,98.1098,111.8141,93.3608,3.7968,97.16,"111.81,108.01,104.22,101.50,99.87,98.79,98.25,97.16,97.16,96.07,105.30,102.04,100.42,99.33,98.25,97.70,97.16,96.07,96.07,95.53,100.42,99.33,98.25,98.25,97.16,96.62,95.53,95.53,94.99,94.99,97.70,96.62,96.62,95.53,95.53,94.99,94.45,94.45,93.36,93.36"
Rec-G3_std_1,15,6,2417,core,312,317,0.0,5.0,0.9751,315,318,324,321,1.0,True,97.6756,109.6431,93.3608,3.2676,96.8886,"109.64,106.39,103.13,100.96,99.33,98.25,98.25,97.70,97.16,96.62,103.13,101.50,99.33,98.25,98.25,97.70,97.16,96.62,96.07,96.07,98.79,98.25,97.70,97.16,96.62,96.07,95.53,95.53,95.53,95.53,96.07,96.07,95.53,94.99,94.99,94.45,94.45,94.45,94.45,93.36"
Rec-G3_std_1,15,7,2418,core,316,317,0.0,4.0,0.9744,319,318,328,321,1.0,True,98.6254,111.8141,94.989,3.5178,97.9741,"111.81,108.01,105.30,102.04,100.96,99.87,98.79,98.25,98.25,98.25,104.22,102.04,100.42,99.33,98.79,98.25,98.25,97.70,97.70,97.16,99.33,98.25,98.25,97.70,97.16,97.16,96.62,96.62,96.07,96.07,96.62,96.07,96.07,95.53,95.53,95.53,95.53,95.53,94.99,94.99"
Rec-G3_std_1,15,8,2419,core,321,317,0.0,5.0,0.9741,324,318,333,321,1.0,True,99.1003,111.2714,95.5318,3.2221,98.2455,"111.27,107.47,105.30,102.04,101.50,100.42,99.87,99.33,98.79,98.79,103.67,102.04,100.96,99.87,99.33,98.79,98.25,98.25,98.25,98.25,99.33,98.79,98.25,98.25,97.70,97.70,97.70,97.70,97.16,97.16,97.16,96.62,96.62,96.62,96.07,96.07,96.07,95.53,95.53,95.53"
Rec-G3_std_1,15,9,2420,core,326,317,0.0,5.0,0.9739,329,318,338,321,1.0,True,99.6295,110.1859,96.0745,2.8227,99.331,"110.19,106.93,104.22,102.04,101.50,100.96,100.42,100.42,99.87,99.87,103.67,102.04,101.50,100.42,99.87,99.87,99.33,99.33,98.79,98.79,99.87,99.33,99.33,98.79,98.25,98.25,98.25,98.25,98.25,97.70,97.70,97.70,97.16,97.16,97.16,96.62,96.62,96.62,96.07,96.07"
Rec-G3_std_1,15,10,2421,core,331,317,0.0,5.0,0.9721,334,318,343,321,1.0,True,100.3893,110.1859,97.16,2.7673,99.8737,"110.19,106.93,105.30,103.13,102.04,102.04,101.50,101.50,100.96,100.96,104.22,103.13,102.04,101.50,100.96,100.42,100.42,99.87,99.87,99.87,100.96,100.42,99.87,99.33,99.33,98.79,98.79,98.79,98.25,98.25,98.25,98.25,98.25,97.70,97.70,97.16,97.16,97.16,97.16,97.16"
Rec-G3_std_1,15,11,2422,core,336,317,0.0,5.0,0.9699,339,318,348,321,1.0,True,101.1763,110.1859,98.2455,2.6108,100.9592,"110.19,107.47,105.30,103.67,103.13,103.13,103.13,102.04,102.04,102.04,104.22,103.13,102.04,102.04,102.04,102.04,101.50,101.50,100.96,100.96,101.50,100.96,100.42,100.42,100.42,99.87,99.87,99.33,99.33,99.33,98.79,98.25,98.25,98.25,98.25,98.25,98.25,98.25,98.25,98.25"
Rec-G3_std_1,15,12,2423,core,341,316,11.31,5.1,0.9693,344,317,353,320,1.0,True,104.1343,118.8698,98.7882,3.9523,103.1302,"118.87,113.99,110.73,108.56,106.93,105.84,105.30,104.22,103.67,103.13,110.19,108.01,106.39,105.30,105.30,103.67,103.13,103.13,102.04,102.04,105.30,104.22,103.67,103.13,103.13,102.04,102.04,102.04,100.96,100.42,102.04,102.04,101.50,101.50,101.50,100.96,100.42,99.87,99.33,98.79"
Rec-G3_std_1,15,13,2424,core,345,316,0.0,4.0,0.9722,348,317,357,320,1.0,True,104.5006,123.7545,96.6172,5.4315,103.1302,"123.75,117.78,113.99,110.73,108.01,106.39,105.30,103.67,103.13,101.50,112.90,110.73,108.01,106.39,105.30,104.22,103.13,102.04,100.96,99.87,106.93,105.84,105.30,103.67,103.13,102.04,102.04,100.96,99.33,98.25,103.13,103.13,102.04,101.50,101.50,100.42,99.87,98.79,97.70,96.62"
Rec-G3_std_1,15,14,2425,core,350,316,0.0,5.0,0.9747,353,317,362,320,1.0,True,99.8873,120.498,85.2196,7.4994,100.1451,"120.50,115.61,110.73,107.47,105.30,102.04,100.42,98.25,94.99,88.48,111.27,108.56,105.84,103.67,102.04,100.42,98.25,96.62,94.45,87.93,105.84,104.22,103.13,101.50,99.87,98.25,96.62,94.99,92.28,86.31,102.04,101.50,100.42,98.79,98.25,96.07,94.99,92.28,90.10,85.22"
Rec-G3_std_1,15,15,2426,core,355,316,0.0,5.0,0.9758,358,317,367,320,0.5,False,87.2142,115.0706,73.2792,12.1564,84.1341,"115.07,109.10,103.67,98.79,91.19,81.96,77.62,75.99,74.36,73.82,106.93,103.13,99.87,96.62,90.10,81.42,77.62,75.45,73.82,73.28,102.04,99.33,97.16,94.45,87.93,80.88,77.08,75.45,73.82,73.82,98.25,96.07,94.45,92.28,86.31,80.33,76.54,74.91,73.82,73.82"
Rec-G3_std_1,15,16,2427,core,360,316,0.0,5.0,0.9757,363,317,372,320,0.0,False,76.3186,91.7325,72.7365,4.0973,74.6361,"91.73,84.13,79.79,77.08,75.99,74.91,73.82,73.82,73.82,73.28,86.31,80.88,77.62,75.99,74.91,74.36,73.82,73.82,73.28,72.74,83.05,78.71,77.08,75.99,74.91,74.36,73.82,73.82,73.28,72.74,81.42,78.16,75.99,75.45,74.36,74.36,73.82,73.28,73.28,72.74"
Rec-G3_std_1,15,17,2428,core,361,316,0.0,1.0,0.9843,364,317,373,320,0.0,False,75.613,87.9333,72.7365,3.1837,74.3647,"87.93,82.51,78.71,76.54,75.45,74.36,73.82,73.82,73.28,72.74,83.05,78.71,77.08,75.99,74.91,74.36,73.82,73.82,73.28,72.74,79.79,77.62,75.99,75.45,74.36,73.82,73.82,73.82,73.28,72.74,78.71,76.54,75.45,74.91,74.36,73.82,73.82,73.28,73.28,72.74"
Rec-G3_std_1,16,1,2561,core,291,318,-90.0,1.0,0.977,294,319,303,322,1.0,True,96.1016,101.502,89.0188,2.9577,95.5318,"101.50,100.96,100.42,99.33,99.33,99.33,99.33,99.33,99.33,98.79,94.99,95.53,96.62,97.16,97.70,98.25,98.25,98.25,97.70,97.70,91.19,92.28,94.45,94.99,95.53,95.53,95.53,95.53,95.53,95.53,89.02,90.65,91.73,92.28,93.36,93.36,94.45,94.45,94.45,94.45"
Rec-G3_std_1,16,2,2562,core,295,318,0.0,4.0,0.9774,298,319,307,322,1.0,True,97.852,106.3867,93.3608,2.9,97.16,"106.39,104.22,103.13,102.04,101.50,100.42,99.87,99.33,98.79,98.25,100.42,99.87,99.87,99.33,99.33,98.79,98.25,98.25,97.70,97.16,96.62,97.16,97.16,97.16,97.16,96.62,96.07,96.07,95.53,95.53,94.45,94.45,94.99,94.99,94.99,94.99,94.99,94.45,94.45,93.36"
Rec-G3_std_1,16,3,2563,core,300,317,11.31,5.1,0.9769,303,318,312,321,1.0,True,100.1587,115.0706,94.989,4.1689,98.7882,"115.07,110.73,107.47,104.22,102.04,101.50,100.42,99.87,98.79,98.25,107.47,105.30,103.13,101.50,100.42,99.87,99.33,98.25,98.25,97.70,102.04,100.96,100.42,99.33,98.79,98.25,98.25,97.70,96.62,96.62,98.25,98.25,98.25,97.70,97.16,96.62,96.07,95.53,94.99,94.99"
Rec-G3_std_1,16,4,2564,core,304,317,0.0,4.0,0.9755,307,318,316,321,1.0,True,100.2672,117.7843,94.4463,4.8041,98.7882,"117.78,112.90,109.10,105.30,103.13,101.50,100.42,99.33,98.25,98.25,108.01,105.84,103.13,102.04,100.42,99.33,98.79,98.25,97.70,97.16,102.04,100.96,100.42,99.33,98.79,98.25,98.25,97.16,96.62,96.07,98.79,98.25,98.25,97.16,96.62,96.62,95.53,95.53,94.99,94.45"
Rec-G3_std_1,16,5,2565,core,309,317,0.0,5.0,0.9763,312,318,321,321,1.0,True,99.2089,113.9851,94.4463,4.2137,98.2455,"113.99,110.73,106.93,103.13,101.50,99.87,99.33,98.25,97.70,97.16,106.39,104.22,102.04,100.42,99.33,98.25,98.25,97.70,97.16,96.62,101.50,100.42,99.33,98.25,98.25,97.16,96.62,96.62,95.53,95.53,98.25,97.70,96.62,96.62,96.07,95.53,95.53,94.99,94.45,94.45"
Rec-G3_std_1,16,6,2566,core,314,317,0.0,5.0,0.9767,317,318,326,321,1.0,True,98.7611,111.8141,94.989,3.6144,97.9741,"111.81,108.56,105.30,102.04,100.42,99.33,98.79,98.25,98.25,97.70,105.30,103.13,100.96,99.33,98.79,98.25,98.25,97.70,97.16,96.62,99.87,99.33,98.79,98.25,97.70,97.16,97.16,96.62,96.07,95.53,97.16,96.62,96.07,96.07,95.53,95.53,95.53,95.53,94.99,94.99"
Rec-G3_std_1,16,7,2567,core,319,317,0.0,5.0,0.9752,322,318,331,321,1.0,True,98.6933,110.7286,95.5318,3.1364,97.9741,"110.73,106.93,103.67,102.04,100.42,99.87,98.79,98.25,98.25,97.70,103.67,102.04,100.96,99.33,98.79,98.25,98.25,97.70,97.70,97.16,99.33,98.79,98.25,98.25,97.70,97.70,97.16,96.62,96.62,96.07,97.16,96.62,96.62,96.62,96.07,95.53,95.53,95.53,95.53,95.53"
Rec-G3_std_1,16,8,2568,core,324,317,0.0,5.0,0.9731,327,318,336,321,1.0,True,99.141,109.6431,95.5318,2.8033,98.5169,"109.64,106.39,103.67,102.04,100.96,99.87,99.33,99.33,99.33,98.79,103.67,102.04,100.96,99.87,99.33,98.79,98.79,98.25,98.25,98.25,99.87,98.79,98.79,98.25,98.25,98.25,97.70,97.70,97.16,97.16,97.70,97.16,97.16,97.16,96.62,96.62,96.07,96.07,96.07,95.53"
Rec-G3_std_1,16,9,2569,core,328,317,0.0,4.0,0.9709,331,318,340,321,1.0,True,100.4029,111.8141,97.16,3.0953,99.8737,"111.81,108.56,105.84,103.67,102.04,102.04,100.96,100.96,100.96,100.42,105.30,103.13,102.04,101.50,100.42,100.42,99.87,99.87,99.87,99.33,100.96,99.87,99.33,99.33,98.79,98.79,98.79,98.25,98.25,98.25,98.25,98.25,98.25,97.70,97.70,97.70,97.16,97.16,97.16,97.16"
Rec-G3_std_1,16,10,2570,core,333,317,0.0,5.0,0.9711,336,318,345,321,1.0,True,101.4748,111.8141,98.2455,2.9677,101.502,"111.81,109.10,106.39,105.30,103.67,103.13,103.13,102.04,102.04,102.04,105.30,103.67,103.13,102.04,102.04,101.50,101.50,101.50,101.50,101.50,101.50,100.96,100.42,100.42,100.42,99.87,99.87,99.87,99.87,99.87,98.79,98.79,98.25,98.25,98.25,98.25,98.25,98.25,98.25,98.25"
Rec-G3_std_1,16,11,2571,core,338,317,0.0,5.0,0.971,341,318,350,321,1.0,True,102.4653,111.8141,98.2455,2.9516,102.0447,"111.81,109.64,107.47,105.84,105.30,104.22,104.22,103.67,103.13,103.13,105.84,105.30,104.22,103.67,103.13,103.13,103.13,103.13,102.04,102.04,102.04,102.04,102.04,101.50,101.50,101.50,100.96,100.96,100.42,99.87,99.87,99.87,99.33,99.33,99.33,99.33,99.33,98.79,98.25,98.25"
Rec-G3_std_1,16,12,2572,core,343,316,11.31,5.1,0.9733,346,317,355,320,1.0,True,105.464,122.669,98.2455,4.7489,104.2157,"122.67,117.78,112.90,110.73,108.56,108.01,106.93,105.84,105.30,104.22,112.90,110.19,108.01,106.93,105.84,105.30,105.30,104.22,103.13,102.04,106.93,105.84,105.30,104.22,103.67,103.13,103.13,102.04,102.04,100.96,103.13,103.13,103.13,102.04,102.04,101.50,100.96,100.42,99.87,98.25"
Rec-G3_std_1,16,13,2573,core,348,316,0.0,5.0,0.9741,351,317,360,320,1.0,True,103.198,121.5835,92.2753,5.984,102.5874,"121.58,116.70,112.90,109.64,107.47,105.84,104.22,102.04,100.42,97.70,111.81,110.19,108.01,106.39,105.30,103.67,102.04,100.42,98.25,96.62,106.93,105.84,105.30,103.67,103.13,101.50,99.87,98.25,96.62,94.99,103.13,103.13,102.04,101.50,100.42,99.33,98.25,96.07,94.45,92.28"
Rec-G3_std_1,16,14,2574,core,353,316,0.0,5.0,0.9738,356,317,365,320,0.7,False,92.4788,117.2416,74.3647,11.7762,95.5318,"117.24,111.81,106.93,103.13,99.87,96.62,90.10,80.88,76.54,74.36,109.10,105.84,103.13,100.96,98.25,95.53,89.56,80.88,76.54,74.36,103.67,102.04,100.42,98.25,96.07,93.36,87.93,80.33,76.54,74.36,100.42,99.33,97.70,95.53,94.45,91.19,85.76,79.79,75.99,74.36"
Rec-G3_std_1,16,15,2575,core,357,316,0.0,4.0,0.9758,360,317,369,320,0.3,False,82.8587,115.0706,73.2792,11.3767,77.0784,"115.07,107.47,96.62,85.22,79.79,76.54,74.91,73.82,73.82,73.28,105.84,100.96,93.36,83.59,78.71,75.99,74.91,73.82,73.82,73.28,99.87,96.07,90.10,81.96,77.62,75.99,74.36,73.82,73.82,73.28,95.53,93.36,87.93,80.88,77.62,75.99,74.36,73.82,73.82,73.28"
Rec-G3_std_1,16,16,2576,core,361,316,0.0,4.0,0.9809,364,317,373,320,0.0,False,75.8165,89.5616,72.7365,3.5077,74.6361,"89.56,83.59,79.79,77.08,75.99,74.91,73.82,73.82,73.28,72.74,83.59,79.79,77.08,75.99,74.91,74.36,73.82,73.82,73.28,72.74,80.33,77.62,75.99,75.45,74.91,74.36,73.82,73.82,73.28,72.74,78.71,76.54,75.45,74.91,74.36,73.82,73.82,73.28,72.74,72.74"
Rec-G3_std_1,17,1,2700,core,293,318,-26.57,2.24,0.9776,296,319,305,322,1.0,True,97.852,105.8439,92.2753,2.9777,97.7027,"105.84,104.22,103.13,102.04,101.50,101.50,100.96,100.42,99.87,99.33,98.79,98.79,98.79,98.79,98.79,98.79,98.79,98.25,98.25,98.25,95.53,95.53,96.07,96.62,97.16,97.16,97.16,97.16,96.62,96.07,92.28,93.36,94.45,94.45,94.99,94.99,94.99,94.99,94.99,94.45"
Rec-G3_std_1,17,2,2701,core,298,317,11.31,5.1,0.9773,301,318,310,321,1.0,True,101.122,117.2416,95.5318,4.466,99.8737,"117.24,112.90,109.10,105.84,103.67,102.04,102.04,100.96,99.87,99.33,108.56,105.84,103.67,103.13,102.04,100.96,100.42,99.87,98.79,98.25,102.04,101.50,100.96,100.42,99.87,99.33,98.79,98.25,98.25,97.16,98.79,98.25,98.25,98.25,97.70,97.70,97.16,96.07,96.07,95.53"
Rec-G3_std_1,17,3,2702,core,303,317,0.0,5.0,0.9775,306,318,315,321,1.0,True,100.4165,115.6133,94.989,4.176,99.331,"115.61,111.27,106.93,104.22,103.13,102.04,100.42,99.33,98.79,98.25,107.47,105.30,103.13,102.04,100.96,100.42,99.87,98.79,98.25,97.70,102.04,101.50,100.42,99.87,99.33,98.79,98.25,98.25,97.16,96.62,99.33,98.25,98.25,98.25,97.16,96.62,96.62,95.53,95.53,94.99"
Rec-G3_std_1,17,4,2703,core,308,317,0.0,5.0,0.9762,311,318,320,321,1.0,True,99.5074,112.8996,94.989,3.7058,98.2455,"112.90,109.10,105.30,103.13,101.50,100.42,99.33,98.79,98.25,97.70,105.84,103.67,102.04,100.96,99.87,99.33,98.25,98.25,97.70,97.16,101.50,100.96,99.87,99.33,98.25,98.25,97.70,97.16,96.62,96.07,98.25,98.25,97.70,97.16,96.62,96.07,95.53,95.53,94.99,94.99"
Rec-G3_std_1,17,5,2704,core,312,317,0.0,4.0,0.9751,315,318,324,321,1.0,True,99.5888,113.9851,94.989,4.0342,98.2455,"113.99,110.73,106.39,103.67,102.04,100.42,99.33,98.79,98.25,97.70,106.39,104.22,102.04,100.96,99.87,98.79,98.25,98.25,97.70,96.62,102.04,100.42,99.33,98.79,98.25,98.25,97.70,96.62,96.62,96.07,98.25,98.25,97.16,97.16,96.62,96.07,95.53,95.53,95.53,94.99"
Rec-G3_std_1,17,6,2705,core,317,317,0.0,5.0,0.9762,320,318,329,321,1.0,True,99.0732,111.8141,95.5318,3.4412,98.2455,"111.81,108.01,105.30,102.04,100.96,99.87,99.33,98.25,98.25,98.25,105.30,103.13,100.96,99.87,99.33,98.25,98.25,98.25,97.70,97.16,100.42,99.33,98.79,98.25,98.25,97.70,97.16,96.62,96.62,96.07,97.70,97.16,97.16,96.62,96.62,96.07,95.53,95.53,95.53,95.53"
Rec-G3_std_1,17,7,2706,core,322,317,0.0,5.0,0.9754,325,318,334,321,1.0,True,99.2767,110.7286,96.0745,2.9424,98.5169,"110.73,106.93,104.22,102.04,100.96,100.42,99.87,99.33,98.79,98.79,103.67,102.04,100.96,99.87,99.33,99.33,98.79,98.25,98.25,98.25,99.87,99.33,98.79,98.25,98.25,98.25,98.25,97.70,97.70,97.70,97.70,97.16,97.16,96.62,96.62,96.62,96.07,96.07,96.07,96.07"
Rec-G3_std_1,17,8,2707,core,327,317,0.0,5.0,0.9748,330,318,339,321,1.0,True,100.0773,109.6431,97.16,2.6049,99.8737,"109.64,106.93,104.22,103.13,102.04,101.50,100.96,100.42,100.42,99.87,103.67,102.04,101.50,100.96,100.42,100.42,99.87,99.87,99.87,99.33,100.42,99.87,99.33,99.33,98.79,98.79,98.25,98.25,98.25,98.25,98.25,98.25,98.25,97.70,97.70,97.70,97.16,97.16,97.16,97.16"
Rec-G3_std_1,17,9,2708,core,332,317,0.0,5.0,0.9724,335,318,344,321,1.0,True,101.0678,109.6431,98.2455,2.4848,100.9592,"109.64,107.47,105.30,103.67,103.13,102.04,102.04,102.04,101.50,100.96,104.22,103.13,102.04,102.04,102.04,101.50,100.96,100.96,100.96,100.42,101.50,100.96,100.96,100.42,100.42,99.87,99.87,99.87,99.33,99.33,98.79,98.79,98.79,98.25,98.25,98.25,98.25,98.25,98.25,98.25"
Rec-G3_std_1,17,10,2709,core,336,317,0.0,4.0,0.9712,339,318,348,321,1.0,True,102.3703,112.8996,98.2455,3.0457,102.0447,"112.90,110.19,107.47,105.30,104.22,103.67,103.13,103.13,103.13,102.04,106.93,105.30,104.22,103.13,103.13,103.13,102.04,102.04,102.04,102.04,103.13,102.04,102.04,101.50,101.50,101.50,100.96,100.42,100.42,100.42,99.87,99.87,99.87,99.33,99.33,99.33,98.79,98.79,98.25,98.25"
Rec-G3_std_1,17,11,2710,core,341,316,11.31,5.1,0.9722,344,317,353,320,1.0,True,105.1519,123.2118,99.8737,4.5393,103.6729,"123.21,117.24,112.90,109.64,107.47,106.39,105.30,105.30,104.22,103.67,111.81,109.64,107.47,105.84,105.30,104.22,103.67,103.13,103.13,103.13,106.93,105.30,104.22,104.22,103.67,103.13,103.13,102.04,102.04,102.04,103.13,103.13,102.04,102.04,102.04,101.50,101.50,100.96,100.42,99.87"
Rec-G3_std_1,17,12,2711,core,346,316,0.0,5.0,0.9744,349,317,358,320,1.0,True,104.4599,122.1263,96.0745,5.1345,103.1302,"122.13,117.24,112.90,110.19,108.01,106.39,105.30,104.22,103.13,100.96,111.81,110.19,108.01,106.39,105.30,104.22,103.13,102.04,101.50,99.87,107.47,105.84,105.30,104.22,103.67,103.13,102.04,100.96,99.33,98.25,103.13,103.13,102.04,102.04,101.50,100.96,99.87,98.79,97.70,96.07"
Rec-G3_std_1,17,13,2712,core,351,316,0.0,5.0,0.9755,354,317,363,320,0.9,False,98.5576,119.4126,79.7922,9.2274,99.6023,"119.41,113.99,110.73,106.93,104.22,102.04,99.33,96.62,89.56,80.33,111.81,108.56,106.39,103.67,102.04,100.42,98.25,95.53,89.02,80.33,106.39,105.30,103.13,102.04,99.87,98.25,96.62,94.45,87.93,79.79,102.04,102.04,100.42,99.33,97.70,96.07,94.45,91.73,85.76,79.79"
Rec-G3_std_1,17,14,2713,core,356,316,0.0,5.0,0.9762,359,317,368,320,0.4,False,84.9075,113.9851,72.7365,12.0728,79.2494,"113.99,107.47,102.04,93.36,83.05,77.62,75.45,73.82,73.82,72.74,106.39,102.04,98.25,91.19,82.51,77.62,75.45,73.82,73.28,72.74,101.50,98.79,95.53,89.56,81.42,77.62,75.45,73.82,73.82,73.28,97.70,95.53,93.36,87.93,80.88,77.08,75.45,73.82,73.82,73.28"
Rec-G3_std_1,17,15,2714,core,360,316,0.0,4.0,0.9792,363,317,372,320,0.0,False,76.6171,94.989,72.7365,4.8096,74.6361,"94.99,86.31,80.88,77.62,75.99,74.91,73.82,73.82,73.28,72.74,88.48,81.96,78.16,75.99,74.91,74.36,73.82,73.82,73.28,72.74,84.13,79.79,77.08,75.99,74.91,74.36,73.82,73.82,73.28,72.74,81.96,78.16,75.99,75.45,74.36,73.82,73.82,73.28,73.28,72.74"
Rec-G3_std_1,18,1,2836,core,292,318,-90.0,1.0,0.9786,295,319,304,322,1.0,True,97.7706,103.6729,91.1898,2.9081,97.7027,"103.67,102.04,101.50,101.50,101.50,101.50,101.50,101.50,100.42,100.42,97.70,98.25,98.25,98.79,99.33,99.33,99.33,99.33,98.79,98.79,93.36,94.99,95.53,96.07,96.62,97.16,97.70,97.70,97.16,97.16,91.19,92.28,93.36,94.45,94.99,95.53,95.53,95.53,95.53,95.53"
Rec-G3_std_1,18,2,2837,core,301,317,6.34,9.06,0.9768,304,318,313,321,1.0,True,101.8005,117.7843,95.5318,4.6435,100.1451,"117.78,113.99,110.19,106.93,104.22,103.13,102.04,100.96,99.87,98.79,109.64,107.47,105.30,103.67,102.04,101.50,100.96,99.87,99.33,98.25,103.67,103.13,102.04,101.50,100.42,99.87,99.33,98.79,98.25,97.70,99.87,99.87,99.33,98.79,98.25,98.25,97.70,97.16,96.62,95.53"
Rec-G3_std_1,18,3,2838,core,306,317,0.0,5.0,0.9778,309,318,318,321,1.0,True,100.3893,116.1561,94.989,4.3941,98.7882,"116.16,111.81,107.47,104.22,102.04,101.50,99.87,98.79,98.25,97.70,108.01,105.84,103.67,102.04,100.96,99.87,98.79,98.25,97.70,97.16,103.13,102.04,100.96,100.42,99.33,98.25,98.25,97.70,96.62,96.07,99.87,98.79,98.79,98.25,97.70,96.62,96.62,95.53,95.53,94.99"
Rec-G3_std_1,18,4,2839,core,311,317,0.0,5.0,0.9767,314,318,323,321,1.0,True,99.0596,112.8996,94.4463,3.7778,98.2455,"112.90,108.56,105.30,102.04,100.96,99.87,98.79,98.25,97.16,96.62,105.84,103.13,102.04,100.42,99.33,98.25,98.25,97.16,96.62,96.07,101.50,100.42,99.33,98.79,98.25,97.70,97.16,96.62,95.53,95.53,98.25,98.25,97.70,97.16,96.62,96.07,95.53,94.99,94.99,94.45"
Rec-G3_std_1,18,5,2840,core,316,317,0.0,5.0,0.9742,319,318,328,321,1.0,True,98.2455,110.1859,94.4463,3.1577,97.7027,"110.19,106.39,103.13,100.96,99.87,98.79,98.25,97.70,97.16,97.16,103.67,102.04,99.87,98.79,98.25,98.25,97.70,97.16,96.62,96.62,99.87,99.33,98.25,97.70,97.70,97.16,96.07,96.07,95.53,95.53,97.70,97.16,96.62,96.07,95.53,95.53,94.99,94.99,94.99,94.45"
Rec-G3_std_1,18,6,2841,core,320,317,0.0,4.0,0.9739,323,318,332,321,1.0,True,99.0053,111.2714,95.5318,3.2875,98.2455,"111.27,108.01,105.30,102.04,100.96,99.87,99.33,98.79,98.25,98.25,104.22,102.04,100.96,99.87,98.79,98.25,98.25,98.25,98.25,98.25,99.87,98.79,98.25,98.25,97.70,97.70,97.16,97.16,97.16,97.16,97.16,97.16,96.62,96.07,96.07,96.07,96.07,95.53,95.53,95.53"
Rec-G3_std_1,18,7,2842,core,325,317,0.0,5.0,0.9744,328,318,337,321,1.0,True,100.0365,110.7286,97.16,2.8929,99.6023,"110.73,107.47,105.30,103.13,102.04,101.50,100.96,100.96,100.42,100.42,104.22,102.04,101.50,100.96,100.42,99.87,99.87,99.87,99.87,99.33,99.87,99.33,99.33,98.79,98.79,98.25,98.25,98.25,98.25,98.25,97.70,97.70,97.70,97.16,97.16,97.16,97.16,97.16,97.16,97.16"
Rec-G3_std_1,18,8,2843,core,330,317,0.0,5.0,0.9735,333,318,342,321,1.0,True,101.0542,110.7286,98.2455,2.7216,100.9592,"110.73,108.01,105.30,103.67,103.13,102.04,102.04,102.04,101.50,101.50,105.30,103.67,102.04,102.04,101.50,101.50,100.96,100.96,100.96,100.96,100.96,100.96,100.42,100.42,99.87,99.87,99.33,99.33,99.33,99.33,98.25,98.25,98.25,98.25,98.25,98.25,98.25,98.25,98.25,98.25"
Rec-G3_std_1,18,9,2844,core,335,317,0.0,5.0,0.9719,338,318,347,321,1.0,True,102.004,110.7286,98.7882,2.5813,102.0447,"110.73,108.56,105.84,105.30,103.67,103.13,103.13,103.13,103.13,102.04,105.30,104.22,103.13,103.13,103.13,102.04,102.04,102.04,102.04,102.04,102.04,101.50,101.50,101.50,100.96,100.96,100.96,100.96,100.42,100.42,99.33,99.33,99.33,99.33,99.33,99.33,98.79,98.79,98.79,98.79"
Rec-G3_std_1,18,10,2845,core,340,316,11.31,5.1,0.9711,343,317,352,320,1.0,True,105.1926,119.4126,100.9592,3.5801,104.2157,"119.41,113.99,111.27,108.56,107.47,106.39,105.84,105.30,105.30,104.22,110.73,108.56,106.93,105.84,105.30,105.30,104.22,104.22,103.67,103.13,105.84,105.30,105.30,104.22,104.22,103.67,103.67,103.13,103.13,102.04,103.13,103.13,103.13,102.04,102.04,102.04,102.04,101.50,101.50,100.96"
Rec-G3_std_1,18,11,2846,core,344,316,0.0,4.0,0.972,347,317,356,320,1.0,True,106.2645,125.3828,98.7882,5.1739,105.3012,"125.38,119.41,115.07,111.81,109.10,108.01,106.93,105.84,105.30,103.67,113.99,111.81,109.64,108.01,106.93,105.84,105.30,104.22,103.13,102.04,108.56,107.47,106.39,105.30,105.30,104.22,103.67,103.13,102.04,100.96,104.22,103.67,103.67,103.13,103.13,102.04,102.04,100.96,100.42,98.79"
Rec-G3_std_1,18,12,2847,core,349,316,0.0,5.0,0.9747,352,317,361,320,1.0,True,103.1845,123.2118,91.1898,6.6526,103.1302,"123.21,117.78,112.90,110.19,107.47,105.30,103.13,101.50,98.25,95.53,113.99,111.27,108.56,106.39,105.30,103.13,102.04,99.87,97.70,94.45,108.56,106.93,105.30,104.22,103.13,101.50,99.87,98.25,96.07,93.36,104.22,103.67,103.13,102.04,100.42,99.33,97.70,96.07,94.45,91.19"
Rec-G3_std_1,18,13,2848,core,354,316,0.0,5.0,0.9766,357,317,366,320,0.6,False,90.5657,117.7843,73.2792,12.9854,91.7325,"117.78,112.90,107.47,103.13,98.25,91.19,81.42,77.08,74.36,73.28,110.19,106.39,103.13,99.87,96.62,90.10,80.88,77.08,74.36,73.82,105.30,102.04,100.42,98.25,94.99,88.48,80.88,76.54,74.91,73.82,100.96,98.79,97.70,95.53,92.28,86.85,80.33,76.54,74.91,73.82"
Rec-G3_std_1,18,14,2849,core,359,316,0.0,5.0,0.9772,362,317,371,320,0.1,False,77.7162,102.0447,72.1937,6.8662,74.6361,"102.04,88.48,81.42,77.62,75.99,74.36,73.82,73.28,72.74,72.19,95.53,85.22,79.79,76.54,75.45,74.36,73.82,73.28,72.74,72.19,91.73,83.05,78.71,75.99,74.91,74.36,73.82,73.28,73.28,72.74,89.02,81.42,77.62,75.99,74.91,73.82,73.82,73.28,73.28,72.74"
Rec-G3_std_1,19,1,2975,core,291,317,0.0,0.0,0.9775,294,318,303,321,1.0,True,99.9958,113.9851,92.2753,4.2014,99.331,"113.99,110.73,108.01,105.30,103.13,103.13,102.04,102.04,102.04,101.50,102.04,102.04,100.96,100.96,100.96,100.96,100.96,100.96,100.42,99.87,95.53,96.62,97.70,98.25,98.25,98.79,98.79,98.79,98.79,98.25,92.28,93.36,95.53,95.53,96.07,96.62,97.16,97.16,97.16,97.16"
Rec-G3_std_1,19,2,2976,core,294,318,-18.43,3.16,0.9774,297,319,306,322,1.0,True,98.8832,106.3867,94.4463,2.7107,98.5169,"106.39,105.30,103.13,102.04,102.04,102.04,100.96,100.42,100.42,99.87,100.96,100.42,100.42,100.42,99.87,99.87,99.33,99.33,99.33,98.79,97.16,97.70,97.70,98.25,98.25,98.25,98.25,97.70,97.70,97.16,94.45,94.99,95.53,95.53,96.07,96.07,96.07,96.07,95.53,95.53"
Rec-G3_std_1,19,3,2977,core,299,317,11.31,5.1,0.976,302,318,311,321,1.0,True,101.3256,115.6133,96.6172,3.8193,100.1451,"115.61,111.27,107.47,105.30,103.13,102.04,101.50,100.96,99.87,99.33,107.47,105.30,103.67,103.13,102.04,101.50,100.42,99.87,99.33,98.79,103.13,102.04,101.50,100.96,100.42,99.87,99.33,98.79,98.25,98.25,99.33,99.33,99.33,98.79,98.25,98.25,98.25,97.70,96.62,96.62"
Rec-G3_std_1,19,4,2978,core,303,317,0.0,4.0,0.9754,306,318,315,321,1.0,True,101.5834,117.7843,96.0745,4.4385,100.4165,"117.78,112.90,109.64,105.84,103.67,102.04,101.50,100.42,99.87,98.79,109.10,106.93,104.22,103.13,102.04,100.96,100.42,99.87,98.79,98.25,103.67,103.13,102.04,100.96,100.42,99.87,99.33,98.79,98.25,97.70,100.42,99.87,99.87,98.79,98.25,98.25,98.25,97.16,96.07,96.07"
Rec-G3_std_1,19,5,2979,core,308,317,0.0,5.0,0.9767,311,318,320,321,1.0,True,100.5793,115.6133,95.5318,4.0998,99.331,"115.61,111.27,107.47,104.22,102.04,101.50,100.42,99.87,98.79,98.25,107.47,105.30,103.13,102.04,100.96,100.42,99.33,98.79,98.25,98.25,103.13,102.04,100.96,99.87,99.33,98.79,98.25,98.25,97.70,97.16,99.87,99.33,98.25,98.25,97.70,97.16,96.62,96.07,95.53,95.53"
Rec-G3_std_1,19,6,2980,core,313,317,0.0,5.0,0.9768,316,318,325,321,1.0,True,99.738,112.8996,95.5318,3.519,98.7882,"112.90,108.56,105.30,103.13,101.50,100.42,99.87,98.79,98.79,98.25,105.84,103.67,102.04,100.96,100.42,99.33,98.79,98.25,98.25,97.70,101.50,100.42,99.87,99.33,98.79,98.25,98.25,97.70,97.16,96.62,98.79,98.25,98.25,97.16,97.16,96.62,96.07,95.53,95.53,95.53"
Rec-G3_std_1,19,7,2981,core,318,316,11.31,5.1,0.9053,321,317,330,320,1.0,True,116.1154,144.3788,99.8737,15.0524,112.3569,"135.15,136.78,137.87,138.95,139.49,140.04,140.58,141.67,143.29,144.38,117.78,117.78,117.78,117.78,117.78,117.78,117.78,117.78,117.78,117.78,105.30,105.30,105.30,105.30,105.84,105.84,105.84,106.39,106.39,106.93,100.42,99.87,100.42,100.42,100.96,100.96,101.50,101.50,102.04,102.04"
Rec-G3_std_1,19,8,2982,core,323,317,-11.31,5.1,0.9729,326,318,335,321,1.0,True,99.6838,110.1859,96.6172,2.6852,99.0596,"110.19,106.39,103.67,102.04,101.50,100.42,99.87,99.87,99.33,99.33,104.22,102.04,101.50,100.42,99.87,99.87,99.33,98.79,98.79,98.79,100.42,99.87,99.33,98.79,98.79,98.25,98.25,98.25,98.25,98.25,98.25,98.25,97.70,97.70,97.16,97.16,96.62,96.62,96.62,96.62"
Rec-G3_std_1,19,9,2983,core,327,317,0.0,4.0,0.972,330,318,339,321,1.0,True,100.8778,111.8141,97.7027,3.0012,100.4165,"111.81,109.10,105.84,103.67,102.04,102.04,101.50,100.96,100.96,100.96,105.30,103.67,103.13,102.04,101.50,100.96,100.42,100.42,100.42,100.42,101.50,100.96,100.42,99.87,99.87,99.33,99.33,98.79,98.79,98.79,98.25,98.25,98.25,98.25,98.25,98.25,97.70,97.70,97.70,97.70"
Rec-G3_std_1,19,10,2984,core,332,317,0.0,5.0,0.972,335,318,344,321,1.0,True,101.909,111.8141,98.7882,2.7695,102.0447,"111.81,109.10,106.39,104.22,103.67,103.13,103.13,103.13,102.04,102.04,105.84,104.22,103.13,103.13,102.04,102.04,102.04,102.04,102.04,102.04,102.04,101.50,101.50,100.96,100.96,100.96,100.42,100.42,100.42,100.42,99.33,99.33,99.33,98.79,98.79,98.79,98.79,98.79,98.79,98.79"
Rec-G3_std_1,19,11,2985,core,337,317,0.0,5.0,0.9719,340,318,349,321,1.0,True,103.3473,111.8141,99.8737,2.6136,103.1302,"111.81,109.64,107.47,105.84,105.30,105.30,105.30,105.30,104.22,104.22,106.39,105.30,105.30,104.22,104.22,103.67,103.67,103.67,103.67,103.13,103.13,103.13,102.04,102.04,102.04,102.04,102.04,102.04,102.04,102.04,100.42,100.42,100.42,100.42,100.42,100.42,100.42,100.42,100.42,99.87"
Rec-G3_std_1,19,12,2986,core,342,316,11.31,5.1,0.9733,345,317,354,320,1.0,True,106.5359,122.1263,100.9592,4.0397,105.5725,"122.13,116.70,112.90,110.73,109.10,108.01,107.47,106.39,105.84,105.30,112.90,110.19,108.56,107.47,106.93,106.39,105.84,105.30,105.30,104.22,108.01,106.93,106.39,105.84,105.30,105.30,105.30,104.22,103.67,103.13,104.22,103.67,103.67,103.67,103.13,103.13,103.13,102.04,102.04,100.96"
Rec-G3_std_1,19,13,2987,core,347,316,0.0,5.0,0.9742,350,317,359,320,1.0,True,105.1112,121.0408,95.5318,5.0515,104.2157,"121.04,116.70,112.90,110.19,108.56,106.93,105.84,104.22,103.13,100.96,112.90,110.73,109.10,107.47,106.39,105.30,104.22,103.13,101.50,99.33,108.56,107.47,106.39,105.84,105.30,103.67,103.13,101.50,99.87,98.25,105.30,104.22,103.67,103.13,103.13,102.04,100.42,98.79,97.70,95.53"
Rec-G3_std_1,19,14,2988,core,351,316,0.0,4.0,0.9733,354,317,363,320,0.9,False,100.0908,123.7545,79.7922,9.987,101.502,"123.75,117.78,112.90,109.64,106.39,103.67,100.96,97.70,90.65,80.88,113.99,111.27,108.01,105.84,103.67,102.04,99.33,96.62,89.56,80.88,108.56,106.39,105.30,103.13,102.04,99.87,97.70,94.45,88.48,80.33,104.22,103.13,102.04,100.96,99.33,97.70,95.53,92.28,86.85,79.79"
Rec-G3_std_1,19,15,2989,core,356,316,0.0,5.0,0.9763,359,317,368,320,0.4,False,85.5724,117.2416,72.7365,13.0109,79.5208,"117.24,110.73,103.67,94.99,83.59,78.16,75.45,73.82,73.28,72.74,108.56,104.22,99.87,92.28,83.05,77.62,75.45,73.82,73.28,72.74,103.13,100.42,97.16,90.10,81.42,77.62,75.45,73.82,73.82,72.74,99.33,97.16,94.45,87.93,80.88,77.08,75.45,73.82,73.82,72.74"
Rec-G3_std_1,19,16,2990,core,360,316,0.0,4.0,0.9777,363,317,372,320,0.0,False,76.6578,96.0745,71.651,5.2879,74.3647,"96.07,87.93,81.96,77.62,75.99,74.36,73.82,73.28,72.74,71.65,89.56,83.05,78.71,76.54,74.91,74.36,73.82,73.28,72.74,72.19,84.68,79.79,77.08,75.45,74.91,73.82,73.82,73.28,72.74,72.74,82.51,78.71,76.54,75.45,74.36,73.82,73.82,73.28,72.74,72.19"
Rec-G3_std_1,20,1,3110,core,293,318,-26.57,2.24,0.9777,296,319,305,322,1.0,True,98.0013,105.3012,92.2753,2.6945,97.7027,"105.30,103.13,102.04,102.04,101.50,101.50,100.96,100.42,99.87,99.33,98.79,98.79,98.79,99.33,99.33,99.33,98.79,98.25,98.25,98.25,95.53,96.07,96.62,96.62,97.16,97.16,97.16,97.16,97.16,96.62,92.28,94.45,94.45,94.99,95.53,95.53,95.53,95.53,95.53,94.99"
Rec-G3_std_1,20,2,3111,core,298,317,11.31,5.1,0.9753,301,318,310,321,1.0,True,100.9864,115.0706,96.0745,3.7914,100.1451,"115.07,110.73,107.47,105.30,103.13,102.04,101.50,100.42,99.87,99.33,106.93,105.30,103.13,102.04,101.50,100.96,100.42,99.33,99.33,98.25,102.04,101.50,100.96,100.42,100.42,99.87,99.33,98.25,98.25,97.70,98.79,98.79,98.79,98.25,98.25,98.25,97.70,97.16,96.62,96.07"
Rec-G3_std_1,20,3,3112,core,302,317,0.0,4.0,0.9751,305,318,314,321,1.0,True,101.4477,117.7843,95.5318,4.4835,100.1451,"117.78,112.90,109.64,105.84,103.67,102.04,101.50,100.42,99.33,98.79,109.10,106.39,104.22,103.13,102.04,100.96,99.87,99.33,98.79,98.25,103.13,103.13,102.04,100.96,100.42,99.87,98.79,98.25,98.25,97.70,100.42,99.87,99.33,98.79,98.25,98.25,97.70,97.16,96.07,95.53"
Rec-G3_std_1,20,4,3113,core,307,317,0.0,5.0,0.9763,310,318,319,321,1.0,True,100.2129,115.0706,95.5318,3.9618,99.0596,"115.07,110.73,106.93,103.67,102.04,100.96,99.87,98.79,98.25,98.25,106.93,104.22,103.13,101.50,100.96,99.33,99.33,98.25,98.25,97.70,102.04,100.96,100.42,99.87,99.33,98.25,98.25,97.70,97.70,97.16,99.33,98.79,98.25,98.25,97.70,96.62,96.62,96.07,95.53,95.53"
Rec-G3_std_1,20,5,3114,core,312,317,0.0,5.0,0.9765,315,318,324,321,1.0,True,99.4938,111.8141,95.5318,3.4007,98.2455,"111.81,108.56,105.30,102.04,101.50,99.87,99.33,98.25,98.25,98.25,105.30,103.13,102.04,100.96,99.87,99.33,98.25,98.25,97.70,97.70,101.50,100.42,99.87,98.79,98.79,98.25,97.70,97.16,97.16,96.62,98.25,98.25,97.70,97.16,97.16,96.62,96.07,95.53,95.53,95.53"
Rec-G3_std_1,20,6,3115,core,317,317,0.0,5.0,0.975,320,318,329,321,1.0,True,99.3445,110.7286,95.5318,2.9591,98.5169,"110.73,106.93,103.67,102.04,100.96,100.42,99.87,98.79,98.79,98.25,104.22,102.04,100.96,100.42,99.33,99.33,98.79,98.25,98.25,98.25,100.96,99.87,99.33,98.79,98.25,98.25,98.25,97.70,97.16,97.16,98.25,97.70,97.70,97.16,96.62,96.62,96.62,96.07,95.53,95.53"
Rec-G3_std_1,20,7,3116,core,322,317,0.0,5.0,0.9726,325,318,334,321,1.0,True,99.833,109.6431,96.6172,2.5584,99.331,"109.64,106.39,103.67,102.04,101.50,100.96,100.42,99.87,99.33,99.33,103.67,102.04,101.50,100.96,100.42,99.87,99.87,99.33,98.79,98.79,100.42,99.87,99.87,99.33,98.79,98.79,98.25,98.25,98.25,98.25,98.25,98.25,98.25,97.70,97.70,97.16,97.16,97.16,96.62,96.62"
Rec-G3_std_1,20,8,3117,core,326,317,0.0,4.0,0.972,329,318,338,321,1.0,True,101.2034,112.8996,97.7027,3.0892,100.6878,"112.90,109.10,106.39,104.22,103.13,102.04,102.04,101.50,100.96,100.96,105.84,104.22,103.13,102.04,101.50,101.50,100.96,100.96,100.42,100.42,102.04,100.96,100.42,100.42,99.87,99.87,99.33,99.33,99.33,99.33,98.79,98.79,98.25,98.25,98.25,98.25,98.25,98.25,98.25,97.70"
Rec-G3_std_1,20,9,3118,core,331,317,0.0,5.0,0.9718,334,318,343,321,1.0,True,101.9633,111.8141,98.7882,2.7663,102.0447,"111.81,109.10,106.39,105.30,103.67,103.13,103.13,102.04,102.04,102.04,105.84,104.22,103.13,103.13,102.04,102.04,102.04,102.04,102.04,102.04,102.04,102.04,101.50,101.50,100.96,100.96,100.96,100.42,100.42,100.42,99.33,99.33,99.33,99.33,98.79,98.79,98.79,98.79,98.79,98.79"
Rec-G3_std_1,20,10,3119,core,336,317,0.0,5.0,0.9714,339,318,348,321,1.0,True,103.0759,111.8141,99.8737,2.4836,103.1302,"111.81,109.10,106.93,105.84,105.30,104.22,103.67,103.67,103.67,103.13,106.39,105.30,104.22,104.22,103.67,103.67,103.13,103.13,103.13,103.13,103.13,103.13,102.04,102.04,102.04,102.04,102.04,102.04,102.04,101.50,100.96,100.96,100.42,100.42,100.42,100.42,100.42,99.87,99.87,99.87"
Rec-G3_std_1,20,11,3120,core,341,316,11.31,5.1,0.9731,344,317,353,320,1.0,True,106.0203,121.0408,101.502,3.7903,105.3012,"121.04,116.16,111.81,109.64,108.01,106.93,106.39,105.84,105.30,105.30,111.81,109.64,108.01,106.93,105.84,105.30,105.30,105.30,104.22,103.67,107.47,106.39,105.84,105.30,105.30,104.22,104.22,103.67,103.13,103.13,104.22,103.67,103.67,103.13,103.13,103.13,103.13,102.04,102.04,101.50"
Rec-G3_std_1,20,12,3121,core,346,316,0.0,5.0,0.9736,349,317,358,320,1.0,True,105.4369,120.498,97.16,4.4932,105.3012,"120.50,116.16,111.81,110.19,108.56,107.47,106.39,105.30,103.67,102.04,111.81,110.19,108.56,107.47,106.39,105.84,105.30,103.67,102.04,100.96,108.01,106.93,106.39,105.30,105.30,104.22,103.13,102.04,100.96,99.33,105.30,105.30,104.22,103.67,103.13,102.04,101.50,100.42,98.79,97.16"
Rec-G3_std_1,20,13,3122,core,350,316,0.0,4.0,0.9738,353,317,362,320,1.0,True,102.3839,123.7545,85.7624,8.0609,102.5874,"123.75,118.87,113.99,110.73,107.47,105.30,102.04,99.33,96.07,89.56,113.99,111.81,109.10,106.93,105.30,103.13,100.96,98.25,95.53,89.56,109.10,107.47,105.84,104.22,103.13,101.50,98.79,97.16,94.45,87.93,105.30,104.22,103.13,102.04,100.42,98.79,97.16,94.99,92.28,85.76"
Rec-G3_std_1,20,14,3123,core,355,316,0.0,5.0,0.9761,358,317,367,320,0.5,False,88.1097,117.7843,72.7365,13.4489,85.2196,"117.78,111.81,106.39,100.96,92.28,82.51,77.08,74.91,73.28,72.74,110.19,105.84,102.04,98.25,91.19,81.96,77.08,74.91,73.82,72.74,104.22,102.04,99.33,96.07,89.56,80.88,77.08,74.91,73.82,72.74,100.42,98.25,96.62,94.45,87.93,80.33,76.54,74.91,73.82,72.74"
Rec-G3_std_1,20,15,3124,core,360,316,0.0,5.0,0.9787,363,317,372,320,0.0,False,75.7894,92.2753,71.651,4.5824,73.822,"92.28,84.13,79.79,75.99,74.91,73.82,73.28,72.74,72.19,71.65,87.39,80.88,77.62,75.45,74.36,73.82,73.28,72.74,72.19,71.65,84.13,78.71,76.54,74.91,73.82,73.82,73.28,72.74,72.19,72.19,81.96,77.62,75.99,74.91,73.82,73.82,73.28,72.74,72.74,72.19"
Rec-G3_std_1,21,1,3244,core,292,318,-45.0,1.41,0.9769,295,319,304,322,1.0,True,98.2726,104.2157,91.7325,2.8872,98.2455,"104.22,103.13,102.04,102.04,102.04,102.04,102.04,101.50,100.96,100.42,98.25,98.25,98.79,99.33,99.87,99.87,99.87,99.87,99.33,99.33,94.45,95.53,96.07,97.16,97.70,97.70,98.25,97.70,97.70,97.70,91.73,93.36,94.45,94.99,95.53,95.53,95.53,95.53,95.53,95.53"
Rec-G3_std_1,21,2,3245,core,297,317,11.31,5.1,0.9754,300,318,309,321,1.0,True,102.0176,116.6988,97.16,4.0214,100.9592,"116.70,112.90,108.56,105.84,104.22,103.13,102.04,101.50,100.96,100.42,108.56,106.39,105.30,103.13,103.13,102.04,101.50,100.96,100.42,99.87,103.13,102.04,102.04,101.50,100.96,100.96,100.42,99.33,98.79,98.79,99.33,99.33,99.33,98.79,98.79,98.25,98.25,98.25,97.70,97.16"
Rec-G3_std_1,21,3,3246,core,302,317,0.0,5.0,0.9742,305,318,314,321,1.0,True,101.312,115.0706,96.0745,3.8599,100.4165,"115.07,111.27,107.47,105.30,103.13,102.04,101.50,100.42,99.87,98.79,108.01,105.84,103.67,103.13,102.04,101.50,100.42,99.87,99.33,98.25,103.13,102.04,102.04,100.96,100.42,99.87,99.33,98.79,98.25,97.70,100.42,99.87,99.33,99.33,98.25,98.25,97.70,97.16,96.62,96.07"
Rec-G3_std_1,21,4,3247,core,306,317,0.0,4.0,0.976,309,318,318,321,1.0,True,101.217,116.6988,96.0745,4.2598,99.8737,"116.70,111.81,108.56,105.30,103.13,102.04,100.96,99.87,98.79,98.79,109.10,106.39,104.22,103.13,102.04,100.96,99.87,99.33,98.79,98.25,103.13,102.04,101.50,100.96,99.87,99.33,98.79,98.25,97.70,97.70,100.42,99.87,99.33,98.79,98.25,97.70,97.16,97.16,96.62,96.07"
Rec-G3_std_1,21,5,3248,core,311,317,0.0,5.0,0.9764,314,318,323,321,1.0,True,100.2265,113.9851,95.5318,3.7417,99.0596,"113.99,110.19,106.39,103.13,102.04,100.96,99.87,98.79,98.25,98.25,106.93,104.22,103.13,101.50,100.42,99.87,99.33,98.25,98.25,98.25,102.04,101.50,100.42,99.87,99.33,98.79,98.25,98.25,97.16,97.16,99.33,98.79,98.25,98.25,97.70,97.70,96.62,96.07,96.07,95.53"
Rec-G3_std_1,21,6,3249,core,316,317,0.0,5.0,0.9755,319,318,328,321,1.0,True,99.928,111.8141,96.0745,3.1805,98.7882,"111.81,108.01,105.30,103.13,101.50,100.42,99.87,99.33,98.79,98.25,105.30,103.13,102.04,100.96,100.42,99.87,99.33,98.79,98.25,98.25,102.04,100.96,99.87,98.79,98.79,98.25,98.25,98.25,97.70,97.70,98.79,98.25,98.25,97.70,97.70,97.16,97.16,96.62,96.07,96.07"
Rec-G3_std_1,21,7,3250,core,316,317,0.0,0.0,0.9755,319,318,328,321,1.0,True,99.928,111.8141,96.0745,3.1805,98.7882,"111.81,108.01,105.30,103.13,101.50,100.42,99.87,99.33,98.79,98.25,105.30,103.13,102.04,100.96,100.42,99.87,99.33,98.79,98.25,98.25,102.04,100.96,99.87,98.79,98.79,98.25,98.25,98.25,97.70,97.70,98.79,98.25,98.25,97.70,97.70,97.16,97.16,96.62,96.07,96.07"
Rec-G3_std_1,21,8,3251,core,325,317,0.0,9.0,0.9713,328,318,337,321,1.0,True,101.5562,112.8996,98.2455,3.0769,100.9592,"112.90,109.64,106.93,105.30,103.13,102.04,102.04,102.04,101.50,101.50,106.39,104.22,103.13,102.04,102.04,101.50,101.50,100.96,100.96,100.96,102.04,101.50,100.96,100.96,100.42,99.87,99.87,99.87,99.87,99.87,99.33,99.33,98.79,98.79,98.79,98.25,98.25,98.25,98.25,98.25"
Rec-G3_std_1,21,9,3252,core,330,317,0.0,5.0,0.9714,333,318,342,321,1.0,True,102.6824,112.8996,99.331,2.8016,102.0447,"112.90,110.19,107.47,105.30,104.22,103.67,103.67,103.13,103.13,103.13,106.93,105.30,103.67,103.13,103.13,103.13,103.13,102.04,102.04,102.04,103.13,102.04,102.04,101.50,101.50,101.50,101.50,101.50,100.96,100.96,100.42,99.87,100.42,99.87,99.87,99.87,99.87,99.87,99.87,99.33"
Rec-G3_std_1,21,10,3253,core,335,317,0.0,5.0,0.9719,338,318,347,321,1.0,True,103.7679,112.8996,100.4165,2.6167,103.1302,"112.90,110.19,108.01,106.39,105.84,105.30,105.30,104.22,104.22,103.67,107.47,105.84,105.30,105.30,105.30,104.22,103.67,103.67,103.13,103.13,103.13,103.13,103.13,103.13,103.13,103.13,102.04,102.04,102.04,102.04,101.50,101.50,101.50,101.50,100.96,100.96,100.96,100.96,100.42,100.42"
Rec-G3_std_1,21,11,3254,core,340,316,11.31,5.1,0.9723,343,317,352,320,1.0,True,106.6445,123.7545,102.0447,4.2873,105.3012,"123.75,117.78,113.99,110.73,109.10,107.47,106.93,105.84,105.30,105.30,112.90,110.73,109.10,107.47,106.93,105.84,105.30,105.30,104.22,103.67,108.56,107.47,106.39,105.84,105.30,105.30,104.22,103.67,103.67,103.13,105.30,104.22,104.22,103.67,103.67,103.13,103.13,103.13,102.04,102.04"
Rec-G3_std_1,21,12,3255,core,345,316,0.0,5.0,0.9736,348,317,357,320,1.0,True,105.8168,121.5835,98.2455,4.5067,105.3012,"121.58,116.70,112.90,110.19,108.56,106.93,105.84,105.30,103.67,102.04,112.90,110.73,109.10,107.47,106.39,105.84,105.30,103.67,103.13,101.50,108.56,107.47,106.39,105.84,105.30,105.30,103.67,103.13,101.50,99.87,105.30,105.30,104.22,103.67,103.13,103.13,102.04,100.96,99.87,98.25"
Rec-G3_std_1,21,13,3256,core,350,316,0.0,5.0,0.9728,353,317,362,320,1.0,True,101.0406,119.4126,85.7624,7.4867,101.7733,"119.41,115.07,110.73,108.01,105.30,103.13,100.96,98.25,94.99,87.93,111.81,109.64,107.47,105.30,103.67,102.04,99.87,97.16,94.45,87.93,108.01,106.39,105.30,103.13,102.04,100.42,98.25,95.53,93.36,86.85,105.30,103.67,103.13,101.50,99.87,98.25,96.07,94.45,91.19,85.76"
Rec-G3_std_1,21,14,3257,core,354,316,0.0,4.0,0.9751,357,317,366,320,0.6,False,90.5928,119.4126,72.7365,13.581,92.2753,"119.41,113.99,108.01,103.13,98.25,91.19,80.88,75.99,73.82,72.74,110.73,107.47,103.67,100.42,96.62,90.10,80.88,75.99,73.82,72.74,105.30,103.13,100.96,98.25,94.99,89.02,80.88,75.99,73.82,73.28,101.50,99.87,98.25,95.53,93.36,86.85,79.79,75.99,73.82,73.28"
Rec-G3_std_1,21,15,3258,core,359,316,0.0,5.0,0.9773,362,317,371,320,0.1,False,77.2955,103.1302,71.651,7.2368,74.0933,"103.13,89.02,81.42,77.62,74.91,73.82,73.28,72.19,71.65,71.65,96.07,85.22,79.79,75.99,74.36,73.82,73.28,72.74,72.19,71.65,91.73,83.05,78.16,75.99,74.36,73.82,73.28,72.74,72.19,71.65,88.48,80.88,77.62,75.45,74.36,73.82,73.28,72.74,72.19,72.19"
Rec-G3_std_1,22,1,3344,core,293,317,0.0,0.0,0.9788,296,318,305,321,1.0,True,100.0365,116.1561,95.5318,4.0908,98.2455,"116.16,111.81,108.01,105.30,103.13,102.04,102.04,100.96,100.42,99.87,103.13,102.04,100.96,100.42,99.87,99.33,99.33,98.79,98.25,98.25,98.25,98.25,98.25,98.25,98.25,98.25,98.25,98.25,98.25,98.25,95.53,95.53,96.62,97.16,97.70,97.70,97.70,97.16,97.16,96.62"
Rec-G3_std_1,22,2,3345,core,296,317,0.0,3.0,0.977,299,318,308,321,1.0,True,100.6878,116.6988,97.16,4.0086,99.331,"116.70,111.81,108.56,105.30,103.13,102.04,101.50,100.42,99.33,98.79,105.84,103.67,102.04,101.50,100.42,99.87,99.33,98.79,98.25,97.70,100.96,100.42,100.42,99.87,99.33,98.79,98.79,98.25,98.25,97.70,98.25,98.25,98.25,98.25,98.25,98.25,98.25,97.70,97.16,97.16"
Rec-G3_std_1,22,3,3346,core,301,317,0.0,5.0,0.9782,304,318,313,321,1.0,True,100.0094,115.0706,95.5318,3.8755,98.7882,"115.07,110.73,106.93,103.67,102.04,100.42,99.33,98.79,98.25,97.16,105.84,103.67,102.04,100.42,99.33,98.79,98.25,97.70,97.16,96.62,102.04,100.96,100.42,99.33,98.79,98.79,98.25,97.70,97.16,96.62,99.33,99.33,98.79,98.25,98.25,97.70,97.16,97.16,96.62,95.53"
Rec-G3_std_1,22,4,3347,core,306,317,0.0,5.0,0.9775,309,318,318,321,1.0,True,98.9104,111.8141,95.5318,3.3158,98.2455,"111.81,107.47,104.22,102.04,99.87,98.79,98.25,97.70,96.62,96.07,104.22,102.04,100.42,99.33,98.25,98.25,97.16,97.16,96.07,95.53,101.50,100.42,99.33,98.79,98.25,98.25,97.70,97.16,96.07,95.53,99.33,98.25,98.25,98.25,97.70,97.16,96.07,96.07,95.53,95.53"
Rec-G3_std_1,22,5,3348,core,311,317,0.0,5.0,0.9756,314,318,323,321,1.0,True,98.0013,109.1004,94.989,2.8201,97.16,"109.10,105.30,102.04,99.87,98.79,98.25,97.16,96.62,96.07,95.53,103.13,100.42,99.33,98.25,97.70,97.16,96.62,96.07,95.53,95.53,100.42,99.33,98.25,98.25,97.70,97.16,96.62,96.07,95.53,95.53,98.25,98.25,97.70,97.16,96.62,96.62,96.07,95.53,95.53,94.99"
Rec-G3_std_1,22,6,3349,core,315,317,0.0,4.0,0.9754,318,318,327,321,1.0,True,98.5033,111.2714,95.5318,3.1879,97.7027,"111.27,107.47,103.67,100.96,99.33,98.25,97.70,97.16,96.62,96.07,103.67,101.50,99.87,98.79,98.25,97.70,97.16,96.62,96.07,95.53,100.42,99.33,98.79,98.25,97.70,97.16,97.16,96.62,96.07,96.07,98.25,98.25,97.70,97.16,97.16,96.62,96.62,96.07,95.53,95.53"
Rec-G3_std_1,22,7,3350,core,320,317,0.0,5.0,0.9753,323,318,332,321,1.0,True,98.4083,109.1004,96.0745,2.5578,97.7027,"109.10,105.30,103.13,100.42,98.79,98.25,97.70,97.16,97.16,96.62,102.04,100.96,99.33,98.79,98.25,97.70,97.16,97.16,96.62,96.62,99.33,98.79,98.25,98.25,97.70,97.16,97.16,97.16,96.62,96.62,98.25,98.25,97.70,97.70,97.16,96.62,96.62,96.62,96.07,96.07"
Rec-G3_std_1,22,8,3351,core,325,317,0.0,5.0,0.9751,328,318,337,321,1.0,True,99.0053,108.0149,97.16,2.0837,98.2455,"108.01,105.30,102.04,100.42,99.33,98.25,98.25,98.25,98.25,98.25,102.04,100.96,99.87,98.79,98.25,98.25,98.25,98.25,98.25,98.25,99.87,98.79,98.79,98.25,98.25,98.25,98.25,98.25,97.70,98.25,98.25,98.25,98.25,97.70,97.70,97.70,97.70,97.70,97.16,97.70"
Rec-G3_std_1,22,9,3352,core,330,317,0.0,5.0,0.9732,333,318,342,321,1.0,True,99.7787,106.9294,98.2455,1.6412,99.331,"106.93,104.22,102.04,100.96,100.42,99.87,99.33,99.33,99.33,99.33,102.04,101.50,100.42,99.87,99.87,99.33,99.33,99.33,99.33,99.33,99.87,99.87,99.33,99.33,99.33,99.33,99.33,99.33,99.33,99.33,98.79,98.79,98.25,98.25,98.79,98.25,98.25,98.25,98.79,98.25"
Rec-G3_std_1,22,10,3353,core,335,316,11.31,5.1,0.9719,338,317,347,320,1.0,True,103.2387,118.8698,100.4165,3.7606,101.502,"118.87,113.99,109.64,107.47,105.84,105.30,105.30,104.22,103.67,103.67,107.47,105.30,103.13,102.04,102.04,101.50,101.50,100.96,100.96,100.96,103.13,102.04,102.04,101.50,101.50,101.50,101.50,100.96,100.96,100.96,101.50,101.50,100.96,100.96,100.96,100.96,100.96,100.96,100.42,100.42"
Rec-G3_std_1,22,11,3354,core,339,316,0.0,4.0,0.9733,342,317,351,320,1.0,True,104.9348,123.2118,100.9592,4.4927,103.1302,"123.21,117.78,112.90,110.19,108.01,106.93,105.84,105.30,105.30,104.22,110.73,108.01,105.84,104.22,103.67,103.13,103.13,102.04,102.04,102.04,105.30,104.22,103.67,103.13,103.13,103.13,103.13,102.04,102.04,102.04,103.13,103.13,102.04,102.04,102.04,102.04,102.04,102.04,101.50,100.96"
Rec-G3_std_1,22,12,3355,core,344,316,0.0,5.0,0.9762,347,317,356,320,1.0,True,104.867,122.1263,98.7882,4.588,103.6729,"122.13,117.24,112.90,110.19,108.01,106.93,105.84,104.22,103.13,102.04,111.27,108.56,106.93,105.30,104.22,103.67,103.13,102.04,101.50,99.87,106.39,105.84,105.30,104.22,103.67,103.13,103.13,102.04,100.96,99.87,104.22,103.67,103.13,103.13,103.13,102.04,102.04,100.96,99.87,98.79"
Rec-G3_std_1,22,13,3356,core,349,316,0.0,5.0,0.9778,352,317,361,320,1.0,True,100.81,119.4126,88.4761,6.7571,101.2306,"119.41,115.61,111.27,107.47,105.30,102.04,99.33,96.62,93.36,88.48,110.73,108.01,105.84,103.67,102.04,100.96,98.25,96.07,93.36,90.10,106.39,105.30,103.67,103.13,101.50,99.87,98.25,96.07,93.36,90.65,103.67,103.13,102.04,101.50,100.42,98.79,97.16,95.53,93.36,90.65"
Rec-G3_std_1,22,14,3357,core,354,316,0.0,5.0,0.9782,357,317,366,320,0.6,False,87.9062,113.9851,71.651,12.2593,88.7475,"113.99,108.01,102.04,96.62,91.19,84.68,77.62,74.36,72.74,71.65,106.39,103.13,98.79,95.53,91.73,85.76,78.71,74.91,72.74,71.65,103.13,100.42,98.25,95.53,92.28,86.31,78.71,75.45,73.82,72.19,100.42,98.25,96.62,94.45,91.73,85.76,78.71,75.45,73.82,72.74"
Rec-G3_std_1,22,15,3358,core,358,316,0.0,4.0,0.9787,361,317,370,320,0.2,False,78.571,105.3012,71.651,8.8284,74.3647,"105.30,94.45,84.13,78.71,75.45,73.82,72.74,72.19,71.65,71.65,98.79,91.19,81.96,77.62,74.91,73.82,72.74,72.19,71.65,71.65,95.53,89.56,80.88,77.08,74.91,73.82,73.28,72.19,71.65,71.65,93.36,87.93,80.33,76.54,74.91,73.82,73.28,72.19,71.65,71.65"
Rec-G3_std_1,22,16,3359,core,361,316,0.0,3.0,0.983,364,317,373,320,0.0,False,74.4733,88.4761,70.5655,3.6955,73.0078,"88.48,83.05,78.71,75.45,73.82,72.74,72.19,71.65,71.65,70.57,83.05,78.71,75.99,74.36,73.82,72.74,72.19,71.65,71.65,71.65,78.71,76.54,74.91,73.82,73.82,72.74,72.74,72.19,71.65,71.65,77.62,75.99,74.36,73.82,73.28,72.74,72.74,72.19,71.65,71.65"
