specimen,layer_index,obs_index,frame_idx,frame_type,tip_x,tip_y,direction_deg,movement_px,confidence,roi_c0,roi_r0,roi_c1,roi_r1,roi_valid_frac,roi_complete,roi_mean_C,roi_max_C,roi_min_C,roi_std_C,roi_median_C,roi_pixels_raw
Rec-022_10s_1,1,1,2794,core,290,331,0.0,0.0,0.9846,292,334,298,337,1.0,True,84.8319,94.4463,78.7067,4.1736,83.8627,"94.45,93.36,91.73,90.10,89.56,88.48,88.48,86.85,86.31,85.76,85.76,85.22,85.22,84.68,81.42,82.51,82.51,82.51,83.05,83.05,82.51,78.71,79.79,80.33,80.88,80.33,80.88,80.88"
Rec-022_10s_1,1,2,2795,core,296,331,0.0,6.0,0.9835,298,334,304,337,1.0,True,85.7236,98.7882,80.3349,4.4471,84.1341,"98.79,95.53,92.28,90.10,88.48,87.39,86.31,90.65,89.02,87.39,85.76,85.22,84.13,84.13,85.22,84.13,84.13,83.59,83.05,82.51,81.96,82.51,82.51,81.96,81.42,80.88,80.88,80.33"
Rec-022_10s_1,1,3,2796,core,300,331,0.0,4.0,0.9839,302,334,308,337,1.0,True,85.5685,100.4165,80.3349,4.7209,84.1341,"100.42,95.53,92.28,89.56,87.93,86.85,85.76,91.19,89.02,87.39,85.76,84.68,84.13,83.59,85.76,84.13,83.59,83.05,82.51,82.51,81.96,82.51,81.96,81.42,80.88,80.88,80.33,80.33"
Rec-022_10s_1,1,4,2797,core,309,331,0.0,9.0,0.9852,311,334,317,337,1.0,True,84.1341,96.6172,79.7922,4.1002,83.0486,"96.62,93.36,90.10,87.93,86.31,85.22,84.68,89.02,86.85,85.22,84.13,83.05,83.05,82.51,84.13,83.05,82.51,81.96,81.42,80.88,80.88,81.42,80.88,80.33,80.33,80.33,79.79,79.79"
Rec-022_10s_1,1,5,2798,core,314,331,0.0,5.0,0.987,316,334,322,337,1.0,True,83.8627,94.4463,80.3349,3.4342,83.0486,"94.45,91.19,89.02,87.39,85.76,85.22,84.68,87.39,85.76,84.68,84.13,83.59,83.05,83.05,83.05,83.05,82.51,81.96,81.42,81.42,81.42,80.88,80.88,80.88,80.33,80.33,80.33,80.33"
Rec-022_10s_1,1,6,2799,core,323,331,0.0,9.0,0.9886,325,334,331,337,1.0,True,85.9949,95.5318,82.5059,3.1193,85.2196,"95.53,92.28,90.65,89.02,87.93,87.93,87.93,89.02,87.93,86.31,85.76,85.76,85.76,85.76,84.68,84.13,84.13,84.13,84.13,84.13,84.13,82.51,83.05,83.05,83.05,83.05,83.05,83.05"
Rec-022_10s_1,1,7,2800,core,327,331,0.0,4.0,0.9866,329,334,335,337,1.0,True,87.2743,95.5318,83.5914,3.1021,86.5765,"95.53,93.36,92.28,91.19,90.10,89.56,89.56,89.02,88.48,87.93,87.93,87.39,87.39,87.39,85.76,85.76,85.76,85.76,85.76,85.22,85.22,83.59,83.59,83.59,84.13,84.13,84.13,84.13"
Rec-022_10s_1,1,8,2801,core,332,331,0.0,5.0,0.9906,334,334,340,337,1.0,True,88.2047,96.6172,84.6769,3.1363,87.662,"96.62,94.45,92.28,91.19,91.19,91.19,90.65,90.65,89.56,89.02,89.02,88.48,88.48,88.48,86.85,86.85,86.31,86.85,86.31,86.31,86.31,84.68,84.68,84.68,84.68,84.68,84.68,84.68"
Rec-022_10s_1,1,9,2802,core,336,331,0.0,4.0,0.9875,338,334,344,337,1.0,True,89.4647,98.7882,85.7624,3.4542,88.7475,"98.79,96.62,94.99,93.36,92.28,91.73,91.73,92.28,91.19,90.10,89.56,89.56,89.56,89.56,87.93,87.93,87.93,87.93,87.39,87.39,86.85,85.76,85.76,85.76,85.76,85.76,85.76,85.76"
Rec-022_10s_1,1,10,2803,core,345,331,0.0,9.0,0.9863,347,334,353,337,1.0,True,89.8136,100.9592,83.5914,4.1651,89.2902,"100.96,98.25,96.07,94.45,93.36,92.28,91.19,93.36,92.28,91.19,91.19,90.10,89.56,89.02,89.56,88.48,87.93,87.93,87.39,86.85,85.76,86.85,86.31,85.76,85.76,85.22,84.13,83.59"
Rec-022_10s_1,1,11,2804,core,350,331,0.0,5.0,0.9894,352,334,358,337,0.8571,False,85.1421,98.7882,75.4502,6.0415,84.9482,"98.79,96.07,93.36,91.19,87.93,80.88,77.62,92.28,91.19,89.56,87.93,85.22,79.79,77.08,87.93,87.39,86.31,84.68,83.05,78.71,75.99,85.76,84.68,84.13,82.51,80.88,77.62,75.45"
Rec-022_10s_1,1,12,2805,core,354,331,0.0,4.0,0.9869,356,334,362,337,0.2857,False,78.1833,94.989,73.822,4.9711,75.9929,"94.99,85.76,80.88,77.62,75.99,75.45,74.36,88.48,81.96,78.16,76.54,75.45,74.91,74.36,84.13,79.79,77.08,75.99,74.91,74.36,74.36,81.96,78.16,75.99,74.91,74.36,74.36,73.82"
Rec-022_10s_1,1,13,2806,core,355,330,45.0,1.41,0.986,357,333,363,336,0.1429,False,78.4741,97.16,73.822,5.3718,76.5357,"97.16,88.48,83.05,78.71,77.08,75.99,74.91,88.48,83.05,78.71,77.08,75.45,74.91,74.36,83.05,78.71,77.08,75.99,74.91,74.36,73.82,80.33,77.62,75.99,75.45,74.36,74.36,73.82"
Rec-022_10s_1,2,1,2942,core,291,332,-45.0,1.41,0.9831,293,335,299,338,1.0,True,85.9174,91.7325,80.8776,3.1442,85.2196,"91.73,91.19,90.65,90.65,90.10,89.56,89.56,86.31,86.85,86.85,87.39,86.85,86.85,86.85,83.05,84.13,84.13,84.13,84.13,84.13,84.13,80.88,81.96,82.51,82.51,83.05,82.51,83.05"
Rec-022_10s_1,2,2,2943,core,300,331,6.34,9.06,0.9848,302,334,308,337,1.0,True,89.6972,103.1302,84.1341,4.5953,88.7475,"103.13,99.33,96.07,94.45,92.28,91.73,91.19,94.45,93.36,91.19,90.10,89.56,89.02,88.48,89.02,88.48,87.93,87.39,86.85,86.85,86.31,85.76,85.76,85.22,84.68,84.68,84.13,84.13"
Rec-022_10s_1,2,3,2944,core,304,331,0.0,4.0,0.9823,306,334,312,337,1.0,True,90.0462,105.3012,84.1341,5.0506,89.0188,"105.30,100.96,97.70,94.45,92.28,91.73,91.19,95.53,93.36,91.73,90.65,89.56,89.02,88.48,89.56,89.02,87.93,87.93,87.39,86.31,86.31,85.76,85.76,85.22,85.22,84.68,84.13,84.13"
Rec-022_10s_1,2,4,2945,core,309,331,0.0,5.0,0.987,311,334,317,337,1.0,True,89.1545,102.0447,84.1341,4.3893,88.2047,"102.04,98.25,95.53,93.36,91.73,90.65,90.10,94.45,92.28,90.65,89.56,89.02,88.48,87.93,89.02,87.93,87.39,86.85,86.31,86.31,85.76,85.76,85.22,84.68,84.68,84.13,84.13,84.13"
Rec-022_10s_1,2,5,2946,core,323,331,0.0,14.0,0.9868,325,334,331,337,1.0,True,89.3484,99.331,85.2196,3.6476,88.4761,"99.33,96.62,94.99,94.45,92.28,91.19,91.19,92.28,91.19,90.10,89.56,89.56,89.56,89.02,87.93,87.93,87.39,87.39,87.39,87.39,87.39,85.76,85.76,85.22,85.22,85.22,85.22,85.22"
Rec-022_10s_1,2,6,2947,core,327,331,0.0,4.0,0.9894,329,334,335,337,1.0,True,90.5889,102.0447,86.3051,3.8958,90.1043,"102.04,98.25,95.53,94.45,93.36,93.36,93.36,94.45,92.28,91.19,91.19,90.65,90.65,90.65,89.56,89.02,88.48,88.48,88.48,88.48,88.48,86.31,86.31,86.31,86.31,86.31,86.31,86.31"
Rec-022_10s_1,2,7,2948,core,332,331,0.0,5.0,0.9881,334,334,340,337,1.0,True,91.1898,99.8737,87.3906,3.3268,90.3757,"99.87,97.70,95.53,94.99,94.45,94.45,94.45,93.36,92.28,92.28,91.73,91.19,91.19,91.19,89.56,89.56,89.56,89.56,89.56,89.56,89.56,87.39,87.39,87.39,87.39,87.39,87.39,87.39"
Rec-022_10s_1,2,8,2949,core,336,331,0.0,4.0,0.9902,338,334,344,337,1.0,True,92.1396,102.0447,87.9333,3.7732,91.4612,"102.04,99.87,97.70,96.07,95.53,94.99,94.45,95.53,94.45,93.36,92.28,92.28,92.28,91.73,91.19,90.65,90.65,90.10,90.10,89.56,89.56,87.93,87.93,87.93,87.93,87.93,87.93,87.93"
Rec-022_10s_1,2,9,2950,core,341,331,0.0,5.0,0.9894,343,334,349,337,1.0,True,92.2753,101.502,87.9333,3.5264,91.7325,"101.50,98.79,97.16,96.07,95.53,95.53,94.99,94.99,94.45,93.36,93.36,92.28,92.28,92.28,91.19,91.19,90.65,90.65,90.10,90.10,89.56,89.02,88.48,88.48,87.93,87.93,87.93,87.93"
Rec-022_10s_1,2,10,2951,core,345,331,0.0,4.0,0.9897,347,334,353,337,1.0,True,92.3334,103.1302,86.3051,4.1011,91.4612,"103.13,100.96,98.25,96.62,95.53,94.45,93.36,96.07,95.53,94.45,93.36,92.28,91.73,91.19,92.28,91.19,91.19,90.65,89.56,89.56,88.48,89.56,89.02,88.48,87.93,87.39,86.85,86.31"
Rec-022_10s_1,2,11,2952,core,350,331,0.0,5.0,0.9887,352,334,358,337,0.8571,False,86.5183,100.4165,75.9929,6.3961,86.8478,"100.42,97.16,94.45,92.28,89.02,81.42,77.62,94.45,92.28,91.19,89.56,86.85,80.88,77.08,90.65,89.56,88.48,86.85,84.13,79.79,76.54,87.93,86.85,85.76,84.68,82.51,78.16,75.99"
Rec-022_10s_1,2,12,2953,core,354,331,0.0,4.0,0.9889,356,334,362,337,0.2857,False,78.5128,95.5318,73.822,5.3261,76.2643,"95.53,86.31,80.88,77.62,75.99,75.45,74.36,89.56,83.05,78.71,76.54,75.45,74.91,73.82,85.76,80.88,77.62,75.99,74.91,74.36,73.82,83.59,78.71,76.54,75.45,74.91,73.82,73.82"
Rec-022_10s_1,2,13,2954,core,355,331,0.0,1.0,0.9865,357,334,363,337,0.1429,False,77.0203,89.5616,73.822,3.6418,75.9929,"89.56,83.05,78.71,77.08,75.99,74.91,74.36,84.13,79.79,77.62,75.99,74.91,74.36,73.82,80.88,77.62,75.99,75.45,74.36,74.36,74.36,79.79,76.54,75.99,74.91,74.36,73.82,73.82"
Rec-022_10s_1,3,1,3075,core,290,331,0.0,0.0,0.9834,292,334,298,337,1.0,True,90.0268,100.4165,83.0486,4.399,89.5616,"100.42,98.25,96.62,94.99,94.45,94.45,94.45,91.73,91.19,91.19,90.65,91.19,91.19,91.19,86.31,86.85,87.93,87.93,88.48,88.48,88.48,83.05,84.13,84.68,85.22,85.76,85.76,85.76"
Rec-022_10s_1,3,2,3076,core,293,332,-18.43,3.16,0.9821,295,335,301,338,1.0,True,88.4761,95.5318,84.1341,3.1945,87.9333,"95.53,94.45,93.36,92.28,92.28,91.73,91.19,89.56,89.56,89.56,89.56,89.56,89.56,89.02,86.31,86.85,86.85,86.85,86.85,86.85,86.85,84.13,84.68,84.68,85.22,84.68,84.68,84.68"
Rec-022_10s_1,3,3,3077,core,297,331,14.04,4.12,0.9838,299,334,305,337,1.0,True,92.5467,106.9294,86.8478,4.8055,91.4612,"106.93,103.13,99.33,96.62,95.53,94.45,93.36,97.70,95.53,94.45,93.36,92.28,91.73,91.19,91.73,91.19,90.65,90.10,89.56,89.56,89.56,87.93,87.93,87.93,87.93,87.39,87.39,86.85"
Rec-022_10s_1,3,4,3078,core,302,331,0.0,5.0,0.9841,304,334,310,337,1.0,True,91.5387,103.1302,86.3051,3.9411,90.9184,"103.13,99.87,97.16,95.53,93.36,92.28,92.28,96.07,94.45,93.36,91.73,91.19,91.19,90.65,91.19,90.65,90.10,89.56,89.56,89.02,88.48,88.48,87.93,87.93,87.39,87.39,86.85,86.31"
Rec-022_10s_1,3,5,3079,core,306,331,0.0,4.0,0.9861,308,334,314,337,1.0,True,91.7519,104.2157,86.3051,4.1701,91.1898,"104.22,100.42,97.70,95.53,93.36,93.36,92.28,96.62,94.99,93.36,92.28,91.19,91.19,90.65,91.73,91.19,90.10,89.56,89.56,89.02,88.48,88.48,87.93,87.93,87.39,87.39,86.85,86.31"
Rec-022_10s_1,3,6,3080,core,311,331,0.0,5.0,0.9868,313,334,319,337,1.0,True,90.9766,101.502,85.7624,3.6991,90.3757,"101.50,98.25,96.07,94.45,93.36,92.28,91.19,95.53,94.45,92.28,91.19,91.19,90.65,90.10,91.19,90.10,89.56,89.56,89.02,88.48,87.93,87.93,87.93,87.39,86.85,86.85,86.31,85.76"
Rec-022_10s_1,3,7,3081,core,315,331,0.0,4.0,0.9876,317,334,323,337,1.0,True,91.0929,103.1302,86.3051,3.962,90.1043,"103.13,99.33,96.62,94.45,93.36,92.28,91.73,95.53,94.45,92.28,91.19,91.19,90.10,89.56,91.19,90.10,89.56,89.56,89.02,88.48,87.93,87.93,87.93,87.39,86.85,86.85,86.31,86.31"
Rec-022_10s_1,3,8,3082,core,320,331,0.0,5.0,0.9892,322,334,328,337,1.0,True,91.1898,100.4165,86.8478,3.4813,90.6471,"100.42,97.70,95.53,94.99,94.45,94.45,94.45,94.45,92.28,91.73,91.73,91.73,91.73,91.19,90.10,89.56,89.56,89.56,89.02,89.02,89.02,87.93,87.39,87.39,87.39,86.85,86.85,86.85"
Rec-022_10s_1,3,9,3083,core,324,331,0.0,4.0,0.9888,326,334,332,337,1.0,True,92.2559,103.6729,87.9333,4.0912,91.4612,"103.67,100.96,98.25,96.62,94.99,94.45,93.36,96.07,94.99,94.45,93.36,92.28,91.73,91.73,91.19,90.65,90.10,90.10,89.56,89.56,89.56,87.93,87.93,87.93,87.93,87.93,87.93,87.93"
Rec-022_10s_1,3,10,3084,core,329,331,0.0,5.0,0.9906,331,334,337,337,1.0,True,92.6242,101.502,88.4761,3.2765,91.7325,"101.50,98.79,97.16,96.07,95.53,95.53,94.99,95.53,94.45,93.36,93.36,93.36,92.28,92.28,91.19,91.19,91.19,91.19,90.65,90.65,90.65,89.02,89.02,89.02,89.02,89.02,89.02,88.48"
Rec-022_10s_1,3,11,3085,core,333,331,0.0,4.0,0.9894,335,334,341,337,1.0,True,93.7485,104.2157,89.5616,3.8071,92.818,"104.22,101.50,99.33,97.70,96.62,96.07,95.53,97.16,96.07,94.99,94.45,94.45,94.45,93.36,92.28,92.28,91.73,91.73,91.73,91.19,91.19,89.56,89.56,89.56,89.56,89.56,89.56,89.56"
Rec-022_10s_1,3,12,3086,core,338,331,0.0,5.0,0.9911,340,334,346,337,1.0,True,94.3687,103.6729,90.1043,3.5788,93.9035,"103.67,101.50,99.33,98.25,97.16,97.16,97.16,97.70,96.07,95.53,94.99,94.99,94.45,94.99,93.36,92.28,92.28,92.28,92.28,92.28,92.28,90.65,90.65,90.65,90.10,90.10,90.10,90.10"
Rec-022_10s_1,3,13,3087,core,342,331,0.0,4.0,0.9888,344,334,350,337,1.0,True,95.1828,105.8439,89.5616,4.0335,94.7176,"105.84,103.13,101.50,99.33,98.25,98.25,97.70,98.25,97.70,96.62,96.07,95.53,95.53,94.99,94.45,93.36,93.36,93.36,92.28,92.28,92.28,91.19,91.19,91.19,91.19,90.65,90.10,89.56"
Rec-022_10s_1,3,14,3088,core,347,331,0.0,5.0,0.9908,349,334,355,337,1.0,True,93.2445,104.2157,85.7624,4.2892,92.2753,"104.22,102.04,99.33,97.70,95.53,94.45,92.28,98.25,97.16,95.53,94.45,93.36,92.28,90.65,94.45,93.36,92.28,91.73,91.19,89.56,87.93,91.19,90.65,90.10,89.56,88.48,87.39,85.76"
Rec-022_10s_1,3,15,3089,core,351,331,0.0,4.0,0.9879,353,334,359,337,0.7143,False,86.1694,103.1302,75.4502,7.91,86.5765,"103.13,99.87,96.07,92.28,83.59,78.71,75.99,96.62,94.99,92.28,89.02,81.96,77.62,75.99,92.28,91.19,89.56,86.31,80.88,77.62,75.99,89.56,88.48,86.85,84.13,79.79,76.54,75.45"
Rec-022_10s_1,3,16,3090,core,355,330,14.04,4.12,0.9908,357,333,363,336,0.1429,False,78.6679,97.7027,73.822,5.4525,76.5357,"97.70,87.93,82.51,78.16,76.54,75.45,75.45,89.02,83.05,78.71,76.54,75.99,74.91,74.36,84.13,79.79,77.62,75.99,75.45,74.36,74.36,81.96,78.16,76.54,75.45,74.36,74.36,73.82"
Rec-022_10s_1,4,1,3208,core,290,331,0.0,0.0,0.9903,292,334,298,337,1.0,True,89.9105,97.16,83.0486,3.9385,89.8329,"96.62,97.16,96.07,94.99,94.45,94.45,94.45,90.65,91.19,91.19,91.19,91.19,91.19,91.19,85.76,86.31,87.93,87.93,88.48,89.02,89.02,83.05,84.13,85.22,85.76,85.76,86.31,86.85"
Rec-022_10s_1,4,2,3209,core,294,331,0.0,4.0,0.981,296,334,302,337,1.0,True,93.7291,108.5576,88.4761,5.0438,92.2753,"108.56,104.22,102.04,98.79,97.16,95.53,95.53,98.25,96.62,95.53,94.45,93.36,93.36,92.28,92.28,91.73,91.19,91.19,91.19,91.19,90.65,88.48,88.48,88.48,88.48,88.48,88.48,88.48"
Rec-022_10s_1,4,3,3210,core,299,331,0.0,5.0,0.9857,301,334,307,337,1.0,True,93.5934,106.9294,87.9333,4.4883,92.2753,"106.93,103.13,100.42,97.70,96.07,94.99,94.45,98.25,96.62,95.53,94.45,93.36,92.28,92.28,93.36,92.28,91.73,91.73,91.19,90.65,90.10,89.56,89.56,89.56,89.02,89.02,88.48,87.93"
Rec-022_10s_1,4,4,3211,core,303,331,0.0,4.0,0.9843,305,334,311,337,1.0,True,93.4965,108.5576,87.9333,4.7617,92.2753,"108.56,103.67,100.42,97.70,95.53,94.45,93.36,98.79,97.16,95.53,93.36,92.28,92.28,91.19,93.36,92.28,92.28,91.19,90.65,90.65,90.10,90.10,89.56,89.56,89.02,88.48,88.48,87.93"
Rec-022_10s_1,4,5,3212,core,308,331,0.0,5.0,0.9878,310,334,316,337,1.0,True,92.3334,104.2157,87.9333,3.9548,91.1898,"104.22,100.96,98.25,95.53,94.45,93.36,92.28,97.16,95.53,93.36,92.28,91.73,91.19,91.19,92.28,91.19,91.19,90.65,90.10,90.10,89.56,89.56,89.02,88.48,87.93,87.93,87.93,87.93"
Rec-022_10s_1,4,6,3213,core,312,331,0.0,4.0,0.9858,314,334,320,337,1.0,True,92.4885,105.3012,87.9333,4.0985,91.4612,"105.30,101.50,98.25,95.53,94.45,93.36,92.28,97.16,95.53,94.45,92.28,92.28,91.19,91.19,92.28,91.73,91.19,90.65,90.10,89.56,89.56,89.56,89.02,89.02,88.48,87.93,87.93,87.93"
Rec-022_10s_1,4,7,3214,core,317,331,0.0,5.0,0.9894,319,334,325,337,1.0,True,91.9458,102.0447,87.9333,3.4121,91.1898,"102.04,99.33,96.62,94.99,93.36,93.36,93.36,95.53,94.45,93.36,92.28,91.19,91.19,91.73,91.73,91.19,90.65,90.10,89.56,89.56,90.10,89.02,89.02,88.48,88.48,87.93,87.93,87.93"
Rec-022_10s_1,4,8,3215,core,322,331,0.0,5.0,0.9865,324,334,330,337,1.0,True,92.3528,100.4165,88.4761,3.0795,91.7325,"100.42,98.25,96.62,95.53,94.45,94.45,93.36,94.99,94.45,94.45,93.36,93.36,92.28,92.28,91.19,91.19,91.19,91.19,91.19,90.65,90.65,89.02,89.02,88.48,88.48,88.48,88.48,88.48"
Rec-022_10s_1,4,9,3216,core,326,331,0.0,4.0,0.9905,328,334,334,337,1.0,True,93.3995,103.1302,89.5616,3.4932,93.3608,"103.13,100.42,98.25,96.07,95.53,95.53,95.53,97.70,96.07,94.45,93.36,93.36,93.36,93.36,93.36,92.28,91.73,91.19,91.19,91.19,91.19,89.56,89.56,89.56,89.56,89.56,89.56,89.56"
Rec-022_10s_1,4,10,3217,core,331,331,0.0,5.0,0.9883,333,334,339,337,1.0,True,94.1749,102.0447,90.6471,3.0788,93.9035,"102.04,99.87,98.25,97.70,97.16,96.62,96.62,96.62,95.53,95.53,94.99,94.99,94.99,94.45,93.36,92.28,92.28,92.28,92.28,92.28,92.28,90.65,90.65,90.65,90.65,90.65,90.65,90.65"
Rec-022_10s_1,4,11,3218,core,335,331,0.0,4.0,0.9914,337,334,343,337,1.0,True,95.493,105.3012,91.1898,3.4962,94.989,"105.30,102.04,100.42,98.79,98.25,98.25,97.70,98.25,97.70,96.62,96.07,96.07,95.53,95.53,94.45,94.45,94.45,93.36,93.36,93.36,93.36,91.73,91.73,91.73,91.73,91.19,91.19,91.19"
Rec-022_10s_1,4,12,3219,core,340,331,0.0,5.0,0.9896,342,334,348,337,1.0,True,95.745,104.2157,91.1898,3.2769,95.2604,"104.22,102.04,100.42,98.79,98.25,98.25,97.70,98.79,98.25,97.16,96.62,96.07,95.53,95.53,94.99,94.99,94.45,94.45,94.45,93.36,93.36,92.28,92.28,92.28,92.28,91.73,91.19,91.19"
Rec-022_10s_1,4,13,3220,core,344,331,0.0,4.0,0.9914,346,334,352,337,1.0,True,95.4736,105.8439,89.5616,3.8551,95.2604,"105.84,103.13,100.96,99.33,98.25,97.16,95.53,99.87,98.25,97.70,96.62,95.53,94.99,93.36,95.53,95.53,94.45,94.45,93.36,92.28,91.19,92.28,92.28,92.28,91.73,91.19,90.65,89.56"
Rec-022_10s_1,4,14,3221,core,349,331,0.0,5.0,0.9893,351,334,357,337,1.0,True,90.7052,103.1302,78.7067,5.8046,91.1898,"103.13,100.42,97.70,95.53,93.36,90.10,83.05,98.25,95.53,94.45,92.28,91.19,87.93,81.42,94.45,93.36,91.73,90.65,89.02,85.76,80.33,91.19,91.19,89.56,88.48,86.85,84.13,78.71"
Rec-022_10s_1,4,15,3222,core,353,331,0.0,4.0,0.9905,355,334,361,337,0.4286,False,81.2072,99.331,74.3647,7.1524,77.8925,"99.33,94.45,85.76,79.79,77.08,75.45,74.91,94.45,90.10,83.05,78.16,76.54,75.45,74.36,90.10,87.39,80.88,77.62,75.99,74.91,74.36,87.93,84.68,79.79,77.08,75.45,74.36,74.36"
Rec-022_10s_1,4,16,3223,core,355,331,0.0,2.0,0.9884,357,334,363,337,0.1429,False,77.5824,91.1898,73.822,4.0613,75.9929,"91.19,84.13,79.79,77.62,75.99,75.45,74.36,85.76,80.33,77.62,75.99,75.45,74.91,74.36,82.51,78.71,76.54,75.45,74.91,74.36,74.36,80.88,77.62,75.99,75.45,74.91,73.82,73.82"
Rec-022_10s_1,5,1,3345,core,290,331,0.0,0.0,0.9836,292,334,298,337,1.0,True,91.907,99.8737,85.2196,4.0668,91.7325,"99.87,99.87,98.25,97.16,96.07,96.07,96.07,92.28,93.36,93.36,92.28,93.36,93.36,93.36,87.93,88.48,89.56,89.56,90.65,90.65,91.19,85.22,85.76,86.85,87.93,87.93,88.48,88.48"
Rec-022_10s_1,5,2,3346,core,293,332,-18.43,3.16,0.9834,295,335,301,338,1.0,True,90.9378,97.7027,86.3051,3.1026,90.3757,"97.70,96.62,95.53,94.99,94.45,94.45,94.45,91.73,91.73,91.73,91.73,91.73,91.73,91.19,88.48,89.02,89.56,89.56,89.56,89.56,89.56,86.31,86.85,87.39,87.39,87.93,87.93,87.39"
Rec-022_10s_1,5,3,3347,core,297,331,14.04,4.12,0.9831,299,334,305,337,1.0,True,95.2604,110.1859,89.5616,5.0154,94.4463,"110.19,105.84,103.13,99.87,98.25,97.16,96.07,100.42,98.79,97.16,95.53,94.99,94.45,94.45,94.45,93.36,93.36,92.28,92.28,92.28,91.73,90.65,90.65,90.65,90.10,90.10,89.56,89.56"
Rec-022_10s_1,5,4,3348,core,302,331,0.0,5.0,0.9854,304,334,310,337,1.0,True,94.4269,106.9294,89.5616,4.2352,93.3608,"106.93,103.67,100.42,98.25,96.62,95.53,94.99,99.33,97.70,96.07,94.99,94.45,93.36,92.28,94.45,93.36,93.36,92.28,91.73,91.19,91.19,91.19,91.19,90.65,90.10,89.56,89.56,89.56"
Rec-022_10s_1,5,5,3349,core,306,331,0.0,4.0,0.9857,308,334,314,337,1.0,True,94.233,108.5576,89.0188,4.5602,92.818,"108.56,104.22,100.96,98.25,96.07,94.99,94.45,99.33,97.70,95.53,94.45,93.36,92.28,92.28,94.45,93.36,92.28,92.28,91.19,91.19,90.65,91.19,91.19,90.65,89.56,89.56,89.56,89.02"
Rec-022_10s_1,5,6,3350,core,311,331,0.0,5.0,0.988,313,334,319,337,1.0,True,92.7017,103.6729,87.9333,3.607,91.7325,"103.67,100.42,97.70,95.53,94.45,93.36,93.36,97.16,95.53,94.45,93.36,92.28,91.73,91.19,92.28,91.73,91.19,91.19,90.65,90.10,89.56,90.10,89.56,89.56,89.56,89.02,89.02,87.93"
Rec-022_10s_1,5,7,3351,core,320,331,0.0,9.0,0.9898,322,334,328,337,1.0,True,92.7599,103.1302,89.5616,3.1989,92.0039,"103.13,99.33,97.16,95.53,94.45,94.45,93.36,96.07,94.45,93.36,93.36,92.28,92.28,92.28,91.73,91.19,91.19,91.19,91.19,91.19,91.19,89.56,89.56,89.56,89.56,89.56,89.56,89.56"
Rec-022_10s_1,5,8,3352,core,324,331,0.0,4.0,0.9882,326,334,332,337,1.0,True,93.7678,104.2157,89.5616,3.4741,93.3608,"104.22,100.96,98.25,96.62,95.53,95.53,94.99,97.70,96.07,94.99,94.45,93.36,93.36,93.36,93.36,93.36,92.28,92.28,91.73,91.19,91.19,90.65,90.65,90.65,90.10,89.56,89.56,89.56"
Rec-022_10s_1,5,9,3353,core,338,331,0.0,14.0,0.992,340,334,346,337,1.0,True,95.8225,105.3012,91.7325,3.3029,95.2604,"105.30,102.04,100.42,99.33,98.25,98.25,98.25,98.79,97.70,96.62,96.07,96.07,95.53,95.53,94.99,94.45,94.45,94.45,94.45,93.36,93.36,92.28,92.28,92.28,92.28,92.28,92.28,91.73"
Rec-022_10s_1,5,10,3354,core,342,331,0.0,4.0,0.9887,344,334,350,337,1.0,True,96.2296,106.3867,91.1898,3.7176,95.5318,"106.39,103.67,102.04,100.42,98.79,98.25,97.70,99.87,98.25,97.70,96.62,96.07,96.07,95.53,95.53,95.53,94.99,94.45,94.45,94.45,93.36,92.28,92.28,92.28,92.28,92.28,91.73,91.19"
Rec-022_10s_1,5,11,3355,core,347,331,0.0,5.0,0.9915,349,334,355,337,1.0,True,94.0392,105.3012,86.8478,4.2702,92.818,"105.30,103.13,99.87,98.25,96.07,94.99,92.28,99.33,97.70,96.07,94.99,93.36,92.28,91.19,95.53,94.99,93.36,92.28,91.73,90.65,88.48,92.28,92.28,91.19,90.65,89.56,88.48,86.85"
Rec-022_10s_1,5,12,3356,core,351,331,0.0,4.0,0.9875,353,334,359,337,0.7143,False,86.654,104.2157,75.4502,8.1724,87.662,"104.22,100.42,97.16,92.28,84.13,78.71,75.99,97.70,94.99,92.28,89.56,83.05,78.16,75.99,93.36,91.73,90.10,87.39,80.88,77.62,75.99,90.65,89.56,87.93,84.68,79.79,76.54,75.45"
Rec-022_10s_1,5,13,3357,core,355,331,0.0,4.0,0.9902,357,334,363,337,0.1429,False,77.6212,91.7325,73.822,4.1966,75.9929,"91.73,84.13,79.79,77.62,75.99,74.91,74.91,86.31,80.33,77.62,75.99,75.45,74.91,74.36,83.05,78.71,76.54,75.45,74.91,74.36,74.36,80.88,77.62,75.99,74.91,74.36,74.36,73.82"
Rec-022_10s_1,6,1,3482,core,291,332,-45.0,1.41,0.9836,293,335,299,338,1.0,True,90.6471,95.5318,85.2196,3.1178,89.8329,"95.53,95.53,94.99,94.99,94.99,94.99,94.45,90.10,91.19,91.19,91.73,92.28,92.28,92.28,87.39,87.93,88.48,89.56,89.56,89.56,89.56,85.22,85.76,86.85,87.93,87.93,87.93,87.93"
Rec-022_10s_1,6,2,3483,core,296,331,11.31,5.1,0.9825,298,334,304,337,1.0,True,95.2022,107.4722,90.1043,4.1999,94.4463,"107.47,103.67,101.50,98.79,98.25,97.16,96.07,99.33,98.25,96.62,96.07,95.53,94.99,94.45,94.45,94.45,93.36,93.36,92.28,92.28,92.28,91.19,91.19,91.19,90.65,90.65,90.10,90.10"
Rec-022_10s_1,6,3,3484,core,300,331,0.0,4.0,0.9855,302,334,308,337,1.0,True,95.4155,109.1004,90.1043,4.5464,94.4463,"109.10,105.30,102.04,99.33,97.70,96.62,95.53,100.42,98.79,97.16,95.53,95.53,94.45,94.45,94.99,94.45,94.45,93.36,92.28,92.28,92.28,91.19,91.19,91.19,91.19,90.65,90.10,90.10"
Rec-022_10s_1,6,4,3485,core,305,331,0.0,5.0,0.9844,307,334,313,337,1.0,True,94.33,105.3012,89.5616,3.7275,93.9035,"105.30,102.04,99.33,97.70,96.07,95.53,94.99,98.79,97.16,95.53,94.99,94.45,94.45,93.36,94.45,93.36,93.36,92.28,92.28,91.73,91.19,91.19,91.19,90.65,90.65,90.10,89.56,89.56"
Rec-022_10s_1,6,5,3486,core,309,331,0.0,4.0,0.9878,311,334,317,337,1.0,True,94.4463,106.9294,89.5616,4.077,93.9035,"106.93,103.13,99.87,97.70,96.62,95.53,94.99,99.33,97.70,95.53,94.99,94.45,93.36,92.28,94.45,94.45,93.36,92.28,91.73,91.19,91.19,91.19,91.19,90.65,90.65,90.10,90.10,89.56"
Rec-022_10s_1,6,6,3487,core,314,331,0.0,5.0,0.9866,316,334,322,337,1.0,True,93.3801,103.1302,89.0188,3.4095,92.818,"103.13,100.96,98.25,96.07,95.53,94.45,94.45,97.70,95.53,94.45,93.36,93.36,93.36,92.28,93.36,92.28,92.28,91.19,91.19,91.19,90.65,90.65,90.65,90.65,89.56,89.56,89.56,89.02"
Rec-022_10s_1,6,7,3488,core,318,331,0.0,4.0,0.9893,320,334,326,337,1.0,True,93.5352,105.3012,89.5616,3.8297,92.2753,"105.30,102.04,98.79,96.62,95.53,94.45,94.45,98.25,96.07,94.99,93.36,93.36,92.28,92.28,93.36,92.28,91.73,91.19,91.19,91.19,91.19,91.19,90.10,89.56,89.56,89.56,89.56,89.56"
Rec-022_10s_1,6,8,3489,core,323,331,0.0,5.0,0.9885,325,334,331,337,1.0,True,93.4383,103.1302,89.5616,3.1169,92.2753,"103.13,99.87,97.70,96.07,95.53,94.99,94.45,96.62,95.53,94.45,93.36,93.36,93.36,92.28,92.28,92.28,92.28,91.73,91.73,91.19,91.19,91.19,91.19,90.65,90.65,90.10,89.56,89.56"
Rec-022_10s_1,6,9,3490,core,327,331,0.0,4.0,0.9903,329,334,335,337,1.0,True,94.2524,104.2157,90.6471,3.3839,93.9035,"104.22,101.50,98.79,97.16,96.62,96.07,96.07,97.70,96.07,94.99,94.45,94.45,94.45,94.45,93.36,92.28,92.28,92.28,92.28,92.28,92.28,91.19,90.65,90.65,90.65,90.65,90.65,90.65"
Rec-022_10s_1,6,10,3491,core,332,331,0.0,5.0,0.9901,334,334,340,337,1.0,True,95.1441,103.6729,91.1898,3.1609,94.989,"103.67,101.50,99.33,98.25,97.70,97.70,97.16,98.25,96.62,96.07,95.53,95.53,95.53,95.53,94.45,93.36,93.36,93.36,93.36,93.36,93.36,91.73,91.73,91.73,91.73,91.19,91.73,91.19"
Rec-022_10s_1,6,11,3492,core,336,331,0.0,4.0,0.9908,338,334,344,337,1.0,True,96.1908,105.8439,92.2753,3.4794,95.5318,"105.84,103.13,101.50,99.87,98.79,98.25,98.25,99.33,98.25,97.16,96.62,96.07,96.07,96.07,94.99,94.99,94.45,94.45,94.45,94.45,94.45,92.28,92.28,92.28,92.28,92.28,92.28,92.28"
Rec-022_10s_1,6,12,3493,core,341,331,0.0,5.0,0.9915,343,334,349,337,1.0,True,96.501,105.3012,92.2753,3.3843,95.8031,"105.30,103.13,101.50,100.42,99.33,98.79,98.25,99.33,98.25,97.70,97.70,97.16,96.62,96.07,95.53,95.53,94.99,94.99,94.45,94.45,94.45,93.36,93.36,92.28,92.28,92.28,92.28,92.28"
Rec-022_10s_1,6,13,3494,core,345,331,0.0,4.0,0.9907,347,334,353,337,1.0,True,95.8613,107.4722,89.5616,4.1241,95.2604,"107.47,104.22,102.04,99.87,98.25,97.16,95.53,100.42,98.79,98.25,97.16,95.53,94.99,93.36,96.07,95.53,94.99,94.45,93.36,92.28,91.19,93.36,93.36,92.28,92.28,91.73,90.65,89.56"
Rec-022_10s_1,6,14,3495,core,350,331,0.0,5.0,0.9908,352,334,358,337,0.8571,False,88.9413,103.1302,76.5357,7.125,90.1043,"103.13,100.42,97.16,94.45,91.19,83.05,77.62,97.70,95.53,94.45,91.73,89.02,82.51,77.62,94.45,92.28,91.19,89.56,87.39,81.42,77.62,91.19,90.65,89.56,87.93,85.22,79.79,76.54"
Rec-022_10s_1,6,15,3496,core,354,331,0.0,4.0,0.99,356,334,362,337,0.2857,False,79.3463,98.2455,73.822,6.1679,76.5357,"98.25,87.93,81.42,77.62,75.99,75.45,74.36,92.28,84.13,79.79,77.08,75.99,74.36,74.36,89.02,82.51,78.16,75.99,75.45,74.36,73.82,85.76,80.88,77.62,75.99,74.91,74.36,73.82"
Rec-022_10s_1,6,16,3497,core,355,331,0.0,1.0,0.9879,357,334,363,337,0.1429,False,77.4273,90.6471,73.822,4.1263,75.9929,"90.65,83.59,79.79,77.08,75.99,74.91,74.36,86.31,80.33,77.62,75.99,74.91,74.36,73.82,83.05,78.71,76.54,75.45,74.91,74.36,73.82,80.88,77.62,75.99,74.91,74.36,73.82,73.82"
Rec-024_90s_1,1,1,4801,core,292,332,-26.57,2.24,0.983,294,335,300,338,1.0,True,74.074,83.5914,68.9373,3.795,73.5506,"83.59,81.42,79.79,78.71,77.62,77.62,76.54,77.08,75.99,75.45,74.91,74.36,73.82,73.82,73.28,72.74,72.19,71.65,71.65,71.65,70.57,70.57,70.57,70.57,70.02,69.48,69.48,68.94"
Rec-024_90s_1,1,2,4802,core,297,331,11.31,5.1,0.9801,299,334,305,337,1.0,True,77.1366,91.1898,70.5655,5.2166,75.9929,"91.19,87.93,84.68,83.05,81.42,80.33,79.79,82.51,80.33,78.71,77.62,77.08,76.54,75.99,75.99,75.99,74.91,74.36,73.82,73.82,72.74,72.74,72.19,71.65,71.65,71.65,70.57,70.57"
Rec-024_90s_1,1,3,4803,core,301,331,0.0,4.0,0.9831,303,334,309,337,1.0,True,77.3304,92.2753,70.5655,5.4747,76.2643,"92.28,89.02,85.76,83.05,81.42,80.33,79.79,83.05,80.88,78.71,77.62,77.08,76.54,75.99,76.54,75.99,74.91,74.36,73.82,73.82,73.28,72.74,72.19,71.65,71.65,71.65,70.57,70.57"
Rec-024_90s_1,1,4,4804,core,306,331,0.0,5.0,0.9812,308,334,314,337,1.0,True,76.6132,89.5616,70.5655,4.7928,75.9929,"89.56,86.31,84.13,81.42,80.33,79.79,78.71,81.42,79.79,78.16,77.62,76.54,75.99,75.99,75.99,74.91,74.36,73.82,73.82,73.28,72.74,72.19,72.19,71.65,71.65,71.65,70.57,70.57"
Rec-024_90s_1,1,5,4805,core,310,331,0.0,4.0,0.9835,312,334,318,337,1.0,True,77.156,91.1898,70.5655,5.1053,75.9929,"91.19,87.93,84.68,83.05,80.88,79.79,79.79,82.51,80.33,78.71,77.62,77.08,76.54,75.99,75.99,75.45,74.36,74.36,73.82,73.82,73.28,72.74,72.19,72.19,72.19,71.65,71.65,70.57"
Rec-024_90s_1,1,6,4806,core,315,331,0.0,5.0,0.9831,317,334,323,337,1.0,True,77.2723,89.5616,72.1937,4.5391,76.5357,"89.56,86.31,84.13,81.96,80.88,80.33,79.79,81.96,79.79,78.71,77.62,77.62,77.08,77.08,75.99,75.99,75.45,74.36,74.36,74.36,74.36,72.74,72.19,72.19,72.19,72.19,72.19,72.19"
Rec-024_90s_1,1,7,4807,core,319,331,0.0,4.0,0.9852,321,334,327,337,1.0,True,78.5128,91.1898,73.2792,4.6218,77.6212,"91.19,87.93,85.22,83.05,82.51,81.96,81.42,83.05,80.88,79.79,78.71,78.71,78.16,78.16,77.08,76.54,75.99,75.99,75.99,75.99,75.99,73.82,73.82,73.28,73.28,73.28,73.28,73.28"
Rec-024_90s_1,1,8,4808,core,324,331,0.0,5.0,0.9849,326,334,332,337,1.0,True,79.8697,90.6471,74.9074,4.295,78.978,"90.65,87.93,85.76,84.68,84.13,84.13,84.13,83.05,81.42,80.88,80.88,80.33,80.33,80.33,77.62,77.62,77.62,77.62,77.62,77.62,77.62,74.91,74.91,74.91,74.91,74.91,74.91,74.91"
Rec-024_90s_1,1,9,4809,core,328,331,0.0,4.0,0.9858,330,334,336,337,1.0,True,81.3622,93.3608,75.9929,4.8204,80.3349,"93.36,91.19,89.02,86.85,85.76,85.22,85.22,84.68,84.13,83.05,81.96,81.96,81.42,80.88,79.79,78.71,78.71,78.71,78.71,78.71,78.16,75.99,75.99,75.99,75.99,75.99,75.99,75.99"
Rec-024_90s_1,1,10,4810,core,333,331,0.0,5.0,0.9874,335,334,341,337,1.0,True,82.0601,92.2753,76.5357,4.3445,81.149,"92.28,90.65,88.48,87.39,86.31,85.76,85.76,85.76,84.13,83.05,83.05,83.05,82.51,81.96,80.33,79.79,79.79,79.79,79.79,79.79,78.71,77.08,77.62,77.08,77.08,77.08,77.08,76.54"
Rec-024_90s_1,1,11,4811,core,337,331,0.0,4.0,0.987,339,334,345,337,1.0,True,82.7385,94.4463,77.0784,4.6086,81.9631,"94.45,91.73,89.56,88.48,87.39,86.31,85.76,86.31,85.22,84.13,83.59,83.05,83.05,82.51,81.42,80.88,80.33,80.33,79.79,79.79,79.79,77.62,77.62,77.62,77.62,77.62,77.62,77.08"
Rec-024_90s_1,1,12,4812,core,342,331,0.0,5.0,0.9877,344,334,350,337,1.0,True,82.0988,92.2753,76.5357,4.1931,81.149,"92.28,90.65,88.48,87.39,85.76,85.76,84.68,85.76,84.13,83.59,83.05,82.51,81.96,81.42,80.88,80.88,80.33,79.79,79.79,78.71,78.71,78.16,78.16,77.62,77.62,77.08,77.08,76.54"
Rec-024_90s_1,1,13,4813,core,346,331,0.0,4.0,0.9853,348,334,354,337,1.0,True,81.9437,93.3608,75.9929,4.472,80.8776,"93.36,91.19,89.02,86.85,85.76,84.68,84.13,86.31,84.68,84.13,83.05,81.96,80.88,80.88,80.88,80.88,80.33,79.79,78.71,78.71,78.16,78.16,77.62,77.62,77.08,77.08,76.54,75.99"
Rec-024_90s_1,1,14,4814,core,351,331,0.0,5.0,0.9839,353,334,359,337,0.5714,False,79.2494,91.7325,74.9074,4.2538,77.6212,"91.73,89.02,86.31,81.96,78.71,77.08,75.99,84.68,83.59,81.96,79.79,77.62,76.54,75.99,80.33,79.79,78.71,77.62,76.54,75.99,75.45,77.62,77.08,76.54,75.99,75.99,75.45,74.91"
Rec-024_90s_1,1,15,4815,core,355,331,0.0,4.0,0.9845,357,334,363,337,0.0,False,76.9621,85.2196,74.9074,2.2535,75.9929,"85.22,81.96,78.71,77.62,76.54,75.99,75.99,80.33,78.71,77.62,76.54,75.99,75.99,75.45,77.62,77.08,75.99,75.99,75.45,75.45,75.45,76.54,75.99,75.99,75.45,75.45,74.91,74.91"
Rec-024_90s_1,1,16,4816,core,355,330,90.0,1.0,0.9887,357,333,363,336,0.0,False,78.1639,91.1898,75.4502,3.5708,76.8071,"91.19,85.76,81.42,78.71,77.62,76.54,75.99,84.13,80.88,78.16,77.62,76.54,75.99,75.99,79.79,78.16,77.08,75.99,75.99,75.99,75.45,77.62,77.08,75.99,75.99,75.99,75.45,75.45"
Rec-024_90s_1,2,1,4943,core,290,331,0.0,0.0,0.9797,292,334,298,337,1.0,True,83.979,94.989,77.6212,5.355,83.0486,"94.99,94.99,92.28,90.65,89.56,89.56,89.02,86.85,86.31,85.76,85.22,85.22,85.22,84.68,80.88,80.88,80.88,81.42,81.42,80.88,80.88,77.62,77.62,77.62,78.16,77.62,77.62,77.62"
Rec-024_90s_1,2,2,4944,core,296,331,0.0,6.0,0.982,298,334,304,337,1.0,True,85.5685,102.0447,78.1639,6.0493,84.1341,"102.04,98.25,94.99,92.28,90.10,89.02,87.93,91.19,89.56,87.93,86.31,85.76,84.68,84.13,84.13,83.59,83.05,82.51,81.96,81.42,80.88,80.33,79.79,79.79,78.71,78.71,78.71,78.16"
Rec-024_90s_1,2,3,4945,core,301,331,0.0,5.0,0.9822,303,334,309,337,1.0,True,84.7932,98.7882,78.1639,5.3145,84.1341,"98.79,95.53,92.28,90.65,89.02,88.48,87.93,90.10,87.93,86.85,85.76,84.68,84.68,84.13,84.13,83.05,82.51,81.96,81.96,80.88,80.88,79.79,79.79,78.71,78.71,78.71,78.16,78.16"
Rec-024_90s_1,2,4,4946,core,305,331,0.0,4.0,0.9839,307,334,313,337,1.0,True,85.0258,100.4165,78.1639,5.6052,84.1341,"100.42,96.62,93.36,91.19,89.56,87.93,86.85,90.10,89.02,87.39,85.76,85.22,84.13,84.13,84.13,83.05,83.05,81.96,81.96,81.42,80.88,79.79,79.79,78.71,78.71,78.71,78.71,78.16"
Rec-024_90s_1,2,5,4947,core,310,331,0.0,5.0,0.9842,312,334,318,337,1.0,True,84.1923,97.16,78.1639,4.9026,83.32,"97.16,94.45,91.19,89.56,87.93,86.85,85.76,89.56,87.93,85.76,84.68,84.13,84.13,83.59,83.05,83.05,82.51,81.96,81.42,80.88,80.88,79.79,78.71,78.71,78.71,78.71,78.16,78.16"
Rec-024_90s_1,2,6,4948,core,314,331,0.0,4.0,0.9845,316,334,322,337,1.0,True,84.735,98.2455,78.7067,4.9262,83.8627,"98.25,94.45,91.73,89.56,88.48,87.93,87.93,89.56,87.93,86.31,85.76,84.68,84.68,84.13,83.59,83.05,82.51,81.96,81.96,81.96,81.96,79.79,79.79,78.71,79.79,78.71,78.71,78.71"
Rec-024_90s_1,2,7,4949,core,319,331,0.0,5.0,0.9862,321,334,327,337,1.0,True,85.3359,96.0745,79.7922,4.4599,84.6769,"96.07,94.45,91.73,90.10,89.56,89.02,89.02,89.02,87.93,86.85,85.76,85.76,85.76,85.76,83.59,83.05,83.05,83.05,83.05,83.05,83.05,80.33,80.33,80.33,79.79,80.33,79.79,79.79"
Rec-024_90s_1,2,8,4950,core,323,331,0.0,4.0,0.9854,325,334,331,337,1.0,True,86.3633,98.2455,80.8776,4.7721,85.491,"98.25,95.53,93.36,92.28,91.19,90.10,89.56,90.10,89.02,87.93,87.93,86.85,86.31,86.31,84.68,84.13,84.13,84.13,83.59,83.59,83.05,80.88,80.88,80.88,80.88,80.88,80.88,80.88"
Rec-024_90s_1,2,9,4951,core,328,331,0.0,5.0,0.9879,330,334,336,337,1.0,True,86.5959,98.2455,81.4204,4.3841,85.491,"98.25,95.53,93.36,91.19,90.10,89.56,89.02,90.65,89.56,87.93,87.39,87.39,86.31,85.76,85.22,84.68,84.13,84.13,84.13,84.13,83.59,81.96,81.96,81.96,81.96,81.96,81.42,81.42"
Rec-024_90s_1,2,10,4952,core,332,331,0.0,4.0,0.9875,334,334,340,337,1.0,True,87.41,100.4165,82.5059,4.3937,86.5765,"100.42,96.07,93.36,91.19,90.65,90.10,90.65,91.73,89.56,88.48,87.93,87.39,87.39,87.93,85.76,85.76,85.22,84.68,84.68,84.68,84.68,83.05,83.05,83.05,82.51,82.51,82.51,82.51"
Rec-024_90s_1,2,11,4953,core,337,331,0.0,5.0,0.9891,339,334,345,337,1.0,True,88.7668,97.16,83.5914,4.3164,88.2047,"97.16,95.53,94.45,94.45,94.45,94.45,94.45,90.65,90.10,90.10,90.10,90.10,90.10,90.10,86.31,86.31,86.31,86.31,86.31,86.31,86.31,83.59,83.59,83.59,83.59,83.59,83.59,83.59"
Rec-024_90s_1,2,12,4954,core,341,331,0.0,4.0,0.984,343,334,349,337,1.0,True,90.0268,103.1302,83.0486,5.3684,89.0188,"103.13,100.42,98.25,96.07,95.53,94.45,93.36,94.45,93.36,92.28,91.19,90.65,90.10,89.56,88.48,87.93,87.93,87.39,86.85,86.31,85.76,84.68,84.13,84.13,84.13,83.59,83.59,83.05"
Rec-024_90s_1,2,13,4955,core,346,331,0.0,5.0,0.984,348,334,354,337,1.0,True,88.2241,100.9592,80.8776,5.0363,87.662,"100.96,98.25,95.53,94.45,92.28,91.19,89.56,93.36,91.73,90.65,89.56,89.02,87.93,86.31,87.93,87.39,86.31,85.76,85.22,84.13,83.05,84.13,84.13,83.59,83.05,82.51,81.42,80.88"
Rec-024_90s_1,2,14,4956,core,350,331,0.0,4.0,0.9809,352,334,358,337,0.7143,False,84.1147,100.4165,75.9929,6.2735,83.0486,"100.42,96.62,93.36,90.65,85.22,79.79,77.62,92.28,90.10,88.48,86.31,82.51,78.71,77.62,86.85,85.76,84.68,83.05,80.33,77.62,76.54,83.59,83.05,81.42,80.88,78.71,77.08,75.99"
Rec-024_90s_1,2,15,4957,core,355,331,0.0,5.0,0.9812,357,334,363,337,0.0,False,77.311,85.7624,74.9074,2.4549,76.2643,"85.76,81.96,78.71,77.62,76.54,75.99,75.99,81.96,79.79,77.62,76.54,75.99,75.99,75.45,79.79,77.62,76.54,75.99,75.99,75.45,75.45,77.62,76.54,75.99,75.99,75.45,75.45,74.91"
Rec-024_90s_1,2,16,4958,core,355,330,90.0,1.0,0.9888,357,333,363,336,0.0,False,78.6097,92.2753,75.4502,3.8434,77.0784,"92.28,85.76,81.42,78.71,77.62,76.54,75.99,85.76,81.96,78.71,77.62,76.54,75.99,75.99,81.96,78.71,77.62,76.54,75.99,75.99,75.99,79.79,77.62,76.54,75.99,75.99,75.99,75.45"
Rec-024_90s_1,3,1,5090,core,290,332,-90.0,1.0,0.9808,292,335,298,338,1.0,True,84.2117,91.1898,78.7067,3.737,83.8627,"91.19,90.65,89.56,89.02,89.02,89.02,88.48,85.22,85.22,85.76,85.22,85.76,85.22,85.22,81.42,81.96,82.51,82.51,82.51,82.51,82.51,78.71,79.79,79.79,79.79,79.79,79.79,79.79"
Rec-024_90s_1,3,2,5091,core,293,332,0.0,3.0,0.9801,295,335,301,338,1.0,True,85.5879,94.989,80.3349,4.1055,84.6769,"94.99,93.36,91.73,90.65,89.56,89.56,89.56,87.93,87.93,87.39,86.85,86.31,85.76,85.76,83.59,83.59,83.59,83.59,83.05,83.05,83.05,80.88,80.88,80.88,80.88,80.88,80.88,80.33"
Rec-024_90s_1,3,3,5092,core,298,331,11.31,5.1,0.9838,300,334,306,337,1.0,True,89.4065,104.2157,82.5059,5.4427,88.4761,"104.22,100.42,97.70,95.53,93.36,92.28,91.19,94.99,93.36,91.19,90.10,89.56,89.02,88.48,88.48,87.93,86.85,86.85,86.31,85.76,85.76,84.13,84.13,83.59,83.59,83.05,83.05,82.51"
Rec-024_90s_1,3,4,5093,core,302,331,0.0,4.0,0.982,304,334,310,337,1.0,True,89.4646,105.8439,83.0486,5.6199,88.2047,"105.84,100.96,98.25,94.99,92.28,91.73,91.19,95.53,93.36,91.73,90.10,89.56,88.48,87.93,88.48,87.93,87.39,86.85,86.31,85.76,85.22,84.13,84.13,84.13,83.59,83.05,83.05,83.05"
Rec-024_90s_1,3,5,5094,core,307,331,0.0,5.0,0.9855,309,334,315,337,1.0,True,88.6699,102.0447,83.0486,4.8852,87.9333,"102.04,98.79,95.53,93.36,91.73,91.19,91.19,94.45,92.28,90.65,89.56,88.48,87.93,87.93,87.93,87.39,86.85,85.76,85.76,85.22,84.68,84.13,84.13,83.59,83.05,83.05,83.05,83.05"
Rec-024_90s_1,3,6,5095,core,311,331,0.0,4.0,0.9828,313,334,319,337,1.0,True,88.8056,103.1302,83.0486,5.1496,87.9333,"103.13,99.87,97.16,94.45,91.73,91.19,90.10,94.45,91.73,90.65,89.56,88.48,87.93,87.93,87.93,86.85,86.31,85.76,85.76,85.76,85.76,84.13,84.13,83.59,83.05,83.05,83.05,83.05"
Rec-024_90s_1,3,7,5096,core,321,331,0.0,10.0,0.9855,323,334,329,337,1.0,True,89.0964,99.331,84.1341,4.0374,88.7475,"99.33,96.62,94.99,93.36,92.28,92.28,92.28,92.28,91.19,90.65,90.10,89.56,89.56,89.56,87.93,87.39,87.39,87.39,87.39,87.39,86.85,84.13,84.13,84.13,84.13,84.13,84.13,84.13"
Rec-024_90s_1,3,8,5097,core,325,331,0.0,4.0,0.9884,327,334,333,337,1.0,True,90.0849,102.0447,84.6769,4.3528,89.2902,"102.04,98.79,96.62,94.99,93.36,91.73,91.73,94.45,93.36,91.73,91.19,90.10,89.56,89.56,89.02,88.48,88.48,87.93,87.93,87.39,86.85,85.76,85.22,85.76,85.22,85.22,85.22,84.68"
Rec-024_90s_1,3,9,5098,core,334,331,0.0,9.0,0.9899,336,334,342,337,1.0,True,90.3369,96.6172,85.7624,3.5603,90.1043,"96.62,96.07,95.53,94.45,94.45,94.99,95.53,91.73,91.19,91.19,91.19,91.19,91.73,92.28,88.48,88.48,88.48,88.48,88.48,89.02,89.02,85.76,85.76,85.76,85.76,85.76,86.31,85.76"
Rec-024_90s_1,3,10,5099,core,339,331,0.0,5.0,0.9892,341,334,347,337,1.0,True,92.2365,101.502,86.8478,4.2139,91.7325,"101.50,99.33,98.25,97.70,97.16,96.62,96.07,94.99,94.45,93.36,93.36,93.36,93.36,93.36,90.10,90.10,90.10,90.10,90.10,89.56,89.56,86.85,87.39,87.39,87.39,87.39,86.85,86.85"
Rec-024_90s_1,3,11,5100,core,352,331,0.0,13.0,0.9879,354,334,360,337,0.4286,False,82.816,102.0447,75.4502,7.179,80.3349,"102.04,98.25,90.10,82.51,78.71,77.62,76.54,94.45,91.73,85.76,80.88,78.16,77.08,75.99,89.56,87.93,83.59,79.79,77.62,76.54,75.99,85.76,84.68,81.42,78.16,76.54,75.99,75.45"
Rec-024_90s_1,3,12,5101,core,355,331,0.0,3.0,0.9891,357,334,363,337,0.0,False,77.8344,87.9333,74.9074,2.8878,76.8071,"87.93,83.59,79.79,78.16,77.08,76.54,75.99,83.05,79.79,78.16,77.08,76.54,75.99,75.99,80.33,78.16,77.08,75.99,75.99,75.99,75.45,78.71,77.62,76.54,75.99,75.45,75.45,74.91"
Rec-024_90s_1,4,1,5226,core,290,331,0.0,0.0,0.9822,292,334,298,337,1.0,True,89.1351,97.7027,83.0486,4.3573,89.0188,"97.70,97.16,95.53,94.45,94.45,94.45,93.36,91.19,90.65,90.10,90.10,90.65,90.65,90.10,85.76,86.31,86.85,86.85,87.39,87.39,87.93,83.05,83.05,84.13,84.13,84.13,84.13,84.13"
Rec-024_90s_1,4,2,5227,core,291,332,-45.0,1.41,0.9828,293,335,299,338,1.0,True,86.8478,93.3608,81.9631,3.4203,86.5765,"93.36,92.28,91.73,91.19,91.19,91.19,91.19,87.93,87.93,87.93,88.48,87.93,87.93,87.93,84.13,84.68,84.68,85.22,85.22,85.22,85.22,81.96,82.51,82.51,83.05,83.05,83.05,83.05"
Rec-024_90s_1,4,3,5228,core,300,331,6.34,9.06,0.9833,302,334,308,337,1.0,True,90.9572,104.2157,84.6769,4.7214,89.8329,"104.22,100.96,97.70,95.53,94.45,93.36,92.28,95.53,94.45,92.28,91.73,91.19,90.10,89.56,90.65,89.56,89.56,89.02,88.48,87.93,87.93,86.85,86.31,85.76,85.76,85.76,85.22,84.68"
Rec-024_90s_1,4,4,5229,core,304,331,0.0,4.0,0.985,306,334,312,337,1.0,True,91.0735,105.3012,85.2196,4.9198,90.3757,"105.30,101.50,98.25,95.53,94.45,93.36,92.28,96.07,94.45,92.28,91.73,91.19,90.65,90.10,90.65,89.56,89.56,89.02,88.48,87.93,87.39,86.31,86.31,85.76,85.76,85.76,85.22,85.22"
Rec-024_90s_1,4,5,5230,core,309,331,0.0,5.0,0.9857,311,334,317,337,1.0,True,90.2594,102.0447,84.6769,4.2535,89.5616,"102.04,98.79,96.07,94.45,93.36,92.28,91.73,94.99,93.36,91.73,91.19,91.19,90.10,89.56,89.56,89.02,88.48,87.93,87.93,87.93,86.85,86.31,85.76,85.76,85.76,85.22,85.22,84.68"
Rec-024_90s_1,4,6,5231,core,313,331,0.0,4.0,0.9868,315,334,321,337,1.0,True,90.5114,103.1302,85.2196,4.4488,89.5616,"103.13,99.87,97.16,94.99,93.36,92.28,92.28,95.53,93.36,91.73,91.19,90.65,90.10,89.56,89.56,89.02,88.48,87.93,87.93,87.93,87.93,86.31,85.76,85.76,85.76,85.76,85.76,85.22"
Rec-024_90s_1,4,7,5232,core,318,331,0.0,5.0,0.988,320,334,326,337,1.0,True,90.6665,101.502,85.7624,3.8989,90.1043,"101.50,98.25,96.07,94.45,93.36,93.36,92.28,94.45,93.36,92.28,91.19,91.19,90.65,90.65,89.56,89.56,89.02,89.02,88.48,88.48,88.48,86.31,86.31,86.31,86.31,86.31,85.76,85.76"
Rec-024_90s_1,4,8,5233,core,322,331,0.0,4.0,0.9882,324,334,330,337,1.0,True,91.3449,103.1302,86.3051,4.1381,90.6471,"103.13,99.87,97.16,95.53,94.45,93.36,92.28,95.53,94.45,92.28,92.28,91.19,91.19,90.65,90.65,90.10,89.56,89.56,89.56,89.02,88.48,87.39,86.85,86.85,86.85,86.85,86.31,86.31"
Rec-024_90s_1,4,9,5234,core,327,331,0.0,5.0,0.9897,329,334,335,337,1.0,True,90.8215,100.9592,86.8478,3.4481,90.6471,"100.96,98.25,95.53,93.36,92.28,92.28,92.28,94.45,93.36,91.73,91.19,91.19,91.19,90.65,90.65,89.56,89.56,89.02,89.02,88.48,88.48,87.39,87.39,87.39,86.85,86.85,86.85,86.85"
Rec-024_90s_1,4,10,5235,core,331,331,0.0,4.0,0.9892,333,334,339,337,1.0,True,91.8876,100.4165,87.9333,3.426,91.4612,"100.42,98.25,96.07,95.53,95.53,95.53,95.53,94.99,93.36,92.28,92.28,92.28,92.28,92.28,90.10,90.10,90.10,89.56,90.10,90.10,90.65,87.93,87.93,87.93,87.93,87.93,87.93,87.93"
Rec-024_90s_1,4,11,5236,core,336,331,0.0,5.0,0.9908,338,334,344,337,1.0,True,93.7678,102.0447,89.0188,3.5431,93.3608,"102.04,99.87,98.25,97.70,97.70,97.16,97.16,96.07,95.53,94.99,94.45,94.99,94.99,94.99,91.73,91.73,91.73,91.73,92.28,92.28,92.28,89.02,89.02,89.56,89.56,89.56,89.56,89.56"
Rec-024_90s_1,4,12,5237,core,340,331,0.0,4.0,0.989,342,334,348,337,1.0,True,95.1053,105.3012,89.5616,4.1216,94.4463,"105.30,103.13,100.96,99.87,98.79,98.25,98.25,98.25,97.70,96.62,96.07,95.53,95.53,95.53,93.36,93.36,93.36,93.36,93.36,92.28,92.28,90.10,90.65,90.65,90.65,90.10,90.10,89.56"
Rec-024_90s_1,4,13,5238,core,345,331,0.0,5.0,0.9907,347,334,353,337,1.0,True,94.1555,105.3012,87.3906,4.3334,93.3608,"105.30,102.04,100.42,98.79,97.70,96.07,95.53,98.79,97.70,96.62,95.53,94.99,93.36,92.28,94.45,93.36,93.36,92.28,91.73,90.65,89.56,91.19,90.65,90.10,89.56,89.02,87.93,87.39"
Rec-024_90s_1,4,14,5239,core,349,331,0.0,4.0,0.9879,351,334,357,337,0.8571,False,90.1625,105.3012,78.1639,6.7452,89.8329,"105.30,102.04,99.33,96.62,94.45,88.48,80.88,98.25,96.62,94.99,92.28,91.19,85.76,80.33,93.36,92.28,91.19,89.56,87.93,83.59,79.79,90.10,89.56,87.93,86.85,85.76,81.96,78.16"
Rec-024_90s_1,4,15,5240,core,354,331,0.0,5.0,0.9895,356,334,362,337,0.1429,False,79.1331,94.4463,75.4502,4.4458,77.6212,"94.45,85.22,80.88,78.71,77.62,76.54,75.99,88.48,82.51,78.71,77.62,76.54,75.99,75.99,84.68,80.33,78.16,77.08,75.99,75.99,75.45,83.05,78.71,77.62,76.54,75.99,75.45,75.45"
Rec-024_90s_1,5,1,5361,core,290,332,-90.0,1.0,0.9807,292,335,298,338,1.0,True,87.7201,92.2753,82.5059,3.3057,87.3906,"92.28,92.28,92.28,92.28,92.28,92.28,92.28,87.93,88.48,89.02,89.02,89.56,89.56,89.56,84.13,85.22,85.76,85.76,86.85,86.85,86.85,82.51,83.05,83.59,84.13,84.13,84.13,84.13"
Rec-024_90s_1,5,2,5362,core,293,332,0.0,3.0,0.9829,295,335,301,338,1.0,True,89.9105,98.2455,85.2196,3.8053,89.2902,"98.25,97.16,95.53,94.99,94.45,93.36,93.36,91.73,91.19,91.19,91.19,90.65,90.65,90.65,87.93,87.93,87.93,87.93,87.93,87.93,87.93,85.22,85.22,85.76,85.76,85.22,85.22,85.22"
Rec-024_90s_1,5,3,5363,core,298,331,11.31,5.1,0.9839,300,334,306,337,1.0,True,93.826,107.4722,87.9333,4.8169,93.3608,"107.47,103.67,100.96,98.25,97.16,96.07,95.53,98.79,97.16,95.53,94.45,94.45,93.36,93.36,93.36,92.28,91.73,91.19,91.19,90.65,90.65,89.02,89.02,89.02,88.48,88.48,87.93,87.93"
Rec-024_90s_1,5,4,5364,core,311,331,0.0,13.0,0.9866,313,334,319,337,1.0,True,92.566,106.9294,86.8478,4.7481,91.4612,"106.93,102.04,99.33,96.62,94.99,94.45,93.36,98.25,96.07,94.45,93.36,92.28,91.19,91.19,92.28,91.73,91.19,90.65,89.56,89.56,89.02,88.48,87.93,87.93,87.93,87.39,86.85,86.85"
Rec-024_90s_1,5,5,5365,core,320,331,0.0,9.0,0.9874,322,334,328,337,1.0,True,92.5467,105.3012,87.9333,4.2402,91.4612,"105.30,101.50,98.25,96.62,94.99,94.45,93.36,97.16,95.53,94.45,93.36,92.28,91.73,91.19,91.73,91.19,90.65,90.65,90.10,89.56,89.56,89.02,88.48,88.48,87.93,87.93,87.93,87.93"
Rec-024_90s_1,5,6,5366,core,329,331,0.0,9.0,0.9879,331,334,337,337,1.0,True,92.5467,103.1302,88.4761,3.5039,92.0039,"103.13,99.33,97.70,95.53,94.45,94.45,94.45,95.53,94.45,93.36,93.36,92.28,92.28,93.36,91.73,90.65,91.19,91.19,90.65,90.65,91.19,89.02,88.48,88.48,88.48,88.48,88.48,89.02"
Rec-024_90s_1,5,7,5367,core,334,331,0.0,5.0,0.9914,336,334,342,337,1.0,True,93.5546,102.0447,89.5616,3.2442,92.818,"102.04,100.42,98.25,96.62,96.07,95.53,95.53,96.07,95.53,94.99,94.45,94.45,93.36,93.36,92.28,92.28,92.28,91.73,91.73,91.73,92.28,89.56,89.56,89.56,89.56,90.10,90.10,90.10"
Rec-024_90s_1,5,8,5368,core,339,331,0.0,5.0,0.9882,341,334,347,337,1.0,True,94.7176,102.0447,91.1898,2.8884,94.4463,"102.04,99.87,98.25,98.25,97.70,97.16,97.16,96.62,95.53,95.53,95.53,95.53,95.53,95.53,93.36,93.36,93.36,93.36,93.36,93.36,93.36,91.19,91.19,91.19,91.19,91.19,91.19,91.19"
Rec-024_90s_1,5,9,5369,core,348,331,0.0,9.0,0.9879,350,334,356,337,1.0,True,92.1784,103.1302,82.5059,4.8372,91.7325,"103.13,100.96,98.25,96.62,94.99,93.36,87.93,98.25,96.62,95.53,94.45,92.28,91.19,85.76,94.45,93.36,92.28,91.19,90.10,88.48,84.13,91.19,91.19,90.10,89.02,87.93,85.76,82.51"
Rec-024_90s_1,5,10,5370,core,352,331,0.0,4.0,0.9908,354,334,360,337,0.4286,False,83.572,101.502,75.9929,7.4706,80.8776,"101.50,98.25,91.19,83.05,78.71,77.62,76.54,95.53,93.36,87.93,81.42,78.71,77.08,75.99,91.19,89.56,84.68,80.33,77.62,76.54,75.99,89.02,87.39,83.05,78.71,77.08,75.99,75.99"
Rec-024_90s_1,5,11,5371,core,355,331,0.0,3.0,0.9913,357,334,363,337,0.0,False,78.067,89.0188,74.9074,3.1482,76.8071,"89.02,83.59,79.79,78.16,77.08,75.99,75.99,84.13,80.33,78.16,77.08,76.54,75.99,75.99,81.42,78.71,77.62,76.54,75.99,75.99,75.45,79.79,77.62,76.54,75.99,75.99,75.45,74.91"
Rec-024_90s_1,6,1,5497,core,290,331,0.0,0.0,0.98,292,334,298,337,1.0,True,92.159,100.9592,85.7624,4.0754,92.2753,"100.96,100.42,98.25,96.62,96.62,96.07,96.07,93.36,93.36,93.36,93.36,93.36,93.36,93.36,88.48,89.56,89.56,90.10,90.65,90.65,91.19,85.76,86.31,87.39,87.93,87.93,87.93,88.48"
Rec-024_90s_1,6,2,5498,core,292,332,-26.57,2.24,0.9833,294,335,300,338,1.0,True,90.6471,97.7027,85.7624,3.4357,90.3757,"97.70,96.62,95.53,95.53,94.99,94.45,94.45,91.73,91.73,91.73,91.73,91.73,91.19,91.19,87.93,88.48,89.02,89.02,89.56,89.02,89.02,85.76,86.31,86.31,86.85,86.85,86.85,86.85"
Rec-024_90s_1,6,3,5499,core,296,331,14.04,4.12,0.9816,298,334,304,337,1.0,True,95.2216,110.1859,89.5616,5.2269,94.4463,"110.19,106.39,103.13,100.42,98.25,97.70,96.62,100.42,98.79,97.70,95.53,94.99,94.45,94.45,94.45,93.36,93.36,92.28,92.28,92.28,91.19,90.10,90.10,89.56,89.56,89.56,89.56,89.56"
Rec-024_90s_1,6,4,5500,core,301,331,0.0,5.0,0.9845,303,334,309,337,1.0,True,94.6207,108.0149,89.5616,4.5155,93.9035,"108.01,104.22,100.96,98.79,97.16,96.07,95.53,99.33,98.25,96.07,95.53,94.45,94.45,93.36,94.45,93.36,92.28,92.28,92.28,91.73,91.19,90.65,90.65,90.10,89.56,89.56,89.56,89.56"
Rec-024_90s_1,6,5,5501,core,305,331,0.0,4.0,0.9851,307,334,313,337,1.0,True,94.5432,108.5576,88.4761,4.7759,93.3608,"108.56,105.30,101.50,98.79,97.16,96.07,95.53,99.33,98.25,96.07,94.99,94.45,93.36,93.36,94.45,93.36,92.28,92.28,91.73,91.19,91.19,90.65,90.10,90.10,89.56,89.56,89.56,88.48"
Rec-024_90s_1,6,6,5502,core,310,331,0.0,5.0,0.9873,312,334,318,337,1.0,True,93.4771,105.3012,87.9333,4.1088,92.2753,"105.30,102.04,99.33,97.16,95.53,94.99,94.45,98.25,96.62,95.53,94.45,93.36,92.28,92.28,93.36,92.28,92.28,91.73,91.19,90.65,90.10,90.10,89.56,89.56,89.56,89.02,88.48,87.93"
Rec-024_90s_1,6,7,5503,core,314,331,0.0,4.0,0.9866,316,334,322,337,1.0,True,93.6128,106.9294,88.4761,4.4484,92.2753,"106.93,103.13,99.87,97.70,96.07,94.99,94.45,98.25,97.16,95.53,94.45,93.36,92.28,92.28,93.36,92.28,91.73,91.19,91.19,90.65,90.65,90.10,89.56,89.02,89.02,89.02,88.48,88.48"
Rec-024_90s_1,6,8,5504,core,319,331,0.0,5.0,0.9894,321,334,327,337,1.0,True,93.3414,105.3012,88.4761,4.0185,92.2753,"105.30,102.04,98.79,96.62,95.53,94.99,94.45,97.70,96.07,94.99,94.45,93.36,92.28,91.73,93.36,92.28,91.73,91.19,91.19,90.65,90.10,90.10,89.56,89.56,89.56,89.02,88.48,88.48"
Rec-024_90s_1,6,9,5505,core,323,331,0.0,4.0,0.9879,325,334,331,337,1.0,True,93.1669,105.8439,88.4761,4.1441,92.0039,"105.84,102.04,99.33,96.62,95.53,94.45,94.45,97.70,96.07,94.45,93.36,92.28,92.28,91.73,93.36,91.73,91.19,91.19,90.65,90.10,90.10,89.56,89.56,89.56,89.56,89.02,88.48,88.48"
Rec-024_90s_1,6,10,5506,core,328,331,0.0,5.0,0.9908,330,334,336,337,1.0,True,92.8568,103.1302,89.0188,3.3423,92.0039,"103.13,99.87,97.70,95.53,95.53,94.99,94.99,95.53,94.45,93.36,93.36,92.28,92.28,92.28,91.73,91.19,90.65,91.19,91.19,91.19,91.19,89.56,89.56,89.02,89.56,89.56,89.56,89.56"
Rec-024_90s_1,6,11,5507,core,332,331,0.0,4.0,0.9884,334,334,340,337,1.0,True,94.3106,104.2157,90.6471,3.552,93.9035,"104.22,102.04,99.87,98.25,97.16,96.62,96.07,97.16,95.53,94.99,94.45,94.45,94.45,94.45,93.36,92.28,92.28,92.28,92.28,92.28,91.73,90.65,90.65,90.65,90.65,90.65,90.65,90.65"
Rec-024_90s_1,6,12,5508,core,337,331,0.0,5.0,0.9917,339,334,345,337,1.0,True,95.1053,104.2157,91.1898,3.4091,94.4463,"104.22,102.04,99.87,98.79,98.25,97.70,97.70,97.70,96.62,95.53,95.53,95.53,95.53,95.53,93.36,93.36,93.36,93.36,93.36,93.36,93.36,91.19,91.19,91.19,91.19,91.19,91.73,91.19"
Rec-024_90s_1,6,13,5509,core,342,331,0.0,5.0,0.9885,344,334,350,337,1.0,True,95.8031,104.2157,91.1898,3.2322,94.989,"104.22,102.04,100.42,99.33,98.79,98.25,98.25,98.25,97.70,96.62,96.62,96.07,96.07,95.53,94.45,94.45,94.45,94.45,94.45,94.45,93.36,92.28,92.28,92.28,92.28,92.28,91.73,91.19"
Rec-024_90s_1,6,14,5510,core,351,331,0.0,9.0,0.9878,353,334,359,337,0.5714,False,86.3826,103.1302,75.9929,7.7298,86.8478,"103.13,99.33,96.07,90.65,83.05,78.71,77.08,96.62,94.99,92.28,87.93,81.42,78.16,77.08,93.36,91.73,90.10,85.76,80.33,78.16,76.54,91.19,89.56,87.93,84.13,79.79,77.62,75.99"
Rec-024_90s_1,6,15,5511,core,355,331,0.0,4.0,0.9887,357,334,363,337,0.0,False,78.0476,88.4761,75.4502,3.0301,76.8071,"88.48,83.05,79.79,77.62,76.54,75.99,75.99,84.13,80.33,78.16,77.08,76.54,75.99,75.99,81.42,78.71,77.62,76.54,75.99,75.99,75.45,79.79,78.16,77.08,75.99,75.99,75.45,75.45"
Rec-025_30s_1,1,1,3158,core,290,331,0.0,0.0,0.9815,292,334,298,337,1.0,True,80.8001,92.2753,75.9929,4.5657,79.5208,"92.28,91.19,88.48,85.76,84.68,83.59,83.05,84.68,83.59,82.51,80.88,80.88,80.33,80.33,78.71,78.71,78.71,78.71,78.16,77.62,77.62,75.99,75.99,75.99,75.99,75.99,75.99,75.99"
Rec-025_30s_1,1,2,3159,core,298,331,0.0,8.0,0.9813,300,334,306,337,1.0,True,80.742,93.3608,75.4502,4.4084,79.7922,"93.36,90.10,87.39,85.22,83.59,83.05,81.96,85.76,83.59,81.96,80.88,80.33,79.79,79.79,80.33,79.79,78.71,78.16,77.62,77.62,77.08,77.62,77.08,76.54,75.99,75.99,75.99,75.45"
Rec-025_30s_1,1,3,3160,core,302,331,0.0,4.0,0.9848,304,334,310,337,1.0,True,80.9358,94.4463,75.4502,4.6606,79.7922,"94.45,91.19,87.93,85.76,83.59,83.05,81.96,85.76,84.13,82.51,80.88,80.33,79.79,79.79,80.88,79.79,78.71,78.71,77.62,77.62,77.08,77.62,77.08,76.54,75.99,75.99,75.99,75.45"
Rec-025_30s_1,1,4,3161,core,307,331,0.0,5.0,0.9828,309,334,315,337,1.0,True,80.1992,91.7325,75.4502,4.0915,79.2494,"91.73,89.02,86.31,84.13,83.05,82.51,81.42,84.68,83.05,81.42,80.88,79.79,79.79,78.71,79.79,78.71,78.16,77.62,77.62,77.62,77.08,77.08,76.54,75.99,75.99,75.99,75.45,75.45"
Rec-025_30s_1,1,5,3162,core,311,331,0.0,4.0,0.9861,313,334,319,337,1.0,True,80.7807,93.3608,75.9929,4.3566,79.7922,"93.36,90.10,87.39,84.68,84.13,83.05,82.51,85.22,83.59,81.96,80.88,80.33,79.79,79.79,80.33,79.79,78.71,78.71,77.62,77.62,77.62,77.08,77.08,76.54,75.99,75.99,75.99,75.99"
Rec-025_30s_1,1,6,3163,core,316,331,0.0,5.0,0.9857,318,334,324,337,1.0,True,80.6257,91.7325,76.5357,3.7978,79.7922,"91.73,89.02,86.31,84.13,83.05,82.51,81.96,84.68,83.05,81.42,80.88,80.33,79.79,79.79,79.79,79.79,78.71,78.71,78.16,77.62,77.62,77.62,77.08,77.08,77.08,76.54,76.54,76.54"
Rec-025_30s_1,1,7,3164,core,320,331,0.0,4.0,0.9878,322,334,328,337,1.0,True,81.8468,93.3608,77.6212,3.9734,81.149,"93.36,90.10,87.93,85.76,84.13,84.13,84.13,85.76,84.13,83.05,81.96,81.42,81.42,81.42,80.88,80.33,79.79,79.79,79.79,79.79,78.71,78.16,77.62,77.62,77.62,77.62,77.62,77.62"
Rec-025_30s_1,1,8,3165,core,325,331,0.0,5.0,0.9867,327,334,333,337,1.0,True,82.6997,92.2753,78.7067,3.5715,81.9631,"92.28,89.56,87.93,86.31,85.76,85.76,85.76,85.76,84.13,83.59,83.05,83.05,83.05,83.05,80.88,80.88,80.88,80.88,80.88,80.88,80.33,78.71,78.71,78.71,78.71,78.71,78.71,78.71"
Rec-025_30s_1,1,9,3166,core,334,331,0.0,9.0,0.9886,336,334,342,337,1.0,True,84.6381,94.4463,80.3349,3.5261,83.8627,"94.45,91.19,89.56,88.48,87.93,87.39,87.39,87.93,86.31,85.76,85.22,84.68,84.13,84.13,83.59,83.05,83.05,83.05,82.51,82.51,81.96,80.88,80.88,80.88,80.88,80.88,80.88,80.33"
Rec-025_30s_1,1,10,3167,core,343,331,0.0,9.0,0.9889,345,334,351,337,1.0,True,83.3975,92.2753,79.7922,3.0607,82.7773,"92.28,90.10,87.93,85.76,85.22,84.13,84.13,87.39,85.76,84.13,83.59,83.05,82.51,82.51,83.59,83.05,81.96,81.42,81.42,80.88,80.88,81.42,80.88,80.88,80.33,80.33,79.79,79.79"
Rec-025_30s_1,1,11,3168,core,352,331,0.0,9.0,0.9871,354,334,360,337,0.5714,False,79.2688,90.6471,75.4502,3.9632,77.6212,"90.65,87.93,84.13,79.79,77.62,76.54,75.99,85.76,84.13,81.42,78.16,77.08,75.99,75.99,81.96,80.88,79.79,77.62,76.54,75.99,75.45,79.79,78.71,77.62,76.54,75.99,75.99,75.45"
Rec-025_30s_1,1,12,3169,core,355,331,0.0,3.0,0.9882,357,334,363,337,0.1429,False,77.5049,86.3051,74.9074,2.5139,76.5357,"86.31,83.05,79.79,78.16,77.08,76.54,75.99,81.42,79.79,77.62,77.08,76.54,75.99,75.99,78.71,77.62,77.08,75.99,75.99,75.45,75.45,77.62,76.54,75.99,75.99,75.99,75.45,74.91"
Rec-025_30s_1,1,13,3170,core,355,330,90.0,1.0,0.9914,357,333,363,336,0.1429,False,78.4159,91.1898,75.4502,3.5987,77.0784,"91.19,85.76,81.96,78.71,77.62,76.54,75.99,84.68,80.88,78.71,77.62,76.54,75.99,75.99,80.88,78.71,77.62,76.54,75.99,75.99,75.99,78.71,77.62,76.54,75.99,75.99,75.45,75.45"
Rec-025_30s_1,2,1,3307,core,290,331,0.0,0.0,0.9822,292,334,298,337,1.0,True,86.5959,96.6172,80.3349,4.7835,86.0337,"96.62,96.07,94.45,92.28,91.19,91.19,91.19,89.02,88.48,87.93,87.93,87.93,87.93,87.93,83.59,84.13,84.13,84.13,84.13,84.13,84.13,80.33,80.88,80.88,80.88,81.42,80.88,80.88"
Rec-025_30s_1,2,2,3308,core,293,332,-18.43,3.16,0.9818,295,335,301,338,1.0,True,84.1341,92.2753,79.7922,3.6725,83.32,"92.28,91.19,89.56,89.02,87.93,87.93,87.39,86.31,85.76,85.76,85.22,84.68,84.13,84.13,82.51,82.51,82.51,82.51,82.51,81.96,81.42,79.79,79.79,79.79,79.79,79.79,79.79,79.79"
Rec-025_30s_1,2,3,3309,core,297,331,14.04,4.12,0.9831,299,334,305,337,1.0,True,87.9333,103.1302,80.8776,5.3592,87.1192,"103.13,98.79,96.07,93.36,91.19,90.65,89.56,93.36,91.73,90.10,89.02,87.93,87.39,86.85,87.39,86.31,85.76,85.22,84.68,84.13,83.59,83.05,83.05,83.05,82.51,81.96,81.42,80.88"
Rec-025_30s_1,2,4,3310,core,302,331,0.0,5.0,0.9837,304,334,310,337,1.0,True,87.0611,99.8737,80.8776,4.7122,86.0337,"99.87,96.62,94.45,91.73,90.65,89.56,89.56,91.73,90.10,89.02,87.93,86.85,86.31,85.76,86.31,85.76,85.22,84.68,84.13,84.13,83.59,83.05,83.05,81.96,81.96,81.42,81.42,80.88"
Rec-025_30s_1,2,5,3311,core,311,331,0.0,9.0,0.9857,313,334,319,337,1.0,True,86.3245,97.7027,80.8776,4.1651,85.7624,"97.70,94.99,92.28,90.65,89.56,89.02,87.93,90.65,89.02,87.93,86.85,86.31,85.76,85.76,85.76,84.68,84.13,84.13,84.13,83.59,83.59,82.51,82.51,81.96,81.96,81.42,81.42,80.88"
Rec-025_30s_1,2,6,3312,core,315,331,0.0,4.0,0.9859,317,334,323,337,1.0,True,86.8866,98.7882,81.9631,4.2164,85.7624,"98.79,95.53,93.36,91.19,89.56,89.56,89.02,91.19,89.56,88.48,87.39,86.85,86.31,85.76,85.76,85.22,84.68,84.68,84.13,84.13,84.13,83.05,83.05,82.51,82.51,82.51,81.96,81.96"
Rec-025_30s_1,2,7,3313,core,324,331,0.0,9.0,0.9872,326,334,332,337,1.0,True,88.1272,99.331,83.0486,4.1238,87.3906,"99.33,96.07,94.45,92.28,91.19,91.19,91.19,91.73,90.65,89.56,89.02,87.93,87.93,87.93,86.85,86.31,86.31,85.76,85.76,85.76,85.76,83.59,83.59,83.59,83.59,83.59,83.05,83.59"
Rec-025_30s_1,2,8,3314,core,329,331,0.0,5.0,0.9894,331,334,337,337,1.0,True,88.7862,98.2455,84.1341,3.8717,88.2047,"98.25,96.07,94.45,93.36,92.28,92.28,91.73,91.73,91.19,89.56,89.56,89.56,89.56,89.02,87.39,87.39,86.85,86.85,86.31,86.85,86.31,84.13,84.13,84.68,84.13,84.13,84.13,84.13"
Rec-025_30s_1,2,9,3315,core,333,331,0.0,4.0,0.9883,335,334,341,337,1.0,True,89.8136,100.4165,84.6769,4.1168,89.0188,"100.42,98.25,95.53,94.45,93.36,93.36,92.28,93.36,92.28,91.19,90.65,90.10,90.10,89.56,88.48,87.93,87.93,87.39,87.39,87.39,86.85,85.76,85.76,85.22,85.22,85.22,84.68,84.68"
Rec-025_30s_1,2,10,3316,core,338,331,0.0,5.0,0.9908,340,334,346,337,1.0,True,89.7554,99.8737,84.1341,3.9942,89.2902,"99.87,97.70,95.53,94.45,93.36,92.28,92.28,93.36,92.28,91.19,90.65,90.10,89.56,89.56,89.02,88.48,87.93,87.93,87.39,86.85,86.85,85.76,85.76,85.76,85.22,85.22,84.68,84.13"
Rec-025_30s_1,2,11,3317,core,342,331,0.0,4.0,0.988,344,334,350,337,1.0,True,89.7554,100.9592,84.1341,4.2345,89.2902,"100.96,98.25,95.53,94.45,93.36,93.36,92.28,93.36,92.28,91.19,90.10,90.10,89.56,89.56,89.02,88.48,87.93,87.39,87.39,86.85,86.85,85.76,85.76,85.22,84.68,84.68,84.68,84.13"
Rec-025_30s_1,2,12,3318,core,347,331,0.0,5.0,0.9886,349,334,355,337,1.0,True,88.321,98.7882,81.4204,4.2535,87.9333,"98.79,96.62,94.99,93.36,92.28,90.65,89.56,92.28,91.19,90.65,89.56,88.48,87.93,85.76,87.93,87.93,87.39,86.31,85.76,84.68,83.59,85.76,85.22,84.68,84.13,83.59,82.51,81.42"
Rec-025_30s_1,2,13,3319,core,351,331,0.0,4.0,0.9859,353,334,359,337,0.7143,False,83.5138,99.8737,75.9929,6.441,82.7773,"99.87,96.07,93.36,87.39,80.88,78.16,77.08,92.28,90.65,88.48,84.13,79.79,77.62,76.54,87.93,86.31,85.22,82.51,78.71,77.62,75.99,84.68,83.59,83.05,80.33,77.62,76.54,75.99"
Rec-025_30s_1,2,14,3320,core,355,330,14.04,4.12,0.9922,357,333,363,336,0.1429,False,78.823,92.2753,75.4502,3.9121,77.3498,"92.28,86.31,81.96,78.71,77.62,77.08,75.99,86.31,81.96,78.71,77.62,76.54,76.54,75.99,82.51,79.79,77.62,77.08,76.54,75.99,75.99,79.79,78.16,77.08,75.99,75.99,75.45,75.45"
Rec-025_30s_1,3,1,3445,core,290,332,-90.0,1.0,0.9828,292,335,298,338,1.0,True,86.4214,92.2753,80.8776,3.5244,85.7624,"92.28,92.28,91.19,91.19,91.19,91.19,90.65,86.85,87.39,87.93,87.93,87.93,87.93,87.93,83.59,84.13,84.13,84.13,84.68,84.68,84.68,80.88,81.42,81.96,82.51,83.05,83.05,83.05"
Rec-025_30s_1,3,2,3446,core,299,331,6.34,9.06,0.985,301,334,307,337,1.0,True,91.0929,105.3012,84.6769,4.9554,90.3757,"105.30,101.50,98.25,95.53,94.45,93.36,92.28,96.07,94.45,93.36,91.73,91.19,90.65,90.10,90.65,89.56,89.56,89.02,87.93,87.93,87.93,86.31,86.31,85.76,85.76,85.76,85.22,84.68"
Rec-025_30s_1,3,3,3447,core,303,331,0.0,4.0,0.9837,305,334,311,337,1.0,True,91.0929,105.8439,84.6769,5.1715,89.8329,"105.84,102.04,98.79,96.07,94.45,93.36,92.28,96.62,94.99,93.36,91.19,91.19,90.10,89.56,90.65,89.56,89.02,88.48,87.93,87.93,87.39,86.85,86.31,85.76,85.76,85.22,85.22,84.68"
Rec-025_30s_1,3,4,3448,core,308,331,0.0,5.0,0.9868,310,334,316,337,1.0,True,89.988,102.0447,84.1341,4.2818,89.2902,"102.04,98.79,96.07,94.45,92.28,91.73,91.19,94.99,93.36,91.19,90.65,90.10,89.56,89.02,89.56,89.02,88.48,87.93,87.93,87.39,86.85,85.76,85.76,85.76,85.22,85.22,85.22,84.13"
Rec-025_30s_1,3,5,3449,core,312,331,0.0,4.0,0.9851,314,334,320,337,1.0,True,90.0462,103.1302,84.6769,4.4053,89.2902,"103.13,99.33,96.07,94.45,92.28,92.28,91.19,94.99,92.28,91.73,90.65,89.56,89.56,89.02,89.56,89.02,88.48,87.93,87.93,87.39,86.85,86.31,85.76,85.76,85.22,85.22,84.68,84.68"
Rec-025_30s_1,3,6,3450,core,317,331,0.0,5.0,0.9888,319,334,325,337,1.0,True,89.6585,100.9592,84.6769,3.8788,89.2902,"100.96,97.70,94.99,93.36,92.28,91.73,91.19,93.36,91.73,91.19,90.10,89.56,89.56,89.56,89.02,88.48,87.93,87.93,87.39,87.39,87.39,85.76,85.76,85.76,85.22,85.22,85.22,84.68"
Rec-025_30s_1,3,7,3451,core,322,331,0.0,5.0,0.9859,324,334,330,337,1.0,True,89.8136,98.7882,85.7624,3.4494,89.5616,"98.79,96.62,94.45,93.36,92.28,92.28,92.28,93.36,91.73,91.19,90.65,90.10,90.10,90.10,89.02,88.48,87.93,87.93,87.93,87.93,87.93,85.76,85.76,85.76,85.76,85.76,85.76,85.76"
Rec-025_30s_1,3,8,3452,core,326,331,0.0,4.0,0.9899,328,334,334,337,1.0,True,90.996,100.9592,86.3051,3.7243,90.6471,"100.96,98.25,96.07,94.99,94.45,93.36,93.36,94.45,93.36,92.28,91.19,91.19,91.19,91.19,90.10,89.56,89.02,89.02,89.02,89.02,89.02,86.85,86.85,86.85,86.85,86.85,86.31,86.31"
Rec-025_30s_1,3,9,3453,core,331,331,0.0,5.0,0.9876,333,334,339,337,1.0,True,91.6938,100.4165,87.3906,3.4538,91.1898,"100.42,98.25,96.62,95.53,94.99,94.99,94.99,94.45,93.36,92.28,92.28,92.28,91.73,91.73,90.65,90.10,89.56,90.10,89.56,89.56,89.56,87.93,87.93,87.93,87.93,87.93,87.39,87.39"
Rec-025_30s_1,3,10,3454,core,335,331,0.0,4.0,0.9908,337,334,343,337,1.0,True,92.3722,102.0447,87.3906,3.8598,91.7325,"102.04,99.87,98.25,96.62,95.53,95.53,95.53,95.53,94.45,93.36,93.36,93.36,92.28,92.28,91.19,91.19,90.65,90.10,90.10,90.10,89.56,88.48,87.93,87.93,87.93,87.93,87.93,87.39"
Rec-025_30s_1,3,11,3455,core,340,331,0.0,5.0,0.9889,342,334,348,337,1.0,True,92.3722,101.502,87.3906,3.7855,91.7325,"101.50,99.33,97.70,96.62,96.07,95.53,95.53,95.53,94.45,94.45,93.36,93.36,92.28,92.28,91.19,91.19,90.65,90.65,90.10,89.56,89.56,88.48,88.48,87.93,87.93,87.93,87.39,87.39"
Rec-025_30s_1,3,12,3456,core,349,331,0.0,9.0,0.9876,351,334,357,337,1.0,True,88.3985,101.502,78.1639,5.8035,87.9333,"101.50,98.25,96.07,94.45,92.28,87.39,80.88,95.53,93.36,92.28,91.19,89.56,85.22,79.79,91.19,90.10,89.02,87.93,86.31,83.05,78.71,87.93,87.39,86.31,85.76,84.13,81.42,78.16"
Rec-025_30s_1,3,13,3457,core,353,331,0.0,4.0,0.9891,355,334,361,337,0.4286,False,80.7807,98.7882,75.4502,5.9207,78.1639,"98.79,91.19,83.59,79.79,77.62,76.54,75.99,92.28,87.39,81.42,78.71,77.62,76.54,75.99,87.93,84.13,79.79,77.62,76.54,75.99,75.45,85.22,82.51,78.71,77.08,75.99,75.99,75.45"
Rec-025_30s_1,3,14,3458,core,355,331,0.0,2.0,0.9893,357,334,363,337,0.1429,False,78.0282,87.9333,74.9074,2.9394,77.0784,"87.93,83.59,79.79,78.16,77.08,76.54,75.99,83.59,80.33,78.16,77.08,76.54,75.99,75.99,80.88,78.71,77.62,76.54,75.99,75.99,75.45,79.79,77.62,77.08,75.99,75.99,75.45,74.91"
Rec-025_30s_1,4,1,3573,core,290,331,0.0,0.0,0.9839,292,334,298,337,1.0,True,90.2012,98.2455,83.5914,4.0849,90.1043,"98.25,98.25,96.62,95.53,94.45,94.45,94.45,91.19,91.19,91.19,91.19,91.19,91.19,91.73,86.31,87.93,87.93,88.48,89.02,89.02,89.02,83.59,84.68,85.22,85.76,85.76,85.76,86.31"
Rec-025_30s_1,4,2,3574,core,291,332,-45.0,1.41,0.9808,293,335,299,338,1.0,True,88.5924,94.989,83.0486,3.5453,88.4761,"94.99,94.45,94.45,93.36,93.36,92.28,92.28,89.56,89.56,89.56,90.10,90.10,90.10,89.56,85.76,86.31,86.31,86.85,86.85,87.39,87.39,83.05,84.13,84.13,84.68,84.68,84.68,84.68"
Rec-025_30s_1,4,3,3575,core,296,331,11.31,5.1,0.9841,298,334,304,337,1.0,True,93.0894,106.3867,87.3906,4.7526,92.2753,"106.39,103.13,99.87,98.25,96.07,94.99,94.45,98.25,96.07,94.99,94.45,93.36,92.28,92.28,92.28,91.19,91.19,91.19,90.65,90.10,89.56,87.93,88.48,87.93,87.93,87.93,87.93,87.39"
Rec-025_30s_1,4,4,3576,core,300,331,0.0,4.0,0.9829,302,334,308,337,1.0,True,93.5352,108.5576,87.3906,5.1265,92.2753,"108.56,104.22,101.50,98.25,96.62,95.53,94.45,98.79,97.16,95.53,94.45,93.36,92.28,92.28,93.36,92.28,91.19,91.19,90.65,90.10,89.56,89.02,89.02,88.48,88.48,87.93,87.39,87.39"
Rec-025_30s_1,4,5,3577,core,305,331,0.0,5.0,0.9865,307,334,313,337,1.0,True,92.5467,105.8439,86.8478,4.4908,91.4612,"105.84,102.04,98.79,96.62,94.99,94.45,93.36,97.70,95.53,94.45,93.36,92.28,91.73,91.19,92.28,91.19,91.19,90.65,89.56,89.56,89.02,89.02,88.48,87.93,87.93,87.93,87.39,86.85"
Rec-025_30s_1,4,6,3578,core,309,331,0.0,4.0,0.9841,311,334,317,337,1.0,True,92.2559,106.3867,86.8478,4.6315,91.1898,"106.39,102.04,98.79,96.62,94.99,93.36,92.28,97.70,95.53,94.45,92.28,91.73,91.19,90.65,91.73,91.19,90.65,90.10,89.56,89.56,88.48,88.48,88.48,87.93,87.93,87.39,86.85,86.85"
Rec-025_30s_1,4,7,3579,core,314,331,0.0,5.0,0.9884,316,334,322,337,1.0,True,91.2673,102.0447,86.3051,3.7762,90.3757,"102.04,99.33,96.62,94.99,93.36,92.28,92.28,95.53,94.45,92.28,92.28,91.19,90.65,90.10,91.19,90.10,89.56,89.56,89.02,89.02,88.48,87.93,87.93,87.93,87.39,86.85,86.85,86.31"
Rec-025_30s_1,4,8,3580,core,319,331,0.0,5.0,0.9868,321,334,327,337,1.0,True,91.1704,100.4165,87.3906,3.2806,90.9184,"100.42,98.25,95.53,94.45,93.36,93.36,92.28,94.45,93.36,92.28,91.19,91.19,91.19,91.19,90.65,89.56,89.56,89.56,89.56,89.02,89.02,87.93,87.93,87.93,87.39,87.39,87.39,87.39"
Rec-025_30s_1,4,9,3581,core,328,331,0.0,9.0,0.9883,330,334,336,337,1.0,True,92.9731,102.0447,89.0188,3.1874,92.5467,"102.04,98.79,97.16,96.07,95.53,95.53,95.53,95.53,94.45,94.45,93.36,93.36,93.36,93.36,91.73,91.19,91.19,91.19,91.19,91.19,91.19,89.56,89.02,89.02,89.56,89.56,89.56,89.56"
Rec-025_30s_1,4,10,3582,core,341,331,0.0,13.0,0.9912,343,334,349,337,1.0,True,95.2216,105.8439,89.5616,4.132,94.7176,"105.84,103.13,101.50,99.87,98.79,98.25,97.70,98.79,97.70,96.62,96.07,95.53,95.53,94.99,94.45,94.45,93.36,93.36,92.28,92.28,91.73,91.19,91.19,91.19,90.65,90.10,90.10,89.56"
Rec-025_30s_1,4,11,3583,core,346,331,0.0,5.0,0.9891,348,334,354,337,1.0,True,93.4383,104.2157,86.3051,4.2009,92.818,"104.22,101.50,99.33,97.70,96.62,95.53,93.36,98.25,97.16,95.53,94.99,93.36,92.28,91.19,94.45,93.36,92.28,91.73,91.19,90.10,88.48,91.19,90.65,90.10,89.02,88.48,87.93,86.31"
Rec-025_30s_1,4,12,3584,core,350,331,0.0,4.0,0.9899,352,334,358,337,0.8571,False,88.069,103.6729,77.0784,7.2217,88.7475,"103.67,100.96,97.16,94.99,89.56,82.51,78.71,97.16,95.53,93.36,91.19,86.85,80.88,77.62,92.28,91.19,90.10,88.48,84.68,79.79,77.62,89.56,89.02,87.93,86.31,83.05,78.71,77.08"
Rec-025_30s_1,4,13,3585,core,355,330,11.31,5.1,0.9915,357,333,363,336,0.1429,False,79.2688,94.989,75.4502,4.5165,77.6212,"94.99,87.39,82.51,79.79,77.62,76.54,75.99,87.93,83.05,79.79,77.62,77.08,75.99,75.99,83.59,79.79,77.62,77.08,75.99,75.99,75.99,80.88,78.71,77.62,76.54,75.99,75.99,75.45"
Rec-025_30s_1,5,1,3708,core,294,331,0.0,4.0,0.9837,296,334,302,337,1.0,True,94.8146,108.5576,89.5616,4.8934,93.9035,"108.56,105.30,102.04,99.87,98.25,97.16,96.62,99.33,98.25,96.62,95.53,94.99,94.45,94.45,93.36,92.28,92.28,92.28,92.28,92.28,91.73,89.56,89.56,89.56,89.56,89.56,89.56,89.56"
Rec-025_30s_1,5,2,3709,core,299,331,0.0,5.0,0.9853,301,334,307,337,1.0,True,94.6013,107.4722,89.0188,4.385,93.9035,"107.47,103.67,100.96,98.25,97.70,96.07,95.53,99.33,97.70,96.07,95.53,94.45,94.45,93.36,94.45,93.36,93.36,92.28,92.28,91.73,91.19,90.65,90.65,90.10,90.10,89.56,89.56,89.02"
Rec-025_30s_1,5,3,3710,core,303,331,0.0,4.0,0.9863,305,334,311,337,1.0,True,94.5238,108.5576,89.0188,4.675,93.3608,"108.56,104.22,101.50,98.25,97.16,95.53,94.99,99.87,98.25,96.07,95.53,94.45,93.36,93.36,94.45,93.36,93.36,92.28,91.73,91.19,91.19,90.65,90.10,90.10,89.56,89.56,89.02,89.02"
Rec-025_30s_1,5,4,3711,core,308,331,0.0,5.0,0.9872,310,334,316,337,1.0,True,93.1863,105.3012,87.9333,4.0148,92.2753,"105.30,101.50,98.79,96.62,94.99,94.45,93.36,98.25,96.07,94.99,93.36,93.36,92.28,91.73,93.36,92.28,91.73,91.19,91.19,90.65,90.10,90.10,89.56,89.56,89.02,89.02,88.48,87.93"
Rec-025_30s_1,5,5,3712,core,312,331,0.0,4.0,0.9882,314,334,320,337,1.0,True,93.1282,105.3012,87.9333,4.1141,92.2753,"105.30,102.04,98.79,96.62,95.53,94.45,93.36,98.25,96.07,94.45,93.36,93.36,92.28,92.28,93.36,91.73,91.19,91.19,90.65,90.65,90.10,89.56,89.56,89.56,89.02,88.48,88.48,87.93"
Rec-025_30s_1,5,6,3713,core,317,331,0.0,5.0,0.9892,319,334,325,337,1.0,True,92.8956,103.1302,88.4761,3.5876,92.2753,"103.13,100.42,97.70,96.07,95.53,94.45,94.45,97.16,95.53,94.45,93.36,92.28,92.28,92.28,92.28,91.73,91.19,91.19,90.65,90.65,90.65,89.56,89.56,89.56,89.02,89.02,88.48,88.48"
Rec-025_30s_1,5,7,3714,core,321,331,0.0,4.0,0.9889,323,334,329,337,1.0,True,93.322,105.3012,89.0188,3.8649,92.2753,"105.30,101.50,98.79,96.62,95.53,94.99,94.45,97.70,95.53,94.45,93.36,93.36,92.28,92.28,92.28,92.28,91.73,91.19,91.19,91.19,91.19,89.56,89.56,89.56,89.56,89.56,89.02,89.02"
Rec-025_30s_1,5,8,3715,core,326,331,0.0,5.0,0.9904,328,334,334,337,1.0,True,93.574,103.1302,89.5616,3.3531,92.818,"103.13,100.42,98.25,96.62,95.53,95.53,95.53,96.62,95.53,94.99,94.45,94.45,93.36,93.36,92.28,92.28,92.28,91.73,91.73,91.73,91.19,90.10,90.10,89.56,89.56,90.10,90.10,89.56"
Rec-025_30s_1,5,9,3716,core,330,331,0.0,4.0,0.9891,332,334,338,337,1.0,True,94.8727,105.3012,91.1898,3.5719,94.4463,"105.30,102.04,99.87,98.25,97.70,97.16,96.62,98.25,97.16,95.53,95.53,94.99,94.99,94.45,94.45,93.36,93.36,92.28,92.28,92.28,92.28,91.19,91.19,91.19,91.19,91.19,91.19,91.19"
Rec-025_30s_1,5,10,3717,core,335,331,0.0,5.0,0.9915,337,334,343,337,1.0,True,95.2991,104.2157,91.1898,3.3565,94.989,"104.22,102.04,99.87,98.25,98.25,97.70,97.70,98.25,97.16,96.62,96.07,95.53,95.53,95.53,94.45,94.45,93.36,93.36,93.36,93.36,93.36,91.73,91.73,91.73,91.19,91.19,91.19,91.19"
Rec-025_30s_1,5,11,3718,core,339,331,0.0,4.0,0.9893,341,334,347,337,1.0,True,96.1714,106.3867,91.1898,3.7436,95.8031,"106.39,103.67,101.50,99.87,98.79,98.25,98.25,99.33,98.25,97.70,97.16,96.62,96.62,96.07,95.53,94.99,94.45,94.45,94.45,94.45,93.36,92.28,92.28,92.28,91.73,91.73,91.19,91.19"
Rec-025_30s_1,5,12,3719,core,344,331,0.0,5.0,0.9913,346,334,352,337,1.0,True,95.6287,105.3012,89.5616,3.8021,95.2604,"105.30,103.13,101.50,99.87,98.25,97.70,96.62,99.33,98.25,97.70,96.62,96.07,95.53,94.45,95.53,94.99,94.45,94.45,93.36,93.36,91.73,92.28,92.28,91.73,91.73,91.19,90.65,89.56"
Rec-025_30s_1,5,13,3720,core,348,331,0.0,4.0,0.9882,350,334,356,337,1.0,True,92.9925,105.8439,83.0486,5.2502,92.5467,"105.84,103.13,100.42,98.25,95.53,93.36,89.56,99.33,97.70,95.53,94.45,93.36,91.19,86.85,95.53,94.45,93.36,91.73,90.10,89.02,84.68,91.73,91.19,90.10,89.56,87.93,86.85,83.05"
Rec-025_30s_1,5,14,3721,core,353,331,0.0,5.0,0.9902,355,334,361,337,0.4286,False,81.5561,99.8737,75.4502,6.6197,78.4353,"99.87,93.36,84.68,79.79,77.62,76.54,75.99,94.45,89.02,82.51,78.71,77.62,75.99,75.99,90.65,85.76,80.88,78.16,77.08,75.99,75.99,87.93,84.13,79.79,77.62,75.99,75.99,75.45"
Rec-025_30s_1,5,15,3722,core,355,331,0.0,2.0,0.9904,357,334,363,337,0.1429,False,78.3578,89.5616,74.9074,3.3306,77.0784,"89.56,84.13,80.33,78.16,77.08,76.54,75.99,84.13,80.88,78.71,77.62,76.54,75.99,75.99,82.51,79.79,77.62,76.54,75.99,75.99,75.45,80.88,78.16,77.08,75.99,75.99,75.45,74.91"
Rec-025_30s_1,6,1,3835,core,290,331,0.0,0.0,0.9828,292,334,298,337,1.0,True,92.818,100.9592,85.7624,4.0796,92.5467,"100.96,100.42,98.25,97.70,97.70,97.70,97.16,93.36,94.45,93.36,93.36,94.45,94.45,94.45,88.48,89.56,90.65,91.19,91.19,91.73,91.73,85.76,86.85,87.93,87.93,89.02,89.56,89.56"
Rec-025_30s_1,6,2,3836,core,293,331,0.0,3.0,0.9823,295,334,301,337,1.0,True,94.8533,106.3867,89.5616,4.3143,94.1749,"106.39,103.67,101.50,99.87,98.25,97.70,97.16,98.25,97.16,96.07,95.53,95.53,94.99,94.99,92.28,93.36,93.36,92.28,92.28,92.28,92.28,89.56,89.56,90.10,90.10,90.65,90.65,90.10"
Rec-025_30s_1,6,3,3837,core,297,331,0.0,4.0,0.9836,299,334,305,337,1.0,True,96.0163,110.1859,90.1043,4.8509,94.989,"110.19,106.39,103.13,100.96,98.79,97.70,97.16,100.96,99.33,98.25,96.62,95.53,95.53,94.99,94.99,94.45,94.45,93.36,93.36,93.36,92.28,91.19,91.19,91.19,91.19,91.19,90.65,90.10"
Rec-025_30s_1,6,4,3838,core,302,331,0.0,5.0,0.985,304,334,310,337,1.0,True,95.0859,106.9294,89.5616,4.0772,94.4463,"106.93,103.67,100.96,98.79,97.16,96.62,95.53,99.87,98.25,96.62,95.53,94.99,94.45,94.45,94.99,94.45,93.36,93.36,92.28,92.28,91.73,91.73,91.19,91.19,91.19,90.65,90.65,89.56"
Rec-025_30s_1,6,5,3839,core,306,331,0.0,4.0,0.9867,308,334,314,337,1.0,True,94.8533,108.0149,89.5616,4.4464,94.4463,"108.01,104.22,101.50,98.79,97.16,96.07,95.53,99.87,98.25,96.07,95.53,94.45,94.45,93.36,94.99,94.45,93.36,92.28,92.28,91.73,91.19,91.19,91.19,90.65,90.10,90.10,89.56,89.56"
Rec-025_30s_1,6,6,3840,core,311,331,0.0,5.0,0.9878,313,334,319,337,1.0,True,94.0392,105.3012,89.5616,3.812,93.3608,"105.30,102.04,99.33,97.16,96.07,95.53,94.99,98.25,96.62,95.53,94.45,94.45,93.36,93.36,94.45,93.36,92.28,91.73,91.19,91.73,91.73,91.19,90.65,90.10,89.56,89.56,89.56,89.56"
Rec-025_30s_1,6,7,3841,core,315,331,0.0,4.0,0.9883,317,334,323,337,1.0,True,94.1749,106.3867,89.0188,4.104,93.3608,"106.39,103.13,99.87,98.25,96.07,95.53,94.99,98.25,97.16,95.53,94.99,94.45,93.36,92.28,94.45,93.36,92.28,92.28,91.73,91.19,91.19,90.65,90.65,90.65,90.10,89.56,89.56,89.02"
Rec-025_30s_1,6,8,3842,core,324,331,0.0,9.0,0.9894,326,334,332,337,1.0,True,94.1555,105.3012,90.1043,3.7616,93.3608,"105.30,102.04,99.33,98.25,96.62,96.07,95.53,97.70,96.07,95.53,94.45,94.45,94.45,93.36,93.36,92.28,92.28,92.28,91.73,91.73,91.73,90.65,90.65,90.10,90.10,90.10,90.10,90.10"
Rec-025_30s_1,6,9,3843,core,333,331,0.0,9.0,0.9902,335,334,341,337,1.0,True,95.8225,105.8439,91.7325,3.584,94.989,"105.84,103.13,100.96,99.33,98.79,98.25,97.70,98.79,97.70,97.16,96.07,96.07,95.53,95.53,94.45,94.45,94.45,94.45,94.45,94.45,93.36,91.73,91.73,91.73,91.73,91.73,91.73,91.73"
Rec-025_30s_1,6,10,3844,core,338,331,0.0,5.0,0.9919,340,334,346,337,1.0,True,96.1714,105.3012,91.7325,3.402,95.8031,"105.30,103.13,100.96,99.87,98.79,98.25,98.25,98.79,98.25,97.16,96.62,96.62,96.62,96.07,95.53,94.99,94.45,94.45,94.45,94.45,94.45,92.28,92.28,92.28,92.28,92.28,92.28,91.73"
Rec-025_30s_1,6,11,3845,core,347,331,0.0,9.0,0.9916,349,334,355,337,1.0,True,94.1555,105.3012,86.8478,4.3213,93.9035,"105.30,103.13,99.87,98.25,96.62,94.45,93.36,99.33,98.25,96.62,94.99,94.45,92.28,90.65,95.53,94.99,94.45,92.28,91.19,90.10,88.48,92.28,92.28,91.73,90.65,89.56,88.48,86.85"
Rec-025_30s_1,6,12,3846,core,351,331,0.0,4.0,0.9884,353,334,359,337,0.7143,False,86.5377,103.6729,75.9929,7.7552,86.8478,"103.67,99.87,96.62,91.19,83.05,79.79,77.62,97.16,94.99,92.28,88.48,81.96,78.71,77.08,93.36,91.19,89.56,85.76,80.88,77.62,76.54,90.65,89.56,87.93,84.13,79.79,77.62,75.99"
Rec-025_30s_1,6,13,3847,core,355,331,0.0,4.0,0.9915,357,334,363,337,0.1429,False,78.2996,89.5616,75.4502,3.3224,77.0784,"89.56,84.13,80.33,78.16,77.08,75.99,75.99,84.68,80.88,78.16,77.62,75.99,75.99,75.99,81.96,78.71,77.62,76.54,75.99,75.99,75.45,80.88,78.16,77.08,75.99,75.99,75.99,75.45"
Rec-026_60s_2,1,1,3974,core,290,331,0.0,0.0,0.9857,292,334,298,337,1.0,True,76.6908,88.4761,70.5655,4.7711,75.9929,"88.48,86.85,84.13,81.96,80.88,79.79,79.79,80.88,79.79,78.16,77.62,77.08,76.54,76.54,75.45,74.36,73.82,73.82,73.82,73.82,73.82,72.19,71.65,71.65,71.65,70.57,71.65,70.57"
Rec-026_60s_2,1,2,3975,core,294,331,0.0,4.0,0.9859,296,334,302,337,1.0,True,77.0203,90.1043,70.5655,4.894,75.9929,"90.10,86.85,84.13,82.51,80.88,80.33,79.79,81.96,79.79,78.71,77.62,77.62,76.54,75.99,75.99,75.45,74.91,74.36,73.82,73.82,73.82,72.74,72.19,72.19,71.65,71.65,70.57,70.57"
Rec-026_60s_2,1,3,3976,core,298,331,0.0,4.0,0.9849,300,334,306,337,1.0,True,77.3886,91.7325,70.5655,5.255,76.2643,"91.73,88.48,85.22,83.05,80.88,80.33,79.79,83.05,80.88,78.71,78.16,77.62,77.08,75.99,76.54,75.99,74.91,74.36,73.82,73.82,73.28,72.74,72.74,72.19,71.65,71.65,71.65,70.57"
Rec-026_60s_2,1,4,3977,core,303,331,0.0,5.0,0.9873,305,334,311,337,1.0,True,76.6908,89.5616,70.5655,4.7,75.9929,"89.56,85.76,83.59,81.42,80.33,79.79,78.71,81.42,79.79,78.16,77.62,77.08,76.54,75.99,75.99,75.45,74.91,74.36,73.82,73.82,73.28,72.74,72.19,71.65,71.65,70.57,70.57,70.57"
Rec-026_60s_2,1,5,3978,core,307,331,0.0,4.0,0.9849,309,334,315,337,1.0,True,76.7877,90.1043,70.5655,4.9308,75.9929,"90.10,86.85,84.13,81.96,80.33,79.79,78.71,81.96,79.79,78.71,77.62,77.08,76.54,75.99,75.99,75.45,74.36,74.36,73.82,73.82,73.28,72.19,72.19,71.65,71.65,70.57,70.57,70.57"
Rec-026_60s_2,1,6,3979,core,312,331,0.0,5.0,0.9876,314,334,320,337,1.0,True,76.5163,87.9333,71.651,4.2969,75.7216,"87.93,85.22,83.05,80.88,80.33,79.79,78.71,80.88,78.71,78.16,77.08,76.54,75.99,75.99,75.45,74.91,74.91,74.36,73.82,73.82,73.28,72.19,72.19,71.65,71.65,71.65,71.65,71.65"
Rec-026_60s_2,1,7,3980,core,316,331,0.0,4.0,0.9849,318,334,324,337,1.0,True,77.0784,89.5616,71.651,4.6236,75.9929,"89.56,86.85,84.13,81.96,80.88,79.79,79.79,81.42,79.79,78.71,77.62,77.08,76.54,75.99,75.99,75.45,74.91,74.36,74.36,73.82,73.82,73.28,72.74,72.19,72.19,71.65,71.65,71.65"
Rec-026_60s_2,1,8,3981,core,321,331,0.0,5.0,0.9885,323,334,329,337,1.0,True,77.156,87.9333,72.7365,3.9638,76.5357,"87.93,85.22,83.05,80.88,80.33,80.33,79.79,80.88,79.79,78.16,77.62,77.08,77.08,77.08,75.99,75.45,74.91,74.91,74.36,74.36,74.36,73.28,73.28,73.28,72.74,72.74,72.74,72.74"
Rec-026_60s_2,1,9,3982,core,326,331,0.0,5.0,0.9853,328,334,334,337,1.0,True,77.7569,86.3051,73.822,3.4711,77.0784,"86.31,84.13,83.05,81.96,81.42,80.88,80.88,80.33,79.79,78.71,78.16,78.16,77.62,77.62,76.54,75.99,75.99,75.99,75.99,75.45,75.45,73.82,73.82,73.82,73.82,73.82,73.82,73.82"
Rec-026_60s_2,1,10,3983,core,330,331,0.0,4.0,0.9892,332,334,338,337,1.0,True,79.1137,89.0188,74.9074,3.7871,78.1639,"89.02,86.31,84.13,83.05,83.05,83.05,82.51,82.51,80.88,79.79,79.79,79.79,78.71,78.71,77.62,77.62,77.08,77.08,76.54,76.54,76.54,75.45,74.91,74.91,74.91,74.91,74.91,74.91"
Rec-026_60s_2,1,11,3984,core,339,331,0.0,9.0,0.9899,341,334,347,337,1.0,True,80.7226,90.1043,75.9929,3.8071,79.7922,"90.10,87.93,86.31,85.22,84.68,84.13,84.13,83.59,82.51,81.96,81.42,81.42,80.88,80.88,78.71,78.71,78.71,78.71,78.71,78.16,78.16,77.08,76.54,76.54,76.54,76.54,75.99,75.99"
Rec-026_60s_2,1,12,3985,core,353,331,0.0,14.0,0.9824,355,334,361,337,0.4286,False,77.156,89.0188,73.822,3.4562,75.9929,"89.02,84.68,79.79,77.62,76.54,75.99,75.45,83.05,80.88,77.62,76.54,75.99,74.91,74.91,78.71,77.62,76.54,75.99,74.91,74.36,74.36,76.54,75.99,75.45,74.91,74.36,73.82,73.82"
Rec-026_60s_2,1,13,3986,core,355,330,26.57,2.24,0.9815,357,333,363,336,0.1429,False,78.4159,94.4463,74.9074,4.5281,76.5357,"94.45,87.93,83.05,79.79,77.62,75.99,75.45,85.76,82.51,78.71,77.08,75.99,75.99,75.45,80.88,78.71,77.08,75.99,75.99,75.45,74.91,77.62,77.08,75.99,75.45,74.91,74.91,74.91"
Rec-026_60s_2,2,1,4109,core,290,331,0.0,0.0,0.9867,292,334,298,337,1.0,True,83.2618,92.2753,77.6212,4.7122,82.5059,"92.28,92.28,91.19,89.56,88.48,87.93,87.93,85.76,85.22,84.68,84.68,84.68,84.13,84.13,80.33,80.33,80.88,80.88,80.88,80.88,80.88,77.62,77.62,77.62,77.62,77.62,77.62,77.62"
Rec-026_60s_2,2,2,4110,core,294,331,0.0,4.0,0.9829,296,334,302,337,1.0,True,84.3473,96.0745,77.6212,4.9835,83.5914,"96.07,94.45,91.73,90.10,89.02,87.93,87.93,88.48,87.39,86.31,85.76,85.22,84.13,84.13,83.05,83.05,82.51,81.96,81.42,80.88,80.88,78.71,78.71,78.71,78.71,78.71,78.16,77.62"
Rec-026_60s_2,2,3,4111,core,298,331,0.0,4.0,0.9877,300,334,306,337,1.0,True,84.4636,97.7027,77.6212,5.123,83.5914,"97.70,94.99,92.28,89.56,88.48,87.93,86.85,89.56,87.93,86.31,85.76,84.68,84.13,83.59,83.59,83.05,82.51,81.96,81.42,80.88,80.88,79.79,79.79,78.71,78.71,78.16,78.16,77.62"
Rec-026_60s_2,2,4,4112,core,302,331,0.0,4.0,0.9849,304,334,310,337,1.0,True,84.3086,98.2455,77.6212,5.2362,83.5914,"98.25,95.53,92.28,89.56,87.93,87.39,86.31,89.56,87.93,86.31,85.22,84.13,84.13,83.59,83.59,83.05,81.96,81.42,80.88,80.88,80.33,79.79,78.71,78.71,78.71,78.71,78.16,77.62"
Rec-026_60s_2,2,5,4113,core,307,331,0.0,5.0,0.9881,309,334,315,337,1.0,True,83.7271,96.0745,77.6212,4.6748,83.0486,"96.07,93.36,90.65,88.48,87.39,86.31,85.76,88.48,86.85,85.76,84.13,84.13,83.59,83.05,83.05,82.51,81.96,81.42,80.88,80.88,80.33,79.79,78.71,78.71,78.71,78.16,77.62,77.62"
Rec-026_60s_2,2,6,4114,core,312,331,0.0,5.0,0.9853,314,334,320,337,1.0,True,83.1068,93.3608,77.6212,4.0181,82.7773,"93.36,91.19,88.48,87.39,86.31,85.76,85.22,87.39,85.76,84.68,84.13,83.59,83.05,83.05,82.51,81.96,81.42,80.88,80.88,80.33,80.33,79.79,78.71,78.71,78.71,78.16,77.62,77.62"
Rec-026_60s_2,2,7,4115,core,316,331,0.0,4.0,0.9891,318,334,324,337,1.0,True,83.32,94.4463,77.6212,4.2352,83.0486,"94.45,91.73,89.56,87.93,86.85,85.76,85.76,87.39,85.76,84.68,84.13,83.59,83.59,83.05,83.05,81.96,81.42,80.88,80.88,80.88,80.33,78.71,78.71,78.71,78.71,78.71,78.16,77.62"
Rec-026_60s_2,2,8,4116,core,321,331,0.0,5.0,0.9876,323,334,329,337,1.0,True,83.1262,92.2753,78.1639,3.8343,82.7773,"92.28,90.10,88.48,87.39,86.85,86.31,85.76,86.85,85.76,84.68,84.13,83.59,83.59,83.05,82.51,81.96,81.42,80.88,80.88,80.88,80.88,78.71,78.71,78.71,78.71,78.16,78.16,78.16"
Rec-026_60s_2,2,9,4117,core,325,331,0.0,4.0,0.9896,327,334,333,337,1.0,True,84.328,94.4463,79.7922,3.981,83.8627,"94.45,91.73,90.10,88.48,87.93,87.93,87.93,87.39,86.31,85.76,85.22,85.22,84.68,84.68,83.05,82.51,81.96,81.96,81.96,81.42,81.96,79.79,79.79,79.79,79.79,79.79,79.79,79.79"
Rec-026_60s_2,2,10,4118,core,330,331,0.0,5.0,0.9883,332,334,338,337,1.0,True,84.9095,93.3608,80.3349,3.7474,84.1341,"93.36,91.73,90.10,89.56,89.02,88.48,87.93,87.93,86.85,86.31,85.76,85.76,85.76,85.22,83.05,83.05,83.05,83.05,83.05,83.05,83.05,80.33,80.33,80.33,80.33,80.33,80.33,80.33"
Rec-026_60s_2,2,11,4119,core,334,331,0.0,4.0,0.9897,336,334,342,337,1.0,True,85.8593,95.5318,80.8776,4.0591,85.2196,"95.53,93.36,91.19,90.65,90.10,89.56,89.56,89.02,87.93,87.39,86.85,86.85,86.31,86.31,84.13,84.13,84.13,83.59,83.59,83.59,83.05,81.42,80.88,81.42,80.88,80.88,80.88,80.88"
Rec-026_60s_2,2,12,4120,core,339,331,0.0,5.0,0.9893,341,334,347,337,1.0,True,86.3633,94.4463,81.4204,3.9361,85.491,"94.45,93.36,91.73,91.19,91.19,90.65,90.65,89.02,87.93,87.93,87.93,87.39,87.39,86.85,84.13,84.13,84.13,84.13,84.13,84.13,84.13,81.42,81.96,81.96,81.96,81.42,81.42,81.42"
Rec-026_60s_2,2,13,4121,core,348,331,0.0,9.0,0.986,350,334,356,337,1.0,True,85.4134,96.0745,78.1639,4.3231,84.9482,"96.07,93.36,91.73,90.65,89.56,87.93,85.22,89.56,89.02,87.93,86.85,85.76,85.22,82.51,85.76,84.68,84.13,84.13,83.05,81.96,79.79,83.05,82.51,81.42,80.88,80.88,79.79,78.16"
Rec-026_60s_2,2,14,4122,core,352,331,0.0,4.0,0.9861,354,334,360,337,0.5714,False,80.3349,94.989,74.3647,5.4022,78.4353,"94.99,91.73,87.93,80.88,78.16,75.99,75.99,88.48,86.85,84.13,79.79,77.08,75.99,75.45,84.13,83.05,80.88,77.62,75.99,75.99,74.91,81.42,80.88,78.71,77.08,75.99,74.91,74.36"
Rec-026_60s_2,2,15,4123,core,355,331,0.0,3.0,0.9838,357,334,363,337,0.1429,False,77.1366,87.3906,74.3647,2.8622,75.9929,"87.39,83.05,79.79,77.62,76.54,75.99,75.45,81.96,78.71,77.62,76.54,75.99,75.45,74.91,78.71,77.62,76.54,75.45,75.45,74.91,74.91,77.62,75.99,75.99,75.45,74.91,74.91,74.36"
Rec-026_60s_2,2,16,4124,core,355,330,90.0,1.0,0.9915,357,333,363,336,0.1429,False,78.1252,92.2753,74.3647,3.9802,76.5357,"92.28,85.76,80.88,78.16,77.08,75.99,75.99,85.76,80.88,78.71,77.08,75.99,75.99,75.45,81.42,78.71,77.08,75.99,75.99,75.45,74.91,78.71,77.08,75.99,75.45,75.45,74.91,74.36"
Rec-026_60s_2,3,1,4253,core,291,331,0.0,1.0,0.986,293,334,299,337,1.0,True,87.3518,97.7027,80.8776,4.5523,86.5765,"97.70,96.07,94.45,92.28,91.73,91.73,91.19,90.10,89.56,89.02,89.02,88.48,88.48,87.93,84.13,84.68,85.22,85.22,85.22,85.22,84.68,80.88,81.42,81.96,82.51,82.51,82.51,81.96"
Rec-026_60s_2,3,2,4254,core,295,331,0.0,4.0,0.9836,297,334,303,337,1.0,True,88.6505,102.0447,82.5059,5.1306,87.662,"102.04,99.33,96.62,94.45,92.28,91.73,91.19,93.36,92.28,90.65,89.56,89.02,88.48,87.93,87.39,86.85,86.31,85.76,85.76,85.22,85.22,83.05,83.05,83.05,83.05,83.05,83.05,82.51"
Rec-026_60s_2,3,3,4255,core,300,331,0.0,5.0,0.9877,302,334,308,337,1.0,True,87.9527,100.4165,81.9631,4.6201,87.1192,"100.42,97.70,94.99,92.28,91.19,90.65,89.56,92.28,91.19,90.10,89.02,88.48,87.93,87.39,86.85,86.31,85.76,85.76,85.22,84.68,84.68,83.59,83.05,83.05,83.05,83.05,82.51,81.96"
Rec-026_60s_2,3,4,4256,core,313,331,0.0,13.0,0.9862,315,334,321,337,1.0,True,87.6813,99.8737,81.9631,4.3769,86.8478,"99.87,96.62,94.45,91.73,90.65,89.56,89.56,92.28,90.65,89.56,88.48,87.93,87.39,86.85,86.85,86.31,85.76,85.76,85.22,84.68,84.13,83.59,83.59,83.05,83.05,83.05,82.51,81.96"
Rec-026_60s_2,3,5,4257,core,318,331,0.0,5.0,0.9898,320,334,326,337,1.0,True,86.9448,97.7027,81.9631,3.9005,86.0337,"97.70,94.45,92.28,91.19,90.10,89.56,89.02,90.65,89.56,88.48,87.93,87.39,86.85,86.31,85.76,85.76,85.22,84.68,84.68,84.13,84.13,83.05,83.05,83.05,83.05,82.51,81.96,81.96"
Rec-026_60s_2,3,6,4258,core,327,331,0.0,9.0,0.9899,329,334,335,337,1.0,True,88.2628,97.7027,83.5914,3.7359,87.9333,"97.70,95.53,93.36,92.28,91.73,91.19,91.19,91.19,90.65,89.56,89.02,89.02,89.02,88.48,87.39,86.31,86.31,86.31,85.76,85.76,85.76,84.13,83.59,84.13,84.13,84.13,84.13,83.59"
Rec-026_60s_2,3,7,4259,core,332,331,0.0,5.0,0.9878,334,334,340,337,1.0,True,88.7862,97.16,84.1341,3.7022,88.7475,"97.16,95.53,94.45,93.36,92.28,92.28,91.73,91.19,90.65,90.10,89.56,89.56,89.56,89.56,87.93,87.39,87.39,86.85,86.85,86.85,86.31,84.68,84.13,84.13,84.13,84.13,84.13,84.13"
Rec-026_60s_2,3,8,4260,core,341,331,0.0,9.0,0.9882,343,334,349,337,1.0,True,90.2788,98.7882,85.2196,3.827,89.8329,"98.79,97.16,95.53,94.99,94.45,94.45,93.36,93.36,92.28,91.73,91.19,91.19,91.19,90.65,89.02,88.48,88.48,87.93,87.93,87.93,87.93,85.76,85.76,85.76,85.76,85.76,85.76,85.22"
Rec-026_60s_2,3,9,4261,core,345,331,0.0,4.0,0.9889,347,334,353,337,1.0,True,90.3951,100.4165,84.1341,4.1903,89.5616,"100.42,98.25,96.62,95.53,94.45,93.36,92.28,94.45,93.36,92.28,91.73,91.19,90.10,89.56,89.56,89.56,89.02,88.48,87.93,87.39,86.31,86.31,86.31,86.31,85.76,85.76,84.68,84.13"
Rec-026_60s_2,3,10,4262,core,350,331,0.0,5.0,0.9858,352,334,358,337,0.8571,False,85.2584,98.2455,75.9929,5.8974,85.2196,"98.25,95.53,93.36,91.19,87.93,80.88,77.62,92.28,91.19,89.56,88.48,85.22,79.79,77.62,88.48,87.93,86.31,85.22,83.05,78.71,76.54,85.76,84.68,84.13,83.05,80.88,77.62,75.99"
Rec-026_60s_2,3,11,4263,core,354,331,0.0,4.0,0.9871,356,334,362,337,0.2857,False,78.5128,93.3608,74.9074,4.3835,76.8071,"93.36,85.22,80.33,77.62,76.54,75.99,75.45,87.93,81.42,78.71,77.08,75.99,75.45,75.45,84.13,79.79,77.62,75.99,75.45,75.45,74.91,81.42,78.71,77.08,75.99,75.45,74.91,74.91"
Rec-026_60s_2,3,12,4264,core,355,330,45.0,1.41,0.9895,357,333,363,336,0.1429,False,78.9393,95.5318,74.3647,4.8271,77.0784,"95.53,87.93,83.05,79.79,77.62,75.99,75.99,87.93,83.05,79.79,77.62,76.54,75.99,75.45,83.05,79.79,77.62,75.99,75.99,75.45,74.91,80.33,77.62,76.54,75.99,75.45,74.91,74.36"
Rec-026_60s_2,4,1,4386,core,290,331,0.0,0.0,0.9871,292,334,298,337,1.0,True,88.069,95.5318,81.4204,4.0967,87.9333,"95.53,95.53,94.99,93.36,92.28,92.28,92.28,89.02,89.56,89.56,89.56,89.56,89.56,89.56,84.13,85.22,85.76,85.76,86.85,86.85,86.85,81.42,82.51,83.05,83.05,83.59,84.13,84.13"
Rec-026_60s_2,4,2,4387,core,292,331,0.0,2.0,0.9832,294,334,300,337,1.0,True,90.1043,101.502,83.5914,4.7736,89.2902,"101.50,99.87,97.70,95.53,94.45,93.36,93.36,93.36,92.28,91.73,91.19,91.19,90.65,90.65,87.93,87.93,87.93,87.93,87.93,87.93,87.93,83.59,84.13,84.13,84.68,84.68,84.68,84.68"
Rec-026_60s_2,4,3,4388,core,297,331,0.0,5.0,0.9875,299,334,305,337,1.0,True,90.4144,102.0447,84.6769,4.4719,89.8329,"102.04,99.33,97.16,95.53,94.45,92.28,92.28,94.99,93.36,92.28,91.19,90.65,90.10,90.10,89.56,89.02,88.48,88.48,87.93,87.93,87.39,85.76,85.76,85.76,85.22,85.22,84.68,84.68"
Rec-026_60s_2,4,4,4389,core,301,331,0.0,4.0,0.9857,303,334,309,337,1.0,True,90.647,103.6729,84.1341,4.7537,89.8329,"103.67,100.42,97.70,95.53,94.45,92.28,91.73,95.53,94.45,92.28,91.73,90.65,90.10,89.56,90.10,89.56,89.02,88.48,87.93,87.93,87.39,86.31,85.76,85.76,85.76,85.22,84.68,84.13"
Rec-026_60s_2,4,5,4390,core,306,331,0.0,5.0,0.9889,308,334,314,337,1.0,True,89.736,101.502,84.1341,4.1589,89.2902,"101.50,98.25,95.53,93.36,92.28,91.73,91.19,94.45,92.28,91.19,90.65,90.10,89.56,89.02,89.56,89.02,87.93,87.93,87.39,87.39,86.85,85.76,85.76,85.22,85.22,85.22,84.13,84.13"
Rec-026_60s_2,4,6,4391,core,310,331,0.0,4.0,0.986,312,334,318,337,1.0,True,89.9105,102.0447,84.1341,4.3084,89.5616,"102.04,98.79,96.07,94.45,92.28,91.73,91.19,94.45,93.36,91.19,90.65,89.56,89.56,89.56,89.56,89.02,87.93,87.93,87.93,87.39,86.85,85.76,85.76,85.22,85.22,85.22,84.68,84.13"
Rec-026_60s_2,4,7,4392,core,315,331,0.0,5.0,0.9899,317,334,323,337,1.0,True,89.3677,99.8737,84.1341,3.8928,89.0188,"99.87,97.16,94.99,93.36,92.28,91.19,90.65,93.36,91.73,91.19,90.10,89.56,89.56,89.02,89.02,88.48,87.93,87.93,87.39,86.85,86.31,85.76,85.76,85.22,84.68,84.68,84.13,84.13"
Rec-026_60s_2,4,8,4393,core,320,331,0.0,5.0,0.9874,322,334,328,337,1.0,True,89.1739,98.2455,84.6769,3.3983,89.0188,"98.25,95.53,94.45,92.28,91.73,91.19,91.19,92.28,91.19,90.65,89.56,89.56,89.56,89.56,88.48,87.93,87.93,87.93,87.39,87.39,86.85,85.76,85.76,85.22,85.22,84.68,84.68,84.68"
Rec-026_60s_2,4,9,4394,core,324,331,0.0,4.0,0.9902,326,334,332,337,1.0,True,89.8911,99.331,85.7624,3.5363,89.5616,"99.33,96.62,94.99,93.36,92.28,92.28,92.28,93.36,91.73,91.19,91.19,90.65,90.10,90.10,89.02,88.48,87.93,87.93,87.93,87.93,87.93,85.76,85.76,85.76,85.76,85.76,85.76,85.76"
Rec-026_60s_2,4,10,4395,core,329,331,0.0,5.0,0.988,331,334,337,337,1.0,True,90.6471,98.7882,86.3051,3.4571,90.3757,"98.79,97.16,95.53,94.45,94.45,93.36,93.36,93.36,92.28,91.73,91.19,91.19,91.19,91.19,89.56,89.56,89.56,89.02,89.02,89.02,89.02,86.31,86.31,86.31,86.31,86.31,86.31,86.31"
Rec-026_60s_2,4,11,4396,core,333,331,0.0,4.0,0.9905,335,334,341,337,1.0,True,92.1008,101.502,87.3906,3.6669,91.4612,"101.50,98.79,97.16,96.07,95.53,95.53,94.99,94.99,94.45,93.36,93.36,92.28,92.28,92.28,90.65,90.65,90.10,90.10,90.10,90.10,89.56,87.93,87.93,87.93,87.93,87.93,87.93,87.39"
Rec-026_60s_2,4,12,4397,core,338,331,0.0,5.0,0.9886,340,334,346,337,1.0,True,92.4498,100.4165,87.9333,3.4754,92.2753,"100.42,98.25,97.16,96.07,95.53,95.53,95.53,95.53,94.45,94.45,93.36,93.36,93.36,93.36,91.19,91.19,91.19,91.19,90.65,90.65,90.10,87.93,87.93,88.48,87.93,87.93,87.93,87.93"
Rec-026_60s_2,4,13,4398,core,342,331,0.0,4.0,0.9898,344,334,350,337,1.0,True,93.0506,102.0447,87.9333,3.7754,92.2753,"102.04,100.42,98.25,97.70,96.62,96.07,95.53,96.07,95.53,94.99,94.45,93.36,93.36,92.28,92.28,91.73,91.19,91.19,91.19,90.65,90.10,89.02,89.02,89.02,89.02,88.48,87.93,87.93"
Rec-026_60s_2,4,14,4399,core,351,331,0.0,9.0,0.9883,353,334,359,337,0.7143,False,84.8319,99.8737,75.4502,6.9321,84.4055,"99.87,97.16,94.45,90.10,83.05,78.71,76.54,94.45,92.28,90.65,87.39,80.88,77.62,76.54,90.10,89.02,87.39,84.13,79.79,77.62,75.99,87.39,85.76,84.68,83.05,78.71,76.54,75.45"
Rec-026_60s_2,4,15,4400,core,355,331,0.0,4.0,0.9873,357,334,363,337,0.1429,False,77.563,88.4761,74.3647,3.189,76.2643,"88.48,83.05,79.79,77.62,76.54,75.99,75.45,83.59,79.79,77.62,76.54,75.99,75.45,74.91,80.88,78.16,77.08,75.99,75.45,75.45,74.91,79.79,77.62,75.99,75.45,74.91,74.91,74.36"
Rec-026_60s_2,5,1,4525,core,291,331,0.0,1.0,0.9861,293,334,299,337,1.0,True,90.6083,99.8737,84.1341,4.1256,90.1043,"99.87,98.25,97.16,95.53,94.99,94.45,94.45,92.28,92.28,91.73,91.73,91.73,91.73,91.19,87.39,87.93,88.48,89.02,89.02,89.02,89.02,84.13,85.22,85.76,85.76,86.31,86.31,86.31"
Rec-026_60s_2,5,2,4526,core,295,331,0.0,4.0,0.9863,297,334,303,337,1.0,True,92.7017,105.3012,87.3906,4.6107,91.7325,"105.30,102.04,99.87,97.70,96.07,95.53,94.99,96.62,95.53,94.45,93.36,93.36,92.28,92.28,91.19,91.19,90.65,90.65,90.10,89.56,89.56,87.39,87.39,87.93,87.93,87.93,87.39,87.39"
Rec-026_60s_2,5,3,4527,core,300,331,0.0,5.0,0.9875,302,334,308,337,1.0,True,92.5273,104.2157,86.8478,4.2772,91.7325,"104.22,101.50,98.25,96.62,95.53,94.99,94.45,96.62,95.53,94.45,93.36,93.36,92.28,91.73,91.73,91.19,91.19,90.65,90.10,89.56,89.56,87.93,87.93,87.93,87.93,87.93,87.39,86.85"
Rec-026_60s_2,5,4,4528,core,304,331,0.0,4.0,0.9882,306,334,312,337,1.0,True,92.3528,104.2157,86.8478,4.3145,91.4612,"104.22,101.50,98.25,96.62,95.53,94.45,93.36,97.16,95.53,94.45,93.36,92.28,91.73,91.19,91.73,91.19,91.19,90.10,89.56,89.56,89.02,88.48,87.93,87.93,87.93,87.39,87.39,86.85"
Rec-026_60s_2,5,5,4529,core,309,331,0.0,5.0,0.9887,311,334,317,337,1.0,True,91.1898,102.0447,85.7624,3.835,90.6471,"102.04,99.33,96.62,94.99,93.36,92.28,91.73,95.53,94.45,92.28,91.73,91.19,90.65,90.10,91.19,90.65,90.10,89.56,89.02,88.48,87.93,87.93,87.93,87.93,87.39,86.85,86.31,85.76"
Rec-026_60s_2,5,6,4530,core,313,331,0.0,4.0,0.989,315,334,321,337,1.0,True,90.9766,102.0447,85.7624,3.8796,90.3757,"102.04,98.79,96.62,94.45,93.36,92.28,91.73,95.53,94.45,92.28,91.19,91.19,90.65,90.10,90.65,90.10,89.56,89.02,89.02,88.48,87.93,87.93,87.93,87.39,86.85,86.31,85.76,85.76"
Rec-026_60s_2,5,7,4531,core,318,331,0.0,5.0,0.9899,320,334,326,337,1.0,True,90.492,99.8737,85.7624,3.505,89.8329,"99.87,97.70,95.53,94.45,93.36,92.28,91.73,94.45,92.28,91.73,91.19,90.65,90.10,89.56,90.10,89.56,89.56,89.02,88.48,87.93,87.93,87.39,86.85,86.85,86.85,86.31,86.31,85.76"
Rec-026_60s_2,5,8,4532,core,322,331,0.0,4.0,0.9891,324,334,330,337,1.0,True,91.0347,101.502,86.8478,3.5968,90.6471,"101.50,98.25,96.07,94.45,93.36,93.36,92.28,94.45,93.36,92.28,91.19,91.19,91.19,91.19,90.10,89.56,89.56,89.56,89.02,89.02,88.48,87.93,87.39,86.85,86.85,86.85,86.85,86.85"
Rec-026_60s_2,5,9,4533,core,327,331,0.0,5.0,0.9904,329,334,335,337,1.0,True,91.5387,99.8737,87.9333,3.2182,90.9184,"99.87,98.25,96.07,94.99,94.45,94.45,93.36,94.45,93.36,92.28,92.28,91.73,91.19,91.19,90.65,90.10,90.10,90.10,89.56,89.56,89.56,87.93,87.93,87.93,87.93,87.93,87.93,87.93"
Rec-026_60s_2,5,10,4534,core,331,331,0.0,4.0,0.9887,333,334,339,337,1.0,True,92.566,102.0447,88.4761,3.5545,91.7325,"102.04,99.87,97.70,96.62,95.53,94.99,94.99,95.53,94.99,93.36,93.36,92.28,92.28,92.28,91.19,91.19,90.65,90.65,90.65,90.65,90.65,89.02,89.02,88.48,88.48,88.48,88.48,88.48"
Rec-026_60s_2,5,11,4535,core,336,331,0.0,5.0,0.9906,338,334,344,337,1.0,True,93.1669,101.502,89.0188,3.2051,92.818,"101.50,99.33,97.70,96.62,96.07,95.53,95.53,95.53,94.99,94.45,94.45,93.36,93.36,93.36,92.28,91.73,91.73,91.19,91.19,91.19,91.19,89.56,89.56,89.56,89.56,89.56,89.02,89.56"
Rec-026_60s_2,5,12,4536,core,340,331,0.0,4.0,0.9878,342,334,348,337,1.0,True,94.1361,103.1302,89.5616,3.578,93.9035,"103.13,100.96,99.33,98.25,97.16,97.16,96.62,97.16,96.07,95.53,94.99,94.45,94.45,94.45,93.36,92.28,92.28,92.28,92.28,92.28,91.73,90.10,90.10,90.10,90.10,90.10,89.56,89.56"
Rec-026_60s_2,5,13,4537,core,345,331,0.0,5.0,0.9899,347,334,353,337,1.0,True,93.6903,103.1302,87.9333,3.6447,93.3608,"103.13,100.96,98.79,97.70,96.62,95.53,94.99,97.16,96.07,95.53,94.99,94.45,93.36,92.28,93.36,93.36,92.28,92.28,91.73,91.19,90.10,90.65,90.65,90.10,90.10,89.56,88.48,87.93"
Rec-026_60s_2,5,14,4538,core,349,331,0.0,4.0,0.9863,351,334,357,337,1.0,True,90.2594,103.1302,78.7067,5.8381,90.1043,"103.13,100.96,98.25,95.53,93.36,90.10,83.05,97.16,95.53,94.45,92.28,91.19,87.93,81.42,92.28,91.73,91.19,89.56,88.48,85.76,80.33,90.10,89.56,88.48,87.39,85.76,83.59,78.71"
Rec-026_60s_2,5,15,4539,core,354,331,0.0,5.0,0.9882,356,334,362,337,0.2857,False,79.23,95.5318,74.3647,5.0924,77.3498,"95.53,86.31,80.88,78.16,77.08,75.99,75.45,90.10,83.05,78.71,77.62,75.99,75.99,75.45,86.85,81.42,78.16,77.08,75.99,75.45,74.91,84.13,79.79,77.62,75.99,75.45,74.91,74.36"
Rec-026_60s_2,5,16,4540,core,355,330,45.0,1.41,0.9889,357,333,363,336,0.1429,False,79.3851,97.7027,74.9074,5.2353,77.3498,"97.70,88.48,83.05,79.79,77.62,76.54,75.99,89.56,83.05,79.79,77.62,76.54,75.99,75.45,84.68,80.33,77.62,76.54,75.99,75.45,75.45,81.96,78.71,77.08,75.99,75.45,75.45,74.91"
Rec-026_60s_2,6,1,4670,core,290,331,0.0,0.0,0.9866,292,334,298,337,1.0,True,91.0929,98.7882,84.1341,4.0746,90.9184,"98.79,98.79,97.70,96.07,95.53,95.53,95.53,91.73,92.28,92.28,92.28,92.28,92.28,92.28,86.85,87.93,89.02,89.56,89.56,90.10,90.10,84.13,85.22,85.76,86.85,86.85,87.39,87.93"
Rec-026_60s_2,6,2,4671,core,294,331,0.0,4.0,0.987,296,334,302,337,1.0,True,93.3026,103.6729,87.9333,4.1899,92.2753,"103.67,102.04,99.87,98.25,96.62,96.07,95.53,96.62,95.53,94.99,94.45,94.45,93.36,93.36,91.19,91.19,91.19,91.19,91.19,91.19,91.19,87.93,88.48,88.48,88.48,89.02,88.48,88.48"
Rec-026_60s_2,6,3,4672,core,298,331,0.0,4.0,0.9848,300,334,306,337,1.0,True,94.0974,106.9294,88.4761,4.5553,93.3608,"106.93,103.67,101.50,98.79,97.16,96.07,95.53,98.25,97.16,95.53,94.99,94.45,93.36,93.36,93.36,92.28,92.28,91.73,91.19,91.19,90.65,89.56,89.56,89.56,89.56,89.56,89.02,88.48"
Rec-026_60s_2,6,4,4673,core,303,331,0.0,5.0,0.9888,305,334,311,337,1.0,True,93.3026,104.2157,87.9333,3.9681,92.2753,"104.22,102.04,98.79,97.16,95.53,94.99,94.45,97.70,96.07,94.99,94.45,93.36,92.28,92.28,93.36,92.28,91.73,91.19,91.19,90.65,90.10,90.10,89.56,89.56,89.56,89.02,87.93,87.93"
Rec-026_60s_2,6,5,4674,core,312,331,0.0,9.0,0.9903,314,334,320,337,1.0,True,92.0621,102.0447,87.3906,3.5184,91.4612,"102.04,99.33,97.16,95.53,94.45,93.36,92.28,96.07,94.99,93.36,92.28,92.28,91.73,91.19,91.73,91.19,90.65,90.65,90.10,89.56,89.56,89.02,89.02,88.48,88.48,87.93,87.93,87.39"
Rec-026_60s_2,6,6,4675,core,316,331,0.0,4.0,0.987,318,334,324,337,1.0,True,92.0427,103.1302,87.3906,3.8526,91.1898,"103.13,100.42,98.25,95.53,94.45,93.36,92.28,96.07,94.99,93.36,92.28,91.73,91.19,91.19,91.73,91.19,90.65,90.10,89.56,89.56,89.56,89.02,88.48,87.93,87.93,87.93,87.93,87.39"
Rec-026_60s_2,6,7,4676,core,321,331,0.0,5.0,0.9907,323,334,329,337,1.0,True,91.3061,100.9592,86.8478,3.2993,90.9184,"100.96,98.25,96.07,94.45,93.36,92.28,92.28,94.99,93.36,92.28,91.73,91.19,91.19,90.65,91.19,90.65,89.56,89.56,89.56,89.02,89.02,88.48,88.48,87.93,87.93,87.93,87.39,86.85"
Rec-026_60s_2,6,8,4677,core,335,331,0.0,14.0,0.988,337,334,343,337,1.0,True,93.3995,101.502,89.5616,3.1142,92.818,"101.50,98.79,97.70,96.62,96.07,96.07,95.53,95.53,95.53,94.45,94.45,94.45,94.45,93.36,92.28,92.28,91.73,91.73,91.73,91.73,91.73,89.56,90.10,89.56,89.56,89.56,89.56,89.56"
Rec-026_60s_2,6,9,4678,core,339,331,0.0,4.0,0.9908,341,334,347,337,1.0,True,94.6207,103.1302,90.6471,3.4082,94.1749,"103.13,101.50,99.33,98.25,97.70,97.70,97.16,97.16,96.07,95.53,95.53,95.53,94.99,94.99,93.36,93.36,93.36,93.36,92.28,92.28,92.28,90.65,90.65,90.65,90.65,90.65,90.65,90.65"
Rec-026_60s_2,6,10,4679,core,344,331,0.0,5.0,0.9881,346,334,352,337,1.0,True,94.4075,103.1302,89.0188,3.4109,93.9035,"103.13,100.96,99.33,98.25,97.70,96.62,95.53,97.16,96.62,95.53,95.53,95.53,94.45,93.36,94.45,93.36,93.36,93.36,92.28,91.73,91.19,91.19,91.19,91.19,91.19,90.65,89.56,89.02"
Rec-026_60s_2,6,11,4680,core,348,331,0.0,4.0,0.9897,350,334,356,337,1.0,True,92.3722,103.6729,83.5914,4.6192,91.7325,"103.67,101.50,98.79,96.62,94.99,93.36,89.56,97.70,96.07,95.53,94.45,92.28,90.65,87.93,94.45,93.36,92.28,91.19,89.56,87.93,85.76,91.19,90.65,90.10,89.02,87.93,86.31,83.59"
Rec-026_60s_2,6,12,4681,core,355,331,0.0,7.0,0.9848,357,334,363,337,0.1429,False,78.1058,90.6471,74.9074,3.662,76.5357,"90.65,84.13,80.33,77.62,76.54,75.99,75.45,85.22,80.88,78.16,76.54,75.99,75.45,75.45,82.51,78.71,77.62,76.54,75.99,75.45,74.91,80.88,77.62,76.54,75.99,75.45,75.45,74.91"
Rec-027_std_2,1,1,1125,core,290,331,0.0,0.0,0.984,292,334,298,337,1.0,True,91.2673,98.2455,85.2196,3.6371,91.4612,"98.25,98.25,97.16,95.53,95.53,94.99,94.99,92.28,92.28,92.28,92.28,92.28,92.28,92.28,87.93,87.93,89.02,89.56,90.10,90.65,90.65,85.22,85.76,86.85,87.39,87.93,87.93,87.93"
Rec-027_std_2,1,2,1126,core,293,331,0.0,3.0,0.9832,295,334,301,337,1.0,True,93.3414,103.6729,87.9333,3.9843,92.2753,"103.67,102.04,99.33,97.70,96.62,95.53,95.53,96.07,95.53,94.99,94.45,94.45,93.36,93.36,91.19,91.19,91.19,91.19,91.19,91.19,91.19,87.93,89.02,89.02,89.02,89.56,89.02,89.02"
Rec-027_std_2,1,3,1127,core,297,331,0.0,4.0,0.9817,299,334,305,337,1.0,True,93.9617,106.3867,89.5616,4.2596,92.818,"106.39,103.13,100.42,98.25,96.62,95.53,94.45,98.25,97.16,95.53,94.45,94.45,93.36,92.28,93.36,92.28,92.28,91.73,91.19,91.19,91.19,89.56,90.10,89.56,89.56,89.56,89.56,89.56"
Rec-027_std_2,1,4,1128,core,302,331,0.0,5.0,0.9845,304,334,310,337,1.0,True,93.3026,103.6729,89.5616,3.5124,92.2753,"103.67,100.96,98.25,96.62,95.53,94.45,93.36,97.16,95.53,94.99,94.45,93.36,92.28,92.28,92.28,92.28,92.28,91.19,91.19,91.19,91.19,90.10,90.10,89.56,89.56,89.56,89.56,89.56"
Rec-027_std_2,1,5,1129,core,306,331,0.0,4.0,0.9825,308,334,314,337,1.0,True,93.5934,105.3012,89.5616,3.7838,92.2753,"105.30,102.04,98.79,96.62,95.53,94.45,93.36,98.25,96.07,94.99,94.45,93.36,92.28,92.28,93.36,92.28,92.28,91.73,91.19,91.19,90.65,90.65,90.65,90.10,90.10,89.56,89.56,89.56"
Rec-027_std_2,1,6,1130,core,311,331,0.0,5.0,0.9854,313,334,319,337,1.0,True,92.8374,102.0447,89.0188,3.1228,92.2753,"102.04,99.87,97.16,95.53,94.45,93.36,93.36,96.62,95.53,93.36,93.36,92.28,92.28,92.28,92.28,92.28,91.73,91.19,91.19,90.65,90.65,90.65,90.10,89.56,89.56,89.56,89.56,89.02"
Rec-027_std_2,1,7,1131,core,315,331,0.0,4.0,0.9827,317,334,323,337,1.0,True,93.2251,103.1302,89.5616,3.3665,92.2753,"103.13,100.96,98.25,96.07,94.99,94.45,94.45,96.62,95.53,94.45,93.36,93.36,92.28,92.28,92.28,92.28,91.73,91.19,91.19,91.19,91.19,90.10,90.10,90.10,90.10,89.56,89.56,89.56"
Rec-027_std_2,1,8,1132,core,320,331,0.0,5.0,0.9855,322,334,328,337,1.0,True,93.5158,102.0447,89.5616,2.9828,93.3608,"102.04,99.87,97.70,96.07,95.53,94.99,94.45,96.62,95.53,94.45,94.45,93.36,93.36,93.36,93.36,92.28,92.28,91.73,91.73,91.19,91.19,91.19,90.65,90.65,90.65,90.10,90.10,89.56"
Rec-027_std_2,1,9,1133,core,324,331,0.0,4.0,0.9823,326,334,332,337,1.0,True,94.2524,104.2157,90.6471,3.3401,93.3608,"104.22,101.50,98.79,97.70,96.62,95.53,94.99,97.70,96.07,95.53,94.45,94.45,94.45,93.36,93.36,93.36,92.28,92.28,92.28,91.73,91.73,91.19,91.19,91.19,91.19,90.65,90.65,90.65"
Rec-027_std_2,1,10,1134,core,329,331,0.0,5.0,0.9854,331,334,337,337,1.0,True,94.1749,103.1302,90.6471,3.0236,93.3608,"103.13,100.42,98.25,97.16,96.07,95.53,95.53,97.16,96.07,94.99,94.99,94.45,94.45,93.36,93.36,93.36,92.28,92.28,92.28,92.28,92.28,91.73,91.19,91.19,91.19,90.65,90.65,90.65"
Rec-027_std_2,1,11,1135,core,334,331,0.0,5.0,0.9821,336,334,342,337,1.0,True,94.0392,102.0447,90.1043,2.83,93.3608,"102.04,99.33,98.25,97.16,96.07,96.07,95.53,96.62,95.53,94.99,94.45,94.45,94.45,93.36,93.36,93.36,92.28,92.28,92.28,92.28,91.73,91.73,91.19,91.19,91.19,91.19,90.65,90.10"
Rec-027_std_2,1,12,1136,core,338,331,0.0,4.0,0.985,340,334,346,337,1.0,True,94.4269,103.1302,90.1043,3.163,93.9035,"103.13,100.96,98.79,98.25,96.62,96.07,95.53,97.70,96.07,95.53,95.53,94.45,94.45,93.36,94.45,93.36,93.36,92.28,92.28,92.28,91.73,91.73,91.73,91.19,91.19,91.19,90.65,90.10"
Rec-027_std_2,1,13,1137,core,343,331,0.0,5.0,0.9822,345,334,351,337,1.0,True,93.1669,102.0447,87.9333,3.2149,92.818,"102.04,99.33,97.70,96.62,95.53,94.45,93.36,96.62,95.53,94.45,94.45,93.36,92.28,91.19,93.36,93.36,92.28,91.73,91.19,90.65,89.56,91.19,91.19,90.65,90.10,89.56,89.02,87.93"
Rec-027_std_2,1,14,1138,core,347,331,0.0,4.0,0.984,349,334,355,337,1.0,True,90.744,101.502,84.1341,3.8815,90.1043,"101.50,98.25,96.07,94.45,92.28,91.19,89.56,95.53,94.45,92.28,91.19,90.65,89.02,87.93,92.28,91.19,90.10,89.56,88.48,86.85,85.76,90.10,89.56,88.48,87.93,86.85,85.22,84.13"
Rec-027_std_2,1,15,1139,core,355,331,0.0,8.0,0.9817,357,334,363,337,0.1429,False,77.8344,88.4761,74.9074,3.0577,76.5357,"88.48,83.05,79.79,78.16,77.08,75.99,75.99,83.59,79.79,78.16,77.08,75.99,75.99,75.45,80.88,78.71,77.08,75.99,75.99,75.99,75.45,79.79,77.62,75.99,75.99,75.45,74.91,74.91"
Rec-027_std_2,2,1,1285,core,290,331,0.0,0.0,0.984,292,334,298,337,1.0,True,91.4612,98.7882,85.2196,3.5752,91.4612,"98.79,98.79,97.16,95.53,95.53,94.99,94.99,92.28,92.28,92.28,92.28,92.28,92.28,92.28,87.93,88.48,89.56,89.56,90.65,90.65,90.65,85.22,86.31,87.39,87.93,87.93,88.48,88.48"
Rec-027_std_2,2,2,1286,core,294,331,0.0,4.0,0.981,296,334,302,337,1.0,True,93.1475,103.1302,89.0188,3.5452,92.0039,"103.13,100.96,98.25,96.62,95.53,94.99,94.45,96.62,95.53,94.45,93.36,93.36,93.36,92.28,91.73,91.73,91.73,91.19,91.19,91.19,90.65,89.56,89.56,89.56,89.56,89.56,89.02,89.02"
Rec-027_std_2,2,3,1287,core,298,331,0.0,4.0,0.9844,300,334,306,337,1.0,True,93.6128,105.3012,89.0188,3.8773,92.2753,"105.30,102.04,99.33,97.16,95.53,94.99,94.45,97.70,96.07,94.99,94.45,93.36,92.28,92.28,93.36,92.28,92.28,91.73,91.19,91.19,91.19,90.65,90.10,89.56,89.56,89.56,89.56,89.02"
Rec-027_std_2,2,4,1288,core,302,331,0.0,4.0,0.9814,304,334,310,337,1.0,True,93.826,105.8439,89.5616,4.0789,92.2753,"105.84,103.13,99.87,97.70,96.07,94.99,94.45,98.25,96.62,95.53,94.45,93.36,92.28,92.28,93.36,92.28,92.28,91.73,91.19,91.19,91.19,90.65,90.10,90.10,89.56,89.56,89.56,89.56"
Rec-027_std_2,2,5,1289,core,307,331,0.0,5.0,0.9855,309,334,315,337,1.0,True,93.322,103.1302,89.5616,3.3455,92.2753,"103.13,100.96,98.25,96.07,94.99,94.45,93.36,97.16,95.53,94.99,93.36,93.36,92.28,92.28,93.36,92.28,92.28,91.73,91.19,91.19,90.65,90.65,90.65,90.10,90.10,89.56,89.56,89.56"
Rec-027_std_2,2,6,1290,core,312,331,0.0,5.0,0.9829,314,334,320,337,1.0,True,92.8956,101.502,89.5616,2.8964,92.2753,"101.50,98.79,96.62,95.53,94.45,94.45,93.36,96.07,94.99,94.45,93.36,93.36,92.28,92.28,92.28,92.28,91.73,91.19,91.19,91.19,91.19,90.65,90.10,89.56,89.56,89.56,89.56,89.56"
Rec-027_std_2,2,7,1291,core,321,331,0.0,9.0,0.9842,323,334,329,337,1.0,True,93.8841,102.0447,90.1043,2.8737,93.3608,"102.04,99.87,98.25,96.62,95.53,95.53,94.99,96.62,95.53,94.99,94.45,94.45,93.36,93.36,93.36,93.36,92.28,92.28,92.28,92.28,91.73,91.19,91.19,91.19,90.65,90.65,90.65,90.10"
Rec-027_std_2,2,8,1292,core,330,331,0.0,9.0,0.9848,332,334,338,337,1.0,True,94.5819,103.1302,91.1898,3.0031,94.4463,"103.13,100.42,98.79,97.70,96.62,96.62,96.07,97.70,96.07,95.53,94.99,94.99,94.45,94.45,94.45,93.36,93.36,93.36,92.28,92.28,92.28,91.73,91.73,91.19,91.19,91.19,91.19,91.19"
Rec-027_std_2,2,9,1293,core,334,331,0.0,4.0,0.9862,336,334,342,337,1.0,True,95.1828,104.2157,91.1898,3.2797,94.7176,"104.22,102.04,99.87,98.25,98.25,97.16,96.62,98.25,97.16,96.07,95.53,95.53,94.99,94.99,94.45,94.45,93.36,93.36,93.36,93.36,92.28,92.28,92.28,91.73,91.73,91.19,91.19,91.19"
Rec-027_std_2,2,10,1294,core,339,331,0.0,5.0,0.9851,341,334,347,337,1.0,True,94.6982,103.1302,90.1043,3.1994,94.4463,"103.13,100.96,99.33,98.25,97.70,96.62,96.07,97.70,96.62,95.53,95.53,94.99,94.45,94.45,94.45,94.45,93.36,93.36,92.28,92.28,91.73,92.28,91.73,91.19,91.19,91.19,90.65,90.10"
Rec-027_std_2,2,11,1295,core,343,331,0.0,4.0,0.985,345,334,351,337,1.0,True,93.9617,103.6729,88.4761,3.6476,93.3608,"103.67,101.50,99.33,97.70,96.62,95.53,94.45,97.70,96.62,95.53,94.99,94.45,93.36,92.28,94.45,93.36,93.36,92.28,91.19,91.19,90.10,91.19,91.19,91.19,90.10,89.56,89.56,88.48"
Rec-027_std_2,2,12,1296,core,352,331,0.0,9.0,0.9828,354,334,360,337,0.5714,False,82.6997,98.2455,75.4502,6.3646,80.8776,"98.25,94.99,90.10,83.05,78.71,77.62,76.54,92.28,90.10,86.85,81.42,78.71,77.08,75.99,89.02,87.39,84.68,80.33,77.62,76.54,75.99,86.85,85.22,83.05,78.71,77.08,75.99,75.45"
Rec-027_std_2,2,13,1297,core,355,331,0.0,3.0,0.9813,357,334,363,337,0.1429,False,78.0476,89.0188,74.9074,3.1858,76.8071,"89.02,83.59,80.33,78.16,77.08,75.99,75.99,84.13,80.33,78.16,77.08,75.99,75.99,75.45,81.42,78.71,77.62,76.54,75.99,75.99,75.45,79.79,77.62,76.54,75.99,75.99,75.45,74.91"
Rec-027_std_2,3,1,1450,core,291,331,0.0,1.0,0.9837,293,334,299,337,1.0,True,92.6824,102.0447,86.8478,3.776,92.2753,"102.04,100.42,98.25,97.16,96.07,95.53,95.53,94.99,94.45,93.36,93.36,93.36,93.36,93.36,89.56,90.10,90.65,91.19,91.19,91.19,91.19,86.85,87.93,87.93,89.02,89.02,89.02,89.02"
Rec-027_std_2,3,2,1451,core,295,331,0.0,4.0,0.9828,297,334,303,337,1.0,True,93.9617,105.8439,89.5616,4.2324,92.818,"105.84,103.13,100.96,98.25,96.62,95.53,94.99,98.25,96.62,95.53,94.45,94.45,93.36,92.28,93.36,92.28,92.28,91.73,91.73,91.19,91.19,89.56,89.56,89.56,89.56,89.56,89.56,89.56"
Rec-027_std_2,3,3,1452,core,300,331,0.0,5.0,0.9848,302,334,308,337,1.0,True,93.7485,105.3012,89.5616,3.771,92.818,"105.30,102.04,98.79,97.16,95.53,94.99,94.45,97.70,96.07,94.99,94.45,94.45,93.36,92.28,93.36,92.28,92.28,91.73,91.73,91.19,91.19,90.65,90.10,90.10,90.10,89.56,89.56,89.56"
Rec-027_std_2,3,4,1453,core,304,331,0.0,4.0,0.9841,306,334,312,337,1.0,True,93.826,105.3012,89.5616,3.8012,92.818,"105.30,102.04,99.33,97.16,95.53,94.99,94.45,98.25,96.62,95.53,94.45,93.36,93.36,92.28,93.36,92.28,92.28,91.73,91.73,91.19,91.19,90.65,90.65,90.10,90.10,90.10,89.56,89.56"
Rec-027_std_2,3,5,1454,core,309,331,0.0,5.0,0.9859,311,334,317,337,1.0,True,93.2832,103.1302,89.5616,3.2652,92.2753,"103.13,100.42,97.70,95.53,94.99,94.45,94.45,97.16,95.53,94.45,93.36,93.36,92.28,92.28,93.36,92.28,92.28,91.73,91.19,91.19,91.19,90.65,90.65,90.10,89.56,89.56,89.56,89.56"
Rec-027_std_2,3,6,1455,core,318,331,0.0,9.0,0.9864,320,334,326,337,1.0,True,93.5158,102.0447,90.1043,2.853,93.3608,"102.04,99.33,97.70,96.07,94.99,94.99,94.45,96.62,95.53,94.45,93.36,93.36,93.36,93.36,93.36,92.28,92.28,92.28,91.73,91.73,91.19,90.65,90.65,90.65,90.65,90.65,90.65,90.10"
Rec-027_std_2,3,7,1456,core,322,331,0.0,4.0,0.9836,324,334,330,337,1.0,True,94.3106,103.6729,90.6471,3.1435,93.9035,"103.67,100.96,98.79,97.16,96.07,95.53,95.53,97.70,96.07,95.53,94.45,94.45,94.45,94.45,93.36,93.36,92.28,92.28,92.28,92.28,92.28,91.19,91.19,91.19,91.19,91.19,91.19,90.65"
Rec-027_std_2,3,8,1457,core,327,331,0.0,5.0,0.9862,329,334,335,337,1.0,True,94.3881,103.1302,90.6471,2.9845,94.4463,"103.13,100.42,98.25,97.16,96.07,96.07,95.53,97.70,96.07,95.53,94.45,94.45,94.45,94.45,94.45,93.36,93.36,93.36,92.28,92.28,92.28,91.19,91.19,91.19,91.19,91.19,91.19,90.65"
Rec-027_std_2,3,9,1458,core,331,331,0.0,4.0,0.9832,333,334,339,337,1.0,True,94.8533,103.6729,91.1898,3.2391,94.4463,"103.67,102.04,99.33,98.25,97.16,96.62,96.07,98.25,96.62,95.53,95.53,94.99,94.45,94.45,94.45,94.45,93.36,93.36,93.36,92.28,92.28,91.73,91.73,91.19,91.19,91.19,91.19,91.19"
Rec-027_std_2,3,10,1459,core,336,331,0.0,5.0,0.9863,338,334,344,337,1.0,True,94.7564,103.1302,90.6471,3.0407,94.4463,"103.13,100.96,98.79,97.70,97.16,96.62,96.62,97.70,96.62,95.53,95.53,94.99,94.99,94.45,94.45,93.36,93.36,93.36,93.36,92.28,92.28,91.73,91.73,91.73,91.73,91.19,91.19,90.65"
Rec-027_std_2,3,11,1460,core,341,331,0.0,5.0,0.9828,343,334,349,337,1.0,True,93.9811,102.0447,89.5616,3.1371,93.3608,"102.04,99.87,98.25,97.70,96.62,96.07,95.53,97.16,96.07,95.53,94.99,94.45,93.36,93.36,93.36,93.36,93.36,92.28,92.28,91.19,91.19,91.19,91.19,91.19,90.65,90.10,89.56,89.56"
Rec-027_std_2,3,12,1461,core,345,331,0.0,4.0,0.9854,347,334,353,337,1.0,True,92.7017,102.0447,86.3051,3.7162,92.2753,"102.04,100.42,98.25,96.62,95.53,94.45,92.28,97.16,95.53,94.45,93.36,92.28,91.19,90.65,93.36,92.28,92.28,91.19,90.65,89.56,87.93,91.19,90.65,90.10,89.56,88.48,87.93,86.31"
Rec-027_std_2,3,13,1462,core,350,331,0.0,5.0,0.9809,352,334,358,337,0.8571,False,86.4602,99.331,76.5357,6.0173,87.1192,"99.33,96.07,94.45,91.73,87.93,81.96,78.16,94.45,92.28,90.65,89.02,85.76,80.88,77.62,90.65,89.56,87.93,86.31,84.13,79.79,77.62,88.48,87.93,85.76,84.68,82.51,78.71,76.54"
Rec-027_std_2,3,14,1463,core,354,331,0.0,4.0,0.9831,356,334,362,337,0.2857,False,79.1137,93.3608,74.9074,4.4511,77.3498,"93.36,85.76,80.88,78.16,77.08,76.54,75.99,88.48,82.51,78.71,77.62,76.54,75.99,75.99,85.22,80.88,78.16,77.08,75.99,75.45,75.45,83.59,79.79,77.62,75.99,75.99,75.45,74.91"
Rec-027_std_2,4,1,1612,core,290,331,0.0,0.0,0.9849,292,334,298,337,1.0,True,91.5775,98.7882,85.7624,3.588,91.4612,"98.79,98.79,97.70,95.53,95.53,95.53,95.53,92.28,92.28,92.28,92.28,92.28,92.28,92.28,87.93,88.48,89.56,90.10,90.65,90.65,90.65,85.76,86.31,87.39,87.93,88.48,88.48,88.48"
Rec-027_std_2,4,2,1613,core,293,331,0.0,3.0,0.9841,295,334,301,337,1.0,True,93.5352,104.2157,88.4761,3.962,92.5467,"104.22,102.04,99.87,98.25,96.62,95.53,95.53,96.62,95.53,94.99,94.45,93.36,93.36,93.36,91.73,91.73,91.19,91.73,91.19,91.19,91.19,88.48,89.56,89.56,89.56,89.56,89.56,89.02"
Rec-027_std_2,4,3,1614,core,298,331,0.0,5.0,0.9824,300,334,306,337,1.0,True,93.3608,103.1302,89.5616,3.4783,92.2753,"103.13,100.96,98.25,96.62,95.53,94.99,94.45,97.16,95.53,94.99,94.45,93.36,93.36,92.28,92.28,92.28,92.28,91.19,91.19,91.19,90.65,90.10,90.10,89.56,89.56,89.56,89.56,89.56"
Rec-027_std_2,4,4,1615,core,302,331,0.0,4.0,0.9854,304,334,310,337,1.0,True,93.6128,104.2157,89.5616,3.7024,92.818,"104.22,102.04,98.79,97.16,95.53,94.99,94.45,97.70,96.07,94.99,94.45,93.36,93.36,92.28,93.36,92.28,92.28,91.73,91.19,91.19,91.19,90.10,90.10,90.10,89.56,89.56,89.56,89.56"
Rec-027_std_2,4,5,1616,core,307,331,0.0,5.0,0.9826,309,334,315,337,1.0,True,93.0506,102.0447,89.5616,2.9707,92.2753,"102.04,99.33,97.16,95.53,94.99,94.45,93.36,96.07,94.99,94.45,93.36,93.36,92.28,92.28,92.28,92.28,92.28,91.73,91.19,91.19,90.65,90.65,90.65,90.10,90.10,89.56,89.56,89.56"
Rec-027_std_2,4,6,1617,core,311,331,0.0,4.0,0.9865,313,334,319,337,1.0,True,93.2832,103.1302,89.5616,3.3164,92.2753,"103.13,100.42,98.25,96.07,95.53,94.45,94.45,96.62,95.53,94.45,93.36,93.36,92.28,92.28,93.36,92.28,91.73,91.19,91.19,91.19,91.19,90.65,90.65,90.10,89.56,89.56,89.56,89.56"
Rec-027_std_2,4,7,1618,core,316,331,0.0,5.0,0.9841,318,334,324,337,1.0,True,93.2639,101.502,90.1043,2.7178,92.2753,"101.50,98.79,97.16,95.53,94.99,94.45,94.45,96.07,94.99,94.45,93.36,93.36,93.36,92.28,92.28,92.28,92.28,91.73,91.73,91.73,91.19,91.19,90.65,90.65,90.65,90.10,90.10,90.10"
Rec-027_std_2,4,8,1619,core,320,331,0.0,4.0,0.9864,322,334,328,337,1.0,True,94.0198,103.1302,90.6471,2.9916,93.3608,"103.13,100.42,98.25,96.62,95.53,95.53,94.99,97.16,95.53,94.99,94.45,94.45,93.36,93.36,93.36,93.36,92.28,92.28,92.28,92.28,92.28,91.19,91.19,91.19,91.19,90.65,90.65,90.65"
Rec-027_std_2,4,9,1620,core,325,331,0.0,5.0,0.984,327,334,333,337,1.0,True,94.1943,102.0447,91.1898,2.7001,93.9035,"102.04,99.33,98.25,96.62,96.07,95.53,95.53,96.62,95.53,95.53,94.45,94.45,94.45,94.45,93.36,93.36,93.36,93.36,92.28,92.28,92.28,91.19,91.19,91.19,91.19,91.19,91.19,91.19"
Rec-027_std_2,4,10,1621,core,329,331,0.0,4.0,0.9865,331,334,337,337,1.0,True,94.7176,103.6729,91.1898,3.1363,94.4463,"103.67,100.96,99.33,97.70,96.62,96.62,95.53,98.25,96.62,95.53,95.53,94.99,94.99,94.45,94.45,93.36,93.36,93.36,92.28,92.28,92.28,92.28,91.73,91.19,91.19,91.19,91.19,91.19"
Rec-027_std_2,4,11,1622,core,338,331,0.0,9.0,0.9862,340,334,346,337,1.0,True,94.6595,103.1302,90.1043,3.1725,94.4463,"103.13,100.96,99.33,98.25,97.16,96.07,95.53,97.70,96.62,96.07,95.53,94.99,94.45,94.45,94.45,94.45,93.36,93.36,92.28,92.28,91.73,92.28,91.73,91.19,91.19,91.19,90.65,90.10"
Rec-027_std_2,4,12,1623,core,343,331,0.0,5.0,0.9849,345,334,351,337,1.0,True,93.2832,102.0447,87.9333,3.2588,92.818,"102.04,99.33,98.25,96.62,95.53,94.99,94.45,96.62,95.53,94.99,94.45,93.36,92.28,91.73,93.36,93.36,92.28,91.73,91.19,90.65,89.56,91.19,91.19,90.65,90.10,89.56,89.02,87.93"
Rec-027_std_2,4,13,1624,core,347,331,0.0,4.0,0.9847,349,334,355,337,1.0,True,91.248,102.0447,84.1341,4.065,90.9184,"102.04,98.79,97.16,95.53,93.36,91.73,90.10,96.07,94.99,93.36,92.28,91.19,89.56,87.93,92.28,91.73,91.19,89.56,89.02,87.39,85.76,90.65,89.56,89.02,87.93,86.85,85.76,84.13"
Rec-027_std_2,4,14,1625,core,355,331,0.0,8.0,0.9831,357,334,363,337,0.1429,False,77.9119,88.4761,74.9074,3.0236,76.8071,"88.48,83.05,79.79,77.62,77.08,75.99,75.99,83.59,79.79,77.62,77.08,75.99,75.99,75.99,81.42,78.71,77.62,76.54,75.99,75.99,75.45,79.79,77.62,76.54,75.99,75.45,75.45,74.91"
Rec-027_std_2,5,1,1767,core,291,331,0.0,1.0,0.9833,293,334,299,337,1.0,True,93.1088,102.0447,87.3906,3.7867,92.5467,"102.04,100.42,98.25,97.70,97.16,96.62,96.07,94.99,94.45,94.45,94.45,94.45,94.45,93.36,89.56,90.65,91.19,91.19,91.19,91.73,91.19,87.39,87.93,88.48,89.02,89.56,89.56,89.56"
Rec-027_std_2,5,2,1768,core,304,331,0.0,13.0,0.9855,306,334,312,337,1.0,True,94.3881,105.8439,89.5616,3.9388,93.3608,"105.84,103.13,100.42,98.25,96.07,95.53,94.99,98.79,97.16,95.53,94.99,94.45,93.36,93.36,94.45,93.36,92.28,92.28,92.28,91.73,91.19,91.19,91.19,90.65,90.65,90.10,90.10,89.56"
Rec-027_std_2,5,3,1769,core,309,331,0.0,5.0,0.9841,311,334,317,337,1.0,True,93.7678,103.6729,89.5616,3.3821,93.3608,"103.67,101.50,98.25,96.62,95.53,94.99,94.45,97.70,96.07,94.99,94.45,93.36,93.36,92.28,93.36,93.36,92.28,92.28,91.73,91.19,91.19,91.19,91.19,90.65,90.65,90.10,89.56,89.56"
Rec-027_std_2,5,4,1770,core,322,331,0.0,13.0,0.9864,324,334,330,337,1.0,True,94.233,103.1302,90.6471,3.1122,93.3608,"103.13,100.96,98.79,97.16,96.07,95.53,95.53,97.70,96.07,95.53,94.45,94.45,94.45,93.36,93.36,93.36,92.28,92.28,92.28,92.28,92.28,91.19,91.19,91.19,91.19,91.19,90.65,90.65"
Rec-027_std_2,5,5,1771,core,327,331,0.0,5.0,0.9858,329,334,335,337,1.0,True,94.5044,103.1302,90.6471,2.9383,94.4463,"103.13,100.42,98.25,97.16,96.62,96.07,95.53,97.70,96.07,95.53,94.99,94.45,94.45,94.45,94.45,93.36,93.36,93.36,93.36,92.28,92.28,91.73,91.73,91.19,91.19,91.19,91.19,90.65"
Rec-027_std_2,5,6,1772,core,331,331,0.0,4.0,0.9866,333,334,339,337,1.0,True,95.5705,105.3012,91.7325,3.4355,95.2604,"105.30,103.13,100.42,98.79,98.25,97.70,97.16,98.25,97.70,96.62,95.53,95.53,95.53,95.53,94.99,94.45,94.45,93.36,93.36,93.36,93.36,92.28,92.28,91.73,91.73,91.73,91.73,91.73"
Rec-027_std_2,5,7,1773,core,336,331,0.0,5.0,0.9861,338,334,344,337,1.0,True,95.493,103.6729,91.1898,3.1378,95.2604,"103.67,102.04,99.87,98.25,98.25,97.70,97.70,98.25,97.16,96.62,96.07,95.53,95.53,95.53,94.99,94.45,94.45,94.45,93.36,93.36,93.36,92.28,92.28,92.28,92.28,91.73,91.19,91.19"
Rec-027_std_2,5,8,1774,core,345,331,0.0,9.0,0.9853,347,334,353,337,1.0,True,93.8454,103.6729,87.3906,3.8469,93.3608,"103.67,101.50,99.33,98.25,96.62,95.53,94.45,98.25,96.62,95.53,94.99,94.45,92.28,91.73,94.45,93.36,93.36,92.28,91.19,90.65,89.56,91.73,91.19,91.19,90.10,89.56,88.48,87.39"
Rec-027_std_2,5,9,1775,core,354,331,0.0,9.0,0.9833,356,334,362,337,0.2857,False,79.2494,94.4463,74.9074,4.7204,77.3498,"94.45,85.76,80.88,78.16,77.08,75.99,75.99,89.56,83.05,78.71,77.62,76.54,75.99,75.99,85.76,80.88,78.16,77.08,75.99,75.45,75.45,84.13,79.79,77.62,76.54,75.99,75.45,74.91"
Rec-027_std_2,6,1,1910,core,290,331,0.0,0.0,0.9857,292,334,298,337,1.0,True,92.5467,99.331,85.7624,3.587,92.5467,"98.79,99.33,98.25,96.62,96.07,96.62,96.07,93.36,93.36,93.36,93.36,94.45,94.45,94.45,88.48,89.56,90.65,91.19,91.19,91.73,91.73,85.76,87.39,87.93,88.48,89.56,89.56,89.56"
Rec-027_std_2,6,2,1911,core,293,331,0.0,3.0,0.9822,295,334,301,337,1.0,True,95.0665,106.3867,89.5616,4.2999,94.1749,"106.39,104.22,102.04,99.87,98.25,97.70,97.16,98.25,97.70,96.62,95.53,95.53,95.53,94.99,92.28,93.36,93.36,93.36,92.28,92.28,92.28,89.56,90.10,90.65,90.65,90.65,90.65,90.65"
Rec-027_std_2,6,3,1912,core,302,331,0.0,9.0,0.9839,304,334,310,337,1.0,True,95.1053,107.4722,90.1043,4.1673,94.4463,"107.47,104.22,101.50,98.79,97.16,96.07,95.53,99.87,98.25,96.62,95.53,94.45,94.45,93.36,94.99,94.45,93.36,93.36,92.28,92.28,91.73,91.73,91.19,91.19,91.19,91.19,90.65,90.10"
Rec-027_std_2,6,4,1913,core,316,331,0.0,14.0,0.9874,318,334,324,337,1.0,True,93.6515,102.0447,90.1043,3.0305,93.3608,"102.04,100.42,98.25,96.07,95.53,94.99,94.45,97.16,95.53,94.99,94.45,93.36,93.36,92.28,93.36,93.36,92.28,92.28,91.73,91.19,91.19,91.19,91.19,90.65,90.65,90.10,90.10,90.10"
Rec-027_std_2,6,5,1914,core,321,331,0.0,5.0,0.9839,323,334,329,337,1.0,True,93.574,101.502,90.6471,2.6444,93.3608,"101.50,98.79,97.16,95.53,95.53,94.99,94.99,96.07,95.53,94.45,94.45,93.36,93.36,93.36,93.36,92.28,92.28,92.28,91.73,91.73,91.73,91.19,91.19,90.65,90.65,90.65,90.65,90.65"
Rec-027_std_2,6,6,1915,core,325,331,0.0,4.0,0.9874,327,334,333,337,1.0,True,94.3881,103.1302,91.1898,2.9633,93.9035,"103.13,100.42,98.25,97.16,96.62,96.07,95.53,97.16,96.07,95.53,94.99,94.45,94.45,94.45,93.36,93.36,93.36,93.36,92.28,92.28,92.28,91.19,91.19,91.19,91.19,91.19,91.19,91.19"
Rec-027_std_2,6,7,1916,core,334,331,0.0,9.0,0.9872,336,334,342,337,1.0,True,95.3379,103.6729,91.1898,3.04,94.7176,"103.67,101.50,99.33,98.25,98.25,97.16,97.16,98.25,97.16,96.07,95.53,95.53,95.53,94.99,94.45,94.45,94.45,94.45,93.36,93.36,93.36,92.28,92.28,92.28,91.73,91.73,91.73,91.19"
Rec-027_std_2,6,8,1917,core,343,331,0.0,9.0,0.9863,345,334,351,337,1.0,True,94.6982,103.6729,89.5616,3.4341,94.4463,"103.67,101.50,99.87,98.25,97.70,96.62,95.53,98.25,97.16,96.07,95.53,94.99,94.45,93.36,94.45,94.45,93.36,93.36,92.28,91.73,91.19,92.28,92.28,91.73,91.19,90.65,90.10,89.56"
Rec-027_std_2,6,9,1918,core,348,331,0.0,5.0,0.9831,350,334,356,337,1.0,True,91.0541,101.502,83.0486,4.2504,90.9184,"101.50,98.79,97.16,94.99,93.36,91.73,87.93,96.07,94.99,93.36,92.28,91.19,89.56,86.31,93.36,91.73,91.19,90.10,89.02,87.39,84.13,90.65,89.56,89.56,87.93,86.85,85.76,83.05"
Rec-027_std_2,6,10,1919,core,352,331,0.0,4.0,0.9844,354,334,360,337,0.5714,False,83.1068,98.7882,75.4502,6.7139,80.8776,"98.79,95.53,91.19,83.05,78.71,77.62,75.99,93.36,91.19,87.93,81.42,78.16,77.08,75.99,89.56,87.93,85.76,80.33,77.62,76.54,75.99,87.93,86.31,84.13,79.79,77.62,75.99,75.45"
Rec-027_std_2,6,11,1920,core,355,331,0.0,3.0,0.9822,357,334,363,337,0.1429,False,78.0864,89.0188,74.9074,3.177,76.8071,"89.02,83.59,79.79,77.62,77.08,75.99,75.99,84.13,80.33,78.16,77.08,76.54,75.99,75.99,81.42,78.71,77.62,76.54,75.99,75.99,75.45,80.88,77.62,76.54,75.99,75.99,75.45,74.91"
Rec-027_std_2,6,12,1921,core,355,330,90.0,1.0,0.9917,357,333,363,336,0.1429,False,78.978,93.3608,75.4502,4.2526,77.3498,"93.36,86.85,81.96,78.71,77.62,76.54,75.99,87.39,81.96,78.71,77.62,76.54,75.99,75.99,83.59,79.79,77.62,77.08,75.99,75.99,75.45,81.42,78.71,77.08,75.99,75.99,75.99,75.45"
Rec-027_std_2,7,1,2058,core,290,331,0.0,0.0,0.9897,292,334,298,337,1.0,True,91.6356,97.7027,85.2196,3.4845,91.1898,"97.16,97.70,97.16,96.07,95.53,96.07,96.07,91.19,91.73,92.28,92.28,93.36,93.36,93.36,87.39,88.48,89.56,90.10,90.65,91.19,91.19,85.22,86.31,87.39,87.93,89.02,89.02,89.02"
Rec-027_std_2,7,2,2059,core,297,331,0.0,7.0,0.983,299,334,305,337,1.0,True,94.8146,105.3012,90.1043,3.7125,94.4463,"105.30,103.13,100.42,98.25,97.16,96.07,95.53,98.25,97.16,96.07,95.53,94.99,94.45,94.45,94.45,94.45,93.36,93.36,92.28,92.28,91.73,91.19,91.19,91.19,91.19,90.65,90.65,90.10"
Rec-027_std_2,7,3,2060,core,301,331,0.0,4.0,0.9868,303,334,309,337,1.0,True,94.6789,106.3867,89.5616,3.9577,93.9035,"106.39,103.13,100.42,98.25,96.62,95.53,94.99,99.33,97.70,96.07,95.53,94.45,93.36,93.36,94.99,94.45,93.36,92.28,92.28,91.73,91.19,91.73,91.19,91.19,91.19,90.65,90.10,89.56"
Rec-027_std_2,7,4,2061,core,305,331,0.0,4.0,0.9839,307,334,313,337,1.0,True,94.4656,106.3867,89.5616,3.9764,93.3608,"106.39,103.13,100.42,98.25,96.07,95.53,94.45,98.79,97.70,95.53,94.99,94.45,93.36,93.36,94.45,93.36,93.36,92.28,92.28,91.73,91.19,91.19,91.19,91.19,90.65,90.10,90.10,89.56"
Rec-027_std_2,7,5,2062,core,310,331,0.0,5.0,0.9879,312,334,318,337,1.0,True,93.574,103.1302,89.5616,3.2865,92.818,"103.13,100.96,98.25,96.07,95.53,94.45,94.45,97.70,95.53,94.45,94.45,93.36,93.36,92.28,93.36,92.28,92.28,92.28,91.73,91.19,91.19,91.19,90.65,90.65,90.10,90.10,89.56,89.56"
Rec-027_std_2,7,6,2063,core,315,331,0.0,5.0,0.9849,317,334,323,337,1.0,True,93.0119,101.502,89.5616,2.8322,92.2753,"101.50,98.79,97.16,95.53,94.45,94.45,93.36,96.07,94.99,94.45,93.36,93.36,92.28,92.28,92.28,92.28,91.73,91.73,91.19,91.19,91.19,90.65,90.65,90.10,90.10,90.10,89.56,89.56"
Rec-027_std_2,7,7,2064,core,319,331,0.0,4.0,0.9878,321,334,327,337,1.0,True,93.574,102.0447,90.1043,2.9348,93.3608,"102.04,99.87,97.70,96.07,95.53,94.99,94.45,96.62,95.53,94.45,94.45,93.36,93.36,93.36,93.36,92.28,92.28,92.28,91.73,91.73,91.19,90.65,91.19,90.65,90.65,90.10,90.10,90.10"
Rec-027_std_2,7,8,2065,core,324,331,0.0,5.0,0.9853,326,334,332,337,1.0,True,93.9811,101.502,91.1898,2.6098,93.9035,"101.50,98.79,97.70,96.62,96.07,95.53,95.53,96.07,95.53,94.99,94.45,94.45,94.45,94.45,93.36,92.28,92.28,92.28,92.28,92.28,92.28,91.19,91.19,91.19,91.19,91.19,91.19,91.19"
Rec-027_std_2,7,9,2066,core,328,331,0.0,4.0,0.9877,330,334,336,337,1.0,True,95.2022,103.1302,91.7325,2.9845,94.989,"103.13,101.50,98.79,98.25,97.70,97.16,97.16,97.70,97.16,96.07,95.53,95.53,95.53,95.53,94.45,94.45,94.45,93.36,93.36,93.36,93.36,91.73,91.73,91.73,91.73,91.73,91.73,91.73"
Rec-027_std_2,7,10,2067,core,333,331,0.0,5.0,0.9857,335,334,341,337,1.0,True,95.5512,103.1302,92.2753,2.807,94.989,"103.13,100.96,99.33,98.25,98.25,97.70,97.70,97.70,97.16,96.62,96.07,95.53,95.53,95.53,94.45,94.45,94.45,94.45,94.45,94.45,93.36,92.28,92.28,92.28,92.28,92.28,92.28,92.28"
Rec-027_std_2,7,11,2068,core,337,331,0.0,4.0,0.9872,339,334,345,337,1.0,True,96.1133,105.3012,91.7325,3.2465,95.5318,"105.30,102.04,100.96,99.33,98.79,98.25,98.25,98.79,98.25,97.16,96.62,96.07,96.07,95.53,95.53,94.99,94.99,94.45,94.45,94.45,93.36,93.36,93.36,92.28,92.28,92.28,92.28,91.73"
Rec-027_std_2,7,12,2069,core,342,331,0.0,5.0,0.9855,344,334,350,337,1.0,True,95.5705,103.6729,90.6471,3.2498,95.2604,"103.67,102.04,100.42,98.79,98.25,97.70,96.62,98.79,98.25,97.16,96.62,95.53,95.53,94.45,95.53,94.99,94.45,94.45,93.36,93.36,92.28,93.36,92.28,92.28,92.28,91.73,91.19,90.65"
Rec-027_std_2,7,13,2070,core,346,331,0.0,4.0,0.986,348,334,354,337,1.0,True,93.9229,104.2157,86.8478,4.0731,93.3608,"104.22,102.04,99.87,98.25,96.62,94.99,93.36,98.25,97.70,96.07,94.99,94.45,92.28,91.19,94.99,94.45,93.36,92.28,91.19,90.10,88.48,92.28,91.73,91.19,90.65,89.56,88.48,86.85"
Rec-027_std_2,7,14,2071,core,351,331,0.0,5.0,0.9836,353,334,359,337,0.7143,False,85.5879,100.4165,75.9929,6.9974,86.3051,"100.42,97.16,94.45,90.10,83.05,78.71,77.08,94.99,93.36,91.19,87.93,81.42,78.16,76.54,91.19,90.10,88.48,85.76,80.88,77.62,75.99,89.56,87.93,86.85,84.13,79.79,77.62,75.99"
Rec-027_std_2,7,15,2072,core,355,331,0.0,4.0,0.9838,357,334,363,337,0.1429,False,77.8926,87.9333,74.9074,3.0513,76.5357,"87.93,82.51,79.79,77.62,76.54,75.99,75.99,84.13,79.79,77.62,77.08,75.99,75.99,75.45,81.96,78.71,77.62,75.99,75.99,75.45,75.45,80.88,77.62,76.54,75.99,75.99,75.45,74.91"
Rec-027_std_2,8,1,2213,core,290,331,0.0,0.0,0.9861,292,334,298,337,1.0,True,93.1863,100.4165,86.3051,3.7069,92.818,"99.87,100.42,98.79,97.70,97.16,97.16,97.16,93.36,94.45,94.45,94.45,94.45,94.45,94.99,89.02,90.10,90.65,91.19,92.28,92.28,92.28,86.31,87.93,89.02,89.56,89.56,90.10,90.10"
Rec-027_std_2,8,2,2214,core,298,331,0.0,8.0,0.9862,300,334,306,337,1.0,True,95.2991,106.3867,90.1043,3.9364,94.4463,"106.39,103.67,101.50,98.79,97.70,96.62,95.53,99.33,98.25,97.16,96.07,95.53,94.45,94.45,94.99,94.45,94.45,93.36,93.36,92.28,92.28,91.73,91.73,91.19,91.19,91.19,90.65,90.10"
Rec-027_std_2,8,3,2215,core,302,331,0.0,4.0,0.9863,304,334,310,337,1.0,True,94.8533,106.9294,89.5616,4.0683,93.9035,"106.93,103.67,100.96,98.25,97.16,95.53,94.99,99.33,98.25,96.62,95.53,94.45,93.36,93.36,94.99,94.45,93.36,92.28,92.28,91.73,91.19,92.28,91.73,91.19,91.19,90.65,90.65,89.56"
Rec-027_std_2,8,4,2216,core,307,331,0.0,5.0,0.9872,309,334,315,337,1.0,True,93.6515,103.6729,89.5616,3.3785,92.2753,"103.67,100.96,98.25,96.62,95.53,94.99,94.45,97.70,96.07,94.99,94.45,93.36,92.28,92.28,93.36,92.28,92.28,92.28,91.73,91.19,91.19,91.19,91.19,90.65,90.10,90.10,89.56,89.56"
Rec-027_std_2,8,5,2217,core,311,331,0.0,4.0,0.987,313,334,319,337,1.0,True,93.7485,104.2157,89.5616,3.517,92.818,"104.22,101.50,98.79,97.16,95.53,94.99,94.45,97.70,96.07,94.99,94.45,93.36,93.36,92.28,93.36,92.28,92.28,91.73,91.73,91.19,91.19,91.19,90.65,90.65,90.10,90.10,90.10,89.56"
Rec-027_std_2,8,6,2218,core,320,331,0.0,9.0,0.9862,322,334,328,337,1.0,True,93.9035,103.1302,90.6471,3.1313,93.3608,"103.13,100.96,98.25,97.16,95.53,95.53,94.99,97.16,95.53,94.99,94.45,93.36,93.36,93.36,93.36,92.28,92.28,92.28,92.28,91.73,91.73,91.19,91.19,90.65,90.65,90.65,90.65,90.65"
Rec-027_std_2,8,7,2219,core,325,331,0.0,5.0,0.9875,327,334,333,337,1.0,True,94.5238,102.0447,91.1898,2.7702,93.9035,"102.04,100.42,98.25,97.16,96.62,96.07,96.07,97.16,95.53,95.53,94.99,94.99,94.99,94.45,93.36,93.36,93.36,93.36,93.36,93.36,93.36,91.73,91.19,91.19,91.19,91.19,91.19,91.19"
Rec-027_std_2,8,8,2220,core,329,331,0.0,4.0,0.9856,331,334,337,337,1.0,True,95.745,104.2157,92.2753,3.068,95.2604,"104.22,102.04,100.42,98.79,98.25,97.70,97.16,98.25,97.70,96.62,96.07,95.53,95.53,95.53,94.99,94.99,94.45,94.45,94.45,94.45,93.36,92.28,92.28,92.28,92.28,92.28,92.28,92.28"
Rec-027_std_2,8,9,2221,core,334,331,0.0,5.0,0.9877,336,334,342,337,1.0,True,96.0551,103.6729,92.2753,2.9065,95.5318,"103.67,102.04,100.42,98.79,98.25,98.25,97.70,98.79,97.70,97.16,96.62,96.07,96.07,95.53,95.53,94.99,94.99,94.45,94.45,94.45,94.45,93.36,93.36,93.36,92.28,92.28,92.28,92.28"
Rec-027_std_2,8,10,2222,core,338,331,0.0,4.0,0.9847,340,334,346,337,1.0,True,96.249,105.3012,91.7325,3.3553,95.5318,"105.30,103.13,100.96,99.87,98.79,98.25,97.70,99.33,98.25,97.70,97.16,96.62,96.07,95.53,95.53,95.53,94.99,94.45,94.45,94.45,93.36,93.36,93.36,92.28,92.28,92.28,92.28,91.73"
Rec-027_std_2,8,11,2223,core,343,331,0.0,5.0,0.9869,345,334,351,337,1.0,True,95.5705,104.2157,90.1043,3.3892,95.2604,"104.22,102.04,100.42,99.33,98.25,97.70,96.62,98.79,98.25,97.16,96.62,95.53,95.53,94.45,95.53,94.99,94.99,94.45,93.36,93.36,92.28,93.36,92.28,92.28,91.73,91.19,91.19,90.10"
Rec-027_std_2,8,12,2224,core,347,331,0.0,4.0,0.9829,349,334,355,337,1.0,True,93.8841,105.3012,86.3051,4.3985,93.3608,"105.30,103.13,100.42,98.25,96.07,94.99,93.36,98.79,97.70,96.07,94.99,93.36,92.28,90.65,94.99,94.45,93.36,92.28,91.19,89.56,88.48,92.28,91.73,91.19,90.10,89.56,87.93,86.31"
Rec-027_std_2,8,13,2225,core,352,331,0.0,5.0,0.9848,354,334,360,337,0.5714,False,83.9209,100.4165,75.4502,7.4111,81.6918,"100.42,97.70,92.28,84.13,79.79,77.62,75.99,94.99,93.36,89.56,82.51,78.71,77.08,75.99,91.19,89.56,86.85,80.88,77.62,76.54,75.45,89.56,87.93,84.68,80.33,77.62,75.99,75.45"
Rec-027_std_2,8,14,2226,core,355,331,0.0,3.0,0.9829,357,334,363,337,0.1429,False,78.2221,89.5616,74.9074,3.3998,77.0784,"89.56,84.13,80.33,77.62,77.08,75.99,75.99,84.68,80.88,78.16,77.08,75.99,75.99,75.45,82.51,78.71,77.62,76.54,75.99,75.99,75.45,80.88,78.16,77.08,75.99,75.99,75.45,74.91"
Rec-027_std_2,9,1,2367,core,290,331,0.0,0.0,0.9873,292,334,298,337,1.0,True,93.1476,99.331,86.3051,3.6849,92.818,"98.79,99.33,98.79,97.70,97.70,97.70,97.70,93.36,93.36,94.45,94.45,94.99,94.99,94.99,88.48,89.56,91.19,91.19,92.28,92.28,92.28,86.31,87.93,88.48,89.56,89.56,90.10,90.65"
Rec-027_std_2,9,2,2368,core,301,331,0.0,11.0,0.9869,303,334,309,337,1.0,True,95.6481,107.4722,90.6471,4.078,94.7176,"107.47,104.22,102.04,99.33,97.70,96.62,95.53,100.42,98.79,97.16,96.62,95.53,94.45,94.45,95.53,94.99,94.45,94.45,93.36,92.28,92.28,92.28,92.28,91.73,91.19,91.19,91.19,90.65"
Rec-027_std_2,9,3,2369,core,310,331,0.0,9.0,0.9876,312,334,318,337,1.0,True,93.8841,104.2157,89.5616,3.5752,93.3608,"104.22,102.04,98.79,97.16,95.53,94.45,94.45,98.25,96.62,94.99,94.45,93.36,93.36,92.28,94.45,93.36,92.28,92.28,91.73,91.19,90.65,91.19,91.19,90.65,90.65,90.10,89.56,89.56"
Rec-027_std_2,9,4,2370,core,315,331,0.0,5.0,0.9872,317,334,323,337,1.0,True,92.9537,102.0447,89.5616,3.0171,92.2753,"102.04,99.33,97.16,95.53,94.45,94.45,93.36,96.62,94.99,94.45,93.36,92.28,92.28,92.28,92.28,92.28,91.73,91.19,91.19,91.19,90.65,90.65,90.10,90.10,90.10,89.56,89.56,89.56"
Rec-027_std_2,9,5,2371,core,324,331,0.0,9.0,0.9874,326,334,332,337,1.0,True,94.2912,102.0447,91.1898,2.7325,93.9035,"102.04,99.87,98.25,96.62,96.07,96.07,95.53,96.62,95.53,95.53,94.99,94.45,94.45,94.45,93.36,93.36,93.36,93.36,93.36,92.28,92.28,91.19,91.19,91.19,91.19,91.19,91.19,91.19"
Rec-027_std_2,9,6,2372,core,333,331,0.0,9.0,0.9876,335,334,341,337,1.0,True,96.2296,103.6729,92.2753,2.8234,95.8031,"103.67,102.04,100.42,99.33,98.25,98.25,98.25,98.25,97.70,97.16,96.62,96.62,96.62,96.07,95.53,94.99,94.99,94.99,94.45,94.45,94.45,93.36,93.36,93.36,93.36,93.36,92.28,92.28"
Rec-027_std_2,9,7,2373,core,337,331,0.0,4.0,0.9866,339,334,345,337,1.0,True,97.0825,105.8439,92.2753,3.2426,96.6172,"105.84,103.67,102.04,100.42,99.33,99.33,98.25,99.87,99.33,98.25,97.70,97.16,97.16,96.62,96.62,96.07,95.53,95.53,95.53,94.99,94.45,94.45,94.45,93.36,93.36,93.36,93.36,92.28"
Rec-027_std_2,9,8,2374,core,342,331,0.0,5.0,0.9872,344,334,350,337,1.0,True,96.6754,105.3012,91.1898,3.3436,96.0745,"105.30,103.13,101.50,100.42,99.33,98.25,98.25,99.87,98.79,98.25,97.70,97.16,96.07,95.53,96.62,96.07,95.53,95.53,94.99,94.45,93.36,94.45,94.45,93.36,93.36,92.28,91.73,91.19"
Rec-027_std_2,9,9,2375,core,346,331,0.0,4.0,0.9851,348,334,354,337,1.0,True,94.8339,105.8439,87.9333,4.1254,94.4463,"105.84,103.13,100.96,98.79,97.16,95.53,94.45,99.87,98.25,97.16,95.53,94.45,93.36,91.73,95.53,95.53,94.45,93.36,92.28,91.19,89.56,93.36,92.28,92.28,91.19,90.65,89.56,87.93"
Rec-027_std_2,9,10,2376,core,351,331,0.0,5.0,0.9853,353,334,359,337,0.7143,False,86.1306,101.502,75.9929,7.4092,86.8478,"101.50,98.25,95.53,90.65,83.05,78.71,77.08,96.07,94.45,92.28,88.48,81.96,78.16,76.54,92.28,91.19,89.56,86.31,80.88,77.62,75.99,90.10,89.02,87.39,84.68,80.33,77.62,75.99"
Rec-027_std_2,9,11,2377,core,355,331,0.0,4.0,0.9849,357,334,363,337,0.1429,False,77.9119,88.4761,74.9074,3.1763,76.5357,"88.48,83.05,79.79,77.62,76.54,75.99,75.99,84.13,79.79,78.16,77.08,75.99,75.99,75.45,81.96,78.71,77.62,75.99,75.99,75.45,74.91,80.88,77.62,76.54,75.99,75.45,75.45,74.91"
Rec-027_std_2,10,1,2514,core,290,331,0.0,0.0,0.9827,292,334,298,337,1.0,True,93.6903,102.0447,86.3051,4.0208,93.3608,"101.50,102.04,100.42,98.25,97.70,97.70,97.70,94.45,94.45,94.45,94.45,94.99,95.53,94.99,89.56,90.65,91.19,92.28,92.28,92.28,92.28,86.31,87.93,89.02,89.56,90.10,90.65,90.65"
Rec-027_std_2,10,2,2515,core,304,331,0.0,14.0,0.9869,306,334,312,337,1.0,True,94.8921,105.3012,90.1043,3.6265,94.4463,"105.30,103.13,99.87,98.25,96.62,95.53,94.99,99.33,97.70,96.07,95.53,94.99,94.45,93.36,94.99,94.45,93.36,93.36,92.28,92.28,91.73,92.28,92.28,91.73,91.19,91.19,90.65,90.10"
Rec-027_std_2,10,3,2516,core,313,331,0.0,9.0,0.9877,315,334,321,337,1.0,True,94.0198,103.1302,90.1043,3.0851,93.3608,"103.13,100.42,98.25,96.62,95.53,95.53,94.45,97.70,96.07,95.53,94.45,94.45,93.36,93.36,93.36,93.36,93.36,92.28,92.28,91.73,91.73,91.19,91.19,91.19,91.19,90.65,90.10,90.10"
Rec-027_std_2,10,4,2517,core,322,331,0.0,9.0,0.9884,324,334,330,337,1.0,True,94.3881,103.1302,91.1898,2.9168,94.4463,"103.13,100.42,98.25,97.16,96.07,95.53,95.53,97.16,96.07,95.53,94.99,94.45,94.45,94.45,94.45,93.36,93.36,92.28,92.28,92.28,92.28,91.73,91.73,91.19,91.19,91.19,91.19,91.19"
Rec-027_std_2,10,5,2518,core,326,331,0.0,4.0,0.9862,328,334,334,337,1.0,True,95.2022,103.6729,91.7325,3.0782,94.7176,"103.67,101.50,99.87,98.25,97.16,97.16,96.62,98.25,97.16,96.07,95.53,95.53,95.53,94.99,94.45,94.45,93.36,93.36,93.36,93.36,93.36,91.73,92.28,91.73,91.73,91.73,91.73,91.73"
Rec-027_std_2,10,6,2519,core,331,331,0.0,5.0,0.9882,333,334,339,337,1.0,True,95.9001,103.6729,92.2753,3.0081,95.5318,"103.67,102.04,99.87,98.79,98.25,98.25,98.25,98.25,97.70,96.62,96.62,96.62,96.07,96.07,94.99,94.99,94.45,94.45,94.45,94.45,94.45,92.28,92.28,92.28,92.28,92.28,92.28,92.28"
Rec-027_std_2,10,7,2520,core,335,331,0.0,4.0,0.9855,337,334,343,337,1.0,True,97.16,105.8439,93.3608,3.2726,96.6172,"105.84,103.67,102.04,100.96,99.87,99.33,99.33,99.87,98.79,98.25,97.70,97.70,97.16,97.16,96.07,95.53,95.53,95.53,95.53,94.99,94.99,94.45,93.36,93.36,93.36,93.36,93.36,93.36"
Rec-027_std_2,10,8,2521,core,340,331,0.0,5.0,0.9879,342,334,348,337,1.0,True,97.1988,105.8439,92.2753,3.3075,96.6172,"105.84,103.67,102.04,100.96,99.87,99.87,98.79,99.87,99.33,98.25,98.25,97.70,97.16,96.62,96.62,96.07,95.53,95.53,95.53,94.99,94.45,94.45,94.45,93.36,93.36,93.36,93.36,92.28"
Rec-027_std_2,10,9,2522,core,344,331,0.0,4.0,0.9838,346,334,352,337,1.0,True,96.7142,106.9294,90.6471,3.8788,95.8031,"106.93,104.22,103.13,100.96,99.87,98.25,97.16,100.42,99.33,98.25,98.25,97.16,95.53,94.99,96.62,96.07,95.53,95.53,94.45,93.36,92.28,94.45,94.45,93.36,93.36,92.28,91.19,90.65"
Rec-027_std_2,10,10,2523,core,349,331,0.0,5.0,0.9862,351,334,357,337,1.0,True,91.0735,103.6729,79.7922,5.8336,91.1898,"103.67,100.96,98.25,95.53,94.45,90.10,83.05,98.25,96.07,94.99,93.36,91.19,87.93,81.42,94.45,93.36,92.28,90.65,89.56,85.76,80.88,92.28,91.19,90.10,89.02,87.39,84.13,79.79"
Rec-027_std_2,10,11,2524,core,353,331,0.0,4.0,0.982,355,334,361,337,0.4286,False,82.1182,100.9592,75.4502,7.0525,78.978,"100.96,94.99,85.76,80.88,78.16,76.54,75.99,94.99,90.65,83.05,79.79,77.08,75.99,75.99,91.19,87.93,81.96,78.16,77.08,75.99,75.45,88.48,85.76,80.88,77.62,76.54,75.99,75.45"
Rec-027_std_2,10,12,2525,core,355,330,26.57,2.24,0.9878,357,333,363,336,0.1429,False,79.5014,96.0745,75.4502,4.9775,77.3498,"96.07,88.48,83.59,79.79,77.62,76.54,75.99,89.56,83.05,79.79,77.62,77.08,75.99,75.99,84.68,80.33,78.16,77.08,75.99,75.99,75.45,82.51,78.71,77.08,75.99,75.99,75.45,75.45"
Rec-027_std_2,11,1,2660,core,290,331,0.0,0.0,0.9861,292,334,298,337,1.0,True,93.3995,100.9592,86.3051,3.8018,93.3608,"100.42,100.96,98.79,98.25,97.70,97.16,97.16,94.45,94.45,94.45,94.45,94.99,94.99,94.99,89.02,90.10,91.19,91.19,92.28,92.28,92.28,86.31,87.93,89.02,89.56,90.10,90.10,90.65"
Rec-027_std_2,11,2,2661,core,294,331,0.0,4.0,0.9857,296,334,302,337,1.0,True,95.9969,106.9294,91.1898,4.1757,94.989,"106.93,105.30,103.13,100.42,98.79,98.25,97.70,99.33,98.25,97.16,96.62,96.07,96.07,95.53,94.45,94.45,94.45,94.45,94.45,93.36,93.36,91.19,91.19,91.19,91.73,91.73,91.19,91.19"
Rec-027_std_2,11,3,2662,core,299,331,0.0,5.0,0.9872,301,334,307,337,1.0,True,95.6093,106.3867,91.1898,3.7002,94.989,"106.39,103.67,100.96,98.79,97.70,97.16,96.07,99.33,98.25,97.16,96.07,95.53,95.53,94.45,94.99,94.99,94.45,94.45,93.36,93.36,92.28,92.28,92.28,92.28,91.73,91.19,91.19,91.19"
Rec-027_std_2,11,4,2663,core,303,331,0.0,4.0,0.9871,305,334,311,337,1.0,True,95.745,107.4722,91.1898,3.9308,94.989,"107.47,104.22,101.50,99.33,97.70,96.62,95.53,100.42,98.79,97.16,96.07,95.53,94.99,94.45,95.53,94.99,94.45,94.45,93.36,93.36,92.28,92.28,92.28,92.28,91.73,91.73,91.19,91.19"
Rec-027_std_2,11,5,2664,core,308,331,0.0,5.0,0.9877,310,334,316,337,1.0,True,94.7564,104.2157,90.6471,3.3091,94.4463,"104.22,102.04,99.33,97.70,96.62,95.53,94.99,98.79,97.70,95.53,95.53,94.45,94.45,93.36,94.99,94.45,93.36,93.36,92.28,92.28,91.73,92.28,92.28,91.73,91.19,91.19,91.19,90.65"
Rec-027_std_2,11,6,2665,core,317,331,0.0,9.0,0.988,319,334,325,337,1.0,True,94.2718,103.1302,90.6471,3.0151,93.9035,"103.13,100.42,98.25,97.16,96.07,95.53,94.99,97.70,96.07,95.53,94.99,94.45,94.45,93.36,94.45,93.36,93.36,92.28,92.28,92.28,91.73,91.73,91.19,91.19,91.19,91.19,90.65,90.65"
Rec-027_std_2,11,7,2666,core,321,331,0.0,4.0,0.9869,323,334,329,337,1.0,True,94.6595,103.6729,91.1898,3.1625,94.4463,"103.67,101.50,99.33,97.70,96.62,95.53,95.53,98.25,96.62,95.53,94.99,94.45,94.45,94.45,94.45,94.45,93.36,93.36,92.28,92.28,92.28,91.73,91.73,91.19,91.19,91.19,91.19,91.19"
Rec-027_std_2,11,8,2667,core,326,331,0.0,5.0,0.9881,328,334,334,337,1.0,True,95.0472,103.1302,91.7325,2.8289,94.989,"103.13,100.42,98.25,97.70,97.16,97.16,97.16,97.70,96.62,95.53,95.53,95.53,95.53,95.53,94.45,94.45,93.36,93.36,93.36,93.36,93.36,92.28,91.73,91.73,91.73,91.73,91.73,91.73"
Rec-027_std_2,11,9,2668,core,339,331,0.0,13.0,0.9851,341,334,347,337,1.0,True,97.2957,106.3867,92.2753,3.3539,96.6172,"106.39,104.22,102.04,100.96,99.87,99.33,98.79,100.42,99.33,98.25,98.25,97.70,97.16,96.62,96.62,96.07,96.07,95.53,95.53,94.99,94.45,94.45,94.45,94.45,93.36,93.36,93.36,92.28"
Rec-027_std_2,11,10,2669,core,344,331,0.0,5.0,0.9872,346,334,352,337,1.0,True,96.3265,105.3012,90.6471,3.4555,95.8031,"105.30,103.13,101.50,99.87,98.79,98.25,96.62,99.87,98.79,98.25,97.16,96.62,95.53,94.45,96.62,96.07,95.53,94.99,94.45,93.36,92.28,94.45,94.45,93.36,93.36,92.28,91.19,90.65"
Rec-027_std_2,11,11,2670,core,348,331,0.0,4.0,0.9837,350,334,356,337,1.0,True,93.4965,105.8439,84.1341,4.9566,93.3608,"105.84,103.13,100.42,98.25,95.53,93.36,89.56,99.87,98.25,96.07,94.99,93.36,91.19,87.93,95.53,94.45,93.36,92.28,91.19,89.56,85.76,93.36,92.28,91.19,90.10,89.02,87.93,84.13"
Rec-027_std_2,11,12,2671,core,355,330,8.13,7.07,0.9864,357,333,363,336,0.1429,False,79.6952,96.6172,75.4502,5.0853,77.6212,"96.62,89.02,83.59,79.79,77.62,76.54,75.99,89.56,83.59,79.79,78.16,77.08,75.99,75.99,85.22,80.88,78.16,77.08,75.99,75.99,75.99,83.05,78.71,77.62,76.54,75.99,75.45,75.45"
Rec-027_std_2,12,1,2798,core,290,331,0.0,0.0,0.9884,292,334,298,337,1.0,True,93.07,99.331,86.3051,3.4767,92.818,"98.79,99.33,98.25,97.70,97.16,97.16,97.16,93.36,93.36,93.36,94.45,94.45,94.45,94.99,89.02,89.56,91.19,91.73,91.73,92.28,92.28,86.31,87.93,89.02,89.56,90.10,90.65,90.65"
Rec-027_std_2,12,2,2799,core,292,331,0.0,2.0,0.985,294,334,300,337,1.0,True,95.0084,104.2157,89.5616,3.6567,94.4463,"104.22,102.04,100.96,99.33,98.25,98.25,97.70,96.62,96.62,96.07,95.53,95.53,95.53,95.53,92.28,93.36,93.36,93.36,93.36,93.36,93.36,89.56,90.10,91.19,91.19,91.19,91.19,91.19"
Rec-027_std_2,12,3,2800,core,296,331,0.0,4.0,0.9864,298,334,304,337,1.0,True,96.5785,108.5576,91.7325,4.2388,95.5318,"108.56,105.84,103.13,100.96,99.33,98.25,97.16,100.96,99.33,98.25,97.16,96.62,96.07,95.53,95.53,94.99,94.99,94.45,94.45,94.45,93.36,92.28,92.28,92.28,92.28,92.28,91.73,91.73"
Rec-027_std_2,12,4,2801,core,301,331,0.0,5.0,0.9861,303,334,309,337,1.0,True,95.8419,106.9294,91.1898,3.6709,95.2604,"106.93,103.67,101.50,98.79,97.70,96.62,96.07,99.87,98.25,97.16,96.62,95.53,94.99,94.45,95.53,95.53,94.99,94.45,93.36,93.36,93.36,93.36,92.28,92.28,92.28,91.73,91.73,91.19"
Rec-027_std_2,12,5,2802,core,305,331,0.0,4.0,0.9875,307,334,313,337,1.0,True,95.745,106.9294,91.1898,3.7105,94.989,"106.93,103.67,101.50,98.79,97.70,96.62,95.53,99.87,98.25,97.16,96.07,95.53,94.99,94.45,95.53,94.99,94.45,94.45,94.45,93.36,92.28,93.36,92.28,92.28,92.28,91.73,91.19,91.19"
Rec-027_std_2,12,6,2803,core,310,331,0.0,5.0,0.9873,312,334,318,337,1.0,True,94.8145,104.2157,90.6471,3.1881,94.4463,"104.22,101.50,99.33,97.70,96.07,95.53,94.99,98.79,97.16,95.53,95.53,94.99,94.45,93.36,94.99,94.45,94.45,93.36,93.36,92.28,91.73,92.28,92.28,91.73,91.73,91.19,91.19,90.65"
Rec-027_std_2,12,7,2804,core,314,331,0.0,4.0,0.9879,316,334,322,337,1.0,True,94.737,104.2157,91.1898,3.2288,94.4463,"104.22,102.04,99.33,97.70,96.07,95.53,94.99,98.25,97.16,95.53,95.53,94.45,94.45,94.45,94.45,94.45,93.36,93.36,92.28,92.28,92.28,92.28,91.73,91.19,91.73,91.19,91.19,91.19"
Rec-027_std_2,12,8,2805,core,319,331,0.0,5.0,0.988,321,334,327,337,1.0,True,94.5626,103.1302,91.1898,2.8769,94.4463,"103.13,100.42,98.25,97.16,96.07,95.53,95.53,97.70,96.07,95.53,95.53,94.99,94.45,94.45,94.45,93.36,93.36,93.36,93.36,93.36,92.28,91.73,91.19,91.73,91.19,91.19,91.19,91.19"
Rec-027_std_2,12,9,2806,core,323,331,0.0,4.0,0.9879,325,334,331,337,1.0,True,95.745,104.2157,92.2753,3.0577,94.989,"104.22,102.04,100.42,98.79,98.25,97.70,97.16,98.25,97.70,96.62,96.07,95.53,95.53,95.53,94.45,94.45,94.45,94.45,94.45,94.45,94.45,92.28,92.28,92.28,92.28,92.28,92.28,92.28"
Rec-027_std_2,12,10,2807,core,328,331,0.0,5.0,0.9878,330,334,336,337,1.0,True,96.3847,104.2157,92.2753,2.9026,96.0745,"104.22,102.04,100.42,99.33,98.79,98.25,98.25,98.79,98.25,97.16,97.16,96.62,96.62,96.62,95.53,95.53,94.99,94.99,94.99,94.45,94.45,93.36,93.36,93.36,93.36,93.36,92.28,92.28"
Rec-027_std_2,12,11,2808,core,332,331,0.0,4.0,0.9872,334,334,340,337,1.0,True,97.4701,106.3867,93.3608,3.2417,96.8886,"106.39,104.22,102.04,100.96,100.42,99.33,98.79,100.42,99.33,98.25,98.25,97.70,97.70,97.16,96.62,96.07,95.53,95.53,95.53,95.53,95.53,94.45,94.45,94.45,94.45,93.36,93.36,93.36"
Rec-027_std_2,12,12,2809,core,337,331,0.0,5.0,0.9877,339,334,345,337,1.0,True,97.412,105.8439,93.3608,3.1296,96.8886,"105.84,103.67,102.04,100.96,100.42,99.33,98.79,99.87,99.33,98.25,98.25,97.70,97.16,97.16,96.62,96.62,96.07,95.53,95.53,95.53,94.99,94.45,94.45,94.45,94.45,93.36,93.36,93.36"
Rec-027_std_2,12,13,2810,core,341,331,0.0,4.0,0.9856,343,334,349,337,1.0,True,97.5477,106.9294,92.2753,3.502,96.8886,"106.93,104.22,103.13,101.50,100.42,99.33,98.79,100.96,99.87,98.79,98.25,98.25,97.70,96.62,97.16,96.62,95.53,95.53,95.53,94.99,94.45,94.45,94.45,94.45,94.45,93.36,93.36,92.28"
Rec-027_std_2,12,14,2811,core,346,331,0.0,5.0,0.9865,348,334,354,337,1.0,True,95.2022,105.3012,88.4761,3.9228,94.7176,"105.30,103.13,100.96,98.79,97.70,96.07,94.45,99.87,98.25,97.70,96.07,94.99,94.45,92.28,95.53,95.53,94.99,94.45,92.28,91.73,90.10,94.45,93.36,92.28,91.73,91.19,89.56,88.48"
Rec-027_std_2,12,15,2812,core,350,331,0.0,4.0,0.984,352,334,358,337,0.8571,False,89.1351,104.2157,77.6212,7.3082,90.1043,"104.22,101.50,98.25,95.53,90.65,83.05,78.71,98.25,96.07,94.45,92.28,88.48,81.96,78.16,94.45,92.28,91.19,89.56,86.31,80.88,77.62,91.73,90.65,89.56,87.93,84.68,79.79,77.62"
Rec-027_std_2,12,16,2813,core,355,331,0.0,5.0,0.983,357,334,363,337,0.1429,False,77.815,87.9333,74.9074,3.0744,76.5357,"87.93,82.51,78.71,77.62,76.54,75.99,75.45,84.13,79.79,77.62,76.54,75.99,75.45,75.45,81.96,78.71,77.62,75.99,75.99,75.45,75.45,80.88,78.16,77.08,75.99,75.45,75.45,74.91"
Rec-027_std_2,13,1,2936,core,290,331,0.0,0.0,0.9876,292,334,298,337,1.0,True,93.1863,99.8737,86.8478,3.5769,92.818,"99.87,99.87,98.79,97.70,97.16,97.16,97.16,93.36,94.45,93.36,94.45,94.45,94.45,94.45,89.02,90.10,91.19,91.19,92.28,92.28,92.28,86.85,87.93,89.02,89.56,89.56,90.65,90.65"
Rec-027_std_2,13,2,2937,core,293,331,0.0,3.0,0.9846,295,334,301,337,1.0,True,95.8613,106.9294,90.6471,4.2965,94.989,"106.93,105.30,103.13,100.96,99.33,98.25,98.25,98.25,98.25,97.16,96.62,96.07,95.53,95.53,93.36,94.45,94.45,94.45,93.36,93.36,93.36,90.65,91.19,91.19,91.19,91.19,91.19,91.19"
Rec-027_std_2,13,3,2938,core,298,331,0.0,5.0,0.988,300,334,306,337,1.0,True,96.2877,107.4722,91.1898,3.9575,95.5318,"107.47,105.30,102.04,100.42,98.25,97.70,97.16,100.42,98.79,97.70,96.62,96.07,95.53,95.53,95.53,95.53,94.99,94.45,94.45,94.45,93.36,92.28,92.28,92.28,92.28,92.28,91.73,91.19"
Rec-027_std_2,13,4,2939,core,302,331,0.0,4.0,0.9866,304,334,310,337,1.0,True,96.0551,108.0149,91.1898,4.0937,95.2604,"108.01,105.30,102.04,99.87,98.25,97.16,96.07,100.96,98.79,97.70,96.62,95.53,94.99,94.45,95.53,95.53,94.45,94.45,93.36,93.36,92.28,93.36,92.28,92.28,92.28,91.73,91.73,91.19"
Rec-027_std_2,13,5,2940,core,316,331,0.0,14.0,0.9892,318,334,324,337,1.0,True,94.6982,103.1302,91.1898,2.9101,94.4463,"103.13,100.96,98.79,97.16,96.07,95.53,95.53,98.25,96.62,95.53,95.53,94.45,94.45,94.45,94.45,94.45,93.36,93.36,93.36,92.28,92.28,92.28,91.73,91.73,91.73,91.73,91.19,91.19"
Rec-027_std_2,13,6,2941,core,325,331,0.0,9.0,0.9897,327,334,333,337,1.0,True,95.6093,103.1302,92.2753,2.8042,95.2604,"103.13,101.50,99.33,98.25,97.70,97.16,97.16,98.25,97.70,96.62,96.07,95.53,95.53,95.53,94.99,94.45,94.45,94.45,94.45,94.45,94.45,92.28,92.28,92.28,92.28,92.28,92.28,92.28"
Rec-027_std_2,13,7,2942,core,330,331,0.0,5.0,0.9866,332,334,338,337,1.0,True,96.4622,103.1302,93.3608,2.5451,96.0745,"103.13,101.50,99.87,98.79,98.79,98.25,98.25,98.25,97.70,97.16,97.16,97.16,97.16,96.62,95.53,95.53,95.53,95.53,95.53,94.99,94.99,93.36,93.36,93.36,93.36,93.36,93.36,93.36"
Rec-027_std_2,13,8,2943,core,334,331,0.0,4.0,0.9894,336,334,342,337,1.0,True,97.7997,105.8439,94.4463,3.0221,97.16,"105.84,103.67,102.04,101.50,100.42,99.87,99.87,100.42,99.33,98.79,98.25,98.25,98.25,97.70,96.62,96.62,96.07,96.07,96.07,96.07,95.53,94.45,94.45,94.45,94.45,94.45,94.45,94.45"
Rec-027_std_2,13,9,2944,core,339,331,0.0,5.0,0.9861,341,334,347,337,1.0,True,98.071,105.8439,93.3608,3.0841,97.9741,"105.84,103.67,103.13,101.50,100.96,100.42,99.87,100.42,99.87,99.33,98.79,98.25,98.25,98.25,97.70,97.16,96.62,96.62,96.07,95.53,95.53,95.53,94.99,94.99,94.45,94.45,94.45,93.36"
Rec-027_std_2,13,10,2945,core,348,331,0.0,9.0,0.9842,350,334,356,337,1.0,True,93.7678,105.3012,84.6769,4.724,93.9035,"105.30,102.04,99.87,98.25,95.53,94.45,90.10,99.33,98.25,96.62,95.53,94.45,91.73,87.93,96.07,95.53,94.45,92.28,91.19,89.56,85.76,93.36,93.36,91.73,90.65,89.56,87.93,84.68"
Rec-027_std_2,13,11,2946,core,352,331,0.0,4.0,0.9859,354,334,360,337,0.5714,False,84.4636,102.0447,75.4502,7.8119,81.9631,"102.04,98.25,93.36,84.13,79.79,77.62,76.54,96.07,94.45,89.56,82.51,78.71,77.08,75.99,92.28,91.19,87.93,81.42,78.16,76.54,75.99,90.65,89.02,85.76,80.88,77.62,75.99,75.45"
Rec-027_std_2,13,12,2947,core,355,330,18.43,3.16,0.9846,357,333,363,336,0.1429,False,79.734,97.16,75.4502,5.2307,77.6212,"97.16,89.02,84.13,79.79,77.62,76.54,75.99,90.10,83.59,80.33,78.16,76.54,75.99,75.99,85.22,80.88,78.16,77.08,75.99,75.99,75.45,83.05,78.71,77.62,76.54,75.99,75.45,75.45"
Rec-027_std_2,14,1,3076,core,290,331,0.0,0.0,0.9892,292,334,298,337,1.0,True,93.5546,100.4165,86.3051,3.7859,93.3608,"99.33,100.42,98.79,98.25,98.25,98.25,98.25,93.36,94.45,94.45,94.45,95.53,95.53,95.53,89.02,90.10,91.19,91.73,92.28,92.28,93.36,86.31,87.93,89.02,89.56,90.10,90.65,91.19"
Rec-027_std_2,14,2,3077,core,291,331,0.0,1.0,0.984,293,334,299,337,1.0,True,95.241,105.3012,88.4761,4.2402,95.2604,"105.30,103.67,102.04,100.42,99.33,98.79,98.25,96.62,96.62,96.07,96.62,96.07,96.62,96.07,91.19,92.28,93.36,93.36,94.45,93.36,93.36,88.48,89.56,90.10,91.19,91.19,91.19,91.19"
Rec-027_std_2,14,3,3078,core,296,331,0.0,5.0,0.988,298,334,304,337,1.0,True,96.8111,108.0149,92.2753,4.0621,95.8031,"108.01,105.30,103.13,100.96,99.87,98.79,98.25,100.42,99.33,98.25,97.70,97.16,96.62,96.07,95.53,95.53,95.53,94.99,94.45,94.45,94.45,92.28,92.28,92.28,92.28,92.28,92.28,92.28"
Rec-027_std_2,14,4,3079,core,300,331,0.0,4.0,0.9857,302,334,308,337,1.0,True,97.1988,109.1004,92.2753,4.1788,95.8031,"109.10,106.39,103.67,101.50,99.87,98.79,97.70,101.50,99.87,98.25,98.25,97.70,96.62,95.53,96.07,95.53,95.53,95.53,94.99,94.45,94.45,93.36,93.36,93.36,93.36,92.28,92.28,92.28"
Rec-027_std_2,14,5,3080,core,305,331,0.0,5.0,0.9889,307,334,313,337,1.0,True,96.249,106.9294,91.7325,3.6784,95.5318,"106.93,104.22,101.50,99.33,98.25,97.70,97.16,100.42,98.79,97.70,96.62,96.07,95.53,95.53,96.07,95.53,94.99,94.45,94.45,93.36,93.36,93.36,93.36,92.28,92.28,92.28,91.73,91.73"
Rec-027_std_2,14,6,3081,core,310,331,0.0,5.0,0.9859,312,334,318,337,1.0,True,95.3185,105.3012,91.1898,3.2186,94.7176,"105.30,102.04,99.33,98.25,96.62,96.07,95.53,98.79,97.70,96.62,95.53,95.53,94.45,94.45,95.53,94.99,94.45,94.45,93.36,93.36,92.28,93.36,92.28,92.28,92.28,91.73,91.19,91.19"
Rec-027_std_2,14,7,3082,core,314,331,0.0,4.0,0.9895,316,334,322,337,1.0,True,95.2216,105.3012,91.1898,3.2546,94.4463,"105.30,102.04,99.87,98.25,96.62,95.53,95.53,98.79,97.70,96.07,95.53,94.99,94.45,94.45,95.53,94.45,94.45,93.36,93.36,93.36,92.28,93.36,92.28,92.28,92.28,91.73,91.19,91.19"
Rec-027_std_2,14,8,3083,core,323,331,0.0,9.0,0.9894,325,334,331,337,1.0,True,95.4349,103.6729,91.7325,2.839,94.989,"103.67,101.50,99.33,98.25,97.16,96.62,96.62,98.25,97.16,96.07,95.53,95.53,95.53,94.99,94.99,94.45,94.45,94.45,94.45,93.36,93.36,93.36,92.28,92.28,92.28,92.28,92.28,91.73"
Rec-027_std_2,14,9,3084,core,328,331,0.0,5.0,0.9867,330,334,336,337,1.0,True,96.152,103.6729,92.2753,2.6379,95.8031,"103.67,101.50,99.33,98.79,98.25,98.25,97.70,98.25,97.70,97.16,96.62,96.07,96.07,96.07,95.53,94.99,94.99,94.99,94.99,94.45,94.45,93.36,93.36,93.36,93.36,93.36,93.36,92.28"
Rec-027_std_2,14,10,3085,core,332,331,0.0,4.0,0.9895,334,334,340,337,1.0,True,97.2182,105.3012,93.3608,2.84,96.6172,"105.30,103.13,101.50,100.42,99.33,98.79,98.25,99.87,98.25,98.25,97.70,97.70,97.16,97.16,96.07,95.53,95.53,95.53,95.53,95.53,95.53,94.45,94.45,94.45,94.45,94.45,94.45,93.36"
Rec-027_std_2,14,11,3086,core,337,331,0.0,5.0,0.9874,339,334,345,337,1.0,True,97.7415,105.3012,94.4463,2.8199,97.4314,"105.30,103.13,101.50,100.96,100.42,99.87,99.33,100.42,99.33,98.25,98.25,98.25,98.25,97.70,97.16,96.62,96.07,96.07,96.07,96.07,95.53,94.99,94.99,94.45,94.45,94.45,94.45,94.45"
Rec-027_std_2,14,12,3087,core,341,331,0.0,4.0,0.9889,343,334,349,337,1.0,True,98.2843,106.9294,93.3608,3.3139,97.7027,"106.93,105.30,103.13,102.04,100.96,100.42,99.87,101.50,100.42,99.33,98.79,98.25,98.25,97.70,97.70,97.16,96.62,96.62,96.07,96.07,95.53,95.53,95.53,94.99,94.99,94.45,94.45,93.36"
Rec-027_std_2,14,13,3088,core,346,331,0.0,5.0,0.9866,348,334,354,337,1.0,True,96.5397,105.8439,89.5616,3.7901,95.8031,"105.84,103.67,102.04,100.42,98.79,97.70,95.53,100.96,99.87,98.79,97.70,96.62,95.53,94.45,97.70,97.16,96.07,95.53,94.45,92.28,91.19,95.53,94.45,94.45,93.36,92.28,91.19,89.56"
Rec-027_std_2,14,14,3089,core,350,331,0.0,4.0,0.9877,352,334,358,337,0.8571,False,90.1818,105.3012,77.6212,7.6642,91.4612,"105.30,102.04,99.33,96.62,91.73,83.59,78.71,99.33,98.25,96.07,93.36,89.56,82.51,78.16,95.53,94.45,93.36,91.19,87.93,81.42,77.62,93.36,91.73,90.65,89.02,85.76,80.88,77.62"
Rec-027_std_2,14,15,3090,core,355,330,11.31,5.1,0.993,357,333,363,336,0.1429,False,79.3463,95.5318,74.9074,4.8934,77.6212,"95.53,86.85,82.51,78.71,77.62,75.99,75.99,89.56,83.05,79.79,77.62,76.54,75.99,75.45,85.76,80.33,78.16,77.08,75.99,75.99,75.45,83.05,78.71,77.62,75.99,75.99,75.45,74.91"
Rec-027_std_2,15,1,3212,core,290,331,0.0,0.0,0.9856,292,334,298,337,1.0,True,94.6789,103.1302,87.3906,4.1649,94.7176,"102.04,103.13,101.50,99.87,99.33,98.79,98.79,94.99,95.53,95.53,95.53,96.07,96.07,96.07,89.56,91.19,92.28,93.36,93.36,94.45,94.45,87.39,88.48,89.56,90.10,91.19,91.19,91.19"
Rec-027_std_2,15,2,3213,core,299,331,0.0,9.0,0.9883,301,334,307,337,1.0,True,97.5864,109.6431,92.2753,4.1088,96.8886,"109.64,106.39,103.67,101.50,99.87,98.79,98.25,102.04,100.42,98.79,98.25,97.70,97.16,96.62,97.16,96.07,96.07,95.53,95.53,94.99,94.45,94.45,94.45,93.36,93.36,93.36,92.28,92.28"
Rec-027_std_2,15,3,3214,core,303,331,0.0,4.0,0.9862,305,334,311,337,1.0,True,97.4314,110.1859,92.2753,4.2551,96.3459,"110.19,106.93,103.67,101.50,99.33,98.25,97.16,102.04,100.96,98.79,98.25,97.16,96.07,95.53,97.16,96.62,95.53,95.53,94.99,94.45,94.45,94.45,94.45,93.36,93.36,93.36,92.28,92.28"
Rec-027_std_2,15,4,3215,core,312,331,0.0,9.0,0.9865,314,334,320,337,1.0,True,96.1714,107.4722,91.1898,3.8159,95.5318,"107.47,104.22,102.04,99.33,98.25,97.16,96.07,100.96,98.79,97.70,96.62,95.53,95.53,94.45,96.07,95.53,94.99,94.45,94.45,93.36,93.36,93.36,93.36,92.28,92.28,92.28,91.73,91.19"
Rec-027_std_2,15,5,3216,core,317,331,0.0,5.0,0.9895,319,334,325,337,1.0,True,95.2991,105.3012,91.1898,3.3028,94.7176,"105.30,102.04,99.87,98.25,96.62,96.07,95.53,99.33,97.70,96.62,95.53,95.53,94.45,94.45,95.53,94.99,94.45,93.36,93.36,93.36,92.28,93.36,92.28,92.28,91.73,91.73,91.19,91.19"
Rec-027_std_2,15,6,3217,core,326,331,0.0,9.0,0.9896,328,334,334,337,1.0,True,95.5512,103.6729,92.2753,2.8883,95.2604,"103.67,101.50,99.87,98.25,97.70,97.16,97.16,98.25,97.16,96.07,95.53,95.53,95.53,95.53,94.99,94.45,94.45,94.45,94.45,94.45,93.36,92.28,92.28,92.28,92.28,92.28,92.28,92.28"
Rec-027_std_2,15,7,3218,core,331,331,0.0,5.0,0.9869,333,334,339,337,1.0,True,96.3071,103.1302,93.3608,2.568,95.8031,"103.13,101.50,99.87,98.79,98.79,98.25,98.25,98.25,97.70,97.16,96.62,96.62,96.62,96.07,95.53,94.99,94.99,94.99,94.99,94.99,94.99,93.36,93.36,93.36,93.36,93.36,93.36,93.36"
Rec-027_std_2,15,8,3219,core,335,331,0.0,4.0,0.9895,337,334,343,337,1.0,True,97.4314,105.3012,94.4463,2.8443,96.8886,"105.30,103.13,101.50,100.42,99.87,99.33,99.33,99.87,98.79,98.25,98.25,97.70,97.70,97.70,96.07,96.07,95.53,95.53,95.53,95.53,95.53,94.45,94.45,94.45,94.45,94.45,94.45,94.45"
Rec-027_std_2,15,9,3220,core,340,331,0.0,5.0,0.9876,342,334,348,337,1.0,True,97.7415,105.3012,93.3608,2.9972,97.16,"105.30,103.13,102.04,101.50,100.96,100.42,99.87,99.87,99.33,98.79,98.25,98.25,98.25,97.70,96.62,96.62,96.07,96.07,96.07,95.53,95.53,94.99,94.45,94.45,94.45,94.45,94.45,93.36"
Rec-027_std_2,15,10,3221,core,344,331,0.0,4.0,0.9884,346,334,352,337,1.0,True,97.9741,106.9294,92.2753,3.4919,97.4314,"106.93,105.30,103.13,102.04,100.96,99.87,98.25,101.50,100.42,99.33,98.79,98.25,97.70,96.07,97.70,97.16,97.16,96.62,95.53,95.53,94.45,95.53,95.53,94.99,94.45,94.45,93.36,92.28"
Rec-027_std_2,15,11,3222,core,349,331,0.0,5.0,0.9862,351,334,357,337,1.0,True,92.6048,105.3012,80.8776,6.0234,92.818,"105.30,102.04,99.87,97.70,95.53,91.73,83.05,99.33,98.25,96.62,94.99,93.36,89.56,82.51,96.07,94.99,94.45,92.28,91.19,87.93,81.42,94.45,92.28,91.73,90.65,89.02,85.76,80.88"
Rec-027_std_2,15,12,3223,core,353,331,0.0,4.0,0.9867,355,334,361,337,0.4286,False,82.409,102.0447,74.9074,7.4602,79.2494,"102.04,95.53,85.76,80.33,77.62,76.54,75.99,96.07,91.19,83.59,79.79,77.62,75.99,75.99,92.28,89.02,81.96,78.71,77.08,75.99,75.45,90.10,86.85,80.88,77.62,76.54,75.99,74.91"
Rec-027_std_2,15,13,3224,core,355,330,26.57,2.24,0.9871,357,333,363,336,0.1429,False,79.8891,98.2455,75.4502,5.412,77.6212,"98.25,89.56,84.13,79.79,77.62,77.08,75.99,90.10,84.13,80.33,77.62,77.08,75.99,75.45,85.76,80.88,78.16,77.08,75.99,75.99,75.45,83.05,79.79,77.62,76.54,75.99,75.99,75.45"
Rec-027_std_2,16,1,3354,core,290,331,0.0,0.0,0.9877,292,334,298,337,1.0,True,94.2912,100.9592,86.8478,3.8237,94.4463,"99.87,100.96,99.87,98.79,98.79,98.79,98.79,94.45,94.45,94.99,95.53,96.07,96.62,96.62,89.56,90.65,91.73,92.28,93.36,94.45,94.45,86.85,87.93,89.56,90.10,91.19,91.73,91.73"
Rec-027_std_2,16,2,3355,core,292,331,0.0,2.0,0.985,294,334,300,337,1.0,True,96.9662,106.9294,90.6471,4.2146,96.6172,"106.93,105.84,103.67,102.04,100.96,100.42,99.87,98.25,98.25,98.25,98.25,97.70,97.70,97.70,93.36,94.45,94.99,94.99,95.53,95.53,95.53,90.65,91.19,91.73,92.28,92.28,93.36,93.36"
Rec-027_std_2,16,3,3356,core,297,331,0.0,5.0,0.9872,299,334,305,337,1.0,True,98.0323,109.6431,93.3608,3.9281,97.16,"109.64,106.39,103.67,102.04,100.42,99.33,98.79,102.04,100.96,99.33,98.25,98.25,97.70,97.16,97.16,96.62,96.62,96.07,95.53,95.53,95.53,94.45,94.45,94.45,94.45,93.36,93.36,93.36"
Rec-027_std_2,16,4,3357,core,301,331,0.0,4.0,0.987,303,334,309,337,1.0,True,98.2649,110.7286,93.3608,4.2674,97.4314,"110.73,107.47,105.30,102.04,100.42,98.79,98.25,103.13,101.50,99.87,98.79,98.25,97.70,96.62,98.25,97.16,96.62,96.07,95.53,95.53,94.99,94.99,94.45,94.45,94.45,93.36,93.36,93.36"
Rec-027_std_2,16,5,3358,core,306,331,0.0,5.0,0.9879,308,334,314,337,1.0,True,96.9662,108.0149,92.2753,3.6415,95.8031,"108.01,105.30,102.04,99.87,98.25,97.70,96.62,101.50,99.33,98.25,97.70,96.62,95.53,95.53,97.16,96.07,95.53,95.53,94.99,94.45,94.45,94.45,94.45,94.45,93.36,93.36,92.28,92.28"
Rec-027_std_2,16,6,3359,core,310,331,0.0,4.0,0.9874,312,334,318,337,1.0,True,96.7336,108.5576,91.7325,3.8661,95.8031,"108.56,105.30,102.04,99.87,98.25,97.16,96.62,101.50,99.33,98.25,97.16,96.07,95.53,95.53,97.16,96.07,95.53,95.53,94.45,94.45,93.36,94.45,93.36,93.36,93.36,92.28,92.28,91.73"
Rec-027_std_2,16,7,3360,core,315,331,0.0,5.0,0.9893,317,334,323,337,1.0,True,95.7062,105.3012,91.7325,3.2856,95.2604,"105.30,103.13,100.42,98.25,97.16,96.62,96.07,99.87,98.25,96.62,95.53,95.53,94.99,94.99,95.53,95.53,94.45,94.45,93.36,93.36,93.36,93.36,93.36,92.28,92.28,92.28,91.73,91.73"
Rec-027_std_2,16,8,3361,core,319,331,0.0,4.0,0.9872,321,334,327,337,1.0,True,96.152,106.3867,91.7325,3.447,95.5318,"106.39,103.13,101.50,99.33,98.25,97.16,97.16,99.87,98.25,97.16,96.62,96.07,95.53,95.53,95.53,95.53,94.99,94.45,94.45,94.45,93.36,93.36,93.36,92.28,92.28,92.28,92.28,91.73"
Rec-027_std_2,16,9,3362,core,324,331,0.0,5.0,0.9897,326,334,332,337,1.0,True,96.2684,105.3012,92.2753,3.2051,95.5318,"105.30,103.13,100.96,99.33,98.25,98.25,97.16,99.33,98.25,97.16,97.16,96.07,95.53,96.07,95.53,95.53,94.99,94.99,94.45,94.45,94.45,93.36,93.36,93.36,92.28,92.28,92.28,92.28"
Rec-027_std_2,16,10,3363,core,333,331,0.0,9.0,0.9901,335,334,341,337,1.0,True,97.5477,105.8439,94.4463,2.9864,96.8886,"105.84,103.67,102.04,100.96,99.87,99.33,98.79,100.42,99.33,98.25,98.25,97.70,97.70,97.16,96.62,96.07,96.07,95.53,95.53,95.53,95.53,94.45,94.45,94.45,94.45,94.45,94.45,94.45"
Rec-027_std_2,16,11,3364,core,337,331,0.0,4.0,0.9865,339,334,345,337,1.0,True,98.4006,108.0149,94.4463,3.3641,97.9741,"108.01,105.30,103.13,102.04,100.96,100.42,99.87,101.50,100.42,99.33,98.79,98.25,98.25,98.25,97.70,97.16,97.16,96.62,96.62,96.07,95.53,95.53,94.99,94.99,94.99,94.45,94.45,94.45"
Rec-027_std_2,16,12,3365,core,342,331,0.0,5.0,0.9899,344,334,350,337,1.0,True,98.323,106.9294,93.3608,3.3668,97.7027,"106.93,105.30,103.13,102.04,100.96,100.42,99.87,101.50,100.96,99.87,99.33,98.25,98.25,97.70,97.70,97.16,97.16,96.62,96.07,95.53,95.53,95.53,95.53,94.99,94.45,94.45,94.45,93.36"
Rec-027_std_2,16,13,3366,core,346,331,0.0,4.0,0.9856,348,334,354,337,1.0,True,96.9855,108.5576,89.5616,4.3759,96.0745,"108.56,105.84,103.13,101.50,99.33,97.70,95.53,102.04,100.96,99.33,98.25,96.62,95.53,93.36,98.25,97.16,96.62,95.53,94.45,93.36,91.19,95.53,94.99,94.45,93.36,92.28,91.19,89.56"
Rec-027_std_2,16,14,3367,core,351,331,0.0,5.0,0.9884,353,334,359,337,0.7143,False,87.3518,103.6729,75.9929,8.1952,88.7475,"103.67,100.96,97.16,92.28,83.59,78.71,77.08,98.25,96.07,94.45,89.56,82.51,78.71,77.08,94.45,93.36,91.19,87.93,81.42,77.62,76.54,92.28,91.19,89.56,85.76,80.88,77.62,75.99"
Rec-027_std_2,16,15,3368,core,355,331,0.0,4.0,0.9881,357,334,363,337,0.1429,False,78.1251,89.5616,74.9074,3.5142,76.5357,"89.56,83.59,79.79,77.62,76.54,75.99,75.99,85.22,80.88,78.16,77.08,75.99,75.99,75.45,83.05,78.71,77.62,76.54,75.99,75.45,74.91,81.42,78.16,76.54,75.99,75.45,74.91,74.91"
Rec-027_std_2,17,1,3495,core,290,331,0.0,0.0,0.9881,292,334,298,337,1.0,True,94.6401,101.502,86.8478,3.8766,94.4463,"100.42,101.50,99.87,99.33,99.33,99.33,99.33,94.45,94.99,95.53,95.53,96.62,96.62,96.62,89.56,91.19,92.28,93.36,94.45,94.45,94.45,86.85,88.48,89.56,90.65,91.19,91.73,92.28"
Rec-027_std_2,17,2,3496,core,296,331,0.0,6.0,0.9866,298,334,304,337,1.0,True,98.071,109.6431,93.3608,4.0643,97.16,"109.64,106.93,104.22,102.04,100.42,99.87,98.79,102.04,100.96,99.87,98.79,98.25,97.70,97.16,97.16,96.62,96.07,96.07,95.53,95.53,95.53,94.45,94.45,94.45,93.36,93.36,93.36,93.36"
Rec-027_std_2,17,3,3497,core,300,331,0.0,4.0,0.9853,302,334,308,337,1.0,True,98.4199,111.2714,93.3608,4.3056,97.4314,"111.27,108.01,105.30,102.04,100.42,99.33,98.25,103.13,102.04,99.87,98.79,98.25,97.70,96.62,98.25,97.16,96.62,96.07,95.53,95.53,94.99,94.99,94.45,94.45,94.45,94.45,94.45,93.36"
Rec-027_std_2,17,4,3498,core,305,331,0.0,5.0,0.9875,307,334,313,337,1.0,True,97.2763,108.5576,92.2753,3.6505,96.3459,"108.56,105.30,102.04,99.87,98.79,98.25,97.16,102.04,99.87,98.25,97.70,97.16,96.07,95.53,97.70,96.62,96.07,95.53,95.53,94.99,94.45,94.99,94.45,94.45,93.36,93.36,93.36,92.28"
Rec-027_std_2,17,5,3499,core,309,331,0.0,4.0,0.9858,311,334,317,337,1.0,True,97.2569,109.1004,92.2753,3.8788,96.3459,"109.10,105.84,103.13,100.42,98.79,97.70,97.16,102.04,100.42,98.25,97.70,96.62,95.53,95.53,97.16,96.62,96.07,95.53,94.99,94.45,94.45,94.45,94.45,94.45,93.36,93.36,93.36,92.28"
Rec-027_std_2,17,6,3500,core,314,331,0.0,5.0,0.9887,316,334,322,337,1.0,True,96.1327,105.3012,92.2753,3.1492,95.5318,"105.30,103.13,100.42,98.79,97.70,97.16,96.62,99.87,98.25,97.70,96.62,95.53,95.53,95.53,96.07,95.53,94.99,94.45,94.45,94.45,93.36,93.36,93.36,93.36,93.36,92.28,92.28,92.28"
Rec-027_std_2,17,7,3501,core,319,331,0.0,5.0,0.9857,321,334,327,337,1.0,True,96.0939,104.2157,92.2753,2.8108,95.5318,"104.22,102.04,99.87,98.25,98.25,97.16,96.62,99.33,98.25,97.16,96.62,96.07,95.53,95.53,95.53,95.53,94.99,94.99,94.45,94.45,94.45,93.36,93.36,93.36,93.36,93.36,92.28,92.28"
Rec-027_std_2,17,8,3502,core,323,331,0.0,4.0,0.9892,325,334,331,337,1.0,True,96.5591,105.8439,92.2753,3.0782,95.8031,"105.84,103.13,100.96,99.33,98.25,97.70,97.70,99.87,98.25,97.70,97.16,96.07,96.07,95.53,96.07,95.53,95.53,94.99,94.45,94.45,94.45,94.45,94.45,93.36,93.36,93.36,93.36,92.28"
Rec-027_std_2,17,9,3503,core,328,331,0.0,5.0,0.9859,330,334,336,337,1.0,True,96.6948,105.3012,93.3608,2.8116,96.0745,"105.30,102.04,100.42,99.33,98.25,98.25,98.25,99.33,98.25,97.70,97.70,96.62,96.62,96.07,96.07,95.53,95.53,95.53,94.99,94.99,94.99,94.45,94.45,93.36,93.36,93.36,93.36,93.36"
Rec-027_std_2,17,10,3504,core,332,331,0.0,4.0,0.9897,334,334,340,337,1.0,True,97.7027,106.3867,94.4463,3.0358,97.16,"106.39,103.67,102.04,100.96,99.87,99.87,99.33,100.42,99.33,98.25,98.25,98.25,98.25,97.70,96.62,96.07,96.07,96.07,95.53,95.53,95.53,94.99,94.45,94.45,94.45,94.45,94.45,94.45"
Rec-027_std_2,17,11,3505,core,337,331,0.0,5.0,0.9864,339,334,345,337,1.0,True,98.3618,105.8439,94.4463,2.8364,97.9741,"105.84,103.67,102.04,101.50,100.96,100.96,100.42,100.96,99.87,99.33,98.79,98.79,98.25,98.25,97.70,97.16,97.16,97.16,96.62,96.62,96.07,95.53,95.53,95.53,94.99,94.99,94.99,94.45"
Rec-027_std_2,17,12,3506,core,346,331,0.0,9.0,0.9856,348,334,354,337,1.0,True,96.7529,106.3867,89.5616,3.9235,96.0745,"106.39,104.22,102.04,100.96,98.79,97.70,95.53,101.50,100.42,98.79,98.25,96.62,95.53,93.36,98.25,97.70,96.62,95.53,94.45,93.36,91.19,95.53,95.53,94.45,93.36,92.28,91.19,89.56"
Rec-027_std_2,17,13,3507,core,350,331,0.0,4.0,0.9877,352,334,358,337,0.8571,False,90.0462,105.3012,77.6212,7.6058,91.4612,"105.30,102.04,98.79,96.07,91.73,83.59,78.71,99.33,97.70,95.53,93.36,89.56,82.51,78.71,95.53,94.45,92.28,91.19,87.39,80.88,77.62,93.36,92.28,90.65,89.02,85.76,80.33,77.62"
Rec-027_std_2,17,14,3508,core,354,331,0.0,4.0,0.9837,356,334,362,337,0.2857,False,80.1023,98.2455,74.9074,5.7848,77.6212,"98.25,87.93,82.51,78.71,77.62,75.99,75.99,92.28,84.13,79.79,77.62,76.54,75.99,75.45,89.02,82.51,78.71,77.62,75.99,75.99,75.45,86.85,80.88,78.16,76.54,75.99,75.45,74.91"
Rec-027_std_2,18,1,3617,core,290,331,0.0,0.0,0.9875,292,334,298,337,1.0,True,94.8921,101.502,87.9333,3.7408,94.7176,"100.96,101.50,100.42,99.33,99.33,99.33,99.33,94.45,95.53,95.53,95.53,96.62,96.62,97.16,90.10,91.19,92.28,93.36,94.45,94.45,94.99,87.93,89.02,90.10,91.19,91.73,92.28,92.28"
Rec-027_std_2,18,2,3618,core,293,331,0.0,3.0,0.987,295,334,301,337,1.0,True,97.3538,107.4722,91.7325,3.8548,96.6172,"107.47,105.30,103.13,102.04,100.42,99.87,99.33,99.87,99.33,98.25,98.25,98.25,97.70,97.70,94.99,95.53,95.53,95.53,95.53,95.53,95.53,91.73,92.28,93.36,93.36,93.36,93.36,93.36"
Rec-027_std_2,18,3,3619,core,297,331,0.0,4.0,0.9844,299,334,305,337,1.0,True,98.8076,111.2714,93.3608,4.3431,97.9741,"111.27,108.56,105.84,103.13,100.96,99.87,99.33,103.13,102.04,100.42,99.33,98.25,98.25,97.70,98.25,97.70,97.16,96.62,96.07,96.07,95.53,94.99,94.99,94.45,94.45,94.45,94.45,93.36"
Rec-027_std_2,18,4,3620,core,302,331,0.0,5.0,0.9882,304,334,310,337,1.0,True,97.8772,109.1004,93.3608,3.6841,97.16,"109.10,105.84,103.13,100.96,99.33,98.25,98.25,102.04,100.96,99.33,98.25,97.70,97.16,96.62,98.25,97.16,96.62,95.53,95.53,95.53,94.99,94.99,94.99,94.45,94.45,94.45,93.36,93.36"
Rec-027_std_2,18,5,3621,core,306,331,0.0,4.0,0.9858,308,334,314,337,1.0,True,97.6252,109.6431,92.2753,3.9318,96.6172,"109.64,106.39,103.13,100.96,98.79,98.25,97.70,102.04,100.96,99.33,98.25,97.16,96.07,95.53,97.70,97.16,96.07,95.53,95.53,94.99,94.45,94.99,94.99,94.45,94.45,93.36,93.36,92.28"
Rec-027_std_2,18,6,3622,core,311,331,0.0,5.0,0.9889,313,334,319,337,1.0,True,96.5203,106.9294,92.2753,3.3865,95.5318,"106.93,103.67,101.50,98.79,98.25,97.16,96.62,100.96,98.79,98.25,96.62,95.53,95.53,95.53,96.62,95.53,95.53,94.99,94.45,94.45,94.45,94.45,93.36,93.36,93.36,93.36,92.28,92.28"
Rec-027_std_2,18,7,3623,core,315,331,0.0,4.0,0.9861,317,334,323,337,1.0,True,96.5785,106.9294,92.2753,3.4201,95.5318,"106.93,103.67,102.04,99.87,98.25,97.70,97.16,100.42,98.79,97.70,96.62,96.07,95.53,95.53,96.07,95.53,95.53,94.99,94.45,94.45,94.45,94.45,93.36,93.36,93.36,93.36,92.28,92.28"
Rec-027_std_2,18,8,3624,core,320,331,0.0,5.0,0.9897,322,334,328,337,1.0,True,96.8111,105.3012,93.3608,2.9055,96.0745,"105.30,103.13,101.50,99.87,98.25,98.25,97.70,99.33,98.25,97.70,97.16,96.62,96.62,96.07,96.07,95.53,95.53,95.53,95.53,94.99,94.99,94.45,94.45,94.45,93.36,93.36,93.36,93.36"
Rec-027_std_2,18,9,3625,core,324,331,0.0,4.0,0.9863,326,334,332,337,1.0,True,97.4701,106.9294,93.3608,3.1661,96.8886,"106.93,104.22,102.04,100.96,99.33,98.79,98.25,100.42,99.33,98.25,98.25,97.70,97.16,97.16,96.62,96.07,95.53,95.53,95.53,95.53,95.53,94.45,94.45,94.45,94.45,94.45,94.45,93.36"
Rec-027_std_2,18,10,3626,core,329,331,0.0,5.0,0.9897,331,334,337,337,1.0,True,97.9741,106.3867,94.4463,2.9745,97.7027,"106.39,103.67,102.04,100.96,100.42,99.87,99.33,100.96,99.87,98.79,98.25,98.25,98.25,98.25,97.16,97.16,96.62,96.07,96.07,96.07,96.07,94.99,94.99,94.99,94.45,94.45,94.45,94.45"
Rec-027_std_2,18,11,3627,core,334,331,0.0,5.0,0.9866,336,334,342,337,1.0,True,98.6138,106.3867,94.989,2.8977,97.9741,"106.39,104.22,103.13,101.50,100.96,100.42,100.42,101.50,100.42,99.33,99.33,98.79,98.79,98.25,97.70,97.70,97.16,97.16,97.16,96.62,96.62,95.53,95.53,95.53,95.53,95.53,94.99,94.99"
Rec-027_std_2,18,12,3628,core,338,331,0.0,4.0,0.9893,340,334,346,337,1.0,True,99.2728,108.0149,95.5318,3.212,98.5169,"108.01,105.30,103.67,103.13,102.04,102.04,100.96,102.04,100.96,100.42,99.87,99.33,99.33,98.79,98.25,98.25,98.25,97.70,97.70,97.16,97.16,96.07,95.53,95.53,95.53,95.53,95.53,95.53"
Rec-027_std_2,18,13,3629,core,343,331,0.0,5.0,0.9867,345,334,351,337,1.0,True,98.6332,107.4722,93.3608,3.3641,98.2455,"107.47,105.30,103.13,102.04,101.50,100.42,99.33,102.04,101.50,100.42,99.87,98.79,98.25,97.16,98.25,98.25,98.25,97.16,96.62,95.53,94.99,96.07,95.53,95.53,95.53,94.99,94.45,93.36"
Rec-027_std_2,18,14,3630,core,347,331,0.0,4.0,0.9883,349,334,355,337,1.0,True,96.1327,107.4722,88.4761,4.5162,95.5318,"107.47,105.30,102.04,100.42,98.25,96.62,94.45,102.04,100.42,98.25,97.16,95.53,94.45,92.28,98.25,97.16,96.07,94.99,93.36,91.73,89.56,95.53,94.99,93.36,92.28,91.19,90.10,88.48"
Rec-027_std_2,18,15,3631,core,352,331,0.0,5.0,0.9849,354,334,360,337,0.5714,False,84.4443,102.0447,75.4502,7.9495,82.2345,"102.04,98.25,92.28,84.13,78.71,77.08,75.99,96.62,94.45,89.56,83.05,78.71,77.08,75.99,93.36,91.19,87.93,81.42,78.16,76.54,75.45,91.19,89.56,85.76,80.88,77.62,75.99,75.45"
Rec-027_std_2,18,16,3632,core,355,331,0.0,3.0,0.9869,357,334,363,337,0.1429,False,78.067,89.5616,74.3647,3.5265,76.5357,"89.56,83.59,79.79,77.62,76.54,75.99,75.45,85.22,80.33,78.16,77.08,75.99,75.45,75.45,83.05,78.71,77.62,75.99,75.99,75.45,74.91,81.42,78.16,76.54,75.99,75.99,75.45,74.36"
Rec-027_std_2,19,1,3745,core,291,331,0.0,1.0,0.9857,293,334,299,337,1.0,True,96.3653,104.2157,89.5616,3.7811,96.3459,"104.22,103.13,102.04,100.96,100.42,100.42,99.87,97.16,97.16,97.16,97.70,97.70,97.70,97.70,92.28,93.36,94.45,94.99,95.53,95.53,95.53,89.56,90.65,91.73,92.28,92.28,93.36,93.36"
Rec-027_std_2,19,2,3746,core,295,331,0.0,4.0,0.9875,297,334,303,337,1.0,True,98.5944,110.1859,94.4463,4.0982,97.4314,"110.19,107.47,105.30,103.13,101.50,100.42,99.33,102.04,101.50,99.87,99.33,98.25,98.25,97.70,97.16,97.16,97.16,96.62,96.07,95.53,95.53,94.45,94.45,94.45,94.45,94.45,94.45,94.45"
Rec-027_std_2,19,3,3747,core,300,331,0.0,5.0,0.9855,302,334,308,337,1.0,True,97.9741,109.1004,93.3608,3.6711,97.16,"109.10,105.84,103.13,101.50,99.87,98.79,98.25,102.04,100.42,99.33,98.25,98.25,97.16,96.62,98.25,97.16,96.62,96.07,95.53,95.53,94.99,94.99,94.99,94.99,94.45,94.45,93.36,93.36"
Rec-027_std_2,19,4,3748,core,304,331,0.0,4.0,0.9887,306,334,312,337,1.0,True,97.5283,108.5576,92.2753,3.7548,96.6172,"108.56,105.84,103.13,100.96,99.33,98.25,97.16,102.04,100.42,98.79,98.25,97.16,96.62,95.53,97.70,96.62,96.07,95.53,95.53,94.99,94.45,94.99,94.99,94.45,94.45,93.36,93.36,92.28"
Rec-027_std_2,19,5,3749,core,309,331,0.0,5.0,0.9864,311,334,317,337,1.0,True,96.1521,105.8439,92.2753,3.2393,95.5318,"105.84,103.13,100.42,98.79,97.70,96.62,96.07,100.42,98.25,97.70,96.62,95.53,95.53,94.99,96.62,95.53,95.53,94.45,94.45,93.36,93.36,94.45,94.45,93.36,92.28,92.28,92.28,92.28"
Rec-027_std_2,19,6,3750,core,313,331,0.0,4.0,0.9894,315,334,321,337,1.0,True,96.2296,105.8439,92.2753,3.2268,95.5318,"105.84,103.13,100.96,98.79,97.70,97.16,96.07,100.42,98.25,97.70,96.62,96.07,95.53,95.53,96.07,95.53,94.99,94.45,94.45,94.45,93.36,94.45,93.36,93.36,93.36,92.28,92.28,92.28"
Rec-027_std_2,19,7,3751,core,318,331,0.0,5.0,0.9874,320,334,326,337,1.0,True,96.1327,104.2157,92.2753,2.7535,95.5318,"104.22,102.04,99.87,98.25,98.25,97.70,97.16,98.79,97.70,97.16,96.62,96.07,96.07,95.53,95.53,95.53,94.99,94.45,94.45,94.45,94.45,93.36,93.36,93.36,93.36,93.36,93.36,92.28"
Rec-027_std_2,19,8,3752,core,327,331,0.0,9.0,0.9875,329,334,335,337,1.0,True,97.3926,105.3012,94.4463,2.7767,96.8886,"105.30,103.13,101.50,99.87,99.33,98.79,98.79,100.42,98.79,98.25,98.25,97.70,97.16,97.16,96.62,96.07,96.07,96.07,95.53,95.53,95.53,94.45,94.45,94.45,94.45,94.45,94.45,94.45"
Rec-027_std_2,19,9,3753,core,340,331,0.0,13.0,0.9887,342,334,348,337,1.0,True,99.4667,108.5576,94.989,3.3633,98.5169,"108.56,106.39,104.22,103.13,102.04,101.50,100.96,102.04,102.04,100.96,100.42,99.87,99.33,98.79,98.25,98.25,98.25,97.70,97.70,97.70,97.16,96.07,96.07,96.07,95.53,95.53,95.53,94.99"
Rec-027_std_2,19,10,3754,core,345,331,0.0,5.0,0.9871,347,334,353,337,1.0,True,97.9354,107.4722,91.1898,3.7921,97.7027,"107.47,105.30,103.13,102.04,100.42,99.33,97.70,102.04,100.96,100.42,99.33,98.25,96.62,95.53,98.79,98.25,97.70,96.62,95.53,94.45,93.36,96.07,95.53,95.53,94.99,93.36,92.28,91.19"
Rec-027_std_2,19,11,3755,core,349,331,0.0,4.0,0.9874,351,334,357,337,1.0,True,92.9343,106.9294,79.7922,6.581,93.3608,"106.93,103.67,100.96,98.25,95.53,91.19,83.05,100.96,98.79,97.16,95.53,93.36,89.56,81.96,97.16,95.53,94.45,92.28,91.19,87.93,80.88,94.45,93.36,92.28,91.19,89.02,85.76,79.79"
Rec-027_std_2,19,12,3756,core,354,331,0.0,5.0,0.9853,356,334,362,337,0.2857,False,79.6177,96.0745,74.9074,5.4081,77.3498,"96.07,86.31,80.88,77.62,76.54,75.99,75.45,91.19,83.59,79.79,77.62,75.99,75.99,75.45,88.48,81.96,78.16,77.08,75.99,75.45,75.45,86.85,80.88,77.62,76.54,75.99,75.45,74.91"
Rec-027_std_2,19,13,3757,core,355,330,45.0,1.41,0.9897,357,333,363,336,0.1429,False,79.5208,96.6172,74.9074,5.1089,77.6212,"96.62,88.48,83.05,79.79,77.62,76.54,75.99,89.56,83.59,79.79,77.62,76.54,75.99,75.45,85.22,80.33,78.16,77.08,75.99,75.99,75.45,83.05,78.71,77.62,75.99,75.99,75.45,74.91"
Rec-027_std_2,20,1,3880,core,291,331,0.0,1.0,0.9849,293,334,299,337,1.0,True,95.8807,103.6729,89.5616,3.7045,95.8031,"103.67,103.13,101.50,100.42,99.87,99.33,98.79,96.62,96.62,96.62,97.16,97.70,97.16,97.16,91.73,93.36,94.45,94.45,94.99,94.99,94.45,89.56,90.65,91.19,92.28,92.28,92.28,92.28"
Rec-027_std_2,20,2,3881,core,300,331,0.0,9.0,0.9845,302,334,308,337,1.0,True,97.2375,107.4722,92.2753,3.5374,96.3459,"107.47,105.30,102.04,100.42,98.79,98.25,97.70,101.50,99.87,98.25,98.25,97.16,96.62,96.07,96.62,96.07,96.07,95.53,95.53,94.99,94.45,94.45,94.45,94.45,93.36,93.36,93.36,92.28"
Rec-027_std_2,20,3,3882,core,304,331,0.0,4.0,0.9882,306,334,312,337,1.0,True,97.3732,108.5576,92.2753,3.6935,96.6172,"108.56,105.30,103.13,100.42,98.79,98.25,97.70,102.04,99.87,98.25,97.70,97.16,96.62,95.53,97.16,96.62,96.07,95.53,95.53,94.99,94.45,94.45,94.45,94.45,94.45,93.36,93.36,92.28"
Rec-027_std_2,20,4,3883,core,309,331,0.0,5.0,0.9853,311,334,317,337,1.0,True,96.1908,105.8439,92.2753,3.2154,95.5318,"105.84,103.13,100.42,98.79,98.25,96.62,96.07,99.87,98.25,97.70,96.62,96.07,95.53,94.99,96.62,95.53,95.53,94.99,94.45,94.45,93.36,94.45,93.36,93.36,92.28,92.28,92.28,92.28"
Rec-027_std_2,20,5,3884,core,322,331,0.0,13.0,0.9896,324,334,330,337,1.0,True,97.2957,105.8439,93.3608,3.0066,96.8886,"105.84,103.67,102.04,99.87,99.33,98.25,98.25,100.42,99.33,98.25,97.70,97.70,97.16,97.16,96.62,96.07,95.53,95.53,95.53,95.53,95.53,94.45,94.45,94.45,94.45,94.45,93.36,93.36"
Rec-027_std_2,20,6,3885,core,331,331,0.0,9.0,0.9899,333,334,339,337,1.0,True,98.7107,107.4722,94.989,3.0966,98.2455,"107.47,105.30,103.13,102.04,100.96,100.42,99.87,101.50,100.42,99.87,99.33,98.79,98.25,98.25,98.25,97.70,97.16,97.16,97.16,96.62,96.62,95.53,95.53,95.53,95.53,95.53,94.99,94.99"
Rec-027_std_2,20,7,3886,core,349,331,0.0,18.0,0.9877,351,334,357,337,1.0,True,92.6436,105.8439,80.3349,6.3129,93.3608,"105.84,103.13,100.42,97.70,95.53,91.19,83.05,99.87,98.25,96.62,94.99,93.36,89.56,81.96,96.07,95.53,94.45,92.28,90.65,87.39,80.88,94.45,93.36,91.73,90.65,89.02,85.76,80.33"
Rec-027_std_2,20,8,3887,core,354,331,0.0,5.0,0.9843,356,334,362,337,0.2857,False,79.4045,95.5318,74.9074,5.3667,77.0784,"95.53,85.76,80.33,77.62,76.54,75.99,75.45,91.19,83.59,78.71,77.62,75.99,75.99,74.91,88.48,81.96,78.16,76.54,75.99,75.45,74.91,86.31,80.88,77.62,75.99,75.99,74.91,74.91"
Rec-027_std_2,21,1,4002,core,290,331,0.0,0.0,0.9861,292,334,298,337,1.0,True,94.989,102.0447,87.9333,3.802,95.2604,"102.04,102.04,100.96,99.33,99.33,98.79,98.79,95.53,95.53,95.53,96.07,96.62,96.62,96.62,90.10,91.19,92.28,93.36,94.45,94.45,94.99,87.93,89.02,90.65,91.19,91.73,92.28,92.28"
Rec-027_std_2,21,2,4003,core,294,331,0.0,4.0,0.9862,296,334,302,337,1.0,True,97.664,109.1004,92.2753,4.2363,96.3459,"109.10,106.93,105.30,102.04,100.42,99.33,98.25,101.50,100.42,99.33,98.25,98.25,97.16,96.62,96.07,96.07,95.53,95.53,95.53,95.53,94.99,93.36,93.36,93.36,93.36,93.36,93.36,92.28"
Rec-027_std_2,21,3,4004,core,299,331,0.0,5.0,0.9876,301,334,307,337,1.0,True,97.2569,108.5576,92.2753,3.7239,96.3459,"108.56,105.30,102.04,100.42,99.33,98.25,97.70,102.04,99.87,98.25,97.70,97.16,96.62,96.07,97.16,96.07,95.53,95.53,95.53,94.99,94.45,94.45,94.45,93.36,93.36,93.36,93.36,92.28"
Rec-027_std_2,21,4,4005,core,303,331,0.0,4.0,0.9879,305,334,311,337,1.0,True,97.5089,109.1004,92.2753,3.9063,96.6172,"109.10,106.39,103.13,100.96,99.33,98.25,97.70,102.04,100.42,98.79,98.25,97.16,96.62,96.07,97.16,96.62,95.53,95.53,95.53,94.99,94.99,94.45,94.45,94.45,93.36,93.36,93.36,92.28"
Rec-027_std_2,21,5,4006,core,308,331,0.0,5.0,0.9885,310,334,316,337,1.0,True,96.7529,106.9294,92.2753,3.3852,96.0745,"106.93,104.22,101.50,99.33,98.25,97.70,96.62,100.96,99.33,98.25,97.16,96.07,96.07,95.53,96.62,96.07,95.53,94.99,94.45,94.45,94.45,94.45,94.45,94.45,93.36,93.36,92.28,92.28"
Rec-027_std_2,21,6,4007,core,312,331,0.0,4.0,0.9889,314,334,320,337,1.0,True,96.8305,107.4722,92.2753,3.4702,95.8031,"107.47,104.22,102.04,99.87,98.25,97.70,97.16,100.96,99.33,98.25,97.16,96.62,96.07,95.53,96.07,95.53,95.53,94.99,94.99,94.45,94.45,94.45,94.45,93.36,93.36,93.36,93.36,92.28"
Rec-027_std_2,21,7,4008,core,317,331,0.0,5.0,0.9891,319,334,325,337,1.0,True,96.8692,105.3012,93.3608,2.9209,96.3459,"105.30,103.13,100.96,99.33,98.25,98.25,98.25,99.87,98.25,98.25,97.70,97.16,96.62,96.62,96.07,95.53,95.53,95.53,95.53,95.53,94.99,94.45,94.45,93.36,93.36,93.36,93.36,93.36"
Rec-027_std_2,21,8,4009,core,321,331,0.0,4.0,0.9887,323,334,329,337,1.0,True,97.9547,106.9294,94.4463,3.2516,97.4314,"106.93,105.30,103.13,100.96,99.87,99.33,98.79,101.50,99.87,98.79,98.25,98.25,98.25,97.70,97.16,96.62,96.62,96.07,96.07,95.53,95.53,94.99,94.99,94.45,94.45,94.45,94.45,94.45"
Rec-027_std_2,21,9,4010,core,326,331,0.0,5.0,0.9894,328,334,334,337,1.0,True,98.1486,106.3867,94.4463,2.9445,97.9741,"106.39,104.22,102.04,100.96,99.87,99.33,99.33,101.50,100.42,99.33,98.25,98.25,98.25,98.25,97.70,97.70,97.16,96.62,96.07,96.07,96.07,95.53,95.53,94.99,94.99,94.45,94.45,94.45"
Rec-027_std_2,21,10,4011,core,330,331,0.0,4.0,0.9875,332,334,338,337,1.0,True,99.1371,108.5576,95.5318,3.2636,98.5169,"108.56,105.84,103.67,102.04,101.50,100.96,100.42,102.04,101.50,100.42,99.87,99.33,98.79,98.79,98.25,98.25,97.70,97.70,97.16,97.16,97.16,95.53,95.53,95.53,95.53,95.53,95.53,95.53"
Rec-027_std_2,21,11,4012,core,335,331,0.0,5.0,0.9895,337,334,343,337,1.0,True,99.5636,108.0149,95.5318,3.0683,99.0596,"108.01,105.30,103.67,103.13,102.04,101.50,101.50,102.04,101.50,100.96,100.42,99.87,99.33,99.33,98.79,98.25,98.25,98.25,98.25,97.70,97.16,96.62,96.62,96.07,96.07,96.07,95.53,95.53"
Rec-027_std_2,21,12,4013,core,339,331,0.0,4.0,0.9872,341,334,347,337,1.0,True,100.0676,109.6431,95.5318,3.5389,99.331,"109.64,107.47,105.30,103.67,103.13,102.04,101.50,103.13,102.04,101.50,100.96,100.42,99.87,99.33,99.33,98.79,98.79,98.25,98.25,97.70,97.70,97.16,96.62,96.62,96.07,95.53,95.53,95.53"
Rec-027_std_2,21,13,4014,core,344,331,0.0,5.0,0.9888,346,334,352,337,1.0,True,98.5556,108.0149,92.2753,3.6305,98.2455,"108.01,105.84,103.67,102.04,101.50,99.87,98.79,102.04,102.04,100.42,99.87,98.25,97.70,96.62,98.79,98.25,98.25,97.16,96.62,95.53,94.45,96.62,96.07,95.53,95.53,94.45,93.36,92.28"
Rec-027_std_2,21,14,4015,core,348,331,0.0,4.0,0.9854,350,334,356,337,1.0,True,95.4736,108.0149,85.7624,5.1903,95.5318,"108.01,105.30,103.13,99.87,98.25,95.53,91.19,102.04,99.87,98.25,97.16,95.53,93.36,89.56,98.25,96.62,95.53,94.45,92.28,90.65,87.39,95.53,94.45,93.36,92.28,90.65,89.02,85.76"
Rec-027_std_2,21,15,4016,core,353,331,0.0,5.0,0.9871,355,334,361,337,0.4286,False,82.1957,102.0447,74.9074,7.4917,78.978,"102.04,95.53,85.22,79.79,77.62,75.99,75.99,95.53,91.19,83.05,79.79,77.08,75.99,75.45,92.28,88.48,81.96,78.16,77.08,75.99,75.45,90.10,86.85,80.88,77.62,75.99,75.45,74.91"
Rec-027_std_2,21,16,4017,core,355,330,26.57,2.24,0.9865,357,333,363,336,0.1429,False,79.7534,97.7027,74.9074,5.3097,77.6212,"97.70,89.02,83.59,79.79,77.62,76.54,75.99,90.10,83.59,79.79,77.62,77.08,75.99,75.99,85.76,80.88,78.16,77.08,75.99,75.99,75.45,83.05,79.79,77.62,76.54,75.99,75.45,74.91"
Rec-027_std_2,22,1,4132,core,301,331,-7.13,8.06,0.9858,303,334,309,337,1.0,True,97.7997,110.7286,92.2753,4.3251,96.6172,"110.73,107.47,104.22,102.04,99.33,98.25,97.70,103.13,100.96,99.33,98.25,97.70,96.62,95.53,97.70,96.62,96.07,95.53,95.53,94.99,94.45,94.99,94.45,94.45,93.36,93.36,93.36,92.28"
Rec-027_std_2,22,2,4133,core,306,331,0.0,5.0,0.9886,308,334,314,337,1.0,True,96.6754,107.4722,92.2753,3.5482,95.8031,"107.47,104.22,102.04,99.33,98.25,97.16,96.62,100.96,99.33,98.25,97.16,96.07,95.53,95.53,96.62,96.07,95.53,94.99,94.45,94.45,94.45,94.45,94.45,93.36,93.36,92.28,92.28,92.28"
Rec-027_std_2,22,3,4134,core,310,331,0.0,4.0,0.9861,312,334,318,337,1.0,True,96.7336,108.0149,92.2753,3.7444,95.5318,"108.01,105.30,102.04,99.87,98.25,97.70,96.62,100.96,99.33,98.25,97.16,96.62,95.53,95.53,96.62,95.53,95.53,94.99,94.45,94.45,94.45,94.45,93.36,93.36,93.36,92.28,92.28,92.28"
Rec-027_std_2,22,4,4135,core,315,331,0.0,5.0,0.9897,317,334,323,337,1.0,True,96.5591,105.8439,93.3608,3.0473,96.0745,"105.84,103.13,100.96,98.79,98.25,97.70,97.16,99.87,98.25,97.70,97.16,96.62,96.07,96.07,96.07,95.53,95.53,94.99,94.99,94.99,94.45,93.36,93.36,93.36,93.36,93.36,93.36,93.36"
Rec-027_std_2,22,5,4136,core,320,331,0.0,5.0,0.9869,322,334,328,337,1.0,True,97.1212,105.3012,94.4463,2.5823,96.8886,"105.30,102.04,100.42,99.33,98.25,98.25,98.25,99.87,98.79,98.25,97.70,97.16,97.16,97.16,96.62,96.07,95.53,95.53,95.53,95.53,95.53,94.45,94.45,94.45,94.45,94.45,94.45,94.45"
Rec-027_std_2,22,6,4137,core,324,331,0.0,4.0,0.9899,326,334,332,337,1.0,True,98.2261,106.3867,94.4463,2.8664,97.9741,"106.39,104.22,102.04,100.96,99.87,99.33,98.79,101.50,100.42,99.33,98.79,98.25,98.25,98.25,97.70,97.16,97.16,97.16,96.62,96.62,96.07,95.53,95.53,94.99,94.99,94.99,94.99,94.45"
Rec-027_std_2,22,7,4138,core,329,331,0.0,5.0,0.987,331,334,337,337,1.0,True,98.7107,106.3867,95.5318,2.7242,98.5169,"106.39,103.67,102.04,101.50,100.96,100.96,99.87,101.50,100.42,99.87,98.79,98.79,98.79,98.79,98.25,98.25,97.70,97.16,97.16,97.16,97.16,95.53,95.53,95.53,95.53,95.53,95.53,95.53"
Rec-027_std_2,22,8,4139,core,338,331,0.0,9.0,0.9872,340,334,346,337,1.0,True,100.6297,108.5576,96.0745,3.1223,100.1451,"108.56,106.39,105.30,103.67,103.13,103.13,103.13,103.13,102.04,102.04,102.04,101.50,100.96,100.42,99.87,99.33,99.33,99.33,98.79,98.25,98.25,97.70,97.16,97.16,97.16,97.16,96.62,96.07"
Rec-027_std_2,22,9,4140,core,342,331,0.0,4.0,0.9892,344,334,350,337,1.0,True,100.7072,110.1859,94.989,3.6882,100.1451,"110.19,108.01,105.84,105.30,103.67,103.13,101.50,104.22,103.13,102.04,102.04,101.50,100.42,99.33,100.42,99.87,99.33,99.33,98.25,98.25,97.16,98.25,97.70,97.16,97.16,96.07,95.53,94.99"
Rec-027_std_2,22,10,4141,core,347,331,0.0,5.0,0.986,349,334,355,337,1.0,True,96.8692,108.0149,88.4761,4.5513,96.6172,"108.01,105.30,103.13,100.96,98.79,97.16,94.99,103.13,101.50,99.33,98.25,96.62,94.99,92.28,98.79,98.25,96.62,95.53,94.45,92.28,90.10,96.62,95.53,94.99,93.36,92.28,90.65,88.48"
Rec-027_std_2,22,11,4142,core,351,331,0.0,4.0,0.9878,353,334,359,337,0.7143,False,87.7589,105.3012,75.9929,8.6973,88.7475,"105.30,102.04,98.25,92.28,83.59,78.71,77.08,99.87,97.16,94.99,90.10,83.05,78.71,76.54,95.53,94.45,91.73,87.93,81.42,77.62,75.99,93.36,91.19,89.56,86.31,80.88,77.62,75.99"
Rec-027_std_2,22,12,4143,core,355,330,14.04,4.12,0.9933,357,333,363,336,0.1429,False,79.2882,95.5318,74.9074,4.8456,77.6212,"95.53,87.39,82.51,78.71,77.62,76.54,75.99,89.02,83.05,79.79,77.62,76.54,75.99,75.45,84.68,80.33,77.62,77.08,75.99,75.45,75.45,83.05,78.71,77.62,75.99,75.99,75.45,74.91"
Rec-027_std_2,23,1,4256,core,290,331,0.0,0.0,0.9874,292,334,298,337,1.0,True,95.3961,102.0447,87.9333,3.7954,94.989,"101.50,102.04,100.96,99.87,99.87,99.87,99.87,94.99,95.53,96.07,96.07,97.16,97.70,97.70,90.65,91.73,93.36,94.45,94.45,94.99,94.99,87.93,89.56,90.65,91.19,92.28,92.28,93.36"
Rec-027_std_2,23,2,4257,core,293,331,0.0,3.0,0.9867,295,334,301,337,1.0,True,97.8966,108.0149,92.2753,3.9009,97.16,"108.01,106.39,104.22,102.04,100.96,100.42,99.87,100.42,99.87,99.33,98.79,98.25,98.25,98.25,95.53,95.53,96.07,96.07,96.07,95.53,95.53,92.28,93.36,93.36,94.45,94.45,94.45,93.36"
Rec-027_std_2,23,3,4258,core,298,331,0.0,5.0,0.9851,300,334,306,337,1.0,True,98.1292,109.1004,93.3608,3.6735,97.7027,"109.10,105.84,103.13,101.50,99.87,99.33,98.25,102.04,100.96,99.87,98.79,98.25,97.70,97.16,98.25,97.70,96.62,96.07,95.53,95.53,95.53,94.99,94.99,94.99,94.45,94.45,93.36,93.36"
Rec-027_std_2,23,4,4259,core,302,331,0.0,4.0,0.9883,304,334,310,337,1.0,True,98.1098,109.6431,93.3608,3.8966,97.16,"109.64,106.93,103.67,101.50,99.87,98.25,98.25,103.13,100.96,99.87,98.25,97.70,97.16,96.62,98.25,97.16,96.62,96.07,95.53,95.53,95.53,95.53,94.99,94.45,94.45,94.45,93.36,93.36"
Rec-027_std_2,23,5,4260,core,307,331,0.0,5.0,0.9857,309,334,315,337,1.0,True,96.7529,106.3867,92.2753,3.1933,96.0745,"106.39,103.13,101.50,98.79,98.25,97.16,96.62,100.96,99.33,98.25,97.16,96.62,95.53,95.53,97.16,96.07,96.07,95.53,94.99,94.45,94.45,94.99,94.45,94.45,93.36,93.36,92.28,92.28"
Rec-027_std_2,23,6,4261,core,311,331,0.0,4.0,0.9891,313,334,319,337,1.0,True,96.8692,107.4722,92.2753,3.3816,96.0745,"107.47,104.22,101.50,99.33,98.25,97.16,97.16,100.96,99.33,98.25,97.16,96.62,96.07,95.53,97.16,96.07,95.53,94.99,94.99,94.45,94.45,94.45,94.45,94.45,93.36,93.36,93.36,92.28"
Rec-027_std_2,23,7,4262,core,316,331,0.0,5.0,0.9864,318,334,324,337,1.0,True,96.5785,105.3012,93.3608,2.694,96.0745,"105.30,102.04,99.87,98.25,98.25,97.16,97.16,99.87,98.25,97.70,96.62,96.62,96.07,96.07,96.07,95.53,95.53,95.53,95.53,94.99,94.99,94.45,94.45,94.45,93.36,93.36,93.36,93.36"
Rec-027_std_2,23,8,4263,core,320,331,0.0,4.0,0.9893,322,334,328,337,1.0,True,97.5671,106.3867,94.4463,2.8852,97.4314,"106.39,103.67,102.04,99.87,98.79,98.25,98.25,100.42,99.33,98.25,98.25,97.70,97.70,97.70,97.16,96.62,96.07,96.07,96.07,95.53,95.53,94.99,94.99,94.45,94.45,94.45,94.45,94.45"
Rec-027_std_2,23,9,4264,core,325,331,0.0,5.0,0.9871,327,334,333,337,1.0,True,98.4006,105.8439,95.5318,2.5368,97.9741,"105.84,103.13,102.04,100.96,100.42,99.33,99.33,100.96,99.87,99.33,98.79,98.79,98.25,98.25,97.70,97.70,97.70,97.16,97.16,97.16,96.62,95.53,95.53,95.53,95.53,95.53,95.53,95.53"
Rec-027_std_2,23,10,4265,core,329,331,0.0,4.0,0.9893,331,334,337,337,1.0,True,99.5636,108.0149,96.0745,3.0094,99.0596,"108.01,105.84,103.67,102.04,101.50,101.50,101.50,102.04,101.50,100.42,99.87,99.87,99.87,99.87,98.25,98.25,98.25,98.25,98.25,98.25,98.25,96.07,96.07,96.07,96.07,96.07,96.07,96.07"
Rec-027_std_2,23,11,4266,core,334,331,0.0,5.0,0.988,336,334,342,337,1.0,True,100.4746,108.0149,97.16,2.8326,100.1451,"108.01,105.30,104.22,103.13,103.13,103.13,103.13,102.04,102.04,101.50,101.50,101.50,100.96,100.96,99.33,99.33,98.79,98.79,98.79,98.79,98.79,97.16,97.16,97.16,97.16,97.16,97.16,97.16"
Rec-027_std_2,23,12,4267,core,338,331,0.0,4.0,0.9891,340,334,346,337,1.0,True,101.5795,110.1859,97.16,3.3354,101.2306,"110.19,108.01,106.39,105.30,104.22,103.67,103.13,105.30,103.67,103.13,102.04,102.04,102.04,101.50,100.96,100.42,99.87,99.87,99.33,99.33,98.79,98.25,98.25,98.25,98.25,97.70,97.16,97.16"
Rec-027_std_2,23,13,4268,core,343,331,0.0,5.0,0.9879,345,334,351,337,1.0,True,100.4358,109.6431,94.4463,3.5456,100.1451,"109.64,106.93,105.84,104.22,103.13,102.04,100.96,104.22,103.13,102.04,101.50,100.96,99.33,98.25,100.96,100.42,99.87,99.33,98.25,97.70,96.07,98.25,98.25,97.70,97.16,96.07,95.53,94.45"
Rec-027_std_2,23,14,4269,core,347,331,0.0,4.0,0.9878,349,334,355,337,1.0,True,97.5089,109.6431,89.0188,4.7608,97.16,"109.64,106.93,103.67,102.04,99.33,97.16,95.53,103.67,102.04,100.42,98.25,97.16,95.53,93.36,99.87,98.25,97.70,96.07,94.99,92.28,90.65,97.16,96.07,95.53,94.45,92.28,91.19,89.02"
Rec-027_std_2,23,15,4270,core,352,331,0.0,5.0,0.9861,354,334,360,337,0.5714,False,84.8319,103.1302,75.4502,8.3992,82.2345,"103.13,98.79,93.36,84.13,79.79,77.08,75.99,98.25,95.53,90.65,83.05,78.71,76.54,75.99,94.45,92.28,88.48,81.42,77.62,76.54,75.45,91.73,90.10,86.31,80.88,77.62,75.99,75.45"
Rec-027_std_2,23,16,4271,core,355,331,0.0,3.0,0.9866,357,334,363,337,0.1429,False,78.1251,90.1043,74.3647,3.6262,76.5357,"90.10,83.59,79.79,77.62,76.54,75.99,75.99,85.22,80.88,78.16,77.08,75.99,75.99,75.45,83.05,78.71,77.62,75.99,75.99,75.45,74.91,81.96,78.16,76.54,75.99,75.45,74.91,74.36"
Rec-027_std_2,24,1,4384,core,290,331,0.0,0.0,0.9872,292,334,298,337,1.0,True,95.2216,102.0447,87.9333,3.7446,95.2604,"101.50,102.04,100.96,99.87,99.33,99.33,99.33,95.53,95.53,95.53,96.07,97.16,97.16,97.16,90.65,91.73,92.28,93.36,94.45,94.99,94.99,87.93,89.56,90.65,91.19,92.28,92.28,93.36"
Rec-027_std_2,24,2,4385,core,294,331,0.0,4.0,0.9874,296,334,302,337,1.0,True,98.1098,108.5576,93.3608,3.8285,97.16,"108.56,106.39,104.22,102.04,100.96,100.42,99.33,101.50,100.42,99.33,98.79,98.25,98.25,98.25,95.53,96.07,96.07,96.07,96.07,96.07,95.53,93.36,93.36,94.45,94.45,94.45,94.45,94.45"
Rec-027_std_2,24,3,4386,core,299,331,0.0,5.0,0.9859,301,334,307,337,1.0,True,98.071,108.5576,93.3608,3.6178,97.7027,"108.56,105.84,103.13,101.50,99.87,98.79,98.25,102.04,100.96,99.33,98.79,98.25,97.70,97.16,98.25,97.70,97.16,96.07,96.07,95.53,94.99,94.99,94.99,94.45,94.45,94.45,93.36,93.36"
Rec-027_std_2,24,4,4387,core,303,331,0.0,4.0,0.9889,305,334,311,337,1.0,True,98.0129,109.1004,93.3608,3.7306,97.4314,"109.10,106.39,103.13,100.96,99.33,98.25,98.25,103.13,100.96,99.33,98.25,97.70,97.16,96.62,98.25,97.70,96.62,96.07,95.53,95.53,94.99,95.53,94.99,94.99,94.45,94.45,93.36,93.36"
Rec-027_std_2,24,5,4388,core,308,331,0.0,5.0,0.9861,310,334,316,337,1.0,True,96.8305,106.3867,92.2753,3.0885,96.6172,"106.39,103.13,100.96,98.79,98.25,97.70,96.62,100.96,98.79,98.25,97.16,96.62,96.62,95.53,97.16,96.62,95.53,95.53,94.99,94.99,94.45,94.99,94.45,94.45,93.36,93.36,93.36,92.28"
Rec-027_std_2,24,6,4389,core,312,331,0.0,4.0,0.9898,314,334,320,337,1.0,True,97.2182,106.9294,93.3608,3.2381,96.6172,"106.93,104.22,101.50,99.87,98.25,98.25,97.70,101.50,99.87,98.25,97.70,97.16,96.62,96.07,97.16,96.62,95.53,95.53,95.53,94.99,94.99,94.45,94.45,94.45,94.45,93.36,93.36,93.36"
Rec-027_std_2,24,7,4390,core,317,331,0.0,5.0,0.9871,319,334,325,337,1.0,True,97.2957,105.3012,94.4463,2.685,96.8886,"105.30,103.13,100.96,99.33,98.79,98.25,98.25,100.42,98.79,98.25,97.70,97.70,97.16,96.62,97.16,96.62,96.07,95.53,95.53,95.53,95.53,94.99,94.45,94.45,94.45,94.45,94.45,94.45"
Rec-027_std_2,24,8,4391,core,321,331,0.0,4.0,0.99,323,334,329,337,1.0,True,98.3424,106.9294,94.989,2.9941,97.9741,"106.93,105.30,103.13,100.96,99.87,99.33,99.33,101.50,99.87,99.33,98.25,98.25,98.25,98.25,97.70,97.16,97.16,96.62,96.62,96.07,96.07,95.53,95.53,95.53,95.53,95.53,94.99,94.99"
Rec-027_std_2,24,9,4392,core,326,331,0.0,5.0,0.9879,328,334,334,337,1.0,True,98.5944,106.3867,95.5318,2.7262,98.2455,"106.39,104.22,102.04,101.50,100.42,99.87,99.87,101.50,100.42,99.33,98.79,98.79,98.25,98.25,98.25,97.70,97.70,97.70,97.16,97.16,96.62,95.53,95.53,95.53,95.53,95.53,95.53,95.53"
Rec-027_std_2,24,10,4393,core,330,331,0.0,4.0,0.99,332,334,338,337,1.0,True,99.7574,108.0149,96.0745,2.9846,99.0596,"108.01,105.84,103.67,103.13,102.04,101.50,101.50,103.13,101.50,100.42,99.87,99.87,99.87,99.33,98.79,98.25,98.25,98.25,98.25,98.25,98.25,96.62,96.62,96.62,96.07,96.62,96.62,96.07"
Rec-027_std_2,24,11,4394,core,339,331,0.0,9.0,0.9896,341,334,347,337,1.0,True,101.4632,110.1859,96.6172,3.298,100.9592,"110.19,108.01,106.39,105.30,103.67,103.13,103.13,104.22,103.67,103.13,102.04,102.04,101.50,100.96,100.96,100.42,100.42,99.87,99.87,99.33,98.25,98.25,98.25,98.25,98.25,97.70,97.16,96.62"
Rec-027_std_2,24,12,4395,core,344,331,0.0,5.0,0.9876,346,334,352,337,1.0,True,99.9125,109.1004,93.3608,3.6752,99.6023,"109.10,106.93,105.30,103.67,102.04,101.50,99.87,104.22,103.13,102.04,101.50,99.87,98.79,97.16,100.96,99.87,99.33,98.25,98.25,96.62,95.53,98.25,97.70,97.16,96.62,95.53,94.99,93.36"
Rec-027_std_2,24,13,4396,core,353,331,0.0,9.0,0.9859,355,334,361,337,0.4286,False,82.0601,100.9592,74.9074,7.4418,78.4353,"100.96,94.99,85.22,79.79,77.62,75.99,75.45,95.53,91.19,83.05,78.71,77.08,75.99,75.45,92.28,88.48,81.96,78.16,76.54,75.99,74.91,90.65,86.85,80.88,77.62,75.99,75.45,74.91"
Rec-027_std_2,24,14,4397,core,355,330,26.57,2.24,0.9862,357,333,363,336,0.1429,False,79.7534,98.2455,74.9074,5.4871,77.6212,"98.25,89.56,84.13,79.79,77.62,76.54,75.99,90.65,83.59,79.79,77.62,76.54,75.99,75.99,85.76,80.88,78.16,76.54,75.99,75.99,75.45,83.05,78.71,77.62,76.54,75.99,75.45,74.91"
Rec-027_std_2,25,1,4506,core,292,331,0.0,2.0,0.9847,294,334,300,337,1.0,True,97.5671,105.8439,91.1898,3.6771,97.16,"105.84,105.30,103.13,102.04,101.50,100.42,100.42,98.79,98.79,98.79,98.79,98.25,98.25,98.25,94.45,95.53,95.53,96.07,96.07,96.07,96.07,91.19,92.28,93.36,93.36,94.45,94.45,94.45"
Rec-027_std_2,25,2,4507,core,301,331,0.0,9.0,0.9858,303,334,309,337,1.0,True,98.7301,109.6431,94.4463,3.636,98.2455,"109.64,106.39,103.67,102.04,100.42,99.33,98.79,103.13,101.50,100.42,99.33,98.79,98.25,97.16,98.79,98.25,97.70,97.16,96.62,96.07,95.53,95.53,95.53,95.53,94.99,94.99,94.45,94.45"
Rec-027_std_2,25,3,4508,core,305,331,0.0,4.0,0.9885,307,334,313,337,1.0,True,98.323,109.6431,93.3608,3.7622,97.4314,"109.64,106.39,103.67,101.50,99.87,98.79,98.25,103.13,101.50,99.87,98.79,98.25,97.16,96.62,98.25,97.70,97.16,96.62,96.07,95.53,94.99,95.53,95.53,95.53,94.45,94.45,94.45,93.36"
Rec-027_std_2,25,4,4509,core,310,331,0.0,5.0,0.9869,312,334,318,337,1.0,True,97.412,107.4722,93.3608,3.2806,96.8886,"107.47,104.22,102.04,99.87,98.79,98.25,97.70,101.50,99.87,98.25,98.25,97.16,96.62,96.07,97.70,97.16,96.07,95.53,95.53,94.99,94.99,95.53,94.99,94.45,94.45,93.36,93.36,93.36"
Rec-027_std_2,25,5,4510,core,314,331,0.0,4.0,0.9891,316,334,322,337,1.0,True,97.7609,107.4722,94.4463,3.2543,97.16,"107.47,105.30,102.04,100.96,99.33,98.25,98.25,101.50,99.87,98.79,98.25,97.70,97.16,97.16,97.70,96.62,96.07,96.07,96.07,95.53,95.53,94.99,94.45,94.45,94.45,94.45,94.45,94.45"
Rec-027_std_2,25,6,4511,core,319,331,0.0,5.0,0.988,321,334,327,337,1.0,True,97.916,106.3867,94.4463,2.814,97.4314,"106.39,103.67,102.04,100.42,99.87,98.79,98.25,100.96,99.87,98.79,98.25,98.25,97.70,97.70,97.16,97.16,96.62,96.62,96.07,95.53,96.07,95.53,94.99,95.53,94.99,94.99,94.99,94.45"
Rec-027_std_2,25,7,4512,core,323,331,0.0,4.0,0.9893,325,334,331,337,1.0,True,98.8851,108.0149,95.5318,3.1214,98.2455,"108.01,105.30,103.13,102.04,100.96,100.42,100.42,102.04,100.96,99.87,99.33,98.79,98.79,98.25,98.25,97.70,97.16,97.16,97.16,97.16,97.16,95.53,95.53,95.53,95.53,95.53,95.53,95.53"
Rec-027_std_2,25,8,4513,core,328,331,0.0,5.0,0.9883,330,334,336,337,1.0,True,99.6023,107.4722,96.0745,2.8443,99.0596,"107.47,105.30,103.13,102.04,102.04,101.50,101.50,102.04,101.50,100.42,100.42,99.87,99.87,99.87,98.25,98.25,98.25,98.25,98.25,98.25,98.25,96.62,96.62,96.07,96.62,96.07,96.07,96.07"
Rec-027_std_2,25,9,4514,core,332,331,0.0,4.0,0.989,334,334,340,337,1.0,True,101.0173,109.6431,97.16,3.1021,100.6878,"109.64,107.47,105.30,104.22,103.13,103.13,103.13,103.67,102.04,102.04,101.50,101.50,101.50,101.50,99.87,99.33,99.33,99.33,99.33,98.79,99.33,97.70,97.16,97.70,97.70,97.70,97.70,97.70"
Rec-027_std_2,25,10,4515,core,337,331,0.0,5.0,0.9885,339,334,345,337,1.0,True,101.7733,109.6431,97.7027,3.0754,101.502,"109.64,108.01,105.84,105.30,104.22,104.22,103.67,104.22,103.67,103.13,102.04,102.04,102.04,102.04,100.96,100.96,100.42,100.42,100.42,99.87,99.33,98.25,98.25,98.25,98.25,98.25,98.25,97.70"
Rec-027_std_2,25,11,4516,core,341,331,0.0,4.0,0.9884,343,334,349,337,1.0,True,102.161,111.8141,96.6172,3.736,101.7733,"111.81,109.64,107.47,106.39,105.30,104.22,103.67,105.30,105.30,103.67,103.13,102.04,102.04,101.50,102.04,101.50,100.96,100.42,100.42,99.33,98.25,98.79,98.79,98.25,98.25,98.25,97.16,96.62"
Rec-027_std_2,25,12,4517,core,346,331,0.0,5.0,0.9878,348,334,354,337,1.0,True,99.1565,110.1859,91.1898,4.5434,98.5169,"110.19,108.01,105.30,103.13,102.04,99.87,98.25,105.30,103.13,102.04,100.42,98.79,97.70,95.53,100.96,99.87,98.79,97.70,96.07,94.99,92.28,98.25,97.70,96.62,95.53,94.45,92.28,91.19"
Rec-027_std_2,25,13,4518,core,350,331,0.0,4.0,0.9867,352,334,358,337,0.8571,False,91.5775,108.5576,77.6212,8.6449,92.818,"108.56,105.30,102.04,98.25,93.36,84.13,78.71,102.04,99.87,97.70,95.53,90.65,82.51,78.16,98.25,96.62,94.45,92.28,88.48,81.42,77.62,95.53,94.45,92.28,90.65,86.85,80.88,77.62"
Rec-027_std_2,25,14,4519,core,355,331,0.0,5.0,0.985,357,334,363,337,0.1429,False,77.7762,89.0188,74.3647,3.4444,76.2643,"89.02,82.51,78.71,77.62,75.99,75.99,75.45,84.68,80.33,77.62,76.54,75.99,75.45,75.45,83.05,78.71,77.08,75.99,75.45,74.91,74.36,81.42,78.16,76.54,75.99,75.45,74.91,74.36"
Rec-027_std_2,26,1,4626,core,290,331,0.0,0.0,0.9894,292,334,298,337,1.0,True,95.1829,100.9592,87.9333,3.7887,95.2604,"99.87,100.96,100.42,99.87,99.87,99.87,100.42,94.45,94.99,95.53,96.07,97.16,97.70,98.25,89.56,91.19,92.28,94.45,94.45,95.53,95.53,87.93,89.02,90.65,91.19,92.28,92.28,93.36"
Rec-027_std_2,26,2,4627,core,295,331,0.0,5.0,0.9863,297,334,303,337,1.0,True,99.4667,109.6431,94.989,3.7424,98.2455,"109.64,107.47,105.30,103.13,102.04,101.50,100.42,103.13,102.04,100.96,100.42,99.87,99.33,98.79,97.70,97.70,97.70,97.70,97.70,97.70,97.16,94.99,95.53,95.53,95.53,95.53,95.53,94.99"
Rec-027_std_2,26,3,4628,core,299,331,0.0,4.0,0.9869,301,334,307,337,1.0,True,100.0676,111.8141,94.989,4.1391,99.0596,"111.81,109.10,106.39,103.67,102.04,100.96,100.42,105.30,103.13,102.04,100.96,100.42,99.33,98.79,99.33,98.79,98.25,98.25,97.70,97.16,97.16,96.62,96.62,96.07,95.53,95.53,95.53,94.99"
Rec-027_std_2,26,4,4629,core,326,331,0.0,27.0,0.9881,328,334,334,337,1.0,True,99.4667,108.0149,96.0745,2.9643,98.7882,"108.01,105.84,103.67,102.04,101.50,100.96,100.42,102.04,101.50,100.42,99.87,99.87,99.33,98.79,98.79,98.25,98.25,98.25,98.25,98.25,97.70,96.62,96.07,96.07,96.07,96.07,96.07,96.07"
Rec-027_std_2,26,5,4630,core,331,331,0.0,5.0,0.9895,333,334,339,337,1.0,True,100.3777,108.5576,97.16,2.879,99.8737,"108.56,106.39,104.22,103.13,102.04,102.04,102.04,103.13,102.04,101.50,100.96,100.96,100.42,100.42,99.33,99.33,98.79,98.79,98.79,98.79,98.25,97.70,97.16,97.16,97.16,97.16,97.16,97.16"
Rec-027_std_2,26,6,4631,core,335,331,0.0,4.0,0.9877,337,334,343,337,1.0,True,101.405,110.1859,97.7027,3.0977,100.6878,"110.19,108.01,105.84,104.22,103.67,103.13,103.13,104.22,103.13,102.04,102.04,102.04,101.50,100.96,100.42,100.42,99.87,99.87,99.33,99.33,99.33,98.25,98.25,98.25,98.25,98.25,97.70,97.70"
Rec-027_std_2,26,7,4632,core,340,331,0.0,5.0,0.9893,342,334,348,337,1.0,True,101.5213,109.6431,97.16,3.1296,100.9592,"109.64,108.01,105.84,105.30,103.67,103.13,103.13,104.22,103.67,103.13,102.04,102.04,101.50,100.96,100.96,100.96,100.42,99.87,99.87,99.33,98.79,98.79,98.25,98.25,98.25,98.25,97.16,97.16"
Rec-027_std_2,26,8,4633,core,344,331,0.0,4.0,0.9867,346,334,352,337,1.0,True,100.8041,110.7286,94.4463,3.9053,100.1451,"110.73,108.56,106.39,105.30,103.13,102.04,100.42,105.30,104.22,103.13,102.04,100.96,99.87,98.25,101.50,100.96,99.87,99.33,98.79,97.70,96.07,98.79,98.25,97.70,97.16,96.07,95.53,94.45"
Rec-027_std_2,26,9,4634,core,349,331,0.0,5.0,0.9881,351,334,357,337,1.0,True,94.0004,108.0149,80.3349,7.0453,94.989,"108.01,105.30,102.04,99.33,96.62,91.73,83.05,103.13,100.42,98.25,96.62,94.45,89.56,81.96,98.79,97.70,95.53,94.45,91.73,87.93,80.88,96.07,95.53,94.45,91.73,90.10,86.31,80.33"
Rec-027_std_2,26,10,4635,core,353,331,0.0,4.0,0.9851,355,334,361,337,0.4286,False,82.5253,103.1302,74.9074,7.8845,78.978,"103.13,96.07,85.76,80.33,77.62,75.99,75.99,97.16,91.73,83.59,79.79,77.62,75.99,75.45,93.36,89.02,82.51,78.16,76.54,75.99,75.45,91.19,87.39,80.88,77.62,75.99,75.45,74.91"
Rec-027_std_2,27,1,4742,core,290,331,0.0,0.0,0.9873,292,334,298,337,1.0,True,96.3653,103.1302,88.4761,3.8446,96.3459,"102.04,103.13,101.50,100.42,100.96,100.96,100.96,95.53,96.62,97.16,97.70,98.25,98.79,98.79,91.19,92.28,94.45,94.99,95.53,96.07,96.62,88.48,90.10,91.19,92.28,93.36,94.45,94.45"
Rec-027_std_2,27,2,4743,core,293,331,0.0,3.0,0.9861,295,334,301,337,1.0,True,99.5054,109.6431,93.3608,4.0435,98.5169,"109.64,108.01,105.84,104.22,103.13,102.04,101.50,102.04,101.50,100.96,100.42,100.42,100.42,99.33,96.62,97.16,97.70,97.70,97.70,97.70,97.70,93.36,94.45,94.99,94.99,95.53,95.53,95.53"
Rec-027_std_2,27,3,4744,core,298,331,0.0,5.0,0.9864,300,334,306,337,1.0,True,100.1451,110.7286,95.5318,3.784,99.331,"110.73,108.56,105.84,103.13,102.04,101.50,100.42,104.22,103.13,102.04,100.96,100.42,99.87,99.33,99.33,99.33,98.79,98.25,98.25,98.25,97.16,96.62,96.62,96.62,96.07,95.53,95.53,95.53"
Rec-027_std_2,27,4,4745,core,302,331,0.0,4.0,0.9876,304,334,310,337,1.0,True,100.3195,111.8141,95.5318,4.0174,99.6023,"111.81,109.10,106.39,103.67,102.04,100.96,99.87,105.30,103.67,102.04,101.50,99.87,99.33,98.79,100.42,99.87,99.33,98.25,98.25,97.70,97.16,97.16,97.16,96.62,96.07,95.53,95.53,95.53"
Rec-027_std_2,27,5,4746,core,311,331,0.0,9.0,0.9885,313,334,319,337,1.0,True,98.4975,109.6431,94.4463,3.6882,97.9741,"109.64,106.93,103.67,101.50,99.87,98.25,98.25,103.13,101.50,99.87,98.79,98.25,97.70,96.62,98.25,98.25,97.70,97.16,96.07,95.53,95.53,96.07,95.53,95.53,94.99,94.45,94.45,94.45"
Rec-027_std_2,27,6,4747,core,320,331,0.0,9.0,0.9886,322,334,328,337,1.0,True,98.3618,107.4722,94.989,3.0612,97.9741,"107.47,105.30,103.13,100.96,99.87,99.33,98.79,101.50,100.42,99.33,98.25,98.25,98.25,98.25,97.70,97.16,96.62,96.62,96.62,96.62,96.62,95.53,95.53,95.53,95.53,94.99,94.99,94.99"
Rec-027_std_2,27,7,4748,core,334,331,0.0,14.0,0.9888,336,334,342,337,1.0,True,101.5214,109.1004,98.2455,2.7845,101.2306,"109.10,106.93,105.30,104.22,103.67,103.13,103.13,103.67,103.13,103.13,102.04,102.04,102.04,102.04,100.42,100.42,100.42,100.42,99.87,99.87,99.87,98.25,98.25,98.25,98.25,98.25,98.25,98.25"
Rec-027_std_2,27,8,4749,core,343,331,0.0,9.0,0.9887,345,334,351,337,1.0,True,102.161,111.2714,95.5318,3.6419,102.0447,"111.27,109.10,107.47,105.84,105.30,103.67,103.13,105.84,105.30,103.67,103.13,103.13,102.04,100.42,102.04,102.04,101.50,100.96,99.87,99.33,98.25,99.87,99.33,98.79,98.25,98.25,97.16,95.53"
Rec-027_std_2,27,9,4750,core,352,331,0.0,9.0,0.987,354,334,360,337,0.5714,False,85.4134,104.2157,75.4502,8.8688,82.7773,"104.22,100.42,94.45,84.68,79.79,77.08,75.99,99.33,96.62,91.19,83.05,78.71,76.54,75.99,95.53,93.36,89.56,82.51,78.16,76.54,75.99,93.36,91.19,87.39,80.88,77.62,75.99,75.45"
Rec-027_std_2,27,10,4751,core,355,331,0.0,3.0,0.9861,357,334,363,337,0.1429,False,78.0476,90.1043,74.3647,3.7585,76.5357,"90.10,84.13,79.79,77.62,76.54,75.99,75.45,85.76,80.88,77.62,76.54,75.99,75.45,74.91,83.05,78.71,77.62,75.99,75.99,74.91,74.91,81.96,78.16,76.54,75.99,75.45,74.91,74.36"
Rec-027_std_2,28,1,4855,core,291,331,0.0,1.0,0.9864,293,334,299,337,1.0,True,97.4895,105.3012,90.6471,3.5452,97.4314,"105.30,103.67,103.13,101.50,100.96,100.96,100.42,98.25,98.25,98.25,98.79,98.79,98.79,98.79,93.36,94.99,95.53,96.07,96.62,96.62,96.62,90.65,92.28,92.28,94.45,94.45,94.99,94.99"
Rec-027_std_2,28,2,4856,core,295,331,0.0,4.0,0.9868,297,334,303,337,1.0,True,99.9319,111.2714,95.5318,4.0416,98.5169,"111.27,109.10,105.84,103.67,102.04,101.50,100.42,103.67,103.13,102.04,100.96,99.87,99.87,98.79,98.25,98.25,98.25,98.25,98.25,98.25,97.70,95.53,95.53,95.53,95.53,95.53,95.53,95.53"
Rec-027_std_2,28,3,4857,core,300,331,0.0,5.0,0.9876,302,334,308,337,1.0,True,99.6023,110.1859,95.5318,3.5039,98.7882,"110.19,107.47,104.22,102.04,100.96,99.87,98.79,104.22,102.04,101.50,100.42,99.87,98.79,98.25,99.87,98.79,98.25,98.25,97.70,97.16,97.16,97.16,96.62,96.62,96.07,95.53,95.53,95.53"
Rec-027_std_2,28,4,4858,core,304,331,0.0,4.0,0.9876,306,334,312,337,1.0,True,99.5636,110.7286,94.989,3.6852,98.7882,"110.73,107.47,105.30,102.04,100.42,99.33,98.79,104.22,103.13,101.50,99.87,98.79,98.79,98.25,99.87,98.79,98.25,98.25,97.70,97.16,96.62,97.16,97.16,96.07,96.07,95.53,95.53,94.99"
Rec-027_std_2,28,5,4859,core,309,331,0.0,5.0,0.9886,311,334,317,337,1.0,True,98.4975,108.0149,94.4463,3.0958,97.9741,"108.01,105.30,102.04,100.96,99.33,98.25,98.25,103.13,100.96,99.87,98.79,98.25,97.70,97.16,98.79,98.25,97.70,97.16,96.62,96.62,96.07,96.62,96.07,95.53,95.53,95.53,94.99,94.45"
Rec-027_std_2,28,6,4860,core,313,331,0.0,4.0,0.9885,315,334,321,337,1.0,True,98.7107,109.1004,94.989,3.3354,98.2455,"109.10,105.84,103.13,101.50,99.87,98.79,98.25,103.13,101.50,99.87,99.33,98.25,98.25,97.70,98.25,98.25,97.70,97.70,96.62,96.62,96.07,96.07,95.53,95.53,95.53,95.53,94.99,94.99"
Rec-027_std_2,28,7,4861,core,318,331,0.0,5.0,0.9891,320,334,326,337,1.0,True,98.7882,107.4722,95.5318,2.9727,98.2455,"107.47,105.30,103.13,101.50,100.42,99.87,99.33,102.04,100.96,99.87,98.79,98.79,98.25,98.25,98.25,98.25,97.70,97.16,97.16,97.16,96.62,96.07,96.07,95.53,95.53,95.53,95.53,95.53"
Rec-027_std_2,28,8,4862,core,322,331,0.0,4.0,0.9881,324,334,330,337,1.0,True,99.7186,109.1004,96.0745,3.2592,99.0596,"109.10,106.93,104.22,103.13,101.50,100.96,100.42,103.13,102.04,100.96,99.87,99.87,99.33,99.33,98.79,98.25,98.25,98.25,98.25,98.25,97.70,96.62,96.62,96.07,96.07,96.07,96.07,96.07"
Rec-027_std_2,28,9,4863,core,327,331,0.0,5.0,0.9893,329,334,335,337,1.0,True,100.494,108.5576,97.16,2.8782,100.1451,"108.56,106.39,104.22,103.13,103.13,102.04,102.04,103.13,102.04,101.50,100.96,100.96,100.96,100.96,99.33,98.79,98.79,98.79,99.33,98.79,98.79,97.16,97.16,97.16,97.70,97.70,97.16,97.16"
Rec-027_std_2,28,10,4864,core,331,331,0.0,4.0,0.9874,333,334,339,337,1.0,True,101.9478,111.2714,98.2455,3.3584,101.502,"111.27,109.10,106.93,105.30,104.22,103.67,103.67,105.30,103.67,103.13,102.04,102.04,102.04,102.04,100.96,100.42,99.87,100.42,100.42,100.42,99.87,98.25,98.25,98.25,98.25,98.25,98.25,98.25"
Rec-027_std_2,28,11,4865,core,336,331,0.0,5.0,0.9894,338,334,344,337,1.0,True,102.9945,111.2714,98.7882,3.213,102.5874,"111.27,109.10,107.47,106.39,105.84,105.30,105.30,105.30,105.30,104.22,103.67,103.13,103.13,103.13,102.04,102.04,102.04,101.50,101.50,101.50,100.96,99.33,99.33,99.33,99.33,98.79,98.79,98.79"
Rec-027_std_2,28,12,4866,core,340,331,0.0,4.0,0.9866,342,334,348,337,1.0,True,103.8668,112.8996,98.2455,3.7271,103.1302,"112.90,111.27,109.64,108.01,106.93,106.39,105.84,107.47,106.39,105.30,105.30,104.22,103.67,103.13,103.13,103.13,102.04,102.04,102.04,101.50,100.96,100.42,99.87,99.87,99.87,99.87,98.79,98.25"
Rec-027_std_2,28,13,4867,core,349,331,0.0,9.0,0.9852,351,334,357,337,1.0,True,95.493,111.2714,80.8776,7.6933,96.0745,"111.27,108.01,105.30,101.50,98.25,93.36,83.59,105.30,102.04,100.42,98.25,95.53,90.65,82.51,100.42,98.79,97.70,95.53,93.36,89.02,81.42,97.70,96.62,94.99,93.36,91.19,86.85,80.88"
Rec-027_std_2,28,14,4868,core,354,331,0.0,5.0,0.9866,356,334,362,337,0.2857,False,80.0054,98.7882,74.3647,6.1496,77.3498,"98.79,87.39,81.42,78.16,76.54,75.99,75.45,93.36,84.13,79.79,77.62,75.99,75.45,74.91,90.10,83.05,78.71,77.08,75.99,75.45,74.91,87.93,81.42,78.16,76.54,75.99,75.45,74.36"
Rec-027_std_2,29,1,4969,core,290,331,0.0,0.0,0.9892,292,334,298,337,1.0,True,95.7256,101.502,88.4761,3.6008,95.5318,"99.87,101.50,100.96,99.87,99.87,100.42,100.42,94.45,95.53,96.07,96.62,98.25,98.25,98.25,90.65,91.73,93.36,94.45,95.53,95.53,96.07,88.48,89.56,91.19,92.28,93.36,93.36,94.45"
Rec-027_std_2,29,2,4970,core,294,331,0.0,4.0,0.9853,296,334,302,337,1.0,True,99.9319,111.2714,94.989,4.0676,98.7882,"111.27,109.10,106.39,103.67,102.04,102.04,101.50,103.13,102.04,101.50,100.96,100.42,99.87,99.33,98.25,98.25,98.25,98.25,98.25,97.70,97.70,94.99,95.53,95.53,95.53,95.53,95.53,95.53"
Rec-027_std_2,29,3,4971,core,303,331,0.0,9.0,0.9869,305,334,311,337,1.0,True,99.8931,111.2714,95.5318,3.7811,99.0596,"111.27,108.01,105.30,103.13,101.50,99.87,99.33,105.30,103.13,101.50,99.87,99.33,98.79,98.25,99.87,99.33,98.25,98.25,97.70,97.70,97.16,97.16,97.16,96.62,96.07,96.07,95.53,95.53"
Rec-027_std_2,29,4,4972,core,308,331,0.0,5.0,0.9874,310,334,316,337,1.0,True,98.8658,108.5576,94.989,3.1804,98.2455,"108.56,105.84,103.13,101.50,99.87,98.79,98.25,103.13,101.50,100.42,99.33,98.25,98.25,97.70,98.79,98.25,98.25,97.70,97.16,96.62,96.62,96.62,96.07,96.07,95.53,95.53,95.53,94.99"
Rec-027_std_2,29,5,4973,core,312,331,0.0,4.0,0.9877,314,334,320,337,1.0,True,99.1759,109.6431,94.989,3.4414,98.2455,"109.64,106.93,104.22,102.04,100.42,99.33,98.79,103.13,102.04,100.42,99.33,98.79,98.25,98.25,99.33,98.25,98.25,97.70,97.70,96.62,96.62,96.62,96.62,96.07,95.53,95.53,95.53,94.99"
Rec-027_std_2,29,6,4974,core,317,331,0.0,5.0,0.9886,319,334,325,337,1.0,True,98.6913,107.4722,95.5318,2.9337,98.2455,"107.47,105.30,103.13,100.96,99.87,99.33,98.79,102.04,100.96,99.87,98.79,98.25,98.25,98.25,98.25,98.25,97.70,97.16,97.16,96.62,96.62,96.07,96.07,96.07,95.53,95.53,95.53,95.53"
Rec-027_std_2,29,7,4975,core,321,331,0.0,4.0,0.9875,323,334,329,337,1.0,True,99.2147,109.1004,95.5318,3.2252,98.5169,"109.10,106.39,103.67,102.04,100.42,99.87,99.33,103.13,101.50,100.42,99.33,98.79,98.79,98.25,98.79,98.25,98.25,97.70,97.70,97.16,97.16,96.62,96.62,96.07,96.07,95.53,95.53,95.53"
Rec-027_std_2,29,8,4976,core,326,331,0.0,5.0,0.9886,328,334,334,337,1.0,True,99.8543,107.4722,96.6172,2.6805,99.6023,"107.47,105.30,103.13,102.04,101.50,101.50,101.50,103.13,101.50,100.96,100.42,99.87,99.87,99.87,99.33,98.79,98.25,98.25,98.25,98.25,98.25,97.16,97.16,97.16,96.62,96.62,96.62,97.16"
Rec-027_std_2,29,9,4977,core,330,331,0.0,4.0,0.9869,332,334,338,337,1.0,True,101.4826,110.1859,98.2455,2.978,100.9592,"110.19,107.47,105.84,104.22,103.13,103.13,103.13,104.22,103.13,102.04,102.04,102.04,102.04,101.50,100.42,100.42,99.87,99.87,99.87,99.87,99.33,98.25,98.25,98.25,98.25,98.25,98.25,98.25"
Rec-027_std_2,29,10,4978,core,335,331,0.0,5.0,0.9886,337,334,343,337,1.0,True,102.3936,110.1859,98.7882,2.8873,102.3161,"110.19,108.01,106.39,105.30,104.22,104.22,103.67,105.30,103.67,103.13,103.13,103.13,103.13,103.13,101.50,101.50,100.96,100.96,100.96,100.96,100.96,98.79,98.79,99.33,99.33,98.79,98.79,98.79"
Rec-027_std_2,29,11,4979,core,339,331,0.0,4.0,0.9861,341,334,347,337,1.0,True,103.4791,111.8141,98.7882,3.2377,103.1302,"111.81,110.19,108.01,106.93,105.84,105.30,105.30,106.39,105.30,105.30,104.22,103.67,103.67,103.13,103.13,102.04,102.04,102.04,102.04,102.04,101.50,99.87,99.87,99.87,99.87,99.87,99.33,98.79"
Rec-027_std_2,29,12,4980,core,344,331,0.0,5.0,0.9883,346,334,352,337,1.0,True,102.5874,111.8141,95.5318,3.835,102.0447,"111.81,110.19,108.01,106.39,105.30,104.22,103.13,106.93,105.84,105.30,103.67,103.13,102.04,100.42,103.13,102.04,102.04,101.50,100.42,99.33,98.25,100.42,99.87,99.33,98.79,98.25,97.16,95.53"
Rec-027_std_2,29,13,4981,core,348,331,0.0,4.0,0.9853,350,334,356,337,1.0,True,98.3036,111.8141,86.8478,5.8659,97.9741,"111.81,109.10,106.39,103.13,100.42,97.70,92.28,105.84,103.67,102.04,99.87,97.70,95.53,90.65,102.04,100.42,98.79,97.16,95.53,93.36,88.48,98.79,98.25,96.62,95.53,93.36,91.19,86.85"
Rec-027_std_2,29,14,4982,core,353,331,0.0,5.0,0.9867,355,334,361,337,0.4286,False,82.7579,103.6729,74.9074,8.2074,79.2494,"103.67,96.62,85.76,80.33,77.62,75.99,75.45,98.25,92.28,84.13,79.79,77.08,75.99,75.45,94.45,89.56,82.51,78.71,76.54,75.99,75.45,92.28,87.93,81.42,77.62,75.99,75.45,74.91"
Rec-027_std_2,29,15,4983,core,355,330,26.57,2.24,0.9863,357,333,363,336,0.1429,False,79.7728,98.2455,74.9074,5.532,77.6212,"98.25,89.02,83.59,79.79,77.62,76.54,75.99,91.19,84.13,79.79,77.62,76.54,75.99,75.45,85.76,80.88,78.16,77.08,75.99,75.45,75.45,83.59,79.79,77.62,75.99,75.99,75.45,74.91"
Rec-028_30s_2,1,1,3253,core,290,331,0.0,0.0,0.9864,292,334,298,337,1.0,True,78.1252,87.9333,72.7365,4.4258,76.8071,"87.93,87.93,85.76,83.59,82.51,81.96,80.88,80.88,80.33,79.79,78.71,78.71,78.16,77.62,75.99,75.99,75.99,75.99,75.99,75.45,74.91,73.28,73.28,73.28,73.28,73.28,73.28,72.74"
Rec-028_30s_2,1,2,3254,core,296,331,0.0,6.0,0.9826,298,334,304,337,1.0,True,79.1331,93.3608,72.7365,5.1394,77.8925,"93.36,90.10,87.39,84.68,83.05,80.88,80.88,84.13,83.05,80.88,79.79,78.71,78.16,77.62,78.16,77.62,77.08,75.99,75.99,75.45,75.45,74.91,74.36,74.36,73.82,73.82,73.28,72.74"
Rec-028_30s_2,1,3,3255,core,301,331,0.0,5.0,0.9862,303,334,309,337,1.0,True,78.3384,91.1898,72.7365,4.4921,77.6212,"91.19,87.93,85.22,83.05,81.42,80.33,79.79,83.05,80.88,79.79,78.71,77.62,77.62,77.62,77.62,77.08,76.54,75.99,75.45,75.45,74.91,74.91,74.36,73.82,73.82,73.28,73.28,72.74"
Rec-028_30s_2,1,4,3256,core,305,331,0.0,4.0,0.983,307,334,313,337,1.0,True,78.7454,92.2753,72.7365,4.9039,77.6212,"92.28,89.56,86.85,84.13,81.96,80.88,80.33,83.59,81.96,80.33,78.71,78.71,77.62,77.62,77.62,77.08,76.54,75.99,75.99,75.45,74.91,74.91,74.36,73.82,73.82,73.82,73.28,72.74"
Rec-028_30s_2,1,5,3257,core,310,331,0.0,5.0,0.9861,312,334,318,337,1.0,True,78.1833,89.5616,73.2792,4.1168,77.6212,"89.56,86.85,84.68,82.51,80.88,80.33,79.79,82.51,80.88,79.79,78.71,77.62,77.62,77.62,77.62,76.54,75.99,75.99,75.99,75.45,74.91,74.36,74.36,73.82,73.82,73.82,73.82,73.28"
Rec-028_30s_2,1,6,3258,core,315,331,0.0,5.0,0.9837,317,334,323,337,1.0,True,78.0089,87.9333,73.822,3.6231,77.3498,"87.93,85.76,83.05,81.96,80.88,80.88,80.33,80.88,79.79,78.71,78.71,78.16,77.62,77.62,77.08,76.54,75.99,75.99,75.99,75.99,75.99,74.36,74.36,74.36,73.82,73.82,73.82,73.82"
Rec-028_30s_2,1,7,3259,core,319,331,0.0,4.0,0.9872,321,334,327,337,1.0,True,79.1719,89.5616,74.9074,3.7031,78.1639,"89.56,86.85,84.68,83.05,82.51,81.96,81.42,82.51,80.88,79.79,79.79,78.71,78.71,78.71,77.62,77.62,77.08,77.08,77.08,77.08,77.08,75.45,75.45,75.45,74.91,74.91,75.45,75.45"
Rec-028_30s_2,1,8,3260,core,324,331,0.0,5.0,0.9842,326,334,332,337,1.0,True,80.2767,89.5616,76.5357,3.4793,79.5208,"89.56,87.39,85.22,84.13,83.59,83.05,83.05,83.05,81.96,80.88,80.88,80.33,80.33,80.33,78.71,78.71,78.16,78.16,78.16,78.16,78.16,76.54,76.54,76.54,76.54,76.54,76.54,76.54"
Rec-028_30s_2,1,9,3261,core,328,331,0.0,4.0,0.9868,330,334,336,337,1.0,True,81.5754,90.6471,77.6212,3.5408,80.6063,"90.65,89.02,86.85,85.76,85.22,84.13,84.13,84.13,83.05,82.51,81.96,81.96,81.42,81.42,79.79,79.79,79.79,79.79,79.79,79.79,79.79,77.62,77.62,77.62,77.62,77.62,77.62,77.62"
Rec-028_30s_2,1,10,3262,core,333,331,0.0,5.0,0.9853,335,334,341,337,1.0,True,82.5834,91.1898,78.1639,3.4925,81.9631,"91.19,89.02,87.93,86.85,86.31,85.76,85.76,84.68,84.13,83.59,83.05,83.05,83.05,83.05,80.88,80.88,80.88,80.88,80.33,80.33,80.33,78.71,78.71,78.71,78.71,78.71,78.71,78.16"
Rec-028_30s_2,1,11,3263,core,337,331,0.0,4.0,0.9876,339,334,345,337,1.0,True,83.3588,93.3608,78.7067,3.8799,82.5059,"93.36,91.19,89.02,87.93,87.39,86.85,86.31,85.76,85.22,84.13,84.13,83.59,83.59,83.05,81.96,81.96,80.88,80.88,80.88,80.88,80.88,79.79,79.79,79.79,78.71,78.71,78.71,78.71"
Rec-028_30s_2,1,12,3264,core,342,331,0.0,5.0,0.9861,344,334,350,337,1.0,True,83.3781,92.2753,78.7067,3.6878,82.7773,"92.28,90.10,89.02,87.93,87.39,86.85,86.31,85.76,85.22,84.68,84.13,84.13,83.59,83.05,82.51,81.96,81.42,81.42,80.88,80.88,80.88,79.79,79.79,79.79,78.71,78.71,78.71,78.71"
Rec-028_30s_2,1,13,3265,core,346,331,0.0,4.0,0.9854,348,334,354,337,1.0,True,83.4557,93.3608,77.6212,4.0163,82.7773,"93.36,91.19,89.56,88.48,87.39,86.31,85.76,86.85,85.76,85.22,84.13,84.13,83.05,82.51,83.05,82.51,81.96,80.88,80.88,80.88,79.79,80.33,79.79,79.79,78.71,78.71,78.16,77.62"
Rec-028_30s_2,1,14,3266,core,351,331,0.0,5.0,0.9829,353,334,359,337,0.7143,False,79.6952,91.7325,73.822,4.7027,78.4353,"91.73,89.56,87.39,84.13,79.79,76.54,75.45,85.76,84.13,83.05,81.42,77.62,75.99,74.91,81.96,80.88,79.79,78.71,76.54,75.45,74.36,79.79,78.16,77.62,77.08,75.45,74.36,73.82"
Rec-028_30s_2,1,15,3267,core,356,330,11.31,5.1,0.9863,358,333,364,336,0.0,False,76.5163,87.3906,73.822,3.0305,75.7216,"87.39,83.05,78.71,77.08,75.99,75.45,74.91,81.42,78.71,77.08,75.99,74.91,74.91,74.36,78.16,76.54,75.99,75.45,74.91,74.36,73.82,76.54,75.99,74.91,74.36,73.82,73.82,73.82"
Rec-028_30s_2,2,1,3397,core,290,331,0.0,0.0,0.9866,292,334,298,337,1.0,True,84.0953,93.3608,77.6212,4.6597,83.32,"92.28,93.36,91.73,90.65,89.56,89.02,88.48,85.76,85.76,85.76,85.76,85.76,85.22,84.68,80.88,81.42,81.96,81.96,81.96,81.96,81.42,77.62,78.16,78.71,78.71,78.71,78.71,78.71"
Rec-028_30s_2,2,2,3398,core,292,331,0.0,2.0,0.9838,294,334,300,337,1.0,True,85.2002,97.16,78.7067,4.8294,83.8627,"97.16,94.99,92.28,91.19,89.56,89.02,87.93,89.02,87.93,87.39,86.31,85.76,85.22,84.68,83.05,83.05,83.05,83.05,83.05,82.51,81.96,79.79,79.79,79.79,79.79,79.79,79.79,78.71"
Rec-028_30s_2,2,3,3399,core,301,331,0.0,9.0,0.9849,303,334,309,337,1.0,True,84.8126,97.16,78.7067,4.6658,84.1341,"97.16,94.45,91.73,89.56,88.48,87.93,86.85,89.56,87.93,86.31,85.76,85.22,84.13,84.13,84.13,83.05,83.05,82.51,81.96,81.96,81.42,80.33,80.33,79.79,79.79,79.79,78.71,78.71"
Rec-028_30s_2,2,4,3400,core,305,331,0.0,4.0,0.9844,307,334,313,337,1.0,True,85.0064,98.2455,78.7067,4.8269,83.8627,"98.25,95.53,92.28,90.10,88.48,87.39,86.31,89.56,88.48,86.85,85.76,85.22,84.13,83.59,84.13,83.59,83.05,83.05,82.51,81.42,80.88,80.88,80.33,80.33,79.79,79.79,79.79,78.71"
Rec-028_30s_2,2,5,3401,core,310,331,0.0,5.0,0.9855,312,334,318,337,1.0,True,84.3861,95.5318,78.7067,4.1953,83.8627,"95.53,93.36,90.65,88.48,87.39,86.85,86.31,89.02,86.85,85.76,85.22,84.13,84.13,84.13,83.59,83.05,82.51,82.51,81.96,81.42,81.42,80.88,79.79,79.79,79.79,79.79,79.79,78.71"
Rec-028_30s_2,2,6,3402,core,314,331,0.0,4.0,0.9845,316,334,322,337,1.0,True,84.9482,95.5318,79.7922,4.1423,84.1341,"95.53,93.36,91.19,89.56,88.48,87.93,87.39,88.48,87.93,86.31,85.76,85.22,84.68,84.68,83.59,83.05,83.05,83.05,82.51,82.51,82.51,80.88,80.88,80.33,80.33,79.79,79.79,79.79"
Rec-028_30s_2,2,7,3403,core,319,331,0.0,5.0,0.9867,321,334,327,337,1.0,True,85.239,95.5318,80.3349,3.9578,84.4055,"95.53,93.36,91.19,89.56,88.48,87.93,87.39,89.02,87.93,86.31,85.76,85.76,85.22,84.68,84.13,83.59,83.59,83.05,83.05,83.05,82.51,80.88,80.88,80.88,80.88,80.88,80.88,80.33"
Rec-028_30s_2,2,8,3404,core,323,331,0.0,4.0,0.9846,325,334,331,337,1.0,True,85.898,96.6172,80.8776,4.0787,85.2196,"96.62,94.45,92.28,90.10,89.56,88.48,87.93,89.56,88.48,87.39,86.31,85.76,85.76,85.76,84.68,84.13,84.13,83.59,83.59,83.59,83.05,81.96,81.42,81.42,81.42,81.42,81.42,80.88"
Rec-028_30s_2,2,9,3405,core,328,331,0.0,5.0,0.9868,330,334,336,337,1.0,True,86.4795,95.5318,82.5059,3.6207,85.7624,"95.53,93.36,91.73,90.65,90.10,89.56,89.56,89.56,88.48,87.93,86.85,86.85,86.85,86.85,84.68,84.68,84.13,84.13,84.13,84.13,84.13,82.51,82.51,82.51,82.51,82.51,82.51,82.51"
Rec-028_30s_2,2,10,3406,core,332,331,0.0,4.0,0.9837,334,334,340,337,1.0,True,87.6232,97.7027,83.0486,3.9947,86.8478,"97.70,95.53,93.36,92.28,91.19,91.19,90.65,90.65,89.56,89.02,88.48,87.93,87.93,87.93,85.76,85.76,85.76,85.76,85.22,85.22,85.22,83.05,83.05,83.05,83.05,83.05,83.05,83.05"
Rec-028_30s_2,2,11,3407,core,337,331,0.0,5.0,0.9874,339,334,345,337,1.0,True,87.9721,97.16,83.5914,3.7684,87.1192,"97.16,95.53,93.36,92.28,91.73,91.19,91.19,90.65,89.56,89.56,89.02,88.48,88.48,87.93,86.31,86.31,85.76,85.76,85.76,85.76,85.76,84.13,83.59,83.59,83.59,83.59,83.59,83.59"
Rec-028_30s_2,2,12,3408,core,342,331,0.0,5.0,0.9836,344,334,350,337,1.0,True,88.0884,96.6172,83.0486,3.6949,87.3906,"96.62,94.99,93.36,92.28,92.28,91.19,91.19,91.19,90.10,89.56,89.56,89.02,88.48,87.93,86.85,86.31,86.31,85.76,85.76,85.76,85.22,84.13,84.13,84.13,84.13,83.59,83.59,83.05"
Rec-028_30s_2,2,13,3409,core,346,331,0.0,4.0,0.985,348,334,354,337,1.0,True,87.7783,98.2455,80.8776,4.1761,87.1192,"98.25,95.53,94.45,92.28,91.73,90.65,89.56,91.73,90.65,89.56,89.02,87.93,87.93,86.31,87.39,86.85,86.31,85.76,85.22,84.68,83.59,84.13,84.13,84.13,83.59,83.05,82.51,80.88"
Rec-028_30s_2,2,14,3410,core,351,331,0.0,5.0,0.9813,353,334,359,337,0.7143,False,82.2151,95.5318,74.3647,5.774,81.6918,"95.53,93.36,90.65,87.93,80.88,77.62,75.99,89.56,88.48,86.85,84.13,79.79,77.08,75.45,85.76,84.68,83.59,81.96,78.16,75.99,74.91,83.05,82.51,81.42,79.79,77.08,75.45,74.36"
Rec-028_30s_2,2,15,3411,core,355,331,0.0,4.0,0.9842,357,334,363,337,0.1429,False,76.7877,86.8478,73.822,2.892,75.9929,"86.85,81.96,78.71,77.08,75.99,75.45,74.91,82.51,78.71,77.08,75.99,75.45,74.91,74.91,79.79,77.08,75.99,75.45,74.91,74.91,74.36,77.62,75.99,75.99,74.91,74.36,74.36,73.82"
Rec-028_30s_2,2,16,3412,core,355,330,90.0,1.0,0.9866,357,333,363,336,0.1429,False,78.6097,96.0745,73.822,5.027,76.8071,"96.07,87.93,83.05,79.79,77.62,75.99,75.45,87.93,82.51,78.71,77.62,75.99,75.45,74.91,83.05,78.71,77.62,75.99,75.45,74.91,74.36,79.79,77.62,75.99,75.45,74.91,74.36,73.82"
Rec-028_30s_2,3,1,3540,core,290,331,0.0,0.0,0.9865,292,334,298,337,1.0,True,86.906,95.5318,80.3349,4.3112,86.5765,"94.99,95.53,94.45,92.28,91.19,91.19,91.19,88.48,87.93,87.93,87.93,88.48,88.48,88.48,83.05,84.13,84.13,84.68,85.22,85.22,85.22,80.33,80.88,81.42,81.96,82.51,83.05,83.05"
Rec-028_30s_2,3,2,3541,core,294,331,0.0,4.0,0.9834,296,334,302,337,1.0,True,88.4761,99.331,83.0486,4.3782,87.662,"99.33,97.16,94.99,93.36,92.28,91.73,91.19,92.28,91.19,90.10,89.56,89.56,89.02,88.48,86.85,86.85,86.31,85.76,85.76,85.76,85.76,83.59,83.59,83.59,83.59,83.59,83.05,83.05"
Rec-028_30s_2,3,3,3542,core,298,331,0.0,4.0,0.9876,300,334,306,337,1.0,True,89.0382,102.0447,83.0486,4.7148,88.2047,"102.04,98.79,96.07,94.45,92.28,91.19,91.19,93.36,91.73,91.19,89.56,89.56,89.02,88.48,87.93,87.39,86.85,86.85,86.31,85.76,85.76,84.13,84.13,84.13,84.13,84.13,83.59,83.05"
Rec-028_30s_2,3,4,3543,core,302,331,0.0,4.0,0.9847,304,334,310,337,1.0,True,89.0576,102.0447,83.0486,4.8304,88.2047,"102.04,99.33,96.07,94.45,92.28,91.19,90.65,94.45,92.28,91.19,89.56,89.56,88.48,88.48,87.93,87.93,87.39,86.31,85.76,85.76,85.76,84.13,84.13,84.13,84.13,83.59,83.59,83.05"
Rec-028_30s_2,3,5,3544,core,307,331,0.0,5.0,0.9886,309,334,315,337,1.0,True,88.1465,99.331,83.0486,4.1597,87.9333,"99.33,96.62,94.45,92.28,91.19,90.10,89.56,92.28,91.19,89.56,89.56,88.48,87.93,87.93,87.93,86.85,86.31,85.76,85.76,85.22,85.22,84.13,84.13,83.59,83.59,83.05,83.05,83.05"
Rec-028_30s_2,3,6,3545,core,312,331,0.0,5.0,0.9859,314,334,320,337,1.0,True,87.7976,97.7027,83.0486,3.5756,87.3906,"97.70,94.99,92.28,91.19,90.65,90.10,89.56,91.19,90.10,89.56,88.48,87.93,87.93,87.93,86.85,86.85,86.31,85.76,85.76,85.76,85.22,84.13,84.13,84.13,84.13,83.59,83.05,83.05"
Rec-028_30s_2,3,7,3546,core,316,331,0.0,4.0,0.9884,318,334,324,337,1.0,True,88.3792,98.7882,83.5914,3.8734,87.9333,"98.79,96.07,94.45,92.28,91.19,90.65,90.10,92.28,90.65,89.56,89.56,89.02,88.48,87.93,87.93,86.85,86.85,86.31,85.76,85.76,85.76,84.13,84.13,84.13,84.13,84.13,84.13,83.59"
Rec-028_30s_2,3,8,3547,core,325,331,0.0,9.0,0.9887,327,334,333,337,1.0,True,89.329,98.7882,84.6769,3.668,88.7475,"98.79,96.62,94.99,93.36,92.28,92.28,91.73,92.28,91.19,90.65,89.56,89.56,89.56,89.56,87.93,87.93,87.93,87.39,87.39,87.39,87.39,85.22,85.22,85.22,85.22,85.22,84.68,84.68"
Rec-028_30s_2,3,9,3548,core,334,331,0.0,9.0,0.9884,336,334,342,337,1.0,True,90.9572,100.4165,85.7624,3.8197,90.3757,"100.42,98.25,96.07,95.53,94.45,94.45,93.36,94.45,93.36,92.28,91.73,91.19,91.19,91.19,89.56,89.56,89.56,89.02,89.02,88.48,88.48,86.85,86.85,86.85,86.31,86.31,86.31,85.76"
Rec-028_30s_2,3,10,3549,core,339,331,0.0,5.0,0.9877,341,334,347,337,1.0,True,91.3449,99.8737,86.3051,3.6949,90.9184,"99.87,98.25,96.07,95.53,95.53,94.99,94.45,94.45,93.36,92.28,92.28,92.28,91.73,91.73,90.10,89.56,89.56,89.56,89.56,89.56,89.02,87.39,86.85,86.85,86.85,86.85,86.85,86.31"
Rec-028_30s_2,3,11,3550,core,348,331,0.0,9.0,0.9871,350,334,356,337,1.0,True,89.2514,99.8737,80.8776,4.4719,88.4761,"99.87,97.70,95.53,94.45,92.28,91.19,87.93,94.45,93.36,91.73,91.19,89.56,88.48,85.76,90.10,89.56,88.48,87.93,86.85,85.76,83.05,87.39,86.85,85.76,85.76,84.13,83.05,80.88"
Rec-028_30s_2,3,12,3551,core,352,331,0.0,4.0,0.9859,354,334,360,337,0.5714,False,82.1764,98.2455,74.3647,6.815,80.3349,"98.25,95.53,91.19,83.59,78.71,76.54,75.45,92.28,90.65,87.39,80.88,77.62,75.99,75.45,88.48,86.85,84.13,79.79,77.08,75.45,74.36,85.22,84.13,82.51,78.16,75.99,74.91,74.36"
Rec-028_30s_2,3,13,3552,core,355,331,0.0,3.0,0.9821,357,334,363,337,0.1429,False,77.311,89.5616,73.822,3.5217,75.9929,"89.56,83.59,79.79,77.62,75.99,75.45,74.91,84.13,79.79,77.62,75.99,75.45,74.91,74.36,80.88,77.62,75.99,75.99,75.45,74.91,74.36,78.71,77.08,75.99,75.45,74.91,74.36,73.82"
Rec-028_30s_2,4,1,3677,core,291,331,0.0,1.0,0.986,293,334,299,337,1.0,True,88.9607,98.2455,83.0486,4.1949,88.7475,"98.25,97.16,95.53,94.45,93.36,92.28,92.28,91.19,90.10,90.10,90.10,90.10,90.10,90.10,85.76,86.31,86.85,87.39,87.39,87.39,87.39,83.05,83.59,84.13,84.13,84.13,84.13,84.13"
Rec-028_30s_2,4,2,3678,core,295,331,0.0,4.0,0.986,297,334,303,337,1.0,True,90.7246,103.1302,85.2196,4.5933,89.8329,"103.13,100.42,97.70,95.53,94.45,93.36,92.28,94.99,93.36,92.28,91.73,91.19,90.65,90.10,89.56,89.02,88.48,88.48,88.48,87.93,87.93,85.76,85.76,85.76,85.76,85.76,85.22,85.22"
Rec-028_30s_2,4,3,3679,core,300,331,0.0,5.0,0.9869,302,334,308,337,1.0,True,90.2594,102.0447,84.6769,4.1432,89.5616,"102.04,98.25,96.07,94.45,93.36,91.73,91.19,94.99,93.36,91.73,91.19,90.65,89.56,89.56,89.56,89.56,89.02,88.48,87.93,87.93,87.39,86.31,85.76,85.76,85.76,85.76,85.22,84.68"
Rec-028_30s_2,4,4,3680,core,304,331,0.0,4.0,0.9875,306,334,312,337,1.0,True,90.2594,102.0447,84.6769,4.1786,89.5616,"102.04,99.33,96.07,94.45,92.28,91.73,91.19,94.99,93.36,91.73,91.19,90.10,89.56,89.56,89.56,89.56,89.02,88.48,87.93,87.93,87.39,86.31,86.31,85.76,85.76,85.76,85.22,84.68"
Rec-028_30s_2,4,5,3681,core,309,331,0.0,5.0,0.9882,311,334,317,337,1.0,True,89.484,99.331,84.6769,3.6197,89.2902,"99.33,97.16,94.45,92.28,91.73,91.19,90.65,93.36,92.28,91.19,90.10,89.56,89.56,89.02,89.56,89.02,87.93,87.93,87.93,87.39,86.85,85.76,85.76,85.76,85.22,85.22,84.68,84.68"
Rec-028_30s_2,4,6,3682,core,313,331,0.0,4.0,0.9886,315,334,321,337,1.0,True,89.8717,100.4165,85.2196,3.8004,89.5616,"100.42,97.70,95.53,93.36,92.28,91.19,91.19,94.45,92.28,91.19,90.65,90.10,89.56,89.56,89.56,89.02,88.48,87.93,87.93,87.39,86.85,86.31,85.76,85.76,85.76,85.76,85.22,85.22"
Rec-028_30s_2,4,7,3683,core,318,331,0.0,5.0,0.9895,320,334,326,337,1.0,True,89.5034,98.7882,85.7624,3.2511,89.2902,"98.79,96.07,94.45,92.28,91.73,91.19,91.19,92.28,91.19,90.65,90.10,89.56,89.56,89.56,89.02,88.48,87.93,87.93,87.93,87.93,87.93,85.76,85.76,85.76,85.76,85.76,85.76,85.76"
Rec-028_30s_2,4,8,3684,core,322,331,0.0,4.0,0.9884,324,334,330,337,1.0,True,90.0462,99.8737,85.7624,3.5541,89.8329,"99.87,97.16,95.53,93.36,92.28,92.28,91.73,93.36,92.28,91.19,90.65,90.10,90.10,90.10,89.56,89.02,88.48,88.48,87.93,87.93,87.93,86.31,86.31,86.31,85.76,85.76,85.76,85.76"
Rec-028_30s_2,4,9,3685,core,327,331,0.0,5.0,0.9895,329,334,335,337,1.0,True,90.744,98.7882,86.8478,3.1715,90.3757,"98.79,96.62,94.99,94.45,93.36,93.36,93.36,93.36,92.28,91.73,91.19,91.19,91.19,91.19,89.56,89.56,89.56,89.56,89.56,89.02,89.02,86.85,86.85,86.85,86.85,86.85,86.85,86.85"
Rec-028_30s_2,4,10,3686,core,331,331,0.0,4.0,0.9882,333,334,339,337,1.0,True,92.0233,101.502,87.9333,3.5545,91.4612,"101.50,98.79,97.16,95.53,94.99,94.99,94.45,94.99,94.45,93.36,92.28,92.28,92.28,92.28,90.65,90.65,90.10,90.10,90.10,90.10,90.10,87.93,87.93,87.93,87.93,87.93,87.93,87.93"
Rec-028_30s_2,4,11,3687,core,336,331,0.0,5.0,0.9898,338,334,344,337,1.0,True,92.9343,101.502,89.0188,3.3248,92.2753,"101.50,98.79,97.70,96.07,96.07,96.07,95.53,95.53,94.45,94.45,94.45,93.36,93.36,93.36,91.19,91.19,91.19,91.19,91.19,91.19,91.19,89.02,89.02,89.02,89.02,89.02,89.02,89.02"
Rec-028_30s_2,4,12,3688,core,340,331,0.0,4.0,0.9871,342,334,348,337,1.0,True,93.8454,103.1302,89.0188,3.7528,93.3608,"103.13,100.96,99.33,98.25,97.70,96.62,96.07,96.62,95.53,95.53,94.99,94.99,94.45,94.45,92.28,92.28,92.28,91.73,91.73,91.19,91.19,89.56,89.56,89.56,89.56,89.56,89.56,89.02"
Rec-028_30s_2,4,13,3689,core,345,331,0.0,5.0,0.9888,347,334,353,337,1.0,True,93.07,102.0447,86.3051,3.8144,92.2753,"102.04,100.42,98.79,97.16,96.07,95.53,94.45,97.16,96.07,95.53,94.45,93.36,92.28,91.19,93.36,92.28,92.28,91.19,91.19,90.10,89.56,90.10,89.56,89.56,89.56,88.48,87.93,86.31"
Rec-028_30s_2,4,14,3690,core,349,331,0.0,4.0,0.9853,351,334,357,337,1.0,True,89.8717,103.1302,78.7067,5.812,89.8329,"103.13,100.42,97.70,95.53,93.36,90.10,83.05,96.62,94.99,93.36,91.73,90.65,87.93,81.42,92.28,91.19,90.65,89.56,87.93,84.68,79.79,89.56,88.48,87.93,86.85,85.76,83.05,78.71"
Rec-028_30s_2,4,15,3691,core,354,331,0.0,5.0,0.9867,356,334,362,337,0.2857,False,78.7067,95.5318,73.822,5.3454,76.2643,"95.53,86.85,80.88,77.62,75.99,74.91,74.36,89.56,83.05,78.71,76.54,75.99,74.91,74.36,86.31,80.88,77.62,75.99,75.45,74.36,73.82,84.13,79.79,77.08,75.99,74.91,74.36,73.82"
Rec-028_30s_2,4,16,3692,core,356,330,26.57,2.24,0.9875,358,333,364,336,0.0,False,77.0203,89.0188,73.822,3.4642,75.9929,"89.02,83.05,79.79,77.08,75.99,75.45,74.91,83.59,79.79,77.62,75.99,75.45,74.36,74.36,80.33,77.62,75.99,75.45,74.91,74.36,73.82,78.16,76.54,75.99,74.91,74.36,73.82,73.82"
Rec-028_30s_2,5,1,3818,core,290,331,0.0,0.0,0.9868,292,334,298,337,1.0,True,89.6779,97.7027,83.0486,4.1496,89.2902,"97.16,97.70,96.07,94.99,94.45,94.45,94.45,90.10,90.65,90.65,90.65,91.19,91.19,91.19,85.76,86.31,87.39,87.93,87.93,88.48,88.48,83.05,83.59,84.13,85.22,85.76,85.76,86.31"
Rec-028_30s_2,5,2,3819,core,294,331,0.0,4.0,0.9845,296,334,302,337,1.0,True,91.7132,102.0447,86.8478,4.0054,90.6471,"102.04,99.87,97.70,96.07,95.53,94.99,94.45,94.99,93.36,93.36,92.28,92.28,91.73,91.19,90.10,89.56,89.56,89.56,89.56,89.56,89.56,86.85,86.85,87.39,87.39,87.39,87.39,87.39"
Rec-028_30s_2,5,3,3820,core,298,331,0.0,4.0,0.9877,300,334,306,337,1.0,True,92.663,105.3012,87.3906,4.4706,91.7325,"105.30,102.04,99.33,97.16,95.53,94.99,94.45,97.16,95.53,94.45,93.36,92.28,92.28,91.73,91.73,91.19,91.19,90.65,90.10,89.56,89.56,87.93,87.93,87.93,87.93,87.93,87.93,87.39"
Rec-028_30s_2,5,4,3821,core,307,331,0.0,9.0,0.9888,309,334,315,337,1.0,True,91.6744,103.1302,86.3051,4.1164,91.1898,"103.13,100.42,97.70,95.53,94.45,93.36,92.28,96.07,94.99,93.36,92.28,91.19,91.19,90.65,91.73,91.19,90.10,89.56,89.56,88.48,88.48,88.48,87.93,87.93,87.39,86.85,86.31,86.31"
Rec-028_30s_2,5,5,3822,core,312,331,0.0,5.0,0.9876,314,334,320,337,1.0,True,90.4338,99.8737,86.3051,3.2608,89.8329,"99.87,97.16,94.99,93.36,92.28,91.73,91.19,94.45,92.28,91.73,91.19,90.65,90.10,89.56,90.10,89.56,89.56,89.02,88.48,88.48,87.93,87.93,87.39,86.85,86.85,86.85,86.31,86.31"
Rec-028_30s_2,5,6,3823,core,316,331,0.0,4.0,0.9896,318,334,324,337,1.0,True,90.7634,100.4165,86.3051,3.4307,90.1043,"100.42,98.25,95.53,94.45,92.28,92.28,91.73,94.45,93.36,91.73,91.19,91.19,90.65,90.10,90.10,89.56,89.56,89.02,89.02,88.48,88.48,87.93,87.39,87.39,86.85,86.85,86.85,86.31"
Rec-028_30s_2,5,7,3824,core,325,331,0.0,9.0,0.9898,327,334,333,337,1.0,True,91.4418,99.8737,87.9333,3.1763,90.9184,"99.87,98.25,96.07,94.45,94.45,93.36,93.36,94.45,93.36,92.28,91.73,91.73,91.19,91.19,90.65,90.10,90.10,89.56,89.56,89.56,89.56,87.93,87.93,87.93,87.93,87.93,87.93,87.93"
Rec-028_30s_2,5,8,3825,core,334,331,0.0,9.0,0.9898,336,334,342,337,1.0,True,93.2832,102.0447,89.5616,3.3259,92.818,"102.04,99.87,98.25,96.62,96.07,95.53,95.53,96.07,95.53,94.45,94.45,93.36,93.36,93.36,92.28,91.73,91.73,91.19,91.19,91.19,91.19,89.56,89.56,89.56,89.56,89.56,89.56,89.56"
Rec-028_30s_2,5,9,3826,core,339,331,0.0,5.0,0.9897,341,334,347,337,1.0,True,93.826,101.502,90.1043,3.0829,93.3608,"101.50,99.33,98.25,97.16,96.62,96.62,96.07,96.07,95.53,94.99,94.99,94.45,94.45,94.45,92.28,92.28,92.28,92.28,92.28,92.28,92.28,90.10,90.10,90.10,90.10,90.10,90.10,90.10"
Rec-028_30s_2,5,10,3827,core,343,331,0.0,4.0,0.9888,345,334,351,337,1.0,True,94.6401,103.1302,89.5616,3.4486,94.4463,"103.13,101.50,99.87,98.25,97.70,97.16,96.07,97.70,96.62,96.07,95.53,95.53,94.99,94.45,93.36,94.45,93.36,93.36,92.28,92.28,91.73,91.19,91.19,91.19,90.65,90.65,90.10,89.56"
Rec-028_30s_2,5,11,3828,core,352,331,0.0,9.0,0.9873,354,334,360,337,0.5714,False,83.3975,100.4165,74.3647,7.5278,81.9631,"100.42,97.16,92.28,84.13,78.71,76.54,75.45,94.45,92.28,89.56,83.05,78.16,75.99,74.91,90.65,89.56,86.31,80.88,77.62,75.99,74.36,88.48,86.85,84.13,79.79,77.08,75.99,74.36"
Rec-028_30s_2,5,12,3829,core,356,331,0.0,4.0,0.9846,358,334,364,337,0.0,False,75.9542,83.5914,73.822,2.2701,75.1788,"83.59,79.79,77.62,75.99,75.45,74.91,74.36,80.33,77.62,75.99,75.45,74.91,74.36,73.82,78.16,76.54,75.45,74.91,74.36,74.36,73.82,77.62,75.99,74.91,74.36,74.36,73.82,73.82"
Rec-028_30s_2,6,1,3956,core,290,331,0.0,0.0,0.9884,292,334,298,337,1.0,True,90.1043,97.7027,83.0486,3.9566,90.1043,"97.16,97.70,96.07,94.99,94.45,94.45,94.45,90.65,91.19,91.19,91.19,91.19,91.73,91.73,85.76,86.85,87.93,87.93,89.02,89.56,89.56,83.05,84.13,85.22,85.76,86.31,86.85,86.85"
Rec-028_30s_2,6,2,3957,core,292,331,0.0,2.0,0.9868,294,334,300,337,1.0,True,92.159,102.0447,85.7624,4.215,91.1898,"102.04,100.96,98.79,97.16,96.07,95.53,95.53,94.45,94.45,93.36,93.36,93.36,92.28,92.28,89.56,89.56,89.56,90.10,90.10,90.10,90.10,85.76,86.85,87.39,87.93,87.93,87.93,87.93"
Rec-028_30s_2,6,3,3958,core,297,331,0.0,5.0,0.9864,299,334,305,337,1.0,True,93.0119,104.2157,87.9333,3.9889,92.0039,"104.22,101.50,98.79,97.16,95.53,95.53,94.45,96.62,95.53,94.45,93.36,93.36,93.36,92.28,91.73,91.73,91.19,91.19,90.65,90.65,90.10,89.02,89.02,89.02,89.02,88.48,88.48,87.93"
Rec-028_30s_2,6,4,3959,core,301,331,0.0,4.0,0.9888,303,334,309,337,1.0,True,93.2251,105.3012,87.9333,4.2156,92.2753,"105.30,102.04,99.33,97.16,95.53,94.99,94.45,98.25,96.07,94.99,94.45,93.36,92.28,92.28,92.28,92.28,91.19,91.19,90.65,90.10,90.10,89.56,89.56,89.02,89.02,88.48,88.48,87.93"
Rec-028_30s_2,6,5,3960,core,306,331,0.0,5.0,0.9871,308,334,314,337,1.0,True,92.2171,103.1302,87.3906,3.5953,91.4612,"103.13,99.87,97.16,95.53,94.45,93.36,92.28,96.07,94.99,93.36,92.28,92.28,91.19,91.19,91.73,91.73,91.19,90.65,90.10,89.56,89.56,89.56,89.56,89.02,88.48,88.48,87.93,87.39"
Rec-028_30s_2,6,6,3961,core,310,331,0.0,4.0,0.9894,312,334,318,337,1.0,True,92.2559,103.1302,87.9333,3.77,91.1898,"103.13,100.42,97.70,95.53,94.45,93.36,92.28,97.16,95.53,93.36,92.28,92.28,91.19,91.19,92.28,91.19,91.19,90.10,90.10,89.56,89.56,89.56,89.02,88.48,88.48,87.93,87.93,87.93"
Rec-028_30s_2,6,7,3962,core,315,331,0.0,5.0,0.9883,317,334,323,337,1.0,True,91.3061,100.4165,87.3906,3.1526,90.6471,"100.42,98.25,95.53,94.45,93.36,92.28,91.73,94.99,93.36,92.28,91.73,91.19,90.65,90.65,91.19,90.65,90.10,89.56,89.56,89.56,89.02,89.02,88.48,87.93,87.93,87.93,87.39,87.39"
Rec-028_30s_2,6,8,3963,core,319,331,0.0,4.0,0.9897,321,334,327,337,1.0,True,91.4999,101.502,87.9333,3.3596,90.9184,"101.50,98.79,96.07,94.45,93.36,92.28,92.28,95.53,94.45,92.28,91.73,91.19,91.19,90.65,91.19,90.65,90.10,89.56,89.56,89.56,89.02,88.48,88.48,87.93,87.93,87.93,87.93,87.93"
Rec-028_30s_2,6,9,3964,core,324,331,0.0,5.0,0.9893,326,334,332,337,1.0,True,91.3061,99.331,87.9333,2.9527,90.9184,"99.33,97.16,95.53,94.45,93.36,93.36,93.36,94.45,93.36,92.28,91.19,91.19,91.19,91.19,90.65,90.10,89.56,89.56,89.56,89.56,89.56,88.48,88.48,87.93,87.93,87.93,87.93,87.93"
Rec-028_30s_2,6,10,3965,core,328,331,0.0,4.0,0.9897,330,334,336,337,1.0,True,92.5079,101.502,89.0188,3.2189,91.7325,"101.50,98.79,97.16,95.53,95.53,94.99,94.99,94.99,94.45,93.36,93.36,92.28,92.28,92.28,91.19,91.19,90.65,90.65,90.65,90.65,90.65,89.02,89.02,89.02,89.02,89.02,89.02,89.02"
Rec-028_30s_2,6,11,3966,core,333,331,0.0,5.0,0.9897,335,334,341,337,1.0,True,93.5159,101.502,90.1043,3.0902,92.818,"101.50,99.87,98.25,97.16,96.07,95.53,95.53,95.53,95.53,94.45,94.45,94.45,93.36,93.36,92.28,91.73,91.73,91.73,91.73,91.73,91.73,90.10,90.10,90.10,90.10,90.10,90.10,90.10"
Rec-028_30s_2,6,12,3967,core,342,331,0.0,9.0,0.99,344,334,350,337,1.0,True,95.0665,103.1302,90.6471,3.2781,94.7176,"103.13,101.50,99.87,98.79,98.25,97.70,97.16,97.70,97.16,96.07,95.53,95.53,95.53,94.99,94.45,94.45,93.36,93.36,93.36,92.28,92.28,91.73,91.73,91.73,91.19,91.19,91.19,90.65"
Rec-028_30s_2,6,13,3968,core,351,331,0.0,9.0,0.9884,353,334,359,337,0.7143,False,85.9756,100.9592,75.4502,7.469,87.1192,"100.96,98.25,94.99,91.19,84.13,78.71,76.54,95.53,94.45,91.73,89.56,82.51,77.62,75.99,92.28,90.65,89.56,86.85,80.88,77.62,75.45,89.56,88.48,87.39,84.68,79.79,76.54,75.45"
Rec-028_30s_2,6,14,3969,core,355,330,14.04,4.12,0.991,357,333,363,336,0.1429,False,78.8617,97.7027,73.822,5.4927,76.5357,"97.70,87.93,82.51,78.71,76.54,75.99,74.91,89.56,83.05,78.71,77.08,75.99,74.91,74.91,85.22,79.79,77.62,75.99,75.45,74.91,74.36,82.51,78.71,76.54,75.45,74.91,74.36,73.82"
Rec-029_10s_2,1,1,2703,core,290,331,0.0,0.0,0.9869,292,334,298,337,1.0,True,85.1033,93.3608,79.7922,3.7556,84.6769,"93.36,93.36,91.19,89.56,89.02,88.48,87.93,86.85,86.85,85.76,85.76,85.76,85.76,85.76,81.96,83.05,83.05,83.05,83.59,83.59,83.05,79.79,80.33,80.88,81.42,81.42,81.42,80.88"
Rec-029_10s_2,1,2,2704,core,293,331,0.0,3.0,0.9866,295,334,301,337,1.0,True,86.2857,97.16,81.4204,4.0107,85.2196,"97.16,94.99,92.28,90.65,89.56,88.48,87.93,89.56,89.02,87.93,87.39,86.31,85.76,85.76,84.68,84.68,84.13,84.13,84.13,83.59,83.59,82.51,82.51,81.96,81.96,81.96,81.96,81.42"
Rec-029_10s_2,1,3,2705,core,298,331,0.0,5.0,0.9855,300,334,306,337,1.0,True,85.6267,96.6172,80.8776,3.6771,84.6769,"96.62,93.36,91.19,89.02,87.93,86.85,85.76,89.56,88.48,86.85,85.76,85.22,84.68,84.13,85.76,84.68,84.13,84.13,83.59,83.05,82.51,83.05,83.05,82.51,81.96,81.42,81.42,80.88"
Rec-029_10s_2,1,4,2706,core,302,331,0.0,4.0,0.9881,304,334,310,337,1.0,True,85.0646,96.6172,80.3349,3.8182,84.1341,"96.62,93.36,91.19,88.48,86.85,85.76,84.13,89.56,87.93,86.31,85.22,84.13,83.59,83.05,85.22,84.13,84.13,83.59,83.05,82.51,81.42,83.05,82.51,81.96,81.96,80.88,80.88,80.33"
Rec-029_10s_2,1,5,2707,core,311,331,0.0,9.0,0.9891,313,334,319,337,1.0,True,82.9517,91.7325,79.7922,2.7791,82.5059,"91.73,89.56,86.85,85.22,84.13,84.13,83.59,85.76,84.13,83.05,83.05,82.51,82.51,82.51,83.05,81.96,81.42,81.42,80.88,80.88,80.88,80.88,80.88,80.88,80.33,80.33,80.33,79.79"
Rec-029_10s_2,1,6,2708,core,320,331,0.0,9.0,0.9894,322,334,328,337,1.0,True,84.5799,92.2753,81.9631,2.6072,83.8627,"92.28,90.65,88.48,87.39,86.31,85.76,85.76,86.85,85.76,85.22,84.68,84.13,84.13,84.13,83.59,83.05,83.05,83.05,83.05,83.05,83.05,81.96,81.96,81.96,81.96,81.96,82.51,82.51"
Rec-029_10s_2,1,7,2709,core,325,331,0.0,5.0,0.9882,327,334,333,337,1.0,True,85.8399,92.2753,83.0486,2.4129,85.2196,"92.28,90.65,89.56,88.48,87.93,87.93,87.93,87.93,86.85,86.31,85.76,85.76,85.76,85.76,84.68,84.13,84.13,84.68,84.68,84.68,84.68,83.05,83.05,83.05,83.05,83.59,83.59,83.59"
Rec-029_10s_2,1,8,2710,core,329,331,0.0,4.0,0.9895,331,334,337,337,1.0,True,87.5263,94.989,84.1341,2.7698,87.1192,"94.99,93.36,91.19,90.10,90.10,90.10,89.56,89.56,89.02,87.93,87.93,87.93,87.93,87.93,85.76,85.76,85.76,85.76,85.76,86.31,85.76,84.13,84.68,84.68,84.68,84.68,84.68,84.68"
Rec-029_10s_2,1,9,2711,core,334,331,0.0,5.0,0.9891,336,334,342,337,1.0,True,88.6893,95.5318,85.7624,2.6083,88.2047,"95.53,93.36,92.28,91.73,91.19,91.19,91.19,90.65,89.56,89.56,89.02,89.02,89.02,89.02,87.39,87.39,87.39,87.39,87.39,86.85,86.85,85.76,85.76,85.76,85.76,85.76,85.76,85.76"
Rec-029_10s_2,1,10,2712,core,338,331,0.0,4.0,0.9895,340,334,346,337,1.0,True,89.6003,97.7027,85.7624,3.0871,89.0188,"97.70,95.53,94.45,93.36,92.28,92.28,91.73,91.73,91.19,90.10,90.10,90.10,89.56,89.56,88.48,87.93,87.93,87.93,87.93,87.93,87.93,86.31,86.31,86.31,86.31,86.31,85.76,85.76"
Rec-029_10s_2,1,11,2713,core,343,331,0.0,5.0,0.9888,345,334,351,337,1.0,True,89.6973,97.16,84.6769,3.1368,89.2902,"97.16,95.53,94.45,93.36,93.36,92.28,91.73,92.28,91.19,90.65,90.65,90.10,90.10,89.56,89.02,88.48,87.93,87.93,87.93,87.93,86.85,86.85,86.85,86.85,86.31,85.76,85.76,84.68"
Rec-029_10s_2,1,12,2714,core,347,331,0.0,4.0,0.9871,349,334,355,337,1.0,True,89.1739,98.7882,83.0486,3.9322,88.7475,"98.79,97.16,95.53,93.36,92.28,91.19,90.10,93.36,91.73,91.19,90.10,89.56,88.48,87.39,89.56,89.02,87.93,87.39,86.85,85.76,84.68,86.85,86.31,85.76,85.22,84.13,84.13,83.05"
Rec-029_10s_2,1,13,2715,core,352,331,0.0,5.0,0.9863,354,334,360,337,0.5714,False,82.0019,96.0745,75.4502,5.8165,80.6063,"96.07,93.36,89.56,83.05,78.71,77.08,75.99,90.65,89.02,86.31,81.42,78.16,76.54,75.99,87.39,85.76,84.13,79.79,77.62,76.54,75.99,84.68,83.59,81.96,78.71,76.54,75.99,75.45"
Rec-029_10s_2,1,14,2716,core,355,331,0.0,3.0,0.9832,357,334,363,337,0.1429,False,77.9507,89.5616,74.9074,3.3088,76.5357,"89.56,83.59,80.33,77.62,77.08,75.99,75.99,84.13,80.33,78.16,77.08,75.99,75.99,75.99,81.42,78.71,77.08,75.99,75.99,75.45,75.45,79.79,77.62,75.99,75.99,75.45,74.91,74.91"
Rec-029_10s_2,2,1,2847,core,290,331,-135.0,1.41,0.987,292,334,298,337,1.0,True,86.9641,93.3608,80.8776,3.6735,86.3051,"92.28,93.36,92.28,92.28,91.73,91.73,91.73,86.85,87.93,87.93,88.48,88.48,88.48,88.48,83.05,84.13,84.68,85.22,85.76,85.76,85.76,80.88,81.42,82.51,83.05,83.59,83.59,83.59"
Rec-029_10s_2,2,2,2848,core,302,331,0.0,12.0,0.988,304,334,310,337,1.0,True,89.6973,102.0447,84.1341,4.2702,89.0188,"102.04,98.25,96.07,94.45,92.28,91.19,90.65,94.45,92.28,91.19,90.65,89.56,89.02,88.48,89.56,89.02,87.93,87.93,87.39,86.31,85.76,86.31,85.76,85.76,85.22,85.22,84.68,84.13"
Rec-029_10s_2,2,3,2849,core,307,331,0.0,5.0,0.9852,309,334,315,337,1.0,True,88.2628,98.2455,84.1341,3.5124,87.9333,"98.25,95.53,93.36,91.19,90.65,89.56,89.56,92.28,90.65,89.56,89.02,87.93,87.93,87.39,88.48,87.93,86.85,86.31,85.76,85.76,85.22,85.76,85.22,84.68,84.13,84.13,84.13,84.13"
Rec-029_10s_2,2,4,2850,core,311,331,0.0,4.0,0.989,313,334,319,337,1.0,True,88.2047,98.2455,84.1341,3.5427,87.9333,"98.25,95.53,93.36,91.73,91.19,90.10,89.56,91.73,90.10,89.56,88.48,87.93,87.93,87.93,87.93,86.85,86.85,86.31,85.76,85.76,85.76,85.22,84.68,84.68,84.13,84.13,84.13,84.13"
Rec-029_10s_2,2,5,2851,core,316,331,0.0,5.0,0.9865,318,334,324,337,1.0,True,88.2435,96.6172,84.1341,3.1226,87.662,"96.62,94.45,92.28,91.19,91.19,90.65,90.10,91.19,90.10,89.56,89.02,88.48,88.48,87.93,87.39,87.39,86.85,86.31,86.31,86.31,85.76,85.22,84.68,85.22,84.68,84.68,84.68,84.13"
Rec-029_10s_2,2,6,2852,core,320,331,0.0,4.0,0.9895,322,334,328,337,1.0,True,89.2902,98.2455,85.2196,3.2613,88.4761,"98.25,96.07,94.45,92.28,91.73,91.19,91.19,92.28,91.19,90.10,89.56,89.56,89.56,89.02,87.93,87.93,87.93,87.93,87.39,87.39,87.39,85.76,85.76,85.76,85.76,85.76,85.76,85.22"
Rec-029_10s_2,2,7,2853,core,325,331,0.0,5.0,0.9871,327,334,333,337,1.0,True,89.6973,97.7027,85.7624,3.0826,89.2902,"97.70,95.53,94.45,93.36,92.28,92.28,91.73,92.28,91.19,90.65,90.10,90.10,89.56,89.56,89.02,88.48,88.48,87.93,87.93,87.93,87.93,86.31,86.31,86.31,86.31,86.31,85.76,85.76"
Rec-029_10s_2,2,8,2854,core,329,331,0.0,4.0,0.9896,331,334,337,337,1.0,True,90.7246,99.8737,86.8478,3.2588,90.1043,"99.87,97.70,95.53,94.45,93.36,92.28,92.28,93.36,92.28,91.73,91.19,90.65,90.65,90.65,89.56,89.56,89.56,89.02,88.48,89.02,88.48,87.39,87.39,87.39,87.39,86.85,87.39,86.85"
Rec-029_10s_2,2,9,2855,core,334,331,0.0,5.0,0.9876,336,334,342,337,1.0,True,91.1123,98.2455,87.3906,2.8414,90.6471,"98.25,96.07,94.99,94.45,94.45,94.45,93.36,93.36,92.28,91.73,91.73,91.19,91.19,91.19,90.10,89.56,89.56,89.56,89.56,89.56,89.56,87.93,87.93,87.93,87.93,87.93,87.93,87.39"
Rec-029_10s_2,2,10,2856,core,338,331,0.0,4.0,0.9894,340,334,346,337,1.0,True,92.1784,100.4165,87.9333,3.3206,91.7325,"100.42,98.25,97.16,95.53,95.53,95.53,94.99,94.99,94.45,93.36,92.28,92.28,92.28,92.28,91.19,90.65,90.65,90.10,90.10,90.10,90.10,88.48,88.48,88.48,88.48,88.48,88.48,87.93"
Rec-029_10s_2,2,11,2857,core,343,331,0.0,5.0,0.9877,345,334,351,337,1.0,True,92.663,100.9592,87.9333,3.4107,92.0039,"100.96,98.79,97.70,96.62,96.07,95.53,94.99,95.53,94.45,94.45,93.36,93.36,93.36,92.28,91.73,91.19,91.19,91.19,90.65,90.65,89.56,89.56,89.02,89.02,89.02,88.48,87.93,87.93"
Rec-029_10s_2,2,12,2858,core,347,331,0.0,4.0,0.9882,349,334,355,337,1.0,True,91.9264,102.0447,84.6769,4.177,91.4612,"102.04,99.87,98.25,96.62,95.53,94.45,92.28,96.07,94.99,94.45,93.36,92.28,91.19,89.56,92.28,91.73,91.19,90.10,89.56,88.48,86.85,89.56,89.02,88.48,87.93,87.39,85.76,84.68"
Rec-029_10s_2,2,13,2859,core,352,331,0.0,5.0,0.9858,354,334,360,337,0.5714,False,83.32,98.7882,75.4502,6.6985,81.9631,"98.79,95.53,91.73,84.68,79.79,77.62,75.99,93.36,91.19,88.48,83.05,78.71,77.08,75.99,89.56,88.48,85.76,80.88,77.62,76.54,75.99,87.39,85.76,84.13,79.79,77.62,75.99,75.45"
Rec-029_10s_2,2,14,2860,core,355,331,0.0,3.0,0.9836,357,334,363,337,0.1429,False,78.2415,90.6471,74.9074,3.5935,76.8071,"90.65,84.13,80.33,78.16,77.08,75.99,75.99,85.22,80.88,78.16,77.08,76.54,75.99,75.45,82.51,78.71,77.62,76.54,75.99,75.45,75.45,80.88,77.62,76.54,75.99,75.45,75.45,74.91"
Rec-029_10s_2,3,1,2984,core,290,331,0.0,0.0,0.9881,292,334,298,337,1.0,True,89.581,96.6172,83.0486,3.77,89.2902,"96.07,96.62,95.53,94.45,94.45,93.36,93.36,90.10,90.65,90.65,90.65,91.19,91.19,91.19,85.76,86.31,87.39,87.93,88.48,88.48,88.48,83.05,84.13,84.68,85.76,85.76,86.31,86.31"
Rec-029_10s_2,3,2,2985,core,299,331,0.0,9.0,0.9873,301,334,307,337,1.0,True,92.4885,105.3012,87.3906,4.422,91.4612,"105.30,102.04,98.79,96.62,95.53,94.45,93.36,97.16,95.53,94.45,93.36,92.28,91.73,91.19,91.73,91.19,90.65,90.10,89.56,89.56,89.56,88.48,88.48,87.93,87.93,87.93,87.39,87.39"
Rec-029_10s_2,3,3,2986,core,304,331,0.0,5.0,0.9878,306,334,312,337,1.0,True,91.5969,102.0447,86.8478,3.762,90.9184,"102.04,99.33,97.16,95.53,94.45,93.36,92.28,95.53,94.45,93.36,92.28,91.19,91.19,90.65,91.19,90.65,90.10,89.56,89.56,89.02,88.48,88.48,87.93,87.93,87.93,87.39,86.85,86.85"
Rec-029_10s_2,3,4,2987,core,313,331,0.0,9.0,0.9891,315,334,321,337,1.0,True,90.9766,100.4165,86.8478,3.2993,90.1043,"100.42,97.70,95.53,94.45,93.36,92.28,92.28,94.45,93.36,92.28,91.73,91.19,90.65,90.10,90.10,89.56,89.56,89.56,89.02,89.02,88.48,87.93,87.93,87.39,87.39,87.39,87.39,86.85"
Rec-029_10s_2,3,5,2988,core,317,331,0.0,4.0,0.9884,319,334,325,337,1.0,True,91.3449,101.502,87.3906,3.4688,90.9184,"101.50,98.25,96.07,94.99,93.36,93.36,93.36,94.99,93.36,92.28,91.73,91.19,91.19,91.19,90.65,90.10,89.56,89.56,89.56,89.02,89.02,87.93,87.93,87.93,87.39,87.39,87.39,87.39"
Rec-029_10s_2,3,6,2989,core,326,331,0.0,9.0,0.9883,328,334,334,337,1.0,True,92.915,102.0447,89.0188,3.4754,91.7325,"102.04,99.87,98.25,96.62,95.53,95.53,95.53,95.53,94.99,94.45,93.36,93.36,93.36,92.28,91.19,91.19,91.19,91.19,91.19,91.19,90.65,89.02,89.02,89.02,89.02,89.02,89.02,89.02"
Rec-029_10s_2,3,7,2990,core,335,331,0.0,9.0,0.9881,337,334,343,337,1.0,True,94.3687,103.1302,90.1043,3.5463,93.9035,"103.13,101.50,99.87,98.25,97.70,96.62,96.62,97.70,96.07,95.53,95.53,94.99,94.45,94.45,93.36,93.36,92.28,92.28,92.28,92.28,91.73,90.65,90.65,90.65,90.10,90.10,90.10,90.10"
Rec-029_10s_2,3,8,2991,core,340,331,0.0,5.0,0.9899,342,334,348,337,1.0,True,94.6013,103.1302,90.1043,3.3232,93.9035,"103.13,100.96,99.33,98.25,97.70,97.16,97.16,97.16,96.62,95.53,95.53,95.53,94.99,94.45,93.36,93.36,93.36,92.28,92.28,92.28,92.28,91.19,91.19,91.19,91.19,90.65,90.65,90.10"
Rec-029_10s_2,3,9,2992,core,344,331,0.0,4.0,0.9867,346,334,352,337,1.0,True,94.6013,104.2157,89.0188,3.7598,93.9035,"104.22,102.04,100.42,98.79,98.25,96.62,95.53,98.25,97.16,96.07,95.53,94.99,94.45,93.36,94.45,93.36,93.36,93.36,92.28,91.73,91.19,91.73,91.19,91.19,90.65,90.10,89.56,89.02"
Rec-029_10s_2,3,10,2993,core,349,331,0.0,5.0,0.9886,351,334,357,337,1.0,True,90.4532,102.0447,79.7922,5.4298,90.9184,"102.04,99.87,97.70,95.53,93.36,91.19,84.13,97.16,95.53,94.45,92.28,91.19,87.93,82.51,93.36,91.73,91.19,90.10,88.48,85.76,80.88,90.65,89.56,88.48,87.93,85.76,84.13,79.79"
Rec-029_10s_2,3,11,2994,core,353,331,0.0,4.0,0.9855,355,334,361,337,0.4286,False,82.0794,99.331,75.4502,6.7903,79.2494,"99.33,95.53,86.85,80.88,78.16,77.08,75.99,94.45,90.65,84.13,79.79,77.62,75.99,75.99,90.10,87.39,81.96,78.71,77.08,75.99,75.45,87.39,85.22,80.88,77.62,76.54,75.99,75.45"
Rec-029_10s_2,3,12,2995,core,356,330,18.43,3.16,0.9874,358,333,364,336,0.0,False,78.1445,89.5616,74.9074,3.3785,76.8071,"89.56,84.68,80.88,78.16,77.08,76.54,75.99,84.68,80.88,78.71,77.08,75.99,75.99,75.45,80.88,78.71,77.08,75.99,75.99,75.99,75.45,79.79,77.62,76.54,75.99,75.99,75.45,74.91"
Rec-029_10s_2,4,1,3126,core,290,331,0.0,0.0,0.988,292,334,298,337,1.0,True,90.6858,98.2455,83.5914,3.9028,90.3757,"97.16,98.25,97.16,95.53,94.99,94.99,94.99,91.19,91.73,91.19,91.73,92.28,92.28,92.28,86.31,87.93,88.48,89.02,89.56,89.56,89.56,83.59,84.68,85.76,86.85,87.39,87.39,87.39"
Rec-029_10s_2,4,2,3127,core,292,331,0.0,2.0,0.9866,294,334,300,337,1.0,True,92.5854,103.1302,86.8478,4.1039,91.4612,"103.13,100.96,98.79,97.16,96.07,95.53,95.53,94.99,94.45,94.45,93.36,93.36,93.36,92.28,90.10,90.65,90.65,90.65,90.65,90.65,90.65,86.85,87.93,87.93,87.93,88.48,87.93,87.93"
Rec-029_10s_2,4,3,3128,core,297,331,0.0,5.0,0.9851,299,334,305,337,1.0,True,93.3026,103.6729,88.4761,3.7891,92.2753,"103.67,101.50,98.79,97.16,95.53,95.53,94.45,97.16,95.53,94.99,94.45,93.36,93.36,92.28,92.28,92.28,91.73,91.19,91.19,91.19,90.65,89.56,89.56,89.56,89.56,89.02,88.48,88.48"
Rec-029_10s_2,4,4,3129,core,306,331,0.0,9.0,0.9859,308,334,314,337,1.0,True,92.4304,102.0447,87.9333,3.4137,91.7325,"102.04,99.33,97.16,95.53,94.45,93.36,93.36,96.62,94.99,94.45,93.36,92.28,91.73,91.73,92.28,91.73,91.19,90.65,90.65,90.10,89.56,89.56,89.56,89.56,88.48,88.48,87.93,87.93"
Rec-029_10s_2,4,5,3130,core,310,331,0.0,4.0,0.9896,312,334,318,337,1.0,True,92.159,102.0447,87.9333,3.5423,91.4612,"102.04,99.87,97.70,95.53,94.45,93.36,92.28,96.07,94.99,93.36,92.28,92.28,91.73,91.19,91.73,91.19,91.19,90.65,90.10,89.56,89.56,89.56,89.02,88.48,88.48,87.93,87.93,87.93"
Rec-029_10s_2,4,6,3131,core,319,331,0.0,9.0,0.9902,321,334,327,337,1.0,True,92.6048,102.0447,89.0188,3.2218,92.0039,"102.04,99.33,97.16,95.53,94.45,94.45,94.45,95.53,94.99,93.36,93.36,92.28,92.28,92.28,91.73,91.19,91.19,91.19,90.65,90.65,90.65,89.56,89.56,89.02,89.02,89.02,89.02,89.02"
Rec-029_10s_2,4,7,3132,core,324,331,0.0,5.0,0.9883,326,334,332,337,1.0,True,92.9731,100.9592,89.5616,2.915,92.818,"100.96,98.25,97.16,95.53,95.53,94.99,94.99,95.53,94.45,94.45,93.36,93.36,93.36,93.36,92.28,91.73,91.73,91.73,91.19,91.19,91.19,89.56,89.56,89.56,89.56,89.56,89.56,89.56"
Rec-029_10s_2,4,8,3133,core,328,331,0.0,4.0,0.9905,330,334,336,337,1.0,True,94.1361,103.1302,90.6471,3.1761,93.9035,"103.13,100.42,98.25,97.16,96.62,96.62,96.07,97.16,95.53,95.53,94.45,94.45,94.45,94.45,93.36,92.28,92.28,92.28,92.28,92.28,92.28,90.65,90.65,90.65,90.65,90.65,90.65,90.65"
Rec-029_10s_2,4,9,3134,core,333,331,0.0,5.0,0.9892,335,334,341,337,1.0,True,95.0472,103.1302,91.1898,3.1758,94.989,"103.13,100.96,99.33,98.25,98.25,97.70,97.70,97.70,96.62,96.07,95.53,95.53,95.53,95.53,93.36,94.45,93.36,93.36,93.36,93.36,93.36,91.19,91.19,91.19,91.19,91.73,91.19,91.19"
Rec-029_10s_2,4,10,3135,core,337,331,0.0,4.0,0.9906,339,334,345,337,1.0,True,96.0745,105.3012,91.7325,3.5054,95.5318,"105.30,103.13,100.96,99.87,98.79,98.25,98.25,98.79,98.25,97.16,97.16,96.62,96.62,96.07,94.99,94.99,94.45,94.45,94.45,94.45,93.36,92.28,92.28,92.28,91.73,91.73,91.73,91.73"
Rec-029_10s_2,4,11,3136,core,342,331,0.0,5.0,0.9896,344,334,350,337,1.0,True,95.9388,104.2157,91.1898,3.3696,95.5318,"104.22,102.04,100.96,99.87,98.79,98.25,97.70,98.79,98.25,97.70,97.16,96.62,96.07,95.53,95.53,94.99,94.99,94.45,94.45,93.36,93.36,92.28,92.28,92.28,92.28,91.73,91.19,91.19"
Rec-029_10s_2,4,12,3137,core,346,331,0.0,4.0,0.9895,348,334,354,337,1.0,True,94.9696,105.3012,88.4761,4.029,94.7176,"105.30,103.13,100.96,99.33,97.70,96.07,94.99,99.33,98.25,97.16,96.07,95.53,94.45,92.28,95.53,94.99,94.45,93.36,92.28,91.73,90.10,92.28,92.28,91.73,91.19,90.65,89.56,88.48"
Rec-029_10s_2,4,13,3138,core,355,331,0.0,9.0,0.9888,357,334,363,337,0.1429,False,78.319,90.6471,74.9074,3.6346,77.0784,"90.65,83.59,79.79,77.62,77.08,75.99,75.99,85.76,80.88,78.16,77.08,75.99,75.99,75.99,83.59,78.71,77.62,76.54,75.99,75.99,75.45,81.42,78.16,77.08,75.99,75.45,75.45,74.91"
Rec-029_10s_2,5,1,3267,core,291,331,0.0,1.0,0.9848,293,334,299,337,1.0,True,92.3334,99.8737,85.7624,3.6012,92.2753,"99.87,98.79,97.70,96.62,96.62,96.07,96.07,93.36,93.36,93.36,93.36,93.36,93.36,93.36,89.02,89.56,90.10,91.19,91.19,91.19,91.19,85.76,87.39,87.93,88.48,89.02,89.02,89.02"
Rec-029_10s_2,5,2,3268,core,295,331,0.0,4.0,0.9866,297,334,303,337,1.0,True,94.2718,105.3012,89.5616,3.954,93.3608,"105.30,102.04,99.87,98.25,97.70,97.16,96.07,97.70,96.07,95.53,95.53,94.99,94.45,94.45,92.28,92.28,92.28,92.28,92.28,92.28,91.73,89.56,89.56,90.10,90.10,90.10,90.10,89.56"
Rec-029_10s_2,5,3,3269,core,299,331,0.0,4.0,0.9883,301,334,307,337,1.0,True,94.989,106.9294,89.5616,4.1966,94.4463,"106.93,103.67,101.50,98.79,97.70,96.62,95.53,99.33,98.25,96.62,95.53,94.99,94.45,94.45,94.45,94.45,93.36,93.36,92.28,92.28,91.73,91.19,91.19,90.65,90.65,90.10,90.10,89.56"
Rec-029_10s_2,5,4,3270,core,304,331,0.0,5.0,0.9874,306,334,312,337,1.0,True,93.9811,104.2157,89.5616,3.6371,93.3608,"104.22,101.50,99.33,97.70,96.07,95.53,94.45,98.25,96.62,95.53,94.99,94.45,93.36,92.28,93.36,93.36,92.28,92.28,91.73,91.19,91.19,91.19,91.19,90.65,90.10,89.56,89.56,89.56"
Rec-029_10s_2,5,5,3271,core,326,331,0.0,22.0,0.9898,328,334,334,337,1.0,True,93.8647,102.0447,90.6471,2.9261,93.3608,"102.04,99.87,98.25,96.62,96.07,95.53,95.53,96.07,95.53,94.45,94.45,94.45,94.45,94.45,92.28,92.28,92.28,92.28,92.28,92.28,92.28,90.65,90.65,90.65,90.65,90.65,90.65,90.65"
Rec-029_10s_2,5,6,3272,core,331,331,0.0,5.0,0.9907,333,334,339,337,1.0,True,94.6789,102.0447,91.1898,2.8845,94.1749,"102.04,100.42,98.25,97.70,97.16,97.16,97.16,96.62,96.07,95.53,95.53,95.53,94.99,94.99,93.36,93.36,93.36,93.36,93.36,93.36,93.36,91.19,91.19,91.19,91.19,91.19,91.19,91.19"
Rec-029_10s_2,5,7,3273,core,335,331,0.0,4.0,0.99,337,334,343,337,1.0,True,95.7838,104.2157,91.7325,3.1093,94.989,"104.22,102.04,100.42,98.79,98.25,98.25,98.25,98.25,97.16,96.62,96.07,96.07,95.53,95.53,94.45,94.45,94.45,94.45,94.45,94.45,94.45,92.28,92.28,92.28,92.28,92.28,92.28,91.73"
Rec-029_10s_2,5,8,3274,core,340,331,0.0,5.0,0.9908,342,334,348,337,1.0,True,96.2684,103.6729,91.7325,3.1354,95.8031,"103.67,102.04,100.96,99.87,98.79,98.79,98.25,98.79,98.25,97.70,97.16,97.16,96.62,96.07,95.53,95.53,94.99,94.99,94.99,94.45,94.45,93.36,92.28,92.28,92.28,92.28,92.28,91.73"
Rec-029_10s_2,5,9,3275,core,344,331,0.0,4.0,0.9889,346,334,352,337,1.0,True,96.0357,105.3012,90.6471,3.5736,95.5318,"105.30,103.13,101.50,99.87,98.79,98.25,97.16,99.33,98.25,97.70,97.16,96.62,95.53,94.99,95.53,95.53,94.99,94.45,94.45,93.36,92.28,93.36,93.36,92.28,92.28,91.73,91.19,90.65"
Rec-029_10s_2,5,10,3276,core,349,331,0.0,5.0,0.9893,351,334,357,337,1.0,True,91.8295,103.1302,80.8776,5.2562,92.2753,"103.13,100.96,98.25,96.62,94.45,92.28,85.22,98.25,96.62,94.99,94.45,92.28,89.56,83.59,94.45,93.36,92.28,91.73,90.10,87.93,82.51,92.28,91.19,90.65,89.56,87.93,85.76,80.88"
Rec-029_10s_2,5,11,3277,core,356,330,8.13,7.07,0.9885,358,333,364,336,0.0,False,78.2608,90.1043,74.9074,3.4297,76.8071,"90.10,84.68,80.33,78.16,77.08,76.54,75.99,84.68,80.88,78.71,77.08,76.54,75.99,75.45,81.42,78.71,77.62,76.54,75.99,75.99,75.45,80.33,78.16,76.54,75.99,75.99,75.45,74.91"
Rec-029_10s_2,6,1,3399,core,290,331,0.0,0.0,0.9878,292,334,298,337,1.0,True,92.5467,99.331,85.7624,3.8282,92.0039,"98.25,99.33,98.79,97.70,97.16,97.16,97.16,92.28,93.36,93.36,93.36,94.45,94.45,94.45,87.93,89.56,90.10,90.65,91.19,91.73,91.73,85.76,86.85,87.93,88.48,89.02,89.56,89.56"
Rec-029_10s_2,6,2,3400,core,298,331,0.0,8.0,0.9875,300,334,306,337,1.0,True,95.4736,106.3867,90.6471,3.8332,94.7176,"106.39,103.67,100.96,98.79,98.25,97.16,96.07,99.33,98.25,97.16,96.07,95.53,95.53,94.45,94.99,94.45,94.45,93.36,93.36,93.36,92.28,91.73,91.73,91.73,91.19,91.19,91.19,90.65"
Rec-029_10s_2,6,3,3401,core,302,331,0.0,4.0,0.9897,304,334,310,337,1.0,True,95.3573,106.3867,90.6471,3.9139,94.4463,"106.39,103.67,101.50,98.79,97.70,96.62,95.53,99.87,98.25,97.16,95.53,95.53,94.45,94.45,95.53,94.45,94.45,93.36,93.36,92.28,92.28,92.28,91.73,91.19,91.19,91.19,90.65,90.65"
Rec-029_10s_2,6,4,3402,core,307,331,0.0,5.0,0.9881,309,334,315,337,1.0,True,94.233,103.6729,89.5616,3.3781,93.9035,"103.67,101.50,98.79,97.16,96.07,95.53,94.99,98.25,96.62,95.53,94.99,94.45,94.45,93.36,94.45,93.36,93.36,92.28,92.28,91.73,91.19,91.19,91.19,91.19,91.19,90.10,90.10,89.56"
Rec-029_10s_2,6,5,3403,core,311,331,0.0,4.0,0.9904,313,334,319,337,1.0,True,94.078,103.6729,89.5616,3.4785,93.3608,"103.67,102.04,98.79,97.16,96.07,95.53,94.45,98.25,96.62,95.53,94.45,94.45,93.36,93.36,94.45,93.36,92.28,92.28,91.73,91.19,91.19,91.19,91.19,91.19,90.65,90.10,90.10,89.56"
Rec-029_10s_2,6,6,3404,core,316,331,0.0,5.0,0.989,318,334,324,337,1.0,True,93.3414,102.0447,89.5616,3.065,92.2753,"102.04,99.87,97.70,96.07,95.53,94.45,94.45,96.62,95.53,94.45,94.45,93.36,92.28,92.28,93.36,92.28,92.28,91.73,91.19,91.19,91.19,91.19,90.65,90.10,90.10,90.10,89.56,89.56"
Rec-029_10s_2,6,7,3405,core,329,331,0.0,13.0,0.9899,331,334,337,337,1.0,True,94.9502,103.1302,91.1898,3.1445,94.1749,"103.13,101.50,99.33,98.25,97.70,97.16,96.62,97.70,96.62,96.07,95.53,95.53,95.53,94.99,93.36,93.36,93.36,93.36,93.36,93.36,93.36,91.19,91.19,91.73,91.19,91.19,91.73,91.19"
Rec-029_10s_2,6,8,3406,core,338,331,0.0,9.0,0.9895,340,334,346,337,1.0,True,97.1019,105.8439,93.3608,3.2737,96.3459,"105.84,103.13,102.04,100.96,99.87,99.33,99.33,99.33,98.79,98.25,98.25,97.70,97.70,97.16,95.53,95.53,95.53,95.53,95.53,94.99,94.99,93.36,93.36,93.36,93.36,93.36,93.36,93.36"
Rec-029_10s_2,6,9,3407,core,343,331,0.0,5.0,0.9894,345,334,351,337,1.0,True,97.0049,105.3012,91.7325,3.2818,96.3459,"105.30,103.13,102.04,100.96,99.87,99.33,98.25,99.87,98.79,98.25,98.25,97.70,97.16,96.07,96.62,96.07,95.53,95.53,94.99,94.99,93.36,94.45,94.45,94.45,93.36,93.36,92.28,91.73"
Rec-029_10s_2,6,10,3408,core,347,331,0.0,4.0,0.9879,349,334,355,337,1.0,True,95.2022,105.8439,87.9333,4.1445,94.7176,"105.84,103.13,101.50,99.33,97.70,96.07,94.45,99.87,98.79,97.70,96.07,95.53,94.45,91.73,96.07,95.53,94.99,94.45,92.28,91.19,89.56,93.36,93.36,92.28,91.73,91.19,89.56,87.93"
Rec-029_10s_2,6,11,3409,core,356,330,6.34,9.06,0.9838,358,333,364,336,0.0,False,78.1639,89.5616,75.4502,3.3363,76.8071,"89.56,84.13,80.88,78.16,77.08,75.99,75.99,84.68,80.88,78.16,77.08,75.99,75.99,75.45,81.42,78.71,77.62,76.54,75.99,75.99,75.45,79.79,77.62,76.54,75.99,75.99,75.45,75.45"
Rec-030_90s_2,1,1,4767,core,291,331,0.0,1.0,0.9848,293,334,299,337,1.0,True,76.4,89.5616,69.48,5.2353,75.1788,"89.56,87.39,84.68,82.51,80.88,79.79,78.71,80.88,79.79,78.16,77.62,77.08,76.54,75.45,74.91,74.36,73.82,73.82,73.82,72.74,72.19,71.65,71.65,70.57,70.57,70.57,70.02,69.48"
Rec-030_90s_2,1,2,4768,core,296,331,0.0,5.0,0.9828,298,334,304,337,1.0,True,75.4696,89.0188,68.9373,4.9648,74.6361,"89.02,85.76,83.05,80.33,78.71,78.16,77.62,80.88,78.71,77.62,75.99,75.45,74.91,74.36,74.91,73.82,73.82,73.28,72.19,71.65,71.65,71.65,70.57,70.57,70.02,70.02,69.48,68.94"
Rec-030_90s_2,1,3,4769,core,300,331,0.0,4.0,0.9868,302,334,308,337,1.0,True,75.4696,89.5616,68.9373,5.0883,74.6361,"89.56,85.76,83.05,80.88,78.71,78.71,77.62,80.88,78.71,77.62,75.99,75.45,74.91,74.36,74.91,73.82,73.28,72.74,72.19,71.65,71.65,71.65,70.57,70.57,70.02,69.48,69.48,68.94"
Rec-030_90s_2,1,4,4770,core,305,331,0.0,5.0,0.9841,307,334,313,337,1.0,True,75.0238,87.3906,68.9373,4.6153,73.822,"87.39,84.13,81.96,79.79,78.71,78.16,77.62,79.79,77.62,76.54,75.99,75.45,74.91,73.82,73.82,73.82,73.28,72.74,72.19,71.65,71.65,70.57,70.57,70.57,70.02,69.48,69.48,68.94"
Rec-030_90s_2,1,5,4771,core,309,331,0.0,4.0,0.9869,311,334,317,337,1.0,True,75.2757,87.9333,69.48,4.7891,74.3647,"87.93,85.22,83.05,80.33,78.71,78.16,77.62,80.33,78.16,76.54,75.99,75.45,74.91,74.36,74.36,73.82,73.28,72.74,72.19,71.65,71.65,71.65,70.57,70.02,70.02,70.02,69.48,69.48"
Rec-030_90s_2,1,6,4772,core,314,331,0.0,5.0,0.9853,316,334,322,337,1.0,True,75.2176,86.3051,70.0227,4.2052,74.6361,"86.31,83.59,81.42,79.79,78.71,78.16,77.62,78.71,77.62,76.54,75.99,75.99,75.45,75.45,73.82,73.82,73.28,73.28,72.74,72.74,72.19,70.57,70.57,70.57,70.57,70.57,70.02,70.02"
Rec-030_90s_2,1,7,4773,core,318,331,0.0,4.0,0.9881,320,334,326,337,1.0,True,76.3806,87.9333,71.651,4.3271,75.4502,"87.93,85.22,83.05,80.88,79.79,79.79,78.71,80.33,78.71,77.62,77.08,77.08,76.54,75.99,74.91,74.36,73.82,73.82,73.82,73.82,73.82,71.65,71.65,71.65,71.65,71.65,71.65,71.65"
Rec-030_90s_2,1,8,4774,core,323,331,0.0,5.0,0.9863,325,334,331,337,1.0,True,77.0784,86.8478,72.7365,3.846,76.5357,"86.85,84.68,83.05,81.42,80.88,79.79,79.79,80.33,78.71,78.16,77.62,77.62,77.62,77.08,75.99,75.45,74.91,74.91,74.91,74.91,74.36,72.74,72.74,72.74,72.74,72.74,72.74,72.74"
Rec-030_90s_2,1,9,4775,core,327,331,0.0,4.0,0.9882,329,334,335,337,1.0,True,78.4547,89.0188,73.822,4.1142,77.8925,"89.02,86.31,84.13,83.05,82.51,81.96,81.96,81.96,80.88,79.79,78.71,78.71,78.71,78.71,77.08,76.54,75.99,75.99,75.99,75.99,75.99,73.82,73.82,73.82,73.82,73.82,73.82,73.82"
Rec-030_90s_2,1,10,4776,core,332,331,0.0,5.0,0.9881,334,334,340,337,1.0,True,79.2494,88.4761,74.3647,3.8515,78.7067,"88.48,86.31,84.68,84.13,83.05,83.05,83.05,81.96,80.88,80.33,79.79,79.79,79.79,79.79,77.62,77.62,77.62,77.08,77.08,77.08,76.54,74.91,74.91,74.91,74.91,74.91,74.36,74.36"
Rec-030_90s_2,1,11,4777,core,336,331,0.0,4.0,0.989,338,334,344,337,1.0,True,80.2574,90.1043,75.4502,4.006,79.5208,"90.10,87.93,86.31,85.22,84.13,84.13,83.59,83.05,82.51,81.42,80.88,80.88,80.33,80.33,78.71,78.16,78.16,77.62,77.62,77.62,77.62,75.99,75.99,75.99,75.45,75.99,75.99,75.45"
Rec-030_90s_2,1,12,4778,core,341,331,0.0,5.0,0.9886,343,334,349,337,1.0,True,80.3931,89.5616,75.4502,3.9335,79.7922,"89.56,87.93,86.31,85.22,84.68,84.13,83.59,83.05,82.51,81.42,81.42,80.88,80.88,80.88,78.71,78.71,78.71,78.16,77.62,77.62,77.62,75.99,75.99,75.99,75.99,75.99,75.99,75.45"
Rec-030_90s_2,1,13,4779,core,345,331,0.0,4.0,0.9869,347,334,353,337,1.0,True,80.8389,91.1898,75.4502,4.1586,80.0635,"91.19,89.02,87.39,85.76,84.68,84.13,83.59,84.13,83.05,82.51,81.96,80.88,80.88,80.33,79.79,79.79,78.71,78.71,78.16,77.62,77.62,77.08,76.54,76.54,75.99,75.99,75.99,75.45"
Rec-030_90s_2,1,14,4780,core,350,331,0.0,5.0,0.9844,352,334,358,337,0.7143,False,79.2688,90.1043,74.9074,4.0757,77.8925,"90.10,87.93,85.76,84.13,81.96,78.16,76.54,84.13,83.05,81.96,80.88,78.71,77.08,75.99,79.79,78.71,78.71,77.62,77.08,75.99,75.45,76.54,76.54,75.99,75.99,74.91,74.91,74.91"
Rec-030_90s_2,1,15,4781,core,354,331,0.0,4.0,0.9854,356,334,362,337,0.1429,False,77.156,87.9333,74.3647,2.9073,75.9929,"87.93,83.05,79.79,77.62,76.54,75.99,75.45,81.96,78.71,77.62,76.54,75.99,75.99,75.45,78.71,77.62,76.54,75.99,75.45,74.91,74.91,75.99,75.99,75.99,75.45,74.91,74.91,74.36"
Rec-030_90s_2,1,16,4782,core,355,330,45.0,1.41,0.9882,357,333,363,336,0.0,False,78.2415,92.2753,74.9074,4.0426,76.5357,"92.28,86.85,82.51,78.71,77.62,76.54,75.99,85.22,81.42,78.71,77.08,76.54,75.99,75.45,80.88,78.71,77.08,75.99,75.99,75.45,74.91,77.62,76.54,75.99,75.45,75.45,74.91,74.91"
Rec-030_90s_2,2,1,4911,core,290,331,0.0,0.0,0.9878,292,334,298,337,1.0,True,83.068,92.2753,76.5357,5.111,82.2345,"92.28,92.28,91.19,90.10,89.56,89.02,88.48,85.22,85.22,84.68,84.68,84.68,84.13,84.13,79.79,80.33,80.33,80.33,80.33,80.33,80.33,76.54,76.54,77.08,77.08,77.08,77.08,77.08"
Rec-030_90s_2,2,2,4912,core,295,331,0.0,5.0,0.9861,297,334,303,337,1.0,True,84.1729,98.7882,76.5357,5.5953,83.32,"98.79,95.53,92.28,90.10,88.48,87.93,86.85,89.56,87.93,86.31,85.76,84.13,84.13,83.59,83.05,83.05,81.96,81.42,80.88,80.33,79.79,78.71,78.71,78.16,77.62,77.62,77.62,76.54"
Rec-030_90s_2,2,3,4913,core,300,331,0.0,5.0,0.9833,302,334,308,337,1.0,True,82.8936,95.5318,76.5357,4.8324,82.5059,"95.53,92.28,89.56,87.93,86.85,86.31,85.76,87.93,85.76,84.68,83.59,83.59,83.05,83.05,81.96,81.42,80.88,80.33,79.79,79.79,79.79,78.16,77.62,77.62,77.62,77.08,76.54,76.54"
Rec-030_90s_2,2,4,4914,core,304,331,0.0,4.0,0.9862,306,334,312,337,1.0,True,83.3006,96.0745,77.0784,5.0196,82.7773,"96.07,93.36,90.65,89.02,87.93,86.85,85.76,87.93,86.31,85.22,84.13,84.13,83.05,83.05,82.51,81.42,80.88,80.88,80.33,80.33,79.79,78.16,77.62,77.62,77.62,77.62,77.08,77.08"
Rec-030_90s_2,2,5,4915,core,309,331,0.0,5.0,0.9837,311,334,317,337,1.0,True,82.7772,94.4463,76.5357,4.5095,82.2345,"94.45,91.19,89.02,87.93,86.85,85.76,85.76,87.39,85.76,84.13,83.59,83.05,83.05,82.51,81.96,81.42,80.88,80.33,80.33,79.79,79.79,78.16,78.16,77.62,77.62,77.62,77.08,76.54"
Rec-030_90s_2,2,6,4916,core,313,331,0.0,4.0,0.987,315,334,321,337,1.0,True,83.2618,95.5318,77.6212,4.6538,82.7773,"95.53,92.28,90.10,87.93,87.39,86.31,85.76,87.93,86.31,84.68,84.13,83.59,83.59,83.05,82.51,81.96,80.88,80.88,80.33,80.33,80.33,78.71,78.16,78.16,77.62,77.62,77.62,77.62"
Rec-030_90s_2,2,7,4917,core,318,331,0.0,5.0,0.9861,320,334,326,337,1.0,True,82.9323,93.3608,77.6212,4.2025,82.5059,"93.36,90.65,89.02,87.93,86.85,86.31,85.76,86.85,85.22,84.13,84.13,83.59,83.05,83.05,81.96,81.42,80.88,80.88,80.88,80.33,80.33,78.71,78.16,78.16,77.62,77.62,77.62,77.62"
Rec-030_90s_2,2,8,4918,core,327,331,0.0,9.0,0.9868,329,334,335,337,1.0,True,84.8707,94.4463,79.7922,4.1795,84.4055,"94.45,92.28,90.65,89.56,89.56,89.56,89.02,87.93,86.31,85.76,85.76,85.76,85.76,85.76,83.05,83.05,83.05,83.05,82.51,82.51,82.51,79.79,79.79,79.79,79.79,79.79,79.79,79.79"
Rec-030_90s_2,2,9,4919,core,336,331,0.0,9.0,0.9886,338,334,344,337,1.0,True,85.995,95.5318,80.8776,4.1675,85.491,"95.53,93.36,91.73,91.19,90.65,90.10,89.56,89.02,87.93,87.93,87.39,86.85,86.31,86.31,84.68,84.13,84.13,84.13,83.59,83.59,83.05,81.42,80.88,80.88,80.88,80.88,80.88,80.88"
Rec-030_90s_2,2,10,4920,core,340,331,0.0,4.0,0.9886,342,334,348,337,1.0,True,86.8285,97.16,80.8776,4.4744,86.0337,"97.16,95.53,93.36,92.28,91.19,91.19,90.65,90.10,89.02,88.48,87.93,87.93,87.39,86.85,85.22,84.68,84.13,84.13,84.13,84.13,84.13,81.96,81.96,81.96,81.96,81.42,81.42,80.88"
Rec-030_90s_2,2,11,4921,core,345,331,0.0,5.0,0.9864,347,334,353,337,1.0,True,86.4602,96.0745,80.3349,4.105,85.7624,"96.07,94.45,92.28,91.19,90.65,90.10,89.56,89.56,89.02,87.93,87.93,87.39,86.31,85.76,85.76,85.22,84.68,84.13,84.13,83.59,83.05,82.51,82.51,82.51,81.96,81.42,80.88,80.33"
Rec-030_90s_2,2,12,4922,core,349,331,0.0,4.0,0.9855,351,334,357,337,0.8571,False,84.5412,97.16,75.9929,5.1584,83.8627,"97.16,94.45,92.28,90.10,89.02,85.76,79.79,90.10,89.02,87.93,86.31,85.22,83.05,78.71,85.76,84.68,84.13,83.59,82.51,79.79,77.62,82.51,81.42,81.42,80.88,79.79,78.16,75.99"
Rec-030_90s_2,2,13,4923,core,354,331,0.0,5.0,0.9842,356,334,362,337,0.1429,False,77.7181,90.6471,74.3647,3.5945,75.9929,"90.65,83.05,79.79,77.62,75.99,75.99,75.45,85.22,80.33,77.62,76.54,75.99,75.45,74.91,81.42,78.71,77.08,75.99,75.45,74.91,74.91,78.71,77.62,75.99,75.99,75.45,74.91,74.36"
Rec-030_90s_2,2,14,4924,core,355,330,45.0,1.41,0.9866,357,333,363,336,0.0,False,78.7067,94.4463,74.9074,4.5014,77.0784,"94.45,87.93,83.05,78.71,77.62,76.54,75.99,86.85,82.51,78.71,77.62,76.54,75.99,75.45,81.96,78.71,77.62,76.54,75.99,75.45,75.45,78.71,77.62,76.54,75.99,75.45,74.91,74.91"
Rec-030_90s_2,3,1,5050,core,290,331,0.0,0.0,0.987,292,334,298,337,1.0,True,86.5571,95.5318,79.7922,4.7348,86.0337,"95.53,95.53,94.45,92.28,91.73,91.73,91.19,88.48,88.48,87.93,87.93,88.48,87.93,87.93,83.59,84.13,84.13,84.13,84.13,84.13,84.13,79.79,80.33,80.88,81.42,81.42,80.88,80.88"
Rec-030_90s_2,3,2,5051,core,292,331,0.0,2.0,0.9848,294,334,300,337,1.0,True,88.0109,100.9592,81.4204,5.1972,86.8478,"100.96,98.25,96.07,94.45,92.28,91.73,91.19,91.73,91.19,90.10,89.56,89.02,88.48,87.93,85.76,85.76,85.76,85.22,85.22,84.68,84.68,81.96,81.96,82.51,82.51,81.96,81.96,81.42"
Rec-030_90s_2,3,3,5052,core,297,331,0.0,5.0,0.9863,299,334,305,337,1.0,True,87.8946,101.502,80.8776,5.0726,87.1192,"101.50,98.25,95.53,93.36,91.19,90.65,90.10,92.28,91.19,90.10,89.56,88.48,87.93,87.39,86.85,86.31,85.76,85.22,85.22,84.68,84.13,83.05,83.05,82.51,82.51,81.96,81.42,80.88"
Rec-030_90s_2,3,4,5053,core,301,331,0.0,4.0,0.9866,303,334,309,337,1.0,True,87.9139,102.0447,81.4204,5.1601,87.3906,"102.04,98.25,95.53,93.36,91.19,90.65,90.10,93.36,91.19,90.10,89.02,87.93,87.93,87.39,87.39,86.31,85.76,85.22,84.68,84.68,84.13,83.05,83.05,82.51,81.96,81.96,81.42,81.42"
Rec-030_90s_2,3,5,5054,core,306,331,0.0,5.0,0.9871,308,334,314,337,1.0,True,87.3518,99.331,81.4204,4.6029,86.5765,"99.33,96.62,94.45,91.73,91.19,90.10,89.56,92.28,90.10,89.56,87.93,87.93,87.39,86.85,86.31,85.76,85.22,85.22,84.68,84.13,84.13,83.05,83.05,82.51,81.96,81.96,81.42,81.42"
Rec-030_90s_2,3,6,5055,core,310,331,0.0,4.0,0.987,312,334,318,337,1.0,True,87.41,100.4165,80.8776,4.7857,86.8478,"100.42,97.16,94.45,92.28,90.65,90.10,89.56,92.28,90.65,89.56,87.93,87.93,87.39,86.85,86.85,85.76,85.22,84.68,84.13,84.13,84.13,83.05,83.05,82.51,82.51,81.96,81.42,80.88"
Rec-030_90s_2,3,7,5056,core,315,331,0.0,5.0,0.9884,317,334,323,337,1.0,True,87.158,98.2455,81.4204,4.2251,86.5765,"98.25,95.53,93.36,91.19,90.65,89.56,89.56,91.19,90.10,89.02,87.93,87.93,87.39,86.85,86.31,85.76,85.22,85.22,84.68,84.13,84.13,83.05,83.05,82.51,82.51,81.96,81.96,81.42"
Rec-030_90s_2,3,8,5057,core,324,331,0.0,9.0,0.9893,326,334,332,337,1.0,True,87.8558,97.7027,83.0486,4.0139,87.3906,"97.70,95.53,93.36,92.28,91.19,91.19,91.19,91.19,90.10,89.56,89.02,88.48,88.48,88.48,86.31,85.76,85.76,85.76,85.76,85.76,85.76,83.05,83.05,83.05,83.05,83.05,83.05,83.05"
Rec-030_90s_2,3,9,5058,core,328,331,0.0,4.0,0.9869,330,334,336,337,1.0,True,88.8056,99.331,83.5914,4.1036,88.2047,"99.33,96.62,94.99,93.36,92.28,92.28,91.73,91.73,91.19,90.10,89.56,89.56,89.56,89.02,87.39,86.85,86.85,86.85,86.31,86.31,86.31,84.13,84.13,84.13,84.13,84.13,84.13,83.59"
Rec-030_90s_2,3,10,5059,core,337,331,0.0,9.0,0.9869,339,334,345,337,1.0,True,89.9298,100.4165,84.6769,4.254,89.2902,"100.42,98.25,95.53,94.45,94.45,93.36,93.36,93.36,92.28,91.19,91.19,90.65,90.65,90.10,88.48,87.93,87.93,87.93,87.39,87.39,87.39,85.22,85.22,85.22,84.68,84.68,84.68,84.68"
Rec-030_90s_2,3,11,5060,core,346,331,0.0,9.0,0.9857,348,334,354,337,1.0,True,89.9492,101.502,83.0486,4.6004,89.5616,"101.50,98.79,96.62,95.53,94.45,92.28,91.19,94.45,93.36,92.28,91.19,90.65,89.56,87.93,89.56,89.56,88.48,87.93,87.39,86.31,85.76,85.76,85.76,85.76,85.22,84.68,83.59,83.05"
Rec-030_90s_2,3,12,5061,core,351,331,0.0,5.0,0.9875,353,334,359,337,0.5714,False,83.3394,98.2455,74.9074,6.2752,82.7773,"98.25,94.99,92.28,87.93,81.42,78.16,76.54,91.73,90.10,88.48,85.22,79.79,77.62,75.99,87.93,86.85,85.22,82.51,78.71,77.08,75.99,84.68,84.13,83.05,80.33,77.62,75.99,74.91"
Rec-030_90s_2,3,13,5062,core,355,331,0.0,4.0,0.9874,357,334,363,337,0.0,False,77.2916,87.3906,74.3647,2.8987,76.2643,"87.39,82.51,78.71,77.62,76.54,75.99,74.91,83.05,79.79,77.62,76.54,75.99,75.45,74.91,79.79,77.62,76.54,75.99,75.45,74.91,74.91,78.16,77.08,75.99,75.99,75.45,74.91,74.36"
Rec-030_90s_2,4,1,5185,core,290,331,0.0,0.0,0.9857,292,334,298,337,1.0,True,88.5148,97.7027,81.9631,4.3539,88.2047,"97.70,97.16,95.53,93.36,93.36,93.36,92.28,90.10,90.10,89.56,89.56,89.56,89.56,89.56,85.22,85.76,86.31,86.31,86.85,86.85,86.85,81.96,82.51,83.05,83.59,84.13,84.13,84.13"
Rec-030_90s_2,4,2,5186,core,294,331,0.0,4.0,0.9857,296,334,302,337,1.0,True,90.3563,103.1302,84.1341,4.9329,89.5616,"103.13,100.42,98.25,95.53,94.45,93.36,92.28,94.45,93.36,92.28,91.19,91.19,90.65,90.10,89.02,88.48,88.48,87.93,87.93,87.93,87.39,84.68,84.68,84.68,84.68,84.68,84.68,84.13"
Rec-030_90s_2,4,3,5187,core,299,331,0.0,5.0,0.9865,301,334,307,337,1.0,True,89.9686,102.0447,84.1341,4.5632,89.5616,"102.04,99.33,96.62,94.45,93.36,92.28,91.19,94.99,93.36,91.73,91.19,90.10,89.56,89.56,89.56,89.02,88.48,87.93,87.39,86.85,86.31,85.76,85.76,85.22,84.68,84.13,84.13,84.13"
Rec-030_90s_2,4,4,5188,core,303,331,0.0,4.0,0.9877,305,334,311,337,1.0,True,89.6585,102.0447,83.5914,4.5642,89.2902,"102.04,98.79,96.07,94.45,92.28,91.73,91.19,94.99,93.36,91.19,90.65,89.56,89.56,89.02,89.56,88.48,87.93,87.93,87.39,86.31,86.31,85.76,85.22,84.68,84.13,84.13,84.13,83.59"
Rec-030_90s_2,4,5,5189,core,308,331,0.0,5.0,0.9876,310,334,316,337,1.0,True,88.9219,100.4165,83.0486,4.1003,88.7475,"100.42,97.16,94.45,92.28,91.73,91.19,90.10,93.36,91.73,90.65,89.56,89.56,89.02,88.48,89.02,87.93,87.93,86.85,86.31,86.31,85.76,85.22,84.68,84.68,84.13,84.13,84.13,83.05"
Rec-030_90s_2,4,6,5190,core,312,331,0.0,4.0,0.9887,314,334,320,337,1.0,True,88.8444,100.4165,83.5914,4.1967,88.4761,"100.42,97.70,94.99,92.28,91.73,90.65,90.10,93.36,91.73,90.65,89.56,89.56,88.48,88.48,88.48,87.93,87.39,86.85,86.31,85.76,85.76,85.22,84.68,84.13,84.13,84.13,83.59,83.59"
Rec-030_90s_2,4,7,5191,core,335,331,0.0,23.0,0.99,337,334,343,337,1.0,True,92.159,100.4165,87.9333,3.5601,91.4612,"100.42,98.79,97.16,96.07,95.53,95.53,95.53,94.99,94.45,93.36,93.36,93.36,92.28,92.28,90.65,90.65,90.10,90.10,90.10,90.10,90.10,87.93,87.93,87.93,87.93,87.93,87.93,87.93"
Rec-030_90s_2,4,8,5192,core,339,331,0.0,4.0,0.9885,341,334,347,337,1.0,True,93.1088,103.1302,87.9333,4.0316,92.5467,"103.13,100.96,98.79,97.70,96.62,96.07,96.07,96.07,95.53,94.45,94.45,94.45,93.36,93.36,91.73,91.19,91.19,91.19,91.19,90.65,90.65,88.48,88.48,88.48,88.48,88.48,87.93,87.93"
Rec-030_90s_2,4,9,5193,core,344,331,0.0,5.0,0.9896,346,334,352,337,1.0,True,92.7793,102.0447,86.3051,3.9537,92.0039,"102.04,100.42,98.25,97.70,96.62,95.53,94.99,96.07,95.53,94.99,94.45,93.36,92.28,91.73,92.28,91.73,91.19,91.19,90.65,90.10,89.56,89.56,89.02,88.48,88.48,87.93,87.39,86.31"
Rec-030_90s_2,4,10,5194,core,348,331,0.0,4.0,0.9868,350,334,356,337,1.0,True,90.5695,103.1302,81.4204,4.9653,89.8329,"103.13,99.87,97.70,95.53,94.45,91.73,88.48,96.07,94.99,93.36,92.28,91.19,89.56,85.76,91.73,91.19,90.10,89.56,87.93,86.31,83.59,88.48,87.93,87.39,86.31,85.76,84.13,81.42"
Rec-030_90s_2,4,11,5195,core,353,331,0.0,5.0,0.9878,355,334,361,337,0.2857,False,80.7226,98.2455,74.9074,6.1024,78.1639,"98.25,92.28,84.13,79.79,77.62,75.99,75.99,92.28,87.93,81.96,78.71,77.08,75.99,75.45,87.93,84.68,79.79,77.62,75.99,75.45,75.45,85.22,82.51,78.71,77.08,75.99,75.45,74.91"
Rec-030_90s_2,4,12,5196,core,355,331,0.0,2.0,0.9856,357,334,363,337,0.0,False,77.7569,89.0188,74.9074,3.252,76.5357,"89.02,83.59,79.79,77.62,76.54,75.99,75.45,84.13,79.79,77.62,76.54,75.99,75.99,75.45,80.88,78.71,77.08,75.99,75.45,75.45,74.91,79.79,77.62,76.54,75.99,75.45,74.91,74.91"
Rec-030_90s_2,5,1,5332,core,290,331,0.0,0.0,0.9875,292,334,298,337,1.0,True,89.8136,97.7027,83.0486,4.0963,89.5616,"97.16,97.70,96.07,94.99,94.45,94.45,94.45,90.65,91.19,91.19,90.65,91.19,91.19,91.19,85.76,86.85,87.93,87.93,88.48,88.48,88.48,83.05,84.13,84.68,85.22,85.76,85.76,85.76"
Rec-030_90s_2,5,2,5333,core,293,331,0.0,3.0,0.9827,295,334,301,337,1.0,True,91.3449,102.0447,85.7624,4.2137,90.3757,"102.04,99.33,97.70,96.07,95.53,94.45,94.45,94.45,93.36,92.28,92.28,92.28,91.73,91.19,89.56,89.56,89.56,89.56,89.56,89.56,89.02,85.76,86.31,86.31,86.31,86.85,86.31,86.31"
Rec-030_90s_2,5,3,5334,core,297,331,0.0,4.0,0.9874,299,334,305,337,1.0,True,92.5273,105.3012,86.8478,4.5836,91.4612,"105.30,102.04,99.33,97.70,95.53,94.99,94.45,96.62,95.53,94.45,93.36,92.28,92.28,91.73,91.19,91.19,90.65,90.10,90.10,89.56,89.56,87.93,87.93,87.93,87.93,87.39,86.85,86.85"
Rec-030_90s_2,5,4,5335,core,306,331,0.0,9.0,0.9887,308,334,314,337,1.0,True,91.5581,103.6729,85.7624,4.3397,91.1898,"103.67,100.96,98.25,95.53,94.45,93.36,92.28,96.07,94.45,93.36,92.28,91.19,91.19,90.10,91.19,91.19,90.10,89.56,89.02,88.48,87.93,87.93,87.93,87.39,86.85,86.85,86.31,85.76"
Rec-030_90s_2,5,5,5336,core,311,331,0.0,5.0,0.987,313,334,319,337,1.0,True,90.1625,100.4165,85.2196,3.6562,89.5616,"100.42,97.70,95.53,93.36,92.28,91.73,91.19,94.45,92.28,91.73,91.19,90.10,89.56,89.56,90.10,89.56,89.02,88.48,87.93,87.93,87.39,87.39,86.85,86.31,85.76,85.76,85.76,85.22"
Rec-030_90s_2,5,6,5337,core,320,331,0.0,9.0,0.9888,322,334,328,337,1.0,True,90.1043,99.331,85.7624,3.352,89.5616,"99.33,96.62,94.99,93.36,92.28,92.28,91.73,93.36,92.28,91.19,90.65,90.65,90.10,89.56,89.56,89.56,89.02,88.48,88.48,87.93,87.93,86.85,86.85,86.31,86.31,85.76,85.76,85.76"
Rec-030_90s_2,5,7,5338,core,329,331,0.0,9.0,0.989,331,334,337,337,1.0,True,91.5193,99.8737,87.9333,3.1291,91.1898,"99.87,97.16,95.53,94.99,94.45,94.45,93.36,94.45,93.36,92.28,92.28,92.28,91.73,91.73,90.65,90.10,90.10,89.56,89.56,89.56,89.56,87.93,87.93,87.93,87.93,87.93,87.93,87.93"
Rec-030_90s_2,5,8,5339,core,338,331,0.0,9.0,0.9893,340,334,346,337,1.0,True,93.1088,100.9592,89.5616,3.1396,92.5467,"100.96,98.79,97.70,96.62,96.07,96.07,95.53,95.53,94.99,94.45,94.45,93.36,93.36,93.36,91.73,91.19,91.19,91.19,91.19,91.19,91.19,89.56,89.56,89.56,89.56,89.56,89.56,89.56"
Rec-030_90s_2,5,9,5340,core,342,331,0.0,4.0,0.9901,344,334,350,337,1.0,True,94.0974,103.1302,89.5616,3.6066,93.9035,"103.13,100.96,99.33,98.25,97.70,96.62,96.07,97.16,96.07,95.53,94.99,94.99,94.45,94.45,93.36,92.28,92.28,92.28,92.28,91.73,91.73,90.10,90.10,90.10,90.10,89.56,89.56,89.56"
Rec-030_90s_2,5,10,5341,core,351,331,0.0,9.0,0.9884,353,334,359,337,0.5714,False,85.646,101.502,75.9929,7.3024,86.0337,"101.50,98.25,95.53,91.19,83.05,78.71,77.08,95.53,93.36,91.19,87.93,81.96,78.16,76.54,91.19,90.10,88.48,85.76,80.33,77.62,75.99,89.02,87.93,86.31,83.59,78.71,77.08,75.99"
Rec-030_90s_2,5,11,5342,core,355,331,0.0,4.0,0.9886,357,334,363,337,0.0,False,77.7375,89.0188,74.9074,3.2186,76.5357,"89.02,83.05,79.79,77.62,76.54,75.99,75.45,84.13,79.79,77.62,76.54,75.99,75.45,75.45,80.88,78.71,77.08,75.99,75.99,75.45,74.91,79.79,77.62,76.54,75.99,75.45,74.91,74.91"
Rec-030_90s_2,6,1,5465,core,291,331,0.0,1.0,0.9865,293,334,299,337,1.0,True,92.0815,102.0447,85.7624,4.357,91.1898,"102.04,100.96,98.79,97.16,96.07,96.07,95.53,94.45,94.45,93.36,93.36,93.36,93.36,92.28,88.48,89.02,89.56,89.56,90.10,90.10,90.10,85.76,86.31,86.85,87.39,87.93,87.93,87.93"
Rec-030_90s_2,6,2,5466,core,295,331,0.0,4.0,0.9838,297,334,303,337,1.0,True,93.9811,107.4722,88.4761,4.9483,92.818,"107.47,105.30,102.04,98.79,97.70,96.07,95.53,98.25,97.16,95.53,94.99,94.45,93.36,93.36,92.28,91.73,91.19,91.19,91.19,91.19,90.65,89.02,89.02,89.02,89.02,89.02,88.48,88.48"
Rec-030_90s_2,6,3,5467,core,300,331,0.0,5.0,0.9884,302,334,308,337,1.0,True,93.4383,105.8439,87.9333,4.4561,92.2753,"105.84,103.13,99.87,97.70,96.07,95.53,94.45,98.25,96.62,95.53,94.45,93.36,92.28,92.28,93.36,92.28,91.73,91.19,91.19,90.10,89.56,89.56,89.56,89.02,89.02,88.48,87.93,87.93"
Rec-030_90s_2,6,4,5468,core,304,331,0.0,4.0,0.9857,306,334,312,337,1.0,True,93.322,106.9294,87.9333,4.6234,92.2753,"106.93,103.13,100.42,97.70,95.53,94.45,94.45,98.25,96.62,95.53,94.45,93.36,92.28,91.73,92.28,92.28,91.19,91.19,90.65,90.10,89.56,89.56,89.56,89.02,89.02,87.93,87.93,87.93"
Rec-030_90s_2,6,5,5469,core,313,331,0.0,9.0,0.9868,315,334,321,337,1.0,True,91.9458,103.6729,86.8478,4.0624,91.1898,"103.67,100.96,98.25,95.53,94.45,93.36,92.28,96.07,94.99,93.36,92.28,91.73,91.19,91.19,91.73,91.19,90.10,89.56,89.56,89.56,89.02,88.48,87.93,87.93,87.93,87.93,87.39,86.85"
Rec-030_90s_2,6,6,5470,core,318,331,0.0,5.0,0.9907,320,334,326,337,1.0,True,91.4999,102.0447,86.8478,3.6594,90.9184,"102.04,98.79,96.62,94.99,94.45,93.36,92.28,95.53,94.45,92.28,92.28,91.19,91.19,90.65,91.19,90.65,90.10,89.56,89.56,89.02,88.48,88.48,87.93,87.93,87.39,87.39,87.39,86.85"
Rec-030_90s_2,6,7,5471,core,323,331,0.0,5.0,0.9879,325,334,331,337,1.0,True,90.9378,99.8737,87.3906,3.1228,90.3757,"99.87,97.16,95.53,94.45,93.36,92.28,92.28,94.45,92.28,91.73,91.19,91.19,90.65,90.65,90.10,89.56,89.56,89.56,89.56,89.02,89.02,87.93,87.93,87.39,87.39,87.39,87.39,87.39"
Rec-030_90s_2,6,8,5472,core,327,331,0.0,4.0,0.9909,329,334,335,337,1.0,True,91.6744,100.9592,87.9333,3.4029,91.4612,"100.96,98.25,96.07,95.53,94.45,94.45,94.45,94.99,93.36,92.28,92.28,91.73,91.73,91.73,91.19,90.10,89.56,89.56,89.56,89.56,89.56,87.93,87.93,87.93,87.93,87.93,87.93,87.93"
Rec-030_90s_2,6,9,5473,core,332,331,0.0,5.0,0.9891,334,334,340,337,1.0,True,92.7405,100.4165,89.0188,3.0174,92.2753,"100.42,98.25,96.62,96.07,95.53,95.53,95.53,94.99,94.45,93.36,93.36,93.36,93.36,93.36,91.19,91.19,91.19,91.19,91.19,91.19,91.19,89.02,89.02,89.02,89.02,89.56,89.56,89.02"
Rec-030_90s_2,6,10,5474,core,336,331,0.0,4.0,0.9908,338,334,344,337,1.0,True,93.7097,103.1302,89.5616,3.5596,93.3608,"103.13,100.42,98.79,97.70,96.62,96.62,96.07,96.07,95.53,94.99,94.45,94.45,94.45,94.45,92.28,92.28,91.73,91.73,91.73,91.73,91.73,89.56,89.56,89.56,89.56,89.56,89.56,89.56"
Rec-030_90s_2,6,11,5475,core,341,331,0.0,5.0,0.9897,343,334,349,337,1.0,True,94.4075,102.0447,90.1043,3.2884,93.9035,"102.04,100.96,99.33,98.25,98.25,97.16,96.62,96.62,96.07,95.53,95.53,94.99,94.99,94.45,93.36,93.36,92.28,92.28,92.28,92.28,92.28,91.19,90.65,90.65,90.65,90.65,90.65,90.10"
Rec-030_90s_2,6,12,5476,core,345,331,0.0,4.0,0.9902,347,334,353,337,1.0,True,94.2137,104.2157,87.9333,3.8526,93.3608,"104.22,102.04,99.87,98.25,97.16,96.07,94.99,98.25,97.16,96.07,95.53,94.45,93.36,92.28,94.45,93.36,93.36,92.28,92.28,91.19,90.10,91.19,91.19,91.19,90.65,90.10,89.02,87.93"
Rec-030_90s_2,6,13,5477,core,350,331,0.0,5.0,0.9881,352,334,358,337,0.7143,False,87.8752,101.502,76.5357,6.6715,88.7475,"101.50,98.79,95.53,94.45,90.10,83.05,78.71,96.07,94.45,92.28,91.19,87.93,81.42,77.62,92.28,91.19,90.10,88.48,85.76,80.33,77.62,89.56,89.02,87.93,86.31,83.59,78.71,76.54"
Rec-030_90s_2,6,14,5478,core,355,330,11.31,5.1,0.9914,357,333,363,336,0.0,False,79.3076,96.6172,74.9074,5.0942,77.3498,"96.62,87.93,83.05,79.79,77.62,76.54,75.99,89.56,83.05,79.79,77.62,76.54,75.99,75.45,84.68,80.33,78.16,76.54,75.99,75.45,74.91,81.96,78.71,77.08,75.99,75.45,74.91,74.91"
Rec-031_30s_3,1,1,3297,core,290,331,0.0,0.0,0.9852,292,334,298,337,1.0,True,80.0441,91.1898,74.9074,4.5002,78.978,"91.19,89.56,87.93,85.22,84.13,83.05,83.05,83.59,82.51,80.88,80.88,80.33,79.79,79.79,78.16,77.62,77.62,77.62,77.62,77.08,77.08,75.45,75.45,75.45,75.45,74.91,74.91,74.91"
Rec-031_30s_3,1,2,3298,core,294,331,0.0,4.0,0.9844,296,334,302,337,1.0,True,80.6644,94.989,74.3647,5.0214,79.7922,"94.99,91.19,88.48,85.76,84.13,83.05,82.51,85.76,84.13,82.51,80.88,80.33,79.79,79.79,79.79,78.71,78.16,77.62,77.62,77.62,77.08,75.99,75.99,75.99,75.99,75.45,74.91,74.36"
Rec-031_30s_3,1,3,3299,core,299,331,0.0,5.0,0.9872,301,334,307,337,1.0,True,79.5789,92.2753,73.822,4.467,78.7067,"92.28,89.02,86.31,84.13,82.51,81.42,80.88,84.13,83.05,80.88,80.33,79.79,78.71,78.16,78.71,78.71,77.62,77.62,76.54,75.99,75.99,75.99,75.99,75.45,74.91,74.91,74.36,73.82"
Rec-031_30s_3,1,4,3300,core,303,331,0.0,4.0,0.9859,305,334,311,337,1.0,True,79.734,93.3608,74.3647,4.6493,78.7067,"93.36,89.56,86.85,84.13,83.05,81.96,80.88,84.68,83.05,80.88,79.79,79.79,78.71,78.71,78.71,78.16,77.62,77.08,77.08,76.54,75.99,75.99,75.99,75.45,74.91,74.91,74.36,74.36"
Rec-031_30s_3,1,5,3301,core,308,331,0.0,5.0,0.9881,310,334,316,337,1.0,True,79.1525,90.6471,73.822,4.0746,78.4353,"90.65,87.93,85.22,83.05,81.96,80.88,80.88,83.05,81.96,80.88,79.79,78.71,78.71,78.16,78.71,77.62,77.62,77.08,76.54,76.54,75.99,75.99,75.45,74.91,74.91,74.91,74.36,73.82"
Rec-031_30s_3,1,6,3302,core,312,331,0.0,4.0,0.9864,314,334,320,337,1.0,True,79.7146,91.1898,74.9074,4.1682,78.7067,"91.19,89.02,85.76,84.13,83.05,81.96,80.88,84.13,82.51,80.88,80.33,79.79,78.71,78.71,78.71,78.16,77.62,77.62,77.08,76.54,76.54,75.99,75.99,75.99,75.45,75.45,74.91,74.91"
Rec-031_30s_3,1,7,3303,core,317,331,0.0,5.0,0.9891,319,334,325,337,1.0,True,79.9666,90.1043,75.9929,3.6869,79.2494,"90.10,87.93,85.22,84.13,83.05,82.51,81.96,83.05,81.96,80.88,80.33,79.79,79.79,79.79,78.71,78.71,78.16,77.62,77.62,77.62,77.62,76.54,75.99,75.99,75.99,75.99,75.99,75.99"
Rec-031_30s_3,1,8,3304,core,321,331,0.0,4.0,0.986,323,334,329,337,1.0,True,81.0909,91.7325,77.0784,3.8469,80.3349,"91.73,89.56,86.85,85.22,84.13,83.59,83.05,84.13,83.05,82.51,81.42,80.88,80.88,80.88,79.79,79.79,78.71,78.71,78.71,78.71,78.71,77.08,77.08,77.08,77.08,77.08,77.08,77.08"
Rec-031_30s_3,1,9,3305,core,326,331,0.0,5.0,0.9895,328,334,334,337,1.0,True,82.1957,91.1898,78.1639,3.6073,81.6918,"91.19,89.56,87.93,85.76,85.76,85.22,85.22,84.68,84.13,83.05,82.51,82.51,82.51,82.51,80.88,80.88,80.33,79.79,80.33,79.79,79.79,78.16,78.16,78.16,78.16,78.16,78.16,78.16"
Rec-031_30s_3,1,10,3306,core,331,331,0.0,5.0,0.9869,333,334,339,337,1.0,True,82.9711,91.1898,78.7067,3.262,82.2345,"91.19,89.02,87.93,86.85,86.31,86.31,85.76,85.22,84.13,84.13,83.59,83.59,83.05,83.05,81.42,80.88,80.88,80.88,80.88,80.88,80.88,78.71,79.79,79.79,79.79,79.79,79.79,78.71"
Rec-031_30s_3,1,11,3307,core,344,331,0.0,13.0,0.9887,346,334,352,337,1.0,True,84.7738,93.3608,79.7922,3.7267,83.8627,"93.36,91.73,90.65,89.56,89.02,87.93,87.93,87.93,86.31,85.76,85.76,85.22,84.68,84.13,83.59,83.05,83.05,83.05,83.05,82.51,81.96,80.88,80.88,80.88,80.88,80.33,79.79,79.79"
Rec-031_30s_3,1,12,3308,core,349,331,0.0,5.0,0.9842,351,334,357,337,0.8571,False,83.0099,93.3608,75.9929,4.3442,82.2345,"93.36,91.19,89.56,88.48,87.39,84.13,79.79,87.39,86.31,85.76,85.22,84.13,81.42,78.16,83.59,83.05,82.51,81.96,80.88,79.79,77.08,80.88,80.33,79.79,79.79,78.71,77.62,75.99"
Rec-031_30s_3,1,13,3309,core,353,331,0.0,4.0,0.9864,355,334,361,337,0.2857,False,78.8811,93.3608,74.3647,4.5411,77.0784,"93.36,88.48,81.96,78.71,77.08,75.99,75.45,86.85,84.13,79.79,77.62,76.54,75.99,75.45,83.05,80.88,78.16,76.54,75.99,75.45,74.91,79.79,78.71,77.08,75.99,75.45,74.91,74.36"
Rec-031_30s_3,1,14,3310,core,355,330,26.57,2.24,0.9843,357,333,363,336,0.0,False,79.1331,95.5318,74.9074,4.7656,77.3498,"95.53,89.02,84.13,79.79,77.62,77.08,75.99,87.39,83.05,79.79,77.62,76.54,75.99,75.99,82.51,79.79,77.62,76.54,75.99,75.99,75.45,79.79,77.62,76.54,75.99,75.99,75.45,74.91"
Rec-031_30s_3,2,1,3445,core,290,331,0.0,0.0,0.9868,292,334,298,337,1.0,True,85.0839,94.4463,78.7067,4.5493,84.4055,"94.45,94.45,92.28,91.19,89.56,89.56,89.02,87.39,86.85,86.31,86.31,86.31,85.76,85.76,81.96,82.51,83.05,83.05,83.05,83.05,83.05,78.71,79.79,79.79,79.79,79.79,79.79,79.79"
Rec-031_30s_3,2,2,3446,core,294,331,0.0,4.0,0.9862,296,334,302,337,1.0,True,85.8787,98.2455,79.7922,4.7011,84.9482,"98.25,95.53,92.28,91.19,89.56,89.02,88.48,90.10,89.02,87.93,86.85,86.31,85.76,85.76,84.13,84.13,84.13,83.59,83.05,83.05,82.51,80.88,80.88,80.88,80.88,80.33,80.33,79.79"
Rec-031_30s_3,2,3,3447,core,298,331,0.0,4.0,0.9862,300,334,306,337,1.0,True,86.1888,99.331,79.7922,4.9941,85.2196,"99.33,96.62,94.45,91.73,89.56,89.02,87.93,91.19,89.56,87.93,86.85,86.31,85.76,85.22,85.22,84.68,84.13,83.59,83.05,83.05,83.05,81.42,80.88,80.88,80.88,80.88,80.33,79.79"
Rec-031_30s_3,2,4,3448,core,303,331,0.0,5.0,0.9876,305,334,311,337,1.0,True,85.3941,97.16,79.7922,4.3007,84.6769,"97.16,94.45,91.19,89.56,88.48,87.93,87.93,90.10,87.93,86.85,85.76,85.76,85.22,84.68,84.68,84.13,83.59,83.05,83.05,82.51,82.51,81.42,80.88,80.88,80.88,80.33,80.33,79.79"
Rec-031_30s_3,2,5,3449,core,307,331,0.0,4.0,0.9869,309,334,315,337,1.0,True,85.8011,98.7882,80.3349,4.7491,84.9482,"98.79,95.53,93.36,90.65,89.02,87.93,87.39,90.65,89.56,87.93,86.31,85.76,85.22,84.68,85.22,84.13,83.59,83.59,83.05,83.05,82.51,81.42,80.88,80.88,80.33,80.33,80.33,80.33"
Rec-031_30s_3,2,6,3450,core,312,331,0.0,5.0,0.9892,314,334,320,337,1.0,True,85.0452,95.5318,80.3349,3.8489,84.4055,"95.53,92.28,90.65,89.02,87.93,87.93,87.39,89.02,87.39,86.31,85.76,85.22,84.68,84.68,84.13,83.59,83.59,83.05,83.05,83.05,82.51,80.88,80.88,80.88,80.88,80.33,80.33,80.33"
Rec-031_30s_3,2,7,3451,core,316,331,0.0,4.0,0.9871,318,334,324,337,1.0,True,85.6267,96.6172,80.8776,4.173,84.6769,"96.62,94.45,91.73,90.10,89.02,88.48,87.93,89.56,87.93,86.85,86.31,85.76,85.76,85.22,84.13,84.13,84.13,83.59,83.05,83.05,83.05,81.42,80.88,80.88,80.88,80.88,80.88,80.88"
Rec-031_30s_3,2,8,3452,core,325,331,0.0,9.0,0.9871,327,334,333,337,1.0,True,86.9835,97.16,82.5059,3.823,86.5765,"97.16,94.45,92.28,91.19,90.65,90.10,89.56,90.10,89.02,87.93,87.93,87.39,87.39,87.39,85.76,84.68,84.68,84.68,84.68,84.68,84.13,83.05,83.05,82.51,83.05,83.05,82.51,82.51"
Rec-031_30s_3,2,9,3453,core,355,330,1.91,30.02,0.9916,357,333,363,336,0.0,False,79.2494,98.2455,74.9074,5.3099,77.0784,"98.25,86.85,81.96,78.71,77.62,76.54,75.99,90.10,83.05,79.79,77.62,75.99,75.99,74.91,85.22,80.33,77.62,76.54,75.99,75.45,74.91,82.51,78.71,76.54,75.99,75.45,75.45,74.91"
Rec-031_30s_3,3,1,3585,core,291,331,0.0,1.0,0.9866,293,334,299,337,1.0,True,88.9607,99.331,83.0486,4.5371,88.2047,"99.33,98.25,96.07,94.45,93.36,93.36,92.28,91.19,91.19,90.10,90.10,90.10,90.10,89.56,85.76,86.31,86.31,86.85,86.85,86.85,86.31,83.05,83.05,83.59,84.13,84.13,84.13,84.13"
Rec-031_30s_3,3,2,3586,core,300,331,0.0,9.0,0.9881,302,334,308,337,1.0,True,89.7748,103.1302,83.5914,4.7743,89.0188,"103.13,99.33,96.62,94.45,93.36,91.73,91.19,94.99,93.36,91.73,90.65,90.10,89.56,89.02,89.02,88.48,87.93,87.39,86.85,86.85,86.31,85.22,85.22,84.68,84.68,84.13,84.13,83.59"
Rec-031_30s_3,3,3,3587,core,309,331,0.0,9.0,0.9892,311,334,317,337,1.0,True,88.7087,100.4165,83.5914,4.1876,87.9333,"100.42,97.16,94.45,93.36,91.73,91.19,90.65,92.28,91.73,90.10,89.56,89.02,88.48,87.93,87.93,87.93,86.85,86.85,86.31,85.76,85.76,84.68,84.13,84.13,84.13,84.13,83.59,83.59"
Rec-031_30s_3,3,4,3588,core,318,331,0.0,9.0,0.9895,320,334,326,337,1.0,True,88.9219,99.331,84.1341,3.766,88.2047,"99.33,96.62,94.45,92.28,91.73,91.19,91.19,92.28,91.19,90.10,89.56,89.56,89.02,88.48,87.93,87.93,87.39,86.85,86.85,86.85,86.31,85.22,84.68,84.68,84.68,84.68,84.68,84.13"
Rec-031_30s_3,3,5,3589,core,323,331,0.0,5.0,0.9879,325,334,331,337,1.0,True,89.3677,98.2455,85.2196,3.4056,89.0188,"98.25,95.53,94.45,93.36,92.28,92.28,91.73,92.28,91.19,90.10,90.10,89.56,89.56,89.56,88.48,87.93,87.93,87.93,87.39,87.39,87.39,85.76,85.76,85.22,85.22,85.22,85.22,85.22"
Rec-031_30s_3,3,6,3590,core,332,331,0.0,9.0,0.9888,334,334,340,337,1.0,True,90.8603,99.331,86.3051,3.5154,90.3757,"99.33,97.70,95.53,94.99,94.45,94.45,93.36,93.36,92.28,92.28,91.73,91.19,91.19,91.19,89.56,89.56,89.56,89.02,89.02,89.02,89.02,86.85,86.85,86.85,86.85,86.31,86.31,86.31"
Rec-031_30s_3,3,7,3591,core,336,331,0.0,4.0,0.9898,338,334,344,337,1.0,True,91.7907,101.502,86.8478,3.764,91.1898,"101.50,98.79,97.16,95.53,95.53,94.99,94.45,94.99,94.45,93.36,92.28,92.28,91.73,91.73,90.65,90.10,90.10,89.56,89.56,89.56,89.56,87.93,87.93,87.93,87.39,87.39,86.85,86.85"
Rec-031_30s_3,3,8,3592,core,341,331,0.0,5.0,0.9891,343,334,349,337,1.0,True,91.9652,100.4165,86.8478,3.5838,91.4612,"100.42,98.25,97.16,96.07,95.53,95.53,94.99,94.45,94.45,93.36,93.36,92.28,92.28,92.28,90.65,90.65,90.10,90.10,90.10,89.56,89.56,87.93,87.93,87.93,87.93,87.93,87.39,86.85"
Rec-031_30s_3,3,9,3593,core,345,331,0.0,4.0,0.9885,347,334,353,337,1.0,True,92.0233,102.0447,85.7624,4.1142,91.1898,"102.04,99.87,98.25,96.62,95.53,94.99,94.45,95.53,94.99,94.45,93.36,92.28,91.73,91.19,91.19,91.19,90.65,90.10,89.56,89.02,87.93,88.48,88.48,87.93,87.39,87.39,86.31,85.76"
Rec-031_30s_3,3,10,3594,core,350,331,0.0,5.0,0.9877,352,334,358,337,0.7143,False,86.3439,99.8737,75.9929,6.286,86.3051,"99.87,97.16,94.99,92.28,89.02,81.96,78.16,94.45,92.28,91.19,89.56,85.76,80.33,77.62,89.56,89.02,87.93,86.31,83.59,79.79,77.08,87.39,86.31,85.76,84.13,81.96,78.16,75.99"
Rec-031_30s_3,3,11,3595,core,354,331,0.0,4.0,0.9873,356,334,362,337,0.1429,False,78.8811,94.4463,74.3647,4.6892,77.0784,"94.45,85.76,80.88,78.16,77.08,75.99,75.45,88.48,82.51,78.71,77.08,76.54,75.99,75.45,85.22,80.88,77.62,76.54,75.99,75.45,74.91,83.05,78.71,77.08,75.99,75.45,74.91,74.36"
Rec-031_30s_3,3,12,3596,core,355,330,45.0,1.41,0.9906,357,333,363,336,0.0,False,79.1331,96.0745,74.9074,4.8357,77.3498,"96.07,87.93,83.05,79.79,77.62,76.54,75.99,87.93,83.05,79.79,77.62,76.54,75.99,75.45,83.59,79.79,77.62,76.54,75.99,75.99,74.91,80.88,78.16,77.08,75.99,75.45,75.45,74.91"
Rec-031_30s_3,4,1,3723,core,290,331,0.0,0.0,0.9877,292,334,298,337,1.0,True,89.232,96.6172,83.0486,3.9468,89.0188,"96.62,96.62,95.53,94.45,93.36,93.36,93.36,90.10,90.65,90.10,90.10,90.65,90.65,91.19,85.76,85.76,87.39,87.39,87.93,87.93,87.93,83.05,83.59,84.13,84.68,85.22,85.22,85.76"
Rec-031_30s_3,4,2,3724,core,293,331,0.0,3.0,0.9871,295,334,301,337,1.0,True,91.1898,102.0447,85.7624,4.3709,90.3757,"102.04,100.42,98.25,96.07,94.99,94.45,93.36,94.45,93.36,92.28,92.28,91.73,91.19,91.19,89.02,89.56,89.56,89.56,89.02,89.02,89.02,85.76,85.76,85.76,86.31,86.31,86.31,86.31"
Rec-031_30s_3,4,3,3725,core,298,331,0.0,5.0,0.9849,300,334,306,337,1.0,True,91.3061,102.0447,85.7624,4.0208,90.9184,"102.04,99.33,97.16,95.53,94.45,93.36,92.28,95.53,94.45,92.28,92.28,91.73,91.19,91.19,90.65,90.10,89.56,89.56,89.56,89.02,88.48,87.39,87.39,86.85,86.85,86.85,85.76,85.76"
Rec-031_30s_3,4,4,3726,core,302,331,0.0,4.0,0.9887,304,334,310,337,1.0,True,91.3836,103.1302,85.7624,4.3157,90.9184,"103.13,100.42,97.70,95.53,94.45,93.36,92.28,96.07,94.45,93.36,92.28,91.19,91.19,90.65,91.19,90.65,89.56,89.56,88.48,88.48,87.93,87.93,87.39,86.85,86.85,86.31,85.76,85.76"
Rec-031_30s_3,4,5,3727,core,307,331,0.0,5.0,0.9856,309,334,315,337,1.0,True,90.4145,100.9592,85.7624,3.7136,89.8329,"100.96,98.25,95.53,93.36,92.28,92.28,91.19,94.45,93.36,92.28,91.19,90.65,90.10,89.56,90.10,89.56,89.02,89.02,88.48,87.93,87.93,87.39,86.85,86.31,86.31,85.76,85.76,85.76"
Rec-031_30s_3,4,6,3728,core,311,331,0.0,4.0,0.9898,313,334,319,337,1.0,True,90.5114,101.502,85.7624,3.8258,89.8329,"101.50,98.25,96.07,94.45,92.28,91.73,91.19,94.99,93.36,92.28,91.19,90.65,90.10,89.56,90.10,89.56,89.02,89.02,88.48,87.93,87.93,87.39,86.85,86.85,86.31,85.76,85.76,85.76"
Rec-031_30s_3,4,7,3729,core,316,331,0.0,5.0,0.9869,318,334,324,337,1.0,True,90.0462,99.331,85.7624,3.2801,89.5616,"99.33,96.62,94.45,93.36,92.28,91.73,91.19,93.36,92.28,91.19,90.65,90.10,90.10,89.56,89.56,89.56,89.02,88.48,88.48,87.93,87.93,86.85,86.85,86.31,86.31,86.31,85.76,85.76"
Rec-031_30s_3,4,8,3730,core,320,331,0.0,4.0,0.9904,322,334,328,337,1.0,True,90.6858,100.4165,86.3051,3.4811,90.1043,"100.42,97.70,95.53,94.45,93.36,92.28,92.28,94.45,92.28,91.73,91.19,91.19,90.65,90.65,89.56,89.56,89.56,89.02,89.02,88.48,88.48,87.39,86.85,86.85,86.85,86.85,86.31,86.31"
Rec-031_30s_3,4,9,3731,core,325,331,0.0,5.0,0.9875,327,334,333,337,1.0,True,91.0735,98.7882,87.3906,2.9024,90.6471,"98.79,96.62,95.53,94.45,93.36,93.36,93.36,93.36,92.28,91.73,91.73,91.19,91.19,91.19,90.10,89.56,89.56,89.56,89.56,89.56,89.56,87.93,87.93,87.39,87.93,87.93,87.93,87.39"
Rec-031_30s_3,4,10,3732,core,329,331,0.0,4.0,0.9903,331,334,337,337,1.0,True,92.0621,100.9592,87.9333,3.3687,91.4612,"100.96,98.25,96.62,95.53,94.99,94.99,94.99,94.45,93.36,93.36,93.36,92.28,92.28,92.28,90.65,90.65,90.65,90.65,90.65,90.10,90.65,87.93,87.93,87.93,87.93,87.93,87.93,88.48"
Rec-031_30s_3,4,11,3733,core,334,331,0.0,5.0,0.9884,336,334,342,337,1.0,True,93.1476,100.9592,89.0188,3.1358,92.5467,"100.96,98.79,97.70,96.62,96.07,95.53,95.53,95.53,94.99,94.45,94.45,94.45,93.36,93.36,91.73,91.73,91.73,91.19,91.19,91.19,91.19,89.56,89.56,89.56,89.56,89.56,89.56,89.02"
Rec-031_30s_3,4,12,3734,core,338,331,0.0,4.0,0.9901,340,334,346,337,1.0,True,93.8454,102.0447,89.5616,3.4823,93.3608,"102.04,100.42,98.79,97.70,97.16,96.62,96.62,96.62,95.53,95.53,94.99,94.45,94.45,94.45,92.28,92.28,92.28,92.28,92.28,92.28,91.73,89.56,89.56,89.56,89.56,89.56,89.56,89.56"
Rec-031_30s_3,4,13,3735,core,343,331,0.0,5.0,0.9884,345,334,351,337,1.0,True,93.7097,102.0447,88.4761,3.4179,93.3608,"102.04,99.87,98.25,97.70,97.16,96.07,95.53,96.62,96.07,95.53,94.99,94.45,94.45,93.36,93.36,92.28,92.28,92.28,91.73,91.19,91.19,90.65,90.10,90.10,89.56,89.56,89.02,88.48"
Rec-031_30s_3,4,14,3736,core,352,331,0.0,9.0,0.9864,354,334,360,337,0.4286,False,83.32,98.7882,74.9074,6.977,81.4204,"98.79,95.53,91.73,84.13,79.79,77.08,75.99,94.45,92.28,88.48,81.96,78.71,76.54,75.99,90.65,89.02,85.76,80.88,77.62,76.54,75.45,87.93,86.31,83.59,79.79,77.08,75.99,74.91"
Rec-031_30s_3,4,15,3737,core,355,331,0.0,3.0,0.9869,357,334,363,337,0.0,False,77.9701,89.5616,74.9074,3.3306,76.8071,"89.56,83.59,79.79,77.62,77.08,75.99,75.45,84.13,80.33,78.16,77.08,75.99,75.99,75.45,81.96,78.71,77.08,75.99,75.99,75.45,75.45,80.33,77.62,76.54,75.99,75.45,75.45,74.91"
Rec-031_30s_3,5,1,3866,core,291,331,0.0,1.0,0.9865,293,334,299,337,1.0,True,91.4418,100.9592,85.2196,4.1877,90.9184,"100.96,99.87,98.25,96.07,95.53,95.53,94.99,93.36,93.36,92.28,92.28,92.28,92.28,92.28,88.48,89.02,89.56,89.56,89.56,89.56,89.56,85.22,85.76,86.31,86.85,86.85,87.39,87.39"
Rec-031_30s_3,5,2,3867,core,296,331,0.0,5.0,0.9845,298,334,304,337,1.0,True,92.818,103.6729,87.9333,4.0486,91.7325,"103.67,101.50,98.25,97.16,95.53,95.53,94.45,96.62,95.53,94.45,93.36,93.36,93.36,92.28,91.19,91.19,91.19,91.19,90.65,90.65,90.10,88.48,88.48,88.48,87.93,88.48,87.93,87.93"
Rec-031_30s_3,5,3,3868,core,304,331,0.0,8.0,0.9858,306,334,312,337,1.0,True,93.0507,105.8439,87.9333,4.514,92.0039,"105.84,103.13,99.87,97.70,95.53,94.45,93.36,98.25,96.07,94.99,93.36,93.36,92.28,91.19,92.28,91.73,91.19,91.19,90.65,90.10,89.56,89.56,89.02,88.48,88.48,87.93,87.93,87.93"
Rec-031_30s_3,5,4,3869,core,309,331,0.0,5.0,0.9895,311,334,317,337,1.0,True,91.8295,103.1302,86.8478,3.8297,91.1898,"103.13,99.87,97.16,95.53,94.45,93.36,92.28,96.07,94.45,93.36,92.28,91.19,91.19,90.65,91.73,91.19,90.10,90.10,89.56,89.56,88.48,89.02,88.48,87.93,87.93,87.93,87.39,86.85"
Rec-031_30s_3,5,5,3870,core,314,331,0.0,5.0,0.987,316,334,322,337,1.0,True,90.8797,99.8737,86.8478,3.2156,90.3757,"99.87,97.70,95.53,94.45,92.28,92.28,91.19,94.45,93.36,92.28,91.19,91.19,90.65,90.10,90.65,90.10,89.56,89.56,89.02,88.48,88.48,87.93,87.93,87.93,87.39,87.39,86.85,86.85"
Rec-031_30s_3,5,6,3871,core,318,331,0.0,4.0,0.9899,320,334,326,337,1.0,True,91.3061,101.502,87.3906,3.3625,90.9184,"101.50,98.25,96.07,94.45,93.36,92.28,92.28,94.99,93.36,92.28,91.73,91.19,91.19,90.65,91.19,90.10,89.56,89.56,89.56,89.56,89.02,87.93,87.93,87.93,87.93,87.93,87.39,87.39"
Rec-031_30s_3,5,7,3872,core,323,331,0.0,5.0,0.9884,325,334,331,337,1.0,True,91.3449,99.331,87.9333,3.0039,90.9184,"99.33,97.70,95.53,94.45,93.36,93.36,93.36,94.45,93.36,92.28,91.73,91.19,91.19,91.19,90.65,90.10,90.10,89.56,89.56,89.56,89.56,88.48,87.93,87.93,87.93,87.93,87.93,87.93"
Rec-031_30s_3,5,8,3873,core,327,331,0.0,4.0,0.9903,329,334,335,337,1.0,True,92.6048,101.502,89.0188,3.189,92.0039,"101.50,98.79,97.70,95.53,94.99,94.99,94.45,95.53,94.45,93.36,93.36,92.28,92.28,92.28,91.73,91.19,91.19,91.19,91.19,91.19,90.65,89.02,89.02,89.02,89.02,89.02,89.02,89.02"
Rec-031_30s_3,5,9,3874,core,332,331,0.0,5.0,0.9889,334,334,340,337,1.0,True,93.3026,101.502,89.5616,3.0885,92.818,"101.50,98.79,97.70,96.62,96.07,95.53,95.53,95.53,94.99,94.45,94.45,94.45,93.36,93.36,92.28,91.73,91.73,91.73,91.73,91.73,91.73,90.10,89.56,89.56,89.56,89.56,89.56,89.56"
Rec-031_30s_3,5,10,3875,core,336,331,0.0,4.0,0.9901,338,334,344,337,1.0,True,94.4075,103.1302,90.6471,3.282,93.9035,"103.13,100.96,98.79,98.25,97.16,97.16,96.62,97.16,96.07,95.53,94.99,94.45,94.45,94.45,93.36,93.36,93.36,92.28,92.28,92.28,92.28,91.19,90.65,90.65,90.65,90.65,90.65,90.65"
Rec-031_30s_3,5,11,3876,core,341,331,0.0,5.0,0.9894,343,334,349,337,1.0,True,94.5626,102.0447,90.1043,3.068,93.9035,"102.04,100.42,98.79,98.25,97.70,97.16,96.62,97.16,96.07,95.53,95.53,94.99,94.99,94.45,93.36,93.36,93.36,93.36,93.36,92.28,92.28,91.19,91.19,91.19,91.19,91.19,90.65,90.10"
Rec-031_30s_3,5,12,3877,core,345,331,0.0,4.0,0.9889,347,334,353,337,1.0,True,94.2137,103.6729,87.9333,3.7865,93.9035,"103.67,102.04,99.87,98.25,97.16,96.07,94.99,98.25,96.62,96.07,95.53,94.45,93.36,92.28,94.45,94.45,93.36,92.28,92.28,91.19,90.10,91.19,91.19,91.19,90.65,90.10,89.02,87.93"
Rec-031_30s_3,5,13,3878,core,350,331,0.0,5.0,0.9877,352,334,358,337,0.7143,False,88.2241,102.0447,76.5357,6.6385,89.2902,"102.04,98.79,96.07,94.45,90.65,83.59,78.71,96.07,94.45,93.36,91.19,88.48,81.96,78.16,92.28,91.73,90.10,89.02,85.76,80.88,77.62,90.10,89.56,87.93,86.85,84.13,79.79,76.54"
Rec-031_30s_3,5,14,3879,core,354,331,0.0,4.0,0.9876,356,334,362,337,0.1429,False,79.6565,96.6172,74.9074,5.3506,77.3498,"96.62,87.39,81.42,78.71,77.08,75.99,75.99,91.19,83.59,79.79,77.62,76.54,75.99,75.45,87.39,81.42,78.71,77.08,75.99,75.45,74.91,85.22,80.33,77.62,76.54,75.99,75.45,74.91"
Rec-031_30s_3,5,15,3880,core,355,330,45.0,1.41,0.991,357,333,363,336,0.0,False,79.482,97.16,74.9074,5.1702,77.3498,"97.16,88.48,83.59,79.79,77.62,76.54,75.99,89.56,83.59,79.79,77.62,76.54,75.99,75.45,84.68,80.33,77.62,77.08,75.99,75.99,75.45,82.51,78.71,77.08,75.99,75.99,75.45,74.91"
Rec-031_30s_3,6,1,4013,core,290,331,0.0,0.0,0.9866,292,334,298,337,1.0,True,91.7713,99.8737,84.1341,4.1838,91.7325,"99.87,99.87,98.25,97.16,96.07,96.07,96.07,92.28,93.36,92.28,92.28,93.36,93.36,93.36,87.93,88.48,89.56,90.10,90.10,90.65,91.19,84.13,85.76,86.31,87.39,87.93,87.93,88.48"
Rec-031_30s_3,6,2,4014,core,294,331,0.0,4.0,0.987,296,334,302,337,1.0,True,94.4075,106.3867,89.0188,4.5338,93.3608,"106.39,103.67,101.50,99.33,98.25,97.16,96.62,98.25,97.16,96.07,95.53,94.99,94.45,94.45,92.28,92.28,92.28,91.73,91.73,91.73,91.73,89.02,89.02,89.56,89.56,89.56,89.56,89.56"
Rec-031_30s_3,6,3,4015,core,299,331,0.0,5.0,0.9873,301,334,307,337,1.0,True,94.3881,105.8439,89.0188,4.0676,93.9035,"105.84,103.13,100.42,98.25,97.16,96.07,95.53,98.25,97.16,95.53,94.99,94.45,94.45,93.36,94.45,93.36,93.36,92.28,92.28,91.19,91.19,90.65,90.65,90.65,90.10,89.56,89.56,89.02"
Rec-031_30s_3,6,4,4016,core,308,331,0.0,9.0,0.9887,310,334,316,337,1.0,True,93.3802,104.2157,88.4761,3.7081,92.2753,"104.22,101.50,98.25,96.62,95.53,94.99,94.45,97.70,95.53,94.99,94.45,93.36,92.28,92.28,93.36,92.28,91.73,91.19,91.19,91.19,90.65,90.10,90.10,89.56,89.56,89.56,89.56,88.48"
Rec-031_30s_3,6,5,4017,core,312,331,0.0,4.0,0.9895,314,334,320,337,1.0,True,93.5934,105.3012,88.4761,3.9974,92.818,"105.30,102.04,99.33,97.70,95.53,94.99,94.45,98.25,96.07,94.99,94.45,93.36,93.36,92.28,93.36,92.28,92.28,91.73,91.19,90.65,90.10,90.65,90.10,89.56,89.56,89.56,89.02,88.48"
Rec-031_30s_3,6,6,4018,core,317,331,0.0,5.0,0.9899,319,334,325,337,1.0,True,92.7211,103.1302,87.9333,3.571,92.0039,"103.13,100.42,97.70,96.07,94.99,94.45,93.36,96.62,94.99,94.45,93.36,92.28,92.28,91.19,92.28,91.73,91.19,91.19,90.65,90.10,90.10,89.56,89.56,89.56,89.56,89.02,88.48,87.93"
Rec-031_30s_3,6,7,4019,core,321,331,0.0,4.0,0.9895,323,334,329,337,1.0,True,92.7599,103.1302,88.4761,3.6215,92.0039,"103.13,100.42,98.25,96.07,94.99,94.45,93.36,96.62,95.53,94.45,93.36,92.28,92.28,91.73,92.28,91.73,91.19,91.19,90.65,90.10,90.10,89.56,89.56,89.56,89.02,88.48,88.48,88.48"
Rec-031_30s_3,6,8,4020,core,326,331,0.0,5.0,0.9903,328,334,334,337,1.0,True,92.7599,101.502,89.5616,3.0439,92.0039,"101.50,98.79,97.16,96.07,94.99,94.99,94.99,95.53,94.45,93.36,93.36,92.28,92.28,92.28,91.73,91.19,91.19,91.19,90.65,91.19,91.19,89.56,89.56,89.56,89.56,89.56,89.56,89.56"
Rec-031_30s_3,6,9,4021,core,330,331,0.0,4.0,0.9891,332,334,338,337,1.0,True,93.7678,103.1302,90.1043,3.4069,92.818,"103.13,100.96,98.79,97.16,96.62,96.07,95.53,96.62,95.53,94.45,94.45,94.45,94.45,93.36,92.28,92.28,91.73,91.73,91.73,91.73,91.73,90.10,90.10,90.10,90.10,90.10,90.10,90.10"
Rec-031_30s_3,6,10,4022,core,335,331,0.0,5.0,0.9905,337,334,343,337,1.0,True,94.5626,103.1302,91.1898,3.0919,93.9035,"103.13,100.42,98.79,98.25,97.16,97.16,96.62,97.16,95.53,95.53,95.53,94.99,94.45,94.45,93.36,93.36,93.36,93.36,92.28,92.28,92.28,91.19,91.19,91.19,91.19,91.19,91.19,91.19"
Rec-031_30s_3,6,11,4023,core,339,331,0.0,4.0,0.9885,341,334,347,337,1.0,True,95.3961,104.2157,91.1898,3.4099,94.989,"104.22,102.04,100.42,98.79,98.25,98.25,98.25,98.25,97.16,96.62,96.07,95.53,95.53,95.53,94.45,94.45,93.36,93.36,93.36,93.36,93.36,91.73,91.73,91.73,91.73,91.19,91.19,91.19"
Rec-031_30s_3,6,12,4024,core,344,331,0.0,5.0,0.99,346,334,352,337,1.0,True,95.2022,103.6729,89.5616,3.455,94.4463,"103.67,102.04,100.42,99.33,98.25,97.70,96.07,98.25,97.70,96.62,96.07,95.53,94.99,94.45,94.45,94.45,94.45,94.45,93.36,92.28,91.73,92.28,92.28,91.73,91.73,91.19,90.65,89.56"
Rec-031_30s_3,6,13,4025,core,353,331,0.0,9.0,0.9885,355,334,361,337,0.2857,False,81.6336,99.331,74.9074,6.8734,78.4353,"99.33,94.45,85.22,79.79,77.62,75.99,75.99,94.45,90.10,83.05,78.71,77.08,75.99,75.45,90.10,87.93,81.42,78.16,76.54,75.99,74.91,87.93,85.22,80.33,77.62,75.99,75.45,74.91"
Rec-031_30s_3,6,14,4026,core,355,330,26.57,2.24,0.9856,357,333,363,336,0.0,False,79.8503,98.2455,74.9074,5.4917,77.8925,"98.25,89.56,84.13,80.33,78.16,76.54,75.99,90.65,84.13,80.33,78.16,76.54,75.99,75.99,85.76,80.88,78.16,77.08,75.99,75.99,75.45,83.05,78.71,77.62,75.99,75.99,75.45,74.91"
Rec-032_30s_4,1,1,3294,core,290,331,0.0,0.0,0.9884,292,334,298,337,1.0,True,79.5208,89.0188,74.3647,4.1702,78.7067,"89.02,88.48,86.31,84.68,83.59,83.05,83.05,81.96,80.88,80.88,80.33,80.33,79.79,79.79,77.62,77.08,77.62,77.08,77.08,77.08,77.08,74.91,74.91,74.91,74.91,74.91,74.91,74.36"
Rec-032_30s_4,1,2,3295,core,292,331,0.0,2.0,0.9848,294,334,300,337,1.0,True,80.2767,91.1898,74.9074,4.2867,79.2494,"91.19,89.02,86.85,85.22,84.13,83.59,83.05,83.59,83.05,81.96,80.88,80.88,79.79,79.79,78.71,78.71,78.16,77.62,77.62,77.62,77.08,75.99,75.99,75.99,75.99,75.45,74.91,74.91"
Rec-032_30s_4,1,3,3296,core,296,331,0.0,4.0,0.9878,298,334,304,337,1.0,True,80.6257,94.4463,74.3647,4.9179,79.2494,"94.45,91.19,87.93,85.76,84.13,83.05,81.96,85.76,84.13,82.51,81.42,80.33,79.79,78.71,79.79,78.71,78.71,78.16,77.62,77.08,76.54,76.54,76.54,75.99,75.99,75.45,74.91,74.36"
Rec-032_30s_4,1,4,3297,core,301,331,0.0,5.0,0.9861,303,334,309,337,1.0,True,79.3851,91.1898,73.822,4.2455,78.4353,"91.19,87.93,85.76,83.59,82.51,81.42,80.88,84.13,82.51,80.88,79.79,79.79,78.71,78.16,78.71,78.16,77.62,77.08,77.08,76.54,75.99,75.99,75.99,75.45,74.91,74.36,73.82,73.82"
Rec-032_30s_4,1,5,3298,core,305,331,0.0,4.0,0.9883,307,334,313,337,1.0,True,79.5789,91.7325,74.3647,4.2596,78.7067,"91.73,89.02,85.76,84.13,82.51,81.42,80.88,84.13,82.51,80.88,79.79,78.71,78.71,78.71,78.71,78.16,77.62,77.62,77.08,76.54,75.99,75.99,75.99,75.99,75.45,74.91,74.91,74.36"
Rec-032_30s_4,1,6,3299,core,314,331,0.0,9.0,0.9888,316,334,322,337,1.0,True,79.6952,90.6471,75.4502,3.8297,78.7067,"90.65,87.93,85.76,83.59,82.51,81.42,80.88,83.59,81.96,80.88,80.33,79.79,78.71,78.71,78.71,78.16,77.62,77.62,77.62,77.08,77.08,75.99,75.99,75.99,75.99,75.99,75.45,75.45"
Rec-032_30s_4,1,7,3300,core,319,331,0.0,5.0,0.9885,321,334,327,337,1.0,True,80.0829,89.5616,75.9929,3.5397,79.2494,"89.56,87.39,85.22,83.59,83.05,83.05,82.51,83.05,81.96,80.88,80.88,80.33,80.33,79.79,78.71,78.71,78.16,78.16,78.16,77.62,77.62,76.54,76.54,75.99,75.99,75.99,76.54,75.99"
Rec-032_30s_4,1,8,3301,core,323,331,0.0,4.0,0.9889,325,334,331,337,1.0,True,81.4979,91.1898,77.6212,3.5817,80.6063,"91.19,89.02,86.85,85.76,84.13,84.13,84.13,84.13,83.05,82.51,81.96,81.42,81.42,81.42,79.79,79.79,79.79,79.79,79.79,79.79,78.71,77.62,77.62,77.62,77.62,77.62,77.62,77.62"
Rec-032_30s_4,1,9,3302,core,328,331,0.0,5.0,0.9892,330,334,336,337,1.0,True,82.4865,91.1898,78.7067,3.3283,81.9631,"91.19,89.02,87.39,85.76,85.76,85.22,85.22,84.68,84.13,83.05,83.05,83.05,83.05,83.05,80.88,80.88,80.88,80.88,80.88,80.33,80.33,78.71,78.71,78.71,78.71,78.71,78.71,78.71"
Rec-032_30s_4,1,10,3303,core,337,331,0.0,9.0,0.9898,339,334,345,337,1.0,True,84.0566,92.2753,79.7922,3.3668,83.5914,"92.28,90.65,89.02,87.93,87.39,87.39,86.85,86.31,85.76,85.22,84.68,84.13,84.13,84.13,83.05,83.05,82.51,82.51,81.96,81.42,81.42,80.88,80.33,80.33,80.33,80.33,79.79,79.79"
Rec-032_30s_4,1,11,3304,core,346,331,0.0,9.0,0.9875,348,334,354,337,1.0,True,84.4055,93.3608,78.7067,3.861,83.5914,"93.36,91.73,90.10,89.02,88.48,87.93,86.31,87.93,86.85,85.76,85.76,85.22,84.13,83.59,83.59,83.05,83.05,83.05,81.96,81.42,80.88,80.88,80.88,80.88,80.33,79.79,78.71,78.71"
Rec-032_30s_4,1,12,3305,core,350,331,0.0,4.0,0.985,352,334,358,337,0.7143,False,82.2151,95.5318,75.4502,5.0738,80.8776,"95.53,92.28,90.10,87.93,84.68,79.79,77.62,87.93,86.85,85.76,84.13,81.96,78.71,76.54,83.59,83.05,82.51,80.88,79.79,77.62,75.99,80.88,80.33,79.79,78.71,77.62,75.99,75.45"
Rec-032_30s_4,1,13,3306,core,355,331,0.0,5.0,0.9843,357,334,363,337,0.0,False,76.8846,85.2196,74.9074,2.2899,75.9929,"85.22,80.88,78.71,77.62,75.99,75.99,75.45,80.88,78.71,77.62,75.99,75.99,75.45,74.91,78.71,77.08,75.99,75.99,75.45,75.45,74.91,77.08,75.99,75.99,75.45,75.45,74.91,74.91"
Rec-032_30s_4,2,1,3431,core,291,331,0.0,1.0,0.9836,293,334,299,337,1.0,True,86.0725,97.7027,79.7922,4.8899,84.6769,"97.70,95.53,94.45,91.73,90.65,90.10,89.56,89.56,88.48,87.93,87.39,87.39,86.31,85.76,83.05,83.59,83.59,83.59,83.59,83.59,83.05,79.79,80.33,80.33,80.88,80.88,80.88,80.33"
Rec-032_30s_4,2,2,3432,core,296,331,0.0,5.0,0.9879,298,334,304,337,1.0,True,86.3051,98.7882,80.3349,4.7471,85.491,"98.79,96.07,93.36,91.19,90.10,89.56,88.48,91.19,89.56,87.93,87.39,86.31,85.76,85.76,85.22,84.68,84.13,84.13,83.59,83.05,83.05,81.42,81.42,81.42,80.88,80.88,80.88,80.33"
Rec-032_30s_4,2,3,3433,core,300,331,0.0,4.0,0.9857,302,334,308,337,1.0,True,86.4602,99.8737,80.3349,4.9422,85.7624,"99.87,96.62,94.45,91.73,90.10,89.56,88.48,91.19,89.56,87.93,87.39,86.31,85.76,85.76,85.76,84.68,84.13,84.13,83.05,83.05,83.05,81.96,81.96,81.42,80.88,80.88,80.88,80.33"
Rec-032_30s_4,2,4,3434,core,305,331,0.0,5.0,0.9887,307,334,313,337,1.0,True,85.995,97.7027,80.3349,4.4554,85.491,"97.70,94.99,92.28,90.65,89.56,89.02,87.93,90.65,89.02,87.93,86.85,86.31,85.76,85.76,85.22,84.13,84.13,83.59,83.59,83.05,83.05,81.96,80.88,80.88,80.88,80.88,80.88,80.33"
Rec-032_30s_4,2,5,3435,core,310,331,0.0,5.0,0.9854,312,334,318,337,1.0,True,85.5685,96.0745,80.8776,3.9144,84.9482,"96.07,93.36,91.19,89.56,88.48,87.93,87.93,89.56,87.93,87.39,85.76,85.76,85.76,85.22,84.68,84.13,84.13,83.59,83.59,83.05,83.05,81.96,81.42,80.88,80.88,80.88,80.88,80.88"
Rec-032_30s_4,2,6,3436,core,314,331,0.0,4.0,0.9892,316,334,322,337,1.0,True,85.8399,96.0745,80.8776,3.8012,85.491,"96.07,93.36,91.19,89.56,89.56,88.48,87.93,89.56,87.93,87.39,86.31,85.76,85.76,85.76,85.22,84.13,84.13,83.59,83.59,83.59,83.59,81.96,81.96,81.96,81.42,81.42,81.42,80.88"
Rec-032_30s_4,2,7,3437,core,319,331,0.0,5.0,0.987,321,334,327,337,1.0,True,85.8205,95.5318,81.4204,3.5393,85.2196,"95.53,92.28,91.19,89.56,89.02,88.48,87.93,89.02,87.93,87.39,86.31,85.76,85.76,85.76,84.68,84.13,84.13,84.13,83.59,83.59,83.05,82.51,82.51,81.96,81.96,81.96,81.42,81.42"
Rec-032_30s_4,2,8,3438,core,323,331,0.0,4.0,0.9897,325,334,331,337,1.0,True,86.6346,96.6172,81.9631,3.7779,86.0337,"96.62,94.45,91.73,90.65,89.56,89.56,89.02,90.10,89.02,87.93,87.39,86.85,86.85,86.31,85.76,85.22,84.68,84.68,84.13,84.13,84.13,83.05,82.51,82.51,82.51,82.51,81.96,81.96"
Rec-032_30s_4,2,9,3439,core,328,331,0.0,5.0,0.9876,330,334,336,337,1.0,True,86.9835,95.5318,83.0486,3.3852,86.5765,"95.53,93.36,91.19,90.65,90.10,90.10,90.10,89.56,89.02,87.93,87.93,87.93,87.39,87.39,85.76,85.22,85.22,85.22,85.22,84.68,84.68,83.05,83.05,83.05,83.05,83.05,83.05,83.05"
Rec-032_30s_4,2,10,3440,core,332,331,0.0,4.0,0.9898,334,334,340,337,1.0,True,88.0109,97.16,83.5914,3.6888,87.3906,"97.16,94.99,93.36,92.28,91.73,91.73,91.19,90.65,89.56,89.02,89.02,88.48,88.48,88.48,86.31,85.76,85.76,85.76,85.76,85.76,85.76,83.59,84.13,83.59,84.13,84.13,84.13,83.59"
Rec-032_30s_4,2,11,3441,core,337,331,0.0,5.0,0.9885,339,334,345,337,1.0,True,88.4761,97.16,84.1341,3.5708,88.2047,"97.16,94.99,93.36,92.28,92.28,91.73,91.73,91.19,90.10,89.56,89.56,89.56,89.02,89.02,87.39,86.85,86.85,86.31,86.31,86.31,85.76,84.68,84.68,84.13,84.13,84.13,84.13,84.13"
Rec-032_30s_4,2,12,3442,core,341,331,0.0,4.0,0.9895,343,334,349,337,1.0,True,89.2708,98.2455,84.1341,3.8637,88.7475,"98.25,96.62,94.99,94.45,93.36,92.28,92.28,92.28,91.19,90.65,90.10,89.56,89.56,89.56,87.93,87.93,87.93,87.39,86.85,86.85,86.31,85.22,85.22,85.22,84.68,84.68,84.13,84.13"
Rec-032_30s_4,2,13,3443,core,346,331,0.0,5.0,0.9862,348,334,354,337,1.0,True,88.3985,97.7027,82.5059,3.804,87.9333,"97.70,95.53,94.45,92.28,91.73,91.19,90.10,91.73,91.19,90.65,89.56,89.02,87.93,87.39,87.93,87.93,87.39,86.31,85.76,85.76,84.68,85.22,85.22,84.68,84.13,84.13,83.05,82.51"
Rec-032_30s_4,2,14,3444,core,350,331,0.0,4.0,0.9862,352,334,358,337,0.7143,False,84.9095,98.2455,75.9929,5.8012,84.4055,"98.25,95.53,93.36,91.19,87.93,81.42,78.16,91.19,90.10,89.56,87.93,84.68,79.79,77.62,87.93,86.85,85.76,84.68,82.51,78.16,76.54,84.13,84.13,83.59,82.51,80.33,77.62,75.99"
Rec-032_30s_4,2,15,3445,core,355,331,0.0,5.0,0.9832,357,334,363,337,0.0,False,77.059,85.7624,74.3647,2.5394,75.9929,"85.76,80.88,78.71,77.08,75.99,75.99,75.45,82.51,78.71,77.62,76.54,75.99,75.45,75.45,79.79,77.62,76.54,75.99,75.45,74.91,74.91,78.16,76.54,75.99,75.45,75.45,74.36,74.36"
Rec-032_30s_4,3,1,3574,core,290,331,0.0,0.0,0.9901,292,334,298,337,1.0,True,86.8091,94.4463,80.8776,3.8731,86.8478,"94.45,94.45,92.28,91.19,91.19,91.19,91.19,87.93,87.93,87.93,87.93,88.48,87.93,87.93,83.05,83.59,84.68,85.22,85.22,85.22,85.76,80.88,81.42,81.96,82.51,83.05,83.05,83.05"
Rec-032_30s_4,3,2,3575,core,293,331,0.0,3.0,0.9857,295,334,301,337,1.0,True,89.5422,102.0447,84.1341,4.7879,88.7475,"102.04,99.33,97.16,94.99,93.36,92.28,92.28,93.36,92.28,91.19,90.65,90.10,89.56,89.56,87.93,87.39,87.39,87.39,86.85,86.85,86.31,84.13,84.13,84.13,84.13,84.13,84.13,84.13"
Rec-032_30s_4,3,3,3576,core,302,331,0.0,9.0,0.9876,304,334,310,337,1.0,True,89.5034,102.0447,84.1341,4.4905,88.7475,"102.04,98.79,96.07,94.45,92.28,91.19,91.19,94.45,92.28,91.19,90.10,89.56,89.56,88.48,89.02,87.93,87.93,87.39,86.85,86.85,86.31,85.22,85.22,84.68,84.68,84.13,84.13,84.13"
Rec-032_30s_4,3,4,3577,core,307,331,0.0,5.0,0.9891,309,334,315,337,1.0,True,89.1545,100.4165,84.1341,4.1095,88.4761,"100.42,97.70,94.99,93.36,91.73,91.19,90.65,93.36,91.73,91.19,90.10,89.56,89.02,88.48,88.48,87.93,87.93,87.39,86.85,86.31,85.76,85.22,85.22,84.68,84.68,84.13,84.13,84.13"
Rec-032_30s_4,3,5,3578,core,311,331,0.0,4.0,0.9873,313,334,319,337,1.0,True,89.3677,100.9592,84.1341,4.182,88.7475,"100.96,97.70,95.53,93.36,92.28,91.19,90.65,94.45,92.28,91.19,90.10,89.56,89.02,88.48,89.02,87.93,87.93,87.39,86.85,86.31,86.31,85.76,85.22,85.22,84.68,84.68,84.13,84.13"
Rec-032_30s_4,3,6,3579,core,334,331,0.0,23.0,0.9905,336,334,342,337,1.0,True,91.5775,100.9592,86.8478,3.6778,90.9184,"100.96,98.25,97.16,95.53,94.99,94.45,94.45,94.99,93.36,93.36,92.28,92.28,91.73,91.19,90.65,90.10,89.56,89.56,89.56,89.02,89.02,87.93,87.93,87.39,87.39,87.39,86.85,86.85"
Rec-032_30s_4,3,7,3580,core,339,331,0.0,5.0,0.9877,341,334,347,337,1.0,True,91.4418,99.331,86.8478,3.3598,90.6471,"99.33,97.70,96.07,95.53,94.99,94.45,94.45,94.45,93.36,92.28,92.28,92.28,91.73,91.19,90.10,90.10,89.56,89.56,89.56,89.56,89.02,87.93,87.93,87.93,87.39,87.39,87.39,86.85"
Rec-032_30s_4,3,8,3581,core,343,331,0.0,4.0,0.9897,345,334,351,337,1.0,True,91.655,100.4165,86.3051,3.6342,91.1898,"100.42,98.79,97.16,95.53,94.99,94.45,93.36,94.99,94.45,93.36,92.28,92.28,91.73,91.19,91.19,90.65,90.10,89.56,89.56,89.56,88.48,87.93,87.93,87.93,87.93,87.39,86.85,86.31"
Rec-032_30s_4,3,9,3582,core,348,331,0.0,5.0,0.9855,350,334,356,337,1.0,True,89.4065,98.7882,81.4204,4.0689,88.7475,"98.79,96.62,95.53,94.45,92.28,91.19,87.93,94.45,92.28,91.73,91.19,90.10,88.48,85.76,90.65,89.56,89.02,87.93,87.39,85.76,83.59,87.93,87.39,86.85,85.76,85.22,84.13,81.42"
Rec-032_30s_4,3,10,3583,core,352,331,0.0,4.0,0.9874,354,334,360,337,0.4286,False,82.3702,97.7027,75.4502,6.3834,80.3349,"97.70,94.45,90.65,83.05,78.71,77.08,75.99,92.28,90.10,86.85,80.88,78.16,76.54,75.99,88.48,87.39,84.13,79.79,77.62,75.99,75.45,85.76,84.68,81.96,78.71,76.54,75.99,75.45"
Rec-032_30s_4,3,11,3584,core,355,331,0.0,3.0,0.9845,357,334,363,337,0.0,False,77.7181,89.0188,74.9074,3.2078,76.2643,"89.02,83.59,79.79,77.62,76.54,75.99,75.45,83.59,79.79,77.62,76.54,75.99,75.99,75.45,80.88,78.16,77.08,75.99,75.99,75.45,74.91,79.79,77.62,75.99,75.99,75.45,74.91,74.91"
Rec-032_30s_4,4,1,3715,core,291,331,0.0,1.0,0.9848,293,334,299,337,1.0,True,89.988,98.7882,83.5914,3.9866,89.8329,"98.79,97.70,95.53,94.45,94.45,94.45,93.36,91.73,91.19,91.19,91.19,91.19,91.19,91.19,86.85,87.93,87.93,87.93,88.48,87.93,88.48,83.59,84.68,85.22,85.76,85.76,85.76,85.76"
Rec-032_30s_4,4,2,3716,core,295,331,0.0,4.0,0.9877,297,334,303,337,1.0,True,91.4999,103.1302,86.3051,4.4079,90.3757,"103.13,100.96,98.25,95.53,94.99,94.45,93.36,95.53,94.45,93.36,92.28,91.73,91.19,91.19,89.56,89.56,89.56,89.56,89.56,89.02,89.02,86.31,86.85,86.31,86.85,86.85,86.31,86.31"
Rec-032_30s_4,4,3,3717,core,299,331,0.0,4.0,0.9863,301,334,307,337,1.0,True,92.1008,105.3012,86.3051,4.7071,91.1898,"105.30,102.04,99.33,96.62,95.53,94.45,93.36,96.62,95.53,94.45,92.28,92.28,91.19,91.19,91.19,90.65,90.10,89.56,89.56,89.02,88.48,87.93,87.93,87.39,87.39,86.85,86.31,86.31"
Rec-032_30s_4,4,4,3718,core,304,331,0.0,5.0,0.9888,306,334,312,337,1.0,True,90.8991,102.0447,85.7624,3.9711,90.3757,"102.04,98.79,96.62,94.45,93.36,92.28,91.73,95.53,94.45,92.28,91.73,91.19,90.65,90.10,90.65,89.56,89.56,89.56,88.48,88.48,87.93,87.93,87.39,86.85,86.31,85.76,85.76,85.76"
Rec-032_30s_4,4,5,3719,core,308,331,0.0,4.0,0.9868,310,334,316,337,1.0,True,91.0541,103.1302,85.7624,4.1831,90.3757,"103.13,99.87,97.16,94.99,93.36,92.28,91.73,95.53,94.45,92.28,91.73,91.19,90.65,90.10,90.65,90.10,89.56,89.56,89.02,88.48,87.93,87.39,87.39,86.85,86.31,86.31,85.76,85.76"
Rec-032_30s_4,4,6,3720,core,313,331,0.0,5.0,0.9898,315,334,321,337,1.0,True,90.2982,100.4165,85.7624,3.527,89.5616,"100.42,97.70,95.53,93.36,92.28,91.73,91.19,94.45,92.28,91.19,91.19,90.65,90.10,89.56,89.56,89.56,89.02,89.02,88.48,87.93,87.93,87.39,86.85,86.85,86.31,86.31,85.76,85.76"
Rec-032_30s_4,4,7,3721,core,317,331,0.0,4.0,0.9866,319,334,325,337,1.0,True,90.8021,101.502,86.3051,3.6978,90.1043,"101.50,98.25,96.07,94.45,93.36,92.28,92.28,94.45,93.36,92.28,91.19,91.19,90.65,90.10,90.10,89.56,89.56,89.02,88.48,88.48,88.48,87.39,87.39,86.85,86.85,86.31,86.31,86.31"
Rec-032_30s_4,4,8,3722,core,322,331,0.0,5.0,0.9905,324,334,330,337,1.0,True,91.1123,99.8737,86.8478,3.2749,90.6471,"99.87,97.70,95.53,94.45,93.36,93.36,93.36,94.45,93.36,92.28,91.19,91.19,91.19,91.19,90.10,89.56,89.56,89.56,89.56,89.56,89.56,87.39,87.39,87.39,87.39,87.39,87.39,86.85"
Rec-032_30s_4,4,9,3723,core,327,331,0.0,5.0,0.9869,329,334,335,337,1.0,True,91.6356,98.7882,87.9333,2.9941,91.4612,"98.79,97.16,95.53,94.45,94.45,94.45,94.45,94.45,93.36,92.28,92.28,92.28,92.28,92.28,90.65,90.65,90.10,90.10,90.10,90.10,90.10,87.93,87.93,87.93,87.93,87.93,87.93,87.93"
Rec-032_30s_4,4,10,3724,core,331,331,0.0,4.0,0.9905,333,334,339,337,1.0,True,93.1088,101.502,89.0188,3.3816,92.5467,"101.50,99.33,98.25,97.16,96.07,95.53,95.53,95.53,94.99,94.45,94.45,94.45,93.36,93.36,91.73,91.19,91.19,91.19,91.19,91.19,91.19,89.02,89.02,89.02,89.02,89.56,89.56,89.02"
Rec-032_30s_4,4,11,3725,core,336,331,0.0,5.0,0.9871,338,334,344,337,1.0,True,93.8454,102.0447,89.5616,3.3656,93.3608,"102.04,99.87,98.25,97.70,97.16,96.62,96.62,96.07,95.53,95.53,94.99,94.99,94.45,94.45,92.28,92.28,92.28,92.28,92.28,92.28,91.73,90.10,90.10,89.56,89.56,89.56,89.56,89.56"
Rec-032_30s_4,4,12,3726,core,345,331,0.0,9.0,0.9867,347,334,353,337,1.0,True,93.2445,102.0447,87.3906,3.5983,92.818,"102.04,100.42,98.25,97.16,96.07,94.99,94.45,97.16,96.07,95.53,94.45,93.36,92.28,91.19,93.36,93.36,92.28,91.73,91.19,90.10,89.56,91.19,90.65,90.10,89.56,89.02,87.93,87.39"
Rec-032_30s_4,4,13,3727,core,355,330,5.71,10.05,0.9882,357,333,363,336,0.0,False,79.734,98.2455,74.9074,5.3931,77.6212,"98.25,89.02,83.59,79.79,77.62,77.08,75.99,90.65,84.13,80.33,77.62,76.54,75.99,75.99,85.22,80.88,78.16,77.08,75.99,75.99,75.45,81.96,78.71,77.62,76.54,75.99,75.45,74.91"
Rec-032_30s_4,5,1,3853,core,290,331,0.0,0.0,0.9879,292,334,298,337,1.0,True,90.5889,98.2455,84.1341,4.0702,90.3757,"98.25,98.25,97.16,95.53,94.99,94.99,94.99,91.19,91.73,91.73,91.73,91.73,92.28,92.28,86.85,87.39,88.48,88.48,89.02,89.56,89.56,84.13,84.13,85.76,85.76,86.85,86.85,86.85"
Rec-032_30s_4,5,2,3854,core,293,331,0.0,3.0,0.9875,295,334,301,337,1.0,True,92.6436,103.6729,86.8478,4.3831,91.4612,"103.67,102.04,99.33,98.25,96.07,95.53,95.53,95.53,94.99,94.45,93.36,93.36,92.28,92.28,90.65,90.65,90.65,90.65,90.65,90.10,90.10,86.85,87.39,87.93,87.93,87.93,87.93,87.93"
Rec-032_30s_4,5,3,3855,core,298,331,0.0,5.0,0.9872,300,334,306,337,1.0,True,92.8762,103.6729,87.9333,3.9813,92.0039,"103.67,101.50,98.79,96.62,95.53,94.99,94.45,97.16,95.53,94.45,93.36,93.36,92.28,92.28,91.73,91.73,91.19,91.19,90.65,90.10,90.10,89.02,89.02,88.48,89.02,88.48,87.93,87.93"
Rec-032_30s_4,5,4,3856,core,302,331,0.0,4.0,0.9893,304,334,310,337,1.0,True,93.0119,105.3012,87.9333,4.237,92.0039,"105.30,102.04,99.33,97.16,95.53,94.45,94.45,97.70,95.53,94.45,93.36,93.36,92.28,91.73,92.28,91.73,91.19,91.19,90.65,90.65,89.56,89.56,89.56,89.02,88.48,87.93,87.93,87.93"
Rec-032_30s_4,5,5,3857,core,307,331,0.0,5.0,0.9883,309,334,315,337,1.0,True,91.7907,102.0447,86.8478,3.5659,91.1898,"102.04,99.33,96.62,94.99,94.45,93.36,92.28,95.53,94.45,93.36,92.28,91.73,91.19,90.65,91.73,91.19,90.65,90.10,89.56,89.56,89.02,89.02,88.48,88.48,87.93,87.93,87.39,86.85"
Rec-032_30s_4,5,6,3858,core,311,331,0.0,4.0,0.9901,313,334,319,337,1.0,True,91.7132,102.0447,87.3906,3.5604,90.9184,"102.04,99.33,97.16,94.99,93.36,92.28,92.28,96.07,94.45,93.36,92.28,91.19,91.19,90.65,91.19,90.65,90.65,90.10,89.56,89.56,89.02,89.02,88.48,87.93,87.93,87.93,87.93,87.39"
Rec-032_30s_4,5,7,3859,core,316,331,0.0,5.0,0.9894,318,334,324,337,1.0,True,91.3255,100.4165,87.3906,3.1568,91.1898,"100.42,98.25,95.53,94.45,93.36,92.28,92.28,94.45,93.36,92.28,91.73,91.19,91.19,91.19,91.19,90.65,90.10,90.10,89.56,89.56,89.02,88.48,87.93,87.93,87.93,87.93,87.39,87.39"
Rec-032_30s_4,5,8,3860,core,320,331,0.0,4.0,0.99,322,334,328,337,1.0,True,91.907,102.0447,87.9333,3.5295,91.1898,"102.04,98.79,97.16,95.53,94.45,93.36,93.36,95.53,94.45,93.36,92.28,91.73,91.73,91.19,91.19,91.19,90.65,90.10,89.56,89.56,89.56,88.48,88.48,87.93,87.93,87.93,87.93,87.93"
Rec-032_30s_4,5,9,3861,core,325,331,0.0,5.0,0.9897,327,334,333,337,1.0,True,92.1396,100.4165,88.4761,3.0206,91.7325,"100.42,98.25,96.07,95.53,94.45,94.45,94.45,94.45,93.36,93.36,92.28,92.28,92.28,92.28,91.19,91.19,91.19,90.65,90.65,90.10,90.10,89.02,89.02,89.02,88.48,88.48,88.48,88.48"
Rec-032_30s_4,5,10,3862,core,329,331,0.0,4.0,0.9899,331,334,337,337,1.0,True,93.2832,102.0447,89.5616,3.3574,92.818,"102.04,99.87,98.25,97.16,96.07,95.53,95.53,96.07,95.53,94.45,94.45,93.36,93.36,93.36,92.28,91.73,91.19,91.19,91.19,91.19,91.19,89.56,89.56,89.56,89.56,89.56,89.56,89.56"
Rec-032_30s_4,5,11,3863,core,334,331,0.0,5.0,0.9903,336,334,342,337,1.0,True,94.0004,102.0447,90.1043,3.0875,93.9035,"102.04,99.87,98.25,97.70,96.62,96.07,96.07,96.62,95.53,94.99,94.99,94.45,94.45,94.45,93.36,92.28,92.28,92.28,92.28,92.28,92.28,90.65,90.65,90.65,90.65,90.10,90.10,90.10"
Rec-032_30s_4,5,12,3864,core,338,331,0.0,4.0,0.9893,340,334,346,337,1.0,True,94.7176,103.1302,90.6471,3.3315,94.1749,"103.13,101.50,99.33,98.25,97.70,97.16,97.16,97.70,96.62,95.53,95.53,95.53,94.99,94.99,93.36,93.36,93.36,93.36,92.28,92.28,92.28,91.19,91.19,91.19,91.19,90.65,90.65,90.65"
Rec-032_30s_4,5,13,3865,core,343,331,0.0,5.0,0.99,345,334,351,337,1.0,True,94.6401,103.1302,89.5616,3.4547,94.4463,"103.13,101.50,99.87,98.25,97.70,97.16,96.07,97.70,97.16,96.07,95.53,95.53,94.45,93.36,94.45,94.45,93.36,93.36,92.28,91.73,91.19,91.73,91.19,91.19,91.19,90.65,90.10,89.56"
Rec-032_30s_4,5,14,3866,core,347,331,0.0,4.0,0.9882,349,334,355,337,1.0,True,93.0894,104.2157,85.7624,4.3238,92.2753,"104.22,102.04,99.33,97.70,95.53,94.45,92.28,98.25,96.62,95.53,94.45,92.28,91.19,89.56,94.45,93.36,92.28,91.19,90.65,89.56,87.93,91.19,91.19,90.10,89.56,88.48,87.39,85.76"
Rec-032_30s_4,5,15,3867,core,352,331,0.0,5.0,0.9881,354,334,360,337,0.4286,False,83.4945,99.331,75.4502,6.943,81.9631,"99.33,95.53,91.73,84.13,79.79,77.08,75.99,94.45,91.73,89.02,83.05,78.71,77.08,75.99,90.65,89.02,85.76,80.88,78.16,76.54,75.45,87.93,86.85,84.13,79.79,77.62,75.99,75.45"
Rec-032_30s_4,5,16,3868,core,355,331,0.0,3.0,0.9866,357,334,363,337,0.0,False,78.2027,90.6471,74.9074,3.6752,76.8071,"90.65,84.13,80.33,77.62,76.54,75.99,75.99,85.76,80.88,78.71,77.08,75.99,75.99,75.99,82.51,78.71,77.62,75.99,75.99,75.45,74.91,80.88,77.62,77.08,75.99,75.45,74.91,74.91"
Rec-032_30s_4,6,1,3994,core,290,331,0.0,0.0,0.9891,292,334,298,337,1.0,True,91.151,98.2455,84.1341,3.9643,90.9184,"98.25,98.25,97.70,96.07,95.53,95.53,95.53,91.73,92.28,92.28,92.28,92.28,92.28,93.36,87.39,87.93,89.02,89.56,89.56,90.10,90.10,84.13,85.22,85.76,86.85,87.39,87.93,87.93"
Rec-032_30s_4,6,2,3995,core,291,331,0.0,1.0,0.9842,293,334,299,337,1.0,True,93.07,103.1302,85.7624,4.4744,92.2753,"103.13,102.04,100.42,98.25,97.16,97.16,96.07,95.53,94.99,94.45,94.45,94.45,94.45,93.36,89.56,90.10,90.65,91.19,91.19,91.19,91.19,85.76,87.39,87.93,87.93,88.48,88.48,89.02"
Rec-032_30s_4,6,3,3996,core,300,331,0.0,9.0,0.9868,302,334,308,337,1.0,True,94.582,107.4722,89.0188,4.547,93.9035,"107.47,104.22,101.50,98.79,97.70,96.07,95.53,99.33,98.25,96.07,95.53,94.45,94.45,93.36,94.45,93.36,92.28,92.28,91.73,91.19,91.19,90.65,90.65,90.10,89.56,89.56,89.56,89.02"
Rec-032_30s_4,6,4,3997,core,305,331,0.0,5.0,0.9899,307,334,313,337,1.0,True,93.6321,105.3012,88.4761,3.9124,92.818,"105.30,102.04,98.79,97.16,96.07,94.99,94.45,98.25,96.07,94.99,94.45,93.36,93.36,92.28,93.36,92.28,92.28,91.73,91.19,91.19,90.65,90.65,90.10,89.56,89.56,89.56,89.56,88.48"
Rec-032_30s_4,6,5,3998,core,309,331,0.0,4.0,0.9875,311,334,317,337,1.0,True,93.6515,105.3012,89.0188,4.029,92.818,"105.30,102.04,99.87,97.70,95.53,94.99,94.45,98.25,96.62,95.53,94.45,93.36,93.36,92.28,93.36,92.28,91.73,91.19,91.19,91.19,90.65,90.10,90.10,89.56,89.56,89.56,89.02,89.02"
Rec-032_30s_4,6,6,3999,core,323,331,0.0,14.0,0.9917,325,334,331,337,1.0,True,92.5854,102.0447,89.0188,3.2319,92.0039,"102.04,99.33,97.16,95.53,94.99,94.45,94.45,95.53,94.45,93.36,93.36,92.28,92.28,92.28,91.73,91.19,91.19,90.65,90.65,90.65,90.65,89.56,89.56,89.02,89.02,89.02,89.02,89.02"
Rec-032_30s_4,6,7,4000,core,328,331,0.0,5.0,0.9888,330,334,336,337,1.0,True,92.9731,100.4165,89.5616,2.9294,92.5467,"100.42,98.25,97.16,96.07,95.53,95.53,95.53,95.53,94.45,94.45,93.36,93.36,93.36,93.36,91.73,91.19,91.73,91.19,91.19,91.19,91.73,89.56,89.56,89.56,89.56,89.56,89.56,89.56"
Rec-032_30s_4,6,8,4001,core,337,331,0.0,9.0,0.9889,339,334,345,337,1.0,True,94.989,103.1302,91.1898,3.1313,94.989,"103.13,100.96,98.79,98.25,97.70,97.70,97.16,97.70,96.62,96.07,95.53,95.53,95.53,95.53,94.45,94.45,93.36,93.36,93.36,93.36,92.28,91.73,91.19,91.19,91.19,91.19,91.19,91.19"
Rec-032_30s_4,6,9,4002,core,346,331,0.0,9.0,0.9882,348,334,354,337,1.0,True,94.0974,103.1302,87.9333,3.7664,93.9035,"103.13,101.50,99.87,98.25,97.16,95.53,94.45,98.25,97.16,96.07,95.53,94.45,93.36,91.73,94.45,94.45,93.36,92.28,91.73,90.65,89.56,92.28,91.73,91.19,90.10,89.56,89.02,87.93"
Rec-032_30s_4,6,10,4003,core,350,331,0.0,4.0,0.9895,352,334,358,337,0.7143,False,88.7475,103.1302,77.0784,6.8338,89.2902,"103.13,100.42,97.16,94.45,91.19,83.59,78.71,96.62,95.53,93.36,91.73,89.02,83.05,78.71,93.36,91.73,90.65,89.02,86.31,81.42,77.62,90.65,89.56,89.02,87.39,84.68,79.79,77.08"
Rec-032_30s_4,6,11,4004,core,355,331,0.0,5.0,0.9853,357,334,363,337,0.0,False,77.6987,87.9333,74.3647,3.1571,76.2643,"87.93,81.96,78.71,77.62,75.99,75.99,75.45,84.13,80.33,77.62,76.54,75.99,75.45,74.91,82.51,78.71,77.08,75.99,75.99,75.45,74.91,80.88,77.62,76.54,75.99,75.45,75.45,74.36"
Rec-G3_S60_1,1,1,1802,core,317,318,0.0,0.0,0.9852,319,320,325,323,1.0,True,76.2062,84.6769,71.651,3.9281,75.4502,"84.68,84.13,82.51,80.88,80.33,79.79,79.79,78.71,78.16,77.62,77.62,77.08,76.54,76.54,73.82,73.82,73.82,74.36,73.82,73.82,73.82,72.19,71.65,71.65,71.65,71.65,71.65,71.65"
Rec-G3_S60_1,1,2,1803,core,322,319,-11.31,5.1,0.983,324,321,330,324,1.0,True,74.3841,80.8776,70.5655,2.8553,73.822,"80.88,79.79,78.71,78.16,77.62,77.08,76.54,75.99,75.99,75.99,74.91,74.36,74.36,73.82,73.82,73.82,73.28,72.74,72.74,72.19,71.65,71.65,71.65,71.65,71.65,70.57,70.57,70.57"
Rec-G3_S60_1,1,3,1804,core,327,318,11.31,5.1,0.9805,329,320,335,323,1.0,True,76.7101,86.3051,71.651,3.7012,75.9929,"86.31,84.13,82.51,80.88,79.79,78.71,78.71,80.33,78.71,78.16,77.62,77.08,76.54,75.99,75.99,75.45,75.45,74.91,74.36,73.82,73.82,73.82,73.28,72.74,72.74,72.19,72.19,71.65"
Rec-G3_S60_1,1,4,1805,core,331,318,0.0,4.0,0.9795,333,320,339,323,1.0,True,76.8846,87.3906,72.1937,3.8684,75.9929,"87.39,85.22,83.05,80.88,79.79,78.71,78.71,80.88,78.71,78.16,77.62,77.08,76.54,75.99,75.99,75.45,75.45,74.91,74.36,73.82,73.82,73.82,73.28,73.28,72.74,72.74,72.19,72.19"
Rec-G3_S60_1,1,5,1806,core,336,318,0.0,5.0,0.9795,338,320,344,323,1.0,True,76.5551,85.7624,72.1937,3.6045,75.9929,"85.76,84.13,81.96,80.88,79.79,78.71,78.16,79.79,78.71,77.62,77.62,77.08,75.99,75.99,75.45,75.99,75.45,74.36,73.82,73.82,73.82,73.28,73.28,72.74,72.74,72.19,72.19,72.19"
Rec-G3_S60_1,1,6,1807,core,341,318,0.0,5.0,0.9798,343,320,349,323,1.0,True,76.6714,85.2196,72.7365,3.3129,76.2643,"85.22,83.05,81.42,80.33,79.79,79.79,78.71,79.79,78.16,77.62,77.62,77.08,76.54,76.54,75.99,75.45,74.91,74.91,74.36,74.36,73.82,73.82,73.28,73.28,72.74,72.74,72.74,72.74"
Rec-G3_S60_1,1,7,1808,core,346,318,0.0,5.0,0.9791,348,320,354,323,1.0,True,76.9815,84.6769,73.2792,3.0601,76.2643,"84.68,83.05,81.42,80.88,79.79,79.79,78.71,79.79,78.71,77.62,77.62,77.08,77.08,76.54,75.99,75.99,75.45,75.45,74.91,74.91,74.91,73.82,73.82,73.82,73.82,73.28,73.28,73.28"
Rec-G3_S60_1,1,8,1809,core,351,318,0.0,5.0,0.977,353,320,359,323,1.0,True,77.3304,84.1341,73.822,2.8627,77.0784,"84.13,83.05,81.42,80.88,79.79,79.79,79.79,79.79,78.71,78.16,77.62,77.62,77.62,77.62,76.54,75.99,75.99,75.99,75.99,75.45,75.45,74.36,74.36,73.82,73.82,73.82,73.82,73.82"
Rec-G3_S60_1,1,9,1810,core,355,318,0.0,4.0,0.974,357,320,363,323,1.0,True,78.1252,85.7624,74.9074,3.0321,77.6212,"85.76,84.13,83.05,81.42,80.88,80.88,80.88,80.33,79.79,78.71,78.71,78.16,78.16,78.16,77.08,76.54,76.54,75.99,75.99,75.99,75.99,74.91,74.91,74.91,74.91,74.91,74.91,74.91"
Rec-G3_S60_1,1,10,1811,core,360,318,0.0,5.0,0.9743,362,320,368,323,1.0,True,78.9587,85.7624,75.9929,2.7195,78.1639,"85.76,84.13,83.05,82.51,81.96,81.42,81.42,80.88,79.79,79.79,79.79,78.71,78.71,78.71,77.62,77.62,77.62,77.62,77.62,77.08,77.08,75.99,75.99,75.99,75.99,75.99,75.99,75.99"
Rec-G3_S60_1,1,11,1812,core,365,318,0.0,5.0,0.9744,367,320,373,323,1.0,True,79.4045,85.7624,75.9929,2.6702,78.978,"85.76,84.13,83.05,83.05,82.51,81.96,81.96,80.88,80.88,80.33,79.79,79.79,79.79,79.79,78.16,78.16,78.16,77.62,77.62,77.62,77.62,76.54,76.54,76.54,76.54,76.54,75.99,75.99"
Rec-G3_S60_1,1,12,1813,core,370,317,11.31,5.1,0.9758,372,319,378,322,1.0,True,82.6222,92.2753,78.1639,3.7444,82.2345,"92.28,90.10,87.93,86.85,85.76,85.76,85.76,85.76,84.13,83.59,83.05,83.05,83.05,83.05,81.42,80.88,80.88,80.33,80.33,80.33,80.33,78.71,78.71,78.71,78.16,78.16,78.16,78.16"
Rec-G3_S60_1,1,13,1814,core,375,317,0.0,5.0,0.9741,377,319,383,322,1.0,True,83.4169,92.2753,78.1639,3.7744,83.0486,"92.28,90.10,88.48,87.93,87.93,87.39,86.85,86.31,85.22,84.13,84.13,84.13,84.13,84.13,81.96,81.96,81.42,80.88,80.88,80.88,80.88,79.79,79.79,79.79,78.71,78.71,78.71,78.16"
Rec-G3_S60_1,1,14,1815,core,380,317,0.0,5.0,0.9723,382,319,388,322,1.0,True,82.3896,92.2753,75.9929,4.1975,81.4204,"92.28,90.65,89.02,87.93,86.31,84.13,80.33,86.31,85.76,85.22,84.13,83.05,81.42,78.71,83.05,81.96,81.42,80.88,80.33,78.71,77.08,79.79,79.79,78.71,78.71,78.16,77.08,75.99"
Rec-G3_S60_1,1,15,1816,core,384,317,0.0,4.0,0.9734,386,319,392,322,0.4286,False,79.0168,93.3608,74.9074,4.5903,77.3498,"93.36,89.56,84.13,79.79,77.62,76.54,75.99,86.31,84.13,80.88,77.62,76.54,75.99,75.45,81.96,80.33,78.16,76.54,75.99,75.45,74.91,78.71,78.16,77.08,75.99,75.45,74.91,74.91"
Rec-G3_S60_1,1,16,1817,core,386,317,0.0,2.0,0.9786,388,319,394,322,0.1429,False,77.4855,89.0188,74.3647,3.1867,75.9929,"89.02,83.59,80.33,78.16,77.08,75.99,75.99,83.05,79.79,77.62,76.54,75.99,75.99,75.45,79.79,77.62,76.54,75.99,75.45,75.45,74.91,77.62,75.99,75.99,75.45,74.91,74.91,74.36"
Rec-G3_S60_1,2,1,1975,core,317,319,-90.0,1.0,0.9825,319,321,325,324,1.0,True,80.238,85.7624,75.9929,3.2469,79.7922,"85.76,85.22,85.22,84.68,84.68,84.68,84.68,80.88,80.88,80.88,81.42,81.42,81.42,81.42,77.62,78.16,78.16,78.71,78.71,78.71,78.71,75.99,75.99,76.54,76.54,76.54,76.54,76.54"
Rec-G3_S60_1,2,2,1976,core,322,319,0.0,5.0,0.9794,324,321,330,324,1.0,True,81.149,87.9333,75.9929,3.4219,80.3349,"87.93,87.39,86.31,85.76,85.22,84.68,84.13,83.05,83.05,83.05,82.51,81.96,81.42,80.88,79.79,79.79,79.79,79.79,78.71,78.71,78.71,77.62,77.62,77.62,77.08,77.08,76.54,75.99"
Rec-G3_S60_1,2,3,1977,core,327,318,11.31,5.1,0.9775,329,320,335,323,1.0,True,83.824,94.4463,78.1639,4.1976,83.32,"94.45,91.73,90.10,88.48,87.93,86.85,86.31,87.93,86.31,85.76,84.68,84.13,83.59,83.59,83.05,82.51,81.96,81.42,80.88,80.88,80.88,79.79,79.79,79.79,78.71,78.71,78.71,78.16"
Rec-G3_S60_1,2,4,1978,core,331,318,0.0,4.0,0.9779,333,320,339,323,1.0,True,83.8627,94.4463,78.7067,4.1828,83.32,"94.45,92.28,90.10,88.48,87.93,86.85,85.76,87.93,86.31,85.22,84.68,84.13,84.13,83.59,83.05,82.51,81.96,81.96,80.88,80.88,80.88,79.79,79.79,79.79,78.71,78.71,78.71,78.71"
Rec-G3_S60_1,2,5,1979,core,336,318,0.0,5.0,0.9773,338,320,344,323,1.0,True,83.3588,93.3608,78.1639,3.9096,83.0486,"93.36,91.19,89.02,87.93,86.85,85.76,85.76,86.85,85.76,84.68,84.13,83.59,83.05,83.05,82.51,83.05,81.96,80.88,80.88,80.88,80.33,79.79,79.79,78.71,78.71,78.71,78.71,78.16"
Rec-G3_S60_1,2,6,1980,core,341,318,0.0,5.0,0.9758,343,320,349,323,1.0,True,82.8354,91.1898,78.1639,3.4183,82.5059,"91.19,89.56,87.93,86.85,85.76,85.76,85.22,85.76,84.68,84.13,83.59,83.05,83.05,83.05,81.96,81.42,80.88,80.88,80.88,80.88,80.33,79.79,79.79,78.71,78.71,78.71,78.71,78.16"
Rec-G3_S60_1,2,7,1981,core,346,318,0.0,5.0,0.9735,348,320,354,323,1.0,True,82.7191,90.6471,78.7067,3.212,82.2345,"90.65,89.02,87.39,86.31,85.76,85.22,85.22,85.22,84.13,84.13,83.59,83.05,83.05,83.05,81.42,81.42,81.42,80.88,80.88,80.88,80.33,79.79,79.79,78.71,78.71,78.71,78.71,78.71"
Rec-G3_S60_1,2,8,1982,core,351,318,0.0,5.0,0.9701,353,320,359,323,1.0,True,82.7191,89.5616,78.7067,2.9276,82.5059,"89.56,87.93,86.85,85.76,85.76,85.76,85.76,85.22,84.13,83.59,83.59,83.05,83.05,83.05,81.96,81.42,80.88,80.88,80.88,80.88,80.88,79.79,79.79,79.79,79.79,78.71,78.71,78.71"
Rec-G3_S60_1,2,9,1983,core,355,318,0.0,4.0,0.9709,357,320,363,323,1.0,True,83.3975,90.6471,79.7922,3.1354,83.0486,"90.65,89.02,87.93,87.39,86.85,86.85,86.31,85.22,84.68,84.13,84.13,84.13,84.13,84.13,81.96,81.96,81.42,81.42,81.42,81.42,81.42,79.79,79.79,79.79,79.79,79.79,79.79,79.79"
Rec-G3_S60_1,2,10,1984,core,360,318,0.0,5.0,0.9708,362,320,368,323,1.0,True,84.2117,91.1898,80.3349,3.187,83.8627,"91.19,89.56,89.02,87.93,87.93,87.93,87.93,85.76,85.22,85.22,85.22,84.68,84.68,84.68,83.05,83.05,82.51,82.51,82.51,82.51,82.51,80.33,80.33,80.33,80.33,80.33,80.33,80.33"
Rec-G3_S60_1,2,11,1985,core,365,317,11.31,5.1,0.971,367,319,373,322,1.0,True,88.0109,98.2455,83.0486,4.2209,87.1192,"98.25,96.07,94.45,93.36,92.28,91.73,91.19,91.19,90.10,89.56,89.02,88.48,87.93,87.93,86.31,86.31,85.76,85.76,85.76,85.22,85.22,83.59,83.59,83.05,83.05,83.05,83.05,83.05"
Rec-G3_S60_1,2,12,1986,core,370,317,0.0,5.0,0.974,372,319,378,322,1.0,True,88.6893,98.2455,84.1341,3.9654,88.2047,"98.25,96.07,94.99,93.36,92.28,92.28,92.28,91.19,90.65,89.56,89.56,89.56,89.56,89.56,86.85,86.85,86.31,86.31,86.31,86.31,86.31,84.13,84.13,84.13,84.13,84.13,84.13,84.13"
Rec-G3_S60_1,2,13,1987,core,375,317,0.0,5.0,0.973,377,319,383,322,1.0,True,88.9994,98.7882,83.5914,4.0498,88.4761,"98.79,96.62,94.99,93.36,93.36,92.28,91.73,92.28,91.19,90.65,90.10,89.56,89.56,89.02,87.93,87.93,87.39,86.85,86.85,86.31,85.76,84.68,84.68,84.13,84.13,84.13,84.13,83.59"
Rec-G3_S60_1,2,14,1988,core,379,317,0.0,4.0,0.9715,381,319,387,322,1.0,True,88.3598,100.4165,80.3349,4.7986,87.9333,"100.42,98.25,95.53,93.36,92.28,90.65,87.93,93.36,91.73,91.19,90.10,89.02,87.93,85.22,88.48,87.93,87.39,86.31,85.76,84.68,83.05,85.22,84.68,84.13,84.13,83.05,81.96,80.33"
Rec-G3_S60_1,2,15,1989,core,384,317,0.0,5.0,0.9741,386,319,392,322,0.4286,False,80.6644,97.16,74.9074,5.7573,78.1639,"97.16,92.28,85.76,80.88,77.62,76.54,75.99,90.65,87.93,83.05,78.71,77.08,75.99,75.99,86.31,84.13,80.88,77.62,76.54,75.99,75.45,83.05,81.42,78.71,76.54,75.99,75.45,74.91"
Rec-G3_S60_1,2,16,1990,core,386,317,0.0,2.0,0.9784,388,319,394,322,0.1429,False,78.0476,91.1898,74.3647,3.6964,76.5357,"91.19,84.68,80.88,78.16,77.08,75.99,75.99,84.68,80.88,78.16,77.08,75.99,75.99,75.45,81.42,78.71,77.08,75.99,75.99,75.45,75.45,79.79,77.08,75.99,75.99,74.91,74.91,74.36"
Rec-G3_S60_1,3,1,2144,core,317,319,-90.0,1.0,0.9814,319,321,325,324,1.0,True,83.32,87.9333,78.7067,3.0513,82.7773,"86.85,87.39,87.93,87.93,87.93,87.93,87.93,83.05,83.59,84.13,84.13,84.68,84.68,84.68,80.88,81.42,81.42,81.96,82.51,82.51,82.51,78.71,78.71,79.79,79.79,79.79,80.33,79.79"
Rec-G3_S60_1,3,2,2145,core,319,319,0.0,2.0,0.9821,321,321,327,324,1.0,True,84.4249,89.5616,79.7922,3.0924,84.1341,"89.56,89.56,89.02,88.48,88.48,88.48,87.93,85.22,85.76,85.76,85.76,85.22,85.22,85.22,82.51,83.05,83.05,83.05,83.05,83.05,83.05,79.79,80.33,80.88,80.88,80.88,80.33,80.33"
Rec-G3_S60_1,3,3,2146,core,324,318,11.31,5.1,0.9772,326,320,332,323,1.0,True,87.8558,98.2455,83.0486,3.9691,87.3906,"98.25,95.53,93.36,92.28,91.19,91.19,90.10,91.19,90.10,89.56,89.02,88.48,87.93,87.93,86.85,86.31,85.76,85.76,85.76,85.22,84.68,84.13,83.59,83.59,83.05,83.05,83.05,83.05"
Rec-G3_S60_1,3,4,2147,core,328,318,0.0,4.0,0.9774,330,320,336,323,1.0,True,88.0109,98.7882,83.0486,4.1606,87.3906,"98.79,96.62,94.45,92.28,91.19,91.19,90.10,91.73,90.65,89.56,89.02,88.48,87.93,87.93,86.85,86.31,85.76,85.76,85.22,85.22,85.22,84.13,84.13,83.59,83.05,83.05,83.05,83.05"
Rec-G3_S60_1,3,5,2148,core,333,318,0.0,5.0,0.9776,335,320,341,323,1.0,True,87.4487,97.16,82.5059,3.7891,86.8478,"97.16,94.99,93.36,91.19,90.65,90.10,89.56,91.19,89.56,89.02,88.48,87.93,87.39,87.39,86.31,85.76,85.76,85.76,85.22,84.68,84.68,84.13,83.59,83.05,83.05,83.05,83.05,82.51"
Rec-G3_S60_1,3,6,2149,core,338,318,0.0,5.0,0.9763,340,320,346,323,1.0,True,87.0029,95.5318,81.9631,3.591,86.8478,"95.53,94.45,92.28,91.19,90.10,89.56,89.02,90.10,89.56,88.48,87.93,87.39,86.85,86.85,86.85,85.76,85.76,85.22,84.68,84.13,84.13,83.59,83.05,83.05,83.05,83.05,82.51,81.96"
Rec-G3_S60_1,3,7,2150,core,343,318,0.0,5.0,0.9734,345,320,351,323,1.0,True,86.8091,94.989,82.5059,3.3012,86.3051,"94.99,93.36,91.19,90.65,89.56,89.56,89.02,89.56,89.02,87.93,87.93,87.39,86.85,86.85,85.76,85.76,85.76,85.22,84.68,84.68,84.13,83.59,83.05,83.05,83.05,83.05,82.51,82.51"
Rec-G3_S60_1,3,8,2151,core,348,318,0.0,5.0,0.9709,350,320,356,323,1.0,True,86.7509,94.4463,83.0486,3.1079,86.3051,"94.45,92.28,91.19,90.10,89.56,89.56,89.56,89.02,88.48,87.93,87.93,87.39,87.39,86.85,85.76,85.76,85.22,85.22,84.68,84.68,84.13,83.59,83.05,83.05,83.05,83.05,83.05,83.05"
Rec-G3_S60_1,3,9,2152,core,352,318,0.0,4.0,0.9703,354,320,360,323,1.0,True,87.5069,95.5318,83.5914,3.2479,86.8478,"95.53,93.36,92.28,91.19,90.65,90.65,90.65,89.56,89.56,88.48,87.93,87.93,87.93,87.93,85.76,85.76,85.76,85.76,85.76,85.76,85.76,84.13,84.13,83.59,83.59,83.59,83.59,83.59"
Rec-G3_S60_1,3,10,2153,core,357,318,0.0,5.0,0.9701,359,320,365,323,1.0,True,88.1272,95.5318,84.1341,3.3021,87.9333,"95.53,94.45,92.28,92.28,91.73,91.19,91.19,90.10,89.56,89.56,89.02,89.02,89.02,89.02,86.85,86.31,86.31,86.31,86.31,86.31,86.31,84.13,84.13,84.13,84.13,84.13,84.13,84.13"
Rec-G3_S60_1,3,11,2154,core,362,317,11.31,5.1,0.9698,364,319,370,322,1.0,True,91.9652,103.1302,86.8478,4.2672,91.1898,"103.13,100.42,98.25,96.62,95.53,95.53,94.99,95.53,94.45,93.36,92.28,92.28,92.28,91.73,90.65,90.10,89.56,89.56,89.56,89.56,89.56,87.93,87.39,87.39,86.85,86.85,86.85,86.85"
Rec-G3_S60_1,3,12,2155,core,367,317,0.0,5.0,0.9728,369,319,375,322,1.0,True,91.9845,102.0447,86.8478,3.987,91.7325,"102.04,99.87,97.70,96.07,95.53,95.53,94.99,95.53,94.45,93.36,92.28,92.28,92.28,92.28,91.19,90.10,89.56,89.56,89.56,89.56,89.56,87.93,87.93,87.39,87.39,87.39,87.39,86.85"
Rec-G3_S60_1,3,13,2156,core,372,317,0.0,5.0,0.9733,374,319,380,322,1.0,True,92.1978,102.0447,87.3906,3.8752,91.7325,"102.04,99.33,97.70,96.62,95.53,95.53,94.99,95.53,94.45,93.36,93.36,93.36,92.28,92.28,91.19,90.65,90.10,90.10,90.10,89.56,89.56,87.93,87.93,87.93,87.93,87.39,87.39,87.39"
Rec-G3_S60_1,3,14,2157,core,376,317,0.0,4.0,0.9722,378,319,384,322,1.0,True,92.2172,103.1302,85.7624,4.2522,91.4612,"103.13,100.96,98.25,97.16,95.53,94.45,93.36,96.62,95.53,94.45,93.36,92.28,91.73,91.19,91.73,91.19,90.65,90.10,89.56,89.56,88.48,88.48,88.48,87.93,87.93,87.39,86.85,85.76"
Rec-G3_S60_1,3,15,2158,core,381,317,0.0,5.0,0.9746,383,319,389,322,0.8571,False,87.5456,101.502,77.0784,6.2657,87.662,"101.50,98.79,96.07,94.45,90.65,84.68,79.79,94.99,93.36,91.73,90.65,87.93,83.05,78.71,90.65,89.56,88.48,87.39,85.22,80.88,77.62,87.93,86.85,85.76,84.68,83.05,79.79,77.08"
Rec-G3_S60_1,3,16,2159,core,386,317,0.0,5.0,0.9764,388,319,394,322,0.1429,False,77.9895,90.6471,74.3647,3.6468,76.2643,"90.65,83.59,79.79,77.62,76.54,75.99,75.99,85.22,80.33,78.16,77.08,75.99,75.99,75.45,82.51,78.71,77.08,75.99,75.99,75.45,74.91,80.88,77.62,75.99,75.99,74.91,74.91,74.36"
Rec-G3_S60_1,3,17,2160,core,386,317,0.0,0.0,0.9829,388,319,394,322,0.1429,False,78.1058,91.1898,74.3647,3.7918,76.2643,"91.19,84.13,80.33,77.62,76.54,75.99,75.99,85.76,80.88,78.16,77.08,75.99,75.99,75.45,82.51,78.71,77.08,75.99,75.99,75.45,74.91,80.88,77.62,75.99,75.99,75.45,74.91,74.36"
Rec-G3_S60_1,4,1,2311,core,317,319,-90.0,1.0,0.9813,319,321,325,324,1.0,True,85.3359,89.5616,80.3349,2.8769,84.6769,"88.48,89.02,89.56,89.56,89.56,89.56,89.56,84.13,85.76,85.76,86.85,86.85,86.85,87.39,82.51,83.05,83.59,84.13,84.13,84.68,84.68,80.33,80.88,81.96,81.96,82.51,83.05,83.05"
Rec-G3_S60_1,4,2,2312,core,320,319,0.0,3.0,0.9801,322,321,328,324,1.0,True,86.9448,92.2753,83.0486,3.0943,86.8478,"92.28,92.28,91.19,91.19,91.19,90.65,90.65,87.93,87.93,87.93,87.93,87.93,87.93,87.93,84.68,85.76,85.76,85.76,85.76,85.22,85.22,83.05,83.05,83.05,83.05,83.05,83.05,83.05"
Rec-G3_S60_1,4,3,2313,core,325,318,11.31,5.1,0.9784,327,320,333,323,1.0,True,90.6277,100.9592,85.2196,4.0912,90.1043,"100.96,98.25,96.62,95.53,94.45,93.36,92.28,94.45,93.36,92.28,91.73,91.19,91.19,90.65,89.56,89.56,89.02,88.48,87.93,87.93,87.93,86.31,86.31,85.76,85.76,85.76,85.76,85.22"
Rec-G3_S60_1,4,4,2314,core,330,318,0.0,5.0,0.9785,332,320,338,323,1.0,True,90.24,99.8737,85.2196,3.748,89.5616,"99.87,97.70,95.53,94.45,93.36,92.28,91.73,94.45,92.28,91.73,91.19,90.65,90.65,89.56,89.56,89.56,89.02,88.48,87.93,87.93,87.39,86.85,86.31,86.31,85.76,85.76,85.22,85.22"
Rec-G3_S60_1,4,5,2315,core,335,318,0.0,5.0,0.9767,337,320,343,323,1.0,True,89.7166,98.2455,84.6769,3.4536,89.5616,"98.25,96.62,94.99,93.36,92.28,91.73,91.19,93.36,91.73,91.19,91.19,90.10,89.56,89.56,89.56,89.02,88.48,87.93,87.93,87.39,86.85,86.31,86.31,85.76,85.76,85.76,85.22,84.68"
Rec-G3_S60_1,4,6,2316,core,340,318,0.0,5.0,0.9736,342,320,348,323,1.0,True,89.0382,97.16,84.6769,3.1597,88.7475,"97.16,94.99,93.36,92.28,91.73,91.19,91.19,91.73,91.19,90.65,89.56,89.56,89.56,89.02,88.48,87.93,87.93,87.39,87.39,86.85,86.85,85.76,85.76,85.76,85.22,85.22,84.68,84.68"
Rec-G3_S60_1,4,7,2317,core,344,318,0.0,4.0,0.9735,346,320,352,323,1.0,True,89.3096,97.7027,85.2196,3.1994,89.0188,"97.70,95.53,94.45,92.28,91.73,91.19,91.19,92.28,91.19,90.65,90.10,89.56,89.56,89.56,88.48,87.93,87.93,87.93,87.93,87.39,86.85,85.76,85.76,85.76,85.76,85.76,85.22,85.22"
Rec-G3_S60_1,4,8,2318,core,349,318,0.0,5.0,0.9726,351,320,357,323,1.0,True,89.2127,96.6172,85.2196,2.97,89.0188,"96.62,94.99,93.36,92.28,92.28,91.73,91.19,91.19,91.19,90.10,90.10,89.56,89.56,89.56,88.48,87.93,87.93,87.93,87.39,87.39,87.39,85.76,85.76,85.76,85.76,85.76,85.76,85.22"
Rec-G3_S60_1,4,9,2319,core,354,318,0.0,5.0,0.9709,356,320,362,323,1.0,True,89.581,96.6172,85.7624,3.0821,89.2902,"96.62,94.99,94.45,93.36,92.28,92.28,92.28,91.73,91.19,91.19,90.65,90.10,90.10,90.10,88.48,87.93,87.93,87.93,87.93,87.93,87.93,86.31,85.76,85.76,85.76,85.76,85.76,85.76"
Rec-G3_S60_1,4,10,2320,core,359,318,0.0,5.0,0.9692,361,320,367,323,1.0,True,90.5114,96.6172,86.8478,2.9214,90.3757,"96.62,95.53,94.45,94.45,94.45,93.36,93.36,92.28,91.73,91.19,91.19,91.19,91.19,91.19,89.56,89.56,89.02,89.02,89.02,89.02,89.02,86.85,86.85,86.85,86.85,86.85,86.85,86.85"
Rec-G3_S60_1,4,11,2321,core,364,317,11.31,5.1,0.969,366,319,372,322,1.0,True,94.1749,103.6729,89.5616,3.756,93.9035,"103.67,101.50,99.33,98.25,97.70,97.16,96.62,97.16,96.07,95.53,94.99,94.99,94.99,94.45,93.36,92.28,92.28,92.28,92.28,92.28,91.73,90.10,90.10,89.56,89.56,89.56,89.56,89.56"
Rec-G3_S60_1,4,12,2322,core,368,317,0.0,4.0,0.9701,370,319,376,322,1.0,True,95.2022,106.3867,90.1043,4.1949,94.989,"106.39,103.67,101.50,99.33,98.25,98.25,97.70,98.79,97.70,96.62,96.07,95.53,95.53,95.53,94.45,93.36,93.36,93.36,92.28,92.28,92.28,90.65,90.65,90.65,90.65,90.65,90.10,90.10"
Rec-G3_S60_1,4,13,2323,core,373,317,0.0,5.0,0.9732,375,319,381,322,1.0,True,95.4155,105.8439,89.5616,4.0521,94.7176,"105.84,103.13,101.50,99.87,98.79,98.25,97.16,98.79,98.25,97.70,96.62,96.07,95.53,94.99,94.45,94.45,93.36,93.36,93.36,92.28,92.28,91.19,91.19,91.19,91.19,90.65,90.65,89.56"
Rec-G3_S60_1,4,14,2324,core,378,317,0.0,5.0,0.9753,380,319,386,322,1.0,True,93.6322,105.3012,86.3051,4.3745,92.818,"105.30,102.04,99.87,98.25,97.16,95.53,93.36,98.25,97.16,95.53,94.99,94.45,92.28,91.19,94.45,93.36,92.28,91.73,91.19,90.10,88.48,91.19,91.19,90.10,89.56,88.48,87.93,86.31"
Rec-G3_S60_1,4,15,2325,core,383,317,0.0,5.0,0.976,385,319,391,322,0.5714,False,84.5024,101.502,75.4502,7.4446,83.32,"101.50,98.25,93.36,86.85,80.88,77.62,76.54,95.53,93.36,90.10,84.13,79.79,77.62,75.99,91.19,90.10,87.39,82.51,78.71,77.08,75.99,88.48,87.93,85.22,80.88,77.62,75.99,75.45"
Rec-G3_S60_1,4,16,2326,core,386,317,0.0,3.0,0.978,388,319,394,322,0.1429,False,78.8036,93.3608,74.9074,4.2835,77.3498,"93.36,85.76,81.42,78.71,77.62,76.54,75.99,87.39,81.42,78.71,77.62,76.54,75.99,75.45,84.13,79.79,77.62,76.54,75.99,75.99,75.45,81.96,78.16,77.08,75.99,75.45,74.91,74.91"
Rec-G3_S60_1,5,1,2480,core,317,318,0.0,0.0,0.9815,319,320,325,323,1.0,True,89.4259,94.989,83.0486,3.465,89.0188,"94.99,94.99,94.45,94.45,93.36,93.36,93.36,89.02,89.56,90.65,91.19,91.19,91.19,91.19,85.76,86.85,87.93,87.93,88.48,89.02,89.02,83.05,84.13,84.68,85.76,85.76,86.31,86.31"
Rec-G3_S60_1,5,2,2481,core,319,319,-26.57,2.24,0.9816,321,321,327,324,1.0,True,88.2047,92.2753,83.5914,2.9138,87.9333,"92.28,92.28,92.28,92.28,92.28,92.28,91.73,88.48,89.02,89.56,89.56,89.56,89.56,89.56,85.76,86.31,86.85,86.85,87.39,87.39,87.39,83.59,84.13,84.13,84.68,84.68,84.68,85.22"
Rec-G3_S60_1,5,3,2482,core,324,318,11.31,5.1,0.9778,326,320,332,323,1.0,True,92.0427,100.9592,87.3906,3.5691,91.7325,"100.96,98.79,97.16,96.07,95.53,94.45,94.45,94.99,94.45,93.36,93.36,92.28,92.28,92.28,91.19,90.65,90.65,90.10,90.10,89.56,89.56,87.93,87.93,87.93,87.93,87.93,87.93,87.39"
Rec-G3_S60_1,5,4,2483,core,328,318,0.0,4.0,0.978,330,320,336,323,1.0,True,92.411,102.0447,87.9333,3.7871,91.4612,"102.04,100.42,98.25,96.62,95.53,94.45,94.45,95.53,94.99,94.45,93.36,92.28,92.28,91.73,91.19,91.19,91.19,90.65,90.10,90.10,89.56,88.48,88.48,88.48,87.93,87.93,87.93,87.93"
Rec-G3_S60_1,5,5,2484,core,333,318,0.0,5.0,0.9783,335,320,341,323,1.0,True,91.8876,101.502,87.3906,3.508,91.1898,"101.50,98.79,97.16,95.53,94.45,93.36,93.36,95.53,94.45,93.36,92.28,92.28,91.19,91.19,91.19,91.19,91.19,90.10,90.10,89.56,89.56,88.48,88.48,87.93,87.93,87.93,87.39,87.39"
Rec-G3_S60_1,5,6,2485,core,338,318,0.0,5.0,0.9775,340,320,346,323,1.0,True,90.9572,99.331,86.3051,3.2449,90.6471,"99.33,97.70,95.53,94.45,93.36,92.28,92.28,94.45,93.36,92.28,91.73,91.19,90.65,90.65,91.19,90.10,89.56,89.56,89.02,88.48,88.48,87.93,87.93,87.93,87.39,86.85,86.85,86.31"
Rec-G3_S60_1,5,7,2486,core,343,318,0.0,5.0,0.9743,345,320,351,323,1.0,True,90.2594,97.7027,86.3051,2.8677,89.8329,"97.70,95.53,94.45,93.36,92.28,92.28,91.73,93.36,92.28,91.19,91.19,90.65,90.10,90.10,89.56,89.56,89.56,89.02,88.48,88.48,87.93,87.39,87.39,87.39,86.85,86.85,86.31,86.31"
Rec-G3_S60_1,5,8,2487,core,348,318,0.0,5.0,0.9709,350,320,356,323,1.0,True,90.4145,97.16,86.8478,2.7154,90.1043,"97.16,95.53,94.45,93.36,93.36,92.28,92.28,92.28,91.73,91.19,91.19,91.19,90.65,90.65,89.56,89.56,89.56,89.02,89.02,89.02,88.48,87.93,87.39,87.39,86.85,86.85,86.85,86.85"
Rec-G3_S60_1,5,9,2488,core,352,318,0.0,4.0,0.9706,354,320,360,323,1.0,True,91.0541,98.2455,87.3906,2.8815,90.6471,"98.25,96.62,95.53,94.45,93.36,93.36,93.36,93.36,92.28,92.28,91.73,91.19,91.19,91.19,90.10,89.56,89.56,89.56,89.56,89.56,89.56,87.93,87.93,87.93,87.93,87.39,87.39,87.39"
Rec-G3_S60_1,5,10,2489,core,357,318,0.0,5.0,0.97,359,320,365,323,1.0,True,91.6744,98.2455,87.9333,2.924,91.4612,"98.25,97.16,95.53,95.53,94.99,94.45,94.45,93.36,93.36,92.28,92.28,92.28,92.28,92.28,90.65,90.10,90.10,90.10,90.10,90.10,90.10,88.48,87.93,87.93,88.48,88.48,87.93,87.93"
Rec-G3_S60_1,5,11,2490,core,362,317,11.31,5.1,0.9704,364,319,370,322,1.0,True,95.4542,105.8439,91.1898,3.7762,94.989,"105.84,103.13,100.96,99.33,98.25,97.70,97.70,98.79,97.70,96.62,96.07,95.53,95.53,95.53,94.45,94.45,93.36,93.36,93.36,93.36,93.36,91.19,91.19,91.19,91.19,91.19,91.19,91.19"
Rec-G3_S60_1,5,12,2491,core,367,317,0.0,5.0,0.9728,369,319,375,322,1.0,True,95.7644,105.3012,91.1898,3.5897,95.2604,"105.30,103.13,100.96,99.33,98.25,98.25,98.25,98.79,97.70,97.16,96.07,96.07,96.07,95.53,94.99,94.45,94.45,94.45,94.45,93.36,93.36,91.73,91.73,91.73,91.73,91.73,91.19,91.19"
Rec-G3_S60_1,5,13,2492,core,372,317,0.0,5.0,0.9737,374,319,380,322,1.0,True,96.152,105.3012,91.1898,3.5015,95.5318,"105.30,103.13,100.96,99.87,99.33,98.25,98.25,98.79,98.25,97.70,97.16,97.16,96.07,95.53,95.53,94.99,94.99,94.45,94.45,94.45,93.36,92.28,92.28,92.28,92.28,92.28,91.73,91.19"
Rec-G3_S60_1,5,14,2493,core,376,317,0.0,4.0,0.9741,378,319,384,322,1.0,True,95.997,106.9294,89.5616,4.2184,95.5318,"106.93,105.30,102.04,100.42,98.79,97.70,96.62,100.42,98.79,98.25,97.16,96.07,95.53,94.45,96.07,95.53,94.99,94.45,93.36,92.28,91.73,93.36,92.28,92.28,91.73,91.19,90.65,89.56"
Rec-G3_S60_1,5,15,2494,core,381,317,0.0,5.0,0.9765,383,319,389,322,0.8571,False,90.0074,104.2157,77.6212,6.7883,90.3757,"104.22,101.50,98.79,96.07,92.28,86.31,80.88,98.25,96.62,94.99,93.36,90.10,84.68,79.79,94.45,92.28,91.73,90.10,87.93,83.05,78.71,91.19,90.65,89.56,87.93,85.76,81.42,77.62"
Rec-G3_S60_1,5,16,2495,core,386,317,0.0,5.0,0.9781,388,319,394,322,0.1429,False,78.571,92.2753,74.9074,4.168,77.0784,"92.28,84.68,80.33,78.16,77.08,75.99,75.45,87.39,81.42,78.71,77.08,75.99,75.99,75.45,84.13,79.79,77.62,76.54,75.99,75.45,74.91,82.51,78.71,77.08,75.99,75.45,74.91,74.91"
Rec-G3_S60_1,6,1,2648,core,317,319,-90.0,1.0,0.9793,319,321,325,324,1.0,True,87.9721,92.2753,82.5059,2.8422,87.9333,"90.65,91.19,91.73,91.73,92.28,92.28,92.28,86.31,87.93,88.48,89.56,89.56,89.56,90.10,84.13,85.76,86.31,86.85,87.93,87.93,87.93,82.51,83.59,84.13,85.22,85.76,85.76,85.76"
Rec-G3_S60_1,6,2,2649,core,322,318,11.31,5.1,0.9796,324,320,330,323,1.0,True,93.3414,103.1302,89.0188,3.7251,92.2753,"103.13,100.96,98.79,97.70,96.62,96.07,95.53,95.53,95.53,94.99,94.45,94.45,93.36,93.36,91.19,91.19,91.19,91.19,91.19,91.19,90.65,89.02,89.56,89.56,89.56,89.56,89.02,89.02"
Rec-G3_S60_1,6,3,2650,core,327,318,0.0,5.0,0.9787,329,320,335,323,1.0,True,93.5352,103.1302,89.5616,3.5592,92.818,"103.13,100.96,98.79,97.70,96.07,95.53,94.99,96.62,95.53,94.99,94.45,94.45,93.36,93.36,92.28,92.28,91.73,91.73,91.19,91.19,91.19,90.10,89.56,89.56,89.56,89.56,89.56,89.56"
Rec-G3_S60_1,6,4,2651,core,331,318,0.0,4.0,0.9764,333,320,339,323,1.0,True,93.5546,103.6729,89.0188,3.7581,92.2753,"103.67,102.04,99.33,97.70,96.07,95.53,94.99,97.16,95.53,94.99,94.45,93.36,93.36,92.28,92.28,92.28,92.28,91.73,91.19,91.19,90.65,90.10,90.10,90.10,89.56,89.56,89.02,89.02"
Rec-G3_S60_1,6,5,2652,core,336,318,0.0,5.0,0.9768,338,320,344,323,1.0,True,92.818,102.0447,88.4761,3.3801,92.2753,"102.04,99.87,97.70,96.07,95.53,94.45,94.45,96.07,95.53,94.45,93.36,92.28,92.28,91.73,92.28,92.28,91.73,91.19,90.65,90.10,90.10,90.10,89.56,89.56,89.56,89.02,88.48,88.48"
Rec-G3_S60_1,6,6,2653,core,341,318,0.0,5.0,0.9768,343,320,349,323,1.0,True,91.9458,99.8737,87.9333,3.0816,91.1898,"99.87,98.25,96.62,95.53,94.45,93.36,93.36,94.99,94.45,93.36,92.28,92.28,91.73,91.19,91.19,91.19,90.65,90.10,90.10,89.56,89.56,89.56,89.02,89.02,88.48,88.48,87.93,87.93"
Rec-G3_S60_1,6,7,2654,core,346,318,0.0,5.0,0.9748,348,320,354,323,1.0,True,91.3836,98.7882,87.9333,2.8135,91.1898,"98.79,97.16,95.53,94.45,93.36,93.36,92.28,94.45,93.36,92.28,91.73,91.19,91.19,91.19,91.19,90.65,90.10,90.10,89.56,89.56,89.56,89.02,88.48,88.48,87.93,87.93,87.93,87.93"
Rec-G3_S60_1,6,8,2655,core,351,318,0.0,5.0,0.9723,353,320,359,323,1.0,True,91.1704,98.2455,87.9333,2.629,90.9184,"98.25,96.07,94.99,94.45,93.36,93.36,92.28,93.36,92.28,92.28,91.73,91.19,91.19,91.19,90.65,90.65,90.10,89.56,89.56,89.56,89.56,88.48,88.48,88.48,87.93,87.93,87.93,87.93"
Rec-G3_S60_1,6,9,2656,core,355,318,0.0,4.0,0.969,357,320,363,323,1.0,True,91.8876,98.7882,88.4761,2.8567,91.4612,"98.79,97.70,96.07,94.99,94.45,94.45,94.45,94.45,93.36,92.28,92.28,92.28,92.28,91.73,91.19,90.65,90.65,90.10,90.10,90.10,90.10,89.02,89.02,88.48,88.48,88.48,88.48,88.48"
Rec-G3_S60_1,6,10,2657,core,360,318,0.0,5.0,0.9694,362,320,368,323,1.0,True,92.6242,98.2455,89.5616,2.5916,92.2753,"98.25,97.70,96.62,95.53,95.53,94.99,94.99,94.45,93.36,93.36,93.36,93.36,93.36,93.36,91.19,91.19,91.19,91.19,91.19,91.19,91.19,89.56,89.56,89.56,89.56,89.56,89.56,89.56"
Rec-G3_S60_1,6,11,2658,core,365,317,11.31,5.1,0.9723,367,319,373,322,1.0,True,96.1133,106.3867,91.7325,3.6522,95.2604,"106.39,103.67,101.50,99.87,98.79,98.25,98.25,99.33,98.25,97.16,96.62,96.07,95.53,95.53,94.99,94.45,94.45,94.45,94.45,94.45,94.45,92.28,92.28,92.28,92.28,91.73,91.73,91.73"
Rec-G3_S60_1,6,12,2659,core,370,317,0.0,5.0,0.9748,372,319,378,322,1.0,True,96.8693,106.3867,92.2753,3.5899,96.0745,"106.39,104.22,102.04,100.96,99.33,99.33,98.79,99.87,98.79,98.25,97.70,97.16,97.16,96.62,95.53,95.53,95.53,95.53,94.99,94.99,94.45,93.36,93.36,93.36,92.28,92.28,92.28,92.28"
Rec-G3_S60_1,6,13,2660,core,375,317,0.0,5.0,0.9762,377,319,383,322,1.0,True,96.3653,106.3867,91.1898,3.6939,95.5318,"106.39,103.67,102.04,100.42,99.33,98.25,97.16,99.87,98.79,98.25,97.16,96.62,95.53,94.99,96.07,95.53,95.53,94.99,94.45,93.36,92.28,93.36,93.36,93.36,92.28,92.28,91.73,91.19"
Rec-G3_S60_1,6,14,2661,core,380,317,0.0,5.0,0.9763,382,319,388,322,1.0,True,92.411,104.2157,81.9631,5.2152,92.2753,"104.22,101.50,98.79,97.16,95.53,92.28,86.31,98.25,97.16,95.53,94.45,93.36,90.65,84.68,94.99,94.45,93.36,91.73,90.65,87.93,83.05,92.28,91.73,91.19,89.56,88.48,86.31,81.96"
Rec-G3_S60_1,6,15,2662,core,384,317,0.0,4.0,0.9765,386,319,392,322,0.4286,False,83.3006,102.0447,75.4502,7.5463,80.3349,"102.04,97.70,90.10,83.05,78.71,77.62,75.99,95.53,92.28,86.85,80.88,78.16,76.54,75.99,91.73,89.56,84.13,79.79,77.62,75.99,75.45,89.56,87.39,83.05,78.71,76.54,75.99,75.45"
Rec-G3_S60_1,6,16,2663,core,386,317,0.0,2.0,0.9825,388,319,394,322,0.1429,False,79.0556,94.4463,74.9074,4.6873,77.3498,"94.45,86.31,81.42,78.71,77.62,76.54,75.99,89.02,82.51,78.71,77.62,76.54,75.99,75.45,85.22,80.33,77.62,76.54,75.99,75.45,75.45,83.05,78.71,77.08,75.99,75.45,74.91,74.91"
Rec-G3_std_1,1,1,246,core,291,318,-135.0,1.41,0.9769,293,320,299,323,1.0,True,89.9299,94.989,83.5914,2.9658,89.8329,"91.19,92.28,93.36,94.45,94.45,94.45,94.99,87.93,89.02,90.10,91.19,91.73,92.28,92.28,85.22,86.85,87.93,89.02,89.56,90.10,90.65,83.59,85.22,86.85,87.93,87.93,88.48,89.02"
Rec-G3_std_1,1,2,247,core,294,318,0.0,3.0,0.9777,296,320,302,323,1.0,True,92.566,96.6172,88.4761,2.527,92.0039,"96.62,96.62,96.07,96.07,96.07,96.07,95.53,92.28,93.36,93.36,93.36,93.36,94.45,93.36,90.10,90.65,91.19,91.19,91.73,91.73,91.73,88.48,89.02,89.56,89.56,90.10,90.10,90.10"
Rec-G3_std_1,1,3,248,core,299,317,11.31,5.1,0.9725,301,319,307,322,1.0,True,96.3071,105.8439,91.7325,3.5007,95.5318,"105.84,103.67,101.50,99.87,98.79,98.25,97.70,99.33,98.25,97.70,97.16,96.62,96.07,95.53,95.53,95.53,95.53,94.99,94.45,94.45,93.36,93.36,92.28,92.28,92.28,92.28,92.28,91.73"
Rec-G3_std_1,1,4,249,core,303,317,0.0,4.0,0.975,305,319,311,322,1.0,True,96.4622,106.9294,91.1898,3.6892,95.5318,"106.93,104.22,102.04,100.42,98.79,97.70,96.62,100.42,98.79,98.25,97.16,96.07,95.53,95.53,96.07,95.53,95.53,94.99,94.45,94.45,93.36,93.36,93.36,93.36,92.28,92.28,92.28,91.19"
Rec-G3_std_1,1,5,250,core,308,317,0.0,5.0,0.9752,310,319,316,322,1.0,True,95.2991,105.3012,91.1898,3.3281,94.989,"105.30,102.04,99.87,98.25,97.70,96.07,95.53,98.79,97.70,96.62,95.53,95.53,94.99,94.45,95.53,94.99,94.45,93.36,93.36,92.28,92.28,93.36,92.28,92.28,91.73,91.73,91.19,91.19"
Rec-G3_std_1,1,6,251,core,313,317,0.0,5.0,0.9736,315,319,321,322,1.0,True,94.6982,103.1302,91.1898,2.9921,94.4463,"103.13,100.96,98.79,97.70,96.62,96.07,95.53,97.70,96.62,95.53,95.53,94.99,94.99,94.45,94.45,94.45,93.36,93.36,92.28,92.28,92.28,92.28,91.73,91.73,91.19,91.19,91.19,91.19"
Rec-G3_std_1,1,7,252,core,318,317,0.0,5.0,0.9707,320,319,326,322,1.0,True,94.6401,102.0447,91.1898,2.7223,94.4463,"102.04,100.42,98.25,97.70,96.62,96.07,95.53,97.16,96.07,95.53,95.53,94.99,94.45,94.45,94.45,94.45,93.36,93.36,93.36,92.28,92.28,92.28,92.28,91.73,91.73,91.19,91.19,91.19"
Rec-G3_std_1,1,8,253,core,327,317,0.0,9.0,0.97,329,319,335,322,1.0,True,95.0666,102.0447,91.7325,2.5733,94.7176,"102.04,100.42,98.79,97.70,97.16,96.62,96.62,97.16,96.62,95.53,95.53,95.53,94.99,94.99,94.45,94.45,94.45,93.36,93.36,93.36,93.36,92.28,92.28,92.28,92.28,92.28,92.28,91.73"
Rec-G3_std_1,1,9,254,core,332,317,0.0,5.0,0.9689,334,319,340,322,1.0,True,95.6287,102.0447,92.2753,2.5085,94.989,"102.04,100.42,99.33,98.25,98.25,97.70,97.70,97.70,96.62,96.07,96.07,96.07,95.53,95.53,94.45,94.45,94.45,94.45,94.45,94.45,94.45,92.28,93.36,92.28,92.28,93.36,93.36,92.28"
Rec-G3_std_1,1,10,255,core,337,317,0.0,5.0,0.9672,339,319,345,322,1.0,True,96.7529,103.1302,93.3608,2.5359,96.0745,"103.13,101.50,100.42,99.87,99.33,98.79,98.25,98.25,98.25,97.70,97.70,97.16,97.16,96.62,95.53,95.53,95.53,95.53,95.53,95.53,94.99,94.45,94.45,94.45,93.36,93.36,93.36,93.36"
Rec-G3_std_1,1,11,256,core,342,316,11.31,5.1,0.9677,344,318,350,321,1.0,True,99.2534,109.1004,94.989,3.5015,98.2455,"109.10,106.39,104.22,103.13,102.04,100.96,100.42,103.13,101.50,100.42,99.87,99.33,98.79,98.25,98.25,98.25,97.70,97.70,97.16,97.16,96.62,96.07,96.07,95.53,95.53,95.53,94.99,94.99"
Rec-G3_std_1,1,12,257,core,347,316,0.0,5.0,0.9678,349,318,355,321,1.0,True,98.8851,108.5576,93.3608,3.5827,98.2455,"108.56,105.84,104.22,103.13,102.04,100.96,99.87,102.04,101.50,100.42,99.33,99.33,98.25,97.70,98.25,98.25,97.70,97.16,97.16,96.07,95.53,96.07,95.53,95.53,95.53,94.99,94.45,93.36"
Rec-G3_std_1,1,13,258,core,351,316,0.0,4.0,0.9705,353,318,359,321,1.0,True,98.323,111.2714,91.1898,4.6207,97.9741,"111.27,108.01,105.30,103.13,100.96,99.33,98.25,103.13,102.04,100.42,98.79,98.25,96.62,95.53,98.79,98.25,97.70,96.07,95.53,94.45,93.36,96.07,95.53,94.99,94.45,93.36,92.28,91.19"
Rec-G3_std_1,1,14,259,core,356,316,0.0,5.0,0.9727,358,318,364,321,0.7143,False,90.2981,106.9294,77.0784,8.1169,91.1898,"106.93,103.67,99.87,96.62,90.65,83.05,78.71,100.42,98.25,96.07,94.45,89.02,81.96,78.16,96.07,94.99,93.36,91.19,86.85,80.88,77.62,93.36,92.28,91.19,89.56,85.76,80.33,77.08"
Rec-G3_std_1,1,15,260,core,360,316,0.0,4.0,0.9733,362,318,368,321,0.1429,False,80.238,98.2455,74.9074,5.7787,77.6212,"98.25,89.02,83.05,79.79,77.62,76.54,75.99,92.28,84.68,80.33,77.62,76.54,75.99,75.99,88.48,82.51,78.71,77.62,75.99,75.99,75.45,86.31,80.88,78.16,76.54,75.99,75.45,74.91"
Rec-G3_std_1,2,1,406,core,294,318,0.0,3.0,0.9766,296,320,302,323,1.0,True,92.6436,96.6172,88.4761,2.5085,92.0039,"96.62,96.62,96.07,96.07,96.07,96.07,95.53,92.28,93.36,93.36,93.36,94.45,94.45,93.36,90.10,91.19,91.19,91.19,91.73,91.73,91.73,88.48,89.56,89.56,89.56,90.10,90.10,90.10"
Rec-G3_std_1,2,2,407,core,298,317,14.04,4.12,0.9738,300,319,306,322,1.0,True,96.8305,107.4722,92.2753,3.8823,95.8031,"107.47,105.30,103.13,100.96,99.33,98.25,98.25,99.87,99.33,98.25,97.70,97.16,96.62,96.07,95.53,95.53,95.53,94.99,94.99,94.45,94.45,92.28,93.36,93.36,92.28,92.28,92.28,92.28"
Rec-G3_std_1,2,3,408,core,303,317,0.0,5.0,0.9755,305,319,311,322,1.0,True,96.3071,106.3867,91.7325,3.6043,95.5318,"106.39,104.22,102.04,99.87,98.25,97.70,96.62,100.42,98.79,97.70,96.62,96.07,95.53,94.99,96.07,95.53,94.99,94.99,94.45,93.36,93.36,93.36,93.36,93.36,92.28,92.28,92.28,91.73"
Rec-G3_std_1,2,4,409,core,308,317,0.0,5.0,0.9748,310,319,316,322,1.0,True,95.3767,104.2157,91.1898,3.1442,94.989,"104.22,102.04,99.87,98.25,97.16,96.62,95.53,98.79,97.70,96.62,96.07,95.53,94.99,94.45,95.53,94.99,94.45,94.45,93.36,93.36,92.28,93.36,92.28,92.28,92.28,91.73,91.19,91.19"
Rec-G3_std_1,2,5,410,core,313,317,0.0,5.0,0.9725,315,319,321,322,1.0,True,94.737,103.1302,91.1898,2.946,94.4463,"103.13,100.96,98.79,97.70,96.62,95.53,95.53,98.25,96.62,95.53,95.53,94.99,94.45,94.45,94.45,94.45,93.36,93.36,92.28,92.28,92.28,92.28,92.28,91.73,91.73,91.73,91.19,91.19"
Rec-G3_std_1,2,6,411,core,317,317,0.0,4.0,0.9705,319,319,325,322,1.0,True,95.0472,103.6729,91.1898,3.0231,94.4463,"103.67,101.50,99.33,98.25,97.16,96.07,95.53,98.25,97.16,96.07,95.53,94.99,94.45,94.45,94.45,94.45,94.45,93.36,93.36,93.36,92.28,92.28,92.28,92.28,92.28,91.73,91.19,91.19"
Rec-G3_std_1,2,7,412,core,322,317,0.0,5.0,0.9705,324,319,330,322,1.0,True,94.989,103.1302,91.1898,2.8646,94.4463,"103.13,100.96,98.79,98.25,97.16,96.07,95.53,97.70,96.62,96.07,95.53,95.53,94.99,94.45,94.45,94.45,94.45,93.36,93.36,93.36,92.28,92.28,92.28,92.28,91.73,91.73,91.73,91.19"
Rec-G3_std_1,2,8,413,core,327,317,0.0,5.0,0.9705,329,319,335,322,1.0,True,95.1635,102.0447,91.7325,2.5788,94.7176,"102.04,100.42,98.79,97.70,97.16,96.62,96.62,97.70,96.62,96.07,95.53,95.53,95.53,94.99,94.45,94.45,94.45,94.45,93.36,93.36,93.36,92.28,92.28,92.28,92.28,92.28,92.28,91.73"
Rec-G3_std_1,2,9,414,core,332,317,0.0,5.0,0.9686,334,319,340,322,1.0,True,95.8807,102.0447,92.2753,2.3623,95.2604,"102.04,100.42,99.33,98.25,98.25,97.70,97.70,97.70,97.16,96.62,96.62,96.07,96.07,95.53,94.99,94.99,94.99,94.45,94.45,94.45,94.45,93.36,93.36,93.36,93.36,93.36,93.36,92.28"
Rec-G3_std_1,2,10,415,core,337,317,0.0,5.0,0.9666,339,319,345,322,1.0,True,96.4816,102.0447,93.3608,2.3462,96.0745,"102.04,100.96,99.87,99.33,98.79,98.25,98.25,98.25,97.70,97.16,97.16,97.16,96.62,96.62,95.53,95.53,95.53,95.53,95.53,94.99,94.99,94.45,94.45,93.36,93.36,93.36,93.36,93.36"
Rec-G3_std_1,2,11,416,core,342,316,11.31,5.1,0.9665,344,318,350,321,1.0,True,99.2922,109.1004,94.989,3.472,98.2455,"109.10,106.39,104.22,103.13,102.04,100.96,100.42,103.13,101.50,100.42,99.87,99.33,98.79,98.25,98.25,98.25,98.25,97.70,97.16,97.16,96.62,96.07,96.07,95.53,95.53,95.53,95.53,94.99"
Rec-G3_std_1,2,12,417,core,346,316,0.0,4.0,0.9686,348,318,354,321,1.0,True,99.9706,111.8141,94.989,4.0668,99.0596,"111.81,108.56,105.84,103.67,103.13,102.04,100.96,103.67,103.13,101.50,100.42,99.87,99.33,98.79,99.33,98.79,98.25,98.25,97.70,97.16,96.62,96.62,96.07,96.07,95.53,95.53,95.53,94.99"
Rec-G3_std_1,2,13,418,core,351,316,0.0,5.0,0.9717,353,318,359,321,1.0,True,97.9741,109.6431,91.1898,4.2402,97.16,"109.64,106.93,104.22,102.04,99.87,98.79,97.16,103.13,101.50,99.87,98.79,97.70,96.62,95.53,98.79,98.25,97.16,96.07,95.53,94.45,93.36,96.07,95.53,94.99,94.45,93.36,92.28,91.19"
Rec-G3_std_1,2,14,419,core,356,316,0.0,5.0,0.9729,358,318,364,321,0.7143,False,89.988,106.3867,77.0784,8.1093,91.1898,"106.39,103.13,99.33,96.07,89.56,82.51,78.71,100.42,98.25,96.07,93.36,87.93,81.42,77.62,96.07,94.99,93.36,91.19,86.31,80.88,77.62,93.36,92.28,91.19,89.56,85.22,79.79,77.08"
Rec-G3_std_1,2,15,420,core,360,316,0.0,4.0,0.9744,362,318,368,321,0.1429,False,80.0248,98.2455,74.9074,5.7447,77.6212,"98.25,87.93,83.05,79.79,77.62,75.99,75.99,91.73,84.13,79.79,77.62,76.54,75.99,75.45,88.48,82.51,78.71,77.08,75.99,75.45,74.91,86.31,80.88,77.62,76.54,75.99,75.45,74.91"
Rec-G3_std_1,3,1,571,core,291,318,-90.0,1.0,0.9773,293,320,299,323,1.0,True,90.6858,95.5318,84.1341,3.0181,90.9184,"92.28,93.36,94.45,94.45,94.99,95.53,95.53,88.48,89.56,91.19,91.73,92.28,93.36,93.36,85.76,87.93,89.02,89.56,90.65,91.19,91.19,84.13,85.76,87.39,87.93,89.02,89.56,89.56"
Rec-G3_std_1,3,2,572,core,295,318,0.0,4.0,0.9767,297,320,303,323,1.0,True,93.7097,98.7882,89.5616,2.7797,93.3608,"98.79,98.25,98.25,97.70,97.16,97.16,96.62,94.45,94.45,94.45,94.99,94.99,94.45,94.45,91.19,91.73,92.28,92.28,92.28,92.28,92.28,89.56,90.10,90.10,90.65,90.65,91.19,91.19"
Rec-G3_std_1,3,3,573,core,300,317,11.31,5.1,0.9751,302,319,308,322,1.0,True,97.1406,108.0149,92.2753,3.8719,96.0745,"108.01,105.30,103.13,101.50,99.87,98.25,98.25,100.96,99.33,98.79,98.25,97.16,96.62,96.07,96.07,96.07,95.53,95.53,94.99,94.45,94.45,93.36,93.36,93.36,93.36,93.36,92.28,92.28"
Rec-G3_std_1,3,4,574,core,305,317,0.0,5.0,0.9753,307,319,313,322,1.0,True,96.6173,106.3867,92.2753,3.4173,95.8031,"106.39,103.67,102.04,99.87,98.25,98.25,97.16,100.42,98.79,98.25,97.16,96.62,96.07,95.53,96.07,95.53,95.53,94.99,94.45,94.45,93.36,94.45,94.45,93.36,93.36,92.28,92.28,92.28"
Rec-G3_std_1,3,5,575,core,310,317,0.0,5.0,0.9739,312,319,318,322,1.0,True,95.8807,105.3012,91.1898,3.1952,95.5318,"105.30,102.04,100.42,98.79,98.25,97.16,96.07,99.33,98.25,97.16,96.62,95.53,95.53,94.99,95.53,95.53,94.99,94.45,94.45,93.36,93.36,93.36,93.36,93.36,92.28,92.28,91.73,91.19"
Rec-G3_std_1,3,6,576,core,314,317,0.0,4.0,0.9716,316,319,322,322,1.0,True,95.745,105.3012,91.7325,3.3152,95.2604,"105.30,103.13,100.96,98.25,97.70,96.62,96.07,99.33,98.25,97.16,96.07,95.53,95.53,94.45,95.53,94.99,94.45,94.45,93.36,93.36,93.36,93.36,93.36,92.28,92.28,92.28,91.73,91.73"
Rec-G3_std_1,3,7,577,core,319,317,0.0,5.0,0.9718,321,319,327,322,1.0,True,95.2604,103.1302,91.1898,2.8664,94.989,"103.13,101.50,99.33,98.25,97.16,96.62,95.53,98.25,97.16,96.07,95.53,95.53,94.99,94.99,94.99,94.45,94.45,94.45,93.36,93.36,93.36,93.36,92.28,92.28,92.28,91.73,91.73,91.19"
Rec-G3_std_1,3,8,578,core,324,317,0.0,5.0,0.9716,326,319,332,322,1.0,True,95.1635,103.1302,91.7325,2.7409,94.7176,"103.13,100.96,98.79,97.70,97.16,96.62,96.07,97.70,96.62,96.07,95.53,95.53,94.99,94.99,94.45,94.45,94.45,94.45,93.36,93.36,93.36,92.28,92.28,92.28,92.28,92.28,91.73,91.73"
Rec-G3_std_1,3,9,579,core,329,317,0.0,5.0,0.9706,331,319,337,322,1.0,True,95.6675,102.0447,92.2753,2.3907,95.2604,"102.04,100.42,98.79,98.25,97.70,97.16,97.16,97.70,97.16,96.62,96.07,96.07,95.53,95.53,94.99,94.99,94.45,94.45,94.45,94.45,94.45,93.36,93.36,93.36,93.36,92.28,92.28,92.28"
Rec-G3_std_1,3,10,580,core,334,317,0.0,5.0,0.9689,336,319,342,322,1.0,True,96.1908,102.0447,93.3608,2.3895,95.8031,"102.04,100.96,99.33,98.79,98.25,98.25,98.25,98.25,97.70,97.16,96.62,96.62,96.07,96.07,95.53,95.53,94.99,94.99,94.99,94.99,94.45,93.36,93.36,93.36,93.36,93.36,93.36,93.36"
Rec-G3_std_1,3,11,581,core,339,316,11.31,5.1,0.9662,341,318,347,321,1.0,True,99.0014,109.1004,94.989,3.3562,98.2455,"109.10,105.84,103.67,102.04,100.96,100.42,100.42,102.04,101.50,100.42,99.33,98.79,98.79,98.25,98.25,98.25,97.70,97.70,97.16,97.16,96.62,95.53,95.53,95.53,95.53,95.53,94.99,94.99"
Rec-G3_std_1,3,12,582,core,343,316,0.0,4.0,0.9674,345,318,351,321,1.0,True,99.8931,111.8141,94.989,4.0316,99.0596,"111.81,108.56,105.84,103.67,102.04,102.04,101.50,103.67,102.04,101.50,100.42,99.87,99.33,98.79,99.33,98.25,98.25,98.25,97.70,97.16,97.16,96.07,96.07,96.07,95.53,95.53,95.53,94.99"
Rec-G3_std_1,3,13,583,core,348,316,0.0,5.0,0.9708,350,318,356,321,1.0,True,99.8543,111.2714,94.4463,4.127,98.7882,"111.27,108.56,106.39,104.22,103.13,102.04,100.96,103.67,102.04,101.50,100.96,99.87,98.79,98.25,99.33,98.79,98.25,98.25,97.70,96.62,96.07,96.62,96.07,96.07,95.53,95.53,94.99,94.45"
Rec-G3_std_1,3,14,584,core,353,316,0.0,5.0,0.9728,355,318,361,321,1.0,True,96.3846,109.1004,88.4761,4.8031,95.8031,"109.10,106.39,103.13,100.96,98.25,96.07,94.45,102.04,100.96,98.79,97.70,96.07,94.45,92.28,98.25,97.16,96.07,94.99,93.36,92.28,90.10,95.53,94.99,93.36,92.28,91.19,90.10,88.48"
Rec-G3_std_1,3,15,585,core,358,316,0.0,5.0,0.9735,360,318,366,321,0.4286,False,84.6962,103.6729,75.4502,8.4363,81.6918,"103.67,99.87,92.28,83.59,79.79,77.08,75.99,98.25,95.53,89.56,82.51,78.71,77.08,75.99,94.45,92.28,87.39,80.88,77.62,76.54,75.45,91.73,90.10,85.76,80.33,77.62,75.99,75.45"
Rec-G3_std_1,3,16,586,core,361,316,0.0,3.0,0.9787,363,318,369,321,0.0,False,77.9701,89.5616,74.3647,3.4759,76.5357,"89.56,83.59,79.79,77.62,76.54,75.99,75.45,84.68,80.33,78.16,76.54,75.99,75.99,75.45,82.51,78.71,77.62,75.99,75.99,74.91,74.91,80.88,78.16,77.08,75.99,75.45,74.91,74.36"
Rec-G3_std_1,4,1,729,core,291,317,180.0,1.0,0.9764,293,319,299,322,1.0,True,92.9731,98.7882,85.7624,3.6921,92.2753,"98.25,98.79,98.25,98.25,97.70,97.70,97.70,91.19,93.36,93.36,94.45,94.45,94.99,95.53,87.93,89.56,90.65,91.19,92.28,92.28,92.28,85.76,87.39,88.48,89.56,90.10,90.65,91.19"
Rec-G3_std_1,4,2,730,core,302,317,0.0,11.0,0.976,304,319,310,322,1.0,True,97.0631,106.9294,92.2753,3.5265,96.3459,"106.93,105.30,102.04,100.42,99.33,98.25,97.70,100.96,99.33,98.25,97.70,97.16,96.62,95.53,96.62,96.07,95.53,95.53,94.99,94.45,94.45,94.45,94.45,93.36,93.36,93.36,93.36,92.28"
Rec-G3_std_1,4,3,731,core,306,317,0.0,4.0,0.973,308,319,314,322,1.0,True,96.8692,106.9294,92.2753,3.648,95.8031,"106.93,105.30,103.13,100.42,98.79,98.25,97.16,100.42,99.33,98.25,97.16,96.62,96.07,95.53,96.62,95.53,95.53,94.99,94.99,94.45,93.36,94.45,94.45,93.36,93.36,93.36,92.28,92.28"
Rec-G3_std_1,4,4,732,core,311,317,0.0,5.0,0.9736,313,319,319,322,1.0,True,95.8807,105.3012,91.7325,3.2925,95.2604,"105.30,103.13,100.96,98.79,97.70,97.16,96.07,99.33,98.25,97.16,96.62,95.53,95.53,94.99,95.53,94.99,94.99,94.45,93.36,93.36,93.36,93.36,93.36,93.36,92.28,92.28,91.73,91.73"
Rec-G3_std_1,4,5,733,core,316,317,0.0,5.0,0.9739,318,319,324,322,1.0,True,95.2992,103.6729,91.1898,2.9494,94.7176,"103.67,102.04,99.33,98.25,96.62,96.07,95.53,98.25,97.70,96.62,95.53,95.53,94.99,94.45,94.99,94.45,94.45,94.45,93.36,93.36,93.36,92.28,93.36,92.28,92.28,92.28,91.73,91.19"
Rec-G3_std_1,4,6,734,core,321,317,0.0,5.0,0.9725,323,319,329,322,1.0,True,95.241,103.1302,91.7325,2.7387,94.7176,"103.13,100.96,98.79,98.25,97.16,96.62,96.07,97.70,97.16,96.07,95.53,95.53,94.99,94.45,94.99,94.45,94.45,94.45,93.36,93.36,93.36,93.36,92.28,92.28,92.28,92.28,91.73,91.73"
Rec-G3_std_1,4,7,735,core,326,317,0.0,5.0,0.9708,328,319,334,322,1.0,True,95.4736,102.0447,92.2753,2.5097,95.2604,"102.04,100.42,98.79,98.25,97.70,97.16,97.16,97.70,96.62,96.07,96.07,95.53,95.53,95.53,94.99,94.45,94.45,94.45,94.45,94.45,94.45,93.36,92.28,92.28,92.28,92.28,92.28,92.28"
Rec-G3_std_1,4,8,736,core,331,317,0.0,5.0,0.9676,333,319,339,322,1.0,True,96.0358,102.0447,93.3608,2.3023,95.8031,"102.04,100.42,99.33,98.25,98.25,98.25,97.70,97.70,97.16,96.62,96.62,96.62,96.07,96.07,95.53,94.99,94.99,94.99,94.99,94.45,94.45,93.36,93.36,93.36,93.36,93.36,93.36,93.36"
Rec-G3_std_1,4,9,737,core,335,317,0.0,4.0,0.9675,337,319,343,322,1.0,True,97.2182,103.6729,94.4463,2.6324,96.6172,"103.67,103.13,101.50,100.42,99.33,99.33,98.79,98.79,98.25,98.25,97.70,97.70,97.70,97.16,96.07,95.53,95.53,95.53,95.53,95.53,95.53,94.45,94.45,94.45,94.45,94.45,94.45,94.45"
Rec-G3_std_1,4,10,738,core,340,316,11.31,5.1,0.968,342,318,348,321,1.0,True,100.3777,111.8141,95.5318,3.9082,99.6023,"111.81,108.56,105.84,104.22,103.13,102.04,101.50,104.22,103.13,102.04,100.96,100.42,99.87,99.87,99.33,98.79,98.25,98.25,98.25,98.25,98.25,96.62,96.62,96.62,96.07,96.07,96.07,95.53"
Rec-G3_std_1,4,11,739,core,345,316,0.0,5.0,0.9702,347,318,353,321,1.0,True,100.7072,111.8141,95.5318,3.9738,99.8737,"111.81,109.10,106.39,105.30,103.13,103.13,102.04,104.22,103.13,102.04,101.50,100.96,100.42,99.87,99.87,99.87,99.33,98.25,98.25,98.25,97.70,97.16,97.16,97.16,96.62,96.07,95.53,95.53"
Rec-G3_std_1,4,12,740,core,350,316,0.0,5.0,0.9712,352,318,358,321,1.0,True,99.7187,111.2714,93.3608,4.2212,99.0596,"111.27,108.56,106.39,103.67,102.04,100.96,99.33,104.22,103.13,102.04,100.96,99.87,98.25,97.70,99.87,99.33,98.79,98.25,97.16,96.07,95.53,97.16,97.16,96.07,95.53,94.99,94.45,93.36"
Rec-G3_std_1,4,13,741,core,359,316,0.0,9.0,0.9725,361,318,367,321,0.2857,False,82.6803,105.3012,74.9074,8.1283,78.978,"105.30,96.07,86.31,80.88,78.16,76.54,75.99,98.25,91.19,83.59,79.79,77.62,75.99,75.45,94.45,88.48,81.96,78.16,77.08,75.99,75.45,91.19,86.31,80.88,77.62,75.99,75.45,74.91"
Rec-G3_std_1,4,14,742,core,361,316,0.0,2.0,0.9814,363,318,369,321,0.0,False,77.8538,89.5616,74.3647,3.5573,76.5357,"89.56,83.59,79.79,77.62,76.54,75.99,75.45,84.68,80.33,78.16,76.54,75.99,75.45,74.91,82.51,78.71,77.62,75.99,75.45,74.91,74.36,80.88,78.16,76.54,75.99,75.45,74.36,74.36"
Rec-G3_std_1,5,1,894,core,291,318,-90.0,1.0,0.9781,293,320,299,323,1.0,True,90.8215,95.5318,84.1341,3.1079,90.9184,"92.28,94.45,94.45,94.99,95.53,95.53,95.53,87.93,90.10,91.19,92.28,92.28,93.36,93.36,85.76,87.93,89.02,90.10,90.65,91.19,91.19,84.13,85.76,87.39,88.48,89.02,89.56,89.56"
Rec-G3_std_1,5,2,895,core,295,318,0.0,4.0,0.9786,297,320,303,323,1.0,True,93.8647,98.7882,89.5616,2.7672,93.3608,"98.79,98.25,98.25,97.70,97.70,97.16,96.62,94.45,94.99,94.99,94.99,94.99,94.99,94.99,91.19,91.73,92.28,92.28,92.28,92.28,92.28,89.56,90.10,90.65,91.19,91.19,91.19,91.19"
Rec-G3_std_1,5,3,896,core,300,317,11.31,5.1,0.9765,302,319,308,322,1.0,True,97.6252,107.4722,93.3608,3.5285,96.6172,"107.47,105.30,103.13,101.50,99.87,99.33,98.25,100.96,99.87,98.79,98.25,98.25,97.16,96.62,96.62,96.62,96.07,95.53,95.53,95.53,94.99,94.45,94.45,94.45,94.45,93.36,93.36,93.36"
Rec-G3_std_1,5,4,897,core,305,317,0.0,5.0,0.9755,307,319,313,322,1.0,True,97.1406,106.3867,92.2753,3.3093,96.6172,"106.39,104.22,102.04,100.42,98.79,98.25,97.70,100.96,99.33,98.25,98.25,97.16,96.62,96.07,97.16,96.62,96.07,95.53,94.99,94.99,94.45,94.45,94.45,94.45,93.36,93.36,93.36,92.28"
Rec-G3_std_1,5,5,898,core,305,317,0.0,0.0,0.9755,307,319,313,322,1.0,True,97.1406,106.3867,92.2753,3.3093,96.6172,"106.39,104.22,102.04,100.42,98.79,98.25,97.70,100.96,99.33,98.25,98.25,97.16,96.62,96.07,97.16,96.62,96.07,95.53,94.99,94.99,94.45,94.45,94.45,94.45,93.36,93.36,93.36,92.28"
Rec-G3_std_1,5,6,899,core,310,317,0.0,5.0,0.9739,312,319,318,322,1.0,True,96.0745,105.3012,91.7325,3.0668,95.5318,"105.30,102.04,100.42,98.79,98.25,96.62,96.07,99.33,98.25,97.70,96.62,96.07,95.53,95.53,96.07,95.53,94.99,94.99,94.45,93.36,93.36,94.45,93.36,93.36,93.36,92.28,92.28,91.73"
Rec-G3_std_1,5,7,900,core,319,317,0.0,9.0,0.9738,321,319,327,322,1.0,True,95.1829,103.1302,91.7325,2.8247,94.7176,"103.13,100.96,99.33,98.25,97.16,96.62,96.07,98.25,96.62,96.07,95.53,95.53,94.99,94.99,94.45,94.45,94.45,93.36,93.36,93.36,93.36,92.28,92.28,92.28,92.28,92.28,91.73,91.73"
Rec-G3_std_1,5,8,901,core,324,317,0.0,5.0,0.9729,326,319,332,322,1.0,True,95.3573,103.1302,92.2753,2.7217,94.989,"103.13,100.96,98.79,98.25,97.16,97.16,96.62,97.70,97.16,96.07,95.53,95.53,95.53,94.99,94.99,94.45,94.45,94.45,94.45,93.36,93.36,92.28,92.28,92.28,92.28,92.28,92.28,92.28"
Rec-G3_std_1,5,9,902,core,334,317,0.0,10.0,0.9679,336,319,342,322,1.0,True,96.9855,103.1302,94.4463,2.3526,96.3459,"103.13,101.50,100.42,99.87,99.33,98.79,98.79,98.25,98.25,97.70,97.70,97.70,97.16,97.16,95.53,95.53,95.53,95.53,95.53,95.53,95.53,94.45,94.45,94.45,94.45,94.45,94.45,94.45"
Rec-G3_std_1,5,10,903,core,338,317,0.0,4.0,0.968,340,319,346,322,1.0,True,97.6834,104.2157,94.4463,2.6726,97.16,"104.22,103.13,102.04,100.96,100.42,99.87,99.33,99.33,98.79,98.25,98.25,98.25,98.25,97.70,96.62,96.62,96.07,96.07,96.07,96.07,95.53,94.99,94.99,94.99,94.99,94.45,94.45,94.45"
Rec-G3_std_1,5,11,904,core,343,316,11.31,5.1,0.9696,345,318,351,321,1.0,True,100.6297,111.8141,95.5318,3.9361,99.8737,"111.81,109.10,106.39,104.22,103.13,102.04,102.04,105.30,103.13,102.04,101.50,100.42,99.87,99.87,99.87,99.33,98.79,98.79,98.25,98.25,97.70,97.16,97.16,97.16,96.62,96.07,96.07,95.53"
Rec-G3_std_1,5,12,905,core,348,316,0.0,5.0,0.9718,350,318,356,321,1.0,True,100.2614,111.2714,94.4463,3.9827,99.331,"111.27,108.56,106.39,104.22,103.13,102.04,100.96,104.22,103.13,102.04,101.50,100.42,99.33,98.25,99.87,99.33,98.79,98.25,98.25,97.70,96.62,97.16,97.16,96.62,96.62,95.53,95.53,94.45"
Rec-G3_std_1,5,13,906,core,353,316,0.0,5.0,0.9728,355,318,361,321,1.0,True,97.0631,109.6431,89.0188,4.7116,96.3459,"109.64,106.39,103.13,101.50,98.79,97.16,94.45,103.13,101.50,99.87,98.25,96.62,94.99,92.28,98.79,98.25,97.16,95.53,94.45,92.28,90.65,96.07,95.53,94.45,94.45,92.28,91.19,89.02"
Rec-G3_std_1,5,14,907,core,358,316,0.0,5.0,0.9728,360,318,366,321,0.4286,False,84.5218,103.6729,75.4502,8.5063,81.4204,"103.67,99.33,92.28,83.05,78.71,77.08,75.99,98.25,95.53,89.56,81.96,78.16,76.54,75.45,94.45,92.28,87.39,80.88,77.62,75.99,75.45,91.73,90.10,85.76,80.33,77.62,75.99,75.45"
Rec-G3_std_1,5,15,908,core,361,316,0.0,3.0,0.9788,363,318,369,321,0.0,False,77.9119,89.5616,74.3647,3.5486,76.5357,"89.56,83.59,79.79,77.62,76.54,75.99,75.45,84.68,80.88,78.16,76.54,75.99,75.45,74.91,82.51,78.71,77.62,75.99,75.45,74.91,74.36,80.88,78.16,77.08,75.99,75.45,74.91,74.36"
Rec-G3_std_1,6,1,1054,core,291,318,-90.0,1.0,0.9771,293,320,299,323,1.0,True,90.8215,95.5318,84.1341,3.0875,91.1898,"91.73,93.36,94.45,94.99,95.53,95.53,95.53,87.93,89.56,91.19,92.28,93.36,93.36,93.36,85.76,87.93,89.02,90.10,91.19,91.19,91.19,84.13,85.76,87.39,88.48,89.02,89.56,90.10"
Rec-G3_std_1,6,2,1055,core,294,318,0.0,3.0,0.9781,296,320,302,323,1.0,True,93.5158,97.7027,89.0188,2.6662,92.818,"97.70,97.70,97.16,97.16,97.16,97.16,96.62,93.36,94.45,94.45,94.45,94.99,94.99,94.99,91.19,91.19,91.73,92.28,92.28,92.28,92.28,89.02,89.56,90.10,90.65,91.19,91.19,91.19"
Rec-G3_std_1,6,3,1056,core,298,317,14.04,4.12,0.9744,300,319,306,322,1.0,True,98.0517,109.1004,93.3608,3.9063,96.8886,"109.10,106.93,104.22,102.04,100.96,99.87,98.79,101.50,100.42,99.33,98.25,98.25,97.70,97.16,96.62,96.62,96.07,96.07,95.53,95.53,95.53,93.36,94.45,94.45,94.45,94.45,94.45,93.36"
Rec-G3_std_1,6,4,1057,core,303,317,0.0,5.0,0.9765,305,319,311,322,1.0,True,97.5864,108.0149,93.3608,3.6245,96.8886,"108.01,105.30,103.13,101.50,99.87,98.79,98.25,101.50,99.87,98.79,98.25,97.70,97.16,96.07,97.16,96.62,96.07,95.53,95.53,94.99,94.45,94.45,94.45,94.45,94.45,93.36,93.36,93.36"
Rec-G3_std_1,6,5,1058,core,308,317,0.0,5.0,0.9762,310,319,316,322,1.0,True,96.7336,105.8439,92.2753,3.1055,96.0745,"105.84,103.13,101.50,99.33,98.25,97.70,97.16,100.42,98.79,98.25,97.70,96.62,96.07,95.53,96.62,96.07,95.53,94.99,94.45,94.45,94.45,94.45,94.45,94.45,93.36,93.36,93.36,92.28"
Rec-G3_std_1,6,6,1059,core,313,317,0.0,5.0,0.9747,315,319,321,322,1.0,True,95.9582,104.2157,91.7325,2.8696,95.5318,"104.22,102.04,99.87,98.25,97.70,97.16,96.07,98.79,98.25,97.16,96.62,96.07,95.53,95.53,95.53,95.53,94.99,94.45,94.45,94.45,93.36,94.45,94.45,93.36,92.28,92.28,92.28,91.73"
Rec-G3_std_1,6,7,1060,core,317,317,0.0,4.0,0.9718,319,319,325,322,1.0,True,96.0939,105.3012,91.7325,3.1796,95.5318,"105.30,103.13,100.96,98.79,98.25,97.16,96.07,99.33,98.25,97.16,96.62,96.07,95.53,94.99,95.53,95.53,94.99,94.99,94.45,94.45,93.36,93.36,93.36,93.36,93.36,92.28,92.28,91.73"
Rec-G3_std_1,6,8,1061,core,327,317,0.0,10.0,0.9722,329,319,335,322,1.0,True,95.4736,102.0447,92.2753,2.518,95.2604,"102.04,100.96,98.79,98.25,97.16,97.16,96.62,97.70,97.16,96.07,96.07,95.53,95.53,95.53,94.99,94.45,94.45,94.45,94.45,94.45,93.36,93.36,93.36,92.28,92.28,92.28,92.28,92.28"
Rec-G3_std_1,6,9,1062,core,332,317,0.0,5.0,0.9708,334,319,340,322,1.0,True,96.3265,103.1302,93.3608,2.5477,95.8031,"103.13,101.50,99.87,98.79,98.25,98.25,98.25,98.25,97.70,97.16,97.16,96.62,96.62,96.07,95.53,95.53,94.99,94.99,94.99,94.99,94.99,93.36,93.36,93.36,93.36,93.36,93.36,93.36"
Rec-G3_std_1,6,10,1063,core,337,317,0.0,5.0,0.9684,339,319,345,322,1.0,True,96.9662,103.1302,94.4463,2.2991,96.6172,"103.13,101.50,100.42,99.87,98.79,98.79,98.25,98.25,98.25,97.70,97.70,97.16,97.16,97.16,96.07,96.07,95.53,95.53,95.53,95.53,95.53,94.45,94.45,94.45,94.45,94.45,94.45,94.45"
Rec-G3_std_1,6,11,1064,core,342,316,11.31,5.1,0.9685,344,318,350,321,1.0,True,99.6605,109.1004,95.5318,3.3405,98.7882,"109.10,106.39,104.22,103.13,102.04,101.50,100.96,103.13,102.04,100.96,100.42,99.87,99.33,98.79,98.79,98.25,98.25,98.25,98.25,97.70,97.16,96.62,96.07,96.07,96.07,96.07,95.53,95.53"
Rec-G3_std_1,6,12,1065,core,346,316,0.0,4.0,0.9698,348,318,354,321,1.0,True,100.6878,111.8141,95.5318,4.0107,99.8737,"111.81,109.10,106.93,105.30,103.13,103.13,102.04,104.22,103.13,102.04,101.50,100.96,100.42,99.87,99.87,99.33,98.79,98.25,98.25,98.25,97.70,97.16,97.16,96.62,96.62,96.07,96.07,95.53"
Rec-G3_std_1,6,13,1066,core,351,316,0.0,5.0,0.9727,353,318,359,321,1.0,True,99.486,111.8141,92.2753,4.5057,98.5169,"111.81,108.56,105.84,103.67,102.04,100.42,98.79,105.30,103.13,102.04,100.42,99.33,98.25,96.62,100.42,99.33,98.25,98.25,96.62,95.53,94.45,97.70,97.16,96.07,95.53,94.45,93.36,92.28"
Rec-G3_std_1,6,14,1067,core,356,316,0.0,5.0,0.9746,358,318,364,321,0.7143,False,91.0154,108.5576,77.0784,8.8425,92.2753,"108.56,105.30,101.50,98.25,91.19,83.05,78.16,102.04,99.87,97.70,94.99,89.02,81.42,77.62,97.70,96.07,94.45,92.28,87.39,80.88,77.62,94.99,93.36,92.28,90.10,85.76,79.79,77.08"
Rec-G3_std_1,6,15,1068,core,360,316,0.0,4.0,0.9759,362,318,368,321,0.1429,False,80.1411,98.7882,74.9074,5.9512,77.6212,"98.79,89.02,83.05,79.79,77.62,75.99,75.99,92.28,84.13,79.79,77.62,76.54,75.99,75.45,89.02,82.51,78.71,77.08,75.99,75.45,74.91,86.85,80.88,77.62,76.54,75.99,75.45,74.91"
Rec-G3_std_1,7,1,1209,core,292,318,-45.0,1.41,0.978,294,320,300,323,1.0,True,92.3528,96.6172,86.3051,2.8266,92.2753,"94.99,95.53,95.53,96.07,96.07,96.62,96.62,90.65,91.73,93.36,93.36,94.45,94.45,94.99,88.48,89.56,90.65,91.19,92.28,92.28,92.28,86.31,87.93,89.02,89.56,90.10,90.65,91.19"
Rec-G3_std_1,7,2,1210,core,296,318,0.0,4.0,0.9768,298,320,304,323,1.0,True,95.1053,99.8737,91.1898,2.6164,94.989,"99.87,99.87,98.79,98.79,98.25,98.25,97.70,95.53,95.53,96.07,96.07,96.07,96.07,95.53,93.36,93.36,93.36,94.45,94.45,94.45,94.45,91.19,91.19,91.73,91.73,92.28,92.28,92.28"
Rec-G3_std_1,7,3,1211,core,301,317,11.31,5.1,0.9755,303,319,309,322,1.0,True,98.3424,108.5576,93.3608,3.5384,97.7027,"108.56,105.84,103.13,102.04,100.42,99.87,98.79,102.04,100.96,99.87,98.79,98.25,98.25,97.70,97.70,97.70,97.16,96.62,96.07,95.53,95.53,95.53,94.99,94.99,94.99,94.45,94.45,93.36"
Rec-G3_std_1,7,4,1212,core,305,317,0.0,4.0,0.9745,307,319,313,322,1.0,True,98.1292,108.5576,93.3608,3.6534,97.4314,"108.56,106.39,103.67,102.04,100.42,99.33,98.25,102.04,100.42,99.33,98.25,98.25,97.70,97.16,97.70,97.16,96.62,96.07,95.53,95.53,94.99,95.53,94.99,94.99,94.45,94.45,94.45,93.36"
Rec-G3_std_1,7,5,1213,core,320,317,0.0,15.0,0.9735,322,319,328,322,1.0,True,96.2296,103.6729,92.2753,2.7478,95.5318,"103.67,102.04,100.42,98.79,98.25,97.70,96.62,98.79,98.25,97.70,96.62,96.07,95.53,95.53,96.07,95.53,95.53,94.99,94.99,94.45,93.36,94.45,94.45,93.36,93.36,93.36,92.28,92.28"
Rec-G3_std_1,7,6,1214,core,325,317,0.0,5.0,0.9707,327,319,333,322,1.0,True,95.9388,103.1302,92.2753,2.5565,95.5318,"103.13,100.96,99.33,98.25,98.25,97.16,96.62,98.25,97.70,97.16,96.62,96.07,95.53,95.53,95.53,95.53,94.99,94.99,94.45,94.45,94.45,94.45,93.36,93.36,93.36,92.28,92.28,92.28"
Rec-G3_std_1,7,7,1215,core,329,317,0.0,4.0,0.9691,331,319,337,322,1.0,True,96.5591,104.2157,93.3608,2.7343,95.8031,"104.22,102.04,100.96,99.33,98.25,98.25,98.25,98.79,98.25,97.70,97.16,96.62,96.07,96.07,95.53,95.53,95.53,94.99,94.99,94.99,94.45,94.45,94.45,93.36,93.36,93.36,93.36,93.36"
Rec-G3_std_1,7,8,1216,core,334,317,0.0,5.0,0.9693,336,319,342,322,1.0,True,96.908,103.6729,93.3608,2.5311,96.3459,"103.67,102.04,100.96,99.87,98.79,98.25,98.25,98.79,98.25,97.70,97.70,97.16,97.16,96.62,96.07,96.07,95.53,95.53,95.53,95.53,94.99,94.45,94.45,94.45,94.45,94.45,93.36,93.36"
Rec-G3_std_1,7,9,1217,core,339,316,11.31,5.1,0.9693,341,318,347,321,1.0,True,100.0094,111.2714,95.5318,3.748,99.331,"111.27,108.01,105.30,103.67,102.04,101.50,101.50,103.67,102.04,101.50,100.42,99.87,99.33,99.33,99.33,98.79,98.25,98.25,98.25,97.70,97.70,96.62,96.62,96.07,96.07,96.07,95.53,95.53"
Rec-G3_std_1,7,10,1218,core,344,316,0.0,5.0,0.9712,346,318,352,321,1.0,True,100.4358,110.7286,96.0745,3.6567,99.8737,"110.73,108.01,105.84,104.22,103.13,102.04,102.04,103.67,103.13,102.04,100.96,100.42,99.87,99.87,99.87,99.33,98.79,98.25,98.25,98.25,97.70,97.16,97.16,96.62,96.62,96.07,96.07,96.07"
Rec-G3_std_1,7,11,1219,core,349,316,0.0,5.0,0.9721,351,318,357,321,1.0,True,99.835,110.1859,94.4463,3.8211,99.0596,"110.19,108.01,105.30,103.67,102.04,101.50,99.87,103.67,103.13,102.04,100.96,99.87,98.79,98.25,99.87,99.33,98.79,98.25,97.70,96.62,95.53,97.16,97.16,96.62,96.07,95.53,94.99,94.45"
Rec-G3_std_1,7,12,1220,core,354,316,0.0,5.0,0.9716,356,318,362,321,1.0,True,95.493,108.5576,84.6769,5.4293,95.5318,"108.56,105.30,102.04,99.87,98.25,95.53,89.56,102.04,100.42,98.79,97.16,95.53,93.36,87.93,98.25,97.16,96.07,94.99,93.36,91.19,85.76,95.53,94.99,94.45,92.28,91.19,89.56,84.68"
Rec-G3_std_1,7,13,1221,core,358,316,0.0,4.0,0.9748,360,318,366,321,0.4286,False,85.1615,106.3867,75.4502,9.0707,81.6918,"106.39,102.04,93.36,84.13,79.79,77.62,75.99,99.33,96.62,90.10,82.51,78.71,77.08,75.99,95.53,93.36,87.93,80.88,77.62,75.99,75.45,92.28,90.65,85.76,80.33,77.62,75.99,75.45"
Rec-G3_std_1,7,14,1222,core,361,316,0.0,3.0,0.981,363,318,369,321,0.0,False,77.815,89.5616,74.3647,3.5715,76.5357,"89.56,83.59,79.79,77.62,76.54,75.99,75.45,84.68,80.33,78.16,76.54,75.99,75.45,74.91,82.51,78.71,77.62,75.99,75.45,74.91,74.36,80.88,77.62,76.54,75.99,74.91,74.36,74.36"
Rec-G3_std_1,8,1,1367,core,291,317,180.0,1.0,0.9785,293,319,299,322,1.0,True,93.07,98.2455,85.2196,3.7895,92.818,"97.16,98.25,98.25,98.25,98.25,98.25,98.25,91.19,92.28,93.36,94.45,94.99,95.53,96.07,87.39,89.56,90.65,91.73,92.28,93.36,93.36,85.22,86.85,88.48,89.56,90.65,91.19,91.19"
Rec-G3_std_1,8,2,1368,core,295,318,-14.04,4.12,0.9779,297,320,303,323,1.0,True,94.6013,99.331,90.1043,2.7478,94.1749,"99.33,98.79,98.79,98.79,98.25,98.25,97.70,94.99,95.53,95.53,95.53,95.53,95.53,95.53,92.28,92.28,93.36,93.36,93.36,93.36,93.36,90.10,91.19,91.19,91.73,91.73,91.73,91.73"
Rec-G3_std_1,8,3,1369,core,300,317,11.31,5.1,0.9753,302,319,308,322,1.0,True,98.3424,108.0149,94.4463,3.4663,97.7027,"108.01,105.84,103.13,102.04,100.96,99.87,99.33,102.04,100.42,99.87,98.79,98.25,98.25,97.70,97.70,97.16,97.16,96.62,96.07,96.07,95.53,94.99,94.99,94.99,94.45,94.45,94.45,94.45"
Rec-G3_std_1,8,4,1370,core,304,317,0.0,4.0,0.9754,306,319,312,322,1.0,True,98.6913,109.1004,94.4463,3.6439,98.2455,"109.10,106.93,104.22,102.04,100.96,99.87,99.33,102.04,101.50,99.87,99.33,98.25,98.25,97.70,98.25,98.25,97.70,96.62,96.62,96.07,95.53,95.53,95.53,95.53,94.99,94.45,94.45,94.45"
Rec-G3_std_1,8,5,1371,core,309,317,0.0,5.0,0.9762,311,319,317,322,1.0,True,97.9935,107.4722,93.3608,3.3816,97.4314,"107.47,105.30,103.13,101.50,99.87,98.79,98.25,102.04,100.42,99.33,98.25,98.25,97.16,96.62,98.25,97.70,96.62,96.07,95.53,95.53,94.99,95.53,95.53,94.99,94.45,94.45,94.45,93.36"
Rec-G3_std_1,8,6,1372,core,314,317,0.0,5.0,0.9764,316,319,322,322,1.0,True,97.0243,105.8439,93.3608,2.9996,96.0745,"105.84,103.13,101.50,99.87,98.79,98.25,97.70,100.42,98.79,98.25,98.25,97.16,96.07,95.53,96.62,96.07,95.53,95.53,95.53,94.99,94.45,94.99,94.45,94.45,94.45,93.36,93.36,93.36"
Rec-G3_std_1,8,7,1373,core,319,317,0.0,5.0,0.9739,321,319,327,322,1.0,True,96.4428,103.6729,92.2753,2.6233,95.8031,"103.67,102.04,100.42,98.79,98.25,97.70,97.16,98.79,98.25,97.70,97.16,96.62,96.07,95.53,96.07,95.53,95.53,95.53,94.99,94.45,94.45,94.45,94.45,94.45,93.36,93.36,93.36,92.28"
Rec-G3_std_1,8,8,1374,core,324,317,0.0,5.0,0.9709,326,319,332,322,1.0,True,96.249,103.1302,92.2753,2.521,95.5318,"103.13,101.50,99.87,98.25,98.25,97.70,97.16,98.79,98.25,97.16,96.62,96.62,96.07,95.53,95.53,95.53,95.53,94.99,94.99,94.45,94.45,94.45,94.45,93.36,93.36,93.36,93.36,92.28"
Rec-G3_std_1,8,9,1375,core,328,317,0.0,4.0,0.9704,330,319,336,322,1.0,True,96.6173,103.6729,93.3608,2.6351,95.8031,"103.67,102.04,100.96,99.33,98.79,98.25,97.70,98.79,98.25,97.70,97.16,96.62,96.62,96.07,95.53,95.53,95.53,95.53,94.99,94.99,94.45,94.45,94.45,94.45,93.36,93.36,93.36,93.36"
Rec-G3_std_1,8,10,1376,core,333,317,0.0,5.0,0.9706,335,319,341,322,1.0,True,97.0825,103.6729,94.4463,2.4732,96.3459,"103.67,102.04,100.96,99.87,99.33,98.79,98.25,99.33,98.25,98.25,97.70,97.16,97.16,96.62,96.07,96.07,95.53,95.53,95.53,95.53,95.53,94.45,94.45,94.45,94.45,94.45,94.45,94.45"
Rec-G3_std_1,8,11,1377,core,338,317,0.0,5.0,0.9698,340,319,346,322,1.0,True,97.664,103.6729,94.4463,2.4656,97.16,"103.67,102.04,101.50,100.96,100.42,99.87,99.33,99.33,98.79,98.25,98.25,98.25,98.25,97.70,96.62,96.62,96.07,96.07,96.07,96.07,96.07,95.53,94.99,94.99,94.99,94.99,94.45,94.45"
Rec-G3_std_1,8,12,1378,core,343,316,11.31,5.1,0.9715,345,318,351,321,1.0,True,100.746,111.2714,96.0745,3.719,100.1451,"111.27,108.56,106.39,104.22,103.13,103.13,102.04,104.22,103.13,102.04,101.50,100.96,100.42,100.42,99.87,99.33,98.79,98.79,98.79,98.25,98.25,97.16,97.16,97.16,96.62,96.62,96.62,96.07"
Rec-G3_std_1,8,13,1379,core,348,316,0.0,5.0,0.972,350,318,356,321,1.0,True,100.4358,110.7286,94.989,3.795,99.6023,"110.73,108.56,105.84,104.22,103.13,102.04,101.50,104.22,103.13,102.04,101.50,100.96,99.87,98.79,100.42,99.33,99.33,98.79,98.25,97.70,96.62,97.70,97.16,97.16,96.62,96.07,95.53,94.99"
Rec-G3_std_1,8,14,1380,core,357,316,0.0,9.0,0.9748,359,318,365,321,0.5714,False,87.9527,108.0149,75.9929,9.3394,88.4761,"108.01,103.67,99.33,92.28,83.05,78.71,77.08,100.96,98.25,95.53,89.56,81.96,78.16,76.54,96.07,94.99,92.28,87.39,80.88,77.62,75.99,93.36,92.28,90.10,85.76,79.79,77.08,75.99"
Rec-G3_std_1,8,15,1381,core,361,316,0.0,4.0,0.9791,363,318,369,321,0.0,False,77.7569,89.5616,74.3647,3.5785,76.2643,"89.56,83.59,79.79,77.62,75.99,75.99,74.91,84.68,80.33,77.62,76.54,75.99,75.45,74.91,82.51,78.71,77.08,75.99,75.45,74.91,74.36,80.88,77.62,76.54,75.99,74.91,74.91,74.36"
Rec-G3_std_1,9,1,1522,core,292,318,-45.0,1.41,0.9802,294,320,300,323,1.0,True,92.7211,97.16,86.8478,2.8574,92.2753,"94.99,95.53,96.07,96.62,96.62,97.16,97.16,91.19,92.28,93.36,94.45,94.45,94.99,94.99,88.48,89.56,91.19,91.73,92.28,92.28,93.36,86.85,87.93,89.56,90.10,90.65,91.19,91.19"
Rec-G3_std_1,9,2,1523,core,296,318,0.0,4.0,0.975,298,320,304,323,1.0,True,95.5512,101.502,91.1898,2.8774,95.2604,"101.50,100.96,99.87,99.33,98.79,98.25,98.25,96.07,96.62,96.62,96.62,96.62,96.62,96.07,93.36,93.36,94.45,94.45,94.45,94.45,94.45,91.19,91.73,92.28,92.28,92.28,92.28,92.28"
Rec-G3_std_1,9,3,1524,core,301,317,11.31,5.1,0.9757,303,319,309,322,1.0,True,98.8851,109.6431,94.4463,3.7966,98.2455,"109.64,106.93,105.30,103.13,101.50,100.42,99.33,102.04,101.50,100.42,99.33,98.25,98.25,97.70,98.25,98.25,97.70,97.16,96.62,96.07,95.53,95.53,95.53,95.53,94.99,94.99,94.45,94.45"
Rec-G3_std_1,9,4,1525,core,306,317,0.0,5.0,0.977,308,319,314,322,1.0,True,98.1873,108.0149,93.3608,3.3749,97.7027,"108.01,105.30,103.13,101.50,100.42,98.79,98.25,102.04,100.42,99.33,98.79,98.25,97.70,97.16,98.25,97.70,97.16,96.62,96.07,95.53,94.99,95.53,95.53,95.53,94.99,94.45,94.45,93.36"
Rec-G3_std_1,9,5,1526,core,311,317,0.0,5.0,0.9759,313,319,319,322,1.0,True,97.1406,106.3867,93.3608,3.0992,96.6172,"106.39,103.67,102.04,99.87,98.25,97.70,97.16,100.96,99.33,98.25,97.70,96.62,96.62,96.07,97.16,96.62,96.07,95.53,94.99,94.99,94.45,95.53,94.99,94.45,94.45,93.36,93.36,93.36"
Rec-G3_std_1,9,6,1527,core,316,317,0.0,5.0,0.9735,318,319,324,322,1.0,True,96.5203,104.2157,93.3608,2.6472,96.0745,"104.22,102.04,100.42,98.79,98.25,97.70,97.16,99.33,98.25,97.70,97.16,96.62,96.07,96.07,96.07,95.53,95.53,94.99,94.99,94.45,94.45,94.45,94.45,94.45,93.36,93.36,93.36,93.36"
Rec-G3_std_1,9,7,1528,core,320,317,0.0,4.0,0.9722,322,319,328,322,1.0,True,97.1212,105.3012,93.3608,2.8863,96.3459,"105.30,103.13,102.04,99.87,98.79,98.25,98.25,99.87,98.79,98.25,97.70,97.16,97.16,96.62,96.07,96.07,95.53,95.53,95.53,95.53,94.99,94.45,94.45,94.45,94.45,94.45,93.36,93.36"
Rec-G3_std_1,9,8,1529,core,320,317,0.0,0.0,0.9722,322,319,328,322,1.0,True,97.1212,105.3012,93.3608,2.8863,96.3459,"105.30,103.13,102.04,99.87,98.79,98.25,98.25,99.87,98.79,98.25,97.70,97.16,97.16,96.62,96.07,96.07,95.53,95.53,95.53,95.53,94.99,94.45,94.45,94.45,94.45,94.45,93.36,93.36"
Rec-G3_std_1,9,9,1530,core,325,317,0.0,5.0,0.973,327,319,333,322,1.0,True,97.3345,105.3012,93.3608,2.8167,96.8886,"105.30,103.13,101.50,100.42,99.33,98.79,98.25,99.87,98.79,98.25,98.25,97.70,97.16,97.16,96.62,96.07,96.07,96.07,95.53,95.53,95.53,94.45,94.45,94.45,94.45,94.45,94.45,93.36"
Rec-G3_std_1,9,10,1531,core,335,317,0.0,10.0,0.9705,337,319,343,322,1.0,True,98.2843,105.3012,94.989,2.6228,97.7027,"105.30,103.13,102.04,101.50,100.96,100.42,100.42,100.42,99.33,98.79,98.79,98.25,98.25,98.25,97.16,97.16,97.16,97.16,96.62,96.62,96.62,95.53,95.53,95.53,95.53,95.53,94.99,94.99"
Rec-G3_std_1,9,11,1532,core,340,316,11.31,5.1,0.9691,342,318,348,321,1.0,True,101.405,111.8141,97.16,3.6003,100.9592,"111.81,108.56,106.39,105.30,103.67,103.13,102.04,105.30,103.67,103.13,102.04,101.50,101.50,100.96,100.96,100.42,99.87,99.33,99.33,98.79,98.79,98.25,97.70,97.70,97.70,97.16,97.16,97.16"
Rec-G3_std_1,9,12,1533,core,345,316,0.0,5.0,0.97,347,318,353,321,1.0,True,101.2887,111.2714,96.0745,3.6215,100.6878,"111.27,108.56,106.39,105.30,103.67,103.13,102.04,105.30,103.67,103.13,102.04,101.50,100.96,100.42,100.96,100.42,99.87,99.33,99.33,98.79,98.25,98.25,98.25,97.70,97.70,97.16,96.62,96.07"
Rec-G3_std_1,9,13,1534,core,349,316,0.0,4.0,0.9723,351,318,357,321,1.0,True,101.153,112.8996,94.4463,4.3931,100.4165,"112.90,110.73,108.01,105.30,103.67,102.04,100.96,105.84,105.30,103.13,102.04,101.50,99.87,98.79,101.50,100.96,99.87,99.33,98.25,97.70,96.62,98.25,98.25,97.70,97.16,96.62,95.53,94.45"
Rec-G3_std_1,9,14,1535,core,354,316,0.0,5.0,0.9748,356,318,362,321,1.0,True,96.1908,110.7286,84.6769,5.9831,95.8031,"110.73,106.93,103.67,101.50,98.25,95.53,89.56,103.67,102.04,99.87,98.25,96.07,93.36,87.93,99.33,98.25,96.62,95.53,93.36,91.19,86.31,96.62,95.53,94.45,93.36,91.19,89.56,84.68"
Rec-G3_std_1,9,15,1536,core,359,316,0.0,5.0,0.9756,361,318,367,321,0.2857,False,82.0019,103.1302,74.3647,7.8877,78.1639,"103.13,94.99,85.22,79.79,77.62,75.99,75.45,97.16,90.65,83.05,78.71,77.08,75.99,74.91,93.36,87.93,81.42,77.62,75.99,75.45,74.36,91.19,85.76,80.33,77.62,75.99,74.91,74.36"
Rec-G3_std_1,9,16,1537,core,361,316,0.0,2.0,0.9828,363,318,369,321,0.0,False,77.6406,89.5616,73.822,3.671,76.2643,"89.56,83.59,79.79,77.62,75.99,75.99,74.91,84.68,80.33,77.62,76.54,75.99,74.91,74.36,82.51,78.71,77.08,75.99,75.45,74.36,74.36,80.88,77.62,76.54,75.45,74.91,74.36,73.82"
Rec-G3_std_1,10,1,1667,core,291,318,-90.0,1.0,0.9779,293,320,299,323,1.0,True,91.6162,97.16,84.6769,3.2414,91.7325,"92.28,94.45,95.53,95.53,96.07,96.62,97.16,88.48,90.65,91.73,93.36,93.36,94.45,94.45,86.31,87.93,89.56,91.19,91.73,92.28,92.28,84.68,86.31,87.93,89.56,89.56,90.65,91.19"
Rec-G3_std_1,10,2,1668,core,294,318,0.0,3.0,0.9793,296,320,302,323,1.0,True,94.6207,99.331,89.5616,2.7828,94.4463,"99.33,98.79,98.79,98.25,98.25,98.25,98.25,94.45,95.53,95.53,95.53,95.53,95.53,95.53,91.73,92.28,93.36,93.36,93.36,94.45,94.45,89.56,90.65,91.19,91.73,91.73,91.73,92.28"
Rec-G3_std_1,10,3,1669,core,299,317,11.31,5.1,0.9767,301,319,307,322,1.0,True,98.5362,109.1004,94.4463,3.5928,97.7027,"109.10,106.39,103.67,102.04,100.96,99.87,98.79,102.04,100.96,99.87,99.33,98.25,98.25,97.70,97.70,97.70,97.16,97.16,96.62,96.07,95.53,94.99,94.99,94.99,94.99,94.99,94.45,94.45"
Rec-G3_std_1,10,4,1670,core,304,317,0.0,5.0,0.9758,306,319,312,322,1.0,True,98.0517,108.0149,93.3608,3.3432,97.4314,"108.01,105.30,103.13,100.96,99.33,98.25,98.25,102.04,100.42,99.33,98.25,98.25,97.16,96.62,98.25,97.70,97.16,96.62,96.07,95.53,94.99,95.53,95.53,95.53,94.99,94.45,94.45,93.36"
Rec-G3_std_1,10,5,1671,core,308,317,0.0,4.0,0.9752,310,319,316,322,1.0,True,97.5671,107.4722,93.3608,3.4099,96.8886,"107.47,105.30,103.13,100.96,99.33,98.25,97.70,100.96,99.87,98.79,98.25,97.16,96.62,96.07,97.16,97.16,96.07,95.53,95.53,94.99,94.45,95.53,94.99,94.99,94.45,94.45,93.36,93.36"
Rec-G3_std_1,10,6,1672,core,313,317,0.0,5.0,0.976,315,319,321,322,1.0,True,96.7917,105.8439,93.3608,3.0532,96.0745,"105.84,103.67,101.50,99.33,98.25,97.16,96.62,100.42,98.79,98.25,97.16,96.62,96.07,95.53,96.62,96.07,95.53,95.53,94.99,94.45,94.45,94.99,94.45,94.45,93.36,93.36,93.36,93.36"
Rec-G3_std_1,10,7,1673,core,318,317,0.0,5.0,0.976,320,319,326,322,1.0,True,96.4428,103.6729,93.3608,2.5869,95.8031,"103.67,102.04,100.42,98.79,98.25,97.70,97.16,98.79,98.25,97.16,97.16,96.62,96.07,95.53,96.07,95.53,95.53,95.53,94.99,94.99,94.45,94.45,94.45,93.36,93.36,93.36,93.36,93.36"
Rec-G3_std_1,10,8,1674,core,323,317,0.0,5.0,0.9747,325,319,331,322,1.0,True,96.9468,103.6729,93.3608,2.4287,96.3459,"103.67,102.04,100.42,99.33,98.79,98.25,98.25,98.79,98.25,98.25,97.70,97.16,97.16,96.62,96.07,96.07,95.53,95.53,95.53,95.53,95.53,94.45,94.45,94.45,94.45,94.45,94.45,93.36"
Rec-G3_std_1,10,9,1675,core,328,317,0.0,5.0,0.9717,330,319,336,322,1.0,True,97.3151,103.6729,94.4463,2.4092,96.8886,"103.67,102.04,100.96,99.87,99.33,98.79,98.25,99.33,98.79,98.25,98.25,97.70,97.70,97.16,96.62,96.62,96.62,96.07,95.53,95.53,95.53,94.99,94.99,94.45,94.45,94.45,94.45,94.45"
Rec-G3_std_1,10,10,1676,core,332,317,0.0,4.0,0.9706,334,319,340,322,1.0,True,98.2067,105.3012,94.4463,2.6507,97.7027,"105.30,103.67,102.04,101.50,100.42,99.87,99.33,100.42,99.87,98.79,98.79,98.25,98.25,97.70,97.70,97.16,97.16,97.16,96.62,96.62,96.07,95.53,95.53,95.53,95.53,95.53,94.99,94.45"
Rec-G3_std_1,10,11,1677,core,337,317,0.0,5.0,0.9709,339,319,345,322,1.0,True,98.575,105.3012,95.5318,2.5799,98.2455,"105.30,103.67,102.04,101.50,100.96,100.42,100.42,100.96,99.87,99.33,99.33,98.79,98.25,98.25,98.25,97.70,97.70,97.16,97.16,97.16,96.62,96.07,95.53,95.53,95.53,95.53,95.53,95.53"
Rec-G3_std_1,10,12,1678,core,342,316,11.31,5.1,0.9715,344,318,350,321,1.0,True,101.5019,112.8996,96.6172,3.8678,100.6878,"112.90,109.64,107.47,105.30,103.67,103.13,102.04,105.30,104.22,103.13,102.04,101.50,100.96,100.42,100.96,100.42,99.87,99.33,99.33,98.79,98.25,98.25,98.25,97.70,97.70,97.70,97.16,96.62"
Rec-G3_std_1,10,13,1679,core,347,316,0.0,5.0,0.9733,349,318,355,321,1.0,True,101.1337,111.8141,95.5318,3.827,100.4165,"111.81,109.10,106.93,105.30,103.13,102.04,101.50,105.30,103.67,103.13,102.04,101.50,100.42,99.33,101.50,100.42,99.87,99.33,98.79,98.25,97.70,98.25,98.25,97.70,97.70,97.16,96.07,95.53"
Rec-G3_std_1,10,14,1680,core,352,316,0.0,5.0,0.9738,354,318,360,321,1.0,True,98.3036,110.1859,91.1898,4.391,97.7027,"110.19,106.93,104.22,102.04,100.42,98.25,96.62,104.22,102.04,100.96,99.33,98.25,96.62,94.99,99.87,98.79,98.25,97.16,95.53,94.45,92.28,97.16,96.62,95.53,94.99,93.36,92.28,91.19"
Rec-G3_std_1,10,15,1681,core,356,316,0.0,4.0,0.9734,358,318,364,321,0.7143,False,91.1898,109.6431,77.0784,8.9782,92.2753,"109.64,105.84,102.04,98.25,91.19,83.05,78.16,102.04,99.87,97.70,94.99,89.56,81.96,77.62,98.25,96.07,94.45,92.28,87.39,80.88,77.62,94.99,94.45,92.28,90.10,85.76,79.79,77.08"
Rec-G3_std_1,10,16,1682,core,361,316,0.0,5.0,0.977,363,318,369,321,0.0,False,77.6212,89.5616,73.822,3.6322,75.9929,"89.56,83.05,79.79,77.62,75.99,75.45,74.91,84.68,80.33,77.62,75.99,75.99,74.91,74.36,82.51,78.71,77.08,75.99,75.45,74.91,74.36,80.88,77.62,76.54,75.99,74.91,74.36,73.82"
Rec-G3_std_1,11,1,1820,core,291,317,180.0,1.0,0.9778,293,319,299,322,1.0,True,94.1168,100.4165,86.3051,3.866,94.4463,"99.33,100.42,99.87,99.33,98.79,98.79,98.79,92.28,94.45,94.99,95.53,95.53,96.07,96.62,88.48,90.10,91.73,92.28,93.36,94.45,94.45,86.31,87.93,89.56,90.65,91.19,91.73,92.28"
Rec-G3_std_1,11,2,1821,core,294,318,-18.43,3.16,0.9781,296,320,302,323,1.0,True,94.3493,98.2455,89.5616,2.6432,93.9035,"98.25,98.25,98.25,98.25,98.25,97.70,97.16,94.45,94.99,95.53,95.53,95.53,95.53,95.53,91.73,92.28,93.36,93.36,93.36,93.36,93.36,89.56,90.65,91.19,91.19,91.73,91.73,91.73"
Rec-G3_std_1,11,3,1822,core,298,317,14.04,4.12,0.9756,300,319,306,322,1.0,True,98.323,109.6431,93.3608,4.0165,97.16,"109.64,107.47,105.30,102.04,100.96,99.33,98.79,102.04,100.96,99.87,98.79,98.25,97.70,97.16,97.16,97.16,96.62,96.62,96.07,95.53,95.53,94.45,94.45,94.45,94.45,94.45,94.45,93.36"
Rec-G3_std_1,11,4,1823,core,303,317,0.0,5.0,0.977,305,319,311,322,1.0,True,97.8191,108.0149,93.3608,3.5571,97.16,"108.01,105.84,103.13,100.96,99.87,98.79,98.25,102.04,100.42,98.79,98.25,97.70,97.16,96.07,97.70,97.16,96.62,96.07,95.53,95.53,94.99,94.99,94.99,94.45,94.45,94.45,93.36,93.36"
Rec-G3_std_1,11,5,1824,core,308,317,0.0,5.0,0.9772,310,319,316,322,1.0,True,96.8111,105.8439,92.2753,3.105,96.0745,"105.84,103.67,101.50,99.33,98.25,97.70,96.62,100.42,98.79,98.25,97.70,96.62,96.07,95.53,96.62,96.07,96.07,95.53,94.99,94.45,94.45,94.99,94.45,94.45,93.36,93.36,93.36,92.28"
Rec-G3_std_1,11,6,1825,core,313,317,0.0,5.0,0.9755,315,319,321,322,1.0,True,96.1714,104.2157,92.2753,2.6788,95.5318,"104.22,102.04,99.87,98.25,97.70,96.62,96.07,99.33,98.25,97.16,96.62,96.07,95.53,95.53,96.07,95.53,94.99,94.99,94.45,94.45,94.45,94.45,94.45,93.36,93.36,93.36,93.36,92.28"
Rec-G3_std_1,11,7,1826,core,317,317,0.0,4.0,0.9731,319,319,325,322,1.0,True,96.7336,105.3012,93.3608,2.829,95.8031,"105.30,103.13,100.96,99.33,98.25,97.70,97.70,99.33,98.25,97.70,97.16,96.62,96.07,96.07,95.53,95.53,95.53,95.53,94.99,94.99,94.99,94.45,94.45,94.45,94.45,93.36,93.36,93.36"
Rec-G3_std_1,11,8,1827,core,322,317,0.0,5.0,0.9733,324,319,330,322,1.0,True,97.1212,104.2157,94.4463,2.6147,96.3459,"104.22,103.13,101.50,99.87,98.79,98.25,98.25,99.33,98.25,98.25,97.70,97.16,97.16,96.62,96.07,96.07,95.53,95.53,95.53,95.53,95.53,94.45,94.45,94.45,94.45,94.45,94.45,94.45"
Rec-G3_std_1,11,9,1828,core,327,317,0.0,5.0,0.9736,329,319,335,322,1.0,True,97.6446,104.2157,94.4463,2.5138,97.4314,"104.22,103.13,101.50,100.42,99.33,99.33,98.79,99.87,98.79,98.25,98.25,98.25,97.70,97.70,97.16,96.62,96.62,96.07,96.07,96.07,95.53,94.99,94.99,94.99,94.99,94.99,94.99,94.45"
Rec-G3_std_1,11,10,1829,core,332,317,0.0,5.0,0.9721,334,319,340,322,1.0,True,98.5362,105.3012,95.5318,2.5311,97.9741,"105.30,103.13,102.04,101.50,100.96,100.42,100.42,100.42,99.87,99.33,99.33,98.79,98.25,98.25,97.70,97.70,97.70,97.70,97.16,97.16,97.16,95.53,95.53,95.53,95.53,95.53,95.53,95.53"
Rec-G3_std_1,11,11,1830,core,337,317,0.0,5.0,0.9705,339,319,345,322,1.0,True,99.3891,105.8439,95.5318,2.676,98.7882,"105.84,104.22,103.13,102.04,102.04,102.04,101.50,101.50,100.96,100.42,100.42,99.87,99.87,99.33,98.25,98.25,98.25,98.25,98.25,97.70,97.70,96.62,96.62,96.07,96.07,96.07,96.07,95.53"
Rec-G3_std_1,11,12,1831,core,342,316,11.31,5.1,0.9699,344,318,350,321,1.0,True,101.9284,111.8141,97.16,3.566,101.2306,"111.81,109.64,106.93,105.30,104.22,103.13,103.13,105.84,104.22,103.13,103.13,102.04,101.50,100.96,102.04,100.96,100.96,100.42,99.87,99.33,98.79,98.79,98.25,98.25,98.25,98.25,97.70,97.16"
Rec-G3_std_1,11,13,1832,core,346,316,0.0,4.0,0.9716,348,318,354,321,1.0,True,102.5099,115.0706,96.6172,4.4062,102.0447,"115.07,111.81,109.10,106.93,105.30,103.67,103.13,107.47,105.84,104.22,103.13,102.04,102.04,100.96,102.04,102.04,100.96,100.42,99.87,99.33,98.79,99.33,98.79,98.25,98.25,97.70,97.16,96.62"
Rec-G3_std_1,11,14,1833,core,351,316,0.0,5.0,0.9744,353,318,359,321,1.0,True,100.2808,112.8996,93.3608,4.6386,99.331,"112.90,110.19,106.93,105.30,103.13,100.96,99.33,105.84,104.22,102.04,100.96,99.87,98.25,97.16,101.50,100.42,99.33,98.25,97.16,96.07,94.99,98.25,98.25,97.16,96.07,95.53,94.45,93.36"
Rec-G3_std_1,11,15,1834,core,356,316,0.0,5.0,0.9763,358,318,364,321,0.7143,False,91.1704,109.1004,76.5357,9.015,92.2753,"109.10,105.30,102.04,97.70,91.19,83.05,78.16,102.04,99.87,98.25,94.99,89.56,81.42,77.62,98.25,96.62,94.99,92.28,87.39,80.88,77.08,95.53,94.45,92.28,90.65,85.76,79.79,76.54"
Rec-G3_std_1,11,16,1835,core,360,316,0.0,4.0,0.9777,362,318,368,321,0.1429,False,79.8309,98.7882,74.3647,6.0523,77.3498,"98.79,88.48,82.51,78.71,77.08,75.99,75.45,92.28,84.13,79.79,77.62,75.99,75.45,74.91,89.02,82.51,78.71,77.08,75.99,74.91,74.36,86.31,80.88,77.62,75.99,75.45,74.91,74.36"
Rec-G3_std_1,12,1,1969,core,291,317,180.0,1.0,0.9791,293,319,299,322,1.0,True,93.826,99.331,85.7624,3.6573,93.9035,"98.25,99.33,99.33,98.25,98.25,98.25,98.25,92.28,93.36,94.45,95.53,95.53,96.07,96.62,88.48,90.10,91.19,92.28,93.36,94.45,94.45,85.76,87.93,89.56,90.65,91.19,91.73,92.28"
Rec-G3_std_1,12,2,1970,core,293,318,-26.57,2.24,0.9802,295,320,301,323,1.0,True,93.6709,97.7027,88.4761,2.7539,93.3608,"97.16,97.70,97.70,97.70,97.70,97.16,97.16,92.28,94.45,94.45,94.99,94.99,94.99,94.99,90.10,91.19,92.28,92.28,93.36,93.36,93.36,88.48,89.56,90.65,91.19,91.19,91.19,91.19"
Rec-G3_std_1,12,3,1971,core,298,317,11.31,5.1,0.9766,300,319,306,322,1.0,True,97.6446,107.4722,93.3608,3.4428,96.8886,"107.47,105.30,103.13,100.96,99.87,98.79,98.25,100.96,99.87,98.79,98.25,97.70,97.16,96.62,97.16,96.62,96.07,96.07,95.53,95.53,94.99,94.45,94.45,94.45,94.45,94.45,93.36,93.36"
Rec-G3_std_1,12,4,1972,core,303,317,0.0,5.0,0.975,305,319,311,322,1.0,True,97.2181,106.3867,93.3608,3.0645,96.6172,"106.39,103.67,102.04,99.87,98.79,98.25,97.70,100.42,99.33,98.25,97.70,97.16,96.62,96.07,97.16,96.62,96.07,95.53,95.53,94.99,94.45,94.99,94.45,94.45,94.45,94.45,93.36,93.36"
Rec-G3_std_1,12,5,1973,core,307,317,0.0,4.0,0.977,309,319,315,322,1.0,True,97.5671,106.9294,93.3608,3.2938,96.8886,"106.93,105.30,102.04,100.96,99.33,98.25,98.25,100.96,99.87,98.79,98.25,97.70,97.16,96.62,97.16,96.62,96.07,96.07,95.53,94.99,94.99,94.99,94.99,94.45,94.45,94.45,93.36,93.36"
Rec-G3_std_1,12,6,1974,core,312,317,0.0,5.0,0.9771,314,319,320,322,1.0,True,97.1019,105.8439,93.3608,3.0369,96.3459,"105.84,103.67,102.04,99.87,98.79,98.25,97.70,100.42,98.79,98.25,97.70,97.16,96.62,96.07,96.62,96.07,95.53,95.53,95.53,94.99,94.99,94.99,94.45,94.45,94.45,93.36,93.36,93.36"
Rec-G3_std_1,12,7,1975,core,317,317,0.0,5.0,0.9763,319,319,325,322,1.0,True,96.8886,104.2157,93.3608,2.5724,96.3459,"104.22,102.04,100.96,99.33,98.79,98.25,97.70,99.33,98.25,98.25,97.16,97.16,96.62,96.62,96.07,95.53,95.53,95.53,95.53,95.53,95.53,94.45,94.45,94.45,94.45,94.45,93.36,93.36"
Rec-G3_std_1,12,8,1976,core,322,317,0.0,5.0,0.9745,324,319,330,322,1.0,True,97.412,104.2157,94.4463,2.4552,97.16,"104.22,102.04,101.50,99.87,99.33,98.79,98.79,99.33,98.25,98.25,98.25,97.70,97.70,97.70,96.62,96.62,96.07,96.07,96.07,96.07,95.53,94.99,94.99,94.99,94.45,94.45,94.45,94.45"
Rec-G3_std_1,12,9,1977,core,326,317,0.0,4.0,0.9724,328,319,334,322,1.0,True,98.6525,106.3867,95.5318,2.8225,97.9741,"106.39,104.22,103.13,102.04,100.96,100.42,99.87,100.96,99.87,99.87,99.33,98.79,98.25,98.25,97.70,97.70,97.70,97.16,97.16,97.16,96.62,95.53,95.53,95.53,95.53,95.53,95.53,95.53"
Rec-G3_std_1,12,10,1978,core,331,317,0.0,5.0,0.9727,333,319,339,322,1.0,True,98.9627,106.3867,95.5318,2.8278,98.2455,"106.39,105.30,103.13,102.04,101.50,100.42,99.87,101.50,100.42,99.87,99.33,99.33,98.79,98.25,98.25,98.25,98.25,97.70,97.70,97.16,96.62,96.07,96.07,96.07,96.07,95.53,95.53,95.53"
Rec-G3_std_1,12,11,1979,core,336,317,0.0,5.0,0.9725,338,319,344,322,1.0,True,99.2922,105.8439,95.5318,2.6147,98.7882,"105.84,104.22,103.13,102.04,102.04,101.50,100.96,101.50,100.42,100.42,99.87,99.87,99.33,99.33,98.25,98.25,98.25,98.25,97.70,97.70,97.70,96.62,96.62,96.62,96.07,96.07,96.07,95.53"
Rec-G3_std_1,12,12,1980,core,341,316,11.31,5.1,0.9724,343,318,349,321,1.0,True,102.1416,112.8996,97.7027,3.6955,101.502,"112.90,110.19,107.47,105.30,104.22,103.13,103.13,105.84,105.30,103.13,103.13,102.04,102.04,101.50,101.50,100.96,100.96,100.42,99.87,99.87,99.33,98.79,98.25,98.25,98.25,98.25,98.25,97.70"
Rec-G3_std_1,12,13,1981,core,346,316,0.0,5.0,0.9731,348,318,354,321,1.0,True,101.8702,112.8996,96.6172,3.8843,101.502,"112.90,110.19,107.47,105.30,104.22,103.13,102.04,106.39,105.30,103.13,102.04,102.04,101.50,100.42,102.04,101.50,100.42,99.87,99.87,98.79,98.25,98.79,98.79,98.25,98.25,97.70,97.16,96.62"
Rec-G3_std_1,12,14,1982,core,351,316,0.0,5.0,0.9727,353,318,359,321,1.0,True,99.5636,111.2714,92.2753,4.2598,98.5169,"111.27,108.01,105.30,103.13,102.04,99.87,98.25,105.30,103.13,102.04,100.42,99.33,98.25,96.62,100.96,99.87,98.79,98.25,97.16,95.53,94.45,98.25,97.70,96.62,95.53,94.99,94.45,92.28"
Rec-G3_std_1,12,15,1983,core,355,316,0.0,4.0,0.9745,357,318,363,321,0.8571,False,94.0586,110.7286,79.7922,7.7082,94.7176,"110.73,106.93,103.13,99.87,96.62,90.65,81.96,103.13,101.50,98.79,97.16,94.45,89.02,80.88,98.79,97.70,95.53,94.45,91.73,87.39,80.33,95.53,94.99,94.45,92.28,90.10,85.76,79.79"
Rec-G3_std_1,12,16,1984,core,360,316,0.0,5.0,0.9781,362,318,368,321,0.1429,False,79.5789,98.2455,74.3647,5.9778,76.8071,"98.25,87.39,81.42,78.16,76.54,75.99,74.91,92.28,84.13,79.79,77.08,75.99,75.45,74.91,89.02,81.96,78.16,76.54,75.45,74.91,74.36,86.31,80.88,77.62,75.99,75.45,74.91,74.36"
Rec-G3_std_1,13,1,2122,core,292,318,-45.0,1.41,0.9773,294,320,300,323,1.0,True,92.6242,97.16,86.8478,2.8135,92.2753,"94.45,95.53,95.53,96.07,96.62,97.16,97.16,90.65,91.73,93.36,94.45,94.45,94.99,94.99,88.48,89.56,91.19,91.73,92.28,92.28,93.36,86.85,87.93,89.56,90.10,90.65,91.19,91.19"
Rec-G3_std_1,13,2,2123,core,296,318,0.0,4.0,0.9769,298,320,304,323,1.0,True,95.2798,100.4165,91.1898,2.5968,94.989,"100.42,99.87,99.33,98.79,98.25,98.25,97.70,96.07,96.07,96.07,96.07,96.07,96.07,95.53,93.36,93.36,94.45,94.45,94.45,94.45,94.45,91.19,91.73,92.28,92.28,92.28,92.28,92.28"
Rec-G3_std_1,13,3,2124,core,301,317,11.31,5.1,0.976,303,319,309,322,1.0,True,98.168,108.0149,93.3608,3.404,97.4314,"108.01,105.30,103.13,101.50,100.42,99.33,98.25,102.04,100.42,99.33,98.79,98.25,97.16,97.16,98.25,97.70,97.16,96.62,96.07,95.53,95.53,95.53,95.53,94.99,94.45,94.45,94.45,93.36"
Rec-G3_std_1,13,4,2125,core,305,317,0.0,4.0,0.9765,307,319,313,322,1.0,True,98.1486,108.5576,93.3608,3.6525,97.4314,"108.56,106.39,103.67,102.04,99.87,98.79,98.25,102.04,100.96,99.87,98.79,98.25,97.70,96.62,97.70,97.16,96.62,96.07,95.53,95.53,94.99,95.53,95.53,94.99,94.45,94.45,94.45,93.36"
Rec-G3_std_1,13,5,2126,core,310,317,0.0,5.0,0.977,312,319,318,322,1.0,True,97.0243,106.3867,92.2753,3.2649,96.0745,"106.39,104.22,102.04,99.87,98.79,97.70,97.16,100.96,99.33,98.25,97.70,97.16,96.07,95.53,97.16,96.07,95.53,95.53,94.99,94.45,94.45,94.99,94.45,94.45,94.45,93.36,93.36,92.28"
Rec-G3_std_1,13,6,2127,core,315,317,0.0,5.0,0.9764,317,319,323,322,1.0,True,96.5979,105.3012,93.3608,2.7426,96.0745,"105.30,102.04,100.42,98.79,98.25,97.70,97.16,99.33,98.25,97.70,97.16,96.62,96.07,96.07,96.07,95.53,95.53,95.53,94.99,94.99,94.45,94.45,94.45,94.45,93.36,93.36,93.36,93.36"
Rec-G3_std_1,13,7,2128,core,320,317,0.0,5.0,0.9747,322,319,328,322,1.0,True,96.9662,103.6729,94.4463,2.3712,96.3459,"103.67,102.04,100.42,99.33,98.79,98.25,98.25,98.79,98.25,97.70,97.70,97.16,97.16,96.62,96.07,96.07,95.53,95.53,95.53,95.53,95.53,94.45,94.45,94.45,94.45,94.45,94.45,94.45"
Rec-G3_std_1,13,8,2129,core,325,317,0.0,5.0,0.9726,327,319,333,322,1.0,True,97.6058,103.6729,94.989,2.312,97.4314,"103.67,102.04,100.96,99.87,99.87,99.33,99.33,99.33,98.25,98.25,98.25,98.25,98.25,98.25,96.62,96.62,96.62,96.07,96.07,96.07,96.07,94.99,94.99,94.99,94.99,94.99,94.99,94.99"
Rec-G3_std_1,13,9,2130,core,329,317,0.0,4.0,0.9726,331,319,337,322,1.0,True,98.827,105.8439,95.5318,2.7899,98.2455,"105.84,104.22,103.13,102.04,101.50,100.96,100.42,100.96,100.42,99.87,99.33,99.33,98.79,98.79,97.70,97.70,97.70,97.70,97.70,97.16,97.16,95.53,95.53,95.53,95.53,95.53,95.53,95.53"
Rec-G3_std_1,13,10,2131,core,334,317,0.0,5.0,0.9722,336,319,342,322,1.0,True,99.3504,106.3867,95.5318,2.6962,98.7882,"106.39,105.30,103.13,102.04,101.50,101.50,100.96,101.50,100.96,99.87,99.87,99.33,99.33,99.33,98.25,98.25,98.25,98.25,98.25,97.70,97.70,96.62,96.62,96.62,96.62,96.07,96.07,95.53"
Rec-G3_std_1,13,11,2132,core,339,316,11.31,5.1,0.9715,341,318,347,321,1.0,True,102.5875,113.9851,98.2455,3.876,102.0447,"113.99,110.73,108.01,106.39,105.30,103.67,103.67,106.39,105.30,103.67,103.13,103.13,102.04,102.04,102.04,101.50,100.96,100.96,100.42,100.42,99.87,98.79,98.79,98.25,98.25,98.25,98.25,98.25"
Rec-G3_std_1,13,12,2133,core,344,316,0.0,5.0,0.9731,346,318,352,321,1.0,True,102.7425,112.8996,98.2455,3.7374,102.0447,"112.90,110.73,108.56,106.39,105.30,104.22,103.67,106.93,105.30,104.22,103.13,103.13,102.04,102.04,102.04,102.04,101.50,100.96,100.42,100.42,99.87,99.33,99.33,98.79,98.79,98.25,98.25,98.25"
Rec-G3_std_1,13,13,2134,core,349,316,0.0,5.0,0.9732,351,318,357,321,1.0,True,101.8315,112.8996,95.5318,4.1419,101.502,"112.90,110.19,108.01,105.84,104.22,103.13,101.50,106.39,105.30,104.22,103.13,102.04,100.96,99.33,102.04,102.04,101.50,100.42,99.33,98.25,97.16,99.33,98.79,98.25,98.25,97.16,96.07,95.53"
Rec-G3_std_1,13,14,2135,core,353,316,0.0,4.0,0.9739,355,318,361,321,1.0,True,98.827,112.8996,89.5616,5.4505,98.2455,"112.90,110.19,106.39,103.13,100.42,98.25,95.53,106.39,103.67,102.04,99.87,98.25,96.07,93.36,101.50,99.87,98.79,97.70,95.53,94.45,91.19,98.25,97.16,96.07,95.53,93.36,91.73,89.56"
Rec-G3_std_1,13,15,2136,core,358,316,0.0,5.0,0.977,360,318,366,321,0.4286,False,85.1615,106.9294,74.9074,9.5244,81.6918,"106.93,102.04,94.45,84.13,78.71,76.54,75.45,100.42,97.16,90.65,82.51,78.16,76.54,74.91,96.07,93.36,87.93,80.88,77.62,75.99,74.91,93.36,91.19,86.31,80.33,77.08,75.99,74.91"
Rec-G3_std_1,13,16,2137,core,361,316,0.0,3.0,0.9825,363,318,369,321,0.0,False,77.5436,89.5616,73.822,3.7229,75.9929,"89.56,83.59,79.79,77.62,75.99,75.45,74.91,84.68,80.33,77.62,75.99,75.45,74.91,74.36,82.51,78.71,77.08,75.99,75.45,74.36,73.82,80.88,77.62,75.99,75.45,74.91,74.36,73.82"
Rec-G3_std_1,14,1,2267,core,292,318,-45.0,1.41,0.9796,294,320,300,323,1.0,True,93.322,98.2455,87.3906,2.9333,93.3608,"95.53,96.07,96.62,97.70,97.70,98.25,97.70,91.19,92.28,94.45,94.99,94.99,95.53,95.53,89.56,90.65,91.19,92.28,93.36,93.36,93.36,87.39,89.02,89.56,90.65,91.19,91.19,91.73"
Rec-G3_std_1,14,2,2268,core,296,318,0.0,4.0,0.9752,298,320,304,323,1.0,True,96.1133,102.0447,91.7325,2.9689,95.5318,"102.04,102.04,100.96,100.42,99.33,98.79,98.25,97.16,97.16,97.16,97.16,97.16,96.62,96.07,94.45,94.45,94.99,94.99,94.99,94.99,94.45,91.73,92.28,92.28,93.36,93.36,92.28,92.28"
Rec-G3_std_1,14,3,2269,core,301,317,11.31,5.1,0.9773,303,319,309,322,1.0,True,98.8658,110.1859,94.4463,3.9103,98.2455,"110.19,107.47,105.30,102.04,100.96,99.87,98.79,103.13,102.04,100.42,99.33,98.25,98.25,97.70,98.25,98.25,97.70,97.16,96.62,96.07,95.53,95.53,95.53,95.53,94.99,94.45,94.45,94.45"
Rec-G3_std_1,14,4,2270,core,306,317,0.0,5.0,0.9782,308,319,314,322,1.0,True,97.8384,107.4722,93.3608,3.3758,97.16,"107.47,105.30,103.13,100.96,99.33,98.25,98.25,101.50,100.42,99.33,98.25,98.25,97.16,96.62,97.70,97.16,96.62,96.07,95.53,95.53,94.99,95.53,95.53,94.99,94.45,94.45,93.36,93.36"
Rec-G3_std_1,14,5,2271,core,311,317,0.0,5.0,0.9769,313,319,319,322,1.0,True,96.8305,105.8439,93.3608,2.9526,96.0745,"105.84,103.13,100.96,99.33,98.25,97.70,96.62,100.42,98.79,98.25,97.70,96.62,96.07,95.53,96.62,96.07,95.53,95.53,94.99,94.45,94.45,94.99,94.45,94.45,94.45,93.36,93.36,93.36"
Rec-G3_std_1,14,6,2272,core,316,317,0.0,5.0,0.9742,318,319,324,322,1.0,True,96.6366,104.2157,93.3608,2.4722,96.0745,"104.22,102.04,99.87,98.79,98.25,97.70,97.16,98.79,98.25,97.70,97.16,96.62,96.07,96.07,96.07,95.53,95.53,95.53,95.53,94.99,94.99,94.45,94.45,94.45,94.45,94.45,93.36,93.36"
Rec-G3_std_1,14,7,2273,core,320,317,0.0,4.0,0.9737,322,319,328,322,1.0,True,97.2763,105.3012,94.4463,2.68,96.3459,"105.30,103.13,101.50,99.87,98.79,98.25,98.25,99.33,98.79,98.25,97.70,97.70,97.16,96.62,96.07,96.07,96.07,96.07,95.53,95.53,95.53,94.99,94.99,94.45,94.45,94.45,94.45,94.45"
Rec-G3_std_1,14,8,2274,core,325,317,0.0,5.0,0.9742,327,319,333,322,1.0,True,98.1292,105.3012,94.989,2.5223,97.7027,"105.30,103.13,102.04,100.96,100.42,99.87,99.33,99.87,99.33,98.79,98.25,98.25,98.25,98.25,97.16,97.16,96.62,96.62,96.62,96.62,96.62,95.53,95.53,95.53,95.53,95.53,95.53,94.99"
Rec-G3_std_1,14,9,2275,core,330,317,0.0,5.0,0.9734,332,319,338,322,1.0,True,99.0014,105.3012,95.5318,2.6002,98.5169,"105.30,104.22,103.13,102.04,101.50,100.96,100.42,100.96,100.42,99.87,99.33,99.33,99.33,98.79,98.25,98.25,98.25,97.70,97.70,97.70,97.16,96.07,96.07,96.07,96.07,96.07,95.53,95.53"
Rec-G3_std_1,14,10,2276,core,335,317,0.0,5.0,0.9722,337,319,343,322,1.0,True,99.6799,105.8439,96.6172,2.4965,99.331,"105.84,104.22,103.13,102.04,102.04,102.04,102.04,102.04,100.96,100.42,100.42,100.42,99.87,99.87,98.79,98.25,98.25,98.25,98.25,98.25,98.25,97.16,97.16,96.62,96.62,96.62,96.62,96.62"
Rec-G3_std_1,14,11,2277,core,340,316,11.31,5.1,0.9705,342,318,348,321,1.0,True,103.0721,112.8996,98.7882,3.3936,102.5874,"112.90,110.19,108.01,105.84,105.30,104.22,104.22,106.39,105.30,104.22,103.67,103.13,103.13,103.13,102.04,102.04,102.04,101.50,101.50,101.50,100.96,99.87,99.33,99.33,99.33,99.33,98.79,98.79"
Rec-G3_std_1,14,12,2278,core,345,316,0.0,5.0,0.971,347,318,353,321,1.0,True,103.2465,112.8996,98.2455,3.6216,103.1302,"112.90,110.73,108.56,106.93,105.84,105.30,103.67,106.93,105.84,105.30,103.67,103.13,103.13,102.04,103.13,103.13,102.04,101.50,100.96,100.96,100.42,100.42,99.87,99.87,99.33,98.79,98.25,98.25"
Rec-G3_std_1,14,13,2279,core,349,316,0.0,4.0,0.9737,351,318,357,321,1.0,True,102.8976,115.0706,95.5318,4.4412,102.0447,"115.07,111.81,109.64,107.47,105.30,103.67,102.04,108.01,106.39,105.30,104.22,103.13,101.50,100.42,103.13,103.13,102.04,101.50,100.42,99.33,98.25,100.42,99.87,99.33,98.79,98.25,97.16,95.53"
Rec-G3_std_1,14,14,2280,core,354,316,0.0,5.0,0.9761,356,318,362,321,1.0,True,97.2763,111.8141,85.7624,6.2092,96.8886,"111.81,108.56,105.30,102.04,99.33,96.07,89.56,105.30,103.13,101.50,99.33,97.16,94.45,88.48,100.96,99.33,98.25,96.62,94.45,92.28,86.85,98.25,96.62,95.53,94.45,92.28,90.10,85.76"
Rec-G3_std_1,14,15,2281,core,359,316,0.0,5.0,0.9768,361,318,367,321,0.2857,False,82.0019,103.6729,73.822,8.1643,78.1639,"103.67,94.99,84.68,79.79,77.08,75.99,74.91,97.70,91.19,83.05,78.71,76.54,75.45,74.91,94.45,88.48,81.42,77.62,75.99,74.91,74.36,91.19,86.31,80.33,77.62,75.99,74.91,73.82"
Rec-G3_std_1,14,16,2282,core,361,316,0.0,2.0,0.9838,363,318,369,321,0.0,False,77.3498,89.5616,73.822,3.7223,75.9929,"89.56,83.05,78.71,77.08,75.99,75.45,74.36,84.68,79.79,77.62,75.99,75.45,74.91,74.36,82.51,78.71,76.54,75.99,74.91,74.36,73.82,80.88,77.62,75.99,75.45,74.36,73.82,73.82"
Rec-G3_std_1,15,1,2412,core,291,317,180.0,1.0,0.9788,293,319,299,322,1.0,True,94.6595,100.4165,86.3051,3.814,94.7176,"98.79,100.42,100.42,99.33,99.33,99.33,99.33,92.28,94.45,95.53,95.53,96.62,97.16,97.70,89.02,90.65,92.28,93.36,94.45,94.99,95.53,86.31,88.48,90.10,91.19,92.28,92.28,93.36"
Rec-G3_std_1,15,2,2413,core,293,318,-26.57,2.24,0.9766,295,320,301,323,1.0,True,94.3881,98.2455,89.0188,2.7228,94.4463,"97.16,97.70,98.25,98.25,98.25,98.25,98.25,93.36,94.45,95.53,95.53,95.53,96.07,96.07,91.19,91.73,92.28,93.36,94.45,94.45,94.45,89.02,90.10,91.19,91.19,92.28,92.28,92.28"
Rec-G3_std_1,15,3,2414,core,297,317,14.04,4.12,0.9762,299,319,305,322,1.0,True,99.4279,110.1859,94.989,3.9086,97.9741,"110.19,108.01,105.84,103.67,102.04,100.96,100.42,103.13,102.04,100.96,100.42,99.33,98.79,98.25,97.70,97.70,97.70,97.70,97.70,97.16,96.62,94.99,95.53,95.53,95.53,95.53,95.53,94.99"
Rec-G3_std_1,15,4,2415,core,302,317,0.0,5.0,0.9776,304,319,310,322,1.0,True,98.8852,109.6431,94.4463,3.6898,98.2455,"109.64,106.93,104.22,102.04,100.96,99.87,98.79,103.13,102.04,100.42,99.33,98.79,98.25,97.70,98.25,98.25,98.25,97.16,96.62,96.07,95.53,96.07,95.53,95.53,95.53,94.99,94.45,94.45"
Rec-G3_std_1,15,5,2416,core,307,317,0.0,5.0,0.9769,309,319,315,322,1.0,True,97.8772,107.4722,93.3608,3.2695,97.4314,"107.47,105.30,102.04,100.42,99.33,98.25,97.70,102.04,100.42,99.33,98.25,98.25,97.16,96.62,98.25,97.70,96.62,96.62,95.53,95.53,94.99,95.53,95.53,94.99,94.45,94.45,94.45,93.36"
Rec-G3_std_1,15,6,2417,core,312,317,0.0,5.0,0.9751,314,319,320,322,1.0,True,96.9855,105.3012,93.3608,2.8685,96.3459,"105.30,103.13,101.50,99.33,98.25,98.25,97.70,99.87,98.79,98.25,97.70,97.16,96.62,96.07,96.62,96.07,96.07,95.53,94.99,94.99,94.45,95.53,94.45,94.45,94.45,93.36,93.36,93.36"
Rec-G3_std_1,15,7,2418,core,316,317,0.0,4.0,0.9744,318,319,324,322,1.0,True,97.5283,105.8439,94.4463,2.9409,96.8886,"105.84,104.22,102.04,100.42,99.33,98.79,98.25,100.42,99.33,98.25,98.25,97.70,97.16,97.16,96.62,96.62,96.07,96.07,95.53,95.53,95.53,94.99,94.45,94.45,94.45,94.45,94.45,94.45"
Rec-G3_std_1,15,8,2419,core,321,317,0.0,5.0,0.9741,323,319,329,322,1.0,True,97.9741,105.8439,94.989,2.7079,97.4314,"105.84,103.67,102.04,100.96,99.87,99.33,98.79,100.42,99.33,98.79,98.25,98.25,97.70,97.70,97.16,97.16,96.62,96.62,96.62,96.07,96.07,95.53,95.53,94.99,94.99,94.99,94.99,94.99"
Rec-G3_std_1,15,9,2420,core,326,317,0.0,5.0,0.9739,328,319,334,322,1.0,True,98.4587,105.3012,95.5318,2.5471,97.9741,"105.30,103.67,102.04,101.50,100.42,99.87,99.87,100.42,99.87,99.33,99.33,98.79,98.25,98.25,97.70,97.70,97.70,97.16,97.16,97.16,96.62,95.53,95.53,95.53,95.53,95.53,95.53,95.53"
Rec-G3_std_1,15,10,2421,core,331,317,0.0,5.0,0.9721,333,319,339,322,1.0,True,99.1565,105.8439,95.5318,2.6353,98.5169,"105.84,104.22,103.13,102.04,101.50,100.96,100.42,101.50,100.96,100.42,99.87,99.33,99.33,98.79,98.25,98.25,98.25,98.25,97.70,97.70,97.16,96.62,96.07,96.07,96.07,96.07,96.07,95.53"
Rec-G3_std_1,15,11,2422,core,336,317,0.0,5.0,0.9699,338,319,344,322,1.0,True,99.8156,106.3867,96.6172,2.5138,99.331,"106.39,104.22,103.13,102.04,102.04,102.04,102.04,102.04,101.50,100.96,100.42,100.42,100.42,99.87,98.79,98.79,98.25,98.25,98.25,98.25,98.25,97.16,97.16,97.16,97.16,96.62,96.62,96.62"
Rec-G3_std_1,15,12,2423,core,341,316,11.31,5.1,0.9693,343,318,349,321,1.0,True,103.1108,112.8996,98.7882,3.3909,102.0447,"112.90,110.19,108.01,106.39,105.30,105.30,103.67,106.39,105.30,104.22,103.67,103.13,103.13,102.04,102.04,102.04,102.04,101.50,101.50,101.50,100.96,99.87,99.87,99.87,99.33,99.33,98.79,98.79"
Rec-G3_std_1,15,13,2424,core,345,316,0.0,4.0,0.9722,347,318,353,321,1.0,True,104.0219,116.1561,98.2455,4.2246,103.1302,"116.16,112.90,110.73,108.01,106.39,105.30,104.22,108.56,106.93,105.84,105.30,103.67,103.13,102.04,103.67,103.13,103.13,102.04,101.50,101.50,100.42,100.96,100.42,100.42,99.87,99.33,98.79,98.25"
Rec-G3_std_1,15,14,2425,core,350,316,0.0,5.0,0.9747,352,318,358,321,1.0,True,101.7927,113.9851,94.4463,4.5559,100.9592,"113.99,111.27,108.56,105.84,103.67,102.04,100.42,107.47,105.84,104.22,103.13,101.50,99.87,98.25,103.13,102.04,101.50,100.42,98.79,98.25,96.07,100.42,99.33,98.79,98.25,97.16,95.53,94.45"
Rec-G3_std_1,15,15,2426,core,355,316,0.0,5.0,0.9758,357,318,363,321,0.8571,False,94.1361,110.1859,79.7922,7.9017,94.989,"110.19,106.93,103.13,99.87,96.62,90.10,81.42,103.67,102.04,99.33,97.16,94.45,87.93,80.88,99.87,98.25,96.07,94.45,92.28,86.31,80.33,97.16,95.53,94.45,92.28,90.10,85.22,79.79"
Rec-G3_std_1,15,16,2427,core,360,316,0.0,5.0,0.9757,362,318,368,321,0.1429,False,79.0943,97.16,73.822,5.811,76.5357,"97.16,86.31,80.88,77.62,75.99,74.91,74.36,91.19,83.05,78.71,77.08,75.99,74.91,74.36,88.48,81.42,78.16,75.99,75.45,74.36,74.36,86.31,80.88,77.62,75.99,74.91,74.36,73.82"
Rec-G3_std_1,15,17,2428,core,361,316,0.0,1.0,0.9843,363,318,369,321,0.0,False,77.2335,89.0188,73.822,3.6721,75.9929,"89.02,83.05,78.71,77.08,75.99,74.91,74.36,84.13,79.79,77.62,75.99,75.45,74.36,73.82,82.51,78.71,76.54,75.45,74.91,74.36,73.82,80.88,77.62,75.99,75.45,74.36,73.82,73.82"
Rec-G3_std_1,16,1,2561,core,291,318,-90.0,1.0,0.977,293,320,299,323,1.0,True,92.5079,98.2455,85.7624,3.2643,92.2753,"93.36,94.99,95.53,96.62,97.16,97.70,98.25,89.56,91.19,92.28,94.45,94.99,95.53,95.53,86.85,89.02,90.65,91.73,92.28,93.36,93.36,85.76,87.39,89.02,90.10,90.65,91.19,91.73"
Rec-G3_std_1,16,2,2562,core,295,318,0.0,4.0,0.9774,297,320,303,323,1.0,True,95.997,100.9592,91.1898,2.7048,95.5318,"100.96,100.42,99.87,99.87,99.33,99.33,98.79,96.07,96.62,97.16,97.16,97.16,97.16,96.62,93.36,94.45,94.45,94.99,94.99,94.99,94.99,91.19,92.28,92.28,93.36,93.36,93.36,93.36"
Rec-G3_std_1,16,3,2563,core,300,317,11.31,5.1,0.9769,302,319,308,322,1.0,True,99.4473,109.6431,94.4463,3.6505,98.5169,"109.64,107.47,105.30,103.13,101.50,100.42,99.87,103.13,102.04,100.96,100.42,99.33,98.79,98.25,98.79,98.25,98.25,98.25,97.70,97.16,96.62,96.07,96.07,96.07,95.53,95.53,95.53,94.45"
Rec-G3_std_1,16,4,2564,core,304,317,0.0,4.0,0.9755,306,319,312,322,1.0,True,99.5636,110.1859,94.989,3.7865,98.7882,"110.19,108.01,105.84,103.13,102.04,100.42,99.33,103.67,102.04,100.96,100.42,99.33,98.79,98.25,99.33,98.79,98.25,98.25,97.16,96.62,96.62,96.62,96.07,96.07,95.53,95.53,95.53,94.99"
Rec-G3_std_1,16,5,2565,core,309,317,0.0,5.0,0.9763,311,319,317,322,1.0,True,98.6525,108.5576,94.4463,3.4711,98.2455,"108.56,106.39,104.22,102.04,100.42,99.33,98.25,102.04,101.50,100.42,99.33,98.25,98.25,97.16,98.25,98.25,97.70,96.62,96.62,96.07,95.53,96.07,96.07,95.53,95.53,94.99,94.45,94.45"
Rec-G3_std_1,16,6,2566,core,314,317,0.0,5.0,0.9767,316,319,322,322,1.0,True,98.0323,107.4722,94.4463,3.2186,97.4314,"107.47,105.30,103.13,100.96,99.33,98.79,98.25,101.50,99.87,99.33,98.79,98.25,97.70,97.16,97.70,97.16,96.62,96.07,96.07,95.53,95.53,95.53,95.53,94.99,94.99,94.45,94.45,94.45"
Rec-G3_std_1,16,7,2567,core,319,317,0.0,5.0,0.9752,321,319,327,322,1.0,True,97.916,105.8439,94.4463,2.6995,97.7027,"105.84,103.67,102.04,100.96,99.33,98.79,98.25,100.42,99.33,98.79,98.25,98.25,97.70,97.70,97.70,97.16,96.62,96.62,96.62,96.07,95.53,95.53,95.53,95.53,94.99,94.99,94.99,94.45"
Rec-G3_std_1,16,8,2568,core,324,317,0.0,5.0,0.9731,326,319,332,322,1.0,True,98.2649,105.3012,95.5318,2.4934,97.9741,"105.30,103.67,102.04,100.96,99.87,99.33,98.79,100.42,99.87,98.79,98.79,98.25,98.25,98.25,97.70,97.70,97.16,97.16,97.16,96.62,96.62,95.53,95.53,95.53,95.53,95.53,95.53,95.53"
Rec-G3_std_1,16,9,2569,core,328,317,0.0,4.0,0.9709,330,319,336,322,1.0,True,99.1565,106.3867,96.0745,2.7294,98.5169,"106.39,105.30,103.13,102.04,101.50,100.42,100.42,101.50,100.96,99.87,99.33,99.33,98.79,98.79,98.25,98.25,98.25,98.25,97.70,97.70,97.70,96.07,96.07,96.07,96.07,96.07,96.07,96.07"
Rec-G3_std_1,16,10,2570,core,333,317,0.0,5.0,0.9711,335,319,341,322,1.0,True,99.9706,106.9294,96.6172,2.6353,99.331,"106.93,105.30,103.67,103.13,102.04,102.04,101.50,102.04,101.50,100.96,100.42,100.42,100.42,99.87,98.79,98.79,98.79,98.25,98.25,98.25,98.25,97.16,97.16,97.16,97.16,97.16,97.16,96.62"
Rec-G3_std_1,16,11,2571,core,338,317,0.0,5.0,0.971,340,319,346,322,1.0,True,101.0755,107.4722,98.2455,2.5595,100.6878,"107.47,105.84,105.30,104.22,103.67,103.13,103.13,102.04,102.04,102.04,102.04,101.50,101.50,101.50,99.87,99.87,99.87,99.33,99.33,99.33,99.33,98.25,98.25,98.25,98.25,98.25,98.25,98.25"
Rec-G3_std_1,16,12,2572,core,343,316,11.31,5.1,0.9733,345,318,351,321,1.0,True,104.3901,115.6133,99.331,3.9166,103.4016,"115.61,112.90,110.19,108.01,106.93,105.84,105.30,108.56,106.93,105.84,105.30,104.22,103.67,103.13,103.67,103.13,103.13,103.13,102.04,102.04,101.50,100.96,100.96,100.42,100.42,99.87,99.87,99.33"
Rec-G3_std_1,16,13,2573,core,348,316,0.0,5.0,0.9741,350,318,356,321,1.0,True,103.7505,115.0706,97.16,4.1707,103.1302,"115.07,111.81,110.19,108.01,106.39,105.30,103.67,108.56,106.93,105.84,105.30,103.67,103.13,101.50,103.67,103.13,103.13,102.04,101.50,100.42,99.33,100.96,100.96,100.42,99.87,98.79,98.25,97.16"
Rec-G3_std_1,16,14,2574,core,353,316,0.0,5.0,0.9738,355,318,361,321,1.0,True,98.9239,111.8141,89.5616,5.1929,98.2455,"111.81,109.10,105.84,103.13,100.96,98.25,95.53,105.84,103.67,102.04,100.42,98.25,96.07,93.36,102.04,100.42,99.33,97.70,95.53,94.45,91.19,98.79,98.25,96.62,95.53,94.45,91.73,89.56"
Rec-G3_std_1,16,15,2575,core,357,316,0.0,4.0,0.9758,359,318,365,321,0.5714,False,88.6118,110.1859,75.4502,10.1989,89.0188,"110.19,105.84,100.96,93.36,83.59,78.71,75.99,103.13,99.87,96.07,90.10,81.96,77.62,75.99,98.25,95.53,93.36,87.93,80.88,77.62,75.99,95.53,93.36,91.19,85.76,79.79,77.08,75.45"
Rec-G3_std_1,16,16,2576,core,361,316,0.0,4.0,0.9809,363,318,369,321,0.0,False,77.4273,90.1043,73.822,3.9063,75.9929,"90.10,83.59,79.79,77.08,75.99,74.91,74.36,85.22,80.33,77.62,75.99,75.45,74.91,74.36,82.51,78.71,76.54,75.45,74.91,74.36,73.82,80.88,77.62,75.99,75.45,74.36,73.82,73.82"
Rec-G3_std_1,17,1,2700,core,293,318,-26.57,2.24,0.9776,295,320,301,323,1.0,True,95.0666,98.7882,89.5616,2.7966,94.989,"98.25,98.79,98.79,98.79,98.79,98.79,98.79,94.45,95.53,95.53,96.07,96.62,97.16,97.16,91.19,92.28,93.36,94.45,94.45,94.99,94.99,89.56,90.65,91.19,92.28,92.28,93.36,93.36"
Rec-G3_std_1,17,2,2701,core,298,317,11.31,5.1,0.9773,300,319,306,322,1.0,True,100.0482,110.7286,95.5318,3.8187,99.0596,"110.73,108.56,105.84,103.67,103.13,102.04,100.96,103.13,102.04,101.50,100.96,100.42,99.87,99.33,98.79,98.79,98.25,98.25,98.25,97.70,97.70,96.07,96.07,96.07,96.07,96.07,95.53,95.53"
Rec-G3_std_1,17,3,2702,core,303,317,0.0,5.0,0.9775,305,319,311,322,1.0,True,99.835,110.1859,95.5318,3.544,99.331,"110.19,107.47,105.30,103.13,102.04,100.96,100.42,103.13,102.04,101.50,100.42,99.87,99.33,98.79,99.33,99.33,98.25,98.25,98.25,97.16,96.62,97.16,96.62,96.62,96.07,96.07,95.53,95.53"
Rec-G3_std_1,17,4,2703,core,308,317,0.0,5.0,0.9762,310,319,316,322,1.0,True,99.0596,108.0149,94.989,3.1497,98.2455,"108.01,105.84,103.67,102.04,100.96,99.87,99.33,102.04,101.50,100.96,99.87,99.33,98.25,98.25,98.79,98.25,98.25,97.70,97.16,96.62,96.07,96.62,96.62,96.07,95.53,95.53,95.53,94.99"
Rec-G3_std_1,17,5,2704,core,312,317,0.0,4.0,0.9751,314,319,320,322,1.0,True,99.079,108.5576,94.989,3.3315,98.2455,"108.56,106.39,104.22,102.04,100.96,99.87,98.79,103.13,102.04,100.42,99.33,98.79,98.25,98.25,98.79,98.25,98.25,97.16,97.16,96.62,96.07,96.62,96.62,96.07,95.53,95.53,95.53,94.99"
Rec-G3_std_1,17,6,2705,core,317,317,0.0,5.0,0.9762,319,319,325,322,1.0,True,98.4393,106.9294,94.989,2.977,97.9741,"106.93,105.30,103.13,100.96,99.87,99.33,98.25,102.04,100.42,99.33,98.79,98.25,98.25,97.70,98.25,97.70,97.16,97.16,96.62,96.62,96.07,96.07,95.53,95.53,95.53,95.53,94.99,94.99"
Rec-G3_std_1,17,7,2706,core,322,317,0.0,5.0,0.9754,324,319,330,322,1.0,True,98.3618,105.8439,95.5318,2.5677,98.2455,"105.84,103.67,102.04,100.96,99.87,99.33,99.33,100.96,99.87,99.33,98.79,98.25,98.25,98.25,98.25,97.70,97.16,97.16,96.62,96.62,96.62,96.07,95.53,95.53,95.53,95.53,95.53,95.53"
Rec-G3_std_1,17,8,2707,core,327,317,0.0,5.0,0.9748,329,319,335,322,1.0,True,99.0014,105.3012,96.0745,2.3179,98.5169,"105.30,103.67,102.04,101.50,100.96,100.42,100.42,100.96,100.42,99.87,99.33,99.33,98.79,98.79,98.25,98.25,98.25,98.25,97.70,97.70,97.70,96.62,96.62,96.62,96.07,96.07,96.07,96.07"
Rec-G3_std_1,17,9,2708,core,332,317,0.0,5.0,0.9724,334,319,340,322,1.0,True,99.9125,106.3867,97.16,2.4139,99.331,"106.39,104.22,103.13,102.04,102.04,102.04,101.50,102.04,101.50,100.96,100.96,100.42,100.42,99.87,98.79,98.79,98.79,98.79,98.25,98.25,98.25,97.16,97.16,97.16,97.16,97.16,97.16,97.16"
Rec-G3_std_1,17,10,2709,core,336,317,0.0,4.0,0.9712,338,319,344,322,1.0,True,101.2306,108.5576,98.2455,2.7503,100.6878,"108.56,106.93,105.30,104.22,103.13,103.13,103.13,103.13,103.13,102.04,102.04,101.50,101.50,101.50,99.87,99.87,99.87,99.87,99.33,99.33,99.33,98.25,98.25,98.25,98.25,98.25,98.25,98.25"
Rec-G3_std_1,17,11,2710,core,341,316,11.31,5.1,0.9722,343,318,349,321,1.0,True,104.1188,115.6133,99.331,3.7604,103.4016,"115.61,111.81,109.64,107.47,105.84,105.30,104.22,108.56,106.93,105.30,104.22,104.22,103.67,103.13,103.67,103.13,103.13,102.04,102.04,102.04,101.50,100.96,100.96,100.42,100.42,99.87,99.87,99.33"
Rec-G3_std_1,17,12,2711,core,346,316,0.0,5.0,0.9744,348,318,354,321,1.0,True,104.2157,115.6133,98.7882,3.8895,103.4016,"115.61,111.81,110.19,108.01,106.39,105.30,104.22,108.56,107.47,105.84,105.30,104.22,103.67,103.13,103.67,103.13,103.13,102.04,102.04,101.50,100.96,101.50,100.96,100.96,100.42,99.87,99.33,98.79"
Rec-G3_std_1,17,13,2712,core,351,316,0.0,5.0,0.9755,353,318,359,321,1.0,True,102.0059,113.9851,94.4463,4.6755,101.502,"113.99,111.81,108.56,106.39,103.67,102.04,100.42,108.01,106.39,105.30,103.13,102.04,99.87,98.25,103.67,102.04,102.04,100.42,99.33,97.70,96.07,100.96,99.87,98.79,98.25,97.16,95.53,94.45"
Rec-G3_std_1,17,14,2713,core,356,316,0.0,5.0,0.9762,358,318,364,321,0.7143,False,91.6744,110.1859,76.5357,9.4657,93.3608,"110.19,106.39,102.04,98.25,91.19,82.51,77.62,103.67,101.50,98.79,95.53,89.56,81.42,77.62,99.33,97.70,95.53,93.36,87.93,80.88,77.08,96.62,95.53,93.36,91.19,85.76,79.79,76.54"
Rec-G3_std_1,17,15,2714,core,360,316,0.0,4.0,0.9792,362,318,368,321,0.1429,False,79.5014,99.331,73.822,6.4308,76.5357,"99.33,88.48,81.96,78.16,75.99,74.91,74.36,93.36,84.13,79.79,77.08,75.99,74.91,74.36,89.02,81.96,78.16,75.99,75.45,74.36,73.82,86.85,80.88,77.62,75.99,74.91,74.36,73.82"
Rec-G3_std_1,18,1,2836,core,292,318,-90.0,1.0,0.9786,294,320,300,323,1.0,True,94.4463,99.331,87.9333,3.1009,94.7176,"96.62,97.70,98.25,98.25,98.79,99.33,99.33,92.28,93.36,94.99,95.53,96.07,96.62,97.16,89.56,91.19,92.28,93.36,94.45,94.99,95.53,87.93,89.56,91.19,91.19,92.28,93.36,93.36"
Rec-G3_std_1,18,2,2837,core,301,317,6.34,9.06,0.9768,303,319,309,322,1.0,True,101.153,111.8141,96.0745,3.8928,100.1451,"111.81,109.64,107.47,105.30,103.67,102.04,101.50,105.30,103.67,103.13,102.04,101.50,100.42,99.87,100.42,99.87,99.87,99.33,98.79,98.25,98.25,97.70,97.70,97.70,97.16,97.16,96.62,96.07"
Rec-G3_std_1,18,3,2838,core,306,317,0.0,5.0,0.9778,308,319,314,322,1.0,True,100.2808,110.7286,95.5318,3.6107,99.6023,"110.73,108.01,105.84,103.67,102.04,100.96,99.87,104.22,103.13,102.04,100.96,100.42,99.33,98.25,100.42,99.87,98.79,98.79,98.25,97.70,96.62,98.25,97.70,97.16,97.16,96.62,95.53,95.53"
Rec-G3_std_1,18,4,2839,core,311,317,0.0,5.0,0.9767,313,319,319,322,1.0,True,98.9627,108.5576,94.989,3.1914,98.2455,"108.56,105.84,103.13,102.04,100.42,99.33,98.25,103.13,101.50,100.42,99.33,98.79,98.25,97.70,98.79,98.25,98.25,97.70,97.16,96.62,96.07,96.62,96.62,96.62,96.07,95.53,94.99,94.99"
Rec-G3_std_1,18,5,2840,core,316,317,0.0,5.0,0.9742,318,319,324,322,1.0,True,97.9353,106.3867,94.4463,2.7729,97.7027,"106.39,103.67,102.04,99.87,98.79,98.25,98.25,101.50,99.87,99.33,98.25,97.70,97.70,97.16,98.25,97.70,97.16,96.62,96.07,95.53,95.53,95.53,95.53,95.53,95.53,94.99,94.99,94.45"
Rec-G3_std_1,18,6,2841,core,320,317,0.0,4.0,0.9739,322,319,328,322,1.0,True,98.0323,105.8439,94.989,2.7497,97.7027,"105.84,104.22,102.04,100.96,99.87,98.79,98.25,100.96,99.87,98.79,98.25,98.25,97.70,97.70,97.70,97.16,97.16,96.62,96.07,96.07,96.07,95.53,95.53,95.53,94.99,94.99,94.99,94.99"
Rec-G3_std_1,18,7,2842,core,325,317,0.0,5.0,0.9744,327,319,333,322,1.0,True,98.6332,105.8439,95.5318,2.6425,97.9741,"105.84,104.22,102.04,101.50,100.96,100.42,99.87,100.96,99.87,99.33,99.33,98.79,98.79,98.25,97.70,97.70,97.70,97.70,97.16,97.16,97.16,96.07,95.53,95.53,95.53,95.53,95.53,95.53"
Rec-G3_std_1,18,8,2843,core,330,317,0.0,5.0,0.9735,332,319,338,322,1.0,True,99.7574,106.3867,96.6172,2.5554,99.0596,"106.39,105.30,103.67,102.04,102.04,101.50,101.50,101.50,100.96,100.96,100.42,100.42,99.87,99.87,98.25,98.25,98.25,98.25,98.25,98.25,98.25,96.62,96.62,97.16,97.16,97.16,97.16,97.16"
Rec-G3_std_1,18,9,2844,core,335,317,0.0,5.0,0.9719,337,319,343,322,1.0,True,100.7266,106.9294,97.7027,2.3942,100.4165,"106.93,105.30,104.22,103.13,103.13,103.13,102.04,102.04,102.04,101.50,101.50,101.50,100.96,100.96,99.87,99.33,99.33,99.33,99.33,99.33,99.33,98.25,98.25,98.25,98.25,97.70,97.70,97.70"
Rec-G3_std_1,18,10,2845,core,340,316,11.31,5.1,0.9711,342,318,348,321,1.0,True,104.08,113.9851,99.8737,3.3002,103.4016,"113.99,110.73,108.56,106.93,105.84,105.30,105.30,107.47,105.84,105.30,105.30,104.22,104.22,103.67,103.13,103.13,103.13,103.13,102.04,102.04,102.04,100.96,100.42,100.42,100.42,100.42,100.42,99.87"
Rec-G3_std_1,18,11,2846,core,344,316,0.0,4.0,0.972,346,318,352,321,1.0,True,105.5144,117.2416,100.4165,4.0831,104.7584,"117.24,113.99,111.81,109.64,108.01,106.93,105.84,109.64,108.56,107.47,106.39,105.30,105.30,104.22,105.30,104.22,103.67,103.67,103.13,103.13,102.04,102.04,101.50,101.50,101.50,100.96,100.96,100.42"
Rec-G3_std_1,18,12,2847,core,349,316,0.0,5.0,0.9747,351,318,357,321,1.0,True,104.3514,116.6988,96.6172,4.5976,103.4016,"116.70,113.99,111.27,108.56,106.39,105.30,103.13,109.64,108.56,106.93,105.30,104.22,103.13,101.50,105.30,104.22,103.67,103.13,102.04,100.42,99.33,102.04,101.50,100.96,100.42,99.33,98.25,96.62"
Rec-G3_std_1,18,13,2848,core,354,316,0.0,5.0,0.9766,356,318,362,321,1.0,True,98.2261,113.9851,85.7624,6.6717,98.2455,"113.99,110.19,106.39,103.13,99.87,96.62,90.10,106.93,105.30,102.04,100.42,98.25,94.99,88.48,102.04,100.96,98.79,97.70,95.53,92.28,86.85,99.33,98.25,96.62,95.53,93.36,90.65,85.76"
Rec-G3_std_1,18,14,2849,core,359,316,0.0,5.0,0.9772,361,318,367,321,0.2857,False,82.0794,105.3012,73.822,8.688,78.1639,"105.30,95.53,85.22,79.79,76.54,75.45,74.36,98.79,91.73,83.05,78.71,75.99,74.91,74.36,94.99,89.02,81.42,77.62,75.99,74.91,73.82,92.28,86.85,80.33,77.08,75.99,74.36,73.82"
Rec-G3_std_1,19,1,2975,core,291,317,0.0,0.0,0.9775,293,319,299,322,1.0,True,96.1327,102.0447,87.9333,3.9174,95.8031,"100.96,102.04,102.04,100.96,100.96,100.96,100.96,94.45,95.53,96.62,97.70,98.25,98.25,98.79,90.10,92.28,93.36,95.53,95.53,96.07,96.62,87.93,89.56,91.19,92.28,93.36,94.45,94.99"
Rec-G3_std_1,19,2,2976,core,294,318,-18.43,3.16,0.9774,296,320,302,323,1.0,True,96.6173,100.9592,91.1898,2.7599,96.0745,"100.42,100.96,100.42,100.42,100.42,99.87,99.87,96.07,97.16,97.70,97.70,98.25,98.25,98.25,93.36,94.45,94.99,95.53,95.53,96.07,96.07,91.19,92.28,93.36,93.36,94.45,94.45,94.45"
Rec-G3_std_1,19,3,2977,core,299,317,11.31,5.1,0.976,301,319,307,322,1.0,True,100.6103,110.1859,96.6172,3.3275,99.8737,"110.19,107.47,105.30,103.67,103.13,102.04,101.50,103.67,103.13,102.04,101.50,100.96,100.42,99.87,99.87,99.33,99.33,99.33,98.79,98.25,98.25,97.16,97.16,97.16,97.16,97.16,96.62,96.62"
Rec-G3_std_1,19,4,2978,core,303,317,0.0,4.0,0.9754,305,319,311,322,1.0,True,101.153,111.2714,96.6172,3.6066,100.4165,"111.27,109.10,106.93,104.22,103.13,102.04,100.96,105.30,103.67,103.13,102.04,100.96,100.42,99.87,100.96,100.42,99.87,99.87,98.79,98.25,98.25,98.25,98.25,98.25,97.70,97.16,96.62,96.62"
Rec-G3_std_1,19,5,2979,core,308,317,0.0,5.0,0.9767,310,319,316,322,1.0,True,100.2032,110.1859,95.5318,3.4367,99.6023,"110.19,107.47,105.30,103.13,102.04,100.96,100.42,103.67,103.13,102.04,100.96,99.87,99.33,98.79,100.42,99.87,99.33,98.25,98.25,97.70,97.16,98.25,97.70,97.16,96.62,96.07,96.07,95.53"
Rec-G3_std_1,19,6,2980,core,313,317,0.0,5.0,0.9768,315,319,321,322,1.0,True,99.2728,108.0149,95.5318,3.0919,98.7882,"108.01,105.84,103.67,102.04,100.96,100.42,99.33,103.13,101.50,100.42,99.87,99.33,98.79,98.25,99.33,98.79,98.25,98.25,97.16,97.16,96.62,97.70,96.62,96.07,95.53,95.53,95.53,95.53"
Rec-G3_std_1,19,7,2981,core,318,316,11.31,5.1,0.9053,320,318,326,321,1.0,True,105.1267,117.7843,96.6172,7.9344,103.1302,"117.78,117.78,117.78,117.78,117.78,117.78,117.78,105.30,105.30,105.30,105.30,105.30,105.84,105.84,100.42,100.42,99.87,100.42,100.42,100.96,100.96,96.62,96.62,96.62,96.62,96.62,97.16,97.16"
Rec-G3_std_1,19,8,2982,core,323,317,-11.31,5.1,0.9729,325,319,331,322,1.0,True,98.8076,105.8439,95.5318,2.5436,98.2455,"105.84,104.22,102.04,101.50,100.42,99.87,99.87,101.50,100.42,99.87,99.33,98.79,98.79,98.25,98.25,98.25,98.25,97.70,97.70,97.16,97.16,96.62,96.07,96.07,96.07,95.53,95.53,95.53"
Rec-G3_std_1,19,9,2983,core,327,317,0.0,4.0,0.972,329,319,335,322,1.0,True,99.7768,107.4722,96.6172,2.7677,99.0596,"107.47,105.30,103.67,103.13,102.04,101.50,100.96,102.04,101.50,100.96,100.42,99.87,99.87,99.33,98.79,98.25,98.25,98.25,98.25,98.25,98.25,97.16,97.16,96.62,96.62,96.62,96.62,96.62"
Rec-G3_std_1,19,10,2984,core,332,317,0.0,5.0,0.972,334,319,340,322,1.0,True,100.5328,106.9294,97.7027,2.5264,100.1451,"106.93,105.84,104.22,103.13,103.13,102.04,102.04,102.04,102.04,101.50,101.50,100.96,100.96,100.96,99.33,99.33,99.33,99.33,98.79,98.79,98.79,97.70,97.70,97.70,97.70,97.70,97.70,97.70"
Rec-G3_std_1,19,11,2985,core,337,317,0.0,5.0,0.9719,339,319,345,322,1.0,True,101.7152,108.0149,98.2455,2.5962,101.2306,"108.01,106.39,105.30,105.30,104.22,104.22,103.67,103.13,103.13,103.13,102.04,102.04,102.04,102.04,100.42,100.42,100.42,100.42,100.42,100.42,100.42,98.79,98.79,98.79,98.25,98.25,98.79,98.79"
Rec-G3_std_1,19,12,2986,core,342,316,11.31,5.1,0.9733,344,318,350,321,1.0,True,105.5338,115.6133,101.502,3.4431,105.3012,"115.61,112.90,110.19,108.56,107.47,106.93,106.39,109.10,108.01,106.93,106.39,105.84,105.30,105.30,105.30,104.22,103.67,103.67,103.67,103.13,103.13,102.04,102.04,102.04,102.04,102.04,101.50,101.50"
Rec-G3_std_1,19,13,2987,core,347,316,0.0,5.0,0.9742,349,318,355,321,1.0,True,105.4175,115.6133,99.331,3.7134,105.3012,"115.61,112.90,110.73,109.10,107.47,106.39,105.30,109.64,108.56,107.47,106.39,105.84,105.30,103.67,105.30,105.30,104.22,103.67,103.13,103.13,102.04,103.13,102.04,102.04,102.04,101.50,100.42,99.33"
Rec-G3_std_1,19,14,2988,core,351,316,0.0,4.0,0.9733,353,318,359,321,1.0,True,103.7311,117.2416,95.5318,5.0381,102.5874,"117.24,113.99,111.27,108.01,105.84,103.67,102.04,110.19,108.56,106.39,105.30,103.13,102.04,99.87,105.30,104.22,103.13,102.04,100.96,99.33,97.70,102.04,101.50,100.42,99.33,98.25,97.16,95.53"
Rec-G3_std_1,19,15,2989,core,356,316,0.0,5.0,0.9763,358,318,364,321,0.7143,False,92.7405,112.8996,76.5357,10.198,94.4463,"112.90,108.56,104.22,99.87,92.28,83.05,77.62,105.30,103.13,100.42,97.16,90.10,81.42,77.62,100.96,99.33,97.16,94.45,87.93,80.88,77.08,98.25,96.62,94.45,92.28,86.85,80.33,76.54"
Rec-G3_std_1,19,16,2990,core,360,316,0.0,4.0,0.9777,362,318,368,321,0.1429,False,79.8503,101.502,73.822,6.948,76.8071,"101.50,89.56,83.05,78.71,76.54,74.91,74.36,94.45,84.68,79.79,77.08,75.45,74.91,73.82,90.10,82.51,78.71,76.54,75.45,74.36,73.82,87.93,80.88,77.62,75.99,74.91,74.36,73.82"
Rec-G3_std_1,20,1,3110,core,293,318,-26.57,2.24,0.9777,295,320,301,323,1.0,True,95.3573,99.331,89.5616,2.7524,95.5318,"98.25,98.79,98.79,98.79,99.33,99.33,99.33,94.45,95.53,96.07,96.62,96.62,97.16,97.16,91.73,92.28,94.45,94.45,94.99,95.53,95.53,89.56,91.19,91.73,92.28,93.36,93.36,93.36"
Rec-G3_std_1,20,2,3111,core,298,317,11.31,5.1,0.9753,300,319,306,322,1.0,True,100.1257,109.6431,96.0745,3.287,99.331,"109.64,106.93,105.30,103.13,102.04,101.50,100.96,103.13,102.04,101.50,100.96,100.42,100.42,99.87,98.79,98.79,98.79,98.79,98.25,98.25,98.25,96.62,96.62,96.62,96.62,96.62,96.62,96.07"
Rec-G3_std_1,20,3,3112,core,302,317,0.0,4.0,0.9751,304,319,310,322,1.0,True,100.9592,111.2714,96.0745,3.6118,100.4165,"111.27,109.10,106.39,104.22,103.13,102.04,100.96,104.22,103.13,103.13,102.04,100.96,100.42,99.87,100.42,100.42,99.87,99.33,98.79,98.25,98.25,98.25,97.70,97.70,97.16,97.16,96.62,96.07"
Rec-G3_std_1,20,4,3113,core,307,317,0.0,5.0,0.9763,309,319,315,322,1.0,True,99.8543,109.6431,95.5318,3.2709,99.331,"109.64,106.93,104.22,103.13,101.50,100.96,99.33,103.67,102.04,100.96,100.42,99.87,99.33,98.25,99.87,99.33,98.79,98.25,98.25,97.70,96.62,97.70,97.70,97.16,96.62,96.07,96.07,95.53"
Rec-G3_std_1,20,5,3114,core,312,317,0.0,5.0,0.9765,314,319,320,322,1.0,True,99.1565,108.0149,95.5318,3.0046,98.5169,"108.01,105.30,103.13,102.04,100.96,99.87,99.33,103.13,101.50,100.42,99.87,98.79,98.79,98.25,98.79,98.25,98.25,97.70,97.16,97.16,96.62,97.16,96.62,96.62,96.07,95.53,95.53,95.53"
Rec-G3_std_1,20,6,3115,core,317,317,0.0,5.0,0.975,319,319,325,322,1.0,True,98.7107,106.3867,95.5318,2.6538,98.2455,"106.39,104.22,102.04,100.96,100.42,99.33,99.33,102.04,100.96,99.87,99.33,98.79,98.25,98.25,98.25,98.25,97.70,97.70,97.16,96.62,96.62,96.62,96.62,96.07,95.53,95.53,95.53,95.53"
Rec-G3_std_1,20,7,3116,core,322,317,0.0,5.0,0.9726,324,319,330,322,1.0,True,99.0208,105.8439,95.5318,2.403,98.5169,"105.84,103.67,102.04,101.50,100.96,100.42,99.87,101.50,100.42,99.87,99.87,99.33,98.79,98.79,98.25,98.25,98.25,98.25,97.70,97.70,97.16,96.62,96.62,96.62,96.62,96.07,96.07,95.53"
Rec-G3_std_1,20,8,3117,core,326,317,0.0,4.0,0.972,328,319,334,322,1.0,True,99.99,107.4722,96.6172,2.7915,99.6023,"107.47,105.84,104.22,103.13,102.04,101.50,101.50,102.04,102.04,100.96,100.42,100.42,99.87,99.87,99.33,98.79,98.79,98.25,98.25,98.25,98.25,97.16,97.16,97.16,97.16,96.62,96.62,96.62"
Rec-G3_std_1,20,9,3118,core,331,317,0.0,5.0,0.9718,333,319,339,322,1.0,True,100.6684,107.4722,97.7027,2.6008,100.4165,"107.47,105.84,104.22,103.13,103.13,102.04,102.04,103.13,102.04,102.04,101.50,101.50,100.96,100.96,99.87,99.33,99.33,99.33,99.33,98.79,98.79,97.70,97.70,97.70,97.70,97.70,97.70,97.70"
Rec-G3_std_1,20,10,3119,core,336,317,0.0,5.0,0.9714,338,319,344,322,1.0,True,101.6764,108.0149,98.2455,2.5418,101.502,"108.01,106.39,105.30,104.22,104.22,103.67,103.67,103.13,103.13,103.13,102.04,102.04,102.04,102.04,100.42,100.96,100.96,100.42,100.42,100.42,100.42,98.79,98.79,98.79,98.79,98.25,98.25,98.25"
Rec-G3_std_1,20,11,3120,core,341,316,11.31,5.1,0.9731,343,318,349,321,1.0,True,105.1267,115.0706,101.502,3.2274,104.2157,"115.07,111.81,109.64,108.01,106.93,105.84,105.30,108.56,107.47,106.39,105.84,105.30,105.30,104.22,104.22,104.22,103.67,103.67,103.13,103.13,103.13,102.04,102.04,102.04,102.04,101.50,101.50,101.50"
Rec-G3_std_1,20,12,3121,core,346,316,0.0,5.0,0.9736,348,318,354,321,1.0,True,105.5144,115.6133,100.4165,3.3936,105.3012,"115.61,111.81,110.19,108.56,107.47,106.39,105.84,109.64,108.01,106.93,106.39,105.30,105.30,104.22,105.30,105.30,105.30,104.22,103.67,103.13,102.04,103.13,103.13,102.04,102.04,102.04,100.96,100.42"
Rec-G3_std_1,20,13,3122,core,350,316,0.0,4.0,0.9738,352,318,358,321,1.0,True,104.6809,117.2416,97.16,4.7398,103.6729,"117.24,113.99,111.81,109.10,106.93,105.30,103.13,110.73,109.10,107.47,105.84,104.22,103.13,101.50,105.84,105.30,104.22,103.13,102.04,100.42,98.79,103.13,102.04,101.50,100.42,99.33,98.25,97.16"
Rec-G3_std_1,20,14,3123,core,355,316,0.0,5.0,0.9761,357,318,363,321,0.8571,False,96.0164,113.9851,79.7922,8.7747,97.4314,"113.99,110.19,105.84,102.04,98.25,91.19,81.96,106.93,104.22,102.04,99.33,96.07,89.56,80.88,102.04,100.42,98.25,96.62,94.45,87.93,80.33,99.33,98.25,96.07,94.45,91.73,86.31,79.79"
Rec-G3_std_1,20,15,3124,core,360,316,0.0,5.0,0.9787,362,318,368,321,0.1429,False,79.1331,98.7882,73.822,6.5682,76.2643,"98.79,87.39,80.88,77.62,75.45,74.36,73.82,93.36,84.13,78.71,76.54,74.91,73.82,73.82,89.56,81.96,77.62,75.99,74.91,73.82,73.82,87.93,80.88,77.62,75.99,74.36,73.82,73.82"
Rec-G3_std_1,21,1,3244,core,292,318,-45.0,1.41,0.9769,294,320,300,323,1.0,True,95.1247,99.8737,88.4761,3.0449,95.2604,"97.70,98.25,98.25,98.79,99.33,99.87,99.87,93.36,94.45,95.53,96.07,97.16,97.70,97.70,90.65,91.73,93.36,94.45,94.99,95.53,95.53,88.48,90.10,91.19,92.28,93.36,93.36,94.45"
Rec-G3_std_1,21,2,3245,core,297,317,11.31,5.1,0.9754,299,319,305,322,1.0,True,100.8817,110.7286,96.0745,3.64,100.1451,"110.73,108.56,106.39,105.30,103.13,103.13,102.04,103.67,103.13,102.04,102.04,101.50,100.96,100.96,98.79,99.33,99.33,99.33,98.79,98.79,98.25,96.07,97.16,97.16,97.16,97.16,97.16,96.62"
Rec-G3_std_1,21,3,3246,core,302,317,0.0,5.0,0.9742,304,319,310,322,1.0,True,100.998,110.7286,96.6172,3.2724,100.4165,"110.73,108.01,105.84,103.67,103.13,102.04,101.50,104.22,103.13,102.04,102.04,100.96,100.42,99.87,100.96,100.42,99.87,99.33,99.33,98.25,98.25,98.25,98.25,98.25,97.70,97.70,97.16,96.62"
Rec-G3_std_1,21,4,3247,core,306,317,0.0,4.0,0.976,308,319,314,322,1.0,True,100.9592,111.2714,96.0745,3.606,100.1451,"111.27,109.10,106.39,104.22,103.13,102.04,100.96,105.30,103.13,102.04,101.50,100.96,99.87,99.33,100.96,100.42,99.87,99.33,98.79,98.25,97.70,98.25,98.25,98.25,97.70,97.16,96.62,96.07"
Rec-G3_std_1,21,5,3248,core,311,317,0.0,5.0,0.9764,313,319,319,322,1.0,True,99.9512,109.1004,95.5318,3.1471,99.331,"109.10,106.93,104.22,103.13,101.50,100.42,99.87,103.67,102.04,101.50,100.42,99.87,99.33,98.79,99.87,99.33,98.79,98.25,98.25,97.70,97.70,98.25,97.70,97.16,97.16,96.62,95.53,95.53"
Rec-G3_std_1,21,6,3249,core,316,317,0.0,5.0,0.9755,318,319,324,322,1.0,True,99.3697,108.0149,95.5318,2.8607,98.7882,"108.01,105.30,103.13,102.04,100.96,100.42,99.87,102.04,102.04,100.96,99.87,98.79,98.79,98.25,98.79,98.79,98.25,98.25,97.70,97.70,97.16,97.16,97.16,96.62,96.62,96.07,96.07,95.53"
Rec-G3_std_1,21,7,3250,core,316,317,0.0,0.0,0.9755,318,319,324,322,1.0,True,99.3697,108.0149,95.5318,2.8607,98.7882,"108.01,105.30,103.13,102.04,100.96,100.42,99.87,102.04,102.04,100.96,99.87,98.79,98.79,98.25,98.79,98.79,98.25,98.25,97.70,97.70,97.16,97.16,97.16,96.62,96.62,96.07,96.07,95.53"
Rec-G3_std_1,21,8,3251,core,325,317,0.0,9.0,0.9713,327,319,333,322,1.0,True,100.3777,108.0149,97.16,2.7672,99.6023,"108.01,106.39,104.22,103.13,102.04,102.04,101.50,103.13,102.04,101.50,100.96,100.96,100.42,99.87,99.33,99.33,99.33,98.79,98.79,98.79,98.25,97.70,97.70,97.70,97.16,97.16,97.16,97.16"
Rec-G3_std_1,21,9,3252,core,330,317,0.0,5.0,0.9714,332,319,338,322,1.0,True,101.3081,108.0149,98.2455,2.6199,100.9592,"108.01,106.93,105.30,103.67,103.13,103.13,103.13,103.13,103.13,102.04,102.04,101.50,101.50,101.50,100.42,100.42,99.87,100.42,99.87,99.87,99.87,98.25,98.25,98.25,98.25,98.25,98.25,98.25"
Rec-G3_std_1,21,10,3253,core,335,317,0.0,5.0,0.9719,337,319,343,322,1.0,True,102.4905,108.5576,99.331,2.5665,102.3161,"108.56,107.47,105.84,105.30,105.30,105.30,104.22,104.22,103.13,103.13,103.13,103.13,103.13,103.13,101.50,101.50,101.50,101.50,101.50,100.96,100.96,99.33,99.33,99.33,99.33,99.33,99.33,99.33"
Rec-G3_std_1,21,11,3254,core,340,316,11.31,5.1,0.9723,342,318,348,321,1.0,True,105.7858,116.6988,102.0447,3.56,105.3012,"116.70,112.90,110.73,109.10,107.47,106.93,105.84,109.64,108.56,107.47,106.39,105.84,105.30,105.30,105.30,105.30,104.22,104.22,103.67,103.67,103.13,102.04,102.04,102.04,102.04,102.04,102.04,102.04"
Rec-G3_std_1,21,12,3255,core,345,316,0.0,5.0,0.9736,347,318,353,321,1.0,True,105.8827,116.1561,100.9592,3.4599,105.3012,"116.16,112.90,110.73,109.10,107.47,106.39,105.84,110.19,108.56,107.47,106.39,105.84,105.30,105.30,105.84,105.30,105.30,104.22,103.67,103.13,103.13,103.13,103.13,103.13,102.04,102.04,102.04,100.96"
Rec-G3_std_1,21,13,3256,core,350,316,0.0,5.0,0.9728,352,318,358,321,1.0,True,103.7892,115.0706,96.0745,4.2794,103.1302,"115.07,111.81,109.64,107.47,105.30,103.67,102.04,109.10,108.01,106.39,105.30,103.13,102.04,100.42,105.30,105.30,103.67,103.13,101.50,99.87,98.25,103.13,102.04,101.50,100.42,98.79,97.70,96.07"
Rec-G3_std_1,21,14,3257,core,354,316,0.0,4.0,0.9751,356,318,362,321,1.0,True,98.7495,113.9851,85.7624,6.7819,98.5169,"113.99,110.73,107.47,103.67,100.42,96.62,90.10,108.01,105.30,103.13,100.96,98.25,94.99,89.02,103.13,101.50,99.87,98.25,95.53,93.36,86.85,100.42,98.79,97.70,95.53,94.45,91.19,85.76"
Rec-G3_std_1,21,15,3258,core,359,316,0.0,5.0,0.9773,361,318,367,321,0.2857,False,81.8468,105.3012,73.822,8.869,77.8925,"105.30,96.07,85.22,79.79,75.99,74.36,73.82,98.79,91.73,83.05,78.16,75.99,74.36,73.82,94.99,88.48,80.88,77.62,75.45,74.36,73.82,92.28,86.85,80.33,77.08,75.45,73.82,73.82"
Rec-G3_std_1,22,1,3344,core,293,317,0.0,0.0,0.9788,295,319,301,322,1.0,True,97.5089,103.1302,91.7325,2.806,97.7027,"103.13,103.13,102.04,100.96,100.42,99.87,99.33,97.16,98.25,98.25,98.25,98.25,98.25,98.25,93.36,95.53,95.53,96.62,97.16,97.70,97.70,91.73,93.36,94.45,94.99,95.53,95.53,95.53"
Rec-G3_std_1,22,2,3345,core,296,317,0.0,3.0,0.977,298,319,304,322,1.0,True,99.4279,107.4722,95.5318,2.8204,98.5169,"107.47,105.84,103.67,102.04,101.50,100.42,99.87,101.50,100.96,100.42,100.42,99.87,99.33,98.79,97.70,98.25,98.25,98.25,98.25,98.25,98.25,95.53,96.07,96.62,96.62,96.62,96.62,96.62"
Rec-G3_std_1,22,3,3346,core,301,317,0.0,5.0,0.9782,303,319,309,322,1.0,True,99.8543,108.0149,96.6172,2.629,99.0596,"108.01,105.84,103.67,102.04,100.42,99.33,98.79,103.13,102.04,100.96,100.42,99.33,98.79,98.79,99.87,99.33,99.33,98.79,98.25,98.25,97.70,97.70,97.70,98.25,97.70,97.70,97.16,96.62"
Rec-G3_std_1,22,4,3347,core,306,317,0.0,5.0,0.9775,308,319,314,322,1.0,True,99.1953,106.3867,96.0745,2.2641,98.2455,"106.39,104.22,102.04,100.42,99.33,98.25,98.25,102.04,101.50,100.42,99.33,98.79,98.25,98.25,99.87,99.33,98.25,98.25,98.25,97.70,97.16,98.25,98.25,97.70,97.16,97.16,96.62,96.07"
Rec-G3_std_1,22,5,3348,core,311,317,0.0,5.0,0.9756,313,319,319,322,1.0,True,98.3424,105.3012,95.5318,2.1469,97.7027,"105.30,103.13,100.42,99.33,98.25,97.70,97.16,101.50,100.42,99.33,98.25,98.25,97.70,97.16,98.79,98.25,98.25,97.70,97.16,96.62,96.62,97.70,97.70,96.62,96.62,96.62,95.53,95.53"
Rec-G3_std_1,22,6,3349,core,315,317,0.0,4.0,0.9754,317,319,323,322,1.0,True,98.5362,105.3012,96.0745,2.1782,97.9741,"105.30,103.67,101.50,99.87,98.79,98.25,97.70,101.50,100.42,99.33,98.79,98.25,97.70,97.16,98.79,98.25,98.25,97.70,97.16,97.16,96.62,97.16,97.16,97.16,96.62,96.62,96.07,96.07"
Rec-G3_std_1,22,7,3350,core,320,317,0.0,5.0,0.9753,322,319,328,322,1.0,True,98.2455,104.2157,95.5318,1.8291,97.9741,"104.22,102.04,100.96,99.33,98.79,98.25,97.70,100.42,99.33,98.79,98.25,98.25,97.70,97.16,98.25,98.25,98.25,97.70,97.70,97.16,96.62,97.16,97.16,96.62,96.62,96.62,96.07,95.53"
Rec-G3_std_1,22,8,3351,core,325,317,0.0,5.0,0.9751,327,319,333,322,1.0,True,98.5362,103.6729,96.6172,1.6184,98.2455,"103.67,102.04,100.96,99.87,98.79,98.25,98.25,100.42,99.87,98.79,98.79,98.25,98.25,98.25,98.25,98.25,98.25,98.25,97.70,97.70,97.70,97.16,97.16,97.16,97.16,96.62,96.62,96.62"
Rec-G3_std_1,22,9,3352,core,330,317,0.0,5.0,0.9732,332,319,338,322,1.0,True,99.3116,103.6729,97.7027,1.3798,99.0596,"103.67,102.04,101.50,100.42,99.87,99.87,99.33,100.96,99.87,99.87,99.33,99.33,99.33,99.33,98.79,98.79,98.79,98.25,98.25,98.79,98.25,98.25,98.25,97.70,97.70,98.25,98.25,97.70"
Rec-G3_std_1,22,10,3353,core,335,316,11.31,5.1,0.9719,337,318,343,321,1.0,True,101.9866,110.1859,99.8737,2.336,101.502,"110.19,107.47,105.30,103.13,102.04,102.04,101.50,104.22,103.13,102.04,102.04,101.50,101.50,101.50,102.04,101.50,101.50,100.96,100.96,100.96,100.96,99.87,99.87,99.87,99.87,99.87,99.87,99.87"
Rec-G3_std_1,22,11,3354,core,339,316,0.0,4.0,0.9733,341,318,347,321,1.0,True,103.7699,112.8996,101.502,2.7677,103.1302,"112.90,110.73,108.01,105.84,104.22,103.67,103.13,106.39,105.30,104.22,103.67,103.13,103.13,103.13,103.13,103.13,103.13,102.04,102.04,102.04,102.04,101.50,101.50,101.50,101.50,101.50,101.50,101.50"
Rec-G3_std_1,22,12,3355,core,344,316,0.0,5.0,0.9762,346,318,352,321,1.0,True,104.4677,112.8996,100.9592,2.8145,103.6729,"112.90,111.27,108.56,106.93,105.30,104.22,103.67,107.47,106.39,105.84,105.30,104.22,103.67,103.13,104.22,104.22,103.67,103.13,103.13,103.13,102.04,102.04,102.04,102.04,102.04,102.04,101.50,100.96"
Rec-G3_std_1,22,13,3356,core,349,316,0.0,5.0,0.9778,351,318,357,321,1.0,True,103.1496,112.8996,97.7027,3.4767,102.0447,"112.90,110.73,108.01,105.84,103.67,102.04,100.96,107.47,106.39,105.30,103.67,103.13,101.50,99.87,104.22,103.67,103.13,102.04,101.50,100.42,98.79,102.04,102.04,101.50,100.96,99.87,98.79,97.70"
Rec-G3_std_1,22,14,3357,core,354,316,0.0,5.0,0.9782,356,318,362,321,1.0,True,96.5009,110.1859,85.2196,6.3084,96.8886,"110.19,106.39,103.13,98.79,95.53,91.73,85.76,105.30,103.13,100.42,98.25,95.53,92.28,86.31,102.04,100.42,98.25,96.62,94.45,91.73,85.76,99.87,98.25,97.16,95.53,93.36,90.65,85.22"
Rec-G3_std_1,22,15,3358,core,358,316,0.0,4.0,0.9787,360,318,366,321,0.4286,False,84.076,103.6729,73.822,9.4077,80.6063,"103.67,98.79,91.19,81.96,77.62,74.91,73.82,99.33,95.53,89.56,80.88,77.08,74.91,73.82,96.07,93.36,87.93,80.33,76.54,74.91,73.82,94.45,92.28,86.31,79.79,76.54,74.91,73.82"
Rec-G3_std_1,22,16,3359,core,361,316,0.0,3.0,0.983,363,318,369,321,0.0,False,76.3612,87.9333,72.7365,3.8598,74.6361,"87.93,83.05,78.71,75.99,74.36,73.82,72.74,84.13,78.71,76.54,74.91,73.82,73.82,72.74,81.42,77.62,75.99,74.36,73.82,73.28,72.74,80.88,77.08,75.45,74.36,73.82,73.28,72.74"
