specimen,layer_index,obs_index,frame_idx,frame_type,tip_x,tip_y,direction_deg,movement_px,confidence,roi_c0,roi_r0,roi_c1,roi_r1,roi_valid_frac,roi_complete,roi_mean_C,roi_max_C,roi_min_C,roi_std_C,roi_median_C,roi_pixels_raw
Rec-022_10s_1,1,1,2794,core,290,331,0.0,0.0,0.9846,292,333,296,335,1.0,True,94.4463,123.7545,85.2196,10.1383,91.7325,"123.75,108.56,102.04,98.25,94.99,94.45,93.36,91.73,90.10,89.56,86.85,86.31,85.76,85.76,85.22"
Rec-022_10s_1,1,2,2795,core,296,331,0.0,6.0,0.9835,298,333,302,335,1.0,True,94.7719,118.8698,85.2196,8.8248,92.2753,"118.87,108.01,101.50,96.62,93.36,98.79,95.53,92.28,90.10,88.48,90.65,89.02,87.39,85.76,85.22"
Rec-022_10s_1,1,3,2796,core,300,331,0.0,4.0,0.9839,302,333,306,335,1.0,True,95.5318,125.9255,84.6769,10.6097,92.2753,"125.93,111.27,102.04,96.62,93.36,100.42,95.53,92.28,89.56,87.93,91.19,89.02,87.39,85.76,84.68"
Rec-022_10s_1,1,4,2797,core,309,331,0.0,9.0,0.9852,311,333,315,335,1.0,True,92.7819,118.8698,83.0486,9.1518,90.1043,"118.87,105.84,98.79,94.45,91.19,96.62,93.36,90.10,87.93,86.31,89.02,86.85,85.22,84.13,83.05"
Rec-022_10s_1,1,5,2798,core,314,331,0.0,5.0,0.987,316,333,320,335,1.0,True,90.828,109.6431,83.5914,6.9241,89.0188,"109.64,101.50,95.53,92.28,90.10,94.45,91.19,89.02,87.39,85.76,87.39,85.76,84.68,84.13,83.59"
Rec-022_10s_1,1,6,2799,core,323,331,0.0,9.0,0.9886,325,333,329,335,1.0,True,92.3115,110.7286,85.7624,6.6071,90.6471,"110.73,102.04,97.16,93.36,91.19,95.53,92.28,90.65,89.02,87.93,89.02,87.93,86.31,85.76,85.76"
Rec-022_10s_1,1,7,2800,core,327,331,0.0,4.0,0.9866,329,333,333,335,1.0,True,93.795,110.1859,87.3906,6.2677,92.2753,"110.19,103.67,99.33,96.07,94.45,95.53,93.36,92.28,91.19,90.10,89.02,88.48,87.93,87.93,87.39"
Rec-022_10s_1,1,8,2801,core,332,331,0.0,5.0,0.9906,334,333,338,335,1.0,True,94.4101,109.1004,88.4761,5.6767,92.2753,"109.10,103.13,99.33,96.62,95.53,96.62,94.45,92.28,91.19,91.19,90.65,89.56,89.02,89.02,88.48"
Rec-022_10s_1,1,9,2802,core,336,331,0.0,4.0,0.9875,338,333,342,335,1.0,True,96.6534,113.9851,89.5616,6.8149,94.989,"113.99,107.47,103.13,99.33,97.16,98.79,96.62,94.99,93.36,92.28,92.28,91.19,90.10,89.56,89.56"
Rec-022_10s_1,1,10,2803,core,345,331,0.0,9.0,0.9863,347,333,351,335,1.0,True,97.8113,115.6133,90.1043,6.9057,96.0745,"115.61,108.56,103.67,100.42,97.70,100.96,98.25,96.07,94.45,93.36,93.36,92.28,91.19,91.19,90.10"
Rec-022_10s_1,1,11,2804,core,350,331,0.0,5.0,0.9894,352,333,356,335,1.0,True,94.1568,109.6431,85.2196,6.3073,92.2753,"109.64,103.67,99.33,95.53,90.65,98.79,96.07,93.36,91.19,87.93,92.28,91.19,89.56,87.93,85.22"
Rec-022_10s_1,1,12,2805,core,354,331,0.0,4.0,0.9869,356,333,360,335,0.4,False,83.6999,105.3012,75.4502,8.1332,80.8776,"105.30,91.73,84.68,80.33,77.62,94.99,85.76,80.88,77.62,75.99,88.48,81.96,78.16,76.54,75.45"
Rec-022_10s_1,1,13,2806,core,355,330,45.0,1.41,0.986,357,332,361,334,0.2,False,85.9433,116.6988,75.4502,10.4693,83.0486,"116.70,96.07,87.93,82.51,78.71,97.16,88.48,83.05,78.71,77.08,88.48,83.05,78.71,77.08,75.45"
Rec-022_10s_1,2,1,2942,core,291,332,-45.0,1.41,0.9831,293,334,297,336,1.0,True,91.4431,100.4165,86.3051,4.2867,90.6471,"100.42,98.25,96.62,94.45,93.36,91.73,91.19,90.65,90.65,90.10,86.31,86.85,86.85,87.39,86.85"
Rec-022_10s_1,2,2,2943,core,300,331,6.34,9.06,0.9848,302,333,306,335,1.0,True,99.1139,125.3828,89.5616,9.3625,96.0745,"125.38,112.90,105.84,100.96,97.70,103.13,99.33,96.07,94.45,92.28,94.45,93.36,91.19,90.10,89.56"
Rec-022_10s_1,2,3,2944,core,304,331,0.0,4.0,0.9823,306,333,310,335,1.0,True,100.6336,132.9812,89.5616,11.2123,97.7027,"132.98,116.70,108.01,102.04,98.25,105.30,100.96,97.70,94.45,92.28,95.53,93.36,91.73,90.65,89.56"
Rec-022_10s_1,2,4,2945,core,309,331,0.0,5.0,0.987,311,333,315,335,1.0,True,97.8113,122.1263,89.0188,8.5453,95.5318,"122.13,110.19,103.13,98.79,96.07,102.04,98.25,95.53,93.36,91.73,94.45,92.28,90.65,89.56,89.02"
Rec-022_10s_1,2,5,2946,core,323,331,0.0,14.0,0.9868,325,333,329,335,1.0,True,96.364,112.8996,89.5616,6.3228,94.989,"112.90,105.84,101.50,98.25,96.62,99.33,96.62,94.99,94.45,92.28,92.28,91.19,90.10,89.56,89.56"
Rec-022_10s_1,2,6,2947,core,327,331,0.0,4.0,0.9894,329,333,333,335,1.0,True,98.1369,119.4126,90.6471,7.5653,95.5318,"119.41,109.10,103.13,99.33,97.70,102.04,98.25,95.53,94.45,93.36,94.45,92.28,91.19,91.19,90.65"
Rec-022_10s_1,2,7,2948,core,332,331,0.0,5.0,0.9881,334,333,338,335,1.0,True,97.3771,111.8141,91.1898,5.5907,95.5318,"111.81,105.84,102.04,99.33,98.25,99.87,97.70,95.53,94.99,94.45,93.36,92.28,92.28,91.73,91.19"
Rec-022_10s_1,2,8,2949,core,336,331,0.0,4.0,0.9902,338,333,342,335,1.0,True,99.5843,117.2416,92.2753,6.7814,97.7027,"117.24,110.19,105.30,102.04,99.87,102.04,99.87,97.70,96.07,95.53,95.53,94.45,93.36,92.28,92.28"
Rec-022_10s_1,2,9,2950,core,341,331,0.0,5.0,0.9894,343,333,347,335,1.0,True,98.6435,111.8141,92.2753,5.3047,97.16,"111.81,106.93,103.13,100.96,99.33,101.50,98.79,97.16,96.07,95.53,94.99,94.45,93.36,93.36,92.28"
Rec-022_10s_1,2,10,2951,core,345,331,0.0,4.0,0.9897,347,333,351,335,1.0,True,99.9099,116.1561,92.2753,6.334,98.2455,"116.16,109.64,105.30,102.04,99.33,103.13,100.96,98.25,96.62,95.53,96.07,95.53,94.45,93.36,92.28"
Rec-022_10s_1,2,11,2952,core,350,331,0.0,5.0,0.9887,352,333,356,335,1.0,True,95.1337,109.6431,86.8478,5.8806,94.4463,"109.64,103.67,99.33,95.53,91.19,100.42,97.16,94.45,92.28,89.02,94.45,92.28,91.19,89.56,86.85"
Rec-022_10s_1,2,12,2953,core,354,331,0.0,4.0,0.9889,356,333,360,335,0.4,False,83.7723,104.2157,75.4502,8.0616,80.8776,"104.22,91.73,84.13,79.79,77.08,95.53,86.31,80.88,77.62,75.99,89.56,83.05,78.71,76.54,75.45"
Rec-022_10s_1,2,13,2954,core,355,331,0.0,1.0,0.9865,357,333,361,335,0.2,False,81.4566,98.2455,74.9074,6.2591,78.7067,"98.25,88.48,83.05,78.71,76.54,89.56,83.05,78.71,77.08,75.99,84.13,79.79,77.62,75.99,74.91"
Rec-022_10s_1,3,1,3075,core,290,331,0.0,0.0,0.9834,292,333,296,335,1.0,True,99.6205,129.182,90.6471,10.2057,96.6172,"129.18,113.99,106.93,103.13,100.42,100.42,98.25,96.62,94.99,94.45,91.73,91.19,91.19,90.65,91.19"
Rec-022_10s_1,3,2,3076,core,293,332,-18.43,3.16,0.9821,295,334,299,336,1.0,True,94.0121,103.6729,89.5616,4.2837,93.3608,"103.67,100.96,98.25,96.62,94.99,95.53,94.45,93.36,92.28,92.28,89.56,89.56,89.56,89.56,89.56"
Rec-022_10s_1,3,3,3077,core,297,331,14.04,4.12,0.9838,299,333,303,335,1.0,True,102.696,132.4384,92.2753,10.429,99.331,"132.44,117.78,110.19,104.22,100.96,106.93,103.13,99.33,96.62,95.53,97.70,95.53,94.45,93.36,92.28"
Rec-022_10s_1,3,4,3078,core,302,331,0.0,5.0,0.9841,304,333,308,335,1.0,True,99.5843,121.5835,91.1898,7.9714,97.16,"121.58,111.81,105.30,100.96,98.25,103.13,99.87,97.16,95.53,93.36,96.07,94.45,93.36,91.73,91.19"
Rec-022_10s_1,3,5,3079,core,306,331,0.0,4.0,0.9861,308,333,312,335,1.0,True,100.5612,127.5537,91.1898,9.3471,97.7027,"127.55,113.99,106.93,102.04,98.25,104.22,100.42,97.70,95.53,93.36,96.62,94.99,93.36,92.28,91.19"
Rec-022_10s_1,3,6,3080,core,311,331,0.0,5.0,0.9868,313,333,317,335,1.0,True,98.3179,117.7843,91.1898,7.0064,96.0745,"117.78,109.10,103.13,99.33,97.16,101.50,98.25,96.07,94.45,93.36,95.53,94.45,92.28,91.19,91.19"
Rec-022_10s_1,3,7,3081,core,315,331,0.0,4.0,0.9876,317,333,321,335,1.0,True,99.331,123.2118,91.1898,8.4362,96.6172,"123.21,111.81,105.30,100.42,97.70,103.13,99.33,96.62,94.45,93.36,95.53,94.45,92.28,91.19,91.19"
Rec-022_10s_1,3,8,3082,core,320,331,0.0,5.0,0.9892,322,333,326,335,1.0,True,97.8837,116.1561,91.7325,6.5029,95.5318,"116.16,107.47,102.04,99.33,98.25,100.42,97.70,95.53,94.99,94.45,94.45,92.28,91.73,91.73,91.73"
Rec-022_10s_1,3,9,3083,core,324,331,0.0,4.0,0.9888,326,333,330,335,1.0,True,100.3079,121.5835,92.2753,7.5938,98.2455,"121.58,111.81,105.30,101.50,98.79,103.67,100.96,98.25,96.62,94.99,96.07,94.99,94.45,93.36,92.28"
Rec-022_10s_1,3,10,3084,core,329,331,0.0,5.0,0.9906,331,333,335,335,1.0,True,99.0053,115.6133,93.3608,5.9712,97.16,"115.61,108.01,103.13,100.42,98.79,101.50,98.79,97.16,96.07,95.53,95.53,94.45,93.36,93.36,93.36"
Rec-022_10s_1,3,11,3085,core,333,331,0.0,4.0,0.9894,335,333,339,335,1.0,True,101.2125,119.4126,94.4463,6.7987,99.331,"119.41,111.81,106.39,103.13,100.96,104.22,101.50,99.33,97.70,96.62,97.16,96.07,94.99,94.45,94.45"
Rec-022_10s_1,3,12,3086,core,338,331,0.0,5.0,0.9911,340,333,344,335,1.0,True,101.0316,116.6988,94.989,5.8552,99.331,"116.70,109.64,105.30,103.13,101.50,103.67,101.50,99.33,98.25,97.16,97.70,96.07,95.53,94.99,94.99"
Rec-022_10s_1,3,13,3087,core,342,331,0.0,4.0,0.9888,344,333,348,335,1.0,True,102.8045,120.498,95.5318,6.7113,101.502,"120.50,112.90,108.01,105.30,103.13,105.84,103.13,101.50,99.33,98.25,98.25,97.70,96.62,96.07,95.53"
Rec-022_10s_1,3,14,3088,core,347,331,0.0,5.0,0.9908,349,333,353,335,1.0,True,100.5612,115.6133,93.3608,5.8739,98.7882,"115.61,109.64,105.30,101.50,98.79,104.22,102.04,99.33,97.70,95.53,98.25,97.16,95.53,94.45,93.36"
Rec-022_10s_1,3,15,3089,core,351,331,0.0,4.0,0.9879,353,333,357,335,1.0,True,95.6765,115.0706,81.9631,8.6555,95.5318,"115.07,107.47,101.50,95.53,85.76,103.13,99.87,96.07,92.28,83.59,96.62,94.99,92.28,89.02,81.96"
Rec-022_10s_1,3,16,3090,core,355,330,14.04,4.12,0.9908,357,332,361,334,0.2,False,85.3281,113.9851,75.9929,10.0003,82.5059,"113.99,94.45,86.31,80.88,78.16,97.70,87.93,82.51,78.16,76.54,89.02,83.05,78.71,76.54,75.99"
Rec-022_10s_1,4,1,3208,core,290,331,0.0,0.0,0.9903,292,333,296,335,1.0,True,98.2093,117.7843,90.6471,7.8438,96.0745,"117.78,110.73,106.39,103.13,100.42,96.62,97.16,96.07,94.99,94.45,90.65,91.19,91.19,91.19,91.19"
Rec-022_10s_1,4,2,3209,core,294,331,0.0,4.0,0.981,296,333,300,335,1.0,True,104.8308,138.9514,93.3608,11.7979,102.0447,"138.95,122.13,112.90,106.39,103.13,108.56,104.22,102.04,98.79,97.16,98.25,96.62,95.53,94.45,93.36"
Rec-022_10s_1,4,3,3210,core,299,331,0.0,5.0,0.9857,301,333,305,335,1.0,True,102.8045,128.0965,93.3608,9.0966,100.4165,"128.10,116.70,109.10,104.22,101.50,106.93,103.13,100.42,97.70,96.07,98.25,96.62,95.53,94.45,93.36"
Rec-022_10s_1,4,4,3211,core,303,331,0.0,4.0,0.9843,305,333,309,335,1.0,True,103.5282,134.6094,92.2753,10.8539,100.4165,"134.61,119.41,110.73,104.22,100.96,108.56,103.67,100.42,97.70,95.53,98.79,97.16,95.53,93.36,92.28"
Rec-022_10s_1,4,5,3212,core,308,331,0.0,5.0,0.9878,310,333,314,335,1.0,True,100.4165,124.2973,91.7325,8.4315,98.2455,"124.30,112.90,105.84,101.50,98.25,104.22,100.96,98.25,95.53,94.45,97.16,95.53,93.36,92.28,91.73"
Rec-022_10s_1,4,6,3213,core,312,331,0.0,4.0,0.9858,314,333,318,335,1.0,True,101.2125,128.0965,92.2753,9.3752,98.2455,"128.10,115.07,107.47,102.04,98.79,105.30,101.50,98.25,95.53,94.45,97.16,95.53,94.45,92.28,92.28"
Rec-022_10s_1,4,7,3214,core,317,331,0.0,5.0,0.9894,319,333,323,335,1.0,True,99.0053,119.4126,91.1898,7.3643,96.6172,"119.41,110.73,103.67,100.42,97.70,102.04,99.33,96.62,94.99,93.36,95.53,94.45,93.36,92.28,91.19"
Rec-022_10s_1,4,8,3215,core,322,331,0.0,5.0,0.9865,324,333,328,335,1.0,True,98.2093,112.8996,93.3608,5.1887,96.6172,"112.90,105.84,102.04,98.79,97.70,100.42,98.25,96.62,95.53,94.45,94.99,94.45,94.45,93.36,93.36"
Rec-022_10s_1,4,9,3216,core,326,331,0.0,4.0,0.9905,328,333,332,335,1.0,True,100.0546,117.7843,93.3608,6.4787,98.2455,"117.78,110.19,104.22,101.50,98.79,103.13,100.42,98.25,96.07,95.53,97.70,96.07,94.45,93.36,93.36"
Rec-022_10s_1,4,10,3217,core,331,331,0.0,5.0,0.9883,333,333,337,335,1.0,True,100.0546,113.9851,94.989,5.1629,98.2455,"113.99,108.01,103.67,102.04,100.42,102.04,99.87,98.25,97.70,97.16,96.62,95.53,95.53,94.99,94.99"
Rec-022_10s_1,4,11,3218,core,335,331,0.0,4.0,0.9914,337,333,341,335,1.0,True,102.1171,117.7843,96.0745,6.0107,100.4165,"117.78,111.81,106.93,103.67,102.04,105.30,102.04,100.42,98.79,98.25,98.25,97.70,96.62,96.07,96.07"
Rec-022_10s_1,4,12,3219,core,340,331,0.0,5.0,0.9896,342,333,346,335,1.0,True,101.7552,115.0706,96.0745,5.087,100.4165,"115.07,109.64,105.84,103.13,102.04,104.22,102.04,100.42,98.79,98.25,98.79,98.25,97.16,96.62,96.07"
Rec-022_10s_1,4,13,3220,core,344,331,0.0,4.0,0.9914,346,333,350,335,1.0,True,102.5151,117.7843,95.5318,5.8919,100.9592,"117.78,111.81,107.47,103.67,101.50,105.84,103.13,100.96,99.33,98.25,99.87,98.25,97.70,96.62,95.53"
Rec-022_10s_1,4,14,3221,core,349,331,0.0,5.0,0.9893,351,333,355,335,1.0,True,98.4264,111.8141,91.1898,5.4659,97.7027,"111.81,106.93,102.04,98.25,95.53,103.13,100.42,97.70,95.53,93.36,98.25,95.53,94.45,92.28,91.19"
Rec-022_10s_1,4,15,3222,core,353,331,0.0,4.0,0.9905,355,333,359,335,0.6,False,87.7162,108.5576,76.5357,9.6191,85.7624,"108.56,100.42,89.02,81.42,77.62,99.33,94.45,85.76,79.79,77.08,94.45,90.10,83.05,78.16,76.54"
Rec-022_10s_1,4,16,3223,core,355,331,0.0,2.0,0.9884,357,333,361,335,0.2,False,82.3611,100.4165,75.4502,6.7686,79.7922,"100.42,89.56,84.13,79.79,77.62,91.19,84.13,79.79,77.62,75.99,85.76,80.33,77.62,75.99,75.45"
Rec-022_10s_1,5,1,3345,core,290,331,0.0,0.0,0.9836,292,333,296,335,1.0,True,101.0316,127.011,92.2753,9.5496,98.2455,"127.01,116.16,109.10,105.30,102.04,99.87,99.87,98.25,97.16,96.07,92.28,93.36,93.36,92.28,93.36"
Rec-022_10s_1,5,2,3346,core,293,332,-18.43,3.16,0.9834,295,334,299,336,1.0,True,96.3278,105.8439,91.7325,4.3323,95.5318,"105.84,103.13,100.96,98.79,98.25,97.70,96.62,95.53,94.99,94.45,91.73,91.73,91.73,91.73,91.73"
Rec-022_10s_1,5,3,3347,core,297,331,14.04,4.12,0.9831,299,333,303,335,1.0,True,105.7716,136.7804,94.989,10.8944,103.1302,"136.78,122.13,112.90,107.47,103.13,110.19,105.84,103.13,99.87,98.25,100.42,98.79,97.16,95.53,94.99"
Rec-022_10s_1,5,4,3348,core,302,331,0.0,5.0,0.9854,304,333,308,335,1.0,True,103.0578,126.4682,94.4463,8.4753,100.4165,"126.47,116.16,109.10,104.22,101.50,106.93,103.67,100.42,98.25,96.62,99.33,97.70,96.07,94.99,94.45"
Rec-022_10s_1,5,5,3349,core,306,331,0.0,4.0,0.9857,308,333,312,335,1.0,True,103.7815,132.4384,93.3608,10.162,100.9592,"132.44,118.87,110.73,105.30,100.96,108.56,104.22,100.96,98.25,96.07,99.33,97.70,95.53,94.45,93.36"
Rec-022_10s_1,5,6,3350,core,311,331,0.0,5.0,0.988,313,333,317,335,1.0,True,100.127,121.0408,92.2753,7.5123,97.7027,"121.04,111.81,105.30,100.96,98.25,103.67,100.42,97.70,95.53,94.45,97.16,95.53,94.45,93.36,92.28"
Rec-022_10s_1,5,7,3351,core,320,331,0.0,9.0,0.9898,322,333,326,335,1.0,True,99.2948,118.8698,92.2753,6.9349,97.16,"118.87,109.64,103.67,99.87,98.25,103.13,99.33,97.16,95.53,94.45,96.07,94.45,93.36,93.36,92.28"
Rec-022_10s_1,5,8,3352,core,324,331,0.0,4.0,0.9882,326,333,330,335,1.0,True,101.1039,123.7545,93.3608,7.8813,98.2455,"123.75,112.90,106.39,102.04,99.33,104.22,100.96,98.25,96.62,95.53,97.70,96.07,94.99,94.45,93.36"
Rec-022_10s_1,5,9,3353,core,338,331,0.0,14.0,0.992,340,333,344,335,1.0,True,102.1532,117.7843,96.0745,5.913,100.4165,"117.78,111.27,106.93,103.67,102.04,105.30,102.04,100.42,99.33,98.25,98.79,97.70,96.62,96.07,96.07"
Rec-022_10s_1,5,10,3354,core,342,331,0.0,4.0,0.9887,344,333,348,335,1.0,True,103.4196,121.0408,96.0745,6.5815,102.0447,"121.04,112.90,109.10,105.30,103.13,106.39,103.67,102.04,100.42,98.79,99.87,98.25,97.70,96.62,96.07"
Rec-022_10s_1,5,11,3355,core,347,331,0.0,5.0,0.9915,349,333,353,335,1.0,True,101.2487,116.6988,93.3608,6.0238,99.8737,"116.70,110.19,105.84,102.04,99.87,105.30,103.13,99.87,98.25,96.07,99.33,97.70,96.07,94.99,93.36"
Rec-022_10s_1,5,12,3356,core,351,331,0.0,4.0,0.9875,353,333,357,335,1.0,True,96.4001,116.6988,83.0486,8.9792,96.0745,"116.70,108.56,103.13,96.07,85.76,104.22,100.42,97.16,92.28,84.13,97.70,94.99,92.28,89.56,83.05"
Rec-022_10s_1,5,13,3357,core,355,331,0.0,4.0,0.9902,357,333,361,335,0.2,False,82.325,99.8737,75.4502,6.7605,79.7922,"99.87,89.56,83.59,79.79,77.08,91.73,84.13,79.79,77.62,75.99,86.31,80.33,77.62,75.99,75.45"
Rec-022_10s_1,6,1,3482,core,291,332,-45.0,1.41,0.9836,293,334,297,336,1.0,True,95.8212,104.2157,90.1043,4.2407,94.989,"104.22,103.13,100.96,98.79,97.70,95.53,95.53,94.99,94.99,94.99,90.10,91.19,91.19,91.73,92.28"
Rec-022_10s_1,6,2,3483,core,296,331,11.31,5.1,0.9825,298,333,302,335,1.0,True,103.6729,125.3828,95.5318,8.0013,101.502,"125.38,116.16,109.64,105.30,103.13,107.47,103.67,101.50,98.79,98.25,99.33,98.25,96.62,96.07,95.53"
Rec-022_10s_1,6,3,3484,core,300,331,0.0,4.0,0.9855,302,333,306,335,1.0,True,104.9032,131.8957,95.5318,9.6409,102.0447,"131.90,119.41,111.81,106.39,103.13,109.10,105.30,102.04,99.33,97.70,100.42,98.79,97.16,95.53,95.53"
Rec-022_10s_1,6,4,3485,core,305,331,0.0,5.0,0.9844,307,333,311,335,1.0,True,101.7914,122.1263,94.4463,7.3244,99.331,"122.13,112.90,106.93,103.13,100.42,105.30,102.04,99.33,97.70,96.07,98.79,97.16,95.53,94.99,94.45"
Rec-022_10s_1,6,5,3486,core,309,331,0.0,4.0,0.9878,311,333,315,335,1.0,True,102.8769,127.5537,94.4463,8.7175,99.8737,"127.55,116.16,108.56,103.67,100.96,106.93,103.13,99.87,97.70,96.62,99.33,97.70,95.53,94.99,94.45"
Rec-022_10s_1,6,6,3487,core,314,331,0.0,5.0,0.9866,316,333,320,335,1.0,True,100.2717,118.8698,93.3608,6.8034,98.2455,"118.87,110.73,105.30,101.50,99.33,103.13,100.96,98.25,96.07,95.53,97.70,95.53,94.45,93.36,93.36"
Rec-022_10s_1,6,7,3488,core,318,331,0.0,4.0,0.9893,320,333,324,335,1.0,True,101.4296,124.2973,93.3608,8.183,98.7882,"124.30,113.99,106.93,102.04,99.87,105.30,102.04,98.79,96.62,95.53,98.25,96.07,94.99,93.36,93.36"
Rec-022_10s_1,6,8,3489,core,323,331,0.0,5.0,0.9885,325,333,329,335,1.0,True,99.5843,116.1561,93.3608,6.0466,97.7027,"116.16,108.56,103.67,100.96,98.79,103.13,99.87,97.70,96.07,95.53,96.62,95.53,94.45,93.36,93.36"
Rec-022_10s_1,6,9,3490,core,327,331,0.0,4.0,0.9903,329,333,333,335,1.0,True,101.1401,121.0408,94.4463,7.1005,98.7882,"121.04,111.81,106.39,102.04,99.87,104.22,101.50,98.79,97.16,96.62,97.70,96.07,94.99,94.45,94.45"
Rec-022_10s_1,6,10,3491,core,332,331,0.0,5.0,0.9901,334,333,338,335,1.0,True,101.1039,115.6133,95.5318,5.4616,99.331,"115.61,109.64,105.30,102.04,101.50,103.67,101.50,99.33,98.25,97.70,98.25,96.62,96.07,95.53,95.53"
Rec-022_10s_1,6,11,3492,core,336,331,0.0,4.0,0.9908,338,333,342,335,1.0,True,102.9493,120.498,96.0745,6.4726,101.502,"120.50,112.90,108.01,104.22,102.04,105.84,103.13,101.50,99.87,98.79,99.33,98.25,97.16,96.62,96.07"
Rec-022_10s_1,6,12,3493,core,341,331,0.0,5.0,0.9915,343,333,347,335,1.0,True,102.8407,117.2416,97.16,5.427,101.502,"117.24,111.27,106.93,104.22,103.13,105.30,103.13,101.50,100.42,99.33,99.33,98.25,97.70,97.70,97.16"
Rec-022_10s_1,6,13,3494,core,345,331,0.0,4.0,0.9907,347,333,351,335,1.0,True,103.2749,119.4126,95.5318,6.2779,102.0447,"119.41,112.90,108.56,104.22,102.04,107.47,104.22,102.04,99.87,98.25,100.42,98.79,98.25,97.16,95.53"
Rec-022_10s_1,6,14,3495,core,350,331,0.0,5.0,0.9908,352,333,356,335,1.0,True,97.7751,112.8996,89.0188,6.2226,97.16,"112.90,106.93,102.04,97.70,92.28,103.13,100.42,97.16,94.45,91.19,97.70,95.53,94.45,91.73,89.02"
Rec-022_10s_1,6,15,3496,core,354,331,0.0,4.0,0.99,356,333,360,335,0.4,False,84.7854,106.9294,75.9929,8.8501,81.4204,"106.93,92.28,84.68,80.33,77.08,98.25,87.93,81.42,77.62,75.99,92.28,84.13,79.79,77.08,75.99"
Rec-022_10s_1,6,16,3497,core,355,331,0.0,1.0,0.9879,357,333,361,335,0.2,False,81.927,98.7882,74.9074,6.5143,79.7922,"98.79,89.02,83.05,78.71,77.08,90.65,83.59,79.79,77.08,75.99,86.31,80.33,77.62,75.99,74.91"
Rec-024_90s_1,1,1,4801,core,292,332,-26.57,2.24,0.983,294,334,298,336,1.0,True,81.2395,94.4463,74.3647,5.804,79.7922,"94.45,90.65,87.39,84.13,83.05,83.59,81.42,79.79,78.71,77.62,77.08,75.99,75.45,74.91,74.36"
Rec-024_90s_1,1,2,4802,core,297,331,11.31,5.1,0.9801,299,333,303,335,1.0,True,86.7031,108.5576,77.0784,8.2775,84.6769,"108.56,98.25,93.36,89.56,86.31,91.19,87.93,84.68,83.05,81.42,82.51,80.33,78.71,77.62,77.08"
Rec-024_90s_1,1,3,4803,core,301,331,0.0,4.0,0.9831,303,333,307,335,1.0,True,87.7524,113.9851,77.0784,9.6331,85.7624,"113.99,101.50,94.99,90.10,86.85,92.28,89.02,85.76,83.05,81.42,83.05,80.88,78.71,77.62,77.08"
Rec-024_90s_1,1,4,4804,core,306,331,0.0,5.0,0.9812,308,333,312,335,1.0,True,85.4367,105.3012,76.5357,7.5798,84.1341,"105.30,96.62,91.19,87.93,85.22,89.56,86.31,84.13,81.42,80.33,81.42,79.79,78.16,77.62,76.54"
Rec-024_90s_1,1,5,4805,core,310,331,0.0,4.0,0.9835,312,333,316,335,1.0,True,86.8478,110.7286,77.0784,8.7806,84.6769,"110.73,99.33,93.36,89.02,86.31,91.19,87.93,84.68,83.05,80.88,82.51,80.33,78.71,77.62,77.08"
Rec-024_90s_1,1,6,4806,core,315,331,0.0,5.0,0.9831,317,333,321,335,1.0,True,85.6538,105.3012,77.6212,7.3493,84.1341,"105.30,96.07,91.19,87.93,85.76,89.56,86.31,84.13,81.96,80.88,81.96,79.79,78.71,77.62,77.62"
Rec-024_90s_1,1,7,4807,core,319,331,0.0,4.0,0.9852,321,333,325,335,1.0,True,87.4629,110.1859,78.7067,8.3587,85.2196,"110.19,99.87,93.36,89.56,87.93,91.19,87.93,85.22,83.05,82.51,83.05,80.88,79.79,78.71,78.71"
Rec-024_90s_1,1,8,4808,core,324,331,0.0,5.0,0.9849,326,333,330,335,1.0,True,87.7524,104.2157,80.3349,6.661,85.7624,"104.22,97.70,93.36,91.19,90.10,90.65,87.93,85.76,84.68,84.13,83.05,81.42,80.88,80.88,80.33"
Rec-024_90s_1,1,9,4809,core,328,331,0.0,4.0,0.9858,330,333,334,335,1.0,True,90.7194,110.7286,81.9631,8.0377,89.0188,"110.73,103.13,98.25,94.45,92.28,93.36,91.19,89.02,86.85,85.76,84.68,84.13,83.05,81.96,81.96"
Rec-024_90s_1,1,10,4810,core,333,331,0.0,5.0,0.9874,335,333,339,335,1.0,True,90.1405,105.8439,83.0486,6.5234,88.4761,"105.84,100.42,96.07,93.36,92.28,92.28,90.65,88.48,87.39,86.31,85.76,84.13,83.05,83.05,83.05"
Rec-024_90s_1,1,11,4811,core,337,331,0.0,4.0,0.987,339,333,343,335,1.0,True,91.6964,110.7286,83.0486,7.6177,89.5616,"110.73,103.13,98.79,95.53,93.36,94.45,91.73,89.56,88.48,87.39,86.31,85.22,84.13,83.59,83.05"
Rec-024_90s_1,1,12,4812,core,342,331,0.0,5.0,0.9877,344,333,348,335,1.0,True,89.8872,105.3012,82.5059,6.2977,88.4761,"105.30,99.33,95.53,93.36,91.19,92.28,90.65,88.48,87.39,85.76,85.76,84.13,83.59,83.05,82.51"
Rec-024_90s_1,1,13,4813,core,346,331,0.0,4.0,0.9853,348,333,352,335,1.0,True,90.3576,107.4722,81.9631,6.8791,89.0188,"107.47,100.96,96.62,93.36,90.65,93.36,91.19,89.02,86.85,85.76,86.31,84.68,84.13,83.05,81.96"
Rec-024_90s_1,1,14,4814,core,351,331,0.0,5.0,0.9839,353,333,357,335,0.8,False,86.0518,102.0447,77.6212,6.764,84.6769,"102.04,96.62,91.73,85.22,79.79,91.73,89.02,86.31,81.96,78.71,84.68,83.59,81.96,79.79,77.62"
Rec-024_90s_1,1,15,4815,core,355,331,0.0,4.0,0.9845,357,333,361,335,0.0,False,80.5882,92.2753,75.9929,4.422,78.7067,"92.28,86.85,83.05,79.79,77.62,85.22,81.96,78.71,77.62,76.54,80.33,78.71,77.62,76.54,75.99"
Rec-024_90s_1,1,16,4816,core,355,330,90.0,1.0,0.9887,357,332,361,334,0.0,False,83.4466,102.0447,76.5357,6.7773,81.4204,"102.04,91.73,85.76,81.42,78.71,91.19,85.76,81.42,78.71,77.62,84.13,80.88,78.16,77.62,76.54"
Rec-024_90s_1,2,1,4943,core,290,331,0.0,0.0,0.9797,292,333,296,335,1.0,True,94.6272,117.7843,85.2196,9.2885,92.2753,"117.78,109.10,103.67,99.87,97.16,94.99,94.99,92.28,90.65,89.56,86.85,86.31,85.76,85.22,85.22"
Rec-024_90s_1,2,2,4944,core,296,331,0.0,6.0,0.982,298,333,302,335,1.0,True,97.6665,127.5537,85.7624,11.0654,94.989,"127.55,113.99,106.39,101.50,97.16,102.04,98.25,94.99,92.28,90.10,91.19,89.56,87.93,86.31,85.76"
Rec-024_90s_1,2,3,4945,core,301,331,0.0,5.0,0.9822,303,333,307,335,1.0,True,94.6996,117.7843,84.6769,8.731,92.2753,"117.78,108.01,101.50,97.16,94.45,98.79,95.53,92.28,90.65,89.02,90.10,87.93,86.85,85.76,84.68"
Rec-024_90s_1,2,4,4946,core,305,331,0.0,4.0,0.9839,307,333,311,335,1.0,True,96.1107,123.7545,85.2196,10.1334,93.3608,"123.75,111.27,103.67,98.79,95.53,100.42,96.62,93.36,91.19,89.56,90.10,89.02,87.39,85.76,85.22"
Rec-024_90s_1,2,5,4947,core,310,331,0.0,5.0,0.9842,312,333,316,335,1.0,True,93.4693,113.9851,84.1341,8.0018,91.1898,"113.99,105.84,99.87,96.62,93.36,97.16,94.45,91.19,89.56,87.93,89.56,87.93,85.76,84.68,84.13"
Rec-024_90s_1,2,6,4948,core,314,331,0.0,4.0,0.9845,316,333,320,335,1.0,True,94.4825,119.4126,84.6769,9.126,91.7325,"119.41,108.01,101.50,97.16,94.45,98.25,94.45,91.73,89.56,88.48,89.56,87.93,86.31,85.76,84.68"
Rec-024_90s_1,2,7,4949,core,319,331,0.0,5.0,0.9862,321,333,325,335,1.0,True,93.6864,111.8141,85.7624,7.2025,91.7325,"111.81,105.30,99.87,96.62,94.45,96.07,94.45,91.73,90.10,89.56,89.02,87.93,86.85,85.76,85.76"
Rec-024_90s_1,2,8,4950,core,323,331,0.0,4.0,0.9854,325,333,329,335,1.0,True,95.8936,117.7843,86.8478,8.3347,93.3608,"117.78,108.56,103.13,99.33,97.16,98.25,95.53,93.36,92.28,91.19,90.10,89.02,87.93,87.93,86.85"
Rec-024_90s_1,2,9,4951,core,328,331,0.0,5.0,0.9879,330,333,334,335,1.0,True,95.0252,112.8996,87.3906,7.2043,93.3608,"112.90,106.93,101.50,97.70,94.99,98.25,95.53,93.36,91.19,90.10,90.65,89.56,87.93,87.39,87.39"
Rec-024_90s_1,2,10,4952,core,332,331,0.0,4.0,0.9875,334,333,338,335,1.0,True,95.8936,119.4126,87.3906,8.454,93.3608,"119.41,108.56,101.50,97.16,94.99,100.42,96.07,93.36,91.19,90.65,91.73,89.56,88.48,87.93,87.39"
Rec-024_90s_1,2,11,4953,core,337,331,0.0,5.0,0.9891,339,333,343,335,1.0,True,96.1107,108.5576,90.1043,5.5508,94.4463,"108.56,103.67,101.50,100.42,100.42,97.16,95.53,94.45,94.45,94.45,90.65,90.10,90.10,90.10,90.10"
Rec-024_90s_1,2,12,4954,core,341,331,0.0,4.0,0.984,343,333,347,335,1.0,True,99.8737,119.4126,90.6471,7.8501,98.2455,"119.41,111.81,106.93,103.13,101.50,103.13,100.42,98.25,96.07,95.53,94.45,93.36,92.28,91.19,90.65"
Rec-024_90s_1,2,13,4955,core,346,331,0.0,5.0,0.984,348,333,352,335,1.0,True,97.0514,112.8996,89.0188,6.6034,95.5318,"112.90,107.47,103.13,99.33,97.16,100.96,98.25,95.53,94.45,92.28,93.36,91.73,90.65,89.56,89.02"
Rec-024_90s_1,2,14,4956,core,350,331,0.0,4.0,0.9809,352,333,356,335,1.0,True,94.0121,113.9851,82.5059,8.2053,92.2753,"113.99,106.39,100.42,95.53,87.93,100.42,96.62,93.36,90.65,85.22,92.28,90.10,88.48,86.31,82.51"
Rec-024_90s_1,2,15,4957,core,355,331,0.0,5.0,0.9812,357,333,361,335,0.0,False,80.5882,92.2753,75.9929,4.3504,78.7067,"92.28,85.76,81.96,78.71,77.62,85.76,81.96,78.71,77.62,76.54,81.96,79.79,77.62,76.54,75.99"
Rec-024_90s_1,2,16,4958,core,355,330,90.0,1.0,0.9888,357,332,361,334,0.0,False,83.8085,103.1302,76.5357,7.0314,81.4204,"103.13,91.73,85.76,81.42,78.71,92.28,85.76,81.42,78.71,77.62,85.76,81.96,78.71,77.62,76.54"
Rec-024_90s_1,3,1,5090,core,290,332,-90.0,1.0,0.9808,292,334,296,336,1.0,True,90.4661,99.331,85.2196,4.6337,89.5616,"99.33,98.25,96.07,94.45,92.28,91.19,90.65,89.56,89.02,89.02,85.22,85.22,85.76,85.22,85.76"
Rec-024_90s_1,3,2,5091,core,293,332,0.0,3.0,0.9801,295,334,299,336,1.0,True,92.9266,105.8439,86.3051,5.6584,91.7325,"105.84,102.04,98.79,96.07,94.45,94.99,93.36,91.73,90.65,89.56,87.93,87.93,87.39,86.85,86.31"
Rec-024_90s_1,3,3,5092,core,298,331,11.31,5.1,0.9838,300,333,304,335,1.0,True,100.3441,127.5537,89.5616,10.142,97.7027,"127.55,116.16,108.56,103.13,99.33,104.22,100.42,97.70,95.53,93.36,94.99,93.36,91.19,90.10,89.56"
Rec-024_90s_1,3,4,5093,core,302,331,0.0,4.0,0.982,304,333,308,335,1.0,True,101.1401,133.5239,89.5616,11.6215,98.2455,"133.52,118.87,109.64,103.13,99.33,105.84,100.96,98.25,94.99,92.28,95.53,93.36,91.73,90.10,89.56"
Rec-024_90s_1,3,5,5094,core,307,331,0.0,5.0,0.9855,309,333,313,335,1.0,True,98.4264,123.7545,88.4761,9.1801,95.5318,"123.75,111.81,105.84,100.42,97.70,102.04,98.79,95.53,93.36,91.73,94.45,92.28,90.65,89.56,88.48"
Rec-024_90s_1,3,6,5095,core,311,331,0.0,4.0,0.9828,313,333,317,335,1.0,True,99.4757,127.5537,88.4761,10.3254,97.16,"127.55,115.07,108.01,102.04,98.25,103.13,99.87,97.16,94.45,91.73,94.45,91.73,90.65,89.56,88.48"
Rec-024_90s_1,3,7,5096,core,321,331,0.0,10.0,0.9855,323,333,327,335,1.0,True,96.5087,113.9851,89.5616,6.5556,94.989,"113.99,106.39,102.04,98.25,96.62,99.33,96.62,94.99,93.36,92.28,92.28,91.19,90.65,90.10,89.56"
Rec-024_90s_1,3,8,5097,core,325,331,0.0,4.0,0.9884,327,333,331,335,1.0,True,98.6073,118.8698,90.1043,7.6131,96.6172,"118.87,110.19,105.30,100.42,97.70,102.04,98.79,96.62,94.99,93.36,94.45,93.36,91.73,91.19,90.10"
Rec-024_90s_1,3,9,5098,core,334,331,0.0,9.0,0.9899,336,333,340,335,1.0,True,96.4002,106.9294,91.1898,4.8939,95.5318,"106.93,103.67,102.04,100.42,99.33,96.62,96.07,95.53,94.45,94.45,91.73,91.19,91.19,91.19,91.19"
Rec-024_90s_1,3,10,5099,core,339,331,0.0,5.0,0.9892,341,333,345,335,1.0,True,99.6566,112.8996,93.3608,5.6882,98.2455,"112.90,108.56,105.30,103.13,101.50,101.50,99.33,98.25,97.70,97.16,94.99,94.45,93.36,93.36,93.36"
Rec-024_90s_1,3,11,5100,core,352,331,0.0,13.0,0.9879,354,333,358,335,0.6,False,90.6832,111.8141,78.1639,10.0537,90.1043,"111.81,105.30,95.53,84.68,80.33,102.04,98.25,90.10,82.51,78.71,94.45,91.73,85.76,80.88,78.16"
Rec-024_90s_1,3,12,5101,core,355,331,0.0,3.0,0.9891,357,333,361,335,0.0,False,81.746,95.5318,76.5357,5.2088,79.7922,"95.53,88.48,83.59,79.79,77.62,87.93,83.59,79.79,78.16,77.08,83.05,79.79,78.16,77.08,76.54"
Rec-024_90s_1,4,1,5226,core,290,331,0.0,0.0,0.9822,292,333,296,335,1.0,True,97.4856,116.1561,90.1043,7.3616,95.5318,"116.16,109.10,104.22,101.50,99.33,97.70,97.16,95.53,94.45,94.45,91.19,90.65,90.10,90.10,90.65"
Rec-024_90s_1,4,2,5227,core,291,332,-45.0,1.41,0.9828,293,334,297,336,1.0,True,92.6733,102.0447,87.9333,4.4114,91.7325,"102.04,99.87,97.70,95.53,94.99,93.36,92.28,91.73,91.19,91.19,87.93,87.93,87.93,88.48,87.93"
Rec-024_90s_1,4,3,5228,core,300,331,6.34,9.06,0.9833,302,333,306,335,1.0,True,100.127,123.2118,91.1898,8.4915,97.7027,"123.21,112.90,106.39,102.04,99.33,104.22,100.96,97.70,95.53,94.45,95.53,94.45,92.28,91.73,91.19"
Rec-024_90s_1,4,4,5229,core,304,331,0.0,4.0,0.985,306,333,310,335,1.0,True,100.923,128.0965,91.1898,9.7139,98.2455,"128.10,115.07,108.01,103.13,98.79,105.30,101.50,98.25,95.53,94.45,96.07,94.45,92.28,91.73,91.19"
Rec-024_90s_1,4,5,5230,core,309,331,0.0,5.0,0.9857,311,333,315,335,1.0,True,98.5711,118.8698,91.1898,7.4886,96.0745,"118.87,110.19,104.22,100.42,97.70,102.04,98.79,96.07,94.45,93.36,94.99,93.36,91.73,91.19,91.19"
Rec-024_90s_1,4,6,5231,core,313,331,0.0,4.0,0.9868,315,333,319,335,1.0,True,99.331,122.669,90.6471,8.4198,97.16,"122.67,111.81,105.30,100.96,98.25,103.13,99.87,97.16,94.99,93.36,95.53,93.36,91.73,91.19,90.65"
Rec-024_90s_1,4,7,5232,core,318,331,0.0,5.0,0.988,320,333,324,335,1.0,True,98.1008,116.6988,91.1898,6.7802,96.0745,"116.70,108.01,103.13,99.87,97.70,101.50,98.25,96.07,94.45,93.36,94.45,93.36,92.28,91.19,91.19"
Rec-024_90s_1,4,8,5233,core,322,331,0.0,4.0,0.9882,324,333,328,335,1.0,True,99.5119,121.0408,91.1898,7.8092,97.16,"121.04,111.27,105.30,100.96,98.25,103.13,99.87,97.16,95.53,94.45,95.53,94.45,92.28,92.28,91.19"
Rec-024_90s_1,4,9,5234,core,327,331,0.0,5.0,0.9897,329,333,333,335,1.0,True,97.0876,113.9851,91.1898,6.1688,94.989,"113.99,106.39,101.50,97.16,94.99,100.96,98.25,95.53,93.36,92.28,94.45,93.36,91.73,91.19,91.19"
Rec-024_90s_1,4,10,5235,core,331,331,0.0,4.0,0.9892,333,333,337,335,1.0,True,98.0284,113.9851,92.2753,5.6917,96.0745,"113.99,105.84,102.04,99.33,98.25,100.42,98.25,96.07,95.53,95.53,94.99,93.36,92.28,92.28,92.28"
Rec-024_90s_1,4,11,5236,core,336,331,0.0,5.0,0.9908,338,333,342,335,1.0,True,100.2717,113.9851,94.4463,5.4291,98.2455,"113.99,108.56,105.30,103.13,101.50,102.04,99.87,98.25,97.70,97.70,96.07,95.53,94.99,94.45,94.99"
Rec-024_90s_1,4,12,5237,core,340,331,0.0,4.0,0.989,342,333,346,335,1.0,True,102.8407,120.498,95.5318,6.694,100.9592,"120.50,112.90,108.56,105.30,103.13,105.30,103.13,100.96,99.87,98.79,98.25,97.70,96.62,96.07,95.53"
Rec-024_90s_1,4,13,5238,core,345,331,0.0,5.0,0.9907,347,333,351,335,1.0,True,101.719,116.6988,94.989,5.7943,100.4165,"116.70,110.73,106.39,103.13,100.96,105.30,102.04,100.42,98.79,97.70,98.79,97.70,96.62,95.53,94.99"
Rec-024_90s_1,4,14,5239,core,349,331,0.0,4.0,0.9879,351,333,355,335,1.0,True,100.1994,117.7843,91.1898,6.9273,98.2455,"117.78,110.73,105.30,100.96,97.16,105.30,102.04,99.33,96.62,94.45,98.25,96.62,94.99,92.28,91.19"
Rec-024_90s_1,4,15,5240,core,354,331,0.0,5.0,0.9895,356,333,360,335,0.2,False,83.6999,102.0447,76.5357,7.0465,80.8776,"102.04,90.10,84.13,80.33,78.16,94.45,85.22,80.88,78.71,77.62,88.48,82.51,78.71,77.62,76.54"
Rec-024_90s_1,5,1,5361,core,290,332,-90.0,1.0,0.9807,292,334,296,336,1.0,True,93.0351,100.9592,87.9333,4.007,92.2753,"100.96,99.87,97.70,96.07,95.53,92.28,92.28,92.28,92.28,92.28,87.93,88.48,89.02,89.02,89.56"
Rec-024_90s_1,5,2,5362,core,293,332,0.0,3.0,0.9829,295,334,299,336,1.0,True,96.6173,108.0149,90.6471,5.2021,95.5318,"108.01,105.30,102.04,99.87,97.70,98.25,97.16,95.53,94.99,94.45,91.73,91.19,91.19,91.19,90.65"
Rec-024_90s_1,5,3,5363,core,298,331,11.31,5.1,0.9839,300,333,304,335,1.0,True,103.3835,127.5537,94.4463,8.8716,100.9592,"127.55,116.70,110.19,105.30,103.13,107.47,103.67,100.96,98.25,97.16,98.79,97.16,95.53,94.45,94.45"
Rec-024_90s_1,5,4,5364,core,311,331,0.0,13.0,0.9866,313,333,317,335,1.0,True,101.9,127.5537,92.2753,9.1839,99.331,"127.55,115.61,108.01,103.13,99.87,106.93,102.04,99.33,96.62,94.99,98.25,96.07,94.45,93.36,92.28"
Rec-024_90s_1,5,5,5365,core,320,331,0.0,9.0,0.9874,322,333,326,335,1.0,True,101.104,124.84,92.2753,8.4837,98.2455,"124.84,113.99,106.93,102.04,99.33,105.30,101.50,98.25,96.62,94.99,97.16,95.53,94.45,93.36,92.28"
Rec-024_90s_1,5,6,5366,core,329,331,0.0,9.0,0.9879,331,333,335,335,1.0,True,99.8375,120.498,92.2753,7.5034,97.7027,"120.50,111.27,105.30,102.04,99.33,103.13,99.33,97.70,95.53,94.45,95.53,94.45,93.36,93.36,92.28"
Rec-024_90s_1,5,7,5367,core,334,331,0.0,5.0,0.9914,336,333,340,335,1.0,True,99.9461,115.0706,94.4463,5.7057,98.2455,"115.07,109.10,104.22,102.04,99.87,102.04,100.42,98.25,96.62,96.07,96.07,95.53,94.99,94.45,94.45"
Rec-024_90s_1,5,8,5368,core,339,331,0.0,5.0,0.9882,341,333,345,335,1.0,True,100.0908,111.8141,95.5318,4.6554,98.2455,"111.81,107.47,104.22,102.04,100.96,102.04,99.87,98.25,98.25,97.70,96.62,95.53,95.53,95.53,95.53"
Rec-024_90s_1,5,9,5369,core,348,331,0.0,9.0,0.9879,350,333,354,335,1.0,True,99.4395,111.8141,92.2753,5.0418,98.2455,"111.81,107.47,103.13,100.42,97.70,103.13,100.96,98.25,96.62,94.99,98.25,96.62,95.53,94.45,92.28"
Rec-024_90s_1,5,10,5370,core,352,331,0.0,4.0,0.9908,354,333,358,335,0.6,False,91.0813,111.2714,78.7067,9.6911,91.1898,"111.27,104.22,95.53,85.22,80.33,101.50,98.25,91.19,83.05,78.71,95.53,93.36,87.93,81.42,78.71"
Rec-024_90s_1,5,11,5371,core,355,331,0.0,3.0,0.9913,357,333,361,335,0.0,False,81.927,96.0745,76.5357,5.3965,79.7922,"96.07,88.48,83.05,79.79,77.62,89.02,83.59,79.79,78.16,77.08,84.13,80.33,78.16,77.08,76.54"
Rec-024_90s_1,6,1,5497,core,290,331,0.0,0.0,0.98,292,333,296,335,1.0,True,100.525,121.5835,93.3608,7.9723,98.2455,"121.58,112.90,107.47,104.22,102.04,100.96,100.42,98.25,96.62,96.62,93.36,93.36,93.36,93.36,93.36"
Rec-024_90s_1,6,2,5498,core,292,332,-26.57,2.24,0.9833,294,334,298,336,1.0,True,96.4725,106.3867,91.7325,4.4291,95.5318,"106.39,103.13,101.50,98.79,98.25,97.70,96.62,95.53,95.53,94.99,91.73,91.73,91.73,91.73,91.73"
Rec-024_90s_1,6,3,5499,core,296,331,14.04,4.12,0.9816,298,333,302,335,1.0,True,106.2419,137.3231,94.989,11.0423,103.1302,"137.32,122.67,113.99,108.56,105.30,110.19,106.39,103.13,100.42,98.25,100.42,98.79,97.70,95.53,94.99"
Rec-024_90s_1,6,4,5500,core,301,331,0.0,5.0,0.9845,303,333,307,335,1.0,True,103.6006,127.011,94.4463,8.6109,100.9592,"127.01,116.70,110.19,105.30,102.04,108.01,104.22,100.96,98.79,97.16,99.33,98.25,96.07,95.53,94.45"
Rec-024_90s_1,6,5,5501,core,305,331,0.0,4.0,0.9851,307,333,311,335,1.0,True,104.3966,132.4384,94.4463,10.0169,101.502,"132.44,119.41,111.81,105.84,102.04,108.56,105.30,101.50,98.79,97.16,99.33,98.25,96.07,94.99,94.45"
Rec-024_90s_1,6,6,5502,core,310,331,0.0,5.0,0.9873,312,333,316,335,1.0,True,101.6467,123.2118,93.3608,7.7481,99.331,"123.21,112.90,107.47,103.13,100.42,105.30,102.04,99.33,97.16,95.53,98.25,96.62,95.53,94.45,93.36"
Rec-024_90s_1,6,7,5503,core,314,331,0.0,4.0,0.9866,316,333,320,335,1.0,True,102.696,127.5537,93.3608,8.9845,99.8737,"127.55,116.70,109.10,103.67,100.96,106.93,103.13,99.87,97.70,96.07,98.25,97.16,95.53,94.45,93.36"
Rec-024_90s_1,6,8,5504,core,319,331,0.0,5.0,0.9894,321,333,325,335,1.0,True,101.0316,121.5835,93.3608,7.3671,98.7882,"121.58,111.81,105.84,102.04,99.33,105.30,102.04,98.79,96.62,95.53,97.70,96.07,94.99,94.45,93.36"
Rec-024_90s_1,6,9,5505,core,323,331,0.0,4.0,0.9879,325,333,329,335,1.0,True,101.502,124.84,92.2753,8.4455,99.331,"124.84,113.99,107.47,103.13,99.87,105.84,102.04,99.33,96.62,95.53,97.70,96.07,94.45,93.36,92.28"
Rec-024_90s_1,6,10,5506,core,328,331,0.0,5.0,0.9908,330,333,334,335,1.0,True,99.6566,117.2416,92.2753,6.7055,97.7027,"117.24,109.64,105.30,102.04,99.87,103.13,99.87,97.70,95.53,95.53,95.53,94.45,93.36,93.36,92.28"
Rec-024_90s_1,6,11,5507,core,332,331,0.0,4.0,0.9884,334,333,338,335,1.0,True,101.8276,122.1263,94.4463,7.4833,99.8737,"122.13,112.90,108.01,104.22,102.04,104.22,102.04,99.87,98.25,97.16,97.16,95.53,94.99,94.45,94.45"
Rec-024_90s_1,6,12,5508,core,337,331,0.0,5.0,0.9917,339,333,343,335,1.0,True,101.7552,117.7843,95.5318,6.1656,99.8737,"117.78,111.27,106.93,104.22,102.04,104.22,102.04,99.87,98.79,98.25,97.70,96.62,95.53,95.53,95.53"
Rec-024_90s_1,6,13,5509,core,342,331,0.0,5.0,0.9885,344,333,348,335,1.0,True,101.8638,113.9851,96.0745,5.0747,100.4165,"113.99,110.19,106.39,104.22,103.13,104.22,102.04,100.42,99.33,98.79,98.25,97.70,96.62,96.62,96.07"
Rec-024_90s_1,6,14,5510,core,351,331,0.0,9.0,0.9878,353,333,357,335,0.8,False,94.591,111.2714,81.4204,8.2275,94.989,"111.27,105.30,100.42,92.28,84.13,103.13,99.33,96.07,90.65,83.05,96.62,94.99,92.28,87.93,81.42"
Rec-024_90s_1,6,15,5511,core,355,331,0.0,4.0,0.9887,357,333,361,335,0.0,False,81.5651,94.4463,76.5357,5.0233,79.7922,"94.45,87.39,82.51,79.79,77.62,88.48,83.05,79.79,77.62,76.54,84.13,80.33,78.16,77.08,76.54"
Rec-025_30s_1,1,1,3158,core,290,331,0.0,0.0,0.9815,292,333,296,335,1.0,True,90.6471,116.6988,80.8776,9.5765,88.4761,"116.70,105.30,98.25,94.45,90.10,92.28,91.19,88.48,85.76,84.68,84.68,83.59,82.51,80.88,80.88"
Rec-025_30s_1,1,2,3159,core,298,331,0.0,8.0,0.9813,300,333,304,335,1.0,True,89.2359,110.1859,80.3349,7.897,87.3906,"110.19,100.96,95.53,91.19,88.48,93.36,90.10,87.39,85.22,83.59,85.76,83.59,81.96,80.88,80.33"
Rec-025_30s_1,1,3,3160,core,302,331,0.0,4.0,0.9848,304,333,308,335,1.0,True,90.3214,116.1561,80.3349,9.2973,87.9333,"116.16,103.67,97.16,92.28,89.02,94.45,91.19,87.93,85.76,83.59,85.76,84.13,82.51,80.88,80.33"
Rec-025_30s_1,1,4,3161,core,307,331,0.0,5.0,0.9828,309,333,313,335,1.0,True,88.259,108.0149,79.7922,7.4307,86.3051,"108.01,99.33,94.45,90.10,87.93,91.73,89.02,86.31,84.13,83.05,84.68,83.05,81.42,80.88,79.79"
Rec-025_30s_1,1,5,3162,core,311,331,0.0,4.0,0.9861,313,333,317,335,1.0,True,89.3806,111.8141,80.3349,8.3087,87.3906,"111.81,102.04,95.53,91.19,88.48,93.36,90.10,87.39,84.68,84.13,85.22,83.59,81.96,80.88,80.33"
Rec-025_30s_1,1,6,3163,core,316,331,0.0,5.0,0.9857,318,333,322,335,1.0,True,87.9695,106.9294,80.3349,7.0305,86.3051,"106.93,98.25,93.36,89.56,86.85,91.73,89.02,86.31,84.13,83.05,84.68,83.05,81.42,80.88,80.33"
Rec-025_30s_1,1,7,3164,core,320,331,0.0,4.0,0.9878,322,333,326,335,1.0,True,89.7787,111.2714,81.4204,7.8446,87.9333,"111.27,101.50,95.53,91.19,89.56,93.36,90.10,87.93,85.76,84.13,85.76,84.13,83.05,81.96,81.42"
Rec-025_30s_1,1,8,3165,core,325,331,0.0,5.0,0.9867,327,333,331,335,1.0,True,89.4168,105.3012,83.0486,6.1131,87.9333,"105.30,98.79,94.45,91.73,89.56,92.28,89.56,87.93,86.31,85.76,85.76,84.13,83.59,83.05,83.05"
Rec-025_30s_1,1,9,3166,core,334,331,0.0,9.0,0.9886,336,333,340,335,1.0,True,91.4069,105.8439,84.6769,5.8516,89.5616,"105.84,100.42,96.62,94.45,92.28,94.45,91.19,89.56,88.48,87.93,87.93,86.31,85.76,85.22,84.68"
Rec-025_30s_1,1,10,3167,core,343,331,0.0,9.0,0.9889,345,333,349,335,1.0,True,89.453,103.6729,83.0486,5.6061,87.9333,"103.67,98.25,94.45,91.19,89.02,92.28,90.10,87.93,85.76,85.22,87.39,85.76,84.13,83.59,83.05"
Rec-025_30s_1,1,11,3168,core,352,331,0.0,9.0,0.9871,354,333,358,335,0.8,False,84.5683,99.331,77.0784,6.3207,84.1341,"99.33,94.45,87.93,81.42,78.71,90.65,87.93,84.13,79.79,77.62,85.76,84.13,81.42,78.16,77.08"
Rec-025_30s_1,1,12,3169,core,355,331,0.0,3.0,0.9882,357,333,361,335,0.2,False,81.5289,94.4463,76.5357,4.8553,79.7922,"94.45,88.48,84.13,80.33,78.71,86.31,83.05,79.79,78.16,77.08,81.42,79.79,77.62,77.08,76.54"
Rec-025_30s_1,1,13,3170,core,355,330,90.0,1.0,0.9914,357,332,361,334,0.2,False,83.8085,103.1302,76.5357,6.9978,81.9631,"103.13,92.28,86.85,82.51,78.71,91.19,85.76,81.96,78.71,77.62,84.68,80.88,78.71,77.62,76.54"
Rec-025_30s_1,2,1,3307,core,290,331,0.0,0.0,0.9822,292,333,296,335,1.0,True,96.364,120.498,87.9333,9.0252,94.4463,"120.50,109.64,104.22,100.96,98.25,96.62,96.07,94.45,92.28,91.19,89.02,88.48,87.93,87.93,87.93"
Rec-025_30s_1,2,2,3308,core,293,332,-18.43,3.16,0.9818,295,334,299,336,1.0,True,90.5023,100.9592,84.6769,4.7748,89.5616,"100.96,98.25,95.53,93.36,91.73,92.28,91.19,89.56,89.02,87.93,86.31,85.76,85.76,85.22,84.68"
Rec-025_30s_1,2,3,3309,core,297,331,14.04,4.12,0.9831,299,333,303,335,1.0,True,98.7521,127.011,87.9333,10.2471,96.0745,"127.01,113.99,106.39,101.50,97.70,103.13,98.79,96.07,93.36,91.19,93.36,91.73,90.10,89.02,87.93"
Rec-025_30s_1,2,4,3310,core,302,331,0.0,5.0,0.9837,304,333,308,335,1.0,True,96.2192,117.7843,86.8478,8.1868,94.4463,"117.78,108.56,103.13,98.79,96.07,99.87,96.62,94.45,91.73,90.65,91.73,90.10,89.02,87.93,86.85"
Rec-025_30s_1,2,5,3311,core,311,331,0.0,9.0,0.9857,313,333,317,335,1.0,True,94.4463,112.8996,86.3051,7.2003,92.2753,"112.90,105.84,100.42,97.16,94.45,97.70,94.99,92.28,90.65,89.56,90.65,89.02,87.93,86.85,86.31"
Rec-025_30s_1,2,6,3312,core,315,331,0.0,4.0,0.9859,317,333,321,335,1.0,True,95.6765,119.4126,86.8478,8.5849,93.3608,"119.41,108.56,102.04,98.25,94.99,98.79,95.53,93.36,91.19,89.56,91.19,89.56,88.48,87.39,86.85"
Rec-025_30s_1,2,7,3313,core,324,331,0.0,9.0,0.9872,326,333,330,335,1.0,True,96.2554,117.7843,87.9333,7.7435,94.4463,"117.78,107.47,102.04,98.25,96.07,99.33,96.07,94.45,92.28,91.19,91.73,90.65,89.56,89.02,87.93"
Rec-025_30s_1,2,8,3314,core,329,331,0.0,5.0,0.9894,331,333,335,335,1.0,True,96.0745,111.8141,89.5616,6.2199,94.4463,"111.81,105.84,101.50,98.79,97.16,98.25,96.07,94.45,93.36,92.28,91.73,91.19,89.56,89.56,89.56"
Rec-025_30s_1,2,9,3315,core,333,331,0.0,4.0,0.9883,335,333,339,335,1.0,True,97.8837,116.1561,90.1043,7.1061,95.5318,"116.16,109.10,103.67,100.96,98.79,100.42,98.25,95.53,94.45,93.36,93.36,92.28,91.19,90.65,90.10"
Rec-025_30s_1,2,10,3316,core,338,331,0.0,5.0,0.9908,340,333,344,335,1.0,True,97.3047,112.8996,90.1043,6.2466,95.5318,"112.90,106.93,103.13,99.87,98.25,99.87,97.70,95.53,94.45,93.36,93.36,92.28,91.19,90.65,90.10"
Rec-025_30s_1,2,11,3317,core,342,331,0.0,4.0,0.988,344,333,348,335,1.0,True,97.8113,115.6133,90.1043,7.0102,95.5318,"115.61,108.56,103.67,100.96,98.79,100.96,98.25,95.53,94.45,93.36,93.36,92.28,91.19,90.10,90.10"
Rec-025_30s_1,2,12,3318,core,347,331,0.0,5.0,0.9886,349,333,353,335,1.0,True,95.966,110.7286,88.4761,5.9593,94.989,"110.73,105.30,101.50,98.25,95.53,98.79,96.62,94.99,93.36,92.28,92.28,91.19,90.65,89.56,88.48"
Rec-025_30s_1,2,13,3319,core,351,331,0.0,4.0,0.9859,353,333,357,335,1.0,True,92.1306,111.8141,79.7922,8.7861,90.6471,"111.81,105.30,98.79,90.65,82.51,99.87,96.07,93.36,87.39,80.88,92.28,90.65,88.48,84.13,79.79"
Rec-025_30s_1,2,14,3320,core,355,330,14.04,4.12,0.9922,357,332,361,334,0.2,False,84.0256,104.2157,76.5357,7.2822,81.9631,"104.22,92.28,85.76,81.42,78.71,92.28,86.31,81.96,78.71,77.62,86.31,81.96,78.71,77.62,76.54"
Rec-025_30s_1,3,1,3445,core,290,332,-90.0,1.0,0.9828,292,334,296,336,1.0,True,92.2753,100.9592,86.8478,4.3465,91.1898,"100.96,99.33,97.70,95.53,94.45,92.28,92.28,91.19,91.19,91.19,86.85,87.39,87.93,87.93,87.93"
Rec-025_30s_1,3,2,3446,core,299,331,6.34,9.06,0.985,301,333,305,335,1.0,True,100.525,124.84,91.1898,8.7654,98.2455,"124.84,112.90,106.93,102.04,99.33,105.30,101.50,98.25,95.53,94.45,96.07,94.45,93.36,91.73,91.19"
Rec-025_30s_1,3,3,3447,core,303,331,0.0,4.0,0.9837,305,333,309,335,1.0,True,101.6829,131.3529,91.1898,10.4487,98.7882,"131.35,116.70,109.10,103.67,99.87,105.84,102.04,98.79,96.07,94.45,96.62,94.99,93.36,91.19,91.19"
Rec-025_30s_1,3,4,3448,core,308,331,0.0,5.0,0.9868,310,333,314,335,1.0,True,98.4264,121.0408,90.1043,8.0786,96.0745,"121.04,110.19,104.22,99.87,97.16,102.04,98.79,96.07,94.45,92.28,94.99,93.36,91.19,90.65,90.10"
Rec-025_30s_1,3,5,3449,core,312,331,0.0,4.0,0.9851,314,333,318,335,1.0,True,99.1501,125.3828,89.5616,9.3012,96.0745,"125.38,112.90,105.30,100.96,98.25,103.13,99.33,96.07,94.45,92.28,94.99,92.28,91.73,90.65,89.56"
Rec-025_30s_1,3,6,3450,core,317,331,0.0,5.0,0.9888,319,333,323,335,1.0,True,97.2324,117.2416,89.5616,7.2678,94.989,"117.24,108.01,102.04,98.79,97.16,100.96,97.70,94.99,93.36,92.28,93.36,91.73,91.19,90.10,89.56"
Rec-025_30s_1,3,7,3451,core,322,331,0.0,5.0,0.9859,324,333,328,335,1.0,True,96.2916,111.8141,90.1043,5.7807,94.4463,"111.81,105.30,100.42,97.70,96.62,98.79,96.62,94.45,93.36,92.28,93.36,91.73,91.19,90.65,90.10"
Rec-025_30s_1,3,8,3452,core,326,331,0.0,4.0,0.9899,328,333,332,335,1.0,True,98.1731,115.6133,91.1898,6.5125,96.0745,"115.61,108.01,103.13,100.42,98.25,100.96,98.25,96.07,94.99,94.45,94.45,93.36,92.28,91.19,91.19"
Rec-025_30s_1,3,9,3453,core,331,331,0.0,5.0,0.9876,333,333,337,335,1.0,True,97.9198,111.8141,92.2753,5.3428,96.6172,"111.81,105.84,102.04,99.87,98.79,100.42,98.25,96.62,95.53,94.99,94.45,93.36,92.28,92.28,92.28"
Rec-025_30s_1,3,10,3454,core,335,331,0.0,4.0,0.9908,337,333,341,335,1.0,True,99.6566,115.6133,93.3608,6.213,98.2455,"115.61,109.10,105.30,102.04,100.42,102.04,99.87,98.25,96.62,95.53,95.53,94.45,93.36,93.36,93.36"
Rec-025_30s_1,3,11,3455,core,340,331,0.0,5.0,0.9889,342,333,346,335,1.0,True,99.1139,111.8141,93.3608,5.1405,97.7027,"111.81,106.93,103.67,101.50,100.42,101.50,99.33,97.70,96.62,96.07,95.53,94.45,94.45,93.36,93.36"
Rec-025_30s_1,3,12,3456,core,349,331,0.0,9.0,0.9876,351,333,355,335,1.0,True,96.9791,110.7286,89.5616,5.5691,95.5318,"110.73,105.84,100.96,97.70,94.99,101.50,98.25,96.07,94.45,92.28,95.53,93.36,92.28,91.19,89.56"
Rec-025_30s_1,3,13,3457,core,353,331,0.0,4.0,0.9891,355,333,359,335,0.6,False,86.7393,107.4722,77.6212,8.7811,83.5914,"107.47,97.70,87.39,81.42,78.71,98.79,91.19,83.59,79.79,77.62,92.28,87.39,81.42,78.71,77.62"
Rec-025_30s_1,3,14,3458,core,355,331,0.0,2.0,0.9893,357,333,361,335,0.2,False,81.8184,95.5318,76.5357,5.1354,79.7922,"95.53,87.93,83.59,79.79,78.16,87.93,83.59,79.79,78.16,77.08,83.59,80.33,78.16,77.08,76.54"
Rec-025_30s_1,4,1,3573,core,290,331,0.0,0.0,0.9839,292,333,296,335,1.0,True,98.6797,120.498,91.1898,8.2531,96.6172,"120.50,111.27,105.84,103.13,100.42,98.25,98.25,96.62,95.53,94.45,91.19,91.19,91.19,91.19,91.19"
Rec-025_30s_1,4,2,3574,core,291,332,-45.0,1.41,0.9808,293,334,297,336,1.0,True,94.7357,105.3012,89.5616,4.6977,94.4463,"105.30,102.04,99.87,97.70,96.62,94.99,94.45,94.45,93.36,93.36,89.56,89.56,89.56,90.10,90.10"
Rec-025_30s_1,4,3,3575,core,296,331,11.31,5.1,0.9841,298,333,302,335,1.0,True,102.8769,128.6392,93.3608,9.3248,99.8737,"128.64,117.24,109.64,105.30,101.50,106.39,103.13,99.87,98.25,96.07,98.25,96.07,94.99,94.45,93.36"
Rec-025_30s_1,4,4,3576,core,300,331,0.0,4.0,0.9829,302,333,306,335,1.0,True,104.3242,135.6949,93.3608,11.0347,101.502,"135.69,121.04,111.81,105.84,102.04,108.56,104.22,101.50,98.25,96.62,98.79,97.16,95.53,94.45,93.36"
Rec-025_30s_1,4,5,3577,core,305,331,0.0,5.0,0.9865,307,333,311,335,1.0,True,101.5381,125.9255,92.2753,8.8485,98.7882,"125.93,115.07,108.01,103.13,99.33,105.84,102.04,98.79,96.62,94.99,97.70,95.53,94.45,93.36,92.28"
Rec-025_30s_1,4,6,3578,core,309,331,0.0,4.0,0.9841,311,333,315,335,1.0,True,101.9362,130.8102,91.7325,10.0746,98.7882,"130.81,116.70,108.56,103.13,99.33,106.39,102.04,98.79,96.62,94.99,97.70,95.53,94.45,92.28,91.73"
Rec-025_30s_1,4,7,3579,core,314,331,0.0,5.0,0.9884,316,333,320,335,1.0,True,99.1139,120.498,91.1898,7.7032,96.6172,"120.50,110.73,105.30,100.42,97.70,102.04,99.33,96.62,94.99,93.36,95.53,94.45,92.28,92.28,91.19"
Rec-025_30s_1,4,8,3580,core,319,331,0.0,5.0,0.9868,321,333,325,335,1.0,True,97.558,113.9851,91.1898,6.0874,95.5318,"113.99,106.93,102.04,98.79,97.16,100.42,98.25,95.53,94.45,93.36,94.45,93.36,92.28,91.19,91.19"
Rec-025_30s_1,4,9,3581,core,328,331,0.0,9.0,0.9883,330,333,334,335,1.0,True,99.0415,113.9851,93.3608,5.5839,97.16,"113.99,107.47,103.13,100.96,99.33,102.04,98.79,97.16,96.07,95.53,95.53,94.45,94.45,93.36,93.36"
Rec-025_30s_1,4,10,3582,core,341,331,0.0,13.0,0.9912,343,333,347,335,1.0,True,102.6598,117.7843,95.5318,6.0725,101.502,"117.78,111.81,108.01,105.30,103.13,105.84,103.13,101.50,99.87,98.79,98.79,97.70,96.62,96.07,95.53"
Rec-025_30s_1,4,11,3583,core,346,331,0.0,5.0,0.9891,348,333,352,335,1.0,True,100.5974,113.9851,93.3608,5.4335,99.331,"113.99,109.10,105.30,102.04,99.87,104.22,101.50,99.33,97.70,96.62,98.25,97.16,95.53,94.99,93.36"
Rec-025_30s_1,4,12,3584,core,350,331,0.0,4.0,0.9899,352,333,356,335,1.0,True,97.7389,113.9851,86.8478,6.9997,97.16,"113.99,108.01,103.13,98.25,92.28,103.67,100.96,97.16,94.99,89.56,97.16,95.53,93.36,91.19,86.85"
Rec-025_30s_1,4,13,3585,core,355,330,11.31,5.1,0.9915,357,332,361,334,0.2,False,85.292,108.5576,77.0784,8.3446,82.5059,"108.56,94.45,87.39,82.51,78.71,94.99,87.39,82.51,79.79,77.62,87.93,83.05,79.79,77.62,77.08"
Rec-025_30s_1,5,1,3708,core,294,331,0.0,4.0,0.9837,296,333,300,335,1.0,True,105.0117,132.4384,94.989,9.8691,102.0447,"132.44,119.41,112.90,107.47,104.22,108.56,105.30,102.04,99.87,98.25,99.33,98.25,96.62,95.53,94.99"
Rec-025_30s_1,5,2,3709,core,299,331,0.0,5.0,0.9853,301,333,305,335,1.0,True,103.3473,125.9255,94.4463,8.3303,100.9592,"125.93,116.16,109.64,105.30,102.04,107.47,103.67,100.96,98.25,97.70,99.33,97.70,96.07,95.53,94.45"
Rec-025_30s_1,5,3,3710,core,303,331,0.0,4.0,0.9863,305,333,309,335,1.0,True,104.1071,130.8102,94.4463,9.4925,101.502,"130.81,117.78,111.27,105.84,102.04,108.56,104.22,101.50,98.25,97.16,99.87,98.25,96.07,95.53,94.45"
Rec-025_30s_1,5,4,3711,core,308,331,0.0,5.0,0.9872,310,333,314,335,1.0,True,100.8868,121.0408,93.3608,7.3804,98.7882,"121.04,111.81,106.39,102.04,98.79,105.30,101.50,98.79,96.62,94.99,98.25,96.07,94.99,93.36,93.36"
Rec-025_30s_1,5,5,3712,core,312,331,0.0,4.0,0.9882,314,333,318,335,1.0,True,101.4296,124.2973,93.3608,8.1421,98.7882,"124.30,112.90,107.47,103.13,99.87,105.30,102.04,98.79,96.62,95.53,98.25,96.07,94.45,93.36,93.36"
Rec-025_30s_1,5,6,3713,core,317,331,0.0,5.0,0.9892,319,333,323,335,1.0,True,99.8737,117.7843,92.2753,6.6058,97.7027,"117.78,110.19,104.22,101.50,98.79,103.13,100.42,97.70,96.07,95.53,97.16,95.53,94.45,93.36,92.28"
Rec-025_30s_1,5,7,3714,core,321,331,0.0,4.0,0.9889,323,333,327,335,1.0,True,101.104,123.2118,93.3608,7.9458,98.7882,"123.21,112.90,106.93,102.04,99.33,105.30,101.50,98.79,96.62,95.53,97.70,95.53,94.45,93.36,93.36"
Rec-025_30s_1,5,8,3715,core,326,331,0.0,5.0,0.9904,328,333,332,335,1.0,True,100.1632,116.6988,94.4463,6.1368,98.2455,"116.70,109.64,105.30,101.50,99.33,103.13,100.42,98.25,96.62,95.53,96.62,95.53,94.99,94.45,94.45"
Rec-025_30s_1,5,9,3716,core,330,331,0.0,4.0,0.9891,332,333,336,335,1.0,True,102.0809,121.0408,94.989,6.9885,99.8737,"121.04,112.90,107.47,103.67,101.50,105.30,102.04,99.87,98.25,97.70,98.25,97.16,95.53,95.53,94.99"
Rec-025_30s_1,5,10,3717,core,335,331,0.0,5.0,0.9915,337,333,341,335,1.0,True,101.5743,116.1561,95.5318,5.5769,99.8737,"116.16,110.19,106.39,103.13,101.50,104.22,102.04,99.87,98.25,98.25,98.25,97.16,96.62,96.07,95.53"
Rec-025_30s_1,5,11,3718,core,339,331,0.0,4.0,0.9893,341,333,345,335,1.0,True,103.2387,119.4126,96.6172,6.2363,101.502,"119.41,112.90,108.56,105.30,103.13,106.39,103.67,101.50,99.87,98.79,99.33,98.25,97.70,97.16,96.62"
Rec-025_30s_1,5,12,3719,core,344,331,0.0,5.0,0.9913,346,333,350,335,1.0,True,102.4789,116.1561,96.0745,5.4929,101.502,"116.16,111.27,107.47,104.22,102.04,105.30,103.13,101.50,99.87,98.25,99.33,98.25,97.70,96.62,96.07"
Rec-025_30s_1,5,13,3720,core,348,331,0.0,4.0,0.9882,350,333,354,335,1.0,True,101.3572,117.7843,93.3608,6.5893,99.331,"117.78,111.81,106.93,102.04,98.25,105.84,103.13,100.42,98.25,95.53,99.33,97.70,95.53,94.45,93.36"
Rec-025_30s_1,5,14,3721,core,353,331,0.0,5.0,0.9902,355,333,359,335,0.6,False,87.5715,108.5576,77.6212,9.3118,84.6769,"108.56,99.33,87.93,81.42,78.71,99.87,93.36,84.68,79.79,77.62,94.45,89.02,82.51,78.71,77.62"
Rec-025_30s_1,5,15,3722,core,355,331,0.0,2.0,0.9904,357,333,361,335,0.2,False,82.325,97.16,76.5357,5.6288,80.3349,"97.16,89.02,84.13,79.79,77.62,89.56,84.13,80.33,78.16,77.08,84.13,80.88,78.71,77.62,76.54"
Rec-025_30s_1,6,1,3835,core,290,331,0.0,0.0,0.9828,292,333,296,335,1.0,True,101.2849,124.2973,93.3608,8.4891,98.2455,"124.30,113.99,108.56,105.30,103.13,100.96,100.42,98.25,97.70,97.70,93.36,94.45,93.36,93.36,94.45"
Rec-025_30s_1,6,2,3836,core,293,331,0.0,3.0,0.9823,295,333,299,335,1.0,True,103.6006,125.3828,95.5318,8.1445,101.502,"125.38,116.16,110.19,106.39,103.67,106.39,103.67,101.50,99.87,98.25,98.25,97.16,96.07,95.53,95.53"
Rec-025_30s_1,6,3,3837,core,297,331,0.0,4.0,0.9836,299,333,303,335,1.0,True,106.0972,134.6094,95.5318,10.1555,103.1302,"134.61,121.58,112.90,108.01,104.22,110.19,106.39,103.13,100.96,98.79,100.96,99.33,98.25,96.62,95.53"
Rec-025_30s_1,6,4,3838,core,302,331,0.0,5.0,0.985,304,333,308,335,1.0,True,103.2387,124.2973,94.989,7.7752,100.9592,"124.30,115.07,109.10,105.30,102.04,106.93,103.67,100.96,98.79,97.16,99.87,98.25,96.62,95.53,94.99"
Rec-025_30s_1,6,5,3839,core,306,331,0.0,4.0,0.9867,308,333,312,335,1.0,True,103.9262,129.7247,94.4463,9.1933,101.502,"129.72,117.78,110.19,105.30,102.04,108.01,104.22,101.50,98.79,97.16,99.87,98.25,96.07,95.53,94.45"
Rec-025_30s_1,6,6,3840,core,311,331,0.0,5.0,0.9878,313,333,317,335,1.0,True,101.4296,120.498,94.4463,6.9868,99.331,"120.50,111.81,106.39,103.13,100.42,105.30,102.04,99.33,97.16,96.07,98.25,96.62,95.53,94.45,94.45"
Rec-025_30s_1,6,7,3841,core,315,331,0.0,4.0,0.9883,317,333,321,335,1.0,True,102.5151,125.3828,94.4463,8.2784,99.8737,"125.38,115.61,108.01,103.67,100.96,106.39,103.13,99.87,98.25,96.07,98.25,97.16,95.53,94.99,94.45"
Rec-025_30s_1,6,8,3842,core,324,331,0.0,9.0,0.9894,326,333,330,335,1.0,True,101.8276,123.2118,94.4463,7.6211,99.331,"123.21,112.90,107.47,103.13,100.96,105.30,102.04,99.33,98.25,96.62,97.70,96.07,95.53,94.45,94.45"
Rec-025_30s_1,6,9,3843,core,333,331,0.0,9.0,0.9902,335,333,339,335,1.0,True,102.9493,120.498,96.0745,6.6315,100.9592,"120.50,112.90,108.56,105.30,103.13,105.84,103.13,100.96,99.33,98.79,98.79,97.70,97.16,96.07,96.07"
Rec-025_30s_1,6,10,3844,core,338,331,0.0,5.0,0.9919,340,333,344,335,1.0,True,102.5513,117.2416,96.6172,5.6455,100.9592,"117.24,111.27,106.93,104.22,103.13,105.30,103.13,100.96,99.87,98.79,98.79,98.25,97.16,96.62,96.62"
Rec-025_30s_1,6,11,3845,core,347,331,0.0,9.0,0.9916,349,333,353,335,1.0,True,101.2487,115.6133,94.4463,5.6642,99.331,"115.61,110.19,105.30,102.04,98.79,105.30,103.13,99.87,98.25,96.62,99.33,98.25,96.62,94.99,94.45"
Rec-025_30s_1,6,12,3846,core,351,331,0.0,4.0,0.9884,353,333,357,335,1.0,True,95.3508,113.9851,81.9631,8.7373,94.989,"113.99,106.93,101.50,94.45,84.13,103.67,99.87,96.62,91.19,83.05,97.16,94.99,92.28,88.48,81.96"
Rec-025_30s_1,6,13,3847,core,355,331,0.0,4.0,0.9915,357,333,361,335,0.2,False,82.2526,96.6172,75.9929,5.5167,80.3349,"96.62,88.48,83.59,80.33,78.16,89.56,84.13,80.33,78.16,77.08,84.68,80.88,78.16,77.62,75.99"
Rec-026_60s_2,1,1,3974,core,290,331,0.0,0.0,0.9857,292,333,296,335,1.0,True,86.7393,113.9851,77.0784,9.6485,84.1341,"113.99,100.42,94.45,89.56,86.85,88.48,86.85,84.13,81.96,80.88,80.88,79.79,78.16,77.62,77.08"
Rec-026_60s_2,1,2,3975,core,294,331,0.0,4.0,0.9859,296,333,300,335,1.0,True,86.2689,108.0149,77.6212,8.1242,84.1341,"108.01,98.25,92.28,89.02,86.31,90.10,86.85,84.13,82.51,80.88,81.96,79.79,78.71,77.62,77.62"
Rec-026_60s_2,1,3,3976,core,298,331,0.0,4.0,0.9849,300,333,304,335,1.0,True,87.7886,115.6133,77.6212,9.8982,85.2196,"115.61,102.04,94.45,90.10,86.85,91.73,88.48,85.22,83.05,80.88,83.05,80.88,78.71,78.16,77.62"
Rec-026_60s_2,1,4,3977,core,303,331,0.0,5.0,0.9873,305,333,309,335,1.0,True,85.4005,105.3012,77.0784,7.4908,83.5914,"105.30,96.07,91.19,87.93,85.76,89.56,85.76,83.59,81.42,80.33,81.42,79.79,78.16,77.62,77.08"
Rec-026_60s_2,1,5,3978,core,307,331,0.0,4.0,0.9849,309,333,313,335,1.0,True,86.486,111.8141,77.0784,9.0073,84.1341,"111.81,98.79,93.36,89.02,85.76,90.10,86.85,84.13,81.96,80.33,81.96,79.79,78.71,77.62,77.08"
Rec-026_60s_2,1,6,3979,core,312,331,0.0,5.0,0.9876,314,333,318,335,1.0,True,84.4959,102.0447,76.5357,6.8557,83.0486,"102.04,94.99,90.10,86.85,84.68,87.93,85.22,83.05,80.88,80.33,80.88,78.71,78.16,77.08,76.54"
Rec-026_60s_2,1,7,3980,core,316,331,0.0,4.0,0.9849,318,333,322,335,1.0,True,86.0156,108.0149,77.0784,8.1203,84.1341,"108.01,97.70,92.28,88.48,85.76,89.56,86.85,84.13,81.96,80.88,81.42,79.79,78.71,77.62,77.08"
Rec-026_60s_2,1,8,3981,core,321,331,0.0,5.0,0.9885,323,333,327,335,1.0,True,84.4959,101.502,77.0784,6.53,83.0486,"101.50,94.45,89.56,86.31,84.68,87.93,85.22,83.05,80.88,80.33,80.88,79.79,78.16,77.62,77.08"
Rec-026_60s_2,1,9,3982,core,326,331,0.0,5.0,0.9853,328,333,332,335,1.0,True,84.2065,97.16,78.1639,5.3025,83.0486,"97.16,92.28,89.02,86.85,85.76,86.31,84.13,83.05,81.96,81.42,80.33,79.79,78.71,78.16,78.16"
Rec-026_60s_2,1,10,3983,core,330,331,0.0,4.0,0.9892,332,333,336,335,1.0,True,86.1965,100.9592,79.7922,5.9889,84.1341,"100.96,95.53,91.19,89.02,87.93,89.02,86.31,84.13,83.05,83.05,82.51,80.88,79.79,79.79,79.79"
Rec-026_60s_2,1,11,3984,core,339,331,0.0,9.0,0.9899,341,333,345,335,1.0,True,87.7886,101.502,81.4204,5.6974,86.3051,"101.50,96.07,93.36,91.19,89.56,90.10,87.93,86.31,85.22,84.68,83.59,82.51,81.96,81.42,81.42"
Rec-026_60s_2,1,12,3985,core,353,331,0.0,14.0,0.9824,355,333,359,335,0.6,False,81.8546,96.0745,75.9929,5.782,79.7922,"96.07,90.65,83.05,78.71,77.62,89.02,84.68,79.79,77.62,76.54,83.05,80.88,77.62,76.54,75.99"
Rec-026_60s_2,1,13,3986,core,355,330,26.57,2.24,0.9815,357,332,361,334,0.2,False,85.8709,117.2416,75.9929,10.2925,83.0486,"117.24,97.16,87.93,83.05,79.79,94.45,87.93,83.05,79.79,77.62,85.76,82.51,78.71,77.08,75.99"
Rec-026_60s_2,2,1,4109,core,290,331,0.0,0.0,0.9867,292,333,296,335,1.0,True,93.1075,116.6988,84.6769,8.9069,91.1898,"116.70,105.84,101.50,98.25,95.53,92.28,92.28,91.19,89.56,88.48,85.76,85.22,84.68,84.68,84.68"
Rec-026_60s_2,2,2,4110,core,294,331,0.0,4.0,0.9829,296,333,300,335,1.0,True,93.5779,111.8141,85.2196,7.3909,91.7325,"111.81,105.30,100.42,96.62,94.99,96.07,94.45,91.73,90.10,89.02,88.48,87.39,86.31,85.76,85.22"
Rec-026_60s_2,2,3,4111,core,298,331,0.0,4.0,0.9877,300,333,304,335,1.0,True,94.3377,117.7843,84.6769,8.7024,92.2753,"117.78,106.93,101.50,97.16,94.45,97.70,94.99,92.28,89.56,88.48,89.56,87.93,86.31,85.76,84.68"
Rec-026_60s_2,2,4,4112,core,302,331,0.0,4.0,0.9849,304,333,308,335,1.0,True,94.8805,123.2118,84.1341,10.061,92.2753,"123.21,109.10,102.04,97.70,94.45,98.25,95.53,92.28,89.56,87.93,89.56,87.93,86.31,85.22,84.13"
Rec-026_60s_2,2,5,4113,core,307,331,0.0,5.0,0.9881,309,333,313,335,1.0,True,92.6371,113.9851,84.1341,7.919,90.6471,"113.99,104.22,98.79,95.53,91.73,96.07,93.36,90.65,88.48,87.39,88.48,86.85,85.76,84.13,84.13"
Rec-026_60s_2,2,6,4114,core,312,331,0.0,5.0,0.9853,314,333,318,335,1.0,True,90.3938,105.3012,83.5914,5.9417,88.4761,"105.30,99.87,95.53,92.28,90.65,93.36,91.19,88.48,87.39,86.31,87.39,85.76,84.68,84.13,83.59"
Rec-026_60s_2,2,7,4115,core,316,331,0.0,4.0,0.9891,318,333,322,335,1.0,True,91.226,109.6431,83.5914,6.9179,89.5616,"109.64,101.50,96.62,93.36,91.19,94.45,91.73,89.56,87.93,86.85,87.39,85.76,84.68,84.13,83.59"
Rec-026_60s_2,2,8,4116,core,321,331,0.0,5.0,0.9876,323,333,327,335,1.0,True,90.0681,104.2157,83.5914,5.5224,88.4761,"104.22,98.25,94.99,92.28,91.19,92.28,90.10,88.48,87.39,86.85,86.85,85.76,84.68,84.13,83.59"
Rec-026_60s_2,2,9,4117,core,325,331,0.0,4.0,0.9896,327,333,331,335,1.0,True,91.6964,108.0149,85.2196,6.2779,90.1043,"108.01,100.96,97.16,94.45,92.28,94.45,91.73,90.10,88.48,87.93,87.39,86.31,85.76,85.22,85.22"
Rec-026_60s_2,2,10,4118,core,330,331,0.0,5.0,0.9883,332,333,336,335,1.0,True,91.6602,104.2157,85.7624,5.2429,90.1043,"104.22,99.87,96.62,94.45,93.36,93.36,91.73,90.10,89.56,89.02,87.93,86.85,86.31,85.76,85.76"
Rec-026_60s_2,2,11,4119,core,334,331,0.0,4.0,0.9897,336,333,340,335,1.0,True,93.216,108.0149,86.8478,5.8873,91.1898,"108.01,102.04,98.25,96.07,94.99,95.53,93.36,91.19,90.65,90.10,89.02,87.93,87.39,86.85,86.85"
Rec-026_60s_2,2,12,4120,core,339,331,0.0,5.0,0.9893,341,333,345,335,1.0,True,93.2522,105.3012,87.3906,5.1344,91.7325,"105.30,100.96,98.25,96.62,95.53,94.45,93.36,91.73,91.19,91.19,89.02,87.93,87.93,87.93,87.39"
Rec-026_60s_2,2,13,4121,core,348,331,0.0,9.0,0.986,350,333,354,335,1.0,True,92.7457,105.3012,85.7624,5.2317,91.7325,"105.30,100.96,97.70,94.45,92.28,96.07,93.36,91.73,90.65,89.56,89.56,89.02,87.93,86.85,85.76"
Rec-026_60s_2,2,14,4122,core,352,331,0.0,4.0,0.9861,354,333,358,335,0.8,False,87.1011,103.6729,77.0784,7.6419,86.8478,"103.67,98.25,92.28,83.59,78.71,94.99,91.73,87.93,80.88,78.16,88.48,86.85,84.13,79.79,77.08"
Rec-026_60s_2,2,15,4123,core,355,331,0.0,3.0,0.9838,357,333,361,335,0.2,False,81.2395,94.989,75.9929,5.1667,79.7922,"94.99,87.93,83.05,79.79,77.62,87.39,83.05,79.79,77.62,76.54,81.96,78.71,77.62,76.54,75.99"
Rec-026_60s_2,2,16,4124,core,355,330,90.0,1.0,0.9915,357,332,361,334,0.2,False,83.6637,105.8439,75.9929,7.7389,80.8776,"105.84,91.73,85.76,80.88,78.16,92.28,85.76,80.88,78.16,77.08,85.76,80.88,78.71,77.08,75.99"
Rec-026_60s_2,3,1,4253,core,291,331,0.0,1.0,0.986,293,333,297,335,1.0,True,96.4725,117.7843,88.4761,8.083,94.4463,"117.78,108.56,103.67,100.42,98.25,97.70,96.07,94.45,92.28,91.73,90.10,89.56,89.02,89.02,88.48"
Rec-026_60s_2,3,2,4254,core,295,331,0.0,4.0,0.9836,297,333,301,335,1.0,True,99.2224,127.5537,89.0188,10.0649,96.6172,"127.55,113.99,106.39,102.04,98.79,102.04,99.33,96.62,94.45,92.28,93.36,92.28,90.65,89.56,89.02"
Rec-026_60s_2,3,3,4255,core,300,331,0.0,5.0,0.9877,302,333,306,335,1.0,True,96.9429,118.8698,88.4761,8.0302,94.989,"118.87,108.56,103.13,99.33,96.62,100.42,97.70,94.99,92.28,91.19,92.28,91.19,90.10,89.02,88.48"
Rec-026_60s_2,3,4,4256,core,313,331,0.0,13.0,0.9862,315,333,319,335,1.0,True,96.4002,119.4126,87.9333,8.2283,94.4463,"119.41,108.56,102.04,98.25,95.53,99.87,96.62,94.45,91.73,90.65,92.28,90.65,89.56,88.48,87.93"
Rec-026_60s_2,3,5,4257,core,318,331,0.0,5.0,0.9898,320,333,324,335,1.0,True,94.3377,111.8141,87.3906,6.4499,92.2753,"111.81,103.67,99.33,96.07,94.45,97.70,94.45,92.28,91.19,90.10,90.65,89.56,88.48,87.93,87.39"
Rec-026_60s_2,3,6,4258,core,327,331,0.0,9.0,0.9899,329,333,333,335,1.0,True,95.4232,111.2714,89.0188,6.1921,93.3608,"111.27,105.30,100.96,97.70,96.07,97.70,95.53,93.36,92.28,91.73,91.19,90.65,89.56,89.02,89.02"
Rec-026_60s_2,3,7,4259,core,332,331,0.0,5.0,0.9878,334,333,338,335,1.0,True,95.1699,106.9294,89.5616,4.9572,94.4463,"106.93,103.13,99.33,97.70,96.62,97.16,95.53,94.45,93.36,92.28,91.19,90.65,90.10,89.56,89.56"
Rec-026_60s_2,3,8,4260,core,341,331,0.0,9.0,0.9882,343,333,347,335,1.0,True,96.7982,108.5576,91.1898,4.8773,95.5318,"108.56,104.22,101.50,98.79,98.25,98.79,97.16,95.53,94.99,94.45,93.36,92.28,91.73,91.19,91.19"
Rec-026_60s_2,3,9,4261,core,345,331,0.0,4.0,0.9889,347,333,351,335,1.0,True,97.8837,111.8141,91.1898,5.6113,96.6172,"111.81,106.39,103.13,100.42,98.25,100.42,98.25,96.62,95.53,94.45,94.45,93.36,92.28,91.73,91.19"
Rec-026_60s_2,3,10,4262,core,350,331,0.0,5.0,0.9858,352,333,356,335,1.0,True,93.5779,106.3867,85.2196,5.4664,92.2753,"106.39,102.04,97.70,94.45,90.10,98.25,95.53,93.36,91.19,87.93,92.28,91.19,89.56,88.48,85.22"
Rec-026_60s_2,3,11,4263,core,354,331,0.0,4.0,0.9871,356,333,360,335,0.4,False,83.1572,101.502,75.9929,7.1158,80.3349,"101.50,90.65,83.59,79.79,77.62,93.36,85.22,80.33,77.62,76.54,87.93,81.42,78.71,77.08,75.99"
Rec-026_60s_2,3,12,4264,core,355,330,45.0,1.41,0.9895,357,332,361,334,0.2,False,85.7985,112.8996,76.5357,9.3177,83.0486,"112.90,95.53,87.93,83.05,78.71,95.53,87.93,83.05,79.79,77.62,87.93,83.05,79.79,77.62,76.54"
Rec-026_60s_2,4,1,4386,core,290,331,0.0,0.0,0.9871,292,333,296,335,1.0,True,96.7258,117.2416,89.0188,8.036,94.989,"117.24,108.56,105.30,102.04,98.79,95.53,95.53,94.99,93.36,92.28,89.02,89.56,89.56,89.56,89.56"
Rec-026_60s_2,4,2,4387,core,292,331,0.0,2.0,0.9832,294,333,298,335,1.0,True,100.2355,127.5537,91.1898,9.7547,97.7027,"127.55,113.99,108.56,103.67,100.96,101.50,99.87,97.70,95.53,94.45,93.36,92.28,91.73,91.19,91.19"
Rec-026_60s_2,4,3,4388,core,297,331,0.0,5.0,0.9875,299,333,303,335,1.0,True,99.331,121.0408,90.6471,8.0013,97.16,"121.04,111.27,105.84,102.04,98.79,102.04,99.33,97.16,95.53,94.45,94.99,93.36,92.28,91.19,90.65"
Rec-026_60s_2,4,4,4389,core,301,331,0.0,4.0,0.9857,303,333,307,335,1.0,True,100.2717,125.9255,90.6471,9.1518,97.7027,"125.93,113.99,106.93,102.04,98.79,103.67,100.42,97.70,95.53,94.45,95.53,94.45,92.28,91.73,90.65"
Rec-026_60s_2,4,5,4390,core,306,331,0.0,5.0,0.9889,308,333,312,335,1.0,True,97.7751,117.7843,90.1043,7.3911,95.5318,"117.78,108.56,103.67,99.87,97.16,101.50,98.25,95.53,93.36,92.28,94.45,92.28,91.19,90.65,90.10"
Rec-026_60s_2,4,6,4391,core,310,331,0.0,4.0,0.986,312,333,316,335,1.0,True,98.6435,123.2118,89.5616,8.5986,96.0745,"123.21,110.19,105.30,100.42,97.70,102.04,98.79,96.07,94.45,92.28,94.45,93.36,91.19,90.65,89.56"
Rec-026_60s_2,4,7,4392,core,315,331,0.0,5.0,0.9899,317,333,321,335,1.0,True,96.7982,115.0706,89.5616,6.7226,94.989,"115.07,106.93,102.04,98.25,96.07,99.87,97.16,94.99,93.36,92.28,93.36,91.73,91.19,90.10,89.56"
Rec-026_60s_2,4,8,4393,core,320,331,0.0,5.0,0.9874,322,333,326,335,1.0,True,95.4232,109.6431,89.5616,5.4462,94.4463,"109.64,103.67,99.87,97.16,95.53,98.25,95.53,94.45,92.28,91.73,92.28,91.19,90.65,89.56,89.56"
Rec-026_60s_2,4,9,4394,core,324,331,0.0,4.0,0.9902,326,333,330,335,1.0,True,96.6534,112.8996,90.6471,6.029,94.989,"112.90,105.84,101.50,98.25,96.62,99.33,96.62,94.99,93.36,92.28,93.36,91.73,91.19,91.19,90.65"
Rec-026_60s_2,4,10,4395,core,329,331,0.0,5.0,0.988,331,333,335,335,1.0,True,96.7258,109.6431,91.1898,5.0184,95.5318,"109.64,104.22,100.96,98.25,97.70,98.79,97.16,95.53,94.45,94.45,93.36,92.28,91.73,91.19,91.19"
Rec-026_60s_2,4,11,4396,core,333,331,0.0,4.0,0.9905,335,333,339,335,1.0,True,98.7882,112.8996,92.2753,5.5738,97.16,"112.90,107.47,103.67,100.96,99.33,101.50,98.79,97.16,96.07,95.53,94.99,94.45,93.36,93.36,92.28"
Rec-026_60s_2,4,12,4397,core,338,331,0.0,5.0,0.9886,340,333,344,335,1.0,True,98.4264,110.1859,93.3608,4.6337,97.16,"110.19,105.84,102.04,100.42,99.33,100.42,98.25,97.16,96.07,95.53,95.53,94.45,94.45,93.36,93.36"
Rec-026_60s_2,4,13,4398,core,342,331,0.0,4.0,0.9898,344,333,348,335,1.0,True,99.9823,113.9851,93.3608,5.5427,98.2455,"113.99,108.56,105.30,102.04,100.42,102.04,100.42,98.25,97.70,96.62,96.07,95.53,94.99,94.45,93.36"
Rec-026_60s_2,4,14,4399,core,351,331,0.0,9.0,0.9883,353,333,357,335,1.0,True,93.2884,109.1004,80.8776,7.5045,93.3608,"109.10,103.67,98.79,93.36,84.13,99.87,97.16,94.45,90.10,83.05,94.45,92.28,90.65,87.39,80.88"
Rec-026_60s_2,4,15,4400,core,355,331,0.0,4.0,0.9873,357,333,361,335,0.2,False,81.5289,95.5318,75.9929,5.3517,79.7922,"95.53,87.93,83.05,79.79,77.62,88.48,83.05,79.79,77.62,76.54,83.59,79.79,77.62,76.54,75.99"
Rec-026_60s_2,5,1,4525,core,291,331,0.0,1.0,0.9861,293,333,297,335,1.0,True,98.9691,119.4126,91.7325,7.7536,97.16,"119.41,110.73,106.39,102.04,100.42,99.87,98.25,97.16,95.53,94.99,92.28,92.28,91.73,91.73,91.73"
Rec-026_60s_2,5,2,4526,core,295,331,0.0,4.0,0.9863,297,333,301,335,1.0,True,102.2256,127.011,93.3608,9.0095,99.8737,"127.01,115.61,109.10,105.30,102.04,105.30,102.04,99.87,97.70,96.07,96.62,95.53,94.45,93.36,93.36"
Rec-026_60s_2,5,3,4527,core,300,331,0.0,5.0,0.9875,302,333,306,335,1.0,True,100.7783,120.498,93.3608,7.3319,98.2455,"120.50,111.81,106.39,103.13,100.42,104.22,101.50,98.25,96.62,95.53,96.62,95.53,94.45,93.36,93.36"
Rec-026_60s_2,5,4,4528,core,304,331,0.0,4.0,0.9882,306,333,310,335,1.0,True,101.104,124.2973,92.2753,8.2513,98.2455,"124.30,112.90,107.47,103.13,99.87,104.22,101.50,98.25,96.62,95.53,97.16,95.53,94.45,93.36,92.28"
Rec-026_60s_2,5,5,4529,core,309,331,0.0,5.0,0.9887,311,333,315,335,1.0,True,98.535,116.6988,91.1898,6.7349,96.6172,"116.70,108.56,103.67,99.87,97.70,102.04,99.33,96.62,94.99,93.36,95.53,94.45,92.28,91.73,91.19"
Rec-026_60s_2,5,6,4530,core,313,331,0.0,4.0,0.989,315,333,319,335,1.0,True,98.6797,118.8698,91.1898,7.3813,96.6172,"118.87,110.19,104.22,99.87,97.16,102.04,98.79,96.62,94.45,93.36,95.53,94.45,92.28,91.19,91.19"
Rec-026_60s_2,5,7,4531,core,318,331,0.0,5.0,0.9899,320,333,324,335,1.0,True,97.0876,112.8996,90.6471,5.8552,95.5318,"112.90,105.84,101.50,98.25,96.62,99.87,97.70,95.53,94.45,93.36,94.45,92.28,91.73,91.19,90.65"
Rec-026_60s_2,5,8,4532,core,322,331,0.0,4.0,0.9891,324,333,328,335,1.0,True,98.2093,117.7843,91.1898,7.0333,96.0745,"117.78,108.56,103.13,99.87,97.70,101.50,98.25,96.07,94.45,93.36,94.45,93.36,92.28,91.19,91.19"
Rec-026_60s_2,5,9,4533,core,327,331,0.0,5.0,0.9904,329,333,333,335,1.0,True,97.7027,111.8141,91.7325,5.4527,96.0745,"111.81,106.39,102.04,99.33,98.25,99.87,98.25,96.07,94.99,94.45,94.45,93.36,92.28,92.28,91.73"
Rec-026_60s_2,5,10,4534,core,331,331,0.0,4.0,0.9887,333,333,337,335,1.0,True,99.5119,116.1561,92.2753,6.3501,97.7027,"116.16,109.10,105.30,101.50,99.33,102.04,99.87,97.70,96.62,95.53,95.53,94.99,93.36,93.36,92.28"
Rec-026_60s_2,5,11,4535,core,336,331,0.0,5.0,0.9906,338,333,342,335,1.0,True,99.0777,111.8141,93.3608,4.9778,97.7027,"111.81,106.93,103.13,100.96,99.33,101.50,99.33,97.70,96.62,96.07,95.53,94.99,94.45,94.45,93.36"
Rec-026_60s_2,5,12,4536,core,340,331,0.0,4.0,0.9878,342,333,346,335,1.0,True,100.8507,116.1561,94.4463,5.8294,99.331,"116.16,109.64,105.84,103.13,100.96,103.13,100.96,99.33,98.25,97.16,97.16,96.07,95.53,94.99,94.45"
Rec-026_60s_2,5,13,4537,core,345,331,0.0,5.0,0.9899,347,333,351,335,1.0,True,100.2356,112.8996,94.4463,5.1017,98.7882,"112.90,108.01,105.30,102.04,99.87,103.13,100.96,98.79,97.70,96.62,97.16,96.07,95.53,94.99,94.45"
Rec-026_60s_2,5,14,4538,core,349,331,0.0,4.0,0.9863,351,333,355,335,1.0,True,98.933,113.9851,91.1898,6.0809,97.16,"113.99,108.56,103.67,99.87,96.07,103.13,100.96,98.25,95.53,93.36,97.16,95.53,94.45,92.28,91.19"
Rec-026_60s_2,5,15,4539,core,354,331,0.0,5.0,0.9882,356,333,360,335,0.4,False,83.917,103.1302,75.9929,7.6469,80.8776,"103.13,91.19,83.59,79.79,77.62,95.53,86.31,80.88,78.16,77.08,90.10,83.05,78.71,77.62,75.99"
Rec-026_60s_2,5,16,4540,core,355,330,45.0,1.41,0.9889,357,332,361,334,0.2,False,86.4136,115.6133,76.5357,10.0316,83.0486,"115.61,96.07,88.48,83.05,79.79,97.70,88.48,83.05,79.79,77.62,89.56,83.05,79.79,77.62,76.54"
Rec-026_60s_2,6,1,4670,core,290,331,0.0,0.0,0.9866,292,333,296,335,1.0,True,99.8737,124.2973,91.7325,8.8807,97.7027,"124.30,112.90,107.47,104.22,101.50,98.79,98.79,97.70,96.07,95.53,91.73,92.28,92.28,92.28,92.28"
Rec-026_60s_2,6,2,4671,core,294,331,0.0,4.0,0.987,296,333,300,335,1.0,True,101.9,122.1263,94.4463,7.6895,99.8737,"122.13,113.99,108.56,105.30,102.04,103.67,102.04,99.87,98.25,96.62,96.62,95.53,94.99,94.45,94.45"
Rec-026_60s_2,6,3,4672,core,298,331,0.0,4.0,0.9848,300,333,304,335,1.0,True,103.8539,130.8102,94.4463,9.5943,101.502,"130.81,117.78,111.27,106.39,103.13,106.93,103.67,101.50,98.79,97.16,98.25,97.16,95.53,94.99,94.45"
Rec-026_60s_2,6,4,4673,core,303,331,0.0,5.0,0.9888,305,333,309,335,1.0,True,101.1401,121.0408,93.3608,7.27,98.7882,"121.04,111.81,106.93,103.13,99.87,104.22,102.04,98.79,97.16,95.53,97.70,96.07,94.99,94.45,93.36"
Rec-026_60s_2,6,5,4674,core,312,331,0.0,9.0,0.9903,314,333,318,335,1.0,True,99.1139,116.6988,92.2753,6.5754,97.16,"116.70,109.64,104.22,100.42,98.25,102.04,99.33,97.16,95.53,94.45,96.07,94.99,93.36,92.28,92.28"
Rec-026_60s_2,6,6,4675,core,316,331,0.0,4.0,0.987,318,333,322,335,1.0,True,100.0546,122.1263,91.7325,7.9389,98.2455,"122.13,111.81,105.84,102.04,98.79,103.13,100.42,98.25,95.53,94.45,96.07,94.99,93.36,92.28,91.73"
Rec-026_60s_2,6,7,4676,core,321,331,0.0,5.0,0.9907,323,333,327,335,1.0,True,97.956,115.6133,91.1898,6.4519,96.0745,"115.61,107.47,103.13,99.33,97.16,100.96,98.25,96.07,94.45,93.36,94.99,93.36,92.28,91.73,91.19"
Rec-026_60s_2,6,8,4677,core,335,331,0.0,14.0,0.988,337,333,341,335,1.0,True,99.0415,110.7286,94.4463,4.5791,97.7027,"110.73,105.84,103.13,100.96,99.87,101.50,98.79,97.70,96.62,96.07,95.53,95.53,94.45,94.45,94.45"
Rec-026_60s_2,6,9,4678,core,339,331,0.0,4.0,0.9908,341,333,345,335,1.0,True,100.8507,113.9851,95.5318,5.2404,99.331,"113.99,109.10,105.30,103.13,101.50,103.13,101.50,99.33,98.25,97.70,97.16,96.07,95.53,95.53,95.53"
Rec-026_60s_2,6,10,4679,core,344,331,0.0,5.0,0.9881,346,333,350,335,1.0,True,100.4888,111.8141,95.5318,4.6472,99.331,"111.81,107.47,105.30,102.04,100.96,103.13,100.96,99.33,98.25,97.70,97.16,96.62,95.53,95.53,95.53"
Rec-026_60s_2,6,11,4680,core,348,331,0.0,4.0,0.9897,350,333,354,335,1.0,True,99.8375,113.9851,92.2753,5.6281,98.2455,"113.99,108.56,104.22,100.96,98.25,103.67,101.50,98.79,96.62,94.99,97.70,96.07,95.53,94.45,92.28"
Rec-026_60s_2,6,12,4681,core,355,331,0.0,7.0,0.9848,357,333,361,335,0.2,False,82.3973,98.2455,75.9929,6.1571,80.3349,"98.25,89.56,84.13,80.33,77.62,90.65,84.13,80.33,77.62,76.54,85.22,80.88,78.16,76.54,75.99"
Rec-027_std_2,1,1,1125,core,290,331,0.0,0.0,0.984,292,333,296,335,1.0,True,99.2586,120.498,92.2753,8.0083,97.16,"120.50,111.81,106.93,103.13,100.42,98.25,98.25,97.16,95.53,95.53,92.28,92.28,92.28,92.28,92.28"
Rec-027_std_2,1,2,1126,core,293,331,0.0,3.0,0.9832,295,333,299,335,1.0,True,101.8638,123.2118,94.4463,7.9364,99.331,"123.21,113.99,108.56,105.30,102.04,103.67,102.04,99.33,97.70,96.62,96.07,95.53,94.99,94.45,94.45"
Rec-027_std_2,1,3,1127,core,297,331,0.0,4.0,0.9817,299,333,303,335,1.0,True,103.3111,129.7247,94.4463,9.4145,100.4165,"129.72,117.78,110.19,105.30,102.04,106.39,103.13,100.42,98.25,96.62,98.25,97.16,95.53,94.45,94.45"
Rec-027_std_2,1,4,1128,core,302,331,0.0,5.0,0.9845,304,333,308,335,1.0,True,100.7783,121.5835,93.3608,7.3879,98.2455,"121.58,111.81,106.39,102.04,99.33,103.67,100.96,98.25,96.62,95.53,97.16,95.53,94.99,94.45,93.36"
Rec-027_std_2,1,5,1129,core,306,331,0.0,4.0,0.9825,308,333,312,335,1.0,True,101.7552,125.9255,93.3608,8.4823,98.7882,"125.93,113.99,108.01,103.13,99.87,105.30,102.04,98.79,96.62,95.53,98.25,96.07,94.99,94.45,93.36"
Rec-027_std_2,1,6,1130,core,311,331,0.0,5.0,0.9854,313,333,317,335,1.0,True,99.2948,117.2416,92.2753,6.5414,97.16,"117.24,109.64,103.67,100.42,98.25,102.04,99.87,97.16,95.53,94.45,96.62,95.53,93.36,93.36,92.28"
Rec-027_std_2,1,7,1131,core,315,331,0.0,4.0,0.9827,317,333,321,335,1.0,True,100.4527,121.5835,93.3608,7.5139,98.2455,"121.58,111.81,105.84,102.04,98.79,103.13,100.96,98.25,96.07,94.99,96.62,95.53,94.45,93.36,93.36"
Rec-027_std_2,1,8,1132,core,320,331,0.0,5.0,0.9855,322,333,326,335,1.0,True,99.6928,116.6988,93.3608,6.1234,97.7027,"116.70,109.10,104.22,100.96,98.79,102.04,99.87,97.70,96.07,95.53,96.62,95.53,94.45,94.45,93.36"
Rec-027_std_2,1,9,1133,core,324,331,0.0,4.0,0.9823,326,333,330,335,1.0,True,101.321,121.0408,94.4463,7.0589,98.7882,"121.04,111.81,106.39,103.13,100.42,104.22,101.50,98.79,97.70,96.62,97.70,96.07,95.53,94.45,94.45"
Rec-027_std_2,1,10,1134,core,329,331,0.0,5.0,0.9854,331,333,335,335,1.0,True,100.2355,115.6133,94.4463,5.7598,98.2455,"115.61,109.10,105.30,101.50,99.33,103.13,100.42,98.25,97.16,96.07,97.16,96.07,94.99,94.99,94.45"
Rec-027_std_2,1,11,1135,core,334,331,0.0,5.0,0.9821,336,333,340,335,1.0,True,99.331,111.2714,94.4463,4.6309,98.2455,"111.27,106.39,103.13,100.96,99.33,102.04,99.33,98.25,97.16,96.07,96.62,95.53,94.99,94.45,94.45"
Rec-027_std_2,1,12,1136,core,338,331,0.0,4.0,0.985,340,333,344,335,1.0,True,100.5974,115.0706,94.4463,5.5089,98.7882,"115.07,109.10,105.30,102.04,100.42,103.13,100.96,98.79,98.25,96.62,97.70,96.07,95.53,95.53,94.45"
Rec-027_std_2,1,13,1137,core,343,331,0.0,5.0,0.9822,345,333,349,335,1.0,True,98.9691,110.7286,93.3608,4.6422,97.7027,"110.73,105.84,103.13,100.42,98.79,102.04,99.33,97.70,96.62,95.53,96.62,95.53,94.45,94.45,93.36"
Rec-027_std_2,1,14,1138,core,347,331,0.0,4.0,0.984,349,333,353,335,1.0,True,97.3047,111.2714,90.6471,5.5755,95.5318,"111.27,105.84,102.04,98.25,95.53,101.50,98.25,96.07,94.45,92.28,95.53,94.45,92.28,91.19,90.65"
Rec-027_std_2,1,15,1139,core,355,331,0.0,8.0,0.9817,357,333,361,335,0.2,False,81.746,95.5318,75.9929,5.2911,79.7922,"95.53,88.48,83.59,79.79,77.62,88.48,83.05,79.79,78.16,77.08,83.59,79.79,78.16,77.08,75.99"
Rec-027_std_2,2,1,1285,core,290,331,0.0,0.0,0.984,292,333,296,335,1.0,True,99.6566,123.7545,92.2753,8.7331,97.16,"123.75,112.90,107.47,103.13,100.42,98.79,98.79,97.16,95.53,95.53,92.28,92.28,92.28,92.28,92.28"
Rec-027_std_2,2,2,1286,core,294,331,0.0,4.0,0.981,296,333,300,335,1.0,True,100.3079,117.7843,93.3608,6.7125,98.2455,"117.78,111.27,105.84,102.04,99.87,103.13,100.96,98.25,96.62,95.53,96.62,95.53,94.45,93.36,93.36"
Rec-027_std_2,2,3,1287,core,298,331,0.0,4.0,0.9844,300,333,304,335,1.0,True,101.7191,124.2973,93.3608,8.154,99.331,"124.30,113.99,108.01,103.13,100.42,105.30,102.04,99.33,97.16,95.53,97.70,96.07,94.99,94.45,93.36"
Rec-027_std_2,2,4,1288,core,302,331,0.0,4.0,0.9814,304,333,308,335,1.0,True,102.7684,129.182,93.3608,9.3139,99.8737,"129.18,116.70,109.64,104.22,100.96,105.84,103.13,99.87,97.70,96.07,98.25,96.62,95.53,94.45,93.36"
Rec-027_std_2,2,5,1289,core,307,331,0.0,5.0,0.9855,309,333,313,335,1.0,True,100.3079,120.498,93.3608,7.1872,98.2455,"120.50,111.27,105.30,101.50,98.25,103.13,100.96,98.25,96.07,94.99,97.16,95.53,94.99,93.36,93.36"
Rec-027_std_2,2,6,1290,core,312,331,0.0,5.0,0.9829,314,333,318,335,1.0,True,98.7159,113.9851,93.3608,5.5839,96.6172,"113.99,107.47,103.13,99.33,97.70,101.50,98.79,96.62,95.53,94.45,96.07,94.99,94.45,93.36,93.36"
Rec-027_std_2,2,7,1291,core,321,331,0.0,9.0,0.9842,323,333,327,335,1.0,True,99.5481,113.9851,94.4463,5.3281,98.2455,"113.99,108.01,103.13,100.96,98.79,102.04,99.87,98.25,96.62,95.53,96.62,95.53,94.99,94.45,94.45"
Rec-027_std_2,2,8,1292,core,330,331,0.0,9.0,0.9848,332,333,336,335,1.0,True,100.3441,113.9851,94.989,5.2166,98.7882,"113.99,108.56,104.22,102.04,100.42,103.13,100.42,98.79,97.70,96.62,97.70,96.07,95.53,94.99,94.99"
Rec-027_std_2,2,9,1293,core,334,331,0.0,4.0,0.9862,336,333,340,335,1.0,True,101.6105,116.6988,95.5318,5.799,99.8737,"116.70,110.73,106.39,103.13,102.04,104.22,102.04,99.87,98.25,98.25,98.25,97.16,96.07,95.53,95.53"
Rec-027_std_2,2,10,1294,core,339,331,0.0,5.0,0.9851,341,333,345,335,1.0,True,100.6336,112.8996,94.989,4.9538,99.331,"112.90,108.56,105.30,102.04,100.96,103.13,100.96,99.33,98.25,97.70,97.70,96.62,95.53,95.53,94.99"
Rec-027_std_2,2,11,1295,core,343,331,0.0,4.0,0.985,345,333,349,335,1.0,True,100.6698,115.0706,94.4463,5.605,99.331,"115.07,109.64,105.30,102.04,99.87,103.67,101.50,99.33,97.70,96.62,97.70,96.62,95.53,94.99,94.45"
Rec-027_std_2,2,12,1296,core,352,331,0.0,9.0,0.9828,354,333,358,335,0.8,False,89.6339,107.4722,78.7067,8.4637,90.1043,"107.47,102.04,94.99,85.22,80.33,98.25,94.99,90.10,83.05,78.71,92.28,90.10,86.85,81.42,78.71"
Rec-027_std_2,2,13,1297,core,355,331,0.0,3.0,0.9813,357,333,361,335,0.2,False,82.1079,96.6172,75.9929,5.4974,80.3349,"96.62,88.48,84.13,80.33,78.16,89.02,83.59,80.33,78.16,77.08,84.13,80.33,78.16,77.08,75.99"
Rec-027_std_2,3,1,1450,core,291,331,0.0,1.0,0.9837,293,333,297,335,1.0,True,100.8507,123.2118,93.3608,8.138,98.2455,"123.21,112.90,108.01,103.67,101.50,102.04,100.42,98.25,97.16,96.07,94.99,94.45,93.36,93.36,93.36"
Rec-027_std_2,3,2,1451,core,295,331,0.0,4.0,0.9828,297,333,301,335,1.0,True,103.094,128.6392,94.4463,9.0785,100.9592,"128.64,116.70,109.64,105.30,102.04,105.84,103.13,100.96,98.25,96.62,98.25,96.62,95.53,94.45,94.45"
Rec-027_std_2,3,3,1452,core,300,331,0.0,5.0,0.9848,302,333,306,335,1.0,True,101.502,122.669,94.4463,7.632,98.7882,"122.67,112.90,106.93,103.13,100.42,105.30,102.04,98.79,97.16,95.53,97.70,96.07,94.99,94.45,94.45"
Rec-027_std_2,3,4,1453,core,304,331,0.0,4.0,0.9841,306,333,310,335,1.0,True,101.9723,126.4682,93.3608,8.4938,99.331,"126.47,113.99,108.01,103.13,100.42,105.30,102.04,99.33,97.16,95.53,98.25,96.62,95.53,94.45,93.36"
Rec-027_std_2,3,5,1454,core,309,331,0.0,5.0,0.9859,311,333,315,335,1.0,True,99.8737,117.7843,93.3608,6.576,97.7027,"117.78,110.19,104.22,101.50,98.79,103.13,100.42,97.70,95.53,94.99,97.16,95.53,94.45,93.36,93.36"
Rec-027_std_2,3,6,1455,core,318,331,0.0,9.0,0.9864,320,333,324,335,1.0,True,99.3672,116.1561,93.3608,6.0323,97.7027,"116.16,108.56,103.67,100.42,98.25,102.04,99.33,97.70,96.07,94.99,96.62,95.53,94.45,93.36,93.36"
Rec-027_std_2,3,7,1456,core,322,331,0.0,4.0,0.9836,324,333,328,335,1.0,True,100.9954,120.498,94.4463,6.9518,98.7882,"120.50,111.81,105.84,102.04,99.87,103.67,100.96,98.79,97.16,96.07,97.70,96.07,95.53,94.45,94.45"
Rec-027_std_2,3,8,1457,core,327,331,0.0,5.0,0.9862,329,333,333,335,1.0,True,100.127,115.0706,94.4463,5.5345,98.2455,"115.07,108.56,104.22,101.50,99.33,103.13,100.42,98.25,97.16,96.07,97.70,96.07,95.53,94.45,94.45"
Rec-027_std_2,3,9,1458,core,331,331,0.0,4.0,0.9832,333,333,337,335,1.0,True,101.3572,117.7843,94.989,6.1324,99.331,"117.78,110.73,106.39,103.13,100.96,103.67,102.04,99.33,98.25,97.16,98.25,96.62,95.53,95.53,94.99"
Rec-027_std_2,3,10,1459,core,336,331,0.0,5.0,0.9863,338,333,342,335,1.0,True,100.4888,113.9851,94.989,5.1293,98.7882,"113.99,108.56,104.22,102.04,100.42,103.13,100.96,98.79,97.70,97.16,97.70,96.62,95.53,95.53,94.99"
Rec-027_std_2,3,11,1460,core,341,331,0.0,5.0,0.9828,343,333,347,335,1.0,True,99.6566,110.7286,94.4463,4.4483,98.2455,"110.73,106.93,103.13,101.50,99.87,102.04,99.87,98.25,97.70,96.62,97.16,96.07,95.53,94.99,94.45"
Rec-027_std_2,3,12,1461,core,345,331,0.0,4.0,0.9854,347,333,351,335,1.0,True,99.2948,112.8996,92.2753,5.4291,98.2455,"112.90,108.01,103.67,100.96,98.25,102.04,100.42,98.25,96.62,95.53,97.16,95.53,94.45,93.36,92.28"
Rec-027_std_2,3,13,1462,core,350,331,0.0,5.0,0.9809,352,333,356,335,1.0,True,94.2654,107.4722,85.7624,5.5408,94.4463,"107.47,102.04,98.25,94.45,90.10,99.33,96.07,94.45,91.73,87.93,94.45,92.28,90.65,89.02,85.76"
Rec-027_std_2,3,14,1463,core,354,331,0.0,4.0,0.9831,356,333,360,335,0.4,False,83.4466,100.9592,76.5357,6.8694,80.8776,"100.96,90.10,84.13,79.79,77.62,93.36,85.76,80.88,78.16,77.08,88.48,82.51,78.71,77.62,76.54"
Rec-027_std_2,4,1,1612,core,290,331,0.0,0.0,0.9849,292,333,296,335,1.0,True,99.5481,121.5835,92.2753,8.2426,97.7027,"121.58,111.81,107.47,103.67,100.96,98.79,98.79,97.70,95.53,95.53,92.28,92.28,92.28,92.28,92.28"
Rec-027_std_2,4,2,1613,core,293,331,0.0,3.0,0.9841,295,333,299,335,1.0,True,102.1171,124.84,93.3608,8.3985,99.8737,"124.84,115.07,109.10,105.30,101.50,104.22,102.04,99.87,98.25,96.62,96.62,95.53,94.99,94.45,93.36"
Rec-027_std_2,4,3,1614,core,298,331,0.0,5.0,0.9824,300,333,304,335,1.0,True,100.3441,117.7843,93.3608,6.4489,98.2455,"117.78,110.19,105.30,102.04,99.87,103.13,100.96,98.25,96.62,95.53,97.16,95.53,94.99,94.45,93.36"
Rec-027_std_2,4,4,1615,core,302,331,0.0,4.0,0.9854,304,333,308,335,1.0,True,101.3572,123.2118,93.3608,7.7784,98.7882,"123.21,112.90,106.93,103.13,99.87,104.22,102.04,98.79,97.16,95.53,97.70,96.07,94.99,94.45,93.36"
Rec-027_std_2,4,5,1616,core,307,331,0.0,5.0,0.9826,309,333,313,335,1.0,True,99.0415,113.9851,93.3608,5.6884,97.16,"113.99,108.56,103.13,100.42,98.25,102.04,99.33,97.16,95.53,94.99,96.07,94.99,94.45,93.36,93.36"
Rec-027_std_2,4,6,1617,core,311,331,0.0,4.0,0.9865,313,333,317,335,1.0,True,100.0908,118.8698,93.3608,6.7841,98.2455,"118.87,110.19,105.30,101.50,98.79,103.13,100.42,98.25,96.07,95.53,96.62,95.53,94.45,93.36,93.36"
Rec-027_std_2,4,7,1618,core,316,331,0.0,5.0,0.9841,318,333,322,335,1.0,True,98.7521,112.8996,93.3608,5.2936,97.16,"112.90,106.93,103.13,99.87,98.25,101.50,98.79,97.16,95.53,94.99,96.07,94.99,94.45,93.36,93.36"
Rec-027_std_2,4,8,1619,core,320,331,0.0,4.0,0.9864,322,333,326,335,1.0,True,100.3079,117.7843,94.4463,6.3703,98.2455,"117.78,110.19,105.30,101.50,99.33,103.13,100.42,98.25,96.62,95.53,97.16,95.53,94.99,94.45,94.45"
Rec-027_std_2,4,9,1620,core,325,331,0.0,5.0,0.984,327,333,331,335,1.0,True,99.4033,111.8141,94.4463,4.7682,98.2455,"111.81,106.93,103.13,100.96,99.33,102.04,99.33,98.25,96.62,96.07,96.62,95.53,95.53,94.45,94.45"
Rec-027_std_2,4,10,1621,core,329,331,0.0,4.0,0.9865,331,333,335,335,1.0,True,100.8145,116.1561,94.989,5.7009,99.331,"116.16,109.64,105.30,102.04,99.87,103.67,100.96,99.33,97.70,96.62,98.25,96.62,95.53,95.53,94.99"
Rec-027_std_2,4,11,1622,core,338,331,0.0,9.0,0.9862,340,333,344,335,1.0,True,100.7059,113.9851,94.989,5.1826,99.331,"113.99,109.10,105.30,102.04,100.42,103.13,100.96,99.33,98.25,97.16,97.70,96.62,96.07,95.53,94.99"
Rec-027_std_2,4,12,1623,core,343,331,0.0,5.0,0.9849,345,333,349,335,1.0,True,99.0053,110.1859,93.3608,4.5097,98.2455,"110.19,105.84,103.13,100.42,98.79,102.04,99.33,98.25,96.62,95.53,96.62,95.53,94.99,94.45,93.36"
Rec-027_std_2,4,13,1624,core,347,331,0.0,4.0,0.9847,349,333,353,335,1.0,True,97.9922,111.8141,91.1898,5.4197,96.0745,"111.81,106.39,102.04,98.79,96.07,102.04,98.79,97.16,95.53,93.36,96.07,94.99,93.36,92.28,91.19"
Rec-027_std_2,4,14,1625,core,355,331,0.0,8.0,0.9831,357,333,361,335,0.2,False,81.6013,95.5318,75.9929,5.2869,79.7922,"95.53,87.93,83.05,79.79,77.62,88.48,83.05,79.79,77.62,77.08,83.59,79.79,77.62,77.08,75.99"
Rec-027_std_2,5,1,1767,core,291,331,0.0,1.0,0.9833,293,333,297,335,1.0,True,101.104,121.0408,94.4463,7.5113,98.2455,"121.04,112.90,108.01,104.22,102.04,102.04,100.42,98.25,97.70,97.16,94.99,94.45,94.45,94.45,94.45"
Rec-027_std_2,5,2,1768,core,304,331,0.0,13.0,0.9855,306,333,310,335,1.0,True,102.5874,125.3828,94.4463,8.2311,100.4165,"125.38,115.07,109.10,103.67,100.96,105.84,103.13,100.42,98.25,96.07,98.79,97.16,95.53,94.99,94.45"
Rec-027_std_2,5,3,1769,core,309,331,0.0,5.0,0.9841,311,333,315,335,1.0,True,100.4165,117.2416,93.3608,6.4004,98.2455,"117.24,110.73,105.30,102.04,98.79,103.67,101.50,98.25,96.62,95.53,97.70,96.07,94.99,94.45,93.36"
Rec-027_std_2,5,4,1770,core,322,331,0.0,13.0,0.9864,324,333,328,335,1.0,True,100.8145,119.4126,94.4463,6.6249,98.7882,"119.41,110.73,105.84,102.04,99.87,103.13,100.96,98.79,97.16,96.07,97.70,96.07,95.53,94.45,94.45"
Rec-027_std_2,5,5,1771,core,327,331,0.0,5.0,0.9858,329,333,333,335,1.0,True,100.1632,113.9851,94.4463,5.2765,98.2455,"113.99,108.56,104.22,101.50,99.87,103.13,100.42,98.25,97.16,96.62,97.70,96.07,95.53,94.99,94.45"
Rec-027_std_2,5,6,1772,core,331,331,0.0,4.0,0.9866,333,333,337,335,1.0,True,102.1171,117.7843,95.5318,6.0919,100.4165,"117.78,111.81,106.93,103.67,102.04,105.30,103.13,100.42,98.79,98.25,98.25,97.70,96.62,95.53,95.53"
Rec-027_std_2,5,7,1773,core,336,331,0.0,5.0,0.9861,338,333,342,335,1.0,True,101.321,113.9851,95.5318,5.1017,99.8737,"113.99,109.64,105.84,103.13,101.50,103.67,102.04,99.87,98.25,98.25,98.25,97.16,96.62,96.07,95.53"
Rec-027_std_2,5,8,1774,core,345,331,0.0,9.0,0.9853,347,333,351,335,1.0,True,100.5612,112.8996,94.4463,5.1507,99.331,"112.90,109.10,105.30,102.04,99.87,103.67,101.50,99.33,98.25,96.62,98.25,96.62,95.53,94.99,94.45"
Rec-027_std_2,5,9,1775,core,354,331,0.0,9.0,0.9833,356,333,360,335,0.4,False,83.5914,100.9592,76.5357,7.0292,80.8776,"100.96,90.10,83.59,79.79,77.62,94.45,85.76,80.88,78.16,77.08,89.56,83.05,78.71,77.62,76.54"
Rec-027_std_2,6,1,1910,core,290,331,0.0,0.0,0.9857,292,333,296,335,1.0,True,100.3441,121.0408,93.3608,7.8847,98.2455,"121.04,112.90,108.01,104.22,102.04,98.79,99.33,98.25,96.62,96.07,93.36,93.36,93.36,93.36,94.45"
Rec-027_std_2,6,2,1911,core,293,331,0.0,3.0,0.9822,295,333,299,335,1.0,True,104.5051,131.3529,95.5318,9.5537,102.0447,"131.35,118.87,111.81,107.47,103.67,106.39,104.22,102.04,99.87,98.25,98.25,97.70,96.62,95.53,95.53"
Rec-027_std_2,6,3,1912,core,302,331,0.0,9.0,0.9839,304,333,308,335,1.0,True,103.8539,128.6392,94.4463,8.9175,101.502,"128.64,117.24,110.73,105.30,102.04,107.47,104.22,101.50,98.79,97.16,99.87,98.25,96.62,95.53,94.45"
Rec-027_std_2,6,4,1913,core,316,331,0.0,14.0,0.9874,318,333,322,335,1.0,True,99.8375,116.6988,93.3608,6.1324,98.2455,"116.70,109.64,104.22,100.96,98.25,102.04,100.42,98.25,96.07,95.53,97.16,95.53,94.99,94.45,93.36"
Rec-027_std_2,6,5,1914,core,321,331,0.0,5.0,0.9839,323,333,327,335,1.0,True,98.7159,111.8141,93.3608,4.8701,97.16,"111.81,106.39,102.04,99.87,98.25,101.50,98.79,97.16,95.53,95.53,96.07,95.53,94.45,94.45,93.36"
Rec-027_std_2,6,6,1915,core,325,331,0.0,4.0,0.9874,327,333,331,335,1.0,True,100.3441,115.6133,94.4463,5.6988,98.2455,"115.61,109.10,105.30,101.50,99.87,103.13,100.42,98.25,97.16,96.62,97.16,96.07,95.53,94.99,94.45"
Rec-027_std_2,6,7,1916,core,334,331,0.0,9.0,0.9872,336,333,340,335,1.0,True,100.9954,113.9851,95.5318,5.07,99.331,"113.99,109.10,105.30,102.04,100.96,103.67,101.50,99.33,98.25,98.25,98.25,97.16,96.07,95.53,95.53"
Rec-027_std_2,6,8,1917,core,343,331,0.0,9.0,0.9863,345,333,349,335,1.0,True,101.0316,113.9851,94.989,5.1446,99.8737,"113.99,109.10,105.30,103.13,100.96,103.67,101.50,99.87,98.25,97.70,98.25,97.16,96.07,95.53,94.99"
Rec-027_std_2,6,9,1918,core,348,331,0.0,5.0,0.9831,350,333,354,335,1.0,True,97.5942,109.6431,91.1898,4.9156,96.0745,"109.64,105.30,101.50,98.25,95.53,101.50,98.79,97.16,94.99,93.36,96.07,94.99,93.36,92.28,91.19"
Rec-027_std_2,6,10,1919,core,352,331,0.0,4.0,0.9844,354,333,358,335,0.8,False,89.8872,106.9294,78.1639,8.5605,91.1898,"106.93,102.04,94.99,85.22,79.79,98.79,95.53,91.19,83.05,78.71,93.36,91.19,87.93,81.42,78.16"
Rec-027_std_2,6,11,1920,core,355,331,0.0,3.0,0.9822,357,333,361,335,0.2,False,81.9993,96.0745,76.5357,5.4903,79.7922,"96.07,89.02,84.13,79.79,77.62,89.02,83.59,79.79,77.62,77.08,84.13,80.33,78.16,77.08,76.54"
Rec-027_std_2,6,12,1921,core,355,330,90.0,1.0,0.9917,357,332,361,334,0.2,False,84.3874,106.3867,76.5357,7.8147,81.9631,"106.39,92.28,86.31,81.42,78.71,93.36,86.85,81.96,78.71,77.62,87.39,81.96,78.71,77.62,76.54"
Rec-027_std_2,7,1,2058,core,290,331,0.0,0.0,0.9897,292,333,296,335,1.0,True,98.6797,115.0706,91.1898,6.863,97.16,"115.07,109.10,106.39,103.67,101.50,97.16,97.70,97.16,96.07,95.53,91.19,91.73,92.28,92.28,93.36"
Rec-027_std_2,7,2,2059,core,297,331,0.0,7.0,0.983,299,333,303,335,1.0,True,102.1171,119.4126,94.989,6.7174,100.4165,"119.41,112.90,108.01,103.67,101.50,105.30,103.13,100.42,98.25,97.16,98.25,97.16,96.07,95.53,94.99"
Rec-027_std_2,7,3,2060,core,301,331,0.0,4.0,0.9868,303,333,307,335,1.0,True,102.6598,123.7545,94.4463,7.6778,100.4165,"123.75,113.99,108.56,104.22,101.50,106.39,103.13,100.42,98.25,96.62,99.33,97.70,96.07,95.53,94.45"
Rec-027_std_2,7,4,2061,core,305,331,0.0,4.0,0.9839,307,333,311,335,1.0,True,102.9855,128.0965,94.4463,8.8707,100.4165,"128.10,116.16,109.64,104.22,100.96,106.39,103.13,100.42,98.25,96.07,98.79,97.70,95.53,94.99,94.45"
Rec-027_std_2,7,5,2062,core,310,331,0.0,5.0,0.9879,312,333,316,335,1.0,True,100.3803,118.8698,93.3608,6.7425,98.2455,"118.87,110.73,105.30,102.04,99.33,103.13,100.96,98.25,96.07,95.53,97.70,95.53,94.45,94.45,93.36"
Rec-027_std_2,7,6,2063,core,315,331,0.0,5.0,0.9849,317,333,321,335,1.0,True,98.7159,112.8996,93.3608,5.321,97.16,"112.90,106.93,103.13,99.87,98.25,101.50,98.79,97.16,95.53,94.45,96.07,94.99,94.45,93.36,93.36"
Rec-027_std_2,7,7,2064,core,319,331,0.0,4.0,0.9878,321,333,325,335,1.0,True,99.6566,116.1561,93.3608,6.0236,97.7027,"116.16,109.10,104.22,100.96,98.79,102.04,99.87,97.70,96.07,95.53,96.62,95.53,94.45,94.45,93.36"
Rec-027_std_2,7,8,2065,core,324,331,0.0,5.0,0.9853,326,333,330,335,1.0,True,99.1139,111.8141,94.4463,4.7473,97.7027,"111.81,106.39,103.13,100.42,98.79,101.50,98.79,97.70,96.62,96.07,96.07,95.53,94.99,94.45,94.45"
Rec-027_std_2,7,9,2066,core,328,331,0.0,4.0,0.9877,330,333,334,335,1.0,True,100.9954,115.6133,95.5318,5.4508,98.7882,"115.61,109.64,105.30,102.04,100.96,103.13,101.50,98.79,98.25,97.70,97.70,97.16,96.07,95.53,95.53"
Rec-027_std_2,7,10,2067,core,333,331,0.0,5.0,0.9857,335,333,339,335,1.0,True,100.6697,111.8141,95.5318,4.3998,99.331,"111.81,107.47,104.22,102.04,101.50,103.13,100.96,99.33,98.25,98.25,97.70,97.16,96.62,96.07,95.53"
Rec-027_std_2,7,11,2068,core,337,331,0.0,4.0,0.9872,339,333,343,335,1.0,True,102.1171,115.6133,96.0745,5.321,100.9592,"115.61,110.73,106.39,103.67,102.04,105.30,102.04,100.96,99.33,98.79,98.79,98.25,97.16,96.62,96.07"
Rec-027_std_2,7,12,2069,core,342,331,0.0,5.0,0.9855,344,333,348,335,1.0,True,101.4658,112.8996,95.5318,4.6582,100.4165,"112.90,109.10,105.30,103.13,102.04,103.67,102.04,100.42,98.79,98.25,98.79,98.25,97.16,96.62,95.53"
Rec-027_std_2,7,13,2070,core,346,331,0.0,4.0,0.986,348,333,352,335,1.0,True,100.9592,115.0706,94.4463,5.5065,99.8737,"115.07,109.64,105.30,102.04,99.87,104.22,102.04,99.87,98.25,96.62,98.25,97.70,96.07,94.99,94.45"
Rec-027_std_2,7,14,2071,core,351,331,0.0,5.0,0.9836,353,333,357,335,1.0,True,93.3246,108.0149,81.4204,7.2207,93.3608,"108.01,103.13,98.25,92.28,84.13,100.42,97.16,94.45,90.10,83.05,94.99,93.36,91.19,87.93,81.42"
Rec-027_std_2,7,15,2072,core,355,331,0.0,4.0,0.9838,357,333,361,335,0.2,False,81.3842,94.4463,75.9929,5.0389,79.7922,"94.45,87.39,82.51,79.79,77.62,87.93,82.51,79.79,77.62,76.54,84.13,79.79,77.62,77.08,75.99"
Rec-027_std_2,8,1,2213,core,290,331,0.0,0.0,0.9861,292,333,296,335,1.0,True,101.1401,122.1263,93.3608,7.9734,98.7882,"122.13,113.99,108.56,105.30,102.04,99.87,100.42,98.79,97.70,97.16,93.36,94.45,94.45,94.45,94.45"
Rec-027_std_2,8,2,2214,core,298,331,0.0,8.0,0.9862,300,333,304,335,1.0,True,103.1664,122.669,95.5318,7.2315,101.502,"122.67,113.99,109.10,105.30,102.04,106.39,103.67,101.50,98.79,97.70,99.33,98.25,97.16,96.07,95.53"
Rec-027_std_2,8,3,2215,core,302,331,0.0,4.0,0.9863,304,333,308,335,1.0,True,103.4197,127.011,94.4463,8.4846,100.9592,"127.01,116.16,109.64,105.30,102.04,106.93,103.67,100.96,98.25,97.16,99.33,98.25,96.62,95.53,94.45"
Rec-027_std_2,8,4,2216,core,307,331,0.0,5.0,0.9872,309,333,313,335,1.0,True,100.4165,117.7843,93.3608,6.4918,98.2455,"117.78,110.73,105.30,102.04,98.79,103.67,100.96,98.25,96.62,95.53,97.70,96.07,94.99,94.45,93.36"
Rec-027_std_2,8,5,2217,core,311,331,0.0,4.0,0.987,313,333,317,335,1.0,True,101.1401,121.5835,93.3608,7.3666,98.7882,"121.58,111.81,106.93,103.13,99.87,104.22,101.50,98.79,97.16,95.53,97.70,96.07,94.99,94.45,93.36"
Rec-027_std_2,8,6,2218,core,320,331,0.0,9.0,0.9862,322,333,326,335,1.0,True,100.525,119.4126,93.3608,6.8429,98.2455,"119.41,111.27,105.30,102.04,99.33,103.13,100.96,98.25,97.16,95.53,97.16,95.53,94.99,94.45,93.36"
Rec-027_std_2,8,7,2219,core,325,331,0.0,5.0,0.9875,327,333,331,335,1.0,True,100.0184,113.9851,94.989,5.1963,98.2455,"113.99,108.01,104.22,101.50,99.87,102.04,100.42,98.25,97.16,96.62,97.16,95.53,95.53,94.99,94.99"
Rec-027_std_2,8,8,2220,core,329,331,0.0,4.0,0.9856,331,333,335,335,1.0,True,102.0085,118.8698,95.5318,6.1547,100.4165,"118.87,111.27,106.93,103.67,101.50,104.22,102.04,100.42,98.79,98.25,98.25,97.70,96.62,96.07,95.53"
Rec-027_std_2,8,9,2221,core,334,331,0.0,5.0,0.9877,336,333,340,335,1.0,True,101.5743,113.9851,96.0745,4.9102,100.4165,"113.99,109.64,105.84,103.13,101.50,103.67,102.04,100.42,98.79,98.25,98.79,97.70,97.16,96.62,96.07"
Rec-027_std_2,8,10,2222,core,338,331,0.0,4.0,0.9847,340,333,344,335,1.0,True,102.6598,117.7843,96.6172,5.6781,100.9592,"117.78,111.27,107.47,104.22,102.04,105.30,103.13,100.96,99.87,98.79,99.33,98.25,97.70,97.16,96.62"
Rec-027_std_2,8,11,2223,core,343,331,0.0,5.0,0.9869,345,333,349,335,1.0,True,101.6467,113.9851,95.5318,4.8685,100.4165,"113.99,109.10,105.84,103.13,102.04,104.22,102.04,100.42,99.33,98.25,98.79,98.25,97.16,96.62,95.53"
Rec-027_std_2,8,12,2224,core,347,331,0.0,4.0,0.9829,349,333,353,335,1.0,True,101.321,116.1561,93.3608,6.0492,99.331,"116.16,110.73,106.39,103.13,99.33,105.30,103.13,100.42,98.25,96.07,98.79,97.70,96.07,94.99,93.36"
Rec-027_std_2,8,13,2225,core,352,331,0.0,5.0,0.9848,354,333,358,335,0.8,False,91.1898,109.1004,78.7067,8.9292,92.2753,"109.10,103.13,96.07,85.76,80.33,100.42,97.70,92.28,84.13,79.79,94.99,93.36,89.56,82.51,78.71"
Rec-027_std_2,8,14,2226,core,355,331,0.0,3.0,0.9829,357,333,361,335,0.2,False,82.2526,97.16,75.9929,5.7503,80.3349,"97.16,89.02,84.13,80.33,77.62,89.56,84.13,80.33,77.62,77.08,84.68,80.88,78.16,77.08,75.99"
Rec-027_std_2,9,1,2367,core,290,331,0.0,0.0,0.9873,292,333,296,335,1.0,True,100.7783,120.498,93.3608,7.4908,98.7882,"120.50,111.81,108.01,105.30,103.13,98.79,99.33,98.79,97.70,97.70,93.36,93.36,94.45,94.45,94.99"
Rec-027_std_2,9,2,2368,core,301,331,0.0,11.0,0.9869,303,333,307,335,1.0,True,103.9624,126.4682,95.5318,8.1106,102.0447,"126.47,116.16,110.19,105.30,102.04,107.47,104.22,102.04,99.33,97.70,100.42,98.79,97.16,96.62,95.53"
Rec-027_std_2,9,3,2369,core,310,331,0.0,9.0,0.9876,312,333,316,335,1.0,True,101.0678,121.0408,93.3608,7.1954,98.7882,"121.04,111.81,106.39,102.04,99.33,104.22,102.04,98.79,97.16,95.53,98.25,96.62,94.99,94.45,93.36"
Rec-027_std_2,9,4,2370,core,315,331,0.0,5.0,0.9872,317,333,321,335,1.0,True,98.8968,113.9851,92.2753,5.7103,97.16,"113.99,108.01,103.13,99.87,98.25,102.04,99.33,97.16,95.53,94.45,96.62,94.99,94.45,93.36,92.28"
Rec-027_std_2,9,5,2371,core,324,331,0.0,9.0,0.9874,326,333,330,335,1.0,True,99.6566,113.9851,94.4463,5.1786,98.2455,"113.99,107.47,103.13,100.96,99.33,102.04,99.87,98.25,96.62,96.07,96.62,95.53,95.53,94.99,94.45"
Rec-027_std_2,9,6,2372,core,333,331,0.0,9.0,0.9876,335,333,339,335,1.0,True,101.5743,113.9851,96.6172,4.7887,100.4165,"113.99,109.10,105.30,103.13,102.04,103.67,102.04,100.42,99.33,98.25,98.25,97.70,97.16,96.62,96.62"
Rec-027_std_2,9,7,2373,core,337,331,0.0,4.0,0.9866,339,333,343,335,1.0,True,103.3111,117.7843,97.16,5.555,102.0447,"117.78,111.81,108.01,105.30,103.13,105.84,103.67,102.04,100.42,99.33,99.87,99.33,98.25,97.70,97.16"
Rec-027_std_2,9,8,2374,core,342,331,0.0,5.0,0.9872,344,333,348,335,1.0,True,102.5513,113.9851,97.16,4.6413,101.502,"113.99,110.19,106.39,104.22,102.04,105.30,103.13,101.50,100.42,99.33,99.87,98.79,98.25,97.70,97.16"
Rec-027_std_2,9,9,2375,core,346,331,0.0,4.0,0.9851,348,333,352,335,1.0,True,101.9723,116.6988,94.4463,5.8986,100.4165,"116.70,111.27,106.93,103.13,100.42,105.84,103.13,100.96,98.79,97.16,99.87,98.25,97.16,95.53,94.45"
Rec-027_std_2,9,10,2376,core,351,331,0.0,5.0,0.9853,353,333,357,335,1.0,True,94.193,109.6431,81.9631,7.5955,94.4463,"109.64,104.22,99.33,93.36,84.13,101.50,98.25,95.53,90.65,83.05,96.07,94.45,92.28,88.48,81.96"
Rec-027_std_2,9,11,2377,core,355,331,0.0,4.0,0.9849,357,333,361,335,0.2,False,81.5289,94.4463,75.9929,5.0806,79.7922,"94.45,87.39,83.05,79.79,77.62,88.48,83.05,79.79,77.62,76.54,84.13,79.79,78.16,77.08,75.99"
Rec-027_std_2,10,1,2514,core,290,331,0.0,0.0,0.9827,292,333,296,335,1.0,True,102.7322,128.0965,94.4463,9.4474,100.4165,"128.10,117.24,111.27,107.47,104.22,101.50,102.04,100.42,98.25,97.70,94.45,94.45,94.45,94.45,94.99"
Rec-027_std_2,10,2,2515,core,304,331,0.0,14.0,0.9869,306,333,310,335,1.0,True,102.0085,120.498,94.989,6.7512,99.8737,"120.50,111.81,107.47,103.13,100.42,105.30,103.13,99.87,98.25,96.62,99.33,97.70,96.07,95.53,94.99"
Rec-027_std_2,10,3,2516,core,313,331,0.0,9.0,0.9877,315,333,319,335,1.0,True,100.3079,116.1561,94.4463,5.956,98.2455,"116.16,109.64,105.30,102.04,99.33,103.13,100.42,98.25,96.62,95.53,97.70,96.07,95.53,94.45,94.45"
Rec-027_std_2,10,4,2517,core,322,331,0.0,9.0,0.9884,324,333,328,335,1.0,True,100.127,115.0706,94.4463,5.5167,98.2455,"115.07,108.56,104.22,101.50,99.33,103.13,100.42,98.25,97.16,96.07,97.16,96.07,95.53,94.99,94.45"
Rec-027_std_2,10,5,2518,core,326,331,0.0,4.0,0.9862,328,333,332,335,1.0,True,101.4658,117.7843,95.5318,6.0225,99.8737,"117.78,110.73,106.39,103.13,100.96,103.67,101.50,99.87,98.25,97.16,98.25,97.16,96.07,95.53,95.53"
Rec-027_std_2,10,6,2519,core,331,331,0.0,5.0,0.9882,333,333,337,335,1.0,True,101.5381,113.9851,96.6172,4.9405,99.8737,"113.99,109.64,105.84,103.13,102.04,103.67,102.04,99.87,98.79,98.25,98.25,97.70,96.62,96.62,96.62"
Rec-027_std_2,10,7,2520,core,335,331,0.0,4.0,0.9855,337,333,341,335,1.0,True,103.4197,117.7843,97.7027,5.5345,102.0447,"117.78,111.81,108.56,105.30,103.13,105.84,103.67,102.04,100.96,99.87,99.87,98.79,98.25,97.70,97.70"
Rec-027_std_2,10,8,2521,core,340,331,0.0,5.0,0.9879,342,333,346,335,1.0,True,103.2026,115.6133,97.7027,4.9222,102.0447,"115.61,110.73,107.47,105.30,103.13,105.84,103.67,102.04,100.96,99.87,99.87,99.33,98.25,98.25,97.70"
Rec-027_std_2,10,9,2522,core,344,331,0.0,4.0,0.9838,346,333,350,335,1.0,True,103.8177,117.7843,97.16,5.6698,103.1302,"117.78,112.90,109.10,105.84,103.13,106.93,104.22,103.13,100.96,99.87,100.42,99.33,98.25,98.25,97.16"
Rec-027_std_2,10,10,2523,core,349,331,0.0,5.0,0.9862,351,333,355,335,1.0,True,99.0053,111.8141,91.1898,5.4664,98.2455,"111.81,108.01,103.13,99.33,96.07,103.67,100.96,98.25,95.53,94.45,98.25,96.07,94.99,93.36,91.19"
Rec-027_std_2,10,11,2524,core,353,331,0.0,4.0,0.982,355,333,359,335,0.6,False,88.6932,110.1859,77.0784,9.6537,85.7624,"110.19,101.50,89.56,83.05,79.79,100.96,94.99,85.76,80.88,78.16,94.99,90.65,83.05,79.79,77.08"
Rec-027_std_2,10,12,2525,core,355,330,26.57,2.24,0.9878,357,332,361,334,0.2,False,86.1242,112.8996,77.0784,9.2991,83.0486,"112.90,95.53,87.93,83.05,79.79,96.07,88.48,83.59,79.79,77.62,89.56,83.05,79.79,77.62,77.08"
Rec-027_std_2,11,1,2660,core,290,331,0.0,0.0,0.9861,292,333,296,335,1.0,True,101.7191,123.7545,94.4463,8.2402,98.7882,"123.75,113.99,109.64,106.39,103.13,100.42,100.96,98.79,98.25,97.70,94.45,94.45,94.45,94.45,94.99"
Rec-027_std_2,11,2,2661,core,294,331,0.0,4.0,0.9857,296,333,300,335,1.0,True,104.7584,128.0965,96.0745,8.5838,103.1302,"128.10,117.78,111.81,107.47,104.22,106.93,105.30,103.13,100.42,98.79,99.33,98.25,97.16,96.62,96.07"
Rec-027_std_2,11,3,2662,core,299,331,0.0,5.0,0.9872,301,333,305,335,1.0,True,103.0578,122.1263,95.5318,7.1149,100.9592,"122.13,113.99,108.56,105.30,102.04,106.39,103.67,100.96,98.79,97.70,99.33,98.25,97.16,96.07,95.53"
Rec-027_std_2,11,4,2663,core,303,331,0.0,4.0,0.9871,305,333,309,335,1.0,True,103.89,126.4682,95.5318,8.154,101.502,"126.47,116.16,110.19,105.30,102.04,107.47,104.22,101.50,99.33,97.70,100.42,98.79,97.16,96.07,95.53"
Rec-027_std_2,11,5,2664,core,308,331,0.0,5.0,0.9877,310,333,314,335,1.0,True,101.2849,117.7843,94.4463,6.2193,99.331,"117.78,111.27,106.39,102.04,99.87,104.22,102.04,99.33,97.70,96.62,98.79,97.70,95.53,95.53,94.45"
Rec-027_std_2,11,6,2665,core,317,331,0.0,9.0,0.988,319,333,323,335,1.0,True,100.2355,115.6133,94.4463,5.6531,98.2455,"115.61,109.10,104.22,101.50,99.33,103.13,100.42,98.25,97.16,96.07,97.70,96.07,95.53,94.99,94.45"
Rec-027_std_2,11,7,2666,core,321,331,0.0,4.0,0.9869,323,333,327,335,1.0,True,101.2487,119.4126,94.4463,6.6054,99.331,"119.41,111.27,106.39,103.13,99.87,103.67,101.50,99.33,97.70,96.62,98.25,96.62,95.53,94.99,94.45"
Rec-027_std_2,11,8,2667,core,326,331,0.0,5.0,0.9881,328,333,332,335,1.0,True,100.4165,113.9851,95.5318,5.0488,98.2455,"113.99,108.01,104.22,102.04,100.42,103.13,100.42,98.25,97.70,97.16,97.70,96.62,95.53,95.53,95.53"
Rec-027_std_2,11,9,2668,core,339,331,0.0,13.0,0.9851,341,333,345,335,1.0,True,103.7091,117.7843,97.7027,5.5931,102.0447,"117.78,112.90,108.56,105.84,103.13,106.39,104.22,102.04,100.96,99.87,100.42,99.33,98.25,98.25,97.70"
Rec-027_std_2,11,10,2669,core,344,331,0.0,5.0,0.9872,346,333,350,335,1.0,True,102.4065,113.9851,96.6172,4.7879,101.502,"113.99,110.19,106.93,103.67,102.04,105.30,103.13,101.50,99.87,98.79,99.87,98.79,98.25,97.16,96.62"
Rec-027_std_2,11,11,2670,core,348,331,0.0,4.0,0.9837,350,333,354,335,1.0,True,101.2125,116.1561,93.3608,5.9944,99.8737,"116.16,110.19,105.84,102.04,98.25,105.84,103.13,100.42,98.25,95.53,99.87,98.25,96.07,94.99,93.36"
Rec-027_std_2,11,12,2671,core,355,330,8.13,7.07,0.9864,357,332,361,334,0.2,False,86.5946,115.0706,77.0784,9.8293,83.5914,"115.07,97.16,88.48,83.59,79.79,96.62,89.02,83.59,79.79,77.62,89.56,83.59,79.79,78.16,77.08"
Rec-027_std_2,12,1,2798,core,290,331,0.0,0.0,0.9884,292,333,296,335,1.0,True,100.4165,117.7843,93.3608,7.1538,98.2455,"117.78,111.81,108.01,105.30,103.13,98.79,99.33,98.25,97.70,97.16,93.36,93.36,93.36,94.45,94.45"
Rec-027_std_2,12,2,2799,core,292,331,0.0,2.0,0.985,294,333,298,335,1.0,True,102.4065,119.4126,95.5318,6.8843,100.9592,"119.41,113.99,109.10,105.30,103.13,104.22,102.04,100.96,99.33,98.25,96.62,96.62,96.07,95.53,95.53"
Rec-027_std_2,12,3,2800,core,296,331,0.0,4.0,0.9864,298,333,302,335,1.0,True,105.3012,128.0965,96.6172,8.326,103.1302,"128.10,117.78,111.81,107.47,104.22,108.56,105.84,103.13,100.96,99.33,100.96,99.33,98.25,97.16,96.62"
Rec-027_std_2,12,4,2801,core,301,331,0.0,5.0,0.9861,303,333,307,335,1.0,True,103.1664,121.5835,95.5318,6.9744,101.502,"121.58,113.99,108.56,105.30,102.04,106.93,103.67,101.50,98.79,97.70,99.87,98.25,97.16,96.62,95.53"
Rec-027_std_2,12,5,2802,core,305,331,0.0,4.0,0.9875,307,333,311,335,1.0,True,103.492,124.84,95.5318,7.7612,101.502,"124.84,115.07,109.64,105.30,102.04,106.93,103.67,101.50,98.79,97.70,99.87,98.25,97.16,96.07,95.53"
Rec-027_std_2,12,6,2803,core,310,331,0.0,5.0,0.9873,312,333,316,335,1.0,True,101.1039,117.2416,94.989,6.0453,99.331,"117.24,110.73,105.84,102.04,99.87,104.22,101.50,99.33,97.70,96.07,98.79,97.16,95.53,95.53,94.99"
Rec-027_std_2,12,7,2804,core,314,331,0.0,4.0,0.9879,316,333,320,335,1.0,True,101.321,119.4126,94.4463,6.6344,99.331,"119.41,111.81,106.39,102.04,99.87,104.22,102.04,99.33,97.70,96.07,98.25,97.16,95.53,95.53,94.45"
Rec-027_std_2,12,8,2805,core,319,331,0.0,5.0,0.988,321,333,325,335,1.0,True,100.1994,113.9851,94.989,5.2314,98.2455,"113.99,108.56,104.22,101.50,99.87,103.13,100.42,98.25,97.16,96.07,97.70,96.07,95.53,95.53,94.99"
Rec-027_std_2,12,9,2806,core,323,331,0.0,4.0,0.9879,325,333,329,335,1.0,True,102.0809,119.4126,95.5318,6.2998,100.4165,"119.41,111.81,106.93,103.13,102.04,104.22,102.04,100.42,98.79,98.25,98.25,97.70,96.62,96.07,95.53"
Rec-027_std_2,12,10,2807,core,328,331,0.0,5.0,0.9878,330,333,334,335,1.0,True,102.0085,115.6133,96.6172,5.1507,100.4165,"115.61,110.19,106.39,103.13,102.04,104.22,102.04,100.42,99.33,98.79,98.79,98.25,97.16,97.16,96.62"
Rec-027_std_2,12,11,2808,core,332,331,0.0,4.0,0.9872,334,333,338,335,1.0,True,103.89,118.8698,97.7027,5.7841,102.0447,"118.87,112.90,109.10,105.84,103.67,106.39,104.22,102.04,100.96,100.42,100.42,99.33,98.25,98.25,97.70"
Rec-027_std_2,12,12,2809,core,337,331,0.0,5.0,0.9877,339,333,343,335,1.0,True,103.3111,116.1561,97.7027,5.0475,102.0447,"116.16,111.27,107.47,105.30,103.13,105.84,103.67,102.04,100.96,100.42,99.87,99.33,98.25,98.25,97.70"
Rec-027_std_2,12,13,2810,core,341,331,0.0,4.0,0.9856,343,333,347,335,1.0,True,104.1071,117.7843,98.2455,5.457,103.1302,"117.78,112.90,109.10,105.84,103.67,106.93,104.22,103.13,101.50,100.42,100.96,99.87,98.79,98.25,98.25"
Rec-027_std_2,12,14,2811,core,346,331,0.0,5.0,0.9865,348,333,352,335,1.0,True,101.7552,113.9851,94.989,5.0444,100.9592,"113.99,109.64,105.84,103.13,100.96,105.30,103.13,100.96,98.79,97.70,99.87,98.25,97.70,96.07,94.99"
Rec-027_std_2,12,15,2812,core,350,331,0.0,4.0,0.984,352,333,356,335,1.0,True,98.354,113.9851,88.4761,6.6537,98.2455,"113.99,108.01,103.13,98.25,92.28,104.22,101.50,98.25,95.53,90.65,98.25,96.07,94.45,92.28,88.48"
Rec-027_std_2,12,16,2813,core,355,331,0.0,5.0,0.983,357,333,361,335,0.2,False,81.0224,93.3608,75.9929,4.8523,78.7067,"93.36,86.31,81.96,78.71,77.62,87.93,82.51,78.71,77.62,76.54,84.13,79.79,77.62,76.54,75.99"
Rec-027_std_2,13,1,2936,core,290,331,0.0,0.0,0.9876,292,333,296,335,1.0,True,100.9954,121.5835,93.3608,7.9482,98.7882,"121.58,113.99,108.56,105.30,102.04,99.87,99.87,98.79,97.70,97.16,93.36,94.45,93.36,94.45,94.45"
Rec-027_std_2,13,2,2937,core,293,331,0.0,3.0,0.9846,295,333,299,335,1.0,True,105.2288,130.8102,96.0745,9.2784,103.1302,"130.81,118.87,112.90,108.56,105.30,106.93,105.30,103.13,100.96,99.33,98.25,98.25,97.16,96.62,96.07"
Rec-027_std_2,13,3,2938,core,298,331,0.0,5.0,0.988,300,333,304,335,1.0,True,104.2881,124.84,96.0745,7.7161,102.0447,"124.84,116.16,110.73,106.39,103.13,107.47,105.30,102.04,100.42,98.25,100.42,98.79,97.70,96.62,96.07"
Rec-027_std_2,13,4,2939,core,302,331,0.0,4.0,0.9866,304,333,308,335,1.0,True,104.7946,129.182,95.5318,8.7906,102.0447,"129.18,117.78,111.81,106.93,103.13,108.01,105.30,102.04,99.87,98.25,100.96,98.79,97.70,96.62,95.53"
Rec-027_std_2,13,5,2940,core,316,331,0.0,14.0,0.9892,318,333,322,335,1.0,True,100.7059,117.2416,94.4463,6.0401,98.7882,"117.24,110.19,105.30,102.04,99.33,103.13,100.96,98.79,97.16,96.07,98.25,96.62,95.53,95.53,94.45"
Rec-027_std_2,13,6,2941,core,325,331,0.0,9.0,0.9897,327,333,331,335,1.0,True,101.321,116.1561,95.5318,5.4695,99.331,"116.16,109.64,105.84,103.13,100.96,103.13,101.50,99.33,98.25,97.70,98.25,97.70,96.62,96.07,95.53"
Rec-027_std_2,13,7,2942,core,330,331,0.0,5.0,0.9866,332,333,336,335,1.0,True,101.3934,112.8996,97.16,4.4589,99.8737,"112.90,108.56,105.30,103.13,101.50,103.13,101.50,99.87,98.79,98.79,98.25,97.70,97.16,97.16,97.16"
Rec-027_std_2,13,8,2943,core,334,331,0.0,4.0,0.9894,336,333,340,335,1.0,True,103.6729,117.2416,98.2455,5.2397,102.0447,"117.24,111.81,108.56,105.30,103.67,105.84,103.67,102.04,101.50,100.42,100.42,99.33,98.79,98.25,98.25"
Rec-027_std_2,13,9,2944,core,339,331,0.0,5.0,0.9861,341,333,345,335,1.0,True,103.6006,115.0706,98.2455,4.5533,103.1302,"115.07,110.73,107.47,105.30,103.67,105.84,103.67,103.13,101.50,100.96,100.42,99.87,99.33,98.79,98.25"
Rec-027_std_2,13,10,2945,core,348,331,0.0,9.0,0.9842,350,333,354,335,1.0,True,100.5612,111.8141,94.4463,4.7748,99.331,"111.81,108.01,104.22,100.96,98.25,105.30,102.04,99.87,98.25,95.53,99.33,98.25,96.62,95.53,94.45"
Rec-027_std_2,13,11,2946,core,352,331,0.0,4.0,0.9859,354,333,358,335,0.8,False,91.8049,110.1859,78.7067,9.3899,93.3608,"110.19,104.22,97.16,86.31,80.33,102.04,98.25,93.36,84.13,79.79,96.07,94.45,89.56,82.51,78.71"
Rec-027_std_2,13,12,2947,core,355,330,18.43,3.16,0.9846,357,332,361,334,0.2,False,86.9926,116.6988,76.5357,10.2758,84.1341,"116.70,98.25,89.56,84.13,79.79,97.16,89.02,84.13,79.79,77.62,90.10,83.59,80.33,78.16,76.54"
Rec-027_std_2,14,1,3076,core,290,331,0.0,0.0,0.9892,292,333,296,335,1.0,True,101.0678,118.8698,93.3608,7.1653,98.7882,"118.87,111.81,109.10,105.84,103.13,99.33,100.42,98.79,98.25,98.25,93.36,94.45,94.45,94.45,95.53"
Rec-027_std_2,14,2,3077,core,291,331,0.0,1.0,0.984,293,333,297,335,1.0,True,104.4328,129.182,96.0745,9.1375,102.0447,"129.18,117.78,112.90,108.56,105.30,105.30,103.67,102.04,100.42,99.33,96.62,96.62,96.07,96.62,96.07"
Rec-027_std_2,14,3,3078,core,296,331,0.0,5.0,0.988,298,333,302,335,1.0,True,105.0117,125.3828,97.16,7.6033,103.1302,"125.38,116.70,111.27,107.47,104.22,108.01,105.30,103.13,100.96,99.87,100.42,99.33,98.25,97.70,97.16"
Rec-027_std_2,14,4,3079,core,300,331,0.0,4.0,0.9857,302,333,306,335,1.0,True,106.2419,131.3529,97.7027,8.9302,103.6729,"131.35,119.41,112.90,108.56,105.30,109.10,106.39,103.67,101.50,99.87,101.50,99.87,98.25,98.25,97.70"
Rec-027_std_2,14,5,3080,core,305,331,0.0,5.0,0.9889,307,333,311,335,1.0,True,103.5282,122.669,96.0745,7.0389,101.502,"122.67,113.99,109.10,105.30,102.04,106.93,104.22,101.50,99.33,98.25,100.42,98.79,97.70,96.62,96.07"
Rec-027_std_2,14,6,3081,core,310,331,0.0,5.0,0.9859,312,333,316,335,1.0,True,101.3572,116.1561,95.5318,5.6628,99.331,"116.16,110.19,105.84,102.04,100.42,105.30,102.04,99.33,98.25,96.62,98.79,97.70,96.62,95.53,95.53"
Rec-027_std_2,14,7,3082,core,314,331,0.0,4.0,0.9895,316,333,320,335,1.0,True,101.6829,118.8698,94.989,6.3532,99.8737,"118.87,111.27,106.39,103.13,100.42,105.30,102.04,99.87,98.25,96.62,98.79,97.70,96.07,95.53,94.99"
Rec-027_std_2,14,8,3083,core,323,331,0.0,9.0,0.9894,325,333,329,335,1.0,True,101.1763,117.2416,95.5318,5.8112,99.331,"117.24,110.19,105.30,102.04,100.42,103.67,101.50,99.33,98.25,97.16,98.25,97.16,96.07,95.53,95.53"
Rec-027_std_2,14,9,3084,core,328,331,0.0,5.0,0.9867,330,333,334,335,1.0,True,101.1401,112.8996,96.0745,4.5997,99.331,"112.90,108.56,105.30,102.04,100.96,103.67,101.50,99.33,98.79,98.25,98.25,97.70,97.16,96.62,96.07"
Rec-027_std_2,14,10,3085,core,332,331,0.0,4.0,0.9895,334,333,338,335,1.0,True,102.9493,116.6988,97.7027,5.2683,101.502,"116.70,111.27,107.47,104.22,103.13,105.30,103.13,101.50,100.42,99.33,99.87,98.25,98.25,97.70,97.70"
Rec-027_std_2,14,11,3086,core,337,331,0.0,5.0,0.9874,339,333,343,335,1.0,True,102.9855,115.0706,98.2455,4.5945,101.502,"115.07,110.19,106.39,104.22,103.13,105.30,103.13,101.50,100.96,100.42,100.42,99.33,98.25,98.25,98.25"
Rec-027_std_2,14,12,3087,core,341,331,0.0,4.0,0.9889,343,333,347,335,1.0,True,104.3966,117.7843,98.2455,5.2683,103.1302,"117.78,112.90,108.56,105.84,104.22,106.93,105.30,103.13,102.04,100.96,101.50,100.42,99.33,98.79,98.25"
Rec-027_std_2,14,13,3088,core,346,331,0.0,5.0,0.9866,348,333,352,335,1.0,True,102.8045,115.0706,96.6172,4.7885,102.0447,"115.07,110.19,106.39,103.67,102.04,105.84,103.67,102.04,100.42,98.79,100.96,99.87,98.79,97.70,96.62"
Rec-027_std_2,14,14,3089,core,350,331,0.0,4.0,0.9877,352,333,356,335,1.0,True,99.6566,115.0706,89.5616,6.5903,99.331,"115.07,109.64,104.22,99.87,94.45,105.30,102.04,99.33,96.62,91.73,99.33,98.25,96.07,93.36,89.56"
Rec-027_std_2,14,15,3090,core,355,330,11.31,5.1,0.993,357,332,361,334,0.2,False,84.8216,106.3867,76.5357,7.9803,82.5059,"106.39,92.28,85.76,81.42,78.71,95.53,86.85,82.51,78.71,77.62,89.56,83.05,79.79,77.62,76.54"
Rec-027_std_2,15,1,3212,core,290,331,0.0,0.0,0.9856,292,333,296,335,1.0,True,103.6006,127.011,94.989,8.9794,101.502,"127.01,117.78,111.81,108.56,105.30,102.04,103.13,101.50,99.87,99.33,94.99,95.53,95.53,95.53,96.07"
Rec-027_std_2,15,2,3213,core,299,331,0.0,9.0,0.9883,301,333,305,335,1.0,True,105.8801,127.011,97.7027,7.8438,103.6729,"127.01,117.78,111.81,108.01,105.30,109.64,106.39,103.67,101.50,99.87,102.04,100.42,98.79,98.25,97.70"
Rec-027_std_2,15,3,3214,core,303,331,0.0,4.0,0.9862,305,333,309,335,1.0,True,106.4228,131.8957,97.16,9.0178,103.6729,"131.90,119.41,112.90,108.01,105.30,110.19,106.93,103.67,101.50,99.33,102.04,100.96,98.79,98.25,97.16"
Rec-027_std_2,15,4,3215,core,312,331,0.0,9.0,0.9865,314,333,318,335,1.0,True,104.0709,126.4682,95.5318,8.0391,102.0447,"126.47,116.16,110.19,105.30,102.04,107.47,104.22,102.04,99.33,98.25,100.96,98.79,97.70,96.62,95.53"
Rec-027_std_2,15,5,3216,core,317,331,0.0,5.0,0.9895,319,333,323,335,1.0,True,101.8276,119.4126,95.5318,6.4335,99.8737,"119.41,111.81,106.39,103.13,99.87,105.30,102.04,99.87,98.25,96.62,99.33,97.70,96.62,95.53,95.53"
Rec-027_std_2,15,6,3217,core,326,331,0.0,9.0,0.9896,328,333,332,335,1.0,True,101.3934,117.2416,95.5318,5.8159,99.8737,"117.24,110.19,105.84,103.13,100.96,103.67,101.50,99.87,98.25,97.70,98.25,97.16,96.07,95.53,95.53"
Rec-027_std_2,15,7,3218,core,331,331,0.0,5.0,0.9869,333,333,337,335,1.0,True,101.321,112.8996,96.6172,4.5308,99.8737,"112.90,108.56,105.30,103.13,101.50,103.13,101.50,99.87,98.79,98.79,98.25,97.70,97.16,96.62,96.62"
Rec-027_std_2,15,8,3219,core,335,331,0.0,4.0,0.9895,337,333,341,335,1.0,True,103.1302,116.6988,97.7027,5.2021,101.502,"116.70,111.27,107.47,105.30,103.13,105.30,103.13,101.50,100.42,99.87,99.87,98.79,98.25,98.25,97.70"
Rec-027_std_2,15,9,3220,core,340,331,0.0,5.0,0.9876,342,333,346,335,1.0,True,103.1664,113.9851,98.2455,4.4114,102.0447,"113.99,110.19,106.93,105.30,103.67,105.30,103.13,102.04,101.50,100.96,99.87,99.33,98.79,98.25,98.25"
Rec-027_std_2,15,10,3221,core,344,331,0.0,4.0,0.9884,346,333,350,335,1.0,True,104.3604,117.2416,98.2455,5.2114,103.1302,"117.24,112.90,109.10,105.84,103.67,106.93,105.30,103.13,102.04,100.96,101.50,100.42,99.33,98.79,98.25"
Rec-027_std_2,15,11,3222,core,349,331,0.0,5.0,0.9862,351,333,355,335,1.0,True,100.5612,112.8996,93.3608,5.2151,99.331,"112.90,109.10,104.22,100.96,98.25,105.30,102.04,99.87,97.70,95.53,99.33,98.25,96.62,94.99,93.36"
Rec-027_std_2,15,12,3223,core,353,331,0.0,4.0,0.9867,355,333,359,335,0.6,False,88.8017,110.1859,77.6212,9.9759,85.7624,"110.19,102.04,89.02,82.51,78.71,102.04,95.53,85.76,80.33,77.62,96.07,91.19,83.59,79.79,77.62"
Rec-027_std_2,15,13,3224,core,355,330,26.57,2.24,0.9871,357,332,361,334,0.2,False,86.9564,116.1561,77.0784,10.2178,84.1341,"116.16,97.70,89.02,83.05,79.79,98.25,89.56,84.13,79.79,77.62,90.10,84.13,80.33,77.62,77.08"
Rec-027_std_2,16,1,3354,core,290,331,0.0,0.0,0.9877,292,333,296,335,1.0,True,102.0447,122.1263,94.4463,7.7772,99.8737,"122.13,113.99,109.64,106.93,104.22,99.87,100.96,99.87,98.79,98.79,94.45,94.45,94.99,95.53,96.07"
Rec-027_std_2,16,2,3355,core,292,331,0.0,2.0,0.985,294,333,298,335,1.0,True,106.2419,131.8957,97.7027,9.3765,103.6729,"131.90,120.50,113.99,110.19,106.93,106.93,105.84,103.67,102.04,100.96,98.25,98.25,98.25,98.25,97.70"
Rec-027_std_2,16,3,3356,core,297,331,0.0,5.0,0.9872,299,333,303,335,1.0,True,106.061,127.011,98.2455,7.7032,103.6729,"127.01,117.78,111.81,108.01,105.30,109.64,106.39,103.67,102.04,100.42,102.04,100.96,99.33,98.25,98.25"
Rec-027_std_2,16,4,3357,core,301,331,0.0,4.0,0.987,303,333,307,335,1.0,True,107.1827,131.8957,98.2455,8.8716,105.3012,"131.90,120.50,113.99,108.56,105.30,110.73,107.47,105.30,102.04,100.42,103.13,101.50,99.87,98.79,98.25"
Rec-027_std_2,16,5,3358,core,306,331,0.0,5.0,0.9879,308,333,312,335,1.0,True,104.2519,123.7545,96.6172,7.1798,102.0447,"123.75,115.07,109.64,105.30,103.13,108.01,105.30,102.04,99.87,98.25,101.50,99.33,98.25,97.70,96.62"
Rec-027_std_2,16,6,3359,core,310,331,0.0,4.0,0.9874,312,333,316,335,1.0,True,104.6499,127.5537,96.0745,8.1621,102.0447,"127.55,116.70,110.19,105.84,103.13,108.56,105.30,102.04,99.87,98.25,101.50,99.33,98.25,97.16,96.07"
Rec-027_std_2,16,7,3360,core,315,331,0.0,5.0,0.9893,317,333,321,335,1.0,True,102.1171,119.4126,95.5318,6.3476,100.4165,"119.41,111.81,106.39,103.13,100.96,105.30,103.13,100.42,98.25,97.16,99.87,98.25,96.62,95.53,95.53"
Rec-027_std_2,16,8,3361,core,319,331,0.0,4.0,0.9872,321,333,325,335,1.0,True,103.492,124.2973,96.0745,7.5013,101.502,"124.30,115.07,109.10,105.30,102.04,106.39,103.13,101.50,99.33,98.25,99.87,98.25,97.16,96.62,96.07"
Rec-027_std_2,16,9,3362,core,324,331,0.0,5.0,0.9897,326,333,330,335,1.0,True,102.3703,117.7843,96.0745,5.7534,100.9592,"117.78,111.27,106.93,103.13,101.50,105.30,103.13,100.96,99.33,98.25,99.33,98.25,97.16,97.16,96.07"
Rec-027_std_2,16,10,3363,core,333,331,0.0,9.0,0.9901,335,333,339,335,1.0,True,103.4558,117.2416,97.7027,5.3207,102.0447,"117.24,111.81,108.01,105.30,103.13,105.84,103.67,102.04,100.96,99.87,100.42,99.33,98.25,98.25,97.70"
Rec-027_std_2,16,11,3364,core,337,331,0.0,4.0,0.9865,339,333,343,335,1.0,True,105.0117,121.5835,98.2455,6.2886,103.1302,"121.58,115.07,110.19,106.39,104.22,108.01,105.30,103.13,102.04,100.96,101.50,100.42,99.33,98.79,98.25"
Rec-027_std_2,16,12,3365,core,342,331,0.0,5.0,0.9899,344,333,348,335,1.0,True,104.3966,117.2416,98.2455,4.9651,103.1302,"117.24,111.81,108.56,105.84,104.22,106.93,105.30,103.13,102.04,100.96,101.50,100.96,99.87,99.33,98.25"
Rec-027_std_2,16,13,3366,core,346,331,0.0,4.0,0.9856,348,333,352,335,1.0,True,104.5051,119.4126,96.6172,6.0271,103.1302,"119.41,113.99,109.64,105.84,103.13,108.56,105.84,103.13,101.50,99.33,102.04,100.96,99.33,98.25,96.62"
Rec-027_std_2,16,14,3367,core,351,331,0.0,5.0,0.9884,353,333,357,335,1.0,True,95.966,112.8996,82.5059,8.3594,96.0745,"112.90,106.93,101.50,94.99,84.68,103.67,100.96,97.16,92.28,83.59,98.25,96.07,94.45,89.56,82.51"
Rec-027_std_2,16,15,3368,core,355,331,0.0,4.0,0.9881,357,333,361,335,0.2,False,81.927,96.0745,75.9929,5.5295,79.7922,"96.07,87.93,83.05,79.79,77.62,89.56,83.59,79.79,77.62,76.54,85.22,80.88,78.16,77.08,75.99"
Rec-027_std_2,17,1,3495,core,290,331,0.0,0.0,0.9881,292,333,296,335,1.0,True,102.5513,122.669,94.4463,7.8738,99.8737,"122.67,113.99,110.73,108.01,105.30,100.42,101.50,99.87,99.33,99.33,94.45,94.99,95.53,95.53,96.62"
Rec-027_std_2,17,2,3496,core,296,331,0.0,6.0,0.9866,298,333,302,335,1.0,True,106.459,127.5537,98.2455,7.8997,104.2157,"127.55,118.87,112.90,108.56,105.84,109.64,106.93,104.22,102.04,100.42,102.04,100.96,99.87,98.79,98.25"
Rec-027_std_2,17,3,3497,core,300,331,0.0,4.0,0.9853,302,333,306,335,1.0,True,107.6893,134.6094,98.2455,9.5412,105.3012,"134.61,122.13,113.99,109.64,105.84,111.27,108.01,105.30,102.04,100.42,103.13,102.04,99.87,98.79,98.25"
Rec-027_std_2,17,4,3498,core,305,331,0.0,5.0,0.9875,307,333,311,335,1.0,True,104.6499,124.84,97.16,7.4344,102.0447,"124.84,116.16,110.19,105.84,103.13,108.56,105.30,102.04,99.87,98.79,102.04,99.87,98.25,97.70,97.16"
Rec-027_std_2,17,5,3499,core,309,331,0.0,4.0,0.9858,311,333,315,335,1.0,True,105.4459,129.7247,96.6172,8.5826,103.1302,"129.72,117.78,111.81,106.93,103.13,109.10,105.84,103.13,100.42,98.79,102.04,100.42,98.25,97.70,96.62"
Rec-027_std_2,17,6,3500,core,314,331,0.0,5.0,0.9887,316,333,320,335,1.0,True,102.5513,119.4126,95.5318,6.334,100.4165,"119.41,112.90,107.47,103.67,101.50,105.30,103.13,100.42,98.79,97.70,99.87,98.25,97.70,96.62,95.53"
Rec-027_std_2,17,7,3501,core,319,331,0.0,5.0,0.9857,321,333,325,335,1.0,True,101.7552,116.1561,96.0745,5.3541,99.8737,"116.16,110.19,105.84,103.13,100.96,104.22,102.04,99.87,98.25,98.25,99.33,98.25,97.16,96.62,96.07"
Rec-027_std_2,17,8,3502,core,323,331,0.0,4.0,0.9892,325,333,329,335,1.0,True,102.7322,119.4126,96.0745,6.1002,100.9592,"119.41,111.81,107.47,103.67,102.04,105.84,103.13,100.96,99.33,98.25,99.87,98.25,97.70,97.16,96.07"
Rec-027_std_2,17,9,3503,core,328,331,0.0,5.0,0.9859,330,333,334,335,1.0,True,102.0085,115.0706,96.6172,4.9485,100.4165,"115.07,109.64,105.84,103.13,101.50,105.30,102.04,100.42,99.33,98.25,99.33,98.25,97.70,97.70,96.62"
Rec-027_std_2,17,10,3504,core,332,331,0.0,4.0,0.9897,334,333,338,335,1.0,True,103.5282,117.2416,98.2455,5.301,102.0447,"117.24,111.81,108.01,105.30,103.13,106.39,103.67,102.04,100.96,99.87,100.42,99.33,98.25,98.25,98.25"
Rec-027_std_2,17,11,3505,core,337,331,0.0,5.0,0.9864,339,333,343,335,1.0,True,103.6006,115.6133,98.7882,4.5705,102.0447,"115.61,110.73,106.93,105.30,103.67,105.84,103.67,102.04,101.50,100.96,100.96,99.87,99.33,98.79,98.79"
Rec-027_std_2,17,12,3506,core,346,331,0.0,9.0,0.9856,348,333,352,335,1.0,True,103.094,115.0706,96.6172,4.8157,102.0447,"115.07,110.73,106.93,103.67,102.04,106.39,104.22,102.04,100.96,98.79,101.50,100.42,98.79,98.25,96.62"
Rec-027_std_2,17,13,3507,core,350,331,0.0,4.0,0.9877,352,333,356,335,1.0,True,99.331,115.0706,89.5616,6.6767,98.7882,"115.07,109.64,103.67,98.79,93.36,105.30,102.04,98.79,96.07,91.73,99.33,97.70,95.53,93.36,89.56"
Rec-027_std_2,17,14,3508,core,354,331,0.0,4.0,0.9837,356,333,360,335,0.4,False,85.4367,107.4722,76.5357,8.6427,82.5059,"107.47,93.36,85.76,80.88,78.71,98.25,87.93,82.51,78.71,77.62,92.28,84.13,79.79,77.62,76.54"
Rec-027_std_2,18,1,3617,core,290,331,0.0,0.0,0.9875,292,333,296,335,1.0,True,102.5874,122.1263,94.4463,7.7037,100.4165,"122.13,113.99,110.73,107.47,105.30,100.96,101.50,100.42,99.33,99.33,94.45,95.53,95.53,95.53,96.62"
Rec-027_std_2,18,2,3618,core,293,331,0.0,3.0,0.987,295,333,299,335,1.0,True,105.4097,125.3828,98.2455,7.5601,103.1302,"125.38,117.24,111.81,108.56,105.84,107.47,105.30,103.13,102.04,100.42,99.87,99.33,98.25,98.25,98.25"
Rec-027_std_2,18,3,3619,core,297,331,0.0,4.0,0.9844,299,333,303,335,1.0,True,108.0873,134.6094,98.2455,9.4545,105.8439,"134.61,122.13,115.07,110.19,106.39,111.27,108.56,105.84,103.13,100.96,103.13,102.04,100.42,99.33,98.25"
Rec-027_std_2,18,4,3620,core,302,331,0.0,5.0,0.9882,304,333,308,335,1.0,True,105.4097,125.9255,97.7027,7.4949,103.1302,"125.93,116.70,111.27,106.93,103.67,109.10,105.84,103.13,100.96,99.33,102.04,100.96,99.33,98.25,97.70"
Rec-027_std_2,18,5,3621,core,306,331,0.0,4.0,0.9858,308,333,312,335,1.0,True,106.0248,131.3529,97.16,8.8334,103.1302,"131.35,118.87,111.81,107.47,104.22,109.64,106.39,103.13,100.96,98.79,102.04,100.96,99.33,98.25,97.16"
Rec-027_std_2,18,6,3622,core,311,331,0.0,5.0,0.9889,313,333,317,335,1.0,True,103.2026,121.5835,95.5318,6.6822,101.502,"121.58,112.90,108.01,104.22,102.04,106.93,103.67,101.50,98.79,98.25,100.96,98.79,98.25,96.62,95.53"
Rec-027_std_2,18,7,3623,core,315,331,0.0,4.0,0.9861,317,333,321,335,1.0,True,103.89,125.3828,96.0745,7.6981,102.0447,"125.38,115.61,109.64,105.30,102.04,106.93,103.67,102.04,99.87,98.25,100.42,98.79,97.70,96.62,96.07"
Rec-027_std_2,18,8,3624,core,320,331,0.0,5.0,0.9897,322,333,326,335,1.0,True,102.8407,119.4126,96.6172,6.0725,101.502,"119.41,111.81,108.01,104.22,102.04,105.30,103.13,101.50,99.87,98.25,99.33,98.25,97.70,97.16,96.62"
Rec-027_std_2,18,9,3625,core,324,331,0.0,4.0,0.9863,326,333,330,335,1.0,True,104.2519,123.7545,97.7027,6.8752,102.0447,"123.75,113.99,109.64,105.84,103.13,106.93,104.22,102.04,100.96,99.33,100.42,99.33,98.25,98.25,97.70"
Rec-027_std_2,18,10,3626,core,329,331,0.0,5.0,0.9897,331,333,335,335,1.0,True,103.8177,118.8698,98.2455,5.5153,102.0447,"118.87,111.81,108.56,105.30,103.13,106.39,103.67,102.04,100.96,100.42,100.96,99.87,98.79,98.25,98.25"
Rec-027_std_2,18,11,3627,core,334,331,0.0,5.0,0.9866,336,333,340,335,1.0,True,103.89,115.6133,98.7882,4.514,103.1302,"115.61,110.73,107.47,105.30,103.67,106.39,104.22,103.13,101.50,100.96,101.50,100.42,99.33,99.33,98.79"
Rec-027_std_2,18,12,3628,core,338,331,0.0,4.0,0.9893,340,333,344,335,1.0,True,105.2288,118.8698,99.331,5.2091,103.6729,"118.87,112.90,109.64,106.93,105.30,108.01,105.30,103.67,103.13,102.04,102.04,100.96,100.42,99.87,99.33"
Rec-027_std_2,18,13,3629,core,343,331,0.0,5.0,0.9867,345,333,349,335,1.0,True,104.5413,115.6133,98.7882,4.5271,103.1302,"115.61,111.81,108.56,105.84,104.22,107.47,105.30,103.13,102.04,101.50,102.04,101.50,100.42,99.87,98.79"
Rec-027_std_2,18,14,3630,core,347,331,0.0,4.0,0.9883,349,333,353,335,1.0,True,103.2387,117.2416,95.5318,5.6445,102.0447,"117.24,111.81,107.47,103.67,101.50,107.47,105.30,102.04,100.42,98.25,102.04,100.42,98.25,97.16,95.53"
Rec-027_std_2,18,15,3631,core,352,331,0.0,5.0,0.9849,354,333,358,335,0.8,False,91.4431,109.1004,78.7067,9.2551,92.2753,"109.10,103.13,96.07,85.76,79.79,102.04,98.25,92.28,84.13,78.71,96.62,94.45,89.56,83.05,78.71"
Rec-027_std_2,18,16,3632,core,355,331,0.0,3.0,0.9869,357,333,361,335,0.2,False,81.9993,96.6172,75.9929,5.6802,79.7922,"96.62,88.48,83.59,79.79,77.62,89.56,83.59,79.79,77.62,76.54,85.22,80.33,78.16,77.08,75.99"
Rec-027_std_2,19,1,3745,core,291,331,0.0,1.0,0.9857,293,333,297,335,1.0,True,103.9262,122.1263,97.16,7.137,102.0447,"122.13,115.07,111.27,107.47,105.30,104.22,103.13,102.04,100.96,100.42,97.16,97.16,97.16,97.70,97.70"
Rec-027_std_2,19,2,3746,core,295,331,0.0,4.0,0.9875,297,333,301,335,1.0,True,107.0018,128.0965,98.2455,7.9195,105.3012,"128.10,119.41,112.90,109.64,106.39,110.19,107.47,105.30,103.13,101.50,102.04,101.50,99.87,99.33,98.25"
Rec-027_std_2,19,3,3747,core,300,331,0.0,5.0,0.9855,302,333,306,335,1.0,True,105.3012,123.7545,98.2455,6.9505,103.1302,"123.75,116.16,110.73,106.93,104.22,109.10,105.84,103.13,101.50,99.87,102.04,100.42,99.33,98.25,98.25"
Rec-027_std_2,19,4,3748,core,304,331,0.0,4.0,0.9887,306,333,310,335,1.0,True,105.0841,125.3828,97.16,7.3882,103.1302,"125.38,116.16,110.73,106.39,103.13,108.56,105.84,103.13,100.96,99.33,102.04,100.42,98.79,98.25,97.16"
Rec-027_std_2,19,5,3749,core,309,331,0.0,5.0,0.9864,311,333,315,335,1.0,True,102.4065,118.8698,95.5318,6.1009,100.4165,"118.87,111.81,106.93,103.13,100.96,105.84,103.13,100.42,98.79,97.70,100.42,98.25,97.70,96.62,95.53"
Rec-027_std_2,19,6,3750,core,313,331,0.0,4.0,0.9894,315,333,319,335,1.0,True,102.7684,120.498,96.0745,6.4817,100.9592,"120.50,112.90,107.47,103.67,101.50,105.84,103.13,100.96,98.79,97.70,100.42,98.25,97.70,96.62,96.07"
Rec-027_std_2,19,7,3751,core,318,331,0.0,5.0,0.9874,320,333,324,335,1.0,True,101.6829,116.1561,96.0745,5.3972,99.8737,"116.16,110.19,105.84,103.13,100.96,104.22,102.04,99.87,98.25,98.25,98.79,97.70,97.16,96.62,96.07"
Rec-027_std_2,19,8,3752,core,327,331,0.0,9.0,0.9875,329,333,333,335,1.0,True,102.7684,116.1561,97.7027,4.9888,101.502,"116.16,110.73,106.39,103.67,102.04,105.30,103.13,101.50,99.87,99.33,100.42,98.79,98.25,98.25,97.70"
Rec-027_std_2,19,9,3753,core,340,331,0.0,13.0,0.9887,342,333,346,335,1.0,True,105.6992,119.4126,99.8737,5.2936,104.2157,"119.41,113.99,110.19,106.93,105.30,108.56,106.39,104.22,103.13,102.04,102.04,102.04,100.96,100.42,99.87"
Rec-027_std_2,19,10,3754,core,345,331,0.0,5.0,0.9871,347,333,351,335,1.0,True,104.2157,115.6133,98.2455,4.6604,103.1302,"115.61,111.81,108.01,105.30,103.13,107.47,105.30,103.13,102.04,100.42,102.04,100.96,100.42,99.33,98.25"
Rec-027_std_2,19,11,3755,core,349,331,0.0,4.0,0.9874,351,333,355,335,1.0,True,101.6105,116.1561,93.3608,5.9922,100.9592,"116.16,110.73,105.84,102.04,98.25,106.93,103.67,100.96,98.25,95.53,100.96,98.79,97.16,95.53,93.36"
Rec-027_std_2,19,12,3756,core,354,331,0.0,5.0,0.9853,356,333,360,335,0.4,False,83.9532,103.1302,75.9929,7.7206,80.8776,"103.13,90.10,83.05,79.79,77.62,96.07,86.31,80.88,77.62,76.54,91.19,83.59,79.79,77.62,75.99"
Rec-027_std_2,19,13,3757,core,355,330,45.0,1.41,0.9897,357,332,361,334,0.2,False,86.1965,112.8996,76.5357,9.4198,83.0486,"112.90,96.07,88.48,83.05,79.79,96.62,88.48,83.05,79.79,77.62,89.56,83.59,79.79,77.62,76.54"
Rec-027_std_2,20,1,3880,core,291,331,0.0,1.0,0.9849,293,333,297,335,1.0,True,103.5282,121.5835,96.6172,7.1688,101.502,"121.58,115.07,110.73,106.93,105.30,103.67,103.13,101.50,100.42,99.87,96.62,96.62,96.62,97.16,97.70"
Rec-027_std_2,20,2,3881,core,300,331,0.0,9.0,0.9845,302,333,306,335,1.0,True,104.2519,122.1263,97.16,6.619,102.0447,"122.13,113.99,109.64,105.84,103.13,107.47,105.30,102.04,100.42,98.79,101.50,99.87,98.25,98.25,97.16"
Rec-027_std_2,20,3,3882,core,304,331,0.0,4.0,0.9882,306,333,310,335,1.0,True,104.8308,124.84,97.16,7.4255,103.1302,"124.84,116.16,110.73,106.39,103.13,108.56,105.30,103.13,100.42,98.79,102.04,99.87,98.25,97.70,97.16"
Rec-027_std_2,20,4,3883,core,309,331,0.0,5.0,0.9853,311,333,315,335,1.0,True,102.4065,117.7843,96.0745,5.8478,100.4165,"117.78,111.81,106.93,103.13,101.50,105.84,103.13,100.42,98.79,98.25,99.87,98.25,97.70,96.62,96.07"
Rec-027_std_2,20,5,3884,core,322,331,0.0,13.0,0.9896,324,333,328,335,1.0,True,103.3835,119.4126,97.7027,5.9119,102.0447,"119.41,112.90,108.01,104.22,102.04,105.84,103.67,102.04,99.87,99.33,100.42,99.33,98.25,97.70,97.70"
Rec-027_std_2,20,6,3885,core,331,331,0.0,9.0,0.9899,333,333,337,335,1.0,True,104.5775,118.8698,98.7882,5.368,103.1302,"118.87,112.90,108.56,105.84,103.67,107.47,105.30,103.13,102.04,100.96,101.50,100.42,99.87,99.33,98.79"
Rec-027_std_2,20,7,3886,core,349,331,0.0,18.0,0.9877,351,333,355,335,1.0,True,101.0316,115.0706,93.3608,5.7945,99.8737,"115.07,110.19,105.30,101.50,97.70,105.84,103.13,100.42,97.70,95.53,99.87,98.25,96.62,94.99,93.36"
Rec-027_std_2,20,8,3887,core,354,331,0.0,5.0,0.9843,356,333,360,335,0.4,False,83.6637,102.0447,75.9929,7.5045,80.3349,"102.04,89.56,83.05,79.79,77.62,95.53,85.76,80.33,77.62,76.54,91.19,83.59,78.71,77.62,75.99"
Rec-027_std_2,21,1,4002,core,290,331,0.0,0.0,0.9861,292,333,296,335,1.0,True,103.492,127.011,95.5318,8.8423,100.9592,"127.01,117.24,111.81,108.01,105.30,102.04,102.04,100.96,99.33,99.33,95.53,95.53,95.53,96.07,96.62"
Rec-027_std_2,21,2,4003,core,294,331,0.0,4.0,0.9862,296,333,300,335,1.0,True,106.857,131.3529,98.2455,8.9179,105.3012,"131.35,120.50,113.99,109.64,105.84,109.10,106.93,105.30,102.04,100.42,101.50,100.42,99.33,98.25,98.25"
Rec-027_std_2,21,3,4004,core,299,331,0.0,5.0,0.9876,301,333,305,335,1.0,True,104.8308,124.84,97.16,7.4123,102.0447,"124.84,116.16,110.73,106.39,103.67,108.56,105.30,102.04,100.42,99.33,102.04,99.87,98.25,97.70,97.16"
Rec-027_std_2,21,4,4005,core,303,331,0.0,4.0,0.9879,305,333,309,335,1.0,True,105.6992,128.6392,97.16,8.2227,103.1302,"128.64,117.78,111.81,107.47,104.22,109.10,106.39,103.13,100.96,99.33,102.04,100.42,98.79,98.25,97.16"
Rec-027_std_2,21,5,4006,core,308,331,0.0,5.0,0.9885,310,333,314,335,1.0,True,103.6006,121.5835,96.0745,6.7407,101.502,"121.58,113.99,109.10,105.30,102.04,106.93,104.22,101.50,99.33,98.25,100.96,99.33,98.25,97.16,96.07"
Rec-027_std_2,21,6,4007,core,312,331,0.0,4.0,0.9889,314,333,318,335,1.0,True,104.0348,124.2973,96.6172,7.3185,102.0447,"124.30,115.07,109.64,105.30,102.04,107.47,104.22,102.04,99.87,98.25,100.96,99.33,98.25,97.16,96.62"
Rec-027_std_2,21,7,4008,core,317,331,0.0,5.0,0.9891,319,333,323,335,1.0,True,102.696,117.7843,97.16,5.6236,100.9592,"117.78,111.81,106.93,103.67,102.04,105.30,103.13,100.96,99.33,98.25,99.87,98.25,98.25,97.70,97.16"
Rec-027_std_2,21,8,4009,core,321,331,0.0,4.0,0.9887,323,333,327,335,1.0,True,104.5775,122.669,98.2455,6.4938,103.1302,"122.67,113.99,109.64,105.84,103.67,106.93,105.30,103.13,100.96,99.87,101.50,99.87,98.79,98.25,98.25"
Rec-027_std_2,21,9,4010,core,326,331,0.0,5.0,0.9894,328,333,332,335,1.0,True,103.8177,117.7843,98.2455,5.2414,102.0447,"117.78,111.81,108.01,105.30,103.13,106.39,104.22,102.04,100.96,99.87,101.50,100.42,99.33,98.25,98.25"
Rec-027_std_2,21,10,4011,core,330,331,0.0,4.0,0.9875,332,333,336,335,1.0,True,105.6992,122.669,99.331,6.2151,103.6729,"122.67,115.07,110.73,106.93,105.30,108.56,105.84,103.67,102.04,101.50,102.04,101.50,100.42,99.87,99.33"
Rec-027_std_2,21,11,4012,core,335,331,0.0,5.0,0.9895,337,333,341,335,1.0,True,105.2288,117.7843,99.8737,4.8418,103.6729,"117.78,112.90,109.10,106.39,105.30,108.01,105.30,103.67,103.13,102.04,102.04,101.50,100.96,100.42,99.87"
Rec-027_std_2,21,12,4013,core,339,331,0.0,4.0,0.9872,341,333,345,335,1.0,True,106.5676,121.0408,100.4165,5.6357,105.3012,"121.04,115.61,111.27,108.01,105.30,109.64,107.47,105.30,103.67,103.13,103.13,102.04,101.50,100.96,100.42"
Rec-027_std_2,21,13,4014,core,344,331,0.0,5.0,0.9888,346,333,350,335,1.0,True,104.7946,116.6988,98.2455,4.9046,103.6729,"116.70,112.90,109.10,105.84,103.67,108.01,105.84,103.67,102.04,101.50,102.04,102.04,100.42,99.87,98.25"
Rec-027_std_2,21,14,4015,core,348,331,0.0,4.0,0.9854,350,333,354,335,1.0,True,103.492,118.8698,95.5318,6.1522,102.0447,"118.87,112.90,108.56,103.67,100.96,108.01,105.30,103.13,99.87,98.25,102.04,99.87,98.25,97.16,95.53"
Rec-027_std_2,21,15,4016,core,353,331,0.0,5.0,0.9871,355,333,359,335,0.6,False,88.3675,109.1004,77.0784,9.8279,85.2196,"109.10,100.96,87.93,81.96,78.71,102.04,95.53,85.22,79.79,77.62,95.53,91.19,83.05,79.79,77.08"
Rec-027_std_2,21,16,4017,core,355,330,26.57,2.24,0.9865,357,332,361,334,0.2,False,86.7755,116.1561,77.0784,10.1652,83.5914,"116.16,97.16,89.02,83.59,79.79,97.70,89.02,83.59,79.79,77.62,90.10,83.59,79.79,77.62,77.08"
Rec-027_std_2,22,1,4132,core,301,331,-7.13,8.06,0.9858,303,333,307,335,1.0,True,107.0379,133.5239,97.7027,9.4282,104.2157,"133.52,121.04,113.99,108.56,105.30,110.73,107.47,104.22,102.04,99.33,103.13,100.96,99.33,98.25,97.70"
Rec-027_std_2,22,2,4133,core,306,331,0.0,5.0,0.9886,308,333,312,335,1.0,True,103.89,123.7545,96.0745,7.2514,102.0447,"123.75,115.07,109.10,105.30,102.04,107.47,104.22,102.04,99.33,98.25,100.96,99.33,98.25,97.16,96.07"
Rec-027_std_2,22,3,4134,core,310,331,0.0,4.0,0.9861,312,333,316,335,1.0,True,104.7223,128.6392,96.6172,8.3554,102.0447,"128.64,116.70,110.73,105.84,103.13,108.01,105.30,102.04,99.87,98.25,100.96,99.33,98.25,97.16,96.62"
Rec-027_std_2,22,4,4135,core,315,331,0.0,5.0,0.9897,317,333,321,335,1.0,True,102.696,119.4126,96.6172,6.0897,100.9592,"119.41,111.81,107.47,103.67,101.50,105.84,103.13,100.96,98.79,98.25,99.87,98.25,97.70,97.16,96.62"
Rec-027_std_2,22,5,4136,core,320,331,0.0,5.0,0.9869,322,333,326,335,1.0,True,102.2618,116.1561,97.16,5.0868,100.4165,"116.16,110.19,105.84,103.13,101.50,105.30,102.04,100.42,99.33,98.25,99.87,98.79,98.25,97.70,97.16"
Rec-027_std_2,22,6,4137,core,324,331,0.0,4.0,0.9899,326,333,330,335,1.0,True,104.071,119.4126,98.2455,5.6385,102.0447,"119.41,112.90,108.56,105.30,103.13,106.39,104.22,102.04,100.96,99.87,101.50,100.42,99.33,98.79,98.25"
Rec-027_std_2,22,7,4138,core,329,331,0.0,5.0,0.987,331,333,335,335,1.0,True,103.8539,116.6988,98.7882,4.7879,102.0447,"116.70,111.27,107.47,105.30,103.13,106.39,103.67,102.04,101.50,100.96,101.50,100.42,99.87,98.79,98.79"
Rec-027_std_2,22,8,4139,core,338,331,0.0,9.0,0.9872,340,333,344,335,1.0,True,106.1334,117.7843,101.502,4.4574,105.3012,"117.78,112.90,109.64,107.47,106.39,108.56,106.39,105.30,103.67,103.13,103.13,102.04,102.04,102.04,101.50"
Rec-027_std_2,22,9,4140,core,342,331,0.0,4.0,0.9892,344,333,348,335,1.0,True,107.2189,119.4126,101.502,5.0249,105.8439,"119.41,115.61,111.27,109.10,106.93,110.19,108.01,105.84,105.30,103.67,104.22,103.13,102.04,102.04,101.50"
Rec-027_std_2,22,10,4141,core,347,331,0.0,5.0,0.986,349,333,353,335,1.0,True,103.7453,116.1561,96.6172,5.1484,103.1302,"116.16,111.81,107.47,104.22,101.50,108.01,105.30,103.13,100.96,98.79,103.13,101.50,99.33,98.25,96.62"
Rec-027_std_2,22,11,4142,core,351,331,0.0,4.0,0.9878,353,333,357,335,1.0,True,96.8705,113.9851,83.0486,8.7669,97.16,"113.99,108.56,103.13,95.53,85.22,105.30,102.04,98.25,92.28,83.59,99.87,97.16,94.99,90.10,83.05"
Rec-027_std_2,22,12,4143,core,355,330,14.04,4.12,0.9933,357,332,361,334,0.2,False,85.1472,109.1004,76.5357,8.5491,82.5059,"109.10,93.36,86.85,81.42,78.71,95.53,87.39,82.51,78.71,77.62,89.02,83.05,79.79,77.62,76.54"
Rec-027_std_2,23,1,4256,core,290,331,0.0,0.0,0.9874,292,333,296,335,1.0,True,103.0578,122.669,94.989,7.744,100.9592,"122.67,115.07,110.73,108.01,105.30,101.50,102.04,100.96,99.87,99.87,94.99,95.53,96.07,96.07,97.16"
Rec-027_std_2,23,2,4257,core,293,331,0.0,3.0,0.9867,295,333,299,335,1.0,True,106.2419,128.0965,98.2455,8.1,104.2157,"128.10,118.87,112.90,109.10,106.39,108.01,106.39,104.22,102.04,100.96,100.42,99.87,99.33,98.79,98.25"
Rec-027_std_2,23,3,4258,core,298,331,0.0,5.0,0.9851,300,333,304,335,1.0,True,105.3735,123.2118,98.2455,6.764,103.1302,"123.21,116.16,110.73,106.93,104.22,109.10,105.84,103.13,101.50,99.87,102.04,100.96,99.87,98.79,98.25"
Rec-027_std_2,23,4,4259,core,302,331,0.0,4.0,0.9883,304,333,308,335,1.0,True,106.0248,127.5537,97.7027,7.8318,103.6729,"127.55,117.78,111.81,107.47,104.22,109.64,106.93,103.67,101.50,99.87,103.13,100.96,99.87,98.25,97.70"
Rec-027_std_2,23,5,4260,core,307,331,0.0,5.0,0.9857,309,333,313,335,1.0,True,103.0216,119.4126,96.6172,6.1058,101.502,"119.41,112.90,107.47,103.67,101.50,106.39,103.13,101.50,98.79,98.25,100.96,99.33,98.25,97.16,96.62"
Rec-027_std_2,23,6,4261,core,311,331,0.0,4.0,0.9891,313,333,317,335,1.0,True,103.7453,122.669,96.6172,6.9162,101.502,"122.67,113.99,109.10,105.30,102.04,107.47,104.22,101.50,99.33,98.25,100.96,99.33,98.25,97.16,96.62"
Rec-027_std_2,23,7,4262,core,316,331,0.0,5.0,0.9864,318,333,322,335,1.0,True,101.9723,116.6988,96.6172,5.4088,99.8737,"116.70,110.19,105.84,103.13,100.96,105.30,102.04,99.87,98.25,98.25,99.87,98.25,97.70,96.62,96.62"
Rec-027_std_2,23,8,4263,core,320,331,0.0,4.0,0.9893,322,333,326,335,1.0,True,103.6368,121.0408,97.7027,6.2623,102.0447,"121.04,112.90,108.56,105.30,102.04,106.39,103.67,102.04,99.87,98.79,100.42,99.33,98.25,98.25,97.70"
Rec-027_std_2,23,9,4264,core,325,331,0.0,5.0,0.9871,327,333,331,335,1.0,True,103.4558,116.1561,98.7882,4.7473,102.0447,"116.16,111.27,106.93,104.22,103.13,105.84,103.13,102.04,100.96,100.42,100.96,99.87,99.33,98.79,98.79"
Rec-027_std_2,23,10,4265,core,329,331,0.0,4.0,0.9893,331,333,335,335,1.0,True,105.4459,120.498,99.8737,5.6315,103.6729,"120.50,113.99,110.19,106.93,105.30,108.01,105.84,103.67,102.04,101.50,102.04,101.50,100.42,99.87,99.87"
Rec-027_std_2,23,11,4266,core,334,331,0.0,5.0,0.988,336,333,340,335,1.0,True,105.5545,117.2416,101.502,4.3504,104.2157,"117.24,111.81,109.10,106.93,105.84,108.01,105.30,104.22,103.13,103.13,102.04,102.04,101.50,101.50,101.50"
Rec-027_std_2,23,12,4267,core,338,331,0.0,4.0,0.9891,340,333,344,335,1.0,True,107.7978,121.5835,102.0447,5.2763,106.3867,"121.58,116.16,111.81,109.64,107.47,110.19,108.01,106.39,105.30,104.22,105.30,103.67,103.13,102.04,102.04"
Rec-027_std_2,23,13,4268,core,343,331,0.0,5.0,0.9879,345,333,349,335,1.0,True,106.4952,117.7843,100.9592,4.6105,105.8439,"117.78,113.99,110.19,108.01,105.84,109.64,106.93,105.84,104.22,103.13,104.22,103.13,102.04,101.50,100.96"
Rec-027_std_2,23,14,4269,core,347,331,0.0,4.0,0.9878,349,333,353,335,1.0,True,104.9393,119.4126,97.16,5.9212,103.6729,"119.41,113.99,109.64,105.84,102.04,109.64,106.93,103.67,102.04,99.33,103.67,102.04,100.42,98.25,97.16"
Rec-027_std_2,23,15,4270,core,352,331,0.0,5.0,0.9861,354,333,358,335,0.8,False,92.1306,110.1859,78.7067,9.598,93.3608,"110.19,104.22,96.62,85.76,79.79,103.13,98.79,93.36,84.13,79.79,98.25,95.53,90.65,83.05,78.71"
Rec-027_std_2,23,16,4271,core,355,331,0.0,3.0,0.9866,357,333,361,335,0.2,False,82.144,97.16,75.9929,5.8545,79.7922,"97.16,89.02,83.59,79.79,77.62,90.10,83.59,79.79,77.62,76.54,85.22,80.88,78.16,77.08,75.99"
Rec-027_std_2,24,1,4384,core,290,331,0.0,0.0,0.9872,292,333,296,335,1.0,True,103.2026,124.84,95.5318,8.2237,100.9592,"124.84,116.16,110.73,107.47,105.30,101.50,102.04,100.96,99.87,99.33,95.53,95.53,95.53,96.07,97.16"
Rec-027_std_2,24,2,4385,core,294,331,0.0,4.0,0.9874,296,333,300,335,1.0,True,106.3143,127.011,98.2455,7.8398,104.2157,"127.01,118.87,112.90,109.10,106.39,108.56,106.39,104.22,102.04,100.96,101.50,100.42,99.33,98.79,98.25"
Rec-027_std_2,24,3,4386,core,299,331,0.0,5.0,0.9859,301,333,305,335,1.0,True,105.2288,122.669,98.2455,6.6232,103.1302,"122.67,115.61,110.73,106.93,104.22,108.56,105.84,103.13,101.50,99.87,102.04,100.96,99.33,98.79,98.25"
Rec-027_std_2,24,4,4387,core,303,331,0.0,4.0,0.9889,305,333,309,335,1.0,True,105.5906,126.4682,97.7027,7.6239,103.1302,"126.47,117.24,111.27,106.93,103.67,109.10,106.39,103.13,100.96,99.33,103.13,100.96,99.33,98.25,97.70"
Rec-027_std_2,24,5,4388,core,308,331,0.0,5.0,0.9861,310,333,314,335,1.0,True,102.8769,118.8698,96.6172,5.9219,100.9592,"118.87,111.81,107.47,103.67,102.04,106.39,103.13,100.96,98.79,98.25,100.96,98.79,98.25,97.16,96.62"
Rec-027_std_2,24,6,4389,core,312,331,0.0,4.0,0.9898,314,333,318,335,1.0,True,103.8177,121.5835,97.16,6.5714,101.502,"121.58,113.99,109.10,105.30,102.04,106.93,104.22,101.50,99.87,98.25,101.50,99.87,98.25,97.70,97.16"
Rec-027_std_2,24,7,4390,core,317,331,0.0,5.0,0.9871,319,333,323,335,1.0,True,102.7322,116.6988,97.7027,5.2639,100.9592,"116.70,111.27,106.93,103.67,102.04,105.30,103.13,100.96,99.33,98.79,100.42,98.79,98.25,97.70,97.70"
Rec-027_std_2,24,8,4391,core,321,331,0.0,4.0,0.99,323,333,327,335,1.0,True,104.4328,121.5835,98.2455,6.235,103.1302,"121.58,113.99,109.10,105.30,103.13,106.93,105.30,103.13,100.96,99.87,101.50,99.87,99.33,98.25,98.25"
Rec-027_std_2,24,9,4392,core,326,331,0.0,5.0,0.9879,328,333,332,335,1.0,True,103.8177,116.6988,98.7882,4.8442,102.0447,"116.70,111.27,107.47,105.30,103.13,106.39,104.22,102.04,101.50,100.42,101.50,100.42,99.33,98.79,98.79"
Rec-027_std_2,24,10,4393,core,330,331,0.0,4.0,0.99,332,333,336,335,1.0,True,105.5906,120.498,99.8737,5.5024,103.6729,"120.50,113.99,109.64,106.93,105.30,108.01,105.84,103.67,103.13,102.04,103.13,101.50,100.42,99.87,99.87"
Rec-027_std_2,24,11,4394,core,339,331,0.0,9.0,0.9896,341,333,345,335,1.0,True,107.5445,121.0408,102.0447,5.1826,106.3867,"121.04,115.61,111.81,109.10,106.93,110.19,108.01,106.39,105.30,103.67,104.22,103.67,103.13,102.04,102.04"
Rec-027_std_2,24,12,4395,core,344,331,0.0,5.0,0.9876,346,333,350,335,1.0,True,105.9887,117.2416,99.8737,4.5126,105.3012,"117.24,112.90,109.64,106.93,105.30,109.10,106.93,105.30,103.67,102.04,104.22,103.13,102.04,101.50,99.87"
Rec-027_std_2,24,13,4396,core,353,331,0.0,9.0,0.9859,355,333,359,335,0.6,False,87.9695,108.5576,77.0784,9.6876,85.2196,"108.56,99.87,87.93,80.88,78.16,100.96,94.99,85.22,79.79,77.62,95.53,91.19,83.05,78.71,77.08"
Rec-027_std_2,24,14,4397,core,355,330,26.57,2.24,0.9862,357,332,361,334,0.2,False,86.9564,117.2416,76.5357,10.5078,83.5914,"117.24,97.70,89.02,83.05,79.79,98.25,89.56,84.13,79.79,77.62,90.65,83.59,79.79,77.62,76.54"
Rec-027_std_2,25,1,4506,core,292,331,0.0,2.0,0.9847,294,333,298,335,1.0,True,105.1926,123.2118,98.2455,7.1461,103.1302,"123.21,117.24,111.81,108.56,105.84,105.84,105.30,103.13,102.04,101.50,98.79,98.79,98.79,98.79,98.25"
Rec-027_std_2,25,2,4507,core,301,331,0.0,9.0,0.9858,303,333,307,335,1.0,True,106.0972,124.2973,98.7882,6.9247,103.6729,"124.30,117.24,111.81,107.47,105.30,109.64,106.39,103.67,102.04,100.42,103.13,101.50,100.42,99.33,98.79"
Rec-027_std_2,25,3,4508,core,305,331,0.0,4.0,0.9885,307,333,311,335,1.0,True,106.061,127.011,98.2455,7.634,103.6729,"127.01,117.78,111.81,107.47,104.22,109.64,106.39,103.67,101.50,99.87,103.13,101.50,99.87,98.79,98.25"
Rec-027_std_2,25,4,4509,core,310,331,0.0,5.0,0.9869,312,333,316,335,1.0,True,103.8539,120.498,97.16,6.1681,102.0447,"120.50,112.90,108.56,105.30,103.13,107.47,104.22,102.04,99.87,98.79,101.50,99.87,98.25,98.25,97.16"
Rec-027_std_2,25,5,4510,core,314,331,0.0,4.0,0.9891,316,333,320,335,1.0,True,104.6499,123.7545,97.7027,6.9905,102.0447,"123.75,115.61,110.19,105.84,103.13,107.47,105.30,102.04,100.96,99.33,101.50,99.87,98.79,98.25,97.70"
Rec-027_std_2,25,6,4511,core,319,331,0.0,5.0,0.988,321,333,325,335,1.0,True,103.7091,118.8698,98.2455,5.5295,102.0447,"118.87,111.81,108.01,105.30,103.13,106.39,103.67,102.04,100.42,99.87,100.96,99.87,98.79,98.25,98.25"
Rec-027_std_2,25,7,4512,core,323,331,0.0,4.0,0.9893,325,333,329,335,1.0,True,105.265,122.669,98.7882,6.334,103.1302,"122.67,115.07,110.19,106.39,104.22,108.01,105.30,103.13,102.04,100.96,102.04,100.96,99.87,99.33,98.79"
Rec-027_std_2,25,8,4513,core,328,331,0.0,5.0,0.9883,330,333,334,335,1.0,True,105.0479,117.7843,99.8737,4.9062,103.1302,"117.78,112.90,109.10,106.39,105.30,107.47,105.30,103.13,102.04,102.04,102.04,101.50,100.42,100.42,99.87"
Rec-027_std_2,25,9,4514,core,332,331,0.0,4.0,0.989,334,333,338,335,1.0,True,107.0018,121.5835,101.502,5.5734,105.3012,"121.58,115.61,111.81,108.56,106.93,109.64,107.47,105.30,104.22,103.13,103.67,102.04,102.04,101.50,101.50"
Rec-027_std_2,25,10,4515,core,337,331,0.0,5.0,0.9885,339,333,343,335,1.0,True,107.3636,119.4126,102.0447,4.7819,105.8439,"119.41,115.07,111.27,109.10,107.47,109.64,108.01,105.84,105.30,104.22,104.22,103.67,103.13,102.04,102.04"
Rec-027_std_2,25,11,4516,core,341,331,0.0,4.0,0.9884,343,333,347,335,1.0,True,108.9195,122.669,102.0447,5.5479,107.4722,"122.67,117.78,113.99,110.73,108.56,111.81,109.64,107.47,106.39,105.30,105.30,105.30,103.67,103.13,102.04"
Rec-027_std_2,25,12,4517,core,346,331,0.0,5.0,0.9878,348,333,352,335,1.0,True,106.3505,119.4126,98.7882,5.2936,105.3012,"119.41,113.99,110.73,107.47,105.30,110.19,108.01,105.30,103.13,102.04,105.30,103.13,102.04,100.42,98.79"
Rec-027_std_2,25,13,4518,core,350,331,0.0,4.0,0.9867,352,333,356,335,1.0,True,101.9723,118.8698,90.6471,7.3297,102.0447,"118.87,112.90,106.93,102.04,95.53,108.56,105.30,102.04,98.25,93.36,102.04,99.87,97.70,95.53,90.65"
Rec-027_std_2,25,14,4519,core,355,331,0.0,5.0,0.985,357,333,361,335,0.2,False,81.1671,94.4463,75.9929,5.2204,78.7067,"94.45,86.31,81.96,78.71,77.08,89.02,82.51,78.71,77.62,75.99,84.68,80.33,77.62,76.54,75.99"
Rec-027_std_2,26,1,4626,core,290,331,0.0,0.0,0.9894,292,333,296,335,1.0,True,102.1894,117.7843,94.4463,6.8264,99.8737,"117.78,112.90,110.19,107.47,105.30,99.87,100.96,100.42,99.87,99.87,94.45,94.99,95.53,96.07,97.16"
Rec-027_std_2,26,2,4627,core,295,331,0.0,5.0,0.9863,297,333,301,335,1.0,True,107.0742,125.9255,99.8737,6.9941,105.3012,"125.93,117.78,112.90,109.10,106.39,109.64,107.47,105.30,103.13,102.04,103.13,102.04,100.96,100.42,99.87"
Rec-027_std_2,26,3,4628,core,299,331,0.0,4.0,0.9869,301,333,305,335,1.0,True,108.8109,132.4384,100.4165,8.5031,106.3867,"132.44,121.58,115.61,110.73,106.93,111.81,109.10,106.39,103.67,102.04,105.30,103.13,102.04,100.96,100.42"
Rec-027_std_2,26,4,4629,core,326,331,0.0,27.0,0.9881,328,333,332,335,1.0,True,105.6268,122.669,99.8737,6.1749,103.6729,"122.67,115.07,110.73,106.93,104.22,108.01,105.84,103.67,102.04,101.50,102.04,101.50,100.42,99.87,99.87"
Rec-027_std_2,26,5,4630,core,331,331,0.0,5.0,0.9895,333,333,337,335,1.0,True,105.8439,118.8698,100.9592,4.9822,104.2157,"118.87,113.99,109.64,106.93,105.30,108.56,106.39,104.22,103.13,102.04,103.13,102.04,101.50,100.96,100.96"
Rec-027_std_2,26,6,4631,core,335,331,0.0,4.0,0.9877,337,333,341,335,1.0,True,107.3636,122.1263,102.0447,5.564,105.8439,"122.13,116.16,111.81,108.56,106.39,110.19,108.01,105.84,104.22,103.67,104.22,103.13,102.04,102.04,102.04"
Rec-027_std_2,26,7,4632,core,340,331,0.0,5.0,0.9893,342,333,346,335,1.0,True,107.0741,119.4126,102.0447,4.6876,105.8439,"119.41,113.99,111.27,108.01,105.84,109.64,108.01,105.84,105.30,103.67,104.22,103.67,103.13,102.04,102.04"
Rec-027_std_2,26,8,4633,core,344,331,0.0,4.0,0.9867,346,333,350,335,1.0,True,107.5807,121.5835,100.9592,5.4137,105.8439,"121.58,116.16,111.81,108.56,105.84,110.73,108.56,106.39,105.30,103.13,105.30,104.22,103.13,102.04,100.96"
Rec-027_std_2,26,9,4634,core,349,331,0.0,5.0,0.9881,351,333,355,335,1.0,True,102.6236,116.6988,94.4463,5.9272,102.0447,"116.70,111.81,106.39,102.04,98.25,108.01,105.30,102.04,99.33,96.62,103.13,100.42,98.25,96.62,94.45"
Rec-027_std_2,26,10,4635,core,353,331,0.0,4.0,0.9851,355,333,359,335,0.6,False,89.1635,111.2714,77.6212,10.2949,85.7624,"111.27,102.04,89.56,83.05,78.71,103.13,96.07,85.76,80.33,77.62,97.16,91.73,83.59,79.79,77.62"
Rec-027_std_2,27,1,4742,core,290,331,0.0,0.0,0.9873,292,333,296,335,1.0,True,103.8177,122.669,95.5318,7.4772,101.502,"122.67,115.61,111.27,108.56,105.84,102.04,103.13,101.50,100.42,100.96,95.53,96.62,97.16,97.70,98.25"
Rec-027_std_2,27,2,4743,core,293,331,0.0,3.0,0.9861,295,333,299,335,1.0,True,108.0873,131.3529,100.4165,8.354,105.8439,"131.35,120.50,115.07,110.73,107.47,109.64,108.01,105.84,104.22,103.13,102.04,101.50,100.96,100.42,100.42"
Rec-027_std_2,27,3,4744,core,298,331,0.0,5.0,0.9864,300,333,304,335,1.0,True,107.5445,125.9255,100.4165,6.8016,105.8439,"125.93,117.78,112.90,109.10,106.39,110.73,108.56,105.84,103.13,102.04,104.22,103.13,102.04,100.96,100.42"
Rec-027_std_2,27,4,4745,core,302,331,0.0,4.0,0.9876,304,333,308,335,1.0,True,108.7024,131.8957,99.8737,8.294,106.3867,"131.90,121.04,115.07,110.19,106.93,111.81,109.10,106.39,103.67,102.04,105.30,103.67,102.04,101.50,99.87"
Rec-027_std_2,27,5,4746,core,311,331,0.0,9.0,0.9885,313,333,317,335,1.0,True,105.9163,126.4682,98.2455,7.4598,103.6729,"126.47,117.24,111.27,106.93,103.67,109.64,106.93,103.67,101.50,99.87,103.13,101.50,99.87,98.79,98.25"
Rec-027_std_2,27,6,4747,core,320,331,0.0,9.0,0.9886,322,333,326,335,1.0,True,104.7584,123.2118,98.2455,6.6679,103.1302,"123.21,115.07,109.64,105.84,103.13,107.47,105.30,103.13,100.96,99.87,101.50,100.42,99.33,98.25,98.25"
Rec-027_std_2,27,7,4748,core,334,331,0.0,14.0,0.9888,336,333,340,335,1.0,True,106.7123,118.8698,102.0447,4.5917,105.3012,"118.87,113.99,110.19,108.01,106.39,109.10,106.93,105.30,104.22,103.67,103.67,103.13,103.13,102.04,102.04"
Rec-027_std_2,27,8,4749,core,343,331,0.0,9.0,0.9887,345,333,349,335,1.0,True,108.3405,120.498,103.1302,4.7057,107.4722,"120.50,115.61,111.81,109.64,107.47,111.27,109.10,107.47,105.84,105.30,105.84,105.30,103.67,103.13,103.13"
Rec-027_std_2,27,9,4750,core,352,331,0.0,9.0,0.987,354,333,358,335,0.8,False,92.999,111.8141,78.7067,10.1976,94.4463,"111.81,106.39,98.25,85.76,80.33,104.22,100.42,94.45,84.68,79.79,99.33,96.62,91.19,83.05,78.71"
Rec-027_std_2,27,10,4751,core,355,331,0.0,3.0,0.9861,357,333,361,335,0.2,False,82.144,97.16,75.9929,5.9444,79.7922,"97.16,89.02,83.59,79.79,77.62,90.10,84.13,79.79,77.62,76.54,85.76,80.88,77.62,76.54,75.99"
Rec-027_std_2,28,1,4855,core,291,331,0.0,1.0,0.9864,293,333,297,335,1.0,True,104.9032,124.2973,98.2455,7.3634,103.1302,"124.30,116.70,111.81,108.01,105.84,105.30,103.67,103.13,101.50,100.96,98.25,98.25,98.25,98.79,98.79"
Rec-027_std_2,28,2,4856,core,295,331,0.0,4.0,0.9868,297,333,301,335,1.0,True,108.5938,132.4384,99.8737,8.5574,105.8439,"132.44,121.58,115.07,110.73,107.47,111.27,109.10,105.84,103.67,102.04,103.67,103.13,102.04,100.96,99.87"
Rec-027_std_2,28,3,4857,core,300,331,0.0,5.0,0.9876,302,333,306,335,1.0,True,106.7847,125.9255,99.8737,7.0081,104.2157,"125.93,117.78,111.81,108.01,105.30,110.19,107.47,104.22,102.04,100.96,104.22,102.04,101.50,100.42,99.87"
Rec-027_std_2,28,4,4858,core,304,331,0.0,4.0,0.9876,306,333,310,335,1.0,True,107.3636,130.8102,98.7882,8.2268,105.3012,"130.81,119.41,112.90,108.56,105.30,110.73,107.47,105.30,102.04,100.42,104.22,103.13,101.50,99.87,98.79"
Rec-027_std_2,28,5,4859,core,309,331,0.0,5.0,0.9886,311,333,315,335,1.0,True,104.6861,122.1263,98.2455,6.2698,103.1302,"122.13,113.99,109.10,105.30,103.13,108.01,105.30,102.04,100.96,99.33,103.13,100.96,99.87,98.79,98.25"
Rec-027_std_2,28,6,4860,core,313,331,0.0,4.0,0.9885,315,333,319,335,1.0,True,105.663,125.3828,98.2455,7.1337,103.1302,"125.38,116.70,110.73,106.93,103.67,109.10,105.84,103.13,101.50,99.87,103.13,101.50,99.87,99.33,98.25"
Rec-027_std_2,28,7,4861,core,318,331,0.0,5.0,0.9891,320,333,324,335,1.0,True,104.5775,120.498,98.7882,5.7016,103.1302,"120.50,112.90,108.56,105.30,103.13,107.47,105.30,103.13,101.50,100.42,102.04,100.96,99.87,98.79,98.79"
Rec-027_std_2,28,8,4862,core,322,331,0.0,4.0,0.9881,324,333,328,335,1.0,True,106.3867,124.84,99.8737,6.5968,104.2157,"124.84,116.16,111.27,107.47,105.30,109.10,106.93,104.22,103.13,101.50,103.13,102.04,100.96,99.87,99.87"
Rec-027_std_2,28,9,4863,core,327,331,0.0,5.0,0.9893,329,333,333,335,1.0,True,105.9887,119.4126,100.9592,5.0584,104.2157,"119.41,113.99,110.19,106.93,105.30,108.56,106.39,104.22,103.13,103.13,103.13,102.04,101.50,100.96,100.96"
Rec-027_std_2,28,10,4864,core,331,331,0.0,4.0,0.9874,333,333,337,335,1.0,True,108.3405,124.2973,102.0447,6.0105,106.9294,"124.30,117.78,112.90,109.64,107.47,111.27,109.10,106.93,105.30,104.22,105.30,103.67,103.13,102.04,102.04"
Rec-027_std_2,28,11,4865,core,336,331,0.0,5.0,0.9894,338,333,342,335,1.0,True,108.63,121.0408,103.1302,4.8296,107.4722,"121.04,116.70,111.81,110.19,108.01,111.27,109.10,107.47,106.39,105.84,105.30,105.30,104.22,103.67,103.13"
Rec-027_std_2,28,12,4866,core,340,331,0.0,4.0,0.9866,342,333,346,335,1.0,True,110.6201,124.84,104.2157,5.5285,109.6431,"124.84,119.41,115.61,111.81,110.19,112.90,111.27,109.64,108.01,106.93,107.47,106.39,105.30,105.30,104.22"
Rec-027_std_2,28,13,4867,core,349,331,0.0,9.0,0.9852,351,333,355,335,1.0,True,105.3374,121.5835,95.5318,6.8637,105.3012,"121.58,115.61,110.73,105.30,100.96,111.27,108.01,105.30,101.50,98.25,105.30,102.04,100.42,98.25,95.53"
Rec-027_std_2,28,14,4868,core,354,331,0.0,5.0,0.9866,356,333,360,335,0.4,False,84.894,106.3867,75.9929,8.7667,81.4204,"106.39,92.28,84.13,79.79,77.62,98.79,87.39,81.42,78.16,76.54,93.36,84.13,79.79,77.62,75.99"
Rec-027_std_2,29,1,4969,core,290,331,0.0,0.0,0.9892,292,333,296,335,1.0,True,102.6236,118.8698,94.4463,6.9122,99.8737,"118.87,112.90,110.73,108.01,105.84,99.87,101.50,100.96,99.87,99.87,94.45,95.53,96.07,96.62,98.25"
Rec-027_std_2,29,2,4970,core,294,331,0.0,4.0,0.9853,296,333,300,335,1.0,True,108.7386,132.9812,100.4165,8.8312,106.3867,"132.98,122.13,116.16,111.27,108.01,111.27,109.10,106.39,103.67,102.04,103.13,102.04,101.50,100.96,100.42"
Rec-027_std_2,29,3,4971,core,303,331,0.0,9.0,0.9869,305,333,309,335,1.0,True,107.8702,131.3529,99.331,8.2275,105.3012,"131.35,119.41,113.99,109.10,105.84,111.27,108.01,105.30,103.13,101.50,105.30,103.13,101.50,99.87,99.33"
Rec-027_std_2,29,4,4972,core,308,331,0.0,5.0,0.9874,310,333,314,335,1.0,True,105.265,122.669,98.2455,6.3865,103.1302,"122.67,115.07,110.19,105.84,103.67,108.56,105.84,103.13,101.50,99.87,103.13,101.50,100.42,99.33,98.25"
Rec-027_std_2,29,5,4973,core,312,331,0.0,4.0,0.9877,314,333,318,335,1.0,True,106.3505,127.011,98.7882,7.4535,104.2157,"127.01,117.78,111.81,107.47,104.22,109.64,106.93,104.22,102.04,100.42,103.13,102.04,100.42,99.33,98.79"
Rec-027_std_2,29,6,4974,core,317,331,0.0,5.0,0.9886,319,333,323,335,1.0,True,104.5775,120.498,98.2455,5.9245,103.1302,"120.50,113.99,109.10,105.30,103.13,107.47,105.30,103.13,100.96,99.87,102.04,100.96,99.87,98.79,98.25"
Rec-027_std_2,29,7,4975,core,321,331,0.0,4.0,0.9875,323,333,327,335,1.0,True,105.8077,124.84,98.7882,6.8523,103.6729,"124.84,116.16,110.73,106.93,103.67,109.10,106.39,103.67,102.04,100.42,103.13,101.50,100.42,99.33,98.79"
Rec-027_std_2,29,8,4976,core,326,331,0.0,5.0,0.9886,328,333,332,335,1.0,True,105.0117,118.8698,99.8737,5.0327,103.1302,"118.87,112.90,108.56,105.84,103.67,107.47,105.30,103.13,102.04,101.50,103.13,101.50,100.96,100.42,99.87"
Rec-027_std_2,29,9,4977,core,330,331,0.0,4.0,0.9869,332,333,336,335,1.0,True,107.3274,123.2118,102.0447,5.7897,105.8439,"123.21,116.16,111.81,108.56,105.84,110.19,107.47,105.84,104.22,103.13,104.22,103.13,102.04,102.04,102.04"
Rec-027_std_2,29,10,4978,core,335,331,0.0,5.0,0.9886,337,333,341,335,1.0,True,107.3998,119.4126,103.1302,4.4486,106.3867,"119.41,113.99,110.73,108.01,106.39,110.19,108.01,106.39,105.30,104.22,105.30,103.67,103.13,103.13,103.13"
Rec-027_std_2,29,11,4979,core,339,331,0.0,4.0,0.9861,341,333,345,335,1.0,True,109.3899,123.2118,103.6729,5.1978,108.0149,"123.21,117.78,112.90,110.73,108.56,111.81,110.19,108.01,106.93,105.84,106.39,105.30,105.30,104.22,103.67"
Rec-027_std_2,29,12,4980,core,344,331,0.0,5.0,0.9883,346,333,350,335,1.0,True,108.9195,120.498,103.1302,4.6294,108.0149,"120.50,116.16,112.90,109.64,108.01,111.81,110.19,108.01,106.39,105.30,106.93,105.84,105.30,103.67,103.13"
Rec-027_std_2,29,13,4981,core,348,331,0.0,4.0,0.9853,350,333,354,335,1.0,True,106.6399,121.5835,97.7027,6.2886,105.8439,"121.58,116.16,111.81,106.93,103.13,111.81,109.10,106.39,103.13,100.42,105.84,103.67,102.04,99.87,97.70"
Rec-027_std_2,29,14,4982,core,353,331,0.0,5.0,0.9867,355,333,359,335,0.6,False,89.2359,111.2714,77.0784,10.507,85.7624,"111.27,102.04,89.02,81.96,78.71,103.67,96.62,85.76,80.33,77.62,98.25,92.28,84.13,79.79,77.08"
Rec-027_std_2,29,15,4983,core,355,330,26.57,2.24,0.9863,357,332,361,334,0.2,False,86.9202,116.6988,76.5357,10.4095,83.5914,"116.70,97.70,89.02,83.05,79.79,98.25,89.02,83.59,79.79,77.62,91.19,84.13,79.79,77.62,76.54"
Rec-028_30s_2,1,1,3253,core,290,331,0.0,0.0,0.9864,292,333,296,335,1.0,True,87.861,111.8141,78.7067,9.1226,85.7624,"111.81,101.50,96.62,92.28,89.56,87.93,87.93,85.76,83.59,82.51,80.88,80.33,79.79,78.71,78.71"
Rec-028_30s_2,1,2,3254,core,296,331,0.0,6.0,0.9826,298,333,302,335,1.0,True,89.851,117.7843,78.7067,10.1226,87.3906,"117.78,104.22,97.70,93.36,89.56,93.36,90.10,87.39,84.68,83.05,84.13,83.05,80.88,79.79,78.71"
Rec-028_30s_2,1,3,3255,core,301,331,0.0,5.0,0.9862,303,333,307,335,1.0,True,87.2097,108.5576,77.6212,8.1584,85.2196,"108.56,98.79,94.45,90.10,87.39,91.19,87.93,85.22,83.05,81.42,83.05,80.88,79.79,78.71,77.62"
Rec-028_30s_2,1,4,3256,core,305,331,0.0,4.0,0.983,307,333,311,335,1.0,True,88.8379,115.6133,78.7067,9.6392,86.8478,"115.61,102.04,96.07,92.28,88.48,92.28,89.56,86.85,84.13,81.96,83.59,81.96,80.33,78.71,78.71"
Rec-028_30s_2,1,5,3257,core,310,331,0.0,5.0,0.9861,312,333,316,335,1.0,True,86.4498,105.3012,77.6212,7.4298,84.6769,"105.30,97.70,93.36,89.56,86.85,89.56,86.85,84.68,82.51,80.88,82.51,80.88,79.79,78.71,77.62"
Rec-028_30s_2,1,6,3258,core,315,331,0.0,5.0,0.9837,317,333,321,335,1.0,True,84.9301,99.331,78.1639,6.027,83.0486,"99.33,94.45,90.65,87.93,85.76,87.93,85.76,83.05,81.96,80.88,80.88,79.79,78.71,78.71,78.16"
Rec-028_30s_2,1,7,3259,core,319,331,0.0,4.0,0.9872,321,333,325,335,1.0,True,86.5584,103.6729,78.7067,6.7378,84.6769,"103.67,96.62,92.28,89.56,87.93,89.56,86.85,84.68,83.05,82.51,82.51,80.88,79.79,79.79,78.71"
Rec-028_30s_2,1,8,3260,core,324,331,0.0,5.0,0.9842,326,333,330,335,1.0,True,86.884,100.9592,80.3349,5.7318,85.2196,"100.96,95.53,92.28,89.56,87.93,89.56,87.39,85.22,84.13,83.59,83.05,81.96,80.88,80.88,80.33"
Rec-028_30s_2,1,9,3261,core,328,331,0.0,4.0,0.9868,330,333,334,335,1.0,True,88.6208,103.6729,81.9631,6.1611,86.8478,"103.67,98.25,94.45,91.73,90.10,90.65,89.02,86.85,85.76,85.22,84.13,83.05,82.51,81.96,81.96"
Rec-028_30s_2,1,10,3262,core,333,331,0.0,5.0,0.9853,335,333,339,335,1.0,True,89.1274,101.502,83.0486,5.3992,87.9333,"101.50,97.70,94.45,92.28,91.19,91.19,89.02,87.93,86.85,86.31,84.68,84.13,83.59,83.05,83.05"
Rec-028_30s_2,1,11,3263,core,337,331,0.0,4.0,0.9876,339,333,343,335,1.0,True,90.7194,105.3012,83.5914,6.2132,89.0188,"105.30,100.42,96.62,94.45,92.28,93.36,91.19,89.02,87.93,87.39,85.76,85.22,84.13,84.13,83.59"
Rec-028_30s_2,1,12,3264,core,342,331,0.0,5.0,0.9861,344,333,348,335,1.0,True,90.1405,102.0447,84.1341,5.2601,89.0188,"102.04,98.25,95.53,93.36,92.28,92.28,90.10,89.02,87.93,87.39,85.76,85.22,84.68,84.13,84.13"
Rec-028_30s_2,1,13,3265,core,346,331,0.0,4.0,0.9854,348,333,352,335,1.0,True,91.0089,105.3012,84.1341,6.0166,89.5616,"105.30,100.42,97.16,94.45,91.73,93.36,91.19,89.56,88.48,87.39,86.85,85.76,85.22,84.13,84.13"
Rec-028_30s_2,1,14,3266,core,351,331,0.0,5.0,0.9829,353,333,357,335,1.0,True,87.1011,100.9592,77.6212,6.3228,85.7624,"100.96,97.16,93.36,88.48,81.96,91.73,89.56,87.39,84.13,79.79,85.76,84.13,83.05,81.42,77.62"
Rec-028_30s_2,1,15,3267,core,356,330,11.31,5.1,0.9863,358,332,362,334,0.0,False,81.1309,95.5318,74.9074,5.6015,78.7067,"95.53,89.02,84.13,80.33,77.62,87.39,83.05,78.71,77.08,75.99,81.42,78.71,77.08,75.99,74.91"
Rec-028_30s_2,2,1,3397,core,290,331,0.0,0.0,0.9866,292,333,296,335,1.0,True,94.0121,117.7843,85.7624,9.0996,91.7325,"117.78,107.47,103.13,99.33,96.07,92.28,93.36,91.73,90.65,89.56,85.76,85.76,85.76,85.76,85.76"
Rec-028_30s_2,2,2,3398,core,292,331,0.0,2.0,0.9838,294,333,298,335,1.0,True,94.9166,116.1561,85.7624,8.4568,92.2753,"116.16,108.56,103.13,98.79,95.53,97.16,94.99,92.28,91.19,89.56,89.02,87.93,87.39,86.31,85.76"
Rec-028_30s_2,2,3,3399,core,301,331,0.0,9.0,0.9849,303,333,307,335,1.0,True,93.9759,115.6133,85.2196,8.1203,91.7325,"115.61,105.84,100.96,96.62,94.45,97.16,94.45,91.73,89.56,88.48,89.56,87.93,86.31,85.76,85.22"
Rec-028_30s_2,2,4,3400,core,305,331,0.0,4.0,0.9844,307,333,311,335,1.0,True,94.9166,120.498,85.2196,9.2932,92.2753,"120.50,108.56,102.04,97.70,94.45,98.25,95.53,92.28,90.10,88.48,89.56,88.48,86.85,85.76,85.22"
Rec-028_30s_2,2,5,3401,core,310,331,0.0,5.0,0.9855,312,333,316,335,1.0,True,92.5286,111.8141,84.1341,7.3565,90.6471,"111.81,103.67,98.79,94.99,92.28,95.53,93.36,90.65,88.48,87.39,89.02,86.85,85.76,85.22,84.13"
Rec-028_30s_2,2,6,3402,core,314,331,0.0,4.0,0.9845,316,333,320,335,1.0,True,93.5055,115.0706,85.2196,7.9951,91.1898,"115.07,105.84,100.42,96.07,93.36,95.53,93.36,91.19,89.56,88.48,88.48,87.93,86.31,85.76,85.22"
Rec-028_30s_2,2,7,3403,core,319,331,0.0,5.0,0.9867,321,333,325,335,1.0,True,92.8904,110.1859,85.7624,6.6587,91.1898,"110.19,103.13,98.25,95.53,93.36,95.53,93.36,91.19,89.56,88.48,89.02,87.93,86.31,85.76,85.76"
Rec-028_30s_2,2,8,3404,core,323,331,0.0,4.0,0.9846,325,333,329,335,1.0,True,94.1206,113.9851,85.7624,7.5434,92.2753,"113.99,105.84,100.42,96.62,94.45,96.62,94.45,92.28,90.10,89.56,89.56,88.48,87.39,86.31,85.76"
Rec-028_30s_2,2,9,3405,core,328,331,0.0,5.0,0.9868,330,333,334,335,1.0,True,93.5055,109.1004,86.8478,6.1035,91.7325,"109.10,103.13,98.79,96.07,94.45,95.53,93.36,91.73,90.65,90.10,89.56,88.48,87.93,86.85,86.85"
Rec-028_30s_2,2,10,3406,core,332,331,0.0,4.0,0.9837,334,333,338,335,1.0,True,95.3147,111.8141,87.9333,6.6496,93.3608,"111.81,105.84,101.50,98.25,96.62,97.70,95.53,93.36,92.28,91.19,90.65,89.56,89.02,88.48,87.93"
Rec-028_30s_2,2,11,3407,core,337,331,0.0,5.0,0.9874,339,333,343,335,1.0,True,95.0614,109.1004,88.4761,5.8215,93.3608,"109.10,104.22,100.42,98.25,96.62,97.16,95.53,93.36,92.28,91.73,90.65,89.56,89.56,89.02,88.48"
Rec-028_30s_2,2,12,3408,core,342,331,0.0,5.0,0.9836,344,333,348,335,1.0,True,94.8081,106.3867,89.0188,5.0397,93.3608,"106.39,103.13,99.87,97.70,96.07,96.62,94.99,93.36,92.28,92.28,91.19,90.10,89.56,89.56,89.02"
Rec-028_30s_2,2,13,3409,core,346,331,0.0,4.0,0.985,348,333,352,335,1.0,True,95.2423,109.1004,87.9333,5.7741,94.4463,"109.10,104.22,100.96,97.70,95.53,98.25,95.53,94.45,92.28,91.73,91.73,90.65,89.56,89.02,87.93"
Rec-028_30s_2,2,14,3410,core,351,331,0.0,5.0,0.9813,353,333,357,335,1.0,True,89.9234,103.6729,79.7922,6.4726,89.5616,"103.67,99.33,94.99,90.65,83.05,95.53,93.36,90.65,87.93,80.88,89.56,88.48,86.85,84.13,79.79"
Rec-028_30s_2,2,15,3411,core,355,331,0.0,4.0,0.9842,357,333,361,335,0.2,False,80.552,93.3608,75.4502,4.902,78.7067,"93.36,86.31,82.51,78.71,77.08,86.85,81.96,78.71,77.08,75.99,82.51,78.71,77.08,75.99,75.45"
Rec-028_30s_2,2,16,3412,core,355,330,90.0,1.0,0.9866,357,332,361,334,0.2,False,86.0156,115.0706,75.9929,9.8632,83.0486,"115.07,96.07,88.48,83.59,79.79,96.07,87.93,83.05,79.79,77.62,87.93,82.51,78.71,77.62,75.99"
Rec-028_30s_2,3,1,3540,core,290,331,0.0,0.0,0.9865,292,333,296,335,1.0,True,96.3278,121.0408,87.9333,9.2805,94.4463,"121.04,110.19,105.30,100.96,98.25,94.99,95.53,94.45,92.28,91.19,88.48,87.93,87.93,87.93,88.48"
Rec-028_30s_2,3,2,3541,core,294,331,0.0,4.0,0.9834,296,333,300,335,1.0,True,96.9429,115.6133,89.5616,7.2243,94.989,"115.61,108.56,103.13,99.33,97.70,99.33,97.16,94.99,93.36,92.28,92.28,91.19,90.10,89.56,89.56"
Rec-028_30s_2,3,3,3542,core,298,331,0.0,4.0,0.9876,300,333,304,335,1.0,True,98.354,121.5835,89.5616,8.5407,96.0745,"121.58,110.73,105.30,100.96,97.70,102.04,98.79,96.07,94.45,92.28,93.36,91.73,91.19,89.56,89.56"
Rec-028_30s_2,3,4,3543,core,302,331,0.0,4.0,0.9847,304,333,308,335,1.0,True,99.1139,127.011,89.5616,9.7307,96.0745,"127.01,112.90,105.84,101.50,98.25,102.04,99.33,96.07,94.45,92.28,94.45,92.28,91.19,89.56,89.56"
Rec-028_30s_2,3,5,3544,core,307,331,0.0,5.0,0.9886,309,333,313,335,1.0,True,96.364,117.2416,88.4761,7.528,94.4463,"117.24,107.47,102.04,98.25,95.53,99.33,96.62,94.45,92.28,91.19,92.28,91.19,89.56,89.56,88.48"
Rec-028_30s_2,3,6,3545,core,312,331,0.0,5.0,0.9859,314,333,318,335,1.0,True,94.4463,109.6431,87.9333,5.8017,92.2753,"109.64,103.13,99.33,96.07,94.45,97.70,94.99,92.28,91.19,90.65,91.19,90.10,89.56,88.48,87.93"
Rec-028_30s_2,3,7,3546,core,316,331,0.0,4.0,0.9884,318,333,322,335,1.0,True,95.8574,113.9851,89.0188,6.6791,94.4463,"113.99,105.84,100.96,97.70,95.53,98.79,96.07,94.45,92.28,91.19,92.28,90.65,89.56,89.56,89.02"
Rec-028_30s_2,3,8,3547,core,325,331,0.0,9.0,0.9887,327,333,331,335,1.0,True,96.364,112.8996,89.5616,6.3352,94.989,"112.90,105.84,102.04,98.25,97.16,98.79,96.62,94.99,93.36,92.28,92.28,91.19,90.65,89.56,89.56"
Rec-028_30s_2,3,9,3548,core,334,331,0.0,9.0,0.9884,336,333,340,335,1.0,True,98.0284,112.8996,91.1898,5.8784,96.0745,"112.90,106.93,103.13,100.96,98.79,100.42,98.25,96.07,95.53,94.45,94.45,93.36,92.28,91.73,91.19"
Rec-028_30s_2,3,10,3549,core,339,331,0.0,5.0,0.9877,341,333,345,335,1.0,True,97.8113,110.1859,92.2753,5.0144,96.0745,"110.19,105.30,102.04,100.42,99.33,99.87,98.25,96.07,95.53,95.53,94.45,93.36,92.28,92.28,92.28"
Rec-028_30s_2,3,11,3550,core,348,331,0.0,9.0,0.9871,350,333,354,335,1.0,True,96.4725,108.5576,89.5616,5.0077,95.5318,"108.56,104.22,100.96,97.70,95.53,99.87,97.70,95.53,94.45,92.28,94.45,93.36,91.73,91.19,89.56"
Rec-028_30s_2,3,12,3551,core,352,331,0.0,4.0,0.9859,354,333,358,335,0.8,False,89.8148,107.4722,77.6212,8.6246,90.6471,"107.47,102.04,95.53,86.31,79.79,98.25,95.53,91.19,83.59,78.71,92.28,90.65,87.39,80.88,77.62"
Rec-028_30s_2,3,13,3552,core,355,331,0.0,3.0,0.9821,357,333,361,335,0.2,False,81.8546,98.2455,75.4502,6.1475,79.7922,"98.25,89.02,83.59,79.79,77.62,89.56,83.59,79.79,77.62,75.99,84.13,79.79,77.62,75.99,75.45"
Rec-028_30s_2,4,1,3677,core,291,331,0.0,1.0,0.986,293,333,297,335,1.0,True,97.558,117.7843,90.1043,7.8613,95.5318,"117.78,109.64,105.30,101.50,98.79,98.25,97.16,95.53,94.45,93.36,91.19,90.10,90.10,90.10,90.10"
Rec-028_30s_2,4,2,3678,core,295,331,0.0,4.0,0.986,297,333,301,335,1.0,True,100.3079,125.3828,91.1898,9.1104,97.7027,"125.38,113.99,107.47,103.13,99.87,103.13,100.42,97.70,95.53,94.45,94.99,93.36,92.28,91.73,91.19"
Rec-028_30s_2,4,3,3679,core,300,331,0.0,5.0,0.9869,302,333,306,335,1.0,True,98.4264,117.7843,90.6471,7.2727,96.0745,"117.78,109.64,104.22,100.42,98.25,102.04,98.25,96.07,94.45,93.36,94.99,93.36,91.73,91.19,90.65"
Rec-028_30s_2,4,4,3680,core,304,331,0.0,4.0,0.9875,306,333,310,335,1.0,True,98.933,122.669,90.1043,8.4837,96.0745,"122.67,111.27,105.30,100.96,98.25,102.04,99.33,96.07,94.45,92.28,94.99,93.36,91.73,91.19,90.10"
Rec-028_30s_2,4,5,3681,core,309,331,0.0,5.0,0.9882,311,333,315,335,1.0,True,96.5087,113.9851,89.5616,6.4803,94.4463,"113.99,106.39,101.50,98.25,96.07,99.33,97.16,94.45,92.28,91.73,93.36,92.28,91.19,90.10,89.56"
Rec-028_30s_2,4,6,3682,core,313,331,0.0,4.0,0.9886,315,333,319,335,1.0,True,97.4856,117.7843,90.1043,7.3215,95.5318,"117.78,108.56,103.13,98.79,96.07,100.42,97.70,95.53,93.36,92.28,94.45,92.28,91.19,90.65,90.10"
Rec-028_30s_2,4,7,3683,core,318,331,0.0,5.0,0.9895,320,333,324,335,1.0,True,95.785,111.8141,89.5616,5.9813,94.4463,"111.81,105.30,99.87,97.16,95.53,98.79,96.07,94.45,92.28,91.73,92.28,91.19,90.65,90.10,89.56"
Rec-028_30s_2,4,8,3684,core,322,331,0.0,4.0,0.9884,324,333,328,335,1.0,True,97.0876,116.1561,90.1043,6.8189,95.5318,"116.16,106.93,102.04,98.79,96.62,99.87,97.16,95.53,93.36,92.28,93.36,92.28,91.19,90.65,90.10"
Rec-028_30s_2,4,9,3685,core,327,331,0.0,5.0,0.9895,329,333,333,335,1.0,True,96.7258,110.7286,91.1898,5.3919,94.989,"110.73,105.30,101.50,98.25,97.16,98.79,96.62,94.99,94.45,93.36,93.36,92.28,91.73,91.19,91.19"
Rec-028_30s_2,4,10,3686,core,331,331,0.0,4.0,0.9882,333,333,337,335,1.0,True,98.8244,115.0706,92.2753,6.1738,97.16,"115.07,108.56,103.67,100.96,98.79,101.50,98.79,97.16,95.53,94.99,94.99,94.45,93.36,92.28,92.28"
Rec-028_30s_2,4,11,3687,core,336,331,0.0,5.0,0.9898,338,333,342,335,1.0,True,98.9692,111.8141,93.3608,5.028,97.7027,"111.81,106.93,103.13,100.96,99.33,101.50,98.79,97.70,96.07,96.07,95.53,94.45,94.45,94.45,93.36"
Rec-028_30s_2,4,12,3688,core,340,331,0.0,4.0,0.9871,342,333,346,335,1.0,True,100.8145,115.6133,94.989,5.7318,99.331,"115.61,109.64,105.84,103.13,100.96,103.13,100.96,99.33,98.25,97.70,96.62,95.53,95.53,94.99,94.99"
Rec-028_30s_2,4,13,3689,core,345,331,0.0,5.0,0.9888,347,333,351,335,1.0,True,99.729,111.8141,93.3608,4.9126,98.7882,"111.81,107.47,104.22,101.50,99.87,102.04,100.42,98.79,97.16,96.07,97.16,96.07,95.53,94.45,93.36"
Rec-028_30s_2,4,14,3690,core,349,331,0.0,4.0,0.9853,351,333,355,335,1.0,True,98.4988,113.9851,90.6471,6.1751,96.6172,"113.99,108.01,103.13,99.33,95.53,103.13,100.42,97.70,95.53,93.36,96.62,94.99,93.36,91.73,90.65"
Rec-028_30s_2,4,15,3691,core,354,331,0.0,5.0,0.9867,356,333,360,335,0.4,False,83.6637,103.1302,75.9929,7.8222,80.8776,"103.13,91.19,83.05,79.79,77.08,95.53,86.85,80.88,77.62,75.99,89.56,83.05,78.71,76.54,75.99"
Rec-028_30s_2,4,16,3692,core,356,330,26.57,2.24,0.9875,358,332,362,334,0.0,False,81.5289,97.7027,75.4502,6.0541,79.7922,"97.70,89.02,83.05,78.71,77.08,89.02,83.05,79.79,77.08,75.99,83.59,79.79,77.62,75.99,75.45"
Rec-028_30s_2,5,1,3818,core,290,331,0.0,0.0,0.9868,292,333,296,335,1.0,True,98.5711,123.2118,90.1043,9.0489,96.0745,"123.21,111.81,106.93,103.13,99.87,97.16,97.70,96.07,94.99,94.45,90.10,90.65,90.65,90.65,91.19"
Rec-028_30s_2,5,2,3819,core,294,331,0.0,4.0,0.9845,296,333,300,335,1.0,True,99.5843,117.7843,92.2753,7.0456,97.7027,"117.78,110.73,105.84,102.04,99.87,102.04,99.87,97.70,96.07,95.53,94.99,93.36,93.36,92.28,92.28"
Rec-028_30s_2,5,3,3820,core,298,331,0.0,4.0,0.9877,300,333,304,335,1.0,True,101.719,125.3828,92.2753,8.7106,99.331,"125.38,115.07,108.56,103.67,100.96,105.30,102.04,99.33,97.16,95.53,97.16,95.53,94.45,93.36,92.28"
Rec-028_30s_2,5,4,3821,core,307,331,0.0,9.0,0.9888,309,333,313,335,1.0,True,99.9461,122.1263,91.1898,7.9936,97.7027,"122.13,111.81,105.84,102.04,98.25,103.13,100.42,97.70,95.53,94.45,96.07,94.99,93.36,92.28,91.19"
Rec-028_30s_2,5,5,3822,core,312,331,0.0,5.0,0.9876,314,333,318,335,1.0,True,96.8344,112.8996,90.6471,5.9547,94.989,"112.90,105.84,101.50,98.25,96.07,99.87,97.16,94.99,93.36,92.28,94.45,92.28,91.73,91.19,90.65"
Rec-028_30s_2,5,6,3823,core,316,331,0.0,4.0,0.9896,318,333,322,335,1.0,True,97.7389,116.6988,91.1898,6.8379,95.5318,"116.70,108.01,103.13,98.79,96.62,100.42,98.25,95.53,94.45,92.28,94.45,93.36,91.73,91.19,91.19"
Rec-028_30s_2,5,7,3824,core,325,331,0.0,9.0,0.9898,327,333,331,335,1.0,True,97.7751,113.9851,91.7325,5.9483,96.0745,"113.99,106.93,102.04,99.33,97.70,99.87,98.25,96.07,94.45,94.45,94.45,93.36,92.28,91.73,91.73"
Rec-028_30s_2,5,8,3825,core,334,331,0.0,9.0,0.9898,336,333,340,335,1.0,True,99.6566,113.9851,93.3608,5.5519,98.2455,"113.99,108.56,104.22,101.50,99.87,102.04,99.87,98.25,96.62,96.07,96.07,95.53,94.45,94.45,93.36"
Rec-028_30s_2,5,9,3826,core,339,331,0.0,5.0,0.9897,341,333,345,335,1.0,True,99.4033,111.2714,94.4463,4.592,98.2455,"111.27,106.39,103.13,101.50,99.87,101.50,99.33,98.25,97.16,96.62,96.07,95.53,94.99,94.99,94.45"
Rec-028_30s_2,5,10,3827,core,343,331,0.0,4.0,0.9888,345,333,349,335,1.0,True,100.9954,113.9851,95.5318,5.1697,99.8737,"113.99,109.10,105.84,103.13,100.96,103.13,101.50,99.87,98.25,97.70,97.70,96.62,96.07,95.53,95.53"
Rec-028_30s_2,5,11,3828,core,352,331,0.0,9.0,0.9873,354,333,358,335,0.8,False,91.1898,109.6431,78.1639,9.0927,92.2753,"109.64,103.13,97.70,86.85,80.33,100.42,97.16,92.28,84.13,78.71,94.45,92.28,89.56,83.05,78.16"
Rec-028_30s_2,5,12,3829,core,356,331,0.0,4.0,0.9846,358,333,362,335,0.0,False,78.8876,89.5616,74.9074,3.9867,77.6212,"89.56,84.13,79.79,77.08,75.99,83.59,79.79,77.62,75.99,75.45,80.33,77.62,75.99,75.45,74.91"
Rec-028_30s_2,6,1,3956,core,290,331,0.0,0.0,0.9884,292,333,296,335,1.0,True,98.535,121.0408,90.6471,8.4498,96.0745,"121.04,111.27,106.39,103.13,100.42,97.16,97.70,96.07,94.99,94.45,90.65,91.19,91.19,91.19,91.19"
Rec-028_30s_2,6,2,3957,core,292,331,0.0,2.0,0.9868,294,333,298,335,1.0,True,101.2849,124.84,93.3608,8.6676,98.7882,"124.84,113.99,109.10,105.30,102.04,102.04,100.96,98.79,97.16,96.07,94.45,94.45,93.36,93.36,93.36"
Rec-028_30s_2,6,3,3958,core,297,331,0.0,5.0,0.9864,299,333,303,335,1.0,True,100.8868,120.498,93.3608,7.3297,98.7882,"120.50,111.81,106.93,103.13,100.42,104.22,101.50,98.79,97.16,95.53,96.62,95.53,94.45,93.36,93.36"
Rec-028_30s_2,6,4,3959,core,301,331,0.0,4.0,0.9888,303,333,307,335,1.0,True,101.7914,124.84,93.3608,8.238,99.331,"124.84,113.99,108.01,103.13,100.42,105.30,102.04,99.33,97.16,95.53,98.25,96.07,94.99,94.45,93.36"
Rec-028_30s_2,6,5,3960,core,306,331,0.0,5.0,0.9871,308,333,312,335,1.0,True,99.2586,117.2416,92.2753,6.7115,97.16,"117.24,109.64,104.22,100.42,98.25,103.13,99.87,97.16,95.53,94.45,96.07,94.99,93.36,92.28,92.28"
Rec-028_30s_2,6,6,3961,core,310,331,0.0,4.0,0.9894,312,333,316,335,1.0,True,99.9461,121.0408,92.2753,7.5748,97.7027,"121.04,111.27,105.30,101.50,98.25,103.13,100.42,97.70,95.53,94.45,97.16,95.53,93.36,92.28,92.28"
Rec-028_30s_2,6,7,3962,core,315,331,0.0,5.0,0.9883,317,333,321,335,1.0,True,97.5218,112.8996,91.1898,5.8444,95.5318,"112.90,106.93,102.04,98.79,96.62,100.42,98.25,95.53,94.45,93.36,94.99,93.36,92.28,91.73,91.19"
Rec-028_30s_2,6,8,3963,core,319,331,0.0,4.0,0.9897,321,333,325,335,1.0,True,98.3902,117.7843,91.1898,6.9235,96.0745,"117.78,108.56,103.13,99.87,97.16,101.50,98.79,96.07,94.45,93.36,95.53,94.45,92.28,91.73,91.19"
Rec-028_30s_2,6,9,3964,core,324,331,0.0,5.0,0.9893,326,333,330,335,1.0,True,97.0515,111.2714,91.1898,5.3627,95.5318,"111.27,105.30,101.50,98.25,97.16,99.33,97.16,95.53,94.45,93.36,94.45,93.36,92.28,91.19,91.19"
Rec-028_30s_2,6,10,3965,core,328,331,0.0,4.0,0.9897,330,333,334,335,1.0,True,98.9691,115.6133,92.2753,6.1777,97.16,"115.61,108.56,103.67,100.96,98.79,101.50,98.79,97.16,95.53,95.53,94.99,94.45,93.36,93.36,92.28"
Rec-028_30s_2,6,11,3966,core,333,331,0.0,5.0,0.9897,335,333,339,335,1.0,True,99.3672,111.8141,94.4463,4.9086,98.2455,"111.81,107.47,103.13,100.96,99.87,101.50,99.87,98.25,97.16,96.07,95.53,95.53,94.45,94.45,94.45"
Rec-028_30s_2,6,12,3967,core,342,331,0.0,9.0,0.99,344,333,348,335,1.0,True,100.9954,112.8996,95.5318,4.832,99.8737,"112.90,108.56,105.30,103.13,101.50,103.13,101.50,99.87,98.79,98.25,97.70,97.16,96.07,95.53,95.53"
Rec-028_30s_2,6,13,3968,core,351,331,0.0,9.0,0.9884,353,333,357,335,1.0,True,94.4101,109.1004,82.5059,7.111,94.4463,"109.10,104.22,99.33,94.45,85.76,100.96,98.25,94.99,91.19,84.13,95.53,94.45,91.73,89.56,82.51"
Rec-028_30s_2,6,14,3969,core,355,330,14.04,4.12,0.991,357,332,361,334,0.2,False,85.7624,115.6133,75.9929,10.3169,82.5059,"115.61,95.53,87.39,81.96,78.16,97.70,87.93,82.51,78.71,76.54,89.56,83.05,78.71,77.08,75.99"
Rec-029_10s_2,1,1,2703,core,290,331,0.0,0.0,0.9869,292,333,296,335,1.0,True,93.7588,117.2416,85.7624,8.7368,91.1898,"117.24,106.93,102.04,97.70,94.99,93.36,93.36,91.19,89.56,89.02,86.85,86.85,85.76,85.76,85.76"
Rec-029_10s_2,1,2,2704,core,293,331,0.0,3.0,0.9866,295,333,299,335,1.0,True,94.8805,117.2416,86.3051,8.1477,92.2753,"117.24,106.93,101.50,97.70,94.99,97.16,94.99,92.28,90.65,89.56,89.56,89.02,87.93,87.39,86.31"
Rec-029_10s_2,1,3,2705,core,298,331,0.0,5.0,0.9855,300,333,304,335,1.0,True,92.8542,111.2714,85.2196,6.8723,91.1898,"111.27,103.13,98.25,94.45,91.73,96.62,93.36,91.19,89.02,87.93,89.56,88.48,86.85,85.76,85.22"
Rec-029_10s_2,1,4,2706,core,302,331,0.0,4.0,0.9881,304,333,308,335,1.0,True,92.9266,115.0706,84.1341,8.0312,91.1898,"115.07,105.30,98.25,94.45,91.19,96.62,93.36,91.19,88.48,86.85,89.56,87.93,86.31,85.22,84.13"
Rec-029_10s_2,1,5,2707,core,311,331,0.0,9.0,0.9891,313,333,317,335,1.0,True,88.8379,106.9294,82.5059,6.4574,86.8478,"106.93,98.25,93.36,90.10,87.93,91.73,89.56,86.85,85.22,84.13,85.76,84.13,83.05,83.05,82.51"
Rec-029_10s_2,1,6,2708,core,320,331,0.0,9.0,0.9894,322,333,326,335,1.0,True,90.3938,106.9294,84.1341,6.0498,88.4761,"106.93,99.33,95.53,92.28,90.10,92.28,90.65,88.48,87.39,86.31,86.85,85.76,85.22,84.68,84.13"
Rec-029_10s_2,1,7,2709,core,325,331,0.0,5.0,0.9882,327,333,331,335,1.0,True,90.7194,103.1302,85.7624,4.7268,89.5616,"103.13,98.25,94.45,92.28,91.19,92.28,90.65,89.56,88.48,87.93,87.93,86.85,86.31,85.76,85.76"
Rec-029_10s_2,1,8,2710,core,329,331,0.0,4.0,0.9895,331,333,335,335,1.0,True,93.3246,108.0149,87.9333,5.5437,91.1898,"108.01,101.50,98.25,95.53,94.45,94.99,93.36,91.19,90.10,90.10,89.56,89.02,87.93,87.93,87.93"
Rec-029_10s_2,1,9,2711,core,334,331,0.0,5.0,0.9891,336,333,340,335,1.0,True,93.8673,105.3012,89.0188,4.6159,92.2753,"105.30,100.96,98.25,96.07,95.53,95.53,93.36,92.28,91.73,91.19,90.65,89.56,89.56,89.02,89.02"
Rec-029_10s_2,1,10,2712,core,338,331,0.0,4.0,0.9895,340,333,344,335,1.0,True,95.5318,109.1004,90.1043,5.2247,94.4463,"109.10,103.13,99.87,97.70,96.62,97.70,95.53,94.45,93.36,92.28,91.73,91.19,90.10,90.10,90.10"
Rec-029_10s_2,1,11,2713,core,343,331,0.0,5.0,0.9888,345,333,349,335,1.0,True,95.387,106.3867,90.1043,4.4732,94.4463,"106.39,102.04,99.33,97.70,96.62,97.16,95.53,94.45,93.36,93.36,92.28,91.19,90.65,90.65,90.10"
Rec-029_10s_2,1,12,2714,core,347,331,0.0,4.0,0.9871,349,333,353,335,1.0,True,96.2916,110.1859,89.5616,5.6362,95.5318,"110.19,105.30,101.50,98.25,96.07,98.79,97.16,95.53,93.36,92.28,93.36,91.73,91.19,90.10,89.56"
Rec-029_10s_2,1,13,2715,core,352,331,0.0,5.0,0.9863,354,333,358,335,0.8,False,88.657,104.2157,78.1639,7.5587,89.0188,"104.22,99.33,94.45,85.76,79.79,96.07,93.36,89.56,83.05,78.71,90.65,89.02,86.31,81.42,78.16"
Rec-029_10s_2,1,14,2716,core,355,331,0.0,3.0,0.9832,357,333,361,335,0.2,False,82.2526,98.2455,75.9929,5.9714,80.3349,"98.25,89.56,84.13,80.33,77.62,89.56,83.59,80.33,77.62,77.08,84.13,80.33,78.16,77.08,75.99"
Rec-029_10s_2,2,1,2847,core,290,331,-135.0,1.41,0.987,292,333,296,335,1.0,True,94.5548,109.6431,86.8478,6.883,92.2753,"109.64,105.30,103.13,100.42,98.25,92.28,93.36,92.28,92.28,91.73,86.85,87.93,87.93,88.48,88.48"
Rec-029_10s_2,2,2,2848,core,302,331,0.0,12.0,0.988,304,333,308,335,1.0,True,98.2093,119.4126,89.5616,7.8887,96.0745,"119.41,110.19,104.22,100.42,97.70,102.04,98.25,96.07,94.45,92.28,94.45,92.28,91.19,90.65,89.56"
Rec-029_10s_2,2,3,2849,core,307,331,0.0,5.0,0.9852,309,333,313,335,1.0,True,95.3147,111.8141,87.9333,6.4243,93.3608,"111.81,105.30,100.96,97.70,95.53,98.25,95.53,93.36,91.19,90.65,92.28,90.65,89.56,89.02,87.93"
Rec-029_10s_2,2,4,2850,core,311,331,0.0,4.0,0.989,313,333,317,335,1.0,True,95.4594,112.8996,87.9333,6.793,93.3608,"112.90,106.39,101.50,97.70,95.53,98.25,95.53,93.36,91.73,91.19,91.73,90.10,89.56,88.48,87.93"
Rec-029_10s_2,2,5,2851,core,316,331,0.0,5.0,0.9865,318,333,322,335,1.0,True,94.3739,108.5576,88.4761,5.4486,92.2753,"108.56,103.13,98.79,96.07,94.99,96.62,94.45,92.28,91.19,91.19,91.19,90.10,89.56,89.02,88.48"
Rec-029_10s_2,2,6,2852,core,320,331,0.0,4.0,0.9895,322,333,326,335,1.0,True,96.0021,112.8996,89.5616,6.3877,94.4463,"112.90,105.84,101.50,98.25,96.07,98.25,96.07,94.45,92.28,91.73,92.28,91.19,90.10,89.56,89.56"
Rec-029_10s_2,2,7,2853,core,325,331,0.0,5.0,0.9871,327,333,331,335,1.0,True,95.5318,108.5576,90.1043,5.0643,94.4463,"108.56,103.13,99.87,97.70,96.07,97.70,95.53,94.45,93.36,92.28,92.28,91.19,90.65,90.10,90.10"
Rec-029_10s_2,2,8,2854,core,329,331,0.0,4.0,0.9896,331,333,335,335,1.0,True,97.1962,112.8996,90.6471,6.042,95.5318,"112.90,106.93,102.04,98.79,97.16,99.87,97.70,95.53,94.45,93.36,93.36,92.28,91.73,91.19,90.65"
Rec-029_10s_2,2,9,2855,core,334,331,0.0,5.0,0.9876,336,333,340,335,1.0,True,96.4363,107.4722,91.1898,4.496,94.989,"107.47,103.13,100.42,98.79,98.25,98.25,96.07,94.99,94.45,94.45,93.36,92.28,91.73,91.73,91.19"
Rec-029_10s_2,2,10,2856,core,338,331,0.0,4.0,0.9894,340,333,344,335,1.0,True,98.354,111.8141,92.2753,5.2963,97.16,"111.81,106.39,103.13,100.42,99.33,100.42,98.25,97.16,95.53,95.53,94.99,94.45,93.36,92.28,92.28"
Rec-029_10s_2,2,11,2857,core,343,331,0.0,5.0,0.9877,345,333,349,335,1.0,True,98.7521,110.1859,93.3608,4.6876,97.7027,"110.19,105.84,103.13,100.96,99.87,100.96,98.79,97.70,96.62,96.07,95.53,94.45,94.45,93.36,93.36"
Rec-029_10s_2,2,12,2858,core,347,331,0.0,4.0,0.9882,349,333,353,335,1.0,True,99.1139,112.8996,92.2753,5.4267,98.2455,"112.90,107.47,103.67,100.96,98.25,102.04,99.87,98.25,96.62,95.53,96.07,94.99,94.45,93.36,92.28"
Rec-029_10s_2,2,13,2859,core,352,331,0.0,5.0,0.9858,354,333,358,335,0.8,False,90.3938,106.3867,78.7067,8.0279,91.1898,"106.39,101.50,95.53,86.85,80.33,98.79,95.53,91.73,84.68,79.79,93.36,91.19,88.48,83.05,78.71"
Rec-029_10s_2,2,14,2860,core,355,331,0.0,3.0,0.9836,357,333,361,335,0.2,False,82.5782,98.2455,76.5357,5.9977,80.3349,"98.25,89.56,84.13,80.33,78.16,90.65,84.13,80.33,78.16,77.08,85.22,80.88,78.16,77.08,76.54"
Rec-029_10s_2,3,1,2984,core,290,331,0.0,0.0,0.9881,292,333,296,335,1.0,True,97.956,119.4126,90.1043,8.226,95.5318,"119.41,110.19,106.39,103.13,99.87,96.07,96.62,95.53,94.45,94.45,90.10,90.65,90.65,90.65,91.19"
Rec-029_10s_2,3,2,2985,core,299,331,0.0,9.0,0.9873,301,333,305,335,1.0,True,101.5381,125.9255,92.2753,8.7098,98.7882,"125.93,113.99,108.01,103.67,100.42,105.30,102.04,98.79,96.62,95.53,97.16,95.53,94.45,93.36,92.28"
Rec-029_10s_2,3,3,2986,core,304,331,0.0,5.0,0.9878,306,333,310,335,1.0,True,99.0053,117.2416,91.1898,6.7464,97.16,"117.24,109.10,104.22,100.96,98.25,102.04,99.33,97.16,95.53,94.45,95.53,94.45,93.36,92.28,91.19"
Rec-029_10s_2,3,4,2987,core,313,331,0.0,9.0,0.9891,315,333,319,335,1.0,True,97.558,113.9851,91.1898,6.0485,95.5318,"113.99,106.93,102.04,98.79,97.16,100.42,97.70,95.53,94.45,93.36,94.45,93.36,92.28,91.73,91.19"
Rec-029_10s_2,3,5,2988,core,317,331,0.0,4.0,0.9884,319,333,323,335,1.0,True,98.4626,117.7843,91.1898,7.0482,96.0745,"117.78,109.10,103.67,100.42,98.25,101.50,98.25,96.07,94.99,93.36,94.99,93.36,92.28,91.73,91.19"
Rec-029_10s_2,3,6,2989,core,326,331,0.0,9.0,0.9883,328,333,332,335,1.0,True,99.9099,117.7843,93.3608,6.5534,98.2455,"117.78,109.64,105.30,102.04,99.87,102.04,99.87,98.25,96.62,95.53,95.53,94.99,94.45,93.36,93.36"
Rec-029_10s_2,3,7,2990,core,335,331,0.0,9.0,0.9881,337,333,341,335,1.0,True,101.2487,116.6988,94.989,5.9417,99.8737,"116.70,110.73,106.39,103.13,101.50,103.13,101.50,99.87,98.25,97.70,97.70,96.07,95.53,95.53,94.99"
Rec-029_10s_2,3,8,2991,core,340,331,0.0,5.0,0.9899,342,333,346,335,1.0,True,100.6336,112.8996,95.5318,4.9379,99.331,"112.90,108.56,105.30,102.04,100.96,103.13,100.96,99.33,98.25,97.70,97.16,96.62,95.53,95.53,95.53"
Rec-029_10s_2,3,9,2992,core,344,331,0.0,4.0,0.9867,346,333,350,335,1.0,True,101.5381,116.1561,94.989,5.7181,100.4165,"116.16,110.73,106.39,103.13,100.96,104.22,102.04,100.42,98.79,98.25,98.25,97.16,96.07,95.53,94.99"
Rec-029_10s_2,3,10,2993,core,349,331,0.0,5.0,0.9886,351,333,355,335,1.0,True,98.1731,111.2714,91.1898,5.2579,97.16,"111.27,106.39,102.04,98.25,95.53,102.04,99.87,97.70,95.53,93.36,97.16,95.53,94.45,92.28,91.19"
Rec-029_10s_2,3,11,2994,core,353,331,0.0,4.0,0.9855,355,333,359,335,0.6,False,88.7655,108.0149,77.6212,9.1784,86.8478,"108.01,102.04,91.19,83.05,79.79,99.33,95.53,86.85,80.88,78.16,94.45,90.65,84.13,79.79,77.62"
Rec-029_10s_2,3,12,2995,core,356,330,18.43,3.16,0.9874,358,332,362,334,0.0,False,82.723,99.8737,75.9929,6.2508,80.8776,"99.87,90.10,84.68,80.33,78.16,89.56,84.68,80.88,78.16,77.08,84.68,80.88,78.71,77.08,75.99"
Rec-029_10s_2,4,1,3126,core,290,331,0.0,0.0,0.988,292,333,296,335,1.0,True,99.1862,122.669,91.1898,8.6782,97.16,"122.67,111.81,107.47,103.67,100.96,97.16,98.25,97.16,95.53,94.99,91.19,91.73,91.19,91.73,92.28"
Rec-029_10s_2,4,2,3127,core,292,331,0.0,2.0,0.9866,294,333,298,335,1.0,True,101.2125,123.2118,93.3608,8.2308,98.7882,"123.21,113.99,108.56,104.22,101.50,103.13,100.96,98.79,97.16,96.07,94.99,94.45,94.45,93.36,93.36"
Rec-029_10s_2,4,3,3128,core,297,331,0.0,5.0,0.9851,299,333,303,335,1.0,True,100.8868,119.4126,93.3608,6.9699,98.7882,"119.41,111.81,106.39,103.13,100.42,103.67,101.50,98.79,97.16,95.53,97.16,95.53,94.99,94.45,93.36"
Rec-029_10s_2,4,4,3129,core,306,331,0.0,9.0,0.9859,308,333,312,335,1.0,True,99.1501,116.1561,92.2753,6.1904,97.16,"116.16,108.56,103.67,100.42,98.25,102.04,99.33,97.16,95.53,94.45,96.62,94.99,94.45,93.36,92.28"
Rec-029_10s_2,4,5,3130,core,310,331,0.0,4.0,0.9896,312,333,316,335,1.0,True,99.5119,119.4126,92.2753,7.1803,97.7027,"119.41,110.19,105.30,100.96,98.25,102.04,99.87,97.70,95.53,94.45,96.07,94.99,93.36,92.28,92.28"
Rec-029_10s_2,4,6,3131,core,319,331,0.0,9.0,0.9902,321,333,325,335,1.0,True,99.1139,117.2416,92.2753,6.5394,97.16,"117.24,109.10,103.67,100.42,98.25,102.04,99.33,97.16,95.53,94.45,95.53,94.99,93.36,93.36,92.28"
Rec-029_10s_2,4,7,3132,core,324,331,0.0,5.0,0.9883,326,333,330,335,1.0,True,98.4626,111.8141,93.3608,4.9933,97.16,"111.81,106.39,102.04,99.87,98.25,100.96,98.25,97.16,95.53,95.53,95.53,94.45,94.45,93.36,93.36"
Rec-029_10s_2,4,8,3133,core,328,331,0.0,4.0,0.9905,330,333,334,335,1.0,True,100.4165,116.1561,94.4463,5.9223,98.2455,"116.16,109.64,105.30,102.04,100.42,103.13,100.42,98.25,97.16,96.62,97.16,95.53,95.53,94.45,94.45"
Rec-029_10s_2,4,9,3134,core,333,331,0.0,5.0,0.9892,335,333,339,335,1.0,True,100.7421,112.8996,95.5318,4.8049,99.331,"112.90,108.01,105.30,102.04,101.50,103.13,100.96,99.33,98.25,98.25,97.70,96.62,96.07,95.53,95.53"
Rec-029_10s_2,4,10,3135,core,337,331,0.0,4.0,0.9906,339,333,343,335,1.0,True,102.5513,116.6988,96.6172,5.5153,100.9592,"116.70,111.27,106.93,104.22,103.13,105.30,103.13,100.96,99.87,98.79,98.79,98.25,97.16,97.16,96.62"
Rec-029_10s_2,4,11,3136,core,342,331,0.0,5.0,0.9896,344,333,348,335,1.0,True,101.9723,113.9851,96.6172,4.731,100.9592,"113.99,109.64,105.84,103.67,102.04,104.22,102.04,100.96,99.87,98.79,98.79,98.25,97.70,97.16,96.62"
Rec-029_10s_2,4,12,3137,core,346,331,0.0,4.0,0.9895,348,333,352,335,1.0,True,102.1532,116.1561,95.5318,5.6201,100.9592,"116.16,111.27,106.93,103.67,101.50,105.30,103.13,100.96,99.33,97.70,99.33,98.25,97.16,96.07,95.53"
Rec-029_10s_2,4,13,3138,core,355,331,0.0,9.0,0.9888,357,333,361,335,0.2,False,82.144,97.16,75.9929,5.8073,79.7922,"97.16,87.93,83.05,79.79,77.62,90.65,83.59,79.79,77.62,77.08,85.76,80.88,78.16,77.08,75.99"
Rec-029_10s_2,5,1,3267,core,291,331,0.0,1.0,0.9848,293,333,297,335,1.0,True,99.7652,117.2416,93.3608,6.9454,97.7027,"117.24,110.73,106.93,103.13,102.04,99.87,98.79,97.70,96.62,96.62,93.36,93.36,93.36,93.36,93.36"
Rec-029_10s_2,5,2,3268,core,295,331,0.0,4.0,0.9866,297,333,301,335,1.0,True,102.1894,120.498,94.989,7.0389,99.8737,"120.50,112.90,108.01,105.30,103.13,105.30,102.04,99.87,98.25,97.70,97.70,96.07,95.53,95.53,94.99"
Rec-029_10s_2,5,3,3269,core,299,331,0.0,4.0,0.9883,301,333,305,335,1.0,True,103.7453,126.4682,94.989,8.4009,101.502,"126.47,116.70,110.73,105.84,103.13,106.93,103.67,101.50,98.79,97.70,99.33,98.25,96.62,95.53,94.99"
Rec-029_10s_2,5,4,3270,core,304,331,0.0,5.0,0.9874,306,333,310,335,1.0,True,101.2849,118.8698,94.4463,6.5724,99.331,"118.87,111.27,106.93,103.13,100.42,104.22,101.50,99.33,97.70,96.07,98.25,96.62,95.53,94.99,94.45"
Rec-029_10s_2,5,5,3271,core,326,331,0.0,22.0,0.9898,328,333,332,335,1.0,True,99.9461,116.1561,94.4463,5.9318,98.2455,"116.16,109.10,104.22,102.04,99.87,102.04,99.87,98.25,96.62,96.07,96.07,95.53,94.45,94.45,94.45"
Rec-029_10s_2,5,6,3272,core,331,331,0.0,5.0,0.9907,333,333,337,335,1.0,True,100.0546,111.8141,95.5318,4.6548,98.2455,"111.81,107.47,104.22,102.04,100.42,102.04,100.42,98.25,97.70,97.16,96.62,96.07,95.53,95.53,95.53"
Rec-029_10s_2,5,7,3273,core,335,331,0.0,4.0,0.99,337,333,341,335,1.0,True,101.7552,116.1561,96.0745,5.5203,100.4165,"116.16,110.19,106.39,103.67,102.04,104.22,102.04,100.42,98.79,98.25,98.25,97.16,96.62,96.07,96.07"
Rec-029_10s_2,5,8,3274,core,340,331,0.0,5.0,0.9908,342,333,346,335,1.0,True,101.9362,113.9851,97.16,4.619,100.9592,"113.99,109.10,105.84,103.67,102.04,103.67,102.04,100.96,99.87,98.79,98.79,98.25,97.70,97.16,97.16"
Rec-029_10s_2,5,9,3275,core,344,331,0.0,4.0,0.9889,346,333,350,335,1.0,True,102.7322,116.1561,96.6172,5.4147,101.502,"116.16,111.27,107.47,105.30,103.13,105.30,103.13,101.50,99.87,98.79,99.33,98.25,97.70,97.16,96.62"
Rec-029_10s_2,5,10,3276,core,349,331,0.0,5.0,0.9893,351,333,355,335,1.0,True,99.2948,111.8141,92.2753,5.1124,98.2455,"111.81,107.47,103.13,99.87,97.16,103.13,100.96,98.25,96.62,94.45,98.25,96.62,94.99,94.45,92.28"
Rec-029_10s_2,5,11,3277,core,356,330,8.13,7.07,0.9885,358,332,362,334,0.0,False,82.723,99.331,76.5357,6.1685,80.3349,"99.33,90.10,84.68,80.33,78.16,90.10,84.68,80.33,78.16,77.08,84.68,80.88,78.71,77.08,76.54"
Rec-029_10s_2,6,1,3399,core,290,331,0.0,0.0,0.9878,292,333,296,335,1.0,True,100.923,123.2118,92.2753,8.562,98.2455,"123.21,113.99,109.64,105.84,103.13,98.25,99.33,98.79,97.70,97.16,92.28,93.36,93.36,93.36,94.45"
Rec-029_10s_2,6,2,3400,core,298,331,0.0,8.0,0.9875,300,333,304,335,1.0,True,103.0216,121.0408,95.5318,6.8972,100.9592,"121.04,113.99,108.56,105.30,102.04,106.39,103.67,100.96,98.79,98.25,99.33,98.25,97.16,96.07,95.53"
Rec-029_10s_2,6,3,3401,core,302,331,0.0,4.0,0.9897,304,333,308,335,1.0,True,103.3111,123.7545,95.5318,7.5561,101.502,"123.75,115.07,109.10,105.30,102.04,106.39,103.67,101.50,98.79,97.70,99.87,98.25,97.16,95.53,95.53"
Rec-029_10s_2,6,4,3402,core,307,331,0.0,5.0,0.9881,309,333,313,335,1.0,True,100.8145,117.2416,94.4463,6.142,98.7882,"117.24,110.73,105.30,102.04,99.87,103.67,101.50,98.79,97.16,96.07,98.25,96.62,95.53,94.99,94.45"
Rec-029_10s_2,6,5,3403,core,311,331,0.0,4.0,0.9904,313,333,317,335,1.0,True,101.1763,119.4126,94.4463,6.758,98.7882,"119.41,111.81,106.39,103.13,99.87,103.67,102.04,98.79,97.16,96.07,98.25,96.62,95.53,94.45,94.45"
Rec-029_10s_2,6,6,3404,core,316,331,0.0,5.0,0.989,318,333,322,335,1.0,True,99.3672,113.9851,93.3608,5.4831,97.7027,"113.99,108.01,103.67,100.42,98.79,102.04,99.87,97.70,96.07,95.53,96.62,95.53,94.45,94.45,93.36"
Rec-029_10s_2,6,7,3405,core,329,331,0.0,13.0,0.9899,331,333,335,335,1.0,True,101.0678,116.1561,95.5318,5.5921,99.331,"116.16,109.64,105.84,102.04,100.96,103.13,101.50,99.33,98.25,97.70,97.70,96.62,96.07,95.53,95.53"
Rec-029_10s_2,6,8,3406,core,338,331,0.0,9.0,0.9895,340,333,344,335,1.0,True,103.3111,117.2416,97.7027,5.3972,102.0447,"117.24,111.81,108.01,105.30,103.13,105.84,103.13,102.04,100.96,99.87,99.33,98.79,98.25,98.25,97.70"
Rec-029_10s_2,6,9,3407,core,343,331,0.0,5.0,0.9894,345,333,349,335,1.0,True,102.9493,113.9851,97.7027,4.6082,102.0447,"113.99,110.19,107.47,105.30,103.13,105.30,103.13,102.04,100.96,99.87,99.87,98.79,98.25,98.25,97.70"
Rec-029_10s_2,6,10,3408,core,347,331,0.0,4.0,0.9879,349,333,353,335,1.0,True,102.1171,115.6133,95.5318,5.3943,100.4165,"115.61,110.73,106.39,103.13,100.42,105.84,103.13,101.50,99.33,97.70,99.87,98.79,97.70,96.07,95.53"
Rec-029_10s_2,6,11,3409,core,356,330,6.34,9.06,0.9838,358,332,362,334,0.0,False,82.6506,100.4165,75.9929,6.3557,80.8776,"100.42,90.10,84.13,80.33,78.16,89.56,84.13,80.88,78.16,77.08,84.68,80.88,78.16,77.08,75.99"
Rec-030_90s_2,1,1,4767,core,291,331,0.0,1.0,0.9848,293,333,297,335,1.0,True,86.8117,111.8141,77.0784,9.2521,84.6769,"111.81,100.42,94.45,90.10,86.85,89.56,87.39,84.68,82.51,80.88,80.88,79.79,78.16,77.62,77.08"
Rec-030_90s_2,1,2,4768,core,296,331,0.0,5.0,0.9828,298,333,302,335,1.0,True,84.3874,103.1302,75.4502,7.4625,83.0486,"103.13,95.53,90.65,86.85,84.13,89.02,85.76,83.05,80.33,78.71,80.88,78.71,77.62,75.99,75.45"
Rec-030_90s_2,1,3,4769,core,300,331,0.0,4.0,0.9868,302,333,306,335,1.0,True,85.0387,108.0149,75.4502,8.5234,83.0486,"108.01,97.16,91.19,87.93,84.68,89.56,85.76,83.05,80.88,78.71,80.88,78.71,77.62,75.99,75.45"
Rec-030_90s_2,1,4,4770,core,305,331,0.0,5.0,0.9841,307,333,311,335,1.0,True,83.4466,100.9592,75.4502,7.0193,81.9631,"100.96,94.45,89.56,85.76,83.59,87.39,84.13,81.96,79.79,78.71,79.79,77.62,76.54,75.99,75.45"
Rec-030_90s_2,1,5,4771,core,309,331,0.0,4.0,0.9869,311,333,315,335,1.0,True,84.2788,105.3012,75.4502,7.9061,83.0486,"105.30,95.53,90.65,86.85,84.13,87.93,85.22,83.05,80.33,78.71,80.33,78.16,76.54,75.99,75.45"
Rec-030_90s_2,1,6,4772,core,314,331,0.0,5.0,0.9853,316,333,320,335,1.0,True,82.8677,98.2455,75.9929,6.2503,81.4204,"98.25,92.28,88.48,85.76,83.59,86.31,83.59,81.42,79.79,78.71,78.71,77.62,76.54,75.99,75.99"
Rec-030_90s_2,1,7,4773,core,318,331,0.0,4.0,0.9881,320,333,324,335,1.0,True,84.6407,103.6729,77.0784,7.2722,83.0486,"103.67,95.53,90.65,87.39,84.68,87.93,85.22,83.05,80.88,79.79,80.33,78.71,77.62,77.08,77.08"
Rec-030_90s_2,1,8,4774,core,323,331,0.0,5.0,0.9863,325,333,329,335,1.0,True,84.0618,98.2455,77.6212,5.7979,83.0486,"98.25,93.36,89.02,86.31,84.68,86.85,84.68,83.05,81.42,80.88,80.33,78.71,78.16,77.62,77.62"
Rec-030_90s_2,1,9,4775,core,327,331,0.0,4.0,0.9882,329,333,333,335,1.0,True,86.1242,103.1302,78.7067,6.5779,84.1341,"103.13,95.53,91.73,89.02,87.39,89.02,86.31,84.13,83.05,82.51,81.96,80.88,79.79,78.71,78.71"
Rec-030_90s_2,1,10,4776,core,332,331,0.0,5.0,0.9881,334,333,338,335,1.0,True,86.1242,98.7882,79.7922,5.5338,84.6769,"98.79,94.99,91.19,89.56,87.93,88.48,86.31,84.68,84.13,83.05,81.96,80.88,80.33,79.79,79.79"
Rec-030_90s_2,1,11,4777,core,336,331,0.0,4.0,0.989,338,333,342,335,1.0,True,87.8971,103.1302,80.8776,6.3587,86.3051,"103.13,97.70,94.45,91.19,89.56,90.10,87.93,86.31,85.22,84.13,83.05,82.51,81.42,80.88,80.88"
Rec-030_90s_2,1,12,4778,core,341,331,0.0,5.0,0.9886,343,333,347,335,1.0,True,87.3906,99.8737,80.8776,5.3911,86.3051,"99.87,95.53,92.28,90.65,89.56,89.56,87.93,86.31,85.22,84.68,83.05,82.51,81.42,81.42,80.88"
Rec-030_90s_2,1,13,4779,core,345,331,0.0,4.0,0.9869,347,333,351,335,1.0,True,88.4399,103.1302,80.8776,6.1035,87.3906,"103.13,97.70,94.45,91.19,89.56,91.19,89.02,87.39,85.76,84.68,84.13,83.05,82.51,81.96,80.88"
Rec-030_90s_2,1,14,4780,core,350,331,0.0,5.0,0.9844,352,333,356,335,1.0,True,86.5222,99.331,78.7067,5.4628,84.6769,"99.33,95.53,91.19,88.48,84.68,90.10,87.93,85.76,84.13,81.96,84.13,83.05,81.96,80.88,78.71"
Rec-030_90s_2,1,15,4781,core,354,331,0.0,4.0,0.9854,356,333,360,335,0.2,False,81.3842,96.6172,75.9929,5.5046,79.7922,"96.62,87.93,83.05,79.79,77.62,87.93,83.05,79.79,77.62,76.54,81.96,78.71,77.62,76.54,75.99"
Rec-030_90s_2,1,16,4782,core,355,330,45.0,1.41,0.9882,357,332,361,334,0.0,False,84.6769,110.1859,76.5357,8.6295,82.5059,"110.19,94.45,87.39,82.51,78.71,92.28,86.85,82.51,78.71,77.62,85.22,81.42,78.71,77.08,76.54"
Rec-030_90s_2,2,1,4911,core,290,331,0.0,0.0,0.9878,292,333,296,335,1.0,True,93.4332,116.6988,84.6769,9.0578,91.1898,"116.70,106.39,102.04,99.33,97.16,92.28,92.28,91.19,90.10,89.56,85.22,85.22,84.68,84.68,84.68"
Rec-030_90s_2,2,2,4912,core,295,331,0.0,5.0,0.9861,297,333,301,335,1.0,True,94.9528,119.4126,84.1341,9.3765,92.2753,"119.41,109.10,103.13,98.25,95.53,98.79,95.53,92.28,90.10,88.48,89.56,87.93,86.31,85.76,84.13"
Rec-030_90s_2,2,3,4913,core,300,331,0.0,5.0,0.9833,302,333,306,335,1.0,True,91.8049,111.2714,83.5914,7.5358,89.5616,"111.27,103.13,98.25,94.45,92.28,95.53,92.28,89.56,87.93,86.85,87.93,85.76,84.68,83.59,83.59"
Rec-030_90s_2,2,4,4914,core,304,331,0.0,4.0,0.9862,306,333,310,335,1.0,True,92.8904,115.0706,84.1341,8.2855,90.6471,"115.07,105.30,99.33,95.53,93.36,96.07,93.36,90.65,89.02,87.93,87.93,86.31,85.22,84.13,84.13"
Rec-030_90s_2,2,5,4915,core,309,331,0.0,5.0,0.9837,311,333,315,335,1.0,True,90.9003,107.4722,83.0486,6.6409,89.0188,"107.47,101.50,96.07,93.36,91.73,94.45,91.19,89.02,87.93,86.85,87.39,85.76,84.13,83.59,83.05"
Rec-030_90s_2,2,6,4916,core,313,331,0.0,4.0,0.987,315,333,319,335,1.0,True,92.022,111.8141,83.5914,7.5436,90.1043,"111.81,103.13,98.25,94.99,92.28,95.53,92.28,90.10,87.93,87.39,87.93,86.31,84.68,84.13,83.59"
Rec-030_90s_2,2,7,4917,core,318,331,0.0,5.0,0.9861,320,333,324,335,1.0,True,90.5385,106.3867,83.5914,6.1889,89.0188,"106.39,99.87,95.53,93.36,91.19,93.36,90.65,89.02,87.93,86.85,86.85,85.22,84.13,84.13,83.59"
Rec-030_90s_2,2,8,4918,core,327,331,0.0,9.0,0.9868,329,333,333,335,1.0,True,92.1667,105.8439,85.7624,5.8193,90.6471,"105.84,100.96,97.70,95.53,94.45,94.45,92.28,90.65,89.56,89.56,87.93,86.31,85.76,85.76,85.76"
Rec-030_90s_2,2,9,4919,core,336,331,0.0,9.0,0.9886,338,333,342,335,1.0,True,93.3608,106.3867,86.8478,5.5349,91.7325,"106.39,102.04,98.25,96.62,95.53,95.53,93.36,91.73,91.19,90.65,89.02,87.93,87.93,87.39,86.85"
Rec-030_90s_2,2,10,4920,core,340,331,0.0,4.0,0.9886,342,333,346,335,1.0,True,94.8805,110.7286,87.9333,6.3826,93.3608,"110.73,104.22,100.96,98.25,96.07,97.16,95.53,93.36,92.28,91.19,90.10,89.02,88.48,87.93,87.93"
Rec-030_90s_2,2,11,4921,core,345,331,0.0,5.0,0.9864,347,333,351,335,1.0,True,93.6141,106.3867,87.3906,5.3394,92.2753,"106.39,102.04,98.25,96.07,94.99,96.07,94.45,92.28,91.19,90.65,89.56,89.02,87.93,87.93,87.39"
Rec-030_90s_2,2,12,4922,core,349,331,0.0,4.0,0.9855,351,333,355,335,1.0,True,93.1437,108.0149,85.2196,6.1013,91.7325,"108.01,103.13,98.25,94.45,91.73,97.16,94.45,92.28,90.10,89.02,90.10,89.02,87.93,86.31,85.22"
Rec-030_90s_2,2,13,4923,core,354,331,0.0,5.0,0.9842,356,333,360,335,0.2,False,81.8184,98.2455,75.9929,6.1547,79.7922,"98.25,87.93,82.51,78.71,77.08,90.65,83.05,79.79,77.62,75.99,85.22,80.33,77.62,76.54,75.99"
Rec-030_90s_2,2,14,4924,core,355,330,45.0,1.41,0.9866,357,332,361,334,0.0,False,85.4729,111.8141,76.5357,9.0816,83.0486,"111.81,95.53,87.93,83.05,79.79,94.45,87.93,83.05,78.71,77.62,86.85,82.51,78.71,77.62,76.54"
Rec-030_90s_2,3,1,5050,core,290,331,0.0,0.0,0.987,292,333,296,335,1.0,True,96.1469,118.8698,87.9333,8.6655,94.4463,"118.87,109.10,104.22,100.96,98.25,95.53,95.53,94.45,92.28,91.73,88.48,88.48,87.93,87.93,88.48"
Rec-030_90s_2,3,2,5051,core,292,331,0.0,2.0,0.9848,294,333,298,335,1.0,True,98.7521,125.3828,89.0188,9.7603,96.0745,"125.38,112.90,106.93,103.13,99.33,100.96,98.25,96.07,94.45,92.28,91.73,91.19,90.10,89.56,89.02"
Rec-030_90s_2,3,3,5052,core,297,331,0.0,5.0,0.9863,299,333,303,335,1.0,True,97.4495,119.4126,88.4761,8.2808,95.5318,"119.41,110.19,103.67,99.87,97.16,101.50,98.25,95.53,93.36,91.19,92.28,91.19,90.10,89.56,88.48"
Rec-030_90s_2,3,4,5053,core,301,331,0.0,4.0,0.9866,303,333,307,335,1.0,True,98.1369,124.2973,87.9333,9.4759,95.5318,"124.30,111.81,105.30,100.96,97.70,102.04,98.25,95.53,93.36,91.19,93.36,91.19,90.10,89.02,87.93"
Rec-030_90s_2,3,5,5054,core,306,331,0.0,5.0,0.9871,308,333,312,335,1.0,True,96.0745,116.6988,87.9333,7.6474,94.4463,"116.70,107.47,102.04,98.25,95.53,99.33,96.62,94.45,91.73,91.19,92.28,90.10,89.56,87.93,87.93"
Rec-030_90s_2,3,6,5055,core,310,331,0.0,4.0,0.987,312,333,316,335,1.0,True,96.5449,119.4126,87.9333,8.3163,94.4463,"119.41,108.56,103.13,98.25,95.53,100.42,97.16,94.45,92.28,90.65,92.28,90.65,89.56,87.93,87.93"
Rec-030_90s_2,3,7,5056,core,315,331,0.0,5.0,0.9884,317,333,321,335,1.0,True,95.1699,113.9851,87.9333,6.989,93.3608,"113.99,105.84,100.42,97.16,94.99,98.25,95.53,93.36,91.19,90.65,91.19,90.10,89.02,87.93,87.93"
Rec-030_90s_2,3,8,5057,core,324,331,0.0,9.0,0.9893,326,333,330,335,1.0,True,95.2785,111.8141,88.4761,6.3414,93.3608,"111.81,105.30,100.42,97.70,95.53,97.70,95.53,93.36,92.28,91.19,91.19,90.10,89.56,89.02,88.48"
Rec-030_90s_2,3,9,5058,core,328,331,0.0,4.0,0.9869,330,333,334,335,1.0,True,96.5449,115.6133,89.5616,6.9952,94.989,"115.61,106.93,102.04,98.25,96.62,99.33,96.62,94.99,93.36,92.28,91.73,91.19,90.10,89.56,89.56"
Rec-030_90s_2,3,10,5059,core,337,331,0.0,9.0,0.9869,339,333,343,335,1.0,True,97.7028,113.9851,90.6471,6.4554,95.5318,"113.99,108.01,103.13,100.42,98.25,100.42,98.25,95.53,94.45,94.45,93.36,92.28,91.19,91.19,90.65"
Rec-030_90s_2,3,11,5060,core,346,331,0.0,9.0,0.9857,348,333,352,335,1.0,True,98.1008,113.9851,90.6471,6.2529,96.6172,"113.99,108.01,103.13,99.87,97.70,101.50,98.79,96.62,95.53,94.45,94.45,93.36,92.28,91.19,90.65"
Rec-030_90s_2,3,12,5061,core,351,331,0.0,5.0,0.9875,353,333,357,335,0.8,False,91.3707,106.9294,79.7922,7.3613,91.1898,"106.93,102.04,97.16,91.19,83.05,98.25,94.99,92.28,87.93,81.42,91.73,90.10,88.48,85.22,79.79"
Rec-030_90s_2,3,13,5062,core,355,331,0.0,4.0,0.9874,357,333,361,335,0.0,False,81.0947,94.4463,75.9929,5.048,78.7067,"94.45,87.39,82.51,78.71,77.62,87.39,82.51,78.71,77.62,76.54,83.05,79.79,77.62,76.54,75.99"
Rec-030_90s_2,4,1,5185,core,290,331,0.0,0.0,0.9857,292,333,296,335,1.0,True,97.7751,122.1263,89.5616,9.0881,95.5318,"122.13,111.81,105.84,102.04,98.79,97.70,97.16,95.53,93.36,93.36,90.10,90.10,89.56,89.56,89.56"
Rec-030_90s_2,4,2,5186,core,294,331,0.0,4.0,0.9857,296,333,300,335,1.0,True,100.3079,125.3828,91.1898,9.1577,98.2455,"125.38,113.99,107.47,103.13,100.42,103.13,100.42,98.25,95.53,94.45,94.45,93.36,92.28,91.19,91.19"
Rec-030_90s_2,4,3,5187,core,299,331,0.0,5.0,0.9865,301,333,305,335,1.0,True,98.7521,119.4126,90.1043,7.7176,96.6172,"119.41,110.19,105.30,100.96,98.25,102.04,99.33,96.62,94.45,93.36,94.99,93.36,91.73,91.19,90.10"
Rec-030_90s_2,4,4,5188,core,303,331,0.0,4.0,0.9877,305,333,309,335,1.0,True,98.8606,123.2118,89.5616,8.74,96.0745,"123.21,111.81,105.30,100.96,98.25,102.04,98.79,96.07,94.45,92.28,94.99,93.36,91.19,90.65,89.56"
Rec-030_90s_2,4,5,5189,core,308,331,0.0,5.0,0.9876,310,333,314,335,1.0,True,96.6173,115.0706,89.5616,6.8852,94.4463,"115.07,106.93,102.04,98.25,96.07,100.42,97.16,94.45,92.28,91.73,93.36,91.73,90.65,89.56,89.56"
Rec-030_90s_2,4,6,5190,core,312,331,0.0,4.0,0.9887,314,333,318,335,1.0,True,97.0876,117.7843,89.5616,7.5955,94.989,"117.78,108.56,103.13,98.79,96.07,100.42,97.70,94.99,92.28,91.73,93.36,91.73,90.65,89.56,89.56"
Rec-030_90s_2,4,7,5191,core,335,331,0.0,23.0,0.99,337,333,341,335,1.0,True,98.5711,111.8141,93.3608,5.1329,97.16,"111.81,106.39,103.13,100.96,98.79,100.42,98.79,97.16,96.07,95.53,94.99,94.45,93.36,93.36,93.36"
Rec-030_90s_2,4,8,5192,core,339,331,0.0,4.0,0.9885,341,333,345,335,1.0,True,100.3441,115.6133,94.4463,5.9119,98.7882,"115.61,109.64,105.30,102.04,100.42,103.13,100.96,98.79,97.70,96.62,96.07,95.53,94.45,94.45,94.45"
Rec-030_90s_2,4,9,5193,core,344,331,0.0,5.0,0.9896,346,333,350,335,1.0,True,99.6928,111.8141,93.3608,5.0592,98.2455,"111.81,108.01,104.22,102.04,99.87,102.04,100.42,98.25,97.70,96.62,96.07,95.53,94.99,94.45,93.36"
Rec-030_90s_2,4,10,5194,core,348,331,0.0,4.0,0.9868,350,333,354,335,1.0,True,98.7521,113.9851,91.1898,6.0323,97.16,"113.99,108.01,103.67,99.87,97.16,103.13,99.87,97.70,95.53,94.45,96.07,94.99,93.36,92.28,91.19"
Rec-030_90s_2,4,11,5195,core,353,331,0.0,5.0,0.9878,355,333,359,335,0.4,False,86.7031,105.8439,77.0784,8.6396,84.1341,"105.84,98.25,87.39,80.88,78.16,98.25,92.28,84.13,79.79,77.62,92.28,87.93,81.96,78.71,77.08"
Rec-030_90s_2,4,12,5196,core,355,331,0.0,2.0,0.9856,357,333,361,335,0.0,False,81.8546,97.16,75.9929,5.8058,79.7922,"97.16,89.02,83.59,79.79,77.62,89.02,83.59,79.79,77.62,76.54,84.13,79.79,77.62,76.54,75.99"
Rec-030_90s_2,5,1,5332,core,290,331,0.0,0.0,0.9875,292,333,296,335,1.0,True,98.3902,119.4126,90.6471,8.1988,96.0745,"119.41,111.27,106.39,103.13,100.42,97.16,97.70,96.07,94.99,94.45,90.65,91.19,91.19,90.65,91.19"
Rec-030_90s_2,5,2,5333,core,293,331,0.0,3.0,0.9827,295,333,299,335,1.0,True,99.4757,117.7843,92.2753,7.1414,97.7027,"117.78,110.73,105.84,102.04,100.42,102.04,99.33,97.70,96.07,95.53,94.45,93.36,92.28,92.28,92.28"
Rec-030_90s_2,5,3,5334,core,297,331,0.0,4.0,0.9874,299,333,303,335,1.0,True,101.8276,125.3828,92.2753,8.7488,99.331,"125.38,115.07,109.10,104.22,101.50,105.30,102.04,99.33,97.70,95.53,96.62,95.53,94.45,93.36,92.28"
Rec-030_90s_2,5,4,5335,core,306,331,0.0,9.0,0.9887,308,333,312,335,1.0,True,100.0908,122.1263,91.1898,8.0473,98.2455,"122.13,111.81,106.39,102.04,98.79,103.67,100.96,98.25,95.53,94.45,96.07,94.45,93.36,92.28,91.19"
Rec-030_90s_2,5,5,5336,core,311,331,0.0,5.0,0.987,313,333,317,335,1.0,True,96.9791,112.8996,90.1043,6.0912,95.5318,"112.90,106.39,102.04,98.25,96.07,100.42,97.70,95.53,93.36,92.28,94.45,92.28,91.73,91.19,90.10"
Rec-030_90s_2,5,6,5337,core,320,331,0.0,9.0,0.9888,322,333,326,335,1.0,True,96.5449,111.8141,90.6471,5.7877,94.989,"111.81,105.30,101.50,98.25,96.62,99.33,96.62,94.99,93.36,92.28,93.36,92.28,91.19,90.65,90.65"
Rec-030_90s_2,5,7,5338,core,329,331,0.0,9.0,0.989,331,333,335,335,1.0,True,97.3771,110.7286,92.2753,5.079,95.5318,"110.73,105.30,101.50,98.79,97.70,99.87,97.16,95.53,94.99,94.45,94.45,93.36,92.28,92.28,92.28"
Rec-030_90s_2,5,8,5339,core,338,331,0.0,9.0,0.9893,340,333,344,335,1.0,True,98.8244,110.7286,93.3608,4.6498,97.7027,"110.73,105.84,103.13,100.42,99.33,100.96,98.79,97.70,96.62,96.07,95.53,94.99,94.45,94.45,93.36"
Rec-030_90s_2,5,9,5340,core,342,331,0.0,4.0,0.9901,344,333,348,335,1.0,True,100.8145,115.0706,94.989,5.4974,99.331,"115.07,109.10,105.30,103.13,101.50,103.13,100.96,99.33,98.25,97.70,97.16,96.07,95.53,94.99,94.99"
Rec-030_90s_2,5,10,5341,core,351,331,0.0,9.0,0.9884,353,333,357,335,0.8,False,94.3377,111.2714,81.9631,7.9278,94.4463,"111.27,105.30,99.87,94.45,84.68,101.50,98.25,95.53,91.19,83.05,95.53,93.36,91.19,87.93,81.96"
Rec-030_90s_2,5,11,5342,core,355,331,0.0,4.0,0.9886,357,333,361,335,0.0,False,81.5289,95.5318,75.9929,5.4462,79.7922,"95.53,87.93,83.05,78.71,77.62,89.02,83.05,79.79,77.62,76.54,84.13,79.79,77.62,76.54,75.99"
Rec-030_90s_2,6,1,5465,core,291,331,0.0,1.0,0.9865,293,333,297,335,1.0,True,101.2487,124.2973,93.3608,8.5698,98.7882,"124.30,113.99,109.10,105.30,102.04,102.04,100.96,98.79,97.16,96.07,94.45,94.45,93.36,93.36,93.36"
Rec-030_90s_2,6,2,5466,core,295,331,0.0,4.0,0.9838,297,333,301,335,1.0,True,104.469,132.9812,94.4463,10.1845,102.0447,"132.98,119.41,111.81,107.47,103.67,107.47,105.30,102.04,98.79,97.70,98.25,97.16,95.53,94.99,94.45"
Rec-030_90s_2,6,3,5467,core,300,331,0.0,5.0,0.9884,302,333,306,335,1.0,True,102.4065,125.3828,93.3608,8.4121,99.8737,"125.38,115.07,109.10,104.22,101.50,105.84,103.13,99.87,97.70,96.07,98.25,96.62,95.53,94.45,93.36"
Rec-030_90s_2,6,4,5468,core,304,331,0.0,4.0,0.9857,306,333,310,335,1.0,True,103.1302,130.8102,93.3608,9.7513,100.4165,"130.81,117.24,110.19,105.30,101.50,106.93,103.13,100.42,97.70,95.53,98.25,96.62,95.53,94.45,93.36"
Rec-030_90s_2,6,5,5469,core,313,331,0.0,9.0,0.9868,315,333,319,335,1.0,True,100.3803,123.7545,91.7325,8.4186,98.2455,"123.75,112.90,106.93,102.04,98.79,103.67,100.96,98.25,95.53,94.45,96.07,94.99,93.36,92.28,91.73"
Rec-030_90s_2,6,6,5470,core,318,331,0.0,5.0,0.9907,320,333,324,335,1.0,True,98.8244,117.7843,91.1898,6.9575,96.6172,"117.78,109.64,103.67,100.42,98.25,102.04,98.79,96.62,94.99,94.45,95.53,94.45,92.28,92.28,91.19"
Rec-030_90s_2,6,7,5471,core,323,331,0.0,5.0,0.9879,325,333,329,335,1.0,True,96.9429,111.2714,91.1898,5.4412,95.5318,"111.27,105.30,100.96,98.25,97.16,99.87,97.16,95.53,94.45,93.36,94.45,92.28,91.73,91.19,91.19"
Rec-030_90s_2,6,8,5472,core,327,331,0.0,4.0,0.9909,329,333,333,335,1.0,True,98.3178,115.6133,91.7325,6.3538,96.0745,"115.61,108.01,103.13,99.87,98.25,100.96,98.25,96.07,95.53,94.45,94.99,93.36,92.28,92.28,91.73"
Rec-030_90s_2,6,9,5473,core,332,331,0.0,5.0,0.9891,334,333,338,335,1.0,True,98.2455,110.7286,93.3608,4.8098,96.6172,"110.73,105.84,102.04,99.87,98.79,100.42,98.25,96.62,96.07,95.53,94.99,94.45,93.36,93.36,93.36"
Rec-030_90s_2,6,10,5474,core,336,331,0.0,4.0,0.9908,338,333,342,335,1.0,True,100.3079,115.0706,94.4463,5.782,98.7882,"115.07,109.64,105.30,102.04,100.42,103.13,100.42,98.79,97.70,96.62,96.07,95.53,94.99,94.45,94.45"
Rec-030_90s_2,6,11,5475,core,341,331,0.0,5.0,0.9897,343,333,347,335,1.0,True,100.3441,111.8141,94.989,4.6893,99.331,"111.81,108.01,104.22,102.04,101.50,102.04,100.96,99.33,98.25,98.25,96.62,96.07,95.53,95.53,94.99"
Rec-030_90s_2,6,12,5476,core,345,331,0.0,4.0,0.9902,347,333,351,335,1.0,True,101.2849,115.6133,94.4463,5.6848,99.8737,"115.61,110.19,106.39,103.13,100.96,104.22,102.04,99.87,98.25,97.16,98.25,97.16,96.07,95.53,94.45"
Rec-030_90s_2,6,13,5477,core,350,331,0.0,5.0,0.9881,352,333,356,335,1.0,True,96.4725,110.1859,87.9333,5.7625,95.5318,"110.19,105.30,100.42,96.62,92.28,101.50,98.79,95.53,94.45,90.10,96.07,94.45,92.28,91.19,87.93"
Rec-030_90s_2,6,14,5478,core,355,330,11.31,5.1,0.9914,357,332,361,334,0.0,False,85.9795,112.8996,76.5357,9.4294,83.0486,"112.90,95.53,87.93,83.05,78.71,96.62,87.93,83.05,79.79,77.62,89.56,83.05,79.79,77.62,76.54"
Rec-031_30s_3,1,1,3297,core,290,331,0.0,0.0,0.9852,292,333,296,335,1.0,True,90.249,119.4126,80.3349,10.3482,87.9333,"119.41,105.30,98.25,94.45,90.10,91.19,89.56,87.93,85.22,84.13,83.59,82.51,80.88,80.88,80.33"
Rec-031_30s_3,1,2,3298,core,294,331,0.0,4.0,0.9844,296,333,300,335,1.0,True,91.0089,119.4126,80.3349,10.1532,88.4761,"119.41,105.84,98.25,93.36,90.10,94.99,91.19,88.48,85.76,84.13,85.76,84.13,82.51,80.88,80.33"
Rec-031_30s_3,1,3,3299,core,299,331,0.0,5.0,0.9872,301,333,305,335,1.0,True,88.3313,109.6431,79.7922,7.9161,86.3051,"109.64,99.87,94.45,90.65,87.93,92.28,89.02,86.31,84.13,82.51,84.13,83.05,80.88,80.33,79.79"
Rec-031_30s_3,1,4,3300,core,303,331,0.0,4.0,0.9859,305,333,309,335,1.0,True,89.1636,115.6133,79.7922,9.3071,86.8478,"115.61,102.04,95.53,91.19,87.93,93.36,89.56,86.85,84.13,83.05,84.68,83.05,80.88,79.79,79.79"
Rec-031_30s_3,1,5,3301,core,308,331,0.0,5.0,0.9881,310,333,314,335,1.0,True,87.0649,105.8439,78.7067,7.1861,85.2196,"105.84,97.70,93.36,89.56,86.31,90.65,87.93,85.22,83.05,81.96,83.05,81.96,80.88,79.79,78.71"
Rec-031_30s_3,1,6,3302,core,312,331,0.0,4.0,0.9864,314,333,318,335,1.0,True,88.2228,110.1859,79.7922,7.9837,85.7624,"110.19,99.87,94.45,90.10,87.93,91.19,89.02,85.76,84.13,83.05,84.13,82.51,80.88,80.33,79.79"
Rec-031_30s_3,1,7,3303,core,317,331,0.0,5.0,0.9891,319,333,323,335,1.0,True,87.1373,104.2157,79.7922,6.5636,85.2196,"104.22,97.16,92.28,89.56,87.39,90.10,87.93,85.22,84.13,83.05,83.05,81.96,80.88,80.33,79.79"
Rec-031_30s_3,1,8,3304,core,321,331,0.0,4.0,0.986,323,333,327,335,1.0,True,89.0188,110.1859,80.8776,7.724,86.8478,"110.19,100.42,94.99,91.19,89.02,91.73,89.56,86.85,85.22,84.13,84.13,83.05,82.51,81.42,80.88"
Rec-031_30s_3,1,9,3305,core,326,331,0.0,5.0,0.9895,328,333,332,335,1.0,True,89.055,105.3012,82.5059,6.1929,87.9333,"105.30,98.25,94.45,91.19,89.56,91.19,89.56,87.93,85.76,85.76,84.68,84.13,83.05,82.51,82.51"
Rec-031_30s_3,1,10,3306,core,331,331,0.0,5.0,0.9869,333,333,337,335,1.0,True,89.1997,101.502,83.5914,5.1781,87.9333,"101.50,97.16,94.45,91.73,91.19,91.19,89.02,87.93,86.85,86.31,85.22,84.13,84.13,83.59,83.59"
Rec-031_30s_3,1,11,3307,core,344,331,0.0,13.0,0.9887,346,333,350,335,1.0,True,91.7687,105.3012,85.2196,5.6315,90.6471,"105.30,100.42,97.16,94.99,93.36,93.36,91.73,90.65,89.56,89.02,87.93,86.31,85.76,85.76,85.22"
Rec-031_30s_3,1,12,3308,core,349,331,0.0,5.0,0.9842,351,333,355,335,1.0,True,90.6109,103.1302,84.1341,5.1507,89.5616,"103.13,98.79,95.53,92.28,90.65,93.36,91.19,89.56,88.48,87.39,87.39,86.31,85.76,85.22,84.13"
Rec-031_30s_3,1,13,3309,core,353,331,0.0,4.0,0.9864,355,333,359,335,0.4,False,84.4598,102.0447,76.5357,7.3589,81.9631,"102.04,95.53,85.76,80.88,78.16,93.36,88.48,81.96,78.71,77.08,86.85,84.13,79.79,77.62,76.54"
Rec-031_30s_3,1,14,3310,core,355,330,26.57,2.24,0.9843,357,332,361,334,0.0,False,86.7031,117.7843,76.5357,10.3993,84.1341,"117.78,98.25,89.56,84.13,80.33,95.53,89.02,84.13,79.79,77.62,87.39,83.05,79.79,77.62,76.54"
Rec-031_30s_3,2,1,3445,core,290,331,0.0,0.0,0.9868,292,333,296,335,1.0,True,94.7357,119.4126,86.3051,9.1784,92.2753,"119.41,108.56,103.13,98.79,96.07,94.45,94.45,92.28,91.19,89.56,87.39,86.85,86.31,86.31,86.31"
Rec-031_30s_3,2,2,3446,core,294,331,0.0,4.0,0.9862,296,333,300,335,1.0,True,95.0976,116.1561,86.3051,8.0726,92.2753,"116.16,107.47,102.04,98.25,95.53,98.25,95.53,92.28,91.19,89.56,90.10,89.02,87.93,86.85,86.31"
Rec-031_30s_3,2,3,3447,core,298,331,0.0,4.0,0.9862,300,333,304,335,1.0,True,96.4363,123.2118,86.3051,9.6799,94.4463,"123.21,110.73,103.67,99.33,96.07,99.33,96.62,94.45,91.73,89.56,91.19,89.56,87.93,86.85,86.31"
Rec-031_30s_3,2,4,3448,core,303,331,0.0,5.0,0.9876,305,333,309,335,1.0,True,93.6864,112.8996,85.7624,7.4491,91.1898,"112.90,105.30,99.87,96.62,93.36,97.16,94.45,91.19,89.56,88.48,90.10,87.93,86.85,85.76,85.76"
Rec-031_30s_3,2,5,3449,core,307,331,0.0,4.0,0.9869,309,333,313,335,1.0,True,95.8936,125.9255,85.7624,10.2648,93.3608,"125.93,110.73,102.04,97.70,94.45,98.79,95.53,93.36,90.65,89.02,90.65,89.56,87.93,86.31,85.76"
Rec-031_30s_3,2,6,3450,core,312,331,0.0,5.0,0.9892,314,333,318,335,1.0,True,92.3838,109.6431,85.2196,6.5436,90.6471,"109.64,102.04,98.25,94.45,92.28,95.53,92.28,90.65,89.02,87.93,89.02,87.39,86.31,85.76,85.22"
Rec-031_30s_3,2,7,3451,core,316,331,0.0,4.0,0.9871,318,333,322,335,1.0,True,93.9759,115.0706,85.7624,7.7465,91.7325,"115.07,105.30,99.87,96.62,94.45,96.62,94.45,91.73,90.10,89.02,89.56,87.93,86.85,86.31,85.76"
Rec-031_30s_3,2,8,3452,core,325,331,0.0,9.0,0.9871,327,333,331,335,1.0,True,94.7357,113.9851,87.3906,7.1452,92.2753,"113.99,105.30,100.42,97.70,95.53,97.16,94.45,92.28,91.19,90.65,90.10,89.02,87.93,87.93,87.39"
Rec-031_30s_3,2,9,3453,core,355,330,1.91,30.02,0.9916,357,332,361,334,0.0,False,84.3874,98.2455,75.9929,6.9868,81.9631,"98.25,91.19,85.76,81.96,78.71,98.25,86.85,81.96,78.71,77.62,90.10,83.05,79.79,77.62,75.99"
Rec-031_30s_3,3,1,3585,core,291,331,0.0,1.0,0.9866,293,333,297,335,1.0,True,98.3902,121.5835,90.1043,8.7727,96.0745,"121.58,111.81,106.39,102.04,99.87,99.33,98.25,96.07,94.45,93.36,91.19,91.19,90.10,90.10,90.10"
Rec-031_30s_3,3,2,3586,core,300,331,0.0,9.0,0.9881,302,333,306,335,1.0,True,99.1139,122.1263,90.1043,8.4473,96.6172,"122.13,111.81,105.30,101.50,98.25,103.13,99.33,96.62,94.45,93.36,94.99,93.36,91.73,90.65,90.10"
Rec-031_30s_3,3,3,3587,core,309,331,0.0,9.0,0.9892,311,333,315,335,1.0,True,96.9067,117.7843,89.0188,7.6187,94.4463,"117.78,108.01,103.13,98.79,96.07,100.42,97.16,94.45,93.36,91.73,92.28,91.73,90.10,89.56,89.02"
Rec-031_30s_3,3,4,3588,core,318,331,0.0,9.0,0.9895,320,333,324,335,1.0,True,96.364,115.0706,89.5616,6.9445,94.4463,"115.07,106.93,102.04,98.25,96.07,99.33,96.62,94.45,92.28,91.73,92.28,91.19,90.10,89.56,89.56"
Rec-031_30s_3,3,5,3589,core,323,331,0.0,5.0,0.9879,325,333,329,335,1.0,True,95.6765,109.6431,89.5616,5.4831,94.4463,"109.64,104.22,100.42,97.70,96.07,98.25,95.53,94.45,93.36,92.28,92.28,91.19,90.10,90.10,89.56"
Rec-031_30s_3,3,6,3590,core,332,331,0.0,9.0,0.9888,334,333,338,335,1.0,True,97.16,109.6431,91.1898,5.1566,95.5318,"109.64,105.30,102.04,99.33,98.25,99.33,97.70,95.53,94.99,94.45,93.36,92.28,92.28,91.73,91.19"
Rec-031_30s_3,3,7,3591,core,336,331,0.0,4.0,0.9898,338,333,342,335,1.0,True,98.7521,113.9851,92.2753,5.9073,97.16,"113.99,108.01,103.67,100.96,98.79,101.50,98.79,97.16,95.53,95.53,94.99,94.45,93.36,92.28,92.28"
Rec-031_30s_3,3,8,3592,core,341,331,0.0,5.0,0.9891,343,333,347,335,1.0,True,98.3179,110.7286,92.2753,4.9896,97.16,"110.73,105.84,103.13,100.42,99.33,100.42,98.25,97.16,96.07,95.53,94.45,94.45,93.36,93.36,92.28"
Rec-031_30s_3,3,9,3593,core,345,331,0.0,4.0,0.9885,347,333,351,335,1.0,True,99.4395,113.9851,92.2753,5.8496,98.2455,"113.99,108.56,105.30,101.50,99.33,102.04,99.87,98.25,96.62,95.53,95.53,94.99,94.45,93.36,92.28"
Rec-031_30s_3,3,10,3594,core,350,331,0.0,5.0,0.9877,352,333,356,335,1.0,True,94.989,108.5576,85.7624,5.7814,94.4463,"108.56,103.67,99.33,95.53,91.19,99.87,97.16,94.99,92.28,89.02,94.45,92.28,91.19,89.56,85.76"
Rec-031_30s_3,3,11,3595,core,354,331,0.0,4.0,0.9873,356,333,360,335,0.2,False,83.7361,103.1302,76.5357,7.4324,80.8776,"103.13,91.19,84.13,80.33,77.62,94.45,85.76,80.88,78.16,77.08,88.48,82.51,78.71,77.08,76.54"
Rec-031_30s_3,3,12,3596,core,355,330,45.0,1.41,0.9906,357,332,361,334,0.0,False,85.9794,112.8996,76.5357,9.3036,83.0486,"112.90,95.53,88.48,83.59,79.79,96.07,87.93,83.05,79.79,77.62,87.93,83.05,79.79,77.62,76.54"
Rec-031_30s_3,4,1,3723,core,290,331,0.0,0.0,0.9877,292,333,296,335,1.0,True,97.6666,119.4126,90.1043,8.2846,95.5318,"119.41,110.73,105.30,102.04,99.33,96.62,96.62,95.53,94.45,93.36,90.10,90.65,90.10,90.10,90.65"
Rec-031_30s_3,4,2,3724,core,293,331,0.0,3.0,0.9871,295,333,299,335,1.0,True,100.0908,121.5835,91.7325,8.1996,98.2455,"121.58,112.90,107.47,103.13,100.42,102.04,100.42,98.25,96.07,94.99,94.45,93.36,92.28,92.28,91.73"
Rec-031_30s_3,4,3,3725,core,298,331,0.0,5.0,0.9849,300,333,304,335,1.0,True,99.2224,117.7843,91.7325,7.0465,97.16,"117.78,110.19,105.30,101.50,98.79,102.04,99.33,97.16,95.53,94.45,95.53,94.45,92.28,92.28,91.73"
Rec-031_30s_3,4,4,3726,core,302,331,0.0,4.0,0.9887,304,333,308,335,1.0,True,99.8737,121.0408,91.1898,7.8125,97.7027,"121.04,111.81,105.84,102.04,98.79,103.13,100.42,97.70,95.53,94.45,96.07,94.45,93.36,92.28,91.19"
Rec-031_30s_3,4,5,3727,core,307,331,0.0,5.0,0.9856,309,333,313,335,1.0,True,97.4133,113.9851,90.6471,6.301,95.5318,"113.99,107.47,102.04,98.79,96.62,100.96,98.25,95.53,93.36,92.28,94.45,93.36,92.28,91.19,90.65"
Rec-031_30s_3,4,6,3728,core,311,331,0.0,4.0,0.9898,313,333,317,335,1.0,True,98.1008,117.2416,90.6471,7.0667,96.0745,"117.24,109.10,103.13,99.87,97.16,101.50,98.25,96.07,94.45,92.28,94.99,93.36,92.28,91.19,90.65"
Rec-031_30s_3,4,7,3729,core,316,331,0.0,5.0,0.9869,318,333,322,335,1.0,True,96.3278,111.8141,90.1043,5.8013,94.4463,"111.81,105.30,100.96,97.70,95.53,99.33,96.62,94.45,93.36,92.28,93.36,92.28,91.19,90.65,90.10"
Rec-031_30s_3,4,8,3730,core,320,331,0.0,4.0,0.9904,322,333,326,335,1.0,True,97.6304,115.0706,91.1898,6.4884,95.5318,"115.07,107.47,103.13,99.33,97.16,100.42,97.70,95.53,94.45,93.36,94.45,92.28,91.73,91.19,91.19"
Rec-031_30s_3,4,9,3731,core,325,331,0.0,5.0,0.9875,327,333,331,335,1.0,True,96.7258,109.6431,91.1898,5.1344,95.5318,"109.64,105.30,100.96,98.25,97.70,98.79,96.62,95.53,94.45,93.36,93.36,92.28,91.73,91.73,91.19"
Rec-031_30s_3,4,10,3732,core,329,331,0.0,4.0,0.9903,331,333,335,335,1.0,True,98.4626,113.9851,92.2753,5.8348,96.6172,"113.99,107.47,103.13,100.42,98.79,100.96,98.25,96.62,95.53,94.99,94.45,93.36,93.36,93.36,92.28"
Rec-031_30s_3,4,11,3733,core,334,331,0.0,5.0,0.9884,336,333,340,335,1.0,True,98.9691,110.7286,94.4463,4.6422,97.7027,"110.73,106.39,103.13,100.96,99.33,100.96,98.79,97.70,96.62,96.07,95.53,94.99,94.45,94.45,94.45"
Rec-031_30s_3,4,12,3734,core,338,331,0.0,4.0,0.9901,340,333,344,335,1.0,True,100.3079,113.9851,94.4463,5.3955,98.7882,"113.99,109.10,105.30,102.04,100.96,102.04,100.42,98.79,97.70,97.16,96.62,95.53,95.53,94.99,94.45"
Rec-031_30s_3,4,13,3735,core,343,331,0.0,5.0,0.9884,345,333,349,335,1.0,True,99.8014,111.2714,94.4463,4.5877,98.2455,"111.27,106.93,103.67,102.04,100.42,102.04,99.87,98.25,97.70,97.16,96.62,96.07,95.53,94.99,94.45"
Rec-031_30s_3,4,14,3736,core,352,331,0.0,9.0,0.9864,354,333,358,335,0.6,False,90.43,106.9294,78.7067,8.3256,91.7325,"106.93,102.04,95.53,85.76,80.33,98.79,95.53,91.73,84.13,79.79,94.45,92.28,88.48,81.96,78.71"
Rec-031_30s_3,4,15,3737,core,355,331,0.0,3.0,0.9869,357,333,361,335,0.0,False,82.144,97.7027,75.9929,5.9013,79.7922,"97.70,89.56,84.13,79.79,77.62,89.56,83.59,79.79,77.62,77.08,84.13,80.33,78.16,77.08,75.99"
Rec-031_30s_3,5,1,3866,core,291,331,0.0,1.0,0.9865,293,333,297,335,1.0,True,100.4526,123.7545,92.2753,8.7884,98.2455,"123.75,113.99,108.56,104.22,102.04,100.96,99.87,98.25,96.07,95.53,93.36,93.36,92.28,92.28,92.28"
Rec-031_30s_3,5,2,3867,core,296,331,0.0,5.0,0.9845,298,333,302,335,1.0,True,100.7783,119.4126,93.3608,7.1337,98.2455,"119.41,111.81,106.93,103.13,100.96,103.67,101.50,98.25,97.16,95.53,96.62,95.53,94.45,93.36,93.36"
Rec-031_30s_3,5,3,3868,core,304,331,0.0,8.0,0.9858,306,333,310,335,1.0,True,102.6598,129.182,93.3608,9.4773,99.8737,"129.18,116.70,109.64,105.30,100.96,105.84,103.13,99.87,97.70,95.53,98.25,96.07,94.99,93.36,93.36"
Rec-031_30s_3,5,4,3869,core,309,331,0.0,5.0,0.9895,311,333,315,335,1.0,True,99.6204,120.498,91.1898,7.6368,97.16,"120.50,111.27,105.30,101.50,98.25,103.13,99.87,97.16,95.53,94.45,96.07,94.45,93.36,92.28,91.19"
Rec-031_30s_3,5,5,3870,core,314,331,0.0,5.0,0.987,316,333,320,335,1.0,True,97.2324,112.8996,91.1898,5.8686,95.5318,"112.90,106.39,102.04,98.25,96.62,99.87,97.70,95.53,94.45,92.28,94.45,93.36,92.28,91.19,91.19"
Rec-031_30s_3,5,6,3871,core,318,331,0.0,4.0,0.9899,320,333,324,335,1.0,True,98.354,117.7843,91.1898,7.0604,96.0745,"117.78,109.10,103.67,99.87,97.70,101.50,98.25,96.07,94.45,93.36,94.99,93.36,92.28,91.73,91.19"
Rec-031_30s_3,5,7,3872,core,323,331,0.0,5.0,0.9884,325,333,329,335,1.0,True,97.1962,111.2714,91.1898,5.3673,95.5318,"111.27,105.30,102.04,98.79,97.16,99.33,97.70,95.53,94.45,93.36,94.45,93.36,92.28,91.73,91.19"
Rec-031_30s_3,5,8,3873,core,327,331,0.0,4.0,0.9903,329,333,333,335,1.0,True,99.0777,116.1561,92.2753,6.2948,97.7027,"116.16,108.56,104.22,100.96,98.79,101.50,98.79,97.70,95.53,94.99,95.53,94.45,93.36,93.36,92.28"
Rec-031_30s_3,5,9,3874,core,332,331,0.0,5.0,0.9889,334,333,338,335,1.0,True,99.0777,111.2714,94.4463,4.8092,97.7027,"111.27,106.93,103.13,100.96,99.33,101.50,98.79,97.70,96.62,96.07,95.53,94.99,94.45,94.45,94.45"
Rec-031_30s_3,5,10,3875,core,336,331,0.0,4.0,0.9901,338,333,342,335,1.0,True,100.8145,115.6133,94.4463,5.8033,98.7882,"115.61,110.19,105.84,103.13,100.96,103.13,100.96,98.79,98.25,97.16,97.16,96.07,95.53,94.99,94.45"
Rec-031_30s_3,5,11,3876,core,341,331,0.0,5.0,0.9894,343,333,347,335,1.0,True,100.3079,111.8141,94.989,4.7489,98.7882,"111.81,108.01,105.30,102.04,100.96,102.04,100.42,98.79,98.25,97.70,97.16,96.07,95.53,95.53,94.99"
Rec-031_30s_3,5,12,3877,core,345,331,0.0,4.0,0.9889,347,333,351,335,1.0,True,101.1763,115.0706,94.4463,5.6047,99.8737,"115.07,110.19,106.39,103.13,100.96,103.67,102.04,99.87,98.25,97.16,98.25,96.62,96.07,95.53,94.45"
Rec-031_30s_3,5,13,3878,core,350,331,0.0,5.0,0.9877,352,333,356,335,1.0,True,96.8705,110.7286,88.4761,5.8451,96.0745,"110.73,105.84,101.50,97.16,92.28,102.04,98.79,96.07,94.45,90.65,96.07,94.45,93.36,91.19,88.48"
Rec-031_30s_3,5,14,3879,core,354,331,0.0,4.0,0.9876,356,333,360,335,0.2,False,84.7492,105.3012,76.5357,8.0718,81.4204,"105.30,92.28,84.68,80.88,78.16,96.62,87.39,81.42,78.71,77.08,91.19,83.59,79.79,77.62,76.54"
Rec-031_30s_3,5,15,3880,core,355,330,45.0,1.41,0.991,357,332,361,334,0.0,False,86.3775,113.9851,76.5357,9.6437,83.5914,"113.99,96.07,88.48,83.59,79.79,97.16,88.48,83.59,79.79,77.62,89.56,83.59,79.79,77.62,76.54"
Rec-031_30s_3,6,1,4013,core,290,331,0.0,0.0,0.9866,292,333,296,335,1.0,True,101.1039,127.011,92.2753,9.6714,98.2455,"127.01,116.16,109.64,105.84,103.13,99.87,99.87,98.25,97.16,96.07,92.28,93.36,92.28,92.28,93.36"
Rec-031_30s_3,6,2,4014,core,294,331,0.0,4.0,0.987,296,333,300,335,1.0,True,103.9986,128.6392,94.989,9.0533,101.502,"128.64,117.78,111.81,106.93,103.67,106.39,103.67,101.50,99.33,98.25,98.25,97.16,96.07,95.53,94.99"
Rec-031_30s_3,6,3,4015,core,299,331,0.0,5.0,0.9873,301,333,305,335,1.0,True,102.5151,122.669,94.4463,7.5826,100.4165,"122.67,113.99,108.56,105.30,102.04,105.84,103.13,100.42,98.25,97.16,98.25,97.16,95.53,94.99,94.45"
Rec-031_30s_3,6,4,4016,core,308,331,0.0,9.0,0.9887,310,333,314,335,1.0,True,100.7421,119.4126,93.3608,6.9302,98.2455,"119.41,111.27,106.39,102.04,99.87,104.22,101.50,98.25,96.62,95.53,97.70,95.53,94.99,94.45,93.36"
Rec-031_30s_3,6,5,4017,core,312,331,0.0,4.0,0.9895,314,333,318,335,1.0,True,101.6105,122.669,93.3608,7.7118,99.331,"122.67,112.90,108.01,103.13,100.42,105.30,102.04,99.33,97.70,95.53,98.25,96.07,94.99,94.45,93.36"
Rec-031_30s_3,6,6,4018,core,317,331,0.0,5.0,0.9899,319,333,323,335,1.0,True,99.7652,117.2416,92.2753,6.636,97.7027,"117.24,110.19,105.30,101.50,98.25,103.13,100.42,97.70,96.07,94.99,96.62,94.99,94.45,93.36,92.28"
Rec-031_30s_3,6,7,4019,core,321,331,0.0,4.0,0.9895,323,333,327,335,1.0,True,100.2717,120.498,92.2753,7.3847,98.2455,"120.50,111.81,105.84,102.04,98.79,103.13,100.42,98.25,96.07,94.99,96.62,95.53,94.45,93.36,92.28"
Rec-031_30s_3,6,8,4020,core,326,331,0.0,5.0,0.9903,328,333,332,335,1.0,True,98.7521,113.9851,92.2753,5.7318,97.16,"113.99,107.47,103.13,100.96,98.25,101.50,98.79,97.16,96.07,94.99,95.53,94.45,93.36,93.36,92.28"
Rec-031_30s_3,6,9,4021,core,330,331,0.0,4.0,0.9891,332,333,336,335,1.0,True,100.5974,117.2416,94.4463,6.3346,98.7882,"117.24,110.73,105.84,102.04,100.96,103.13,100.96,98.79,97.16,96.62,96.62,95.53,94.45,94.45,94.45"
Rec-031_30s_3,6,10,4022,core,335,331,0.0,5.0,0.9905,337,333,341,335,1.0,True,100.525,113.9851,94.989,5.3111,98.7882,"113.99,109.10,105.30,102.04,100.96,103.13,100.42,98.79,98.25,97.16,97.16,95.53,95.53,95.53,94.99"
Rec-031_30s_3,6,11,4023,core,339,331,0.0,4.0,0.9885,341,333,345,335,1.0,True,101.9723,117.2416,95.5318,5.9351,100.4165,"117.24,111.27,107.47,104.22,102.04,104.22,102.04,100.42,98.79,98.25,98.25,97.16,96.62,96.07,95.53"
Rec-031_30s_3,6,12,4024,core,344,331,0.0,5.0,0.99,346,333,350,335,1.0,True,101.5381,113.9851,95.5318,5.0739,100.4165,"113.99,109.64,106.39,103.67,101.50,103.67,102.04,100.42,99.33,98.25,98.25,97.70,96.62,96.07,95.53"
Rec-031_30s_3,6,13,4025,core,353,331,0.0,9.0,0.9885,355,333,359,335,0.4,False,87.7162,106.9294,77.0784,9.1289,85.2196,"106.93,99.87,88.48,81.96,78.71,99.33,94.45,85.22,79.79,77.62,94.45,90.10,83.05,78.71,77.08"
Rec-031_30s_3,6,14,4026,core,355,330,26.57,2.24,0.9856,357,332,361,334,0.0,False,87.6439,119.4126,76.5357,10.9142,84.1341,"119.41,99.87,90.10,84.68,80.33,98.25,89.56,84.13,80.33,78.16,90.65,84.13,80.33,78.16,76.54"
Rec-032_30s_4,1,1,3294,core,290,331,0.0,0.0,0.9884,292,333,296,335,1.0,True,88.2952,109.1004,80.3349,8.115,86.3051,"109.10,100.96,96.07,92.28,89.56,89.02,88.48,86.31,84.68,83.59,81.96,80.88,80.88,80.33,80.33"
Rec-032_30s_4,1,2,3295,core,292,331,0.0,2.0,0.9848,294,333,298,335,1.0,True,88.6208,106.3867,80.8776,7.0972,86.8478,"106.39,99.87,94.99,91.73,89.56,91.19,89.02,86.85,85.22,84.13,83.59,83.05,81.96,80.88,80.88"
Rec-032_30s_4,1,3,3296,core,296,331,0.0,4.0,0.9878,298,333,302,335,1.0,True,90.1767,112.8996,80.3349,8.5881,87.9333,"112.90,103.13,97.16,92.28,89.56,94.45,91.19,87.93,85.76,84.13,85.76,84.13,82.51,81.42,80.33"
Rec-032_30s_4,1,4,3297,core,301,331,0.0,5.0,0.9861,303,333,307,335,1.0,True,87.4629,105.3012,79.7922,6.9614,85.7624,"105.30,98.25,93.36,89.56,87.39,91.19,87.93,85.76,83.59,82.51,84.13,82.51,80.88,79.79,79.79"
Rec-032_30s_4,1,5,3298,core,305,331,0.0,4.0,0.9883,307,333,311,335,1.0,True,88.0419,110.1859,78.7067,8.1453,85.7624,"110.19,99.87,94.45,90.10,86.85,91.73,89.02,85.76,84.13,82.51,84.13,82.51,80.88,79.79,78.71"
Rec-032_30s_4,1,6,3299,core,314,331,0.0,9.0,0.9888,316,333,320,335,1.0,True,87.4268,106.3867,79.7922,7.1414,85.7624,"106.39,98.25,93.36,89.56,86.85,90.65,87.93,85.76,83.59,82.51,83.59,81.96,80.88,80.33,79.79"
Rec-032_30s_4,1,7,3300,core,319,331,0.0,5.0,0.9885,321,333,325,335,1.0,True,86.7393,102.0447,80.3349,5.873,85.2196,"102.04,95.53,91.19,89.02,87.39,89.56,87.39,85.22,83.59,83.05,83.05,81.96,80.88,80.88,80.33"
Rec-032_30s_4,1,8,3301,core,323,331,0.0,4.0,0.9889,325,333,329,335,1.0,True,88.6208,105.8439,81.4204,6.6012,86.8478,"105.84,98.25,94.45,91.19,89.56,91.19,89.02,86.85,85.76,84.13,84.13,83.05,82.51,81.96,81.42"
Rec-032_30s_4,1,9,3302,core,328,331,0.0,5.0,0.9892,330,333,334,335,1.0,True,88.7293,102.0447,83.0486,5.4522,87.3906,"102.04,97.70,93.36,91.19,89.56,91.19,89.02,87.39,85.76,85.76,84.68,84.13,83.05,83.05,83.05"
Rec-032_30s_4,1,10,3303,core,337,331,0.0,9.0,0.9898,339,333,343,335,1.0,True,90.3576,103.1302,84.1341,5.2802,89.0188,"103.13,98.25,95.53,93.36,91.73,92.28,90.65,89.02,87.93,87.39,86.31,85.76,85.22,84.68,84.13"
Rec-032_30s_4,1,11,3304,core,346,331,0.0,9.0,0.9875,348,333,352,335,1.0,True,91.2983,103.1302,85.2196,5.0767,90.1043,"103.13,99.33,96.07,94.45,92.28,93.36,91.73,90.10,89.02,88.48,87.93,86.85,85.76,85.76,85.22"
Rec-032_30s_4,1,12,3305,core,350,331,0.0,4.0,0.985,352,333,356,335,1.0,True,90.7918,106.9294,81.9631,6.5833,87.9333,"106.93,100.96,96.62,92.28,87.93,95.53,92.28,90.10,87.93,84.68,87.93,86.85,85.76,84.13,81.96"
Rec-032_30s_4,1,13,3306,core,355,331,0.0,5.0,0.9843,357,333,361,335,0.0,False,80.0454,91.1898,75.9929,4.1847,78.7067,"91.19,85.76,80.88,78.16,77.08,85.22,80.88,78.71,77.62,75.99,80.88,78.71,77.62,75.99,75.99"
Rec-032_30s_4,2,1,3431,core,291,331,0.0,1.0,0.9836,293,333,297,335,1.0,True,96.6896,124.84,87.3906,10.1012,94.4463,"124.84,111.27,105.30,100.42,97.70,97.70,95.53,94.45,91.73,90.65,89.56,88.48,87.93,87.39,87.39"
Rec-032_30s_4,2,2,3432,core,296,331,0.0,5.0,0.9879,298,333,302,335,1.0,True,95.6765,117.7843,86.3051,8.3952,93.3608,"117.78,108.56,103.13,98.25,95.53,98.79,96.07,93.36,91.19,90.10,91.19,89.56,87.93,87.39,86.31"
Rec-032_30s_4,2,3,3433,core,300,331,0.0,4.0,0.9857,302,333,306,335,1.0,True,96.6896,124.2973,86.3051,9.9128,94.4463,"124.30,111.27,104.22,99.33,96.07,99.87,96.62,94.45,91.73,90.10,91.19,89.56,87.93,87.39,86.31"
Rec-032_30s_4,2,4,3434,core,305,331,0.0,5.0,0.9887,307,333,311,335,1.0,True,94.6272,115.0706,86.3051,7.6105,92.2753,"115.07,105.84,100.96,97.16,94.45,97.70,94.99,92.28,90.65,89.56,90.65,89.02,87.93,86.85,86.31"
Rec-032_30s_4,2,5,3435,core,310,331,0.0,5.0,0.9854,312,333,316,335,1.0,True,92.8542,109.1004,85.7624,6.2779,91.1898,"109.10,102.04,98.25,94.99,93.36,96.07,93.36,91.19,89.56,88.48,89.56,87.93,87.39,85.76,85.76"
Rec-032_30s_4,2,6,3436,core,314,331,0.0,4.0,0.9892,316,333,320,335,1.0,True,93.2884,111.2714,85.7624,6.7785,91.1898,"111.27,103.67,98.79,95.53,93.36,96.07,93.36,91.19,89.56,89.56,89.56,87.93,87.39,86.31,85.76"
Rec-032_30s_4,2,7,3437,core,319,331,0.0,5.0,0.987,321,333,325,335,1.0,True,92.3838,106.9294,85.7624,5.655,91.1898,"106.93,100.96,97.16,94.45,92.28,95.53,92.28,91.19,89.56,89.02,89.02,87.93,87.39,86.31,85.76"
Rec-032_30s_4,2,8,3438,core,323,331,0.0,4.0,0.9897,325,333,329,335,1.0,True,93.6864,110.7286,86.8478,6.3102,91.7325,"110.73,103.13,98.25,95.53,93.36,96.62,94.45,91.73,90.65,89.56,90.10,89.02,87.93,87.39,86.85"
Rec-032_30s_4,2,9,3439,core,328,331,0.0,5.0,0.9876,330,333,334,335,1.0,True,93.1799,105.8439,87.9333,5.0785,91.1898,"105.84,100.96,97.70,95.53,94.45,95.53,93.36,91.19,90.65,90.10,89.56,89.02,87.93,87.93,87.93"
Rec-032_30s_4,2,10,3440,core,332,331,0.0,4.0,0.9898,334,333,338,335,1.0,True,94.8805,109.1004,88.4761,5.748,93.3608,"109.10,103.67,99.87,97.70,96.62,97.16,94.99,93.36,92.28,91.73,90.65,89.56,89.02,89.02,88.48"
Rec-032_30s_4,2,11,3441,core,337,331,0.0,5.0,0.9885,339,333,343,335,1.0,True,95.0252,107.4722,89.5616,5.2151,93.3608,"107.47,103.13,99.87,98.25,96.62,97.16,94.99,93.36,92.28,92.28,91.19,90.10,89.56,89.56,89.56"
Rec-032_30s_4,2,12,3442,core,341,331,0.0,4.0,0.9895,343,333,347,335,1.0,True,96.3278,110.1859,89.5616,5.685,94.989,"110.19,105.30,101.50,98.79,97.70,98.25,96.62,94.99,94.45,93.36,92.28,91.19,90.65,90.10,89.56"
Rec-032_30s_4,2,13,3443,core,346,331,0.0,5.0,0.9862,348,333,352,335,1.0,True,94.8443,106.9294,89.0188,4.7624,94.4463,"106.93,102.04,98.25,96.62,94.99,97.70,95.53,94.45,92.28,91.73,91.73,91.19,90.65,89.56,89.02"
Rec-032_30s_4,2,14,3444,core,350,331,0.0,4.0,0.9862,352,333,356,335,1.0,True,93.6503,108.0149,84.6769,6.0009,91.1898,"108.01,103.13,98.25,94.99,90.65,98.25,95.53,93.36,91.19,87.93,91.19,90.10,89.56,87.93,84.68"
Rec-032_30s_4,2,15,3445,core,355,331,0.0,5.0,0.9832,357,333,361,335,0.0,False,80.154,91.7325,75.9929,4.3405,78.7067,"91.73,85.22,80.88,78.16,76.54,85.76,80.88,78.71,77.08,75.99,82.51,78.71,77.62,76.54,75.99"
Rec-032_30s_4,3,1,3574,core,290,331,0.0,0.0,0.9901,292,333,296,335,1.0,True,94.8443,112.8996,87.9333,7.3874,92.2753,"112.90,106.39,103.13,99.33,97.16,94.45,94.45,92.28,91.19,91.19,87.93,87.93,87.93,87.93,88.48"
Rec-032_30s_4,3,2,3575,core,293,331,0.0,3.0,0.9857,295,333,299,335,1.0,True,99.5481,125.9255,90.1043,9.4875,97.16,"125.93,112.90,107.47,103.13,99.33,102.04,99.33,97.16,94.99,93.36,93.36,92.28,91.19,90.65,90.10"
Rec-032_30s_4,3,3,3576,core,302,331,0.0,9.0,0.9876,304,333,308,335,1.0,True,98.7159,123.7545,89.5616,8.9443,96.0745,"123.75,111.81,105.30,100.96,97.70,102.04,98.79,96.07,94.45,92.28,94.45,92.28,91.19,90.10,89.56"
Rec-032_30s_4,3,4,3577,core,307,331,0.0,5.0,0.9891,309,333,313,335,1.0,True,96.9429,116.1561,89.5616,7.0203,94.989,"116.16,107.47,102.04,98.25,96.07,100.42,97.70,94.99,93.36,91.73,93.36,91.73,91.19,90.10,89.56"
Rec-032_30s_4,3,5,3578,core,311,331,0.0,4.0,0.9873,313,333,317,335,1.0,True,97.7389,120.498,89.5616,7.9705,95.5318,"120.50,109.10,103.13,99.33,96.62,100.96,97.70,95.53,93.36,92.28,94.45,92.28,91.19,90.10,89.56"
Rec-032_30s_4,3,6,3579,core,334,331,0.0,23.0,0.9905,336,333,340,335,1.0,True,98.2455,111.8141,92.2753,5.3875,97.16,"111.81,106.39,103.13,100.42,98.79,100.96,98.25,97.16,95.53,94.99,94.99,93.36,93.36,92.28,92.28"
Rec-032_30s_4,3,7,3580,core,339,331,0.0,5.0,0.9877,341,333,345,335,1.0,True,97.4495,109.1004,92.2753,4.7558,96.0745,"109.10,105.30,101.50,99.33,98.25,99.33,97.70,96.07,95.53,94.99,94.45,93.36,92.28,92.28,92.28"
Rec-032_30s_4,3,8,3581,core,343,331,0.0,4.0,0.9897,345,333,349,335,1.0,True,98.2455,111.2714,92.2753,5.2209,97.16,"111.27,106.39,103.13,100.42,98.25,100.42,98.79,97.16,95.53,94.99,94.99,94.45,93.36,92.28,92.28"
Rec-032_30s_4,3,9,3582,core,348,331,0.0,5.0,0.9855,350,333,354,335,1.0,True,95.966,106.9294,90.1043,4.5071,94.989,"106.93,103.13,99.87,97.16,94.99,98.79,96.62,95.53,94.45,92.28,94.45,92.28,91.73,91.19,90.10"
Rec-032_30s_4,3,10,3583,core,352,331,0.0,4.0,0.9874,354,333,358,335,0.6,False,89.3083,105.3012,78.1639,8.023,90.1043,"105.30,100.42,94.99,85.76,80.33,97.70,94.45,90.65,83.05,78.71,92.28,90.10,86.85,80.88,78.16"
Rec-032_30s_4,3,11,3584,core,355,331,0.0,3.0,0.9845,357,333,361,335,0.0,False,81.7822,96.6172,75.9929,5.6981,79.7922,"96.62,89.02,83.59,79.79,77.62,89.02,83.59,79.79,77.62,76.54,83.59,79.79,77.62,76.54,75.99"
Rec-032_30s_4,4,1,3715,core,291,331,0.0,1.0,0.9848,293,333,297,335,1.0,True,97.8113,116.1561,91.1898,7.1103,95.5318,"116.16,109.10,104.22,100.96,99.33,98.79,97.70,95.53,94.45,94.45,91.73,91.19,91.19,91.19,91.19"
Rec-032_30s_4,4,2,3716,core,295,331,0.0,4.0,0.9877,297,333,301,335,1.0,True,100.1994,121.5835,91.7325,7.9045,98.2455,"121.58,111.81,106.39,103.13,99.87,103.13,100.96,98.25,95.53,94.99,95.53,94.45,93.36,92.28,91.73"
Rec-032_30s_4,4,3,3717,core,299,331,0.0,4.0,0.9863,301,333,305,335,1.0,True,101.7552,127.5537,92.2753,9.3059,99.331,"127.55,115.61,109.10,103.67,100.42,105.30,102.04,99.33,96.62,95.53,96.62,95.53,94.45,92.28,92.28"
Rec-032_30s_4,4,4,3718,core,304,331,0.0,5.0,0.9888,306,333,310,335,1.0,True,98.6797,117.7843,91.1898,7.0937,96.6172,"117.78,109.64,104.22,100.42,97.70,102.04,98.79,96.62,94.45,93.36,95.53,94.45,92.28,91.73,91.19"
Rec-032_30s_4,4,5,3719,core,308,331,0.0,4.0,0.9868,310,333,314,335,1.0,True,99.6204,123.7545,91.1898,8.4985,97.16,"123.75,111.81,105.84,100.96,98.25,103.13,99.87,97.16,94.99,93.36,95.53,94.45,92.28,91.73,91.19"
Rec-032_30s_4,4,6,3720,core,313,331,0.0,5.0,0.9898,315,333,319,335,1.0,True,97.0876,113.9851,90.6471,6.3321,95.5318,"113.99,106.93,102.04,98.25,96.07,100.42,97.70,95.53,93.36,92.28,94.45,92.28,91.19,91.19,90.65"
Rec-032_30s_4,4,7,3721,core,317,331,0.0,4.0,0.9866,319,333,323,335,1.0,True,98.4626,119.4126,91.1898,7.5252,96.0745,"119.41,110.19,103.67,99.87,97.70,101.50,98.25,96.07,94.45,93.36,94.45,93.36,92.28,91.19,91.19"
Rec-032_30s_4,4,8,3722,core,322,331,0.0,5.0,0.9905,324,333,328,335,1.0,True,97.3771,112.8996,91.1898,5.8179,95.5318,"112.90,106.39,102.04,98.79,97.16,99.87,97.70,95.53,94.45,93.36,94.45,93.36,92.28,91.19,91.19"
Rec-032_30s_4,4,9,3723,core,327,331,0.0,5.0,0.9869,329,333,333,335,1.0,True,96.9429,108.5576,92.2753,4.4791,95.5318,"108.56,103.67,100.96,98.25,97.70,98.79,97.16,95.53,94.45,94.45,94.45,93.36,92.28,92.28,92.28"
Rec-032_30s_4,4,10,3724,core,331,331,0.0,4.0,0.9905,333,333,337,335,1.0,True,99.4395,112.8996,94.4463,5.1649,98.2455,"112.90,107.47,103.67,101.50,99.87,101.50,99.33,98.25,97.16,96.07,95.53,94.99,94.45,94.45,94.45"
Rec-032_30s_4,4,11,3725,core,336,331,0.0,5.0,0.9871,338,333,342,335,1.0,True,99.7652,111.2714,94.989,4.6062,98.2455,"111.27,106.93,103.67,102.04,100.42,102.04,99.87,98.25,97.70,97.16,96.07,95.53,95.53,94.99,94.99"
Rec-032_30s_4,4,12,3726,core,345,331,0.0,9.0,0.9867,347,333,351,335,1.0,True,99.4395,110.7286,93.3608,4.6105,98.2455,"110.73,106.93,103.13,100.96,99.33,102.04,100.42,98.25,97.16,96.07,97.16,96.07,95.53,94.45,93.36"
Rec-032_30s_4,4,13,3727,core,355,330,5.71,10.05,0.9882,357,332,361,334,0.0,False,86.7755,115.6133,76.5357,10.072,83.5914,"115.61,96.62,88.48,83.59,79.79,98.25,89.02,83.59,79.79,77.62,90.65,84.13,80.33,77.62,76.54"
Rec-032_30s_4,5,1,3853,core,290,331,0.0,0.0,0.9879,292,333,296,335,1.0,True,99.1862,122.1263,91.1898,8.5482,97.16,"122.13,111.81,107.47,103.13,100.96,98.25,98.25,97.16,95.53,94.99,91.19,91.73,91.73,91.73,91.73"
Rec-032_30s_4,5,2,3854,core,293,331,0.0,3.0,0.9875,295,333,299,335,1.0,True,101.7552,124.84,93.3608,8.4938,99.331,"124.84,113.99,109.10,105.30,102.04,103.67,102.04,99.33,98.25,96.07,95.53,94.99,94.45,93.36,93.36"
Rec-032_30s_4,5,3,3855,core,298,331,0.0,5.0,0.9872,300,333,304,335,1.0,True,100.8507,120.498,93.3608,7.3145,98.7882,"120.50,111.81,106.93,103.13,100.42,103.67,101.50,98.79,96.62,95.53,97.16,95.53,94.45,93.36,93.36"
Rec-032_30s_4,5,4,3856,core,302,331,0.0,4.0,0.9893,304,333,308,335,1.0,True,101.6105,123.7545,93.3608,8.1838,99.331,"123.75,113.99,108.01,103.67,100.96,105.30,102.04,99.33,97.16,95.53,97.70,95.53,94.45,93.36,93.36"
Rec-032_30s_4,5,5,3857,core,307,331,0.0,5.0,0.9883,309,333,313,335,1.0,True,98.8244,116.1561,91.7325,6.5053,96.6172,"116.16,109.10,103.67,100.42,98.25,102.04,99.33,96.62,94.99,94.45,95.53,94.45,93.36,92.28,91.73"
Rec-032_30s_4,5,6,3858,core,311,331,0.0,4.0,0.9901,313,333,317,335,1.0,True,99.1501,119.4126,91.1898,7.3077,97.16,"119.41,110.19,104.22,100.96,98.25,102.04,99.33,97.16,94.99,93.36,96.07,94.45,93.36,92.28,91.19"
Rec-032_30s_4,5,7,3859,core,316,331,0.0,5.0,0.9894,318,333,322,335,1.0,True,97.5942,113.9851,91.1898,6.0509,95.5318,"113.99,106.93,102.04,98.79,97.16,100.42,98.25,95.53,94.45,93.36,94.45,93.36,92.28,91.73,91.19"
Rec-032_30s_4,5,8,3860,core,320,331,0.0,4.0,0.99,322,333,326,335,1.0,True,99.0053,117.7843,91.7325,6.7957,97.16,"117.78,109.10,104.22,100.42,98.25,102.04,98.79,97.16,95.53,94.45,95.53,94.45,93.36,92.28,91.73"
Rec-032_30s_4,5,9,3861,core,325,331,0.0,5.0,0.9897,327,333,331,335,1.0,True,97.8475,111.8141,92.2753,5.2899,96.0745,"111.81,105.84,102.04,99.33,98.25,100.42,98.25,96.07,95.53,94.45,94.45,93.36,93.36,92.28,92.28"
Rec-032_30s_4,5,10,3862,core,329,331,0.0,4.0,0.9899,331,333,335,335,1.0,True,100.0185,116.6988,93.3608,6.1992,98.2455,"116.70,109.64,105.30,102.04,99.33,102.04,99.87,98.25,97.16,96.07,96.07,95.53,94.45,94.45,93.36"
Rec-032_30s_4,5,11,3863,core,334,331,0.0,5.0,0.9903,336,333,340,335,1.0,True,99.6928,111.8141,94.4463,4.8043,98.2455,"111.81,107.47,103.67,101.50,99.87,102.04,99.87,98.25,97.70,96.62,96.62,95.53,94.99,94.99,94.45"
Rec-032_30s_4,5,12,3864,core,338,331,0.0,4.0,0.9893,340,333,344,335,1.0,True,101.1401,116.1561,95.5318,5.6462,99.331,"116.16,109.64,105.84,103.13,101.50,103.13,101.50,99.33,98.25,97.70,97.70,96.62,95.53,95.53,95.53"
Rec-032_30s_4,5,13,3865,core,343,331,0.0,5.0,0.99,345,333,349,335,1.0,True,100.923,112.8996,95.5318,4.8725,99.8737,"112.90,108.56,105.30,103.13,101.50,103.13,101.50,99.87,98.25,97.70,97.70,97.16,96.07,95.53,95.53"
Rec-032_30s_4,5,14,3866,core,347,331,0.0,4.0,0.9882,349,333,353,335,1.0,True,100.4888,115.0706,92.2753,5.9384,98.7882,"115.07,109.64,105.84,102.04,98.79,104.22,102.04,99.33,97.70,95.53,98.25,96.62,95.53,94.45,92.28"
Rec-032_30s_4,5,15,3867,core,352,331,0.0,5.0,0.9881,354,333,358,335,0.6,False,90.5385,107.4722,78.7067,8.3735,91.7325,"107.47,102.04,95.53,85.22,80.33,99.33,95.53,91.73,84.13,79.79,94.45,91.73,89.02,83.05,78.71"
Rec-032_30s_4,5,16,3868,core,355,331,0.0,3.0,0.9866,357,333,361,335,0.0,False,82.2888,97.16,75.9929,5.8583,80.3349,"97.16,88.48,83.59,79.79,77.62,90.65,84.13,80.33,77.62,76.54,85.76,80.88,78.71,77.08,75.99"
Rec-032_30s_4,6,1,3994,core,290,331,0.0,0.0,0.9891,292,333,296,335,1.0,True,99.4757,120.498,91.7325,8.1048,97.7027,"120.50,111.81,107.47,104.22,101.50,98.25,98.25,97.70,96.07,95.53,91.73,92.28,92.28,92.28,92.28"
Rec-032_30s_4,6,2,3995,core,291,331,0.0,1.0,0.9842,293,333,297,335,1.0,True,102.9131,129.7247,94.4463,9.7489,100.4165,"129.72,117.78,111.81,106.39,103.13,103.13,102.04,100.42,98.25,97.16,95.53,94.99,94.45,94.45,94.45"
Rec-032_30s_4,6,3,3996,core,300,331,0.0,9.0,0.9868,302,333,306,335,1.0,True,104.1795,130.8102,94.4463,9.4287,101.502,"130.81,117.78,111.27,106.39,103.13,107.47,104.22,101.50,98.79,97.70,99.33,98.25,96.07,95.53,94.45"
Rec-032_30s_4,6,4,3997,core,305,331,0.0,5.0,0.9899,307,333,311,335,1.0,True,101.4296,121.5835,93.3608,7.4625,98.7882,"121.58,112.90,106.93,103.13,100.42,105.30,102.04,98.79,97.16,96.07,98.25,96.07,94.99,94.45,93.36"
Rec-032_30s_4,6,5,3998,core,309,331,0.0,4.0,0.9875,311,333,315,335,1.0,True,102.2256,125.9255,93.3608,8.5211,99.8737,"125.93,115.07,109.10,103.67,100.96,105.30,102.04,99.87,97.70,95.53,98.25,96.62,95.53,94.45,93.36"
Rec-032_30s_4,6,6,3999,core,323,331,0.0,14.0,0.9917,325,333,329,335,1.0,True,98.933,115.6133,92.2753,6.1611,97.16,"115.61,108.56,103.13,100.42,98.25,102.04,99.33,97.16,95.53,94.99,95.53,94.45,93.36,93.36,92.28"
Rec-032_30s_4,6,7,4000,core,328,331,0.0,5.0,0.9888,330,333,334,335,1.0,True,98.4626,111.2714,93.3608,4.8738,97.16,"111.27,106.39,102.04,100.42,98.25,100.42,98.25,97.16,96.07,95.53,95.53,94.45,94.45,93.36,93.36"
Rec-032_30s_4,6,8,4001,core,337,331,0.0,9.0,0.9889,339,333,343,335,1.0,True,100.5612,112.8996,95.5318,4.7707,98.7882,"112.90,108.01,104.22,102.04,100.96,103.13,100.96,98.79,98.25,97.70,97.70,96.62,96.07,95.53,95.53"
Rec-032_30s_4,6,9,4002,core,346,331,0.0,9.0,0.9882,348,333,352,335,1.0,True,100.5974,112.8996,94.4463,4.8773,99.8737,"112.90,108.56,104.22,102.04,99.87,103.13,101.50,99.87,98.25,97.16,98.25,97.16,96.07,95.53,94.45"
Rec-032_30s_4,6,10,4003,core,350,331,0.0,4.0,0.9895,352,333,356,335,1.0,True,97.6666,112.8996,89.0188,6.2748,96.6172,"112.90,106.93,102.04,98.25,92.28,103.13,100.42,97.16,94.45,91.19,96.62,95.53,93.36,91.73,89.02"
Rec-032_30s_4,6,11,4004,core,355,331,0.0,5.0,0.9853,357,333,361,335,0.0,False,80.8415,93.3608,75.9929,4.8523,78.7067,"93.36,85.76,80.88,78.71,77.08,87.93,81.96,78.71,77.62,75.99,84.13,80.33,77.62,76.54,75.99"
Rec-G3_S60_1,1,1,1802,core,317,318,0.0,0.0,0.9852,319,319,323,321,1.0,True,83.8447,98.2455,77.0784,6.1656,82.5059,"98.25,93.36,90.65,87.93,85.76,84.68,84.13,82.51,80.88,80.33,78.71,78.16,77.62,77.62,77.08"
Rec-G3_S60_1,1,2,1803,core,322,319,-11.31,5.1,0.983,324,320,328,322,1.0,True,79.4303,87.9333,74.3647,3.8616,78.7067,"87.93,85.76,83.59,81.42,80.33,80.88,79.79,78.71,78.16,77.62,75.99,75.99,75.99,74.91,74.36"
Rec-G3_S60_1,1,3,1804,core,327,318,11.31,5.1,0.9805,329,319,333,321,1.0,True,83.519,97.16,77.0784,5.4881,82.5059,"97.16,91.73,88.48,85.76,84.13,86.31,84.13,82.51,80.88,79.79,80.33,78.71,78.16,77.62,77.08"
Rec-G3_S60_1,1,4,1805,core,331,318,0.0,4.0,0.9795,333,319,337,321,1.0,True,84.3874,100.9592,77.0784,6.5426,83.0486,"100.96,94.45,90.10,86.85,84.68,87.39,85.22,83.05,80.88,79.79,80.88,78.71,78.16,77.62,77.08"
Rec-G3_S60_1,1,5,1806,core,336,318,0.0,5.0,0.9795,338,319,342,321,1.0,True,83.3381,97.16,77.0784,5.5345,81.9631,"97.16,91.73,88.48,85.76,83.59,85.76,84.13,81.96,80.88,79.79,79.79,78.71,77.62,77.62,77.08"
Rec-G3_S60_1,1,6,1807,core,341,318,0.0,5.0,0.9798,343,319,347,321,1.0,True,82.8315,94.989,77.0784,5.0519,81.4204,"94.99,90.65,87.93,85.22,83.59,85.22,83.05,81.42,80.33,79.79,79.79,78.16,77.62,77.62,77.08"
Rec-G3_S60_1,1,7,1808,core,346,318,0.0,5.0,0.9791,348,319,352,321,1.0,True,82.6144,93.3608,77.0784,4.5634,81.4204,"93.36,89.56,87.39,84.68,83.59,84.68,83.05,81.42,80.88,79.79,79.79,78.71,77.62,77.62,77.08"
Rec-G3_S60_1,1,8,1809,core,351,318,0.0,5.0,0.977,353,319,357,321,1.0,True,82.4335,92.2753,77.6212,4.1518,81.4204,"92.28,89.02,86.31,84.13,83.59,84.13,83.05,81.42,80.88,79.79,79.79,78.71,78.16,77.62,77.62"
Rec-G3_S60_1,1,9,1810,core,355,318,0.0,4.0,0.974,357,319,361,321,1.0,True,83.6276,94.4463,78.1639,4.5602,83.0486,"94.45,90.65,87.93,85.76,84.68,85.76,84.13,83.05,81.42,80.88,80.33,79.79,78.71,78.71,78.16"
Rec-G3_S60_1,1,10,1811,core,360,318,0.0,5.0,0.9743,362,319,366,321,1.0,True,84.0979,94.4463,78.7067,4.3078,83.0486,"94.45,90.65,87.93,86.31,85.76,85.76,84.13,83.05,82.51,81.96,80.88,79.79,79.79,79.79,78.71"
Rec-G3_S60_1,1,11,1812,core,365,318,0.0,5.0,0.9744,367,319,371,321,1.0,True,84.2788,93.3608,79.7922,3.8809,83.0486,"93.36,90.10,87.93,86.85,85.76,85.76,84.13,83.05,83.05,82.51,80.88,80.88,80.33,79.79,79.79"
Rec-G3_S60_1,1,12,1813,core,370,317,11.31,5.1,0.9758,372,318,376,320,1.0,True,89.5977,104.2157,83.0486,6.0029,87.9333,"104.22,98.79,95.53,92.28,90.65,92.28,90.10,87.93,86.85,85.76,85.76,84.13,83.59,83.05,83.05"
Rec-G3_S60_1,1,13,1814,core,375,317,0.0,5.0,0.9741,377,318,381,320,1.0,True,90.0681,102.0447,84.1341,5.2151,88.4761,"102.04,98.25,94.99,93.36,91.73,92.28,90.10,88.48,87.93,87.93,86.31,85.22,84.13,84.13,84.13"
Rec-G3_S60_1,1,14,1815,core,380,317,0.0,5.0,0.9723,382,318,386,320,1.0,True,89.8148,102.0447,83.0486,5.1599,89.0188,"102.04,98.25,94.45,92.28,89.56,92.28,90.65,89.02,87.93,86.31,86.31,85.76,85.22,84.13,83.05"
Rec-G3_S60_1,1,15,1816,core,384,317,0.0,4.0,0.9734,386,318,390,320,0.6,False,85.3282,103.6729,76.5357,7.5653,84.1341,"103.67,96.62,88.48,82.51,78.71,93.36,89.56,84.13,79.79,77.62,86.31,84.13,80.88,77.62,76.54"
Rec-G3_S60_1,1,16,1817,core,386,317,0.0,2.0,0.9786,388,318,392,320,0.2,False,82.1441,98.2455,75.9929,5.9212,80.3349,"98.25,89.56,84.13,80.88,78.16,89.02,83.59,80.33,78.16,77.08,83.05,79.79,77.62,76.54,75.99"
Rec-G3_S60_1,2,1,1975,core,317,319,-90.0,1.0,0.9825,319,320,323,322,1.0,True,85.5814,92.2753,80.8776,3.962,85.2196,"92.28,91.73,90.65,89.56,88.48,85.76,85.22,85.22,84.68,84.68,80.88,80.88,80.88,81.42,81.42"
Rec-G3_S60_1,2,2,1976,core,322,319,0.0,5.0,0.9794,324,320,328,322,1.0,True,86.9564,94.989,81.9631,3.9248,86.3051,"94.99,93.36,91.19,89.56,89.02,87.93,87.39,86.31,85.76,85.22,83.05,83.05,83.05,82.51,81.96"
Rec-G3_S60_1,2,3,1977,core,327,318,11.31,5.1,0.9775,329,319,333,321,1.0,True,91.1898,105.3012,84.1341,5.713,90.1043,"105.30,99.87,96.07,93.36,91.73,94.45,91.73,90.10,88.48,87.93,87.93,86.31,85.76,84.68,84.13"
Rec-G3_S60_1,2,4,1978,core,331,318,0.0,4.0,0.9779,333,319,337,321,1.0,True,91.624,108.0149,84.1341,6.4621,90.1043,"108.01,101.50,97.16,94.45,91.73,94.45,92.28,90.10,88.48,87.93,87.93,86.31,85.22,84.68,84.13"
Rec-G3_S60_1,2,5,1979,core,336,318,0.0,5.0,0.9773,338,319,342,321,1.0,True,90.249,103.6729,83.5914,5.476,89.0188,"103.67,98.25,95.53,92.28,90.65,93.36,91.19,89.02,87.93,86.85,86.85,85.76,84.68,84.13,83.59"
Rec-G3_S60_1,2,6,1980,core,341,318,0.0,5.0,0.9758,343,319,347,321,1.0,True,88.9103,100.4165,83.0486,4.8391,87.9333,"100.42,96.62,93.36,91.19,89.56,91.19,89.56,87.93,86.85,85.76,85.76,84.68,84.13,83.59,83.05"
Rec-G3_S60_1,2,7,1981,core,346,318,0.0,5.0,0.9735,348,319,352,321,1.0,True,88.3313,98.2455,83.0486,4.3531,87.3906,"98.25,95.53,92.28,90.65,89.02,90.65,89.02,87.39,86.31,85.76,85.22,84.13,84.13,83.59,83.05"
Rec-G3_S60_1,2,8,1982,core,351,318,0.0,5.0,0.9701,353,319,357,321,1.0,True,87.7524,96.6172,83.0486,3.9021,86.8478,"96.62,94.45,91.19,89.56,89.02,89.56,87.93,86.85,85.76,85.76,85.22,84.13,83.59,83.59,83.05"
Rec-G3_S60_1,2,9,1983,core,355,318,0.0,4.0,0.9709,357,319,361,321,1.0,True,88.8741,98.7882,84.1341,4.3078,87.9333,"98.79,95.53,93.36,91.19,90.10,90.65,89.02,87.93,87.39,86.85,85.22,84.68,84.13,84.13,84.13"
Rec-G3_S60_1,2,10,1984,core,360,318,0.0,5.0,0.9708,362,319,366,321,1.0,True,89.6339,98.7882,84.6769,4.1988,89.0188,"98.79,96.07,94.45,92.28,91.19,91.19,89.56,89.02,87.93,87.93,85.76,85.22,85.22,85.22,84.68"
Rec-G3_S60_1,2,11,1985,core,365,317,11.31,5.1,0.971,367,318,371,320,1.0,True,95.966,111.8141,88.4761,6.4833,94.4463,"111.81,105.84,102.04,99.33,97.70,98.25,96.07,94.45,93.36,92.28,91.19,90.10,89.56,89.02,88.48"
Rec-G3_S60_1,2,12,1986,core,370,317,0.0,5.0,0.974,372,318,376,320,1.0,True,96.0383,110.1859,89.5616,6.0192,94.989,"110.19,105.30,102.04,99.33,98.25,98.25,96.07,94.99,93.36,92.28,91.19,90.65,89.56,89.56,89.56"
Rec-G3_S60_1,2,13,1987,core,375,317,0.0,5.0,0.973,377,318,381,320,1.0,True,96.1469,108.5576,89.5616,5.4666,94.989,"108.56,105.30,101.50,98.79,97.16,98.79,96.62,94.99,93.36,93.36,92.28,91.19,90.65,90.10,89.56"
Rec-G3_S60_1,2,14,1988,core,379,317,0.0,4.0,0.9715,381,318,385,320,1.0,True,96.8705,112.8996,89.0188,6.4793,95.5318,"112.90,106.93,103.13,98.79,96.07,100.42,98.25,95.53,93.36,92.28,93.36,91.73,91.19,90.10,89.02"
Rec-G3_S60_1,2,15,1989,core,384,317,0.0,5.0,0.9741,386,318,390,320,0.6,False,87.3906,106.9294,77.0784,8.4965,85.7624,"106.93,99.33,90.65,83.05,79.79,97.16,92.28,85.76,80.88,77.62,90.65,87.93,83.05,78.71,77.08"
Rec-G3_S60_1,2,16,1990,core,386,317,0.0,2.0,0.9784,388,318,392,320,0.2,False,82.9039,100.4165,75.9929,6.4659,80.8776,"100.42,90.10,84.68,80.88,78.71,91.19,84.68,80.88,78.16,77.08,84.68,80.88,78.16,77.08,75.99"
Rec-G3_S60_1,3,1,2144,core,317,319,-90.0,1.0,0.9814,319,320,323,322,1.0,True,87.8248,93.3608,83.0486,3.341,87.9333,"93.36,92.28,91.73,91.19,91.19,86.85,87.39,87.93,87.93,87.93,83.05,83.59,84.13,84.13,84.68"
Rec-G3_S60_1,3,2,2145,core,319,319,0.0,2.0,0.9821,321,320,325,322,1.0,True,89.4168,96.6172,85.2196,3.5311,89.0188,"96.62,94.99,93.36,92.28,91.19,89.56,89.56,89.02,88.48,88.48,85.22,85.76,85.76,85.76,85.22"
Rec-G3_S60_1,3,3,2146,core,324,318,11.31,5.1,0.9772,326,319,330,321,1.0,True,94.989,109.1004,88.4761,5.7165,93.3608,"109.10,103.67,100.42,97.16,95.53,98.25,95.53,93.36,92.28,91.19,91.19,90.10,89.56,89.02,88.48"
Rec-G3_S60_1,3,4,2147,core,328,318,0.0,4.0,0.9774,330,319,334,321,1.0,True,95.8212,112.8996,88.4761,6.6587,94.4463,"112.90,105.84,102.04,98.25,95.53,98.79,96.62,94.45,92.28,91.19,91.73,90.65,89.56,89.02,88.48"
Rec-G3_S60_1,3,5,2148,core,333,318,0.0,5.0,0.9776,335,319,339,321,1.0,True,94.3739,109.1004,87.9333,5.7297,93.3608,"109.10,103.13,99.33,96.07,94.45,97.16,94.99,93.36,91.19,90.65,91.19,89.56,89.02,88.48,87.93"
Rec-G3_S60_1,3,6,2149,core,338,318,0.0,5.0,0.9763,340,319,344,321,1.0,True,93.3246,105.3012,87.3906,4.9006,92.2753,"105.30,100.96,97.70,95.53,93.36,95.53,94.45,92.28,91.19,90.10,90.10,89.56,88.48,87.93,87.39"
Rec-G3_S60_1,3,7,2150,core,343,318,0.0,5.0,0.9734,345,319,349,321,1.0,True,92.4562,103.1302,87.3906,4.363,91.1898,"103.13,99.33,96.07,94.45,92.28,94.99,93.36,91.19,90.65,89.56,89.56,89.02,87.93,87.93,87.39"
Rec-G3_S60_1,3,8,2151,core,348,318,0.0,5.0,0.9709,350,319,354,321,1.0,True,92.022,101.502,87.3906,3.9975,91.1898,"101.50,98.25,95.53,94.45,92.28,94.45,92.28,91.19,90.10,89.56,89.02,88.48,87.93,87.93,87.39"
Rec-G3_S60_1,3,9,2152,core,352,318,0.0,4.0,0.9703,354,319,358,321,1.0,True,93.3608,105.3012,87.9333,4.8423,92.2753,"105.30,100.42,98.25,95.53,94.45,95.53,93.36,92.28,91.19,90.65,89.56,89.56,88.48,87.93,87.93"
Rec-G3_S60_1,3,10,2153,core,357,318,0.0,5.0,0.9701,359,319,363,321,1.0,True,93.7588,103.6729,89.0188,4.2481,92.2753,"103.67,100.42,97.70,96.07,94.99,95.53,94.45,92.28,92.28,91.73,90.10,89.56,89.56,89.02,89.02"
Rec-G3_S60_1,3,11,2154,core,362,317,11.31,5.1,0.9698,364,318,368,320,1.0,True,99.9823,117.7843,92.2753,6.9454,98.2455,"117.78,110.19,105.84,103.13,100.96,103.13,100.42,98.25,96.62,95.53,95.53,94.45,93.36,92.28,92.28"
Rec-G3_S60_1,3,12,2155,core,367,317,0.0,5.0,0.9728,369,318,373,320,1.0,True,99.2586,113.9851,92.2753,6.066,97.7027,"113.99,108.56,105.30,102.04,99.87,102.04,99.87,97.70,96.07,95.53,95.53,94.45,93.36,92.28,92.28"
Rec-G3_S60_1,3,13,2156,core,372,317,0.0,5.0,0.9733,374,318,378,320,1.0,True,98.9692,111.8141,93.3608,5.2422,97.7027,"111.81,106.93,103.67,101.50,99.33,102.04,99.33,97.70,96.62,95.53,95.53,94.45,93.36,93.36,93.36"
Rec-G3_S60_1,3,14,2157,core,376,317,0.0,4.0,0.9722,378,318,382,320,1.0,True,99.9461,115.6133,92.2753,6.1815,98.2455,"115.61,109.10,105.84,102.04,99.33,103.13,100.96,98.25,97.16,95.53,96.62,95.53,94.45,93.36,92.28"
Rec-G3_S60_1,3,15,2158,core,381,317,0.0,5.0,0.9746,383,318,387,320,1.0,True,96.7982,111.8141,87.9333,6.2503,94.989,"111.81,106.39,102.04,98.25,93.36,101.50,98.79,96.07,94.45,90.65,94.99,93.36,91.73,90.65,87.93"
Rec-G3_S60_1,3,16,2159,core,386,317,0.0,5.0,0.9764,388,318,392,320,0.2,False,82.1079,97.7027,75.9929,5.9602,79.7922,"97.70,88.48,83.05,79.79,77.62,90.65,83.59,79.79,77.62,76.54,85.22,80.33,78.16,77.08,75.99"
Rec-G3_S60_1,3,17,2160,core,386,317,0.0,0.0,0.9829,388,318,392,320,0.2,False,82.6144,99.8737,75.9929,6.4742,80.3349,"99.87,89.56,84.13,80.33,77.62,91.19,84.13,80.33,77.62,76.54,85.76,80.88,78.16,77.08,75.99"
Rec-G3_S60_1,4,1,2311,core,317,319,-90.0,1.0,0.9813,319,320,323,322,1.0,True,89.4892,94.4463,84.1341,3.1763,89.5616,"94.45,94.45,93.36,92.28,92.28,88.48,89.02,89.56,89.56,89.56,84.13,85.76,85.76,86.85,86.85"
Rec-G3_S60_1,4,2,2312,core,320,319,0.0,3.0,0.9801,322,320,326,322,1.0,True,92.0582,99.331,87.9333,3.733,91.1898,"99.33,98.25,96.07,94.99,94.45,92.28,92.28,91.19,91.19,91.19,87.93,87.93,87.93,87.93,87.93"
Rec-G3_S60_1,4,3,2313,core,325,318,11.31,5.1,0.9784,327,319,331,321,1.0,True,98.2093,113.9851,91.1898,6.1929,96.6172,"113.99,108.01,103.67,100.42,98.25,100.96,98.25,96.62,95.53,94.45,94.45,93.36,92.28,91.73,91.19"
Rec-G3_S60_1,4,4,2314,core,330,318,0.0,5.0,0.9785,332,319,336,321,1.0,True,96.9429,110.7286,90.6471,5.452,95.5318,"110.73,105.30,102.04,98.25,96.62,99.87,97.70,95.53,94.45,93.36,94.45,92.28,91.73,91.19,90.65"
Rec-G3_S60_1,4,5,2315,core,335,318,0.0,5.0,0.9767,337,319,341,321,1.0,True,95.8574,108.0149,90.1043,4.8374,94.989,"108.01,103.13,100.42,97.70,95.53,98.25,96.62,94.99,93.36,92.28,93.36,91.73,91.19,91.19,90.10"
Rec-G3_S60_1,4,6,2316,core,340,318,0.0,5.0,0.9736,342,319,346,321,1.0,True,94.4463,105.3012,89.5616,4.2965,93.3608,"105.30,100.96,98.25,95.53,94.45,97.16,94.99,93.36,92.28,91.73,91.73,91.19,90.65,89.56,89.56"
Rec-G3_S60_1,4,7,2317,core,344,318,0.0,4.0,0.9735,346,319,350,321,1.0,True,95.1337,107.4722,89.5616,4.9206,94.4463,"107.47,103.13,99.33,96.62,94.99,97.70,95.53,94.45,92.28,91.73,92.28,91.19,90.65,90.10,89.56"
Rec-G3_S60_1,4,8,2318,core,349,318,0.0,5.0,0.9726,351,319,355,321,1.0,True,94.5186,105.3012,89.5616,4.3459,93.3608,"105.30,101.50,98.25,96.07,94.99,96.62,94.99,93.36,92.28,92.28,91.19,91.19,90.10,90.10,89.56"
Rec-G3_S60_1,4,9,2319,core,354,318,0.0,5.0,0.9709,356,319,360,321,1.0,True,94.7357,103.6729,90.1043,3.8063,94.4463,"103.67,100.96,98.25,96.07,95.53,96.62,94.99,94.45,93.36,92.28,91.73,91.19,91.19,90.65,90.10"
Rec-G3_S60_1,4,10,2320,core,359,318,0.0,5.0,0.9692,361,319,365,321,1.0,True,95.2785,103.1302,91.1898,3.5222,94.4463,"103.13,100.96,98.79,97.16,96.07,96.62,95.53,94.45,94.45,94.45,92.28,91.73,91.19,91.19,91.19"
Rec-G3_S60_1,4,11,2321,core,364,317,11.31,5.1,0.969,366,318,370,320,1.0,True,100.9592,115.0706,94.989,5.6019,99.331,"115.07,109.64,105.84,103.13,101.50,103.67,101.50,99.33,98.25,97.70,97.16,96.07,95.53,94.99,94.99"
Rec-G3_S60_1,4,12,2322,core,368,317,0.0,4.0,0.9701,370,318,374,320,1.0,True,103.0216,121.0408,95.5318,6.863,101.502,"121.04,112.90,109.10,105.30,103.13,106.39,103.67,101.50,99.33,98.25,98.79,97.70,96.62,96.07,95.53"
Rec-G3_S60_1,4,13,2323,core,373,317,0.0,5.0,0.9732,375,318,379,320,1.0,True,102.8045,117.7843,96.0745,5.9316,101.502,"117.78,111.81,108.56,105.30,102.04,105.84,103.13,101.50,99.87,98.79,98.79,98.25,97.70,96.62,96.07"
Rec-G3_S60_1,4,14,2324,core,378,317,0.0,5.0,0.9753,380,318,384,320,1.0,True,101.104,113.9851,94.4463,5.5508,99.8737,"113.99,110.19,106.39,103.13,99.87,105.30,102.04,99.87,98.25,97.16,98.25,97.16,95.53,94.99,94.45"
Rec-G3_S60_1,4,15,2325,core,383,317,0.0,5.0,0.976,385,318,389,320,0.8,False,92.5647,110.1859,79.7922,8.6428,93.3608,"110.19,104.22,98.25,89.56,82.51,101.50,98.25,93.36,86.85,80.88,95.53,93.36,90.10,84.13,79.79"
Rec-G3_S60_1,4,16,2326,core,386,317,0.0,3.0,0.978,388,318,392,320,0.2,False,83.917,103.1302,76.5357,7.1368,81.4204,"103.13,91.19,85.76,81.42,78.71,93.36,85.76,81.42,78.71,77.62,87.39,81.42,78.71,77.62,76.54"
Rec-G3_S60_1,5,1,2480,core,317,318,0.0,0.0,0.9815,319,319,323,321,1.0,True,95.6041,106.3867,89.0188,5.194,94.4463,"106.39,104.22,102.04,99.33,98.25,94.99,94.99,94.45,94.45,93.36,89.02,89.56,90.65,91.19,91.19"
Rec-G3_S60_1,5,2,2481,core,319,319,-26.57,2.24,0.9816,321,320,325,322,1.0,True,92.7095,98.7882,88.4761,3.1473,92.2753,"98.79,97.70,96.07,95.53,94.99,92.28,92.28,92.28,92.28,92.28,88.48,89.02,89.56,89.56,89.56"
Rec-G3_S60_1,5,3,2482,core,324,318,11.31,5.1,0.9778,326,319,330,321,1.0,True,98.535,111.8141,92.2753,5.284,97.16,"111.81,106.93,103.13,100.96,98.25,100.96,98.79,97.16,96.07,95.53,94.99,94.45,93.36,93.36,92.28"
Rec-G3_S60_1,5,4,2483,core,328,318,0.0,4.0,0.978,330,319,334,321,1.0,True,99.6928,116.1561,92.2753,6.3501,98.2455,"116.16,109.64,105.30,102.04,98.79,102.04,100.42,98.25,96.62,95.53,95.53,94.99,94.45,93.36,92.28"
Rec-G3_S60_1,5,5,2484,core,333,318,0.0,5.0,0.9783,335,319,339,321,1.0,True,98.354,111.8141,92.2753,5.3955,97.16,"111.81,106.93,103.13,99.87,98.25,101.50,98.79,97.16,95.53,94.45,95.53,94.45,93.36,92.28,92.28"
Rec-G3_S60_1,5,6,2485,core,338,318,0.0,5.0,0.9775,340,319,344,321,1.0,True,96.7982,109.1004,91.1898,4.8125,95.5318,"109.10,104.22,100.96,98.25,96.07,99.33,97.70,95.53,94.45,93.36,94.45,93.36,92.28,91.73,91.19"
Rec-G3_S60_1,5,7,2486,core,343,318,0.0,5.0,0.9743,345,319,349,321,1.0,True,95.387,105.8439,90.6471,4.1499,94.4463,"105.84,102.04,98.79,96.62,95.53,97.70,95.53,94.45,93.36,92.28,93.36,92.28,91.19,91.19,90.65"
Rec-G3_S60_1,5,8,2487,core,348,318,0.0,5.0,0.9709,350,319,354,321,1.0,True,95.2423,105.3012,91.1898,3.9431,94.4463,"105.30,101.50,98.25,96.62,95.53,97.16,95.53,94.45,93.36,93.36,92.28,91.73,91.19,91.19,91.19"
Rec-G3_S60_1,5,9,2488,core,352,318,0.0,4.0,0.9706,354,319,358,321,1.0,True,96.3278,107.4722,91.1898,4.4486,95.5318,"107.47,103.13,100.42,98.25,96.62,98.25,96.62,95.53,94.45,93.36,93.36,92.28,92.28,91.73,91.19"
Rec-G3_S60_1,5,10,2489,core,357,318,0.0,5.0,0.97,359,319,363,321,1.0,True,96.7258,105.8439,92.2753,3.9448,95.5318,"105.84,103.13,100.42,98.79,97.70,98.25,97.16,95.53,95.53,94.99,93.36,93.36,92.28,92.28,92.28"
Rec-G3_S60_1,5,11,2490,core,362,317,11.31,5.1,0.9704,364,318,368,320,1.0,True,102.5874,119.4126,95.5318,6.4857,100.9592,"119.41,112.90,108.01,104.22,102.04,105.84,103.13,100.96,99.33,98.25,98.79,97.70,96.62,96.07,95.53"
Rec-G3_S60_1,5,12,2491,core,367,317,0.0,5.0,0.9728,369,318,373,320,1.0,True,102.298,117.2416,96.0745,5.8114,100.9592,"117.24,111.27,107.47,103.67,102.04,105.30,103.13,100.96,99.33,98.25,98.79,97.70,97.16,96.07,96.07"
Rec-G3_S60_1,5,13,2492,core,372,317,0.0,5.0,0.9737,374,318,378,320,1.0,True,102.4789,115.0706,97.16,5.0301,100.9592,"115.07,110.19,106.93,104.22,103.13,105.30,103.13,100.96,99.87,99.33,98.79,98.25,97.70,97.16,97.16"
Rec-G3_S60_1,5,14,2493,core,376,317,0.0,4.0,0.9741,378,318,382,320,1.0,True,103.6368,118.8698,96.0745,6.1707,102.0447,"118.87,112.90,109.64,105.84,103.13,106.93,105.30,102.04,100.42,98.79,100.42,98.79,98.25,97.16,96.07"
Rec-G3_S60_1,5,15,2494,core,381,317,0.0,5.0,0.9765,383,318,387,320,1.0,True,99.331,115.0706,90.1043,6.4249,98.2455,"115.07,109.10,104.22,99.87,95.53,104.22,101.50,98.79,96.07,92.28,98.25,96.62,94.99,93.36,90.10"
Rec-G3_S60_1,5,16,2495,core,386,317,0.0,5.0,0.9781,388,318,392,320,0.2,False,82.9762,99.8737,75.9929,6.5186,80.3349,"99.87,89.56,83.59,80.33,78.16,92.28,84.68,80.33,78.16,77.08,87.39,81.42,78.71,77.08,75.99"
Rec-G3_S60_1,6,1,2648,core,317,319,-90.0,1.0,0.9793,319,320,323,322,1.0,True,92.1305,97.7027,86.3051,3.4751,91.7325,"97.16,97.70,96.62,95.53,95.53,90.65,91.19,91.73,91.73,92.28,86.31,87.93,88.48,89.56,89.56"
Rec-G3_S60_1,6,2,2649,core,322,318,11.31,5.1,0.9796,324,319,328,321,1.0,True,100.4888,115.6133,94.4463,6.0205,98.7882,"115.61,110.19,105.84,103.13,100.42,103.13,100.96,98.79,97.70,96.62,95.53,95.53,94.99,94.45,94.45"
Rec-G3_S60_1,6,3,2650,core,327,318,0.0,5.0,0.9787,329,319,333,321,1.0,True,100.1994,113.9851,94.4463,5.5449,98.7882,"113.99,109.10,105.30,102.04,99.87,103.13,100.96,98.79,97.70,96.07,96.62,95.53,94.99,94.45,94.45"
Rec-G3_S60_1,6,4,2651,core,331,318,0.0,4.0,0.9764,333,319,337,321,1.0,True,100.8145,117.7843,93.3608,6.5264,99.331,"117.78,110.73,106.39,103.13,99.87,103.67,102.04,99.33,97.70,96.07,97.16,95.53,94.99,94.45,93.36"
Rec-G3_S60_1,6,5,2652,core,336,318,0.0,5.0,0.9768,338,319,342,321,1.0,True,99.1862,113.9851,92.2753,5.6698,97.7027,"113.99,108.01,103.67,100.96,98.25,102.04,99.87,97.70,96.07,95.53,96.07,95.53,94.45,93.36,92.28"
Rec-G3_S60_1,6,6,2653,core,341,318,0.0,5.0,0.9768,343,319,347,321,1.0,True,97.6665,109.6431,92.2753,4.7459,96.6172,"109.64,105.30,102.04,98.79,97.16,99.87,98.25,96.62,95.53,94.45,94.99,94.45,93.36,92.28,92.28"
Rec-G3_S60_1,6,7,2654,core,346,318,0.0,5.0,0.9748,348,319,352,321,1.0,True,96.4002,106.9294,91.1898,4.2357,95.5318,"106.93,103.13,99.87,97.70,96.07,98.79,97.16,95.53,94.45,93.36,94.45,93.36,92.28,91.73,91.19"
Rec-G3_S60_1,6,8,2655,core,351,318,0.0,5.0,0.9723,353,319,357,321,1.0,True,95.785,105.3012,91.1898,3.8575,94.989,"105.30,102.04,98.79,97.16,95.53,98.25,96.07,94.99,94.45,93.36,93.36,92.28,92.28,91.73,91.19"
Rec-G3_S60_1,6,9,2656,core,355,318,0.0,4.0,0.969,357,319,361,321,1.0,True,97.0514,108.0149,92.2753,4.4279,96.0745,"108.01,104.22,100.96,98.79,97.16,98.79,97.70,96.07,94.99,94.45,94.45,93.36,92.28,92.28,92.28"
Rec-G3_S60_1,6,10,2657,core,360,318,0.0,5.0,0.9694,362,319,366,321,1.0,True,97.2324,106.3867,93.3608,3.7438,96.6172,"106.39,103.13,100.96,98.79,97.70,98.25,97.70,96.62,95.53,95.53,94.45,93.36,93.36,93.36,93.36"
Rec-G3_S60_1,6,11,2658,core,365,317,11.31,5.1,0.9723,367,318,371,320,1.0,True,103.1664,119.4126,96.0745,6.3773,101.502,"119.41,112.90,109.10,105.30,103.13,106.39,103.67,101.50,99.87,98.79,99.33,98.25,97.16,96.62,96.07"
Rec-G3_S60_1,6,12,2659,core,370,317,0.0,5.0,0.9748,372,318,376,320,1.0,True,103.492,117.7843,97.16,5.7325,102.0447,"117.78,112.90,108.56,105.30,103.13,106.39,104.22,102.04,100.96,99.33,99.87,98.79,98.25,97.70,97.16"
Rec-G3_S60_1,6,13,2660,core,375,317,0.0,5.0,0.9762,377,318,381,320,1.0,True,103.0216,115.6133,96.6172,5.2329,102.0447,"115.61,111.27,107.47,105.30,103.13,106.39,103.67,102.04,100.42,99.33,99.87,98.79,98.25,97.16,96.62"
Rec-G3_S60_1,6,14,2661,core,380,317,0.0,5.0,0.9763,382,318,386,320,1.0,True,100.0546,112.8996,93.3608,5.2721,98.2455,"112.90,108.56,104.22,100.96,98.25,104.22,101.50,98.79,97.16,95.53,98.25,97.16,95.53,94.45,93.36"
Rec-G3_S60_1,6,15,2662,core,384,317,0.0,4.0,0.9765,386,318,390,320,0.6,False,90.828,111.8141,78.1639,9.95,90.1043,"111.81,105.30,94.45,85.22,80.33,102.04,97.70,90.10,83.05,78.71,95.53,92.28,86.85,80.88,78.16"
Rec-G3_S60_1,6,16,2663,core,386,317,0.0,2.0,0.9825,388,318,392,320,0.2,False,84.315,103.6729,76.5357,7.4541,81.4204,"103.67,92.28,85.76,81.42,78.71,94.45,86.31,81.42,78.71,77.62,89.02,82.51,78.71,77.62,76.54"
Rec-G3_std_1,1,1,246,core,291,318,-135.0,1.41,0.9769,293,319,297,321,1.0,True,93.7226,98.7882,87.9333,3.4931,93.3608,"98.25,98.79,98.25,97.70,97.16,91.19,92.28,93.36,94.45,94.45,87.93,89.02,90.10,91.19,91.73"
Rec-G3_std_1,1,2,247,core,294,318,0.0,3.0,0.9777,296,319,300,321,1.0,True,96.7258,103.6729,92.2753,3.3233,96.0745,"103.67,102.04,100.42,99.33,98.25,96.62,96.62,96.07,96.07,96.07,92.28,93.36,93.36,93.36,93.36"
Rec-G3_std_1,1,3,248,core,299,317,11.31,5.1,0.9725,301,318,305,320,1.0,True,102.7322,116.6988,96.6172,5.5614,101.502,"116.70,111.81,107.47,104.22,102.04,105.84,103.67,101.50,99.87,98.79,99.33,98.25,97.70,97.16,96.62"
Rec-G3_std_1,1,4,249,core,303,317,0.0,4.0,0.975,305,318,309,320,1.0,True,103.5282,119.4126,96.0745,6.3278,102.0447,"119.41,113.99,109.10,105.30,102.04,106.93,104.22,102.04,100.42,98.79,100.42,98.79,98.25,97.16,96.07"
Rec-G3_std_1,1,5,250,core,308,317,0.0,5.0,0.9752,310,318,314,320,1.0,True,101.5743,116.1561,95.5318,5.6399,99.8737,"116.16,110.19,106.39,103.13,100.42,105.30,102.04,99.87,98.25,97.70,98.79,97.70,96.62,95.53,95.53"
Rec-G3_std_1,1,6,251,core,313,317,0.0,5.0,0.9736,315,318,319,320,1.0,True,100.2355,112.8996,94.989,4.9054,98.7882,"112.90,108.01,104.22,101.50,99.33,103.13,100.96,98.79,97.70,96.62,97.70,96.62,95.53,95.53,94.99"
Rec-G3_std_1,1,7,252,core,318,317,0.0,5.0,0.9707,320,318,324,320,1.0,True,99.6204,110.7286,94.989,4.3096,98.2455,"110.73,106.39,103.13,100.96,98.79,102.04,100.42,98.25,97.70,96.62,97.16,96.07,95.53,95.53,94.99"
Rec-G3_std_1,1,8,253,core,327,317,0.0,9.0,0.97,329,318,333,320,1.0,True,99.9461,111.2714,95.5318,4.3953,98.7882,"111.27,106.93,103.67,101.50,99.33,102.04,100.42,98.79,97.70,97.16,97.16,96.62,95.53,95.53,95.53"
Rec-G3_std_1,1,9,254,core,332,317,0.0,5.0,0.9689,334,318,338,320,1.0,True,100.2355,110.1859,96.0745,3.962,99.331,"110.19,106.39,103.67,102.04,100.42,102.04,100.42,99.33,98.25,98.25,97.70,96.62,96.07,96.07,96.07"
Rec-G3_std_1,1,10,255,core,337,317,0.0,5.0,0.9672,339,318,343,320,1.0,True,101.3934,110.1859,97.16,3.6715,100.4165,"110.19,106.93,105.30,103.13,102.04,103.13,101.50,100.42,99.87,99.33,98.25,98.25,97.70,97.70,97.16"
Rec-G3_std_1,1,11,256,core,342,316,11.31,5.1,0.9677,344,317,348,319,1.0,True,106.1334,122.1263,99.331,6.124,104.2157,"122.13,115.61,111.27,108.01,105.84,109.10,106.39,104.22,103.13,102.04,103.13,101.50,100.42,99.87,99.33"
Rec-G3_std_1,1,12,257,core,347,316,0.0,5.0,0.9678,349,317,353,319,1.0,True,105.5545,119.4126,99.331,5.5096,104.2157,"119.41,113.99,110.73,107.47,105.30,108.56,105.84,104.22,103.13,102.04,102.04,101.50,100.42,99.33,99.33"
Rec-G3_std_1,1,13,258,core,351,316,0.0,4.0,0.9705,353,317,357,319,1.0,True,106.7485,125.3828,98.2455,7.2754,105.3012,"125.38,117.78,112.90,108.56,105.30,111.27,108.01,105.30,103.13,100.96,103.13,102.04,100.42,98.79,98.25"
Rec-G3_std_1,1,14,259,core,356,316,0.0,5.0,0.9727,358,317,362,319,1.0,True,100.4165,118.8698,89.0188,7.8526,99.8737,"118.87,111.81,106.39,100.96,92.28,106.93,103.67,99.87,96.62,90.65,100.42,98.25,96.07,94.45,89.02"
Rec-G3_std_1,1,15,260,core,360,316,0.0,4.0,0.9733,362,317,366,319,0.2,False,86.3775,111.2714,76.5357,9.3185,83.0486,"111.27,95.53,87.93,83.05,78.71,98.25,89.02,83.05,79.79,77.62,92.28,84.68,80.33,77.62,76.54"
Rec-G3_std_1,2,1,406,core,294,318,0.0,3.0,0.9766,296,319,300,321,1.0,True,96.7982,103.1302,92.2753,3.2058,96.0745,"103.13,102.04,100.42,99.33,98.79,96.62,96.62,96.07,96.07,96.07,92.28,93.36,93.36,93.36,94.45"
Rec-G3_std_1,2,2,407,core,298,317,14.04,4.12,0.9738,300,318,304,320,1.0,True,104.5775,123.2118,97.16,7.1033,103.1302,"123.21,115.61,110.73,106.93,103.67,107.47,105.30,103.13,100.96,99.33,99.87,99.33,98.25,97.70,97.16"
Rec-G3_std_1,2,3,408,core,303,317,0.0,5.0,0.9755,305,318,309,320,1.0,True,103.2387,119.4126,96.0745,6.2771,102.0447,"119.41,112.90,108.56,105.30,102.04,106.39,104.22,102.04,99.87,98.25,100.42,98.79,97.70,96.62,96.07"
Rec-G3_std_1,2,4,409,core,308,317,0.0,5.0,0.9748,310,318,314,320,1.0,True,101.321,115.6133,95.5318,5.3899,99.8737,"115.61,109.64,105.84,102.04,100.42,104.22,102.04,99.87,98.25,97.16,98.79,97.70,96.62,96.07,95.53"
Rec-G3_std_1,2,5,410,core,313,317,0.0,5.0,0.9725,315,318,319,320,1.0,True,100.0546,111.8141,94.989,4.6167,98.7882,"111.81,107.47,103.67,100.96,98.79,103.13,100.96,98.79,97.70,96.62,98.25,96.62,95.53,95.53,94.99"
Rec-G3_std_1,2,6,411,core,317,317,0.0,4.0,0.9705,319,318,323,320,1.0,True,100.8868,115.0706,94.989,5.3504,99.331,"115.07,109.10,105.30,102.04,99.87,103.67,101.50,99.33,98.25,97.16,98.25,97.16,96.07,95.53,94.99"
Rec-G3_std_1,2,7,412,core,322,317,0.0,5.0,0.9705,324,318,328,320,1.0,True,100.4527,112.8996,95.5318,4.7953,98.7882,"112.90,108.01,104.22,102.04,99.87,103.13,100.96,98.79,98.25,97.16,97.70,96.62,96.07,95.53,95.53"
Rec-G3_std_1,2,8,413,core,327,317,0.0,5.0,0.9705,329,318,333,320,1.0,True,100.0184,111.2714,95.5318,4.3396,98.7882,"111.27,106.93,103.67,101.50,99.33,102.04,100.42,98.79,97.70,97.16,97.70,96.62,96.07,95.53,95.53"
Rec-G3_std_1,2,9,414,core,332,317,0.0,5.0,0.9686,334,318,338,320,1.0,True,100.3441,110.1859,96.0745,3.8575,99.331,"110.19,106.39,103.67,102.04,100.42,102.04,100.42,99.33,98.25,98.25,97.70,97.16,96.62,96.62,96.07"
Rec-G3_std_1,2,10,415,core,337,317,0.0,5.0,0.9666,339,318,343,320,1.0,True,100.7421,109.1004,97.16,3.4143,99.8737,"109.10,106.39,103.67,102.04,101.50,102.04,100.96,99.87,99.33,98.79,98.25,97.70,97.16,97.16,97.16"
Rec-G3_std_1,2,11,416,core,342,316,11.31,5.1,0.9665,344,317,348,319,1.0,True,105.9163,121.0408,99.331,5.8417,104.2157,"121.04,115.07,110.73,107.47,105.30,109.10,106.39,104.22,103.13,102.04,103.13,101.50,100.42,99.87,99.33"
Rec-G3_std_1,2,12,417,core,346,316,0.0,4.0,0.9686,348,317,352,319,1.0,True,107.9425,127.5537,99.8737,7.4044,105.8439,"127.55,119.41,113.99,109.64,106.93,111.81,108.56,105.84,103.67,103.13,103.67,103.13,101.50,100.42,99.87"
Rec-G3_std_1,2,13,418,core,351,316,0.0,5.0,0.9717,353,317,357,319,1.0,True,105.6268,122.669,97.7027,6.685,103.6729,"122.67,116.16,111.27,106.93,103.67,109.64,106.93,104.22,102.04,99.87,103.13,101.50,99.87,98.79,97.70"
Rec-G3_std_1,2,14,419,core,356,316,0.0,5.0,0.9729,358,317,362,319,1.0,True,99.6928,117.7843,87.9333,7.7915,99.331,"117.78,110.73,105.30,99.33,91.73,106.39,103.13,99.33,96.07,89.56,100.42,98.25,96.07,93.36,87.93"
Rec-G3_std_1,2,15,420,core,360,316,0.0,4.0,0.9744,362,317,366,319,0.2,False,85.9433,109.6431,76.5357,8.957,83.0486,"109.64,94.45,87.39,82.51,78.71,98.25,87.93,83.05,79.79,77.62,91.73,84.13,79.79,77.62,76.54"
Rec-G3_std_1,3,1,571,core,291,318,-90.0,1.0,0.9773,293,319,297,321,1.0,True,94.591,100.4165,88.4761,3.7048,94.4463,"99.87,100.42,99.33,98.25,98.25,92.28,93.36,94.45,94.45,94.99,88.48,89.56,91.19,91.73,92.28"
Rec-G3_std_1,3,2,572,core,295,318,0.0,4.0,0.9767,297,319,301,321,1.0,True,98.7159,107.4722,94.4463,3.958,98.2455,"107.47,105.30,103.13,101.50,99.87,98.79,98.25,98.25,97.70,97.16,94.45,94.45,94.45,94.99,94.99"
Rec-G3_std_1,3,3,573,core,300,317,11.31,5.1,0.9751,302,318,306,320,1.0,True,104.7223,122.1263,97.16,6.7191,103.1302,"122.13,115.07,110.73,106.93,103.67,108.01,105.30,103.13,101.50,99.87,100.96,99.33,98.79,98.25,97.16"
Rec-G3_std_1,3,4,574,core,305,317,0.0,5.0,0.9753,307,318,311,320,1.0,True,103.0216,117.7843,96.6172,5.7206,102.0447,"117.78,111.81,108.01,104.22,102.04,106.39,103.67,102.04,99.87,98.25,100.42,98.79,98.25,97.16,96.62"
Rec-G3_std_1,3,5,575,core,310,317,0.0,5.0,0.9739,312,318,316,320,1.0,True,101.7191,115.0706,95.5318,5.1634,100.4165,"115.07,109.64,105.84,103.13,100.42,105.30,102.04,100.42,98.79,98.25,99.33,98.25,97.16,96.62,95.53"
Rec-G3_std_1,3,6,576,core,314,317,0.0,4.0,0.9716,316,318,320,320,1.0,True,102.0447,117.2416,95.5318,5.7881,100.9592,"117.24,110.73,106.93,103.13,100.96,105.30,103.13,100.96,98.25,97.70,99.33,98.25,97.16,96.07,95.53"
Rec-G3_std_1,3,7,577,core,319,317,0.0,5.0,0.9718,321,318,325,320,1.0,True,100.8145,113.9851,95.5318,5.1048,99.331,"113.99,109.10,105.30,102.04,99.87,103.13,101.50,99.33,98.25,97.16,98.25,97.16,96.07,95.53,95.53"
Rec-G3_std_1,3,8,578,core,324,317,0.0,5.0,0.9716,326,318,330,320,1.0,True,100.1994,111.8141,95.5318,4.5357,98.7882,"111.81,107.47,103.67,101.50,99.33,103.13,100.96,98.79,97.70,97.16,97.70,96.62,96.07,95.53,95.53"
Rec-G3_std_1,3,9,579,core,329,317,0.0,5.0,0.9706,331,318,335,320,1.0,True,100.127,110.1859,96.0745,3.8829,98.7882,"110.19,106.39,103.13,101.50,99.87,102.04,100.42,98.79,98.25,97.70,97.70,97.16,96.62,96.07,96.07"
Rec-G3_std_1,3,10,580,core,334,317,0.0,5.0,0.9689,336,318,340,320,1.0,True,100.4527,109.1004,96.6172,3.4467,99.331,"109.10,105.84,103.13,102.04,100.96,102.04,100.96,99.33,98.79,98.25,98.25,97.70,97.16,96.62,96.62"
Rec-G3_std_1,3,11,581,core,339,316,11.31,5.1,0.9662,341,317,345,319,1.0,True,105.5183,121.5835,98.7882,6.111,103.6729,"121.58,115.07,110.19,106.93,105.30,109.10,105.84,103.67,102.04,100.96,102.04,101.50,100.42,99.33,98.79"
Rec-G3_std_1,3,12,582,core,343,316,0.0,4.0,0.9674,345,317,349,319,1.0,True,107.9063,128.6392,99.8737,7.7093,105.8439,"128.64,119.41,113.99,110.19,106.93,111.81,108.56,105.84,103.67,102.04,103.67,102.04,101.50,100.42,99.87"
Rec-G3_std_1,3,13,583,core,348,316,0.0,5.0,0.9708,350,317,354,319,1.0,True,107.6531,125.9255,99.8737,6.8643,106.3867,"125.93,117.78,112.90,109.64,106.93,111.27,108.56,106.39,104.22,103.13,103.67,102.04,101.50,100.96,99.87"
Rec-G3_std_1,3,14,584,core,353,316,0.0,5.0,0.9728,355,317,359,319,1.0,True,104.3966,121.0408,96.0745,6.6728,102.0447,"121.04,115.07,109.64,105.30,101.50,109.10,106.39,103.13,100.96,98.25,102.04,100.96,98.79,97.70,96.07"
Rec-G3_std_1,3,15,585,core,358,316,0.0,5.0,0.9735,360,317,364,319,0.6,False,92.4924,113.9851,78.7067,10.4602,92.2753,"113.99,106.93,96.62,85.76,80.33,103.67,99.87,92.28,83.59,79.79,98.25,95.53,89.56,82.51,78.71"
Rec-G3_std_1,3,16,586,core,361,316,0.0,3.0,0.9787,363,317,367,319,0.0,False,81.9993,97.16,75.9929,5.8303,79.7922,"97.16,89.02,83.59,79.79,77.62,89.56,83.59,79.79,77.62,76.54,84.68,80.33,78.16,76.54,75.99"
Rec-G3_std_1,4,1,729,core,291,317,180.0,1.0,0.9764,293,318,297,320,1.0,True,99.9823,115.0706,91.1898,6.8026,98.2455,"115.07,111.27,108.01,105.30,102.04,98.25,98.79,98.25,98.25,97.70,91.19,93.36,93.36,94.45,94.45"
Rec-G3_std_1,4,2,730,core,302,317,0.0,11.0,0.976,304,318,308,320,1.0,True,103.6006,117.7843,97.16,5.7297,102.0447,"117.78,112.90,108.56,105.30,102.04,106.93,105.30,102.04,100.42,99.33,100.96,99.33,98.25,97.70,97.16"
Rec-G3_std_1,4,3,731,core,306,317,0.0,4.0,0.973,308,318,312,320,1.0,True,104.0348,121.5835,96.6172,6.6581,103.1302,"121.58,113.99,109.64,105.84,103.13,106.93,105.30,103.13,100.42,98.79,100.42,99.33,98.25,97.16,96.62"
Rec-G3_std_1,4,4,732,core,311,317,0.0,5.0,0.9736,313,318,317,320,1.0,True,102.1894,117.2416,95.5318,5.7931,100.9592,"117.24,111.27,106.93,103.67,100.96,105.30,103.13,100.96,98.79,97.70,99.33,98.25,97.16,96.62,95.53"
Rec-G3_std_1,4,5,733,core,316,317,0.0,5.0,0.9739,318,318,322,320,1.0,True,100.8145,112.8996,95.5318,4.9286,99.331,"112.90,109.10,105.30,102.04,99.33,103.67,102.04,99.33,98.25,96.62,98.25,97.70,96.62,95.53,95.53"
Rec-G3_std_1,4,6,734,core,321,317,0.0,5.0,0.9725,323,318,327,320,1.0,True,100.3079,111.8141,95.5318,4.5201,98.7882,"111.81,107.47,104.22,101.50,99.33,103.13,100.96,98.79,98.25,97.16,97.70,97.16,96.07,95.53,95.53"
Rec-G3_std_1,4,7,735,core,326,317,0.0,5.0,0.9708,328,318,332,320,1.0,True,100.0546,110.1859,95.5318,4.0162,98.7882,"110.19,106.39,103.67,101.50,99.87,102.04,100.42,98.79,98.25,97.70,97.70,96.62,96.07,96.07,95.53"
Rec-G3_std_1,4,8,736,core,331,317,0.0,5.0,0.9676,333,318,337,320,1.0,True,100.1994,109.1004,96.6172,3.533,99.331,"109.10,105.84,103.13,101.50,100.42,102.04,100.42,99.33,98.25,98.25,97.70,97.16,96.62,96.62,96.62"
Rec-G3_std_1,4,9,737,core,335,317,0.0,4.0,0.9675,337,318,341,320,1.0,True,102.1894,112.8996,97.7027,4.3214,101.502,"112.90,109.10,106.39,103.67,102.04,103.67,103.13,101.50,100.42,99.33,98.79,98.25,98.25,97.70,97.70"
Rec-G3_std_1,4,10,738,core,340,316,11.31,5.1,0.968,342,317,346,319,1.0,True,108.1958,128.0965,100.4165,7.3639,105.8439,"128.10,119.41,113.99,110.19,106.93,111.81,108.56,105.84,104.22,103.13,104.22,103.13,102.04,100.96,100.42"
Rec-G3_std_1,4,11,739,core,345,316,0.0,5.0,0.9702,347,317,351,319,1.0,True,108.2682,125.9255,100.9592,6.8016,106.3867,"125.93,118.87,113.99,110.19,107.47,111.81,109.10,106.39,105.30,103.13,104.22,103.13,102.04,101.50,100.96"
Rec-G3_std_1,4,12,740,core,350,316,0.0,5.0,0.9712,352,317,356,319,1.0,True,107.436,123.2118,99.8737,6.3618,106.3867,"123.21,117.78,112.90,109.10,106.39,111.27,108.56,106.39,103.67,102.04,104.22,103.13,102.04,100.96,99.87"
Rec-G3_std_1,4,13,741,core,359,316,0.0,9.0,0.9725,361,317,365,319,0.4,False,90.249,117.7843,77.6212,11.4714,86.3051,"117.78,103.67,91.19,84.13,79.79,105.30,96.07,86.31,80.88,78.16,98.25,91.19,83.59,79.79,77.62"
Rec-G3_std_1,4,14,742,core,361,316,0.0,2.0,0.9814,363,317,367,319,0.0,False,81.927,97.16,75.9929,5.7795,79.7922,"97.16,88.48,83.05,79.79,77.62,89.56,83.59,79.79,77.62,76.54,84.68,80.33,78.16,76.54,75.99"
Rec-G3_std_1,5,1,894,core,291,318,-90.0,1.0,0.9781,293,319,297,321,1.0,True,94.8081,100.4165,87.9333,3.7323,94.4463,"99.87,100.42,99.87,98.25,98.25,92.28,94.45,94.45,94.99,95.53,87.93,90.10,91.19,92.28,92.28"
Rec-G3_std_1,5,2,895,core,295,318,0.0,4.0,0.9786,297,319,301,321,1.0,True,98.7882,106.9294,94.4463,3.7915,98.2455,"106.93,105.30,103.13,101.50,99.87,98.79,98.25,98.25,97.70,97.70,94.45,94.99,94.99,94.99,94.99"
Rec-G3_std_1,5,3,896,core,300,317,11.31,5.1,0.9765,302,318,306,320,1.0,True,104.5413,120.498,98.2455,6.159,103.1302,"120.50,113.99,110.19,106.39,103.67,107.47,105.30,103.13,101.50,99.87,100.96,99.87,98.79,98.25,98.25"
Rec-G3_std_1,5,4,897,core,305,317,0.0,5.0,0.9755,307,318,311,320,1.0,True,103.2749,117.2416,97.16,5.4291,102.0447,"117.24,111.81,108.01,104.22,102.04,106.39,104.22,102.04,100.42,98.79,100.96,99.33,98.25,98.25,97.16"
Rec-G3_std_1,5,5,898,core,305,317,0.0,0.0,0.9755,307,318,311,320,1.0,True,103.2749,117.2416,97.16,5.4291,102.0447,"117.24,111.81,108.01,104.22,102.04,106.39,104.22,102.04,100.42,98.79,100.96,99.33,98.25,98.25,97.16"
Rec-G3_std_1,5,6,899,core,310,317,0.0,5.0,0.9739,312,318,316,320,1.0,True,101.5381,113.9851,96.0745,4.8157,99.8737,"113.99,109.10,105.30,102.04,99.87,105.30,102.04,100.42,98.79,98.25,99.33,98.25,97.70,96.62,96.07"
Rec-G3_std_1,5,7,900,core,319,317,0.0,9.0,0.9738,321,318,325,320,1.0,True,100.4165,111.8141,95.5318,4.5883,99.331,"111.81,108.01,104.22,102.04,99.33,103.13,100.96,99.33,98.25,97.16,98.25,96.62,96.07,95.53,95.53"
Rec-G3_std_1,5,8,901,core,324,317,0.0,5.0,0.9729,326,318,330,320,1.0,True,100.2355,111.2714,95.5318,4.3359,98.7882,"111.27,106.93,103.67,101.50,99.87,103.13,100.96,98.79,98.25,97.16,97.70,97.16,96.07,95.53,95.53"
Rec-G3_std_1,5,9,902,core,334,317,0.0,10.0,0.9679,336,318,340,320,1.0,True,101.321,109.6431,97.7027,3.4762,100.4165,"109.64,106.93,104.22,103.13,102.04,103.13,101.50,100.42,99.87,99.33,98.25,98.25,97.70,97.70,97.70"
Rec-G3_std_1,5,10,903,core,338,317,0.0,4.0,0.968,340,318,344,320,1.0,True,102.696,112.8996,98.2455,4.2422,102.0447,"112.90,109.64,106.93,104.22,103.13,104.22,103.13,102.04,100.96,100.42,99.33,98.79,98.25,98.25,98.25"
Rec-G3_std_1,5,11,904,core,343,316,11.31,5.1,0.9696,345,317,349,319,1.0,True,108.3767,128.0965,100.4165,7.2862,106.3867,"128.10,119.41,113.99,110.19,106.93,111.81,109.10,106.39,104.22,103.13,105.30,103.13,102.04,101.50,100.42"
Rec-G3_std_1,5,12,905,core,348,316,0.0,5.0,0.9718,350,317,354,319,1.0,True,107.7978,124.84,100.4165,6.4882,106.3867,"124.84,117.78,112.90,109.64,106.93,111.27,108.56,106.39,104.22,103.13,104.22,103.13,102.04,101.50,100.42"
Rec-G3_std_1,5,13,906,core,353,316,0.0,5.0,0.9728,355,317,359,319,1.0,True,104.6861,120.498,96.6172,6.2478,103.1302,"120.50,113.99,109.64,105.30,102.04,109.64,106.39,103.13,101.50,98.79,103.13,101.50,99.87,98.25,96.62"
Rec-G3_std_1,5,14,907,core,358,316,0.0,5.0,0.9728,360,317,364,319,0.6,False,92.0944,112.8996,78.1639,10.4524,92.2753,"112.90,106.39,96.07,85.22,80.33,103.67,99.33,92.28,83.05,78.71,98.25,95.53,89.56,81.96,78.16"
Rec-G3_std_1,5,15,908,core,361,316,0.0,3.0,0.9788,363,317,367,319,0.0,False,82.144,97.7027,75.9929,5.9707,79.7922,"97.70,89.56,84.13,79.79,77.62,89.56,83.59,79.79,77.62,76.54,84.68,80.88,78.16,76.54,75.99"
Rec-G3_std_1,6,1,1054,core,291,318,-90.0,1.0,0.9771,293,319,297,321,1.0,True,94.4825,99.331,87.9333,3.4524,94.4463,"98.25,99.33,98.79,98.25,98.25,91.73,93.36,94.45,94.99,95.53,87.93,89.56,91.19,92.28,93.36"
Rec-G3_std_1,6,2,1055,core,294,318,0.0,3.0,0.9781,296,319,300,321,1.0,True,97.8837,105.3012,93.3608,3.3672,97.16,"105.30,103.13,101.50,100.42,99.33,97.70,97.70,97.16,97.16,97.16,93.36,94.45,94.45,94.45,94.99"
Rec-G3_std_1,6,3,1056,core,298,317,14.04,4.12,0.9744,300,318,304,320,1.0,True,105.9886,124.84,98.2455,7.334,104.2157,"124.84,117.24,112.90,108.56,105.30,109.10,106.93,104.22,102.04,100.96,101.50,100.42,99.33,98.25,98.25"
Rec-G3_std_1,6,4,1057,core,303,317,0.0,5.0,0.9765,305,318,309,320,1.0,True,104.5051,121.0408,97.7027,6.2573,103.1302,"121.04,113.99,109.64,105.84,103.13,108.01,105.30,103.13,101.50,99.87,101.50,99.87,98.79,98.25,97.70"
Rec-G3_std_1,6,5,1058,core,308,317,0.0,5.0,0.9762,310,318,314,320,1.0,True,102.6236,116.6988,96.6172,5.3783,101.502,"116.70,111.27,106.93,103.13,101.50,105.84,103.13,101.50,99.33,98.25,100.42,98.79,98.25,97.70,96.62"
Rec-G3_std_1,6,6,1059,core,313,317,0.0,5.0,0.9747,315,318,319,320,1.0,True,101.2487,112.8996,96.0745,4.6767,99.8737,"112.90,109.10,105.30,102.04,100.42,104.22,102.04,99.87,98.25,97.70,98.79,98.25,97.16,96.62,96.07"
Rec-G3_std_1,6,7,1060,core,317,317,0.0,4.0,0.9718,319,318,323,320,1.0,True,102.1171,116.6988,96.0745,5.538,100.9592,"116.70,110.73,106.39,103.13,100.96,105.30,103.13,100.96,98.79,98.25,99.33,98.25,97.16,96.62,96.07"
Rec-G3_std_1,6,8,1061,core,327,317,0.0,10.0,0.9722,329,318,333,320,1.0,True,100.2355,111.2714,95.5318,4.2904,98.7882,"111.27,106.93,104.22,101.50,99.87,102.04,100.96,98.79,98.25,97.16,97.70,97.16,96.07,96.07,95.53"
Rec-G3_std_1,6,9,1062,core,332,317,0.0,5.0,0.9708,334,318,338,320,1.0,True,100.9954,110.7286,96.6172,4.0152,99.8737,"110.73,107.47,105.30,102.04,100.96,103.13,101.50,99.87,98.79,98.25,98.25,97.70,97.16,97.16,96.62"
Rec-G3_std_1,6,10,1063,core,337,317,0.0,5.0,0.9684,339,318,343,320,1.0,True,101.1401,109.6431,97.16,3.5043,100.4165,"109.64,106.93,104.22,102.04,101.50,103.13,101.50,100.42,99.87,98.79,98.25,98.25,97.70,97.70,97.16"
Rec-G3_std_1,6,11,1064,core,342,316,11.31,5.1,0.9685,344,317,348,319,1.0,True,106.2058,122.1263,99.8737,5.9839,104.2157,"122.13,115.61,111.27,107.47,105.30,109.10,106.39,104.22,103.13,102.04,103.13,102.04,100.96,100.42,99.87"
Rec-G3_std_1,6,12,1065,core,346,316,0.0,4.0,0.9698,348,317,352,319,1.0,True,108.7386,128.6392,100.9592,7.5039,106.9294,"128.64,120.50,115.07,110.73,108.01,111.81,109.10,106.93,105.30,103.13,104.22,103.13,102.04,101.50,100.96"
Rec-G3_std_1,6,13,1066,core,351,316,0.0,5.0,0.9727,353,317,357,319,1.0,True,107.5083,125.3828,99.331,6.8293,105.3012,"125.38,117.78,112.90,109.10,105.30,111.81,108.56,105.84,103.67,102.04,105.30,103.13,102.04,100.42,99.33"
Rec-G3_std_1,6,14,1067,core,356,316,0.0,5.0,0.9746,358,317,362,319,1.0,True,101.5743,119.4126,89.0188,7.9566,101.502,"119.41,112.90,107.47,102.04,93.36,108.56,105.30,101.50,98.25,91.19,102.04,99.87,97.70,94.99,89.02"
Rec-G3_std_1,6,15,1068,core,360,316,0.0,4.0,0.9759,362,317,366,319,0.2,False,86.2689,111.2714,76.5357,9.4058,83.0486,"111.27,95.53,87.39,82.51,78.71,98.79,89.02,83.05,79.79,77.62,92.28,84.13,79.79,77.62,76.54"
Rec-G3_std_1,7,1,1209,core,292,318,-45.0,1.41,0.978,294,319,298,321,1.0,True,96.1107,101.502,90.6471,3.1614,95.5318,"101.50,100.96,99.87,98.79,98.79,94.99,95.53,95.53,96.07,96.07,90.65,91.73,93.36,93.36,94.45"
Rec-G3_std_1,7,2,1210,core,296,318,0.0,4.0,0.9768,298,319,302,321,1.0,True,99.5842,107.4722,95.5318,3.5445,98.7882,"107.47,105.30,103.13,102.04,100.96,99.87,99.87,98.79,98.79,98.25,95.53,95.53,96.07,96.07,96.07"
Rec-G3_std_1,7,3,1211,core,301,317,11.31,5.1,0.9755,303,318,307,320,1.0,True,104.867,119.4126,98.2455,5.748,103.1302,"119.41,113.99,109.64,106.39,103.67,108.56,105.84,103.13,102.04,100.42,102.04,100.96,99.87,98.79,98.25"
Rec-G3_std_1,7,4,1212,core,305,317,0.0,4.0,0.9745,307,318,311,320,1.0,True,105.1926,122.1263,98.2455,6.4894,103.6729,"122.13,115.07,110.73,106.93,103.67,108.56,106.39,103.67,102.04,100.42,102.04,100.42,99.33,98.25,98.25"
Rec-G3_std_1,7,5,1213,core,320,317,0.0,15.0,0.9735,322,318,326,320,1.0,True,101.2487,111.8141,96.0745,4.3278,100.4165,"111.81,108.56,105.30,102.04,100.42,103.67,102.04,100.42,98.79,98.25,98.79,98.25,97.70,96.62,96.07"
Rec-G3_std_1,7,6,1214,core,325,317,0.0,5.0,0.9707,327,318,331,320,1.0,True,100.5612,110.7286,96.0745,3.956,99.331,"110.73,106.93,103.67,101.50,99.87,103.13,100.96,99.33,98.25,98.25,98.25,97.70,97.16,96.62,96.07"
Rec-G3_std_1,7,7,1215,core,329,317,0.0,4.0,0.9691,331,318,335,320,1.0,True,101.7552,113.9851,96.6172,4.7102,100.9592,"113.99,109.10,105.84,103.13,100.96,104.22,102.04,100.96,99.33,98.25,98.79,98.25,97.70,97.16,96.62"
Rec-G3_std_1,7,8,1216,core,334,317,0.0,5.0,0.9693,336,318,340,320,1.0,True,101.7191,111.8141,97.16,4.1134,100.9592,"111.81,108.56,105.30,103.13,102.04,103.67,102.04,100.96,99.87,98.79,98.79,98.25,97.70,97.70,97.16"
Rec-G3_std_1,7,9,1217,core,339,316,11.31,5.1,0.9693,341,317,345,319,1.0,True,107.4722,127.011,99.8737,7.2817,105.3012,"127.01,118.87,112.90,109.10,106.39,111.27,108.01,105.30,103.67,102.04,103.67,102.04,101.50,100.42,99.87"
Rec-G3_std_1,7,10,1218,core,344,316,0.0,5.0,0.9712,346,317,350,319,1.0,True,107.6169,124.84,100.4165,6.5324,105.8439,"124.84,117.78,112.90,109.64,106.93,110.73,108.01,105.84,104.22,103.13,103.67,103.13,102.04,100.96,100.42"
Rec-G3_std_1,7,11,1219,core,349,316,0.0,5.0,0.9721,351,317,355,319,1.0,True,106.8932,122.1263,99.8737,5.9272,105.3012,"122.13,116.16,111.81,108.56,105.84,110.19,108.01,105.30,103.67,102.04,103.67,103.13,102.04,100.96,99.87"
Rec-G3_std_1,7,12,1220,core,354,316,0.0,5.0,0.9716,356,317,360,319,1.0,True,103.5282,118.8698,95.5318,6.1611,102.0447,"118.87,112.90,108.56,104.22,100.42,108.56,105.30,102.04,99.87,98.25,102.04,100.42,98.79,97.16,95.53"
Rec-G3_std_1,7,13,1221,core,358,316,0.0,4.0,0.9748,360,317,364,319,0.6,False,93.9035,117.7843,78.7067,11.5644,93.3608,"117.78,110.19,99.33,87.39,80.88,106.39,102.04,93.36,84.13,79.79,99.33,96.62,90.10,82.51,78.71"
Rec-G3_std_1,7,14,1222,core,361,316,0.0,3.0,0.981,363,317,367,319,0.0,False,82.0717,97.7027,75.9929,5.9692,79.7922,"97.70,89.56,83.59,79.79,77.62,89.56,83.59,79.79,77.62,76.54,84.68,80.33,78.16,76.54,75.99"
Rec-G3_std_1,8,1,1367,core,291,317,180.0,1.0,0.9785,293,318,297,320,1.0,True,99.6566,112.8996,91.1898,6.3721,98.2455,"112.90,109.64,107.47,105.30,103.13,97.16,98.25,98.25,98.25,98.25,91.19,92.28,93.36,94.45,94.99"
Rec-G3_std_1,8,2,1368,core,295,318,-14.04,4.12,0.9779,297,319,301,321,1.0,True,99.331,106.9294,94.989,3.6381,98.7882,"106.93,105.30,103.13,102.04,101.50,99.33,98.79,98.79,98.79,98.25,94.99,95.53,95.53,95.53,95.53"
Rec-G3_std_1,8,3,1369,core,300,317,11.31,5.1,0.9753,302,318,306,320,1.0,True,104.867,119.4126,98.2455,5.7582,103.1302,"119.41,113.99,110.19,106.39,103.67,108.01,105.84,103.13,102.04,100.96,102.04,100.42,99.87,98.79,98.25"
Rec-G3_std_1,8,4,1370,core,304,317,0.0,4.0,0.9754,306,318,310,320,1.0,True,105.8801,123.2118,98.2455,6.6545,104.2157,"123.21,116.16,111.27,108.01,105.30,109.10,106.93,104.22,102.04,100.96,102.04,101.50,99.87,99.33,98.25"
Rec-G3_std_1,8,5,1371,core,309,317,0.0,5.0,0.9762,311,318,315,320,1.0,True,104.3966,119.4126,98.2455,5.6981,103.1302,"119.41,112.90,109.10,105.84,103.13,107.47,105.30,103.13,101.50,99.87,102.04,100.42,99.33,98.25,98.25"
Rec-G3_std_1,8,6,1372,core,314,317,0.0,5.0,0.9764,316,318,320,320,1.0,True,102.6598,115.6133,97.16,4.958,101.502,"115.61,110.19,106.93,103.67,101.50,105.84,103.13,101.50,99.87,98.79,100.42,98.79,98.25,98.25,97.16"
Rec-G3_std_1,8,7,1373,core,319,317,0.0,5.0,0.9739,321,318,325,320,1.0,True,101.2849,111.8141,96.6172,4.1891,100.4165,"111.81,108.01,105.30,102.04,100.42,103.67,102.04,100.42,98.79,98.25,98.79,98.25,97.70,97.16,96.62"
Rec-G3_std_1,8,8,1374,core,324,317,0.0,5.0,0.9709,326,318,330,320,1.0,True,100.7783,110.7286,96.6172,3.8768,99.8737,"110.73,106.93,103.67,102.04,99.87,103.13,101.50,99.87,98.25,98.25,98.79,98.25,97.16,96.62,96.62"
Rec-G3_std_1,8,9,1375,core,328,317,0.0,4.0,0.9704,330,318,334,320,1.0,True,101.6829,112.8996,96.6172,4.4829,100.9592,"112.90,109.10,105.84,103.13,100.96,103.67,102.04,100.96,99.33,98.79,98.79,98.25,97.70,97.16,96.62"
Rec-G3_std_1,8,10,1376,core,333,317,0.0,5.0,0.9706,335,318,339,320,1.0,True,101.8638,111.8141,97.16,4.0648,100.9592,"111.81,108.56,105.84,103.13,102.04,103.67,102.04,100.96,99.87,99.33,99.33,98.25,98.25,97.70,97.16"
Rec-G3_std_1,8,11,1377,core,338,317,0.0,5.0,0.9698,340,318,344,320,1.0,True,102.298,111.8141,98.2455,3.8575,101.502,"111.81,108.56,105.84,103.67,103.13,103.67,102.04,101.50,100.96,100.42,99.33,98.79,98.25,98.25,98.25"
Rec-G3_std_1,8,12,1378,core,343,316,11.31,5.1,0.9715,345,317,349,319,1.0,True,107.8702,124.84,100.9592,6.4446,106.3867,"124.84,117.78,112.90,109.64,107.47,111.27,108.56,106.39,104.22,103.13,104.22,103.13,102.04,101.50,100.96"
Rec-G3_std_1,8,13,1379,core,348,316,0.0,5.0,0.972,350,317,354,319,1.0,True,107.436,122.669,100.9592,5.8806,105.8439,"122.67,116.70,111.81,109.10,106.93,110.73,108.56,105.84,104.22,103.13,104.22,103.13,102.04,101.50,100.96"
Rec-G3_std_1,8,14,1380,core,357,316,0.0,9.0,0.9748,359,317,363,319,0.8,False,97.956,119.4126,81.9631,10.3925,98.2455,"119.41,111.81,105.30,95.53,84.68,108.01,103.67,99.33,92.28,83.05,100.96,98.25,95.53,89.56,81.96"
Rec-G3_std_1,8,15,1381,core,361,316,0.0,4.0,0.9791,363,317,367,319,0.0,False,81.9631,97.7027,75.9929,5.985,79.7922,"97.70,89.02,83.59,79.79,77.62,89.56,83.59,79.79,77.62,75.99,84.68,80.33,77.62,76.54,75.99"
Rec-G3_std_1,9,1,1522,core,292,318,-45.0,1.41,0.9802,294,319,298,321,1.0,True,96.6534,102.0447,91.1898,3.3484,96.0745,"102.04,102.04,100.96,99.87,99.33,94.99,95.53,96.07,96.62,96.62,91.19,92.28,93.36,94.45,94.45"
Rec-G3_std_1,9,2,1523,core,296,318,0.0,4.0,0.975,298,319,302,321,1.0,True,100.7059,109.6431,96.0745,4.0802,99.8737,"109.64,107.47,105.30,103.13,102.04,101.50,100.96,99.87,99.33,98.79,96.07,96.62,96.62,96.62,96.62"
Rec-G3_std_1,9,3,1524,core,301,317,11.31,5.1,0.9757,303,318,307,320,1.0,True,106.061,122.669,98.2455,6.5154,104.2157,"122.67,116.16,111.81,108.01,104.22,109.64,106.93,105.30,103.13,101.50,102.04,101.50,100.42,99.33,98.25"
Rec-G3_std_1,9,4,1525,core,306,317,0.0,5.0,0.977,308,318,312,320,1.0,True,104.5051,118.8698,98.2455,5.5909,103.1302,"118.87,112.90,109.64,105.84,103.13,108.01,105.30,103.13,101.50,100.42,102.04,100.42,99.33,98.79,98.25"
Rec-G3_std_1,9,5,1526,core,311,317,0.0,5.0,0.9759,313,318,317,320,1.0,True,102.7322,116.1561,96.6172,5.2,100.9592,"116.16,110.73,106.93,103.13,100.96,106.39,103.67,102.04,99.87,98.25,100.96,99.33,98.25,97.70,96.62"
Rec-G3_std_1,9,6,1527,core,316,317,0.0,5.0,0.9735,318,318,322,320,1.0,True,101.3934,111.8141,96.6172,4.2515,100.4165,"111.81,108.56,105.30,102.04,100.42,104.22,102.04,100.42,98.79,98.25,99.33,98.25,97.70,97.16,96.62"
Rec-G3_std_1,9,7,1528,core,320,317,0.0,4.0,0.9722,322,318,326,320,1.0,True,102.7684,116.1561,97.16,5.1667,102.0447,"116.16,110.73,107.47,104.22,102.04,105.30,103.13,102.04,99.87,98.79,99.87,98.79,98.25,97.70,97.16"
Rec-G3_std_1,9,8,1529,core,320,317,0.0,0.0,0.9722,322,318,326,320,1.0,True,102.7684,116.1561,97.16,5.1667,102.0447,"116.16,110.73,107.47,104.22,102.04,105.30,103.13,102.04,99.87,98.79,99.87,98.79,98.25,97.70,97.16"
Rec-G3_std_1,9,9,1530,core,325,317,0.0,5.0,0.973,327,318,331,320,1.0,True,102.6236,113.9851,97.7027,4.586,101.502,"113.99,110.19,106.93,103.67,102.04,105.30,103.13,101.50,100.42,99.33,99.87,98.79,98.25,98.25,97.70"
Rec-G3_std_1,9,10,1531,core,335,317,0.0,10.0,0.9705,337,318,341,320,1.0,True,102.8769,111.8141,98.2455,3.8166,102.0447,"111.81,109.10,106.39,104.22,103.13,105.30,103.13,102.04,101.50,100.96,100.42,99.33,98.79,98.79,98.25"
Rec-G3_std_1,9,11,1532,core,340,316,11.31,5.1,0.9691,342,317,346,319,1.0,True,108.1958,124.2973,101.502,6.1073,106.3867,"124.30,117.78,112.90,109.64,106.93,111.81,108.56,106.39,105.30,103.67,105.30,103.67,103.13,102.04,101.50"
Rec-G3_std_1,9,12,1533,core,345,316,0.0,5.0,0.97,347,317,351,319,1.0,True,107.8702,122.669,101.502,5.6246,106.3867,"122.67,116.70,111.81,109.10,106.93,111.27,108.56,106.39,105.30,103.67,105.30,103.67,103.13,102.04,101.50"
Rec-G3_std_1,9,13,1534,core,349,316,0.0,4.0,0.9723,351,317,355,319,1.0,True,109.3898,128.0965,101.502,7.1314,107.4722,"128.10,120.50,115.07,111.27,107.47,112.90,110.73,108.01,105.30,103.67,105.84,105.30,103.13,102.04,101.50"
Rec-G3_std_1,9,14,1535,core,354,316,0.0,5.0,0.9748,356,317,360,319,1.0,True,105.1926,123.2118,96.0745,7.1131,103.6729,"123.21,116.16,110.73,105.30,101.50,110.73,106.93,103.67,101.50,98.25,103.67,102.04,99.87,98.25,96.07"
Rec-G3_std_1,9,15,1536,core,359,316,0.0,5.0,0.9756,361,317,365,319,0.4,False,88.8017,112.8996,77.0784,10.6204,85.2196,"112.90,101.50,89.02,82.51,78.71,103.13,94.99,85.22,79.79,77.62,97.16,90.65,83.05,78.71,77.08"
Rec-G3_std_1,9,16,1537,core,361,316,0.0,2.0,0.9828,363,317,367,319,0.0,False,81.8546,97.16,75.9929,5.8395,79.7922,"97.16,88.48,83.05,79.79,77.62,89.56,83.59,79.79,77.62,75.99,84.68,80.33,77.62,76.54,75.99"
Rec-G3_std_1,10,1,1667,core,291,318,-90.0,1.0,0.9779,293,319,297,321,1.0,True,95.387,100.9592,88.4761,3.7101,95.5318,"99.87,100.96,100.42,99.33,98.79,92.28,94.45,95.53,95.53,96.07,88.48,90.65,91.73,93.36,93.36"
Rec-G3_std_1,10,2,1668,core,294,318,0.0,3.0,0.9793,296,319,300,321,1.0,True,99.2586,106.9294,94.4463,3.7122,98.7882,"106.93,105.30,103.67,102.04,100.96,99.33,98.79,98.79,98.25,98.25,94.45,95.53,95.53,95.53,95.53"
Rec-G3_std_1,10,3,1669,core,299,317,11.31,5.1,0.9767,301,318,305,320,1.0,True,105.4459,121.5835,98.2455,6.306,103.6729,"121.58,115.61,110.73,106.93,104.22,109.10,106.39,103.67,102.04,100.96,102.04,100.96,99.87,99.33,98.25"
Rec-G3_std_1,10,4,1670,core,304,317,0.0,5.0,0.9758,306,318,310,320,1.0,True,104.1795,118.8698,98.2455,5.6594,102.0447,"118.87,112.90,108.56,105.30,102.04,108.01,105.30,103.13,100.96,99.33,102.04,100.42,99.33,98.25,98.25"
Rec-G3_std_1,10,5,1671,core,308,317,0.0,4.0,0.9752,310,318,314,320,1.0,True,104.1433,120.498,97.16,6.2289,102.0447,"120.50,113.99,109.10,105.30,102.04,107.47,105.30,103.13,100.96,99.33,100.96,99.87,98.79,98.25,97.16"
Rec-G3_std_1,10,6,1672,core,313,317,0.0,5.0,0.976,315,318,319,320,1.0,True,102.6236,117.2416,96.6172,5.5224,100.9592,"117.24,111.27,106.93,103.13,100.96,105.84,103.67,101.50,99.33,98.25,100.42,98.79,98.25,97.16,96.62"
Rec-G3_std_1,10,7,1673,core,318,317,0.0,5.0,0.976,320,318,324,320,1.0,True,101.3572,112.8996,96.6172,4.4645,100.4165,"112.90,108.56,105.30,102.04,100.42,103.67,102.04,100.42,98.79,98.25,98.79,98.25,97.16,97.16,96.62"
Rec-G3_std_1,10,8,1674,core,323,317,0.0,5.0,0.9747,325,318,329,320,1.0,True,101.5381,111.8141,97.16,4.0927,100.4165,"111.81,108.56,105.30,102.04,100.96,103.67,102.04,100.42,99.33,98.79,98.79,98.25,98.25,97.70,97.16"
Rec-G3_std_1,10,9,1675,core,328,317,0.0,5.0,0.9717,330,318,334,320,1.0,True,101.7552,111.2714,97.7027,3.7596,100.9592,"111.27,108.01,105.30,102.04,101.50,103.67,102.04,100.96,99.87,99.33,99.33,98.79,98.25,98.25,97.70"
Rec-G3_std_1,10,10,1676,core,332,317,0.0,4.0,0.9706,334,318,338,320,1.0,True,103.3835,115.0706,98.2455,4.609,102.0447,"115.07,110.73,107.47,105.30,103.13,105.30,103.67,102.04,101.50,100.42,100.42,99.87,98.79,98.79,98.25"
Rec-G3_std_1,10,11,1677,core,337,317,0.0,5.0,0.9709,339,318,343,320,1.0,True,103.4558,113.9851,98.7882,4.2125,102.0447,"113.99,110.19,107.47,105.30,103.13,105.30,103.67,102.04,101.50,100.96,100.96,99.87,99.33,99.33,98.79"
Rec-G3_std_1,10,12,1678,core,342,316,11.31,5.1,0.9715,344,317,348,319,1.0,True,109.1728,128.6392,101.502,7.2813,107.4722,"128.64,120.50,115.07,110.73,107.47,112.90,109.64,107.47,105.30,103.67,105.30,104.22,103.13,102.04,101.50"
Rec-G3_std_1,10,13,1679,core,347,316,0.0,5.0,0.9733,349,317,353,319,1.0,True,108.3044,125.3828,101.502,6.3228,106.9294,"125.38,117.78,112.90,109.64,106.93,111.81,109.10,106.93,105.30,103.13,105.30,103.67,103.13,102.04,101.50"
Rec-G3_std_1,10,14,1680,core,352,316,0.0,5.0,0.9738,354,317,358,319,1.0,True,105.7354,121.5835,98.2455,6.23,104.2157,"121.58,115.61,110.73,106.39,103.13,110.19,106.93,104.22,102.04,100.42,104.22,102.04,100.96,99.33,98.25"
Rec-G3_std_1,10,15,1681,core,356,316,0.0,4.0,0.9734,358,317,362,319,1.0,True,102.298,123.7545,89.5616,8.9399,102.0447,"123.75,115.07,109.10,102.04,93.36,109.64,105.84,102.04,98.25,91.19,102.04,99.87,97.70,94.99,89.56"
Rec-G3_std_1,10,16,1682,core,361,316,0.0,5.0,0.977,363,317,367,319,0.0,False,81.6737,96.6172,75.9929,5.7571,79.7922,"96.62,87.93,83.05,79.79,77.08,89.56,83.05,79.79,77.62,75.99,84.68,80.33,77.62,75.99,75.99"
Rec-G3_std_1,11,1,1820,core,291,317,180.0,1.0,0.9778,293,318,297,320,1.0,True,101.3572,117.7843,92.2753,7.1028,99.331,"117.78,112.90,109.64,106.39,103.13,99.33,100.42,99.87,99.33,98.79,92.28,94.45,94.99,95.53,95.53"
Rec-G3_std_1,11,2,1821,core,294,318,-18.43,3.16,0.9781,296,319,300,321,1.0,True,98.7882,105.8439,94.4463,3.3516,98.2455,"105.84,104.22,102.04,101.50,100.96,98.25,98.25,98.25,98.25,98.25,94.45,94.99,95.53,95.53,95.53"
Rec-G3_std_1,11,3,1822,core,298,317,14.04,4.12,0.9756,300,318,304,320,1.0,True,106.2781,125.3828,98.2455,7.3065,105.3012,"125.38,117.24,112.90,108.01,105.30,109.64,107.47,105.30,102.04,100.96,102.04,100.96,99.87,98.79,98.25"
Rec-G3_std_1,11,4,1823,core,303,317,0.0,5.0,0.977,305,318,309,320,1.0,True,104.5775,121.0408,97.7027,6.2409,103.1302,"121.04,113.99,109.64,105.84,103.13,108.01,105.84,103.13,100.96,99.87,102.04,100.42,98.79,98.25,97.70"
Rec-G3_std_1,11,5,1824,core,308,317,0.0,5.0,0.9772,310,318,314,320,1.0,True,102.6598,117.2416,96.6172,5.4881,100.9592,"117.24,111.27,106.93,103.13,100.96,105.84,103.67,101.50,99.33,98.25,100.42,98.79,98.25,97.70,96.62"
Rec-G3_std_1,11,6,1825,core,313,317,0.0,5.0,0.9755,315,318,319,320,1.0,True,101.321,113.9851,96.0745,4.8531,99.8737,"113.99,109.10,105.30,102.04,99.87,104.22,102.04,99.87,98.25,97.70,99.33,98.25,97.16,96.62,96.07"
Rec-G3_std_1,11,7,1826,core,317,317,0.0,4.0,0.9731,319,318,323,320,1.0,True,102.3703,117.2416,96.6172,5.5449,100.9592,"117.24,110.73,106.93,103.67,100.96,105.30,103.13,100.96,99.33,98.25,99.33,98.25,97.70,97.16,96.62"
Rec-G3_std_1,11,8,1827,core,322,317,0.0,5.0,0.9733,324,318,328,320,1.0,True,102.2256,113.9851,97.16,4.6843,101.502,"113.99,110.19,106.39,103.13,101.50,104.22,103.13,101.50,99.87,98.79,99.33,98.25,98.25,97.70,97.16"
Rec-G3_std_1,11,9,1828,core,327,317,0.0,5.0,0.9736,329,318,333,320,1.0,True,102.4065,112.8996,98.2455,4.1791,101.502,"112.90,109.10,106.39,103.67,102.04,104.22,103.13,101.50,100.42,99.33,99.87,98.79,98.25,98.25,98.25"
Rec-G3_std_1,11,10,1829,core,332,317,0.0,5.0,0.9721,334,318,338,320,1.0,True,103.1664,112.8996,98.7882,3.9361,102.0447,"112.90,109.64,106.93,104.22,103.13,105.30,103.13,102.04,101.50,100.96,100.42,99.87,99.33,99.33,98.79"
Rec-G3_std_1,11,11,1830,core,337,317,0.0,5.0,0.9705,339,318,343,320,1.0,True,103.9986,112.8996,99.8737,3.664,103.1302,"112.90,110.19,107.47,105.30,103.67,105.84,104.22,103.13,102.04,102.04,101.50,100.96,100.42,100.42,99.87"
Rec-G3_std_1,11,12,1831,core,342,316,11.31,5.1,0.9699,344,317,348,319,1.0,True,108.7386,124.84,102.0447,6.0751,106.9294,"124.84,117.78,113.99,110.19,108.01,111.81,109.64,106.93,105.30,104.22,105.84,104.22,103.13,103.13,102.04"
Rec-G3_std_1,11,13,1832,core,346,316,0.0,4.0,0.9716,348,317,352,319,1.0,True,111.0181,131.8957,102.0447,7.8072,109.1004,"131.90,122.67,117.24,112.90,109.64,115.07,111.81,109.10,106.93,105.30,107.47,105.84,104.22,103.13,102.04"
Rec-G3_std_1,11,14,1833,core,351,316,0.0,5.0,0.9744,353,317,357,319,1.0,True,108.5215,126.4682,99.8737,7.0305,106.3867,"126.47,119.41,113.99,110.19,106.39,112.90,110.19,106.93,105.30,103.13,105.84,104.22,102.04,100.96,99.87"
Rec-G3_std_1,11,15,1834,core,356,316,0.0,5.0,0.9763,358,317,362,319,1.0,True,101.719,120.498,89.5616,8.0984,101.502,"120.50,112.90,107.47,101.50,93.36,109.10,105.30,102.04,97.70,91.19,102.04,99.87,98.25,94.99,89.56"
Rec-G3_std_1,11,16,1835,core,360,316,0.0,4.0,0.9777,362,317,366,319,0.2,False,86.0518,111.2714,75.9929,9.5331,82.5059,"111.27,95.53,87.39,82.51,78.71,98.79,88.48,82.51,78.71,77.08,92.28,84.13,79.79,77.62,75.99"
Rec-G3_std_1,12,1,1969,core,291,317,180.0,1.0,0.9791,293,318,297,320,1.0,True,100.6697,116.1561,92.2753,6.8103,98.2455,"116.16,111.81,108.56,105.84,103.13,98.25,99.33,99.33,98.25,98.25,92.28,93.36,94.45,95.53,95.53"
Rec-G3_std_1,12,2,1970,core,293,318,-26.57,2.24,0.9802,295,319,299,321,1.0,True,98.0284,105.3012,92.2753,3.5163,97.7027,"105.30,103.13,102.04,100.96,99.87,97.16,97.70,97.70,97.70,97.70,92.28,94.45,94.45,94.99,94.99"
Rec-G3_std_1,12,3,1971,core,298,317,11.31,5.1,0.9766,300,318,304,320,1.0,True,104.1795,119.4126,97.7027,5.8739,103.1302,"119.41,112.90,109.64,105.30,103.13,107.47,105.30,103.13,100.96,99.87,100.96,99.87,98.79,98.25,97.70"
Rec-G3_std_1,12,4,1972,core,303,317,0.0,5.0,0.975,305,318,309,320,1.0,True,102.9855,116.6988,97.16,5.3084,102.0447,"116.70,111.27,107.47,103.67,102.04,106.39,103.67,102.04,99.87,98.79,100.42,99.33,98.25,97.70,97.16"
Rec-G3_std_1,12,5,1973,core,307,317,0.0,4.0,0.977,309,318,313,320,1.0,True,104.1071,119.4126,97.7027,5.9922,102.0447,"119.41,113.99,109.10,105.84,103.13,106.93,105.30,102.04,100.96,99.33,100.96,99.87,98.79,98.25,97.70"
Rec-G3_std_1,12,6,1974,core,312,317,0.0,5.0,0.9771,314,318,318,320,1.0,True,102.9131,117.2416,97.16,5.4159,101.502,"117.24,111.27,107.47,103.67,101.50,105.84,103.67,102.04,99.87,98.79,100.42,98.79,98.25,97.70,97.16"
Rec-G3_std_1,12,7,1975,core,317,317,0.0,5.0,0.9763,319,318,323,320,1.0,True,101.9,113.9851,97.16,4.5945,100.9592,"113.99,109.10,105.84,103.13,100.96,104.22,102.04,100.96,99.33,98.79,99.33,98.25,98.25,97.16,97.16"
Rec-G3_std_1,12,8,1976,core,322,317,0.0,5.0,0.9745,324,318,328,320,1.0,True,102.0447,112.8996,97.7027,4.1854,101.502,"112.90,108.56,105.84,103.13,101.50,104.22,102.04,101.50,99.87,99.33,99.33,98.25,98.25,98.25,97.70"
Rec-G3_std_1,12,9,1977,core,326,317,0.0,4.0,0.9724,328,318,332,320,1.0,True,104.2157,117.2416,98.7882,5.0137,103.1302,"117.24,111.81,109.10,105.84,103.67,106.39,104.22,103.13,102.04,100.96,100.96,99.87,99.87,99.33,98.79"
Rec-G3_std_1,12,10,1978,core,331,317,0.0,5.0,0.9727,333,318,337,320,1.0,True,104.1433,115.6133,99.331,4.5013,103.1302,"115.61,111.27,108.01,105.30,103.13,106.39,105.30,103.13,102.04,101.50,101.50,100.42,99.87,99.33,99.33"
Rec-G3_std_1,12,11,1979,core,336,317,0.0,5.0,0.9725,338,318,342,320,1.0,True,103.9262,112.8996,99.8737,3.7333,103.1302,"112.90,110.19,107.47,105.30,103.67,105.84,104.22,103.13,102.04,102.04,101.50,100.42,100.42,99.87,99.87"
Rec-G3_std_1,12,12,1980,core,341,316,11.31,5.1,0.9724,343,317,347,319,1.0,True,109.2451,127.011,102.0447,6.619,107.4722,"127.01,119.41,113.99,110.73,108.01,112.90,110.19,107.47,105.30,104.22,105.84,105.30,103.13,103.13,102.04"
Rec-G3_std_1,12,13,1981,core,346,316,0.0,5.0,0.9731,348,317,352,319,1.0,True,109.028,125.3828,102.0447,6.3259,107.4722,"125.38,118.87,113.99,110.19,108.01,112.90,110.19,107.47,105.30,104.22,106.39,105.30,103.13,102.04,102.04"
Rec-G3_std_1,12,14,1982,core,351,316,0.0,5.0,0.9727,353,317,357,319,1.0,True,106.8209,121.5835,99.331,5.913,105.3012,"121.58,116.16,111.27,108.01,105.30,111.27,108.01,105.30,103.13,102.04,105.30,103.13,102.04,100.42,99.33"
Rec-G3_std_1,12,15,1983,core,355,316,0.0,4.0,0.9745,357,317,361,319,1.0,True,104.4328,124.2973,94.4463,7.812,103.1302,"124.30,116.16,110.19,104.22,99.33,110.73,106.93,103.13,99.87,96.62,103.13,101.50,98.79,97.16,94.45"
Rec-G3_std_1,12,16,1984,core,360,316,0.0,5.0,0.9781,362,317,366,319,0.2,False,85.0749,107.4722,75.9929,8.8839,81.4204,"107.47,93.36,85.76,80.88,77.62,98.25,87.39,81.42,78.16,76.54,92.28,84.13,79.79,77.08,75.99"
Rec-G3_std_1,13,1,2122,core,292,318,-45.0,1.41,0.9773,294,319,298,321,1.0,True,96.2554,101.502,90.6471,3.1935,95.5318,"101.50,100.96,99.87,99.33,99.33,94.45,95.53,95.53,96.07,96.62,90.65,91.73,93.36,94.45,94.45"
Rec-G3_std_1,13,2,2123,core,296,318,0.0,4.0,0.9769,298,319,302,321,1.0,True,99.8375,108.0149,96.0745,3.6407,99.331,"108.01,105.84,103.67,102.04,100.96,100.42,99.87,99.33,98.79,98.25,96.07,96.07,96.07,96.07,96.07"
Rec-G3_std_1,13,3,2124,core,301,317,11.31,5.1,0.976,303,318,307,320,1.0,True,104.5775,118.8698,98.2455,5.705,103.1302,"118.87,113.99,109.64,105.84,103.13,108.01,105.30,103.13,101.50,100.42,102.04,100.42,99.33,98.79,98.25"
Rec-G3_std_1,13,4,2125,core,305,317,0.0,4.0,0.9765,307,318,311,320,1.0,True,105.4097,123.2118,98.2455,6.7679,103.1302,"123.21,116.16,111.27,106.93,103.13,108.56,106.39,103.67,102.04,99.87,102.04,100.96,99.87,98.79,98.25"
Rec-G3_std_1,13,5,2126,core,310,317,0.0,5.0,0.977,312,318,316,320,1.0,True,103.2026,117.7843,97.16,5.5874,101.502,"117.78,111.81,108.01,104.22,101.50,106.39,104.22,102.04,99.87,98.79,100.96,99.33,98.25,97.70,97.16"
Rec-G3_std_1,13,6,2127,core,315,317,0.0,5.0,0.9764,317,318,321,320,1.0,True,101.7914,113.9851,96.6172,4.8296,100.4165,"113.99,109.64,105.84,103.13,100.42,105.30,102.04,100.42,98.79,98.25,99.33,98.25,97.70,97.16,96.62"
Rec-G3_std_1,13,7,2128,core,320,317,0.0,5.0,0.9747,322,318,326,320,1.0,True,101.4296,111.8141,97.16,4.0705,100.4165,"111.81,108.01,105.30,102.04,100.42,103.67,102.04,100.42,99.33,98.79,98.79,98.25,97.70,97.70,97.16"
Rec-G3_std_1,13,8,2129,core,325,317,0.0,5.0,0.9726,327,318,331,320,1.0,True,101.8276,111.2714,98.2455,3.6907,100.9592,"111.27,107.47,105.30,103.13,101.50,103.67,102.04,100.96,99.87,99.87,99.33,98.25,98.25,98.25,98.25"
Rec-G3_std_1,13,9,2130,core,329,317,0.0,4.0,0.9726,331,318,335,320,1.0,True,103.9624,115.0706,99.331,4.4042,103.1302,"115.07,111.27,108.01,105.30,103.13,105.84,104.22,103.13,102.04,101.50,100.96,100.42,99.87,99.33,99.33"
Rec-G3_std_1,13,10,2131,core,334,317,0.0,5.0,0.9722,336,318,340,320,1.0,True,104.2519,115.0706,99.331,4.326,103.1302,"115.07,110.73,108.56,105.84,103.67,106.39,105.30,103.13,102.04,101.50,101.50,100.96,99.87,99.87,99.33"
Rec-G3_std_1,13,11,2132,core,339,316,11.31,5.1,0.9715,341,317,345,319,1.0,True,110.1135,129.182,103.1302,7.0706,108.0149,"129.18,121.04,115.61,111.27,108.56,113.99,110.73,108.01,106.39,105.30,106.39,105.30,103.67,103.13,103.13"
Rec-G3_std_1,13,12,2133,core,344,316,0.0,5.0,0.9731,346,317,350,319,1.0,True,109.8602,127.011,103.1302,6.3906,108.5576,"127.01,119.41,115.07,111.27,108.56,112.90,110.73,108.56,106.39,105.30,106.93,105.30,104.22,103.13,103.13"
Rec-G3_std_1,13,13,2134,core,349,316,0.0,5.0,0.9732,351,317,355,319,1.0,True,109.0642,124.2973,102.0447,5.8672,107.4722,"124.30,117.78,113.99,110.19,107.47,112.90,110.19,108.01,105.84,104.22,106.39,105.30,104.22,103.13,102.04"
Rec-G3_std_1,13,14,2135,core,353,316,0.0,4.0,0.9739,355,317,359,319,1.0,True,107.7616,127.5537,98.2455,7.7339,106.3867,"127.55,119.41,113.99,108.56,103.67,112.90,110.19,106.39,103.13,100.42,106.39,103.67,102.04,99.87,98.25"
Rec-G3_std_1,13,15,2136,core,358,316,0.0,5.0,0.977,360,317,364,319,0.6,False,94.0483,118.8698,78.1639,11.9313,94.4463,"118.87,110.19,98.79,86.85,80.88,106.93,102.04,94.45,84.13,78.71,100.42,97.16,90.65,82.51,78.16"
Rec-G3_std_1,13,16,2137,core,361,316,0.0,3.0,0.9825,363,317,367,319,0.0,False,81.8184,97.7027,75.4502,6.0744,79.7922,"97.70,89.02,83.05,79.79,77.08,89.56,83.59,79.79,77.62,75.99,84.68,80.33,77.62,75.99,75.45"
Rec-G3_std_1,14,1,2267,core,292,318,-45.0,1.41,0.9796,294,319,298,321,1.0,True,97.3409,103.1302,91.1898,3.5764,96.6172,"103.13,103.13,101.50,100.42,100.42,95.53,96.07,96.62,97.70,97.70,91.19,92.28,94.45,94.99,94.99"
Rec-G3_std_1,14,2,2268,core,296,318,0.0,4.0,0.9752,298,319,302,321,1.0,True,101.4296,110.7286,97.16,4.1612,100.9592,"110.73,108.56,105.84,103.67,102.04,102.04,102.04,100.96,100.42,99.33,97.16,97.16,97.16,97.16,97.16"
Rec-G3_std_1,14,3,2269,core,301,317,11.31,5.1,0.9773,303,318,307,320,1.0,True,106.2057,123.2118,98.2455,6.6934,104.2157,"123.21,116.70,111.81,108.01,104.22,110.19,107.47,105.30,102.04,100.96,103.13,102.04,100.42,99.33,98.25"
Rec-G3_std_1,14,4,2270,core,306,317,0.0,5.0,0.9782,308,318,312,320,1.0,True,104.1795,119.4126,98.2455,5.7762,102.0447,"119.41,112.90,109.10,105.30,102.04,107.47,105.30,103.13,100.96,99.33,101.50,100.42,99.33,98.25,98.25"
Rec-G3_std_1,14,5,2271,core,311,317,0.0,5.0,0.9769,313,318,317,320,1.0,True,102.298,115.0706,96.6172,4.9817,100.4165,"115.07,110.19,106.39,103.13,100.42,105.84,103.13,100.96,99.33,98.25,100.42,98.79,98.25,97.70,96.62"
Rec-G3_std_1,14,6,2272,core,316,317,0.0,5.0,0.9742,318,318,322,320,1.0,True,101.1401,111.8141,96.6172,4.165,99.8737,"111.81,108.01,104.22,101.50,99.87,104.22,102.04,99.87,98.79,98.25,98.79,98.25,97.70,97.16,96.62"
Rec-G3_std_1,14,7,2273,core,320,317,0.0,4.0,0.9737,322,318,326,320,1.0,True,102.5874,115.6133,97.7027,5.0293,101.502,"115.61,110.73,106.93,103.67,101.50,105.30,103.13,101.50,99.87,98.79,99.33,98.79,98.25,97.70,97.70"
Rec-G3_std_1,14,8,2274,core,325,317,0.0,5.0,0.9742,327,318,331,320,1.0,True,102.8407,113.9851,98.2455,4.3549,102.0447,"113.99,109.64,106.93,103.67,102.04,105.30,103.13,102.04,100.96,100.42,99.87,99.33,98.79,98.25,98.25"
Rec-G3_std_1,14,9,2275,core,330,317,0.0,5.0,0.9734,332,318,336,320,1.0,True,103.6006,112.8996,99.331,3.7856,103.1302,"112.90,109.64,106.93,105.30,103.13,105.30,104.22,103.13,102.04,101.50,100.96,100.42,99.87,99.33,99.33"
Rec-G3_std_1,14,10,2276,core,335,317,0.0,5.0,0.9722,337,318,341,320,1.0,True,104.071,112.8996,100.4165,3.6027,103.1302,"112.90,110.19,107.47,105.30,103.67,105.84,104.22,103.13,102.04,102.04,102.04,100.96,100.42,100.42,100.42"
Rec-G3_std_1,14,11,2277,core,340,316,11.31,5.1,0.9705,342,317,346,319,1.0,True,109.5346,125.3828,103.1302,6.0444,108.0149,"125.38,119.41,113.99,110.73,108.56,112.90,110.19,108.01,105.84,105.30,106.39,105.30,104.22,103.67,103.13"
Rec-G3_std_1,14,12,2278,core,345,316,0.0,5.0,0.971,347,317,351,319,1.0,True,109.824,124.84,103.1302,5.7256,108.5576,"124.84,118.87,113.99,111.27,108.56,112.90,110.73,108.56,106.93,105.84,106.93,105.84,105.30,103.67,103.13"
Rec-G3_std_1,14,13,2279,core,349,316,0.0,4.0,0.9737,351,317,355,319,1.0,True,111.1628,129.7247,103.1302,7.0937,109.1004,"129.72,122.13,117.24,112.90,109.10,115.07,111.81,109.64,107.47,105.30,108.01,106.39,105.30,104.22,103.13"
Rec-G3_std_1,14,14,2280,core,354,316,0.0,5.0,0.9761,356,317,360,319,1.0,True,106.3867,124.2973,97.16,7.1263,105.3012,"124.30,117.24,111.81,106.93,102.04,111.81,108.56,105.30,102.04,99.33,105.30,103.13,101.50,99.33,97.16"
Rec-G3_std_1,14,15,2281,core,359,316,0.0,5.0,0.9768,361,317,365,319,0.4,False,88.6932,112.8996,76.5357,10.8545,84.6769,"112.90,101.50,88.48,81.96,78.16,103.67,94.99,84.68,79.79,77.08,97.70,91.19,83.05,78.71,76.54"
Rec-G3_std_1,14,16,2282,core,361,316,0.0,2.0,0.9838,363,317,367,319,0.0,False,81.4928,97.16,75.4502,6.0205,78.7067,"97.16,88.48,83.05,78.71,77.08,89.56,83.05,78.71,77.08,75.99,84.68,79.79,77.62,75.99,75.45"
Rec-G3_std_1,15,1,2412,core,291,317,180.0,1.0,0.9788,293,318,297,320,1.0,True,101.321,115.6133,92.2753,6.5779,99.331,"115.61,111.81,109.64,106.39,103.67,98.79,100.42,100.42,99.33,99.33,92.28,94.45,95.53,95.53,96.62"
Rec-G3_std_1,15,2,2413,core,293,318,-26.57,2.24,0.9766,295,319,299,321,1.0,True,98.3179,104.2157,93.3608,3.139,98.2455,"104.22,103.13,102.04,100.96,100.42,97.16,97.70,98.25,98.25,98.25,93.36,94.45,95.53,95.53,95.53"
Rec-G3_std_1,15,3,2414,core,297,317,14.04,4.12,0.9762,299,318,303,320,1.0,True,107.0741,125.3828,99.331,6.9405,105.3012,"125.38,117.78,112.90,109.10,105.30,110.19,108.01,105.84,103.67,102.04,103.13,102.04,100.96,100.42,99.33"
Rec-G3_std_1,15,4,2415,core,302,317,0.0,5.0,0.9776,304,318,308,320,1.0,True,105.7354,121.5835,98.7882,6.1794,103.6729,"121.58,115.61,110.73,106.93,103.67,109.64,106.93,104.22,102.04,100.96,103.13,102.04,100.42,99.33,98.79"
Rec-G3_std_1,15,5,2416,core,307,317,0.0,5.0,0.9769,309,318,313,320,1.0,True,103.7453,117.7843,98.2455,5.3504,102.0447,"117.78,111.81,108.01,104.22,101.50,107.47,105.30,102.04,100.42,99.33,102.04,100.42,99.33,98.25,98.25"
Rec-G3_std_1,15,6,2417,core,312,317,0.0,5.0,0.9751,314,318,318,320,1.0,True,102.2256,113.9851,97.16,4.6717,100.9592,"113.99,109.64,106.39,103.13,100.96,105.30,103.13,101.50,99.33,98.25,99.87,98.79,98.25,97.70,97.16"
Rec-G3_std_1,15,7,2418,core,316,317,0.0,4.0,0.9744,318,318,322,320,1.0,True,103.3835,117.7843,97.7027,5.4738,102.0447,"117.78,111.81,108.01,105.30,102.04,105.84,104.22,102.04,100.42,99.33,100.42,99.33,98.25,98.25,97.70"
Rec-G3_std_1,15,8,2419,core,321,317,0.0,5.0,0.9741,323,318,327,320,1.0,True,103.2749,115.6133,98.2455,4.8926,102.0447,"115.61,111.27,107.47,105.30,102.04,105.84,103.67,102.04,100.96,99.87,100.42,99.33,98.79,98.25,98.25"
Rec-G3_std_1,15,9,2420,core,326,317,0.0,5.0,0.9739,328,318,332,320,1.0,True,103.2026,113.9851,98.7882,4.2128,102.0447,"113.99,110.19,106.93,104.22,102.04,105.30,103.67,102.04,101.50,100.42,100.42,99.87,99.33,99.33,98.79"
Rec-G3_std_1,15,10,2421,core,331,317,0.0,5.0,0.9721,333,318,337,320,1.0,True,103.8177,112.8996,99.331,3.7365,103.1302,"112.90,110.19,106.93,105.30,103.13,105.84,104.22,103.13,102.04,101.50,101.50,100.96,100.42,99.87,99.33"
Rec-G3_std_1,15,11,2422,core,336,317,0.0,5.0,0.9699,338,318,342,320,1.0,True,104.1795,112.8996,100.4165,3.5588,103.1302,"112.90,110.19,107.47,105.30,103.67,106.39,104.22,103.13,102.04,102.04,102.04,101.50,100.96,100.42,100.42"
Rec-G3_std_1,15,12,2423,core,341,316,11.31,5.1,0.9693,343,317,347,319,1.0,True,109.5346,125.3828,103.1302,5.9659,108.0149,"125.38,118.87,113.99,110.73,108.56,112.90,110.19,108.01,106.39,105.30,106.39,105.30,104.22,103.67,103.13"
Rec-G3_std_1,15,13,2424,core,345,316,0.0,4.0,0.9722,347,317,351,319,1.0,True,112.2121,132.4384,103.6729,7.5322,110.7286,"132.44,123.75,117.78,113.99,110.73,116.16,112.90,110.73,108.01,106.39,108.56,106.93,105.84,105.30,103.67"
Rec-G3_std_1,15,14,2425,core,350,316,0.0,5.0,0.9747,352,317,356,319,1.0,True,109.8602,128.0965,101.502,6.9725,107.4722,"128.10,120.50,115.61,110.73,107.47,113.99,111.27,108.56,105.84,103.67,107.47,105.84,104.22,103.13,101.50"
Rec-G3_std_1,15,15,2426,core,355,316,0.0,5.0,0.9758,357,317,361,319,1.0,True,104.1071,121.5835,94.4463,7.1544,103.1302,"121.58,115.07,109.10,103.67,98.79,110.19,106.93,103.13,99.87,96.62,103.67,102.04,99.33,97.16,94.45"
Rec-G3_std_1,15,16,2427,core,360,316,0.0,5.0,0.9757,362,317,366,319,0.2,False,84.1703,105.8439,75.9929,8.516,80.8776,"105.84,91.73,84.13,79.79,77.08,97.16,86.31,80.88,77.62,75.99,91.19,83.05,78.71,77.08,75.99"
Rec-G3_std_1,15,17,2428,core,361,316,0.0,1.0,0.9843,363,317,367,319,0.0,False,81.2757,96.6172,75.4502,5.837,78.7067,"96.62,87.93,82.51,78.71,76.54,89.02,83.05,78.71,77.08,75.99,84.13,79.79,77.62,75.99,75.45"
Rec-G3_std_1,16,1,2561,core,291,318,-90.0,1.0,0.977,293,319,297,321,1.0,True,96.1831,101.502,89.5616,3.6176,95.5318,"100.42,101.50,100.96,100.42,99.33,93.36,94.99,95.53,96.62,97.16,89.56,91.19,92.28,94.45,94.99"
Rec-G3_std_1,16,2,2562,core,295,318,0.0,4.0,0.9774,297,319,301,321,1.0,True,100.5974,108.5576,96.0745,3.5874,99.8737,"108.56,106.39,104.22,103.13,102.04,100.96,100.42,99.87,99.87,99.33,96.07,96.62,97.16,97.16,97.16"
Rec-G3_std_1,16,3,2563,core,300,317,11.31,5.1,0.9769,302,318,306,320,1.0,True,106.0972,121.0408,99.331,5.8046,104.2157,"121.04,115.07,110.73,107.47,104.22,109.64,107.47,105.30,103.13,101.50,103.13,102.04,100.96,100.42,99.33"
Rec-G3_std_1,16,4,2564,core,304,317,0.0,4.0,0.9755,306,318,310,320,1.0,True,107.0741,125.3828,99.331,6.9405,105.3012,"125.38,117.78,112.90,109.10,105.30,110.19,108.01,105.84,103.13,102.04,103.67,102.04,100.96,100.42,99.33"
Rec-G3_std_1,16,5,2565,core,309,317,0.0,5.0,0.9763,311,318,315,320,1.0,True,105.265,121.0408,98.2455,6.0094,103.1302,"121.04,113.99,110.73,106.93,103.13,108.56,106.39,104.22,102.04,100.42,102.04,101.50,100.42,99.33,98.25"
Rec-G3_std_1,16,6,2566,core,314,317,0.0,5.0,0.9767,316,318,320,320,1.0,True,103.9624,117.7843,98.2455,5.3431,102.0447,"117.78,111.81,108.56,105.30,102.04,107.47,105.30,103.13,100.96,99.33,101.50,99.87,99.33,98.79,98.25"
Rec-G3_std_1,16,7,2567,core,319,317,0.0,5.0,0.9752,321,318,325,320,1.0,True,103.0216,115.0706,98.2455,4.7074,102.0447,"115.07,110.73,106.93,103.67,102.04,105.84,103.67,102.04,100.96,99.33,100.42,99.33,98.79,98.25,98.25"
Rec-G3_std_1,16,8,2568,core,324,317,0.0,5.0,0.9731,326,318,330,320,1.0,True,102.8407,112.8996,98.2455,4.0802,102.0447,"112.90,109.64,106.39,103.67,102.04,105.30,103.67,102.04,100.96,99.87,100.42,99.87,98.79,98.79,98.25"
Rec-G3_std_1,16,9,2569,core,328,317,0.0,4.0,0.9709,330,318,334,320,1.0,True,104.3966,116.6988,99.331,4.7509,103.1302,"116.70,111.81,108.56,105.84,103.67,106.39,105.30,103.13,102.04,101.50,101.50,100.96,99.87,99.33,99.33"
Rec-G3_std_1,16,10,2570,core,333,317,0.0,5.0,0.9711,335,318,339,320,1.0,True,104.9755,115.6133,100.4165,4.2818,103.6729,"115.61,111.81,109.10,106.39,105.30,106.93,105.30,103.67,103.13,102.04,102.04,101.50,100.96,100.42,100.42"
Rec-G3_std_1,16,11,2571,core,338,317,0.0,5.0,0.971,340,318,344,320,1.0,True,105.7354,115.0706,101.502,3.8694,105.3012,"115.07,111.81,109.64,107.47,105.84,107.47,105.84,105.30,104.22,103.67,102.04,102.04,102.04,102.04,101.50"
Rec-G3_std_1,16,12,2572,core,343,316,11.31,5.1,0.9733,345,317,349,319,1.0,True,111.8865,129.7247,104.2157,6.8477,110.1859,"129.72,122.67,117.78,112.90,110.73,115.61,112.90,110.19,108.01,106.93,108.56,106.93,105.84,105.30,104.22"
Rec-G3_std_1,16,13,2573,core,348,316,0.0,5.0,0.9741,350,317,354,319,1.0,True,111.3437,127.5537,103.6729,6.3538,109.6431,"127.55,121.58,116.70,112.90,109.64,115.07,111.81,110.19,108.01,106.39,108.56,106.93,105.84,105.30,103.67"
Rec-G3_std_1,16,14,2574,core,353,316,0.0,5.0,0.9738,355,317,359,319,1.0,True,106.857,122.669,98.2455,6.458,105.8439,"122.67,117.24,111.81,106.93,103.13,111.81,109.10,105.84,103.13,100.96,105.84,103.67,102.04,100.42,98.25"
Rec-G3_std_1,16,15,2575,core,357,316,0.0,4.0,0.9758,359,317,363,319,0.8,False,99.5119,123.2118,81.9631,11.3979,99.8737,"123.21,115.07,107.47,96.62,85.22,110.19,105.84,100.96,93.36,83.59,103.13,99.87,96.07,90.10,81.96"
Rec-G3_std_1,16,16,2576,core,361,316,0.0,4.0,0.9809,363,317,367,319,0.0,False,81.9631,98.2455,75.4502,6.3108,79.7922,"98.25,89.56,83.59,79.79,77.08,90.10,83.59,79.79,77.08,75.99,85.22,80.33,77.62,75.99,75.45"
Rec-G3_std_1,17,1,2700,core,293,318,-26.57,2.24,0.9776,295,319,299,321,1.0,True,99.5842,106.9294,94.4463,3.8114,98.7882,"106.93,105.84,104.22,103.13,102.04,98.25,98.79,98.79,98.79,98.79,94.45,95.53,95.53,96.07,96.62"
Rec-G3_std_1,17,2,2701,core,298,317,11.31,5.1,0.9773,300,318,304,320,1.0,True,107.2551,123.7545,100.4165,6.4212,105.8439,"123.75,117.24,112.90,109.10,105.84,110.73,108.56,105.84,103.67,103.13,103.13,102.04,101.50,100.96,100.42"
Rec-G3_std_1,17,3,2702,core,303,317,0.0,5.0,0.9775,305,318,309,320,1.0,True,106.2781,121.0408,99.8737,5.8091,104.2157,"121.04,115.61,111.27,106.93,104.22,110.19,107.47,105.30,103.13,102.04,103.13,102.04,101.50,100.42,99.87"
Rec-G3_std_1,17,4,2703,core,308,317,0.0,5.0,0.9762,310,318,314,320,1.0,True,104.8308,117.7843,99.331,5.021,103.1302,"117.78,112.90,109.10,105.30,103.13,108.01,105.84,103.67,102.04,100.96,102.04,101.50,100.96,99.87,99.33"
Rec-G3_std_1,17,5,2704,core,312,317,0.0,4.0,0.9751,314,318,318,320,1.0,True,105.4459,121.0408,98.7882,5.8639,103.6729,"121.04,113.99,110.73,106.39,103.67,108.56,106.39,104.22,102.04,100.96,103.13,102.04,100.42,99.33,98.79"
Rec-G3_std_1,17,6,2705,core,317,317,0.0,5.0,0.9762,319,318,323,320,1.0,True,103.9986,117.7843,98.2455,5.2201,102.0447,"117.78,111.81,108.01,105.30,102.04,106.93,105.30,103.13,100.96,99.87,102.04,100.42,99.33,98.79,98.25"
Rec-G3_std_1,17,7,2706,core,322,317,0.0,5.0,0.9754,324,318,328,320,1.0,True,103.2387,115.0706,98.2455,4.572,102.0447,"115.07,110.73,106.93,104.22,102.04,105.84,103.67,102.04,100.96,99.87,100.96,99.87,99.33,98.79,98.25"
Rec-G3_std_1,17,8,2707,core,327,317,0.0,5.0,0.9748,329,318,333,320,1.0,True,103.4197,113.9851,99.331,3.9975,102.0447,"113.99,109.64,106.93,104.22,103.13,105.30,103.67,102.04,101.50,100.96,100.96,100.42,99.87,99.33,99.33"
Rec-G3_std_1,17,9,2708,core,332,317,0.0,5.0,0.9724,334,318,338,320,1.0,True,104.1795,112.8996,100.4165,3.4638,103.1302,"112.90,109.64,107.47,105.30,103.67,106.39,104.22,103.13,102.04,102.04,102.04,101.50,100.96,100.96,100.42"
Rec-G3_std_1,17,10,2709,core,336,317,0.0,4.0,0.9712,338,318,342,320,1.0,True,106.2057,117.2416,101.502,4.3269,105.3012,"117.24,112.90,110.19,107.47,105.30,108.56,106.93,105.30,104.22,103.13,103.13,103.13,102.04,102.04,101.50"
Rec-G3_std_1,17,11,2710,core,341,316,11.31,5.1,0.9722,343,317,347,319,1.0,True,111.6694,132.4384,104.2157,7.5556,109.6431,"132.44,123.21,117.24,112.90,109.64,115.61,111.81,109.64,107.47,105.84,108.56,106.93,105.30,104.22,104.22"
Rec-G3_std_1,17,12,2711,core,346,316,0.0,5.0,0.9744,348,317,352,319,1.0,True,111.7056,129.7247,104.2157,6.765,110.1859,"129.72,122.13,117.24,112.90,110.19,115.61,111.81,110.19,108.01,106.39,108.56,107.47,105.84,105.30,104.22"
Rec-G3_std_1,17,13,2712,core,351,316,0.0,5.0,0.9755,353,317,357,319,1.0,True,109.7517,125.9255,102.0447,6.2771,108.0149,"125.93,119.41,113.99,110.73,106.93,113.99,111.81,108.56,106.39,103.67,108.01,106.39,105.30,103.13,102.04"
Rec-G3_std_1,17,14,2713,core,356,316,0.0,5.0,0.9762,358,317,362,319,1.0,True,102.298,120.498,89.5616,8.2308,102.0447,"120.50,113.99,107.47,102.04,93.36,110.19,106.39,102.04,98.25,91.19,103.67,101.50,98.79,95.53,89.56"
Rec-G3_std_1,17,15,2714,core,360,316,0.0,4.0,0.9792,362,317,366,319,0.2,False,85.6538,110.7286,75.9929,9.7457,81.9631,"110.73,94.99,86.31,80.88,77.62,99.33,88.48,81.96,78.16,75.99,93.36,84.13,79.79,77.08,75.99"
Rec-G3_std_1,18,1,2836,core,292,318,-90.0,1.0,0.9786,294,319,298,321,1.0,True,98.3179,104.2157,92.2753,3.5222,98.2455,"104.22,103.67,102.04,101.50,101.50,96.62,97.70,98.25,98.25,98.79,92.28,93.36,94.99,95.53,96.07"
Rec-G3_std_1,18,2,2837,core,301,317,6.34,9.06,0.9768,303,318,307,320,1.0,True,108.4853,124.84,101.502,6.2635,106.9294,"124.84,117.78,113.99,110.19,106.93,111.81,109.64,107.47,105.30,103.67,105.30,103.67,103.13,102.04,101.50"
Rec-G3_std_1,18,3,2838,core,306,317,0.0,5.0,0.9778,308,318,312,320,1.0,True,106.8209,121.5835,100.4165,5.8091,104.2157,"121.58,116.16,111.81,107.47,104.22,110.73,108.01,105.84,103.67,102.04,104.22,103.13,102.04,100.96,100.42"
Rec-G3_std_1,18,4,2839,core,311,317,0.0,5.0,0.9767,313,318,317,320,1.0,True,104.6499,117.7843,98.7882,5.1611,103.1302,"117.78,112.90,108.56,105.30,102.04,108.56,105.84,103.13,102.04,100.42,103.13,101.50,100.42,99.33,98.79"
Rec-G3_std_1,18,5,2840,core,316,317,0.0,5.0,0.9742,318,318,322,320,1.0,True,102.8046,113.9851,97.7027,4.501,101.502,"113.99,110.19,106.39,103.13,100.96,106.39,103.67,102.04,99.87,98.79,101.50,99.87,99.33,98.25,97.70"
Rec-G3_std_1,18,6,2841,core,320,317,0.0,4.0,0.9739,322,318,326,320,1.0,True,103.492,116.6988,98.2455,5.0669,102.0447,"116.70,111.27,108.01,105.30,102.04,105.84,104.22,102.04,100.96,99.87,100.96,99.87,98.79,98.25,98.25"
Rec-G3_std_1,18,7,2842,core,325,317,0.0,5.0,0.9744,327,318,331,320,1.0,True,103.6367,115.0706,98.7882,4.4733,102.0447,"115.07,110.73,107.47,105.30,103.13,105.84,104.22,102.04,101.50,100.96,100.96,99.87,99.33,99.33,98.79"
Rec-G3_std_1,18,8,2843,core,330,317,0.0,5.0,0.9735,332,318,336,320,1.0,True,104.3604,113.9851,100.4165,3.8859,103.6729,"113.99,110.73,108.01,105.30,103.67,106.39,105.30,103.67,102.04,102.04,101.50,100.96,100.96,100.42,100.42"
Rec-G3_std_1,18,9,2844,core,335,317,0.0,5.0,0.9719,337,318,341,320,1.0,True,105.0479,113.9851,101.502,3.583,104.2157,"113.99,110.73,108.56,105.84,105.30,106.93,105.30,104.22,103.13,103.13,102.04,102.04,101.50,101.50,101.50"
Rec-G3_std_1,18,10,2845,core,340,316,11.31,5.1,0.9711,342,317,346,319,1.0,True,110.2582,126.4682,104.2157,5.9152,108.5576,"126.47,119.41,113.99,111.27,108.56,113.99,110.73,108.56,106.93,105.84,107.47,105.84,105.30,105.30,104.22"
Rec-G3_std_1,18,11,2846,core,344,316,0.0,4.0,0.972,346,317,350,319,1.0,True,113.6594,135.1522,105.3012,7.7692,111.8141,"135.15,125.38,119.41,115.07,111.81,117.24,113.99,111.81,109.64,108.01,109.64,108.56,107.47,106.39,105.30"
Rec-G3_std_1,18,12,2847,core,349,316,0.0,5.0,0.9747,351,317,355,319,1.0,True,112.4654,131.3529,104.2157,7.0854,110.1859,"131.35,123.21,117.78,112.90,110.19,116.70,113.99,111.27,108.56,106.39,109.64,108.56,106.93,105.30,104.22"
Rec-G3_std_1,18,13,2848,core,354,316,0.0,5.0,0.9766,356,317,360,319,1.0,True,107.5807,125.9255,98.2455,7.266,106.3867,"125.93,117.78,112.90,107.47,103.13,113.99,110.19,106.39,103.13,99.87,106.93,105.30,102.04,100.42,98.25"
Rec-G3_std_1,18,14,2849,core,359,316,0.0,5.0,0.9772,361,317,365,319,0.4,False,88.9464,113.9851,75.9929,11.4258,85.2196,"113.99,102.04,88.48,81.42,77.62,105.30,95.53,85.22,79.79,76.54,98.79,91.73,83.05,78.71,75.99"
Rec-G3_std_1,19,1,2975,core,291,317,0.0,0.0,0.9775,293,318,297,320,1.0,True,103.094,118.8698,94.4463,6.8178,100.9592,"118.87,113.99,110.73,108.01,105.30,100.96,102.04,102.04,100.96,100.96,94.45,95.53,96.62,97.70,98.25"
Rec-G3_std_1,19,2,2976,core,294,318,-18.43,3.16,0.9774,296,319,300,321,1.0,True,100.9592,108.0149,96.0745,3.3865,100.4165,"108.01,106.39,105.30,103.13,102.04,100.42,100.96,100.42,100.42,100.42,96.07,97.16,97.70,97.70,98.25"
Rec-G3_std_1,19,3,2977,core,299,317,11.31,5.1,0.976,301,318,305,320,1.0,True,106.7847,121.0408,100.9592,5.4688,105.3012,"121.04,115.61,111.27,107.47,105.30,110.19,107.47,105.30,103.67,103.13,103.67,103.13,102.04,101.50,100.96"
Rec-G3_std_1,19,4,2978,core,303,317,0.0,4.0,0.9754,305,318,309,320,1.0,True,108.0511,124.84,100.9592,6.306,105.8439,"124.84,117.78,112.90,109.64,105.84,111.27,109.10,106.93,104.22,103.13,105.30,103.67,103.13,102.04,100.96"
Rec-G3_std_1,19,5,2979,core,308,317,0.0,5.0,0.9767,310,318,314,320,1.0,True,106.5314,121.5835,99.8737,5.7761,104.2157,"121.58,115.61,111.27,107.47,104.22,110.19,107.47,105.30,103.13,102.04,103.67,103.13,102.04,100.96,99.87"
Rec-G3_std_1,19,6,2980,core,313,317,0.0,5.0,0.9768,315,318,319,320,1.0,True,104.8308,117.7843,99.331,4.9896,103.1302,"117.78,112.90,108.56,105.30,103.13,108.01,105.84,103.67,102.04,100.96,103.13,101.50,100.42,99.87,99.33"
Rec-G3_std_1,19,7,2981,core,318,316,11.31,5.1,0.9053,320,317,324,319,1.0,True,119.9553,138.9514,105.3012,12.9715,117.7843,"135.15,135.15,136.78,137.87,138.95,117.78,117.78,117.78,117.78,117.78,105.30,105.30,105.30,105.30,105.30"
Rec-G3_std_1,19,8,2982,core,323,317,-11.31,5.1,0.9729,325,318,329,320,1.0,True,103.3473,113.9851,98.7882,4.1039,102.0447,"113.99,110.19,106.39,103.67,102.04,105.84,104.22,102.04,101.50,100.42,101.50,100.42,99.87,99.33,98.79"
Rec-G3_std_1,19,9,2983,core,327,317,0.0,4.0,0.972,329,318,333,320,1.0,True,104.9032,116.6988,99.8737,4.5256,103.6729,"116.70,111.81,109.10,105.84,103.67,107.47,105.30,103.67,103.13,102.04,102.04,101.50,100.96,100.42,99.87"
Rec-G3_std_1,19,10,2984,core,332,317,0.0,5.0,0.972,334,318,338,320,1.0,True,105.1926,115.0706,100.9592,3.9745,104.2157,"115.07,111.81,109.10,106.39,104.22,106.93,105.84,104.22,103.13,103.13,102.04,102.04,101.50,101.50,100.96"
Rec-G3_std_1,19,11,2985,core,337,317,0.0,5.0,0.9719,339,318,343,320,1.0,True,106.1695,115.0706,102.0447,3.61,105.3012,"115.07,111.81,109.64,107.47,105.84,108.01,106.39,105.30,105.30,104.22,103.13,103.13,103.13,102.04,102.04"
Rec-G3_std_1,19,12,2986,core,342,316,11.31,5.1,0.9733,344,317,348,319,1.0,True,112.1398,128.6392,105.8439,6.1781,110.1859,"128.64,122.13,116.70,112.90,110.73,115.61,112.90,110.19,108.56,107.47,109.10,108.01,106.93,106.39,105.84"
Rec-G3_std_1,19,13,2987,core,347,316,0.0,5.0,0.9742,349,317,353,319,1.0,True,112.1036,127.011,105.8439,5.685,110.1859,"127.01,121.04,116.70,112.90,110.19,115.61,112.90,110.73,109.10,107.47,109.64,108.56,107.47,106.39,105.84"
Rec-G3_std_1,19,14,2988,core,351,316,0.0,4.0,0.9733,353,317,357,319,1.0,True,112.4292,132.4384,103.1302,7.5228,110.1859,"132.44,123.75,117.78,112.90,109.64,117.24,113.99,111.27,108.01,105.84,110.19,108.56,106.39,105.30,103.13"
Rec-G3_std_1,19,15,2989,core,356,316,0.0,5.0,0.9763,358,317,362,319,1.0,True,104.3604,124.84,90.1043,9.1066,103.6729,"124.84,117.24,110.73,103.67,94.99,112.90,108.56,104.22,99.87,92.28,105.30,103.13,100.42,97.16,90.10"
Rec-G3_std_1,19,16,2990,core,360,316,0.0,4.0,0.9777,362,317,366,319,0.2,False,86.5584,113.9851,75.4502,10.5742,83.0486,"113.99,96.07,87.93,81.96,77.62,101.50,89.56,83.05,78.71,76.54,94.45,84.68,79.79,77.08,75.45"
Rec-G3_std_1,20,1,3110,core,293,318,-26.57,2.24,0.9777,295,319,299,321,1.0,True,99.4395,105.8439,94.4463,3.3935,98.7882,"105.84,105.30,103.13,102.04,102.04,98.25,98.79,98.79,98.79,99.33,94.45,95.53,96.07,96.62,96.62"
Rec-G3_std_1,20,2,3111,core,298,317,11.31,5.1,0.9753,300,318,304,320,1.0,True,106.2781,120.498,100.4165,5.5108,105.3012,"120.50,115.07,110.73,107.47,105.30,109.64,106.93,105.30,103.13,102.04,103.13,102.04,101.50,100.96,100.42"
Rec-G3_std_1,20,3,3112,core,302,317,0.0,4.0,0.9751,304,318,308,320,1.0,True,107.9063,124.84,100.9592,6.3764,105.8439,"124.84,117.78,112.90,109.64,105.84,111.27,109.10,106.39,104.22,103.13,104.22,103.13,103.13,102.04,100.96"
Rec-G3_std_1,20,4,3113,core,307,317,0.0,5.0,0.9763,309,318,313,320,1.0,True,105.9887,121.0408,99.8737,5.7625,103.6729,"121.04,115.07,110.73,106.93,103.67,109.64,106.93,104.22,103.13,101.50,103.67,102.04,100.96,100.42,99.87"
Rec-G3_std_1,20,5,3114,core,312,317,0.0,5.0,0.9765,314,318,318,320,1.0,True,104.5775,117.7843,98.7882,4.9532,103.1302,"117.78,111.81,108.56,105.30,102.04,108.01,105.30,103.13,102.04,100.96,103.13,101.50,100.42,99.87,98.79"
Rec-G3_std_1,20,6,3115,core,317,317,0.0,5.0,0.975,319,318,323,320,1.0,True,103.5644,115.0706,98.7882,4.3834,102.0447,"115.07,110.73,106.93,103.67,102.04,106.39,104.22,102.04,100.96,100.42,102.04,100.96,99.87,99.33,98.79"
Rec-G3_std_1,20,7,3116,core,322,317,0.0,5.0,0.9726,324,318,328,320,1.0,True,103.3835,113.9851,99.331,3.9431,102.0447,"113.99,109.64,106.39,103.67,102.04,105.84,103.67,102.04,101.50,100.96,101.50,100.42,99.87,99.87,99.33"
Rec-G3_std_1,20,8,3117,core,326,317,0.0,4.0,0.972,328,318,332,320,1.0,True,105.2288,117.2416,100.4165,4.6641,104.2157,"117.24,112.90,109.10,106.39,104.22,107.47,105.84,104.22,103.13,102.04,102.04,102.04,100.96,100.42,100.42"
Rec-G3_std_1,20,9,3118,core,331,317,0.0,5.0,0.9718,333,318,337,320,1.0,True,105.5183,116.1561,101.502,4.046,104.2157,"116.16,111.81,109.10,106.39,105.30,107.47,105.84,104.22,103.13,103.13,103.13,102.04,102.04,101.50,101.50"
Rec-G3_std_1,20,10,3119,core,336,317,0.0,5.0,0.9714,338,318,342,320,1.0,True,106.0248,115.0706,102.0447,3.5929,105.3012,"115.07,111.81,109.10,106.93,105.84,108.01,106.39,105.30,104.22,104.22,103.13,103.13,103.13,102.04,102.04"
Rec-G3_std_1,20,11,3120,core,341,316,11.31,5.1,0.9731,343,317,347,319,1.0,True,111.4523,128.0965,105.3012,6.1234,109.6431,"128.10,121.04,116.16,111.81,109.64,115.07,111.81,109.64,108.01,106.93,108.56,107.47,106.39,105.84,105.30"
Rec-G3_std_1,20,12,3121,core,346,316,0.0,5.0,0.9736,348,317,352,319,1.0,True,111.6694,126.4682,105.3012,5.6141,110.1859,"126.47,120.50,116.16,111.81,110.19,115.61,111.81,110.19,108.56,107.47,109.64,108.01,106.93,106.39,105.30"
Rec-G3_std_1,20,13,3122,core,350,316,0.0,4.0,0.9738,352,317,356,319,1.0,True,113.0805,132.4384,104.2157,7.2375,110.7286,"132.44,123.75,118.87,113.99,110.73,117.24,113.99,111.81,109.10,106.93,110.73,109.10,107.47,105.84,104.22"
Rec-G3_std_1,20,14,3123,core,355,316,0.0,5.0,0.9761,357,317,361,319,1.0,True,106.8209,126.4682,96.0745,7.8606,105.8439,"126.47,117.78,111.81,106.39,100.96,113.99,110.19,105.84,102.04,98.25,106.93,104.22,102.04,99.33,96.07"
Rec-G3_std_1,20,15,3124,core,360,316,0.0,5.0,0.9787,362,317,366,319,0.2,False,84.5683,108.5576,74.9074,9.509,80.8776,"108.56,92.28,84.13,79.79,75.99,98.79,87.39,80.88,77.62,75.45,93.36,84.13,78.71,76.54,74.91"
Rec-G3_std_1,21,1,3244,core,292,318,-45.0,1.41,0.9769,294,319,298,321,1.0,True,99.0415,105.3012,93.3608,3.483,98.2455,"105.30,104.22,103.13,102.04,102.04,97.70,98.25,98.25,98.79,99.33,93.36,94.45,95.53,96.07,97.16"
Rec-G3_std_1,21,2,3245,core,297,317,11.31,5.1,0.9754,299,318,303,320,1.0,True,107.5445,122.669,101.502,5.8518,105.8439,"122.67,116.70,112.90,108.56,105.84,110.73,108.56,106.39,105.30,103.13,103.67,103.13,102.04,102.04,101.50"
Rec-G3_std_1,21,3,3246,core,302,317,0.0,5.0,0.9742,304,318,308,320,1.0,True,106.8209,119.4126,100.9592,5.1037,105.3012,"119.41,115.07,111.27,107.47,105.30,110.73,108.01,105.84,103.67,103.13,104.22,103.13,102.04,102.04,100.96"
Rec-G3_std_1,21,4,3247,core,306,317,0.0,4.0,0.976,308,318,312,320,1.0,True,107.5083,123.2118,100.9592,5.9799,105.3012,"123.21,116.70,111.81,108.56,105.30,111.27,109.10,106.39,104.22,103.13,105.30,103.13,102.04,101.50,100.96"
Rec-G3_std_1,21,5,3248,core,311,317,0.0,5.0,0.9764,313,318,317,320,1.0,True,105.6992,119.4126,99.8737,5.2936,103.6729,"119.41,113.99,110.19,106.39,103.13,109.10,106.93,104.22,103.13,101.50,103.67,102.04,101.50,100.42,99.87"
Rec-G3_std_1,21,6,3249,core,316,317,0.0,5.0,0.9755,318,318,322,320,1.0,True,104.5051,116.1561,98.7882,4.592,103.1302,"116.16,111.81,108.01,105.30,103.13,108.01,105.30,103.13,102.04,100.96,102.04,102.04,100.96,99.87,98.79"
Rec-G3_std_1,21,7,3250,core,316,317,0.0,0.0,0.9755,318,318,322,320,1.0,True,104.5051,116.1561,98.7882,4.592,103.1302,"116.16,111.81,108.01,105.30,103.13,108.01,105.30,103.13,102.04,100.96,102.04,102.04,100.96,99.87,98.79"
Rec-G3_std_1,21,8,3251,core,325,317,0.0,9.0,0.9713,327,318,331,320,1.0,True,105.663,117.7843,100.9592,4.659,104.2157,"117.78,112.90,109.64,106.93,105.30,108.01,106.39,104.22,103.13,102.04,103.13,102.04,101.50,100.96,100.96"
Rec-G3_std_1,21,9,3252,core,330,317,0.0,5.0,0.9714,332,318,336,320,1.0,True,106.0972,116.6988,101.502,4.236,105.3012,"116.70,112.90,110.19,107.47,105.30,108.01,106.93,105.30,103.67,103.13,103.13,103.13,102.04,102.04,101.50"
Rec-G3_std_1,21,10,3253,core,335,317,0.0,5.0,0.9719,337,318,341,320,1.0,True,106.857,116.1561,103.1302,3.7175,105.8439,"116.16,112.90,110.19,108.01,106.39,108.56,107.47,105.84,105.30,105.30,104.22,103.13,103.13,103.13,103.13"
Rec-G3_std_1,21,11,3254,core,340,316,11.31,5.1,0.9723,342,317,346,319,1.0,True,112.7911,130.8102,105.8439,6.7446,110.7286,"130.81,123.75,117.78,113.99,110.73,116.70,112.90,110.73,109.10,107.47,109.64,108.56,107.47,106.39,105.84"
Rec-G3_std_1,21,12,3255,core,345,316,0.0,5.0,0.9736,347,317,351,319,1.0,True,112.2845,128.0965,105.8439,5.9417,110.1859,"128.10,121.58,116.70,112.90,110.19,116.16,112.90,110.73,109.10,107.47,110.19,108.56,107.47,106.39,105.84"
Rec-G3_std_1,21,13,3256,core,350,316,0.0,5.0,0.9728,352,317,356,319,1.0,True,110.6562,125.3828,103.1302,5.7366,109.1004,"125.38,119.41,115.07,110.73,108.01,115.07,111.81,109.64,107.47,105.30,109.10,108.01,106.39,105.30,103.13"
Rec-G3_std_1,21,14,3257,core,354,316,0.0,4.0,0.9751,356,317,360,319,1.0,True,108.3044,128.0965,98.2455,7.6931,107.4722,"128.10,119.41,113.99,108.01,103.13,113.99,110.73,107.47,103.67,100.42,108.01,105.30,103.13,100.96,98.25"
Rec-G3_std_1,21,15,3258,core,359,316,0.0,5.0,0.9773,361,317,365,319,0.4,False,89.1274,115.6133,75.9929,11.8433,85.2196,"115.61,103.13,89.02,81.42,77.62,105.30,96.07,85.22,79.79,75.99,98.79,91.73,83.05,78.16,75.99"
Rec-G3_std_1,22,1,3344,core,293,317,0.0,0.0,0.9788,295,318,299,320,1.0,True,104.1071,120.498,97.16,6.8572,102.0447,"120.50,116.16,111.81,108.01,105.30,103.13,103.13,102.04,100.96,100.42,97.16,98.25,98.25,98.25,98.25"
Rec-G3_std_1,22,2,3345,core,296,317,0.0,3.0,0.977,298,318,302,320,1.0,True,105.9163,122.669,99.8737,6.4398,103.6729,"122.67,116.70,111.81,108.56,105.30,107.47,105.84,103.67,102.04,101.50,101.50,100.96,100.42,100.42,99.87"
Rec-G3_std_1,22,3,3346,core,301,317,0.0,5.0,0.9782,303,318,307,320,1.0,True,105.4459,119.4126,99.331,5.5825,103.6729,"119.41,115.07,110.73,106.93,103.67,108.01,105.84,103.67,102.04,100.42,103.13,102.04,100.96,100.42,99.33"
Rec-G3_std_1,22,4,3347,core,306,317,0.0,5.0,0.9775,308,318,312,320,1.0,True,103.7815,116.6988,98.7882,4.8553,102.0447,"116.70,111.81,107.47,104.22,102.04,106.39,104.22,102.04,100.42,99.33,102.04,101.50,100.42,99.33,98.79"
Rec-G3_std_1,22,5,3348,core,311,317,0.0,5.0,0.9756,313,318,317,320,1.0,True,102.2256,112.8996,98.2455,4.1461,100.4165,"112.90,109.10,105.30,102.04,99.87,105.30,103.13,100.42,99.33,98.25,101.50,100.42,99.33,98.25,98.25"
Rec-G3_std_1,22,6,3349,core,315,317,0.0,4.0,0.9754,317,318,321,320,1.0,True,103.1302,116.1561,98.2455,4.9267,101.502,"116.16,111.27,107.47,103.67,100.96,105.30,103.67,101.50,99.87,98.79,101.50,100.42,99.33,98.79,98.25"
Rec-G3_std_1,22,7,3350,core,320,317,0.0,5.0,0.9753,322,318,326,320,1.0,True,102.0809,112.8996,98.2455,4.1261,100.4165,"112.90,109.10,105.30,103.13,100.42,104.22,102.04,100.96,99.33,98.79,100.42,99.33,98.79,98.25,98.25"
Rec-G3_std_1,22,8,3351,core,325,317,0.0,5.0,0.9751,327,318,331,320,1.0,True,101.9362,111.8141,98.2455,3.7087,100.4165,"111.81,108.01,105.30,102.04,100.42,103.67,102.04,100.96,99.87,98.79,100.42,99.87,98.79,98.79,98.25"
Rec-G3_std_1,22,9,3352,core,330,317,0.0,5.0,0.9732,332,318,336,320,1.0,True,102.0809,110.1859,99.331,2.9626,100.9592,"110.19,106.93,104.22,102.04,100.96,103.67,102.04,101.50,100.42,99.87,100.96,99.87,99.87,99.33,99.33"
Rec-G3_std_1,22,10,3353,core,335,316,11.31,5.1,0.9719,337,317,341,319,1.0,True,107.7616,125.3828,101.502,6.7378,105.3012,"125.38,118.87,113.99,109.64,107.47,110.19,107.47,105.30,103.13,102.04,104.22,103.13,102.04,102.04,101.50"
Rec-G3_std_1,22,11,3354,core,339,316,0.0,4.0,0.9733,341,317,345,319,1.0,True,110.6925,131.8957,103.1302,7.8962,108.0149,"131.90,123.21,117.78,112.90,110.19,112.90,110.73,108.01,105.84,104.22,106.39,105.30,104.22,103.67,103.13"
Rec-G3_std_1,22,12,3355,core,344,316,0.0,5.0,0.9762,346,317,350,319,1.0,True,111.0543,129.182,104.2157,6.8072,108.5576,"129.18,122.13,117.24,112.90,110.19,112.90,111.27,108.56,106.93,105.30,107.47,106.39,105.84,105.30,104.22"
Rec-G3_std_1,22,13,3356,core,349,316,0.0,5.0,0.9778,351,317,355,319,1.0,True,109.7879,125.9255,103.1302,6.2182,107.4722,"125.93,119.41,115.61,111.27,107.47,112.90,110.73,108.01,105.84,103.67,107.47,106.39,105.30,103.67,103.13"
Rec-G3_std_1,22,14,3357,core,354,316,0.0,5.0,0.9782,356,317,360,319,1.0,True,103.89,121.0408,95.5318,6.9669,103.1302,"121.04,113.99,108.01,102.04,96.62,110.19,106.39,103.13,98.79,95.53,105.30,103.13,100.42,98.25,95.53"
Rec-G3_std_1,22,15,3358,core,358,316,0.0,4.0,0.9787,360,317,364,319,0.6,False,91.5516,115.0706,77.0784,11.1347,91.1898,"115.07,105.30,94.45,84.13,78.71,103.67,98.79,91.19,81.96,77.62,99.33,95.53,89.56,80.88,77.08"
Rec-G3_std_1,22,16,3359,core,361,316,0.0,3.0,0.983,363,317,367,319,0.0,False,80.7329,97.16,73.822,6.3587,78.7067,"97.16,88.48,83.05,78.71,75.45,87.93,83.05,78.71,75.99,74.36,84.13,78.71,76.54,74.91,73.82"
