specimen,layer_index,obs_index,frame_idx,frame_type,tip_x,tip_y,direction_deg,movement_px,confidence,roi_c0,roi_r0,roi_c1,roi_r1,roi_valid_frac,roi_complete,roi_mean_C,roi_max_C,roi_min_C,roi_std_C,roi_median_C,roi_pixels_raw
Rec-022_10s_1,1,1,2794,core,290,331,0.0,0.0,0.9846,292,333,302,336,1.0,True,88.6981,123.7545,80.8776,7.8713,86.3051,"123.75,108.56,102.04,98.25,94.99,94.45,93.36,92.28,91.73,90.65,89.56,94.45,93.36,91.73,90.10,89.56,88.48,88.48,87.93,87.39,86.31,85.76,86.85,86.31,85.76,85.76,85.22,85.22,84.68,84.13,84.13,84.13,83.05,81.42,82.51,82.51,82.51,83.05,83.05,82.51,82.51,81.96,81.42,80.88"
Rec-022_10s_1,1,2,2795,core,296,331,0.0,6.0,0.9835,298,333,308,336,1.0,True,88.1184,118.8698,80.8776,7.3902,85.7624,"118.87,108.01,101.50,96.62,93.36,91.19,90.10,89.56,88.48,87.93,87.39,98.79,95.53,92.28,90.10,88.48,87.39,86.31,85.76,85.22,84.13,84.13,90.65,89.02,87.39,85.76,85.22,84.13,84.13,83.59,83.05,82.51,81.96,85.22,84.13,84.13,83.59,83.05,82.51,81.96,81.42,80.88,80.88,80.88"
Rec-022_10s_1,1,3,2796,core,300,331,0.0,4.0,0.9839,302,333,312,336,1.0,True,88.0937,125.9255,79.7922,8.4981,85.7624,"125.93,111.27,102.04,96.62,93.36,91.19,89.56,89.02,87.93,87.39,86.31,100.42,95.53,92.28,89.56,87.93,86.85,85.76,85.22,84.68,84.13,83.05,91.19,89.02,87.39,85.76,84.68,84.13,83.59,83.05,82.51,81.96,81.42,85.76,84.13,83.59,83.05,82.51,82.51,81.96,80.88,80.88,80.33,79.79"
Rec-022_10s_1,1,4,2797,core,309,331,0.0,9.0,0.9852,311,333,321,336,1.0,True,86.6382,118.8698,80.3349,7.2265,84.1341,"118.87,105.84,98.79,94.45,91.19,89.56,87.93,87.93,87.39,86.31,86.31,96.62,93.36,90.10,87.93,86.31,85.22,84.68,84.13,84.13,83.59,83.05,89.02,86.85,85.22,84.13,83.05,83.05,82.51,81.96,82.51,81.96,81.42,84.13,83.05,82.51,81.96,81.42,80.88,80.88,80.88,80.33,80.33,80.33"
Rec-022_10s_1,1,5,2798,core,314,331,0.0,5.0,0.987,316,333,326,336,1.0,True,86.2311,109.6431,80.8776,5.5441,84.4055,"109.64,101.50,95.53,92.28,90.10,89.02,87.93,87.93,87.39,87.39,86.85,94.45,91.19,89.02,87.39,85.76,85.22,84.68,84.68,84.13,84.13,84.13,87.39,85.76,84.68,84.13,83.59,83.05,83.05,83.05,83.05,83.05,83.05,83.05,83.05,82.51,81.96,81.42,81.42,81.42,81.42,81.42,80.88,81.42"
Rec-022_10s_1,1,6,2799,core,323,331,0.0,9.0,0.9886,325,333,335,336,1.0,True,88.5994,110.7286,84.1341,5.1344,87.9333,"110.73,102.04,97.16,93.36,91.19,91.19,91.19,91.19,90.65,90.65,90.65,95.53,92.28,90.65,89.02,87.93,87.93,87.93,87.93,87.93,87.93,87.93,89.02,87.93,86.31,85.76,85.76,85.76,85.76,85.76,85.76,85.76,85.76,84.68,84.13,84.13,84.13,84.13,84.13,84.13,84.13,84.13,84.13,84.13"
Rec-022_10s_1,1,7,2800,core,327,331,0.0,4.0,0.9866,329,333,339,336,1.0,True,90.129,110.1859,85.2196,4.9797,89.2902,"110.19,103.67,99.33,96.07,94.45,93.36,92.28,92.28,92.28,92.28,92.28,95.53,93.36,92.28,91.19,90.10,89.56,89.56,89.56,89.56,89.56,89.56,89.02,88.48,87.93,87.93,87.39,87.39,87.39,87.39,87.39,87.39,87.39,85.76,85.76,85.76,85.76,85.76,85.22,85.22,85.76,85.76,85.76,85.76"
Rec-022_10s_1,1,8,2801,core,332,331,0.0,5.0,0.9906,334,333,344,336,1.0,True,91.0295,109.1004,85.7624,4.7718,90.6471,"109.10,103.13,99.33,96.62,95.53,94.99,94.45,94.45,94.45,93.36,93.36,96.62,94.45,92.28,91.19,91.19,91.19,90.65,90.65,90.65,90.65,90.65,90.65,89.56,89.02,89.02,88.48,88.48,88.48,87.93,88.48,87.93,87.93,86.85,86.85,86.31,86.85,86.31,86.31,86.31,86.31,86.31,86.31,85.76"
Rec-022_10s_1,1,9,2802,core,336,331,0.0,4.0,0.9875,338,333,348,336,1.0,True,92.3493,113.9851,86.3051,5.6113,91.1898,"113.99,107.47,103.13,99.33,97.16,96.07,95.53,95.53,94.99,94.45,94.45,98.79,96.62,94.99,93.36,92.28,91.73,91.73,91.19,91.19,91.19,91.19,92.28,91.19,90.10,89.56,89.56,89.56,89.56,89.02,89.02,89.02,88.48,87.93,87.93,87.93,87.93,87.39,87.39,86.85,86.85,86.85,86.31,86.31"
Rec-022_10s_1,1,10,2803,core,345,331,0.0,9.0,0.9863,347,333,357,336,1.0,True,90.8568,115.6133,77.6212,7.3995,89.8329,"115.61,108.56,103.67,100.42,97.70,96.07,94.99,93.36,91.19,87.93,80.88,100.96,98.25,96.07,94.45,93.36,92.28,91.19,90.10,89.56,86.31,79.79,93.36,92.28,91.19,91.19,90.10,89.56,89.02,87.93,86.31,83.59,78.71,89.56,88.48,87.93,87.93,87.39,86.85,85.76,85.22,83.59,81.42,77.62"
Rec-022_10s_1,1,11,2804,core,350,331,0.0,5.0,0.9894,352,333,362,336,0.5455,False,83.2707,109.6431,73.822,9.3787,80.3349,"109.64,103.67,99.33,95.53,90.65,83.05,78.16,75.99,74.91,74.36,73.82,98.79,96.07,93.36,91.19,87.93,80.88,77.62,75.45,74.91,73.82,73.82,92.28,91.19,89.56,87.93,85.22,79.79,77.08,75.45,74.36,73.82,73.82,87.93,87.39,86.31,84.68,83.05,78.71,75.99,74.91,73.82,73.82,73.82"
Rec-022_10s_1,1,12,2805,core,354,331,0.0,4.0,0.9869,356,333,366,336,0.1818,False,77.9296,105.3012,73.2792,6.5462,74.9074,"105.30,91.73,84.68,80.33,77.62,75.99,74.91,74.91,74.36,73.82,73.82,94.99,85.76,80.88,77.62,75.99,75.45,74.36,74.36,73.82,73.82,73.82,88.48,81.96,78.16,76.54,75.45,74.91,74.36,74.36,73.82,73.82,73.28,84.13,79.79,77.08,75.99,74.91,74.36,74.36,73.82,73.82,73.82,73.28"
Rec-022_10s_1,1,13,2806,core,355,330,45.0,1.41,0.986,357,332,367,335,0.0909,False,78.7067,116.6988,73.2792,8.183,75.1788,"116.70,96.07,87.93,82.51,78.71,76.54,75.99,74.91,74.36,74.36,73.82,97.16,88.48,83.05,78.71,77.08,75.99,74.91,74.36,73.82,73.82,73.82,88.48,83.05,78.71,77.08,75.45,74.91,74.36,74.36,73.82,73.82,73.82,83.05,78.71,77.08,75.99,74.91,74.36,73.82,73.82,73.82,73.28,73.28"
Rec-022_10s_1,2,1,2942,core,291,332,-45.0,1.41,0.9831,293,334,303,337,1.0,True,88.5624,100.4165,83.0486,4.0746,87.662,"100.42,98.25,96.62,94.45,93.36,93.36,92.28,91.73,91.19,90.65,90.10,91.73,91.19,90.65,90.65,90.10,89.56,89.56,89.56,89.02,88.48,87.93,86.31,86.85,86.85,87.39,86.85,86.85,86.85,86.85,86.31,85.76,85.76,83.05,84.13,84.13,84.13,84.13,84.13,84.13,84.13,84.13,83.59,83.59"
Rec-022_10s_1,2,2,2943,core,300,331,6.34,9.06,0.9848,302,333,312,336,1.0,True,92.5837,125.3828,84.6769,7.5891,90.1043,"125.38,112.90,105.84,100.96,97.70,96.07,94.99,94.45,93.36,92.28,91.73,103.13,99.33,96.07,94.45,92.28,91.73,91.19,90.10,90.10,89.56,89.02,94.45,93.36,91.19,90.10,89.56,89.02,88.48,87.93,87.93,87.39,87.39,89.02,88.48,87.93,87.39,86.85,86.85,86.31,85.76,85.76,85.22,84.68"
Rec-022_10s_1,2,3,2944,core,304,331,0.0,4.0,0.9823,306,333,316,336,1.0,True,93.0524,132.9812,84.6769,8.8302,90.3757,"132.98,116.70,108.01,102.04,98.25,96.07,94.45,93.36,93.36,92.28,91.73,105.30,100.96,97.70,94.45,92.28,91.73,91.19,90.10,89.56,89.56,88.48,95.53,93.36,91.73,90.65,89.56,89.02,88.48,87.93,87.93,87.39,86.85,89.56,89.02,87.93,87.93,87.39,86.31,86.31,85.76,85.22,85.22,84.68"
Rec-022_10s_1,2,4,2945,core,309,331,0.0,5.0,0.987,311,333,321,336,1.0,True,91.7449,122.1263,84.6769,6.95,89.5616,"122.13,110.19,103.13,98.79,96.07,94.99,93.36,92.28,92.28,91.73,91.19,102.04,98.25,95.53,93.36,91.73,90.65,90.10,89.56,89.56,89.02,88.48,94.45,92.28,90.65,89.56,89.02,88.48,87.93,87.93,87.39,87.39,86.85,89.02,87.93,87.39,86.85,86.31,86.31,85.76,85.76,85.22,85.22,84.68"
Rec-022_10s_1,2,5,2946,core,323,331,0.0,14.0,0.9868,325,333,335,336,1.0,True,92.1519,112.8996,86.8478,5.2403,91.1898,"112.90,105.84,101.50,98.25,96.62,94.99,94.45,94.45,94.45,93.36,94.45,99.33,96.62,94.99,94.45,92.28,91.19,91.19,91.19,91.19,91.19,91.19,92.28,91.19,90.10,89.56,89.56,89.56,89.02,89.02,89.02,89.02,89.02,87.93,87.93,87.39,87.39,87.39,87.39,87.39,87.39,87.39,86.85,86.85"
Rec-022_10s_1,2,6,2947,core,327,331,0.0,4.0,0.9894,329,333,339,336,1.0,True,93.6321,119.4126,87.9333,5.955,92.2753,"119.41,109.10,103.13,99.33,97.70,96.62,96.62,96.07,95.53,95.53,95.53,102.04,98.25,95.53,94.45,93.36,93.36,93.36,92.28,92.28,92.28,92.28,94.45,92.28,91.19,91.19,90.65,90.65,90.65,90.65,90.65,90.10,90.10,89.56,89.02,88.48,88.48,88.48,88.48,88.48,88.48,87.93,87.93,87.93"
Rec-022_10s_1,2,7,2948,core,332,331,0.0,5.0,0.9881,334,333,344,336,1.0,True,93.9775,111.8141,88.4761,4.7366,93.3608,"111.81,105.84,102.04,99.33,98.25,98.25,97.70,97.16,96.62,96.07,95.53,99.87,97.70,95.53,94.99,94.45,94.45,94.45,94.45,93.36,93.36,93.36,93.36,92.28,92.28,91.73,91.19,91.19,91.19,91.19,91.19,91.19,91.19,89.56,89.56,89.56,89.56,89.56,89.56,89.56,89.02,89.02,89.02,88.48"
Rec-022_10s_1,2,8,2949,core,336,331,0.0,4.0,0.9902,338,333,348,336,1.0,True,95.0877,117.2416,89.0188,5.6395,94.4463,"117.24,110.19,105.30,102.04,99.87,98.25,98.25,97.70,97.16,96.62,96.62,102.04,99.87,97.70,96.07,95.53,94.99,94.45,94.45,94.45,94.45,93.36,95.53,94.45,93.36,92.28,92.28,92.28,91.73,91.73,91.73,91.19,91.19,91.19,90.65,90.65,90.10,90.10,89.56,89.56,89.56,89.56,89.56,89.02"
Rec-022_10s_1,2,9,2950,core,341,331,0.0,5.0,0.9894,343,333,353,336,1.0,True,94.5326,111.8141,87.3906,4.931,93.3608,"111.81,106.93,103.13,100.96,99.33,98.79,98.25,97.70,96.62,95.53,94.45,101.50,98.79,97.16,96.07,95.53,95.53,94.99,94.45,93.36,93.36,91.73,94.99,94.45,93.36,93.36,92.28,92.28,92.28,91.73,91.19,90.65,89.56,91.19,91.19,90.65,90.65,90.10,90.10,89.56,89.56,89.02,87.93,87.39"
Rec-022_10s_1,2,10,2951,core,345,331,0.0,4.0,0.9897,347,333,357,336,1.0,True,92.8797,116.1561,78.7067,7.3368,92.2753,"116.16,109.64,105.30,102.04,99.33,98.25,96.07,94.99,92.28,89.56,81.96,103.13,100.96,98.25,96.62,95.53,94.45,93.36,92.28,91.19,87.93,80.88,96.07,95.53,94.45,93.36,92.28,91.73,91.19,89.56,88.48,85.76,79.79,92.28,91.19,91.19,90.65,89.56,89.56,88.48,87.39,85.76,83.59,78.71"
Rec-022_10s_1,2,11,2952,core,350,331,0.0,5.0,0.9887,352,333,362,336,0.5455,False,83.9614,109.6431,73.822,9.6867,81.149,"109.64,103.67,99.33,95.53,91.19,83.05,78.16,75.99,75.45,74.36,73.82,100.42,97.16,94.45,92.28,89.02,81.42,77.62,75.99,74.91,73.82,73.82,94.45,92.28,91.19,89.56,86.85,80.88,77.08,75.45,74.36,73.82,73.82,90.65,89.56,88.48,86.85,84.13,79.79,76.54,75.45,74.36,73.82,73.82"
Rec-022_10s_1,2,12,2953,core,354,331,0.0,4.0,0.9889,356,333,366,336,0.1818,False,77.9789,104.2157,73.2792,6.6139,75.1788,"104.22,91.73,84.13,79.79,77.08,75.99,75.45,74.36,73.82,73.82,73.82,95.53,86.31,80.88,77.62,75.99,75.45,74.36,73.82,73.82,73.82,73.82,89.56,83.05,78.71,76.54,75.45,74.91,73.82,73.82,73.82,73.82,73.82,85.76,80.88,77.62,75.99,74.91,74.36,73.82,73.82,73.82,73.82,73.28"
Rec-022_10s_1,2,13,2954,core,355,331,0.0,1.0,0.9865,357,333,367,336,0.0909,False,76.8811,98.2455,73.2792,5.0718,74.6361,"98.25,88.48,83.05,78.71,76.54,75.99,74.91,74.36,73.82,73.82,73.82,89.56,83.05,78.71,77.08,75.99,74.91,74.36,73.82,73.82,73.82,73.82,84.13,79.79,77.62,75.99,74.91,74.36,73.82,73.82,73.82,73.82,73.28,80.88,77.62,75.99,75.45,74.36,74.36,74.36,73.82,73.28,73.28,73.28"
Rec-022_10s_1,3,1,3075,core,290,331,0.0,0.0,0.9834,292,333,302,336,1.0,True,94.2982,129.182,86.3051,7.6741,91.7325,"129.18,113.99,106.93,103.13,100.42,98.79,98.25,98.25,97.16,96.07,95.53,100.42,98.25,96.62,94.99,94.45,94.45,94.45,93.36,92.28,92.28,91.73,91.73,91.19,91.19,90.65,91.19,91.19,91.19,91.19,90.65,90.65,90.10,86.31,86.85,87.93,87.93,88.48,88.48,88.48,88.48,88.48,87.93,87.93"
Rec-022_10s_1,3,2,3076,core,293,332,-18.43,3.16,0.9821,295,334,305,337,1.0,True,90.7951,103.6729,85.7624,3.9789,89.8329,"103.67,100.96,98.25,96.62,94.99,94.45,93.36,92.28,92.28,92.28,91.73,95.53,94.45,93.36,92.28,92.28,91.73,91.19,91.19,90.65,90.10,90.10,89.56,89.56,89.56,89.56,89.56,89.56,89.02,89.02,88.48,88.48,87.93,86.31,86.85,86.85,86.85,86.85,86.85,86.85,86.31,85.76,85.76,85.76"
Rec-022_10s_1,3,3,3077,core,297,331,14.04,4.12,0.9838,299,333,309,336,1.0,True,95.5441,132.4384,87.9333,8.2955,93.3608,"132.44,117.78,110.19,104.22,100.96,98.79,97.70,96.62,95.53,94.99,94.45,106.93,103.13,99.33,96.62,95.53,94.45,93.36,93.36,92.28,91.19,91.19,97.70,95.53,94.45,93.36,92.28,91.73,91.19,91.19,90.65,90.10,89.56,91.73,91.19,90.65,90.10,89.56,89.56,89.56,88.48,88.48,87.93,87.93"
Rec-022_10s_1,3,4,3078,core,302,331,0.0,5.0,0.9841,304,333,314,336,1.0,True,93.8665,121.5835,87.3906,6.4855,91.4612,"121.58,111.81,105.30,100.96,98.25,96.62,95.53,94.99,94.45,93.36,92.28,103.13,99.87,97.16,95.53,93.36,92.28,92.28,91.19,91.19,91.19,90.10,96.07,94.45,93.36,91.73,91.19,91.19,90.65,90.10,90.10,89.56,89.56,91.19,90.65,90.10,89.56,89.56,89.02,88.48,87.93,87.93,87.93,87.39"
Rec-022_10s_1,3,5,3079,core,306,331,0.0,4.0,0.9861,308,333,318,336,1.0,True,94.2119,127.5537,87.3906,7.3743,92.0039,"127.55,113.99,106.93,102.04,98.25,96.62,95.53,94.99,94.45,93.36,92.28,104.22,100.42,97.70,95.53,93.36,93.36,92.28,91.19,91.19,91.19,90.10,96.62,94.99,93.36,92.28,91.19,91.19,90.65,90.10,89.56,89.56,89.02,91.73,91.19,90.10,89.56,89.56,89.02,88.48,87.93,87.93,87.39,87.39"
Rec-022_10s_1,3,6,3080,core,311,331,0.0,5.0,0.9868,313,333,323,336,1.0,True,93.1511,117.7843,87.3906,5.809,91.1898,"117.78,109.10,103.13,99.33,97.16,95.53,94.99,94.45,93.36,93.36,92.28,101.50,98.25,96.07,94.45,93.36,92.28,91.19,91.19,90.65,90.65,90.10,95.53,94.45,92.28,91.19,91.19,90.65,90.10,89.56,89.56,89.02,88.48,91.19,90.10,89.56,89.56,89.02,88.48,87.93,87.93,87.93,87.39,87.39"
Rec-022_10s_1,3,7,3081,core,315,331,0.0,4.0,0.9876,317,333,327,336,1.0,True,93.8542,123.2118,87.9333,6.6066,92.2753,"123.21,111.81,105.30,100.42,97.70,96.07,95.53,94.45,94.45,94.45,94.45,103.13,99.33,96.62,94.45,93.36,92.28,91.73,91.73,92.28,92.28,92.28,95.53,94.45,92.28,91.19,91.19,90.10,89.56,89.56,90.10,90.10,90.65,91.19,90.10,89.56,89.56,89.02,88.48,87.93,87.93,87.93,87.93,87.93"
Rec-022_10s_1,3,8,3082,core,320,331,0.0,5.0,0.9892,322,333,332,336,1.0,True,93.8172,116.1561,88.4761,5.2327,92.2753,"116.16,107.47,102.04,99.33,98.25,97.16,96.62,95.53,95.53,94.45,94.45,100.42,97.70,95.53,94.99,94.45,94.45,94.45,93.36,92.28,92.28,92.28,94.45,92.28,91.73,91.73,91.73,91.73,91.19,91.19,90.65,90.65,90.65,90.10,89.56,89.56,89.56,89.02,89.02,89.02,89.02,89.02,88.48,88.48"
Rec-022_10s_1,3,9,3083,core,324,331,0.0,4.0,0.9888,326,333,336,336,1.0,True,95.0877,121.5835,89.5616,6.1549,93.3608,"121.58,111.81,105.30,101.50,98.79,97.16,96.62,96.62,96.07,96.07,96.07,103.67,100.96,98.25,96.62,94.99,94.45,93.36,93.36,93.36,93.36,93.36,96.07,94.99,94.45,93.36,92.28,91.73,91.73,91.73,91.73,91.73,91.73,91.19,90.65,90.10,90.10,89.56,89.56,89.56,89.56,89.56,89.56,89.56"
Rec-022_10s_1,3,10,3084,core,329,331,0.0,5.0,0.9906,331,333,341,336,1.0,True,95.3097,115.6133,90.6471,4.8865,94.7176,"115.61,108.01,103.13,100.42,98.79,98.25,98.25,98.25,97.16,97.16,96.62,101.50,98.79,97.16,96.07,95.53,95.53,94.99,94.99,94.99,94.99,94.45,95.53,94.45,93.36,93.36,93.36,92.28,92.28,92.28,92.28,92.28,92.28,91.19,91.19,91.19,91.19,90.65,90.65,90.65,90.65,90.65,90.65,90.65"
Rec-022_10s_1,3,11,3085,core,333,331,0.0,4.0,0.9894,335,333,345,336,1.0,True,96.6296,119.4126,91.1898,5.6124,95.5318,"119.41,111.81,106.39,103.13,100.96,99.87,98.79,98.25,98.25,98.25,98.25,104.22,101.50,99.33,97.70,96.62,96.07,95.53,95.53,95.53,95.53,95.53,97.16,96.07,94.99,94.45,94.45,94.45,93.36,93.36,93.36,93.36,93.36,92.28,92.28,91.73,91.73,91.73,91.19,91.19,91.19,91.19,91.19,91.19"
Rec-022_10s_1,3,12,3086,core,338,331,0.0,5.0,0.9911,340,333,350,336,1.0,True,97.049,116.6988,91.1898,5.03,96.0745,"116.70,109.64,105.30,103.13,101.50,100.42,99.87,99.87,99.33,98.79,98.25,103.67,101.50,99.33,98.25,97.16,97.16,97.16,96.62,96.62,96.07,95.53,97.70,96.07,95.53,94.99,94.99,94.45,94.99,94.45,94.45,94.45,93.36,93.36,92.28,92.28,92.28,92.28,92.28,92.28,91.73,91.73,91.19,91.19"
Rec-022_10s_1,3,13,3087,core,342,331,0.0,4.0,0.9888,344,333,354,336,1.0,True,97.3204,120.498,88.4761,6.1127,95.8031,"120.50,112.90,108.01,105.30,103.13,102.04,100.42,98.79,98.25,96.62,94.99,105.84,103.13,101.50,99.33,98.25,98.25,97.70,96.62,95.53,94.45,93.36,98.25,97.70,96.62,96.07,95.53,95.53,94.99,94.45,93.36,92.28,91.19,94.45,93.36,93.36,93.36,92.28,92.28,92.28,91.19,90.65,89.56,88.48"
Rec-022_10s_1,3,14,3088,core,347,331,0.0,5.0,0.9908,349,333,359,336,0.8182,False,90.8814,115.6133,74.9074,9.7064,92.2753,"115.61,109.64,105.30,101.50,98.79,96.62,94.45,91.19,83.05,77.62,75.99,104.22,102.04,99.33,97.70,95.53,94.45,92.28,89.56,81.96,77.62,75.45,98.25,97.16,95.53,94.45,93.36,92.28,90.65,87.39,80.88,77.08,74.91,94.45,93.36,92.28,91.73,91.19,89.56,87.93,85.22,79.79,76.54,74.91"
Rec-022_10s_1,3,15,3089,core,351,331,0.0,4.0,0.9879,353,333,363,336,0.4545,False,83.6654,115.0706,73.822,10.91,78.1639,"115.07,107.47,101.50,95.53,85.76,79.79,76.54,75.45,74.91,74.36,73.82,103.13,99.87,96.07,92.28,83.59,78.71,75.99,74.91,74.36,73.82,73.82,96.62,94.99,92.28,89.02,81.96,77.62,75.99,74.91,73.82,73.82,73.82,92.28,91.19,89.56,86.31,80.88,77.62,75.99,74.36,73.82,73.82,73.82"
Rec-022_10s_1,3,16,3090,core,355,330,14.04,4.12,0.9908,357,332,367,335,0.0909,False,78.5957,113.9851,73.2792,7.7895,75.4502,"113.99,94.45,86.31,80.88,78.16,76.54,75.99,74.91,74.36,73.82,73.82,97.70,87.93,82.51,78.16,76.54,75.45,75.45,74.91,73.82,73.82,73.82,89.02,83.05,78.71,76.54,75.99,74.91,74.36,74.36,73.82,73.82,73.82,84.13,79.79,77.62,75.99,75.45,74.36,74.36,73.82,73.82,73.82,73.28"
Rec-022_10s_1,4,1,3208,core,290,331,0.0,0.0,0.9903,292,333,302,336,1.0,True,94.1626,117.7843,85.7624,6.2587,92.2753,"117.78,110.73,106.39,103.13,100.42,99.33,98.79,98.25,97.70,97.70,97.16,96.62,97.16,96.07,94.99,94.45,94.45,94.45,94.45,93.36,93.36,93.36,90.65,91.19,91.19,91.19,91.19,91.19,91.19,91.19,91.19,91.19,91.19,85.76,86.31,87.93,87.93,88.48,89.02,89.02,89.02,89.02,89.02,89.02"
Rec-022_10s_1,4,2,3209,core,294,331,0.0,4.0,0.981,296,333,306,336,1.0,True,97.271,138.9514,89.5616,9.1007,94.7176,"138.95,122.13,112.90,106.39,103.13,100.42,99.33,98.25,98.25,96.62,96.07,108.56,104.22,102.04,98.79,97.16,95.53,95.53,94.99,94.45,93.36,93.36,98.25,96.62,95.53,94.45,93.36,93.36,92.28,92.28,91.73,91.19,91.19,92.28,91.73,91.19,91.19,91.19,91.19,90.65,90.65,90.10,89.56,89.56"
Rec-022_10s_1,4,3,3210,core,299,331,0.0,5.0,0.9857,301,333,311,336,1.0,True,96.0498,128.0965,88.4761,7.5026,93.9035,"128.10,116.70,109.10,104.22,101.50,98.79,98.25,97.16,95.53,95.53,94.45,106.93,103.13,100.42,97.70,96.07,94.99,94.45,93.36,92.28,92.28,91.19,98.25,96.62,95.53,94.45,93.36,92.28,92.28,91.19,91.19,90.65,90.10,93.36,92.28,91.73,91.73,91.19,90.65,90.10,90.10,89.56,89.02,88.48"
Rec-022_10s_1,4,4,3211,core,303,331,0.0,4.0,0.9843,305,333,315,336,1.0,True,96.0992,134.6094,89.0188,8.5118,93.3608,"134.61,119.41,110.73,104.22,100.96,98.25,97.16,96.07,95.53,94.99,94.45,108.56,103.67,100.42,97.70,95.53,94.45,93.36,92.28,92.28,91.73,91.19,98.79,97.16,95.53,93.36,92.28,92.28,91.19,91.19,90.65,90.65,90.10,93.36,92.28,92.28,91.19,90.65,90.65,90.10,89.56,89.56,89.02,89.02"
Rec-022_10s_1,4,5,3212,core,308,331,0.0,5.0,0.9878,310,333,320,336,1.0,True,94.5573,124.2973,87.9333,6.711,92.2753,"124.30,112.90,105.84,101.50,98.25,96.62,95.53,95.53,94.45,94.45,93.36,104.22,100.96,98.25,95.53,94.45,93.36,92.28,92.28,91.19,91.19,91.19,97.16,95.53,93.36,92.28,91.73,91.19,91.19,90.65,90.10,90.10,89.56,92.28,91.19,91.19,90.65,90.10,90.10,89.56,89.56,89.02,88.48,87.93"
Rec-022_10s_1,4,6,3213,core,312,331,0.0,4.0,0.9858,314,333,324,336,1.0,True,94.8533,128.0965,88.4761,7.3441,92.2753,"128.10,115.07,107.47,102.04,98.79,96.62,95.53,95.53,94.45,94.45,93.36,105.30,101.50,98.25,95.53,94.45,93.36,92.28,92.28,91.73,91.19,91.19,97.16,95.53,94.45,92.28,92.28,91.19,91.19,90.65,90.65,90.10,90.10,92.28,91.73,91.19,90.65,90.10,89.56,89.56,89.02,88.48,88.48,88.48"
Rec-022_10s_1,4,7,3214,core,317,331,0.0,5.0,0.9894,319,333,329,336,1.0,True,94.545,119.4126,89.5616,5.5978,93.3608,"119.41,110.73,103.67,100.42,97.70,96.07,95.53,95.53,94.99,94.99,94.45,102.04,99.33,96.62,94.99,93.36,93.36,93.36,93.36,93.36,93.36,92.28,95.53,94.45,93.36,92.28,91.19,91.19,91.73,92.28,92.28,92.28,91.73,91.73,91.19,90.65,90.10,89.56,89.56,90.10,90.10,90.10,90.10,89.56"
Rec-022_10s_1,4,8,3215,core,322,331,0.0,5.0,0.9865,324,333,334,336,1.0,True,94.5326,112.8996,90.1043,4.3249,93.3608,"112.90,105.84,102.04,98.79,97.70,96.62,96.07,95.53,95.53,95.53,95.53,100.42,98.25,96.62,95.53,94.45,94.45,93.36,93.36,93.36,93.36,93.36,94.99,94.45,94.45,93.36,93.36,92.28,92.28,91.73,91.73,91.73,92.28,91.19,91.19,91.19,91.19,91.19,90.65,90.65,90.10,90.10,90.65,90.10"
Rec-022_10s_1,4,9,3216,core,326,331,0.0,4.0,0.9905,328,333,338,336,1.0,True,96.1608,117.7843,91.1898,5.1045,95.5318,"117.78,110.19,104.22,101.50,98.79,98.25,98.25,98.25,97.70,97.70,97.70,103.13,100.42,98.25,96.07,95.53,95.53,95.53,95.53,95.53,95.53,95.53,97.70,96.07,94.45,93.36,93.36,93.36,93.36,93.36,93.36,93.36,93.36,93.36,92.28,91.73,91.19,91.19,91.19,91.19,91.73,91.73,91.73,91.73"
Rec-022_10s_1,4,10,3217,core,331,331,0.0,5.0,0.9883,333,333,343,336,1.0,True,96.7159,113.9851,92.2753,4.367,95.8031,"113.99,108.01,103.67,102.04,100.42,99.87,99.33,99.33,98.79,98.25,98.25,102.04,99.87,98.25,97.70,97.16,96.62,96.62,96.62,96.07,96.07,95.53,96.62,95.53,95.53,94.99,94.99,94.99,94.45,94.45,94.45,94.45,94.45,93.36,92.28,92.28,92.28,92.28,92.28,92.28,92.28,92.28,92.28,92.28"
Rec-022_10s_1,4,11,3218,core,335,331,0.0,4.0,0.9914,337,333,347,336,1.0,True,98.0111,117.7843,92.2753,4.987,96.8886,"117.78,111.81,106.93,103.67,102.04,100.96,100.42,99.87,99.33,98.79,98.25,105.30,102.04,100.42,98.79,98.25,98.25,97.70,97.16,97.16,96.62,96.07,98.25,97.70,96.62,96.07,96.07,95.53,95.53,95.53,94.99,94.99,94.45,94.45,94.45,94.45,93.36,93.36,93.36,93.36,93.36,93.36,93.36,92.28"
Rec-022_10s_1,4,12,3219,core,340,331,0.0,5.0,0.9896,342,333,352,336,1.0,True,97.5301,115.0706,90.6471,4.7397,96.3459,"115.07,109.64,105.84,103.13,102.04,101.50,100.42,99.33,98.25,97.70,96.07,104.22,102.04,100.42,98.79,98.25,98.25,97.70,96.62,96.07,95.53,94.45,98.79,98.25,97.16,96.62,96.07,95.53,95.53,95.53,94.45,93.36,92.28,94.99,94.99,94.45,94.45,94.45,93.36,93.36,92.28,92.28,91.19,90.65"
Rec-022_10s_1,4,13,3220,core,344,331,0.0,4.0,0.9914,346,333,356,336,1.0,True,96.0622,117.7843,84.6769,6.4276,95.2604,"117.78,111.81,107.47,103.67,101.50,99.87,98.25,96.62,94.99,92.28,89.56,105.84,103.13,100.96,99.33,98.25,97.16,95.53,94.45,93.36,91.19,88.48,99.87,98.25,97.70,96.62,95.53,94.99,93.36,92.28,91.19,89.56,86.31,95.53,95.53,94.45,94.45,93.36,92.28,91.19,90.65,89.56,87.93,84.68"
Rec-022_10s_1,4,14,3221,core,349,331,0.0,5.0,0.9893,351,333,361,336,0.6364,False,86.9589,111.8141,73.822,10.4946,88.4761,"111.81,106.93,102.04,98.25,95.53,91.19,83.59,78.16,75.99,74.91,73.82,103.13,100.42,97.70,95.53,93.36,90.10,83.05,78.16,75.99,74.36,73.82,98.25,95.53,94.45,92.28,91.19,87.93,81.42,77.62,75.45,74.36,73.82,94.45,93.36,91.73,90.65,89.02,85.76,80.33,77.08,75.45,74.36,73.82"
Rec-022_10s_1,4,15,3222,core,353,331,0.0,4.0,0.9905,355,333,365,336,0.2727,False,79.8292,108.5576,73.822,8.5702,75.4502,"108.56,100.42,89.02,81.42,77.62,75.99,75.45,74.91,74.36,73.82,73.82,99.33,94.45,85.76,79.79,77.08,75.45,74.91,74.36,73.82,73.82,73.82,94.45,90.10,83.05,78.16,76.54,75.45,74.36,73.82,73.82,73.82,73.82,90.10,87.39,80.88,77.62,75.99,74.91,74.36,74.36,73.82,73.82,73.82"
Rec-022_10s_1,4,16,3223,core,355,331,0.0,2.0,0.9884,357,333,367,336,0.0909,False,77.3745,100.4165,73.2792,5.5391,75.1788,"100.42,89.56,84.13,79.79,77.62,75.99,75.45,74.36,74.36,73.82,73.82,91.19,84.13,79.79,77.62,75.99,75.45,74.36,74.36,73.82,73.82,73.28,85.76,80.33,77.62,75.99,75.45,74.91,74.36,73.82,73.82,73.82,73.82,82.51,78.71,76.54,75.45,74.91,74.36,74.36,73.82,73.82,73.82,73.28"
Rec-022_10s_1,5,1,3345,core,290,331,0.0,0.0,0.9836,292,333,302,336,1.0,True,96.2595,127.011,87.9333,7.1947,94.1749,"127.01,116.16,109.10,105.30,102.04,101.50,100.42,99.33,98.79,98.79,98.25,99.87,99.87,98.25,97.16,96.07,96.07,96.07,95.53,95.53,95.53,94.99,92.28,93.36,93.36,92.28,93.36,93.36,93.36,93.36,93.36,92.28,92.28,87.93,88.48,89.56,89.56,90.65,90.65,91.19,91.19,90.65,90.65,90.65"
Rec-022_10s_1,5,2,3346,core,293,332,-18.43,3.16,0.9834,295,334,305,337,1.0,True,93.3855,105.8439,88.4761,3.8914,92.0039,"105.84,103.13,100.96,98.79,98.25,97.16,96.07,96.07,95.53,94.99,94.45,97.70,96.62,95.53,94.99,94.45,94.45,94.45,93.36,93.36,92.28,92.28,91.73,91.73,91.73,91.73,91.73,91.73,91.19,91.19,91.19,91.19,90.65,88.48,89.02,89.56,89.56,89.56,89.56,89.56,89.56,89.56,89.02,89.02"
Rec-022_10s_1,5,3,3347,core,297,331,14.04,4.12,0.9831,299,333,309,336,1.0,True,98.2085,136.7804,90.1043,8.6796,95.5318,"136.78,122.13,112.90,107.47,103.13,101.50,99.87,98.79,98.25,97.16,96.62,110.19,105.84,103.13,99.87,98.25,97.16,96.07,95.53,94.45,94.45,93.36,100.42,98.79,97.16,95.53,94.99,94.45,94.45,93.36,92.28,92.28,91.73,94.45,93.36,93.36,92.28,92.28,92.28,91.73,91.19,91.19,90.65,90.10"
Rec-022_10s_1,5,4,3348,core,302,331,0.0,5.0,0.9854,304,333,314,336,1.0,True,96.5802,126.4682,89.5616,7.1015,94.7176,"126.47,116.16,109.10,104.22,101.50,99.33,98.25,97.70,96.62,95.53,94.99,106.93,103.67,100.42,98.25,96.62,95.53,94.99,94.45,93.36,92.28,91.73,99.33,97.70,96.07,94.99,94.45,93.36,92.28,92.28,91.73,91.19,90.65,94.45,93.36,93.36,92.28,91.73,91.19,91.19,90.65,90.10,89.56,89.56"
Rec-022_10s_1,5,5,3349,core,306,331,0.0,4.0,0.9857,308,333,318,336,1.0,True,96.4816,132.4384,89.0188,8.1544,94.4463,"132.44,118.87,110.73,105.30,100.96,98.25,97.70,96.62,95.53,94.99,94.45,108.56,104.22,100.96,98.25,96.07,94.99,94.45,93.36,92.28,92.28,91.19,99.33,97.70,95.53,94.45,93.36,92.28,92.28,91.73,91.19,91.19,90.10,94.45,93.36,92.28,92.28,91.19,91.19,90.65,90.10,89.56,89.56,89.02"
Rec-022_10s_1,5,6,3350,core,311,331,0.0,5.0,0.988,313,333,323,336,1.0,True,94.6313,121.0408,88.4761,6.1306,92.818,"121.04,111.81,105.30,100.96,98.25,96.62,95.53,95.53,94.45,94.45,93.36,103.67,100.42,97.70,95.53,94.45,93.36,93.36,92.28,91.73,91.73,91.19,97.16,95.53,94.45,93.36,92.28,91.73,91.19,91.19,90.65,90.10,90.10,92.28,91.73,91.19,91.19,90.65,90.10,89.56,89.56,89.56,89.02,88.48"
Rec-022_10s_1,5,7,3351,core,320,331,0.0,9.0,0.9898,322,333,332,336,1.0,True,94.9273,118.8698,90.1043,5.3444,93.3608,"118.87,109.64,103.67,99.87,98.25,96.62,95.53,95.53,95.53,95.53,95.53,103.13,99.33,97.16,95.53,94.45,94.45,93.36,93.36,93.36,93.36,93.36,96.07,94.45,93.36,93.36,92.28,92.28,92.28,92.28,91.73,91.19,91.19,91.73,91.19,91.19,91.19,91.19,91.19,91.19,91.19,90.65,90.10,90.10"
Rec-022_10s_1,5,8,3352,core,324,331,0.0,4.0,0.9882,326,333,336,336,1.0,True,96.4075,123.7545,91.1898,5.976,94.989,"123.75,112.90,106.39,102.04,99.33,98.25,97.70,97.70,97.16,97.16,96.62,104.22,100.96,98.25,96.62,95.53,95.53,94.99,94.99,94.99,94.99,94.45,97.70,96.07,94.99,94.45,93.36,93.36,93.36,93.36,93.36,93.36,93.36,93.36,93.36,92.28,92.28,91.73,91.19,91.19,91.73,91.19,91.19,91.19"
Rec-022_10s_1,5,9,3353,core,338,331,0.0,14.0,0.992,340,333,350,336,1.0,True,98.1838,117.7843,92.2753,4.9232,96.8886,"117.78,111.27,106.93,103.67,102.04,101.50,100.96,100.42,99.87,99.33,98.25,105.30,102.04,100.42,99.33,98.25,98.25,98.25,97.70,97.16,96.62,96.07,98.79,97.70,96.62,96.07,96.07,95.53,95.53,95.53,95.53,94.99,94.45,94.99,94.45,94.45,94.45,94.45,93.36,93.36,93.36,93.36,93.36,92.28"
Rec-022_10s_1,5,10,3354,core,342,331,0.0,4.0,0.9887,344,333,354,336,1.0,True,97.9618,121.0408,89.5616,5.9853,96.3459,"121.04,112.90,109.10,105.30,103.13,102.04,100.96,99.87,98.25,97.16,95.53,106.39,103.67,102.04,100.42,98.79,98.25,97.70,96.62,95.53,94.45,93.36,99.87,98.25,97.70,96.62,96.07,96.07,95.53,94.45,93.36,92.28,91.19,95.53,95.53,94.99,94.45,94.45,94.45,93.36,92.28,91.19,90.65,89.56"
Rec-022_10s_1,5,11,3355,core,347,331,0.0,5.0,0.9915,349,333,359,336,0.8182,False,91.4242,116.6988,74.9074,9.957,92.2753,"116.70,110.19,105.84,102.04,99.87,97.70,95.53,91.19,83.05,77.62,75.45,105.30,103.13,99.87,98.25,96.07,94.99,92.28,90.10,83.05,77.62,75.45,99.33,97.70,96.07,94.99,93.36,92.28,91.19,87.93,81.42,77.08,75.45,95.53,94.99,93.36,92.28,91.73,90.65,88.48,85.76,80.33,76.54,74.91"
Rec-022_10s_1,5,12,3356,core,351,331,0.0,4.0,0.9875,353,333,363,336,0.4545,False,83.9984,116.6988,73.822,11.2962,78.4353,"116.70,108.56,103.13,96.07,85.76,78.71,77.08,75.45,74.91,74.36,73.82,104.22,100.42,97.16,92.28,84.13,78.71,75.99,75.45,74.36,73.82,73.82,97.70,94.99,92.28,89.56,83.05,78.16,75.99,74.36,74.36,73.82,73.82,93.36,91.73,90.10,87.39,80.88,77.62,75.99,74.36,73.82,73.82,73.82"
Rec-022_10s_1,5,13,3357,core,355,331,0.0,4.0,0.9902,357,333,367,336,0.0909,False,77.3745,99.8737,73.2792,5.5355,74.9074,"99.87,89.56,83.59,79.79,77.08,75.99,75.45,74.36,74.36,73.82,73.82,91.73,84.13,79.79,77.62,75.99,74.91,74.91,74.36,73.82,73.82,73.82,86.31,80.33,77.62,75.99,75.45,74.91,74.36,73.82,73.82,73.82,73.28,83.05,78.71,76.54,75.45,74.91,74.36,74.36,73.82,73.82,73.82,73.28"
Rec-022_10s_1,6,1,3482,core,291,332,-45.0,1.41,0.9836,293,334,303,337,1.0,True,93.4965,104.2157,87.3906,3.831,92.818,"104.22,103.13,100.96,98.79,97.70,97.70,97.16,96.62,96.07,95.53,95.53,95.53,95.53,94.99,94.99,94.99,94.99,94.45,94.45,94.45,94.45,93.36,90.10,91.19,91.19,91.73,92.28,92.28,92.28,92.28,91.73,91.73,91.19,87.39,87.93,88.48,89.56,89.56,89.56,89.56,89.56,89.56,89.56,89.56"
Rec-022_10s_1,6,2,3483,core,296,331,11.31,5.1,0.9825,298,333,308,336,1.0,True,97.7274,125.3828,90.6471,6.7223,95.8031,"125.38,116.16,109.64,105.30,103.13,101.50,100.42,99.33,98.25,97.70,97.16,107.47,103.67,101.50,98.79,98.25,97.16,96.07,95.53,94.99,94.45,93.36,99.33,98.25,96.62,96.07,95.53,94.99,94.45,94.45,93.36,92.28,92.28,94.45,94.45,93.36,93.36,92.28,92.28,92.28,91.73,91.19,91.19,90.65"
Rec-022_10s_1,6,3,3484,core,300,331,0.0,4.0,0.9855,302,333,312,336,1.0,True,98.0111,131.8957,90.6471,7.7893,95.5318,"131.90,119.41,111.81,106.39,103.13,100.96,99.33,98.79,98.25,97.16,96.07,109.10,105.30,102.04,99.33,97.70,96.62,95.53,95.53,94.99,94.45,93.36,100.42,98.79,97.16,95.53,95.53,94.45,94.45,93.36,93.36,92.28,91.73,94.99,94.45,94.45,93.36,92.28,92.28,92.28,91.19,91.19,91.19,90.65"
Rec-022_10s_1,6,4,3485,core,305,331,0.0,5.0,0.9844,307,333,317,336,1.0,True,96.4199,122.1263,89.5616,6.0616,94.7176,"122.13,112.90,106.93,103.13,100.42,98.79,98.25,97.70,96.62,96.07,95.53,105.30,102.04,99.33,97.70,96.07,95.53,94.99,94.45,94.45,93.36,93.36,98.79,97.16,95.53,94.99,94.45,94.45,93.36,92.28,92.28,91.73,91.19,94.45,93.36,93.36,92.28,92.28,91.73,91.19,91.19,91.19,90.65,89.56"
Rec-022_10s_1,6,5,3486,core,309,331,0.0,4.0,0.9878,311,333,321,336,1.0,True,96.6543,127.5537,89.5616,7.0618,94.7176,"127.55,116.16,108.56,103.67,100.96,99.33,98.25,97.70,96.62,95.53,95.53,106.93,103.13,99.87,97.70,96.62,95.53,94.99,94.45,93.36,93.36,92.28,99.33,97.70,95.53,94.99,94.45,93.36,92.28,92.28,91.73,91.73,91.19,94.45,94.45,93.36,92.28,91.73,91.19,91.19,91.19,90.65,90.10,89.56"
Rec-022_10s_1,6,6,3487,core,314,331,0.0,5.0,0.9866,316,333,326,336,1.0,True,95.3591,118.8698,90.1043,5.5972,93.3608,"118.87,110.73,105.30,101.50,99.33,98.25,97.16,96.07,95.53,95.53,94.99,103.13,100.96,98.25,96.07,95.53,94.45,94.45,93.36,93.36,92.28,92.28,97.70,95.53,94.45,93.36,93.36,93.36,92.28,91.73,91.19,91.19,91.19,93.36,92.28,92.28,91.19,91.19,91.19,90.65,90.65,90.10,90.10,90.10"
Rec-022_10s_1,6,7,3488,core,318,331,0.0,4.0,0.9893,320,333,330,336,1.0,True,95.8771,124.2973,90.1043,6.4531,93.3608,"124.30,113.99,106.93,102.04,99.87,98.25,97.16,96.07,96.07,95.53,95.53,105.30,102.04,98.79,96.62,95.53,94.45,94.45,93.36,93.36,93.36,93.36,98.25,96.07,94.99,93.36,93.36,92.28,92.28,91.73,91.73,91.73,91.19,93.36,92.28,91.73,91.19,91.19,91.19,91.19,91.19,91.19,90.65,90.10"
Rec-022_10s_1,6,8,3489,core,323,331,0.0,5.0,0.9885,325,333,335,336,1.0,True,95.6921,116.1561,91.1898,4.8359,94.4463,"116.16,108.56,103.67,100.96,98.79,97.70,97.70,97.16,97.16,96.62,96.62,103.13,99.87,97.70,96.07,95.53,94.99,94.45,94.99,94.45,94.99,94.45,96.62,95.53,94.45,93.36,93.36,93.36,92.28,93.36,92.28,93.36,93.36,92.28,92.28,92.28,91.73,91.73,91.19,91.19,91.19,91.19,91.19,91.19"
Rec-022_10s_1,6,9,3490,core,327,331,0.0,4.0,0.9903,329,333,339,336,1.0,True,96.9256,121.0408,92.2753,5.4611,95.5318,"121.04,111.81,106.39,102.04,99.87,99.33,98.25,98.25,98.25,98.25,98.25,104.22,101.50,98.79,97.16,96.62,96.07,96.07,95.53,95.53,95.53,95.53,97.70,96.07,94.99,94.45,94.45,94.45,94.45,94.45,94.45,94.45,94.45,93.36,92.28,92.28,92.28,92.28,92.28,92.28,92.28,92.28,92.28,92.28"
Rec-022_10s_1,6,10,3491,core,332,331,0.0,5.0,0.9901,334,333,344,336,1.0,True,97.5917,115.6133,93.3608,4.463,96.6172,"115.61,109.64,105.30,102.04,101.50,100.42,99.87,99.33,98.79,98.79,98.25,103.67,101.50,99.33,98.25,97.70,97.70,97.16,97.16,97.16,96.62,96.62,98.25,96.62,96.07,95.53,95.53,95.53,95.53,95.53,94.99,94.99,94.99,94.45,93.36,93.36,93.36,93.36,93.36,93.36,93.36,93.36,93.36,93.36"
Rec-022_10s_1,6,11,3492,core,336,331,0.0,4.0,0.9908,338,333,348,336,1.0,True,98.7266,120.498,93.3608,5.2279,97.7027,"120.50,112.90,108.01,104.22,102.04,101.50,100.96,100.42,99.87,99.87,99.33,105.84,103.13,101.50,99.87,98.79,98.25,98.25,98.25,97.70,97.70,97.16,99.33,98.25,97.16,96.62,96.07,96.07,96.07,95.53,95.53,95.53,94.99,94.99,94.99,94.45,94.45,94.45,94.45,94.45,94.45,93.36,93.36,93.36"
Rec-022_10s_1,6,12,3493,core,341,331,0.0,5.0,0.9915,343,333,353,336,1.0,True,98.2208,117.2416,90.6471,5.0782,97.4314,"117.24,111.27,106.93,104.22,103.13,102.04,100.96,99.87,98.79,98.25,96.62,105.30,103.13,101.50,100.42,99.33,98.79,98.25,97.70,96.62,95.53,94.45,99.33,98.25,97.70,97.70,97.16,96.62,96.07,95.53,94.99,93.36,92.28,95.53,95.53,94.99,94.99,94.45,94.45,94.45,93.36,92.28,91.73,90.65"
Rec-022_10s_1,6,13,3494,core,345,331,0.0,4.0,0.9907,347,333,357,336,1.0,True,95.5441,119.4126,80.3349,7.8825,95.2604,"119.41,112.90,108.56,104.22,102.04,100.42,98.25,96.07,94.45,90.65,81.96,107.47,104.22,102.04,99.87,98.25,97.16,95.53,94.45,92.28,89.56,81.42,100.42,98.79,98.25,97.16,95.53,94.99,93.36,92.28,90.65,87.93,80.88,96.07,95.53,94.99,94.45,93.36,92.28,91.19,90.10,88.48,85.76,80.33"
Rec-022_10s_1,6,14,3495,core,350,331,0.0,5.0,0.9908,352,333,362,336,0.5455,False,85.3553,112.8996,73.822,10.9061,82.7773,"112.90,106.93,102.04,97.70,92.28,83.59,78.71,75.99,74.91,73.82,73.82,103.13,100.42,97.16,94.45,91.19,83.05,77.62,75.99,74.36,73.82,73.82,97.70,95.53,94.45,91.73,89.02,82.51,77.62,75.99,74.36,73.82,73.82,94.45,92.28,91.19,89.56,87.39,81.42,77.62,75.45,74.36,73.82,73.82"
Rec-022_10s_1,6,15,3496,core,354,331,0.0,4.0,0.99,356,333,366,336,0.1818,False,78.46,106.9294,73.2792,7.3507,75.4502,"106.93,92.28,84.68,80.33,77.08,75.99,75.45,74.91,74.36,73.82,73.82,98.25,87.93,81.42,77.62,75.99,75.45,74.36,73.82,73.82,73.82,73.28,92.28,84.13,79.79,77.08,75.99,74.36,74.36,73.82,73.82,73.82,73.28,89.02,82.51,78.16,75.99,75.45,74.36,73.82,73.82,73.82,73.82,73.28"
Rec-022_10s_1,6,16,3497,core,355,331,0.0,1.0,0.9879,357,333,367,336,0.0909,False,77.1278,98.7882,73.2792,5.3739,74.9074,"98.79,89.02,83.05,78.71,77.08,75.99,74.91,74.36,73.82,73.82,73.82,90.65,83.59,79.79,77.08,75.99,74.91,74.36,73.82,73.82,73.82,73.28,86.31,80.33,77.62,75.99,74.91,74.36,73.82,73.82,73.82,73.82,73.28,83.05,78.71,76.54,75.45,74.91,74.36,73.82,73.82,73.82,73.28,73.28"
Rec-024_90s_1,1,1,4801,core,292,332,-26.57,2.24,0.983,294,334,304,337,1.0,True,76.6714,94.4463,69.48,5.462,75.4502,"94.45,90.65,87.39,84.13,83.05,80.88,80.33,79.79,79.79,78.71,78.71,83.59,81.42,79.79,78.71,77.62,77.62,76.54,75.99,75.45,74.91,74.91,77.08,75.99,75.45,74.91,74.36,73.82,73.82,73.28,72.74,72.19,71.65,73.28,72.74,72.19,71.65,71.65,71.65,70.57,70.57,70.57,69.48,69.48"
Rec-024_90s_1,1,2,4802,core,297,331,11.31,5.1,0.9801,299,333,309,336,1.0,True,80.3102,108.5576,71.651,7.3512,78.7067,"108.56,98.25,93.36,89.56,86.31,85.22,84.13,83.05,82.51,81.96,80.88,91.19,87.93,84.68,83.05,81.42,80.33,79.79,78.71,78.71,77.62,77.62,82.51,80.33,78.71,77.62,77.08,76.54,75.99,75.99,75.45,74.91,73.82,75.99,75.99,74.91,74.36,73.82,73.82,72.74,72.74,72.19,71.65,71.65"
Rec-024_90s_1,1,3,4803,core,301,331,0.0,4.0,0.9831,303,333,313,336,1.0,True,80.6433,113.9851,71.651,8.1743,78.4353,"113.99,101.50,94.99,90.10,86.85,84.68,83.59,83.05,82.51,81.96,80.88,92.28,89.02,85.76,83.05,81.42,80.33,79.79,78.71,78.16,77.62,77.62,83.05,80.88,78.71,77.62,77.08,76.54,75.99,75.45,75.45,74.36,74.36,76.54,75.99,74.91,74.36,73.82,73.82,73.28,72.74,72.19,71.65,71.65"
Rec-024_90s_1,1,4,4804,core,306,331,0.0,5.0,0.9812,308,333,318,336,1.0,True,79.7058,105.3012,72.1937,6.7153,78.1639,"105.30,96.62,91.19,87.93,85.22,84.13,83.05,83.05,82.51,81.42,80.88,89.56,86.31,84.13,81.42,80.33,79.79,78.71,78.71,78.16,77.62,77.62,81.42,79.79,78.16,77.62,76.54,75.99,75.99,75.45,74.91,74.91,74.36,75.99,74.91,74.36,73.82,73.82,73.28,72.74,72.74,72.19,72.19,72.19"
Rec-024_90s_1,1,5,4805,core,310,331,0.0,4.0,0.9835,312,333,322,336,1.0,True,80.5076,110.7286,72.7365,7.4217,78.7067,"110.73,99.33,93.36,89.02,86.31,84.13,83.59,83.05,82.51,81.96,81.96,91.19,87.93,84.68,83.05,80.88,79.79,79.79,78.71,78.71,78.16,78.16,82.51,80.33,78.71,77.62,77.08,76.54,75.99,75.99,75.99,75.45,75.45,75.99,75.45,74.36,74.36,73.82,73.82,73.28,73.28,73.28,72.74,73.28"
Rec-024_90s_1,1,6,4806,core,315,331,0.0,5.0,0.9831,317,333,327,336,1.0,True,80.6926,105.3012,74.3647,6.2378,79.7922,"105.30,96.07,91.19,87.93,85.76,84.13,83.59,83.59,83.59,83.59,83.59,89.56,86.31,84.13,81.96,80.88,80.33,79.79,79.79,79.79,79.79,79.79,81.96,79.79,78.71,77.62,77.62,77.08,77.08,76.54,77.08,77.08,77.08,75.99,75.99,75.45,74.36,74.36,74.36,74.36,74.36,74.36,74.36,74.36"
Rec-024_90s_1,1,7,4807,core,319,331,0.0,4.0,0.9852,321,333,331,336,1.0,True,82.5305,110.1859,75.9929,6.8398,81.6918,"110.19,99.87,93.36,89.56,87.93,86.31,85.76,85.76,86.31,86.85,87.39,91.19,87.93,85.22,83.05,82.51,81.96,81.42,81.96,81.96,82.51,83.05,83.05,80.88,79.79,78.71,78.71,78.16,78.16,78.16,78.71,78.71,78.71,77.08,76.54,75.99,75.99,75.99,75.99,75.99,75.99,75.99,75.99,75.99"
Rec-024_90s_1,1,8,4808,core,324,331,0.0,5.0,0.9849,326,333,336,336,1.0,True,83.7887,104.2157,77.0784,5.9411,83.32,"104.22,97.70,93.36,91.19,90.10,89.56,89.56,89.02,88.48,87.93,87.93,90.65,87.93,85.76,84.68,84.13,84.13,84.13,84.13,83.59,83.59,83.59,83.05,81.42,80.88,80.88,80.33,80.33,80.33,80.33,80.33,79.79,80.33,77.62,77.62,77.62,77.62,77.62,77.62,77.62,77.62,77.62,77.62,77.08"
Rec-024_90s_1,1,9,4809,core,328,331,0.0,4.0,0.9858,330,333,340,336,1.0,True,85.3923,110.7286,77.6212,7.0098,84.1341,"110.73,103.13,98.25,94.45,92.28,91.19,90.10,89.56,89.56,89.56,89.02,93.36,91.19,89.02,86.85,85.76,85.22,85.22,84.68,84.68,84.13,84.13,84.68,84.13,83.05,81.96,81.96,81.42,80.88,80.88,80.88,80.88,80.88,79.79,78.71,78.71,78.71,78.71,78.71,78.16,78.16,78.16,78.16,77.62"
Rec-024_90s_1,1,10,4810,core,333,331,0.0,5.0,0.9874,335,333,345,336,1.0,True,85.639,105.8439,78.1639,6.0889,84.9482,"105.84,100.42,96.07,93.36,92.28,91.19,91.19,90.65,90.10,89.56,89.56,92.28,90.65,88.48,87.39,86.31,85.76,85.76,85.22,85.22,85.22,84.68,85.76,84.13,83.05,83.05,83.05,82.51,81.96,81.96,81.42,81.42,80.88,80.33,79.79,79.79,79.79,79.79,79.79,78.71,78.71,78.71,78.16,78.16"
Rec-024_90s_1,1,11,4811,core,337,331,0.0,4.0,0.987,339,333,349,336,1.0,True,86.2311,110.7286,78.1639,6.8139,84.6769,"110.73,103.13,98.79,95.53,93.36,92.28,91.19,90.65,89.56,89.02,87.93,94.45,91.73,89.56,88.48,87.39,86.31,85.76,85.76,85.22,84.13,84.13,86.31,85.22,84.13,83.59,83.05,83.05,82.51,81.96,81.42,80.88,80.88,81.42,80.88,80.33,80.33,79.79,79.79,79.79,78.71,78.71,78.16,78.16"
Rec-024_90s_1,1,12,4812,core,342,331,0.0,5.0,0.9877,344,333,354,336,1.0,True,84.9482,105.3012,77.0784,5.8906,83.8627,"105.30,99.33,95.53,93.36,91.19,90.10,89.56,87.93,87.93,86.85,85.76,92.28,90.65,88.48,87.39,85.76,85.76,84.68,84.13,84.13,83.59,83.05,85.76,84.13,83.59,83.05,82.51,81.96,81.42,80.88,80.88,80.33,79.79,80.88,80.88,80.33,79.79,79.79,78.71,78.71,78.71,78.16,77.62,77.08"
Rec-024_90s_1,1,13,4813,core,346,331,0.0,4.0,0.9853,348,333,358,336,0.8182,False,83.4434,107.4722,75.4502,7.0427,81.149,"107.47,100.96,96.62,93.36,90.65,89.02,87.93,85.76,81.42,77.62,75.99,93.36,91.19,89.02,86.85,85.76,84.68,84.13,83.05,79.79,77.08,75.99,86.31,84.68,84.13,83.05,81.96,80.88,80.88,80.33,77.62,75.99,75.45,80.88,80.88,80.33,79.79,78.71,78.71,78.16,77.62,75.99,75.99,75.45"
Rec-024_90s_1,1,14,4814,core,351,331,0.0,5.0,0.9839,353,333,363,336,0.3636,False,79.5455,102.0447,74.9074,6.2286,76.5357,"102.04,96.62,91.73,85.22,79.79,77.62,76.54,75.99,75.99,75.45,75.45,91.73,89.02,86.31,81.96,78.71,77.08,75.99,75.99,75.45,75.45,74.91,84.68,83.59,81.96,79.79,77.62,76.54,75.99,75.45,75.45,74.91,74.91,80.33,79.79,78.71,77.62,76.54,75.99,75.45,74.91,74.91,74.91,74.91"
Rec-024_90s_1,1,15,4815,core,355,331,0.0,4.0,0.9845,357,333,367,336,0.0,False,77.2511,92.2753,74.3647,3.5774,75.9929,"92.28,86.85,83.05,79.79,77.62,76.54,75.99,75.99,75.99,75.45,74.91,85.22,81.96,78.71,77.62,76.54,75.99,75.99,75.45,75.45,74.91,74.91,80.33,78.71,77.62,76.54,75.99,75.99,75.45,75.45,74.91,74.91,74.36,77.62,77.08,75.99,75.99,75.45,75.45,75.45,74.91,74.91,74.36,74.36"
Rec-024_90s_1,1,16,4816,core,355,330,90.0,1.0,0.9887,357,332,367,335,0.0,False,78.4723,102.0447,74.3647,5.4057,75.9929,"102.04,91.73,85.76,81.42,78.71,77.08,76.54,75.99,75.99,75.45,75.45,91.19,85.76,81.42,78.71,77.62,76.54,75.99,75.99,75.45,74.91,74.91,84.13,80.88,78.16,77.62,76.54,75.99,75.99,75.45,75.45,74.91,74.91,79.79,78.16,77.08,75.99,75.99,75.99,75.45,75.45,74.91,74.91,74.36"
Rec-024_90s_1,2,1,4943,core,290,331,0.0,0.0,0.9797,292,333,302,336,1.0,True,88.6488,117.7843,79.7922,7.9689,86.8478,"117.78,109.10,103.67,99.87,97.16,95.53,94.45,93.36,92.28,92.28,91.73,94.99,94.99,92.28,90.65,89.56,89.56,89.02,87.93,87.93,87.39,86.85,86.85,86.31,85.76,85.22,85.22,85.22,84.68,84.13,84.13,83.59,83.05,80.88,80.88,80.88,81.42,81.42,80.88,80.88,80.88,80.33,79.79,79.79"
Rec-024_90s_1,2,2,4944,core,296,331,0.0,6.0,0.982,298,333,308,336,1.0,True,89.6232,127.5537,79.7922,9.3063,87.3906,"127.55,113.99,106.39,101.50,97.16,94.99,93.36,91.73,91.19,90.65,90.65,102.04,98.25,94.99,92.28,90.10,89.02,87.93,87.93,86.85,86.31,86.31,91.19,89.56,87.93,86.31,85.76,84.68,84.13,84.13,83.59,83.05,83.05,84.13,83.59,83.05,82.51,81.96,81.42,80.88,80.88,80.33,80.33,79.79"
Rec-024_90s_1,2,3,4945,core,301,331,0.0,5.0,0.9822,303,333,313,336,1.0,True,88.3527,117.7843,79.7922,7.5479,86.8478,"117.78,108.01,101.50,97.16,94.45,93.36,92.28,91.19,91.19,90.10,89.56,98.79,95.53,92.28,90.65,89.02,88.48,87.93,86.85,86.85,86.31,85.22,90.10,87.93,86.85,85.76,84.68,84.68,84.13,83.59,83.59,83.05,82.51,84.13,83.05,82.51,81.96,81.96,80.88,80.88,80.88,80.33,79.79,79.79"
Rec-024_90s_1,2,4,4946,core,305,331,0.0,4.0,0.9839,307,333,317,336,1.0,True,88.7351,123.7545,79.7922,8.513,86.0337,"123.75,111.27,103.67,98.79,95.53,93.36,91.73,91.19,91.19,90.10,89.02,100.42,96.62,93.36,91.19,89.56,87.93,86.85,85.76,86.31,85.76,85.22,90.10,89.02,87.39,85.76,85.22,84.13,84.13,83.59,83.05,83.05,82.51,84.13,83.05,83.05,81.96,81.96,81.42,80.88,80.88,80.33,80.33,79.79"
Rec-024_90s_1,2,5,4947,core,310,331,0.0,5.0,0.9842,312,333,322,336,1.0,True,87.5633,113.9851,80.3349,6.8611,85.7624,"113.99,105.84,99.87,96.62,93.36,91.19,90.10,89.56,89.56,89.56,89.56,97.16,94.45,91.19,89.56,87.93,86.85,85.76,85.76,85.76,85.76,85.76,89.56,87.93,85.76,84.68,84.13,84.13,83.59,83.05,83.05,83.05,83.05,83.05,83.05,82.51,81.96,81.42,80.88,80.88,80.88,80.33,80.33,80.33"
Rec-024_90s_1,2,6,4948,core,314,331,0.0,4.0,0.9845,316,333,326,336,1.0,True,88.6241,119.4126,81.4204,7.4096,87.3906,"119.41,108.01,101.50,97.16,94.45,92.28,91.73,91.19,91.19,91.19,91.19,98.25,94.45,91.73,89.56,88.48,87.93,87.93,87.39,87.39,87.39,87.39,89.56,87.93,86.31,85.76,84.68,84.68,84.13,84.13,84.13,84.13,84.13,83.59,83.05,82.51,81.96,81.96,81.96,81.96,81.42,81.42,81.42,81.42"
Rec-024_90s_1,2,7,4949,core,319,331,0.0,5.0,0.9862,321,333,331,336,1.0,True,89.1915,111.8141,82.5059,6.1717,88.4761,"111.81,105.30,99.87,96.62,94.45,93.36,93.36,93.36,93.36,93.36,92.28,96.07,94.45,91.73,90.10,89.56,89.02,89.02,89.02,89.02,88.48,88.48,89.02,87.93,86.85,85.76,85.76,85.76,85.76,85.76,85.76,85.76,85.22,83.59,83.05,83.05,83.05,83.05,83.05,83.05,83.05,82.51,83.05,82.51"
Rec-024_90s_1,2,8,4950,core,323,331,0.0,4.0,0.9854,325,333,335,336,1.0,True,90.1537,117.7843,83.0486,7.0801,88.4761,"117.78,108.56,103.13,99.33,97.16,95.53,94.45,93.36,92.28,92.28,91.73,98.25,95.53,93.36,92.28,91.19,90.10,89.56,89.56,88.48,88.48,87.93,90.10,89.02,87.93,87.93,86.85,86.31,86.31,85.76,85.76,85.76,85.22,84.68,84.13,84.13,84.13,83.59,83.59,83.05,83.05,83.05,83.05,83.05"
Rec-024_90s_1,2,9,4951,core,328,331,0.0,5.0,0.9879,330,333,340,336,1.0,True,89.7589,112.8996,83.5914,6.1948,87.9333,"112.90,106.93,101.50,97.70,94.99,94.45,92.28,91.19,91.19,91.19,91.73,98.25,95.53,93.36,91.19,90.10,89.56,89.02,87.93,87.93,87.93,89.02,90.65,89.56,87.93,87.39,87.39,86.31,85.76,85.76,85.76,85.76,86.31,85.22,84.68,84.13,84.13,84.13,84.13,83.59,83.59,83.59,83.59,84.13"
Rec-024_90s_1,2,10,4952,core,332,331,0.0,4.0,0.9875,334,333,344,336,1.0,True,91.5845,119.4126,84.6769,6.7247,90.3757,"119.41,108.56,101.50,97.16,94.99,94.45,94.45,95.53,96.62,97.16,97.16,100.42,96.07,93.36,91.19,90.65,90.10,90.65,91.19,92.28,92.28,92.28,91.73,89.56,88.48,87.93,87.39,87.39,87.93,87.93,88.48,89.02,89.02,85.76,85.76,85.22,84.68,84.68,84.68,84.68,85.22,85.22,85.76,85.76"
Rec-024_90s_1,2,11,4953,core,337,331,0.0,5.0,0.9891,339,333,349,336,1.0,True,92.5467,108.5576,84.6769,5.6172,91.4612,"108.56,103.67,101.50,100.42,100.42,99.87,99.33,98.25,97.70,96.62,96.07,97.16,95.53,94.45,94.45,94.45,94.45,94.45,93.36,93.36,92.28,92.28,90.65,90.10,90.10,90.10,90.10,90.10,90.10,89.56,89.56,89.02,88.48,86.31,86.31,86.31,86.31,86.31,86.31,86.31,85.76,85.76,85.22,84.68"
Rec-024_90s_1,2,12,4954,core,341,331,0.0,4.0,0.984,343,333,353,336,1.0,True,93.4471,119.4126,83.5914,7.3594,92.2753,"119.41,111.81,106.93,103.13,101.50,99.33,98.25,97.16,96.07,94.99,93.36,103.13,100.42,98.25,96.07,95.53,94.45,93.36,92.28,92.28,91.19,90.10,94.45,93.36,92.28,91.19,90.65,90.10,89.56,89.02,88.48,87.93,86.31,88.48,87.93,87.93,87.39,86.85,86.31,85.76,85.76,85.22,84.13,83.59"
Rec-024_90s_1,2,13,4955,core,346,331,0.0,5.0,0.984,348,333,358,336,0.8182,False,88.4144,112.8996,75.9929,8.475,87.9333,"112.90,107.47,103.13,99.33,97.16,94.99,92.28,90.65,85.22,78.71,77.08,100.96,98.25,95.53,94.45,92.28,91.19,89.56,88.48,83.05,78.71,76.54,93.36,91.73,90.65,89.56,89.02,87.93,86.31,85.22,80.88,77.62,76.54,87.93,87.39,86.31,85.76,85.22,84.13,83.05,81.96,78.71,77.08,75.99"
Rec-024_90s_1,2,14,4956,core,350,331,0.0,4.0,0.9809,352,333,362,336,0.4545,False,83.4063,113.9851,74.9074,9.3949,79.2494,"113.99,106.39,100.42,95.53,87.93,80.88,78.16,77.08,75.99,75.99,75.45,100.42,96.62,93.36,90.65,85.22,79.79,77.62,76.54,75.99,75.45,75.45,92.28,90.10,88.48,86.31,82.51,78.71,77.62,75.99,75.99,75.45,75.45,86.85,85.76,84.68,83.05,80.33,77.62,76.54,75.99,75.45,74.91,74.91"
Rec-024_90s_1,2,15,4957,core,355,331,0.0,5.0,0.9812,357,333,367,336,0.0,False,77.3621,92.2753,74.3647,3.5411,75.9929,"92.28,85.76,81.96,78.71,77.62,76.54,75.99,75.99,75.45,75.45,74.91,85.76,81.96,78.71,77.62,76.54,75.99,75.99,75.99,75.45,74.91,74.91,81.96,79.79,77.62,76.54,75.99,75.99,75.45,75.45,74.91,74.91,74.36,79.79,77.62,76.54,75.99,75.99,75.45,75.45,75.45,74.91,74.91,74.36"
Rec-024_90s_1,2,16,4958,core,355,330,90.0,1.0,0.9888,357,332,367,335,0.0,False,78.719,103.1302,74.3647,5.6243,76.2643,"103.13,91.73,85.76,81.42,78.71,77.62,76.54,75.99,75.99,75.99,75.45,92.28,85.76,81.42,78.71,77.62,76.54,75.99,75.99,75.45,75.45,74.91,85.76,81.96,78.71,77.62,76.54,75.99,75.99,75.45,75.45,74.91,74.36,81.96,78.71,77.62,76.54,75.99,75.99,75.99,75.45,74.91,74.91,74.36"
Rec-024_90s_1,3,1,5090,core,290,332,-90.0,1.0,0.9808,292,334,302,337,1.0,True,87.4399,99.331,81.4204,4.5627,86.5765,"99.33,98.25,96.07,94.45,92.28,92.28,92.28,91.19,91.19,91.19,90.65,91.19,90.65,89.56,89.02,89.02,89.02,88.48,88.48,87.93,87.93,87.39,85.22,85.22,85.76,85.22,85.76,85.22,85.22,84.68,84.68,84.68,84.13,81.42,81.96,82.51,82.51,82.51,82.51,82.51,82.51,81.96,81.96,81.42"
Rec-024_90s_1,3,2,5091,core,293,332,0.0,3.0,0.9801,295,334,305,337,1.0,True,88.5994,105.8439,81.9631,5.3289,87.9333,"105.84,102.04,98.79,96.07,94.45,93.36,92.28,91.73,91.19,90.65,90.10,94.99,93.36,91.73,90.65,89.56,89.56,89.56,88.48,87.93,87.93,87.93,87.93,87.93,87.39,86.85,86.31,85.76,85.76,85.76,85.22,84.68,84.13,83.59,83.59,83.59,83.59,83.05,83.05,83.05,82.51,82.51,81.96,81.96"
Rec-024_90s_1,3,3,5092,core,298,331,11.31,5.1,0.9838,300,333,310,336,1.0,True,92.9537,127.5537,84.1341,8.4464,90.3757,"127.55,116.16,108.56,103.13,99.33,97.16,95.53,94.99,94.45,93.36,92.28,104.22,100.42,97.70,95.53,93.36,92.28,91.19,90.65,90.10,89.56,89.56,94.99,93.36,91.19,90.10,89.56,89.02,88.48,87.93,87.93,87.39,86.85,88.48,87.93,86.85,86.85,86.31,85.76,85.76,85.22,84.68,84.13,84.13"
Rec-024_90s_1,3,4,5093,core,302,331,0.0,4.0,0.982,304,333,314,336,1.0,True,92.9907,133.5239,83.5914,9.3841,90.1043,"133.52,118.87,109.64,103.13,99.33,96.62,95.53,94.45,93.36,92.28,92.28,105.84,100.96,98.25,94.99,92.28,91.73,91.19,90.10,89.56,89.56,89.02,95.53,93.36,91.73,90.10,89.56,88.48,87.93,87.93,87.39,86.31,85.76,88.48,87.93,87.39,86.85,86.31,85.76,85.22,84.68,84.68,84.13,83.59"
Rec-024_90s_1,3,5,5094,core,307,331,0.0,5.0,0.9855,309,333,319,336,1.0,True,91.8436,123.7545,84.1341,7.6446,89.8329,"123.75,111.81,105.84,100.42,97.70,95.53,94.99,94.45,93.36,92.28,91.19,102.04,98.79,95.53,93.36,91.73,91.19,91.19,90.10,89.56,89.02,88.48,94.45,92.28,90.65,89.56,88.48,87.93,87.93,87.39,86.85,86.31,86.31,87.93,87.39,86.85,85.76,85.76,85.22,84.68,84.68,84.13,84.13,84.13"
Rec-024_90s_1,3,6,5095,core,311,331,0.0,4.0,0.9828,313,333,323,336,1.0,True,92.3493,127.5537,84.6769,8.29,89.8329,"127.55,115.07,108.01,102.04,98.25,95.53,94.45,93.36,93.36,92.28,92.28,103.13,99.87,97.16,94.45,91.73,91.19,90.10,90.10,89.56,89.56,89.56,94.45,91.73,90.65,89.56,88.48,87.93,87.93,87.93,87.39,87.39,87.39,87.93,86.85,86.31,85.76,85.76,85.76,85.76,85.22,85.22,84.68,84.68"
Rec-024_90s_1,3,7,5096,core,321,331,0.0,10.0,0.9855,323,333,333,336,1.0,True,92.1519,113.9851,85.7624,5.4923,90.9184,"113.99,106.39,102.04,98.25,96.62,96.07,95.53,95.53,94.45,92.28,91.19,99.33,96.62,94.99,93.36,92.28,92.28,92.28,92.28,91.73,90.65,90.65,92.28,91.19,90.65,90.10,89.56,89.56,89.56,89.56,89.56,88.48,87.93,87.93,87.39,87.39,87.39,87.39,87.39,86.85,86.85,86.85,86.31,85.76"
Rec-024_90s_1,3,8,5097,core,325,331,0.0,4.0,0.9884,327,333,337,336,1.0,True,92.6824,118.8698,86.3051,6.4241,91.1898,"118.87,110.19,105.30,100.42,97.70,94.45,93.36,92.28,91.19,91.73,93.36,102.04,98.79,96.62,94.99,93.36,91.73,91.73,91.19,90.65,90.65,91.19,94.45,93.36,91.73,91.19,90.10,89.56,89.56,89.02,88.48,88.48,88.48,89.02,88.48,88.48,87.93,87.93,87.39,86.85,86.85,86.31,86.31,86.31"
Rec-024_90s_1,3,9,5098,core,334,331,0.0,9.0,0.9899,336,333,346,336,1.0,True,94.1256,106.9294,88.4761,4.581,93.3608,"106.93,103.67,102.04,100.42,99.33,99.33,99.33,99.33,98.79,98.25,98.25,96.62,96.07,95.53,94.45,94.45,94.99,95.53,95.53,95.53,95.53,95.53,91.73,91.19,91.19,91.19,91.19,91.73,92.28,92.28,92.28,92.28,92.28,88.48,88.48,88.48,88.48,88.48,89.02,89.02,89.02,89.02,89.02,89.02"
Rec-024_90s_1,3,10,5099,core,339,331,0.0,5.0,0.9892,341,333,351,336,1.0,True,95.5071,112.8996,87.9333,5.3679,94.7176,"112.90,108.56,105.30,103.13,101.50,100.42,99.87,99.33,98.25,98.25,97.16,101.50,99.33,98.25,97.70,97.16,96.62,96.07,95.53,95.53,95.53,94.45,94.99,94.45,93.36,93.36,93.36,93.36,93.36,92.28,92.28,92.28,91.19,90.10,90.10,90.10,90.10,90.10,89.56,89.56,89.56,89.56,89.02,87.93"
Rec-024_90s_1,3,11,5100,core,352,331,0.0,13.0,0.9879,354,333,364,336,0.2727,False,81.8768,111.8141,74.9074,9.1046,77.3498,"111.81,105.30,95.53,84.68,80.33,78.16,77.08,75.99,75.99,75.99,75.45,102.04,98.25,90.10,82.51,78.71,77.62,76.54,75.99,75.99,75.45,75.45,94.45,91.73,85.76,80.88,78.16,77.08,75.99,75.99,75.45,75.45,74.91,89.56,87.93,83.59,79.79,77.62,76.54,75.99,75.45,75.45,74.91,74.91"
Rec-024_90s_1,3,12,5101,core,355,331,0.0,3.0,0.9891,357,333,367,336,0.0,False,77.9049,95.5318,74.3647,4.2176,75.9929,"95.53,88.48,83.59,79.79,77.62,77.08,76.54,75.99,75.99,75.99,74.91,87.93,83.59,79.79,78.16,77.08,76.54,75.99,75.99,75.45,75.45,74.91,83.05,79.79,78.16,77.08,76.54,75.99,75.99,75.99,75.45,74.91,74.91,80.33,78.16,77.08,75.99,75.99,75.99,75.45,74.91,74.91,74.36,74.36"
Rec-024_90s_1,4,1,5226,core,290,331,0.0,0.0,0.9822,292,333,302,336,1.0,True,93.2004,116.1561,85.7624,6.1932,91.7325,"116.16,109.10,104.22,101.50,99.33,98.79,98.25,97.70,97.16,96.07,95.53,97.70,97.16,95.53,94.45,94.45,94.45,93.36,93.36,92.28,92.28,92.28,91.19,90.65,90.10,90.10,90.65,90.65,90.10,90.10,90.10,89.56,89.56,85.76,86.31,86.85,86.85,87.39,87.39,87.93,87.39,87.39,86.85,86.85"
Rec-024_90s_1,4,2,5227,core,291,332,-45.0,1.41,0.9828,293,334,303,337,1.0,True,89.7342,102.0447,84.1341,4.2795,89.0188,"102.04,99.87,97.70,95.53,94.99,94.45,93.36,93.36,93.36,92.28,91.73,93.36,92.28,91.73,91.19,91.19,91.19,91.19,90.65,90.10,89.56,89.56,87.93,87.93,87.93,88.48,87.93,87.93,87.93,87.93,87.39,87.39,86.85,84.13,84.68,84.68,85.22,85.22,85.22,85.22,84.68,84.68,84.13,84.13"
Rec-024_90s_1,4,3,5228,core,300,331,6.34,9.06,0.9833,302,333,312,336,1.0,True,93.8419,123.2118,85.7624,7.1511,91.7325,"123.21,112.90,106.39,102.04,99.33,97.70,96.62,95.53,94.99,94.45,93.36,104.22,100.96,97.70,95.53,94.45,93.36,92.28,91.73,91.19,90.65,90.10,95.53,94.45,92.28,91.73,91.19,90.10,89.56,89.56,89.56,89.02,88.48,90.65,89.56,89.56,89.02,88.48,87.93,87.93,87.39,86.31,86.31,85.76"
Rec-024_90s_1,4,4,5229,core,304,331,0.0,4.0,0.985,306,333,316,336,1.0,True,94.1256,128.0965,85.7624,7.8637,91.7325,"128.10,115.07,108.01,103.13,98.79,97.16,96.07,95.53,94.45,94.45,93.36,105.30,101.50,98.25,95.53,94.45,93.36,92.28,91.73,91.19,91.19,90.65,96.07,94.45,92.28,91.73,91.19,90.65,90.10,89.56,89.56,89.56,89.02,90.65,89.56,89.56,89.02,88.48,87.93,87.39,86.85,86.31,86.31,85.76"
Rec-024_90s_1,4,5,5230,core,309,331,0.0,5.0,0.9857,311,333,321,336,1.0,True,92.9784,118.8698,86.3051,6.3375,91.1898,"118.87,110.19,104.22,100.42,97.70,96.07,95.53,94.45,94.45,93.36,92.28,102.04,98.79,96.07,94.45,93.36,92.28,91.73,91.19,91.19,90.65,90.10,94.99,93.36,91.73,91.19,91.19,90.10,89.56,89.56,89.02,88.48,88.48,89.56,89.02,88.48,87.93,87.93,87.93,86.85,86.85,86.31,86.85,86.31"
Rec-024_90s_1,4,6,5231,core,313,331,0.0,4.0,0.9868,315,333,325,336,1.0,True,93.5335,122.669,87.3906,6.7875,91.4612,"122.67,111.81,105.30,100.96,98.25,96.07,95.53,94.99,94.45,94.45,93.36,103.13,99.87,97.16,94.99,93.36,92.28,92.28,91.73,91.19,91.19,91.19,95.53,93.36,91.73,91.19,90.65,90.10,89.56,89.56,89.56,89.56,89.56,89.56,89.02,88.48,87.93,87.93,87.93,87.93,87.93,87.39,87.39,87.39"
Rec-024_90s_1,4,7,5232,core,318,331,0.0,5.0,0.988,320,333,330,336,1.0,True,93.3978,116.6988,87.9333,5.586,92.2753,"116.70,108.01,103.13,99.87,97.70,96.07,95.53,94.99,94.99,94.45,93.36,101.50,98.25,96.07,94.45,93.36,93.36,92.28,92.28,92.28,91.73,91.19,94.45,93.36,92.28,91.19,91.19,90.65,90.65,90.10,90.10,90.10,89.56,89.56,89.56,89.02,89.02,88.48,88.48,88.48,87.93,87.93,87.93,87.93"
Rec-024_90s_1,4,8,5233,core,322,331,0.0,4.0,0.9882,324,333,334,336,1.0,True,93.8295,121.0408,87.9333,6.3701,91.7325,"121.04,111.27,105.30,100.96,98.25,96.62,95.53,94.45,93.36,92.28,91.73,103.13,99.87,97.16,95.53,94.45,93.36,92.28,91.73,91.19,91.19,91.19,95.53,94.45,92.28,92.28,91.19,91.19,90.65,90.10,89.56,90.10,90.10,90.65,90.10,89.56,89.56,89.56,89.02,88.48,88.48,87.93,87.93,87.93"
Rec-024_90s_1,4,9,5234,core,327,331,0.0,5.0,0.9897,329,333,339,336,1.0,True,93.4595,113.9851,88.4761,4.791,92.2753,"113.99,106.39,101.50,97.16,94.99,94.45,93.36,94.45,94.99,95.53,96.07,100.96,98.25,95.53,93.36,92.28,92.28,92.28,92.28,93.36,93.36,93.36,94.45,93.36,91.73,91.19,91.19,91.19,90.65,91.19,91.19,91.73,91.73,90.65,89.56,89.56,89.02,89.02,88.48,88.48,89.02,89.56,89.56,89.56"
Rec-024_90s_1,4,10,5235,core,331,331,0.0,4.0,0.9892,333,333,343,336,1.0,True,95.137,113.9851,89.5616,4.6204,94.989,"113.99,105.84,102.04,99.33,98.25,98.25,98.25,98.25,98.25,98.25,98.25,100.42,98.25,96.07,95.53,95.53,95.53,95.53,94.99,95.53,95.53,95.53,94.99,93.36,92.28,92.28,92.28,92.28,92.28,93.36,93.36,93.36,93.36,90.10,90.10,90.10,89.56,90.10,90.10,90.65,91.19,91.19,91.19,91.19"
Rec-024_90s_1,4,11,5236,core,336,331,0.0,5.0,0.9908,338,333,348,336,1.0,True,96.975,113.9851,91.1898,4.7145,96.3459,"113.99,108.56,105.30,103.13,101.50,100.96,100.42,100.42,99.87,99.87,98.79,102.04,99.87,98.25,97.70,97.70,97.16,97.16,97.16,97.16,97.16,96.62,96.07,95.53,94.99,94.45,94.99,94.99,94.99,94.99,94.99,94.99,94.45,91.73,91.73,91.73,91.73,92.28,92.28,92.28,91.73,92.28,91.73,91.19"
Rec-024_90s_1,4,12,5237,core,340,331,0.0,4.0,0.989,342,333,352,336,1.0,True,97.8508,120.498,89.5616,5.8882,96.6172,"120.50,112.90,108.56,105.30,103.13,102.04,100.96,100.42,99.33,98.25,97.70,105.30,103.13,100.96,99.87,98.79,98.25,98.25,97.70,96.62,96.07,95.53,98.25,97.70,96.62,96.07,95.53,95.53,95.53,94.99,94.45,93.36,92.28,93.36,93.36,93.36,93.36,93.36,92.28,92.28,92.28,91.19,91.19,89.56"
Rec-024_90s_1,4,13,5238,core,345,331,0.0,5.0,0.9907,347,333,357,336,0.9091,False,94.0392,116.6988,78.1639,7.928,94.4463,"116.70,110.73,106.39,103.13,100.96,99.33,97.70,95.53,94.45,88.48,80.88,105.30,102.04,100.42,98.79,97.70,96.07,95.53,94.45,92.28,86.85,80.33,98.79,97.70,96.62,95.53,94.99,93.36,92.28,91.19,89.56,84.13,78.71,94.45,93.36,93.36,92.28,91.73,90.65,89.56,87.93,86.85,82.51,78.16"
Rec-024_90s_1,4,14,5239,core,349,331,0.0,4.0,0.9879,351,333,361,336,0.5455,False,87.588,117.7843,75.4502,11.0403,86.8478,"117.78,110.73,105.30,100.96,97.16,90.65,82.51,78.71,77.62,76.54,75.99,105.30,102.04,99.33,96.62,94.45,88.48,80.88,78.16,76.54,75.99,75.45,98.25,96.62,94.99,92.28,91.19,85.76,80.33,77.62,75.99,75.99,75.45,93.36,92.28,91.19,89.56,87.93,83.59,79.79,77.62,75.99,75.45,75.45"
Rec-024_90s_1,4,15,5240,core,354,331,0.0,5.0,0.9895,356,333,366,336,0.0909,False,78.8054,102.0447,74.3647,5.6383,76.2643,"102.04,90.10,84.13,80.33,78.16,77.08,76.54,75.99,75.99,75.45,74.91,94.45,85.22,80.88,78.71,77.62,76.54,75.99,75.99,75.45,75.45,75.45,88.48,82.51,78.71,77.62,76.54,75.99,75.99,75.45,75.45,75.45,74.91,84.68,80.33,78.16,77.08,75.99,75.99,75.45,75.45,75.45,74.91,74.36"
Rec-024_90s_1,5,1,5361,core,290,332,-90.0,1.0,0.9807,292,334,302,337,1.0,True,90.9801,100.9592,84.1341,3.9312,90.3757,"100.96,99.87,97.70,96.07,95.53,95.53,95.53,94.99,94.99,94.45,94.45,92.28,92.28,92.28,92.28,92.28,92.28,92.28,92.28,92.28,91.73,91.19,87.93,88.48,89.02,89.02,89.56,89.56,89.56,89.56,89.56,89.56,89.56,84.13,85.22,85.76,85.76,86.85,86.85,86.85,86.85,86.85,86.85,86.31"
Rec-024_90s_1,5,2,5362,core,293,332,0.0,3.0,0.9829,295,334,305,337,1.0,True,92.781,108.0149,86.8478,4.7631,91.7325,"108.01,105.30,102.04,99.87,97.70,96.62,96.07,95.53,94.99,94.45,94.45,98.25,97.16,95.53,94.99,94.45,93.36,93.36,92.28,92.28,92.28,91.73,91.73,91.19,91.19,91.19,90.65,90.65,90.65,90.10,90.10,89.56,89.56,87.93,87.93,87.93,87.93,87.93,87.93,87.93,87.93,87.39,87.39,86.85"
Rec-024_90s_1,5,3,5363,core,298,331,11.31,5.1,0.9839,300,333,310,336,1.0,True,96.827,127.5537,89.0188,7.4347,94.7176,"127.55,116.70,110.19,105.30,103.13,100.96,99.33,98.25,97.70,97.16,96.07,107.47,103.67,100.96,98.25,97.16,96.07,95.53,94.99,94.45,93.36,93.36,98.79,97.16,95.53,94.45,94.45,93.36,93.36,92.28,91.73,91.19,91.19,93.36,92.28,91.73,91.19,91.19,90.65,90.65,90.10,89.56,89.56,89.02"
Rec-024_90s_1,5,4,5364,core,311,331,0.0,13.0,0.9866,313,333,323,336,1.0,True,95.2234,127.5537,87.9333,7.4959,92.818,"127.55,115.61,108.01,103.13,99.87,98.25,96.62,95.53,95.53,94.45,94.45,106.93,102.04,99.33,96.62,94.99,94.45,93.36,92.28,92.28,91.73,91.19,98.25,96.07,94.45,93.36,92.28,91.19,91.19,90.65,90.65,90.10,89.56,92.28,91.73,91.19,90.65,89.56,89.56,89.02,89.02,88.48,88.48,87.93"
Rec-024_90s_1,5,5,5365,core,320,331,0.0,9.0,0.9874,322,333,332,336,1.0,True,95.0137,124.84,88.4761,6.8915,92.818,"124.84,113.99,106.93,102.04,99.33,97.70,96.62,95.53,95.53,94.45,94.45,105.30,101.50,98.25,96.62,94.99,94.45,93.36,92.28,92.28,91.73,91.19,97.16,95.53,94.45,93.36,92.28,91.73,91.19,91.19,90.65,90.65,89.56,91.73,91.19,90.65,90.65,90.10,89.56,89.56,89.56,89.02,89.02,88.48"
Rec-024_90s_1,5,6,5366,core,329,331,0.0,9.0,0.9879,331,333,341,336,1.0,True,95.6058,120.498,90.6471,5.6872,94.4463,"120.50,111.27,105.30,102.04,99.33,98.25,97.70,97.70,97.70,96.62,96.62,103.13,99.33,97.70,95.53,94.45,94.45,94.45,94.45,94.45,94.45,94.45,95.53,94.45,93.36,93.36,92.28,92.28,93.36,93.36,92.28,92.28,92.28,91.73,90.65,91.19,91.19,90.65,90.65,91.19,91.19,91.19,91.19,91.19"
Rec-024_90s_1,5,7,5367,core,334,331,0.0,5.0,0.9914,336,333,346,336,1.0,True,96.3952,115.0706,91.7325,4.6247,95.5318,"115.07,109.10,104.22,102.04,99.87,98.79,98.79,98.25,98.25,98.25,98.25,102.04,100.42,98.25,96.62,96.07,95.53,95.53,95.53,95.53,95.53,96.07,96.07,95.53,94.99,94.45,94.45,93.36,93.36,94.45,94.45,94.45,94.45,92.28,92.28,92.28,91.73,91.73,91.73,92.28,92.28,92.28,92.28,92.28"
Rec-024_90s_1,5,8,5368,core,339,331,0.0,5.0,0.9882,341,333,351,336,1.0,True,97.086,111.8141,91.7325,4.0311,95.8031,"111.81,107.47,104.22,102.04,100.96,100.42,100.42,99.87,99.33,98.79,98.25,102.04,99.87,98.25,98.25,97.70,97.16,97.16,97.16,96.62,96.07,95.53,96.62,95.53,95.53,95.53,95.53,95.53,95.53,95.53,94.99,94.45,94.45,93.36,93.36,93.36,93.36,93.36,93.36,93.36,93.36,92.28,92.28,91.73"
Rec-024_90s_1,5,9,5369,core,348,331,0.0,9.0,0.9879,350,333,360,336,0.6364,False,88.8955,111.8141,75.4502,9.9142,90.6471,"111.81,107.47,103.13,100.42,97.70,95.53,90.10,82.51,78.71,76.54,75.99,103.13,100.96,98.25,96.62,94.99,93.36,87.93,80.88,77.62,75.99,75.99,98.25,96.62,95.53,94.45,92.28,91.19,85.76,79.79,77.62,75.99,75.45,94.45,93.36,92.28,91.19,90.10,88.48,84.13,79.79,77.62,75.99,75.45"
Rec-024_90s_1,5,10,5370,core,352,331,0.0,4.0,0.9908,354,333,364,336,0.2727,False,82.1235,111.2714,74.9074,9.1681,77.3498,"111.27,104.22,95.53,85.22,80.33,78.16,77.08,75.99,75.99,75.99,75.45,101.50,98.25,91.19,83.05,78.71,77.62,76.54,75.99,75.99,75.45,74.91,95.53,93.36,87.93,81.42,78.71,77.08,75.99,75.99,75.99,75.45,74.91,91.19,89.56,84.68,80.33,77.62,76.54,75.99,75.45,75.45,74.91,74.91"
Rec-024_90s_1,5,11,5371,core,355,331,0.0,3.0,0.9913,357,333,367,336,0.0,False,77.9789,96.0745,74.3647,4.3864,75.9929,"96.07,88.48,83.05,79.79,77.62,77.08,75.99,75.99,75.99,75.45,74.91,89.02,83.59,79.79,78.16,77.08,75.99,75.99,75.99,75.45,75.45,74.91,84.13,80.33,78.16,77.08,76.54,75.99,75.99,75.45,75.45,74.91,74.91,81.42,78.71,77.62,76.54,75.99,75.99,75.45,74.91,74.91,74.36,74.36"
Rec-024_90s_1,6,1,5497,core,290,331,0.0,0.0,0.98,292,333,302,336,1.0,True,96.1485,121.5835,88.4761,6.3427,94.1749,"121.58,112.90,107.47,104.22,102.04,100.96,100.96,99.87,99.33,98.79,98.25,100.96,100.42,98.25,96.62,96.62,96.07,96.07,95.53,95.53,94.99,94.99,93.36,93.36,93.36,93.36,93.36,93.36,93.36,93.36,93.36,92.28,92.28,88.48,89.56,89.56,90.10,90.65,90.65,91.19,91.19,91.19,90.65,90.10"
Rec-024_90s_1,6,2,5498,core,292,332,-26.57,2.24,0.9833,294,334,304,337,1.0,True,93.2868,106.3867,87.9333,4.1554,92.0039,"106.39,103.13,101.50,98.79,98.25,97.16,96.62,96.07,95.53,94.99,94.45,97.70,96.62,95.53,95.53,94.99,94.45,94.45,93.36,93.36,93.36,92.28,91.73,91.73,91.73,91.73,91.73,91.19,91.19,91.19,91.19,90.65,90.10,87.93,88.48,89.02,89.02,89.56,89.02,89.02,89.02,88.48,88.48,87.93"
Rec-024_90s_1,6,3,5499,core,296,331,14.04,4.12,0.9816,298,333,308,336,1.0,True,98.5909,137.3231,90.1043,8.8482,95.5318,"137.32,122.67,113.99,108.56,105.30,102.04,100.96,99.87,98.79,98.25,97.70,110.19,106.39,103.13,100.42,98.25,97.70,96.62,95.53,95.53,94.45,94.45,100.42,98.79,97.70,95.53,94.99,94.45,94.45,93.36,93.36,92.28,92.28,94.45,93.36,93.36,92.28,92.28,92.28,91.19,91.19,91.19,90.65,90.10"
Rec-024_90s_1,6,4,5500,core,301,331,0.0,5.0,0.9845,303,333,313,336,1.0,True,97.1847,127.011,89.5616,7.1826,95.2604,"127.01,116.70,110.19,105.30,102.04,100.42,99.33,98.25,97.70,97.16,96.07,108.01,104.22,100.96,98.79,97.16,96.07,95.53,94.99,94.45,94.45,93.36,99.33,98.25,96.07,95.53,94.45,94.45,93.36,92.28,92.28,92.28,91.19,94.45,93.36,92.28,92.28,92.28,91.73,91.19,90.65,90.65,90.10,89.56"
Rec-024_90s_1,6,5,5501,core,305,331,0.0,4.0,0.9851,307,333,317,336,1.0,True,97.345,132.4384,89.5616,8.0543,94.989,"132.44,119.41,111.81,105.84,102.04,100.42,98.79,98.25,97.70,96.62,96.07,108.56,105.30,101.50,98.79,97.16,96.07,95.53,94.99,94.45,93.36,93.36,99.33,98.25,96.07,94.99,94.45,93.36,93.36,92.28,92.28,91.73,91.19,94.45,93.36,92.28,92.28,91.73,91.19,91.19,90.65,90.65,90.10,89.56"
Rec-024_90s_1,6,6,5502,core,310,331,0.0,5.0,0.9873,312,333,322,336,1.0,True,95.8401,123.2118,89.5616,6.4762,94.4463,"123.21,112.90,107.47,103.13,100.42,98.79,97.70,97.16,96.07,95.53,94.99,105.30,102.04,99.33,97.16,95.53,94.99,94.45,94.45,93.36,92.28,92.28,98.25,96.62,95.53,94.45,93.36,92.28,92.28,91.73,91.19,91.19,91.19,93.36,92.28,92.28,91.73,91.19,90.65,90.10,90.10,89.56,89.56,89.56"
Rec-024_90s_1,6,7,5503,core,314,331,0.0,4.0,0.9866,316,333,326,336,1.0,True,96.1609,127.5537,89.5616,7.3165,93.9035,"127.55,116.70,109.10,103.67,100.96,98.79,97.70,96.62,96.07,95.53,94.99,106.93,103.13,99.87,97.70,96.07,94.99,94.45,93.36,93.36,93.36,92.28,98.25,97.16,95.53,94.45,93.36,92.28,92.28,91.73,91.19,91.19,90.65,93.36,92.28,91.73,91.19,91.19,90.65,90.65,90.10,89.56,89.56,89.56"
Rec-024_90s_1,6,8,5504,core,319,331,0.0,5.0,0.9894,321,333,331,336,1.0,True,95.4331,121.5835,89.0188,6.2004,93.9035,"121.58,111.81,105.84,102.04,99.33,98.25,97.16,96.07,95.53,95.53,94.99,105.30,102.04,98.79,96.62,95.53,94.99,94.45,93.36,92.28,92.28,92.28,97.70,96.07,94.99,94.45,93.36,92.28,91.73,91.19,91.19,91.19,90.65,93.36,92.28,91.73,91.19,91.19,90.65,90.10,89.56,89.56,89.56,89.02"
Rec-024_90s_1,6,9,5505,core,323,331,0.0,4.0,0.9879,325,333,335,336,1.0,True,95.7661,124.84,89.5616,6.7486,93.3608,"124.84,113.99,107.47,103.13,99.87,98.25,97.70,96.62,96.62,96.62,96.07,105.84,102.04,99.33,96.62,95.53,94.45,94.45,93.36,93.36,93.36,93.36,97.70,96.07,94.45,93.36,92.28,92.28,91.73,91.19,91.19,91.19,91.19,93.36,91.73,91.19,91.19,90.65,90.10,90.10,89.56,90.10,90.65,89.56"
Rec-024_90s_1,6,10,5506,core,328,331,0.0,5.0,0.9908,330,333,340,336,1.0,True,95.6798,117.2416,90.6471,5.3195,94.7176,"117.24,109.64,105.30,102.04,99.87,98.79,98.25,98.25,98.25,97.70,97.70,103.13,99.87,97.70,95.53,95.53,94.99,94.99,94.99,94.99,94.99,94.45,95.53,94.45,93.36,93.36,92.28,92.28,92.28,92.28,92.28,92.28,92.28,91.73,91.19,90.65,91.19,91.19,91.19,91.19,91.19,91.19,91.19,91.19"
Rec-024_90s_1,6,11,5507,core,332,331,0.0,4.0,0.9884,334,333,344,336,1.0,True,97.345,122.1263,91.7325,5.8797,95.8031,"122.13,112.90,108.01,104.22,102.04,100.96,100.42,99.33,99.33,98.79,98.79,104.22,102.04,99.87,98.25,97.16,96.62,96.07,96.07,96.07,95.53,96.07,97.16,95.53,94.99,94.45,94.45,94.45,94.45,94.45,94.45,94.45,94.45,93.36,92.28,92.28,92.28,92.28,92.28,91.73,91.73,92.28,92.28,92.28"
Rec-024_90s_1,6,12,5508,core,337,331,0.0,5.0,0.9917,339,333,349,336,1.0,True,97.9495,117.7843,92.2753,5.0524,96.8886,"117.78,111.27,106.93,104.22,102.04,101.50,100.96,100.96,100.42,99.87,99.33,104.22,102.04,99.87,98.79,98.25,97.70,97.70,97.16,97.16,97.16,96.62,97.70,96.62,95.53,95.53,95.53,95.53,95.53,94.99,94.99,94.99,94.99,93.36,93.36,93.36,93.36,93.36,93.36,93.36,93.36,93.36,93.36,92.28"
Rec-024_90s_1,6,13,5509,core,342,331,0.0,5.0,0.9885,344,333,354,336,1.0,True,97.5054,113.9851,89.5616,4.9053,96.3459,"113.99,110.19,106.39,104.22,103.13,102.04,100.96,99.87,98.79,97.16,95.53,104.22,102.04,100.42,99.33,98.79,98.25,98.25,97.16,96.07,94.99,93.36,98.25,97.70,96.62,96.62,96.07,96.07,95.53,94.99,93.36,93.36,91.73,94.45,94.45,94.45,94.45,94.45,94.45,93.36,92.28,91.73,91.19,89.56"
Rec-024_90s_1,6,14,5510,core,351,331,0.0,9.0,0.9878,353,333,363,336,0.3636,False,83.9244,111.2714,74.9074,9.9333,78.4353,"111.27,105.30,100.42,92.28,84.13,79.79,77.62,76.54,75.99,75.99,75.45,103.13,99.33,96.07,90.65,83.05,78.71,77.08,75.99,75.45,75.45,74.91,96.62,94.99,92.28,87.93,81.42,78.16,77.08,75.99,75.99,75.45,74.91,93.36,91.73,90.10,85.76,80.33,78.16,76.54,75.99,75.45,74.91,74.91"
Rec-024_90s_1,6,15,5511,core,355,331,0.0,4.0,0.9887,357,333,367,336,0.0,False,77.8555,94.4463,74.3647,4.1162,75.9929,"94.45,87.39,82.51,79.79,77.62,76.54,75.99,75.99,75.99,75.45,75.45,88.48,83.05,79.79,77.62,76.54,75.99,75.99,75.99,75.45,75.45,74.91,84.13,80.33,78.16,77.08,76.54,75.99,75.99,75.45,75.45,74.91,74.36,81.42,78.71,77.62,76.54,75.99,75.99,75.45,75.45,74.91,74.36,74.36"
Rec-025_30s_1,1,1,3158,core,290,331,0.0,0.0,0.9815,292,333,302,336,1.0,True,84.1465,116.6988,76.5357,7.7843,82.2345,"116.70,105.30,98.25,94.45,90.10,88.48,87.39,86.31,85.76,85.22,84.13,92.28,91.19,88.48,85.76,84.68,83.59,83.05,82.51,81.96,81.42,80.88,84.68,83.59,82.51,80.88,80.88,80.33,80.33,79.79,78.71,78.71,78.71,78.71,78.71,78.71,78.71,78.16,77.62,77.62,77.08,77.08,76.54,76.54"
Rec-025_30s_1,1,2,3159,core,298,331,0.0,8.0,0.9813,300,333,310,336,1.0,True,83.2337,110.1859,75.9929,6.7838,81.149,"110.19,100.96,95.53,91.19,88.48,86.85,85.76,85.22,84.13,84.13,83.59,93.36,90.10,87.39,85.22,83.59,83.05,81.96,81.42,80.88,80.33,80.33,85.76,83.59,81.96,80.88,80.33,79.79,79.79,78.71,78.16,78.16,77.62,80.33,79.79,78.71,78.16,77.62,77.62,77.08,76.54,75.99,75.99,75.99"
Rec-025_30s_1,1,3,3160,core,302,331,0.0,4.0,0.9848,304,333,314,336,1.0,True,83.6901,116.1561,75.9929,7.6356,81.4204,"116.16,103.67,97.16,92.28,89.02,86.85,85.76,85.22,84.68,84.13,83.59,94.45,91.19,87.93,85.76,83.59,83.05,81.96,81.42,81.42,80.88,80.33,85.76,84.13,82.51,80.88,80.33,79.79,79.79,78.71,78.71,78.16,77.62,80.88,79.79,78.71,78.71,77.62,77.62,77.08,76.54,76.54,75.99,75.99"
Rec-025_30s_1,1,4,3161,core,307,331,0.0,5.0,0.9828,309,333,319,336,1.0,True,82.7773,108.0149,75.9929,6.3077,81.149,"108.01,99.33,94.45,90.10,87.93,86.31,85.22,84.68,84.13,83.59,83.05,91.73,89.02,86.31,84.13,83.05,82.51,81.42,81.42,80.88,80.88,80.33,84.68,83.05,81.42,80.88,79.79,79.79,78.71,78.71,78.71,78.16,78.16,79.79,78.71,78.16,77.62,77.62,77.62,77.08,76.54,76.54,75.99,75.99"
Rec-025_30s_1,1,5,3162,core,311,331,0.0,4.0,0.9861,313,333,323,336,1.0,True,83.4063,111.8141,76.5357,6.871,81.4204,"111.81,102.04,95.53,91.19,88.48,86.85,85.76,84.68,84.13,83.59,83.05,93.36,90.10,87.39,84.68,84.13,83.05,82.51,81.96,80.88,80.88,80.33,85.22,83.59,81.96,80.88,80.33,79.79,79.79,78.71,78.71,78.71,78.16,80.33,79.79,78.71,78.71,77.62,77.62,77.62,77.08,77.08,76.54,76.54"
Rec-025_30s_1,1,6,3163,core,316,331,0.0,5.0,0.9857,318,333,328,336,1.0,True,83.2213,106.9294,77.6212,5.7494,81.9631,"106.93,98.25,93.36,89.56,86.85,85.76,85.22,84.68,84.68,84.68,84.68,91.73,89.02,86.31,84.13,83.05,82.51,81.96,81.96,81.96,81.96,82.51,84.68,83.05,81.42,80.88,80.33,79.79,79.79,79.79,79.79,79.79,79.79,79.79,79.79,78.71,78.71,78.16,77.62,77.62,77.62,77.62,77.62,77.62"
Rec-025_30s_1,1,7,3164,core,320,331,0.0,4.0,0.9878,322,333,332,336,1.0,True,85.0223,111.2714,78.7067,6.2067,83.8627,"111.27,101.50,95.53,91.19,89.56,87.93,87.93,87.39,87.39,87.39,86.85,93.36,90.10,87.93,85.76,84.13,84.13,84.13,84.13,84.13,83.59,83.59,85.76,84.13,83.05,81.96,81.42,81.42,81.42,81.42,81.42,81.42,81.42,80.88,80.33,79.79,79.79,79.79,79.79,78.71,78.71,79.79,79.79,79.79"
Rec-025_30s_1,1,8,3165,core,325,331,0.0,5.0,0.9867,327,333,337,336,1.0,True,85.824,105.3012,80.3349,5.1087,85.2196,"105.30,98.79,94.45,91.73,89.56,89.56,89.56,89.02,89.02,89.02,89.02,92.28,89.56,87.93,86.31,85.76,85.76,85.76,85.76,85.22,85.22,85.22,85.76,84.13,83.59,83.05,83.05,83.05,83.05,83.05,83.05,83.05,82.51,80.88,80.88,80.88,80.88,80.88,80.88,80.33,80.88,80.88,80.88,80.88"
Rec-025_30s_1,1,9,3166,core,334,331,0.0,9.0,0.9886,336,333,346,336,1.0,True,87.0082,105.8439,80.8776,5.2958,85.7624,"105.84,100.42,96.62,94.45,92.28,91.73,91.19,90.65,89.56,87.93,86.85,94.45,91.19,89.56,88.48,87.93,87.39,87.39,86.31,85.76,84.68,84.13,87.93,86.31,85.76,85.22,84.68,84.13,84.13,83.59,83.05,83.05,81.96,83.59,83.05,83.05,83.05,82.51,82.51,81.96,81.42,80.88,80.88,80.88"
Rec-025_30s_1,1,10,3167,core,343,331,0.0,9.0,0.9889,345,333,355,336,1.0,True,84.9359,103.6729,78.1639,4.9951,83.5914,"103.67,98.25,94.45,91.19,89.02,87.93,87.39,86.85,85.76,84.68,83.05,92.28,90.10,87.93,85.76,85.22,84.13,84.13,83.59,83.59,83.05,81.96,87.39,85.76,84.13,83.59,83.05,82.51,82.51,81.96,81.42,80.88,79.79,83.59,83.05,81.96,81.42,81.42,80.88,80.88,80.33,79.79,78.71,78.16"
Rec-025_30s_1,1,11,3168,core,352,331,0.0,9.0,0.9871,354,333,364,336,0.3636,False,79.1014,99.331,74.3647,5.5763,76.5357,"99.33,94.45,87.93,81.42,78.71,77.62,76.54,75.99,75.99,75.45,74.91,90.65,87.93,84.13,79.79,77.62,76.54,75.99,75.99,75.45,75.45,74.91,85.76,84.13,81.42,78.16,77.08,75.99,75.99,75.45,75.45,75.45,74.36,81.96,80.88,79.79,77.62,76.54,75.99,75.45,75.45,74.91,74.91,74.91"
Rec-025_30s_1,1,12,3169,core,355,331,0.0,3.0,0.9882,357,333,367,336,0.0909,False,77.7692,94.4463,74.3647,3.9957,75.9929,"94.45,88.48,84.13,80.33,78.71,77.62,76.54,75.99,75.99,75.45,75.45,86.31,83.05,79.79,78.16,77.08,76.54,75.99,75.99,75.45,75.45,74.91,81.42,79.79,77.62,77.08,76.54,75.99,75.99,75.45,75.45,74.91,74.91,78.71,77.62,77.08,75.99,75.99,75.45,75.45,74.91,74.91,74.36,74.36"
Rec-025_30s_1,1,13,3170,core,355,330,90.0,1.0,0.9914,357,332,367,335,0.0909,False,78.7683,103.1302,74.9074,5.5533,76.2643,"103.13,92.28,86.85,82.51,78.71,77.62,77.08,75.99,75.99,75.99,75.45,91.19,85.76,81.96,78.71,77.62,76.54,75.99,75.99,75.45,75.45,75.45,84.68,80.88,78.71,77.62,76.54,75.99,75.99,75.99,75.45,75.45,74.91,80.88,78.71,77.62,76.54,75.99,75.99,75.99,75.45,74.91,74.91,74.91"
Rec-025_30s_1,2,1,3307,core,290,331,0.0,0.0,0.9822,292,333,302,336,1.0,True,90.8321,120.498,83.0486,7.4561,88.7475,"120.50,109.64,104.22,100.96,98.25,96.62,95.53,95.53,94.45,93.36,93.36,96.62,96.07,94.45,92.28,91.19,91.19,91.19,90.10,89.56,89.56,88.48,89.02,88.48,87.93,87.93,87.93,87.93,87.93,86.85,86.31,85.76,85.76,83.59,84.13,84.13,84.13,84.13,84.13,84.13,83.59,83.59,83.05,83.05"
Rec-025_30s_1,2,2,3308,core,293,332,-18.43,3.16,0.9818,295,334,305,337,1.0,True,86.6505,100.9592,80.3349,4.6919,85.7624,"100.96,98.25,95.53,93.36,91.73,91.19,90.65,89.56,89.02,88.48,87.93,92.28,91.19,89.56,89.02,87.93,87.93,87.39,86.85,85.76,85.76,85.22,86.31,85.76,85.76,85.22,84.68,84.13,84.13,83.59,83.05,83.05,83.05,82.51,82.51,82.51,82.51,82.51,81.96,81.42,80.88,80.88,80.33,80.33"
Rec-025_30s_1,2,3,3309,core,297,331,14.04,4.12,0.9831,299,333,309,336,1.0,True,91.3995,127.011,82.5059,8.5136,89.2902,"127.01,113.99,106.39,101.50,97.70,95.53,94.45,93.36,93.36,92.28,91.73,103.13,98.79,96.07,93.36,91.19,90.65,89.56,89.56,88.48,87.93,87.93,93.36,91.73,90.10,89.02,87.93,87.39,86.85,86.31,85.76,85.22,84.68,87.39,86.31,85.76,85.22,84.68,84.13,83.59,83.59,83.05,83.05,82.51"
Rec-025_30s_1,2,4,3310,core,302,331,0.0,5.0,0.9837,304,333,314,336,1.0,True,90.166,117.7843,82.5059,7.0739,88.2047,"117.78,108.56,103.13,98.79,96.07,94.99,94.45,93.36,92.28,91.19,90.65,99.87,96.62,94.45,91.73,90.65,89.56,89.56,88.48,87.93,87.39,86.85,91.73,90.10,89.02,87.93,86.85,86.31,85.76,85.76,85.22,84.68,84.68,86.31,85.76,85.22,84.68,84.13,84.13,83.59,83.05,83.05,82.51,82.51"
Rec-025_30s_1,2,5,3311,core,311,331,0.0,9.0,0.9857,313,333,323,336,1.0,True,89.2409,112.8996,83.0486,6.1321,87.662,"112.90,105.84,100.42,97.16,94.45,93.36,92.28,91.19,91.19,90.65,90.10,97.70,94.99,92.28,90.65,89.56,89.02,87.93,87.93,87.39,87.39,86.85,90.65,89.02,87.93,86.85,86.31,85.76,85.76,85.76,85.22,85.22,84.68,85.76,84.68,84.13,84.13,84.13,83.59,83.59,83.05,83.05,83.05,83.05"
Rec-025_30s_1,2,6,3312,core,315,331,0.0,4.0,0.9859,317,333,327,336,1.0,True,89.9933,119.4126,83.5914,6.8931,88.2047,"119.41,108.56,102.04,98.25,94.99,93.36,92.28,91.73,91.19,91.19,91.19,98.79,95.53,93.36,91.19,89.56,89.56,89.02,88.48,87.93,87.93,87.93,91.19,89.56,88.48,87.39,86.85,86.31,85.76,85.76,85.76,85.76,85.76,85.76,85.22,84.68,84.68,84.13,84.13,84.13,84.13,83.59,83.59,83.59"
Rec-025_30s_1,2,7,3313,core,324,331,0.0,9.0,0.9872,326,333,336,336,1.0,True,91.5845,117.7843,85.7624,6.2457,90.6471,"117.78,107.47,102.04,98.25,96.07,95.53,94.45,94.45,94.45,94.45,94.45,99.33,96.07,94.45,92.28,91.19,91.19,91.19,90.65,90.65,90.65,90.65,91.73,90.65,89.56,89.02,87.93,87.93,87.93,87.93,87.93,87.93,87.93,86.85,86.31,86.31,85.76,85.76,85.76,85.76,85.76,85.76,85.76,85.76"
Rec-025_30s_1,2,8,3314,core,329,331,0.0,5.0,0.9894,331,333,341,336,1.0,True,92.0533,111.8141,85.7624,5.4623,91.1898,"111.81,105.84,101.50,98.79,97.16,96.62,96.07,95.53,95.53,95.53,95.53,98.25,96.07,94.45,93.36,92.28,92.28,91.73,91.73,91.19,91.19,91.19,91.73,91.19,89.56,89.56,89.56,89.56,89.02,89.02,89.02,88.48,88.48,87.39,87.39,86.85,86.85,86.31,86.85,86.31,86.31,85.76,85.76,85.76"
Rec-025_30s_1,2,9,3315,core,333,331,0.0,4.0,0.9883,335,333,345,336,1.0,True,93.0401,116.1561,85.7624,6.1767,91.7325,"116.16,109.10,103.67,100.96,98.79,98.25,97.16,96.62,96.07,95.53,95.53,100.42,98.25,95.53,94.45,93.36,93.36,92.28,92.28,91.73,91.73,91.19,93.36,92.28,91.19,90.65,90.10,90.10,89.56,89.56,89.02,89.02,88.48,88.48,87.93,87.93,87.39,87.39,87.39,86.85,86.85,86.31,85.76,85.76"
Rec-025_30s_1,2,10,3316,core,338,331,0.0,5.0,0.9908,340,333,350,336,1.0,True,92.6824,112.8996,85.7624,5.6831,91.4612,"112.90,106.93,103.13,99.87,98.25,97.70,96.62,95.53,95.53,95.53,94.99,99.87,97.70,95.53,94.45,93.36,92.28,92.28,91.73,91.73,91.19,91.19,93.36,92.28,91.19,90.65,90.10,89.56,89.56,89.02,89.02,88.48,88.48,89.02,88.48,87.93,87.93,87.39,86.85,86.85,86.31,85.76,85.76,85.76"
Rec-025_30s_1,2,11,3317,core,342,331,0.0,4.0,0.988,344,333,354,336,1.0,True,92.559,115.6133,84.1341,6.2544,91.1898,"115.61,108.56,103.67,100.96,98.79,97.70,96.62,95.53,94.99,93.36,92.28,100.96,98.25,95.53,94.45,93.36,93.36,92.28,92.28,91.19,90.65,89.56,93.36,92.28,91.19,90.10,90.10,89.56,89.56,89.56,87.93,87.93,86.31,89.02,88.48,87.93,87.39,87.39,86.85,86.85,86.31,85.76,84.68,84.13"
Rec-025_30s_1,2,12,3318,core,347,331,0.0,5.0,0.9886,349,333,359,336,0.8182,False,87.4029,110.7286,75.4502,8.3221,87.662,"110.73,105.30,101.50,98.25,95.53,94.45,91.19,86.31,79.79,77.62,76.54,98.79,96.62,94.99,93.36,92.28,90.65,89.56,84.68,79.79,77.62,75.99,92.28,91.19,90.65,89.56,88.48,87.93,85.76,83.05,78.71,76.54,75.99,87.93,87.93,87.39,86.31,85.76,84.68,83.59,80.88,77.62,76.54,75.45"
Rec-025_30s_1,2,13,3319,core,351,331,0.0,4.0,0.9859,353,333,363,336,0.4545,False,82.5552,111.8141,74.9074,9.0203,77.8925,"111.81,105.30,98.79,90.65,82.51,78.71,77.62,76.54,75.99,75.99,75.45,99.87,96.07,93.36,87.39,80.88,78.16,77.08,75.99,75.99,75.45,75.45,92.28,90.65,88.48,84.13,79.79,77.62,76.54,75.99,75.99,75.45,74.91,87.93,86.31,85.22,82.51,78.71,77.62,75.99,75.99,75.45,74.91,74.91"
Rec-025_30s_1,2,14,3320,core,355,330,14.04,4.12,0.9922,357,332,367,335,0.0909,False,78.9534,104.2157,74.9074,5.7397,76.5357,"104.22,92.28,85.76,81.42,78.71,77.62,76.54,75.99,75.99,75.99,75.45,92.28,86.31,81.96,78.71,77.62,77.08,75.99,75.99,75.99,75.45,75.45,86.31,81.96,78.71,77.62,76.54,76.54,75.99,75.99,75.45,74.91,74.91,82.51,79.79,77.62,77.08,76.54,75.99,75.99,75.45,75.45,74.91,74.91"
Rec-025_30s_1,3,1,3445,core,290,332,-90.0,1.0,0.9828,292,334,302,337,1.0,True,89.5369,100.9592,83.5914,4.3109,88.7475,"100.96,99.33,97.70,95.53,94.45,94.45,94.45,93.36,93.36,92.28,92.28,92.28,92.28,91.19,91.19,91.19,91.19,90.65,90.65,90.10,90.10,89.56,86.85,87.39,87.93,87.93,87.93,87.93,87.93,87.93,87.39,87.39,86.85,83.59,84.13,84.13,84.13,84.68,84.68,84.68,84.68,84.68,84.13,84.13"
Rec-025_30s_1,3,2,3446,core,299,331,6.34,9.06,0.985,301,333,311,336,1.0,True,94.0639,124.84,85.7624,7.3618,92.0039,"124.84,112.90,106.93,102.04,99.33,98.25,96.62,95.53,95.53,94.45,93.36,105.30,101.50,98.25,95.53,94.45,93.36,92.28,92.28,91.73,91.19,90.10,96.07,94.45,93.36,91.73,91.19,90.65,90.10,89.56,89.56,89.02,88.48,90.65,89.56,89.56,89.02,87.93,87.93,87.93,87.39,86.85,86.31,85.76"
Rec-025_30s_1,3,3,3447,core,303,331,0.0,4.0,0.9837,305,333,315,336,1.0,True,94.2119,131.3529,85.7624,8.4917,91.1898,"131.35,116.70,109.10,103.67,99.87,97.70,96.07,95.53,94.45,93.36,93.36,105.84,102.04,98.79,96.07,94.45,93.36,92.28,91.19,91.19,90.65,89.56,96.62,94.99,93.36,91.19,91.19,90.10,89.56,89.56,89.02,88.48,87.93,90.65,89.56,89.02,88.48,87.93,87.93,87.39,87.39,86.31,86.31,85.76"
Rec-025_30s_1,3,4,3448,core,308,331,0.0,5.0,0.9868,310,333,320,336,1.0,True,92.6207,121.0408,85.7624,6.6574,90.6471,"121.04,110.19,104.22,99.87,97.16,95.53,94.99,93.36,93.36,93.36,92.28,102.04,98.79,96.07,94.45,92.28,91.73,91.19,90.65,90.10,90.65,89.56,94.99,93.36,91.19,90.65,90.10,89.56,89.02,88.48,87.93,87.93,87.93,89.56,89.02,88.48,87.93,87.93,87.39,86.85,86.31,86.31,85.76,85.76"
Rec-025_30s_1,3,5,3449,core,312,331,0.0,4.0,0.9851,314,333,324,336,1.0,True,92.9784,125.3828,85.7624,7.3709,90.6471,"125.38,112.90,105.30,100.96,98.25,96.07,94.99,94.45,93.36,93.36,93.36,103.13,99.33,96.07,94.45,92.28,92.28,91.19,90.65,90.65,90.10,90.10,94.99,92.28,91.73,90.65,89.56,89.56,89.02,88.48,88.48,88.48,87.93,89.56,89.02,88.48,87.93,87.93,87.39,86.85,86.31,86.31,85.76,85.76"
Rec-025_30s_1,3,6,3450,core,317,331,0.0,5.0,0.9888,319,333,329,336,1.0,True,92.4603,117.2416,86.8478,5.8466,91.1898,"117.24,108.01,102.04,98.79,97.16,95.53,94.99,94.45,93.36,93.36,93.36,100.96,97.70,94.99,93.36,92.28,91.73,91.19,91.19,90.65,90.65,91.19,93.36,91.73,91.19,90.10,89.56,89.56,89.56,89.02,89.02,89.02,89.02,89.02,88.48,87.93,87.93,87.39,87.39,87.39,86.85,86.85,86.85,86.85"
Rec-025_30s_1,3,7,3451,core,322,331,0.0,5.0,0.9859,324,333,334,336,1.0,True,92.6453,111.8141,87.9333,4.8056,91.7325,"111.81,105.30,100.42,97.70,96.62,96.07,95.53,95.53,94.99,94.45,94.45,98.79,96.62,94.45,93.36,92.28,92.28,92.28,92.28,91.73,91.73,91.73,93.36,91.73,91.19,90.65,90.10,90.10,90.10,90.10,90.10,90.10,89.56,89.02,88.48,87.93,87.93,87.93,87.93,87.93,87.93,87.93,87.93,87.93"
Rec-025_30s_1,3,8,3452,core,326,331,0.0,4.0,0.9899,328,333,338,336,1.0,True,94.0639,115.6133,88.4761,5.3248,93.3608,"115.61,108.01,103.13,100.42,98.25,97.16,96.62,96.62,96.07,96.07,96.07,100.96,98.25,96.07,94.99,94.45,93.36,93.36,93.36,93.36,93.36,93.36,94.45,93.36,92.28,91.19,91.19,91.19,91.19,91.19,91.19,91.19,91.19,90.10,89.56,89.02,89.02,89.02,89.02,89.02,89.02,89.02,89.02,88.48"
Rec-025_30s_1,3,9,3453,core,331,331,0.0,5.0,0.9876,333,333,343,336,1.0,True,94.4956,111.8141,89.0188,4.7511,93.9035,"111.81,105.84,102.04,99.87,98.79,98.25,98.25,98.25,97.70,97.70,97.16,100.42,98.25,96.62,95.53,94.99,94.99,94.99,94.45,94.45,94.45,93.36,94.45,93.36,92.28,92.28,92.28,91.73,91.73,91.73,91.73,91.19,91.19,90.65,90.10,89.56,90.10,89.56,89.56,89.56,89.56,89.02,89.02,89.02"
Rec-025_30s_1,3,10,3454,core,335,331,0.0,4.0,0.9908,337,333,347,336,1.0,True,95.4208,115.6133,89.0188,5.438,94.4463,"115.61,109.10,105.30,102.04,100.42,99.33,98.79,98.25,98.25,98.25,98.25,102.04,99.87,98.25,96.62,95.53,95.53,95.53,94.99,94.99,94.45,94.45,95.53,94.45,93.36,93.36,93.36,92.28,92.28,92.28,91.73,91.73,91.73,91.19,91.19,90.65,90.10,90.10,90.10,89.56,89.56,89.56,89.56,89.02"
Rec-025_30s_1,3,11,3455,core,340,331,0.0,5.0,0.9889,342,333,352,336,1.0,True,95.0384,111.8141,87.9333,4.9674,94.4463,"111.81,106.93,103.67,101.50,100.42,99.87,99.33,98.25,97.70,96.62,95.53,101.50,99.33,97.70,96.62,96.07,95.53,95.53,95.53,94.45,94.45,93.36,95.53,94.45,94.45,93.36,93.36,92.28,92.28,92.28,91.73,91.19,90.65,91.19,91.19,90.65,90.65,90.10,89.56,89.56,89.56,89.56,88.48,87.93"
Rec-025_30s_1,3,12,3456,core,349,331,0.0,9.0,0.9876,351,333,361,336,0.6364,False,86.0954,110.7286,74.9074,9.4992,85.7624,"110.73,105.84,100.96,97.70,94.99,89.56,81.42,78.16,77.08,75.99,75.99,101.50,98.25,96.07,94.45,92.28,87.39,80.88,78.16,76.54,75.99,75.45,95.53,93.36,92.28,91.19,89.56,85.22,79.79,77.62,76.54,75.99,75.45,91.19,90.10,89.02,87.93,86.31,83.05,78.71,77.08,75.99,75.99,74.91"
Rec-025_30s_1,3,13,3457,core,353,331,0.0,4.0,0.9891,355,333,365,336,0.2727,False,80.1129,107.4722,74.9074,7.3533,76.5357,"107.47,97.70,87.39,81.42,78.71,77.62,76.54,75.99,75.99,75.45,75.45,98.79,91.19,83.59,79.79,77.62,76.54,75.99,75.99,75.99,75.45,74.91,92.28,87.39,81.42,78.71,77.62,76.54,75.99,75.45,75.45,75.45,74.91,87.93,84.13,79.79,77.62,76.54,75.99,75.45,75.45,75.45,74.91,74.91"
Rec-025_30s_1,3,14,3458,core,355,331,0.0,2.0,0.9893,357,333,367,336,0.0909,False,77.9789,95.5318,74.3647,4.2072,76.2643,"95.53,87.93,83.59,79.79,78.16,77.08,76.54,75.99,75.99,75.45,75.45,87.93,83.59,79.79,78.16,77.08,76.54,75.99,75.99,75.45,75.45,74.91,83.59,80.33,78.16,77.08,76.54,75.99,75.99,75.45,74.91,74.91,74.91,80.88,78.71,77.62,76.54,75.99,75.99,75.45,75.45,74.91,74.91,74.36"
Rec-025_30s_1,4,1,3573,core,290,331,0.0,0.0,0.9839,292,333,302,336,1.0,True,94.3599,120.498,86.3051,6.4509,92.5467,"120.50,111.27,105.84,103.13,100.42,99.33,98.79,98.25,97.70,97.16,96.07,98.25,98.25,96.62,95.53,94.45,94.45,94.45,94.45,93.36,93.36,93.36,91.19,91.19,91.19,91.19,91.19,91.19,91.73,91.19,91.19,91.19,91.19,86.31,87.93,87.93,88.48,89.02,89.02,89.02,89.02,89.02,89.02,88.48"
Rec-025_30s_1,4,2,3574,core,291,332,-45.0,1.41,0.9808,293,334,303,337,1.0,True,91.5969,105.3012,85.7624,4.3591,90.6471,"105.30,102.04,99.87,97.70,96.62,95.53,95.53,94.45,94.45,94.45,93.36,94.99,94.45,94.45,93.36,93.36,92.28,92.28,92.28,91.73,91.19,91.19,89.56,89.56,89.56,90.10,90.10,90.10,89.56,89.56,89.56,89.56,89.02,85.76,86.31,86.31,86.85,86.85,87.39,87.39,86.85,86.85,86.31,86.31"
Rec-025_30s_1,4,3,3575,core,296,331,11.31,5.1,0.9841,298,333,308,336,1.0,True,96.0375,128.6392,87.9333,7.6994,93.9035,"128.64,117.24,109.64,105.30,101.50,99.33,98.25,97.16,96.62,95.53,95.53,106.39,103.13,99.87,98.25,96.07,94.99,94.45,93.36,93.36,92.28,91.73,98.25,96.07,94.99,94.45,93.36,92.28,92.28,91.73,91.19,91.19,90.10,92.28,91.19,91.19,91.19,90.65,90.10,89.56,89.56,89.02,88.48,87.93"
Rec-025_30s_1,4,4,3576,core,300,331,0.0,4.0,0.9829,302,333,312,336,1.0,True,96.5679,135.6949,87.9333,8.8465,94.4463,"135.69,121.04,111.81,105.84,102.04,99.33,98.25,97.70,96.07,95.53,94.99,108.56,104.22,101.50,98.25,96.62,95.53,94.45,94.45,93.36,92.28,91.73,98.79,97.16,95.53,94.45,93.36,92.28,92.28,91.19,91.19,90.10,90.10,93.36,92.28,91.19,91.19,90.65,90.10,89.56,89.56,89.02,88.48,87.93"
Rec-025_30s_1,4,5,3577,core,305,331,0.0,5.0,0.9865,307,333,317,336,1.0,True,94.9643,125.9255,87.9333,7.3211,92.818,"125.93,115.07,108.01,103.13,99.33,98.25,96.62,95.53,94.99,94.45,93.36,105.84,102.04,98.79,96.62,94.99,94.45,93.36,92.28,91.73,91.19,91.19,97.70,95.53,94.45,93.36,92.28,91.73,91.19,90.65,90.10,89.56,89.02,92.28,91.19,91.19,90.65,89.56,89.56,89.02,88.48,87.93,87.93,87.93"
Rec-025_30s_1,4,6,3578,core,309,331,0.0,4.0,0.9841,311,333,321,336,1.0,True,94.9397,130.8102,87.9333,7.9992,92.2753,"130.81,116.70,108.56,103.13,99.33,97.70,96.07,95.53,94.45,94.45,93.36,106.39,102.04,98.79,96.62,94.99,93.36,92.28,92.28,91.73,91.19,90.65,97.70,95.53,94.45,92.28,91.73,91.19,90.65,90.65,90.10,89.56,89.56,91.73,91.19,90.65,90.10,89.56,89.56,88.48,88.48,87.93,87.93,87.93"
Rec-025_30s_1,4,7,3579,core,314,331,0.0,5.0,0.9884,316,333,326,336,1.0,True,93.7678,120.498,87.9333,6.2121,92.2753,"120.50,110.73,105.30,100.42,97.70,96.07,95.53,94.99,94.45,94.45,93.36,102.04,99.33,96.62,94.99,93.36,92.28,92.28,92.28,91.73,91.19,91.19,95.53,94.45,92.28,92.28,91.19,90.65,90.10,90.10,90.10,89.56,89.56,91.19,90.10,89.56,89.56,89.02,89.02,88.48,88.48,87.93,87.93,87.93"
Rec-025_30s_1,4,8,3580,core,319,331,0.0,5.0,0.9868,321,333,331,336,1.0,True,93.6445,113.9851,89.0188,4.9045,92.2753,"113.99,106.93,102.04,98.79,97.16,96.07,95.53,95.53,95.53,94.99,94.99,100.42,98.25,95.53,94.45,93.36,93.36,92.28,92.28,92.28,92.28,92.28,94.45,93.36,92.28,91.19,91.19,91.19,91.19,91.19,91.19,90.65,91.19,90.65,89.56,89.56,89.56,89.56,89.02,89.02,89.02,89.02,89.02,89.02"
Rec-025_30s_1,4,9,3581,core,328,331,0.0,9.0,0.9883,330,333,340,336,1.0,True,95.7785,113.9851,91.1898,4.6176,95.5318,"113.99,107.47,103.13,100.96,99.33,98.79,98.79,98.25,98.79,98.79,98.25,102.04,98.79,97.16,96.07,95.53,95.53,95.53,95.53,95.53,95.53,95.53,95.53,94.45,94.45,93.36,93.36,93.36,93.36,93.36,93.36,93.36,93.36,91.73,91.19,91.19,91.19,91.19,91.19,91.19,91.19,91.19,91.19,91.19"
Rec-025_30s_1,4,10,3582,core,341,331,0.0,13.0,0.9912,343,333,353,336,1.0,True,97.419,117.7843,89.0188,5.7689,95.8031,"117.78,111.81,108.01,105.30,103.13,102.04,100.96,99.33,98.25,97.70,95.53,105.84,103.13,101.50,99.87,98.79,98.25,97.70,96.62,95.53,94.99,94.45,98.79,97.70,96.62,96.07,95.53,95.53,94.99,94.45,93.36,92.28,91.19,94.45,94.45,93.36,93.36,92.28,92.28,91.73,91.19,91.19,90.10,89.02"
Rec-025_30s_1,4,11,3583,core,346,331,0.0,5.0,0.9891,348,333,358,336,0.9091,False,92.2506,113.9851,77.0784,8.5118,92.818,"113.99,109.10,105.30,102.04,99.87,98.25,95.53,94.45,89.56,81.96,78.16,104.22,101.50,99.33,97.70,96.62,95.53,93.36,92.28,87.93,80.88,77.62,98.25,97.16,95.53,94.99,93.36,92.28,91.19,90.10,85.22,79.79,77.62,94.45,93.36,92.28,91.73,91.19,90.10,88.48,87.39,83.59,78.71,77.08"
Rec-025_30s_1,4,12,3584,core,350,331,0.0,4.0,0.9899,352,333,362,336,0.5455,False,85.676,113.9851,74.9074,10.4476,81.6918,"113.99,108.01,103.13,98.25,92.28,83.59,79.79,77.62,76.54,75.99,75.99,103.67,100.96,97.16,94.99,89.56,82.51,78.71,77.08,75.99,75.99,75.45,97.16,95.53,93.36,91.19,86.85,80.88,77.62,76.54,75.99,75.45,74.91,92.28,91.19,90.10,88.48,84.68,79.79,77.62,76.54,75.99,75.45,74.91"
Rec-025_30s_1,4,13,3585,core,355,330,11.31,5.1,0.9915,357,332,367,335,0.0909,False,79.3358,108.5576,74.3647,6.6371,76.2643,"108.56,94.45,87.39,82.51,78.71,77.62,76.54,75.99,75.99,75.45,75.45,94.99,87.39,82.51,79.79,77.62,76.54,75.99,75.99,75.99,75.45,75.45,87.93,83.05,79.79,77.62,77.08,75.99,75.99,75.99,75.45,74.91,74.91,83.59,79.79,77.62,77.08,75.99,75.99,75.99,75.45,74.91,74.36,74.91"
Rec-025_30s_1,5,1,3708,core,294,331,0.0,4.0,0.9837,296,333,306,336,1.0,True,98.1345,132.4384,90.6471,7.999,95.5318,"132.44,119.41,112.90,107.47,104.22,102.04,100.96,99.87,98.79,98.25,97.70,108.56,105.30,102.04,99.87,98.25,97.16,96.62,95.53,95.53,94.99,94.45,99.33,98.25,96.62,95.53,94.99,94.45,94.45,93.36,93.36,92.28,92.28,93.36,92.28,92.28,92.28,92.28,92.28,91.73,91.19,91.19,91.19,90.65"
Rec-025_30s_1,5,2,3709,core,299,331,0.0,5.0,0.9853,301,333,311,336,1.0,True,97.123,125.9255,89.5616,6.9817,95.2604,"125.93,116.16,109.64,105.30,102.04,100.96,99.33,98.79,97.70,96.62,95.53,107.47,103.67,100.96,98.25,97.70,96.07,95.53,94.99,94.45,93.36,93.36,99.33,97.70,96.07,95.53,94.45,94.45,93.36,93.36,92.28,91.73,91.19,94.45,93.36,93.36,92.28,92.28,91.73,91.19,91.19,90.65,90.10,89.56"
Rec-025_30s_1,5,3,3710,core,303,331,0.0,4.0,0.9863,305,333,315,336,1.0,True,96.9626,130.8102,89.0188,7.8516,94.7176,"130.81,117.78,111.27,105.84,102.04,99.87,98.25,97.70,96.62,95.53,94.99,108.56,104.22,101.50,98.25,97.16,95.53,94.99,94.45,93.36,92.28,92.28,99.87,98.25,96.07,95.53,94.45,93.36,93.36,92.28,91.73,91.19,90.65,94.45,93.36,93.36,92.28,91.73,91.19,91.19,90.65,89.56,89.56,89.02"
Rec-025_30s_1,5,4,3711,core,308,331,0.0,5.0,0.9872,310,333,320,336,1.0,True,95.3097,121.0408,89.5616,6.1473,93.3608,"121.04,111.81,106.39,102.04,98.79,97.70,96.62,96.07,95.53,94.99,94.45,105.30,101.50,98.79,96.62,94.99,94.45,93.36,93.36,92.28,92.28,91.73,98.25,96.07,94.99,93.36,93.36,92.28,91.73,91.19,91.19,91.19,91.19,93.36,92.28,91.73,91.19,91.19,90.65,90.10,89.56,89.56,89.56,89.56"
Rec-025_30s_1,5,5,3712,core,312,331,0.0,4.0,0.9882,314,333,324,336,1.0,True,95.5441,124.2973,89.5616,6.6296,93.3608,"124.30,112.90,107.47,103.13,99.87,97.70,97.16,96.07,95.53,95.53,94.99,105.30,102.04,98.79,96.62,95.53,94.45,93.36,93.36,93.36,92.28,92.28,98.25,96.07,94.45,93.36,93.36,92.28,92.28,91.19,91.19,91.19,91.19,93.36,91.73,91.19,91.19,90.65,90.65,90.10,89.56,89.56,89.56,89.56"
Rec-025_30s_1,5,6,3713,core,317,331,0.0,5.0,0.9892,319,333,329,336,1.0,True,95.1,117.7843,89.5616,5.4822,93.3608,"117.78,110.19,104.22,101.50,98.79,98.25,96.62,96.07,95.53,95.53,94.99,103.13,100.42,97.70,96.07,95.53,94.45,94.45,93.36,93.36,93.36,93.36,97.16,95.53,94.45,93.36,92.28,92.28,92.28,91.73,91.19,91.19,91.19,92.28,91.73,91.19,91.19,90.65,90.65,90.65,90.10,89.56,89.56,89.56"
Rec-025_30s_1,5,7,3714,core,321,331,0.0,4.0,0.9889,323,333,333,336,1.0,True,95.9018,123.2118,90.6471,6.2247,94.4463,"123.21,112.90,106.93,102.04,99.33,98.25,97.70,96.62,96.62,96.07,95.53,105.30,101.50,98.79,96.62,95.53,94.99,94.45,94.45,94.45,93.36,93.36,97.70,95.53,94.45,93.36,93.36,92.28,92.28,92.28,92.28,92.28,92.28,92.28,92.28,91.73,91.19,91.19,91.19,91.19,90.65,90.65,90.65,90.65"
Rec-025_30s_1,5,8,3715,core,326,331,0.0,5.0,0.9904,328,333,338,336,1.0,True,96.1238,116.6988,91.1898,5.0036,95.2604,"116.70,109.64,105.30,101.50,99.33,98.25,98.25,98.25,97.70,97.16,97.16,103.13,100.42,98.25,96.62,95.53,95.53,95.53,95.53,95.53,94.99,94.99,96.62,95.53,94.99,94.45,94.45,93.36,93.36,93.36,93.36,93.36,93.36,92.28,92.28,92.28,91.73,91.73,91.73,91.19,91.19,91.19,91.19,91.19"
Rec-025_30s_1,5,9,3716,core,330,331,0.0,4.0,0.9891,332,333,342,336,1.0,True,97.5054,121.0408,92.2753,5.6226,96.0745,"121.04,112.90,107.47,103.67,101.50,100.42,99.87,99.33,98.25,98.25,98.25,105.30,102.04,99.87,98.25,97.70,97.16,96.62,96.62,96.07,96.07,95.53,98.25,97.16,95.53,95.53,94.99,94.99,94.45,94.45,94.45,94.45,94.45,94.45,93.36,93.36,92.28,92.28,92.28,92.28,92.28,92.28,92.28,92.28"
Rec-025_30s_1,5,10,3717,core,335,331,0.0,5.0,0.9915,337,333,347,336,1.0,True,97.8261,116.1561,92.2753,4.7229,97.16,"116.16,110.19,106.39,103.13,101.50,100.96,100.42,99.87,99.33,99.33,99.33,104.22,102.04,99.87,98.25,98.25,97.70,97.70,97.16,97.16,97.16,97.16,98.25,97.16,96.62,96.07,95.53,95.53,95.53,95.53,94.99,94.99,94.99,94.45,94.45,93.36,93.36,93.36,93.36,93.36,93.36,92.28,92.28,92.28"
Rec-025_30s_1,5,11,3718,core,339,331,0.0,4.0,0.9893,341,333,351,336,1.0,True,98.6772,119.4126,91.7325,5.3699,97.7027,"119.41,112.90,108.56,105.30,103.13,102.04,101.50,100.96,100.42,99.33,98.25,106.39,103.67,101.50,99.87,98.79,98.25,98.25,98.25,97.70,97.16,95.53,99.33,98.25,97.70,97.16,96.62,96.62,96.07,95.53,95.53,94.99,94.45,95.53,94.99,94.45,94.45,94.45,94.45,93.36,93.36,93.36,92.28,91.73"
Rec-025_30s_1,5,12,3719,core,344,331,0.0,5.0,0.9913,346,333,356,336,1.0,True,96.3089,116.1561,84.1341,6.2938,95.5318,"116.16,111.27,107.47,104.22,102.04,100.96,99.33,97.70,95.53,93.36,89.02,105.30,103.13,101.50,99.87,98.25,97.70,96.62,95.53,93.36,92.28,87.93,99.33,98.25,97.70,96.62,96.07,95.53,94.45,93.36,91.19,90.10,85.76,95.53,94.99,94.45,94.45,93.36,93.36,91.73,91.19,89.56,87.93,84.13"
Rec-025_30s_1,5,13,3720,core,348,331,0.0,4.0,0.9882,350,333,360,336,0.7273,False,89.8823,117.7843,75.4502,10.7895,91.1898,"117.78,111.81,106.93,102.04,98.25,95.53,91.19,83.05,78.71,77.08,75.99,105.84,103.13,100.42,98.25,95.53,93.36,89.56,81.96,78.71,76.54,75.99,99.33,97.70,95.53,94.45,93.36,91.19,86.85,80.88,77.62,76.54,75.99,95.53,94.45,93.36,91.73,90.10,89.02,84.68,79.79,77.62,75.99,75.45"
Rec-025_30s_1,5,14,3721,core,353,331,0.0,5.0,0.9902,355,333,365,336,0.2727,False,80.5199,108.5576,74.3647,7.927,76.8071,"108.56,99.33,87.93,81.42,78.71,77.62,77.08,75.99,75.99,75.45,74.91,99.87,93.36,84.68,79.79,77.62,76.54,75.99,75.99,75.99,75.45,74.91,94.45,89.02,82.51,78.71,77.62,75.99,75.99,75.99,75.45,74.91,74.91,90.65,85.76,80.88,78.16,77.08,75.99,75.99,75.45,74.91,74.91,74.36"
Rec-025_30s_1,5,15,3722,core,355,331,0.0,2.0,0.9904,357,333,367,336,0.0909,False,78.1886,97.16,74.3647,4.6227,76.2643,"97.16,89.02,84.13,79.79,77.62,77.08,76.54,75.99,75.99,75.45,75.45,89.56,84.13,80.33,78.16,77.08,76.54,75.99,75.99,75.45,74.91,74.91,84.13,80.88,78.71,77.62,76.54,75.99,75.99,75.45,75.45,74.91,74.91,82.51,79.79,77.62,76.54,75.99,75.99,75.45,74.91,74.91,74.36,74.36"
Rec-025_30s_1,6,1,3835,core,290,331,0.0,0.0,0.9828,292,333,302,336,1.0,True,97.012,124.2973,88.4761,6.5706,94.989,"124.30,113.99,108.56,105.30,103.13,102.04,101.50,100.96,100.42,99.87,98.79,100.96,100.42,98.25,97.70,97.70,97.70,97.16,96.62,96.07,96.07,95.53,93.36,94.45,93.36,93.36,94.45,94.45,94.45,94.45,94.45,94.45,93.36,88.48,89.56,90.65,91.19,91.19,91.73,91.73,91.73,91.73,91.73,91.19"
Rec-025_30s_1,6,2,3836,core,293,331,0.0,3.0,0.9823,295,333,305,336,1.0,True,97.9988,125.3828,91.1898,6.6859,95.8031,"125.38,116.16,110.19,106.39,103.67,102.04,100.96,100.42,99.33,98.25,98.25,106.39,103.67,101.50,99.87,98.25,97.70,97.16,96.62,95.53,95.53,94.99,98.25,97.16,96.07,95.53,95.53,94.99,94.99,94.45,94.45,93.36,93.36,92.28,93.36,93.36,92.28,92.28,92.28,92.28,92.28,92.28,91.73,91.19"
Rec-025_30s_1,6,3,3837,core,297,331,0.0,4.0,0.9836,299,333,309,336,1.0,True,98.8993,134.6094,91.1898,8.1974,96.3459,"134.61,121.58,112.90,108.01,104.22,102.04,100.96,99.87,98.79,98.25,97.70,110.19,106.39,103.13,100.96,98.79,97.70,97.16,96.07,95.53,94.99,94.45,100.96,99.33,98.25,96.62,95.53,95.53,94.99,94.45,93.36,93.36,92.28,94.99,94.45,94.45,93.36,93.36,93.36,92.28,92.28,91.73,91.19,91.19"
Rec-025_30s_1,6,4,3838,core,302,331,0.0,5.0,0.985,304,333,314,336,1.0,True,97.345,124.2973,90.1043,6.559,95.5318,"124.30,115.07,109.10,105.30,102.04,100.42,99.33,98.25,98.25,97.16,96.07,106.93,103.67,100.96,98.79,97.16,96.62,95.53,95.53,94.99,94.45,93.36,99.87,98.25,96.62,95.53,94.99,94.45,94.45,93.36,92.28,92.28,92.28,94.99,94.45,93.36,93.36,92.28,92.28,91.73,91.19,91.19,90.65,90.10"
Rec-025_30s_1,6,5,3839,core,306,331,0.0,4.0,0.9867,308,333,318,336,1.0,True,97.4314,129.7247,90.6471,7.4016,95.2604,"129.72,117.78,110.19,105.30,102.04,99.87,98.79,98.25,97.70,97.16,96.07,108.01,104.22,101.50,98.79,97.16,96.07,95.53,94.99,94.45,94.45,93.36,99.87,98.25,96.07,95.53,94.45,94.45,93.36,93.36,92.28,92.28,91.73,94.99,94.45,93.36,92.28,92.28,91.73,91.19,91.19,91.19,90.65,90.65"
Rec-025_30s_1,6,6,3840,core,311,331,0.0,5.0,0.9878,313,333,323,336,1.0,True,96.2349,120.498,89.5616,5.8611,94.4463,"120.50,111.81,106.39,103.13,100.42,98.79,98.25,97.70,96.62,96.62,95.53,105.30,102.04,99.33,97.16,96.07,95.53,94.99,94.45,94.45,93.36,93.36,98.25,96.62,95.53,94.45,94.45,93.36,93.36,92.28,92.28,92.28,91.73,94.45,93.36,92.28,91.73,91.19,91.73,91.73,91.19,90.65,90.10,89.56"
Rec-025_30s_1,6,7,3841,core,315,331,0.0,4.0,0.9883,317,333,327,336,1.0,True,96.5186,125.3828,89.5616,6.789,94.7176,"125.38,115.61,108.01,103.67,100.96,98.79,98.25,97.70,97.16,96.07,95.53,106.39,103.13,99.87,98.25,96.07,95.53,94.99,94.45,94.45,93.36,93.36,98.25,97.16,95.53,94.99,94.45,93.36,92.28,92.28,92.28,91.73,91.19,94.45,93.36,92.28,92.28,91.73,91.19,91.19,90.65,90.10,89.56,89.56"
Rec-025_30s_1,6,8,3842,core,324,331,0.0,9.0,0.9894,326,333,336,336,1.0,True,96.864,123.2118,91.1898,6.0487,95.5318,"123.21,112.90,107.47,103.13,100.96,99.33,98.25,98.25,98.25,97.70,97.70,105.30,102.04,99.33,98.25,96.62,96.07,95.53,95.53,95.53,94.99,95.53,97.70,96.07,95.53,94.45,94.45,94.45,93.36,93.36,93.36,93.36,93.36,93.36,92.28,92.28,92.28,91.73,91.73,91.73,91.73,91.19,91.19,91.19"
Rec-025_30s_1,6,9,3843,core,333,331,0.0,9.0,0.9902,335,333,345,336,1.0,True,98.5785,120.498,93.3608,5.3694,97.16,"120.50,112.90,108.56,105.30,103.13,101.50,100.96,100.42,99.87,99.33,99.33,105.84,103.13,100.96,99.33,98.79,98.25,97.70,97.70,97.16,97.16,97.16,98.79,97.70,97.16,96.07,96.07,95.53,95.53,95.53,95.53,95.53,95.53,94.45,94.45,94.45,94.45,94.45,94.45,93.36,93.36,93.36,93.36,93.36"
Rec-025_30s_1,6,10,3844,core,338,331,0.0,5.0,0.9919,340,333,350,336,1.0,True,98.5662,117.2416,92.2753,4.8425,97.4314,"117.24,111.27,106.93,104.22,103.13,102.04,101.50,100.96,100.42,99.33,98.79,105.30,103.13,100.96,99.87,98.79,98.25,98.25,98.25,97.70,97.16,96.62,98.79,98.25,97.16,96.62,96.62,96.62,96.07,95.53,95.53,95.53,94.99,95.53,94.99,94.45,94.45,94.45,94.45,94.45,93.36,93.36,93.36,92.28"
Rec-025_30s_1,6,11,3845,core,347,331,0.0,9.0,0.9916,349,333,359,336,0.8182,False,91.3378,115.6133,75.9929,9.7498,92.818,"115.61,110.19,105.30,102.04,98.79,96.62,94.45,89.56,81.96,78.16,76.54,105.30,103.13,99.87,98.25,96.62,94.45,93.36,89.02,81.96,78.16,76.54,99.33,98.25,96.62,94.99,94.45,92.28,90.65,86.85,80.88,77.62,75.99,95.53,94.99,94.45,92.28,91.19,90.10,88.48,84.68,79.79,77.62,75.99"
Rec-025_30s_1,6,12,3846,core,351,331,0.0,4.0,0.9884,353,333,363,336,0.4545,False,84.2451,113.9851,74.9074,10.2878,79.2494,"113.99,106.93,101.50,94.45,84.13,79.79,77.62,76.54,76.54,75.99,75.45,103.67,99.87,96.62,91.19,83.05,79.79,77.62,75.99,75.99,75.45,75.45,97.16,94.99,92.28,88.48,81.96,78.71,77.08,75.99,75.99,75.45,74.91,93.36,91.19,89.56,85.76,80.88,77.62,76.54,75.99,75.45,74.91,74.91"
Rec-025_30s_1,6,13,3847,core,355,331,0.0,4.0,0.9915,357,333,367,336,0.0909,False,78.1022,96.6172,74.3647,4.5516,75.9929,"96.62,88.48,83.59,80.33,78.16,77.08,76.54,75.99,75.99,75.45,75.45,89.56,84.13,80.33,78.16,77.08,75.99,75.99,75.99,75.45,74.91,74.91,84.68,80.88,78.16,77.62,75.99,75.99,75.99,75.45,74.91,74.91,74.36,81.96,78.71,77.62,76.54,75.99,75.99,75.45,75.45,74.91,74.36,74.36"
Rec-026_60s_2,1,1,3974,core,290,331,0.0,0.0,0.9857,292,333,302,336,1.0,True,80.4459,113.9851,71.651,7.8818,78.4353,"113.99,100.42,94.45,89.56,86.85,85.22,84.13,83.59,83.05,83.05,81.96,88.48,86.85,84.13,81.96,80.88,79.79,79.79,78.71,78.71,78.16,78.16,80.88,79.79,78.16,77.62,77.08,76.54,76.54,75.99,75.99,75.45,74.91,75.45,74.36,73.82,73.82,73.82,73.82,73.82,73.28,72.74,72.19,71.65"
Rec-026_60s_2,1,2,3975,core,294,331,0.0,4.0,0.9859,296,333,306,336,1.0,True,80.2856,108.0149,71.651,7.0924,78.7067,"108.01,98.25,92.28,89.02,86.31,84.68,84.13,83.05,83.05,82.51,81.96,90.10,86.85,84.13,82.51,80.88,80.33,79.79,78.71,78.71,78.16,77.62,81.96,79.79,78.71,77.62,77.62,76.54,75.99,75.99,75.45,75.45,74.91,75.99,75.45,74.91,74.36,73.82,73.82,73.82,73.28,72.19,72.19,71.65"
Rec-026_60s_2,1,3,3976,core,298,331,0.0,4.0,0.9849,300,333,310,336,1.0,True,80.7666,115.6133,71.651,8.2584,78.7067,"115.61,102.04,94.45,90.10,86.85,84.68,84.13,83.05,83.05,81.96,81.42,91.73,88.48,85.22,83.05,80.88,80.33,79.79,78.71,78.71,78.16,77.62,83.05,80.88,78.71,78.16,77.62,77.08,75.99,75.99,75.45,74.91,74.36,76.54,75.99,74.91,74.36,73.82,73.82,73.28,72.74,72.74,71.65,71.65"
Rec-026_60s_2,1,4,3977,core,303,331,0.0,5.0,0.9873,305,333,315,336,1.0,True,79.8168,105.3012,71.651,6.623,78.1639,"105.30,96.07,91.19,87.93,85.76,84.13,83.59,83.05,82.51,81.96,80.88,89.56,85.76,83.59,81.42,80.33,79.79,78.71,78.71,78.16,78.16,77.62,81.42,79.79,78.16,77.62,77.08,76.54,75.99,75.99,75.45,75.45,74.36,75.99,75.45,74.91,74.36,73.82,73.82,73.28,72.74,72.19,71.65,71.65"
Rec-026_60s_2,1,5,3978,core,307,331,0.0,4.0,0.9849,309,333,319,336,1.0,True,80.2116,111.8141,72.1937,7.4811,78.4353,"111.81,98.79,93.36,89.02,85.76,84.13,83.59,83.05,82.51,81.42,80.88,90.10,86.85,84.13,81.96,80.33,79.79,78.71,78.71,78.16,77.62,77.62,81.96,79.79,78.71,77.62,77.08,76.54,75.99,75.99,75.45,74.91,74.91,75.99,75.45,74.36,74.36,73.82,73.82,73.28,73.28,72.74,72.74,72.19"
Rec-026_60s_2,1,6,3979,core,312,331,0.0,5.0,0.9876,314,333,324,336,1.0,True,79.4468,102.0447,72.1937,6.045,78.1639,"102.04,94.99,90.10,86.85,84.68,83.59,83.05,82.51,81.96,80.88,80.88,87.93,85.22,83.05,80.88,80.33,79.79,78.71,78.71,78.16,77.62,77.62,80.88,78.71,78.16,77.08,76.54,75.99,75.99,75.99,75.45,75.45,74.91,75.45,74.91,74.91,74.36,73.82,73.82,73.28,73.28,72.74,72.19,72.19"
Rec-026_60s_2,1,7,3980,core,316,331,0.0,4.0,0.9849,318,333,328,336,1.0,True,80.2732,108.0149,73.2792,6.8528,78.7067,"108.01,97.70,92.28,88.48,85.76,84.13,83.05,83.05,82.51,81.96,81.96,89.56,86.85,84.13,81.96,80.88,79.79,79.79,78.71,78.71,78.16,78.16,81.42,79.79,78.71,77.62,77.08,76.54,75.99,75.99,75.99,75.45,75.45,75.99,75.45,74.91,74.36,74.36,73.82,73.82,73.82,73.28,73.28,73.28"
Rec-026_60s_2,1,8,3981,core,321,331,0.0,5.0,0.9885,323,333,333,336,1.0,True,80.2362,101.502,74.3647,5.6312,79.7922,"101.50,94.45,89.56,86.31,84.68,84.13,84.13,83.59,83.59,83.05,83.05,87.93,85.22,83.05,80.88,80.33,80.33,79.79,79.79,79.79,79.79,79.79,80.88,79.79,78.16,77.62,77.08,77.08,77.08,76.54,76.54,76.54,76.54,75.99,75.45,74.91,74.91,74.36,74.36,74.36,74.36,74.36,74.36,74.36"
Rec-026_60s_2,1,9,3982,core,326,331,0.0,5.0,0.9853,328,333,338,336,1.0,True,80.8036,97.16,75.4502,4.8373,80.6063,"97.16,92.28,89.02,86.85,85.76,85.22,84.68,84.68,84.68,84.68,84.13,86.31,84.13,83.05,81.96,81.42,80.88,80.88,80.88,80.88,80.88,80.88,80.33,79.79,78.71,78.16,78.16,77.62,77.62,77.62,77.62,77.62,77.62,76.54,75.99,75.99,75.99,75.99,75.45,75.45,75.45,75.45,75.45,75.45"
Rec-026_60s_2,1,10,3983,core,330,331,0.0,4.0,0.9892,332,333,342,336,1.0,True,82.3085,100.9592,76.5357,5.3805,81.9631,"100.96,95.53,91.19,89.02,87.93,87.39,86.85,86.31,85.76,85.76,85.76,89.02,86.31,84.13,83.05,83.05,83.05,82.51,81.96,81.96,81.96,81.96,82.51,80.88,79.79,79.79,79.79,78.71,78.71,78.71,78.71,78.71,78.71,77.62,77.62,77.08,77.08,76.54,76.54,76.54,76.54,76.54,76.54,76.54"
Rec-026_60s_2,1,11,3984,core,339,331,0.0,9.0,0.9899,341,333,351,336,1.0,True,83.8134,101.502,77.6212,5.2714,83.0486,"101.50,96.07,93.36,91.19,89.56,89.02,87.93,87.93,87.39,86.85,85.76,90.10,87.93,86.31,85.22,84.68,84.13,84.13,84.13,83.59,83.05,83.05,83.59,82.51,81.96,81.42,81.42,80.88,80.88,80.88,80.88,80.33,79.79,78.71,78.71,78.71,78.71,78.71,78.16,78.16,77.62,77.62,77.62,77.62"
Rec-026_60s_2,1,12,3985,core,353,331,0.0,14.0,0.9824,355,333,365,336,0.2727,False,77.3005,96.0745,73.822,4.7994,75.7216,"96.07,90.65,83.05,78.71,77.62,75.99,75.99,74.91,74.91,74.36,74.36,89.02,84.68,79.79,77.62,76.54,75.99,75.45,74.91,74.36,74.36,73.82,83.05,80.88,77.62,76.54,75.99,74.91,74.91,74.36,74.36,73.82,73.82,78.71,77.62,76.54,75.99,74.91,74.36,74.36,73.82,73.82,73.82,73.82"
Rec-026_60s_2,1,13,3986,core,355,330,26.57,2.24,0.9815,357,332,367,335,0.0909,False,79.1137,117.2416,73.822,7.8183,75.9929,"117.24,97.16,87.93,83.05,79.79,77.62,76.54,75.99,75.45,74.91,74.91,94.45,87.93,83.05,79.79,77.62,75.99,75.45,75.45,75.45,74.91,74.36,85.76,82.51,78.71,77.08,75.99,75.99,75.45,74.91,74.36,74.36,73.82,80.88,78.71,77.08,75.99,75.99,75.45,74.91,74.91,74.91,74.36,73.82"
Rec-026_60s_2,2,1,4109,core,290,331,0.0,0.0,0.9867,292,333,302,336,1.0,True,87.7607,116.6988,79.7922,7.4586,85.7624,"116.70,105.84,101.50,98.25,95.53,94.45,93.36,92.28,92.28,91.19,90.65,92.28,92.28,91.19,89.56,88.48,87.93,87.93,87.93,87.39,86.31,85.76,85.76,85.22,84.68,84.68,84.68,84.13,84.13,84.13,83.59,83.05,83.05,80.33,80.33,80.88,80.88,80.88,80.88,80.88,80.33,80.33,79.79,79.79"
Rec-026_60s_2,2,2,4110,core,294,331,0.0,4.0,0.9829,296,333,306,336,1.0,True,87.7483,111.8141,78.7067,6.8349,86.0337,"111.81,105.30,100.42,96.62,94.99,93.36,92.28,91.19,90.65,89.56,89.56,96.07,94.45,91.73,90.10,89.02,87.93,87.93,86.85,85.76,85.76,84.68,88.48,87.39,86.31,85.76,85.22,84.13,84.13,83.59,83.05,82.51,81.96,83.05,83.05,82.51,81.96,81.42,80.88,80.88,80.33,79.79,79.79,78.71"
Rec-026_60s_2,2,3,4111,core,298,331,0.0,4.0,0.9877,300,333,310,336,1.0,True,87.8347,117.7843,78.7067,7.5376,86.0337,"117.78,106.93,101.50,97.16,94.45,92.28,91.19,91.19,89.56,89.56,88.48,97.70,94.99,92.28,89.56,88.48,87.93,86.85,86.31,85.76,85.22,84.68,89.56,87.93,86.31,85.76,84.68,84.13,83.59,83.05,82.51,82.51,81.96,83.59,83.05,82.51,81.96,81.42,80.88,80.88,80.33,79.79,79.79,78.71"
Rec-026_60s_2,2,4,4112,core,302,331,0.0,4.0,0.9849,304,333,314,336,1.0,True,87.8347,123.2118,78.7067,8.2921,85.491,"123.21,109.10,102.04,97.70,94.45,92.28,91.19,90.10,89.56,88.48,87.93,98.25,95.53,92.28,89.56,87.93,87.39,86.31,85.76,85.22,84.68,84.13,89.56,87.93,86.31,85.22,84.13,84.13,83.59,83.05,83.05,82.51,81.42,83.59,83.05,81.96,81.42,80.88,80.88,80.33,80.33,79.79,79.79,78.71"
Rec-026_60s_2,2,5,4113,core,307,331,0.0,5.0,0.9881,309,333,319,336,1.0,True,86.7368,113.9851,78.7067,6.7893,84.9482,"113.99,104.22,98.79,95.53,91.73,90.65,89.56,89.02,87.93,87.93,87.39,96.07,93.36,90.65,88.48,87.39,86.31,85.76,85.22,84.68,84.13,84.13,88.48,86.85,85.76,84.13,84.13,83.59,83.05,83.05,81.96,81.96,81.42,83.05,82.51,81.96,81.42,80.88,80.88,80.33,79.79,79.79,79.79,78.71"
Rec-026_60s_2,2,6,4114,core,312,331,0.0,5.0,0.9853,314,333,324,336,1.0,True,85.8117,105.3012,78.7067,5.3951,84.4055,"105.30,99.87,95.53,92.28,90.65,89.56,89.02,88.48,87.93,87.93,87.39,93.36,91.19,88.48,87.39,86.31,85.76,85.22,85.22,84.13,84.13,84.13,87.39,85.76,84.68,84.13,83.59,83.05,83.05,82.51,82.51,81.96,81.42,82.51,81.96,81.42,80.88,80.88,80.33,80.33,79.79,79.79,79.79,78.71"
Rec-026_60s_2,2,7,4115,core,316,331,0.0,4.0,0.9891,318,333,328,336,1.0,True,86.3051,109.6431,79.7922,5.9432,84.6769,"109.64,101.50,96.62,93.36,91.19,90.10,89.56,89.02,88.48,87.93,87.93,94.45,91.73,89.56,87.93,86.85,85.76,85.76,85.22,84.68,84.68,84.68,87.39,85.76,84.68,84.13,83.59,83.59,83.05,83.05,82.51,81.96,81.96,83.05,81.96,81.42,80.88,80.88,80.88,80.33,80.33,79.79,79.79,79.79"
Rec-026_60s_2,2,8,4116,core,321,331,0.0,5.0,0.9876,323,333,333,336,1.0,True,86.2681,104.2157,80.8776,4.9816,85.7624,"104.22,98.25,94.99,92.28,91.19,90.10,89.56,89.56,89.56,89.56,89.56,92.28,90.10,88.48,87.39,86.85,86.31,85.76,85.76,85.76,85.76,85.76,86.85,85.76,84.68,84.13,83.59,83.59,83.05,83.05,83.05,83.05,83.05,82.51,81.96,81.42,80.88,80.88,80.88,80.88,80.88,80.88,80.88,80.88"
Rec-026_60s_2,2,9,4117,core,325,331,0.0,4.0,0.9896,327,333,337,336,1.0,True,87.6126,108.0149,81.4204,5.5026,86.8478,"108.01,100.96,97.16,94.45,92.28,91.73,91.19,91.19,91.19,90.65,90.65,94.45,91.73,90.10,88.48,87.93,87.93,87.93,87.93,87.39,86.85,86.85,87.39,86.31,85.76,85.22,85.22,84.68,84.68,84.68,84.13,84.13,84.13,83.05,82.51,81.96,81.96,81.96,81.42,81.96,81.96,81.96,81.42,81.42"
Rec-026_60s_2,2,10,4118,core,330,331,0.0,5.0,0.9883,332,333,342,336,1.0,True,88.1554,104.2157,82.5059,4.8604,87.9333,"104.22,99.87,96.62,94.45,93.36,92.28,92.28,92.28,91.73,91.73,91.73,93.36,91.73,90.10,89.56,89.02,88.48,87.93,87.93,87.93,87.93,87.93,87.93,86.85,86.31,85.76,85.76,85.76,85.22,85.22,85.22,85.22,85.22,83.05,83.05,83.05,83.05,83.05,83.05,83.05,83.05,82.51,82.51,82.51"
Rec-026_60s_2,2,11,4119,core,334,331,0.0,4.0,0.9897,336,333,346,336,1.0,True,89.3889,108.0149,83.0486,5.4407,89.2902,"108.01,102.04,98.25,96.07,94.99,94.45,94.45,94.45,93.36,93.36,92.28,95.53,93.36,91.19,90.65,90.10,89.56,89.56,89.56,89.56,89.56,89.56,89.02,87.93,87.39,86.85,86.85,86.31,86.31,86.31,85.76,85.76,85.76,84.13,84.13,84.13,83.59,83.59,83.59,83.05,83.59,83.05,83.05,83.05"
Rec-026_60s_2,2,12,4120,core,339,331,0.0,5.0,0.9893,341,333,351,336,1.0,True,89.5862,105.3012,83.0486,5.0385,89.0188,"105.30,100.96,98.25,96.62,95.53,94.99,94.45,94.45,93.36,92.28,91.73,94.45,93.36,91.73,91.19,91.19,90.65,90.65,90.10,89.56,89.56,89.02,89.02,87.93,87.93,87.93,87.39,87.39,86.85,86.85,86.31,86.31,85.76,84.13,84.13,84.13,84.13,84.13,84.13,84.13,83.59,83.59,83.59,83.05"
Rec-026_60s_2,2,13,4121,core,348,331,0.0,9.0,0.986,350,333,360,336,0.7273,False,84.4795,105.3012,73.822,7.7096,84.4055,"105.30,100.96,97.70,94.45,92.28,90.65,87.39,80.88,77.62,75.99,74.91,96.07,93.36,91.73,90.65,89.56,87.93,85.22,79.79,77.08,75.99,74.91,89.56,89.02,87.93,86.85,85.76,85.22,82.51,78.16,75.99,75.45,74.36,85.76,84.68,84.13,84.13,83.05,81.96,79.79,77.62,75.99,74.91,73.82"
Rec-026_60s_2,2,14,4122,core,352,331,0.0,4.0,0.9861,354,333,364,336,0.3636,False,79.7675,103.6729,73.822,7.204,75.9929,"103.67,98.25,92.28,83.59,78.71,77.62,75.99,75.99,75.45,74.91,74.36,94.99,91.73,87.93,80.88,78.16,75.99,75.99,75.45,74.91,74.36,74.36,88.48,86.85,84.13,79.79,77.08,75.99,75.45,74.91,74.36,74.36,73.82,84.13,83.05,80.88,77.62,75.99,75.99,74.91,74.36,74.36,73.82,73.82"
Rec-026_60s_2,2,15,4123,core,355,331,0.0,3.0,0.9838,357,333,367,336,0.0909,False,77.2511,94.989,73.822,4.2544,75.4502,"94.99,87.93,83.05,79.79,77.62,76.54,75.99,75.45,74.91,74.91,74.91,87.39,83.05,79.79,77.62,76.54,75.99,75.45,74.91,74.91,74.36,74.36,81.96,78.71,77.62,76.54,75.99,75.45,74.91,74.91,74.36,74.36,74.36,78.71,77.62,76.54,75.45,75.45,74.91,74.91,74.36,73.82,73.82,73.82"
Rec-026_60s_2,2,16,4124,core,355,330,90.0,1.0,0.9915,357,332,367,335,0.0909,False,78.2996,105.8439,73.822,6.0693,75.9929,"105.84,91.73,85.76,80.88,78.16,76.54,75.99,75.99,75.45,74.91,74.91,92.28,85.76,80.88,78.16,77.08,75.99,75.99,75.45,74.91,74.91,74.36,85.76,80.88,78.71,77.08,75.99,75.99,75.45,74.91,74.36,74.36,73.82,81.42,78.71,77.08,75.99,75.99,75.45,74.91,74.36,74.36,73.82,73.82"
Rec-026_60s_2,3,1,4253,core,291,331,0.0,1.0,0.986,293,333,303,336,1.0,True,91.2391,117.7843,84.1341,6.7965,89.5616,"117.78,108.56,103.67,100.42,98.25,96.07,95.53,94.99,94.45,93.36,93.36,97.70,96.07,94.45,92.28,91.73,91.73,91.19,90.65,90.10,89.56,89.56,90.10,89.56,89.02,89.02,88.48,88.48,87.93,87.93,87.39,86.85,86.85,84.13,84.68,85.22,85.22,85.22,85.22,84.68,84.68,84.13,84.13,84.13"
Rec-026_60s_2,3,2,4254,core,295,331,0.0,4.0,0.9836,297,333,307,336,1.0,True,92.2013,127.5537,83.5914,8.2584,89.8329,"127.55,113.99,106.39,102.04,98.79,96.62,95.53,94.45,93.36,92.28,92.28,102.04,99.33,96.62,94.45,92.28,91.73,91.19,90.10,89.56,89.56,88.48,93.36,92.28,90.65,89.56,89.02,88.48,87.93,87.93,87.39,86.85,85.76,87.39,86.85,86.31,85.76,85.76,85.22,85.22,84.68,84.13,84.13,83.59"
Rec-026_60s_2,3,3,4255,core,300,331,0.0,5.0,0.9877,302,333,312,336,1.0,True,90.9678,118.8698,83.0486,6.8724,89.2902,"118.87,108.56,103.13,99.33,96.62,94.99,94.45,93.36,92.28,91.19,91.19,100.42,97.70,94.99,92.28,91.19,90.65,89.56,89.56,89.02,88.48,87.93,92.28,91.19,90.10,89.02,88.48,87.93,87.39,87.39,86.85,86.31,85.76,86.85,86.31,85.76,85.76,85.22,84.68,84.68,84.13,84.13,83.59,83.05"
Rec-026_60s_2,3,4,4256,core,313,331,0.0,13.0,0.9862,315,333,325,336,1.0,True,90.4497,119.4126,83.0486,6.8262,88.7475,"119.41,108.56,102.04,98.25,95.53,93.36,92.28,91.73,91.19,91.19,90.65,99.87,96.62,94.45,91.73,90.65,89.56,89.56,89.02,88.48,87.93,87.93,92.28,90.65,89.56,88.48,87.93,87.39,86.85,86.31,85.76,85.76,85.76,86.85,86.31,85.76,85.76,85.22,84.68,84.13,84.13,83.59,83.59,83.05"
Rec-026_60s_2,3,5,4257,core,318,331,0.0,5.0,0.9898,320,333,330,336,1.0,True,89.7219,111.8141,84.1341,5.5308,88.4761,"111.81,103.67,99.33,96.07,94.45,93.36,92.28,91.73,91.73,91.19,91.19,97.70,94.45,92.28,91.19,90.10,89.56,89.02,89.02,88.48,88.48,88.48,90.65,89.56,88.48,87.93,87.39,86.85,86.31,86.31,85.76,86.31,85.76,85.76,85.76,85.22,84.68,84.68,84.13,84.13,84.13,84.13,84.13,84.13"
Rec-026_60s_2,3,6,4258,core,327,331,0.0,9.0,0.9899,329,333,339,336,1.0,True,91.4612,111.2714,85.7624,5.3209,91.1898,"111.27,105.30,100.96,97.70,96.07,94.99,94.99,94.45,94.45,94.45,94.45,97.70,95.53,93.36,92.28,91.73,91.19,91.19,91.19,91.19,91.19,91.19,91.19,90.65,89.56,89.02,89.02,89.02,88.48,88.48,88.48,88.48,88.48,87.39,86.31,86.31,86.31,85.76,85.76,85.76,85.76,85.76,85.76,85.76"
Rec-026_60s_2,3,7,4259,core,332,331,0.0,5.0,0.9878,334,333,344,336,1.0,True,91.8066,106.9294,85.7624,4.6062,91.1898,"106.93,103.13,99.33,97.70,96.62,96.07,95.53,95.53,94.99,94.99,94.45,97.16,95.53,94.45,93.36,92.28,92.28,91.73,91.73,91.73,91.19,91.19,91.19,90.65,90.10,89.56,89.56,89.56,89.56,89.56,89.56,89.02,89.02,87.93,87.39,87.39,86.85,86.85,86.85,86.31,86.31,86.31,86.31,85.76"
Rec-026_60s_2,3,8,4260,core,341,331,0.0,9.0,0.9882,343,333,353,336,1.0,True,92.8304,108.5576,85.7624,4.8427,92.0039,"108.56,104.22,101.50,98.79,98.25,97.70,96.62,96.07,95.53,94.45,93.36,98.79,97.16,95.53,94.99,94.45,94.45,93.36,93.36,92.28,91.73,91.19,93.36,92.28,91.73,91.19,91.19,91.19,90.65,90.10,89.56,89.02,88.48,89.02,88.48,88.48,87.93,87.93,87.93,87.93,87.39,86.85,85.76,85.76"
Rec-026_60s_2,3,9,4261,core,345,331,0.0,4.0,0.9889,347,333,357,336,1.0,True,91.1898,111.8141,77.6212,6.9447,90.6471,"111.81,106.39,103.13,100.42,98.25,96.62,95.53,93.36,91.19,88.48,80.88,100.42,98.25,96.62,95.53,94.45,93.36,92.28,91.19,89.56,86.31,80.33,94.45,93.36,92.28,91.73,91.19,90.10,89.56,88.48,86.85,84.13,78.71,89.56,89.56,89.02,88.48,87.93,87.39,86.31,85.76,84.13,81.42,77.62"
Rec-026_60s_2,3,10,4262,core,350,331,0.0,5.0,0.9858,352,333,362,336,0.5455,False,83.3693,106.3867,73.822,8.7395,80.3349,"106.39,102.04,97.70,94.45,90.10,83.05,78.16,76.54,75.99,75.45,74.36,98.25,95.53,93.36,91.19,87.93,80.88,77.62,75.99,75.45,74.91,74.36,92.28,91.19,89.56,88.48,85.22,79.79,77.62,75.99,74.91,74.36,74.36,88.48,87.93,86.31,85.22,83.05,78.71,76.54,75.45,74.91,74.36,73.82"
Rec-026_60s_2,3,11,4263,core,354,331,0.0,4.0,0.9871,356,333,366,336,0.1818,False,78.1269,101.502,73.822,5.7502,75.7216,"101.50,90.65,83.59,79.79,77.62,76.54,75.99,75.45,74.91,74.36,74.36,93.36,85.22,80.33,77.62,76.54,75.99,75.45,74.91,74.91,74.36,73.82,87.93,81.42,78.71,77.08,75.99,75.45,75.45,74.91,74.91,74.36,73.82,84.13,79.79,77.62,75.99,75.45,75.45,74.91,74.91,74.36,73.82,73.82"
Rec-026_60s_2,3,12,4264,core,355,330,45.0,1.41,0.9895,357,332,367,335,0.0909,False,79.1877,112.8996,73.822,7.376,75.9929,"112.90,95.53,87.93,83.05,78.71,77.62,76.54,75.99,75.45,74.91,74.91,95.53,87.93,83.05,79.79,77.62,75.99,75.99,75.45,74.91,74.91,74.36,87.93,83.05,79.79,77.62,76.54,75.99,75.45,74.91,74.91,74.36,74.36,83.05,79.79,77.62,75.99,75.99,75.45,74.91,74.91,74.36,74.36,73.82"
Rec-026_60s_2,4,1,4386,core,290,331,0.0,0.0,0.9871,292,333,302,336,1.0,True,92.374,117.2416,84.1341,6.4761,90.3757,"117.24,108.56,105.30,102.04,98.79,97.70,97.16,96.62,96.07,95.53,94.99,95.53,95.53,94.99,93.36,92.28,92.28,92.28,92.28,91.73,91.73,91.19,89.02,89.56,89.56,89.56,89.56,89.56,89.56,89.56,89.56,89.56,89.02,84.13,85.22,85.76,85.76,86.85,86.85,86.85,86.85,86.85,86.31,85.76"
Rec-026_60s_2,4,2,4387,core,292,331,0.0,2.0,0.9832,294,333,304,336,1.0,True,94.1009,127.5537,86.3051,7.7581,92.0039,"127.55,113.99,108.56,103.67,100.96,98.79,97.70,97.16,96.07,95.53,94.99,101.50,99.87,97.70,95.53,94.45,93.36,93.36,92.28,92.28,91.73,91.19,93.36,92.28,91.73,91.19,91.19,90.65,90.65,89.56,89.56,89.56,89.56,87.93,87.93,87.93,87.93,87.93,87.93,87.93,87.39,86.85,86.85,86.31"
Rec-026_60s_2,4,3,4388,core,297,331,0.0,5.0,0.9875,299,333,309,336,1.0,True,93.3731,121.0408,85.7624,6.7942,91.1898,"121.04,111.27,105.84,102.04,98.79,97.16,96.07,95.53,94.45,94.45,93.36,102.04,99.33,97.16,95.53,94.45,92.28,92.28,91.19,91.19,90.65,90.10,94.99,93.36,92.28,91.19,90.65,90.10,90.10,89.56,89.02,88.48,88.48,89.56,89.02,88.48,88.48,87.93,87.93,87.39,86.85,86.31,86.31,85.76"
Rec-026_60s_2,4,4,4389,core,301,331,0.0,4.0,0.9857,303,333,313,336,1.0,True,93.5828,125.9255,85.7624,7.5598,91.4612,"125.93,113.99,106.93,102.04,98.79,97.16,95.53,94.99,94.45,93.36,92.28,103.67,100.42,97.70,95.53,94.45,92.28,91.73,91.19,91.19,90.10,89.56,95.53,94.45,92.28,91.73,90.65,90.10,89.56,89.56,89.02,88.48,87.93,90.10,89.56,89.02,88.48,87.93,87.93,87.39,86.85,86.31,85.76,85.76"
Rec-026_60s_2,4,5,4390,core,306,331,0.0,5.0,0.9889,308,333,318,336,1.0,True,92.337,117.7843,85.7624,6.2058,90.6471,"117.78,108.56,103.67,99.87,97.16,95.53,94.45,94.45,93.36,92.28,91.73,101.50,98.25,95.53,93.36,92.28,91.73,91.19,90.65,90.10,89.56,89.56,94.45,92.28,91.19,90.65,90.10,89.56,89.02,89.02,88.48,87.93,87.93,89.56,89.02,87.93,87.93,87.39,87.39,86.85,86.31,85.76,85.76,85.76"
Rec-026_60s_2,4,6,4391,core,310,331,0.0,4.0,0.986,312,333,322,336,1.0,True,92.6824,123.2118,85.7624,6.9372,90.6471,"123.21,110.19,105.30,100.42,97.70,95.53,94.45,94.45,93.36,92.28,92.28,102.04,98.79,96.07,94.45,92.28,91.73,91.19,90.65,90.10,90.10,89.56,94.45,93.36,91.19,90.65,89.56,89.56,89.56,88.48,88.48,87.93,87.93,89.56,89.02,87.93,87.93,87.93,87.39,86.85,86.31,86.31,85.76,85.76"
Rec-026_60s_2,4,7,4392,core,315,331,0.0,5.0,0.9899,317,333,327,336,1.0,True,91.8559,115.0706,85.7624,5.6804,90.3757,"115.07,106.93,102.04,98.25,96.07,94.99,94.45,93.36,92.28,92.28,92.28,99.87,97.16,94.99,93.36,92.28,91.19,90.65,90.65,90.10,89.56,89.56,93.36,91.73,91.19,90.10,89.56,89.56,89.02,88.48,87.93,87.93,87.93,89.02,88.48,87.93,87.93,87.39,86.85,86.31,86.31,85.76,85.76,85.76"
Rec-026_60s_2,4,8,4393,core,320,331,0.0,5.0,0.9874,322,333,332,336,1.0,True,91.7572,109.6431,86.8478,4.5878,91.1898,"109.64,103.67,99.87,97.16,95.53,94.45,94.45,93.36,93.36,93.36,93.36,98.25,95.53,94.45,92.28,91.73,91.19,91.19,91.19,91.19,91.19,91.19,92.28,91.19,90.65,89.56,89.56,89.56,89.56,89.02,89.02,89.02,89.02,88.48,87.93,87.93,87.93,87.39,87.39,86.85,86.85,86.85,86.85,86.85"
Rec-026_60s_2,4,9,4394,core,324,331,0.0,4.0,0.9902,326,333,336,336,1.0,True,92.7687,112.8996,87.9333,4.9795,91.7325,"112.90,105.84,101.50,98.25,96.62,95.53,95.53,94.99,94.99,94.45,94.45,99.33,96.62,94.99,93.36,92.28,92.28,92.28,91.73,91.73,92.28,92.28,93.36,91.73,91.19,91.19,90.65,90.10,90.10,90.10,90.10,90.10,90.10,89.02,88.48,87.93,87.93,87.93,87.93,87.93,87.93,87.93,87.93,87.93"
Rec-026_60s_2,4,10,4395,core,329,331,0.0,5.0,0.988,331,333,341,336,1.0,True,93.5335,109.6431,88.4761,4.3246,93.3608,"109.64,104.22,100.96,98.25,97.70,97.16,96.62,96.07,96.07,95.53,95.53,98.79,97.16,95.53,94.45,94.45,93.36,93.36,93.36,93.36,93.36,93.36,93.36,92.28,91.73,91.19,91.19,91.19,91.19,91.19,91.19,91.19,91.19,89.56,89.56,89.56,89.02,89.02,89.02,89.02,89.02,89.02,89.02,88.48"
Rec-026_60s_2,4,11,4396,core,333,331,0.0,4.0,0.9905,335,333,345,336,1.0,True,94.9273,112.8996,89.5616,4.8589,94.4463,"112.90,107.47,103.67,100.96,99.33,98.25,97.70,97.16,96.62,96.62,96.62,101.50,98.79,97.16,96.07,95.53,95.53,94.99,94.99,94.45,94.45,94.45,94.99,94.45,93.36,93.36,92.28,92.28,92.28,92.28,92.28,92.28,92.28,90.65,90.65,90.10,90.10,90.10,90.10,89.56,89.56,89.56,89.56,89.56"
Rec-026_60s_2,4,12,4397,core,338,331,0.0,5.0,0.9886,340,333,350,336,1.0,True,95.0014,110.1859,89.5616,4.3443,94.4463,"110.19,105.84,102.04,100.42,99.33,98.25,98.25,98.25,97.70,97.16,96.07,100.42,98.25,97.16,96.07,95.53,95.53,95.53,95.53,94.99,94.45,93.36,95.53,94.45,94.45,93.36,93.36,93.36,93.36,92.28,92.28,91.73,91.19,91.19,91.19,91.19,91.19,90.65,90.65,90.10,89.56,89.56,89.56,89.56"
Rec-026_60s_2,4,13,4398,core,342,331,0.0,4.0,0.9898,344,333,354,336,1.0,True,95.0384,113.9851,86.8478,5.4037,93.9035,"113.99,108.56,105.30,102.04,100.42,99.33,98.25,97.70,96.07,94.99,93.36,102.04,100.42,98.25,97.70,96.62,96.07,95.53,94.45,93.36,92.28,91.19,96.07,95.53,94.99,94.45,93.36,93.36,92.28,92.28,91.19,90.10,89.02,92.28,91.73,91.19,91.19,91.19,90.65,90.10,89.56,88.48,87.93,86.85"
Rec-026_60s_2,4,14,4399,core,351,331,0.0,9.0,0.9883,353,333,363,336,0.4545,False,82.9376,109.1004,73.822,9.3468,78.1639,"109.10,103.67,98.79,93.36,84.13,79.79,77.62,75.99,75.99,74.91,74.36,99.87,97.16,94.45,90.10,83.05,78.71,76.54,75.99,75.45,74.91,74.36,94.45,92.28,90.65,87.39,80.88,77.62,76.54,75.45,74.91,74.91,74.36,90.10,89.02,87.39,84.13,79.79,77.62,75.99,74.91,74.36,74.36,73.82"
Rec-026_60s_2,4,15,4400,core,355,331,0.0,4.0,0.9873,357,333,367,336,0.0909,False,77.4362,95.5318,73.822,4.447,75.7216,"95.53,87.93,83.05,79.79,77.62,76.54,75.99,75.45,74.91,74.91,74.36,88.48,83.05,79.79,77.62,76.54,75.99,75.45,74.91,74.91,74.36,74.36,83.59,79.79,77.62,76.54,75.99,75.45,74.91,74.91,74.36,74.36,73.82,80.88,78.16,77.08,75.99,75.45,75.45,74.91,74.36,74.36,73.82,73.82"
Rec-026_60s_2,5,1,4525,core,291,331,0.0,1.0,0.9861,293,333,303,336,1.0,True,94.4463,119.4126,87.3906,6.2442,92.818,"119.41,110.73,106.39,102.04,100.42,98.79,98.25,98.25,97.70,97.16,96.07,99.87,98.25,97.16,95.53,94.99,94.45,94.45,93.36,93.36,93.36,93.36,92.28,92.28,91.73,91.73,91.73,91.73,91.19,91.19,91.19,91.19,90.65,87.39,87.93,88.48,89.02,89.02,89.02,89.02,89.02,89.02,89.02,88.48"
Rec-026_60s_2,5,2,4526,core,295,331,0.0,4.0,0.9863,297,333,307,336,1.0,True,96.0375,127.011,88.4761,7.3498,94.4463,"127.01,115.61,109.10,105.30,102.04,99.87,98.79,98.25,97.70,96.62,96.07,105.30,102.04,99.87,97.70,96.07,95.53,94.99,94.45,94.45,93.36,92.28,96.62,95.53,94.45,93.36,93.36,92.28,92.28,91.73,91.73,91.19,91.19,91.19,91.19,90.65,90.65,90.10,89.56,89.56,89.56,89.56,89.02,88.48"
Rec-026_60s_2,5,3,4527,core,300,331,0.0,5.0,0.9875,302,333,312,336,1.0,True,95.0877,120.498,87.9333,6.3403,93.3608,"120.50,111.81,106.39,103.13,100.42,98.79,97.70,97.16,95.53,94.99,94.45,104.22,101.50,98.25,96.62,95.53,94.99,94.45,93.36,92.28,92.28,91.19,96.62,95.53,94.45,93.36,93.36,92.28,91.73,91.19,91.19,90.65,90.10,91.73,91.19,91.19,90.65,90.10,89.56,89.56,89.02,88.48,88.48,87.93"
Rec-026_60s_2,5,4,4528,core,304,331,0.0,4.0,0.9882,306,333,316,336,1.0,True,94.7546,124.2973,87.3906,6.9701,92.818,"124.30,112.90,107.47,103.13,99.87,97.70,96.62,95.53,94.99,94.45,93.36,104.22,101.50,98.25,96.62,95.53,94.45,93.36,92.28,91.73,91.19,90.65,97.16,95.53,94.45,93.36,92.28,91.73,91.19,90.65,90.10,89.56,89.02,91.73,91.19,91.19,90.10,89.56,89.56,89.02,88.48,87.93,87.93,87.39"
Rec-026_60s_2,5,5,4529,core,309,331,0.0,5.0,0.9887,311,333,321,336,1.0,True,93.2251,116.6988,86.8478,5.7893,91.4612,"116.70,108.56,103.67,99.87,97.70,96.07,94.99,94.45,93.36,92.28,92.28,102.04,99.33,96.62,94.99,93.36,92.28,91.73,91.19,91.19,90.65,90.10,95.53,94.45,92.28,91.73,91.19,90.65,90.10,89.56,89.56,89.02,88.48,91.19,90.65,90.10,89.56,89.02,88.48,87.93,87.93,87.39,86.85,86.85"
Rec-026_60s_2,5,6,4530,core,313,331,0.0,4.0,0.989,315,333,325,336,1.0,True,93.3485,118.8698,87.3906,6.0631,91.1898,"118.87,110.19,104.22,99.87,97.16,95.53,94.99,94.45,94.45,93.36,93.36,102.04,98.79,96.62,94.45,93.36,92.28,91.73,91.19,91.19,90.65,90.65,95.53,94.45,92.28,91.19,91.19,90.65,90.10,89.56,89.56,89.02,89.02,90.65,90.10,89.56,89.02,89.02,88.48,87.93,87.93,87.93,87.39,87.39"
Rec-026_60s_2,5,7,4531,core,318,331,0.0,5.0,0.9899,320,333,330,336,1.0,True,92.781,112.8996,87.9333,4.956,91.1898,"112.90,105.84,101.50,98.25,96.62,95.53,94.99,94.45,93.36,93.36,93.36,99.87,97.70,95.53,94.45,93.36,92.28,91.73,91.19,91.19,91.19,91.19,94.45,92.28,91.73,91.19,90.65,90.10,89.56,89.56,89.56,89.56,89.56,90.10,89.56,89.56,89.02,88.48,87.93,87.93,87.93,87.93,87.93,87.93"
Rec-026_60s_2,5,8,4532,core,322,331,0.0,4.0,0.9891,324,333,334,336,1.0,True,93.6815,117.7843,88.4761,5.5883,92.2753,"117.78,108.56,103.13,99.87,97.70,96.07,95.53,95.53,94.99,94.45,94.45,101.50,98.25,96.07,94.45,93.36,93.36,92.28,92.28,92.28,92.28,92.28,94.45,93.36,92.28,91.19,91.19,91.19,91.19,90.65,90.65,90.10,90.10,90.10,89.56,89.56,89.56,89.02,89.02,88.48,88.48,88.48,88.48,88.48"
Rec-026_60s_2,5,9,4533,core,327,331,0.0,5.0,0.9904,329,333,339,336,1.0,True,94.0515,111.8141,89.5616,4.5826,93.3608,"111.81,106.39,102.04,99.33,98.25,97.16,96.62,96.07,95.53,95.53,95.53,99.87,98.25,96.07,94.99,94.45,94.45,93.36,93.36,93.36,93.36,93.36,94.45,93.36,92.28,92.28,91.73,91.19,91.19,91.19,91.19,91.19,91.19,90.65,90.10,90.10,90.10,89.56,89.56,89.56,89.56,89.56,89.56,89.56"
Rec-026_60s_2,5,10,4534,core,331,331,0.0,4.0,0.9887,333,333,343,336,1.0,True,95.2727,116.1561,90.1043,5.2219,94.4463,"116.16,109.10,105.30,101.50,99.33,98.25,97.70,97.16,96.62,96.07,96.07,102.04,99.87,97.70,96.62,95.53,94.99,94.99,94.45,94.45,94.45,94.45,95.53,94.99,93.36,93.36,92.28,92.28,92.28,92.28,92.28,92.28,92.28,91.19,91.19,90.65,90.65,90.65,90.65,90.65,90.10,90.10,90.10,90.10"
Rec-026_60s_2,5,11,4535,core,336,331,0.0,5.0,0.9906,338,333,348,336,1.0,True,95.7291,111.8141,91.1898,4.3003,95.2604,"111.81,106.93,103.13,100.96,99.33,98.25,98.25,98.25,97.70,97.70,97.70,101.50,99.33,97.70,96.62,96.07,95.53,95.53,95.53,95.53,95.53,94.99,95.53,94.99,94.45,94.45,93.36,93.36,93.36,93.36,93.36,93.36,93.36,92.28,91.73,91.73,91.19,91.19,91.19,91.19,91.19,91.19,91.19,91.19"
Rec-026_60s_2,5,12,4536,core,340,331,0.0,4.0,0.9878,342,333,352,336,1.0,True,96.5309,116.1561,89.5616,5.1202,95.5318,"116.16,109.64,105.84,103.13,100.96,99.87,99.33,98.79,98.25,97.16,96.62,103.13,100.96,99.33,98.25,97.16,97.16,96.62,96.07,95.53,94.99,94.45,97.16,96.07,95.53,94.99,94.45,94.45,94.45,94.45,93.36,92.28,91.73,93.36,92.28,92.28,92.28,92.28,92.28,91.73,91.19,91.19,90.65,89.56"
Rec-026_60s_2,5,13,4537,core,345,331,0.0,5.0,0.9899,347,333,357,336,1.0,True,93.6938,112.8996,79.7922,6.7978,93.3608,"112.90,108.01,105.30,102.04,99.87,98.25,97.16,95.53,93.36,90.10,82.51,103.13,100.96,98.79,97.70,96.62,95.53,94.99,93.36,91.19,88.48,81.42,97.16,96.07,95.53,94.99,94.45,93.36,92.28,91.19,89.56,86.31,80.33,93.36,93.36,92.28,92.28,91.73,91.19,90.10,88.48,87.39,84.13,79.79"
Rec-026_60s_2,5,14,4538,core,349,331,0.0,4.0,0.9863,351,333,361,336,0.6364,False,87.3166,113.9851,74.3647,10.4287,88.2047,"113.99,108.56,103.67,99.87,96.07,92.28,84.13,78.71,77.08,75.99,75.45,103.13,100.96,98.25,95.53,93.36,90.10,83.05,78.71,76.54,75.45,74.91,97.16,95.53,94.45,92.28,91.19,87.93,81.42,77.62,75.99,75.45,74.91,92.28,91.73,91.19,89.56,88.48,85.76,80.33,77.62,75.99,74.91,74.36"
Rec-026_60s_2,5,15,4539,core,354,331,0.0,5.0,0.9882,356,333,366,336,0.1818,False,78.5093,103.1302,73.822,6.2892,75.9929,"103.13,91.19,83.59,79.79,77.62,76.54,75.99,75.45,74.91,74.36,74.36,95.53,86.31,80.88,78.16,77.08,75.99,75.45,74.91,74.91,74.36,73.82,90.10,83.05,78.71,77.62,75.99,75.99,75.45,74.91,74.36,74.36,73.82,86.85,81.42,78.16,77.08,75.99,75.45,74.91,74.36,73.82,73.82,73.82"
Rec-026_60s_2,5,16,4540,core,355,330,45.0,1.41,0.9889,357,332,367,335,0.0909,False,79.4838,115.6133,73.822,7.8791,76.2643,"115.61,96.07,88.48,83.05,79.79,77.62,76.54,75.99,75.99,74.91,74.91,97.70,88.48,83.05,79.79,77.62,76.54,75.99,75.45,74.91,74.36,74.36,89.56,83.05,79.79,77.62,76.54,75.99,75.45,74.91,74.91,74.36,74.36,84.68,80.33,77.62,76.54,75.99,75.45,75.45,74.91,74.36,74.36,73.82"
Rec-026_60s_2,6,1,4670,core,290,331,0.0,0.0,0.9866,292,333,302,336,1.0,True,95.3467,124.2973,86.8478,6.7956,93.3608,"124.30,112.90,107.47,104.22,101.50,99.87,99.33,98.79,98.25,98.25,97.16,98.79,98.79,97.70,96.07,95.53,95.53,95.53,94.99,94.99,94.45,94.45,91.73,92.28,92.28,92.28,92.28,92.28,92.28,92.28,92.28,92.28,91.73,86.85,87.93,89.02,89.56,89.56,90.10,90.10,90.10,90.10,89.56,89.56"
Rec-026_60s_2,6,2,4671,core,294,331,0.0,4.0,0.987,296,333,306,336,1.0,True,96.3952,122.1263,89.5616,6.4378,94.7176,"122.13,113.99,108.56,105.30,102.04,100.42,99.33,98.25,97.70,97.16,96.07,103.67,102.04,99.87,98.25,96.62,96.07,95.53,94.99,94.45,94.45,93.36,96.62,95.53,94.99,94.45,94.45,93.36,93.36,93.36,92.28,92.28,91.73,91.19,91.19,91.19,91.19,91.19,91.19,91.19,90.65,90.10,90.10,89.56"
Rec-026_60s_2,6,3,4672,core,298,331,0.0,4.0,0.9848,300,333,310,336,1.0,True,97.012,130.8102,89.5616,7.8228,94.989,"130.81,117.78,111.27,106.39,103.13,100.96,99.33,98.25,97.70,96.07,95.53,106.93,103.67,101.50,98.79,97.16,96.07,95.53,94.99,94.45,93.36,92.28,98.25,97.16,95.53,94.99,94.45,93.36,93.36,92.28,92.28,91.73,91.19,93.36,92.28,92.28,91.73,91.19,91.19,90.65,90.10,90.10,89.56,89.56"
Rec-026_60s_2,6,4,4673,core,303,331,0.0,5.0,0.9888,305,333,315,336,1.0,True,95.4578,121.0408,89.0188,6.2159,93.9035,"121.04,111.81,106.93,103.13,99.87,98.25,97.70,96.62,95.53,94.99,94.45,104.22,102.04,98.79,97.16,95.53,94.99,94.45,93.36,92.28,92.28,91.73,97.70,96.07,94.99,94.45,93.36,92.28,92.28,91.73,91.19,90.65,90.65,93.36,92.28,91.73,91.19,91.19,90.65,90.10,89.56,89.56,89.02,89.02"
Rec-026_60s_2,6,5,4674,core,312,331,0.0,9.0,0.9903,314,333,324,336,1.0,True,94.0762,116.6988,87.9333,5.5852,92.2753,"116.70,109.64,104.22,100.42,98.25,96.62,95.53,95.53,94.99,94.45,93.36,102.04,99.33,97.16,95.53,94.45,93.36,92.28,92.28,91.73,91.19,91.19,96.07,94.99,93.36,92.28,92.28,91.73,91.19,90.65,90.10,89.56,89.56,91.73,91.19,90.65,90.65,90.10,89.56,89.56,89.02,88.48,88.48,87.93"
Rec-026_60s_2,6,6,4675,core,316,331,0.0,4.0,0.987,318,333,328,336,1.0,True,94.3476,122.1263,87.9333,6.4513,92.2753,"122.13,111.81,105.84,102.04,98.79,97.16,95.53,95.53,94.45,93.36,93.36,103.13,100.42,98.25,95.53,94.45,93.36,92.28,92.28,91.73,91.19,91.19,96.07,94.99,93.36,92.28,91.73,91.19,91.19,90.65,90.10,90.10,89.56,91.73,91.19,90.65,90.10,89.56,89.56,89.56,89.02,88.48,88.48,87.93"
Rec-026_60s_2,6,7,4676,core,321,331,0.0,5.0,0.9907,323,333,333,336,1.0,True,93.6692,115.6133,89.0188,5.1559,92.2753,"115.61,107.47,103.13,99.33,97.16,95.53,95.53,94.99,94.45,94.45,94.45,100.96,98.25,96.07,94.45,93.36,92.28,92.28,92.28,92.28,92.28,92.28,94.99,93.36,92.28,91.73,91.19,91.19,90.65,90.65,90.65,90.65,90.65,91.19,90.65,89.56,89.56,89.56,89.02,89.02,89.02,89.02,89.02,89.02"
Rec-026_60s_2,6,8,4677,core,335,331,0.0,14.0,0.988,337,333,347,336,1.0,True,95.9265,110.7286,91.1898,4.0489,95.5318,"110.73,105.84,103.13,100.96,99.87,98.79,98.25,98.25,98.25,98.25,98.25,101.50,98.79,97.70,96.62,96.07,96.07,95.53,95.53,95.53,95.53,95.53,95.53,95.53,94.45,94.45,94.45,94.45,93.36,94.45,93.36,93.36,93.36,92.28,92.28,91.73,91.73,91.73,91.73,91.73,91.73,91.73,91.19,91.19"
Rec-026_60s_2,6,9,4678,core,339,331,0.0,4.0,0.9908,341,333,351,336,1.0,True,96.9996,113.9851,91.1898,4.6654,95.8031,"113.99,109.10,105.30,103.13,101.50,100.42,99.87,99.33,98.79,98.25,97.70,103.13,101.50,99.33,98.25,97.70,97.70,97.16,97.16,96.07,95.53,94.99,97.16,96.07,95.53,95.53,95.53,94.99,94.99,94.45,94.45,93.36,93.36,93.36,93.36,93.36,93.36,92.28,92.28,92.28,92.28,91.73,91.19,91.19"
Rec-026_60s_2,6,10,4679,core,344,331,0.0,5.0,0.9881,346,333,356,336,1.0,True,95.1617,111.8141,84.1341,5.48,94.4463,"111.81,107.47,105.30,102.04,100.96,99.87,98.25,96.62,95.53,93.36,90.10,103.13,100.96,99.33,98.25,97.70,96.62,95.53,94.45,93.36,91.19,87.93,97.16,96.62,95.53,95.53,95.53,94.45,93.36,92.28,91.19,89.56,86.31,94.45,93.36,93.36,93.36,92.28,91.73,91.19,89.56,89.02,87.39,84.13"
Rec-026_60s_2,6,11,4680,core,348,331,0.0,4.0,0.9897,350,333,360,336,0.7273,False,89.2409,113.9851,74.9074,10.0886,90.9184,"113.99,108.56,104.22,100.96,98.25,94.99,91.73,84.13,78.71,76.54,75.45,103.67,101.50,98.79,96.62,94.99,93.36,89.56,83.05,78.16,75.99,75.45,97.70,96.07,95.53,94.45,92.28,90.65,87.93,81.42,77.62,75.99,74.91,94.45,93.36,92.28,91.19,89.56,87.93,85.76,80.33,77.62,75.99,74.91"
Rec-026_60s_2,6,12,4681,core,355,331,0.0,7.0,0.9848,357,333,367,336,0.0909,False,77.8679,98.2455,73.822,5.0471,75.9929,"98.25,89.56,84.13,80.33,77.62,76.54,75.99,75.99,74.91,74.36,74.36,90.65,84.13,80.33,77.62,76.54,75.99,75.45,75.45,74.91,74.36,74.36,85.22,80.88,78.16,76.54,75.99,75.45,75.45,74.91,74.91,74.36,73.82,82.51,78.71,77.62,76.54,75.99,75.45,74.91,74.91,74.36,73.82,73.82"
Rec-027_std_2,1,1,1125,core,290,331,0.0,0.0,0.984,292,333,302,336,1.0,True,95.063,120.498,87.9333,6.1856,92.818,"120.50,111.81,106.93,103.13,100.42,99.87,98.79,98.25,98.25,97.16,96.62,98.25,98.25,97.16,95.53,95.53,94.99,94.99,94.45,94.45,94.45,93.36,92.28,92.28,92.28,92.28,92.28,92.28,92.28,92.28,92.28,91.73,91.73,87.93,87.93,89.02,89.56,90.10,90.65,90.65,90.10,90.10,90.10,89.56"
Rec-027_std_2,1,2,1126,core,293,331,0.0,3.0,0.9832,295,333,305,336,1.0,True,96.2595,123.2118,89.5616,6.5498,94.4463,"123.21,113.99,108.56,105.30,102.04,100.42,98.79,98.25,97.70,96.62,95.53,103.67,102.04,99.33,97.70,96.62,95.53,95.53,94.45,94.45,93.36,92.28,96.07,95.53,94.99,94.45,94.45,93.36,93.36,92.28,92.28,91.73,91.73,91.19,91.19,91.19,91.19,91.19,91.19,91.19,91.19,90.65,90.10,89.56"
Rec-027_std_2,1,3,1127,core,297,331,0.0,4.0,0.9817,299,333,309,336,1.0,True,96.6543,129.7247,89.5616,7.5555,94.4463,"129.72,117.78,110.19,105.30,102.04,99.33,98.25,97.70,96.62,95.53,94.99,106.39,103.13,100.42,98.25,96.62,95.53,94.45,94.45,93.36,93.36,92.28,98.25,97.16,95.53,94.45,94.45,93.36,92.28,92.28,92.28,91.73,91.19,93.36,92.28,92.28,91.73,91.19,91.19,91.19,90.65,90.65,90.10,89.56"
Rec-027_std_2,1,4,1128,core,302,331,0.0,5.0,0.9845,304,333,314,336,1.0,True,95.3837,121.5835,89.5616,6.0486,93.3608,"121.58,111.81,106.39,102.04,99.33,98.25,97.16,96.07,95.53,94.45,94.45,103.67,100.96,98.25,96.62,95.53,94.45,93.36,93.36,92.28,92.28,91.73,97.16,95.53,94.99,94.45,93.36,92.28,92.28,92.28,91.19,91.19,91.19,92.28,92.28,92.28,91.19,91.19,91.19,91.19,90.65,90.10,89.56,89.56"
Rec-027_std_2,1,5,1129,core,306,331,0.0,4.0,0.9825,308,333,318,336,1.0,True,95.6551,125.9255,89.5616,6.8152,93.3608,"125.93,113.99,108.01,103.13,99.87,97.70,96.62,95.53,95.53,94.45,94.45,105.30,102.04,98.79,96.62,95.53,94.45,93.36,92.28,92.28,92.28,91.73,98.25,96.07,94.99,94.45,93.36,92.28,92.28,91.73,91.19,91.19,90.65,93.36,92.28,92.28,91.73,91.19,91.19,90.65,90.65,90.10,89.56,89.56"
Rec-027_std_2,1,6,1130,core,311,331,0.0,5.0,0.9854,313,333,323,336,1.0,True,94.693,117.2416,89.5616,5.2678,93.3608,"117.24,109.64,103.67,100.42,98.25,96.62,95.53,95.53,94.99,94.45,94.45,102.04,99.87,97.16,95.53,94.45,93.36,93.36,93.36,92.28,92.28,92.28,96.62,95.53,93.36,93.36,92.28,92.28,92.28,91.19,91.19,91.19,91.19,92.28,92.28,91.73,91.19,91.19,90.65,90.65,90.10,90.10,89.56,89.56"
Rec-027_std_2,1,7,1131,core,315,331,0.0,4.0,0.9827,317,333,327,336,1.0,True,95.4701,121.5835,90.1043,5.8732,93.3608,"121.58,111.81,105.84,102.04,98.79,97.16,96.62,96.07,95.53,95.53,94.99,103.13,100.96,98.25,96.07,94.99,94.45,94.45,93.36,93.36,93.36,93.36,96.62,95.53,94.45,93.36,93.36,92.28,92.28,92.28,91.73,91.73,91.73,92.28,92.28,91.73,91.19,91.19,91.19,91.19,91.19,90.65,90.65,90.10"
Rec-027_std_2,1,8,1132,core,320,331,0.0,5.0,0.9855,322,333,332,336,1.0,True,95.5071,116.6988,90.6471,4.9297,94.4463,"116.70,109.10,104.22,100.96,98.79,97.70,97.16,96.62,96.07,95.53,94.99,102.04,99.87,97.70,96.07,95.53,94.99,94.45,94.45,94.45,93.36,93.36,96.62,95.53,94.45,94.45,93.36,93.36,93.36,92.28,92.28,92.28,92.28,93.36,92.28,92.28,91.73,91.73,91.19,91.19,91.19,91.19,91.19,90.65"
Rec-027_std_2,1,9,1133,core,324,331,0.0,4.0,0.9823,326,333,336,336,1.0,True,96.3706,121.0408,91.1898,5.7023,94.7176,"121.04,111.81,106.39,103.13,100.42,98.79,97.70,97.16,96.62,96.07,95.53,104.22,101.50,98.79,97.70,96.62,95.53,94.99,94.99,94.45,94.45,94.45,97.70,96.07,95.53,94.45,94.45,94.45,93.36,93.36,92.28,92.28,92.28,93.36,93.36,92.28,92.28,92.28,91.73,91.73,91.19,91.19,91.19,91.19"
Rec-027_std_2,1,10,1134,core,329,331,0.0,5.0,0.9854,331,333,341,336,1.0,True,96.1979,115.6133,91.1898,4.7722,94.989,"115.61,109.10,105.30,101.50,99.33,98.25,98.25,97.70,97.16,97.16,96.62,103.13,100.42,98.25,97.16,96.07,95.53,95.53,94.99,94.99,94.99,94.45,97.16,96.07,94.99,94.99,94.45,94.45,93.36,93.36,93.36,93.36,92.28,93.36,93.36,92.28,92.28,92.28,92.28,92.28,91.73,91.19,91.19,91.19"
Rec-027_std_2,1,11,1135,core,334,331,0.0,5.0,0.9821,336,333,346,336,1.0,True,95.8401,111.2714,91.1898,4.0852,94.989,"111.27,106.39,103.13,100.96,99.33,98.25,98.25,97.70,97.16,96.62,96.07,102.04,99.33,98.25,97.16,96.07,96.07,95.53,95.53,94.99,94.45,94.45,96.62,95.53,94.99,94.45,94.45,94.45,93.36,93.36,93.36,92.28,92.28,93.36,93.36,92.28,92.28,92.28,92.28,91.73,91.73,91.19,91.19,91.19"
Rec-027_std_2,1,12,1136,core,338,331,0.0,4.0,0.985,340,333,350,336,1.0,True,96.1362,115.0706,89.5616,4.9368,95.5318,"115.07,109.10,105.30,102.04,100.42,98.79,98.25,97.70,97.16,96.07,95.53,103.13,100.96,98.79,98.25,96.62,96.07,95.53,95.53,94.45,94.45,93.36,97.70,96.07,95.53,95.53,94.45,94.45,93.36,93.36,92.28,92.28,91.19,94.45,93.36,93.36,92.28,92.28,92.28,91.73,91.19,90.65,90.10,89.56"
Rec-027_std_2,1,13,1137,core,343,331,0.0,5.0,0.9822,345,333,355,336,1.0,True,93.7185,110.7286,84.6769,5.234,93.3608,"110.73,105.84,103.13,100.42,98.79,97.70,96.07,94.99,93.36,91.19,89.56,102.04,99.33,97.70,96.62,95.53,94.45,93.36,92.28,91.19,89.56,88.48,96.62,95.53,94.45,94.45,93.36,92.28,91.19,90.65,89.56,87.93,86.85,93.36,93.36,92.28,91.73,91.19,90.65,89.56,88.48,87.39,85.76,84.68"
Rec-027_std_2,1,14,1138,core,347,331,0.0,4.0,0.984,349,333,359,336,0.8182,False,88.6488,111.2714,75.4502,8.5156,89.5616,"111.27,105.84,102.04,98.25,95.53,93.36,91.19,87.93,80.88,77.62,75.99,101.50,98.25,96.07,94.45,92.28,91.19,89.56,86.31,80.88,77.62,75.99,95.53,94.45,92.28,91.19,90.65,89.02,87.93,84.68,79.79,77.08,75.99,92.28,91.19,90.10,89.56,88.48,86.85,85.76,83.05,78.71,76.54,75.45"
Rec-027_std_2,1,15,1139,core,355,331,0.0,8.0,0.9817,357,333,367,336,0.0909,False,77.8185,95.5318,74.3647,4.3251,75.9929,"95.53,88.48,83.59,79.79,77.62,77.08,76.54,75.99,75.45,75.45,74.91,88.48,83.05,79.79,78.16,77.08,75.99,75.99,75.99,75.45,74.91,74.36,83.59,79.79,78.16,77.08,75.99,75.99,75.45,75.45,74.91,74.91,74.36,80.88,78.71,77.08,75.99,75.99,75.99,75.45,74.91,74.91,74.36,74.36"
Rec-027_std_2,2,1,1285,core,290,331,0.0,0.0,0.984,292,333,302,336,1.0,True,95.1987,123.7545,87.9333,6.5552,92.818,"123.75,112.90,107.47,103.13,100.42,99.87,98.79,98.25,97.70,96.62,96.07,98.79,98.79,97.16,95.53,95.53,94.99,94.99,94.45,94.45,94.45,93.36,92.28,92.28,92.28,92.28,92.28,92.28,92.28,92.28,92.28,91.73,91.19,87.93,88.48,89.56,89.56,90.65,90.65,90.65,90.65,90.10,90.10,89.56"
Rec-027_std_2,2,2,1286,core,294,331,0.0,4.0,0.981,296,333,306,336,1.0,True,95.4084,117.7843,89.5616,5.6343,93.9035,"117.78,111.27,105.84,102.04,99.87,98.79,98.25,97.16,96.07,95.53,94.99,103.13,100.96,98.25,96.62,95.53,94.99,94.45,94.45,93.36,92.28,92.28,96.62,95.53,94.45,93.36,93.36,93.36,92.28,91.73,91.73,91.19,91.19,91.73,91.73,91.73,91.19,91.19,91.19,90.65,90.10,90.10,90.10,89.56"
Rec-027_std_2,2,3,1287,core,298,331,0.0,4.0,0.9844,300,333,310,336,1.0,True,95.8648,124.2973,89.5616,6.6111,93.9035,"124.30,113.99,108.01,103.13,100.42,98.25,97.70,96.62,95.53,95.53,94.45,105.30,102.04,99.33,97.16,95.53,94.99,94.45,93.36,93.36,92.28,92.28,97.70,96.07,94.99,94.45,93.36,92.28,92.28,92.28,91.19,91.19,91.19,93.36,92.28,92.28,91.73,91.19,91.19,91.19,90.65,90.10,89.56,89.56"
Rec-027_std_2,2,4,1288,core,302,331,0.0,4.0,0.9814,304,333,314,336,1.0,True,96.2349,129.182,89.5616,7.3818,93.9035,"129.18,116.70,109.64,104.22,100.96,98.25,97.16,96.07,95.53,94.99,94.45,105.84,103.13,99.87,97.70,96.07,94.99,94.45,93.36,93.36,92.28,92.28,98.25,96.62,95.53,94.45,93.36,92.28,92.28,92.28,91.73,91.19,91.19,93.36,92.28,92.28,91.73,91.19,91.19,91.19,91.19,90.65,90.10,89.56"
Rec-027_std_2,2,5,1289,core,307,331,0.0,5.0,0.9855,309,333,319,336,1.0,True,95.2111,120.498,90.1043,5.7884,93.3608,"120.50,111.27,105.30,101.50,98.25,97.70,96.07,95.53,95.53,94.45,94.45,103.13,100.96,98.25,96.07,94.99,94.45,93.36,93.36,92.28,92.28,92.28,97.16,95.53,94.99,93.36,93.36,92.28,92.28,91.73,91.19,91.19,91.19,93.36,92.28,92.28,91.73,91.19,91.19,90.65,90.10,90.10,90.10,90.10"
Rec-027_std_2,2,6,1290,core,312,331,0.0,5.0,0.9829,314,333,324,336,1.0,True,94.7176,113.9851,90.6471,4.5623,93.3608,"113.99,107.47,103.13,99.33,97.70,96.62,95.53,95.53,95.53,94.99,94.45,101.50,98.79,96.62,95.53,94.45,94.45,93.36,93.36,93.36,92.28,92.28,96.07,94.99,94.45,93.36,93.36,92.28,92.28,92.28,91.73,91.19,91.73,92.28,92.28,91.73,91.19,91.19,91.19,91.19,90.65,90.65,90.65,90.65"
Rec-027_std_2,2,7,1291,core,321,331,0.0,9.0,0.9842,323,333,333,336,1.0,True,95.8031,113.9851,91.1898,4.4343,94.7176,"113.99,108.01,103.13,100.96,98.79,98.25,98.25,97.16,96.62,96.07,96.07,102.04,99.87,98.25,96.62,95.53,95.53,94.99,94.99,94.45,94.45,94.45,96.62,95.53,94.99,94.45,94.45,93.36,93.36,93.36,93.36,92.28,92.28,93.36,93.36,92.28,92.28,92.28,92.28,91.73,91.73,91.19,91.19,91.19"
Rec-027_std_2,2,8,1292,core,330,331,0.0,9.0,0.9848,332,333,342,336,1.0,True,96.6543,113.9851,91.7325,4.4522,95.5318,"113.99,108.56,104.22,102.04,100.42,99.33,98.79,98.25,98.25,98.25,97.70,103.13,100.42,98.79,97.70,96.62,96.62,96.07,95.53,95.53,95.53,95.53,97.70,96.07,95.53,94.99,94.99,94.45,94.45,94.45,93.36,93.36,93.36,94.45,93.36,93.36,93.36,92.28,92.28,92.28,92.28,91.73,91.73,91.73"
Rec-027_std_2,2,9,1293,core,334,331,0.0,4.0,0.9862,336,333,346,336,1.0,True,97.3327,116.6988,91.1898,5.0183,96.0745,"116.70,110.73,106.39,103.13,102.04,100.42,99.87,99.33,98.79,98.25,97.70,104.22,102.04,99.87,98.25,98.25,97.16,96.62,96.62,96.07,95.53,95.53,98.25,97.16,96.07,95.53,95.53,94.99,94.99,94.45,94.45,93.36,93.36,94.45,94.45,93.36,93.36,93.36,93.36,92.28,92.28,91.73,91.19,91.19"
Rec-027_std_2,2,10,1294,core,339,331,0.0,5.0,0.9851,341,333,351,336,1.0,True,96.3335,112.8996,89.5616,4.7266,95.5318,"112.90,108.56,105.30,102.04,100.96,99.87,98.79,98.25,97.70,96.62,95.53,103.13,100.96,99.33,98.25,97.70,96.62,96.07,95.53,94.99,94.45,93.36,97.70,96.62,95.53,95.53,94.99,94.45,94.45,93.36,92.28,92.28,91.19,94.45,94.45,93.36,93.36,92.28,92.28,91.73,91.19,90.65,90.10,89.56"
Rec-027_std_2,2,11,1295,core,343,331,0.0,4.0,0.985,345,333,355,336,1.0,True,94.8533,115.0706,85.2196,5.8788,93.9035,"115.07,109.64,105.30,102.04,99.87,98.25,97.70,96.07,94.45,92.28,91.19,103.67,101.50,99.33,97.70,96.62,95.53,94.45,93.36,92.28,91.19,89.56,97.70,96.62,95.53,94.99,94.45,93.36,92.28,91.19,90.10,88.48,87.39,94.45,93.36,93.36,92.28,91.19,91.19,90.10,89.02,87.93,86.31,85.22"
Rec-027_std_2,2,12,1296,core,352,331,0.0,9.0,0.9828,354,333,364,336,0.3636,False,81.4327,107.4722,74.3647,8.2332,77.3498,"107.47,102.04,94.99,85.22,80.33,78.16,77.08,75.99,75.99,75.45,74.91,98.25,94.99,90.10,83.05,78.71,77.62,76.54,75.99,75.45,74.91,74.91,92.28,90.10,86.85,81.42,78.71,77.08,75.99,75.99,75.45,74.91,74.91,89.02,87.39,84.68,80.33,77.62,76.54,75.99,75.45,74.91,74.91,74.36"
Rec-027_std_2,2,13,1297,core,355,331,0.0,3.0,0.9813,357,333,367,336,0.0909,False,77.9666,96.6172,74.3647,4.5307,75.9929,"96.62,88.48,84.13,80.33,78.16,77.08,75.99,75.99,75.45,75.45,74.91,89.02,83.59,80.33,78.16,77.08,75.99,75.99,75.99,75.45,74.91,74.91,84.13,80.33,78.16,77.08,75.99,75.99,75.45,75.45,74.91,74.91,74.36,81.42,78.71,77.62,76.54,75.99,75.99,75.45,74.91,74.36,74.36,74.36"
Rec-027_std_2,3,1,1450,core,291,331,0.0,1.0,0.9837,293,333,303,336,1.0,True,95.9635,123.2118,89.5616,6.3554,94.4463,"123.21,112.90,108.01,103.67,101.50,99.87,98.79,98.25,97.70,97.16,96.07,102.04,100.42,98.25,97.16,96.07,95.53,95.53,94.99,94.45,94.45,93.36,94.99,94.45,93.36,93.36,93.36,93.36,93.36,93.36,92.28,92.28,91.73,89.56,90.10,90.65,91.19,91.19,91.19,91.19,91.19,90.65,90.10,90.10"
Rec-027_std_2,3,2,1451,core,295,331,0.0,4.0,0.9828,297,333,307,336,1.0,True,96.7529,128.6392,90.1043,7.2965,94.4463,"128.64,116.70,109.64,105.30,102.04,99.87,98.25,98.25,97.16,96.62,95.53,105.84,103.13,100.96,98.25,96.62,95.53,94.99,94.45,94.45,93.36,93.36,98.25,96.62,95.53,94.45,94.45,93.36,92.28,92.28,92.28,91.73,91.73,93.36,92.28,92.28,91.73,91.73,91.19,91.19,90.65,90.65,90.10,90.10"
Rec-027_std_2,3,3,1452,core,300,331,0.0,5.0,0.9848,302,333,312,336,1.0,True,95.9512,122.669,90.1043,6.2505,94.4463,"122.67,112.90,106.93,103.13,100.42,98.79,97.70,96.62,96.07,95.53,94.99,105.30,102.04,98.79,97.16,95.53,94.99,94.45,94.45,93.36,92.28,92.28,97.70,96.07,94.99,94.45,94.45,93.36,92.28,92.28,91.73,91.73,91.19,93.36,92.28,92.28,91.73,91.73,91.19,91.19,90.65,90.65,90.10,90.10"
Rec-027_std_2,3,4,1453,core,304,331,0.0,4.0,0.9841,306,333,316,336,1.0,True,96.0622,126.4682,90.1043,6.7675,93.9035,"126.47,113.99,108.01,103.13,100.42,98.25,97.70,96.62,96.07,95.53,94.99,105.30,102.04,99.33,97.16,95.53,94.99,94.45,93.36,93.36,92.28,92.28,98.25,96.62,95.53,94.45,93.36,93.36,92.28,92.28,91.73,91.19,91.19,93.36,92.28,92.28,91.73,91.73,91.19,91.19,90.65,90.65,90.10,90.10"
Rec-027_std_2,3,5,1454,core,309,331,0.0,5.0,0.9859,311,333,321,336,1.0,True,95.1987,117.7843,90.1043,5.3482,93.3608,"117.78,110.19,104.22,101.50,98.79,97.70,96.62,96.07,95.53,94.99,94.45,103.13,100.42,97.70,95.53,94.99,94.45,94.45,93.36,93.36,92.28,92.28,97.16,95.53,94.45,93.36,93.36,92.28,92.28,91.73,91.73,91.19,91.19,93.36,92.28,92.28,91.73,91.19,91.19,91.19,90.65,90.65,90.10,90.10"
Rec-027_std_2,3,6,1455,core,318,331,0.0,9.0,0.9864,320,333,330,336,1.0,True,95.4207,116.1561,91.1898,4.7606,94.4463,"116.16,108.56,103.67,100.42,98.25,97.70,96.62,96.07,96.07,95.53,95.53,102.04,99.33,97.70,96.07,94.99,94.99,94.45,94.45,94.45,93.36,93.36,96.62,95.53,94.45,93.36,93.36,93.36,93.36,92.28,92.28,92.28,92.28,93.36,92.28,92.28,92.28,91.73,91.73,91.19,91.19,91.19,91.19,91.19"
Rec-027_std_2,3,7,1456,core,322,331,0.0,4.0,0.9836,324,333,334,336,1.0,True,96.4569,120.498,91.1898,5.4552,94.7176,"120.50,111.81,105.84,102.04,99.87,98.25,98.25,97.70,97.16,96.07,96.07,103.67,100.96,98.79,97.16,96.07,95.53,95.53,94.99,94.45,94.45,94.45,97.70,96.07,95.53,94.45,94.45,94.45,94.45,93.36,93.36,93.36,92.28,93.36,93.36,92.28,92.28,92.28,92.28,92.28,92.28,91.73,91.73,91.19"
Rec-027_std_2,3,8,1457,core,327,331,0.0,5.0,0.9862,329,333,339,336,1.0,True,96.3706,115.0706,91.1898,4.5372,95.5318,"115.07,108.56,104.22,101.50,99.33,98.79,98.25,97.70,97.16,97.16,96.62,103.13,100.42,98.25,97.16,96.07,96.07,95.53,95.53,95.53,94.99,94.99,97.70,96.07,95.53,94.45,94.45,94.45,94.45,93.36,93.36,93.36,93.36,94.45,93.36,93.36,93.36,92.28,92.28,92.28,91.73,91.73,91.73,91.19"
Rec-027_std_2,3,9,1458,core,331,331,0.0,4.0,0.9832,333,333,343,336,1.0,True,97.0613,117.7843,91.7325,5.0442,95.5318,"117.78,110.73,106.39,103.13,100.96,99.33,98.25,98.25,98.25,97.70,97.70,103.67,102.04,99.33,98.25,97.16,96.62,96.07,95.53,95.53,95.53,95.53,98.25,96.62,95.53,95.53,94.99,94.45,94.45,94.45,94.45,93.36,93.36,94.45,94.45,93.36,93.36,93.36,92.28,92.28,92.28,92.28,91.73,91.73"
Rec-027_std_2,3,10,1459,core,336,331,0.0,5.0,0.9863,338,333,348,336,1.0,True,96.7036,113.9851,90.6471,4.5261,95.5318,"113.99,108.56,104.22,102.04,100.42,99.87,99.33,98.25,98.25,98.25,97.70,103.13,100.96,98.79,97.70,97.16,96.62,96.62,96.07,95.53,95.53,94.99,97.70,96.62,95.53,95.53,94.99,94.99,94.45,94.45,93.36,93.36,92.28,94.45,93.36,93.36,93.36,93.36,92.28,92.28,91.73,91.73,91.19,90.65"
Rec-027_std_2,3,11,1460,core,341,331,0.0,5.0,0.9828,343,333,353,336,1.0,True,95.2851,110.7286,87.9333,4.6638,94.4463,"110.73,106.93,103.13,101.50,99.87,99.33,98.25,97.70,96.07,95.53,93.36,102.04,99.87,98.25,97.70,96.62,96.07,95.53,94.45,94.45,92.28,91.19,97.16,96.07,95.53,94.99,94.45,93.36,93.36,92.28,91.19,90.10,89.56,93.36,93.36,93.36,92.28,92.28,91.19,91.19,90.65,89.56,88.48,87.93"
Rec-027_std_2,3,12,1461,core,345,331,0.0,4.0,0.9854,347,333,357,336,1.0,True,92.3616,112.8996,78.7067,7.0547,92.2753,"112.90,108.01,103.67,100.96,98.25,97.16,95.53,93.36,91.19,87.93,80.88,102.04,100.42,98.25,96.62,95.53,94.45,92.28,91.19,89.56,86.31,80.33,97.16,95.53,94.45,93.36,92.28,91.19,90.65,89.56,87.93,84.13,79.79,93.36,92.28,92.28,91.19,90.65,89.56,87.93,86.85,85.22,83.05,78.71"
Rec-027_std_2,3,13,1462,core,350,331,0.0,5.0,0.9809,352,333,362,336,0.5455,False,84.0848,107.4722,74.3647,8.8578,81.4204,"107.47,102.04,98.25,94.45,90.10,83.05,78.71,77.08,75.99,75.45,75.45,99.33,96.07,94.45,91.73,87.93,81.96,78.16,76.54,75.99,75.45,74.91,94.45,92.28,90.65,89.02,85.76,80.88,77.62,75.99,75.45,75.45,74.91,90.65,89.56,87.93,86.31,84.13,79.79,77.62,75.99,75.45,74.91,74.36"
Rec-027_std_2,3,14,1463,core,354,331,0.0,4.0,0.9831,356,333,366,336,0.1818,False,78.534,100.9592,74.3647,5.6365,75.9929,"100.96,90.10,84.13,79.79,77.62,77.08,75.99,75.99,75.45,74.91,74.91,93.36,85.76,80.88,78.16,77.08,76.54,75.99,75.45,74.91,74.91,74.36,88.48,82.51,78.71,77.62,76.54,75.99,75.99,75.45,74.91,74.36,74.36,85.22,80.88,78.16,77.08,75.99,75.45,75.45,74.91,74.36,74.36,74.36"
Rec-027_std_2,4,1,1612,core,290,331,0.0,0.0,0.9849,292,333,302,336,1.0,True,95.2481,121.5835,87.9333,6.3024,92.818,"121.58,111.81,107.47,103.67,100.96,99.87,98.79,98.25,98.25,97.16,96.62,98.79,98.79,97.70,95.53,95.53,95.53,95.53,94.45,94.45,94.45,93.36,92.28,92.28,92.28,92.28,92.28,92.28,92.28,92.28,92.28,91.73,91.73,87.93,88.48,89.56,90.10,90.65,90.65,90.65,90.65,90.10,90.10,89.56"
Rec-027_std_2,4,2,1613,core,293,331,0.0,3.0,0.9841,295,333,305,336,1.0,True,96.3952,124.84,90.1043,6.7752,94.7176,"124.84,115.07,109.10,105.30,101.50,99.87,98.79,98.25,97.70,96.62,95.53,104.22,102.04,99.87,98.25,96.62,95.53,95.53,94.99,94.45,93.36,93.36,96.62,95.53,94.99,94.45,93.36,93.36,93.36,92.28,92.28,91.73,91.73,91.73,91.73,91.19,91.73,91.19,91.19,91.19,90.65,90.10,90.10,90.10"
Rec-027_std_2,4,3,1614,core,298,331,0.0,5.0,0.9824,300,333,310,336,1.0,True,95.4331,117.7843,89.5616,5.4928,94.4463,"117.78,110.19,105.30,102.04,99.87,98.25,97.70,96.62,96.07,95.53,94.99,103.13,100.96,98.25,96.62,95.53,94.99,94.45,94.45,93.36,92.28,92.28,97.16,95.53,94.99,94.45,93.36,93.36,92.28,92.28,91.73,91.19,91.19,92.28,92.28,92.28,91.19,91.19,91.19,90.65,90.10,90.10,90.10,89.56"
Rec-027_std_2,4,4,1615,core,302,331,0.0,4.0,0.9854,304,333,314,336,1.0,True,95.8155,123.2118,89.5616,6.3109,93.9035,"123.21,112.90,106.93,103.13,99.87,98.25,97.70,96.62,96.07,95.53,94.99,104.22,102.04,98.79,97.16,95.53,94.99,94.45,93.36,93.36,92.28,92.28,97.70,96.07,94.99,94.45,93.36,93.36,92.28,92.28,91.73,91.19,91.19,93.36,92.28,92.28,91.73,91.19,91.19,91.19,90.65,90.10,90.10,89.56"
Rec-027_std_2,4,5,1616,core,307,331,0.0,5.0,0.9826,309,333,319,336,1.0,True,94.7546,113.9851,89.5616,4.819,93.3608,"113.99,108.56,103.13,100.42,98.25,97.16,96.62,96.07,95.53,94.99,94.45,102.04,99.33,97.16,95.53,94.99,94.45,93.36,93.36,92.28,92.28,92.28,96.07,94.99,94.45,93.36,93.36,92.28,92.28,91.73,91.19,91.19,91.19,92.28,92.28,92.28,91.73,91.19,91.19,90.65,90.10,90.10,89.56,89.56"
Rec-027_std_2,4,6,1617,core,311,331,0.0,4.0,0.9865,313,333,323,336,1.0,True,95.3837,118.8698,90.6471,5.4501,93.3608,"118.87,110.19,105.30,101.50,98.79,97.70,97.16,96.07,95.53,95.53,94.99,103.13,100.42,98.25,96.07,95.53,94.45,94.45,93.36,93.36,93.36,92.28,96.62,95.53,94.45,93.36,93.36,92.28,92.28,92.28,91.73,91.73,91.73,93.36,92.28,91.73,91.19,91.19,91.19,91.19,91.19,90.65,90.65,90.65"
Rec-027_std_2,4,7,1618,core,316,331,0.0,5.0,0.9841,318,333,328,336,1.0,True,95.1,112.8996,91.1898,4.3135,93.9035,"112.90,106.93,103.13,99.87,98.25,97.70,96.62,96.07,95.53,95.53,95.53,101.50,98.79,97.16,95.53,94.99,94.45,94.45,94.45,93.36,93.36,93.36,96.07,94.99,94.45,93.36,93.36,93.36,92.28,92.28,92.28,92.28,92.28,92.28,92.28,92.28,91.73,91.73,91.73,91.19,91.19,91.19,91.19,91.19"
Rec-027_std_2,4,8,1619,core,320,331,0.0,4.0,0.9864,322,333,332,336,1.0,True,96.0992,117.7843,91.1898,5.0358,94.7176,"117.78,110.19,105.30,101.50,99.33,98.25,97.70,97.16,96.62,96.07,95.53,103.13,100.42,98.25,96.62,95.53,95.53,94.99,94.99,94.45,94.45,94.45,97.16,95.53,94.99,94.45,94.45,93.36,93.36,93.36,93.36,93.36,92.28,93.36,93.36,92.28,92.28,92.28,92.28,92.28,91.73,91.73,91.73,91.19"
Rec-027_std_2,4,9,1620,core,325,331,0.0,5.0,0.984,327,333,337,336,1.0,True,96.0375,111.8141,91.7325,4.0158,95.2604,"111.81,106.93,103.13,100.96,99.33,98.25,98.25,97.70,97.16,96.62,96.07,102.04,99.33,98.25,96.62,96.07,95.53,95.53,95.53,94.99,94.99,94.45,96.62,95.53,95.53,94.45,94.45,94.45,94.45,93.36,93.36,93.36,93.36,93.36,93.36,93.36,93.36,92.28,92.28,92.28,91.73,91.73,91.73,91.73"
Rec-027_std_2,4,10,1621,core,329,331,0.0,4.0,0.9865,331,333,341,336,1.0,True,96.7529,116.1561,91.7325,4.7345,95.5318,"116.16,109.64,105.30,102.04,99.87,98.79,98.25,98.25,97.70,97.16,96.62,103.67,100.96,99.33,97.70,96.62,96.62,95.53,95.53,95.53,95.53,94.99,98.25,96.62,95.53,95.53,94.99,94.99,94.45,94.45,94.45,93.36,93.36,94.45,93.36,93.36,93.36,92.28,92.28,92.28,92.28,92.28,91.73,91.73"
Rec-027_std_2,4,11,1622,core,338,331,0.0,9.0,0.9862,340,333,350,336,1.0,True,96.3212,113.9851,89.5616,4.7702,95.5318,"113.99,109.10,105.30,102.04,100.42,98.79,98.25,98.25,97.70,96.07,95.53,103.13,100.96,99.33,98.25,97.16,96.07,95.53,95.53,94.99,94.45,93.36,97.70,96.62,96.07,95.53,94.99,94.45,94.45,93.36,92.28,92.28,91.73,94.45,94.45,93.36,93.36,92.28,92.28,91.73,91.19,91.19,90.65,89.56"
Rec-027_std_2,4,12,1623,core,343,331,0.0,5.0,0.9849,345,333,355,336,1.0,True,93.9899,110.1859,84.6769,5.0768,93.3608,"110.19,105.84,103.13,100.42,98.79,97.70,96.62,95.53,93.36,92.28,90.65,102.04,99.33,98.25,96.62,95.53,94.99,94.45,93.36,91.73,90.65,89.02,96.62,95.53,94.99,94.45,93.36,92.28,91.73,91.19,89.56,88.48,86.85,93.36,93.36,92.28,91.73,91.19,90.65,89.56,89.02,87.93,86.31,84.68"
Rec-027_std_2,4,13,1624,core,347,331,0.0,4.0,0.9847,349,333,359,336,0.8182,False,89.1175,111.8141,75.9929,8.6741,89.8329,"111.81,106.39,102.04,98.79,96.07,94.45,91.73,88.48,81.42,78.16,76.54,102.04,98.79,97.16,95.53,93.36,91.73,90.10,87.39,80.88,77.62,75.99,96.07,94.99,93.36,92.28,91.19,89.56,87.93,85.22,79.79,77.08,75.99,92.28,91.73,91.19,89.56,89.02,87.39,85.76,83.05,78.71,76.54,75.99"
Rec-027_std_2,4,14,1625,core,355,331,0.0,8.0,0.9831,357,333,367,336,0.0909,False,77.7445,95.5318,73.822,4.3217,75.9929,"95.53,87.93,83.05,79.79,77.62,77.08,75.99,75.99,75.45,74.91,74.91,88.48,83.05,79.79,77.62,77.08,75.99,75.99,75.45,74.91,74.91,74.36,83.59,79.79,77.62,77.08,75.99,75.99,75.99,75.45,74.91,74.36,74.36,81.42,78.71,77.62,76.54,75.99,75.99,75.45,74.91,74.91,74.36,73.82"
Rec-027_std_2,5,1,1767,core,291,331,0.0,1.0,0.9833,293,333,303,336,1.0,True,96.4446,121.0408,89.5616,6.1063,94.7176,"121.04,112.90,108.01,104.22,102.04,100.96,99.87,99.33,98.79,98.25,97.70,102.04,100.42,98.25,97.70,97.16,96.62,96.07,95.53,95.53,94.99,94.45,94.99,94.45,94.45,94.45,94.45,94.45,93.36,93.36,93.36,92.28,92.28,89.56,90.65,91.19,91.19,91.19,91.73,91.19,91.19,91.19,90.65,90.10"
Rec-027_std_2,5,2,1768,core,304,331,0.0,13.0,0.9855,306,333,316,336,1.0,True,96.5679,125.3828,90.1043,6.7192,94.7176,"125.38,115.07,109.10,103.67,100.96,98.79,98.25,97.16,96.62,95.53,94.99,105.84,103.13,100.42,98.25,96.07,95.53,94.99,94.45,93.36,93.36,92.28,98.79,97.16,95.53,94.99,94.45,93.36,93.36,92.28,92.28,92.28,91.19,94.45,93.36,92.28,92.28,92.28,91.73,91.19,91.19,90.65,90.65,90.10"
Rec-027_std_2,5,3,1769,core,309,331,0.0,5.0,0.9841,311,333,321,336,1.0,True,95.5934,117.2416,90.1043,5.3482,93.9035,"117.24,110.73,105.30,102.04,98.79,98.25,97.16,96.07,95.53,95.53,94.45,103.67,101.50,98.25,96.62,95.53,94.99,94.45,93.36,93.36,93.36,92.28,97.70,96.07,94.99,94.45,93.36,93.36,92.28,92.28,92.28,91.73,91.19,93.36,93.36,92.28,92.28,91.73,91.19,91.19,91.19,90.65,90.65,90.10"
Rec-027_std_2,5,4,1770,core,322,331,0.0,13.0,0.9864,324,333,334,336,1.0,True,96.3706,119.4126,91.1898,5.2792,94.989,"119.41,110.73,105.84,102.04,99.87,98.25,98.25,97.70,96.62,96.62,96.07,103.13,100.96,98.79,97.16,96.07,95.53,95.53,94.99,94.99,94.45,94.45,97.70,96.07,95.53,94.45,94.45,94.45,93.36,93.36,93.36,93.36,92.28,93.36,93.36,92.28,92.28,92.28,92.28,92.28,91.73,91.73,91.73,91.19"
Rec-027_std_2,5,5,1771,core,327,331,0.0,5.0,0.9858,329,333,339,336,1.0,True,96.6419,113.9851,92.2753,4.3218,95.5318,"113.99,108.56,104.22,101.50,99.87,98.79,98.25,98.25,98.25,97.70,97.70,103.13,100.42,98.25,97.16,96.62,96.07,95.53,95.53,95.53,95.53,95.53,97.70,96.07,95.53,94.99,94.45,94.45,94.45,94.45,94.45,94.45,93.36,94.45,93.36,93.36,93.36,93.36,92.28,92.28,92.28,92.28,92.28,92.28"
Rec-027_std_2,5,6,1772,core,331,331,0.0,4.0,0.9866,333,333,343,336,1.0,True,97.8631,117.7843,92.2753,5.0724,96.6172,"117.78,111.81,106.93,103.67,102.04,100.96,99.87,99.33,98.79,98.79,98.25,105.30,103.13,100.42,98.79,98.25,97.70,97.16,97.16,96.62,96.07,96.07,98.25,97.70,96.62,95.53,95.53,95.53,95.53,94.99,94.99,94.45,94.45,94.99,94.45,94.45,93.36,93.36,93.36,93.36,93.36,92.28,92.28,92.28"
Rec-027_std_2,5,7,1773,core,336,331,0.0,5.0,0.9861,338,333,348,336,1.0,True,97.5054,113.9851,91.1898,4.5396,96.3459,"113.99,109.64,105.84,103.13,101.50,100.96,99.87,99.87,98.79,98.25,98.25,103.67,102.04,99.87,98.25,98.25,97.70,97.70,97.16,96.07,96.07,95.53,98.25,97.16,96.62,96.07,95.53,95.53,95.53,94.99,94.45,94.45,93.36,94.99,94.45,94.45,94.45,93.36,93.36,93.36,92.28,92.28,91.73,91.19"
Rec-027_std_2,5,8,1774,core,345,331,0.0,9.0,0.9853,347,333,357,336,1.0,True,93.5705,112.8996,79.7922,7.0359,93.3608,"112.90,109.10,105.30,102.04,99.87,98.25,96.62,94.45,92.28,89.56,81.96,103.67,101.50,99.33,98.25,96.62,95.53,94.45,92.28,91.19,87.93,80.88,98.25,96.62,95.53,94.99,94.45,92.28,91.73,90.10,89.56,85.76,80.33,94.45,93.36,93.36,92.28,91.19,90.65,89.56,87.93,86.85,84.13,79.79"
Rec-027_std_2,5,9,1775,core,354,331,0.0,9.0,0.9833,356,333,366,336,0.1818,False,78.608,100.9592,74.3647,5.7489,75.9929,"100.96,90.10,83.59,79.79,77.62,77.08,75.99,75.99,75.45,74.91,74.91,94.45,85.76,80.88,78.16,77.08,75.99,75.99,75.45,74.91,74.91,74.36,89.56,83.05,78.71,77.62,76.54,75.99,75.99,75.45,74.91,74.91,74.36,85.76,80.88,78.16,77.08,75.99,75.45,75.45,74.91,74.91,74.36,74.36"
Rec-027_std_2,6,1,1910,core,290,331,0.0,0.0,0.9857,292,333,302,336,1.0,True,96.3952,121.0408,88.4761,6.0574,94.7176,"121.04,112.90,108.01,104.22,102.04,100.96,100.42,99.87,99.33,98.79,98.25,98.79,99.33,98.25,96.62,96.07,96.62,96.07,95.53,95.53,95.53,94.99,93.36,93.36,93.36,93.36,94.45,94.45,94.45,94.45,94.45,93.36,93.36,88.48,89.56,90.65,91.19,91.19,91.73,91.73,91.73,91.19,91.19,91.19"
Rec-027_std_2,6,2,1911,core,293,331,0.0,3.0,0.9822,295,333,305,336,1.0,True,98.2578,131.3529,91.1898,7.5334,95.8031,"131.35,118.87,111.81,107.47,103.67,102.04,100.96,99.87,98.79,98.25,97.16,106.39,104.22,102.04,99.87,98.25,97.70,97.16,96.07,95.53,95.53,94.45,98.25,97.70,96.62,95.53,95.53,95.53,94.99,94.45,94.45,93.36,93.36,92.28,93.36,93.36,93.36,92.28,92.28,92.28,92.28,91.73,91.73,91.19"
Rec-027_std_2,6,3,1912,core,302,331,0.0,9.0,0.9839,304,333,314,336,1.0,True,97.3574,128.6392,90.6471,7.2347,95.2604,"128.64,117.24,110.73,105.30,102.04,99.87,98.25,97.70,96.62,96.07,95.53,107.47,104.22,101.50,98.79,97.16,96.07,95.53,94.99,94.45,93.36,93.36,99.87,98.25,96.62,95.53,94.45,94.45,93.36,93.36,92.28,92.28,92.28,94.99,94.45,93.36,93.36,92.28,92.28,91.73,91.19,91.19,90.65,90.65"
Rec-027_std_2,6,4,1913,core,316,331,0.0,14.0,0.9874,318,333,328,336,1.0,True,95.5194,116.6988,91.1898,4.9575,94.4463,"116.70,109.64,104.22,100.96,98.25,97.70,96.62,96.07,95.53,95.53,94.99,102.04,100.42,98.25,96.07,95.53,94.99,94.45,94.45,93.36,93.36,93.36,97.16,95.53,94.99,94.45,93.36,93.36,92.28,92.28,92.28,92.28,92.28,93.36,93.36,92.28,92.28,91.73,91.19,91.19,91.19,91.19,91.19,91.19"
Rec-027_std_2,6,5,1914,core,321,331,0.0,5.0,0.9839,323,333,333,336,1.0,True,95.4331,111.8141,91.1898,4.0022,94.4463,"111.81,106.39,102.04,99.87,98.25,97.70,97.16,97.16,96.62,96.07,95.53,101.50,98.79,97.16,95.53,95.53,94.99,94.99,94.45,94.45,94.45,94.45,96.07,95.53,94.45,94.45,93.36,93.36,93.36,93.36,93.36,93.36,92.28,93.36,92.28,92.28,92.28,91.73,91.73,91.73,91.73,91.73,91.19,91.19"
Rec-027_std_2,6,6,1915,core,325,331,0.0,4.0,0.9874,327,333,337,336,1.0,True,96.4939,115.6133,91.7325,4.6399,95.5318,"115.61,109.10,105.30,101.50,99.87,98.25,98.25,98.25,97.70,97.16,96.62,103.13,100.42,98.25,97.16,96.62,96.07,95.53,95.53,95.53,95.53,94.99,97.16,96.07,95.53,94.99,94.45,94.45,94.45,94.45,93.36,93.36,93.36,93.36,93.36,93.36,93.36,92.28,92.28,92.28,92.28,91.73,91.73,91.73"
Rec-027_std_2,6,7,1916,core,334,331,0.0,9.0,0.9872,336,333,346,336,1.0,True,97.3697,113.9851,92.2753,4.3207,96.3459,"113.99,109.10,105.30,102.04,100.96,99.87,99.33,98.79,98.79,98.25,98.25,103.67,101.50,99.33,98.25,98.25,97.16,97.16,96.62,96.62,96.07,95.53,98.25,97.16,96.07,95.53,95.53,95.53,94.99,94.99,94.45,94.45,94.45,94.45,94.45,94.45,94.45,93.36,93.36,93.36,93.36,92.28,92.28,92.28"
Rec-027_std_2,6,8,1917,core,343,331,0.0,9.0,0.9863,345,333,355,336,1.0,True,95.6674,113.9851,86.3051,5.4682,94.7176,"113.99,109.10,105.30,103.13,100.96,99.33,98.25,97.16,95.53,94.45,92.28,103.67,101.50,99.87,98.25,97.70,96.62,95.53,94.99,93.36,91.73,90.65,98.25,97.16,96.07,95.53,94.99,94.45,93.36,92.28,91.19,90.10,88.48,94.45,94.45,93.36,93.36,92.28,91.73,91.19,90.10,89.02,87.93,86.31"
Rec-027_std_2,6,9,1918,core,348,331,0.0,5.0,0.9831,350,333,360,336,0.7273,False,87.958,109.6431,74.9074,9.1611,89.5616,"109.64,105.30,101.50,98.25,95.53,93.36,89.56,82.51,78.16,76.54,75.99,101.50,98.79,97.16,94.99,93.36,91.73,87.93,81.42,77.62,75.99,75.45,96.07,94.99,93.36,92.28,91.19,89.56,86.31,80.33,77.62,75.99,75.45,93.36,91.73,91.19,90.10,89.02,87.39,84.13,79.79,77.08,75.99,74.91"
Rec-027_std_2,6,10,1919,core,352,331,0.0,4.0,0.9844,354,333,364,336,0.3636,False,81.4944,106.9294,74.3647,8.4341,77.3498,"106.93,102.04,94.99,85.22,79.79,77.62,76.54,75.99,75.99,75.45,74.91,98.79,95.53,91.19,83.05,78.71,77.62,75.99,75.99,75.45,74.91,74.91,93.36,91.19,87.93,81.42,78.16,77.08,75.99,75.99,74.91,74.91,74.36,89.56,87.93,85.76,80.33,77.62,76.54,75.99,75.45,74.91,74.36,74.36"
Rec-027_std_2,6,11,1920,core,355,331,0.0,3.0,0.9822,357,333,367,336,0.0909,False,77.9296,96.0745,73.822,4.4971,75.9929,"96.07,89.02,84.13,79.79,77.62,77.08,75.99,75.99,75.45,74.91,74.91,89.02,83.59,79.79,77.62,77.08,75.99,75.99,75.99,75.45,74.91,74.91,84.13,80.33,78.16,77.08,76.54,75.99,75.99,75.45,74.91,74.91,73.82,81.42,78.71,77.62,76.54,75.99,75.99,75.45,74.91,74.91,74.36,74.36"
Rec-027_std_2,6,12,1921,core,355,330,90.0,1.0,0.9917,357,332,367,335,0.0909,False,78.9287,106.3867,74.3647,6.1951,76.2643,"106.39,92.28,86.31,81.42,78.71,77.62,76.54,75.99,75.99,75.45,75.45,93.36,86.85,81.96,78.71,77.62,76.54,75.99,75.99,75.45,74.91,74.91,87.39,81.96,78.71,77.62,76.54,75.99,75.99,75.45,74.91,74.36,74.91,83.59,79.79,77.62,77.08,75.99,75.99,75.45,75.45,74.91,74.36,74.36"
Rec-027_std_2,7,1,2058,core,290,331,0.0,0.0,0.9897,292,333,302,336,1.0,True,95.5688,115.0706,87.3906,5.4501,94.1749,"115.07,109.10,106.39,103.67,101.50,100.96,100.42,99.87,99.33,98.79,98.25,97.16,97.70,97.16,96.07,95.53,96.07,96.07,95.53,95.53,95.53,94.99,91.19,91.73,92.28,92.28,93.36,93.36,93.36,93.36,93.36,93.36,93.36,87.39,88.48,89.56,90.10,90.65,91.19,91.19,91.19,91.19,91.19,91.19"
Rec-027_std_2,7,2,2059,core,297,331,0.0,7.0,0.983,299,333,309,336,1.0,True,96.8146,119.4126,90.1043,5.802,95.2604,"119.41,112.90,108.01,103.67,101.50,99.87,98.79,98.25,97.16,96.07,95.53,105.30,103.13,100.42,98.25,97.16,96.07,95.53,94.99,94.45,93.36,93.36,98.25,97.16,96.07,95.53,94.99,94.45,94.45,93.36,93.36,92.28,91.73,94.45,94.45,93.36,93.36,92.28,92.28,91.73,91.19,91.19,90.65,90.10"
Rec-027_std_2,7,3,2060,core,301,331,0.0,4.0,0.9868,303,333,313,336,1.0,True,96.6543,123.7545,89.5616,6.502,94.989,"123.75,113.99,108.56,104.22,101.50,99.33,98.25,97.16,96.62,95.53,94.99,106.39,103.13,100.42,98.25,96.62,95.53,94.99,94.45,93.36,93.36,92.28,99.33,97.70,96.07,95.53,94.45,93.36,93.36,92.28,92.28,91.73,91.19,94.99,94.45,93.36,92.28,92.28,91.73,91.19,91.19,91.19,90.65,89.56"
Rec-027_std_2,7,4,2061,core,305,331,0.0,4.0,0.9839,307,333,317,336,1.0,True,96.6666,128.0965,90.1043,7.1169,94.4463,"128.10,116.16,109.64,104.22,100.96,98.79,97.70,97.16,96.07,95.53,94.99,106.39,103.13,100.42,98.25,96.07,95.53,94.45,94.45,93.36,93.36,92.28,98.79,97.70,95.53,94.99,94.45,93.36,93.36,92.28,92.28,91.73,91.19,94.45,93.36,93.36,92.28,92.28,91.73,91.19,91.19,90.65,90.10,90.10"
Rec-027_std_2,7,5,2062,core,310,331,0.0,5.0,0.9879,312,333,322,336,1.0,True,95.4084,118.8698,89.5616,5.5733,93.9035,"118.87,110.73,105.30,102.04,99.33,98.25,96.62,96.07,95.53,94.99,94.45,103.13,100.96,98.25,96.07,95.53,94.45,94.45,93.36,93.36,92.28,92.28,97.70,95.53,94.45,94.45,93.36,93.36,92.28,92.28,91.19,91.19,91.19,93.36,92.28,92.28,92.28,91.73,91.19,91.19,90.65,90.10,90.10,89.56"
Rec-027_std_2,7,6,2063,core,315,331,0.0,5.0,0.9849,317,333,327,336,1.0,True,94.8163,112.8996,90.6471,4.4301,93.3608,"112.90,106.93,103.13,99.87,98.25,97.16,96.07,95.53,95.53,94.99,94.99,101.50,98.79,97.16,95.53,94.45,94.45,93.36,93.36,93.36,93.36,93.36,96.07,94.99,94.45,93.36,93.36,92.28,92.28,91.73,91.73,91.73,91.73,92.28,92.28,91.73,91.73,91.19,91.19,91.19,90.65,90.65,90.65,90.65"
Rec-027_std_2,7,7,2064,core,319,331,0.0,4.0,0.9878,321,333,331,336,1.0,True,95.7044,116.1561,91.1898,4.7875,94.4463,"116.16,109.10,104.22,100.96,98.79,97.70,97.16,96.62,96.62,96.07,96.07,102.04,99.87,97.70,96.07,95.53,94.99,94.45,94.45,94.45,94.45,94.45,96.62,95.53,94.45,94.45,93.36,93.36,93.36,93.36,93.36,93.36,92.28,93.36,92.28,92.28,92.28,91.73,91.73,91.19,91.19,91.19,91.19,91.19"
Rec-027_std_2,7,8,2065,core,324,331,0.0,5.0,0.9853,326,333,336,336,1.0,True,96.1115,111.8141,92.2753,3.8801,95.5318,"111.81,106.39,103.13,100.42,98.79,98.25,97.70,97.70,97.70,97.70,97.16,101.50,98.79,97.70,96.62,96.07,95.53,95.53,95.53,95.53,95.53,95.53,96.07,95.53,94.99,94.45,94.45,94.45,94.45,94.45,94.45,94.45,94.45,93.36,92.28,92.28,92.28,92.28,92.28,92.28,92.28,92.28,92.28,92.28"
Rec-027_std_2,7,9,2066,core,328,331,0.0,4.0,0.9877,330,333,340,336,1.0,True,97.5054,115.6133,93.3608,4.3789,96.6172,"115.61,109.64,105.30,102.04,100.96,99.87,99.33,98.79,98.79,98.25,98.25,103.13,101.50,98.79,98.25,97.70,97.16,97.16,96.62,96.62,96.62,96.62,97.70,97.16,96.07,95.53,95.53,95.53,95.53,94.99,94.99,94.99,94.99,94.45,94.45,94.45,93.36,93.36,93.36,93.36,93.36,93.36,93.36,93.36"
Rec-027_std_2,7,10,2067,core,333,331,0.0,5.0,0.9857,335,333,345,336,1.0,True,97.5301,111.8141,92.2753,3.8652,96.8886,"111.81,107.47,104.22,102.04,101.50,100.42,99.87,99.33,98.79,98.79,98.25,103.13,100.96,99.33,98.25,98.25,97.70,97.70,97.16,97.16,96.62,96.62,97.70,97.16,96.62,96.07,95.53,95.53,95.53,95.53,95.53,94.99,94.45,94.45,94.45,94.45,94.45,94.45,94.45,93.36,93.36,93.36,92.28,92.28"
Rec-027_std_2,7,11,2068,core,337,331,0.0,4.0,0.9872,339,333,349,336,1.0,True,98.1345,115.6133,91.7325,4.6654,97.16,"115.61,110.73,106.39,103.67,102.04,101.50,100.42,99.87,99.33,98.79,98.25,105.30,102.04,100.96,99.33,98.79,98.25,98.25,97.70,97.16,96.62,96.07,98.79,98.25,97.16,96.62,96.07,96.07,95.53,95.53,94.99,94.45,94.45,95.53,94.99,94.99,94.45,94.45,94.45,93.36,93.36,93.36,92.28,91.73"
Rec-027_std_2,7,12,2069,core,342,331,0.0,5.0,0.9855,344,333,354,336,1.0,True,96.6049,112.8996,87.9333,5.0378,95.5318,"112.90,109.10,105.30,103.13,102.04,100.96,99.33,98.25,97.16,95.53,93.36,103.67,102.04,100.42,98.79,98.25,97.70,96.62,95.53,94.99,93.36,91.73,98.79,98.25,97.16,96.62,95.53,95.53,94.45,93.36,92.28,91.19,89.56,95.53,94.99,94.45,94.45,93.36,93.36,92.28,91.19,90.65,89.56,87.93"
Rec-027_std_2,7,13,2070,core,346,331,0.0,4.0,0.986,348,333,358,336,0.9091,False,92.4356,115.0706,77.0784,8.5703,93.3608,"115.07,109.64,105.30,102.04,99.87,97.70,95.53,93.36,89.56,81.96,78.16,104.22,102.04,99.87,98.25,96.62,94.99,93.36,91.19,87.93,80.88,77.62,98.25,97.70,96.07,94.99,94.45,92.28,91.19,89.56,86.31,80.33,77.08,94.99,94.45,93.36,92.28,91.19,90.10,88.48,87.39,84.68,79.79,77.08"
Rec-027_std_2,7,14,2071,core,351,331,0.0,5.0,0.9836,353,333,363,336,0.4545,False,83.283,108.0149,74.3647,9.168,78.4353,"108.01,103.13,98.25,92.28,84.13,79.79,77.62,76.54,75.99,75.45,75.45,100.42,97.16,94.45,90.10,83.05,78.71,77.08,75.99,75.99,75.45,74.91,94.99,93.36,91.19,87.93,81.42,78.16,76.54,75.99,75.45,74.91,74.91,91.19,90.10,88.48,85.76,80.88,77.62,75.99,75.45,74.91,74.91,74.36"
Rec-027_std_2,7,15,2072,core,355,331,0.0,4.0,0.9838,357,333,367,336,0.0909,False,77.6582,94.4463,74.3647,4.1663,75.9929,"94.45,87.39,82.51,79.79,77.62,76.54,75.99,75.99,75.45,75.45,74.91,87.93,82.51,79.79,77.62,76.54,75.99,75.99,75.45,75.45,74.91,74.36,84.13,79.79,77.62,77.08,75.99,75.99,75.45,75.45,74.91,74.36,74.36,81.96,78.71,77.62,75.99,75.99,75.45,75.45,74.91,74.36,74.36,74.36"
Rec-027_std_2,8,1,2213,core,290,331,0.0,0.0,0.9861,292,333,302,336,1.0,True,96.938,122.1263,89.0188,6.194,95.2604,"122.13,113.99,108.56,105.30,102.04,101.50,100.96,100.42,99.87,99.33,98.25,99.87,100.42,98.79,97.70,97.16,97.16,97.16,96.07,96.07,95.53,95.53,93.36,94.45,94.45,94.45,94.45,94.45,94.99,94.45,94.45,93.36,93.36,89.02,90.10,90.65,91.19,92.28,92.28,92.28,92.28,92.28,91.73,91.19"
Rec-027_std_2,8,2,2214,core,298,331,0.0,8.0,0.9862,300,333,310,336,1.0,True,97.2463,122.669,90.1043,6.3262,95.5318,"122.67,113.99,109.10,105.30,102.04,100.42,99.33,98.25,97.16,96.07,95.53,106.39,103.67,101.50,98.79,97.70,96.62,95.53,94.99,94.45,93.36,93.36,99.33,98.25,97.16,96.07,95.53,94.45,94.45,93.36,92.28,91.73,91.73,94.99,94.45,94.45,93.36,93.36,92.28,92.28,91.19,91.19,90.65,90.10"
Rec-027_std_2,8,3,2215,core,302,331,0.0,4.0,0.9863,304,333,314,336,1.0,True,96.8886,127.011,89.5616,7.0902,94.989,"127.01,116.16,109.64,105.30,102.04,99.33,98.25,97.16,96.62,95.53,94.99,106.93,103.67,100.96,98.25,97.16,95.53,94.99,94.45,93.36,93.36,92.28,99.33,98.25,96.62,95.53,94.45,93.36,93.36,92.28,92.28,91.73,91.19,94.99,94.45,93.36,92.28,92.28,91.73,91.19,91.19,90.65,90.10,89.56"
Rec-027_std_2,8,4,2216,core,307,331,0.0,5.0,0.9872,309,333,319,336,1.0,True,95.4454,117.7843,89.5616,5.4863,93.9035,"117.78,110.73,105.30,102.04,98.79,98.25,97.16,96.07,95.53,95.53,94.45,103.67,100.96,98.25,96.62,95.53,94.99,94.45,93.36,93.36,92.28,92.28,97.70,96.07,94.99,94.45,93.36,92.28,92.28,92.28,91.73,91.19,91.19,93.36,92.28,92.28,92.28,91.73,91.19,91.19,90.65,90.10,90.10,89.56"
Rec-027_std_2,8,5,2217,core,311,331,0.0,4.0,0.987,313,333,323,336,1.0,True,95.7291,121.5835,90.1043,6.0394,93.9035,"121.58,111.81,106.93,103.13,99.87,98.25,97.16,96.07,95.53,95.53,94.45,104.22,101.50,98.79,97.16,95.53,94.99,94.45,93.36,93.36,92.28,92.28,97.70,96.07,94.99,94.45,93.36,93.36,92.28,92.28,91.73,91.19,91.19,93.36,92.28,92.28,91.73,91.73,91.19,91.19,90.65,90.65,90.10,90.10"
Rec-027_std_2,8,6,2218,core,320,331,0.0,9.0,0.9862,322,333,332,336,1.0,True,96.1732,119.4126,91.7325,5.3118,94.7176,"119.41,111.27,105.30,102.04,99.33,98.25,97.70,97.16,96.62,96.62,95.53,103.13,100.96,98.25,97.16,95.53,95.53,94.99,94.99,94.45,94.45,94.45,97.16,95.53,94.99,94.45,93.36,93.36,93.36,93.36,93.36,93.36,93.36,93.36,92.28,92.28,92.28,92.28,91.73,91.73,91.73,91.73,91.73,91.73"
Rec-027_std_2,8,7,2219,core,325,331,0.0,5.0,0.9875,327,333,337,336,1.0,True,96.6419,113.9851,92.2753,4.1897,95.5318,"113.99,108.01,104.22,101.50,99.87,98.79,98.25,98.25,97.70,97.70,97.16,102.04,100.42,98.25,97.16,96.62,96.07,96.07,95.53,95.53,95.53,95.53,97.16,95.53,95.53,94.99,94.99,94.99,94.45,94.45,94.45,94.45,94.45,93.36,93.36,93.36,93.36,93.36,93.36,93.36,92.28,92.28,92.28,92.28"
Rec-027_std_2,8,8,2220,core,329,331,0.0,4.0,0.9856,331,333,341,336,1.0,True,98.0358,118.8698,93.3608,4.8836,96.6172,"118.87,111.27,106.93,103.67,101.50,100.42,99.87,99.33,98.79,98.79,98.25,104.22,102.04,100.42,98.79,98.25,97.70,97.16,97.16,96.62,96.62,96.07,98.25,97.70,96.62,96.07,95.53,95.53,95.53,95.53,95.53,94.99,94.99,94.99,94.99,94.45,94.45,94.45,94.45,93.36,93.36,93.36,93.36,93.36"
Rec-027_std_2,8,9,2221,core,334,331,0.0,5.0,0.9877,336,333,346,336,1.0,True,97.9988,113.9851,92.2753,4.2191,97.16,"113.99,109.64,105.84,103.13,101.50,100.42,99.87,99.33,99.33,98.79,98.25,103.67,102.04,100.42,98.79,98.25,98.25,97.70,97.16,97.16,97.16,96.62,98.79,97.70,97.16,96.62,96.07,96.07,95.53,95.53,95.53,94.99,94.99,95.53,94.99,94.99,94.45,94.45,94.45,94.45,93.36,93.36,93.36,92.28"
Rec-027_std_2,8,10,2222,core,338,331,0.0,4.0,0.9847,340,333,350,336,1.0,True,98.2948,117.7843,91.7325,4.9808,97.4314,"117.78,111.27,107.47,104.22,102.04,100.96,100.42,99.87,99.87,98.79,98.25,105.30,103.13,100.96,99.87,98.79,98.25,97.70,97.70,97.16,96.62,96.07,99.33,98.25,97.70,97.16,96.62,96.07,95.53,95.53,94.99,94.45,94.45,95.53,95.53,94.99,94.45,94.45,94.45,93.36,93.36,92.28,92.28,91.73"
Rec-027_std_2,8,11,2223,core,343,331,0.0,5.0,0.9869,345,333,355,336,1.0,True,96.5679,113.9851,87.3906,5.2338,95.5318,"113.99,109.10,105.84,103.13,102.04,100.42,99.33,98.25,96.62,94.99,93.36,104.22,102.04,100.42,99.33,98.25,97.70,96.62,95.53,94.45,93.36,91.19,98.79,98.25,97.16,96.62,95.53,95.53,94.45,93.36,91.73,91.19,89.56,95.53,94.99,94.99,94.45,93.36,93.36,92.28,91.19,90.10,89.02,87.39"
Rec-027_std_2,8,12,2224,core,347,331,0.0,4.0,0.9829,349,333,359,336,0.8182,False,91.4982,116.1561,75.9929,9.7443,92.818,"116.16,110.73,106.39,103.13,99.33,97.16,94.99,91.19,83.05,78.71,77.08,105.30,103.13,100.42,98.25,96.07,94.99,93.36,89.56,82.51,78.16,76.54,98.79,97.70,96.07,94.99,93.36,92.28,90.65,87.39,80.88,77.62,75.99,94.99,94.45,93.36,92.28,91.19,89.56,88.48,85.76,80.33,77.62,75.99"
Rec-027_std_2,8,13,2225,core,352,331,0.0,5.0,0.9848,354,333,364,336,0.3636,False,82.0248,109.1004,74.3647,9.0982,77.3498,"109.10,103.13,96.07,85.76,80.33,77.62,76.54,75.99,75.99,75.45,74.91,100.42,97.70,92.28,84.13,79.79,77.62,75.99,75.99,75.45,74.91,74.91,94.99,93.36,89.56,82.51,78.71,77.08,75.99,75.45,74.91,74.91,74.36,91.19,89.56,86.85,80.88,77.62,76.54,75.45,75.45,74.91,74.36,74.36"
Rec-027_std_2,8,14,2226,core,355,331,0.0,3.0,0.9829,357,333,367,336,0.0909,False,78.0159,97.16,73.822,4.7165,75.9929,"97.16,89.02,84.13,80.33,77.62,77.08,75.99,75.99,75.45,74.91,74.91,89.56,84.13,80.33,77.62,77.08,75.99,75.99,75.45,75.45,74.91,74.91,84.68,80.88,78.16,77.08,75.99,75.99,75.45,75.45,74.91,74.91,74.36,82.51,78.71,77.62,76.54,75.99,75.99,75.45,74.91,74.91,74.36,73.82"
Rec-027_std_2,9,1,2367,core,290,331,0.0,0.0,0.9873,292,333,302,336,1.0,True,97.0737,120.498,88.4761,5.8877,95.2604,"120.50,111.81,108.01,105.30,103.13,102.04,101.50,100.96,100.42,99.87,98.79,98.79,99.33,98.79,97.70,97.70,97.70,97.70,97.16,96.62,96.07,95.53,93.36,93.36,94.45,94.45,94.99,94.99,94.99,94.99,94.99,94.45,94.45,88.48,89.56,91.19,91.19,92.28,92.28,92.28,92.28,92.28,92.28,92.28"
Rec-027_std_2,9,2,2368,core,301,331,0.0,11.0,0.9869,303,333,313,336,1.0,True,97.6287,126.4682,90.6471,6.8385,95.5318,"126.47,116.16,110.19,105.30,102.04,100.42,98.79,98.25,97.16,96.07,95.53,107.47,104.22,102.04,99.33,97.70,96.62,95.53,94.99,94.45,93.36,93.36,100.42,98.79,97.16,96.62,95.53,94.45,94.45,93.36,93.36,92.28,91.73,95.53,94.99,94.45,94.45,93.36,92.28,92.28,91.73,91.19,91.19,90.65"
Rec-027_std_2,9,3,2369,core,310,331,0.0,9.0,0.9876,312,333,322,336,1.0,True,95.6674,121.0408,89.5616,5.9737,94.4463,"121.04,111.81,106.39,102.04,99.33,98.25,96.62,96.07,95.53,94.99,94.45,104.22,102.04,98.79,97.16,95.53,94.45,94.45,93.36,93.36,92.28,92.28,98.25,96.62,94.99,94.45,93.36,93.36,92.28,92.28,91.19,91.19,91.19,94.45,93.36,92.28,92.28,91.73,91.19,90.65,90.65,90.10,89.56,89.56"
Rec-027_std_2,9,4,2370,core,315,331,0.0,5.0,0.9872,317,333,327,336,1.0,True,94.841,113.9851,90.6471,4.6593,93.3608,"113.99,108.01,103.13,99.87,98.25,96.62,96.07,95.53,95.53,94.99,94.99,102.04,99.33,97.16,95.53,94.45,94.45,93.36,93.36,93.36,93.36,93.36,96.62,94.99,94.45,93.36,92.28,92.28,92.28,91.73,91.73,91.73,91.73,92.28,92.28,91.73,91.19,91.19,91.19,90.65,90.65,90.65,90.65,90.65"
Rec-027_std_2,9,5,2371,core,324,331,0.0,9.0,0.9874,326,333,336,336,1.0,True,96.4569,113.9851,92.2753,4.1376,95.5318,"113.99,107.47,103.13,100.96,99.33,98.25,98.25,98.25,98.25,97.70,97.70,102.04,99.87,98.25,96.62,96.07,96.07,95.53,95.53,95.53,95.53,95.53,96.62,95.53,95.53,94.99,94.45,94.45,94.45,94.45,94.45,94.45,94.45,93.36,93.36,93.36,93.36,93.36,92.28,92.28,92.28,92.28,92.28,92.28"
Rec-027_std_2,9,6,2372,core,333,331,0.0,9.0,0.9876,335,333,345,336,1.0,True,98.2455,113.9851,93.3608,4.0301,97.4314,"113.99,109.10,105.30,103.13,102.04,100.96,99.87,99.87,99.33,99.33,98.25,103.67,102.04,100.42,99.33,98.25,98.25,98.25,97.70,97.70,97.16,97.16,98.25,97.70,97.16,96.62,96.62,96.62,96.07,95.53,95.53,95.53,95.53,95.53,94.99,94.99,94.99,94.45,94.45,94.45,94.45,94.45,94.45,93.36"
Rec-027_std_2,9,7,2373,core,337,331,0.0,4.0,0.9866,339,333,349,336,1.0,True,99.0473,117.7843,92.2753,4.8413,97.9741,"117.78,111.81,108.01,105.30,103.13,102.04,100.96,100.42,99.87,99.33,98.79,105.84,103.67,102.04,100.42,99.33,99.33,98.25,98.25,97.70,97.70,96.62,99.87,99.33,98.25,97.70,97.16,97.16,96.62,96.07,95.53,95.53,94.99,96.62,96.07,95.53,95.53,95.53,94.99,94.45,94.45,94.45,93.36,92.28"
Rec-027_std_2,9,8,2374,core,342,331,0.0,5.0,0.9872,344,333,354,336,1.0,True,97.5547,113.9851,88.4761,5.105,96.6172,"113.99,110.19,106.39,104.22,102.04,101.50,100.42,98.79,97.70,95.53,94.45,105.30,103.13,101.50,100.42,99.33,98.25,98.25,96.62,95.53,94.45,92.28,99.87,98.79,98.25,97.70,97.16,96.07,95.53,94.45,93.36,91.73,90.65,96.62,96.07,95.53,95.53,94.99,94.45,93.36,92.28,91.19,90.10,88.48"
Rec-027_std_2,9,9,2375,core,346,331,0.0,4.0,0.9851,348,333,358,336,0.9091,False,93.2004,116.6988,77.0784,8.9164,94.4463,"116.70,111.27,106.93,103.13,100.42,98.25,96.07,94.45,90.10,82.51,77.62,105.84,103.13,100.96,98.79,97.16,95.53,94.45,92.28,88.48,81.42,77.62,99.87,98.25,97.16,95.53,94.45,93.36,91.73,90.10,86.85,80.88,77.62,95.53,95.53,94.45,93.36,92.28,91.19,89.56,87.93,85.22,79.79,77.08"
Rec-027_std_2,9,10,2376,core,351,331,0.0,5.0,0.9853,353,333,363,336,0.4545,False,83.6407,109.6431,74.3647,9.6715,78.4353,"109.64,104.22,99.33,93.36,84.13,79.79,77.62,75.99,75.99,75.45,75.45,101.50,98.25,95.53,90.65,83.05,78.71,77.08,75.99,75.99,75.45,74.91,96.07,94.45,92.28,88.48,81.96,78.16,76.54,75.99,75.45,74.91,74.36,92.28,91.19,89.56,86.31,80.88,77.62,75.99,75.45,74.91,74.91,74.36"
Rec-027_std_2,9,11,2377,core,355,331,0.0,4.0,0.9849,357,333,367,336,0.0909,False,77.6582,94.4463,74.3647,4.2569,75.9929,"94.45,87.39,83.05,79.79,77.62,76.54,75.99,75.99,75.45,74.91,74.91,88.48,83.05,79.79,77.62,76.54,75.99,75.99,75.45,74.91,74.91,74.36,84.13,79.79,78.16,77.08,75.99,75.99,75.45,74.91,74.91,74.36,74.36,81.96,78.71,77.62,75.99,75.99,75.45,74.91,74.91,74.36,74.36,74.36"
Rec-027_std_2,10,1,2514,core,290,331,0.0,0.0,0.9827,292,333,302,336,1.0,True,97.8878,128.0965,89.5616,7.1274,95.8031,"128.10,117.24,111.27,107.47,104.22,103.13,101.50,100.96,100.96,99.87,98.79,101.50,102.04,100.42,98.25,97.70,97.70,97.70,97.16,96.62,96.62,96.07,94.45,94.45,94.45,94.45,94.99,95.53,94.99,94.99,94.99,94.45,94.45,89.56,90.65,91.19,92.28,92.28,92.28,92.28,92.28,92.28,92.28,92.28"
Rec-027_std_2,10,2,2515,core,304,331,0.0,14.0,0.9869,306,333,316,336,1.0,True,96.6419,120.498,90.6471,5.7729,94.989,"120.50,111.81,107.47,103.13,100.42,98.79,98.25,97.16,96.62,95.53,95.53,105.30,103.13,99.87,98.25,96.62,95.53,94.99,94.45,94.45,93.36,93.36,99.33,97.70,96.07,95.53,94.99,94.45,93.36,93.36,92.28,92.28,91.73,94.99,94.45,93.36,93.36,92.28,92.28,91.73,91.73,91.19,90.65,90.65"
Rec-027_std_2,10,3,2516,core,313,331,0.0,9.0,0.9877,315,333,325,336,1.0,True,95.9018,116.1561,91.1898,4.9552,94.4463,"116.16,109.64,105.30,102.04,99.33,98.25,97.70,96.62,96.07,95.53,95.53,103.13,100.42,98.25,96.62,95.53,95.53,94.45,94.45,94.45,93.36,93.36,97.70,96.07,95.53,94.45,94.45,93.36,93.36,93.36,92.28,92.28,92.28,93.36,93.36,93.36,92.28,92.28,91.73,91.73,91.19,91.19,91.19,91.19"
Rec-027_std_2,10,4,2517,core,322,331,0.0,9.0,0.9884,324,333,334,336,1.0,True,96.5556,115.0706,92.2753,4.4293,95.5318,"115.07,108.56,104.22,101.50,99.33,98.25,98.25,97.70,97.70,97.70,97.70,103.13,100.42,98.25,97.16,96.07,95.53,95.53,95.53,95.53,95.53,95.53,97.16,96.07,95.53,94.99,94.45,94.45,94.45,94.45,94.45,94.45,94.45,94.45,93.36,93.36,92.28,92.28,92.28,92.28,92.28,92.28,92.28,92.28"
Rec-027_std_2,10,5,2518,core,326,331,0.0,4.0,0.9862,328,333,338,336,1.0,True,97.6534,117.7843,93.3608,4.7876,96.6172,"117.78,110.73,106.39,103.13,100.96,99.87,99.33,99.33,98.79,98.79,98.79,103.67,101.50,99.87,98.25,97.16,97.16,96.62,96.62,96.62,96.62,96.62,98.25,97.16,96.07,95.53,95.53,95.53,94.99,94.99,94.99,94.99,94.99,94.45,94.45,93.36,93.36,93.36,93.36,93.36,93.36,93.36,93.36,93.36"
Rec-027_std_2,10,6,2519,core,331,331,0.0,5.0,0.9882,333,333,343,336,1.0,True,98.3935,113.9851,94.4463,4.1178,97.9741,"113.99,109.64,105.84,103.13,102.04,101.50,100.96,100.42,99.87,99.87,99.87,103.67,102.04,99.87,98.79,98.25,98.25,98.25,98.25,98.25,98.25,97.70,98.25,97.70,96.62,96.62,96.62,96.07,96.07,96.07,95.53,95.53,95.53,94.99,94.99,94.45,94.45,94.45,94.45,94.45,94.45,94.45,94.45,94.45"
Rec-027_std_2,10,7,2520,core,335,331,0.0,4.0,0.9855,337,333,347,336,1.0,True,99.4913,117.7843,94.4463,4.7366,98.2455,"117.78,111.81,108.56,105.30,103.13,102.04,102.04,101.50,100.96,100.96,100.96,105.84,103.67,102.04,100.96,99.87,99.33,99.33,98.79,98.25,98.25,98.25,99.87,98.79,98.25,97.70,97.70,97.16,97.16,96.62,96.62,96.07,96.07,96.07,95.53,95.53,95.53,95.53,94.99,94.99,94.45,94.45,94.45,94.45"
Rec-027_std_2,10,8,2521,core,340,331,0.0,5.0,0.9879,342,333,352,336,1.0,True,98.9363,115.6133,91.1898,4.7911,98.2455,"115.61,110.73,107.47,105.30,103.13,103.13,102.04,101.50,100.42,99.33,98.25,105.84,103.67,102.04,100.96,99.87,99.87,98.79,98.25,97.70,97.16,95.53,99.87,99.33,98.25,98.25,97.70,97.16,96.62,96.07,95.53,94.45,93.36,96.62,96.07,95.53,95.53,95.53,94.99,94.45,94.45,93.36,92.28,91.19"
Rec-027_std_2,10,9,2522,core,344,331,0.0,4.0,0.9838,346,333,356,336,1.0,True,97.16,117.7843,85.2196,6.5845,96.0745,"117.78,112.90,109.10,105.84,103.13,101.50,99.87,98.25,96.07,94.45,90.10,106.93,104.22,103.13,100.96,99.87,98.25,97.16,95.53,94.45,92.28,89.02,100.42,99.33,98.25,98.25,97.16,95.53,94.99,93.36,91.73,90.65,86.85,96.62,96.07,95.53,95.53,94.45,93.36,92.28,91.19,89.56,87.93,85.22"
Rec-027_std_2,10,10,2523,core,349,331,0.0,5.0,0.9862,351,333,361,336,0.6364,False,87.5263,111.8141,74.9074,10.344,88.7475,"111.81,108.01,103.13,99.33,96.07,91.73,83.05,78.71,77.08,75.99,75.45,103.67,100.96,98.25,95.53,94.45,90.10,83.05,78.71,76.54,75.99,75.45,98.25,96.07,94.99,93.36,91.19,87.93,81.42,77.62,75.99,75.45,74.91,94.45,93.36,92.28,90.65,89.56,85.76,80.88,77.62,75.99,75.45,74.91"
Rec-027_std_2,10,11,2524,core,353,331,0.0,4.0,0.982,355,333,365,336,0.2727,False,80.89,110.1859,74.3647,8.5232,76.5357,"110.19,101.50,89.56,83.05,79.79,77.62,76.54,75.99,75.99,75.45,74.91,100.96,94.99,85.76,80.88,78.16,76.54,75.99,75.45,75.45,75.45,74.91,94.99,90.65,83.05,79.79,77.08,75.99,75.99,75.45,74.91,74.91,74.36,91.19,87.93,81.96,78.16,77.08,75.99,75.45,75.45,74.91,74.36,74.36"
Rec-027_std_2,10,12,2525,core,355,330,26.57,2.24,0.9878,357,332,367,335,0.0909,False,79.5085,112.8996,73.822,7.4133,76.2643,"112.90,95.53,87.93,83.05,79.79,77.62,76.54,75.99,75.99,75.45,74.91,96.07,88.48,83.59,79.79,77.62,76.54,75.99,75.99,74.91,74.91,74.91,89.56,83.05,79.79,77.62,77.08,75.99,75.99,75.45,74.91,74.36,74.36,84.68,80.33,78.16,77.08,75.99,75.99,75.45,74.91,74.91,74.36,73.82"
Rec-027_std_2,11,1,2660,core,290,331,0.0,0.0,0.9861,292,333,302,336,1.0,True,97.3204,123.7545,89.0188,6.3817,95.2604,"123.75,113.99,109.64,106.39,103.13,102.04,100.96,100.42,100.42,99.33,98.79,100.42,100.96,98.79,98.25,97.70,97.16,97.16,96.62,96.07,96.07,95.53,94.45,94.45,94.45,94.45,94.99,94.99,94.99,94.99,94.45,94.45,94.45,89.02,90.10,91.19,91.19,92.28,92.28,92.28,92.28,92.28,92.28,92.28"
Rec-027_std_2,11,2,2661,core,294,331,0.0,4.0,0.9857,296,333,306,336,1.0,True,98.8376,128.0965,91.7325,6.933,96.6172,"128.10,117.78,111.81,107.47,104.22,102.04,101.50,100.42,99.33,98.79,98.25,106.93,105.30,103.13,100.42,98.79,98.25,97.70,96.62,96.07,95.53,95.53,99.33,98.25,97.16,96.62,96.07,96.07,95.53,94.99,94.45,94.45,94.45,94.45,94.45,94.45,94.45,94.45,93.36,93.36,92.28,92.28,92.28,91.73"
Rec-027_std_2,11,3,2662,core,299,331,0.0,5.0,0.9872,301,333,311,336,1.0,True,97.6781,122.1263,91.1898,5.969,95.8031,"122.13,113.99,108.56,105.30,102.04,100.42,99.33,98.25,98.25,97.16,96.07,106.39,103.67,100.96,98.79,97.70,97.16,96.07,95.53,95.53,94.45,94.45,99.33,98.25,97.16,96.07,95.53,95.53,94.45,94.45,94.45,93.36,92.28,94.99,94.99,94.45,94.45,93.36,93.36,92.28,92.28,91.73,91.73,91.19"
Rec-027_std_2,11,4,2663,core,303,331,0.0,4.0,0.9871,305,333,315,336,1.0,True,97.7768,126.4682,91.1898,6.7259,95.5318,"126.47,116.16,110.19,105.30,102.04,100.42,98.79,98.25,97.16,96.62,95.53,107.47,104.22,101.50,99.33,97.70,96.62,95.53,95.53,94.99,94.45,93.36,100.42,98.79,97.16,96.07,95.53,94.99,94.45,94.45,93.36,92.28,92.28,95.53,94.99,94.45,94.45,93.36,93.36,92.28,92.28,91.73,91.19,91.19"
Rec-027_std_2,11,5,2664,core,308,331,0.0,5.0,0.9877,310,333,320,336,1.0,True,96.4076,117.7843,91.1898,5.3092,94.989,"117.78,111.27,106.39,102.04,99.87,98.79,98.25,97.16,96.07,95.53,95.53,104.22,102.04,99.33,97.70,96.62,95.53,94.99,94.45,94.45,93.36,93.36,98.79,97.70,95.53,95.53,94.45,94.45,93.36,93.36,92.28,92.28,92.28,94.99,94.45,93.36,93.36,92.28,92.28,91.73,91.19,91.19,91.19,91.19"
Rec-027_std_2,11,6,2665,core,317,331,0.0,9.0,0.988,319,333,329,336,1.0,True,96.0745,115.6133,91.1898,4.7117,94.7176,"115.61,109.10,104.22,101.50,99.33,98.25,97.70,97.16,96.07,95.53,95.53,103.13,100.42,98.25,97.16,96.07,95.53,94.99,94.45,94.45,94.45,94.45,97.70,96.07,95.53,94.99,94.45,94.45,93.36,93.36,93.36,93.36,92.28,94.45,93.36,93.36,92.28,92.28,92.28,91.73,91.73,91.19,91.19,91.19"
Rec-027_std_2,11,7,2666,core,321,331,0.0,4.0,0.9869,323,333,333,336,1.0,True,96.9626,119.4126,92.2753,5.175,95.5318,"119.41,111.27,106.39,103.13,99.87,98.79,98.25,97.70,97.16,97.16,97.16,103.67,101.50,99.33,97.70,96.62,95.53,95.53,95.53,95.53,95.53,95.53,98.25,96.62,95.53,94.99,94.45,94.45,94.45,94.45,94.45,94.45,94.45,94.45,94.45,93.36,93.36,92.28,92.28,92.28,92.28,92.28,92.28,92.28"
Rec-027_std_2,11,8,2667,core,326,331,0.0,5.0,0.9881,328,333,338,336,1.0,True,97.271,113.9851,93.3608,4.0559,96.6172,"113.99,108.01,104.22,102.04,100.42,99.33,98.79,98.79,98.79,98.25,98.25,103.13,100.42,98.25,97.70,97.16,97.16,97.16,96.62,96.62,96.62,96.62,97.70,96.62,95.53,95.53,95.53,95.53,95.53,95.53,94.99,94.99,94.99,94.45,94.45,93.36,93.36,93.36,93.36,93.36,93.36,93.36,93.36,93.36"
Rec-027_std_2,11,9,2668,core,339,331,0.0,13.0,0.9851,341,333,351,336,1.0,True,99.2076,117.7843,92.2753,5.0237,98.2455,"117.78,112.90,108.56,105.84,103.13,102.04,101.50,101.50,100.42,99.33,98.25,106.39,104.22,102.04,100.96,99.87,99.33,98.79,98.25,98.25,97.16,96.07,100.42,99.33,98.25,98.25,97.70,97.16,96.62,96.62,95.53,95.53,94.45,96.62,96.07,96.07,95.53,95.53,94.99,94.45,94.45,93.36,93.36,92.28"
Rec-027_std_2,11,10,2669,core,344,331,0.0,5.0,0.9872,346,333,356,336,1.0,True,96.3952,113.9851,84.6769,5.9728,95.8031,"113.99,110.19,106.93,103.67,102.04,100.42,98.25,97.16,95.53,93.36,89.02,105.30,103.13,101.50,99.87,98.79,98.25,96.62,95.53,93.36,91.73,87.93,99.87,98.79,98.25,97.16,96.62,95.53,94.45,93.36,91.73,90.10,86.31,96.62,96.07,95.53,94.99,94.45,93.36,92.28,91.19,89.56,87.93,84.68"
Rec-027_std_2,11,11,2670,core,348,331,0.0,4.0,0.9837,350,333,360,336,0.7273,False,89.8946,116.1561,75.4502,10.6621,91.1898,"116.16,110.19,105.84,102.04,98.25,95.53,91.19,83.05,78.71,77.08,75.99,105.84,103.13,100.42,98.25,95.53,93.36,89.56,82.51,78.16,75.99,75.45,99.87,98.25,96.07,94.99,93.36,91.19,87.93,80.88,77.62,75.99,75.45,95.53,94.45,93.36,92.28,91.19,89.56,85.76,80.33,77.62,75.99,75.45"
Rec-027_std_2,11,12,2671,core,355,330,8.13,7.07,0.9864,357,332,367,335,0.0909,False,79.7428,115.0706,74.3647,7.7639,76.2643,"115.07,97.16,88.48,83.59,79.79,77.62,76.54,75.99,75.99,75.45,74.91,96.62,89.02,83.59,79.79,77.62,76.54,75.99,75.99,75.45,74.91,74.91,89.56,83.59,79.79,78.16,77.08,75.99,75.99,75.45,74.91,74.36,74.36,85.22,80.88,78.16,77.08,75.99,75.99,75.99,75.45,74.91,74.36,74.36"
Rec-027_std_2,12,1,2798,core,290,331,0.0,0.0,0.9884,292,333,302,336,1.0,True,96.901,117.7843,89.0188,5.641,95.2604,"117.78,111.81,108.01,105.30,103.13,102.04,101.50,100.42,100.42,99.87,98.79,98.79,99.33,98.25,97.70,97.16,97.16,97.16,96.62,96.62,96.07,95.53,93.36,93.36,93.36,94.45,94.45,94.45,94.99,94.99,94.99,94.45,94.45,89.02,89.56,91.19,91.73,91.73,92.28,92.28,92.28,92.28,92.28,92.28"
Rec-027_std_2,12,2,2799,core,292,331,0.0,2.0,0.985,294,333,304,336,1.0,True,98.0111,119.4126,92.2753,5.6194,96.3459,"119.41,113.99,109.10,105.30,103.13,102.04,101.50,100.42,99.87,99.33,98.79,104.22,102.04,100.96,99.33,98.25,98.25,97.70,97.16,96.62,96.07,95.53,96.62,96.62,96.07,95.53,95.53,95.53,95.53,95.53,94.99,94.45,94.45,92.28,93.36,93.36,93.36,93.36,93.36,93.36,93.36,92.28,92.28,92.28"
Rec-027_std_2,12,3,2800,core,296,331,0.0,4.0,0.9864,298,333,308,336,1.0,True,99.0226,128.0965,91.7325,6.9432,96.8886,"128.10,117.78,111.81,107.47,104.22,102.04,100.96,99.87,99.33,98.25,97.70,108.56,105.84,103.13,100.96,99.33,98.25,97.16,96.62,96.07,95.53,94.99,100.96,99.33,98.25,97.16,96.62,96.07,95.53,94.99,94.45,94.45,93.36,95.53,94.99,94.99,94.45,94.45,94.45,93.36,93.36,92.28,92.28,91.73"
Rec-027_std_2,12,4,2801,core,301,331,0.0,5.0,0.9861,303,333,313,336,1.0,True,97.6781,121.5835,91.1898,5.9353,95.8031,"121.58,113.99,108.56,105.30,102.04,100.42,98.79,98.25,97.70,96.62,96.07,106.93,103.67,101.50,98.79,97.70,96.62,96.07,95.53,94.99,94.45,94.45,99.87,98.25,97.16,96.62,95.53,94.99,94.45,94.45,93.36,93.36,92.28,95.53,95.53,94.99,94.45,93.36,93.36,93.36,92.28,91.73,91.73,91.19"
Rec-027_std_2,12,5,2802,core,305,331,0.0,4.0,0.9875,307,333,317,336,1.0,True,97.6411,124.84,91.1898,6.4158,95.5318,"124.84,115.07,109.64,105.30,102.04,99.87,98.79,98.25,97.16,96.07,95.53,106.93,103.67,101.50,98.79,97.70,96.62,95.53,94.99,94.45,94.45,93.36,99.87,98.25,97.16,96.07,95.53,94.99,94.45,94.45,93.36,93.36,92.28,95.53,94.99,94.45,94.45,94.45,93.36,92.28,92.28,91.73,91.19,91.19"
Rec-027_std_2,12,6,2803,core,310,331,0.0,5.0,0.9873,312,333,322,336,1.0,True,96.4076,117.2416,91.1898,5.1035,94.989,"117.24,110.73,105.84,102.04,99.87,98.25,97.70,96.62,96.07,95.53,95.53,104.22,101.50,99.33,97.70,96.07,95.53,94.99,94.45,94.45,93.36,93.36,98.79,97.16,95.53,95.53,94.99,94.45,93.36,93.36,93.36,92.28,92.28,94.99,94.45,94.45,93.36,93.36,92.28,91.73,91.73,91.73,91.19,91.19"
Rec-027_std_2,12,7,2804,core,314,331,0.0,4.0,0.9879,316,333,326,336,1.0,True,96.6543,119.4126,91.7325,5.3334,94.989,"119.41,111.81,106.39,102.04,99.87,98.25,97.70,97.16,96.62,96.62,96.07,104.22,102.04,99.33,97.70,96.07,95.53,94.99,94.99,94.45,94.45,94.45,98.25,97.16,95.53,95.53,94.45,94.45,94.45,93.36,93.36,93.36,93.36,94.45,94.45,93.36,93.36,92.28,92.28,92.28,91.73,91.73,91.73,91.73"
Rec-027_std_2,12,8,2805,core,319,331,0.0,5.0,0.988,321,333,331,336,1.0,True,96.6913,113.9851,92.2753,4.2776,95.5318,"113.99,108.56,104.22,101.50,99.87,98.79,98.25,98.25,98.25,97.70,97.70,103.13,100.42,98.25,97.16,96.07,95.53,95.53,95.53,95.53,95.53,95.53,97.70,96.07,95.53,95.53,94.99,94.45,94.45,94.45,94.45,94.45,94.45,94.45,93.36,93.36,93.36,93.36,93.36,92.28,92.28,92.28,92.28,92.28"
Rec-027_std_2,12,9,2806,core,323,331,0.0,4.0,0.9879,325,333,335,336,1.0,True,98.1715,119.4126,93.3608,4.9142,97.16,"119.41,111.81,106.93,103.13,102.04,100.42,99.87,99.33,98.79,98.79,98.79,104.22,102.04,100.42,98.79,98.25,97.70,97.16,97.16,97.16,97.16,97.16,98.25,97.70,96.62,96.07,95.53,95.53,95.53,95.53,95.53,95.53,95.53,94.45,94.45,94.45,94.45,94.45,94.45,94.45,94.45,93.36,93.36,93.36"
Rec-027_std_2,12,10,2807,core,328,331,0.0,5.0,0.9878,330,333,340,336,1.0,True,98.6525,115.6133,94.4463,4.2612,97.9741,"115.61,110.19,106.39,103.13,102.04,101.50,100.96,100.42,100.42,99.87,99.87,104.22,102.04,100.42,99.33,98.79,98.25,98.25,98.25,98.25,97.70,97.70,98.79,98.25,97.16,97.16,96.62,96.62,96.62,96.07,96.07,95.53,95.53,95.53,95.53,94.99,94.99,94.99,94.45,94.45,94.45,94.45,94.45,94.45"
Rec-027_std_2,12,11,2808,core,332,331,0.0,4.0,0.9872,334,333,344,336,1.0,True,99.738,118.8698,94.4463,4.9177,98.2455,"118.87,112.90,109.10,105.84,103.67,103.13,102.04,101.50,100.96,100.96,100.42,106.39,104.22,102.04,100.96,100.42,99.33,98.79,98.79,98.25,98.25,98.25,100.42,99.33,98.25,98.25,97.70,97.70,97.16,96.62,96.62,96.62,96.07,96.62,96.07,95.53,95.53,95.53,95.53,95.53,94.99,94.45,94.45,94.45"
Rec-027_std_2,12,12,2809,core,337,331,0.0,5.0,0.9877,339,333,349,336,1.0,True,99.3803,116.1561,93.3608,4.5215,98.2455,"116.16,111.27,107.47,105.30,103.13,102.04,102.04,101.50,100.96,100.42,99.33,105.84,103.67,102.04,100.96,100.42,99.33,98.79,98.79,98.25,98.25,97.70,99.87,99.33,98.25,98.25,97.70,97.16,97.16,96.62,96.07,95.53,95.53,96.62,96.62,96.07,95.53,95.53,95.53,94.99,94.45,94.45,94.45,93.36"
Rec-027_std_2,12,13,2810,core,341,331,0.0,4.0,0.9856,343,333,353,336,1.0,True,99.0226,117.7843,90.6471,5.3759,98.2455,"117.78,112.90,109.10,105.84,103.67,103.13,102.04,100.42,99.33,98.25,96.62,106.93,104.22,103.13,101.50,100.42,99.33,98.79,98.25,97.70,96.07,94.99,100.96,99.87,98.79,98.25,98.25,97.70,96.62,95.53,94.99,94.45,92.28,97.16,96.62,95.53,95.53,95.53,94.99,94.45,94.45,92.28,91.73,90.65"
Rec-027_std_2,12,14,2811,core,346,331,0.0,5.0,0.9865,348,333,358,336,0.9091,False,93.3238,113.9851,77.0784,8.599,94.4463,"113.99,109.64,105.84,103.13,100.96,98.25,96.07,94.45,90.65,82.51,78.16,105.30,103.13,100.96,98.79,97.70,96.07,94.45,92.28,89.02,81.42,77.62,99.87,98.25,97.70,96.07,94.99,94.45,92.28,90.65,87.39,80.88,77.62,95.53,95.53,94.99,94.45,92.28,91.73,90.10,88.48,85.76,79.79,77.08"
Rec-027_std_2,12,15,2812,core,350,331,0.0,4.0,0.984,352,333,362,336,0.5455,False,85.9844,113.9851,74.3647,10.7759,82.5059,"113.99,108.01,103.13,98.25,92.28,84.13,78.71,77.62,75.99,75.99,74.91,104.22,101.50,98.25,95.53,90.65,83.05,78.71,77.08,75.99,75.45,74.91,98.25,96.07,94.45,92.28,88.48,81.96,78.16,76.54,75.45,75.45,74.91,94.45,92.28,91.19,89.56,86.31,80.88,77.62,75.99,75.45,74.91,74.36"
Rec-027_std_2,12,16,2813,core,355,331,0.0,5.0,0.983,357,333,367,336,0.0909,False,77.4115,93.3608,74.3647,4.0454,75.9929,"93.36,86.31,81.96,78.71,77.62,75.99,75.99,75.45,74.91,74.91,74.36,87.93,82.51,78.71,77.62,76.54,75.99,75.45,75.45,74.91,74.36,74.36,84.13,79.79,77.62,76.54,75.99,75.45,75.45,74.91,74.91,74.36,74.36,81.96,78.71,77.62,75.99,75.99,75.45,75.45,74.91,74.36,74.36,74.36"
Rec-027_std_2,13,1,2936,core,290,331,0.0,0.0,0.9876,292,333,302,336,1.0,True,96.9996,121.5835,89.0188,6.0962,94.989,"121.58,113.99,108.56,105.30,102.04,101.50,100.96,100.42,99.87,99.33,98.79,99.87,99.87,98.79,97.70,97.16,97.16,97.16,96.62,96.07,96.07,95.53,93.36,94.45,93.36,94.45,94.45,94.45,94.45,94.45,94.45,94.45,94.45,89.02,90.10,91.19,91.19,92.28,92.28,92.28,92.28,92.28,92.28,91.73"
Rec-027_std_2,13,2,2937,core,293,331,0.0,3.0,0.9846,295,333,305,336,1.0,True,99.109,130.8102,92.2753,7.3588,96.8886,"130.81,118.87,112.90,108.56,105.30,103.13,101.50,100.96,99.87,99.33,98.25,106.93,105.30,103.13,100.96,99.33,98.25,98.25,97.16,96.62,96.07,95.53,98.25,98.25,97.16,96.62,96.07,95.53,95.53,95.53,94.99,94.45,94.45,93.36,94.45,94.45,94.45,93.36,93.36,93.36,93.36,92.28,92.28,92.28"
Rec-027_std_2,13,3,2938,core,298,331,0.0,5.0,0.988,300,333,310,336,1.0,True,98.4429,124.84,91.1898,6.477,96.3459,"124.84,116.16,110.73,106.39,103.13,102.04,100.42,98.79,98.25,97.70,97.16,107.47,105.30,102.04,100.42,98.25,97.70,97.16,96.07,95.53,94.99,94.45,100.42,98.79,97.70,96.62,96.07,95.53,95.53,94.45,94.45,93.36,93.36,95.53,95.53,94.99,94.45,94.45,94.45,93.36,92.28,92.28,91.73,91.19"
Rec-027_std_2,13,4,2939,core,302,331,0.0,4.0,0.9866,304,333,314,336,1.0,True,98.3442,129.182,91.1898,7.1773,95.8031,"129.18,117.78,111.81,106.93,103.13,100.96,99.87,98.79,98.25,97.16,96.62,108.01,105.30,102.04,99.87,98.25,97.16,96.07,95.53,94.99,94.99,94.45,100.96,98.79,97.70,96.62,95.53,94.99,94.45,94.45,93.36,93.36,93.36,95.53,95.53,94.45,94.45,93.36,93.36,92.28,92.28,92.28,91.73,91.19"
Rec-027_std_2,13,5,2940,core,316,331,0.0,14.0,0.9892,318,333,328,336,1.0,True,96.5062,117.2416,91.7325,4.8511,95.2604,"117.24,110.19,105.30,102.04,99.33,98.25,97.70,97.16,96.62,96.07,96.07,103.13,100.96,98.79,97.16,96.07,95.53,95.53,94.99,94.99,94.45,94.45,98.25,96.62,95.53,95.53,94.45,94.45,94.45,93.36,93.36,93.36,93.36,94.45,94.45,93.36,93.36,93.36,92.28,92.28,92.28,92.28,91.73,91.73"
Rec-027_std_2,13,6,2941,core,325,331,0.0,9.0,0.9897,327,333,337,336,1.0,True,97.9618,116.1561,94.4463,4.2618,97.16,"116.16,109.64,105.84,103.13,100.96,99.87,99.33,98.79,98.79,99.33,98.79,103.13,101.50,99.33,98.25,97.70,97.16,97.16,97.16,97.16,97.16,97.16,98.25,97.70,96.62,96.07,95.53,95.53,95.53,95.53,95.53,95.53,95.53,94.99,94.45,94.45,94.45,94.45,94.45,94.45,94.45,94.45,94.45,94.45"
Rec-027_std_2,13,7,2942,core,330,331,0.0,5.0,0.9866,332,333,342,336,1.0,True,98.6279,112.8996,94.4463,3.6694,98.2455,"112.90,108.56,105.30,103.13,101.50,100.96,100.96,100.42,100.42,99.87,99.87,103.13,101.50,99.87,98.79,98.79,98.25,98.25,98.25,98.25,98.25,98.25,98.25,97.70,97.16,97.16,97.16,97.16,96.62,96.62,96.62,96.62,96.62,95.53,95.53,95.53,95.53,95.53,94.99,94.99,94.99,94.99,94.45,94.45"
Rec-027_std_2,13,8,2943,core,334,331,0.0,4.0,0.9894,336,333,346,336,1.0,True,100.0341,117.2416,94.989,4.4404,99.0596,"117.24,111.81,108.56,105.30,103.67,103.13,102.04,102.04,102.04,100.96,100.42,105.84,103.67,102.04,101.50,100.42,99.87,99.87,99.33,99.33,98.79,98.25,100.42,99.33,98.79,98.25,98.25,98.25,97.70,97.70,97.70,97.16,97.16,96.62,96.62,96.07,96.07,96.07,96.07,95.53,95.53,95.53,95.53,94.99"
Rec-027_std_2,13,9,2944,core,339,331,0.0,5.0,0.9861,341,333,351,336,1.0,True,99.7874,115.0706,93.3608,4.2907,98.7882,"115.07,110.73,107.47,105.30,103.67,103.13,102.04,102.04,100.96,99.87,98.79,105.84,103.67,103.13,101.50,100.96,100.42,99.87,99.33,98.79,98.25,97.70,100.42,99.87,99.33,98.79,98.25,98.25,98.25,97.70,96.62,96.07,95.53,97.70,97.16,96.62,96.62,96.07,95.53,95.53,95.53,94.45,94.45,93.36"
Rec-027_std_2,13,10,2945,core,348,331,0.0,9.0,0.9842,350,333,360,336,0.7273,False,89.7466,111.8141,74.9074,10.3076,91.4612,"111.81,108.01,104.22,100.96,98.25,95.53,91.19,83.05,78.71,76.54,75.45,105.30,102.04,99.87,98.25,95.53,94.45,90.10,82.51,77.62,75.99,75.45,99.33,98.25,96.62,95.53,94.45,91.73,87.93,81.42,77.62,75.99,75.45,96.07,95.53,94.45,92.28,91.19,89.56,85.76,80.33,77.62,75.99,74.91"
Rec-027_std_2,13,11,2946,core,352,331,0.0,4.0,0.9859,354,333,364,336,0.3636,False,82.3209,110.1859,74.3647,9.5476,77.3498,"110.19,104.22,97.16,86.31,80.33,77.62,76.54,75.99,75.45,74.91,74.91,102.04,98.25,93.36,84.13,79.79,77.62,76.54,75.99,75.45,74.91,74.36,96.07,94.45,89.56,82.51,78.71,77.08,75.99,75.45,74.91,74.91,74.36,92.28,91.19,87.93,81.42,78.16,76.54,75.99,74.91,74.91,74.36,74.36"
Rec-027_std_2,13,12,2947,core,355,330,18.43,3.16,0.9846,357,332,367,335,0.0909,False,79.8662,116.6988,74.3647,8.0831,76.2643,"116.70,98.25,89.56,84.13,79.79,77.62,76.54,75.99,75.99,75.45,74.91,97.16,89.02,84.13,79.79,77.62,76.54,75.99,75.99,75.45,74.91,74.36,90.10,83.59,80.33,78.16,76.54,75.99,75.99,75.45,74.91,74.91,74.36,85.22,80.88,78.16,77.08,75.99,75.99,75.45,75.45,74.91,74.36,74.36"
Rec-027_std_2,14,1,3076,core,290,331,0.0,0.0,0.9892,292,333,302,336,1.0,True,97.6041,118.8698,89.0188,5.7442,96.0745,"118.87,111.81,109.10,105.84,103.13,103.13,102.04,102.04,101.50,100.42,99.87,99.33,100.42,98.79,98.25,98.25,98.25,98.25,97.70,97.70,97.16,96.62,93.36,94.45,94.45,94.45,95.53,95.53,95.53,95.53,95.53,95.53,94.99,89.02,90.10,91.19,91.73,92.28,92.28,93.36,92.28,93.36,93.36,92.28"
Rec-027_std_2,14,2,3077,core,291,331,0.0,1.0,0.984,293,333,303,336,1.0,True,99.1583,129.182,91.1898,7.0564,96.8886,"129.18,117.78,112.90,108.56,105.30,103.67,102.04,102.04,100.96,100.42,99.87,105.30,103.67,102.04,100.42,99.33,98.79,98.25,98.25,97.70,97.16,97.16,96.62,96.62,96.07,96.62,96.07,96.62,96.07,96.07,95.53,95.53,95.53,91.19,92.28,93.36,93.36,94.45,93.36,93.36,93.36,93.36,93.36,93.36"
Rec-027_std_2,14,3,3078,core,296,331,0.0,5.0,0.988,298,333,308,336,1.0,True,99.3803,125.3828,92.2753,6.3798,97.7027,"125.38,116.70,111.27,107.47,104.22,103.13,102.04,100.96,99.87,99.33,98.25,108.01,105.30,103.13,100.96,99.87,98.79,98.25,97.70,97.16,96.07,95.53,100.42,99.33,98.25,97.70,97.16,96.62,96.07,95.53,95.53,94.99,94.45,95.53,95.53,95.53,94.99,94.45,94.45,94.45,93.36,93.36,93.36,92.28"
Rec-027_std_2,14,4,3079,core,300,331,0.0,4.0,0.9857,302,333,312,336,1.0,True,99.7134,131.3529,92.2753,7.3061,97.7027,"131.35,119.41,112.90,108.56,105.30,103.13,101.50,100.42,99.87,98.25,98.25,109.10,106.39,103.67,101.50,99.87,98.79,97.70,97.16,96.62,95.53,95.53,101.50,99.87,98.25,98.25,97.70,96.62,95.53,95.53,95.53,94.45,94.45,96.07,95.53,95.53,95.53,94.99,94.45,94.45,93.36,93.36,93.36,92.28"
Rec-027_std_2,14,5,3080,core,305,331,0.0,5.0,0.9889,307,333,317,336,1.0,True,98.1468,122.669,91.7325,5.9413,96.3459,"122.67,113.99,109.10,105.30,102.04,100.96,99.87,98.79,98.25,97.70,96.62,106.93,104.22,101.50,99.33,98.25,97.70,97.16,96.07,95.53,94.99,94.45,100.42,98.79,97.70,96.62,96.07,95.53,95.53,94.45,94.45,93.36,93.36,96.07,95.53,94.99,94.45,94.45,93.36,93.36,92.28,92.28,92.28,91.73"
Rec-027_std_2,14,6,3081,core,310,331,0.0,5.0,0.9859,312,333,322,336,1.0,True,96.8393,116.1561,91.1898,4.8906,95.5318,"116.16,110.19,105.84,102.04,100.42,99.33,98.25,97.70,96.62,96.07,95.53,105.30,102.04,99.33,98.25,96.62,96.07,95.53,95.53,94.45,94.45,93.36,98.79,97.70,96.62,95.53,95.53,94.45,94.45,93.36,93.36,93.36,93.36,95.53,94.99,94.45,94.45,93.36,93.36,92.28,92.28,91.73,91.73,91.19"
Rec-027_std_2,14,7,3082,core,314,331,0.0,4.0,0.9895,316,333,326,336,1.0,True,96.9873,118.8698,91.7325,5.2286,95.5318,"118.87,111.27,106.39,103.13,100.42,98.79,98.25,97.70,97.16,96.07,95.53,105.30,102.04,99.87,98.25,96.62,95.53,95.53,95.53,94.99,94.45,94.45,98.79,97.70,96.07,95.53,94.99,94.45,94.45,94.45,93.36,93.36,93.36,95.53,94.45,94.45,93.36,93.36,93.36,92.28,92.28,92.28,91.73,91.73"
Rec-027_std_2,14,8,3083,core,323,331,0.0,9.0,0.9894,325,333,335,336,1.0,True,97.4314,117.2416,93.3608,4.5564,96.0745,"117.24,110.19,105.30,102.04,100.42,99.33,98.79,98.25,98.25,97.70,97.70,103.67,101.50,99.33,98.25,97.16,96.62,96.62,96.07,96.07,95.53,95.53,98.25,97.16,96.07,95.53,95.53,95.53,94.99,94.99,94.99,94.99,94.45,94.99,94.45,94.45,94.45,94.45,93.36,93.36,93.36,93.36,93.36,93.36"
Rec-027_std_2,14,9,3084,core,328,331,0.0,5.0,0.9867,330,333,340,336,1.0,True,98.0728,112.8996,94.4463,3.7847,97.4314,"112.90,108.56,105.30,102.04,100.96,100.42,99.87,99.33,99.33,98.79,98.25,103.67,101.50,99.33,98.79,98.25,98.25,97.70,97.70,97.70,97.16,97.16,98.25,97.70,97.16,96.62,96.07,96.07,96.07,95.53,95.53,95.53,95.53,95.53,94.99,94.99,94.99,94.99,94.45,94.45,94.45,94.45,94.45,94.45"
Rec-027_std_2,14,10,3085,core,332,331,0.0,4.0,0.9895,334,333,344,336,1.0,True,99.257,116.6988,94.4463,4.3904,98.2455,"116.70,111.27,107.47,104.22,103.13,102.04,100.96,100.42,100.42,99.87,99.87,105.30,103.13,101.50,100.42,99.33,98.79,98.25,98.25,98.25,98.25,98.25,99.87,98.25,98.25,97.70,97.70,97.16,97.16,96.62,96.62,96.62,96.62,96.07,95.53,95.53,95.53,95.53,95.53,95.53,94.99,94.99,94.99,94.45"
Rec-027_std_2,14,11,3086,core,337,331,0.0,5.0,0.9874,339,333,349,336,1.0,True,99.6023,115.0706,94.4463,4.0009,98.5169,"115.07,110.19,106.39,104.22,103.13,102.04,101.50,101.50,100.96,100.42,99.87,105.30,103.13,101.50,100.96,100.42,99.87,99.33,98.79,98.79,98.25,98.25,100.42,99.33,98.25,98.25,98.25,98.25,97.70,97.70,97.16,96.62,96.62,97.16,96.62,96.07,96.07,96.07,96.07,95.53,95.53,95.53,94.99,94.45"
Rec-027_std_2,14,12,3087,core,341,331,0.0,4.0,0.9889,343,333,353,336,1.0,True,99.738,117.7843,91.7325,5.004,98.5169,"117.78,112.90,108.56,105.84,104.22,103.13,102.04,101.50,100.42,98.79,97.70,106.93,105.30,103.13,102.04,100.96,100.42,99.87,98.79,98.25,97.16,95.53,101.50,100.42,99.33,98.79,98.25,98.25,97.70,97.16,95.53,95.53,94.45,97.70,97.16,96.62,96.62,96.07,96.07,95.53,94.99,94.45,93.36,91.73"
Rec-027_std_2,14,13,3088,core,346,331,0.0,5.0,0.9866,348,333,358,336,0.9091,False,94.2983,115.0706,77.0784,8.8831,95.5318,"115.07,110.19,106.39,103.67,102.04,99.33,97.70,95.53,91.19,82.51,78.16,105.84,103.67,102.04,100.42,98.79,97.70,95.53,94.45,89.56,81.96,77.62,100.96,99.87,98.79,97.70,96.62,95.53,94.45,92.28,87.93,80.88,77.62,97.70,97.16,96.07,95.53,94.45,92.28,91.19,89.56,85.76,80.33,77.08"
Rec-027_std_2,14,14,3089,core,350,331,0.0,4.0,0.9877,352,333,362,336,0.5455,False,86.6752,115.0706,74.3647,11.3487,83.0486,"115.07,109.64,104.22,99.87,94.45,84.13,79.79,77.62,75.99,75.45,75.45,105.30,102.04,99.33,96.62,91.73,83.59,78.71,77.08,75.99,75.45,74.91,99.33,98.25,96.07,93.36,89.56,82.51,78.16,76.54,75.99,74.91,74.36,95.53,94.45,93.36,91.19,87.93,81.42,77.62,75.99,75.45,74.91,74.36"
Rec-027_std_2,14,15,3090,core,355,330,11.31,5.1,0.993,357,332,367,335,0.0909,False,79.0397,106.3867,74.3647,6.5029,75.9929,"106.39,92.28,85.76,81.42,78.71,77.62,75.99,75.99,75.99,75.45,74.91,95.53,86.85,82.51,78.71,77.62,75.99,75.99,75.45,74.91,74.91,74.36,89.56,83.05,79.79,77.62,76.54,75.99,75.45,75.45,74.91,74.36,74.36,85.76,80.33,78.16,77.08,75.99,75.99,75.45,74.91,74.91,74.36,74.36"
Rec-027_std_2,15,1,3212,core,290,331,0.0,0.0,0.9856,292,333,302,336,1.0,True,99.0843,127.011,89.5616,6.8334,96.8886,"127.01,117.78,111.81,108.56,105.30,103.67,103.13,103.13,102.04,101.50,100.96,102.04,103.13,101.50,99.87,99.33,98.79,98.79,98.25,98.25,98.25,97.70,94.99,95.53,95.53,95.53,96.07,96.07,96.07,96.07,96.07,96.07,95.53,89.56,91.19,92.28,93.36,93.36,94.45,94.45,94.45,94.45,94.45,93.36"
Rec-027_std_2,15,2,3213,core,299,331,0.0,9.0,0.9883,301,333,311,336,1.0,True,99.738,127.011,92.2753,6.6745,97.9741,"127.01,117.78,111.81,108.01,105.30,103.13,101.50,100.96,99.33,98.79,98.25,109.64,106.39,103.67,101.50,99.87,98.79,98.25,97.16,96.62,95.53,95.53,102.04,100.42,98.79,98.25,97.70,97.16,96.62,95.53,94.99,94.45,94.45,97.16,96.07,96.07,95.53,95.53,94.99,94.45,94.45,93.36,93.36,92.28"
Rec-027_std_2,15,3,3214,core,303,331,0.0,4.0,0.9862,305,333,315,336,1.0,True,99.59,131.8957,92.2753,7.4377,97.16,"131.90,119.41,112.90,108.01,105.30,102.04,100.96,99.87,98.25,98.25,97.16,110.19,106.93,103.67,101.50,99.33,98.25,97.16,96.62,95.53,95.53,94.99,102.04,100.96,98.79,98.25,97.16,96.07,95.53,95.53,94.99,94.45,94.45,97.16,96.62,95.53,95.53,94.99,94.45,94.45,93.36,93.36,92.28,92.28"
Rec-027_std_2,15,4,3215,core,312,331,0.0,9.0,0.9865,314,333,324,336,1.0,True,98.0235,126.4682,91.1898,6.6112,95.8031,"126.47,116.16,110.19,105.30,102.04,99.87,98.79,98.25,97.16,96.62,95.53,107.47,104.22,102.04,99.33,98.25,97.16,96.07,95.53,94.99,94.45,93.36,100.96,98.79,97.70,96.62,95.53,95.53,94.45,94.45,93.36,93.36,93.36,96.07,95.53,94.99,94.45,94.45,93.36,93.36,92.28,92.28,91.73,91.19"
Rec-027_std_2,15,5,3216,core,317,331,0.0,5.0,0.9895,319,333,329,336,1.0,True,96.9256,119.4126,91.1898,5.3622,95.5318,"119.41,111.81,106.39,103.13,99.87,98.79,97.70,97.16,96.62,96.07,95.53,105.30,102.04,99.87,98.25,96.62,96.07,95.53,94.99,94.45,94.45,94.45,99.33,97.70,96.62,95.53,95.53,94.45,94.45,93.36,93.36,93.36,92.28,95.53,94.99,94.45,93.36,93.36,93.36,92.28,92.28,91.73,91.73,91.19"
Rec-027_std_2,15,6,3217,core,326,331,0.0,9.0,0.9896,328,333,338,336,1.0,True,97.8261,117.2416,93.3608,4.526,96.6172,"117.24,110.19,105.84,103.13,100.96,99.87,99.33,98.79,98.79,98.79,98.25,103.67,101.50,99.87,98.25,97.70,97.16,97.16,97.16,96.62,96.62,96.62,98.25,97.16,96.07,95.53,95.53,95.53,95.53,95.53,95.53,95.53,95.53,94.99,94.45,94.45,94.45,94.45,94.45,93.36,93.36,93.36,94.45,93.36"
Rec-027_std_2,15,7,3218,core,331,331,0.0,5.0,0.9869,333,333,343,336,1.0,True,98.4428,112.8996,94.4463,3.7853,98.2455,"112.90,108.56,105.30,103.13,101.50,100.96,100.96,100.42,99.87,99.87,99.87,103.13,101.50,99.87,98.79,98.79,98.25,98.25,98.25,98.25,98.25,98.25,98.25,97.70,97.16,96.62,96.62,96.62,96.07,96.07,96.07,96.07,96.07,95.53,94.99,94.99,94.99,94.99,94.99,94.99,94.45,94.45,94.45,94.45"
Rec-027_std_2,15,8,3219,core,335,331,0.0,4.0,0.9895,337,333,347,336,1.0,True,99.627,116.6988,94.989,4.3703,98.7882,"116.70,111.27,107.47,105.30,103.13,102.04,102.04,101.50,101.50,100.96,100.96,105.30,103.13,101.50,100.42,99.87,99.33,99.33,98.79,98.79,98.79,98.79,99.87,98.79,98.25,98.25,97.70,97.70,97.70,97.16,97.16,97.16,96.62,96.07,96.07,95.53,95.53,95.53,95.53,95.53,95.53,94.99,94.99,94.99"
Rec-027_std_2,15,9,3220,core,340,331,0.0,5.0,0.9876,342,333,352,336,1.0,True,99.5653,113.9851,92.2753,4.2412,98.7882,"113.99,110.19,106.93,105.30,103.67,103.13,103.13,102.04,101.50,100.42,99.33,105.30,103.13,102.04,101.50,100.96,100.42,99.87,99.33,98.79,98.25,97.16,99.87,99.33,98.79,98.25,98.25,98.25,97.70,97.16,96.62,95.53,94.99,96.62,96.62,96.07,96.07,96.07,95.53,95.53,95.53,94.99,94.45,92.28"
Rec-027_std_2,15,10,3221,core,344,331,0.0,4.0,0.9884,346,333,356,336,1.0,True,98.2208,117.2416,85.7624,6.1806,97.4314,"117.24,112.90,109.10,105.84,103.67,102.04,100.96,99.33,97.16,95.53,91.19,106.93,105.30,103.13,102.04,100.96,99.87,98.25,97.16,95.53,94.45,90.10,101.50,100.42,99.33,98.79,98.25,97.70,96.07,94.99,93.36,91.73,87.93,97.70,97.16,97.16,96.62,95.53,95.53,94.45,92.28,91.19,89.56,85.76"
Rec-027_std_2,15,11,3222,core,349,331,0.0,5.0,0.9862,351,333,361,336,0.6364,False,88.5378,112.8996,74.9074,10.9122,90.3757,"112.90,109.10,104.22,100.96,98.25,93.36,84.13,79.79,77.08,75.99,75.45,105.30,102.04,99.87,97.70,95.53,91.73,83.05,78.71,76.54,75.99,75.45,99.33,98.25,96.62,94.99,93.36,89.56,82.51,78.71,76.54,75.45,74.91,96.07,94.99,94.45,92.28,91.19,87.93,81.42,77.62,75.99,75.45,74.91"
Rec-027_std_2,15,12,3223,core,353,331,0.0,4.0,0.9867,355,333,365,336,0.2727,False,80.9023,110.1859,74.3647,8.7851,76.5357,"110.19,102.04,89.02,82.51,78.71,77.08,76.54,75.99,75.45,75.45,74.36,102.04,95.53,85.76,80.33,77.62,76.54,75.99,75.45,74.91,74.91,74.36,96.07,91.19,83.59,79.79,77.62,75.99,75.99,75.45,74.91,74.91,74.36,92.28,89.02,81.96,78.71,77.08,75.99,75.45,74.91,74.91,74.36,74.36"
Rec-027_std_2,15,13,3224,core,355,330,26.57,2.24,0.9871,357,332,367,335,0.0909,False,79.8415,116.1561,73.822,8.0741,76.2643,"116.16,97.70,89.02,83.05,79.79,77.62,76.54,75.99,75.99,75.45,74.91,98.25,89.56,84.13,79.79,77.62,77.08,75.99,75.99,75.45,74.91,74.36,90.10,84.13,80.33,77.62,77.08,75.99,75.45,75.45,74.91,74.36,74.36,85.76,80.88,78.16,77.08,75.99,75.99,75.45,75.45,74.91,74.36,73.82"
Rec-027_std_2,16,1,3354,core,290,331,0.0,0.0,0.9877,292,333,302,336,1.0,True,98.5785,122.1263,89.5616,5.9468,97.4314,"122.13,113.99,109.64,106.93,104.22,103.13,103.13,102.04,102.04,101.50,100.96,99.87,100.96,99.87,98.79,98.79,98.79,98.79,98.79,98.25,98.25,98.25,94.45,94.45,94.99,95.53,96.07,96.62,96.62,96.62,96.62,96.07,96.07,89.56,90.65,91.73,92.28,93.36,94.45,94.45,94.45,94.45,94.45,94.45"
Rec-027_std_2,16,2,3355,core,292,331,0.0,2.0,0.985,294,333,304,336,1.0,True,100.7125,131.8957,93.3608,7.2184,98.2455,"131.90,120.50,113.99,110.19,106.93,105.30,103.67,103.13,102.04,101.50,100.96,106.93,105.84,103.67,102.04,100.96,100.42,99.87,99.33,98.79,98.25,97.70,98.25,98.25,98.25,98.25,97.70,97.70,97.70,97.70,97.16,96.62,96.07,93.36,94.45,94.99,94.99,95.53,95.53,95.53,95.53,94.99,94.45,94.45"
Rec-027_std_2,16,3,3356,core,297,331,0.0,5.0,0.9872,299,333,309,336,1.0,True,100.2931,127.011,93.3608,6.4071,98.2455,"127.01,117.78,111.81,108.01,105.30,103.13,102.04,101.50,100.42,99.87,98.79,109.64,106.39,103.67,102.04,100.42,99.33,98.79,98.25,97.70,97.16,96.07,102.04,100.96,99.33,98.25,98.25,97.70,97.16,96.62,96.07,95.53,95.53,97.16,96.62,96.62,96.07,95.53,95.53,95.53,94.99,94.45,94.45,93.36"
Rec-027_std_2,16,4,3357,core,301,331,0.0,4.0,0.987,303,333,313,336,1.0,True,100.4165,131.8957,93.3608,7.3503,98.2455,"131.90,120.50,113.99,108.56,105.30,103.13,101.50,100.96,99.33,98.79,98.25,110.73,107.47,105.30,102.04,100.42,98.79,98.25,97.70,96.62,96.07,95.53,103.13,101.50,99.87,98.79,98.25,97.70,96.62,96.07,95.53,95.53,94.45,98.25,97.16,96.62,96.07,95.53,95.53,94.99,94.45,94.45,93.36,93.36"
Rec-027_std_2,16,5,3358,core,306,331,0.0,5.0,0.9879,308,333,318,336,1.0,True,98.6279,123.7545,92.2753,6.0544,96.6172,"123.75,115.07,109.64,105.30,103.13,100.96,99.87,98.79,98.25,97.16,96.62,108.01,105.30,102.04,99.87,98.25,97.70,96.62,96.07,95.53,95.53,94.45,101.50,99.33,98.25,97.70,96.62,95.53,95.53,95.53,94.45,94.45,93.36,97.16,96.07,95.53,95.53,94.99,94.45,94.45,93.36,93.36,92.28,92.28"
Rec-027_std_2,16,6,3359,core,310,331,0.0,4.0,0.9874,312,333,322,336,1.0,True,98.5909,127.5537,92.2753,6.6524,96.3459,"127.55,116.70,110.19,105.84,103.13,100.42,99.33,98.25,97.70,97.16,96.07,108.56,105.30,102.04,99.87,98.25,97.16,96.62,95.53,95.53,94.99,94.45,101.50,99.33,98.25,97.16,96.07,95.53,95.53,94.99,94.45,94.45,93.36,97.16,96.07,95.53,95.53,94.45,94.45,93.36,93.36,92.28,92.28,92.28"
Rec-027_std_2,16,7,3360,core,315,331,0.0,5.0,0.9893,317,333,327,336,1.0,True,97.5547,119.4126,92.2753,5.1715,95.5318,"119.41,111.81,106.39,103.13,100.96,99.33,98.25,98.25,98.25,97.16,97.16,105.30,103.13,100.42,98.25,97.16,96.62,96.07,95.53,95.53,95.53,94.99,99.87,98.25,96.62,95.53,95.53,94.99,94.99,94.45,94.45,94.45,94.45,95.53,95.53,94.45,94.45,93.36,93.36,93.36,93.36,92.28,92.28,92.28"
Rec-027_std_2,16,8,3361,core,319,331,0.0,4.0,0.9872,321,333,331,336,1.0,True,98.4428,124.2973,93.3608,5.8947,96.6172,"124.30,115.07,109.10,105.30,102.04,100.42,99.33,98.79,98.25,98.25,98.25,106.39,103.13,101.50,99.33,98.25,97.16,97.16,96.62,96.07,96.07,95.53,99.87,98.25,97.16,96.62,96.07,95.53,95.53,95.53,94.99,94.99,94.45,95.53,95.53,94.99,94.45,94.45,94.45,93.36,93.36,93.36,93.36,93.36"
Rec-027_std_2,16,9,3362,core,324,331,0.0,5.0,0.9897,326,333,336,336,1.0,True,98.3565,117.7843,93.3608,4.6883,97.16,"117.78,111.27,106.93,103.13,101.50,100.42,99.87,99.33,99.33,98.25,98.25,105.30,103.13,100.96,99.33,98.25,98.25,97.16,97.16,97.16,96.62,96.62,99.33,98.25,97.16,97.16,96.07,95.53,96.07,95.53,95.53,95.53,95.53,95.53,95.53,94.99,94.99,94.45,94.45,94.45,94.45,94.45,93.36,93.36"
Rec-027_std_2,16,10,3363,core,333,331,0.0,9.0,0.9901,335,333,345,336,1.0,True,99.627,117.2416,94.989,4.4942,98.2455,"117.24,111.81,108.01,105.30,103.13,102.04,101.50,100.96,100.96,100.42,100.42,105.84,103.67,102.04,100.96,99.87,99.33,98.79,98.79,98.25,98.25,98.25,100.42,99.33,98.25,98.25,97.70,97.70,97.16,97.16,97.16,96.62,96.62,96.62,96.07,96.07,95.53,95.53,95.53,95.53,95.53,94.99,94.99,94.99"
Rec-027_std_2,16,11,3364,core,337,331,0.0,4.0,0.9865,339,333,349,336,1.0,True,100.6015,121.5835,94.989,5.1864,99.331,"121.58,115.07,110.19,106.39,104.22,103.13,102.04,102.04,102.04,100.96,100.42,108.01,105.30,103.13,102.04,100.96,100.42,99.87,99.87,99.33,98.79,98.25,101.50,100.42,99.33,98.79,98.25,98.25,98.25,97.70,97.70,97.16,96.62,97.70,97.16,97.16,96.62,96.62,96.07,95.53,95.53,95.53,95.53,94.99"
Rec-027_std_2,16,12,3365,core,342,331,0.0,5.0,0.9899,344,333,354,336,1.0,True,99.3556,117.2416,90.6471,5.2019,98.2455,"117.24,111.81,108.56,105.84,104.22,103.13,102.04,100.96,99.33,97.70,95.53,106.93,105.30,103.13,102.04,100.96,100.42,99.87,98.25,97.70,95.53,94.45,101.50,100.96,99.87,99.33,98.25,98.25,97.70,96.62,95.53,94.45,92.28,97.70,97.16,97.16,96.62,96.07,95.53,95.53,94.45,93.36,91.73,90.65"
Rec-027_std_2,16,13,3366,core,346,331,0.0,4.0,0.9856,348,333,358,336,0.9091,False,94.9767,119.4126,77.0784,9.6685,95.5318,"119.41,113.99,109.64,105.84,103.13,100.42,98.25,95.53,91.19,83.05,78.16,108.56,105.84,103.13,101.50,99.33,97.70,95.53,94.45,90.10,82.51,77.62,102.04,100.96,99.33,98.25,96.62,95.53,93.36,91.73,87.93,80.88,77.62,98.25,97.16,96.62,95.53,94.45,93.36,91.19,89.56,86.31,80.33,77.08"
Rec-027_std_2,16,14,3367,core,351,331,0.0,5.0,0.9884,353,333,363,336,0.4545,False,84.3932,112.8996,74.3647,10.6886,78.7067,"112.90,106.93,101.50,94.99,84.68,79.79,77.62,75.99,75.45,74.91,74.91,103.67,100.96,97.16,92.28,83.59,78.71,77.08,75.99,75.45,74.91,74.36,98.25,96.07,94.45,89.56,82.51,78.71,77.08,75.99,75.45,74.91,74.36,94.45,93.36,91.19,87.93,81.42,77.62,76.54,75.99,74.91,74.36,74.36"
Rec-027_std_2,16,15,3368,core,355,331,0.0,4.0,0.9881,357,333,367,336,0.0909,False,77.7815,96.0745,73.822,4.6221,75.9929,"96.07,87.93,83.05,79.79,77.62,76.54,75.99,75.99,75.45,74.91,74.36,89.56,83.59,79.79,77.62,76.54,75.99,75.99,75.45,74.91,74.36,74.36,85.22,80.88,78.16,77.08,75.99,75.99,75.45,74.91,74.91,74.36,73.82,83.05,78.71,77.62,76.54,75.99,75.45,74.91,74.91,74.36,74.36,73.82"
Rec-027_std_2,17,1,3495,core,290,331,0.0,0.0,0.9881,292,333,302,336,1.0,True,98.9609,122.669,89.5616,6.0755,97.4314,"122.67,113.99,110.73,108.01,105.30,104.22,103.13,103.13,103.13,102.04,101.50,100.42,101.50,99.87,99.33,99.33,99.33,99.33,98.79,98.25,98.25,98.25,94.45,94.99,95.53,95.53,96.62,96.62,96.62,96.62,96.62,96.62,96.07,89.56,91.19,92.28,93.36,94.45,94.45,94.45,94.45,94.45,94.45,94.45"
Rec-027_std_2,17,2,3496,core,296,331,0.0,6.0,0.9866,298,333,308,336,1.0,True,100.5522,127.5537,94.4463,6.5968,98.5169,"127.55,118.87,112.90,108.56,105.84,103.67,103.13,102.04,100.96,100.42,99.33,109.64,106.93,104.22,102.04,100.42,99.87,98.79,98.25,97.70,97.16,96.62,102.04,100.96,99.87,98.79,98.25,97.70,97.16,96.62,96.07,95.53,95.53,97.16,96.62,96.07,96.07,95.53,95.53,95.53,94.99,94.45,94.45,94.45"
Rec-027_std_2,17,3,3497,core,300,331,0.0,4.0,0.9853,302,333,312,336,1.0,True,100.6508,134.6094,93.3608,7.779,98.2455,"134.61,122.13,113.99,109.64,105.84,103.67,102.04,100.96,99.87,98.79,98.25,111.27,108.01,105.30,102.04,100.42,99.33,98.25,97.70,96.62,96.07,95.53,103.13,102.04,99.87,98.79,98.25,97.70,96.62,96.07,95.53,95.53,94.99,98.25,97.16,96.62,96.07,95.53,95.53,94.99,94.45,94.45,93.36,93.36"
Rec-027_std_2,17,4,3498,core,305,331,0.0,5.0,0.9875,307,333,317,336,1.0,True,99.0349,124.84,92.2753,6.1573,97.16,"124.84,116.16,110.19,105.84,103.13,101.50,100.42,99.33,98.25,97.70,97.16,108.56,105.30,102.04,99.87,98.79,98.25,97.16,96.62,95.53,95.53,94.99,102.04,99.87,98.25,97.70,97.16,96.07,95.53,95.53,94.99,94.45,94.45,97.70,96.62,96.07,95.53,95.53,94.99,94.45,94.45,93.36,93.36,92.28"
Rec-027_std_2,17,5,3499,core,309,331,0.0,4.0,0.9858,311,333,321,336,1.0,True,99.183,129.7247,92.2753,6.9326,97.16,"129.72,117.78,111.81,106.93,103.13,101.50,99.87,98.79,98.25,97.70,97.16,109.10,105.84,103.13,100.42,98.79,97.70,97.16,96.07,95.53,95.53,94.99,102.04,100.42,98.25,97.70,96.62,95.53,95.53,95.53,94.99,94.45,94.45,97.16,96.62,96.07,95.53,94.99,94.45,94.45,93.36,93.36,93.36,92.28"
Rec-027_std_2,17,6,3500,core,314,331,0.0,5.0,0.9887,316,333,326,336,1.0,True,97.9988,119.4126,92.2753,5.1651,96.3459,"119.41,112.90,107.47,103.67,101.50,99.87,99.33,98.25,98.25,98.25,97.70,105.30,103.13,100.42,98.79,97.70,97.16,96.62,96.07,95.53,95.53,95.53,99.87,98.25,97.70,96.62,95.53,95.53,95.53,94.99,94.99,94.45,94.45,96.07,95.53,94.99,94.45,94.45,94.45,93.36,93.36,93.36,93.36,92.28"
Rec-027_std_2,17,7,3501,core,319,331,0.0,5.0,0.9857,321,333,331,336,1.0,True,97.7891,116.1561,93.3608,4.4635,96.3459,"116.16,110.19,105.84,103.13,100.96,99.87,98.79,98.79,98.25,98.25,97.70,104.22,102.04,99.87,98.25,98.25,97.16,96.62,96.07,96.07,95.53,95.53,99.33,98.25,97.16,96.62,96.07,95.53,95.53,94.99,94.99,94.45,94.45,95.53,95.53,94.99,94.99,94.45,94.45,94.45,93.36,93.36,93.36,93.36"
Rec-027_std_2,17,8,3502,core,323,331,0.0,4.0,0.9892,325,333,335,336,1.0,True,98.4428,119.4126,93.3608,4.9285,96.8886,"119.41,111.81,107.47,103.67,102.04,100.42,99.87,98.79,98.25,98.25,98.25,105.84,103.13,100.96,99.33,98.25,97.70,97.70,96.62,96.62,96.62,96.62,99.87,98.25,97.70,97.16,96.07,96.07,95.53,95.53,95.53,95.53,95.53,96.07,95.53,95.53,94.99,94.45,94.45,94.45,94.45,94.45,93.36,93.36"
Rec-027_std_2,17,9,3503,core,328,331,0.0,5.0,0.9859,330,333,340,336,1.0,True,98.5909,115.0706,94.4463,4.0814,97.7027,"115.07,109.64,105.84,103.13,101.50,100.42,100.42,99.87,99.33,99.33,98.79,105.30,102.04,100.42,99.33,98.25,98.25,98.25,97.70,97.70,97.70,97.70,99.33,98.25,97.70,97.70,96.62,96.62,96.07,96.07,96.07,96.07,96.07,96.07,95.53,95.53,95.53,94.99,94.99,94.99,94.45,94.45,94.45,94.45"
Rec-027_std_2,17,10,3504,core,332,331,0.0,4.0,0.9897,334,333,344,336,1.0,True,99.8737,117.2416,95.5318,4.4154,98.7882,"117.24,111.81,108.01,105.30,103.13,102.04,102.04,101.50,100.96,100.96,100.42,106.39,103.67,102.04,100.96,99.87,99.87,99.33,98.79,98.79,98.79,98.25,100.42,99.33,98.25,98.25,98.25,98.25,97.70,97.70,97.70,97.70,97.16,96.62,96.07,96.07,96.07,95.53,95.53,95.53,95.53,95.53,95.53,95.53"
Rec-027_std_2,17,11,3505,core,337,331,0.0,5.0,0.9864,339,333,349,336,1.0,True,100.1945,115.6133,94.989,4.0256,99.331,"115.61,110.73,106.93,105.30,103.67,103.13,102.04,102.04,101.50,100.96,100.42,105.84,103.67,102.04,101.50,100.96,100.96,100.42,99.33,99.33,98.79,98.25,100.96,99.87,99.33,98.79,98.79,98.25,98.25,98.25,97.70,97.16,97.16,97.70,97.16,97.16,97.16,96.62,96.62,96.07,96.07,95.53,95.53,94.99"
Rec-027_std_2,17,12,3506,core,346,331,0.0,9.0,0.9856,348,333,358,336,0.9091,False,94.4216,115.0706,77.0784,9.0286,95.5318,"115.07,110.73,106.93,103.67,102.04,99.87,97.70,95.53,91.19,83.05,77.62,106.39,104.22,102.04,100.96,98.79,97.70,95.53,94.45,89.56,81.96,77.62,101.50,100.42,98.79,98.25,96.62,95.53,93.36,91.73,87.93,80.88,77.62,98.25,97.70,96.62,95.53,94.45,93.36,91.19,89.56,85.76,79.79,77.08"
Rec-027_std_2,17,13,3507,core,350,331,0.0,4.0,0.9877,352,333,362,336,0.5455,False,86.4901,115.0706,74.3647,11.2569,83.0486,"115.07,109.64,103.67,98.79,93.36,84.13,79.79,77.62,75.99,75.45,74.91,105.30,102.04,98.79,96.07,91.73,83.59,78.71,76.54,75.99,74.91,74.91,99.33,97.70,95.53,93.36,89.56,82.51,78.71,76.54,75.99,74.91,74.36,95.53,94.45,92.28,91.19,87.39,80.88,77.62,75.99,75.45,74.91,74.36"
Rec-027_std_2,17,14,3508,core,354,331,0.0,4.0,0.9837,356,333,366,336,0.1818,False,79.3728,107.4722,74.3647,7.0773,75.9929,"107.47,93.36,85.76,80.88,78.71,77.62,75.99,75.99,75.45,74.91,74.91,98.25,87.93,82.51,78.71,77.62,75.99,75.99,75.45,75.45,74.36,74.36,92.28,84.13,79.79,77.62,76.54,75.99,75.45,75.45,74.91,74.36,74.36,89.02,82.51,78.71,77.62,75.99,75.99,75.45,74.91,74.91,74.36,74.36"
Rec-027_std_2,18,1,3617,core,290,331,0.0,0.0,0.9875,292,333,302,336,1.0,True,99.0226,122.1263,90.1043,5.9143,97.7027,"122.13,113.99,110.73,107.47,105.30,103.67,103.13,103.13,102.04,102.04,100.96,100.96,101.50,100.42,99.33,99.33,99.33,99.33,98.79,98.79,98.25,98.25,94.45,95.53,95.53,95.53,96.62,96.62,97.16,97.16,96.62,96.62,96.07,90.10,91.19,92.28,93.36,94.45,94.45,94.99,94.99,94.99,94.99,94.45"
Rec-027_std_2,18,2,3618,core,293,331,0.0,3.0,0.987,295,333,305,336,1.0,True,100.2191,125.3828,94.4463,6.1754,98.2455,"125.38,117.24,111.81,108.56,105.84,104.22,103.13,102.04,101.50,100.42,99.87,107.47,105.30,103.13,102.04,100.42,99.87,99.33,98.25,98.25,97.70,97.16,99.87,99.33,98.25,98.25,98.25,97.70,97.70,96.62,96.07,96.07,95.53,94.99,95.53,95.53,95.53,95.53,95.53,95.53,94.99,94.99,94.45,94.45"
Rec-027_std_2,18,3,3619,core,297,331,0.0,4.0,0.9844,299,333,309,336,1.0,True,101.2799,134.6094,94.4463,7.6531,98.7882,"134.61,122.13,115.07,110.19,106.39,104.22,103.13,102.04,100.96,99.87,99.33,111.27,108.56,105.84,103.13,100.96,99.87,99.33,98.25,98.25,97.16,96.62,103.13,102.04,100.42,99.33,98.25,98.25,97.70,97.16,96.07,95.53,95.53,98.25,97.70,97.16,96.62,96.07,96.07,95.53,94.99,94.45,94.45,94.45"
Rec-027_std_2,18,4,3620,core,302,331,0.0,5.0,0.9882,304,333,314,336,1.0,True,99.5777,125.9255,92.2753,6.3373,97.9741,"125.93,116.70,111.27,106.93,103.67,102.04,101.50,100.42,98.79,98.25,97.70,109.10,105.84,103.13,100.96,99.33,98.25,98.25,97.16,96.07,95.53,95.53,102.04,100.96,99.33,98.25,97.70,97.16,96.62,95.53,95.53,94.45,94.45,98.25,97.16,96.62,95.53,95.53,95.53,94.99,94.45,93.36,93.36,92.28"
Rec-027_std_2,18,5,3621,core,306,331,0.0,4.0,0.9858,308,333,318,336,1.0,True,99.553,131.3529,92.2753,7.1596,97.4314,"131.35,118.87,111.81,107.47,104.22,102.04,100.42,99.33,98.25,98.25,97.16,109.64,106.39,103.13,100.96,98.79,98.25,97.70,96.62,95.53,95.53,94.99,102.04,100.96,99.33,98.25,97.16,96.07,95.53,95.53,94.99,94.45,94.45,97.70,97.16,96.07,95.53,95.53,94.99,94.45,94.45,93.36,93.36,92.28"
Rec-027_std_2,18,6,3622,core,311,331,0.0,5.0,0.9889,313,333,323,336,1.0,True,98.2702,121.5835,92.2753,5.4838,96.6172,"121.58,112.90,108.01,104.22,102.04,100.42,99.33,98.79,98.25,97.70,97.16,106.93,103.67,101.50,98.79,98.25,97.16,96.62,96.07,95.53,95.53,94.99,100.96,98.79,98.25,96.62,95.53,95.53,95.53,94.99,94.99,94.45,94.45,96.62,95.53,95.53,94.99,94.45,94.45,94.45,93.36,93.36,93.36,92.28"
Rec-027_std_2,18,7,3623,core,315,331,0.0,4.0,0.9861,317,333,327,336,1.0,True,98.8006,125.3828,93.3608,5.9954,96.6172,"125.38,115.61,109.64,105.30,102.04,100.96,99.87,99.33,98.79,98.25,98.25,106.93,103.67,102.04,99.87,98.25,97.70,97.16,96.62,96.62,96.07,96.07,100.42,98.79,97.70,96.62,96.07,95.53,95.53,95.53,95.53,94.99,94.99,96.07,95.53,95.53,94.99,94.45,94.45,94.45,94.45,94.45,93.36,93.36"
Rec-027_std_2,18,8,3624,core,320,331,0.0,5.0,0.9897,322,333,332,336,1.0,True,98.7266,119.4126,94.4463,4.8285,97.4314,"119.41,111.81,108.01,104.22,102.04,100.96,99.87,99.33,98.79,98.79,98.25,105.30,103.13,101.50,99.87,98.25,98.25,97.70,97.70,97.16,96.62,96.62,99.33,98.25,97.70,97.16,96.62,96.62,96.07,96.07,95.53,95.53,95.53,96.07,95.53,95.53,95.53,95.53,94.99,94.99,94.45,94.45,94.45,94.45"
Rec-027_std_2,18,9,3625,core,324,331,0.0,4.0,0.9863,326,333,336,336,1.0,True,99.7504,123.7545,94.989,5.3852,98.2455,"123.75,113.99,109.64,105.84,103.13,102.04,100.96,100.42,100.42,99.33,99.33,106.93,104.22,102.04,100.96,99.33,98.79,98.25,98.25,98.25,98.25,98.25,100.42,99.33,98.25,98.25,97.70,97.16,97.16,97.16,96.62,96.62,96.62,96.62,96.07,95.53,95.53,95.53,95.53,95.53,95.53,95.53,94.99,94.99"
Rec-027_std_2,18,10,3626,core,329,331,0.0,5.0,0.9897,331,333,341,336,1.0,True,100.1204,118.8698,95.5318,4.5165,98.7882,"118.87,111.81,108.56,105.30,103.13,103.13,102.04,101.50,101.50,100.42,100.42,106.39,103.67,102.04,100.96,100.42,99.87,99.33,99.33,98.79,98.79,98.79,100.96,99.87,98.79,98.25,98.25,98.25,98.25,97.70,97.70,97.70,97.16,97.16,97.16,96.62,96.07,96.07,96.07,96.07,95.53,95.53,95.53,95.53"
Rec-027_std_2,18,11,3627,core,334,331,0.0,5.0,0.9866,336,333,346,336,1.0,True,100.5645,115.6133,95.5318,3.9366,99.8737,"115.61,110.73,107.47,105.30,103.67,103.13,102.04,102.04,102.04,101.50,100.96,106.39,104.22,103.13,101.50,100.96,100.42,100.42,100.42,99.87,99.87,99.33,101.50,100.42,99.33,99.33,98.79,98.79,98.25,98.25,98.25,98.25,98.25,97.70,97.70,97.16,97.16,97.16,96.62,96.62,96.62,96.07,96.07,95.53"
Rec-027_std_2,18,12,3628,core,338,331,0.0,4.0,0.9893,340,333,350,336,1.0,True,101.2799,118.8698,95.5318,4.5898,100.4165,"118.87,112.90,109.64,106.93,105.30,104.22,103.13,103.13,103.13,102.04,100.96,108.01,105.30,103.67,103.13,102.04,102.04,100.96,100.96,100.42,99.87,98.79,102.04,100.96,100.42,99.87,99.33,99.33,98.79,98.25,98.25,98.25,97.16,98.25,98.25,98.25,97.70,97.70,97.16,97.16,96.62,96.07,95.53,95.53"
Rec-027_std_2,18,13,3629,core,343,331,0.0,5.0,0.9867,345,333,355,336,1.0,True,99.1213,115.6133,89.5616,5.3794,98.2455,"115.61,111.81,108.56,105.84,104.22,103.13,102.04,100.42,98.25,96.07,94.45,107.47,105.30,103.13,102.04,101.50,100.42,99.33,98.25,96.62,95.53,93.36,102.04,101.50,100.42,99.87,98.79,98.25,97.16,95.53,94.45,93.36,91.19,98.25,98.25,98.25,97.16,96.62,95.53,94.99,93.36,92.28,91.19,89.56"
Rec-027_std_2,18,14,3630,core,347,331,0.0,4.0,0.9883,349,333,359,336,0.8182,False,92.744,117.2416,75.9929,10.4608,94.7176,"117.24,111.81,107.47,103.67,101.50,98.25,96.07,91.19,83.05,78.16,76.54,107.47,105.30,102.04,100.42,98.25,96.62,94.45,90.10,82.51,77.62,75.99,102.04,100.42,98.25,97.16,95.53,94.45,92.28,87.93,81.42,77.62,75.99,98.25,97.16,96.07,94.99,93.36,91.73,89.56,86.31,80.88,77.62,75.99"
Rec-027_std_2,18,15,3631,core,352,331,0.0,5.0,0.9849,354,333,364,336,0.3636,False,82.1112,109.1004,73.822,9.4867,77.0784,"109.10,103.13,96.07,85.76,79.79,77.62,75.99,75.99,75.45,74.91,74.36,102.04,98.25,92.28,84.13,78.71,77.08,75.99,75.45,75.45,74.91,74.36,96.62,94.45,89.56,83.05,78.71,77.08,75.99,75.45,74.91,74.36,73.82,93.36,91.19,87.93,81.42,78.16,76.54,75.45,74.91,74.36,74.36,74.36"
Rec-027_std_2,18,16,3632,core,355,331,0.0,3.0,0.9869,357,333,367,336,0.0909,False,77.7322,96.6172,73.822,4.7408,75.9929,"96.62,88.48,83.59,79.79,77.62,76.54,75.99,75.45,74.91,74.91,74.91,89.56,83.59,79.79,77.62,76.54,75.99,75.45,75.45,74.91,74.36,74.36,85.22,80.33,78.16,77.08,75.99,75.45,75.45,74.91,74.36,74.36,73.82,83.05,78.71,77.62,75.99,75.99,75.45,74.91,74.36,74.36,74.36,73.82"
Rec-027_std_2,19,1,3745,core,291,331,0.0,1.0,0.9857,293,333,303,336,1.0,True,99.8737,122.1263,92.2753,5.6759,97.9741,"122.13,115.07,111.27,107.47,105.30,104.22,103.67,103.13,102.04,101.50,100.96,104.22,103.13,102.04,100.96,100.42,100.42,99.87,99.33,98.79,98.25,98.25,97.16,97.16,97.16,97.70,97.70,97.70,97.70,97.70,97.16,96.62,96.07,92.28,93.36,94.45,94.99,95.53,95.53,95.53,95.53,95.53,94.99,94.45"
Rec-027_std_2,19,2,3746,core,295,331,0.0,4.0,0.9875,297,333,307,336,1.0,True,100.9839,128.0965,94.4463,6.6532,99.0596,"128.10,119.41,112.90,109.64,106.39,104.22,103.13,102.04,101.50,100.42,99.33,110.19,107.47,105.30,103.13,101.50,100.42,99.33,98.79,98.25,97.70,97.16,102.04,101.50,99.87,99.33,98.25,98.25,97.70,97.16,96.62,96.07,95.53,97.16,97.16,97.16,96.62,96.07,95.53,95.53,95.53,94.99,94.45,94.45"
Rec-027_std_2,19,3,3747,core,300,331,0.0,5.0,0.9855,302,333,312,336,1.0,True,99.6764,123.7545,93.3608,5.996,98.2455,"123.75,116.16,110.73,106.93,104.22,102.04,101.50,100.42,99.33,98.25,97.70,109.10,105.84,103.13,101.50,99.87,98.79,98.25,97.70,96.62,95.53,95.53,102.04,100.42,99.33,98.25,98.25,97.16,96.62,96.07,95.53,94.99,94.45,98.25,97.16,96.62,96.07,95.53,95.53,94.99,94.45,94.45,93.36,93.36"
Rec-027_std_2,19,4,3748,core,304,331,0.0,4.0,0.9887,306,333,316,336,1.0,True,99.1583,125.3828,92.2753,6.3207,97.16,"125.38,116.16,110.73,106.39,103.13,102.04,100.42,99.33,98.25,97.70,97.16,108.56,105.84,103.13,100.96,99.33,98.25,97.16,96.62,95.53,95.53,94.99,102.04,100.42,98.79,98.25,97.16,96.62,95.53,95.53,94.99,94.45,94.45,97.70,96.62,96.07,95.53,95.53,94.99,94.45,93.36,93.36,92.28,92.28"
Rec-027_std_2,19,5,3749,core,309,331,0.0,5.0,0.9864,311,333,321,336,1.0,True,97.6657,118.8698,92.2753,5.1533,96.3459,"118.87,111.81,106.93,103.13,100.96,99.87,98.25,98.25,97.70,96.62,96.62,105.84,103.13,100.42,98.79,97.70,96.62,96.07,95.53,95.53,94.99,94.45,100.42,98.25,97.70,96.62,95.53,95.53,94.99,94.45,94.45,94.45,93.36,96.62,95.53,95.53,94.45,94.45,93.36,93.36,93.36,92.28,92.28,92.28"
Rec-027_std_2,19,6,3750,core,313,331,0.0,4.0,0.9894,315,333,325,336,1.0,True,98.0358,120.498,93.3608,5.2789,96.0745,"120.50,112.90,107.47,103.67,101.50,99.87,98.79,98.25,98.25,97.70,97.16,105.84,103.13,100.96,98.79,97.70,97.16,96.07,96.07,95.53,95.53,95.53,100.42,98.25,97.70,96.62,96.07,95.53,95.53,94.99,94.45,94.45,94.45,96.07,95.53,94.99,94.45,94.45,94.45,93.36,93.36,93.36,93.36,93.36"
Rec-027_std_2,19,7,3751,core,318,331,0.0,5.0,0.9874,320,333,330,336,1.0,True,98.0234,116.1561,94.4463,4.3115,96.6172,"116.16,110.19,105.84,103.13,100.96,99.87,99.33,98.79,98.25,98.25,98.25,104.22,102.04,99.87,98.25,98.25,97.70,97.16,96.62,96.62,96.07,96.07,98.79,97.70,97.16,96.62,96.07,96.07,95.53,95.53,95.53,95.53,94.99,95.53,95.53,94.99,94.45,94.45,94.45,94.45,94.45,94.45,94.45,94.45"
Rec-027_std_2,19,8,3752,core,327,331,0.0,9.0,0.9875,329,333,339,336,1.0,True,99.3063,116.1561,94.989,4.1269,98.2455,"116.16,110.73,106.39,103.67,102.04,101.50,100.96,100.96,99.87,99.87,99.87,105.30,103.13,101.50,99.87,99.33,98.79,98.79,98.25,98.25,98.25,98.25,100.42,98.79,98.25,98.25,97.70,97.16,97.16,97.16,97.16,96.62,96.62,96.62,96.07,96.07,96.07,95.53,95.53,95.53,95.53,95.53,94.99,94.99"
Rec-027_std_2,19,9,3753,core,340,331,0.0,13.0,0.9887,342,333,352,336,1.0,True,101.0579,119.4126,93.3608,4.9599,100.1451,"119.41,113.99,110.19,106.93,105.30,104.22,103.13,102.04,101.50,100.42,99.33,108.56,106.39,104.22,103.13,102.04,101.50,100.96,100.42,99.87,98.79,97.70,102.04,102.04,100.96,100.42,99.87,99.33,98.79,98.25,97.70,96.62,95.53,98.25,98.25,98.25,97.70,97.70,97.70,97.16,96.07,95.53,94.99,93.36"
Rec-027_std_2,19,10,3754,core,345,331,0.0,5.0,0.9871,347,333,357,336,1.0,True,96.8023,115.6133,80.3349,7.6327,97.7027,"115.61,111.81,108.01,105.30,103.13,101.50,99.87,97.70,95.53,91.19,82.51,107.47,105.30,103.13,102.04,100.42,99.33,97.70,95.53,94.45,89.56,81.96,102.04,100.96,100.42,99.33,98.25,96.62,95.53,94.45,91.73,87.93,80.88,98.79,98.25,97.70,96.62,95.53,94.45,93.36,91.19,89.56,86.31,80.33"
Rec-027_std_2,19,11,3755,core,349,331,0.0,4.0,0.9874,351,333,361,336,0.6364,False,88.7968,116.1561,74.3647,11.5356,90.3757,"116.16,110.73,105.84,102.04,98.25,92.28,83.59,78.71,77.08,75.99,75.45,106.93,103.67,100.96,98.25,95.53,91.19,83.05,78.71,76.54,75.99,74.91,100.96,98.79,97.16,95.53,93.36,89.56,81.96,78.16,76.54,75.45,74.91,97.16,95.53,94.45,92.28,91.19,87.93,80.88,77.62,75.99,75.45,74.36"
Rec-027_std_2,19,12,3756,core,354,331,0.0,5.0,0.9853,356,333,366,336,0.1818,False,78.6327,103.1302,73.822,6.3522,75.9929,"103.13,90.10,83.05,79.79,77.62,76.54,75.99,75.45,74.91,74.36,74.36,96.07,86.31,80.88,77.62,76.54,75.99,75.45,74.91,74.91,74.36,74.36,91.19,83.59,79.79,77.62,75.99,75.99,75.45,75.45,74.91,74.36,73.82,88.48,81.96,78.16,77.08,75.99,75.45,75.45,74.91,73.82,73.82,73.82"
Rec-027_std_2,19,13,3757,core,355,330,45.0,1.41,0.9897,357,332,367,335,0.0909,False,79.4961,112.8996,73.822,7.5254,76.2643,"112.90,96.07,88.48,83.05,79.79,77.62,76.54,75.99,75.45,74.91,74.91,96.62,88.48,83.05,79.79,77.62,76.54,75.99,75.99,74.91,74.91,74.36,89.56,83.59,79.79,77.62,76.54,75.99,75.45,75.45,74.91,74.36,73.82,85.22,80.33,78.16,77.08,75.99,75.99,75.45,75.45,74.91,74.36,73.82"
Rec-027_std_2,20,1,3880,core,291,331,0.0,1.0,0.9849,293,333,303,336,1.0,True,99.183,121.5835,91.7325,5.7548,97.16,"121.58,115.07,110.73,106.93,105.30,103.13,103.13,102.04,101.50,100.42,99.33,103.67,103.13,101.50,100.42,99.87,99.33,98.79,98.25,98.25,97.16,96.62,96.62,96.62,96.62,97.16,97.70,97.16,97.16,96.62,96.07,95.53,95.53,91.73,93.36,94.45,94.45,94.99,94.99,94.45,94.45,94.45,94.45,93.36"
Rec-027_std_2,20,2,3881,core,300,331,0.0,9.0,0.9845,302,333,312,336,1.0,True,99.1089,122.1263,93.3608,5.6301,97.4314,"122.13,113.99,109.64,105.84,103.13,102.04,100.96,100.42,99.33,98.25,97.70,107.47,105.30,102.04,100.42,98.79,98.25,97.70,97.16,96.62,96.07,95.53,101.50,99.87,98.25,98.25,97.16,96.62,96.07,95.53,95.53,94.99,94.45,96.62,96.07,96.07,95.53,95.53,94.99,94.45,94.45,93.36,93.36,93.36"
Rec-027_std_2,20,3,3882,core,304,331,0.0,4.0,0.9882,306,333,316,336,1.0,True,99.0966,124.84,92.2753,6.2693,97.16,"124.84,116.16,110.73,106.39,103.13,102.04,100.96,99.33,98.79,98.25,97.16,108.56,105.30,103.13,100.42,98.79,98.25,97.70,96.62,96.07,95.53,94.99,102.04,99.87,98.25,97.70,97.16,96.62,95.53,95.53,94.99,94.45,93.36,97.16,96.62,96.07,95.53,95.53,94.99,94.45,93.36,93.36,92.28,92.28"
Rec-027_std_2,20,4,3883,core,309,331,0.0,5.0,0.9853,311,333,321,336,1.0,True,97.8014,117.7843,92.2753,4.9814,96.3459,"117.78,111.81,106.93,103.13,101.50,100.42,98.79,98.25,97.70,97.16,96.62,105.84,103.13,100.42,98.79,98.25,96.62,96.07,95.53,95.53,94.99,94.99,99.87,98.25,97.70,96.62,96.07,95.53,94.99,94.45,94.45,94.45,94.45,96.62,95.53,95.53,94.99,94.45,94.45,93.36,93.36,93.36,92.28,92.28"
Rec-027_std_2,20,5,3884,core,322,331,0.0,13.0,0.9896,324,333,334,336,1.0,True,99.3433,119.4126,94.989,4.7576,98.2455,"119.41,112.90,108.01,104.22,102.04,101.50,100.96,100.42,99.87,99.33,99.33,105.84,103.67,102.04,99.87,99.33,98.25,98.25,98.25,98.25,97.70,97.70,100.42,99.33,98.25,97.70,97.70,97.16,97.16,96.62,96.62,96.07,96.07,96.62,96.07,95.53,95.53,95.53,95.53,95.53,95.53,94.99,94.99,94.99"
Rec-027_std_2,20,6,3885,core,331,331,0.0,9.0,0.9899,333,333,343,336,1.0,True,100.5645,118.8698,95.5318,4.5297,99.331,"118.87,112.90,108.56,105.84,103.67,103.13,102.04,101.50,100.96,100.42,99.87,107.47,105.30,103.13,102.04,100.96,100.42,99.87,99.33,99.33,98.79,98.25,101.50,100.42,99.87,99.33,98.79,98.25,98.25,98.25,97.70,97.70,97.70,98.25,97.70,97.16,97.16,97.16,96.62,96.62,96.62,96.07,95.53,95.53"
Rec-027_std_2,20,7,3886,core,349,331,0.0,18.0,0.9877,351,333,361,336,0.6364,False,88.5007,115.0706,74.3647,11.3145,90.1043,"115.07,110.19,105.30,101.50,97.70,92.28,83.59,78.71,76.54,75.99,75.45,105.84,103.13,100.42,97.70,95.53,91.19,83.05,78.16,76.54,75.45,74.91,99.87,98.25,96.62,94.99,93.36,89.56,81.96,78.16,75.99,75.45,74.91,96.07,95.53,94.45,92.28,90.65,87.39,80.88,77.62,75.99,75.45,74.36"
Rec-027_std_2,20,8,3887,core,354,331,0.0,5.0,0.9843,356,333,366,336,0.1818,False,78.46,102.0447,73.822,6.2157,75.9929,"102.04,89.56,83.05,79.79,77.62,75.99,75.99,75.45,74.91,74.91,74.36,95.53,85.76,80.33,77.62,76.54,75.99,75.45,74.91,74.91,74.36,73.82,91.19,83.59,78.71,77.62,75.99,75.99,74.91,74.91,74.36,74.36,73.82,88.48,81.96,78.16,76.54,75.99,75.45,74.91,74.36,74.36,73.82,73.82"
Rec-027_std_2,21,1,4002,core,290,331,0.0,0.0,0.9861,292,333,302,336,1.0,True,98.9979,127.011,90.1043,6.6726,96.8886,"127.01,117.24,111.81,108.01,105.30,103.67,103.13,102.04,101.50,100.42,99.87,102.04,102.04,100.96,99.33,99.33,98.79,98.79,98.25,98.25,97.16,97.16,95.53,95.53,95.53,96.07,96.62,96.62,96.62,96.62,96.07,95.53,95.53,90.10,91.19,92.28,93.36,94.45,94.45,94.99,94.45,94.45,94.45,93.36"
Rec-027_std_2,21,2,4003,core,294,331,0.0,4.0,0.9862,296,333,306,336,1.0,True,100.3425,131.3529,93.3608,7.296,98.2455,"131.35,120.50,113.99,109.64,105.84,103.67,102.04,101.50,100.42,99.33,98.79,109.10,106.93,105.30,102.04,100.42,99.33,98.25,98.25,97.16,96.62,96.07,101.50,100.42,99.33,98.25,98.25,97.16,96.62,96.07,95.53,95.53,94.99,96.07,96.07,95.53,95.53,95.53,95.53,94.99,94.45,94.45,93.36,93.36"
Rec-027_std_2,21,3,4004,core,299,331,0.0,5.0,0.9876,301,333,311,336,1.0,True,99.368,124.84,93.3608,6.1245,97.4314,"124.84,116.16,110.73,106.39,103.67,102.04,101.50,100.42,99.87,98.79,98.25,108.56,105.30,102.04,100.42,99.33,98.25,97.70,97.16,96.62,96.07,95.53,102.04,99.87,98.25,97.70,97.16,96.62,96.07,95.53,95.53,94.99,94.99,97.16,96.07,95.53,95.53,95.53,94.99,94.45,94.45,93.36,93.36,93.36"
Rec-027_std_2,21,4,4005,core,303,331,0.0,4.0,0.9879,305,333,315,336,1.0,True,99.6024,128.6392,93.3608,6.7258,97.4314,"128.64,117.78,111.81,107.47,104.22,102.04,100.96,99.87,98.79,98.25,98.25,109.10,106.39,103.13,100.96,99.33,98.25,97.70,97.16,96.62,95.53,95.53,102.04,100.42,98.79,98.25,97.16,96.62,96.07,95.53,95.53,94.99,94.45,97.16,96.62,95.53,95.53,95.53,94.99,94.99,94.45,93.36,93.36,93.36"
Rec-027_std_2,21,5,4006,core,308,331,0.0,5.0,0.9885,310,333,320,336,1.0,True,98.5539,121.5835,92.2753,5.5884,96.6172,"121.58,113.99,109.10,105.30,102.04,100.96,99.87,98.79,98.25,98.25,97.70,106.93,104.22,101.50,99.33,98.25,97.70,96.62,96.62,96.07,95.53,95.53,100.96,99.33,98.25,97.16,96.07,96.07,95.53,95.53,94.99,94.99,94.45,96.62,96.07,95.53,94.99,94.45,94.45,94.45,93.36,93.36,93.36,92.28"
Rec-027_std_2,21,6,4007,core,312,331,0.0,4.0,0.9889,314,333,324,336,1.0,True,98.9486,124.2973,94.4463,5.7979,97.16,"124.30,115.07,109.64,105.30,102.04,100.96,99.87,99.33,98.25,98.25,98.25,107.47,104.22,102.04,99.87,98.25,97.70,97.16,97.16,96.62,96.07,96.07,100.96,99.33,98.25,97.16,96.62,96.07,95.53,95.53,95.53,95.53,95.53,96.07,95.53,95.53,94.99,94.99,94.45,94.45,94.45,94.45,94.45,94.45"
Rec-027_std_2,21,7,4008,core,317,331,0.0,5.0,0.9891,319,333,329,336,1.0,True,98.8746,117.7843,94.4463,4.5202,97.7027,"117.78,111.81,106.93,103.67,102.04,100.96,100.42,99.87,99.33,98.79,98.79,105.30,103.13,100.96,99.33,98.25,98.25,98.25,97.70,97.70,97.70,97.16,99.87,98.25,98.25,97.70,97.16,96.62,96.62,96.07,96.07,96.07,96.07,96.07,95.53,95.53,95.53,95.53,95.53,94.99,94.99,94.99,94.45,94.45"
Rec-027_std_2,21,8,4009,core,321,331,0.0,4.0,0.9887,323,333,333,336,1.0,True,100.0218,122.669,94.989,5.2371,98.2455,"122.67,113.99,109.64,105.84,103.67,102.04,101.50,100.96,100.42,99.33,98.79,106.93,105.30,103.13,100.96,99.87,99.33,98.79,98.25,98.25,98.25,97.70,101.50,99.87,98.79,98.25,98.25,98.25,97.70,97.16,97.16,96.62,96.62,97.16,96.62,96.62,96.07,96.07,95.53,95.53,95.53,95.53,95.53,94.99"
Rec-027_std_2,21,9,4010,core,326,331,0.0,5.0,0.9894,328,333,338,336,1.0,True,100.0094,117.7843,95.5318,4.3622,98.7882,"117.78,111.81,108.01,105.30,103.13,102.04,101.50,100.96,100.42,99.87,99.87,106.39,104.22,102.04,100.96,99.87,99.33,99.33,98.79,98.79,98.25,98.25,101.50,100.42,99.33,98.25,98.25,98.25,98.25,97.70,97.70,97.16,97.16,97.70,97.70,97.16,96.62,96.07,96.07,96.07,95.53,95.53,95.53,95.53"
Rec-027_std_2,21,10,4011,core,330,331,0.0,4.0,0.9875,332,333,342,336,1.0,True,101.3663,122.669,96.6172,5.0387,99.8737,"122.67,115.07,110.73,106.93,105.30,103.13,103.13,102.04,102.04,101.50,101.50,108.56,105.84,103.67,102.04,101.50,100.96,100.42,99.87,99.87,99.87,99.33,102.04,101.50,100.42,99.87,99.33,98.79,98.79,98.25,98.25,98.25,98.25,98.25,98.25,97.70,97.70,97.16,97.16,97.16,97.16,96.62,96.62,96.62"
Rec-027_std_2,21,11,4012,core,335,331,0.0,5.0,0.9895,337,333,347,336,1.0,True,101.3909,117.7843,96.0745,4.2823,100.6878,"117.78,112.90,109.10,106.39,105.30,103.67,103.13,102.04,102.04,101.50,101.50,108.01,105.30,103.67,103.13,102.04,101.50,101.50,100.96,100.42,99.87,99.87,102.04,101.50,100.96,100.42,99.87,99.33,99.33,98.79,98.25,98.25,98.25,98.79,98.25,98.25,98.25,98.25,97.70,97.16,96.62,96.62,96.62,96.07"
Rec-027_std_2,21,12,4013,core,339,331,0.0,4.0,0.9872,341,333,351,336,1.0,True,101.7487,121.0408,94.4463,5.1586,100.6878,"121.04,115.61,111.27,108.01,105.30,104.22,103.67,103.13,102.04,101.50,99.87,109.64,107.47,105.30,103.67,103.13,102.04,101.50,100.96,100.42,99.33,98.25,103.13,102.04,101.50,100.96,100.42,99.87,99.33,98.79,98.25,97.70,96.07,99.33,98.79,98.79,98.25,98.25,97.70,97.70,96.62,96.07,95.53,94.45"
Rec-027_std_2,21,13,4014,core,344,331,0.0,5.0,0.9888,346,333,356,336,1.0,True,98.4922,116.6988,85.7624,6.2651,98.2455,"116.70,112.90,109.10,105.84,103.67,102.04,100.96,99.33,97.16,94.99,90.65,108.01,105.84,103.67,102.04,101.50,99.87,98.79,97.70,95.53,94.45,89.56,102.04,102.04,100.42,99.87,98.25,97.70,96.62,95.53,93.36,91.19,87.39,98.79,98.25,98.25,97.16,96.62,95.53,94.45,93.36,91.19,89.56,85.76"
Rec-027_std_2,21,14,4015,core,348,331,0.0,4.0,0.9854,350,333,360,336,0.7273,False,91.2391,118.8698,74.9074,11.629,92.818,"118.87,112.90,108.56,103.67,100.96,97.70,92.28,83.05,78.71,76.54,75.99,108.01,105.30,103.13,99.87,98.25,95.53,91.19,83.05,78.16,76.54,75.45,102.04,99.87,98.25,97.16,95.53,93.36,89.56,81.96,77.62,75.99,74.91,98.25,96.62,95.53,94.45,92.28,90.65,87.39,80.88,77.62,75.99,74.91"
Rec-027_std_2,21,15,4016,core,353,331,0.0,5.0,0.9871,355,333,365,336,0.2727,False,80.631,109.1004,73.822,8.6495,75.9929,"109.10,100.96,87.93,81.96,78.71,77.08,75.99,75.99,75.45,74.91,74.36,102.04,95.53,85.22,79.79,77.62,75.99,75.99,75.45,74.91,74.91,74.36,95.53,91.19,83.05,79.79,77.08,75.99,75.45,74.91,74.91,74.36,74.36,92.28,88.48,81.96,78.16,77.08,75.99,75.45,74.91,74.36,74.36,73.82"
Rec-027_std_2,21,16,4017,core,355,330,26.57,2.24,0.9865,357,332,367,335,0.0909,False,79.7058,116.1561,73.822,8.0377,76.2643,"116.16,97.16,89.02,83.59,79.79,77.62,76.54,75.99,75.45,74.91,74.91,97.70,89.02,83.59,79.79,77.62,76.54,75.99,75.45,74.91,74.91,74.36,90.10,83.59,79.79,77.62,77.08,75.99,75.99,75.45,74.91,74.36,73.82,85.76,80.88,78.16,77.08,75.99,75.99,75.45,74.91,74.91,74.36,73.82"
Rec-027_std_2,22,1,4132,core,301,331,-7.13,8.06,0.9858,303,333,313,336,1.0,True,99.9847,133.5239,92.2753,7.6961,97.7027,"133.52,121.04,113.99,108.56,105.30,102.04,100.96,99.87,98.79,98.25,97.70,110.73,107.47,104.22,102.04,99.33,98.25,97.70,96.62,96.07,95.53,95.53,103.13,100.96,99.33,98.25,97.70,96.62,95.53,95.53,95.53,94.45,94.45,97.70,96.62,96.07,95.53,95.53,94.99,94.45,94.45,93.36,93.36,92.28"
Rec-027_std_2,22,2,4133,core,306,331,0.0,5.0,0.9886,308,333,318,336,1.0,True,98.5169,123.7545,92.2753,5.9291,96.6172,"123.75,115.07,109.10,105.30,102.04,100.42,99.87,98.25,98.25,97.70,97.16,107.47,104.22,102.04,99.33,98.25,97.16,96.62,96.07,95.53,95.53,94.99,100.96,99.33,98.25,97.16,96.07,95.53,95.53,94.99,94.99,94.45,94.45,96.62,96.07,95.53,94.99,94.45,94.45,94.45,93.36,93.36,93.36,92.28"
Rec-027_std_2,22,3,4134,core,310,331,0.0,4.0,0.9861,312,333,322,336,1.0,True,98.9363,128.6392,93.3608,6.5767,96.6172,"128.64,116.70,110.73,105.84,103.13,100.96,99.33,98.79,98.25,97.70,97.70,108.01,105.30,102.04,99.87,98.25,97.70,96.62,96.07,96.07,95.53,95.53,100.96,99.33,98.25,97.16,96.62,95.53,95.53,95.53,94.99,94.99,94.99,96.62,95.53,95.53,94.99,94.45,94.45,94.45,94.45,93.36,93.36,93.36"
Rec-027_std_2,22,4,4135,core,315,331,0.0,5.0,0.9897,317,333,327,336,1.0,True,98.4799,119.4126,94.4463,4.8467,96.8886,"119.41,111.81,107.47,103.67,101.50,100.42,99.33,98.79,98.25,98.25,98.25,105.84,103.13,100.96,98.79,98.25,97.70,97.16,96.62,96.62,96.62,96.07,99.87,98.25,97.70,97.16,96.62,96.07,96.07,95.53,95.53,95.53,95.53,96.07,95.53,95.53,94.99,94.99,94.99,94.45,94.45,94.45,94.45,94.45"
Rec-027_std_2,22,5,4136,core,320,331,0.0,5.0,0.9869,322,333,332,336,1.0,True,98.7882,116.1561,94.989,4.0747,97.7027,"116.16,110.19,105.84,103.13,101.50,100.42,99.87,99.33,99.33,98.79,98.25,105.30,102.04,100.42,99.33,98.25,98.25,98.25,97.70,97.70,97.16,97.16,99.87,98.79,98.25,97.70,97.16,97.16,97.16,96.62,96.62,96.07,96.07,96.62,96.07,95.53,95.53,95.53,95.53,95.53,95.53,94.99,94.99,94.99"
Rec-027_std_2,22,6,4137,core,324,331,0.0,4.0,0.9899,326,333,336,336,1.0,True,100.1328,119.4126,95.5318,4.5637,98.7882,"119.41,112.90,108.56,105.30,103.13,102.04,101.50,100.96,100.42,99.87,99.87,106.39,104.22,102.04,100.96,99.87,99.33,98.79,98.79,98.79,98.25,98.25,101.50,100.42,99.33,98.79,98.25,98.25,98.25,97.70,97.70,97.70,97.16,97.70,97.16,97.16,97.16,96.62,96.62,96.07,96.07,95.53,95.53,95.53"
Rec-027_std_2,22,7,4138,core,329,331,0.0,5.0,0.987,331,333,341,336,1.0,True,100.7619,116.6988,96.6172,3.8899,99.8737,"116.70,111.27,107.47,105.30,103.13,103.13,102.04,102.04,102.04,102.04,102.04,106.39,103.67,102.04,101.50,100.96,100.96,99.87,99.87,99.87,99.87,99.87,101.50,100.42,99.87,98.79,98.79,98.79,98.79,98.25,98.25,98.79,98.25,98.25,98.25,97.70,97.16,97.16,97.16,97.16,96.62,97.16,97.16,97.16"
Rec-027_std_2,22,8,4139,core,338,331,0.0,9.0,0.9872,340,333,350,336,1.0,True,102.4518,117.7843,96.0745,4.2043,102.0447,"117.78,112.90,109.64,107.47,106.39,105.30,105.30,104.22,103.67,103.13,102.04,108.56,106.39,105.30,103.67,103.13,103.13,103.13,102.04,102.04,100.96,100.42,103.13,102.04,102.04,102.04,101.50,100.96,100.42,100.42,99.33,99.33,98.25,99.87,99.33,99.33,99.33,98.79,98.25,98.25,98.25,97.70,96.62,96.07"
Rec-027_std_2,22,9,4140,core,342,331,0.0,4.0,0.9892,344,333,354,336,1.0,True,101.5266,119.4126,91.1898,5.6876,100.6878,"119.41,115.61,111.27,109.10,106.93,105.30,103.67,103.13,101.50,99.33,97.16,110.19,108.01,105.84,105.30,103.67,103.13,101.50,100.96,98.79,97.70,95.53,104.22,103.13,102.04,102.04,101.50,100.42,99.33,98.25,97.16,95.53,93.36,100.42,99.87,99.33,99.33,98.25,98.25,97.16,95.53,94.45,93.36,91.19"
Rec-027_std_2,22,10,4141,core,347,331,0.0,5.0,0.986,349,333,359,336,0.8182,False,93.0647,116.1561,75.9929,10.6277,95.2604,"116.16,111.81,107.47,104.22,101.50,98.79,96.07,91.73,83.05,78.16,75.99,108.01,105.30,103.13,100.96,98.79,97.16,94.99,90.10,82.51,77.62,75.99,103.13,101.50,99.33,98.25,96.62,94.99,92.28,87.93,80.88,77.62,75.99,98.79,98.25,96.62,95.53,94.45,92.28,90.10,86.85,80.88,77.08,75.99"
Rec-027_std_2,22,11,4142,core,351,331,0.0,4.0,0.9878,353,333,363,336,0.4545,False,84.7015,113.9851,74.3647,11.2319,78.7067,"113.99,108.56,103.13,95.53,85.22,79.79,77.62,75.99,75.45,74.91,74.91,105.30,102.04,98.25,92.28,83.59,78.71,77.08,75.99,75.45,74.91,74.36,99.87,97.16,94.99,90.10,83.05,78.71,76.54,75.45,74.91,74.91,74.36,95.53,94.45,91.73,87.93,81.42,77.62,75.99,75.45,74.91,74.36,74.36"
Rec-027_std_2,22,12,4143,core,355,330,14.04,4.12,0.9933,357,332,367,335,0.0909,False,79.052,109.1004,73.822,6.8644,76.2643,"109.10,93.36,86.85,81.42,78.71,77.62,76.54,75.99,75.45,74.91,74.91,95.53,87.39,82.51,78.71,77.62,76.54,75.99,75.45,74.91,74.91,74.36,89.02,83.05,79.79,77.62,76.54,75.99,75.45,75.45,74.36,73.82,74.36,84.68,80.33,77.62,77.08,75.99,75.45,75.45,74.91,74.36,74.36,73.82"
Rec-027_std_2,23,1,4256,core,290,331,0.0,0.0,0.9874,292,333,302,336,1.0,True,99.4297,122.669,90.6471,5.9458,97.9741,"122.67,115.07,110.73,108.01,105.30,104.22,103.67,103.13,103.13,102.04,101.50,101.50,102.04,100.96,99.87,99.87,99.87,99.87,98.79,98.79,98.25,98.25,94.99,95.53,96.07,96.07,97.16,97.70,97.70,97.70,97.16,96.62,96.07,90.65,91.73,93.36,94.45,94.45,94.99,94.99,95.53,94.99,94.99,94.45"
Rec-027_std_2,23,2,4257,core,293,331,0.0,3.0,0.9867,295,333,305,336,1.0,True,100.7495,128.0965,94.4463,6.5878,98.7882,"128.10,118.87,112.90,109.10,106.39,105.30,103.67,103.13,102.04,100.96,99.87,108.01,106.39,104.22,102.04,100.96,100.42,99.87,98.79,98.25,97.70,97.16,100.42,99.87,99.33,98.79,98.25,98.25,98.25,97.70,96.62,96.07,95.53,95.53,95.53,96.07,96.07,96.07,95.53,95.53,95.53,94.99,94.45,94.45"
Rec-027_std_2,23,3,4258,core,298,331,0.0,5.0,0.9851,300,333,310,336,1.0,True,99.8984,123.2118,93.3608,5.8957,98.2455,"123.21,116.16,110.73,106.93,104.22,103.13,102.04,100.96,99.87,98.79,98.25,109.10,105.84,103.13,101.50,99.87,99.33,98.25,97.70,97.16,96.07,95.53,102.04,100.96,99.87,98.79,98.25,97.70,97.16,96.07,95.53,95.53,94.99,98.25,97.70,96.62,96.07,95.53,95.53,95.53,94.45,94.45,93.36,93.36"
Rec-027_std_2,23,4,4259,core,302,331,0.0,4.0,0.9883,304,333,314,336,1.0,True,99.9354,127.5537,93.3608,6.5664,98.2455,"127.55,117.78,111.81,107.47,104.22,102.04,101.50,100.42,99.33,98.25,98.25,109.64,106.93,103.67,101.50,99.87,98.25,98.25,97.16,96.62,96.07,95.53,103.13,100.96,99.87,98.25,97.70,97.16,96.62,96.07,95.53,94.99,94.45,98.25,97.16,96.62,96.07,95.53,95.53,95.53,94.45,94.45,93.36,93.36"
Rec-027_std_2,23,5,4260,core,307,331,0.0,5.0,0.9857,309,333,319,336,1.0,True,98.2332,119.4126,92.2753,5.1716,96.6172,"119.41,112.90,107.47,103.67,101.50,100.42,99.33,98.25,98.25,97.70,96.62,106.39,103.13,101.50,98.79,98.25,97.16,96.62,96.07,95.53,94.99,94.99,100.96,99.33,98.25,97.16,96.62,95.53,95.53,94.99,94.99,94.45,94.45,97.16,96.07,96.07,95.53,94.99,94.45,94.45,93.36,93.36,93.36,92.28"
Rec-027_std_2,23,6,4261,core,311,331,0.0,4.0,0.9891,313,333,323,336,1.0,True,98.6279,122.669,93.3608,5.6256,97.16,"122.67,113.99,109.10,105.30,102.04,100.42,99.33,98.25,98.25,97.70,97.16,107.47,104.22,101.50,99.33,98.25,97.16,97.16,96.07,95.53,95.53,95.53,100.96,99.33,98.25,97.16,96.62,96.07,95.53,95.53,94.99,94.99,94.99,97.16,96.07,95.53,94.99,94.99,94.45,94.45,94.45,94.45,93.36,93.36"
Rec-027_std_2,23,7,4262,core,316,331,0.0,5.0,0.9864,318,333,328,336,1.0,True,98.2825,116.6988,94.4463,4.2789,96.6172,"116.70,110.19,105.84,103.13,100.96,99.87,99.33,98.25,98.25,98.25,98.25,105.30,102.04,99.87,98.25,98.25,97.16,97.16,96.62,96.62,96.62,96.62,99.87,98.25,97.70,96.62,96.62,96.07,96.07,96.07,95.53,95.53,95.53,96.07,95.53,95.53,95.53,95.53,94.99,94.99,94.99,94.45,94.99,94.45"
Rec-027_std_2,23,8,4263,core,320,331,0.0,4.0,0.9893,322,333,332,336,1.0,True,99.6394,121.0408,95.5318,4.855,98.2455,"121.04,112.90,108.56,105.30,102.04,101.50,100.96,100.42,99.87,99.87,99.33,106.39,103.67,102.04,99.87,98.79,98.25,98.25,98.25,98.25,98.25,97.70,100.42,99.33,98.25,98.25,97.70,97.70,97.70,97.16,97.16,97.16,96.62,97.16,96.62,96.07,96.07,96.07,95.53,95.53,95.53,95.53,95.53,95.53"
Rec-027_std_2,23,9,4264,core,325,331,0.0,5.0,0.9871,327,333,337,336,1.0,True,100.2931,116.1561,96.0745,3.841,99.331,"116.16,111.27,106.93,104.22,103.13,102.04,102.04,101.50,100.96,100.96,100.96,105.84,103.13,102.04,100.96,100.42,99.33,99.33,99.33,99.33,99.33,99.33,100.96,99.87,99.33,98.79,98.79,98.25,98.25,98.25,98.25,98.25,98.25,97.70,97.70,97.70,97.16,97.16,97.16,96.62,96.62,96.07,96.62,96.62"
Rec-027_std_2,23,10,4265,core,329,331,0.0,4.0,0.9893,331,333,341,336,1.0,True,101.9584,120.498,97.7027,4.4168,101.502,"120.50,113.99,110.19,106.93,105.30,103.67,103.13,103.13,103.13,103.13,102.04,108.01,105.84,103.67,102.04,101.50,101.50,101.50,101.50,101.50,101.50,100.96,102.04,101.50,100.42,99.87,99.87,99.87,99.87,99.33,99.33,99.87,99.33,98.25,98.25,98.25,98.25,98.25,98.25,98.25,97.70,98.25,98.25,98.25"
Rec-027_std_2,23,11,4266,core,334,331,0.0,5.0,0.988,336,333,346,336,1.0,True,102.5011,117.2416,98.2455,3.7726,102.0447,"117.24,111.81,109.10,106.93,105.84,105.30,104.22,104.22,103.67,103.13,103.13,108.01,105.30,104.22,103.13,103.13,103.13,103.13,102.04,102.04,102.04,101.50,102.04,102.04,101.50,101.50,101.50,100.96,100.96,100.96,100.42,100.42,99.87,99.33,99.33,98.79,98.79,98.79,98.79,98.79,98.25,98.25,98.25,98.25"
Rec-027_std_2,23,12,4267,core,338,331,0.0,4.0,0.9891,340,333,350,336,1.0,True,103.3152,121.5835,96.6172,4.8571,102.0447,"121.58,116.16,111.81,109.64,107.47,105.84,105.30,105.30,103.67,103.13,102.04,110.19,108.01,106.39,105.30,104.22,103.67,103.13,102.04,102.04,101.50,100.42,105.30,103.67,103.13,102.04,102.04,102.04,101.50,100.96,99.87,99.33,98.25,100.96,100.42,99.87,99.87,99.33,99.33,98.79,98.25,98.25,97.16,96.62"
Rec-027_std_2,23,13,4268,core,343,331,0.0,5.0,0.9879,345,333,355,336,1.0,True,100.5768,117.7843,89.5616,5.8106,100.1451,"117.78,113.99,110.19,108.01,105.84,104.22,103.13,102.04,99.33,97.16,94.45,109.64,106.93,105.84,104.22,103.13,102.04,100.96,99.33,97.70,95.53,93.36,104.22,103.13,102.04,101.50,100.96,99.33,98.25,97.16,95.53,94.45,91.73,100.96,100.42,99.87,99.33,98.25,97.70,96.07,94.99,93.36,91.73,89.56"
Rec-027_std_2,23,14,4269,core,347,331,0.0,4.0,0.9878,349,333,359,336,0.8182,False,93.6938,119.4126,75.9929,11.1609,95.8031,"119.41,113.99,109.64,105.84,102.04,99.33,96.62,91.73,83.05,78.16,75.99,109.64,106.93,103.67,102.04,99.33,97.16,95.53,90.65,82.51,78.16,75.99,103.67,102.04,100.42,98.25,97.16,95.53,93.36,89.02,81.42,77.62,75.99,99.87,98.25,97.70,96.07,94.99,92.28,90.65,86.85,80.88,77.08,75.99"
Rec-027_std_2,23,15,4270,core,352,331,0.0,5.0,0.9861,354,333,364,336,0.3636,False,82.3825,110.1859,73.822,9.9075,76.8071,"110.19,104.22,96.62,85.76,79.79,77.62,76.54,75.99,75.45,74.91,74.36,103.13,98.79,93.36,84.13,79.79,77.08,75.99,75.45,75.45,74.91,74.36,98.25,95.53,90.65,83.05,78.71,76.54,75.99,75.45,74.91,74.36,73.82,94.45,92.28,88.48,81.42,77.62,76.54,75.45,74.91,74.36,74.36,73.82"
Rec-027_std_2,23,16,4271,core,355,331,0.0,3.0,0.9866,357,333,367,336,0.0909,False,77.7939,97.16,73.822,4.8541,75.9929,"97.16,89.02,83.59,79.79,77.62,76.54,75.99,75.45,75.45,74.91,74.36,90.10,83.59,79.79,77.62,76.54,75.99,75.99,74.91,74.91,74.36,74.36,85.22,80.88,78.16,77.08,75.99,75.99,75.45,74.91,74.36,74.36,73.82,83.05,78.71,77.62,75.99,75.99,75.45,74.91,74.36,74.36,74.36,73.82"
Rec-027_std_2,24,1,4384,core,290,331,0.0,0.0,0.9872,292,333,302,336,1.0,True,99.368,124.84,90.6471,6.2393,97.7027,"124.84,116.16,110.73,107.47,105.30,104.22,103.13,103.13,103.13,102.04,101.50,101.50,102.04,100.96,99.87,99.33,99.33,99.33,98.79,98.79,98.25,98.25,95.53,95.53,95.53,96.07,97.16,97.16,97.16,97.16,97.16,97.16,96.62,90.65,91.73,92.28,93.36,94.45,94.99,94.99,94.99,94.99,94.99,94.45"
Rec-027_std_2,24,2,4385,core,294,331,0.0,4.0,0.9874,296,333,306,336,1.0,True,100.7865,127.011,94.4463,6.4435,98.7882,"127.01,118.87,112.90,109.10,106.39,105.30,103.13,102.04,102.04,100.96,99.87,108.56,106.39,104.22,102.04,100.96,100.42,99.33,98.79,98.25,97.70,97.16,101.50,100.42,99.33,98.79,98.25,98.25,98.25,97.70,96.62,96.62,96.07,95.53,96.07,96.07,96.07,96.07,96.07,95.53,95.53,95.53,94.45,94.45"
Rec-027_std_2,24,3,4386,core,299,331,0.0,5.0,0.9859,301,333,311,336,1.0,True,99.8491,122.669,93.3608,5.7298,98.2455,"122.67,115.61,110.73,106.93,104.22,102.04,101.50,100.42,99.87,98.79,98.25,108.56,105.84,103.13,101.50,99.87,98.79,98.25,97.70,97.16,96.62,95.53,102.04,100.96,99.33,98.79,98.25,97.70,97.16,96.07,95.53,95.53,94.99,98.25,97.70,97.16,96.07,96.07,95.53,94.99,94.99,94.45,94.45,93.36"
Rec-027_std_2,24,4,4387,core,303,331,0.0,4.0,0.9889,305,333,315,336,1.0,True,99.738,126.4682,93.3608,6.3528,98.2455,"126.47,117.24,111.27,106.93,103.67,102.04,100.96,99.87,98.79,98.25,98.25,109.10,106.39,103.13,100.96,99.33,98.25,98.25,97.16,96.62,95.53,95.53,103.13,100.96,99.33,98.25,97.70,97.16,96.62,95.53,95.53,94.99,94.99,98.25,97.70,96.62,96.07,95.53,95.53,94.99,94.45,94.45,93.36,93.36"
Rec-027_std_2,24,5,4388,core,308,331,0.0,5.0,0.9861,310,333,320,336,1.0,True,98.4305,118.8698,93.3608,4.9106,96.8886,"118.87,111.81,107.47,103.67,102.04,100.42,99.87,98.79,98.25,97.70,97.16,106.39,103.13,100.96,98.79,98.25,97.70,96.62,96.62,96.07,95.53,95.53,100.96,98.79,98.25,97.16,96.62,96.62,95.53,95.53,95.53,94.99,94.45,97.16,96.62,95.53,95.53,94.99,94.99,94.45,94.45,94.45,93.36,93.36"
Rec-027_std_2,24,6,4389,core,312,331,0.0,4.0,0.9898,314,333,324,336,1.0,True,99.0719,121.5835,94.4463,5.3121,97.4314,"121.58,113.99,109.10,105.30,102.04,100.96,99.87,99.33,98.79,98.25,98.25,106.93,104.22,101.50,99.87,98.25,98.25,97.70,97.16,96.62,96.62,96.07,101.50,99.87,98.25,97.70,97.16,96.62,96.07,96.07,95.53,95.53,95.53,97.16,96.62,95.53,95.53,95.53,94.99,94.99,94.99,94.45,94.45,94.45"
Rec-027_std_2,24,7,4390,core,317,331,0.0,5.0,0.9871,319,333,329,336,1.0,True,99.0226,116.6988,94.989,4.2805,97.7027,"116.70,111.27,106.93,103.67,102.04,100.96,100.42,99.87,99.33,98.79,98.79,105.30,103.13,100.96,99.33,98.79,98.25,98.25,97.70,97.70,97.16,97.16,100.42,98.79,98.25,97.70,97.70,97.16,96.62,96.62,96.62,96.07,96.07,97.16,96.62,96.07,95.53,95.53,95.53,95.53,95.53,94.99,94.99,94.99"
Rec-027_std_2,24,8,4391,core,321,331,0.0,4.0,0.99,323,333,333,336,1.0,True,100.2685,121.5835,95.5318,4.9356,98.7882,"121.58,113.99,109.10,105.30,103.13,102.04,101.50,100.96,100.96,100.42,99.87,106.93,105.30,103.13,100.96,99.87,99.33,99.33,98.79,98.79,98.25,98.25,101.50,99.87,99.33,98.25,98.25,98.25,98.25,97.70,97.70,97.16,97.16,97.70,97.16,97.16,96.62,96.62,96.07,96.07,96.07,96.07,95.53,95.53"
Rec-027_std_2,24,9,4392,core,326,331,0.0,5.0,0.9879,328,333,338,336,1.0,True,100.5028,116.6988,96.6172,3.9495,99.331,"116.70,111.27,107.47,105.30,103.13,102.04,102.04,101.50,101.50,100.96,100.96,106.39,104.22,102.04,101.50,100.42,99.87,99.87,99.87,99.33,99.33,99.33,101.50,100.42,99.33,98.79,98.79,98.25,98.25,98.25,98.25,98.25,98.25,98.25,97.70,97.70,97.70,97.16,97.16,96.62,96.62,96.62,96.62,96.62"
Rec-027_std_2,24,10,4393,core,330,331,0.0,4.0,0.99,332,333,342,336,1.0,True,101.909,120.498,97.7027,4.4216,100.9592,"120.50,113.99,109.64,106.93,105.30,103.67,103.13,103.13,103.13,102.04,102.04,108.01,105.84,103.67,103.13,102.04,101.50,101.50,100.96,100.96,100.96,100.42,103.13,101.50,100.42,99.87,99.87,99.87,99.33,99.33,99.33,99.33,99.33,98.79,98.25,98.25,98.25,98.25,98.25,98.25,98.25,98.25,97.70,97.70"
Rec-027_std_2,24,11,4394,core,339,331,0.0,9.0,0.9896,341,333,351,336,1.0,True,102.9452,121.0408,95.5318,4.901,102.0447,"121.04,115.61,111.81,109.10,106.93,105.84,105.30,104.22,103.13,102.04,100.96,110.19,108.01,106.39,105.30,103.67,103.13,103.13,102.04,101.50,100.96,99.33,104.22,103.67,103.13,102.04,102.04,101.50,100.96,100.42,99.33,98.25,97.16,100.96,100.42,100.42,99.87,99.87,99.33,98.25,98.25,97.70,96.62,95.53"
Rec-027_std_2,24,12,4395,core,344,331,0.0,5.0,0.9876,346,333,356,336,1.0,True,99.405,117.2416,85.7624,6.4744,99.6023,"117.24,112.90,109.64,106.93,105.30,103.13,102.04,99.87,97.70,94.99,90.65,109.10,106.93,105.30,103.67,102.04,101.50,99.87,98.25,96.07,94.45,89.56,104.22,103.13,102.04,101.50,99.87,98.79,97.16,95.53,94.45,91.73,87.93,100.96,99.87,99.33,98.25,98.25,96.62,95.53,94.45,91.73,89.56,85.76"
Rec-027_std_2,24,13,4396,core,353,331,0.0,9.0,0.9859,355,333,365,336,0.2727,False,80.3596,108.5576,73.822,8.5604,75.9929,"108.56,99.87,87.93,80.88,78.16,77.08,75.99,75.45,74.91,74.36,74.36,100.96,94.99,85.22,79.79,77.62,75.99,75.45,74.91,74.91,74.36,73.82,95.53,91.19,83.05,78.71,77.08,75.99,75.45,74.91,74.91,74.36,73.82,92.28,88.48,81.96,78.16,76.54,75.99,74.91,74.91,74.36,73.82,73.82"
Rec-027_std_2,24,14,4397,core,355,330,26.57,2.24,0.9862,357,332,367,335,0.0909,False,79.7058,117.2416,73.822,8.2733,75.9929,"117.24,97.70,89.02,83.05,79.79,77.62,75.99,75.99,75.45,74.91,74.91,98.25,89.56,84.13,79.79,77.62,76.54,75.99,75.45,74.91,74.91,74.36,90.65,83.59,79.79,77.62,76.54,75.99,75.99,75.45,74.36,73.82,73.82,85.76,80.88,78.16,76.54,75.99,75.99,75.45,74.91,74.36,74.36,73.82"
Rec-027_std_2,25,1,4506,core,292,331,0.0,2.0,0.9847,294,333,304,336,1.0,True,100.7125,123.2118,94.4463,5.7793,98.7882,"123.21,117.24,111.81,108.56,105.84,105.30,103.67,103.13,103.13,102.04,101.50,105.84,105.30,103.13,102.04,101.50,100.42,100.42,99.87,99.33,98.25,98.25,98.79,98.79,98.79,98.79,98.25,98.25,98.25,98.25,97.70,97.16,96.62,94.45,95.53,95.53,96.07,96.07,96.07,96.07,96.07,95.53,95.53,94.99"
Rec-027_std_2,25,2,4507,core,301,331,0.0,9.0,0.9858,303,333,313,336,1.0,True,100.4535,124.2973,93.3608,5.9964,98.7882,"124.30,117.24,111.81,107.47,105.30,103.13,102.04,100.96,99.87,99.33,98.25,109.64,106.39,103.67,102.04,100.42,99.33,98.79,98.25,97.70,96.62,96.07,103.13,101.50,100.42,99.33,98.79,98.25,97.16,96.62,96.62,95.53,95.53,98.79,98.25,97.70,97.16,96.62,96.07,95.53,95.53,94.99,94.45,93.36"
Rec-027_std_2,25,3,4508,core,305,331,0.0,4.0,0.9885,307,333,317,336,1.0,True,100.0711,127.011,93.3608,6.4115,98.2455,"127.01,117.78,111.81,107.47,104.22,102.04,100.96,99.87,99.33,98.79,98.25,109.64,106.39,103.67,101.50,99.87,98.79,98.25,97.70,97.16,96.07,96.07,103.13,101.50,99.87,98.79,98.25,97.16,96.62,96.07,95.53,95.53,94.99,98.25,97.70,97.16,96.62,96.07,95.53,94.99,94.45,94.45,94.45,93.36"
Rec-027_std_2,25,4,4509,core,310,331,0.0,5.0,0.9869,312,333,322,336,1.0,True,99.1583,120.498,94.4463,5.1525,97.7027,"120.50,112.90,108.56,105.30,103.13,101.50,100.42,99.87,98.79,98.25,98.25,107.47,104.22,102.04,99.87,98.79,98.25,97.70,97.16,97.16,96.62,96.07,101.50,99.87,98.25,98.25,97.16,96.62,96.07,96.07,95.53,95.53,95.53,97.70,97.16,96.07,95.53,95.53,94.99,94.99,94.45,94.45,94.45,94.45"
Rec-027_std_2,25,5,4510,core,314,331,0.0,4.0,0.9891,316,333,326,336,1.0,True,99.7751,123.7545,94.989,5.5678,98.2455,"123.75,115.61,110.19,105.84,103.13,101.50,100.96,100.42,99.33,99.33,98.79,107.47,105.30,102.04,100.96,99.33,98.25,98.25,98.25,97.70,97.16,97.16,101.50,99.87,98.79,98.25,97.70,97.16,97.16,96.62,96.62,96.07,95.53,97.70,96.62,96.07,96.07,96.07,95.53,95.53,95.53,94.99,94.99,94.99"
Rec-027_std_2,25,6,4511,core,319,331,0.0,5.0,0.988,321,333,331,336,1.0,True,99.7874,118.8698,95.5318,4.5172,98.2455,"118.87,111.81,108.01,105.30,103.13,102.04,100.96,100.42,100.42,99.87,99.87,106.39,103.67,102.04,100.42,99.87,98.79,98.25,98.25,98.25,98.25,98.25,100.96,99.87,98.79,98.25,98.25,97.70,97.70,97.16,97.16,97.16,97.16,97.16,97.16,96.62,96.62,96.07,95.53,96.07,95.53,95.53,95.53,95.53"
Rec-027_std_2,25,7,4512,core,323,331,0.0,4.0,0.9893,325,333,335,336,1.0,True,101.1072,122.669,96.6172,4.9896,99.6023,"122.67,115.07,110.19,106.39,104.22,103.13,102.04,102.04,102.04,101.50,100.96,108.01,105.30,103.13,102.04,100.96,100.42,100.42,99.33,99.87,99.33,99.33,102.04,100.96,99.87,99.33,98.79,98.79,98.25,98.25,98.25,98.25,98.25,98.25,97.70,97.16,97.16,97.16,97.16,97.16,97.16,97.16,96.62,96.62"
Rec-027_std_2,25,8,4513,core,328,331,0.0,5.0,0.9883,330,333,340,336,1.0,True,101.8967,117.7843,98.2455,3.9705,101.502,"117.78,112.90,109.10,106.39,105.30,103.67,103.13,103.13,103.13,103.13,103.13,107.47,105.30,103.13,102.04,102.04,101.50,101.50,101.50,101.50,101.50,100.96,102.04,101.50,100.42,100.42,99.87,99.87,99.87,99.87,99.87,99.87,99.87,98.25,98.25,98.25,98.25,98.25,98.25,98.25,98.25,98.25,98.25,98.25"
Rec-027_std_2,25,9,4514,core,332,331,0.0,4.0,0.989,334,333,344,336,1.0,True,103.2289,121.5835,98.2455,4.5678,102.0447,"121.58,115.61,111.81,108.56,106.93,105.84,105.30,104.22,103.67,103.67,103.67,109.64,107.47,105.30,104.22,103.13,103.13,103.13,102.04,102.04,102.04,102.04,103.67,102.04,102.04,101.50,101.50,101.50,101.50,100.96,100.96,100.96,100.42,99.87,99.33,99.33,99.33,99.33,98.79,99.33,98.79,98.79,98.79,98.25"
Rec-027_std_2,25,10,4515,core,337,331,0.0,5.0,0.9885,339,333,349,336,1.0,True,103.7099,119.4126,97.7027,4.2601,103.1302,"119.41,115.07,111.27,109.10,107.47,106.39,105.84,105.30,105.30,104.22,103.67,109.64,108.01,105.84,105.30,104.22,104.22,103.67,103.13,103.13,102.04,102.04,104.22,103.67,103.13,102.04,102.04,102.04,102.04,101.50,101.50,100.42,99.87,100.96,100.96,100.42,100.42,100.42,99.87,99.33,99.33,98.79,98.25,97.70"
Rec-027_std_2,25,11,4516,core,341,331,0.0,4.0,0.9884,343,333,353,336,1.0,True,103.4756,122.669,94.4463,5.6559,102.0447,"122.67,117.78,113.99,110.73,108.56,107.47,105.84,105.30,103.13,102.04,100.42,111.81,109.64,107.47,106.39,105.30,104.22,103.67,103.13,101.50,99.87,98.25,105.30,105.30,103.67,103.13,102.04,102.04,101.50,100.42,98.79,97.70,96.07,102.04,101.50,100.96,100.42,100.42,99.33,98.25,98.25,96.62,95.53,94.45"
Rec-027_std_2,25,12,4517,core,346,331,0.0,5.0,0.9878,348,333,358,336,0.9091,False,96.4199,119.4126,76.5357,10.1769,97.9741,"119.41,113.99,110.73,107.47,105.30,102.04,99.87,97.16,92.28,83.05,78.16,110.19,108.01,105.30,103.13,102.04,99.87,98.25,95.53,91.19,82.51,77.62,105.30,103.13,102.04,100.42,98.79,97.70,95.53,93.36,89.02,80.88,77.62,100.96,99.87,98.79,97.70,96.07,94.99,92.28,91.19,86.85,80.33,76.54"
Rec-027_std_2,25,13,4518,core,350,331,0.0,4.0,0.9867,352,333,362,336,0.5455,False,87.5756,118.8698,74.3647,12.5857,83.32,"118.87,112.90,106.93,102.04,95.53,84.68,79.79,77.08,75.99,75.45,74.36,108.56,105.30,102.04,98.25,93.36,84.13,78.71,76.54,75.99,74.91,74.36,102.04,99.87,97.70,95.53,90.65,82.51,78.16,76.54,75.99,74.91,74.36,98.25,96.62,94.45,92.28,88.48,81.42,77.62,75.99,75.45,74.36,74.36"
Rec-027_std_2,25,14,4519,core,355,331,0.0,5.0,0.985,357,333,367,336,0.0909,False,77.2511,94.4463,73.822,4.4089,75.4502,"94.45,86.31,81.96,78.71,77.08,75.99,75.45,74.91,74.91,74.36,73.82,89.02,82.51,78.71,77.62,75.99,75.99,75.45,74.91,74.36,73.82,73.82,84.68,80.33,77.62,76.54,75.99,75.45,75.45,74.91,74.36,74.36,73.82,83.05,78.71,77.08,75.99,75.45,74.91,74.36,74.36,73.82,73.82,73.82"
Rec-027_std_2,26,1,4626,core,290,331,0.0,0.0,0.9894,292,333,302,336,1.0,True,99.4913,117.7843,89.5616,5.3997,98.7882,"117.78,112.90,110.19,107.47,105.30,105.30,103.67,103.67,103.13,103.13,102.04,99.87,100.96,100.42,99.87,99.87,99.87,100.42,99.87,99.87,99.87,99.33,94.45,94.99,95.53,96.07,97.16,97.70,98.25,98.25,98.25,98.25,98.25,89.56,91.19,92.28,94.45,94.45,95.53,95.53,95.53,96.07,95.53,95.53"
Rec-027_std_2,26,2,4627,core,295,331,0.0,5.0,0.9863,297,333,307,336,1.0,True,101.798,125.9255,95.5318,5.903,100.1451,"125.93,117.78,112.90,109.10,106.39,105.30,103.67,103.13,102.04,102.04,100.96,109.64,107.47,105.30,103.13,102.04,101.50,100.42,99.87,99.33,98.79,98.25,103.13,102.04,100.96,100.42,99.87,99.33,98.79,98.25,98.25,98.25,97.70,97.70,97.70,97.70,97.70,97.70,97.70,97.16,96.62,96.07,95.53,95.53"
Rec-027_std_2,26,3,4628,core,299,331,0.0,4.0,0.9869,301,333,311,336,1.0,True,102.2051,132.4384,94.989,7.127,100.1451,"132.44,121.58,115.61,110.73,106.93,105.30,103.13,102.04,102.04,100.96,99.87,111.81,109.10,106.39,103.67,102.04,100.96,100.42,99.33,98.25,98.25,97.70,105.30,103.13,102.04,100.96,100.42,99.33,98.79,98.25,97.70,97.16,96.62,99.33,98.79,98.25,98.25,97.70,97.16,97.16,96.07,95.53,95.53,94.99"
Rec-027_std_2,26,4,4629,core,326,331,0.0,27.0,0.9881,328,333,338,336,1.0,True,101.613,122.669,97.16,4.8151,100.4165,"122.67,115.07,110.73,106.93,104.22,103.13,103.13,102.04,102.04,101.50,101.50,108.01,105.84,103.67,102.04,101.50,100.96,100.42,100.42,100.42,99.87,99.87,102.04,101.50,100.42,99.87,99.87,99.33,98.79,98.79,98.79,98.79,98.79,98.79,98.25,98.25,98.25,98.25,98.25,97.70,97.70,97.16,97.70,97.70"
Rec-027_std_2,26,5,4630,core,331,331,0.0,5.0,0.9895,333,333,343,336,1.0,True,102.3284,118.8698,98.2455,4.118,101.502,"118.87,113.99,109.64,106.93,105.30,104.22,103.67,103.13,103.13,102.04,102.04,108.56,106.39,104.22,103.13,102.04,102.04,102.04,102.04,101.50,101.50,100.96,103.13,102.04,101.50,100.96,100.96,100.42,100.42,100.42,100.42,99.87,99.87,99.33,99.33,98.79,98.79,98.79,98.79,98.25,98.25,98.25,98.25,98.25"
Rec-027_std_2,26,6,4631,core,335,331,0.0,4.0,0.9877,337,333,347,336,1.0,True,103.2289,122.1263,98.2455,4.6549,102.0447,"122.13,116.16,111.81,108.56,106.39,105.30,104.22,103.67,103.13,103.13,102.04,110.19,108.01,105.84,104.22,103.67,103.13,103.13,102.04,102.04,102.04,101.50,104.22,103.13,102.04,102.04,102.04,101.50,100.96,100.96,100.42,100.42,99.87,100.42,100.42,99.87,99.87,99.33,99.33,99.33,98.79,98.25,98.25,98.25"
Rec-027_std_2,26,7,4632,core,340,331,0.0,5.0,0.9893,342,333,352,336,1.0,True,102.6615,119.4126,94.989,4.6135,102.0447,"119.41,113.99,111.27,108.01,105.84,105.30,104.22,103.13,103.13,102.04,100.42,109.64,108.01,105.84,105.30,103.67,103.13,103.13,102.04,101.50,100.42,98.79,104.22,103.67,103.13,102.04,102.04,101.50,100.96,99.87,99.33,98.25,97.16,100.96,100.96,100.42,99.87,99.87,99.33,98.79,98.25,97.16,96.07,94.99"
Rec-027_std_2,26,8,4633,core,344,331,0.0,4.0,0.9867,346,333,356,336,1.0,True,100.4165,121.5835,86.3051,7.0433,100.1451,"121.58,116.16,111.81,108.56,105.84,104.22,103.13,100.42,98.25,95.53,91.19,110.73,108.56,106.39,105.30,103.13,102.04,100.42,98.79,97.16,94.99,90.10,105.30,104.22,103.13,102.04,100.96,99.87,98.25,96.62,94.99,92.28,88.48,101.50,100.96,99.87,99.33,98.79,97.70,96.07,94.45,92.28,90.65,86.31"
Rec-027_std_2,26,9,4634,core,349,331,0.0,5.0,0.9881,351,333,361,336,0.6364,False,89.2902,116.6988,74.3647,12.0795,90.6471,"116.70,111.81,106.39,102.04,98.25,93.36,83.59,78.71,77.08,75.99,74.91,108.01,105.30,102.04,99.33,96.62,91.73,83.05,78.71,75.99,75.45,74.91,103.13,100.42,98.25,96.62,94.45,89.56,81.96,78.16,75.99,75.45,74.91,98.79,97.70,95.53,94.45,91.73,87.93,80.88,77.62,75.99,74.91,74.36"
Rec-027_std_2,26,10,4635,core,353,331,0.0,4.0,0.9851,355,333,365,336,0.2727,False,80.8777,111.2714,73.822,9.1662,75.9929,"111.27,102.04,89.56,83.05,78.71,77.08,75.99,75.45,75.45,74.91,74.36,103.13,96.07,85.76,80.33,77.62,75.99,75.99,74.91,74.91,74.36,74.36,97.16,91.73,83.59,79.79,77.62,75.99,75.45,74.91,74.36,74.36,73.82,93.36,89.02,82.51,78.16,76.54,75.99,75.45,74.91,74.36,74.36,73.82"
Rec-027_std_2,27,1,4742,core,290,331,0.0,0.0,0.9873,292,333,302,336,1.0,True,100.5398,122.669,91.1898,5.7133,99.331,"122.67,115.61,111.27,108.56,105.84,105.30,104.22,103.67,103.67,103.13,103.13,102.04,103.13,101.50,100.42,100.96,100.96,100.96,100.96,100.42,100.42,99.87,95.53,96.62,97.16,97.70,98.25,98.79,98.79,98.79,98.79,98.79,98.25,91.19,92.28,94.45,94.99,95.53,96.07,96.62,96.62,96.62,96.62,96.62"
Rec-027_std_2,27,2,4743,core,293,331,0.0,3.0,0.9861,295,333,305,336,1.0,True,102.5258,131.3529,96.0745,6.6595,100.6878,"131.35,120.50,115.07,110.73,107.47,105.84,105.30,104.22,103.13,102.04,102.04,109.64,108.01,105.84,104.22,103.13,102.04,101.50,100.96,100.42,99.33,99.33,102.04,101.50,100.96,100.42,100.42,100.42,99.33,99.33,98.79,98.25,98.25,96.62,97.16,97.70,97.70,97.70,97.70,97.70,97.16,97.16,96.62,96.07"
Rec-027_std_2,27,3,4744,core,298,331,0.0,5.0,0.9864,300,333,310,336,1.0,True,102.094,125.9255,95.5318,5.8762,100.4165,"125.93,117.78,112.90,109.10,106.39,105.30,103.67,103.13,102.04,101.50,100.42,110.73,108.56,105.84,103.13,102.04,101.50,100.42,99.87,99.33,98.79,98.25,104.22,103.13,102.04,100.96,100.42,99.87,99.33,98.25,98.25,97.70,97.70,99.33,99.33,98.79,98.25,98.25,98.25,97.16,96.62,96.07,96.07,95.53"
Rec-027_std_2,27,4,4745,core,302,331,0.0,4.0,0.9876,304,333,314,336,1.0,True,102.2174,131.8957,94.989,6.9705,99.8737,"131.90,121.04,115.07,110.19,106.93,105.30,103.13,102.04,101.50,100.42,99.33,111.81,109.10,106.39,103.67,102.04,100.96,99.87,99.33,98.25,98.25,97.16,105.30,103.67,102.04,101.50,99.87,99.33,98.79,98.25,97.70,97.16,96.07,100.42,99.87,99.33,98.25,98.25,97.70,97.16,96.62,96.07,95.53,94.99"
Rec-027_std_2,27,5,4746,core,311,331,0.0,9.0,0.9885,313,333,323,336,1.0,True,100.0341,126.4682,94.4463,6.2438,98.2455,"126.47,117.24,111.27,106.93,103.67,102.04,100.42,99.33,98.79,98.25,97.70,109.64,106.93,103.67,101.50,99.87,98.25,98.25,97.16,96.62,96.07,96.07,103.13,101.50,99.87,98.79,98.25,97.70,96.62,96.07,95.53,95.53,95.53,98.25,98.25,97.70,97.16,96.07,95.53,95.53,94.99,94.45,94.45,94.45"
Rec-027_std_2,27,6,4747,core,320,331,0.0,9.0,0.9886,322,333,332,336,1.0,True,100.5028,123.2118,96.0745,5.1306,98.7882,"123.21,115.07,109.64,105.84,103.13,102.04,101.50,100.96,100.96,100.42,99.87,107.47,105.30,103.13,100.96,99.87,99.33,98.79,98.79,98.79,98.79,98.25,101.50,100.42,99.33,98.25,98.25,98.25,98.25,98.25,97.70,98.25,98.25,97.70,97.16,96.62,96.62,96.62,96.62,96.62,96.62,96.07,96.07,96.62"
Rec-027_std_2,27,7,4748,core,334,331,0.0,14.0,0.9888,336,333,346,336,1.0,True,103.4879,118.8698,98.7882,3.8499,103.1302,"118.87,113.99,110.19,108.01,106.39,105.84,105.30,104.22,104.22,103.67,103.13,109.10,106.93,105.30,104.22,103.67,103.13,103.13,103.13,103.13,103.13,102.04,103.67,103.13,103.13,102.04,102.04,102.04,102.04,102.04,101.50,101.50,100.96,100.42,100.42,100.42,100.42,99.87,99.87,99.87,99.87,99.33,99.33,98.79"
Rec-027_std_2,27,8,4749,core,343,331,0.0,9.0,0.9887,345,333,355,336,1.0,True,102.1557,120.498,90.6471,6.0687,102.0447,"120.50,115.61,111.81,109.64,107.47,105.84,104.22,103.13,100.96,98.25,95.53,111.27,109.10,107.47,105.84,105.30,103.67,103.13,100.96,98.79,97.16,94.45,105.84,105.30,103.67,103.13,103.13,102.04,100.42,98.25,97.16,94.99,92.28,102.04,102.04,101.50,100.96,99.87,99.33,98.25,96.62,94.99,92.28,90.65"
Rec-027_std_2,27,9,4750,core,352,331,0.0,9.0,0.987,354,333,364,336,0.3636,False,82.7402,111.8141,73.822,10.4958,76.8071,"111.81,106.39,98.25,85.76,80.33,77.62,76.54,75.99,74.91,74.36,74.36,104.22,100.42,94.45,84.68,79.79,77.08,75.99,74.91,74.91,74.36,74.36,99.33,96.62,91.19,83.05,78.71,76.54,75.99,74.91,74.91,74.36,74.36,95.53,93.36,89.56,82.51,78.16,76.54,75.99,74.91,74.36,74.36,73.82"
Rec-027_std_2,27,10,4751,core,355,331,0.0,3.0,0.9861,357,333,367,336,0.0909,False,77.6582,97.16,73.822,4.9668,75.9929,"97.16,89.02,83.59,79.79,77.62,75.99,75.99,75.45,74.91,74.36,74.36,90.10,84.13,79.79,77.62,76.54,75.99,75.45,74.91,74.36,74.36,73.82,85.76,80.88,77.62,76.54,75.99,75.45,74.91,74.91,74.36,74.36,73.82,83.05,78.71,77.62,75.99,75.99,74.91,74.91,74.36,73.82,73.82,73.82"
Rec-027_std_2,28,1,4855,core,291,331,0.0,1.0,0.9864,293,333,303,336,1.0,True,100.8235,124.2973,93.3608,5.6866,98.7882,"124.30,116.70,111.81,108.01,105.84,105.30,103.67,103.13,103.13,102.04,101.50,105.30,103.67,103.13,101.50,100.96,100.96,100.42,99.87,99.33,98.79,98.25,98.25,98.25,98.25,98.79,98.79,98.79,98.79,98.79,98.25,98.25,97.70,93.36,94.99,95.53,96.07,96.62,96.62,96.62,97.16,96.62,96.07,96.07"
Rec-027_std_2,28,2,4856,core,295,331,0.0,4.0,0.9868,297,333,307,336,1.0,True,102.4024,132.4384,95.5318,6.9283,100.1451,"132.44,121.58,115.07,110.73,107.47,105.30,103.67,103.13,102.04,100.96,100.42,111.27,109.10,105.84,103.67,102.04,101.50,100.42,99.87,98.79,98.25,98.25,103.67,103.13,102.04,100.96,99.87,99.87,98.79,98.79,98.25,98.25,97.70,98.25,98.25,98.25,98.25,98.25,98.25,97.70,97.16,96.62,96.07,95.53"
Rec-027_std_2,28,3,4857,core,300,331,0.0,5.0,0.9876,302,333,312,336,1.0,True,101.1936,125.9255,95.5318,5.9188,99.0596,"125.93,117.78,111.81,108.01,105.30,103.13,102.04,100.96,100.42,99.33,98.79,110.19,107.47,104.22,102.04,100.96,99.87,98.79,98.25,98.25,97.70,96.62,104.22,102.04,101.50,100.42,99.87,98.79,98.25,98.25,97.16,97.16,96.62,99.87,98.79,98.25,98.25,97.70,97.16,97.16,96.62,95.53,95.53,95.53"
Rec-027_std_2,28,4,4858,core,304,331,0.0,4.0,0.9876,306,333,316,336,1.0,True,101.2429,130.8102,94.989,6.6909,98.7882,"130.81,119.41,112.90,108.56,105.30,103.13,102.04,100.96,99.87,98.79,98.79,110.73,107.47,105.30,102.04,100.42,99.33,98.79,98.25,97.70,97.16,96.07,104.22,103.13,101.50,99.87,98.79,98.79,98.25,97.70,97.16,96.62,96.07,99.87,98.79,98.25,98.25,97.70,97.16,96.62,96.07,95.53,95.53,94.99"
Rec-027_std_2,28,5,4859,core,309,331,0.0,5.0,0.9886,311,333,321,336,1.0,True,99.9477,122.1263,94.989,5.1536,98.2455,"122.13,113.99,109.10,105.30,103.13,101.50,100.42,99.87,99.33,98.79,98.25,108.01,105.30,102.04,100.96,99.33,98.25,98.25,97.70,97.70,97.16,96.62,103.13,100.96,99.87,98.79,98.25,97.70,97.16,97.16,97.16,96.07,95.53,98.79,98.25,97.70,97.16,96.62,96.62,96.07,95.53,95.53,95.53,94.99"
Rec-027_std_2,28,6,4860,core,313,331,0.0,4.0,0.9885,315,333,325,336,1.0,True,100.5275,125.3828,95.5318,5.7118,98.2455,"125.38,116.70,110.73,106.93,103.67,102.04,100.96,100.42,99.87,99.33,98.79,109.10,105.84,103.13,101.50,99.87,98.79,98.25,98.25,98.25,97.70,97.70,103.13,101.50,99.87,99.33,98.25,98.25,97.70,97.70,97.16,96.62,96.62,98.25,98.25,97.70,97.70,96.62,96.62,96.07,96.07,95.53,95.53,95.53"
Rec-027_std_2,28,7,4861,core,318,331,0.0,5.0,0.9891,320,333,330,336,1.0,True,100.5892,120.498,96.6172,4.5627,98.7882,"120.50,112.90,108.56,105.30,103.13,102.04,101.50,100.96,100.42,100.42,100.42,107.47,105.30,103.13,101.50,100.42,99.87,99.33,98.79,98.79,98.79,98.25,102.04,100.96,99.87,98.79,98.79,98.25,98.25,98.25,98.25,98.25,97.70,98.25,98.25,97.70,97.16,97.16,97.16,96.62,96.62,96.62,96.62,96.62"
Rec-027_std_2,28,8,4862,core,322,331,0.0,4.0,0.9881,324,333,334,336,1.0,True,102.0324,124.84,97.7027,5.1742,100.4165,"124.84,116.16,111.27,107.47,105.30,103.67,103.13,103.13,102.04,102.04,102.04,109.10,106.93,104.22,103.13,101.50,100.96,100.42,100.96,100.42,100.42,100.42,103.13,102.04,100.96,99.87,99.87,99.33,99.33,98.79,99.33,99.33,99.33,98.79,98.25,98.25,98.25,98.25,98.25,97.70,97.70,97.70,97.70,97.70"
Rec-027_std_2,28,9,4863,core,327,331,0.0,5.0,0.9893,329,333,339,336,1.0,True,102.6614,119.4126,98.7882,4.097,102.0447,"119.41,113.99,110.19,106.93,105.30,105.30,103.67,103.67,103.13,103.13,103.13,108.56,106.39,104.22,103.13,103.13,102.04,102.04,102.04,102.04,102.04,102.04,103.13,102.04,101.50,100.96,100.96,100.96,100.96,100.96,100.96,100.42,100.96,99.33,98.79,98.79,98.79,99.33,98.79,98.79,98.79,98.79,98.79,98.79"
Rec-027_std_2,28,10,4864,core,331,331,0.0,4.0,0.9874,333,333,343,336,1.0,True,104.376,124.2973,99.8737,4.8068,103.1302,"124.30,117.78,112.90,109.64,107.47,106.39,105.84,105.30,105.30,105.30,104.22,111.27,109.10,106.93,105.30,104.22,103.67,103.67,103.67,103.13,103.13,103.13,105.30,103.67,103.13,102.04,102.04,102.04,102.04,102.04,102.04,102.04,102.04,100.96,100.42,99.87,100.42,100.42,100.42,99.87,100.42,99.87,99.87,99.87"
Rec-027_std_2,28,11,4865,core,336,331,0.0,5.0,0.9894,338,333,348,336,1.0,True,105.0421,121.0408,99.331,4.2096,104.2157,"121.04,116.70,111.81,110.19,108.01,107.47,106.93,106.39,105.84,105.30,105.30,111.27,109.10,107.47,106.39,105.84,105.30,105.30,105.30,104.22,104.22,103.67,105.30,105.30,104.22,103.67,103.13,103.13,103.13,103.13,102.04,102.04,102.04,102.04,102.04,102.04,101.50,101.50,101.50,100.96,100.42,100.42,99.87,99.33"
Rec-027_std_2,28,12,4866,core,340,331,0.0,4.0,0.9866,342,333,352,336,1.0,True,105.4739,124.84,96.6172,5.4346,104.2157,"124.84,119.41,115.61,111.81,110.19,109.10,108.01,106.93,105.30,104.22,103.13,112.90,111.27,109.64,108.01,106.93,106.39,105.84,105.30,103.67,103.13,101.50,107.47,106.39,105.30,105.30,104.22,103.67,103.13,103.13,101.50,100.42,98.79,103.13,103.13,102.04,102.04,102.04,101.50,100.96,99.87,98.79,98.25,96.62"
Rec-027_std_2,28,13,4867,core,349,331,0.0,9.0,0.9852,351,333,361,336,0.6364,False,90.5607,121.5835,74.3647,13.3417,92.0039,"121.58,115.61,110.73,105.30,100.96,94.99,84.13,78.71,77.08,75.99,74.91,111.27,108.01,105.30,101.50,98.25,93.36,83.59,78.71,76.54,75.45,74.91,105.30,102.04,100.42,98.25,95.53,90.65,82.51,78.16,75.99,74.91,74.36,100.42,98.79,97.70,95.53,93.36,89.02,81.42,77.62,75.99,75.45,74.36"
Rec-027_std_2,28,14,4868,core,354,331,0.0,5.0,0.9866,356,333,366,336,0.1818,False,78.9164,106.3867,73.822,7.1856,75.9929,"106.39,92.28,84.13,79.79,77.62,75.99,75.99,75.45,74.91,74.36,74.36,98.79,87.39,81.42,78.16,76.54,75.99,75.45,74.91,74.36,74.36,73.82,93.36,84.13,79.79,77.62,75.99,75.45,74.91,74.91,74.36,73.82,73.82,90.10,83.05,78.71,77.08,75.99,75.45,74.91,74.36,74.36,73.82,73.82"
Rec-027_std_2,29,1,4969,core,290,331,0.0,0.0,0.9892,292,333,302,336,1.0,True,99.8491,118.8698,90.6471,5.3903,98.7882,"118.87,112.90,110.73,108.01,105.84,105.30,104.22,103.67,103.67,103.13,103.13,99.87,101.50,100.96,99.87,99.87,100.42,100.42,99.87,99.87,99.87,99.33,94.45,95.53,96.07,96.62,98.25,98.25,98.25,98.25,98.25,98.25,98.25,90.65,91.73,93.36,94.45,95.53,95.53,96.07,96.07,96.07,96.07,96.07"
Rec-027_std_2,29,2,4970,core,294,331,0.0,4.0,0.9853,296,333,306,336,1.0,True,102.7231,132.9812,96.0745,7.0263,100.6878,"132.98,122.13,116.16,111.27,108.01,105.84,105.30,103.67,103.13,102.04,101.50,111.27,109.10,106.39,103.67,102.04,102.04,101.50,100.42,99.87,98.79,98.25,103.13,102.04,101.50,100.96,100.42,99.87,99.33,98.79,98.25,98.25,98.25,98.25,98.25,98.25,98.25,98.25,97.70,97.70,97.16,97.16,96.62,96.07"
Rec-027_std_2,29,3,4971,core,303,331,0.0,9.0,0.9869,305,333,315,336,1.0,True,101.6747,131.3529,95.5318,6.7281,99.331,"131.35,119.41,113.99,109.10,105.84,103.67,102.04,101.50,100.42,99.87,99.33,111.27,108.01,105.30,103.13,101.50,99.87,99.33,98.79,98.25,97.70,97.16,105.30,103.13,101.50,99.87,99.33,98.79,98.25,98.25,97.16,97.16,96.62,99.87,99.33,98.25,98.25,97.70,97.70,97.16,96.62,95.53,95.53,95.53"
Rec-027_std_2,29,4,4972,core,308,331,0.0,5.0,0.9874,310,333,320,336,1.0,True,100.3054,122.669,94.989,5.3324,98.2455,"122.67,115.07,110.19,105.84,103.67,102.04,101.50,100.42,99.33,98.79,98.25,108.56,105.84,103.13,101.50,99.87,98.79,98.25,98.25,97.70,97.16,96.62,103.13,101.50,100.42,99.33,98.25,98.25,97.70,97.16,96.62,96.62,96.07,98.79,98.25,98.25,97.70,97.16,96.62,96.62,95.53,95.53,95.53,94.99"
Rec-027_std_2,29,5,4973,core,312,331,0.0,4.0,0.9877,314,333,324,336,1.0,True,100.8605,127.011,95.5318,6.0219,98.7882,"127.01,117.78,111.81,107.47,104.22,102.04,101.50,100.42,99.87,99.33,98.79,109.64,106.93,104.22,102.04,100.42,99.33,98.79,98.25,97.70,97.70,97.16,103.13,102.04,100.42,99.33,98.79,98.25,98.25,97.70,97.16,96.62,96.62,99.33,98.25,98.25,97.70,97.70,96.62,96.62,96.07,95.53,95.53,95.53"
Rec-027_std_2,29,6,4974,core,317,331,0.0,5.0,0.9886,319,333,329,336,1.0,True,100.2808,120.498,95.5318,4.8061,98.5169,"120.50,113.99,109.10,105.30,103.13,102.04,101.50,100.42,99.87,99.33,98.79,107.47,105.30,103.13,100.96,99.87,99.33,98.79,98.25,98.25,98.25,97.70,102.04,100.96,99.87,98.79,98.25,98.25,98.25,97.70,97.70,97.16,97.16,98.25,98.25,97.70,97.16,97.16,96.62,96.62,96.07,96.07,95.53,95.53"
Rec-027_std_2,29,7,4975,core,321,331,0.0,4.0,0.9875,323,333,333,336,1.0,True,101.2183,124.84,97.16,5.3071,99.331,"124.84,116.16,110.73,106.93,103.67,102.04,101.50,100.96,100.96,100.42,100.42,109.10,106.39,103.67,102.04,100.42,99.87,99.33,99.33,99.33,99.33,99.33,103.13,101.50,100.42,99.33,98.79,98.79,98.25,98.25,98.25,98.25,98.25,98.79,98.25,98.25,97.70,97.70,97.16,97.16,97.16,97.16,97.16,97.16"
Rec-027_std_2,29,8,4976,core,326,331,0.0,5.0,0.9886,328,333,338,336,1.0,True,101.7733,118.8698,98.2455,3.9673,100.9592,"118.87,112.90,108.56,105.84,103.67,103.13,103.13,102.04,102.04,102.04,102.04,107.47,105.30,103.13,102.04,101.50,101.50,101.50,100.96,100.96,100.96,100.96,103.13,101.50,100.96,100.42,99.87,99.87,99.87,99.87,99.87,99.87,99.87,99.33,98.79,98.25,98.25,98.25,98.25,98.25,98.25,98.25,98.25,98.25"
Rec-027_std_2,29,9,4977,core,330,331,0.0,4.0,0.9869,332,333,342,336,1.0,True,103.5126,123.2118,99.331,4.5477,102.0447,"123.21,116.16,111.81,108.56,105.84,105.30,104.22,103.67,103.67,103.13,103.13,110.19,107.47,105.84,104.22,103.13,103.13,103.13,102.04,102.04,102.04,102.04,104.22,103.13,102.04,102.04,102.04,102.04,101.50,101.50,101.50,101.50,100.96,100.42,100.42,99.87,99.87,99.87,99.87,99.33,99.87,99.87,99.33,99.33"
Rec-027_std_2,29,10,4978,core,335,331,0.0,5.0,0.9886,337,333,347,336,1.0,True,104.154,119.4126,99.8737,3.7356,103.1302,"119.41,113.99,110.73,108.01,106.39,105.84,105.30,105.30,104.22,103.67,103.67,110.19,108.01,106.39,105.30,104.22,104.22,103.67,103.67,103.13,103.13,103.13,105.30,103.67,103.13,103.13,103.13,103.13,103.13,102.04,102.04,102.04,102.04,101.50,101.50,100.96,100.96,100.96,100.96,100.96,100.42,100.42,99.87,99.87"
Rec-027_std_2,29,11,4979,core,339,331,0.0,4.0,0.9861,341,333,351,336,1.0,True,105.0915,123.2118,98.2455,4.672,103.9443,"123.21,117.78,112.90,110.73,108.56,106.93,106.39,106.39,105.30,104.22,103.13,111.81,110.19,108.01,106.93,105.84,105.30,105.30,105.30,103.67,103.13,102.04,106.39,105.30,105.30,104.22,103.67,103.67,103.13,103.13,102.04,101.50,99.87,103.13,102.04,102.04,102.04,102.04,102.04,101.50,100.42,99.87,99.33,98.25"
Rec-027_std_2,29,12,4980,core,344,331,0.0,5.0,0.9883,346,333,356,336,1.0,True,101.9214,120.498,87.3906,6.8885,102.0447,"120.50,116.16,112.90,109.64,108.01,105.84,104.22,102.04,99.87,97.70,92.28,111.81,110.19,108.01,106.39,105.30,104.22,103.13,100.96,98.25,95.53,91.19,106.93,105.84,105.30,103.67,103.13,102.04,100.42,98.25,96.07,93.36,89.02,103.13,102.04,102.04,101.50,100.42,99.33,98.25,96.07,94.45,91.73,87.39"
Rec-027_std_2,29,13,4981,core,348,331,0.0,4.0,0.9853,350,333,360,336,0.7273,False,93.0894,121.5835,74.9074,12.9188,95.5318,"121.58,116.16,111.81,106.93,103.13,99.33,94.45,84.13,78.71,77.08,75.45,111.81,109.10,106.39,103.13,100.42,97.70,92.28,83.59,78.71,75.99,75.45,105.84,103.67,102.04,99.87,97.70,95.53,90.65,82.51,78.16,75.99,74.91,102.04,100.42,98.79,97.16,95.53,93.36,88.48,81.42,77.62,75.99,74.91"
Rec-027_std_2,29,14,4982,core,353,331,0.0,5.0,0.9867,355,333,365,336,0.2727,False,80.8653,111.2714,73.822,9.3667,75.9929,"111.27,102.04,89.02,81.96,78.71,76.54,75.99,75.45,74.91,74.36,74.36,103.67,96.62,85.76,80.33,77.62,75.99,75.45,74.91,74.36,74.36,73.82,98.25,92.28,84.13,79.79,77.08,75.99,75.45,74.91,74.36,74.36,73.82,94.45,89.56,82.51,78.71,76.54,75.99,75.45,74.91,74.36,73.82,73.82"
Rec-027_std_2,29,15,4983,core,355,330,26.57,2.24,0.9863,357,332,367,335,0.0909,False,79.6318,116.6988,73.822,8.2552,75.9929,"116.70,97.70,89.02,83.05,79.79,77.62,75.99,75.45,75.45,74.91,74.36,98.25,89.02,83.59,79.79,77.62,76.54,75.99,75.45,74.91,74.36,74.36,91.19,84.13,79.79,77.62,76.54,75.99,75.45,74.91,74.36,74.36,73.82,85.76,80.88,78.16,77.08,75.99,75.45,75.45,74.91,74.36,73.82,73.82"
Rec-028_30s_2,1,1,3253,core,290,331,0.0,0.0,0.9864,292,333,302,336,1.0,True,81.7781,111.8141,73.822,7.5604,79.7922,"111.81,101.50,96.62,92.28,89.56,87.39,85.76,85.22,84.13,83.59,83.05,87.93,87.93,85.76,83.59,82.51,81.96,80.88,80.33,79.79,79.79,78.71,80.88,80.33,79.79,78.71,78.71,78.16,77.62,77.62,77.08,76.54,75.99,75.99,75.99,75.99,75.99,75.99,75.45,74.91,74.36,74.36,73.82,73.82"
Rec-028_30s_2,1,2,3254,core,296,331,0.0,6.0,0.9826,298,333,308,336,1.0,True,82.3085,117.7843,73.822,8.4859,79.7922,"117.78,104.22,97.70,93.36,89.56,86.85,85.22,84.13,83.05,82.51,81.42,93.36,90.10,87.39,84.68,83.05,80.88,80.88,79.79,78.71,78.71,78.16,84.13,83.05,80.88,79.79,78.71,78.16,77.62,77.08,76.54,75.99,75.99,78.16,77.62,77.08,75.99,75.99,75.45,75.45,74.91,73.82,73.82,73.82"
Rec-028_30s_2,1,3,3255,core,301,331,0.0,5.0,0.9862,303,333,313,336,1.0,True,81.1614,108.5576,73.822,6.9423,79.2494,"108.56,98.79,94.45,90.10,87.39,85.22,84.13,83.59,83.05,81.96,80.88,91.19,87.93,85.22,83.05,81.42,80.33,79.79,79.79,78.71,78.16,77.62,83.05,80.88,79.79,78.71,77.62,77.62,77.62,77.08,76.54,75.99,75.99,77.62,77.08,76.54,75.99,75.45,75.45,74.91,74.36,73.82,73.82,73.82"
Rec-028_30s_2,1,4,3256,core,305,331,0.0,4.0,0.983,307,333,317,336,1.0,True,81.7781,115.6133,73.822,8.0168,79.2494,"115.61,102.04,96.07,92.28,88.48,85.76,84.13,83.59,83.05,81.96,80.88,92.28,89.56,86.85,84.13,81.96,80.88,80.33,79.79,78.71,78.16,78.16,83.59,81.96,80.33,78.71,78.71,77.62,77.62,77.08,76.54,75.99,75.99,77.62,77.08,76.54,75.99,75.99,75.45,74.91,74.36,73.82,73.82,73.82"
Rec-028_30s_2,1,5,3257,core,310,331,0.0,5.0,0.9861,312,333,322,336,1.0,True,81.0133,105.3012,74.3647,6.3169,79.2494,"105.30,97.70,93.36,89.56,86.85,84.68,84.13,83.05,83.05,81.96,81.42,89.56,86.85,84.68,82.51,80.88,80.33,79.79,79.79,78.71,78.71,78.71,82.51,80.88,79.79,78.71,77.62,77.62,77.62,77.08,77.08,76.54,76.54,77.62,76.54,75.99,75.99,75.99,75.45,74.91,74.91,74.91,74.36,74.36"
Rec-028_30s_2,1,6,3258,core,315,331,0.0,5.0,0.9837,317,333,327,336,1.0,True,80.8653,99.331,75.4502,5.147,79.7922,"99.33,94.45,90.65,87.93,85.76,84.68,84.13,83.59,83.05,83.05,83.05,87.93,85.76,83.05,81.96,80.88,80.88,80.33,79.79,79.79,79.79,79.79,80.88,79.79,78.71,78.71,78.16,77.62,77.62,77.62,77.62,77.62,77.62,77.08,76.54,75.99,75.99,75.99,75.99,75.99,75.99,75.99,75.45,75.45"
Rec-028_30s_2,1,7,3259,core,319,331,0.0,4.0,0.9872,321,333,331,336,1.0,True,82.1482,103.6729,76.5357,5.5866,80.8776,"103.67,96.62,92.28,89.56,87.93,85.76,85.76,84.68,84.13,84.13,84.13,89.56,86.85,84.68,83.05,82.51,81.96,81.42,80.88,80.88,80.88,80.88,82.51,80.88,79.79,79.79,78.71,78.71,78.71,78.71,78.71,78.71,78.71,77.62,77.62,77.08,77.08,77.08,77.08,77.08,76.54,77.08,77.08,77.08"
Rec-028_30s_2,1,8,3260,core,324,331,0.0,5.0,0.9842,326,333,336,336,1.0,True,83.2707,100.9592,78.1639,4.9626,83.0486,"100.96,95.53,92.28,89.56,87.93,87.39,86.85,86.31,86.31,86.31,86.31,89.56,87.39,85.22,84.13,83.59,83.05,83.05,83.05,83.05,83.05,83.05,83.05,81.96,80.88,80.88,80.33,80.33,80.33,80.33,80.33,80.33,80.33,78.71,78.71,78.16,78.16,78.16,78.16,78.16,78.16,78.16,78.16,78.16"
Rec-028_30s_2,1,9,3261,core,328,331,0.0,4.0,0.9868,330,333,340,336,1.0,True,84.8126,103.6729,79.7922,5.2686,84.1341,"103.67,98.25,94.45,91.73,90.10,89.02,89.02,88.48,88.48,88.48,87.93,90.65,89.02,86.85,85.76,85.22,84.13,84.13,84.13,84.13,84.13,84.13,84.13,83.05,82.51,81.96,81.96,81.42,81.42,81.42,81.42,81.42,81.42,79.79,79.79,79.79,79.79,79.79,79.79,79.79,79.79,79.79,79.79,79.79"
Rec-028_30s_2,1,10,3262,core,333,331,0.0,5.0,0.9853,335,333,345,336,1.0,True,85.565,101.502,79.7922,4.9542,84.6769,"101.50,97.70,94.45,92.28,91.19,90.65,89.56,89.56,89.56,89.02,88.48,91.19,89.02,87.93,86.85,86.31,85.76,85.76,85.22,85.22,85.22,84.68,84.68,84.13,83.59,83.05,83.05,83.05,83.05,82.51,82.51,82.51,81.96,80.88,80.88,80.88,80.88,80.33,80.33,80.33,79.79,79.79,79.79,79.79"
Rec-028_30s_2,1,11,3263,core,337,331,0.0,4.0,0.9876,339,333,349,336,1.0,True,86.4655,105.3012,79.7922,5.5622,85.7624,"105.30,100.42,96.62,94.45,92.28,91.19,91.19,90.10,89.56,89.56,88.48,93.36,91.19,89.02,87.93,87.39,86.85,86.31,85.76,85.76,85.76,85.76,85.76,85.22,84.13,84.13,83.59,83.59,83.05,83.05,83.05,83.05,83.05,81.96,81.96,80.88,80.88,80.88,80.88,80.88,80.33,80.33,79.79,79.79"
Rec-028_30s_2,1,12,3264,core,342,331,0.0,5.0,0.9861,344,333,354,336,1.0,True,86.0091,102.0447,78.7067,5.0881,84.9482,"102.04,98.25,95.53,93.36,92.28,91.19,90.10,89.56,89.02,87.93,87.39,92.28,90.10,89.02,87.93,87.39,86.85,86.31,85.76,85.76,84.68,84.13,85.76,85.22,84.68,84.13,84.13,83.59,83.05,83.05,82.51,81.96,80.88,82.51,81.96,81.42,81.42,80.88,80.88,80.88,80.33,79.79,79.79,78.71"
Rec-028_30s_2,1,13,3265,core,346,331,0.0,4.0,0.9854,348,333,358,336,0.9091,False,84.5412,105.3012,74.3647,6.7434,83.5914,"105.30,100.42,97.16,94.45,91.73,90.65,89.02,87.39,84.68,79.79,75.99,93.36,91.19,89.56,88.48,87.39,86.31,85.76,84.68,82.51,77.62,75.45,86.85,85.76,85.22,84.13,84.13,83.05,82.51,81.42,79.79,76.54,74.91,83.05,82.51,81.96,80.88,80.88,80.88,79.79,78.71,77.62,75.99,74.36"
Rec-028_30s_2,1,14,3266,core,351,331,0.0,5.0,0.9829,353,333,363,336,0.4545,False,79.4221,100.9592,73.2792,6.8913,76.2643,"100.96,97.16,93.36,88.48,81.96,77.62,75.99,74.91,74.36,73.82,73.82,91.73,89.56,87.39,84.13,79.79,76.54,75.45,74.91,74.36,73.82,73.82,85.76,84.13,83.05,81.42,77.62,75.99,74.91,74.36,73.82,73.82,73.82,81.96,80.88,79.79,78.71,76.54,75.45,74.36,73.82,73.82,73.28,73.28"
Rec-028_30s_2,1,15,3267,core,356,330,11.31,5.1,0.9863,358,332,368,335,0.0,False,76.7824,95.5318,73.2792,4.6147,74.9074,"95.53,89.02,84.13,80.33,77.62,75.99,75.45,74.91,74.36,73.82,73.82,87.39,83.05,78.71,77.08,75.99,75.45,74.91,74.36,73.82,73.82,73.28,81.42,78.71,77.08,75.99,74.91,74.91,74.36,73.82,73.82,73.82,73.28,78.16,76.54,75.99,75.45,74.91,74.36,73.82,73.82,73.82,73.28,73.28"
Rec-028_30s_2,2,1,3397,core,290,331,0.0,0.0,0.9866,292,333,302,336,1.0,True,88.3774,117.7843,80.3349,7.5261,85.7624,"117.78,107.47,103.13,99.33,96.07,94.45,93.36,92.28,91.73,91.19,90.65,92.28,93.36,91.73,90.65,89.56,89.02,88.48,87.93,87.39,86.85,85.76,85.76,85.76,85.76,85.76,85.76,85.22,84.68,84.13,84.13,83.59,83.05,80.88,81.42,81.96,81.96,81.96,81.96,81.42,80.88,80.88,80.88,80.33"
Rec-028_30s_2,2,2,3398,core,292,331,0.0,2.0,0.9838,294,333,304,336,1.0,True,88.7845,116.1561,80.3349,7.3279,87.1192,"116.16,108.56,103.13,98.79,95.53,94.45,93.36,91.73,91.19,90.65,89.56,97.16,94.99,92.28,91.19,89.56,89.02,87.93,87.93,86.85,86.31,85.76,89.02,87.93,87.39,86.31,85.76,85.22,84.68,84.13,84.13,83.59,83.05,83.05,83.05,83.05,83.05,83.05,82.51,81.96,81.42,80.88,80.88,80.33"
Rec-028_30s_2,2,3,3399,core,301,331,0.0,9.0,0.9849,303,333,313,336,1.0,True,87.8593,115.6133,79.7922,7.0,85.7624,"115.61,105.84,100.96,96.62,94.45,92.28,91.19,90.10,89.56,88.48,87.93,97.16,94.45,91.73,89.56,88.48,87.93,86.85,85.76,85.76,85.22,84.68,89.56,87.93,86.31,85.76,85.22,84.13,84.13,83.59,83.05,83.05,82.51,84.13,83.05,83.05,82.51,81.96,81.96,81.42,80.88,80.88,80.33,79.79"
Rec-028_30s_2,2,4,3400,core,305,331,0.0,4.0,0.9844,307,333,317,336,1.0,True,88.0937,120.498,80.3349,7.7256,85.7624,"120.50,108.56,102.04,97.70,94.45,91.73,90.65,89.56,89.02,87.93,87.93,98.25,95.53,92.28,90.10,88.48,87.39,86.31,85.76,85.22,84.68,84.68,89.56,88.48,86.85,85.76,85.22,84.13,83.59,83.05,83.05,83.05,83.05,84.13,83.59,83.05,83.05,82.51,81.42,80.88,80.88,80.88,80.88,80.33"
Rec-028_30s_2,2,5,3401,core,310,331,0.0,5.0,0.9855,312,333,322,336,1.0,True,87.3042,111.8141,80.8776,6.2098,85.7624,"111.81,103.67,98.79,94.99,92.28,91.19,90.10,89.56,89.02,88.48,88.48,95.53,93.36,90.65,88.48,87.39,86.85,86.31,85.76,85.76,85.76,85.22,89.02,86.85,85.76,85.22,84.13,84.13,84.13,83.59,83.05,83.05,83.05,83.59,83.05,82.51,82.51,81.96,81.42,81.42,80.88,80.88,80.88,80.88"
Rec-028_30s_2,2,6,3402,core,314,331,0.0,4.0,0.9845,316,333,326,336,1.0,True,88.106,115.0706,81.4204,6.5445,86.3051,"115.07,105.84,100.42,96.07,93.36,91.73,91.19,90.10,89.56,89.56,89.02,95.53,93.36,91.19,89.56,88.48,87.93,87.39,86.85,86.31,85.76,85.76,88.48,87.93,86.31,85.76,85.22,84.68,84.68,84.13,84.13,84.13,83.59,83.59,83.05,83.05,83.05,82.51,82.51,82.51,81.96,81.96,81.96,81.42"
Rec-028_30s_2,2,7,3403,core,319,331,0.0,5.0,0.9867,321,333,331,336,1.0,True,88.0937,110.1859,81.9631,5.7118,86.5765,"110.19,103.13,98.25,95.53,93.36,91.73,91.19,90.10,90.10,89.56,89.56,95.53,93.36,91.19,89.56,88.48,87.93,87.39,86.85,86.85,86.31,86.31,89.02,87.93,86.31,85.76,85.76,85.22,84.68,84.68,84.13,84.13,84.13,84.13,83.59,83.59,83.05,83.05,83.05,82.51,82.51,82.51,81.96,81.96"
Rec-028_30s_2,2,8,3404,core,323,331,0.0,4.0,0.9846,325,333,335,336,1.0,True,89.1298,113.9851,83.0486,6.1921,87.9333,"113.99,105.84,100.42,96.62,94.45,92.28,91.73,91.19,91.19,91.19,91.19,96.62,94.45,92.28,90.10,89.56,88.48,87.93,87.93,87.93,87.93,87.93,89.56,88.48,87.39,86.31,85.76,85.76,85.76,85.76,85.22,85.76,85.76,84.68,84.13,84.13,83.59,83.59,83.59,83.05,83.05,83.05,83.05,83.05"
Rec-028_30s_2,2,9,3405,core,328,331,0.0,5.0,0.9868,330,333,340,336,1.0,True,89.6356,109.1004,84.1341,5.2832,89.2902,"109.10,103.13,98.79,96.07,94.45,93.36,93.36,93.36,93.36,92.28,92.28,95.53,93.36,91.73,90.65,90.10,89.56,89.56,89.56,89.56,89.56,89.02,89.56,88.48,87.93,86.85,86.85,86.85,86.85,86.85,86.85,86.31,86.31,84.68,84.68,84.13,84.13,84.13,84.13,84.13,84.13,84.13,84.13,84.13"
Rec-028_30s_2,2,10,3406,core,332,331,0.0,4.0,0.9837,334,333,344,336,1.0,True,90.9431,111.8141,84.1341,5.7839,89.8329,"111.81,105.84,101.50,98.25,96.62,95.53,94.99,94.45,94.45,94.45,93.36,97.70,95.53,93.36,92.28,91.19,91.19,90.65,90.65,90.10,90.10,89.56,90.65,89.56,89.02,88.48,87.93,87.93,87.93,87.39,87.39,87.39,87.39,85.76,85.76,85.76,85.76,85.22,85.22,85.22,84.68,84.68,84.68,84.13"
Rec-028_30s_2,2,11,3407,core,337,331,0.0,5.0,0.9874,339,333,349,336,1.0,True,91.0541,109.1004,84.6769,5.2368,90.3757,"109.10,104.22,100.42,98.25,96.62,95.53,94.99,94.45,94.45,93.36,93.36,97.16,95.53,93.36,92.28,91.73,91.19,91.19,91.19,90.65,90.65,90.10,90.65,89.56,89.56,89.02,88.48,88.48,87.93,87.93,87.93,87.93,87.39,86.31,86.31,85.76,85.76,85.76,85.76,85.76,85.22,85.22,85.22,84.68"
Rec-028_30s_2,2,12,3408,core,342,331,0.0,5.0,0.9836,344,333,354,336,1.0,True,90.388,106.3867,83.0486,5.0644,89.5616,"106.39,103.13,99.87,97.70,96.07,95.53,94.45,93.36,92.28,91.19,89.56,96.62,94.99,93.36,92.28,92.28,91.19,91.19,90.65,89.56,89.02,87.93,91.19,90.10,89.56,89.56,89.02,88.48,87.93,87.39,86.85,85.76,85.22,86.85,86.31,86.31,85.76,85.76,85.76,85.22,84.68,84.13,83.59,83.05"
Rec-028_30s_2,2,13,3409,core,346,331,0.0,4.0,0.985,348,333,358,336,0.9091,False,88.0073,109.1004,74.9074,7.4116,87.662,"109.10,104.22,100.96,97.70,95.53,93.36,91.73,90.10,87.39,80.88,76.54,98.25,95.53,94.45,92.28,91.73,90.65,89.56,88.48,85.76,79.79,76.54,91.73,90.65,89.56,89.02,87.93,87.93,86.31,85.76,83.05,78.16,75.99,87.39,86.85,86.31,85.76,85.22,84.68,83.59,83.05,80.88,77.08,74.91"
Rec-028_30s_2,2,14,3410,core,351,331,0.0,5.0,0.9813,353,333,363,336,0.4545,False,80.927,103.6729,73.2792,7.9858,77.3498,"103.67,99.33,94.99,90.65,83.05,78.16,75.99,75.45,74.91,73.82,73.82,95.53,93.36,90.65,87.93,80.88,77.62,75.99,74.91,74.36,73.82,73.82,89.56,88.48,86.85,84.13,79.79,77.08,75.45,74.91,73.82,73.82,73.82,85.76,84.68,83.59,81.96,78.16,75.99,74.91,74.36,73.82,73.82,73.28"
Rec-028_30s_2,2,15,3411,core,355,331,0.0,4.0,0.9842,357,333,367,336,0.0909,False,76.7207,93.3608,73.822,4.1057,75.1788,"93.36,86.31,82.51,78.71,77.08,75.99,75.45,74.91,74.36,73.82,73.82,86.85,81.96,78.71,77.08,75.99,75.45,74.91,74.36,73.82,73.82,73.82,82.51,78.71,77.08,75.99,75.45,74.91,74.91,73.82,73.82,73.82,73.82,79.79,77.08,75.99,75.45,74.91,74.91,74.36,73.82,73.82,73.82,73.82"
Rec-028_30s_2,2,16,3412,core,355,330,90.0,1.0,0.9866,357,332,367,335,0.0909,False,78.941,115.0706,73.822,7.8416,75.7216,"115.07,96.07,88.48,83.59,79.79,77.62,75.99,75.45,74.91,74.36,73.82,96.07,87.93,83.05,79.79,77.62,75.99,75.45,74.91,74.36,74.36,73.82,87.93,82.51,78.71,77.62,75.99,75.45,74.91,74.36,73.82,73.82,73.82,83.05,78.71,77.62,75.99,75.45,74.91,74.36,74.36,73.82,73.82,73.82"
Rec-028_30s_2,3,1,3540,core,290,331,0.0,0.0,0.9865,292,333,302,336,1.0,True,91.3748,121.0408,83.0486,7.2503,89.0188,"121.04,110.19,105.30,100.96,98.25,96.62,96.07,95.53,94.45,94.45,93.36,94.99,95.53,94.45,92.28,91.19,91.19,91.19,91.19,90.65,90.65,89.56,88.48,87.93,87.93,87.93,88.48,88.48,88.48,88.48,87.93,87.93,87.93,83.05,84.13,84.13,84.68,85.22,85.22,85.22,85.22,85.22,84.68,84.68"
Rec-028_30s_2,3,2,3541,core,294,331,0.0,4.0,0.9834,296,333,306,336,1.0,True,91.6709,115.6133,84.1341,6.3127,90.1043,"115.61,108.56,103.13,99.33,97.70,96.07,95.53,94.45,94.45,93.36,92.28,99.33,97.16,94.99,93.36,92.28,91.73,91.19,90.65,90.10,89.56,89.56,92.28,91.19,90.10,89.56,89.56,89.02,88.48,88.48,87.93,87.39,86.85,86.85,86.85,86.31,85.76,85.76,85.76,85.76,85.76,85.22,84.13,84.13"
Rec-028_30s_2,3,3,3542,core,298,331,0.0,4.0,0.9876,300,333,310,336,1.0,True,92.0656,121.5835,84.1341,7.1959,89.8329,"121.58,110.73,105.30,100.96,97.70,95.53,94.99,94.45,93.36,92.28,91.73,102.04,98.79,96.07,94.45,92.28,91.19,91.19,90.10,89.56,89.56,89.02,93.36,91.73,91.19,89.56,89.56,89.02,88.48,87.93,87.93,86.85,86.85,87.93,87.39,86.85,86.85,86.31,85.76,85.76,85.22,84.68,84.68,84.13"
Rec-028_30s_2,3,4,3543,core,302,331,0.0,4.0,0.9847,304,333,314,336,1.0,True,92.1889,127.011,84.1341,7.927,89.8329,"127.01,112.90,105.84,101.50,98.25,95.53,94.45,93.36,92.28,91.73,91.19,102.04,99.33,96.07,94.45,92.28,91.19,90.65,90.10,89.56,89.56,88.48,94.45,92.28,91.19,89.56,89.56,88.48,88.48,87.93,87.39,86.85,86.85,87.93,87.93,87.39,86.31,85.76,85.76,85.76,85.76,84.68,84.13,84.13"
Rec-028_30s_2,3,5,3544,core,307,331,0.0,5.0,0.9886,309,333,319,336,1.0,True,90.8814,117.2416,84.1341,6.3055,89.5616,"117.24,107.47,102.04,98.25,95.53,94.45,93.36,92.28,91.73,91.19,90.65,99.33,96.62,94.45,92.28,91.19,90.10,89.56,89.56,89.02,89.02,87.93,92.28,91.19,89.56,89.56,88.48,87.93,87.93,87.39,86.85,86.85,86.31,87.93,86.85,86.31,85.76,85.76,85.22,85.22,85.22,84.68,84.13,84.13"
Rec-028_30s_2,3,6,3545,core,312,331,0.0,5.0,0.9859,314,333,324,336,1.0,True,90.2647,109.6431,84.6769,4.9697,89.5616,"109.64,103.13,99.33,96.07,94.45,93.36,92.28,92.28,91.73,91.19,91.19,97.70,94.99,92.28,91.19,90.65,90.10,89.56,89.56,89.56,89.02,88.48,91.19,90.10,89.56,88.48,87.93,87.93,87.93,87.39,87.39,87.39,86.85,86.85,86.85,86.31,85.76,85.76,85.76,85.22,85.22,84.68,84.68,84.68"
Rec-028_30s_2,3,7,3546,core,316,331,0.0,4.0,0.9884,318,333,328,336,1.0,True,91.1158,113.9851,85.2196,5.6209,89.5616,"113.99,105.84,100.96,97.70,95.53,94.45,93.36,93.36,92.28,92.28,91.73,98.79,96.07,94.45,92.28,91.19,90.65,90.10,90.10,89.56,89.56,89.56,92.28,90.65,89.56,89.56,89.02,88.48,87.93,87.93,87.93,87.93,87.39,87.93,86.85,86.85,86.31,85.76,85.76,85.76,85.76,85.22,85.22,85.22"
Rec-028_30s_2,3,8,3547,core,325,331,0.0,9.0,0.9887,327,333,337,336,1.0,True,92.3493,112.8996,86.8478,5.2565,91.1898,"112.90,105.84,102.04,98.25,97.16,95.53,95.53,95.53,94.45,94.45,94.45,98.79,96.62,94.99,93.36,92.28,92.28,91.73,91.73,91.73,91.19,91.19,92.28,91.19,90.65,89.56,89.56,89.56,89.56,89.56,89.56,89.56,89.56,87.93,87.93,87.93,87.39,87.39,87.39,87.39,86.85,86.85,86.85,86.85"
Rec-028_30s_2,3,9,3548,core,334,331,0.0,9.0,0.9884,336,333,346,336,1.0,True,93.9899,112.8996,87.9333,5.2058,93.3608,"112.90,106.93,103.13,100.96,98.79,97.70,97.16,97.16,97.16,96.62,96.62,100.42,98.25,96.07,95.53,94.45,94.45,93.36,93.36,93.36,93.36,93.36,94.45,93.36,92.28,91.73,91.19,91.19,91.19,91.19,91.19,90.65,90.65,89.56,89.56,89.56,89.02,89.02,88.48,88.48,87.93,87.93,87.93,87.93"
Rec-028_30s_2,3,10,3549,core,339,331,0.0,5.0,0.9877,341,333,351,336,1.0,True,94.1872,110.1859,87.9333,4.7604,93.3608,"110.19,105.30,102.04,100.42,99.33,98.25,98.25,98.25,97.70,96.62,96.07,99.87,98.25,96.07,95.53,95.53,94.99,94.45,94.45,94.45,93.36,93.36,94.45,93.36,92.28,92.28,92.28,91.73,91.73,91.19,91.19,91.19,90.10,90.10,89.56,89.56,89.56,89.56,89.56,89.02,88.48,88.48,87.93,87.93"
Rec-028_30s_2,3,11,3550,core,348,331,0.0,9.0,0.9871,350,333,360,336,0.7273,False,86.9095,108.5576,73.822,9.0636,88.2047,"108.56,104.22,100.96,97.70,95.53,93.36,90.10,83.05,77.62,75.99,74.36,99.87,97.70,95.53,94.45,92.28,91.19,87.93,81.42,77.08,75.45,74.36,94.45,93.36,91.73,91.19,89.56,88.48,85.76,79.79,76.54,74.91,74.36,90.10,89.56,88.48,87.93,86.85,85.76,83.05,78.71,75.99,74.91,73.82"
Rec-028_30s_2,3,12,3551,core,352,331,0.0,4.0,0.9859,354,333,364,336,0.3636,False,80.8406,107.4722,73.822,8.7472,76.2643,"107.47,102.04,95.53,86.31,79.79,77.62,75.99,75.45,74.91,74.36,73.82,98.25,95.53,91.19,83.59,78.71,76.54,75.45,74.36,74.36,73.82,73.82,92.28,90.65,87.39,80.88,77.62,75.99,75.45,74.36,73.82,73.82,73.82,88.48,86.85,84.13,79.79,77.08,75.45,74.36,74.36,73.82,73.82,73.82"
Rec-028_30s_2,3,13,3552,core,355,331,0.0,3.0,0.9821,357,333,367,336,0.0909,False,77.2141,98.2455,73.822,5.0467,75.4502,"98.25,89.02,83.59,79.79,77.62,75.99,75.45,74.91,74.36,73.82,73.82,89.56,83.59,79.79,77.62,75.99,75.45,74.91,74.36,73.82,73.82,73.82,84.13,79.79,77.62,75.99,75.45,74.91,74.36,73.82,73.82,73.82,73.82,80.88,77.62,75.99,75.99,75.45,74.91,74.36,73.82,73.82,73.82,73.82"
Rec-028_30s_2,4,1,3677,core,291,331,0.0,1.0,0.986,293,333,303,336,1.0,True,92.818,117.7843,85.7624,6.3769,91.1898,"117.78,109.64,105.30,101.50,98.79,97.70,97.16,96.07,95.53,94.99,94.45,98.25,97.16,95.53,94.45,93.36,92.28,92.28,92.28,91.73,91.19,91.19,91.19,90.10,90.10,90.10,90.10,90.10,90.10,89.56,89.56,89.56,89.02,85.76,86.31,86.85,87.39,87.39,87.39,87.39,87.39,86.85,86.85,86.31"
Rec-028_30s_2,4,2,3678,core,295,331,0.0,4.0,0.986,297,333,307,336,1.0,True,93.9035,125.3828,86.3051,7.4624,91.7325,"125.38,113.99,107.47,103.13,99.87,98.25,96.62,95.53,94.99,94.45,93.36,103.13,100.42,97.70,95.53,94.45,93.36,92.28,91.73,91.19,90.65,90.10,94.99,93.36,92.28,91.73,91.19,90.65,90.10,89.56,89.56,89.02,88.48,89.56,89.02,88.48,88.48,88.48,87.93,87.93,87.93,86.85,86.31,86.31"
Rec-028_30s_2,4,3,3679,core,300,331,0.0,5.0,0.9869,302,333,312,336,1.0,True,92.7317,117.7843,85.7624,6.2795,90.9184,"117.78,109.64,104.22,100.42,98.25,96.07,95.53,94.45,93.36,92.28,92.28,102.04,98.25,96.07,94.45,93.36,91.73,91.19,90.65,90.10,89.56,89.56,94.99,93.36,91.73,91.19,90.65,89.56,89.56,89.02,88.48,87.93,87.93,89.56,89.56,89.02,88.48,87.93,87.93,87.39,86.85,86.31,85.76,85.76"
Rec-028_30s_2,4,4,3680,core,304,331,0.0,4.0,0.9875,306,333,316,336,1.0,True,92.855,122.669,85.7624,6.9287,90.9184,"122.67,111.27,105.30,100.96,98.25,95.53,94.99,94.45,93.36,92.28,91.73,102.04,99.33,96.07,94.45,92.28,91.73,91.19,90.65,90.10,89.56,89.56,94.99,93.36,91.73,91.19,90.10,89.56,89.56,89.02,88.48,87.93,87.93,89.56,89.56,89.02,88.48,87.93,87.93,87.39,86.31,86.31,85.76,85.76"
Rec-028_30s_2,4,5,3681,core,309,331,0.0,5.0,0.9882,311,333,321,336,1.0,True,91.7942,113.9851,85.7624,5.4289,90.1043,"113.99,106.39,101.50,98.25,96.07,94.99,94.45,93.36,92.28,91.73,91.19,99.33,97.16,94.45,92.28,91.73,91.19,90.65,90.10,89.56,89.56,89.56,93.36,92.28,91.19,90.10,89.56,89.56,89.02,89.02,87.93,87.93,87.93,89.56,89.02,87.93,87.93,87.93,87.39,86.85,86.85,86.31,85.76,85.76"
Rec-028_30s_2,4,6,3682,core,313,331,0.0,4.0,0.9886,315,333,325,336,1.0,True,92.263,117.7843,86.3051,5.9931,90.6471,"117.78,108.56,103.13,98.79,96.07,94.99,94.45,93.36,92.28,92.28,91.73,100.42,97.70,95.53,93.36,92.28,91.19,91.19,90.65,90.10,89.56,89.56,94.45,92.28,91.19,90.65,90.10,89.56,89.56,89.02,88.48,87.93,87.93,89.56,89.02,88.48,87.93,87.93,87.39,86.85,86.85,86.85,86.31,86.31"
Rec-028_30s_2,4,7,3683,core,318,331,0.0,5.0,0.9895,320,333,330,336,1.0,True,91.9176,111.8141,86.8478,4.7989,90.6471,"111.81,105.30,99.87,97.16,95.53,94.45,94.45,93.36,93.36,92.28,92.28,98.79,96.07,94.45,92.28,91.73,91.19,91.19,91.19,90.65,90.65,90.65,92.28,91.19,90.65,90.10,89.56,89.56,89.56,89.56,89.02,89.02,89.02,89.02,88.48,87.93,87.93,87.93,87.93,87.93,87.39,87.39,87.39,86.85"
Rec-028_30s_2,4,8,3684,core,322,331,0.0,4.0,0.9884,324,333,334,336,1.0,True,92.9167,116.1561,87.9333,5.3894,91.7325,"116.16,106.93,102.04,98.79,96.62,95.53,95.53,94.99,94.45,94.45,94.45,99.87,97.16,95.53,93.36,92.28,92.28,91.73,91.73,91.73,91.73,91.73,93.36,92.28,91.19,90.65,90.10,90.10,90.10,90.10,90.10,90.10,90.10,89.56,89.02,88.48,88.48,87.93,87.93,87.93,87.93,87.93,87.93,87.93"
Rec-028_30s_2,4,9,3685,core,327,331,0.0,5.0,0.9895,329,333,339,336,1.0,True,93.5335,110.7286,89.0188,4.3968,93.3608,"110.73,105.30,101.50,98.25,97.16,96.62,96.07,95.53,95.53,95.53,95.53,98.79,96.62,94.99,94.45,93.36,93.36,93.36,93.36,93.36,93.36,93.36,93.36,92.28,91.73,91.19,91.19,91.19,91.19,91.19,91.19,91.19,91.19,89.56,89.56,89.56,89.56,89.56,89.02,89.02,89.02,89.02,89.02,89.56"
Rec-028_30s_2,4,10,3686,core,331,331,0.0,4.0,0.9882,333,333,343,336,1.0,True,94.9767,115.0706,90.1043,5.0524,94.4463,"115.07,108.56,103.67,100.96,98.79,98.25,97.70,97.16,97.16,96.62,96.62,101.50,98.79,97.16,95.53,94.99,94.99,94.45,94.45,94.45,94.45,94.45,94.99,94.45,93.36,92.28,92.28,92.28,92.28,92.28,92.28,92.28,92.28,90.65,90.65,90.10,90.10,90.10,90.10,90.10,90.10,90.10,90.10,90.10"
Rec-028_30s_2,4,11,3687,core,336,331,0.0,5.0,0.9898,338,333,348,336,1.0,True,95.6428,111.8141,90.6471,4.4026,95.2604,"111.81,106.93,103.13,100.96,99.33,98.79,98.25,98.25,98.25,98.25,97.70,101.50,98.79,97.70,96.07,96.07,96.07,95.53,95.53,95.53,95.53,94.99,95.53,94.45,94.45,94.45,93.36,93.36,93.36,93.36,93.36,93.36,92.28,91.19,91.19,91.19,91.19,91.19,91.19,91.19,91.19,91.19,90.65,90.65"
Rec-028_30s_2,4,12,3688,core,340,331,0.0,4.0,0.9871,342,333,352,336,1.0,True,96.3212,115.6133,89.0188,5.2372,95.5318,"115.61,109.64,105.84,103.13,100.96,100.42,99.33,98.79,98.25,97.16,96.07,103.13,100.96,99.33,98.25,97.70,96.62,96.07,96.07,95.53,94.99,94.45,96.62,95.53,95.53,94.99,94.99,94.45,94.45,93.36,93.36,92.28,91.19,92.28,92.28,92.28,91.73,91.73,91.19,91.19,91.19,90.65,89.56,89.02"
Rec-028_30s_2,4,13,3689,core,345,331,0.0,5.0,0.9888,347,333,357,336,1.0,True,93.1511,111.8141,78.7067,6.7295,92.2753,"111.81,107.47,104.22,101.50,99.87,98.25,96.07,94.99,92.28,89.56,82.51,102.04,100.42,98.79,97.16,96.07,95.53,94.45,92.28,91.19,88.48,81.42,97.16,96.07,95.53,94.45,93.36,92.28,91.19,90.10,89.02,85.76,80.33,93.36,92.28,92.28,91.19,91.19,90.10,89.56,87.93,86.31,84.13,78.71"
Rec-028_30s_2,4,14,3690,core,349,331,0.0,4.0,0.9853,351,333,361,336,0.6364,False,86.8725,113.9851,73.822,10.5299,87.9333,"113.99,108.01,103.13,99.33,95.53,92.28,84.13,78.71,75.99,75.45,74.36,103.13,100.42,97.70,95.53,93.36,90.10,83.05,78.16,75.99,74.91,73.82,96.62,94.99,93.36,91.73,90.65,87.93,81.42,77.62,75.99,74.91,73.82,92.28,91.19,90.65,89.56,87.93,84.68,79.79,76.54,75.45,74.36,73.82"
Rec-028_30s_2,4,15,3691,core,354,331,0.0,5.0,0.9867,356,333,366,336,0.1818,False,77.9542,103.1302,73.2792,6.4967,74.9074,"103.13,91.19,83.05,79.79,77.08,75.99,74.91,74.36,74.36,73.82,73.82,95.53,86.85,80.88,77.62,75.99,74.91,74.36,73.82,73.82,73.82,73.82,89.56,83.05,78.71,76.54,75.99,74.91,74.36,73.82,73.82,73.82,73.28,86.31,80.88,77.62,75.99,75.45,74.36,73.82,73.82,73.82,73.82,73.28"
Rec-028_30s_2,4,16,3692,core,356,330,26.57,2.24,0.9875,358,332,368,335,0.0,False,77.0044,97.7027,72.7365,4.9454,75.1788,"97.70,89.02,83.05,78.71,77.08,75.99,75.45,74.91,74.36,74.36,73.82,89.02,83.05,79.79,77.08,75.99,75.45,74.91,74.36,73.82,73.82,73.82,83.59,79.79,77.62,75.99,75.45,74.36,74.36,73.82,73.82,73.82,73.28,80.33,77.62,75.99,75.45,74.91,74.36,73.82,73.82,73.82,73.82,72.74"
Rec-028_30s_2,5,1,3818,core,290,331,0.0,0.0,0.9868,292,333,302,336,1.0,True,94.0145,123.2118,85.7624,6.9144,91.7325,"123.21,111.81,106.93,103.13,99.87,98.79,98.25,97.70,97.16,96.62,96.07,97.16,97.70,96.07,94.99,94.45,94.45,94.45,93.36,93.36,93.36,92.28,90.10,90.65,90.65,90.65,91.19,91.19,91.19,91.19,91.19,90.65,90.65,85.76,86.31,87.39,87.93,87.93,88.48,88.48,88.48,88.48,88.48,88.48"
Rec-028_30s_2,5,2,3819,core,294,331,0.0,4.0,0.9845,296,333,306,336,1.0,True,94.693,117.7843,87.9333,5.9629,93.3608,"117.78,110.73,105.84,102.04,99.87,98.79,98.25,97.70,96.62,96.07,95.53,102.04,99.87,97.70,96.07,95.53,94.99,94.45,93.36,93.36,92.28,92.28,94.99,93.36,93.36,92.28,92.28,91.73,91.19,91.19,91.19,91.19,90.10,90.10,89.56,89.56,89.56,89.56,89.56,89.56,89.56,89.02,88.48,87.93"
Rec-028_30s_2,5,3,3820,core,298,331,0.0,4.0,0.9877,300,333,310,336,1.0,True,95.4454,125.3828,87.9333,7.1723,93.3608,"125.38,115.07,108.56,103.67,100.96,98.79,97.70,97.16,96.07,95.53,94.45,105.30,102.04,99.33,97.16,95.53,94.99,94.45,93.36,92.28,92.28,91.73,97.16,95.53,94.45,93.36,92.28,92.28,91.73,91.19,90.65,90.65,90.10,91.73,91.19,91.19,90.65,90.10,89.56,89.56,89.02,89.02,88.48,87.93"
Rec-028_30s_2,5,4,3821,core,307,331,0.0,9.0,0.9888,309,333,319,336,1.0,True,93.9529,122.1263,87.3906,6.64,92.0039,"122.13,111.81,105.84,102.04,98.25,96.62,95.53,94.45,94.45,93.36,92.28,103.13,100.42,97.70,95.53,94.45,93.36,92.28,91.19,91.19,90.65,90.10,96.07,94.99,93.36,92.28,91.19,91.19,90.65,89.56,89.56,89.56,89.02,91.73,91.19,90.10,89.56,89.56,88.48,88.48,87.93,87.93,87.39,87.39"
Rec-028_30s_2,5,5,3822,core,312,331,0.0,5.0,0.9876,314,333,324,336,1.0,True,92.4726,112.8996,87.3906,4.9664,91.1898,"112.90,105.84,101.50,98.25,96.07,94.99,94.45,93.36,93.36,92.28,92.28,99.87,97.16,94.99,93.36,92.28,91.73,91.19,91.19,90.65,90.65,90.10,94.45,92.28,91.73,91.19,90.65,90.10,89.56,89.56,89.56,89.02,89.02,90.10,89.56,89.56,89.02,88.48,88.48,87.93,87.93,87.39,87.39,87.39"
Rec-028_30s_2,5,6,3823,core,316,331,0.0,4.0,0.9896,318,333,328,336,1.0,True,93.0277,116.6988,87.9333,5.5134,91.1898,"116.70,108.01,103.13,98.79,96.62,95.53,94.99,94.45,93.36,93.36,92.28,100.42,98.25,95.53,94.45,92.28,92.28,91.73,91.19,91.19,91.19,90.65,94.45,93.36,91.73,91.19,91.19,90.65,90.10,89.56,89.56,89.56,89.56,90.10,89.56,89.56,89.02,89.02,88.48,88.48,87.93,87.93,87.93,87.93"
Rec-028_30s_2,5,7,3824,core,325,331,0.0,9.0,0.9898,327,333,337,336,1.0,True,93.8789,113.9851,89.5616,4.8003,92.2753,"113.99,106.93,102.04,99.33,97.70,96.07,95.53,95.53,95.53,94.99,94.99,99.87,98.25,96.07,94.45,94.45,93.36,93.36,93.36,92.28,92.28,92.28,94.45,93.36,92.28,91.73,91.73,91.19,91.19,91.19,91.19,91.19,91.19,90.65,90.10,90.10,89.56,89.56,89.56,89.56,89.56,89.56,89.56,89.56"
Rec-028_30s_2,5,8,3825,core,334,331,0.0,9.0,0.9898,336,333,346,336,1.0,True,95.9018,113.9851,91.1898,4.6786,95.5318,"113.99,108.56,104.22,101.50,99.87,98.79,98.25,97.70,97.70,97.16,97.16,102.04,99.87,98.25,96.62,96.07,95.53,95.53,95.53,95.53,95.53,94.99,96.07,95.53,94.45,94.45,93.36,93.36,93.36,93.36,93.36,93.36,93.36,92.28,91.73,91.73,91.19,91.19,91.19,91.19,91.19,91.19,91.19,91.19"
Rec-028_30s_2,5,9,3826,core,339,331,0.0,5.0,0.9897,341,333,351,336,1.0,True,96.0498,111.2714,90.6471,4.1057,95.5318,"111.27,106.39,103.13,101.50,99.87,99.33,98.79,98.25,97.70,97.16,96.07,101.50,99.33,98.25,97.16,96.62,96.62,96.07,96.07,95.53,95.53,94.45,96.07,95.53,94.99,94.99,94.45,94.45,94.45,94.45,93.36,93.36,92.28,92.28,92.28,92.28,92.28,92.28,92.28,92.28,91.73,91.73,91.19,90.65"
Rec-028_30s_2,5,10,3827,core,343,331,0.0,4.0,0.9888,345,333,355,336,1.0,True,96.0005,113.9851,87.3906,5.2832,95.2604,"113.99,109.10,105.84,103.13,100.96,99.87,98.79,98.25,96.62,94.99,92.28,103.13,101.50,99.87,98.25,97.70,97.16,96.07,95.53,94.45,92.28,91.19,97.70,96.62,96.07,95.53,95.53,94.99,94.45,93.36,91.73,90.65,89.56,93.36,94.45,93.36,93.36,92.28,92.28,91.73,90.65,89.56,88.48,87.39"
Rec-028_30s_2,5,11,3828,core,352,331,0.0,9.0,0.9873,354,333,364,336,0.3636,False,81.4451,109.6431,73.2792,9.5377,76.2643,"109.64,103.13,97.70,86.85,80.33,77.62,75.99,75.45,74.36,73.82,73.82,100.42,97.16,92.28,84.13,78.71,76.54,75.45,74.36,73.82,73.82,73.82,94.45,92.28,89.56,83.05,78.16,75.99,74.91,74.36,73.82,73.82,73.82,90.65,89.56,86.31,80.88,77.62,75.99,74.36,73.82,73.82,73.82,73.28"
Rec-028_30s_2,5,12,3829,core,356,331,0.0,4.0,0.9846,358,333,368,336,0.0,False,75.8449,89.5616,72.7365,3.3102,74.6361,"89.56,84.13,79.79,77.08,75.99,75.45,74.91,74.36,73.82,73.82,73.82,83.59,79.79,77.62,75.99,75.45,74.91,74.36,73.82,73.82,73.82,73.82,80.33,77.62,75.99,75.45,74.91,74.36,73.82,73.82,73.82,73.28,73.28,78.16,76.54,75.45,74.91,74.36,74.36,73.82,73.82,73.28,73.28,72.74"
Rec-028_30s_2,6,1,3956,core,290,331,0.0,0.0,0.9884,292,333,302,336,1.0,True,94.4216,121.0408,85.7624,6.4923,92.5467,"121.04,111.27,106.39,103.13,100.42,99.33,98.79,98.25,98.25,97.16,96.62,97.16,97.70,96.07,94.99,94.45,94.45,94.45,94.45,94.45,93.36,93.36,90.65,91.19,91.19,91.19,91.19,91.73,91.73,91.73,91.73,91.19,91.19,85.76,86.85,87.93,87.93,89.02,89.56,89.56,89.56,89.56,89.56,89.02"
Rec-028_30s_2,6,2,3957,core,292,331,0.0,2.0,0.9868,294,333,304,336,1.0,True,95.8525,124.84,89.5616,6.9257,94.4463,"124.84,113.99,109.10,105.30,102.04,99.87,99.33,98.25,98.25,97.16,96.62,102.04,100.96,98.79,97.16,96.07,95.53,95.53,94.99,94.45,94.45,93.36,94.45,94.45,93.36,93.36,93.36,92.28,92.28,92.28,92.28,91.73,91.73,89.56,89.56,89.56,90.10,90.10,90.10,90.10,90.10,89.56,89.56,89.56"
Rec-028_30s_2,6,3,3958,core,297,331,0.0,5.0,0.9864,299,333,309,336,1.0,True,95.4701,120.498,89.0188,6.1668,93.3608,"120.50,111.81,106.93,103.13,100.42,98.79,98.25,97.16,96.07,95.53,94.99,104.22,101.50,98.79,97.16,95.53,95.53,94.45,93.36,93.36,92.28,92.28,96.62,95.53,94.45,93.36,93.36,93.36,92.28,91.73,91.19,91.19,90.65,91.73,91.73,91.19,91.19,90.65,90.65,90.10,89.56,89.56,89.56,89.02"
Rec-028_30s_2,6,4,3959,core,301,331,0.0,4.0,0.9888,303,333,313,336,1.0,True,95.5688,124.84,88.4761,6.8715,93.9035,"124.84,113.99,108.01,103.13,100.42,98.25,97.16,96.62,95.53,94.99,94.45,105.30,102.04,99.33,97.16,95.53,94.99,94.45,93.36,92.28,92.28,91.19,98.25,96.07,94.99,94.45,93.36,92.28,92.28,91.73,91.19,90.65,90.10,92.28,92.28,91.19,91.19,90.65,90.10,90.10,89.56,89.56,89.02,88.48"
Rec-028_30s_2,6,5,3960,core,306,331,0.0,5.0,0.9871,308,333,318,336,1.0,True,94.1132,117.2416,87.9333,5.6655,92.2753,"117.24,109.64,104.22,100.42,98.25,96.62,95.53,95.53,94.45,93.36,93.36,103.13,99.87,97.16,95.53,94.45,93.36,92.28,92.28,91.73,91.19,90.65,96.07,94.99,93.36,92.28,92.28,91.19,91.19,91.19,90.10,89.56,89.56,91.73,91.73,91.19,90.65,90.10,89.56,89.56,89.02,89.02,88.48,87.93"
Rec-028_30s_2,6,6,3961,core,310,331,0.0,4.0,0.9894,312,333,322,336,1.0,True,94.2489,121.0408,87.9333,6.2775,92.2753,"121.04,111.27,105.30,101.50,98.25,96.62,95.53,94.99,94.45,93.36,92.28,103.13,100.42,97.70,95.53,94.45,93.36,92.28,91.73,91.73,91.19,90.65,97.16,95.53,93.36,92.28,92.28,91.19,91.19,90.65,90.10,89.56,89.56,92.28,91.19,91.19,90.10,90.10,89.56,89.56,89.02,88.48,87.93,87.93"
Rec-028_30s_2,6,7,3962,core,315,331,0.0,5.0,0.9883,317,333,327,336,1.0,True,93.1141,112.8996,87.9333,4.9317,91.4612,"112.90,106.93,102.04,98.79,96.62,95.53,94.99,94.45,93.36,93.36,92.28,100.42,98.25,95.53,94.45,93.36,92.28,91.73,91.19,91.19,91.19,90.65,94.99,93.36,92.28,91.73,91.19,90.65,90.65,90.10,89.56,89.56,89.56,91.19,90.65,90.10,89.56,89.56,89.56,89.02,88.48,87.93,87.93,87.93"
Rec-028_30s_2,6,8,3963,core,319,331,0.0,4.0,0.9897,321,333,331,336,1.0,True,93.6938,117.7843,88.4761,5.54,91.7325,"117.78,108.56,103.13,99.87,97.16,95.53,95.53,94.45,94.45,94.45,94.45,101.50,98.79,96.07,94.45,93.36,92.28,92.28,91.73,91.73,91.73,91.73,95.53,94.45,92.28,91.73,91.19,91.19,90.65,90.10,90.10,90.10,90.10,91.19,90.65,90.10,89.56,89.56,89.56,89.02,89.02,88.48,88.48,88.48"
Rec-028_30s_2,6,9,3964,core,324,331,0.0,5.0,0.9893,326,333,336,336,1.0,True,93.7185,111.2714,89.5616,4.3619,93.3608,"111.27,105.30,101.50,98.25,97.16,96.07,95.53,95.53,95.53,95.53,95.53,99.33,97.16,95.53,94.45,93.36,93.36,93.36,93.36,93.36,93.36,93.36,94.45,93.36,92.28,91.19,91.19,91.19,91.19,91.19,91.19,91.19,91.19,90.65,90.10,89.56,89.56,89.56,89.56,89.56,89.56,89.56,89.56,89.56"
Rec-028_30s_2,6,10,3965,core,328,331,0.0,4.0,0.9897,330,333,340,336,1.0,True,95.1494,115.6133,90.6471,4.9589,94.4463,"115.61,108.56,103.67,100.96,98.79,98.25,97.70,97.16,96.62,96.62,96.07,101.50,98.79,97.16,95.53,95.53,94.99,94.99,94.45,94.45,94.45,94.45,94.99,94.45,93.36,93.36,92.28,92.28,92.28,92.28,92.28,92.28,92.28,91.19,91.19,90.65,90.65,90.65,90.65,90.65,90.65,90.65,90.65,90.65"
Rec-028_30s_2,6,11,3966,core,333,331,0.0,5.0,0.9897,335,333,345,336,1.0,True,95.9511,111.8141,91.7325,4.2561,95.5318,"111.81,107.47,103.13,100.96,99.87,98.79,98.25,98.25,97.70,97.70,97.70,101.50,99.87,98.25,97.16,96.07,95.53,95.53,95.53,95.53,95.53,95.53,95.53,95.53,94.45,94.45,94.45,93.36,93.36,93.36,93.36,93.36,93.36,92.28,91.73,91.73,91.73,91.73,91.73,91.73,91.73,91.73,91.73,91.73"
Rec-028_30s_2,6,12,3967,core,342,331,0.0,9.0,0.99,344,333,354,336,1.0,True,96.5926,112.8996,88.4761,4.8267,95.5318,"112.90,108.56,105.30,103.13,101.50,100.42,99.87,98.25,97.70,96.07,94.45,103.13,101.50,99.87,98.79,98.25,97.70,97.16,96.07,95.53,94.45,92.28,97.70,97.16,96.07,95.53,95.53,95.53,94.99,94.45,93.36,91.73,90.65,94.45,94.45,93.36,93.36,93.36,92.28,92.28,91.73,91.19,89.56,88.48"
Rec-028_30s_2,6,13,3968,core,351,331,0.0,9.0,0.9884,353,333,363,336,0.4545,False,83.1843,109.1004,73.2792,10.0645,78.1639,"109.10,104.22,99.33,94.45,85.76,78.71,76.54,75.45,74.36,73.82,73.82,100.96,98.25,94.99,91.19,84.13,78.71,76.54,75.45,74.36,73.82,73.82,95.53,94.45,91.73,89.56,82.51,77.62,75.99,74.91,73.82,73.82,73.82,92.28,90.65,89.56,86.85,80.88,77.62,75.45,74.36,73.82,73.82,73.28"
Rec-028_30s_2,6,14,3969,core,355,330,14.04,4.12,0.991,357,332,367,335,0.0909,False,78.8177,115.6133,73.2792,8.0482,75.7216,"115.61,95.53,87.39,81.96,78.16,76.54,75.99,74.91,74.91,74.36,73.82,97.70,87.93,82.51,78.71,76.54,75.99,74.91,74.36,74.36,73.82,73.82,89.56,83.05,78.71,77.08,75.99,74.91,74.91,74.36,73.82,73.82,73.82,85.22,79.79,77.62,75.99,75.45,74.91,74.36,73.82,73.82,73.82,73.28"
Rec-029_10s_2,1,1,2703,core,290,331,0.0,0.0,0.9869,292,333,302,336,1.0,True,88.6241,117.2416,81.9631,6.8431,86.5765,"117.24,106.93,102.04,97.70,94.99,93.36,92.28,91.73,91.19,90.10,89.56,93.36,93.36,91.19,89.56,89.02,88.48,87.93,87.93,86.85,86.31,85.76,86.85,86.85,85.76,85.76,85.76,85.76,85.76,85.22,84.68,84.13,84.13,81.96,83.05,83.05,83.05,83.59,83.59,83.05,83.05,83.05,82.51,81.96"
Rec-029_10s_2,1,2,2704,core,293,331,0.0,3.0,0.9866,295,333,305,336,1.0,True,88.8461,117.2416,81.4204,6.864,87.1192,"117.24,106.93,101.50,97.70,94.99,93.36,91.73,90.65,89.56,89.02,87.93,97.16,94.99,92.28,90.65,89.56,88.48,87.93,86.85,85.76,85.22,84.68,89.56,89.02,87.93,87.39,86.31,85.76,85.76,84.68,84.13,83.59,83.05,84.68,84.68,84.13,84.13,84.13,83.59,83.59,83.05,82.51,81.96,81.42"
Rec-029_10s_2,1,3,2705,core,298,331,0.0,5.0,0.9855,300,333,310,336,1.0,True,87.2056,111.2714,79.7922,6.0658,85.491,"111.27,103.13,98.25,94.45,91.73,90.10,89.56,88.48,87.93,85.76,84.68,96.62,93.36,91.19,89.02,87.93,86.85,85.76,85.22,84.13,83.59,82.51,89.56,88.48,86.85,85.76,85.22,84.68,84.13,83.59,83.05,81.96,80.88,85.76,84.68,84.13,84.13,83.59,83.05,82.51,81.96,81.42,80.33,79.79"
Rec-029_10s_2,1,4,2706,core,302,331,0.0,4.0,0.9881,304,333,314,336,1.0,True,86.3051,115.0706,78.7067,6.9707,84.1341,"115.07,105.30,98.25,94.45,91.19,89.56,87.93,85.76,84.13,83.59,83.05,96.62,93.36,91.19,88.48,86.85,85.76,84.13,83.05,81.96,80.88,80.88,89.56,87.93,86.31,85.22,84.13,83.59,83.05,81.96,80.88,80.33,79.79,85.22,84.13,84.13,83.59,83.05,82.51,81.42,80.88,79.79,79.79,78.71"
Rec-029_10s_2,1,5,2707,core,311,331,0.0,9.0,0.9891,313,333,323,336,1.0,True,84.8989,106.9294,80.8776,4.9586,83.0486,"106.93,98.25,93.36,90.10,87.93,87.39,86.31,85.76,85.76,85.76,85.22,91.73,89.56,86.85,85.22,84.13,84.13,83.59,83.59,83.05,83.05,83.05,85.76,84.13,83.05,83.05,82.51,82.51,82.51,81.96,81.96,81.96,81.42,83.05,81.96,81.42,81.42,80.88,80.88,80.88,80.88,80.88,80.88,80.88"
Rec-029_10s_2,1,6,2708,core,320,331,0.0,9.0,0.9894,322,333,332,336,1.0,True,86.8848,106.9294,83.0486,4.6709,85.7624,"106.93,99.33,95.53,92.28,90.10,89.56,89.02,88.48,88.48,88.48,88.48,92.28,90.65,88.48,87.39,86.31,85.76,85.76,85.76,85.76,85.76,85.76,86.85,85.76,85.22,84.68,84.13,84.13,84.13,84.13,84.13,84.13,84.68,83.59,83.05,83.05,83.05,83.05,83.05,83.05,83.05,83.05,83.05,83.59"
Rec-029_10s_2,1,7,2709,core,325,331,0.0,5.0,0.9882,327,333,337,336,1.0,True,88.2294,103.1302,84.1341,3.8141,87.9333,"103.13,98.25,94.45,92.28,91.19,91.19,90.65,90.65,90.65,91.19,91.19,92.28,90.65,89.56,88.48,87.93,87.93,87.93,87.93,87.93,87.93,87.93,87.93,86.85,86.31,85.76,85.76,85.76,85.76,85.76,86.31,86.31,86.85,84.68,84.13,84.13,84.68,84.68,84.68,84.68,84.68,84.68,85.22,85.22"
Rec-029_10s_2,1,8,2710,core,329,331,0.0,4.0,0.9895,331,333,341,336,1.0,True,90.1167,108.0149,85.7624,4.4957,89.5616,"108.01,101.50,98.25,95.53,94.45,93.36,93.36,92.28,92.28,92.28,92.28,94.99,93.36,91.19,90.10,90.10,90.10,89.56,89.56,89.56,89.56,89.56,89.56,89.02,87.93,87.93,87.93,87.93,87.93,87.93,87.93,87.93,87.93,85.76,85.76,85.76,85.76,85.76,86.31,85.76,85.76,85.76,85.76,85.76"
Rec-029_10s_2,1,9,2711,core,334,331,0.0,5.0,0.9891,336,333,346,336,1.0,True,91.0665,105.3012,86.3051,3.9881,90.6471,"105.30,100.96,98.25,96.07,95.53,94.45,94.45,94.45,93.36,93.36,93.36,95.53,93.36,92.28,91.73,91.19,91.19,91.19,91.19,90.65,90.65,90.65,90.65,89.56,89.56,89.02,89.02,89.02,89.02,89.02,88.48,88.48,88.48,87.39,87.39,87.39,87.39,87.39,86.85,86.85,86.85,86.85,86.85,86.31"
Rec-029_10s_2,1,10,2712,core,338,331,0.0,4.0,0.9895,340,333,350,336,1.0,True,92.1149,109.1004,86.3051,4.5462,91.1898,"109.10,103.13,99.87,97.70,96.62,95.53,95.53,94.99,94.99,94.45,94.45,97.70,95.53,94.45,93.36,92.28,92.28,91.73,91.73,91.73,91.19,91.19,91.73,91.19,90.10,90.10,90.10,89.56,89.56,89.56,89.56,89.56,89.02,88.48,87.93,87.93,87.93,87.93,87.93,87.93,87.39,86.85,86.85,86.31"
Rec-029_10s_2,1,11,2713,core,343,331,0.0,5.0,0.9888,345,333,355,336,1.0,True,91.3872,106.3867,83.5914,4.588,90.6471,"106.39,102.04,99.33,97.70,96.62,95.53,95.53,94.45,93.36,91.73,90.65,97.16,95.53,94.45,93.36,93.36,92.28,91.73,91.19,90.65,89.56,88.48,92.28,91.19,90.65,90.65,90.10,90.10,89.56,88.48,87.93,87.39,85.76,89.02,88.48,87.93,87.93,87.93,87.93,86.85,85.76,85.76,84.68,83.59"
Rec-029_10s_2,1,12,2714,core,347,331,0.0,4.0,0.9871,349,333,359,336,0.8182,False,88.2664,110.1859,75.4502,8.0778,88.7475,"110.19,105.30,101.50,98.25,96.07,94.45,92.28,90.10,83.59,78.16,76.54,98.79,97.16,95.53,93.36,92.28,91.19,90.10,87.93,81.96,77.62,75.99,93.36,91.73,91.19,90.10,89.56,88.48,87.39,85.22,80.33,77.08,75.99,89.56,89.02,87.93,87.39,86.85,85.76,84.68,83.05,78.71,76.54,75.45"
Rec-029_10s_2,1,13,2715,core,352,331,0.0,5.0,0.9863,354,333,364,336,0.3636,False,80.816,104.2157,74.3647,7.6496,76.8071,"104.22,99.33,94.45,85.76,79.79,77.62,76.54,75.99,75.45,75.45,74.36,96.07,93.36,89.56,83.05,78.71,77.08,75.99,75.45,74.91,74.36,74.36,90.65,89.02,86.31,81.42,78.16,76.54,75.99,75.45,74.91,74.91,74.36,87.39,85.76,84.13,79.79,77.62,76.54,75.99,75.45,74.91,74.36,74.36"
Rec-029_10s_2,1,14,2716,core,355,331,0.0,3.0,0.9832,357,333,367,336,0.0909,False,77.9666,98.2455,74.3647,4.7921,75.9929,"98.25,89.56,84.13,80.33,77.62,77.08,75.99,75.99,75.45,74.91,74.91,89.56,83.59,80.33,77.62,77.08,75.99,75.99,75.45,74.91,74.91,74.91,84.13,80.33,78.16,77.08,75.99,75.99,75.99,75.45,74.91,74.91,74.36,81.42,78.71,77.08,75.99,75.99,75.45,75.45,74.91,74.91,74.36,74.36"
Rec-029_10s_2,2,1,2847,core,290,331,-135.0,1.41,0.987,292,333,302,336,1.0,True,91.0788,109.6431,83.0486,5.7748,89.5616,"109.64,105.30,103.13,100.42,98.25,96.62,96.07,96.07,95.53,95.53,94.99,92.28,93.36,92.28,92.28,91.73,91.73,91.73,91.19,91.19,91.19,90.65,86.85,87.93,87.93,88.48,88.48,88.48,88.48,88.48,88.48,87.93,87.93,83.05,84.13,84.68,85.22,85.76,85.76,85.76,85.76,85.76,85.76,85.22"
Rec-029_10s_2,2,2,2848,core,302,331,0.0,12.0,0.988,304,333,314,336,1.0,True,92.0163,119.4126,84.1341,6.856,90.1043,"119.41,110.19,104.22,100.42,97.70,95.53,94.99,93.36,93.36,92.28,91.73,102.04,98.25,96.07,94.45,92.28,91.19,90.65,89.56,89.02,88.48,87.93,94.45,92.28,91.19,90.65,89.56,89.02,88.48,87.93,86.85,86.31,85.76,89.56,89.02,87.93,87.93,87.39,86.31,85.76,85.76,85.22,84.13,84.13"
Rec-029_10s_2,2,3,2849,core,307,331,0.0,5.0,0.9852,309,333,319,336,1.0,True,90.5237,111.8141,84.1341,5.5517,89.0188,"111.81,105.30,100.96,97.70,95.53,94.45,93.36,92.28,91.73,91.73,91.19,98.25,95.53,93.36,91.19,90.65,89.56,89.56,89.02,89.02,87.93,87.93,92.28,90.65,89.56,89.02,87.93,87.93,87.39,86.85,86.31,86.31,86.31,88.48,87.93,86.85,86.31,85.76,85.76,85.22,85.22,84.68,84.13,84.13"
Rec-029_10s_2,2,4,2850,core,311,331,0.0,4.0,0.989,313,333,323,336,1.0,True,90.8198,112.8996,85.2196,5.578,89.5616,"112.90,106.39,101.50,97.70,95.53,94.45,93.36,92.28,92.28,91.73,91.19,98.25,95.53,93.36,91.73,91.19,90.10,89.56,89.56,89.56,89.02,88.48,91.73,90.10,89.56,88.48,87.93,87.93,87.93,87.93,87.39,87.39,86.85,87.93,86.85,86.85,86.31,85.76,85.76,85.76,85.76,85.76,85.22,85.22"
Rec-029_10s_2,2,5,2851,core,316,331,0.0,5.0,0.9865,318,333,328,336,1.0,True,90.6964,108.5576,85.7624,4.6413,89.5616,"108.56,103.13,98.79,96.07,94.99,94.45,93.36,93.36,92.28,92.28,92.28,96.62,94.45,92.28,91.19,91.19,90.65,90.10,90.10,89.56,89.56,89.56,91.19,90.10,89.56,89.02,88.48,88.48,87.93,87.93,87.93,87.93,87.93,87.39,87.39,86.85,86.31,86.31,86.31,85.76,85.76,85.76,85.76,85.76"
Rec-029_10s_2,2,6,2852,core,320,331,0.0,4.0,0.9895,322,333,332,336,1.0,True,91.9423,112.8996,86.8478,5.1635,90.9184,"112.90,105.84,101.50,98.25,96.07,94.99,94.45,94.45,93.36,93.36,93.36,98.25,96.07,94.45,92.28,91.73,91.19,91.19,91.19,91.19,90.65,90.65,92.28,91.19,90.10,89.56,89.56,89.56,89.02,89.02,89.02,88.48,88.48,87.93,87.93,87.93,87.93,87.39,87.39,87.39,87.39,86.85,86.85,86.85"
Rec-029_10s_2,2,7,2853,core,325,331,0.0,5.0,0.9871,327,333,337,336,1.0,True,92.0533,108.5576,87.3906,4.344,91.1898,"108.56,103.13,99.87,97.70,96.07,95.53,94.99,94.45,93.36,93.36,93.36,97.70,95.53,94.45,93.36,92.28,92.28,91.73,91.19,91.19,91.19,90.65,92.28,91.19,90.65,90.10,90.10,89.56,89.56,89.56,89.02,89.02,89.56,89.02,88.48,88.48,87.93,87.93,87.93,87.93,87.93,87.39,87.39,87.39"
Rec-029_10s_2,2,8,2854,core,329,331,0.0,4.0,0.9896,331,333,341,336,1.0,True,93.2621,112.8996,88.4761,4.9477,92.2753,"112.90,106.93,102.04,98.79,97.16,95.53,95.53,95.53,95.53,94.99,94.99,99.87,97.70,95.53,94.45,93.36,92.28,92.28,92.28,92.28,92.28,92.28,93.36,92.28,91.73,91.19,90.65,90.65,90.65,90.65,90.10,90.10,90.10,89.56,89.56,89.56,89.02,88.48,89.02,88.48,88.48,88.48,88.48,88.48"
Rec-029_10s_2,2,9,2855,core,334,331,0.0,5.0,0.9876,336,333,346,336,1.0,True,93.5828,107.4722,89.0188,3.9636,93.3608,"107.47,103.13,100.42,98.79,98.25,97.16,96.62,96.62,96.07,96.07,95.53,98.25,96.07,94.99,94.45,94.45,94.45,93.36,93.36,93.36,93.36,93.36,93.36,92.28,91.73,91.73,91.19,91.19,91.19,91.19,91.19,91.19,91.19,90.10,89.56,89.56,89.56,89.56,89.56,89.56,89.56,89.56,89.02,89.02"
Rec-029_10s_2,2,10,2856,core,338,331,0.0,4.0,0.9894,340,333,350,336,1.0,True,94.8287,111.8141,89.5616,4.664,94.4463,"111.81,106.39,103.13,100.42,99.33,98.25,98.25,97.70,97.70,97.16,96.62,100.42,98.25,97.16,95.53,95.53,95.53,94.99,94.99,94.45,94.45,94.45,94.99,94.45,93.36,92.28,92.28,92.28,92.28,92.28,91.73,91.73,91.19,91.19,90.65,90.65,90.10,90.10,90.10,90.10,89.56,89.56,89.56,89.56"
Rec-029_10s_2,2,11,2857,core,343,331,0.0,5.0,0.9877,345,333,355,336,1.0,True,94.3353,110.1859,85.7624,4.9033,93.3608,"110.19,105.84,103.13,100.96,99.87,98.79,98.25,97.16,95.53,94.45,92.28,100.96,98.79,97.70,96.62,96.07,95.53,94.99,94.45,93.36,92.28,90.65,95.53,94.45,94.45,93.36,93.36,93.36,92.28,91.19,91.19,89.56,87.93,91.73,91.19,91.19,91.19,90.65,90.65,89.56,89.02,87.93,87.39,85.76"
Rec-029_10s_2,2,12,2858,core,347,331,0.0,4.0,0.9882,349,333,359,336,0.8182,False,90.3263,112.8996,75.9929,8.8006,91.1898,"112.90,107.47,103.67,100.96,98.25,96.62,94.45,91.19,84.13,78.71,77.08,102.04,99.87,98.25,96.62,95.53,94.45,92.28,89.56,83.05,78.16,76.54,96.07,94.99,94.45,93.36,92.28,91.19,89.56,86.85,81.42,77.62,75.99,92.28,91.73,91.19,90.10,89.56,88.48,86.85,85.22,80.33,77.08,75.99"
Rec-029_10s_2,2,13,2859,core,352,331,0.0,5.0,0.9858,354,333,364,336,0.3636,False,81.6424,106.3867,74.3647,8.4758,77.3498,"106.39,101.50,95.53,86.85,80.33,77.62,76.54,75.99,75.45,75.45,74.91,98.79,95.53,91.73,84.68,79.79,77.62,75.99,75.99,75.45,74.91,74.36,93.36,91.19,88.48,83.05,78.71,77.08,75.99,75.45,74.91,74.91,74.36,89.56,88.48,85.76,80.88,77.62,76.54,75.99,74.91,74.91,74.36,74.36"
Rec-029_10s_2,2,14,2860,core,355,331,0.0,3.0,0.9836,357,333,367,336,0.0909,False,78.1269,98.2455,74.3647,4.9153,75.9929,"98.25,89.56,84.13,80.33,78.16,77.08,75.99,75.99,75.45,75.45,74.91,90.65,84.13,80.33,78.16,77.08,75.99,75.99,75.45,74.91,74.91,74.36,85.22,80.88,78.16,77.08,76.54,75.99,75.45,75.45,74.91,74.91,74.91,82.51,78.71,77.62,76.54,75.99,75.45,75.45,74.91,74.91,74.36,74.36"
Rec-029_10s_2,3,1,2984,core,290,331,0.0,0.0,0.9881,292,333,302,336,1.0,True,93.7432,119.4126,85.7624,6.4235,91.7325,"119.41,110.19,106.39,103.13,99.87,98.79,98.25,97.70,97.16,96.62,96.07,96.07,96.62,95.53,94.45,94.45,93.36,93.36,93.36,93.36,93.36,92.28,90.10,90.65,90.65,90.65,91.19,91.19,91.19,91.19,91.19,90.65,90.65,85.76,86.31,87.39,87.93,88.48,88.48,88.48,88.48,88.48,87.93,87.93"
Rec-029_10s_2,3,2,2985,core,299,331,0.0,9.0,0.9873,301,333,311,336,1.0,True,95.1247,125.9255,87.9333,7.2088,93.3608,"125.93,113.99,108.01,103.67,100.42,98.25,97.16,96.07,95.53,94.99,94.45,105.30,102.04,98.79,96.62,95.53,94.45,93.36,93.36,92.28,91.73,91.19,97.16,95.53,94.45,93.36,92.28,91.73,91.19,91.19,90.65,89.56,89.56,91.73,91.19,90.65,90.10,89.56,89.56,89.56,89.02,88.48,87.93,87.93"
Rec-029_10s_2,3,3,2986,core,304,331,0.0,5.0,0.9878,306,333,316,336,1.0,True,93.7925,117.2416,87.3906,5.8324,92.2753,"117.24,109.10,104.22,100.96,98.25,97.16,96.07,95.53,94.99,94.45,93.36,102.04,99.33,97.16,95.53,94.45,93.36,92.28,92.28,91.19,91.19,90.65,95.53,94.45,93.36,92.28,91.19,91.19,90.65,90.10,89.56,89.56,89.02,91.19,90.65,90.10,89.56,89.56,89.02,88.48,87.93,87.93,87.39,87.39"
Rec-029_10s_2,3,4,2987,core,313,331,0.0,9.0,0.9891,315,333,325,336,1.0,True,93.1511,113.9851,87.9333,5.1074,91.7325,"113.99,106.93,102.04,98.79,97.16,95.53,95.53,94.99,94.45,94.45,93.36,100.42,97.70,95.53,94.45,93.36,92.28,92.28,91.73,91.73,91.19,91.19,94.45,93.36,92.28,91.73,91.19,90.65,90.10,90.10,89.56,89.56,89.56,90.10,89.56,89.56,89.56,89.02,89.02,88.48,87.93,87.93,87.93,87.93"
Rec-029_10s_2,3,5,2988,core,317,331,0.0,4.0,0.9884,319,333,329,336,1.0,True,93.9529,117.7843,89.0188,5.5721,92.2753,"117.78,109.10,103.67,100.42,98.25,96.62,95.53,95.53,94.99,94.99,94.99,101.50,98.25,96.07,94.99,93.36,93.36,93.36,92.28,92.28,92.28,92.28,94.99,93.36,92.28,91.73,91.19,91.19,91.19,90.65,90.65,90.65,90.65,90.65,90.10,89.56,89.56,89.56,89.02,89.02,89.02,89.02,89.02,89.02"
Rec-029_10s_2,3,6,2989,core,326,331,0.0,9.0,0.9883,328,333,338,336,1.0,True,95.6921,117.7843,90.6471,5.3411,94.7176,"117.78,109.64,105.30,102.04,99.87,98.25,98.25,97.70,97.70,97.70,97.16,102.04,99.87,98.25,96.62,95.53,95.53,95.53,94.99,94.99,94.45,94.45,95.53,94.99,94.45,93.36,93.36,93.36,92.28,92.28,92.28,92.28,92.28,91.19,91.19,91.19,91.19,91.19,91.19,90.65,90.65,90.65,90.65,90.65"
Rec-029_10s_2,3,7,2990,core,335,331,0.0,9.0,0.9881,337,333,347,336,1.0,True,96.975,116.6988,91.1898,5.1123,95.8031,"116.70,110.73,106.39,103.13,101.50,100.42,99.33,98.79,98.25,98.25,98.25,103.13,101.50,99.87,98.25,97.70,96.62,96.62,96.07,96.07,95.53,95.53,97.70,96.07,95.53,95.53,94.99,94.45,94.45,94.45,94.45,94.45,93.36,93.36,93.36,92.28,92.28,92.28,92.28,91.73,91.73,91.19,91.19,91.19"
Rec-029_10s_2,3,8,2991,core,340,331,0.0,5.0,0.9899,342,333,352,336,1.0,True,96.5802,112.8996,89.5616,4.6608,95.5318,"112.90,108.56,105.30,102.04,100.96,99.87,99.87,98.79,98.25,97.16,96.07,103.13,100.96,99.33,98.25,97.70,97.16,97.16,96.62,95.53,95.53,94.45,97.16,96.62,95.53,95.53,95.53,94.99,94.45,94.45,93.36,92.28,91.73,93.36,93.36,93.36,92.28,92.28,92.28,92.28,91.73,91.19,90.65,89.56"
Rec-029_10s_2,3,9,2992,core,344,331,0.0,4.0,0.9867,346,333,356,336,1.0,True,95.5564,116.1561,84.6769,6.0846,94.7176,"116.16,110.73,106.39,103.13,100.96,99.33,98.25,96.62,94.99,93.36,90.65,104.22,102.04,100.42,98.79,98.25,96.62,95.53,94.99,93.36,91.19,89.02,98.25,97.16,96.07,95.53,94.99,94.45,93.36,92.28,91.19,89.56,86.85,94.45,93.36,93.36,93.36,92.28,91.73,91.19,90.10,88.48,86.85,84.68"
Rec-029_10s_2,3,10,2993,core,349,331,0.0,5.0,0.9886,351,333,361,336,0.6364,False,87.3412,111.2714,74.3647,9.8301,88.2047,"111.27,106.39,102.04,98.25,95.53,92.28,85.22,79.79,77.62,75.99,75.45,102.04,99.87,97.70,95.53,93.36,91.19,84.13,78.71,77.08,75.99,75.45,97.16,95.53,94.45,92.28,91.19,87.93,82.51,78.16,76.54,75.99,75.45,93.36,91.73,91.19,90.10,88.48,85.76,80.88,77.62,75.99,75.45,74.36"
Rec-029_10s_2,3,11,2994,core,353,331,0.0,4.0,0.9855,355,333,365,336,0.2727,False,80.9146,108.0149,74.3647,8.3084,76.8071,"108.01,102.04,91.19,83.05,79.79,77.62,76.54,75.99,75.99,75.45,74.91,99.33,95.53,86.85,80.88,78.16,77.08,75.99,75.99,75.45,74.91,74.91,94.45,90.65,84.13,79.79,77.62,75.99,75.99,75.45,74.91,74.91,74.91,90.10,87.39,81.96,78.71,77.08,75.99,75.45,75.45,74.91,74.36,74.36"
Rec-029_10s_2,3,12,2995,core,356,330,18.43,3.16,0.9874,358,332,368,335,0.0,False,78.0776,99.8737,73.822,5.0795,75.9929,"99.87,90.10,84.68,80.33,78.16,77.08,75.99,75.99,75.45,75.45,74.91,89.56,84.68,80.88,78.16,77.08,76.54,75.99,75.45,75.45,74.91,74.36,84.68,80.88,78.71,77.08,75.99,75.99,75.45,74.91,74.36,74.36,74.36,80.88,78.71,77.08,75.99,75.99,75.99,75.45,74.91,74.36,74.36,73.82"
Rec-029_10s_2,4,1,3126,core,290,331,0.0,0.0,0.988,292,333,302,336,1.0,True,94.841,122.669,86.3051,6.6153,92.818,"122.67,111.81,107.47,103.67,100.96,99.33,98.79,98.25,98.25,97.16,96.62,97.16,98.25,97.16,95.53,94.99,94.99,94.99,94.45,94.45,94.45,93.36,91.19,91.73,91.19,91.73,92.28,92.28,92.28,92.28,91.73,91.73,91.19,86.31,87.93,88.48,89.02,89.56,89.56,89.56,89.56,89.56,89.56,89.56"
Rec-029_10s_2,4,2,3127,core,292,331,0.0,2.0,0.9866,294,333,304,336,1.0,True,95.9388,123.2118,89.5616,6.5917,94.4463,"123.21,113.99,108.56,104.22,101.50,99.87,98.79,98.25,97.70,97.16,96.07,103.13,100.96,98.79,97.16,96.07,95.53,95.53,94.99,94.45,94.45,93.36,94.99,94.45,94.45,93.36,93.36,93.36,92.28,92.28,92.28,91.73,91.19,90.10,90.65,90.65,90.65,90.65,90.65,90.65,90.65,90.10,89.56,89.56"
Rec-029_10s_2,4,3,3128,core,297,331,0.0,5.0,0.9851,299,333,309,336,1.0,True,95.5564,119.4126,89.0188,5.9634,93.9035,"119.41,111.81,106.39,103.13,100.42,98.79,98.25,97.16,96.07,95.53,94.99,103.67,101.50,98.79,97.16,95.53,95.53,94.45,93.36,93.36,92.28,92.28,97.16,95.53,94.99,94.45,93.36,93.36,92.28,92.28,91.19,91.19,90.65,92.28,92.28,91.73,91.19,91.19,91.19,90.65,89.56,89.56,89.56,89.02"
Rec-029_10s_2,4,4,3129,core,306,331,0.0,9.0,0.9859,308,333,318,336,1.0,True,94.3353,116.1561,88.4761,5.3059,92.818,"116.16,108.56,103.67,100.42,98.25,97.16,96.07,95.53,94.99,94.45,93.36,102.04,99.33,97.16,95.53,94.45,93.36,93.36,92.28,92.28,91.73,91.19,96.62,94.99,94.45,93.36,92.28,91.73,91.73,91.19,90.65,90.10,90.10,92.28,91.73,91.19,90.65,90.65,90.10,89.56,89.56,89.02,89.02,88.48"
Rec-029_10s_2,4,5,3130,core,310,331,0.0,4.0,0.9896,312,333,322,336,1.0,True,94.3599,119.4126,88.4761,5.8466,92.2753,"119.41,110.19,105.30,100.96,98.25,97.16,95.53,95.53,94.45,94.45,93.36,102.04,99.87,97.70,95.53,94.45,93.36,92.28,92.28,92.28,91.19,91.19,96.07,94.99,93.36,92.28,92.28,91.73,91.19,91.19,90.65,90.65,90.10,91.73,91.19,91.19,90.65,90.10,89.56,89.56,89.56,89.56,89.02,88.48"
Rec-029_10s_2,4,6,3131,core,319,331,0.0,9.0,0.9902,321,333,331,336,1.0,True,94.9397,117.2416,90.1043,5.1448,93.3608,"117.24,109.10,103.67,100.42,98.25,97.16,96.62,96.07,96.07,95.53,95.53,102.04,99.33,97.16,95.53,94.45,94.45,94.45,93.36,93.36,93.36,93.36,95.53,94.99,93.36,93.36,92.28,92.28,92.28,92.28,91.73,92.28,91.73,91.73,91.19,91.19,91.19,90.65,90.65,90.65,90.65,90.65,90.10,90.10"
Rec-029_10s_2,4,7,3132,core,324,331,0.0,5.0,0.9883,326,333,336,336,1.0,True,95.3961,111.8141,91.1898,4.1027,94.989,"111.81,106.39,102.04,99.87,98.25,98.25,97.70,97.16,97.16,97.16,97.16,100.96,98.25,97.16,95.53,95.53,94.99,94.99,94.99,94.99,94.99,94.99,95.53,94.45,94.45,93.36,93.36,93.36,93.36,93.36,93.36,93.36,93.36,92.28,91.73,91.73,91.73,91.19,91.19,91.19,91.19,91.19,91.19,91.19"
Rec-029_10s_2,4,8,3133,core,328,331,0.0,4.0,0.9905,330,333,340,336,1.0,True,96.753,116.1561,92.2753,4.7515,96.0745,"116.16,109.64,105.30,102.04,100.42,99.33,98.79,98.25,98.25,98.25,98.25,103.13,100.42,98.25,97.16,96.62,96.62,96.07,96.07,96.07,96.07,96.07,97.16,95.53,95.53,94.45,94.45,94.45,94.45,94.45,94.45,94.45,94.45,93.36,92.28,92.28,92.28,92.28,92.28,92.28,92.28,92.28,92.28,92.28"
Rec-029_10s_2,4,9,3134,core,333,331,0.0,5.0,0.9892,335,333,345,336,1.0,True,97.6041,112.8996,92.2753,4.142,97.16,"112.90,108.01,105.30,102.04,101.50,100.96,100.42,99.87,99.33,99.33,98.79,103.13,100.96,99.33,98.25,98.25,97.70,97.70,97.70,97.70,97.16,97.16,97.70,96.62,96.07,95.53,95.53,95.53,95.53,95.53,95.53,95.53,94.99,93.36,94.45,93.36,93.36,93.36,93.36,93.36,93.36,93.36,93.36,92.28"
Rec-029_10s_2,4,10,3135,core,337,331,0.0,4.0,0.9906,339,333,349,336,1.0,True,98.5662,116.6988,92.2753,4.8259,97.7027,"116.70,111.27,106.93,104.22,103.13,102.04,101.50,100.96,100.42,99.87,99.33,105.30,103.13,100.96,99.87,98.79,98.25,98.25,98.25,98.25,97.16,96.62,98.79,98.25,97.16,97.16,96.62,96.62,96.07,95.53,95.53,95.53,94.99,94.99,94.99,94.45,94.45,94.45,94.45,93.36,93.36,93.36,93.36,92.28"
Rec-029_10s_2,4,11,3136,core,342,331,0.0,5.0,0.9896,344,333,354,336,1.0,True,97.419,113.9851,89.5616,4.8703,96.6172,"113.99,109.64,105.84,103.67,102.04,101.50,100.96,99.33,98.25,96.62,95.53,104.22,102.04,100.96,99.87,98.79,98.25,97.70,96.62,95.53,94.99,93.36,98.79,98.25,97.70,97.16,96.62,96.07,95.53,94.99,93.36,92.28,91.19,95.53,94.99,94.99,94.45,94.45,93.36,93.36,92.28,91.19,90.65,89.56"
Rec-029_10s_2,4,12,3137,core,346,331,0.0,4.0,0.9895,348,333,358,336,0.9091,False,93.8665,116.1561,77.6212,8.5302,94.7176,"116.16,111.27,106.93,103.67,101.50,99.33,97.70,95.53,92.28,84.13,78.71,105.30,103.13,100.96,99.33,97.70,96.07,94.99,93.36,90.65,83.59,78.71,99.33,98.25,97.16,96.07,95.53,94.45,92.28,91.19,88.48,82.51,77.62,95.53,94.99,94.45,93.36,92.28,91.73,90.10,89.02,86.31,80.88,77.62"
Rec-029_10s_2,4,13,3138,core,355,331,0.0,9.0,0.9888,357,333,367,336,0.0909,False,77.9419,97.16,73.822,4.7728,75.9929,"97.16,87.93,83.05,79.79,77.62,76.54,75.99,75.99,75.45,74.91,74.36,90.65,83.59,79.79,77.62,77.08,75.99,75.99,75.45,74.91,74.91,74.36,85.76,80.88,78.16,77.08,75.99,75.99,75.99,75.45,74.91,74.36,74.36,83.59,78.71,77.62,76.54,75.99,75.99,75.45,74.91,74.36,74.36,73.82"
Rec-029_10s_2,5,1,3267,core,291,331,0.0,1.0,0.9848,293,333,303,336,1.0,True,96.0252,117.2416,89.0188,5.5865,94.1749,"117.24,110.73,106.93,103.13,102.04,100.42,100.42,99.87,99.33,98.79,98.25,99.87,98.79,97.70,96.62,96.62,96.07,96.07,95.53,95.53,95.53,94.99,93.36,93.36,93.36,93.36,93.36,93.36,93.36,93.36,93.36,93.36,93.36,89.02,89.56,90.10,91.19,91.19,91.19,91.19,91.19,91.19,91.19,90.65"
Rec-029_10s_2,5,2,3268,core,295,331,0.0,4.0,0.9866,297,333,307,336,1.0,True,97.1477,120.498,90.6471,5.9819,95.5318,"120.50,112.90,108.01,105.30,103.13,101.50,100.42,99.33,98.79,98.25,97.16,105.30,102.04,99.87,98.25,97.70,97.16,96.07,96.07,95.53,94.99,94.45,97.70,96.07,95.53,95.53,94.99,94.45,94.45,94.45,93.36,93.36,92.28,92.28,92.28,92.28,92.28,92.28,92.28,91.73,91.19,91.19,91.19,90.65"
Rec-029_10s_2,5,3,3269,core,299,331,0.0,4.0,0.9883,301,333,311,336,1.0,True,97.4807,126.4682,90.1043,6.9979,95.5318,"126.47,116.70,110.73,105.84,103.13,100.96,99.87,98.25,97.70,96.62,96.07,106.93,103.67,101.50,98.79,97.70,96.62,95.53,95.53,94.45,94.45,93.36,99.33,98.25,96.62,95.53,94.99,94.45,94.45,93.36,92.28,92.28,91.73,94.45,94.45,93.36,93.36,92.28,92.28,91.73,91.19,91.19,90.65,90.10"
Rec-029_10s_2,5,4,3270,core,304,331,0.0,5.0,0.9874,306,333,316,336,1.0,True,95.8401,118.8698,89.5616,5.8115,94.4463,"118.87,111.27,106.93,103.13,100.42,98.79,98.25,96.62,96.07,95.53,94.99,104.22,101.50,99.33,97.70,96.07,95.53,94.45,93.36,93.36,92.28,91.73,98.25,96.62,95.53,94.99,94.45,93.36,92.28,92.28,91.73,91.19,90.65,93.36,93.36,92.28,92.28,91.73,91.19,91.19,90.65,90.10,89.56,89.56"
Rec-029_10s_2,5,5,3271,core,326,331,0.0,22.0,0.9898,328,333,338,336,1.0,True,96.3582,116.1561,91.7325,4.6967,95.5318,"116.16,109.10,104.22,102.04,99.87,98.79,98.25,98.25,98.25,97.70,97.70,102.04,99.87,98.25,96.62,96.07,95.53,95.53,95.53,95.53,95.53,95.53,96.07,95.53,94.45,94.45,94.45,94.45,94.45,93.36,94.45,94.45,93.36,92.28,92.28,92.28,92.28,92.28,92.28,92.28,91.73,91.73,92.28,92.28"
Rec-029_10s_2,5,6,3272,core,331,331,0.0,5.0,0.9907,333,333,343,336,1.0,True,97.0243,111.8141,92.2753,3.9532,96.6172,"111.81,107.47,104.22,102.04,100.42,99.87,99.33,98.79,98.79,98.79,98.25,102.04,100.42,98.25,97.70,97.16,97.16,97.16,96.62,96.62,96.62,96.62,96.62,96.07,95.53,95.53,95.53,94.99,94.99,94.99,94.99,94.99,94.99,93.36,93.36,93.36,93.36,93.36,93.36,93.36,93.36,92.28,92.28,92.28"
Rec-029_10s_2,5,7,3273,core,335,331,0.0,4.0,0.99,337,333,347,336,1.0,True,98.2578,116.1561,93.3608,4.5298,97.4314,"116.16,110.19,106.39,103.67,102.04,101.50,100.96,100.42,99.87,99.33,99.33,104.22,102.04,100.42,98.79,98.25,98.25,98.25,97.70,97.70,97.70,97.16,98.25,97.16,96.62,96.07,96.07,95.53,95.53,95.53,95.53,95.53,95.53,94.45,94.45,94.45,94.45,94.45,94.45,94.45,94.45,93.36,93.36,93.36"
Rec-029_10s_2,5,8,3274,core,340,331,0.0,5.0,0.9908,342,333,352,336,1.0,True,98.2332,113.9851,91.1898,4.3673,97.7027,"113.99,109.10,105.84,103.67,102.04,102.04,101.50,100.96,99.87,98.79,98.25,103.67,102.04,100.96,99.87,98.79,98.79,98.25,98.25,97.70,96.62,95.53,98.79,98.25,97.70,97.16,97.16,96.62,96.07,95.53,95.53,94.45,93.36,95.53,95.53,94.99,94.99,94.99,94.45,94.45,93.36,93.36,92.28,91.19"
Rec-029_10s_2,5,9,3275,core,344,331,0.0,4.0,0.9889,346,333,356,336,1.0,True,96.9996,116.1561,86.8478,5.8554,95.8031,"116.16,111.27,107.47,105.30,103.13,101.50,99.87,98.25,96.62,95.53,91.73,105.30,103.13,101.50,99.87,98.79,98.25,97.16,96.07,94.99,92.28,91.19,99.33,98.25,97.70,97.16,96.62,95.53,94.99,93.36,92.28,91.19,88.48,95.53,95.53,94.99,94.45,94.45,93.36,92.28,91.19,90.10,89.02,86.85"
Rec-029_10s_2,5,10,3276,core,349,331,0.0,5.0,0.9893,351,333,361,336,0.6364,False,88.1677,111.8141,74.9074,10.2152,89.8329,"111.81,107.47,103.13,99.87,97.16,93.36,85.76,79.79,77.62,75.99,75.45,103.13,100.96,98.25,96.62,94.45,92.28,85.22,79.79,77.08,75.99,75.45,98.25,96.62,94.99,94.45,92.28,89.56,83.59,78.71,76.54,75.99,74.91,94.45,93.36,92.28,91.73,90.10,87.93,82.51,78.16,75.99,75.45,74.91"
Rec-029_10s_2,5,11,3277,core,356,330,8.13,7.07,0.9885,358,332,368,335,0.0,False,78.1393,99.331,73.822,5.0345,76.2643,"99.33,90.10,84.68,80.33,78.16,77.08,76.54,75.99,75.99,75.45,74.91,90.10,84.68,80.33,78.16,77.08,76.54,75.99,75.45,74.91,74.91,74.36,84.68,80.88,78.71,77.08,76.54,75.99,75.45,74.91,74.91,74.36,74.36,81.42,78.71,77.62,76.54,75.99,75.99,75.45,74.91,74.36,74.36,73.82"
Rec-029_10s_2,6,1,3399,core,290,331,0.0,0.0,0.9878,292,333,302,336,1.0,True,96.8393,123.2118,87.9333,6.5573,94.989,"123.21,113.99,109.64,105.84,103.13,102.04,101.50,100.96,100.42,99.33,98.79,98.25,99.33,98.79,97.70,97.16,97.16,97.16,96.62,96.62,96.07,95.53,92.28,93.36,93.36,93.36,94.45,94.45,94.45,94.45,94.45,94.45,93.36,87.93,89.56,90.10,90.65,91.19,91.73,91.73,91.73,91.73,91.73,91.19"
Rec-029_10s_2,6,2,3400,core,298,331,0.0,8.0,0.9875,300,333,310,336,1.0,True,97.5917,121.0408,90.6471,5.9686,95.8031,"121.04,113.99,108.56,105.30,102.04,100.96,99.87,98.79,98.25,97.16,96.62,106.39,103.67,100.96,98.79,98.25,97.16,96.07,95.53,94.99,94.45,94.45,99.33,98.25,97.16,96.07,95.53,95.53,94.45,94.45,93.36,92.28,92.28,94.99,94.45,94.45,93.36,93.36,93.36,92.28,92.28,91.73,91.19,90.65"
Rec-029_10s_2,6,3,3401,core,302,331,0.0,4.0,0.9897,304,333,314,336,1.0,True,97.419,123.7545,90.6471,6.4004,95.5318,"123.75,115.07,109.10,105.30,102.04,100.42,98.79,98.25,97.16,96.07,95.53,106.39,103.67,101.50,98.79,97.70,96.62,95.53,95.53,94.45,94.45,93.36,99.87,98.25,97.16,95.53,95.53,94.45,94.45,93.36,93.36,92.28,92.28,95.53,94.45,94.45,93.36,93.36,92.28,92.28,91.73,91.19,91.19,90.65"
Rec-029_10s_2,6,4,3402,core,307,331,0.0,5.0,0.9881,309,333,319,336,1.0,True,96.0128,117.2416,90.1043,5.3042,94.7176,"117.24,110.73,105.30,102.04,99.87,98.25,98.25,97.16,96.62,95.53,95.53,103.67,101.50,98.79,97.16,96.07,95.53,94.99,94.45,94.45,93.36,92.28,98.25,96.62,95.53,94.99,94.45,94.45,93.36,92.28,92.28,91.73,91.19,94.45,93.36,93.36,92.28,92.28,91.73,91.19,91.19,90.65,90.10,90.10"
Rec-029_10s_2,6,5,3403,core,311,331,0.0,4.0,0.9904,313,333,323,336,1.0,True,95.9635,119.4126,89.5616,5.7247,94.4463,"119.41,111.81,106.39,103.13,99.87,98.25,97.70,96.62,96.07,95.53,94.99,103.67,102.04,98.79,97.16,96.07,95.53,94.45,94.45,93.36,93.36,92.28,98.25,96.62,95.53,94.45,94.45,93.36,93.36,92.28,92.28,91.73,91.19,94.45,93.36,92.28,92.28,91.73,91.19,91.19,91.19,90.65,90.10,89.56"
Rec-029_10s_2,6,6,3404,core,316,331,0.0,5.0,0.989,318,333,328,336,1.0,True,95.0384,113.9851,90.1043,4.7525,93.9035,"113.99,108.01,103.67,100.42,98.79,97.70,96.62,96.07,95.53,94.99,94.99,102.04,99.87,97.70,96.07,95.53,94.45,94.45,93.36,93.36,92.28,92.28,96.62,95.53,94.45,94.45,93.36,92.28,92.28,92.28,91.73,91.19,91.19,93.36,92.28,92.28,91.73,91.19,91.19,91.19,90.65,90.10,90.10,90.10"
Rec-029_10s_2,6,7,3405,core,329,331,0.0,13.0,0.9899,331,333,341,336,1.0,True,97.3944,116.1561,92.2753,4.5533,96.6172,"116.16,109.64,105.84,102.04,100.96,99.87,99.33,98.79,98.79,98.25,98.25,103.13,101.50,99.33,98.25,97.70,97.16,96.62,96.62,96.62,96.62,96.07,97.70,96.62,96.07,95.53,95.53,95.53,94.99,94.99,94.99,94.99,94.99,93.36,93.36,93.36,93.36,93.36,93.36,93.36,93.36,93.36,93.36,92.28"
Rec-029_10s_2,6,8,3406,core,338,331,0.0,9.0,0.9895,340,333,350,336,1.0,True,99.368,117.2416,93.3608,4.6766,98.2455,"117.24,111.81,108.01,105.30,103.13,102.04,102.04,101.50,100.96,100.42,99.33,105.84,103.13,102.04,100.96,99.87,99.33,99.33,98.79,98.25,98.25,97.70,99.33,98.79,98.25,98.25,97.70,97.70,97.16,96.62,96.62,96.07,95.53,95.53,95.53,95.53,95.53,95.53,94.99,94.99,94.99,94.45,94.45,93.36"
Rec-029_10s_2,6,9,3407,core,343,331,0.0,5.0,0.9894,345,333,355,336,1.0,True,97.9618,113.9851,89.0188,5.1143,97.16,"113.99,110.19,107.47,105.30,103.13,102.04,100.96,99.87,98.25,96.07,94.45,105.30,103.13,102.04,100.96,99.87,99.33,98.25,97.16,95.53,94.99,92.28,99.87,98.79,98.25,98.25,97.70,97.16,96.07,94.99,94.45,92.28,91.19,96.62,96.07,95.53,95.53,94.99,94.99,93.36,92.28,91.73,90.65,89.02"
Rec-029_10s_2,6,10,3408,core,347,331,0.0,4.0,0.9879,349,333,359,336,0.8182,False,92.485,115.6133,75.9929,9.7187,94.4463,"115.61,110.73,106.39,103.13,100.42,98.25,96.07,92.28,84.13,78.71,76.54,105.84,103.13,101.50,99.33,97.70,96.07,94.45,91.19,84.13,78.71,76.54,99.87,98.79,97.70,96.07,95.53,94.45,91.73,89.56,83.05,78.16,75.99,96.07,95.53,94.99,94.45,92.28,91.19,89.56,87.39,81.96,78.16,75.99"
Rec-029_10s_2,6,11,3409,core,356,330,6.34,9.06,0.9838,358,332,368,335,0.0,False,78.1022,100.4165,73.822,5.0904,75.9929,"100.42,90.10,84.13,80.33,78.16,77.08,75.99,75.99,75.45,75.45,74.91,89.56,84.13,80.88,78.16,77.08,75.99,75.99,75.45,74.91,74.91,74.36,84.68,80.88,78.16,77.08,75.99,75.99,75.45,74.91,74.91,74.36,74.36,81.42,78.71,77.62,76.54,75.99,75.99,75.45,75.45,74.91,74.36,73.82"
Rec-030_90s_2,1,1,4767,core,291,331,0.0,1.0,0.9848,293,333,303,336,1.0,True,79.8415,111.8141,70.5655,8.0284,77.8925,"111.81,100.42,94.45,90.10,86.85,84.68,83.59,83.05,81.96,80.88,80.33,89.56,87.39,84.68,82.51,80.88,79.79,78.71,78.16,77.62,77.08,76.54,80.88,79.79,78.16,77.62,77.08,76.54,75.45,74.91,74.36,73.82,73.28,74.91,74.36,73.82,73.82,73.82,72.74,72.19,71.65,71.65,70.57,70.57"
Rec-030_90s_2,1,2,4768,core,296,331,0.0,5.0,0.9828,298,333,308,336,1.0,True,78.4106,103.1302,70.0227,6.8217,76.8071,"103.13,95.53,90.65,86.85,84.13,83.05,81.96,81.42,80.88,80.33,79.79,89.02,85.76,83.05,80.33,78.71,78.16,77.62,77.08,76.54,75.99,75.99,80.88,78.71,77.62,75.99,75.45,74.91,74.36,73.82,73.82,73.28,72.74,74.91,73.82,73.82,73.28,72.19,71.65,71.65,70.57,70.57,70.02,70.02"
Rec-030_90s_2,1,3,4769,core,300,331,0.0,4.0,0.9868,302,333,312,336,1.0,True,78.6573,108.0149,70.0227,7.4281,77.0784,"108.01,97.16,91.19,87.93,84.68,83.05,82.51,81.42,80.88,80.33,79.79,89.56,85.76,83.05,80.88,78.71,78.71,77.62,77.62,76.54,75.99,75.99,80.88,78.71,77.62,75.99,75.45,74.91,74.36,73.82,73.82,73.28,72.74,74.91,73.82,73.28,72.74,72.19,71.65,71.65,70.57,70.57,70.57,70.02"
Rec-030_90s_2,1,4,4770,core,305,331,0.0,5.0,0.9841,307,333,317,336,1.0,True,77.9049,100.9592,70.0227,6.414,76.5357,"100.96,94.45,89.56,85.76,83.59,83.05,81.42,80.88,80.33,79.79,78.71,87.39,84.13,81.96,79.79,78.71,78.16,77.62,76.54,76.54,75.99,75.45,79.79,77.62,76.54,75.99,75.45,74.91,73.82,73.82,73.28,72.74,72.19,73.82,73.82,73.28,72.74,72.19,71.65,71.65,70.57,70.57,70.57,70.02"
Rec-030_90s_2,1,5,4771,core,309,331,0.0,4.0,0.9869,311,333,321,336,1.0,True,78.3983,105.3012,70.5655,6.8987,76.5357,"105.30,95.53,90.65,86.85,84.13,83.05,81.96,80.88,80.88,79.79,79.79,87.93,85.22,83.05,80.33,78.71,78.16,77.62,77.08,76.54,76.54,75.99,80.33,78.16,76.54,75.99,75.45,74.91,74.36,73.82,73.82,73.82,73.28,74.36,73.82,73.28,72.74,72.19,71.65,71.65,71.65,70.57,70.57,70.57"
Rec-030_90s_2,1,6,4772,core,314,331,0.0,5.0,0.9853,316,333,326,336,1.0,True,78.386,98.2455,71.651,5.5895,77.6212,"98.25,92.28,88.48,85.76,83.59,83.05,81.96,81.42,80.88,80.88,80.88,86.31,83.59,81.42,79.79,78.71,78.16,77.62,77.62,77.62,77.62,77.62,78.71,77.62,76.54,75.99,75.99,75.45,75.45,74.91,74.91,74.91,74.91,73.82,73.82,73.28,73.28,72.74,72.74,72.19,72.19,72.19,72.19,71.65"
Rec-030_90s_2,1,7,4773,core,318,331,0.0,4.0,0.9881,320,333,330,336,1.0,True,79.7428,103.6729,73.822,6.1512,78.7067,"103.67,95.53,90.65,87.39,84.68,84.13,83.05,83.05,82.51,81.96,81.42,87.93,85.22,83.05,80.88,79.79,79.79,78.71,78.71,78.71,78.71,78.16,80.33,78.71,77.62,77.08,77.08,76.54,75.99,75.99,75.99,75.99,75.99,74.91,74.36,73.82,73.82,73.82,73.82,73.82,73.82,73.82,73.82,73.82"
Rec-030_90s_2,1,8,4774,core,323,331,0.0,5.0,0.9863,325,333,335,336,1.0,True,80.1746,98.2455,74.3647,5.1782,79.7922,"98.25,93.36,89.02,86.31,84.68,84.13,83.59,83.59,83.59,83.59,83.59,86.85,84.68,83.05,81.42,80.88,79.79,79.79,79.79,79.79,79.79,79.79,80.33,78.71,78.16,77.62,77.62,77.62,77.08,77.08,77.08,77.08,77.08,75.99,75.45,74.91,74.91,74.91,74.91,74.36,74.36,74.36,74.36,74.36"
Rec-030_90s_2,1,9,4775,core,327,331,0.0,4.0,0.9882,329,333,339,336,1.0,True,81.9385,103.1302,75.9929,5.7403,81.4204,"103.13,95.53,91.73,89.02,87.39,86.31,85.76,85.76,85.76,85.76,85.76,89.02,86.31,84.13,83.05,82.51,81.96,81.96,81.96,81.42,81.42,81.42,81.96,80.88,79.79,78.71,78.71,78.71,78.71,78.71,78.16,78.16,78.16,77.08,76.54,75.99,75.99,75.99,75.99,75.99,75.99,75.99,75.99,75.99"
Rec-030_90s_2,1,10,4776,core,332,331,0.0,5.0,0.9881,334,333,344,336,1.0,True,82.6539,98.7882,76.5357,5.1676,82.2345,"98.79,94.99,91.19,89.56,87.93,87.93,87.39,87.39,86.85,86.85,86.31,88.48,86.31,84.68,84.13,83.05,83.05,83.05,83.05,83.05,83.05,82.51,81.96,80.88,80.33,79.79,79.79,79.79,79.79,79.79,79.79,79.79,78.71,77.62,77.62,77.62,77.08,77.08,77.08,76.54,76.54,76.54,76.54,76.54"
Rec-030_90s_2,1,11,4777,core,336,331,0.0,4.0,0.989,338,333,348,336,1.0,True,83.6777,103.1302,77.0784,5.7566,83.0486,"103.13,97.70,94.45,91.19,89.56,89.02,88.48,87.93,87.93,87.39,86.85,90.10,87.93,86.31,85.22,84.13,84.13,83.59,83.59,83.05,83.05,83.05,83.05,82.51,81.42,80.88,80.88,80.33,80.33,80.33,79.79,79.79,79.79,78.71,78.16,78.16,77.62,77.62,77.62,77.62,77.62,77.62,77.08,77.08"
Rec-030_90s_2,1,12,4778,core,341,331,0.0,5.0,0.9886,343,333,353,336,1.0,True,83.357,99.8737,76.5357,5.1999,82.7773,"99.87,95.53,92.28,90.65,89.56,88.48,87.93,87.39,86.31,85.76,85.76,89.56,87.93,86.31,85.22,84.68,84.13,83.59,83.59,83.05,83.05,82.51,83.05,82.51,81.42,81.42,80.88,80.88,80.88,80.33,79.79,79.79,78.71,78.71,78.71,78.71,78.16,77.62,77.62,77.62,77.62,77.08,76.54,76.54"
Rec-030_90s_2,1,13,4779,core,345,331,0.0,4.0,0.9869,347,333,357,336,0.9091,False,82.9746,103.1302,74.9074,6.0687,81.9631,"103.13,97.70,94.45,91.19,89.56,88.48,87.93,86.31,85.22,82.51,77.62,91.19,89.02,87.39,85.76,84.68,84.13,83.59,83.05,81.96,79.79,76.54,84.13,83.05,82.51,81.96,80.88,80.88,80.33,79.79,78.71,77.62,75.99,79.79,79.79,78.71,78.71,78.16,77.62,77.62,77.08,75.99,75.45,74.91"
Rec-030_90s_2,1,14,4780,core,350,331,0.0,5.0,0.9844,352,333,362,336,0.4545,False,79.6071,99.331,73.822,6.0559,77.3498,"99.33,95.53,91.19,88.48,84.68,78.71,77.62,75.99,75.45,74.91,74.36,90.10,87.93,85.76,84.13,81.96,78.16,76.54,75.99,75.45,74.91,74.36,84.13,83.05,81.96,80.88,78.71,77.08,75.99,75.45,74.91,74.36,73.82,79.79,78.71,78.71,77.62,77.08,75.99,75.45,74.91,74.36,74.36,73.82"
Rec-030_90s_2,1,15,4781,core,354,331,0.0,4.0,0.9854,356,333,366,336,0.0909,False,77.3251,96.6172,73.822,4.4357,75.9929,"96.62,87.93,83.05,79.79,77.62,76.54,75.99,75.45,74.91,74.91,74.91,87.93,83.05,79.79,77.62,76.54,75.99,75.45,74.91,74.36,74.36,73.82,81.96,78.71,77.62,76.54,75.99,75.99,75.45,74.91,74.91,74.36,73.82,78.71,77.62,76.54,75.99,75.45,74.91,74.91,74.36,74.36,73.82,73.82"
Rec-030_90s_2,1,16,4782,core,355,330,45.0,1.41,0.9882,357,332,367,335,0.0,False,78.719,110.1859,73.822,6.7218,75.9929,"110.19,94.45,87.39,82.51,78.71,77.62,76.54,75.99,75.45,75.45,74.91,92.28,86.85,82.51,78.71,77.62,76.54,75.99,75.45,74.91,74.91,74.36,85.22,81.42,78.71,77.08,76.54,75.99,75.45,74.91,74.36,74.36,73.82,80.88,78.71,77.08,75.99,75.99,75.45,74.91,74.91,74.36,74.36,73.82"
Rec-030_90s_2,2,1,4911,core,290,331,0.0,0.0,0.9878,292,333,302,336,1.0,True,87.7606,116.6988,78.7067,7.8683,85.2196,"116.70,106.39,102.04,99.33,97.16,96.07,94.99,93.36,92.28,91.19,90.10,92.28,92.28,91.19,90.10,89.56,89.02,88.48,87.93,86.85,85.76,85.22,85.22,85.22,84.68,84.68,84.68,84.13,84.13,83.59,83.05,83.05,81.96,79.79,80.33,80.33,80.33,80.33,80.33,80.33,79.79,79.79,78.71,78.71"
Rec-030_90s_2,2,2,4912,core,295,331,0.0,5.0,0.9861,297,333,307,336,1.0,True,87.8717,119.4126,78.1639,8.2052,85.7624,"119.41,109.10,103.13,98.25,95.53,93.36,91.73,91.19,90.10,89.56,89.02,98.79,95.53,92.28,90.10,88.48,87.93,86.85,85.76,85.76,85.22,84.13,89.56,87.93,86.31,85.76,84.13,84.13,83.59,83.05,81.96,81.42,81.42,83.05,83.05,81.96,81.42,80.88,80.33,79.79,79.79,78.71,78.71,78.16"
Rec-030_90s_2,2,3,4913,core,300,331,0.0,5.0,0.9833,302,333,312,336,1.0,True,86.3544,111.2714,78.7067,6.6722,84.9482,"111.27,103.13,98.25,94.45,92.28,91.19,90.65,89.56,89.56,89.02,88.48,95.53,92.28,89.56,87.93,86.85,86.31,85.76,85.76,85.22,84.68,84.13,87.93,85.76,84.68,83.59,83.59,83.05,83.05,82.51,81.96,81.42,81.42,81.96,81.42,80.88,80.33,79.79,79.79,79.79,78.71,78.71,78.71,78.71"
Rec-030_90s_2,2,4,4914,core,304,331,0.0,4.0,0.9862,306,333,316,336,1.0,True,86.7862,115.0706,78.7067,7.2033,85.2196,"115.07,105.30,99.33,95.53,93.36,91.19,90.65,89.56,89.56,89.02,87.93,96.07,93.36,90.65,89.02,87.93,86.85,85.76,85.22,85.22,84.68,84.13,87.93,86.31,85.22,84.13,84.13,83.05,83.05,82.51,81.96,81.42,81.42,82.51,81.42,80.88,80.88,80.33,80.33,79.79,79.79,78.71,78.71,78.71"
Rec-030_90s_2,2,5,4915,core,309,331,0.0,5.0,0.9837,311,333,321,336,1.0,True,85.9104,107.4722,78.7067,6.0186,84.4055,"107.47,101.50,96.07,93.36,91.73,90.65,89.56,89.56,89.02,87.93,87.93,94.45,91.19,89.02,87.93,86.85,85.76,85.76,84.68,84.68,84.13,84.13,87.39,85.76,84.13,83.59,83.05,83.05,82.51,81.96,81.96,81.42,81.42,81.96,81.42,80.88,80.33,80.33,79.79,79.79,79.79,78.71,78.71,78.71"
Rec-030_90s_2,2,6,4916,core,313,331,0.0,4.0,0.987,315,333,325,336,1.0,True,86.6875,111.8141,79.7922,6.5012,85.2196,"111.81,103.13,98.25,94.99,92.28,91.19,90.10,89.56,89.56,89.02,88.48,95.53,92.28,90.10,87.93,87.39,86.31,85.76,85.76,85.22,85.22,84.68,87.93,86.31,84.68,84.13,83.59,83.59,83.05,83.05,82.51,82.51,81.96,82.51,81.96,80.88,80.88,80.33,80.33,80.33,79.79,79.79,79.79,79.79"
Rec-030_90s_2,2,7,4917,core,318,331,0.0,5.0,0.9861,320,333,330,336,1.0,True,86.3051,106.3867,79.7922,5.5482,85.7624,"106.39,99.87,95.53,93.36,91.19,91.19,90.10,89.56,89.56,89.56,89.56,93.36,90.65,89.02,87.93,86.85,86.31,85.76,85.76,85.76,85.76,85.76,86.85,85.22,84.13,84.13,83.59,83.05,83.05,83.05,83.05,83.05,83.05,81.96,81.42,80.88,80.88,80.88,80.33,80.33,80.33,79.79,79.79,79.79"
Rec-030_90s_2,2,8,4918,core,327,331,0.0,9.0,0.9868,329,333,339,336,1.0,True,88.4761,105.8439,81.9631,5.3754,88.2047,"105.84,100.96,97.70,95.53,94.45,93.36,93.36,93.36,92.28,92.28,92.28,94.45,92.28,90.65,89.56,89.56,89.56,89.02,89.02,88.48,88.48,88.48,87.93,86.31,85.76,85.76,85.76,85.76,85.76,85.76,85.22,84.68,84.68,83.05,83.05,83.05,83.05,82.51,82.51,82.51,82.51,82.51,81.96,81.96"
Rec-030_90s_2,2,9,4919,core,336,331,0.0,9.0,0.9886,338,333,348,336,1.0,True,89.4259,106.3867,83.0486,5.3293,89.0188,"106.39,102.04,98.25,96.62,95.53,95.53,94.45,93.36,93.36,92.28,92.28,95.53,93.36,91.73,91.19,90.65,90.10,89.56,89.56,89.56,89.56,89.02,89.02,87.93,87.93,87.39,86.85,86.31,86.31,86.31,85.76,85.76,85.76,84.68,84.13,84.13,84.13,83.59,83.59,83.05,83.05,83.05,83.05,83.05"
Rec-030_90s_2,2,10,4920,core,340,331,0.0,4.0,0.9886,342,333,352,336,1.0,True,90.1166,110.7286,82.5059,5.9561,89.0188,"110.73,104.22,100.96,98.25,96.07,95.53,94.45,94.45,93.36,92.28,91.73,97.16,95.53,93.36,92.28,91.19,91.19,90.65,90.10,89.56,89.02,88.48,90.10,89.02,88.48,87.93,87.93,87.39,86.85,86.85,86.31,85.76,85.22,85.22,84.68,84.13,84.13,84.13,84.13,84.13,83.59,83.05,83.05,82.51"
Rec-030_90s_2,2,11,4921,core,345,331,0.0,5.0,0.9864,347,333,357,336,0.9091,False,87.7853,106.3867,76.5357,6.266,87.3906,"106.39,102.04,98.25,96.07,94.99,93.36,92.28,91.19,89.56,85.76,79.79,96.07,94.45,92.28,91.19,90.65,90.10,89.56,87.93,87.39,84.13,78.71,89.56,89.02,87.93,87.93,87.39,86.31,85.76,84.68,84.13,80.88,77.62,85.76,85.22,84.68,84.13,84.13,83.59,83.05,82.51,80.88,78.71,76.54"
Rec-030_90s_2,2,12,4922,core,349,331,0.0,4.0,0.9855,351,333,361,336,0.5455,False,83.6407,108.0149,74.3647,8.3961,82.7773,"108.01,103.13,98.25,94.45,91.73,87.93,80.88,77.62,75.99,75.45,74.91,97.16,94.45,92.28,90.10,89.02,85.76,79.79,77.08,75.99,75.45,74.91,90.10,89.02,87.93,86.31,85.22,83.05,78.71,76.54,75.45,74.91,74.36,85.76,84.68,84.13,83.59,82.51,79.79,77.62,75.99,75.45,74.36,74.36"
Rec-030_90s_2,2,13,4923,core,354,331,0.0,5.0,0.9842,356,333,366,336,0.0909,False,77.5472,98.2455,73.822,4.891,75.9929,"98.25,87.93,82.51,78.71,77.08,75.99,75.99,75.99,75.45,74.36,74.36,90.65,83.05,79.79,77.62,75.99,75.99,75.45,74.91,74.36,74.36,73.82,85.22,80.33,77.62,76.54,75.99,75.45,74.91,74.91,74.91,74.36,74.36,81.42,78.71,77.08,75.99,75.45,74.91,74.91,74.36,74.36,73.82,73.82"
Rec-030_90s_2,2,14,4924,core,355,330,45.0,1.41,0.9866,357,332,367,335,0.0,False,79.1137,111.8141,74.3647,7.1182,76.2643,"111.81,95.53,87.93,83.05,79.79,77.62,76.54,75.99,75.99,75.45,74.91,94.45,87.93,83.05,78.71,77.62,76.54,75.99,75.45,75.45,74.91,74.91,86.85,82.51,78.71,77.62,76.54,75.99,75.45,74.91,74.36,74.36,74.36,81.96,78.71,77.62,76.54,75.99,75.45,75.45,74.91,74.36,74.36,74.36"
Rec-030_90s_2,3,1,5050,core,290,331,0.0,0.0,0.987,292,333,302,336,1.0,True,91.0541,118.8698,83.5914,7.206,89.0188,"118.87,109.10,104.22,100.96,98.25,97.70,96.62,95.53,94.99,94.45,93.36,95.53,95.53,94.45,92.28,91.73,91.73,91.19,91.19,90.65,89.56,89.56,88.48,88.48,87.93,87.93,88.48,87.93,87.93,87.39,87.39,86.85,86.31,83.59,84.13,84.13,84.13,84.13,84.13,84.13,84.13,84.13,83.59,83.59"
Rec-030_90s_2,3,2,5051,core,292,331,0.0,2.0,0.9848,294,333,304,336,1.0,True,92.0409,125.3828,83.0486,8.153,90.1043,"125.38,112.90,106.93,103.13,99.33,97.70,96.07,95.53,94.45,93.36,92.28,100.96,98.25,96.07,94.45,92.28,91.73,91.19,91.19,90.10,89.56,89.02,91.73,91.19,90.10,89.56,89.02,88.48,87.93,87.93,87.39,86.85,85.76,85.76,85.76,85.76,85.22,85.22,84.68,84.68,84.13,84.13,83.59,83.05"
Rec-030_90s_2,3,3,5052,core,297,331,0.0,5.0,0.9863,299,333,309,336,1.0,True,91.1528,119.4126,83.0486,7.2276,89.5616,"119.41,110.19,103.67,99.87,97.16,95.53,94.45,93.36,93.36,92.28,92.28,101.50,98.25,95.53,93.36,91.19,90.65,90.10,89.56,89.56,89.02,87.93,92.28,91.19,90.10,89.56,88.48,87.93,87.39,86.85,86.31,85.76,85.76,86.85,86.31,85.76,85.22,85.22,84.68,84.13,83.59,83.05,83.05,83.05"
Rec-030_90s_2,3,4,5053,core,301,331,0.0,4.0,0.9866,303,333,313,336,1.0,True,91.3872,124.2973,83.0486,7.9085,89.2902,"124.30,111.81,105.30,100.96,97.70,96.07,94.99,94.45,92.28,92.28,91.19,102.04,98.25,95.53,93.36,91.19,90.65,90.10,89.56,89.02,88.48,87.93,93.36,91.19,90.10,89.02,87.93,87.93,87.39,86.85,86.31,85.76,85.76,87.39,86.31,85.76,85.22,84.68,84.68,84.13,84.13,83.59,83.05,83.05"
Rec-030_90s_2,3,5,5054,core,306,331,0.0,5.0,0.9871,308,333,318,336,1.0,True,90.2893,116.6988,82.5059,6.6361,88.7475,"116.70,107.47,102.04,98.25,95.53,94.45,93.36,92.28,91.73,91.19,90.65,99.33,96.62,94.45,91.73,91.19,90.10,89.56,89.02,88.48,87.93,87.93,92.28,90.10,89.56,87.93,87.93,87.39,86.85,86.31,85.76,85.76,85.22,86.31,85.76,85.22,85.22,84.68,84.13,84.13,83.59,83.05,83.05,82.51"
Rec-030_90s_2,3,6,5055,core,310,331,0.0,4.0,0.987,312,333,322,336,1.0,True,90.4744,119.4126,83.0486,7.0203,88.7475,"119.41,108.56,103.13,98.25,95.53,94.45,93.36,92.28,91.73,91.19,90.65,100.42,97.16,94.45,92.28,90.65,90.10,89.56,89.02,88.48,87.93,87.93,92.28,90.65,89.56,87.93,87.93,87.39,86.85,86.31,85.76,85.76,85.76,86.85,85.76,85.22,84.68,84.13,84.13,84.13,83.59,83.59,83.05,83.05"
Rec-030_90s_2,3,7,5056,core,315,331,0.0,5.0,0.9884,317,333,327,336,1.0,True,90.055,113.9851,83.5914,6.0202,89.0188,"113.99,105.84,100.42,97.16,94.99,93.36,93.36,92.28,91.73,91.19,91.19,98.25,95.53,93.36,91.19,90.65,89.56,89.56,89.02,89.02,88.48,87.93,91.19,90.10,89.02,87.93,87.93,87.39,86.85,86.31,86.31,85.76,85.76,86.31,85.76,85.22,85.22,84.68,84.13,84.13,83.59,83.59,83.59,83.59"
Rec-030_90s_2,3,8,5057,core,324,331,0.0,9.0,0.9893,326,333,336,336,1.0,True,91.1281,111.8141,85.2196,5.4326,90.6471,"111.81,105.30,100.42,97.70,95.53,94.99,94.45,94.45,93.36,93.36,93.36,97.70,95.53,93.36,92.28,91.19,91.19,91.19,91.19,90.65,90.65,90.65,91.19,90.10,89.56,89.02,88.48,88.48,88.48,87.93,87.93,87.93,87.93,86.31,85.76,85.76,85.76,85.76,85.76,85.76,85.76,85.22,85.22,85.22"
Rec-030_90s_2,3,9,5058,core,328,331,0.0,4.0,0.9869,330,333,340,336,1.0,True,92.1026,115.6133,85.7624,5.875,91.1898,"115.61,106.93,102.04,98.25,96.62,95.53,95.53,95.53,95.53,94.99,94.45,99.33,96.62,94.99,93.36,92.28,92.28,91.73,91.19,91.19,91.19,91.19,91.73,91.19,90.10,89.56,89.56,89.56,89.02,89.02,89.02,89.02,88.48,87.39,86.85,86.85,86.85,86.31,86.31,86.31,85.76,85.76,85.76,85.76"
Rec-030_90s_2,3,10,5059,core,337,331,0.0,9.0,0.9869,339,333,349,336,1.0,True,93.2374,113.9851,86.8478,5.6828,92.2753,"113.99,108.01,103.13,100.42,98.25,97.70,96.62,96.07,96.07,95.53,95.53,100.42,98.25,95.53,94.45,94.45,93.36,93.36,93.36,93.36,92.28,92.28,93.36,92.28,91.19,91.19,90.65,90.65,90.10,89.56,89.56,89.56,89.56,88.48,87.93,87.93,87.93,87.39,87.39,87.39,87.39,86.85,86.85,86.85"
Rec-030_90s_2,3,11,5060,core,346,331,0.0,9.0,0.9857,348,333,358,336,0.8182,False,89.8576,113.9851,75.9929,8.2794,89.5616,"113.99,108.01,103.13,99.87,97.70,95.53,94.45,91.73,87.93,80.88,77.62,101.50,98.79,96.62,95.53,94.45,92.28,91.19,89.56,86.31,79.79,77.08,94.45,93.36,92.28,91.19,90.65,89.56,87.93,86.85,84.13,78.71,76.54,89.56,89.56,88.48,87.93,87.39,86.31,85.76,84.13,81.42,77.62,75.99"
Rec-030_90s_2,3,12,5061,core,351,331,0.0,5.0,0.9875,353,333,363,336,0.3636,False,81.9755,106.9294,74.3647,8.5569,77.8925,"106.93,102.04,97.16,91.19,83.05,78.71,77.08,75.99,75.45,74.91,74.91,98.25,94.99,92.28,87.93,81.42,78.16,76.54,75.45,74.91,74.91,74.36,91.73,90.10,88.48,85.22,79.79,77.62,75.99,75.45,74.91,74.36,74.36,87.93,86.85,85.22,82.51,78.71,77.08,75.99,74.91,74.36,74.36,74.36"
Rec-030_90s_2,3,13,5062,core,355,331,0.0,4.0,0.9874,357,333,367,336,0.0,False,77.2511,94.4463,73.822,4.1605,75.9929,"94.45,87.39,82.51,78.71,77.62,76.54,75.99,75.99,75.45,74.91,74.36,87.39,82.51,78.71,77.62,76.54,75.99,74.91,74.91,74.91,74.36,74.36,83.05,79.79,77.62,76.54,75.99,75.45,74.91,74.91,74.36,74.36,73.82,79.79,77.62,76.54,75.99,75.45,74.91,74.91,74.36,74.36,74.36,73.82"
Rec-030_90s_2,4,1,5185,core,290,331,0.0,0.0,0.9857,292,333,302,336,1.0,True,92.818,122.1263,85.2196,7.1199,90.6471,"122.13,111.81,105.84,102.04,98.79,98.25,97.16,96.62,96.07,95.53,94.99,97.70,97.16,95.53,93.36,93.36,93.36,92.28,92.28,91.73,91.19,91.19,90.10,90.10,89.56,89.56,89.56,89.56,89.56,89.56,89.56,89.56,89.02,85.22,85.76,86.31,86.31,86.85,86.85,86.85,86.85,86.85,86.31,85.76"
Rec-030_90s_2,4,2,5186,core,294,331,0.0,4.0,0.9857,296,333,306,336,1.0,True,93.9035,125.3828,85.7624,7.5914,92.0039,"125.38,113.99,107.47,103.13,100.42,98.25,97.70,96.07,95.53,94.99,94.45,103.13,100.42,98.25,95.53,94.45,93.36,92.28,92.28,91.73,91.19,90.10,94.45,93.36,92.28,91.19,91.19,90.65,90.10,89.56,89.56,89.02,88.48,89.02,88.48,88.48,87.93,87.93,87.93,87.39,86.85,86.31,85.76,85.76"
Rec-030_90s_2,4,3,5187,core,299,331,0.0,5.0,0.9865,301,333,311,336,1.0,True,92.744,119.4126,85.2196,6.7279,91.1898,"119.41,110.19,105.30,100.96,98.25,96.62,95.53,94.99,94.45,93.36,92.28,102.04,99.33,96.62,94.45,93.36,92.28,91.19,91.19,90.10,89.56,89.02,94.99,93.36,91.73,91.19,90.10,89.56,89.56,88.48,88.48,87.93,87.39,89.56,89.02,88.48,87.93,87.39,86.85,86.31,85.76,85.76,85.22,85.22"
Rec-030_90s_2,4,4,5188,core,303,331,0.0,4.0,0.9877,305,333,315,336,1.0,True,92.522,123.2118,84.6769,7.2184,90.3757,"123.21,111.81,105.30,100.96,98.25,95.53,94.45,94.45,93.36,92.28,91.73,102.04,98.79,96.07,94.45,92.28,91.73,91.19,90.10,89.56,89.56,89.02,94.99,93.36,91.19,90.65,89.56,89.56,89.02,88.48,87.93,87.39,87.39,89.56,88.48,87.93,87.93,87.39,86.31,86.31,85.76,85.76,85.22,84.68"
Rec-030_90s_2,4,5,5189,core,308,331,0.0,5.0,0.9876,310,333,320,336,1.0,True,91.4118,115.0706,84.6769,5.9074,89.5616,"115.07,106.93,102.04,98.25,96.07,94.99,94.45,92.28,92.28,91.73,91.19,100.42,97.16,94.45,92.28,91.73,91.19,90.10,89.56,89.56,89.02,88.48,93.36,91.73,90.65,89.56,89.56,89.02,88.48,87.93,87.93,87.39,86.85,89.02,87.93,87.93,86.85,86.31,86.31,85.76,85.76,85.22,84.68,84.68"
Rec-030_90s_2,4,6,5190,core,312,331,0.0,4.0,0.9887,314,333,324,336,1.0,True,91.6092,117.7843,85.2196,6.2911,89.5616,"117.78,108.56,103.13,98.79,96.07,94.45,93.36,93.36,92.28,92.28,91.73,100.42,97.70,94.99,92.28,91.73,90.65,90.10,89.56,89.56,89.56,89.02,93.36,91.73,90.65,89.56,89.56,88.48,88.48,87.93,87.93,87.93,87.39,88.48,87.93,87.39,86.85,86.31,85.76,85.76,85.76,85.76,85.22,85.22"
Rec-030_90s_2,4,7,5191,core,335,331,0.0,23.0,0.99,337,333,347,336,1.0,True,95.0014,111.8141,89.5616,4.6394,94.989,"111.81,106.39,103.13,100.96,98.79,98.25,98.25,97.70,97.70,97.16,97.16,100.42,98.79,97.16,96.07,95.53,95.53,95.53,94.99,94.99,94.99,94.99,94.99,94.45,93.36,93.36,93.36,92.28,92.28,92.28,92.28,92.28,92.28,90.65,90.65,90.10,90.10,90.10,90.10,90.10,90.10,89.56,89.56,89.56"
Rec-030_90s_2,4,8,5192,core,339,331,0.0,4.0,0.9885,341,333,351,336,1.0,True,95.9018,115.6133,89.0188,5.3276,95.2604,"115.61,109.64,105.30,102.04,100.42,99.87,99.33,98.25,98.25,97.16,96.62,103.13,100.96,98.79,97.70,96.62,96.07,96.07,95.53,95.53,94.99,94.45,96.07,95.53,94.45,94.45,94.45,93.36,93.36,93.36,92.28,92.28,91.19,91.73,91.19,91.19,91.19,91.19,90.65,90.65,90.65,89.56,89.56,89.02"
Rec-030_90s_2,4,9,5193,core,344,331,0.0,5.0,0.9896,346,333,356,336,1.0,True,94.0392,111.8141,83.0486,5.8043,92.818,"111.81,108.01,104.22,102.04,99.87,98.79,97.70,96.07,94.45,92.28,89.02,102.04,100.42,98.25,97.70,96.62,95.53,94.99,93.36,92.28,91.19,87.39,96.07,95.53,94.99,94.45,93.36,92.28,91.73,91.19,89.56,88.48,84.68,92.28,91.73,91.19,91.19,90.65,90.10,89.56,88.48,87.39,85.76,83.05"
Rec-030_90s_2,4,10,5194,core,348,331,0.0,4.0,0.9868,350,333,360,336,0.6364,False,88.18,113.9851,74.3647,9.895,89.5616,"113.99,108.01,103.67,99.87,97.16,94.45,90.65,83.05,78.16,76.54,75.45,103.13,99.87,97.70,95.53,94.45,91.73,88.48,81.42,77.62,75.99,75.45,96.07,94.99,93.36,92.28,91.19,89.56,85.76,80.33,77.62,75.99,74.91,91.73,91.19,90.10,89.56,87.93,86.31,83.59,78.71,76.54,75.45,74.36"
Rec-030_90s_2,4,11,5195,core,353,331,0.0,5.0,0.9878,355,333,365,336,0.1818,False,79.7552,105.8439,73.822,7.5137,75.9929,"105.84,98.25,87.39,80.88,78.16,77.08,75.99,75.45,74.91,74.91,74.36,98.25,92.28,84.13,79.79,77.62,75.99,75.99,75.45,74.91,74.91,74.36,92.28,87.93,81.96,78.71,77.08,75.99,75.45,74.91,74.91,74.36,74.36,87.93,84.68,79.79,77.62,75.99,75.45,75.45,74.91,74.36,74.36,73.82"
Rec-030_90s_2,4,12,5196,core,355,331,0.0,2.0,0.9856,357,333,367,336,0.0,False,77.6582,97.16,73.822,4.6838,75.9929,"97.16,89.02,83.59,79.79,77.62,76.54,75.99,75.99,75.45,74.91,74.36,89.02,83.59,79.79,77.62,76.54,75.99,75.45,74.91,74.91,74.36,73.82,84.13,79.79,77.62,76.54,75.99,75.99,75.45,74.91,74.91,74.91,74.36,80.88,78.71,77.08,75.99,75.45,75.45,74.91,74.91,74.36,74.36,73.82"
Rec-030_90s_2,5,1,5332,core,290,331,0.0,0.0,0.9875,292,333,302,336,1.0,True,94.1132,119.4126,85.7624,6.5183,92.2753,"119.41,111.27,106.39,103.13,100.42,99.33,98.79,98.25,98.25,97.16,96.62,97.16,97.70,96.07,94.99,94.45,94.45,94.45,94.45,93.36,93.36,93.36,90.65,91.19,91.19,90.65,91.19,91.19,91.19,91.19,91.19,90.65,90.65,85.76,86.85,87.93,87.93,88.48,88.48,88.48,88.48,88.48,88.48,87.93"
Rec-030_90s_2,5,2,5333,core,293,331,0.0,3.0,0.9827,295,333,305,336,1.0,True,94.6436,117.7843,87.9333,6.0405,92.818,"117.78,110.73,105.84,102.04,100.42,99.33,98.25,98.25,97.16,96.07,95.53,102.04,99.33,97.70,96.07,95.53,94.45,94.45,94.45,93.36,92.28,92.28,94.45,93.36,92.28,92.28,92.28,91.73,91.19,91.19,91.19,90.65,90.10,89.56,89.56,89.56,89.56,89.56,89.56,89.02,89.02,88.48,88.48,87.93"
Rec-030_90s_2,5,3,5334,core,297,331,0.0,4.0,0.9874,299,333,309,336,1.0,True,95.4454,125.3828,87.9333,7.2963,93.3608,"125.38,115.07,109.10,104.22,101.50,99.33,98.25,97.16,96.62,95.53,94.99,105.30,102.04,99.33,97.70,95.53,94.99,94.45,93.36,92.28,92.28,91.73,96.62,95.53,94.45,93.36,92.28,92.28,91.73,91.19,90.65,90.10,89.56,91.19,91.19,90.65,90.10,90.10,89.56,89.56,89.02,88.48,87.93,87.93"
Rec-030_90s_2,5,4,5335,core,306,331,0.0,9.0,0.9887,308,333,318,336,1.0,True,93.8665,122.1263,86.3051,6.8226,91.7325,"122.13,111.81,106.39,102.04,98.79,96.62,95.53,94.99,94.45,93.36,92.28,103.67,100.96,98.25,95.53,94.45,93.36,92.28,91.19,91.19,90.65,89.56,96.07,94.45,93.36,92.28,91.19,91.19,90.10,89.56,89.56,88.48,88.48,91.19,91.19,90.10,89.56,89.02,88.48,87.93,87.93,87.39,86.85,86.31"
Rec-030_90s_2,5,5,5336,core,311,331,0.0,5.0,0.987,313,333,323,336,1.0,True,92.3123,112.8996,86.3051,5.2461,91.1898,"112.90,106.39,102.04,98.25,96.07,95.53,94.45,93.36,93.36,92.28,92.28,100.42,97.70,95.53,93.36,92.28,91.73,91.19,91.19,90.65,90.10,89.56,94.45,92.28,91.73,91.19,90.10,89.56,89.56,89.02,89.02,88.48,88.48,90.10,89.56,89.02,88.48,87.93,87.93,87.39,86.85,86.85,86.85,86.31"
Rec-030_90s_2,5,6,5337,core,320,331,0.0,9.0,0.9888,322,333,332,336,1.0,True,92.559,111.8141,87.9333,4.7969,91.1898,"111.81,105.30,101.50,98.25,96.62,95.53,94.99,94.45,93.36,93.36,93.36,99.33,96.62,94.99,93.36,92.28,92.28,91.73,91.19,91.19,91.19,91.19,93.36,92.28,91.19,90.65,90.65,90.10,89.56,89.56,89.56,89.56,89.56,89.56,89.56,89.02,88.48,88.48,87.93,87.93,87.93,87.93,87.93,87.93"
Rec-030_90s_2,5,7,5338,core,329,331,0.0,9.0,0.989,331,333,341,336,1.0,True,94.0022,110.7286,89.5616,4.3254,93.3608,"110.73,105.30,101.50,98.79,97.70,97.16,96.62,96.07,96.07,95.53,95.53,99.87,97.16,95.53,94.99,94.45,94.45,93.36,93.36,93.36,93.36,93.36,94.45,93.36,92.28,92.28,92.28,91.73,91.73,91.73,91.19,91.73,91.73,90.65,90.10,90.10,89.56,89.56,89.56,89.56,89.56,89.56,89.56,89.56"
Rec-030_90s_2,5,8,5339,core,338,331,0.0,9.0,0.9893,340,333,350,336,1.0,True,95.5934,110.7286,90.6471,4.1821,95.2604,"110.73,105.84,103.13,100.42,99.33,98.79,98.25,98.25,98.25,97.70,97.16,100.96,98.79,97.70,96.62,96.07,96.07,95.53,95.53,95.53,95.53,94.99,95.53,94.99,94.45,94.45,93.36,93.36,93.36,93.36,93.36,93.36,92.28,91.73,91.19,91.19,91.19,91.19,91.19,91.19,91.19,91.19,91.19,90.65"
Rec-030_90s_2,5,9,5340,core,342,331,0.0,4.0,0.9901,344,333,354,336,1.0,True,96.0498,115.0706,87.9333,5.2582,94.989,"115.07,109.10,105.30,103.13,101.50,100.42,99.33,98.25,97.16,95.53,94.45,103.13,100.96,99.33,98.25,97.70,96.62,96.07,95.53,94.99,93.36,92.28,97.16,96.07,95.53,94.99,94.99,94.45,94.45,93.36,92.28,91.19,90.10,93.36,92.28,92.28,92.28,92.28,91.73,91.73,91.19,89.56,89.56,87.93"
Rec-030_90s_2,5,10,5341,core,351,331,0.0,9.0,0.9884,353,333,363,336,0.3636,False,83.4804,111.2714,74.3647,9.8598,78.4353,"111.27,105.30,99.87,94.45,84.68,79.79,77.62,75.99,75.99,74.91,74.91,101.50,98.25,95.53,91.19,83.05,78.71,77.08,75.99,75.45,74.91,74.36,95.53,93.36,91.19,87.93,81.96,78.16,76.54,75.45,74.91,74.36,74.36,91.19,90.10,88.48,85.76,80.33,77.62,75.99,75.45,74.91,74.36,74.36"
Rec-030_90s_2,5,11,5342,core,355,331,0.0,4.0,0.9886,357,333,367,336,0.0,False,77.4978,95.5318,73.822,4.4634,75.9929,"95.53,87.93,83.05,78.71,77.62,76.54,75.99,75.45,75.45,74.91,74.36,89.02,83.05,79.79,77.62,76.54,75.99,75.45,74.91,74.91,74.36,74.36,84.13,79.79,77.62,76.54,75.99,75.45,75.45,74.91,74.91,74.36,73.82,80.88,78.71,77.08,75.99,75.99,75.45,74.91,74.36,74.36,73.82,73.82"
Rec-030_90s_2,6,1,5465,core,291,331,0.0,1.0,0.9865,293,333,303,336,1.0,True,95.8771,124.2973,88.4761,6.9612,94.4463,"124.30,113.99,109.10,105.30,102.04,100.96,99.87,98.79,98.25,97.70,97.16,102.04,100.96,98.79,97.16,96.07,96.07,95.53,94.99,94.45,94.45,93.36,94.45,94.45,93.36,93.36,93.36,93.36,92.28,92.28,92.28,91.73,91.19,88.48,89.02,89.56,89.56,90.10,90.10,90.10,89.56,89.56,89.56,89.56"
Rec-030_90s_2,6,2,5466,core,295,331,0.0,4.0,0.9838,297,333,307,336,1.0,True,97.234,132.9812,89.0188,8.3182,94.989,"132.98,119.41,111.81,107.47,103.67,101.50,99.87,98.79,98.25,97.16,96.07,107.47,105.30,102.04,98.79,97.70,96.07,95.53,94.99,94.45,93.36,93.36,98.25,97.16,95.53,94.99,94.45,93.36,93.36,92.28,92.28,91.73,91.19,92.28,91.73,91.19,91.19,91.19,91.19,90.65,90.10,89.56,89.56,89.02"
Rec-030_90s_2,6,3,5467,core,300,331,0.0,5.0,0.9884,302,333,312,336,1.0,True,95.9512,125.3828,88.4761,7.1207,93.9035,"125.38,115.07,109.10,104.22,101.50,98.79,98.25,97.16,96.62,95.53,94.99,105.84,103.13,99.87,97.70,96.07,95.53,94.45,93.36,93.36,92.28,91.73,98.25,96.62,95.53,94.45,93.36,92.28,92.28,91.73,91.19,90.65,90.10,93.36,92.28,91.73,91.19,91.19,90.10,89.56,89.56,89.02,89.02,88.48"
Rec-030_90s_2,6,4,5468,core,304,331,0.0,4.0,0.9857,306,333,316,336,1.0,True,95.9512,130.8102,88.4761,7.9799,93.9035,"130.81,117.24,110.19,105.30,101.50,98.79,97.70,96.62,95.53,94.99,94.45,106.93,103.13,100.42,97.70,95.53,94.45,94.45,93.36,92.28,92.28,91.19,98.25,96.62,95.53,94.45,93.36,92.28,91.73,91.19,90.65,90.10,90.10,92.28,92.28,91.19,91.19,90.65,90.10,89.56,89.56,89.02,88.48,88.48"
Rec-030_90s_2,6,5,5469,core,313,331,0.0,9.0,0.9868,315,333,325,336,1.0,True,94.4586,123.7545,87.9333,6.8089,92.2753,"123.75,112.90,106.93,102.04,98.79,97.16,96.07,95.53,94.99,94.45,94.45,103.67,100.96,98.25,95.53,94.45,93.36,92.28,92.28,91.73,91.19,91.19,96.07,94.99,93.36,92.28,91.73,91.19,91.19,90.65,90.10,90.10,89.56,91.73,91.19,90.10,89.56,89.56,89.56,89.02,88.48,87.93,87.93,87.93"
Rec-030_90s_2,6,6,5470,core,318,331,0.0,5.0,0.9907,320,333,330,336,1.0,True,93.7308,117.7843,87.9333,5.7866,92.0039,"117.78,109.64,103.67,100.42,98.25,96.07,95.53,94.99,94.45,94.45,93.36,102.04,98.79,96.62,94.99,94.45,93.36,92.28,91.73,91.73,91.19,91.19,95.53,94.45,92.28,92.28,91.19,91.19,90.65,90.10,89.56,89.56,89.56,91.19,90.65,90.10,89.56,89.56,89.02,88.48,88.48,87.93,87.93,87.93"
Rec-030_90s_2,6,7,5471,core,323,331,0.0,5.0,0.9879,325,333,335,336,1.0,True,93.3114,111.2714,89.0188,4.5007,92.2753,"111.27,105.30,100.96,98.25,97.16,95.53,95.53,95.53,94.99,94.99,94.99,99.87,97.16,95.53,94.45,93.36,92.28,92.28,92.28,92.28,92.28,92.28,94.45,92.28,91.73,91.19,91.19,90.65,90.65,90.65,90.65,90.65,90.65,90.10,89.56,89.56,89.56,89.56,89.02,89.02,89.02,89.02,89.02,89.02"
Rec-030_90s_2,6,8,5472,core,327,331,0.0,4.0,0.9909,329,333,339,336,1.0,True,94.3723,115.6133,89.5616,5.1001,93.3608,"115.61,108.01,103.13,99.87,98.25,97.16,96.62,96.07,96.07,96.07,95.53,100.96,98.25,96.07,95.53,94.45,94.45,94.45,93.36,93.36,93.36,93.36,94.99,93.36,92.28,92.28,91.73,91.73,91.73,91.73,91.73,91.73,91.73,91.19,90.10,89.56,89.56,89.56,89.56,89.56,89.56,89.56,89.56,89.56"
Rec-030_90s_2,6,9,5473,core,332,331,0.0,5.0,0.9891,334,333,344,336,1.0,True,95.2974,110.7286,91.1898,4.0655,94.989,"110.73,105.84,102.04,99.87,98.79,98.25,98.25,97.70,97.70,97.16,97.16,100.42,98.25,96.62,96.07,95.53,95.53,95.53,94.99,94.99,94.99,94.99,94.99,94.45,93.36,93.36,93.36,93.36,93.36,93.36,93.36,93.36,92.28,91.19,91.19,91.19,91.19,91.19,91.19,91.19,91.19,91.19,91.19,91.19"
Rec-030_90s_2,6,10,5474,core,336,331,0.0,4.0,0.9908,338,333,348,336,1.0,True,96.4939,115.0706,91.1898,4.8763,95.5318,"115.07,109.64,105.30,102.04,100.42,99.87,99.33,98.25,98.25,98.25,98.25,103.13,100.42,98.79,97.70,96.62,96.62,96.07,96.07,96.07,95.53,95.53,96.07,95.53,94.99,94.45,94.45,94.45,94.45,94.45,94.45,93.36,93.36,92.28,92.28,91.73,91.73,91.73,91.73,91.73,91.73,91.19,91.19,91.19"
Rec-030_90s_2,6,11,5475,core,341,331,0.0,5.0,0.9897,343,333,353,336,1.0,True,96.3212,111.8141,89.5616,4.5519,95.5318,"111.81,108.01,104.22,102.04,101.50,100.42,99.33,98.25,98.25,96.62,95.53,102.04,100.96,99.33,98.25,98.25,97.16,96.62,96.07,95.53,94.45,93.36,96.62,96.07,95.53,95.53,94.99,94.99,94.45,94.45,93.36,92.28,91.19,93.36,93.36,92.28,92.28,92.28,92.28,92.28,91.73,91.19,90.10,89.56"
Rec-030_90s_2,6,12,5476,core,345,331,0.0,4.0,0.9902,347,333,357,336,0.9091,False,94.1132,115.6133,78.7067,7.3787,93.3608,"115.61,110.19,106.39,103.13,100.96,98.79,97.16,95.53,93.36,89.56,81.96,104.22,102.04,99.87,98.25,97.16,96.07,94.99,93.36,91.73,88.48,80.88,98.25,97.16,96.07,95.53,94.45,93.36,92.28,91.19,89.56,86.31,80.33,94.45,93.36,93.36,92.28,92.28,91.19,90.10,89.56,87.39,84.13,78.71"
Rec-030_90s_2,6,13,5477,core,350,331,0.0,5.0,0.9881,352,333,362,336,0.4545,False,84.9976,110.1859,73.822,9.9583,82.2345,"110.19,105.30,100.42,96.62,92.28,83.59,78.71,76.54,75.99,74.91,74.91,101.50,98.79,95.53,94.45,90.10,83.05,78.71,76.54,75.99,74.91,74.36,96.07,94.45,92.28,91.19,87.93,81.42,77.62,75.99,75.45,74.91,74.36,92.28,91.19,90.10,88.48,85.76,80.33,77.62,75.99,74.91,74.36,73.82"
Rec-030_90s_2,6,14,5478,core,355,330,11.31,5.1,0.9914,357,332,367,335,0.0,False,79.3111,112.8996,73.822,7.5091,76.2643,"112.90,95.53,87.93,83.05,78.71,77.62,76.54,75.99,75.45,75.45,74.91,96.62,87.93,83.05,79.79,77.62,76.54,75.99,75.45,74.91,74.36,74.36,89.56,83.05,79.79,77.62,76.54,75.99,75.45,74.91,74.91,74.36,73.82,84.68,80.33,78.16,76.54,75.99,75.45,74.91,74.91,74.36,73.82,73.82"
Rec-031_30s_3,1,1,3297,core,290,331,0.0,0.0,0.9852,292,333,302,336,1.0,True,83.653,119.4126,75.4502,8.2281,81.149,"119.41,105.30,98.25,94.45,90.10,88.48,87.39,86.31,85.76,84.68,84.13,91.19,89.56,87.93,85.22,84.13,83.05,83.05,81.96,81.42,80.88,80.33,83.59,82.51,80.88,80.88,80.33,79.79,79.79,78.71,78.71,78.16,77.62,78.16,77.62,77.62,77.62,77.62,77.08,77.08,76.54,75.99,75.99,75.45"
Rec-031_30s_3,1,2,3298,core,294,331,0.0,4.0,0.9844,296,333,306,336,1.0,True,83.7517,119.4126,74.9074,8.3615,81.149,"119.41,105.84,98.25,93.36,90.10,87.93,86.31,85.76,84.68,84.13,83.05,94.99,91.19,88.48,85.76,84.13,83.05,82.51,81.42,80.88,80.33,79.79,85.76,84.13,82.51,80.88,80.33,79.79,79.79,78.71,78.16,77.62,77.08,79.79,78.71,78.16,77.62,77.62,77.62,77.08,75.99,75.99,75.45,74.91"
Rec-031_30s_3,1,3,3299,core,299,331,0.0,5.0,0.9872,301,333,311,336,1.0,True,82.1852,109.6431,74.9074,6.8196,80.3349,"109.64,99.87,94.45,90.65,87.93,85.22,84.13,83.59,83.05,83.05,83.05,92.28,89.02,86.31,84.13,82.51,81.42,80.88,80.33,79.79,79.79,78.71,84.13,83.05,80.88,80.33,79.79,78.71,78.16,77.62,77.62,77.08,77.08,78.71,78.71,77.62,77.62,76.54,75.99,75.99,75.45,75.45,74.91,74.91"
Rec-031_30s_3,1,4,3300,core,303,331,0.0,4.0,0.9859,305,333,315,336,1.0,True,82.6786,115.6133,74.9074,7.5921,80.6063,"115.61,102.04,95.53,91.19,87.93,86.31,85.22,84.68,84.13,83.05,83.05,93.36,89.56,86.85,84.13,83.05,81.96,80.88,80.88,80.33,79.79,78.71,84.68,83.05,80.88,79.79,79.79,78.71,78.71,78.16,77.62,77.62,77.08,78.71,78.16,77.62,77.08,77.08,76.54,75.99,75.99,75.99,75.45,74.91"
Rec-031_30s_3,1,5,3301,core,308,331,0.0,5.0,0.9881,310,333,320,336,1.0,True,81.7781,105.8439,75.4502,6.1021,80.0635,"105.84,97.70,93.36,89.56,86.31,85.22,84.13,83.59,83.05,83.05,82.51,90.65,87.93,85.22,83.05,81.96,80.88,80.88,80.33,79.79,79.79,79.79,83.05,81.96,80.88,79.79,78.71,78.71,78.16,77.62,77.62,77.62,77.08,78.71,77.62,77.62,77.08,76.54,76.54,75.99,75.99,75.45,75.45,75.45"
Rec-031_30s_3,1,6,3302,core,312,331,0.0,4.0,0.9864,314,333,324,336,1.0,True,82.5676,110.1859,75.9929,6.6141,80.8776,"110.19,99.87,94.45,90.10,87.93,85.76,84.68,84.13,84.13,83.59,83.59,91.19,89.02,85.76,84.13,83.05,81.96,80.88,80.88,80.88,80.88,80.33,84.13,82.51,80.88,80.33,79.79,78.71,78.71,78.71,78.71,78.16,78.16,78.71,78.16,77.62,77.62,77.08,76.54,76.54,76.54,75.99,75.99,75.99"
Rec-031_30s_3,1,7,3303,core,317,331,0.0,5.0,0.9891,319,333,329,336,1.0,True,82.8143,104.2157,77.6212,5.4193,81.6918,"104.22,97.16,92.28,89.56,87.39,86.31,85.76,85.22,84.68,84.13,84.13,90.10,87.93,85.22,84.13,83.05,82.51,81.96,81.96,81.96,81.42,81.42,83.05,81.96,80.88,80.33,79.79,79.79,79.79,79.79,79.79,79.79,79.79,78.71,78.71,78.16,77.62,77.62,77.62,77.62,77.62,77.62,77.62,77.62"
Rec-031_30s_3,1,8,3304,core,321,331,0.0,4.0,0.986,323,333,333,336,1.0,True,84.2328,110.1859,78.7067,6.1418,83.0486,"110.19,100.42,94.99,91.19,89.02,87.39,86.85,86.31,86.31,86.31,85.76,91.73,89.56,86.85,85.22,84.13,83.59,83.05,83.05,83.05,83.05,83.05,84.13,83.05,82.51,81.42,80.88,80.88,80.88,80.88,80.88,80.88,80.88,79.79,79.79,78.71,78.71,78.71,78.71,78.71,78.71,78.71,78.71,78.71"
Rec-031_30s_3,1,9,3305,core,326,331,0.0,5.0,0.9895,328,333,338,336,1.0,True,85.2566,105.3012,79.7922,5.269,84.6769,"105.30,98.25,94.45,91.19,89.56,89.56,89.02,88.48,88.48,88.48,88.48,91.19,89.56,87.93,85.76,85.76,85.22,85.22,84.68,84.68,84.68,84.68,84.68,84.13,83.05,82.51,82.51,82.51,82.51,81.96,81.96,81.96,81.96,80.88,80.88,80.33,79.79,80.33,79.79,79.79,79.79,79.79,79.79,79.79"
Rec-031_30s_3,1,10,3306,core,331,331,0.0,5.0,0.9869,333,333,343,336,1.0,True,85.8487,101.502,80.3349,4.7498,85.2196,"101.50,97.16,94.45,91.73,91.19,90.65,90.10,89.56,89.56,89.56,89.02,91.19,89.02,87.93,86.85,86.31,86.31,85.76,85.76,85.76,85.22,85.22,85.22,84.13,84.13,83.59,83.59,83.05,83.05,83.05,83.05,83.05,82.51,81.42,80.88,80.88,80.88,80.88,80.88,80.88,80.88,80.88,80.33,80.33"
Rec-031_30s_3,1,11,3307,core,344,331,0.0,13.0,0.9887,346,333,356,336,1.0,True,87.1069,105.3012,78.1639,5.4796,85.7624,"105.30,100.42,97.16,94.99,93.36,92.28,91.73,90.65,89.56,87.93,85.22,93.36,91.73,90.65,89.56,89.02,87.93,87.93,87.39,86.31,85.76,83.05,87.93,86.31,85.76,85.76,85.22,84.68,84.13,84.13,83.59,83.05,80.88,83.59,83.05,83.05,83.05,83.05,82.51,81.96,80.88,80.88,79.79,78.16"
Rec-031_30s_3,1,12,3308,core,349,331,0.0,5.0,0.9842,351,333,361,336,0.5455,False,82.4072,103.1302,74.3647,7.221,81.149,"103.13,98.79,95.53,92.28,90.65,86.85,80.88,77.62,75.99,75.45,74.91,93.36,91.19,89.56,88.48,87.39,84.13,79.79,77.08,75.99,74.91,74.36,87.39,86.31,85.76,85.22,84.13,81.42,78.16,75.99,75.45,74.91,74.36,83.59,83.05,82.51,81.96,80.88,79.79,77.08,75.99,74.91,74.36,74.36"
Rec-031_30s_3,1,13,3309,core,353,331,0.0,4.0,0.9864,355,333,365,336,0.1818,False,78.7067,102.0447,73.822,6.1731,75.9929,"102.04,95.53,85.76,80.88,78.16,77.08,75.99,75.99,75.45,74.91,74.36,93.36,88.48,81.96,78.71,77.08,75.99,75.45,74.91,74.91,74.91,74.36,86.85,84.13,79.79,77.62,76.54,75.99,75.45,74.91,74.91,74.36,74.36,83.05,80.88,78.16,76.54,75.99,75.45,74.91,74.91,74.36,73.82,73.82"
Rec-031_30s_3,1,14,3310,core,355,330,26.57,2.24,0.9843,357,332,367,335,0.0,False,79.6441,117.7843,73.822,8.0355,76.2643,"117.78,98.25,89.56,84.13,80.33,77.62,76.54,75.99,75.99,75.45,74.91,95.53,89.02,84.13,79.79,77.62,77.08,75.99,75.99,75.45,74.91,74.36,87.39,83.05,79.79,77.62,76.54,75.99,75.99,75.45,74.91,74.91,74.36,82.51,79.79,77.62,76.54,75.99,75.99,75.45,74.91,74.91,74.36,73.82"
Rec-031_30s_3,2,1,3445,core,290,331,0.0,0.0,0.9868,292,333,302,336,1.0,True,89.2409,119.4126,81.4204,7.4069,87.3906,"119.41,108.56,103.13,98.79,96.07,94.99,93.36,93.36,92.28,91.73,91.19,94.45,94.45,92.28,91.19,89.56,89.56,89.02,88.48,87.93,87.93,87.39,87.39,86.85,86.31,86.31,86.31,85.76,85.76,85.22,85.22,84.13,84.13,81.96,82.51,83.05,83.05,83.05,83.05,83.05,82.51,82.51,81.96,81.42"
Rec-031_30s_3,2,2,3446,core,294,331,0.0,4.0,0.9862,296,333,306,336,1.0,True,89.2038,116.1561,80.8776,6.9716,87.662,"116.16,107.47,102.04,98.25,95.53,93.36,93.36,92.28,91.19,91.19,90.10,98.25,95.53,92.28,91.19,89.56,89.02,88.48,87.93,87.39,86.85,86.31,90.10,89.02,87.93,86.85,86.31,85.76,85.76,85.22,84.68,84.13,84.13,84.13,84.13,84.13,83.59,83.05,83.05,82.51,82.51,81.96,81.42,80.88"
Rec-031_30s_3,2,3,3447,core,298,331,0.0,4.0,0.9862,300,333,310,336,1.0,True,89.5369,123.2118,80.8776,8.0535,87.3906,"123.21,110.73,103.67,99.33,96.07,94.45,92.28,91.73,91.19,90.65,89.56,99.33,96.62,94.45,91.73,89.56,89.02,87.93,87.93,86.85,86.31,85.76,91.19,89.56,87.93,86.85,86.31,85.76,85.22,84.68,84.13,84.13,83.59,85.22,84.68,84.13,83.59,83.05,83.05,83.05,81.96,81.42,80.88,80.88"
Rec-031_30s_3,2,4,3448,core,303,331,0.0,5.0,0.9876,305,333,315,336,1.0,True,88.254,112.8996,80.8776,6.394,86.5765,"112.90,105.30,99.87,96.62,93.36,92.28,91.19,91.19,90.10,89.56,89.02,97.16,94.45,91.19,89.56,88.48,87.93,87.93,86.85,86.31,85.76,85.76,90.10,87.93,86.85,85.76,85.76,85.22,84.68,84.13,84.13,83.59,83.59,84.68,84.13,83.59,83.05,83.05,82.51,82.51,81.96,81.42,80.88,80.88"
Rec-031_30s_3,2,5,3449,core,307,331,0.0,4.0,0.9869,309,333,319,336,1.0,True,89.0312,125.9255,80.8776,8.158,86.5765,"125.93,110.73,102.04,97.70,94.45,92.28,91.19,90.65,90.10,89.56,89.02,98.79,95.53,93.36,90.65,89.02,87.93,87.39,86.85,86.31,85.76,85.76,90.65,89.56,87.93,86.31,85.76,85.22,84.68,84.13,84.13,83.59,83.59,85.22,84.13,83.59,83.59,83.05,83.05,82.51,81.96,81.42,81.42,80.88"
Rec-031_30s_3,2,6,3450,core,312,331,0.0,5.0,0.9892,314,333,324,336,1.0,True,87.847,109.6431,81.9631,5.5566,86.3051,"109.64,102.04,98.25,94.45,92.28,91.19,90.65,90.65,90.10,89.56,89.56,95.53,92.28,90.65,89.02,87.93,87.93,87.39,86.85,86.31,86.31,86.31,89.02,87.39,86.31,85.76,85.22,84.68,84.68,84.13,84.13,84.13,84.13,84.13,83.59,83.59,83.05,83.05,83.05,82.51,81.96,81.96,81.96,81.96"
Rec-031_30s_3,2,7,3451,core,316,331,0.0,4.0,0.9871,318,333,328,336,1.0,True,88.8338,115.0706,82.5059,6.3463,87.3906,"115.07,105.30,99.87,96.62,94.45,92.28,91.73,91.19,90.65,90.65,90.10,96.62,94.45,91.73,90.10,89.02,88.48,87.93,87.93,87.39,87.39,87.39,89.56,87.93,86.85,86.31,85.76,85.76,85.22,85.22,84.68,84.68,84.13,84.13,84.13,84.13,83.59,83.05,83.05,83.05,83.05,83.05,82.51,82.51"
Rec-031_30s_3,2,8,3452,core,325,331,0.0,9.0,0.9871,327,333,337,336,1.0,True,90.2523,113.9851,84.1341,5.9459,89.5616,"113.99,105.30,100.42,97.70,95.53,94.45,93.36,93.36,93.36,93.36,92.28,97.16,94.45,92.28,91.19,90.65,90.10,89.56,89.56,89.56,89.56,89.56,90.10,89.02,87.93,87.93,87.39,87.39,87.39,86.85,86.85,86.85,86.85,85.76,84.68,84.68,84.68,84.68,84.68,84.13,84.13,84.13,84.13,84.13"
Rec-031_30s_3,2,9,3453,core,355,330,1.91,30.02,0.9916,357,332,367,335,0.0,False,78.756,98.2455,73.822,6.0136,75.9929,"98.25,91.19,85.76,81.96,78.71,77.08,75.99,75.99,75.45,74.91,74.91,98.25,86.85,81.96,78.71,77.62,76.54,75.99,75.45,74.91,74.91,74.36,90.10,83.05,79.79,77.62,75.99,75.99,74.91,74.91,74.91,74.36,74.36,85.22,80.33,77.62,76.54,75.99,75.45,74.91,74.91,74.36,74.36,73.82"
Rec-031_30s_3,3,1,3585,core,291,331,0.0,1.0,0.9866,293,333,303,336,1.0,True,92.8921,121.5835,85.7624,7.1739,91.1898,"121.58,111.81,106.39,102.04,99.87,98.25,97.16,96.07,95.53,94.99,94.45,99.33,98.25,96.07,94.45,93.36,93.36,92.28,92.28,91.73,91.19,90.65,91.19,91.19,90.10,90.10,90.10,90.10,89.56,89.56,89.02,88.48,87.93,85.76,86.31,86.31,86.85,86.85,86.85,86.31,86.31,85.76,85.76,85.76"
Rec-031_30s_3,3,2,3586,core,300,331,0.0,9.0,0.9881,302,333,312,336,1.0,True,92.7194,122.1263,85.2196,7.1717,90.6471,"122.13,111.81,105.30,101.50,98.25,96.62,94.99,94.45,93.36,93.36,92.28,103.13,99.33,96.62,94.45,93.36,91.73,91.19,90.10,90.65,89.56,89.56,94.99,93.36,91.73,90.65,90.10,89.56,89.02,88.48,87.93,87.93,87.93,89.02,88.48,87.93,87.39,86.85,86.85,86.31,85.76,85.22,85.22,85.22"
Rec-031_30s_3,3,3,3587,core,309,331,0.0,9.0,0.9892,311,333,321,336,1.0,True,91.4858,117.7843,84.6769,6.3278,89.8329,"117.78,108.01,103.13,98.79,96.07,94.99,94.45,93.36,92.28,91.73,91.19,100.42,97.16,94.45,93.36,91.73,91.19,90.65,90.10,89.56,89.02,88.48,92.28,91.73,90.10,89.56,89.02,88.48,87.93,87.93,87.93,87.39,86.85,87.93,87.93,86.85,86.85,86.31,85.76,85.76,85.76,85.22,85.22,84.68"
Rec-031_30s_3,3,4,3588,core,318,331,0.0,9.0,0.9895,320,333,330,336,1.0,True,91.7942,115.0706,85.7624,5.6926,90.3757,"115.07,106.93,102.04,98.25,96.07,94.99,94.45,94.45,93.36,93.36,93.36,99.33,96.62,94.45,92.28,91.73,91.19,91.19,90.65,90.65,90.10,90.10,92.28,91.19,90.10,89.56,89.56,89.02,88.48,88.48,88.48,88.48,88.48,87.93,87.93,87.39,86.85,86.85,86.85,86.31,86.31,85.76,85.76,86.31"
Rec-031_30s_3,3,5,3589,core,323,331,0.0,5.0,0.9879,325,333,335,336,1.0,True,92.2013,109.6431,86.8478,4.6683,91.7325,"109.64,104.22,100.42,97.70,96.07,95.53,95.53,94.99,94.99,94.45,94.45,98.25,95.53,94.45,93.36,92.28,92.28,91.73,91.73,91.73,91.73,91.73,92.28,91.19,90.10,90.10,89.56,89.56,89.56,89.56,89.56,89.56,89.56,88.48,87.93,87.93,87.93,87.39,87.39,87.39,87.39,87.39,87.39,86.85"
Rec-031_30s_3,3,6,3590,core,332,331,0.0,9.0,0.9888,334,333,344,336,1.0,True,93.5458,109.6431,87.9333,4.6038,92.818,"109.64,105.30,102.04,99.33,98.25,97.16,96.62,96.07,95.53,95.53,95.53,99.33,97.70,95.53,94.99,94.45,94.45,93.36,93.36,93.36,93.36,92.28,93.36,92.28,92.28,91.73,91.19,91.19,91.19,90.65,90.65,90.65,90.65,89.56,89.56,89.56,89.02,89.02,89.02,89.02,88.48,87.93,87.93,87.93"
Rec-031_30s_3,3,7,3591,core,336,331,0.0,4.0,0.9898,338,333,348,336,1.0,True,94.6066,113.9851,88.4761,5.1679,94.4463,"113.99,108.01,103.67,100.96,98.79,98.25,97.70,97.16,96.62,96.62,96.07,101.50,98.79,97.16,95.53,95.53,94.99,94.45,94.45,94.45,94.45,93.36,94.99,94.45,93.36,92.28,92.28,91.73,91.73,91.19,91.19,91.19,91.19,90.65,90.10,90.10,89.56,89.56,89.56,89.56,89.02,89.02,89.02,88.48"
Rec-031_30s_3,3,8,3592,core,341,331,0.0,5.0,0.9891,343,333,353,336,1.0,True,94.3476,110.7286,87.3906,4.7966,93.9035,"110.73,105.84,103.13,100.42,99.33,98.79,98.25,97.16,96.62,95.53,94.45,100.42,98.25,97.16,96.07,95.53,95.53,94.99,94.45,94.45,93.36,92.28,94.45,94.45,93.36,93.36,92.28,92.28,92.28,91.73,91.19,90.10,89.56,90.65,90.65,90.10,90.10,90.10,89.56,89.56,89.02,88.48,87.93,87.39"
Rec-031_30s_3,3,9,3593,core,345,331,0.0,4.0,0.9885,347,333,357,336,0.9091,False,92.633,113.9851,78.1639,7.1574,92.0039,"113.99,108.56,105.30,101.50,99.33,98.25,96.62,94.99,92.28,89.56,81.96,102.04,99.87,98.25,96.62,95.53,94.99,94.45,92.28,91.19,87.39,80.88,95.53,94.99,94.45,93.36,92.28,91.73,91.19,89.56,88.48,84.68,79.79,91.19,91.19,90.65,90.10,89.56,89.02,87.93,87.39,85.76,83.05,78.16"
Rec-031_30s_3,3,10,3594,core,350,331,0.0,5.0,0.9877,352,333,362,336,0.4545,False,84.1465,108.5576,73.822,9.3072,81.149,"108.56,103.67,99.33,95.53,91.19,83.59,78.71,77.08,75.99,75.45,74.91,99.87,97.16,94.99,92.28,89.02,81.96,78.16,75.99,75.45,74.91,74.36,94.45,92.28,91.19,89.56,85.76,80.33,77.62,75.99,75.45,74.91,74.36,89.56,89.02,87.93,86.31,83.59,79.79,77.08,75.99,74.91,74.36,73.82"
Rec-031_30s_3,3,11,3595,core,354,331,0.0,4.0,0.9873,356,333,366,336,0.0909,False,78.46,103.1302,73.822,6.0465,75.9929,"103.13,91.19,84.13,80.33,77.62,77.08,75.99,75.45,74.91,74.91,74.36,94.45,85.76,80.88,78.16,77.08,75.99,75.45,74.91,74.91,74.91,74.36,88.48,82.51,78.71,77.08,76.54,75.99,75.45,74.91,74.36,74.36,74.36,85.22,80.88,77.62,76.54,75.99,75.45,74.91,74.36,74.36,74.36,73.82"
Rec-031_30s_3,3,12,3596,core,355,330,45.0,1.41,0.9906,357,332,367,335,0.0,False,79.3358,112.8996,74.3647,7.3939,76.2643,"112.90,95.53,88.48,83.59,79.79,77.62,76.54,75.99,75.45,75.45,74.91,96.07,87.93,83.05,79.79,77.62,76.54,75.99,75.45,75.45,74.91,74.36,87.93,83.05,79.79,77.62,76.54,75.99,75.45,74.91,74.91,74.36,74.36,83.59,79.79,77.62,76.54,75.99,75.99,74.91,74.91,74.36,74.36,74.36"
Rec-031_30s_3,4,1,3723,core,290,331,0.0,0.0,0.9877,292,333,302,336,1.0,True,93.3114,119.4126,85.7624,6.4736,91.4612,"119.41,110.73,105.30,102.04,99.33,98.25,97.70,97.16,96.62,95.53,95.53,96.62,96.62,95.53,94.45,93.36,93.36,93.36,93.36,92.28,92.28,91.73,90.10,90.65,90.10,90.10,90.65,90.65,91.19,90.65,90.10,90.10,89.56,85.76,85.76,87.39,87.39,87.93,87.93,87.93,87.93,87.93,87.93,87.39"
Rec-031_30s_3,4,2,3724,core,293,331,0.0,3.0,0.9871,295,333,305,336,1.0,True,94.5203,121.5835,87.3906,6.7259,92.2753,"121.58,112.90,107.47,103.13,100.42,98.25,97.70,97.16,96.07,95.53,94.99,102.04,100.42,98.25,96.07,94.99,94.45,93.36,93.36,92.28,92.28,91.73,94.45,93.36,92.28,92.28,91.73,91.19,91.19,91.19,90.65,90.10,89.56,89.02,89.56,89.56,89.56,89.02,89.02,89.02,88.48,87.93,87.93,87.39"
Rec-031_30s_3,4,3,3725,core,298,331,0.0,5.0,0.9849,300,333,310,336,1.0,True,93.8295,117.7843,86.3051,6.0875,92.2753,"117.78,110.19,105.30,101.50,98.79,97.70,96.62,95.53,94.99,94.45,93.36,102.04,99.33,97.16,95.53,94.45,93.36,92.28,92.28,91.19,91.19,90.65,95.53,94.45,92.28,92.28,91.73,91.19,91.19,90.10,89.56,89.56,89.02,90.65,90.10,89.56,89.56,89.56,89.02,88.48,87.93,87.93,86.85,86.31"
Rec-031_30s_3,4,4,3726,core,302,331,0.0,4.0,0.9887,304,333,314,336,1.0,True,93.8419,121.0408,86.3051,6.6575,92.0039,"121.04,111.81,105.84,102.04,98.79,97.16,96.07,94.99,94.45,93.36,92.28,103.13,100.42,97.70,95.53,94.45,93.36,92.28,91.73,91.19,90.65,90.10,96.07,94.45,93.36,92.28,91.19,91.19,90.65,90.10,89.56,89.02,88.48,91.19,90.65,89.56,89.56,88.48,88.48,87.93,87.93,87.39,86.85,86.31"
Rec-031_30s_3,4,5,3727,core,307,331,0.0,5.0,0.9856,309,333,319,336,1.0,True,92.522,113.9851,86.3051,5.4329,91.1898,"113.99,107.47,102.04,98.79,96.62,95.53,94.99,94.45,92.28,92.28,91.73,100.96,98.25,95.53,93.36,92.28,92.28,91.19,91.19,90.65,89.56,89.56,94.45,93.36,92.28,91.19,90.65,90.10,89.56,89.56,89.02,88.48,87.93,90.10,89.56,89.02,89.02,88.48,87.93,87.93,87.39,86.85,86.85,86.31"
Rec-031_30s_3,4,6,3728,core,311,331,0.0,4.0,0.9898,313,333,323,336,1.0,True,92.8427,117.2416,86.8478,5.8854,91.1898,"117.24,109.10,103.13,99.87,97.16,95.53,94.45,94.45,93.36,92.28,92.28,101.50,98.25,96.07,94.45,92.28,91.73,91.19,91.19,90.65,90.10,89.56,94.99,93.36,92.28,91.19,90.65,90.10,89.56,89.56,89.02,89.02,88.48,90.10,89.56,89.02,89.02,88.48,87.93,87.93,87.39,87.39,87.39,86.85"
Rec-031_30s_3,4,7,3729,core,316,331,0.0,5.0,0.9869,318,333,328,336,1.0,True,92.3,111.8141,87.3906,4.7793,91.1898,"111.81,105.30,100.96,97.70,95.53,94.99,94.45,93.36,93.36,93.36,92.28,99.33,96.62,94.45,93.36,92.28,91.73,91.19,91.19,91.19,90.65,90.10,93.36,92.28,91.19,90.65,90.10,90.10,89.56,89.56,89.56,89.56,89.02,89.56,89.56,89.02,88.48,88.48,87.93,87.93,87.93,87.39,87.39,87.39"
Rec-031_30s_3,4,8,3730,core,320,331,0.0,4.0,0.9904,322,333,332,336,1.0,True,93.2991,115.0706,88.4761,5.2509,91.7325,"115.07,107.47,103.13,99.33,97.16,95.53,95.53,94.99,94.45,94.45,94.45,100.42,97.70,95.53,94.45,93.36,92.28,92.28,92.28,91.73,91.73,91.73,94.45,92.28,91.73,91.19,91.19,90.65,90.65,90.10,90.10,90.10,90.10,89.56,89.56,89.56,89.02,89.02,88.48,88.48,88.48,88.48,88.48,88.48"
Rec-031_30s_3,4,9,3731,core,325,331,0.0,5.0,0.9875,327,333,337,336,1.0,True,93.6075,109.6431,89.5616,4.2175,93.3608,"109.64,105.30,100.96,98.25,97.70,96.62,96.07,95.53,95.53,95.53,95.53,98.79,96.62,95.53,94.45,93.36,93.36,93.36,93.36,93.36,93.36,93.36,93.36,92.28,91.73,91.73,91.19,91.19,91.19,91.19,91.19,91.19,91.19,90.10,89.56,89.56,89.56,89.56,89.56,89.56,89.56,89.56,89.56,89.56"
Rec-031_30s_3,4,10,3732,core,329,331,0.0,4.0,0.9903,331,333,341,336,1.0,True,94.952,113.9851,90.1043,4.7505,94.4463,"113.99,107.47,103.13,100.42,98.79,98.25,97.70,97.70,97.16,96.62,96.07,100.96,98.25,96.62,95.53,94.99,94.99,94.99,94.99,94.45,94.45,94.45,94.45,93.36,93.36,93.36,92.28,92.28,92.28,92.28,92.28,92.28,92.28,90.65,90.65,90.65,90.65,90.65,90.10,90.65,90.65,90.65,90.10,90.10"
Rec-031_30s_3,4,11,3733,core,334,331,0.0,5.0,0.9884,336,333,346,336,1.0,True,95.6798,110.7286,91.1898,4.1453,95.5318,"110.73,106.39,103.13,100.96,99.33,98.25,98.25,98.25,97.70,97.70,97.16,100.96,98.79,97.70,96.62,96.07,95.53,95.53,95.53,95.53,95.53,95.53,95.53,94.99,94.45,94.45,94.45,93.36,93.36,93.36,93.36,93.36,93.36,91.73,91.73,91.73,91.19,91.19,91.19,91.19,91.19,91.19,91.19,91.19"
Rec-031_30s_3,4,12,3734,core,338,331,0.0,4.0,0.9901,340,333,350,336,1.0,True,96.4816,113.9851,90.6471,4.7076,95.5318,"113.99,109.10,105.30,102.04,100.96,99.87,99.33,98.79,98.25,98.25,97.16,102.04,100.42,98.79,97.70,97.16,96.62,96.62,96.07,95.53,95.53,94.99,96.62,95.53,95.53,94.99,94.45,94.45,94.45,94.45,93.36,93.36,93.36,92.28,92.28,92.28,92.28,92.28,92.28,91.73,91.73,91.19,91.19,90.65"
Rec-031_30s_3,4,13,3735,core,343,331,0.0,5.0,0.9884,345,333,355,336,1.0,True,95.1247,111.2714,86.8478,4.8739,94.4463,"111.27,106.93,103.67,102.04,100.42,98.79,98.25,97.16,95.53,94.45,92.28,102.04,99.87,98.25,97.70,97.16,96.07,95.53,94.45,93.36,92.28,91.19,96.62,96.07,95.53,94.99,94.45,94.45,93.36,92.28,91.19,90.65,89.02,93.36,92.28,92.28,92.28,91.73,91.19,91.19,90.10,89.02,87.93,86.85"
Rec-031_30s_3,4,14,3736,core,352,331,0.0,9.0,0.9864,354,333,364,336,0.2727,False,81.5561,106.9294,73.822,8.7186,76.8071,"106.93,102.04,95.53,85.76,80.33,77.62,76.54,75.99,75.45,74.91,74.36,98.79,95.53,91.73,84.13,79.79,77.08,75.99,75.45,74.91,74.36,74.36,94.45,92.28,88.48,81.96,78.71,76.54,75.99,75.45,74.91,74.36,74.36,90.65,89.02,85.76,80.88,77.62,76.54,75.45,74.91,74.36,74.36,73.82"
Rec-031_30s_3,4,15,3737,core,355,331,0.0,3.0,0.9869,357,333,367,336,0.0,False,77.8555,97.7027,73.822,4.7856,75.9929,"97.70,89.56,84.13,79.79,77.62,76.54,75.99,75.45,75.45,74.91,74.36,89.56,83.59,79.79,77.62,77.08,75.99,75.45,75.45,74.91,74.91,74.36,84.13,80.33,78.16,77.08,75.99,75.99,75.45,75.45,74.91,74.91,74.36,81.96,78.71,77.08,75.99,75.99,75.45,75.45,74.91,74.91,74.36,73.82"
Rec-031_30s_3,5,1,3866,core,291,331,0.0,1.0,0.9865,293,333,303,336,1.0,True,95.3837,123.7545,88.4761,6.8928,93.3608,"123.75,113.99,108.56,104.22,102.04,100.42,99.33,98.25,98.25,97.16,96.62,100.96,99.87,98.25,96.07,95.53,95.53,94.99,94.45,94.45,93.36,93.36,93.36,93.36,92.28,92.28,92.28,92.28,92.28,91.73,91.73,91.19,91.19,88.48,89.02,89.56,89.56,89.56,89.56,89.56,89.56,89.56,89.56,89.56"
Rec-031_30s_3,5,2,3867,core,296,331,0.0,5.0,0.9845,298,333,308,336,1.0,True,95.4948,119.4126,88.4761,6.1125,93.9035,"119.41,111.81,106.93,103.13,100.96,99.33,98.25,98.25,97.16,96.07,95.53,103.67,101.50,98.25,97.16,95.53,95.53,94.45,94.45,93.36,92.28,92.28,96.62,95.53,94.45,93.36,93.36,93.36,92.28,91.73,91.19,91.19,90.65,91.19,91.19,91.19,91.19,90.65,90.65,90.10,89.56,89.56,89.02,88.48"
Rec-031_30s_3,5,3,3868,core,304,331,0.0,8.0,0.9858,306,333,316,336,1.0,True,95.5317,129.182,87.9333,7.8087,93.3608,"129.18,116.70,109.64,105.30,100.96,98.25,97.16,95.53,94.99,94.45,93.36,105.84,103.13,99.87,97.70,95.53,94.45,93.36,92.28,91.73,91.19,91.19,98.25,96.07,94.99,93.36,93.36,92.28,91.19,91.19,90.65,90.10,89.56,92.28,91.73,91.19,91.19,90.65,90.10,89.56,89.02,88.48,88.48,87.93"
Rec-031_30s_3,5,4,3869,core,309,331,0.0,5.0,0.9895,311,333,321,336,1.0,True,93.9405,120.498,87.9333,6.3256,92.0039,"120.50,111.27,105.30,101.50,98.25,96.62,95.53,94.99,94.45,93.36,92.28,103.13,99.87,97.16,95.53,94.45,93.36,92.28,91.19,91.19,90.65,90.10,96.07,94.45,93.36,92.28,91.19,91.19,90.65,90.10,89.56,89.56,89.02,91.73,91.19,90.10,90.10,89.56,89.56,88.48,88.48,87.93,87.93,87.93"
Rec-031_30s_3,5,5,3870,core,314,331,0.0,5.0,0.987,316,333,326,336,1.0,True,92.8674,112.8996,87.9333,4.9322,91.1898,"112.90,106.39,102.04,98.25,96.62,95.53,94.45,94.45,93.36,93.36,92.28,99.87,97.70,95.53,94.45,92.28,92.28,91.19,91.19,91.19,90.65,90.65,94.45,93.36,92.28,91.19,91.19,90.65,90.10,89.56,89.56,89.56,89.56,90.65,90.10,89.56,89.56,89.02,88.48,88.48,88.48,87.93,87.93,87.93"
Rec-031_30s_3,5,6,3871,core,318,331,0.0,4.0,0.9899,320,333,330,336,1.0,True,93.6322,117.7843,88.4761,5.6136,91.7325,"117.78,109.10,103.67,99.87,97.70,95.53,95.53,94.99,94.45,94.45,93.36,101.50,98.25,96.07,94.45,93.36,92.28,92.28,91.73,91.73,91.73,91.19,94.99,93.36,92.28,91.73,91.19,91.19,90.65,90.65,90.10,90.10,90.10,91.19,90.10,89.56,89.56,89.56,89.56,89.02,88.48,88.48,88.48,88.48"
Rec-031_30s_3,5,7,3872,core,323,331,0.0,5.0,0.9884,325,333,335,336,1.0,True,93.7555,111.2714,89.5616,4.3961,93.3608,"111.27,105.30,102.04,98.79,97.16,96.07,95.53,95.53,95.53,95.53,95.53,99.33,97.70,95.53,94.45,93.36,93.36,93.36,93.36,93.36,92.28,93.36,94.45,93.36,92.28,91.73,91.19,91.19,91.19,91.19,91.19,91.19,91.19,90.65,90.10,90.10,89.56,89.56,89.56,89.56,89.56,89.56,89.56,89.56"
Rec-031_30s_3,5,8,3873,core,327,331,0.0,4.0,0.9903,329,333,339,336,1.0,True,95.2604,116.1561,90.6471,4.979,94.4463,"116.16,108.56,104.22,100.96,98.79,98.25,97.70,97.16,96.62,96.62,96.62,101.50,98.79,97.70,95.53,94.99,94.99,94.45,94.45,94.45,94.45,94.45,95.53,94.45,93.36,93.36,92.28,92.28,92.28,92.28,92.28,92.28,92.28,91.73,91.19,91.19,91.19,91.19,91.19,90.65,90.65,91.19,90.65,90.65"
Rec-031_30s_3,5,9,3874,core,332,331,0.0,5.0,0.9889,334,333,344,336,1.0,True,95.7661,111.2714,91.1898,4.1888,94.989,"111.27,106.93,103.13,100.96,99.33,98.79,98.25,98.25,97.70,97.70,97.16,101.50,98.79,97.70,96.62,96.07,95.53,95.53,95.53,95.53,94.99,94.99,95.53,94.99,94.45,94.45,94.45,93.36,93.36,93.36,93.36,93.36,93.36,92.28,91.73,91.73,91.73,91.73,91.73,91.73,91.19,91.19,91.19,91.19"
Rec-031_30s_3,5,10,3875,core,336,331,0.0,4.0,0.9901,338,333,348,336,1.0,True,96.938,115.6133,91.7325,4.8356,95.8031,"115.61,110.19,105.84,103.13,100.96,99.87,99.87,98.79,98.25,98.25,98.25,103.13,100.96,98.79,98.25,97.16,97.16,96.62,96.07,96.07,95.53,95.53,97.16,96.07,95.53,94.99,94.45,94.45,94.45,94.45,94.45,94.45,93.36,93.36,93.36,93.36,92.28,92.28,92.28,92.28,92.28,92.28,91.73,91.73"
Rec-031_30s_3,5,11,3876,core,341,331,0.0,5.0,0.9894,343,333,353,336,1.0,True,96.4322,111.8141,89.5616,4.4979,95.5318,"111.81,108.01,105.30,102.04,100.96,100.42,99.87,98.79,98.25,96.62,95.53,102.04,100.42,98.79,98.25,97.70,97.16,96.62,96.07,95.53,94.99,93.36,97.16,96.07,95.53,95.53,94.99,94.99,94.45,94.45,93.36,92.28,91.19,93.36,93.36,93.36,93.36,93.36,92.28,92.28,91.73,91.19,90.65,89.56"
Rec-031_30s_3,5,12,3877,core,345,331,0.0,4.0,0.9889,347,333,357,336,0.9091,False,94.2982,115.0706,79.7922,7.0901,93.9035,"115.07,110.19,106.39,103.13,100.96,99.33,97.70,95.53,93.36,90.10,83.05,103.67,102.04,99.87,98.25,97.16,96.07,94.99,93.36,91.73,89.56,82.51,98.25,96.62,96.07,95.53,94.45,93.36,92.28,91.19,89.56,86.85,80.88,94.45,94.45,93.36,92.28,92.28,91.19,90.10,89.56,87.93,84.68,79.79"
Rec-031_30s_3,5,13,3878,core,350,331,0.0,5.0,0.9877,352,333,362,336,0.4545,False,85.2936,110.7286,74.3647,10.0515,82.7773,"110.73,105.84,101.50,97.16,92.28,84.13,78.71,77.62,75.99,75.45,74.91,102.04,98.79,96.07,94.45,90.65,83.59,78.71,76.54,75.99,74.91,74.36,96.07,94.45,93.36,91.19,88.48,81.96,78.16,76.54,75.45,74.91,74.36,92.28,91.73,90.10,89.02,85.76,80.88,77.62,75.99,75.45,74.36,74.36"
Rec-031_30s_3,5,14,3879,core,354,331,0.0,4.0,0.9876,356,333,366,336,0.0909,False,78.978,105.3012,73.822,6.6296,75.9929,"105.30,92.28,84.68,80.88,78.16,77.08,75.99,75.45,75.45,74.91,74.36,96.62,87.39,81.42,78.71,77.08,75.99,75.99,75.45,74.91,74.91,74.36,91.19,83.59,79.79,77.62,76.54,75.99,75.45,75.45,74.91,74.36,74.36,87.39,81.42,78.71,77.08,75.99,75.45,74.91,74.91,74.36,74.36,73.82"
Rec-031_30s_3,5,15,3880,core,355,330,45.0,1.41,0.991,357,332,367,335,0.0,False,79.5208,113.9851,73.822,7.676,76.2643,"113.99,96.07,88.48,83.59,79.79,77.62,76.54,75.99,75.99,75.45,74.91,97.16,88.48,83.59,79.79,77.62,76.54,75.99,75.45,74.91,74.91,74.36,89.56,83.59,79.79,77.62,76.54,75.99,75.45,74.91,74.91,74.36,74.36,84.68,80.33,77.62,77.08,75.99,75.99,75.45,74.91,74.36,74.36,73.82"
Rec-031_30s_3,6,1,4013,core,290,331,0.0,0.0,0.9866,292,333,302,336,1.0,True,96.3212,127.011,87.9333,7.26,94.1749,"127.01,116.16,109.64,105.84,103.13,101.50,100.42,99.87,99.33,98.25,98.25,99.87,99.87,98.25,97.16,96.07,96.07,96.07,95.53,95.53,95.53,94.99,92.28,93.36,92.28,92.28,93.36,93.36,93.36,93.36,93.36,93.36,92.28,87.93,88.48,89.56,90.10,90.10,90.65,91.19,91.19,90.65,90.65,90.65"
Rec-031_30s_3,6,2,4014,core,294,331,0.0,4.0,0.987,296,333,306,336,1.0,True,97.7397,128.6392,90.6471,7.4024,95.5318,"128.64,117.78,111.81,106.93,103.67,102.04,100.96,99.87,98.79,98.25,97.70,106.39,103.67,101.50,99.33,98.25,97.16,96.62,95.53,95.53,94.99,94.45,98.25,97.16,96.07,95.53,94.99,94.45,94.45,93.36,93.36,93.36,92.28,92.28,92.28,92.28,91.73,91.73,91.73,91.73,91.19,91.19,90.65,90.65"
Rec-031_30s_3,6,3,4015,core,299,331,0.0,5.0,0.9873,301,333,311,336,1.0,True,96.7899,122.669,89.5616,6.4247,94.989,"122.67,113.99,108.56,105.30,102.04,100.42,99.33,98.25,97.16,96.62,95.53,105.84,103.13,100.42,98.25,97.16,96.07,95.53,94.99,94.45,93.36,93.36,98.25,97.16,95.53,94.99,94.45,94.45,93.36,93.36,92.28,91.73,91.19,94.45,93.36,93.36,92.28,92.28,91.19,91.19,90.65,90.65,90.65,89.56"
Rec-031_30s_3,6,4,4016,core,308,331,0.0,9.0,0.9887,310,333,320,336,1.0,True,95.4331,119.4126,89.0188,5.8994,93.9035,"119.41,111.27,106.39,102.04,99.87,98.79,97.70,96.62,95.53,95.53,94.45,104.22,101.50,98.25,96.62,95.53,94.99,94.45,93.36,93.36,92.28,91.73,97.70,95.53,94.99,94.45,93.36,92.28,92.28,91.73,91.19,91.19,90.65,93.36,92.28,91.73,91.19,91.19,91.19,90.65,90.10,89.56,89.56,89.02"
Rec-031_30s_3,6,5,4017,core,312,331,0.0,4.0,0.9895,314,333,324,336,1.0,True,95.7168,122.669,89.0188,6.4675,93.9035,"122.67,112.90,108.01,103.13,100.42,98.25,97.16,96.62,95.53,94.99,94.45,105.30,102.04,99.33,97.70,95.53,94.99,94.45,93.36,93.36,92.28,91.73,98.25,96.07,94.99,94.45,93.36,93.36,92.28,91.73,91.19,91.19,90.65,93.36,92.28,92.28,91.73,91.19,90.65,90.10,90.10,89.56,89.56,89.02"
Rec-031_30s_3,6,6,4018,core,317,331,0.0,5.0,0.9899,319,333,329,336,1.0,True,94.6683,117.2416,88.4761,5.6182,92.818,"117.24,110.19,105.30,101.50,98.25,97.16,96.07,95.53,94.99,94.45,94.45,103.13,100.42,97.70,96.07,94.99,94.45,93.36,92.28,92.28,91.73,91.73,96.62,94.99,94.45,93.36,92.28,92.28,91.19,91.19,91.19,90.65,90.65,92.28,91.73,91.19,91.19,90.65,90.10,90.10,89.56,89.02,89.02,88.48"
Rec-031_30s_3,6,7,4019,core,321,331,0.0,4.0,0.9895,323,333,333,336,1.0,True,95.137,120.498,89.5616,5.965,93.3608,"120.50,111.81,105.84,102.04,98.79,97.16,96.62,96.07,95.53,95.53,95.53,103.13,100.42,98.25,96.07,94.99,94.45,93.36,93.36,93.36,93.36,93.36,96.62,95.53,94.45,93.36,92.28,92.28,91.73,91.19,91.19,91.19,91.19,92.28,91.73,91.19,91.19,90.65,90.10,90.10,89.56,89.56,89.56,89.56"
Rec-031_30s_3,6,8,4020,core,326,331,0.0,5.0,0.9903,328,333,338,336,1.0,True,95.1617,113.9851,90.6471,4.6383,94.4463,"113.99,107.47,103.13,100.96,98.25,98.25,97.70,97.16,96.62,96.62,96.07,101.50,98.79,97.16,96.07,94.99,94.99,94.99,94.45,94.45,94.45,94.45,95.53,94.45,93.36,93.36,92.28,92.28,92.28,92.28,92.28,92.28,92.28,91.73,91.19,91.19,91.19,90.65,91.19,91.19,90.65,90.65,91.19,91.19"
Rec-031_30s_3,6,9,4021,core,330,331,0.0,4.0,0.9891,332,333,342,336,1.0,True,96.4199,117.2416,91.1898,5.1866,95.5318,"117.24,110.73,105.84,102.04,100.96,99.33,98.79,98.25,97.70,97.70,97.70,103.13,100.96,98.79,97.16,96.62,96.07,95.53,95.53,95.53,95.53,95.53,96.62,95.53,94.45,94.45,94.45,94.45,93.36,93.36,93.36,93.36,93.36,92.28,92.28,91.73,91.73,91.73,91.73,91.73,91.73,91.73,91.19,91.19"
Rec-031_30s_3,6,10,4022,core,335,331,0.0,5.0,0.9905,337,333,347,336,1.0,True,96.938,113.9851,92.2753,4.4776,96.0745,"113.99,109.10,105.30,102.04,100.96,99.87,99.33,98.79,98.25,98.25,98.25,103.13,100.42,98.79,98.25,97.16,97.16,96.62,96.62,96.07,96.07,96.07,97.16,95.53,95.53,95.53,94.99,94.45,94.45,94.45,94.45,94.45,94.45,93.36,93.36,93.36,93.36,92.28,92.28,92.28,92.28,92.28,92.28,92.28"
Rec-031_30s_3,6,11,4023,core,339,331,0.0,4.0,0.9885,341,333,351,336,1.0,True,97.7768,117.2416,91.1898,5.0671,96.6172,"117.24,111.27,107.47,104.22,102.04,101.50,100.42,99.87,99.33,98.25,97.70,104.22,102.04,100.42,98.79,98.25,98.25,98.25,97.16,96.62,96.07,95.53,98.25,97.16,96.62,96.07,95.53,95.53,95.53,94.99,94.99,94.45,93.36,94.45,94.45,93.36,93.36,93.36,93.36,93.36,93.36,92.28,92.28,91.19"
Rec-031_30s_3,6,12,4024,core,344,331,0.0,5.0,0.99,346,333,356,336,1.0,True,95.9142,113.9851,85.2196,5.7224,95.2604,"113.99,109.64,106.39,103.67,101.50,99.87,98.79,97.16,95.53,93.36,90.10,103.67,102.04,100.42,99.33,98.25,97.70,96.07,95.53,93.36,92.28,89.02,98.25,97.70,96.62,96.07,95.53,94.99,94.45,92.28,91.19,89.56,87.39,94.45,94.45,94.45,94.45,93.36,92.28,91.73,90.65,89.56,87.93,85.22"
Rec-031_30s_3,6,13,4025,core,353,331,0.0,9.0,0.9885,355,333,365,336,0.1818,False,80.2856,106.9294,73.822,8.1344,75.9929,"106.93,99.87,88.48,81.96,78.71,77.08,75.99,75.99,75.45,74.91,74.36,99.33,94.45,85.22,79.79,77.62,75.99,75.99,75.45,74.91,74.36,74.36,94.45,90.10,83.05,78.71,77.08,75.99,75.45,74.91,74.91,74.36,73.82,90.10,87.93,81.42,78.16,76.54,75.99,74.91,74.91,74.36,74.36,73.82"
Rec-031_30s_3,6,14,4026,core,355,330,26.57,2.24,0.9856,357,332,367,335,0.0,False,80.0635,119.4126,73.822,8.5897,76.2643,"119.41,99.87,90.10,84.68,80.33,77.62,77.08,75.99,75.99,75.45,74.91,98.25,89.56,84.13,80.33,78.16,76.54,75.99,75.99,74.91,74.91,74.36,90.65,84.13,80.33,78.16,76.54,75.99,75.99,75.45,74.91,74.36,74.36,85.76,80.88,78.16,77.08,75.99,75.99,75.45,74.91,74.91,74.36,73.82"
Rec-032_30s_4,1,1,3294,core,290,331,0.0,0.0,0.9884,292,333,302,336,1.0,True,83.1226,109.1004,75.9929,6.8159,81.149,"109.10,100.96,96.07,92.28,89.56,88.48,87.93,87.39,86.85,85.76,85.22,89.02,88.48,86.31,84.68,83.59,83.05,83.05,82.51,81.96,81.42,80.88,81.96,80.88,80.88,80.33,80.33,79.79,79.79,78.71,78.71,78.71,77.62,77.62,77.08,77.62,77.08,77.08,77.08,77.08,76.54,75.99,75.99,75.99"
Rec-032_30s_4,1,2,3295,core,292,331,0.0,2.0,0.9848,294,333,304,336,1.0,True,83.135,106.3867,75.4502,6.426,81.4204,"106.39,99.87,94.99,91.73,89.56,87.93,87.93,86.31,85.76,84.68,84.13,91.19,89.02,86.85,85.22,84.13,83.59,83.05,81.96,80.88,80.88,79.79,83.59,83.05,81.96,80.88,80.88,79.79,79.79,78.71,78.71,78.16,77.62,78.71,78.71,78.16,77.62,77.62,77.62,77.08,75.99,75.99,75.99,75.45"
Rec-032_30s_4,1,3,3296,core,296,331,0.0,4.0,0.9878,298,333,308,336,1.0,True,83.32,112.8996,74.9074,7.5129,81.149,"112.90,103.13,97.16,92.28,89.56,87.39,85.76,85.22,84.13,83.59,83.05,94.45,91.19,87.93,85.76,84.13,83.05,81.96,80.88,80.88,79.79,79.79,85.76,84.13,82.51,81.42,80.33,79.79,78.71,78.71,77.62,77.62,77.08,79.79,78.71,78.71,78.16,77.62,77.08,76.54,75.99,75.45,75.45,74.91"
Rec-032_30s_4,1,4,3297,core,301,331,0.0,5.0,0.9861,303,333,313,336,1.0,True,81.8151,105.3012,74.3647,6.221,79.7922,"105.30,98.25,93.36,89.56,87.39,85.76,84.68,83.59,83.05,82.51,81.96,91.19,87.93,85.76,83.59,82.51,81.42,80.88,79.79,79.79,78.71,78.71,84.13,82.51,80.88,79.79,79.79,78.71,78.16,77.62,77.62,77.08,76.54,78.71,78.16,77.62,77.08,77.08,76.54,75.99,75.45,75.45,74.36,74.91"
Rec-032_30s_4,1,5,3298,core,305,331,0.0,4.0,0.9883,307,333,317,336,1.0,True,82.1482,110.1859,74.9074,6.7729,80.0635,"110.19,99.87,94.45,90.10,86.85,85.22,84.13,84.13,83.05,83.05,82.51,91.73,89.02,85.76,84.13,82.51,81.42,80.88,80.33,79.79,79.79,78.71,84.13,82.51,80.88,79.79,78.71,78.71,78.71,77.62,77.62,77.62,77.08,78.71,78.16,77.62,77.62,77.08,76.54,75.99,75.99,75.45,75.45,74.91"
Rec-032_30s_4,1,6,3299,core,314,331,0.0,9.0,0.9888,316,333,326,336,1.0,True,82.4319,106.3867,76.5357,5.945,80.8776,"106.39,98.25,93.36,89.56,86.85,85.76,84.68,84.13,84.13,84.13,84.13,90.65,87.93,85.76,83.59,82.51,81.42,80.88,80.88,80.88,80.88,80.88,83.59,81.96,80.88,80.33,79.79,78.71,78.71,78.71,78.71,78.71,78.71,78.71,78.16,77.62,77.62,77.62,77.08,77.08,77.08,76.54,76.54,76.54"
Rec-032_30s_4,1,7,3300,core,319,331,0.0,5.0,0.9885,321,333,331,336,1.0,True,82.9253,102.0447,77.6212,5.037,82.5059,"102.04,95.53,91.19,89.02,87.39,86.31,85.76,85.76,85.76,85.76,85.76,89.56,87.39,85.22,83.59,83.05,83.05,82.51,82.51,82.51,82.51,82.51,83.05,81.96,80.88,80.88,80.33,80.33,79.79,79.79,79.79,79.79,79.79,78.71,78.71,78.16,78.16,78.16,77.62,77.62,77.62,77.62,77.62,77.62"
Rec-032_30s_4,1,8,3301,core,323,331,0.0,4.0,0.9889,325,333,335,336,1.0,True,84.4918,105.8439,78.7067,5.5045,83.5914,"105.84,98.25,94.45,91.19,89.56,87.93,87.93,87.39,87.39,87.39,87.39,91.19,89.02,86.85,85.76,84.13,84.13,84.13,84.13,83.59,83.59,83.59,84.13,83.05,82.51,81.96,81.42,81.42,81.42,80.88,81.42,80.88,81.42,79.79,79.79,79.79,79.79,79.79,79.79,78.71,78.71,78.71,78.71,78.71"
Rec-032_30s_4,1,9,3302,core,328,331,0.0,5.0,0.9892,330,333,340,336,1.0,True,85.306,102.0447,79.7922,4.7414,84.6769,"102.04,97.70,93.36,91.19,89.56,89.56,89.02,88.48,88.48,88.48,87.93,91.19,89.02,87.39,85.76,85.76,85.22,85.22,84.68,84.68,84.68,84.68,84.68,84.13,83.05,83.05,83.05,83.05,83.05,82.51,82.51,82.51,81.96,80.88,80.88,80.88,80.88,80.88,80.33,80.33,80.33,80.33,80.33,79.79"
Rec-032_30s_4,1,10,3303,core,337,331,0.0,9.0,0.9898,339,333,349,336,1.0,True,86.7985,103.1302,80.8776,4.8224,85.7624,"103.13,98.25,95.53,93.36,91.73,91.19,91.19,90.65,90.10,89.56,89.56,92.28,90.65,89.02,87.93,87.39,87.39,86.85,86.31,86.31,85.76,85.76,86.31,85.76,85.22,84.68,84.13,84.13,84.13,84.13,83.59,83.59,83.59,83.05,83.05,82.51,82.51,81.96,81.42,81.42,81.42,80.88,80.88,80.88"
Rec-032_30s_4,1,11,3304,core,346,331,0.0,9.0,0.9875,348,333,358,336,0.8182,False,85.1703,103.1302,74.9074,6.3292,84.6769,"103.13,99.33,96.07,94.45,92.28,91.19,89.56,87.93,85.22,79.79,76.54,93.36,91.73,90.10,89.02,88.48,87.93,86.31,85.76,83.05,78.16,75.99,87.93,86.85,85.76,85.76,85.22,84.13,83.59,83.05,80.33,77.62,75.99,83.59,83.05,83.05,83.05,81.96,81.42,80.88,79.79,78.16,75.99,74.91"
Rec-032_30s_4,1,12,3305,core,350,331,0.0,4.0,0.985,352,333,362,336,0.4545,False,81.8398,106.9294,74.3647,7.8215,79.2494,"106.93,100.96,96.62,92.28,87.93,80.88,78.16,76.54,75.99,75.45,74.91,95.53,92.28,90.10,87.93,84.68,79.79,77.62,75.99,75.99,74.91,74.36,87.93,86.85,85.76,84.13,81.96,78.71,76.54,75.99,75.45,74.91,74.36,83.59,83.05,82.51,80.88,79.79,77.62,75.99,75.45,74.91,74.36,74.36"
Rec-032_30s_4,1,13,3306,core,355,331,0.0,5.0,0.9843,357,333,367,336,0.0,False,76.8317,91.1898,73.822,3.4626,75.7216,"91.19,85.76,80.88,78.16,77.08,75.99,75.99,75.45,74.91,74.91,74.36,85.22,80.88,78.71,77.62,75.99,75.99,75.45,74.91,74.91,74.36,74.36,80.88,78.71,77.62,75.99,75.99,75.45,74.91,74.91,74.36,74.36,73.82,78.71,77.08,75.99,75.99,75.45,75.45,74.91,74.91,74.36,73.82,73.82"
Rec-032_30s_4,2,1,3431,core,291,331,0.0,1.0,0.9836,293,333,303,336,1.0,True,90.166,124.84,81.9631,8.1922,87.9333,"124.84,111.27,105.30,100.42,97.70,95.53,94.45,93.36,92.28,92.28,91.19,97.70,95.53,94.45,91.73,90.65,90.10,89.56,89.02,87.93,87.93,87.39,89.56,88.48,87.93,87.39,87.39,86.31,85.76,85.76,85.22,84.68,84.13,83.05,83.59,83.59,83.59,83.59,83.59,83.05,83.05,82.51,82.51,81.96"
Rec-032_30s_4,2,2,3432,core,296,331,0.0,5.0,0.9879,298,333,308,336,1.0,True,89.5862,117.7843,81.4204,7.1947,87.9333,"117.78,108.56,103.13,98.25,95.53,94.45,93.36,92.28,91.73,91.19,90.65,98.79,96.07,93.36,91.19,90.10,89.56,88.48,87.93,87.93,86.85,86.85,91.19,89.56,87.93,87.39,86.31,85.76,85.76,85.22,84.68,84.13,84.13,85.22,84.68,84.13,84.13,83.59,83.05,83.05,82.51,81.96,81.96,81.42"
Rec-032_30s_4,2,3,3433,core,300,331,0.0,4.0,0.9857,302,333,312,336,1.0,True,89.981,124.2973,81.9631,8.0434,87.9333,"124.30,111.27,104.22,99.33,96.07,94.45,93.36,92.28,91.19,90.65,90.65,99.87,96.62,94.45,91.73,90.10,89.56,88.48,87.93,87.93,87.39,86.85,91.19,89.56,87.93,87.39,86.31,85.76,85.76,85.22,84.68,84.68,84.13,85.76,84.68,84.13,84.13,83.05,83.05,83.05,83.05,82.51,82.51,81.96"
Rec-032_30s_4,2,4,3434,core,305,331,0.0,5.0,0.9887,307,333,317,336,1.0,True,88.9448,115.0706,81.4204,6.5851,87.662,"115.07,105.84,100.96,97.16,94.45,93.36,92.28,91.19,90.65,89.56,89.56,97.70,94.99,92.28,90.65,89.56,89.02,87.93,87.93,87.39,86.31,85.76,90.65,89.02,87.93,86.85,86.31,85.76,85.76,85.22,84.13,84.13,84.13,85.22,84.13,84.13,83.59,83.59,83.05,83.05,82.51,81.96,81.42,81.42"
Rec-032_30s_4,2,5,3435,core,310,331,0.0,5.0,0.9854,312,333,322,336,1.0,True,88.217,109.1004,81.9631,5.4796,87.1192,"109.10,102.04,98.25,94.99,93.36,91.73,91.19,90.65,90.10,89.56,89.56,96.07,93.36,91.19,89.56,88.48,87.93,87.93,87.39,86.85,86.31,86.31,89.56,87.93,87.39,85.76,85.76,85.76,85.22,84.68,84.13,84.13,84.13,84.68,84.13,84.13,83.59,83.59,83.05,83.05,82.51,82.51,81.96,81.96"
Rec-032_30s_4,2,6,3436,core,314,331,0.0,4.0,0.9892,316,333,326,336,1.0,True,88.6488,111.2714,82.5059,5.6721,87.3906,"111.27,103.67,98.79,95.53,93.36,92.28,91.19,91.19,90.65,90.10,89.56,96.07,93.36,91.19,89.56,89.56,88.48,87.93,87.93,87.39,87.39,86.85,89.56,87.93,87.39,86.31,85.76,85.76,85.76,85.22,85.22,84.68,84.13,85.22,84.13,84.13,83.59,83.59,83.59,83.59,83.05,83.05,83.05,82.51"
Rec-032_30s_4,2,7,3437,core,319,331,0.0,5.0,0.987,321,333,331,336,1.0,True,88.4144,106.9294,83.0486,4.9232,87.662,"106.93,100.96,97.16,94.45,92.28,91.73,91.19,90.65,90.65,90.65,90.10,95.53,92.28,91.19,89.56,89.02,88.48,87.93,87.93,87.39,87.93,87.39,89.02,87.93,87.39,86.31,85.76,85.76,85.76,85.76,85.22,85.22,85.22,84.68,84.13,84.13,84.13,83.59,83.59,83.05,83.05,83.05,83.05,83.05"
Rec-032_30s_4,2,8,3438,core,323,331,0.0,4.0,0.9897,325,333,335,336,1.0,True,89.4259,110.7286,83.5914,5.3668,88.4761,"110.73,103.13,98.25,95.53,93.36,92.28,92.28,91.73,91.73,91.73,92.28,96.62,94.45,91.73,90.65,89.56,89.56,89.02,89.02,88.48,88.48,88.48,90.10,89.02,87.93,87.39,86.85,86.85,86.31,85.76,85.76,85.76,85.76,85.76,85.22,84.68,84.68,84.13,84.13,84.13,84.13,84.13,83.59,83.59"
Rec-032_30s_4,2,9,3439,core,328,331,0.0,5.0,0.9876,330,333,340,336,1.0,True,89.9933,105.8439,84.6769,4.6308,89.8329,"105.84,100.96,97.70,95.53,94.45,94.45,94.45,93.36,93.36,93.36,93.36,95.53,93.36,91.19,90.65,90.10,90.10,90.10,90.10,90.10,90.10,90.10,89.56,89.02,87.93,87.93,87.93,87.39,87.39,87.39,87.39,87.39,87.39,85.76,85.22,85.22,85.22,85.22,84.68,84.68,84.68,84.68,84.68,84.68"
Rec-032_30s_4,2,10,3440,core,332,331,0.0,4.0,0.9898,334,333,344,336,1.0,True,91.2021,109.1004,85.2196,5.1496,90.6471,"109.10,103.67,99.87,97.70,96.62,95.53,95.53,94.99,94.99,94.45,94.45,97.16,94.99,93.36,92.28,91.73,91.73,91.19,91.19,91.19,91.19,90.65,90.65,89.56,89.02,89.02,88.48,88.48,88.48,88.48,87.93,87.93,87.93,86.31,85.76,85.76,85.76,85.76,85.76,85.76,85.76,85.76,85.76,85.22"
Rec-032_30s_4,2,11,3441,core,337,331,0.0,5.0,0.9885,339,333,349,336,1.0,True,91.3872,107.4722,85.7624,4.82,90.9184,"107.47,103.13,99.87,98.25,96.62,95.53,95.53,94.99,94.45,94.45,93.36,97.16,94.99,93.36,92.28,92.28,91.73,91.73,91.19,91.19,91.19,90.65,91.19,90.10,89.56,89.56,89.56,89.02,89.02,88.48,88.48,87.93,87.93,87.39,86.85,86.85,86.31,86.31,86.31,85.76,85.76,85.76,85.76,85.76"
Rec-032_30s_4,2,12,3442,core,341,331,0.0,4.0,0.9895,343,333,353,336,1.0,True,91.8559,110.1859,84.1341,5.2962,90.9184,"110.19,105.30,101.50,98.79,97.70,96.62,95.53,94.45,93.36,93.36,92.28,98.25,96.62,94.99,94.45,93.36,92.28,92.28,91.73,91.19,90.65,89.56,92.28,91.19,90.65,90.10,89.56,89.56,89.56,89.02,87.93,87.93,87.39,87.93,87.93,87.93,87.39,86.85,86.85,86.31,85.76,85.76,85.22,84.13"
Rec-032_30s_4,2,13,3443,core,346,331,0.0,5.0,0.9862,348,333,358,336,0.8182,False,88.254,106.9294,75.9929,6.8587,87.9333,"106.93,102.04,98.25,96.62,94.99,94.45,92.28,91.19,87.93,80.88,77.62,97.70,95.53,94.45,92.28,91.73,91.19,90.10,89.02,85.76,79.79,77.08,91.73,91.19,90.65,89.56,89.02,87.93,87.39,85.76,83.05,78.71,76.54,87.93,87.93,87.39,86.31,85.76,85.76,84.68,83.59,80.88,77.62,75.99"
Rec-032_30s_4,2,14,3444,core,350,331,0.0,4.0,0.9862,352,333,362,336,0.4545,False,83.4434,108.0149,74.3647,8.7625,80.6063,"108.01,103.13,98.25,94.99,90.65,83.05,78.71,77.08,75.99,75.45,75.45,98.25,95.53,93.36,91.19,87.93,81.42,78.16,76.54,75.99,74.91,74.36,91.19,90.10,89.56,87.93,84.68,79.79,77.62,75.99,75.45,74.91,74.36,87.93,86.85,85.76,84.68,82.51,78.16,76.54,75.45,74.91,74.36,74.36"
Rec-032_30s_4,2,15,3445,core,355,331,0.0,5.0,0.9832,357,333,367,336,0.0,False,76.8934,91.7325,73.822,3.5926,75.4502,"91.73,85.22,80.88,78.16,76.54,75.99,75.45,75.45,74.91,74.91,74.36,85.76,80.88,78.71,77.08,75.99,75.99,75.45,75.45,74.91,74.36,73.82,82.51,78.71,77.62,76.54,75.99,75.45,75.45,74.91,74.36,74.36,73.82,79.79,77.62,76.54,75.99,75.45,74.91,74.91,74.36,74.36,73.82,73.82"
Rec-032_30s_4,3,1,3574,core,290,331,0.0,0.0,0.9901,292,333,302,336,1.0,True,90.8691,112.8996,83.0486,6.0816,89.2902,"112.90,106.39,103.13,99.33,97.16,96.62,95.53,94.99,94.45,94.45,94.45,94.45,94.45,92.28,91.19,91.19,91.19,91.19,91.19,90.65,90.10,90.10,87.93,87.93,87.93,87.93,88.48,87.93,87.93,87.93,87.93,87.93,87.93,83.05,83.59,84.68,85.22,85.22,85.22,85.76,85.22,85.22,85.22,84.68"
Rec-032_30s_4,3,2,3575,core,293,331,0.0,3.0,0.9857,295,333,305,336,1.0,True,93.2498,125.9255,85.7624,7.6796,91.1898,"125.93,112.90,107.47,103.13,99.33,97.70,96.62,95.53,95.53,94.45,93.36,102.04,99.33,97.16,94.99,93.36,92.28,92.28,91.73,91.19,91.19,90.10,93.36,92.28,91.19,90.65,90.10,89.56,89.56,89.02,89.02,88.48,87.93,87.93,87.39,87.39,87.39,86.85,86.85,86.31,86.31,86.31,85.76,85.76"
Rec-032_30s_4,3,3,3576,core,302,331,0.0,9.0,0.9876,304,333,314,336,1.0,True,92.4727,123.7545,85.2196,7.2634,90.3757,"123.75,111.81,105.30,100.96,97.70,95.53,94.99,94.45,93.36,92.28,91.73,102.04,98.79,96.07,94.45,92.28,91.19,91.19,90.65,90.10,89.56,89.02,94.45,92.28,91.19,90.10,89.56,89.56,88.48,88.48,87.93,87.93,87.39,89.02,87.93,87.93,87.39,86.85,86.85,86.31,85.76,85.76,85.22,85.22"
Rec-032_30s_4,3,4,3577,core,307,331,0.0,5.0,0.9891,309,333,319,336,1.0,True,91.6709,116.1561,84.6769,5.9917,90.1043,"116.16,107.47,102.04,98.25,96.07,94.99,94.45,93.36,92.28,92.28,91.19,100.42,97.70,94.99,93.36,91.73,91.19,90.65,90.10,89.56,89.56,89.02,93.36,91.73,91.19,90.10,89.56,89.02,88.48,87.93,87.93,87.93,87.39,88.48,87.93,87.93,87.39,86.85,86.31,85.76,85.76,85.76,85.22,84.68"
Rec-032_30s_4,3,5,3578,core,311,331,0.0,4.0,0.9873,313,333,323,336,1.0,True,92.1026,120.498,85.7624,6.5435,90.1043,"120.50,109.10,103.13,99.33,96.62,95.53,94.45,93.36,93.36,92.28,91.73,100.96,97.70,95.53,93.36,92.28,91.19,90.65,90.10,90.10,89.56,89.56,94.45,92.28,91.19,90.10,89.56,89.02,88.48,88.48,87.93,87.93,87.93,89.02,87.93,87.93,87.39,86.85,86.31,86.31,85.76,85.76,85.76,85.76"
Rec-032_30s_4,3,6,3579,core,334,331,0.0,23.0,0.9905,336,333,346,336,1.0,True,94.1996,111.8141,88.4761,4.9058,93.3608,"111.81,106.39,103.13,100.42,98.79,98.25,97.70,96.62,96.62,95.53,95.53,100.96,98.25,97.16,95.53,94.99,94.45,94.45,93.36,93.36,93.36,93.36,94.99,93.36,93.36,92.28,92.28,91.73,91.19,91.19,91.19,90.65,90.65,90.65,90.10,89.56,89.56,89.56,89.02,89.02,89.02,88.48,88.48,88.48"
Rec-032_30s_4,3,7,3580,core,339,331,0.0,5.0,0.9877,341,333,351,336,1.0,True,93.8048,109.1004,87.9333,4.4685,92.818,"109.10,105.30,101.50,99.33,98.25,97.70,97.16,96.62,96.07,95.53,94.45,99.33,97.70,96.07,95.53,94.99,94.45,94.45,94.45,93.36,92.28,92.28,94.45,93.36,92.28,92.28,92.28,91.73,91.19,91.19,91.19,90.65,90.10,90.10,90.10,89.56,89.56,89.56,89.56,89.02,89.02,88.48,87.93,87.93"
Rec-032_30s_4,3,8,3581,core,343,331,0.0,4.0,0.9897,345,333,355,336,1.0,True,93.3978,111.2714,84.6769,5.2012,92.2753,"111.27,106.39,103.13,100.42,98.25,97.16,96.62,95.53,94.45,92.28,91.19,100.42,98.79,97.16,95.53,94.99,94.45,93.36,93.36,91.73,91.19,89.56,94.99,94.45,93.36,92.28,92.28,91.73,91.19,90.65,89.56,89.02,87.39,91.19,90.65,90.10,89.56,89.56,89.56,88.48,87.93,87.39,86.31,84.68"
Rec-032_30s_4,3,9,3582,core,348,331,0.0,5.0,0.9855,350,333,360,336,0.6364,False,87.0082,106.9294,74.9074,8.5147,88.2047,"106.93,103.13,99.87,97.16,94.99,93.36,90.10,83.05,78.71,76.54,75.45,98.79,96.62,95.53,94.45,92.28,91.19,87.93,81.42,77.62,75.99,75.45,94.45,92.28,91.73,91.19,90.10,88.48,85.76,80.33,77.08,75.99,74.91,90.65,89.56,89.02,87.93,87.39,85.76,83.59,78.71,76.54,75.45,74.91"
Rec-032_30s_4,3,10,3583,core,352,331,0.0,4.0,0.9874,354,333,364,336,0.2727,False,81.112,105.3012,74.3647,8.068,76.8071,"105.30,100.42,94.99,85.76,80.33,77.62,76.54,75.99,75.45,74.91,74.91,97.70,94.45,90.65,83.05,78.71,77.08,75.99,75.99,75.45,74.91,74.91,92.28,90.10,86.85,80.88,78.16,76.54,75.99,75.45,74.91,74.91,74.36,88.48,87.39,84.13,79.79,77.62,75.99,75.45,74.91,74.91,74.36,74.36"
Rec-032_30s_4,3,11,3584,core,355,331,0.0,3.0,0.9845,357,333,367,336,0.0,False,77.6582,96.6172,73.822,4.5943,75.9929,"96.62,89.02,83.59,79.79,77.62,76.54,75.99,75.99,75.45,74.91,74.91,89.02,83.59,79.79,77.62,76.54,75.99,75.45,75.45,74.91,74.36,74.36,83.59,79.79,77.62,76.54,75.99,75.99,75.45,74.91,74.91,74.91,73.82,80.88,78.16,77.08,75.99,75.99,75.45,74.91,74.91,74.36,74.36,73.82"
Rec-032_30s_4,4,1,3715,core,291,331,0.0,1.0,0.9848,293,333,303,336,1.0,True,93.6075,116.1561,86.8478,5.8243,92.0039,"116.16,109.10,104.22,100.96,99.33,98.25,97.70,97.16,96.07,95.53,95.53,98.79,97.70,95.53,94.45,94.45,94.45,93.36,93.36,93.36,92.28,92.28,91.73,91.19,91.19,91.19,91.19,91.19,91.19,90.65,90.65,90.65,90.10,86.85,87.93,87.93,87.93,88.48,87.93,88.48,88.48,87.93,87.93,87.93"
Rec-032_30s_4,4,2,3716,core,295,331,0.0,4.0,0.9877,297,333,307,336,1.0,True,94.5203,121.5835,87.3906,6.6196,92.818,"121.58,111.81,106.39,103.13,99.87,98.25,97.70,96.62,95.53,95.53,94.45,103.13,100.96,98.25,95.53,94.99,94.45,93.36,93.36,92.28,91.73,91.19,95.53,94.45,93.36,92.28,91.73,91.19,91.19,91.19,90.65,90.10,89.56,89.56,89.56,89.56,89.56,89.56,89.02,89.02,88.48,87.93,87.93,87.39"
Rec-032_30s_4,4,3,3717,core,299,331,0.0,4.0,0.9863,301,333,311,336,1.0,True,94.915,127.5537,87.3906,7.6726,92.2753,"127.55,115.61,109.10,103.67,100.42,98.25,97.16,95.53,95.53,94.45,93.36,105.30,102.04,99.33,96.62,95.53,94.45,93.36,92.28,91.73,91.19,90.65,96.62,95.53,94.45,92.28,92.28,91.19,91.19,90.65,90.10,89.56,89.56,91.19,90.65,90.10,89.56,89.56,89.02,88.48,87.93,87.93,87.39,87.93"
Rec-032_30s_4,4,4,3718,core,304,331,0.0,5.0,0.9888,306,333,316,336,1.0,True,93.2498,117.7843,86.8478,6.0144,91.4612,"117.78,109.64,104.22,100.42,97.70,96.07,95.53,94.45,93.36,93.36,92.28,102.04,98.79,96.62,94.45,93.36,92.28,91.73,91.19,91.19,90.65,90.10,95.53,94.45,92.28,91.73,91.19,90.65,90.10,89.56,89.56,89.02,88.48,90.65,89.56,89.56,89.56,88.48,88.48,87.93,87.93,87.39,86.85,86.85"
Rec-032_30s_4,4,5,3719,core,308,331,0.0,4.0,0.9868,310,333,320,336,1.0,True,93.6198,123.7545,87.3906,6.8374,91.4612,"123.75,111.81,105.84,100.96,98.25,96.07,95.53,94.45,93.36,93.36,92.28,103.13,99.87,97.16,94.99,93.36,92.28,91.73,91.19,91.19,90.10,90.10,95.53,94.45,92.28,91.73,91.19,90.65,90.10,89.56,89.56,89.02,89.02,90.65,90.10,89.56,89.56,89.02,88.48,87.93,87.93,87.39,87.39,87.39"
Rec-032_30s_4,4,6,3720,core,313,331,0.0,5.0,0.9898,315,333,325,336,1.0,True,92.6083,113.9851,87.3906,5.2228,91.1898,"113.99,106.93,102.04,98.25,96.07,95.53,94.45,94.45,93.36,93.36,92.28,100.42,97.70,95.53,93.36,92.28,91.73,91.19,91.19,90.65,90.65,90.65,94.45,92.28,91.19,91.19,90.65,90.10,89.56,89.56,89.56,89.56,89.02,89.56,89.56,89.02,89.02,88.48,87.93,87.93,87.93,87.39,87.39,87.39"
Rec-032_30s_4,4,7,3721,core,317,331,0.0,4.0,0.9866,319,333,329,336,1.0,True,93.3978,119.4126,87.9333,5.9986,91.4612,"119.41,110.19,103.67,99.87,97.70,96.07,94.99,94.45,94.45,93.36,93.36,101.50,98.25,96.07,94.45,93.36,92.28,92.28,91.73,91.19,91.19,91.19,94.45,93.36,92.28,91.19,91.19,90.65,90.10,90.10,90.10,90.10,89.56,90.10,89.56,89.56,89.02,88.48,88.48,88.48,87.93,87.93,87.93,87.93"
Rec-032_30s_4,4,8,3722,core,322,331,0.0,5.0,0.9905,324,333,334,336,1.0,True,93.6198,112.8996,89.0188,4.7124,92.2753,"112.90,106.39,102.04,98.79,97.16,96.07,95.53,95.53,94.99,94.99,94.99,99.87,97.70,95.53,94.45,93.36,93.36,93.36,92.28,92.28,92.28,92.28,94.45,93.36,92.28,91.19,91.19,91.19,91.19,91.19,91.19,91.19,91.19,90.10,89.56,89.56,89.56,89.56,89.56,89.56,89.02,89.02,89.02,89.02"
Rec-032_30s_4,4,9,3723,core,327,331,0.0,5.0,0.9869,329,333,339,336,1.0,True,94.2489,108.5576,89.5616,3.8675,94.4463,"108.56,103.67,100.96,98.25,97.70,97.16,97.16,96.62,96.62,96.62,96.62,98.79,97.16,95.53,94.45,94.45,94.45,94.45,94.45,94.45,94.45,94.45,94.45,93.36,92.28,92.28,92.28,92.28,92.28,92.28,92.28,92.28,92.28,90.65,90.65,90.10,90.10,90.10,90.10,90.10,90.10,90.10,90.10,89.56"
Rec-032_30s_4,4,10,3724,core,331,331,0.0,4.0,0.9905,333,333,343,336,1.0,True,95.8525,112.8996,91.1898,4.5178,95.5318,"112.90,107.47,103.67,101.50,99.87,98.79,98.25,98.25,98.25,97.70,97.70,101.50,99.33,98.25,97.16,96.07,95.53,95.53,95.53,95.53,95.53,95.53,95.53,94.99,94.45,94.45,94.45,93.36,93.36,93.36,93.36,93.36,93.36,91.73,91.19,91.19,91.19,91.19,91.19,91.19,91.19,91.19,91.19,91.19"
Rec-032_30s_4,4,11,3725,core,336,331,0.0,5.0,0.9871,338,333,348,336,1.0,True,96.3706,111.2714,91.1898,4.2444,95.5318,"111.27,106.93,103.67,102.04,100.42,99.87,99.33,98.79,98.25,98.25,98.25,102.04,99.87,98.25,97.70,97.16,96.62,96.62,96.07,96.07,95.53,95.53,96.07,95.53,95.53,94.99,94.99,94.45,94.45,94.45,94.45,93.36,93.36,92.28,92.28,92.28,92.28,92.28,92.28,91.73,91.19,91.19,91.19,91.19"
Rec-032_30s_4,4,12,3726,core,345,331,0.0,9.0,0.9867,347,333,357,336,0.9091,False,93.0771,110.7286,78.7067,6.536,92.818,"110.73,106.93,103.13,100.96,99.33,98.25,96.07,94.45,92.28,89.56,82.51,102.04,100.42,98.25,97.16,96.07,94.99,94.45,92.28,91.19,87.93,81.96,97.16,96.07,95.53,94.45,93.36,92.28,91.19,90.65,89.02,85.76,80.33,93.36,93.36,92.28,91.73,91.19,90.10,89.56,87.93,86.85,83.59,78.71"
Rec-032_30s_4,4,13,3727,core,355,330,5.71,10.05,0.9882,357,332,367,335,0.0,False,79.7922,115.6133,74.3647,7.9329,76.2643,"115.61,96.62,88.48,83.59,79.79,77.62,76.54,75.99,75.99,75.45,74.91,98.25,89.02,83.59,79.79,77.62,77.08,75.99,75.99,75.45,74.91,74.36,90.65,84.13,80.33,77.62,76.54,75.99,75.99,75.45,74.91,74.91,74.36,85.22,80.88,78.16,77.08,75.99,75.99,75.45,75.45,74.36,74.36,74.36"
Rec-032_30s_4,5,1,3853,core,290,331,0.0,0.0,0.9879,292,333,302,336,1.0,True,94.841,122.1263,86.8478,6.6001,92.818,"122.13,111.81,107.47,103.13,100.96,99.87,98.79,98.25,98.25,97.70,97.16,98.25,98.25,97.16,95.53,94.99,94.99,94.99,94.45,94.45,94.45,93.36,91.19,91.73,91.73,91.73,91.73,92.28,92.28,91.73,91.73,91.73,91.19,86.85,87.39,88.48,88.48,89.02,89.56,89.56,89.56,89.56,89.56,89.56"
Rec-032_30s_4,5,2,3854,core,293,331,0.0,3.0,0.9875,295,333,305,336,1.0,True,96.0622,124.84,89.0188,6.9327,94.4463,"124.84,113.99,109.10,105.30,102.04,100.42,99.33,98.25,98.25,97.16,96.07,103.67,102.04,99.33,98.25,96.07,95.53,95.53,94.99,94.45,93.36,93.36,95.53,94.99,94.45,93.36,93.36,92.28,92.28,92.28,92.28,91.73,91.19,90.65,90.65,90.65,90.65,90.65,90.10,90.10,90.10,89.56,89.56,89.02"
Rec-032_30s_4,5,3,3855,core,298,331,0.0,5.0,0.9872,300,333,310,336,1.0,True,95.3467,120.498,88.4761,6.2216,93.3608,"120.50,111.81,106.93,103.13,100.42,98.79,98.25,97.16,96.07,95.53,94.99,103.67,101.50,98.79,96.62,95.53,94.99,94.45,93.36,93.36,92.28,91.73,97.16,95.53,94.45,93.36,93.36,92.28,92.28,91.73,91.19,90.65,90.10,91.73,91.73,91.19,91.19,90.65,90.10,90.10,89.56,89.56,89.02,88.48"
Rec-032_30s_4,5,4,3856,core,302,331,0.0,4.0,0.9893,304,333,314,336,1.0,True,95.3591,123.7545,87.9333,6.8884,93.3608,"123.75,113.99,108.01,103.67,100.96,98.25,97.70,96.07,95.53,94.45,94.45,105.30,102.04,99.33,97.16,95.53,94.45,94.45,93.36,92.28,91.73,91.19,97.70,95.53,94.45,93.36,93.36,92.28,91.73,91.19,90.65,90.10,89.56,92.28,91.73,91.19,91.19,90.65,90.65,89.56,89.56,89.02,88.48,87.93"
Rec-032_30s_4,5,5,3857,core,307,331,0.0,5.0,0.9883,309,333,319,336,1.0,True,93.7802,116.1561,87.9333,5.5456,92.0039,"116.16,109.10,103.67,100.42,98.25,96.07,95.53,94.99,94.45,93.36,93.36,102.04,99.33,96.62,94.99,94.45,93.36,92.28,91.73,91.19,91.19,90.65,95.53,94.45,93.36,92.28,91.73,91.19,90.65,90.10,90.10,89.56,89.56,91.73,91.19,90.65,90.10,89.56,89.56,89.02,88.48,88.48,87.93,87.93"
Rec-032_30s_4,5,6,3858,core,311,331,0.0,4.0,0.9901,313,333,323,336,1.0,True,93.9282,119.4126,87.9333,5.9679,92.2753,"119.41,110.19,104.22,100.96,98.25,96.62,95.53,94.99,94.45,94.45,93.36,102.04,99.33,97.16,94.99,93.36,92.28,92.28,92.28,91.73,91.19,91.19,96.07,94.45,93.36,92.28,91.19,91.19,90.65,90.10,89.56,90.10,89.56,91.19,90.65,90.65,90.10,89.56,89.56,89.02,89.02,88.48,87.93,87.93"
Rec-032_30s_4,5,7,3859,core,316,331,0.0,5.0,0.9894,318,333,328,336,1.0,True,93.5211,113.9851,88.4761,4.9142,92.0039,"113.99,106.93,102.04,98.79,97.16,96.07,95.53,95.53,94.45,94.45,94.45,100.42,98.25,95.53,94.45,93.36,92.28,92.28,92.28,91.73,91.73,91.19,94.45,93.36,92.28,91.73,91.19,91.19,91.19,90.65,90.65,90.10,90.10,91.19,90.65,90.10,90.10,89.56,89.56,89.02,89.02,89.02,88.48,88.48"
Rec-032_30s_4,5,8,3860,core,320,331,0.0,4.0,0.99,322,333,332,336,1.0,True,94.4093,117.7843,89.5616,5.4722,92.818,"117.78,109.10,104.22,100.42,98.25,97.16,96.07,95.53,95.53,95.53,94.45,102.04,98.79,97.16,95.53,94.45,93.36,93.36,93.36,92.28,92.28,92.28,95.53,94.45,93.36,92.28,91.73,91.73,91.19,91.19,91.19,91.19,91.19,91.19,91.19,90.65,90.10,89.56,89.56,89.56,89.56,89.56,89.56,89.56"
Rec-032_30s_4,5,9,3861,core,325,331,0.0,5.0,0.9897,327,333,337,336,1.0,True,94.5326,111.8141,90.1043,4.3187,93.3608,"111.81,105.84,102.04,99.33,98.25,97.16,96.62,96.62,96.07,96.07,95.53,100.42,98.25,96.07,95.53,94.45,94.45,94.45,94.45,94.45,93.36,93.36,94.45,93.36,93.36,92.28,92.28,92.28,92.28,92.28,92.28,92.28,92.28,91.19,91.19,91.19,90.65,90.65,90.10,90.10,90.10,90.10,90.10,90.10"
Rec-032_30s_4,5,10,3862,core,329,331,0.0,4.0,0.9899,331,333,341,336,1.0,True,96.0005,116.6988,91.1898,5.0592,95.2604,"116.70,109.64,105.30,102.04,99.33,98.79,98.25,98.25,97.70,97.16,96.62,102.04,99.87,98.25,97.16,96.07,95.53,95.53,95.53,95.53,94.99,94.99,96.07,95.53,94.45,94.45,93.36,93.36,93.36,93.36,93.36,93.36,93.36,92.28,91.73,91.19,91.19,91.19,91.19,91.19,91.19,91.19,91.19,91.19"
Rec-032_30s_4,5,11,3863,core,334,331,0.0,5.0,0.9903,336,333,346,336,1.0,True,96.3829,111.8141,91.7325,4.1324,95.5318,"111.81,107.47,103.67,101.50,99.87,98.79,98.25,98.25,98.25,98.25,98.25,102.04,99.87,98.25,97.70,96.62,96.07,96.07,95.53,95.53,95.53,95.53,96.62,95.53,94.99,94.99,94.45,94.45,94.45,94.45,94.45,94.45,94.45,93.36,92.28,92.28,92.28,92.28,92.28,92.28,92.28,91.73,91.73,91.73"
Rec-032_30s_4,5,12,3864,core,338,331,0.0,4.0,0.9893,340,333,350,336,1.0,True,97.1847,116.1561,91.1898,4.8709,96.3459,"116.16,109.64,105.84,103.13,101.50,100.42,99.87,99.33,99.33,98.25,98.25,103.13,101.50,99.33,98.25,97.70,97.16,97.16,97.16,96.62,96.07,95.53,97.70,96.62,95.53,95.53,95.53,94.99,94.99,94.45,94.45,94.45,93.36,93.36,93.36,93.36,93.36,92.28,92.28,92.28,92.28,92.28,91.19,91.19"
Rec-032_30s_4,5,13,3865,core,343,331,0.0,5.0,0.99,345,333,355,336,1.0,True,95.8031,112.8996,86.8478,5.302,94.989,"112.90,108.56,105.30,103.13,101.50,99.87,98.79,98.25,96.07,94.45,92.28,103.13,101.50,99.87,98.25,97.70,97.16,96.07,95.53,94.45,92.28,90.65,97.70,97.16,96.07,95.53,95.53,94.45,93.36,92.28,91.19,90.10,88.48,94.45,94.45,93.36,93.36,92.28,91.73,91.19,90.10,89.56,88.48,86.85"
Rec-032_30s_4,5,14,3866,core,347,331,0.0,4.0,0.9882,349,333,359,336,0.7273,False,90.9308,115.0706,75.9929,9.4733,91.7325,"115.07,109.64,105.84,102.04,98.79,96.62,94.45,90.65,83.05,78.16,76.54,104.22,102.04,99.33,97.70,95.53,94.45,92.28,89.56,83.05,78.16,75.99,98.25,96.62,95.53,94.45,92.28,91.19,89.56,87.39,81.42,77.62,75.99,94.45,93.36,92.28,91.19,90.65,89.56,87.93,85.22,79.79,77.08,75.99"
Rec-032_30s_4,5,15,3867,core,352,331,0.0,5.0,0.9881,354,333,364,336,0.2727,False,81.6671,107.4722,74.3647,8.7197,77.0784,"107.47,102.04,95.53,85.22,80.33,77.62,76.54,75.99,75.45,74.91,74.36,99.33,95.53,91.73,84.13,79.79,77.08,75.99,75.45,74.91,74.91,74.36,94.45,91.73,89.02,83.05,78.71,77.08,75.99,75.45,74.91,74.91,74.36,90.65,89.02,85.76,80.88,78.16,76.54,75.45,74.91,74.91,74.36,74.36"
Rec-032_30s_4,5,16,3868,core,355,331,0.0,3.0,0.9866,357,333,367,336,0.0,False,77.9172,97.16,73.822,4.8413,75.9929,"97.16,88.48,83.59,79.79,77.62,77.08,75.99,75.99,75.45,74.91,74.36,90.65,84.13,80.33,77.62,76.54,75.99,75.99,74.91,74.91,74.36,74.36,85.76,80.88,78.71,77.08,75.99,75.99,75.99,75.45,74.91,74.36,74.36,82.51,78.71,77.62,75.99,75.99,75.45,74.91,74.91,74.36,74.36,73.82"
Rec-032_30s_4,6,1,3994,core,290,331,0.0,0.0,0.9891,292,333,302,336,1.0,True,95.4084,120.498,87.3906,6.3599,93.9035,"120.50,111.81,107.47,104.22,101.50,100.96,99.87,99.33,98.79,98.25,98.25,98.25,98.25,97.70,96.07,95.53,95.53,95.53,95.53,95.53,94.99,94.45,91.73,92.28,92.28,92.28,92.28,92.28,93.36,92.28,92.28,92.28,92.28,87.39,87.93,89.02,89.56,89.56,90.10,90.10,90.10,90.10,90.10,90.10"
Rec-032_30s_4,6,2,3995,core,291,331,0.0,1.0,0.9842,293,333,303,336,1.0,True,97.123,129.7247,89.5616,7.5679,94.989,"129.72,117.78,111.81,106.39,103.13,101.50,100.42,99.87,98.79,98.25,98.25,103.13,102.04,100.42,98.25,97.16,97.16,96.07,95.53,95.53,94.99,94.45,95.53,94.99,94.45,94.45,94.45,94.45,93.36,93.36,93.36,93.36,92.28,89.56,90.10,90.65,91.19,91.19,91.19,91.19,91.19,91.19,90.65,90.65"
Rec-032_30s_4,6,3,3996,core,300,331,0.0,9.0,0.9868,302,333,312,336,1.0,True,97.2957,130.8102,89.5616,7.7382,95.2604,"130.81,117.78,111.27,106.39,103.13,100.42,99.33,98.25,97.70,96.62,96.07,107.47,104.22,101.50,98.79,97.70,96.07,95.53,94.99,94.45,93.36,92.28,99.33,98.25,96.07,95.53,94.45,94.45,93.36,92.28,92.28,91.73,91.19,94.45,93.36,92.28,92.28,91.73,91.19,91.19,91.19,90.65,90.10,89.56"
Rec-032_30s_4,6,4,3997,core,305,331,0.0,5.0,0.9899,307,333,317,336,1.0,True,95.8648,121.5835,89.5616,6.238,94.4463,"121.58,112.90,106.93,103.13,100.42,98.79,98.25,97.16,96.07,95.53,94.99,105.30,102.04,98.79,97.16,96.07,94.99,94.45,94.45,93.36,92.28,92.28,98.25,96.07,94.99,94.45,93.36,93.36,92.28,92.28,91.73,91.19,91.19,93.36,92.28,92.28,91.73,91.19,91.19,90.65,90.10,90.10,89.56,89.56"
Rec-032_30s_4,6,5,3998,core,309,331,0.0,4.0,0.9875,311,333,321,336,1.0,True,96.0005,125.9255,89.0188,6.9742,93.9035,"125.93,115.07,109.10,103.67,100.96,98.79,97.70,96.62,95.53,95.53,94.99,105.30,102.04,99.87,97.70,95.53,94.99,94.45,93.36,93.36,92.28,92.28,98.25,96.62,95.53,94.45,93.36,93.36,92.28,91.73,91.19,91.19,91.19,93.36,92.28,91.73,91.19,91.19,91.19,90.65,90.10,89.56,89.56,89.02"
Rec-032_30s_4,6,6,3999,core,323,331,0.0,14.0,0.9917,325,333,335,336,1.0,True,95.063,115.6133,90.6471,4.8937,94.4463,"115.61,108.56,103.13,100.42,98.25,97.16,96.62,96.62,96.62,96.07,96.07,102.04,99.33,97.16,95.53,94.99,94.45,94.45,94.45,94.45,94.45,94.45,95.53,94.45,93.36,93.36,92.28,92.28,92.28,92.28,92.28,92.28,92.28,91.73,91.19,91.19,90.65,90.65,90.65,90.65,90.65,90.65,90.65,90.65"
Rec-032_30s_4,6,7,4000,core,328,331,0.0,5.0,0.9888,330,333,340,336,1.0,True,95.4948,111.2714,91.1898,4.0868,95.2604,"111.27,106.39,102.04,100.42,98.25,98.25,98.25,97.70,97.70,97.70,97.16,100.42,98.25,97.16,96.07,95.53,95.53,95.53,95.53,95.53,95.53,94.99,95.53,94.45,94.45,93.36,93.36,93.36,93.36,93.36,93.36,93.36,93.36,91.73,91.19,91.73,91.19,91.19,91.19,91.73,91.73,91.19,91.19,91.19"
Rec-032_30s_4,6,8,4001,core,337,331,0.0,9.0,0.9889,339,333,349,336,1.0,True,97.271,112.8996,92.2753,4.1795,96.6172,"112.90,108.01,104.22,102.04,100.96,100.42,99.87,99.33,99.33,98.79,98.25,103.13,100.96,98.79,98.25,97.70,97.70,97.16,97.16,97.16,96.62,96.07,97.70,96.62,96.07,95.53,95.53,95.53,95.53,94.99,94.99,94.45,94.45,94.45,94.45,93.36,93.36,93.36,93.36,92.28,92.28,92.28,92.28,92.28"
Rec-032_30s_4,6,9,4002,core,346,331,0.0,9.0,0.9882,348,333,358,336,0.8182,False,92.6947,112.8996,77.0784,8.1378,93.9035,"112.90,108.56,104.22,102.04,99.87,98.25,95.53,94.45,90.65,82.51,77.62,103.13,101.50,99.87,98.25,97.16,95.53,94.45,92.28,89.56,81.96,77.62,98.25,97.16,96.07,95.53,94.45,93.36,91.73,90.10,87.39,81.42,77.62,94.45,94.45,93.36,92.28,91.73,90.65,89.56,87.93,85.76,80.33,77.08"
Rec-032_30s_4,6,10,4003,core,350,331,0.0,4.0,0.9895,352,333,362,336,0.4545,False,85.713,112.8996,74.3647,10.4019,83.32,"112.90,106.93,102.04,98.25,92.28,84.13,78.71,77.08,75.99,75.45,75.45,103.13,100.42,97.16,94.45,91.19,83.59,78.71,77.08,75.99,75.45,74.91,96.62,95.53,93.36,91.73,89.02,83.05,78.71,76.54,75.45,74.91,74.36,93.36,91.73,90.65,89.02,86.31,81.42,77.62,75.99,75.45,74.91,74.36"
Rec-032_30s_4,6,11,4004,core,355,331,0.0,5.0,0.9853,357,333,367,336,0.0,False,77.2511,93.3608,73.822,4.076,75.9929,"93.36,85.76,80.88,78.71,77.08,75.99,75.99,75.99,74.91,74.91,74.36,87.93,81.96,78.71,77.62,75.99,75.99,75.45,74.91,74.91,74.36,74.36,84.13,80.33,77.62,76.54,75.99,75.45,74.91,74.91,74.36,73.82,73.82,82.51,78.71,77.08,75.99,75.99,75.45,74.91,74.36,74.36,73.82,73.82"
Rec-G3_S60_1,1,1,1802,core,317,318,0.0,0.0,0.9852,319,319,329,322,1.0,True,79.3604,98.2455,72.1937,5.6244,78.1639,"98.25,93.36,90.65,87.93,85.76,84.13,83.59,83.05,82.51,81.96,80.88,84.68,84.13,82.51,80.88,80.33,79.79,79.79,78.71,78.71,78.16,77.62,78.71,78.16,77.62,77.62,77.08,76.54,76.54,75.99,75.99,75.45,75.45,73.82,73.82,73.82,74.36,73.82,73.82,73.82,73.82,73.28,72.74,72.19"
Rec-G3_S60_1,1,2,1803,core,322,319,-11.31,5.1,0.983,324,320,334,323,1.0,True,76.215,87.9333,70.5655,3.8765,75.9929,"87.93,85.76,83.59,81.42,80.33,79.79,79.79,78.71,78.16,77.62,77.62,80.88,79.79,78.71,78.16,77.62,77.08,76.54,75.99,75.99,74.91,74.91,75.99,75.99,75.99,74.91,74.36,74.36,73.82,73.82,73.28,72.74,72.19,73.82,73.82,73.28,72.74,72.74,72.19,71.65,71.65,71.65,70.57,70.57"
Rec-G3_S60_1,1,3,1804,core,327,318,11.31,5.1,0.9805,329,319,339,322,1.0,True,79.0397,97.16,72.7365,5.0798,77.8925,"97.16,91.73,88.48,85.76,84.13,83.05,81.96,80.88,80.88,80.33,79.79,86.31,84.13,82.51,80.88,79.79,78.71,78.71,78.16,77.62,77.62,77.08,80.33,78.71,78.16,77.62,77.08,76.54,75.99,75.99,75.45,74.91,74.91,75.99,75.45,75.45,74.91,74.36,73.82,73.82,73.82,73.28,72.74,72.74"
Rec-G3_S60_1,1,4,1805,core,331,318,0.0,4.0,0.9795,333,319,343,322,1.0,True,79.3481,100.9592,72.7365,5.7314,77.8925,"100.96,94.45,90.10,86.85,84.68,83.05,81.96,80.88,80.88,80.33,79.79,87.39,85.22,83.05,80.88,79.79,78.71,78.71,78.16,77.62,77.62,77.08,80.88,78.71,78.16,77.62,77.08,76.54,75.99,75.99,75.45,75.45,74.91,75.99,75.45,75.45,74.91,74.36,73.82,73.82,73.82,73.28,72.74,72.74"
Rec-G3_S60_1,1,5,1806,core,336,318,0.0,5.0,0.9795,338,319,348,322,1.0,True,78.9287,97.16,72.7365,5.0323,77.6212,"97.16,91.73,88.48,85.76,83.59,82.51,81.42,80.88,80.88,80.33,79.79,85.76,84.13,81.96,80.88,79.79,78.71,78.16,77.62,77.62,77.62,77.62,79.79,78.71,77.62,77.62,77.08,75.99,75.99,75.99,75.45,75.45,74.91,75.45,75.99,75.45,74.36,73.82,73.82,73.82,73.82,73.28,73.28,72.74"
Rec-G3_S60_1,1,6,1807,core,341,318,0.0,5.0,0.9798,343,319,353,322,1.0,True,79.0274,94.989,73.822,4.584,77.8925,"94.99,90.65,87.93,85.22,83.59,82.51,81.96,81.42,80.88,80.88,80.33,85.22,83.05,81.42,80.33,79.79,79.79,78.71,78.71,78.16,77.62,77.62,79.79,78.16,77.62,77.62,77.08,76.54,76.54,75.99,75.99,75.99,75.99,75.99,75.45,74.91,74.91,74.36,74.36,73.82,73.82,73.82,73.82,73.82"
Rec-G3_S60_1,1,7,1808,core,346,318,0.0,5.0,0.9791,348,319,358,322,1.0,True,79.1137,93.3608,73.822,4.2218,78.1639,"93.36,89.56,87.39,84.68,83.59,82.51,81.96,81.42,80.88,80.88,80.88,84.68,83.05,81.42,80.88,79.79,79.79,78.71,78.71,78.16,78.16,78.16,79.79,78.71,77.62,77.62,77.08,77.08,76.54,75.99,75.99,75.99,75.99,75.99,75.99,75.45,75.45,74.91,74.91,74.91,74.36,74.36,73.82,73.82"
Rec-G3_S60_1,1,8,1809,core,351,318,0.0,5.0,0.977,353,319,363,322,1.0,True,79.5208,92.2753,74.9074,3.8142,78.7067,"92.28,89.02,86.31,84.13,83.59,83.05,82.51,81.96,81.96,81.96,81.42,84.13,83.05,81.42,80.88,79.79,79.79,79.79,79.79,78.71,78.71,78.71,79.79,78.71,78.16,77.62,77.62,77.62,77.62,77.08,77.08,76.54,76.54,76.54,75.99,75.99,75.99,75.99,75.45,75.45,75.45,74.91,74.91,74.91"
Rec-G3_S60_1,1,9,1810,core,355,318,0.0,4.0,0.974,357,319,367,322,1.0,True,80.5199,94.4463,75.9929,4.1414,80.3349,"94.45,90.65,87.93,85.76,84.68,84.13,83.59,83.05,83.05,83.05,83.05,85.76,84.13,83.05,81.42,80.88,80.88,80.88,80.33,80.33,80.33,80.33,80.33,79.79,78.71,78.71,78.16,78.16,78.16,78.16,77.62,77.62,77.62,77.08,76.54,76.54,75.99,75.99,75.99,75.99,75.99,75.99,75.99,75.99"
Rec-G3_S60_1,1,10,1811,core,360,318,0.0,5.0,0.9743,362,319,372,322,1.0,True,81.2354,94.4463,76.5357,3.8965,80.8776,"94.45,90.65,87.93,86.31,85.76,84.68,84.13,84.13,84.13,84.13,83.59,85.76,84.13,83.05,82.51,81.96,81.42,81.42,80.88,80.88,80.88,80.88,80.88,79.79,79.79,79.79,78.71,78.71,78.71,78.71,78.71,78.71,78.16,77.62,77.62,77.62,77.62,77.62,77.08,77.08,77.08,77.08,77.08,76.54"
Rec-G3_S60_1,1,11,1812,core,365,318,0.0,5.0,0.9744,367,319,377,322,1.0,True,81.6054,93.3608,77.0784,3.6426,81.149,"93.36,90.10,87.93,86.85,85.76,85.22,84.68,84.13,84.13,84.13,84.13,85.76,84.13,83.05,83.05,82.51,81.96,81.96,81.42,81.42,81.42,81.42,80.88,80.88,80.33,79.79,79.79,79.79,79.79,79.79,78.71,78.71,78.71,78.16,78.16,78.16,77.62,77.62,77.62,77.62,77.62,77.62,77.62,77.08"
Rec-G3_S60_1,1,12,1813,core,370,317,11.31,5.1,0.9758,372,318,382,321,1.0,True,85.75,104.2157,79.7922,5.2321,85.2196,"104.22,98.79,95.53,92.28,90.65,89.56,89.56,89.02,89.02,89.02,88.48,92.28,90.10,87.93,86.85,85.76,85.76,85.76,85.76,85.22,85.76,85.22,85.76,84.13,83.59,83.05,83.05,83.05,83.05,83.05,82.51,82.51,82.51,81.42,80.88,80.88,80.33,80.33,80.33,80.33,80.33,79.79,79.79,79.79"
Rec-G3_S60_1,1,13,1814,core,375,317,0.0,5.0,0.9741,377,318,387,321,1.0,True,85.9104,102.0447,77.6212,5.1481,84.9482,"102.04,98.25,94.99,93.36,91.73,91.19,90.65,89.56,88.48,87.93,85.22,92.28,90.10,88.48,87.93,87.93,87.39,86.85,86.31,85.76,84.68,83.05,86.31,85.22,84.13,84.13,84.13,84.13,84.13,83.05,83.05,81.96,80.33,81.96,81.96,81.42,80.88,80.88,80.88,80.88,80.33,79.79,78.71,77.62"
Rec-G3_S60_1,1,14,1815,core,380,317,0.0,5.0,0.9723,382,318,392,321,0.6364,False,82.1112,102.0447,73.822,6.8763,81.149,"102.04,98.25,94.45,92.28,89.56,86.85,81.96,77.62,75.99,75.45,74.91,92.28,90.65,89.02,87.93,86.31,84.13,80.33,77.62,75.99,75.45,74.91,86.31,85.76,85.22,84.13,83.05,81.42,78.71,76.54,75.99,74.91,74.36,83.05,81.96,81.42,80.88,80.33,78.71,77.08,75.99,74.91,74.36,73.82"
Rec-G3_S60_1,1,15,1816,core,384,317,0.0,4.0,0.9734,386,318,396,321,0.2727,False,79.0521,103.6729,73.822,6.478,76.2643,"103.67,96.62,88.48,82.51,78.71,77.62,76.54,75.99,75.45,74.91,74.91,93.36,89.56,84.13,79.79,77.62,76.54,75.99,75.45,74.91,74.91,74.36,86.31,84.13,80.88,77.62,76.54,75.99,75.45,75.45,74.91,74.36,74.36,81.96,80.33,78.16,76.54,75.99,75.45,74.91,74.91,74.36,73.82,73.82"
Rec-G3_S60_1,1,16,1817,core,386,317,0.0,2.0,0.9786,388,318,398,321,0.0909,False,77.7445,98.2455,73.822,4.7876,75.9929,"98.25,89.56,84.13,80.88,78.16,77.08,75.99,75.99,75.45,75.45,74.91,89.02,83.59,80.33,78.16,77.08,75.99,75.99,75.45,74.91,74.36,74.36,83.05,79.79,77.62,76.54,75.99,75.99,75.45,74.91,74.91,74.36,73.82,79.79,77.62,76.54,75.99,75.45,75.45,74.91,74.91,74.36,74.36,73.82"
Rec-G3_S60_1,2,1,1975,core,317,319,-90.0,1.0,0.9825,319,320,329,323,1.0,True,83.1596,92.2753,77.6212,4.0839,82.2345,"92.28,91.73,90.65,89.56,88.48,87.93,87.93,87.93,87.39,86.85,86.31,85.76,85.22,85.22,84.68,84.68,84.68,84.68,84.13,84.13,83.59,83.05,80.88,80.88,80.88,81.42,81.42,81.42,81.42,81.42,80.88,80.33,79.79,77.62,78.16,78.16,78.71,78.71,78.71,78.71,78.71,78.16,78.16,77.62"
Rec-G3_S60_1,2,2,1976,core,322,319,0.0,5.0,0.9794,324,320,334,323,1.0,True,83.4927,94.989,77.6212,4.222,83.0486,"94.99,93.36,91.19,89.56,89.02,87.93,87.39,86.85,85.76,85.76,85.22,87.93,87.39,86.31,85.76,85.22,84.68,84.13,83.59,83.05,83.05,82.51,83.05,83.05,83.05,82.51,81.96,81.42,80.88,80.88,80.33,79.79,79.79,79.79,79.79,79.79,79.79,78.71,78.71,78.71,78.16,77.62,77.62,77.62"
Rec-G3_S60_1,2,3,1977,core,327,318,11.31,5.1,0.9775,329,319,339,322,1.0,True,86.4778,105.3012,79.7922,5.4,85.7624,"105.30,99.87,96.07,93.36,91.73,90.65,89.56,89.56,88.48,87.93,87.39,94.45,91.73,90.10,88.48,87.93,86.85,86.31,85.76,85.76,85.22,84.13,87.93,86.31,85.76,84.68,84.13,83.59,83.59,83.05,83.05,82.51,81.96,83.05,82.51,81.96,81.42,80.88,80.88,80.88,80.33,80.33,79.79,79.79"
Rec-G3_S60_1,2,4,1978,core,331,318,0.0,4.0,0.9779,333,319,343,322,1.0,True,86.5888,108.0149,79.7922,5.7874,85.2196,"108.01,101.50,97.16,94.45,91.73,90.65,89.56,89.02,87.93,87.93,87.39,94.45,92.28,90.10,88.48,87.93,86.85,85.76,85.76,85.22,84.68,84.13,87.93,86.31,85.22,84.68,84.13,84.13,83.59,83.05,83.05,82.51,81.96,83.05,82.51,81.96,81.96,80.88,80.88,80.88,80.33,80.33,79.79,79.79"
Rec-G3_S60_1,2,5,1979,core,336,318,0.0,5.0,0.9773,338,319,348,322,1.0,True,85.787,103.6729,79.7922,5.0637,84.6769,"103.67,98.25,95.53,92.28,90.65,89.56,88.48,87.93,87.39,86.85,86.31,93.36,91.19,89.02,87.93,86.85,85.76,85.76,85.22,84.68,84.13,84.13,86.85,85.76,84.68,84.13,83.59,83.05,83.05,82.51,82.51,81.96,81.42,82.51,83.05,81.96,80.88,80.88,80.88,80.33,80.33,79.79,79.79,79.79"
Rec-G3_S60_1,2,6,1980,core,341,318,0.0,5.0,0.9758,343,319,353,322,1.0,True,85.1086,100.4165,79.7922,4.4794,84.1341,"100.42,96.62,93.36,91.19,89.56,88.48,87.93,87.39,86.85,86.31,86.31,91.19,89.56,87.93,86.85,85.76,85.76,85.22,84.68,84.13,84.13,83.59,85.76,84.68,84.13,83.59,83.05,83.05,83.05,82.51,81.96,81.96,81.42,81.96,81.42,80.88,80.88,80.88,80.88,80.33,79.79,79.79,79.79,79.79"
Rec-G3_S60_1,2,7,1981,core,346,318,0.0,5.0,0.9735,348,319,358,322,1.0,True,84.9236,98.2455,79.7922,4.1114,84.1341,"98.25,95.53,92.28,90.65,89.02,87.93,87.93,87.39,86.85,86.85,86.31,90.65,89.02,87.39,86.31,85.76,85.22,85.22,84.68,84.13,84.13,84.13,85.22,84.13,84.13,83.59,83.05,83.05,83.05,82.51,81.96,81.96,81.42,81.42,81.42,81.42,80.88,80.88,80.88,80.33,80.33,79.79,79.79,79.79"
Rec-G3_S60_1,2,8,1982,core,351,318,0.0,5.0,0.9701,353,319,363,322,1.0,True,85.1333,96.6172,80.3349,3.6937,85.2196,"96.62,94.45,91.19,89.56,89.02,88.48,87.93,87.93,87.93,87.93,87.93,89.56,87.93,86.85,85.76,85.76,85.76,85.76,85.22,85.22,85.22,85.22,85.22,84.13,83.59,83.59,83.05,83.05,83.05,83.05,83.05,83.05,83.05,81.96,81.42,80.88,80.88,80.88,80.88,80.88,80.88,80.88,80.88,80.33"
Rec-G3_S60_1,2,9,1983,core,355,318,0.0,4.0,0.9709,357,319,367,322,1.0,True,86.1324,98.7882,81.4204,4.0727,85.7624,"98.79,95.53,93.36,91.19,90.10,90.10,89.56,89.56,89.56,89.56,89.56,90.65,89.02,87.93,87.39,86.85,86.85,86.31,86.31,86.31,86.31,86.31,85.22,84.68,84.13,84.13,84.13,84.13,84.13,84.13,84.13,83.59,83.59,81.96,81.96,81.42,81.42,81.42,81.42,81.42,81.42,81.42,81.42,81.42"
Rec-G3_S60_1,2,10,1984,core,360,318,0.0,5.0,0.9708,362,319,372,322,1.0,True,86.9465,98.7882,81.9631,4.0106,86.3051,"98.79,96.07,94.45,92.28,91.19,91.19,90.65,90.65,90.10,90.10,90.10,91.19,89.56,89.02,87.93,87.93,87.93,87.93,87.39,87.39,86.85,86.85,85.76,85.22,85.22,85.22,84.68,84.68,84.68,84.68,84.13,84.13,84.13,83.05,83.05,82.51,82.51,82.51,82.51,82.51,82.51,82.51,81.96,81.96"
Rec-G3_S60_1,2,11,1985,core,365,317,11.31,5.1,0.971,367,318,377,321,1.0,True,91.5845,111.8141,85.2196,5.8379,91.1898,"111.81,105.84,102.04,99.33,97.70,96.62,96.07,95.53,95.53,94.99,94.99,98.25,96.07,94.45,93.36,92.28,91.73,91.19,91.19,91.19,91.19,91.19,91.19,90.10,89.56,89.02,88.48,87.93,87.93,87.93,87.93,87.93,87.93,86.31,86.31,85.76,85.76,85.76,85.22,85.22,85.22,85.22,85.22,85.22"
Rec-G3_S60_1,2,12,1986,core,370,317,0.0,5.0,0.974,372,318,382,321,1.0,True,91.9793,110.1859,85.2196,5.4649,91.1898,"110.19,105.30,102.04,99.33,98.25,97.16,96.62,95.53,95.53,94.99,94.45,98.25,96.07,94.99,93.36,92.28,92.28,92.28,92.28,91.73,91.19,91.19,91.19,90.65,89.56,89.56,89.56,89.56,89.56,89.02,89.02,88.48,87.93,86.85,86.85,86.31,86.31,86.31,86.31,86.31,85.76,85.76,85.76,85.22"
Rec-G3_S60_1,2,13,1987,core,375,317,0.0,5.0,0.973,377,318,387,321,1.0,True,91.0048,108.5576,81.4204,5.6141,90.1043,"108.56,105.30,101.50,98.79,97.16,95.53,94.99,93.36,92.28,91.19,87.93,98.79,96.62,94.99,93.36,93.36,92.28,91.73,91.19,90.10,89.02,85.76,92.28,91.19,90.65,90.10,89.56,89.56,89.02,87.93,87.39,85.76,83.59,87.93,87.93,87.39,86.85,86.85,86.31,85.76,85.22,84.13,83.59,81.42"
Rec-G3_S60_1,2,14,1988,core,379,317,0.0,4.0,0.9715,381,318,391,321,0.7273,False,87.1932,112.8996,74.9074,9.1231,87.662,"112.90,106.93,103.13,98.79,96.07,93.36,90.10,84.13,78.71,76.54,75.99,100.42,98.25,95.53,93.36,92.28,90.65,87.93,83.05,78.16,76.54,75.45,93.36,91.73,91.19,90.10,89.02,87.93,85.22,80.88,77.62,75.99,74.91,88.48,87.93,87.39,86.31,85.76,84.68,83.05,79.79,76.54,75.45,74.91"
Rec-G3_S60_1,2,15,1989,core,384,317,0.0,5.0,0.9741,386,318,396,321,0.2727,False,80.1252,106.9294,73.822,7.5491,76.5357,"106.93,99.33,90.65,83.05,79.79,77.62,76.54,75.99,75.45,75.45,74.91,97.16,92.28,85.76,80.88,77.62,76.54,75.99,75.99,75.45,74.91,74.36,90.65,87.93,83.05,78.71,77.08,75.99,75.99,75.45,74.91,74.36,73.82,86.31,84.13,80.88,77.62,76.54,75.99,75.45,74.91,74.91,74.36,73.82"
Rec-G3_S60_1,2,16,1990,core,386,317,0.0,2.0,0.9784,388,318,398,321,0.0909,False,78.1269,100.4165,73.822,5.2461,75.9929,"100.42,90.10,84.68,80.88,78.71,77.08,75.99,75.99,75.45,75.45,74.91,91.19,84.68,80.88,78.16,77.08,75.99,75.99,75.45,75.45,74.91,74.91,84.68,80.88,78.16,77.08,75.99,75.99,75.45,74.91,74.91,74.36,73.82,81.42,78.71,77.08,75.99,75.99,75.45,75.45,74.91,74.36,73.82,73.82"
Rec-G3_S60_1,3,1,2144,core,317,319,-90.0,1.0,0.9814,319,320,329,323,1.0,True,86.1694,93.3608,80.8776,3.5081,85.7624,"93.36,92.28,91.73,91.19,91.19,90.65,90.65,90.65,90.10,89.56,89.56,86.85,87.39,87.93,87.93,87.93,87.93,87.93,87.93,87.39,87.39,86.85,83.05,83.59,84.13,84.13,84.68,84.68,84.68,84.68,84.13,84.13,84.13,80.88,81.42,81.42,81.96,82.51,82.51,82.51,82.51,81.96,81.96,81.42"
Rec-G3_S60_1,3,2,2145,core,319,319,0.0,2.0,0.9821,321,320,331,323,1.0,True,86.9465,96.6172,81.4204,3.6834,86.3051,"96.62,94.99,93.36,92.28,91.19,91.19,91.19,90.65,90.10,89.56,89.56,89.56,89.56,89.02,88.48,88.48,88.48,87.93,87.93,87.39,86.85,86.85,85.22,85.76,85.76,85.76,85.22,85.22,85.22,84.68,84.13,84.13,84.13,82.51,83.05,83.05,83.05,83.05,83.05,83.05,82.51,82.51,81.96,81.42"
Rec-G3_S60_1,3,3,2146,core,324,318,11.31,5.1,0.9772,326,319,336,322,1.0,True,90.351,109.1004,83.5914,5.2982,89.5616,"109.10,103.67,100.42,97.16,95.53,94.45,93.36,92.28,91.73,91.19,91.19,98.25,95.53,93.36,92.28,91.19,91.19,90.10,89.56,89.56,89.02,88.48,91.19,90.10,89.56,89.02,88.48,87.93,87.93,87.39,86.85,86.31,85.76,86.85,86.31,85.76,85.76,85.76,85.22,84.68,84.13,84.13,84.13,83.59"
Rec-G3_S60_1,3,4,2147,core,328,318,0.0,4.0,0.9774,330,319,340,322,1.0,True,90.6347,112.8996,84.1341,5.8769,89.5616,"112.90,105.84,102.04,98.25,95.53,94.45,93.36,92.28,91.73,91.19,90.65,98.79,96.62,94.45,92.28,91.19,91.19,90.10,89.56,89.56,88.48,88.48,91.73,90.65,89.56,89.02,88.48,87.93,87.93,87.39,86.85,86.31,85.76,86.85,86.31,85.76,85.76,85.22,85.22,85.22,84.68,84.13,84.13,84.13"
Rec-G3_S60_1,3,5,2148,core,333,318,0.0,5.0,0.9776,335,319,345,322,1.0,True,89.8206,109.1004,83.5914,5.1781,88.7475,"109.10,103.13,99.33,96.07,94.45,93.36,92.28,91.73,91.19,90.65,90.10,97.16,94.99,93.36,91.19,90.65,90.10,89.56,89.56,88.48,88.48,87.93,91.19,89.56,89.02,88.48,87.93,87.39,87.39,86.85,86.31,85.76,85.76,86.31,85.76,85.76,85.76,85.22,84.68,84.68,84.13,84.13,83.59,83.59"
Rec-G3_S60_1,3,6,2149,core,338,318,0.0,5.0,0.9763,340,319,350,322,1.0,True,89.2409,105.3012,83.5914,4.5927,88.4761,"105.30,100.96,97.70,95.53,93.36,92.28,91.73,91.19,90.65,90.10,89.56,95.53,94.45,92.28,91.19,90.10,89.56,89.02,89.02,88.48,87.93,87.93,90.10,89.56,88.48,87.93,87.39,86.85,86.85,86.31,85.76,85.76,85.76,86.85,85.76,85.76,85.22,84.68,84.13,84.13,84.13,84.13,83.59,83.59"
Rec-G3_S60_1,3,7,2150,core,343,318,0.0,5.0,0.9734,345,319,355,322,1.0,True,88.9448,103.1302,83.5914,4.1425,88.2047,"103.13,99.33,96.07,94.45,92.28,92.28,91.19,91.19,90.65,90.65,90.10,94.99,93.36,91.19,90.65,89.56,89.56,89.02,89.02,88.48,87.93,87.93,89.56,89.02,87.93,87.93,87.39,86.85,86.85,86.31,85.76,85.76,85.76,85.76,85.76,85.76,85.22,84.68,84.68,84.13,84.13,84.13,83.59,83.59"
Rec-G3_S60_1,3,8,2151,core,348,318,0.0,5.0,0.9709,350,319,360,322,1.0,True,89.0188,101.502,84.1341,3.8552,89.0188,"101.50,98.25,95.53,94.45,92.28,92.28,91.73,91.19,91.19,91.19,91.19,94.45,92.28,91.19,90.10,89.56,89.56,89.56,89.56,89.02,89.02,89.02,89.02,88.48,87.93,87.93,87.39,87.39,86.85,86.85,86.31,86.31,86.31,85.76,85.76,85.22,85.22,84.68,84.68,84.13,84.13,84.13,84.13,84.13"
Rec-G3_S60_1,3,9,2152,core,352,318,0.0,4.0,0.9703,354,319,364,322,1.0,True,90.1167,105.3012,85.2196,4.2978,89.5616,"105.30,100.42,98.25,95.53,94.45,93.36,93.36,92.28,92.28,92.28,92.28,95.53,93.36,92.28,91.19,90.65,90.65,90.65,90.10,90.10,89.56,90.10,89.56,89.56,88.48,87.93,87.93,87.93,87.93,87.93,87.93,87.39,87.39,85.76,85.76,85.76,85.76,85.76,85.76,85.76,85.22,85.22,85.22,85.22"
Rec-G3_S60_1,3,10,2153,core,357,318,0.0,5.0,0.9701,359,319,369,322,1.0,True,90.7458,103.6729,85.7624,4.0735,90.3757,"103.67,100.42,97.70,96.07,94.99,94.45,94.45,93.36,93.36,93.36,93.36,95.53,94.45,92.28,92.28,91.73,91.19,91.19,91.19,91.19,90.65,90.65,90.10,89.56,89.56,89.02,89.02,89.02,89.02,88.48,87.93,87.93,87.93,86.85,86.31,86.31,86.31,86.31,86.31,86.31,85.76,85.76,85.76,85.76"
Rec-G3_S60_1,3,11,2154,core,362,317,11.31,5.1,0.9698,364,318,374,321,1.0,True,95.1494,117.7843,88.4761,5.9865,94.4463,"117.78,110.19,105.84,103.13,100.96,99.33,98.25,98.25,97.70,97.16,96.62,103.13,100.42,98.25,96.62,95.53,95.53,94.99,94.45,94.45,94.45,93.36,95.53,94.45,93.36,92.28,92.28,92.28,91.73,91.19,91.19,91.19,91.19,90.65,90.10,89.56,89.56,89.56,89.56,89.56,89.02,89.02,88.48,88.48"
Rec-G3_S60_1,3,12,2155,core,367,317,0.0,5.0,0.9728,369,318,379,321,1.0,True,94.9767,113.9851,89.0188,5.3184,94.4463,"113.99,108.56,105.30,102.04,99.87,98.79,98.25,97.70,97.16,96.62,96.07,102.04,99.87,97.70,96.07,95.53,95.53,94.99,94.45,94.45,94.45,94.45,95.53,94.45,93.36,92.28,92.28,92.28,92.28,91.73,91.73,91.73,91.19,91.19,90.10,89.56,89.56,89.56,89.56,89.56,89.56,89.56,89.02,89.02"
Rec-G3_S60_1,3,13,2156,core,372,317,0.0,5.0,0.9733,374,318,384,321,1.0,True,94.5696,111.8141,87.3906,5.041,93.9035,"111.81,106.93,103.67,101.50,99.33,98.25,98.25,97.16,96.07,95.53,94.45,102.04,99.33,97.70,96.62,95.53,95.53,94.99,94.45,94.45,93.36,92.28,95.53,94.45,93.36,93.36,93.36,92.28,92.28,91.73,91.19,90.65,89.56,91.19,90.65,90.10,90.10,90.10,89.56,89.56,89.02,88.48,87.93,87.39"
Rec-G3_S60_1,3,14,2157,core,376,317,0.0,4.0,0.9722,378,318,388,321,1.0,True,93.1018,115.6133,79.7922,7.0152,92.0039,"115.61,109.10,105.84,102.04,99.33,98.25,96.07,94.99,93.36,90.10,84.13,103.13,100.96,98.25,97.16,95.53,94.45,93.36,92.28,91.19,88.48,83.05,96.62,95.53,94.45,93.36,92.28,91.73,91.19,90.10,89.02,85.76,81.42,91.73,91.19,90.65,90.10,89.56,89.56,88.48,87.39,85.76,84.13,79.79"
Rec-G3_S60_1,3,15,2158,core,381,317,0.0,5.0,0.9746,383,318,393,321,0.5455,False,85.3183,111.8141,74.3647,9.9307,83.8627,"111.81,106.39,102.04,98.25,93.36,86.31,80.33,77.62,75.99,75.45,74.91,101.50,98.79,96.07,94.45,90.65,84.68,79.79,77.62,75.99,75.45,74.36,94.99,93.36,91.73,90.65,87.93,83.05,78.71,76.54,75.45,74.91,74.36,90.65,89.56,88.48,87.39,85.22,80.88,77.62,75.99,75.45,74.91,74.36"
Rec-G3_S60_1,3,16,2159,core,386,317,0.0,5.0,0.9764,388,318,398,321,0.0909,False,77.8062,97.7027,73.822,4.8489,75.9929,"97.70,88.48,83.05,79.79,77.62,76.54,75.99,75.99,75.45,74.91,74.91,90.65,83.59,79.79,77.62,76.54,75.99,75.99,75.45,74.91,74.36,74.36,85.22,80.33,78.16,77.08,75.99,75.99,75.45,74.91,74.91,74.36,73.82,82.51,78.71,77.08,75.99,75.99,75.45,74.91,74.91,74.36,73.82,73.82"
Rec-G3_S60_1,3,17,2160,core,386,317,0.0,0.0,0.9829,388,318,398,321,0.0909,False,78.0036,99.8737,73.822,5.2091,75.9929,"99.87,89.56,84.13,80.33,77.62,77.08,75.99,75.99,75.45,75.45,74.91,91.19,84.13,80.33,77.62,76.54,75.99,75.99,75.45,74.91,74.36,74.36,85.76,80.88,78.16,77.08,75.99,75.99,75.45,74.91,74.91,74.36,73.82,82.51,78.71,77.08,75.99,75.99,75.45,74.91,74.91,74.36,73.82,73.82"
Rec-G3_S60_1,4,1,2311,core,317,319,-90.0,1.0,0.9813,319,320,329,323,1.0,True,88.1307,94.4463,82.5059,3.3077,87.9333,"94.45,94.45,93.36,92.28,92.28,92.28,92.28,92.28,92.28,91.73,91.19,88.48,89.02,89.56,89.56,89.56,89.56,89.56,89.56,89.56,89.56,89.56,84.13,85.76,85.76,86.85,86.85,86.85,87.39,87.39,86.85,86.85,86.31,82.51,83.05,83.59,84.13,84.13,84.68,84.68,84.68,84.68,84.13,84.13"
Rec-G3_S60_1,4,2,2312,core,320,319,0.0,3.0,0.9801,322,320,332,323,1.0,True,89.4505,99.331,84.1341,3.6657,88.7475,"99.33,98.25,96.07,94.99,94.45,93.36,92.28,92.28,92.28,91.73,91.19,92.28,92.28,91.19,91.19,91.19,90.65,90.65,90.10,89.56,89.56,89.56,87.93,87.93,87.93,87.93,87.93,87.93,87.93,87.93,87.39,86.85,86.85,84.68,85.76,85.76,85.76,85.76,85.22,85.22,85.22,84.68,84.68,84.13"
Rec-G3_S60_1,4,3,2313,core,325,318,11.31,5.1,0.9784,327,319,337,322,1.0,True,93.1758,113.9851,86.3051,5.5626,92.0039,"113.99,108.01,103.67,100.42,98.25,96.62,95.53,94.99,94.45,93.36,92.28,100.96,98.25,96.62,95.53,94.45,93.36,92.28,92.28,91.73,91.19,90.65,94.45,93.36,92.28,91.73,91.19,91.19,90.65,89.56,89.56,89.56,89.02,89.56,89.56,89.02,88.48,87.93,87.93,87.93,87.39,87.39,86.85,86.31"
Rec-G3_S60_1,4,4,2314,core,330,318,0.0,5.0,0.9785,332,319,342,322,1.0,True,92.374,110.7286,85.7624,4.9949,91.1898,"110.73,105.30,102.04,98.25,96.62,95.53,94.45,94.45,93.36,92.28,91.73,99.87,97.70,95.53,94.45,93.36,92.28,91.73,91.19,91.19,90.65,90.10,94.45,92.28,91.73,91.19,90.65,90.65,89.56,89.56,89.02,88.48,87.93,89.56,89.56,89.02,88.48,87.93,87.93,87.39,87.39,86.85,86.31,85.76"
Rec-G3_S60_1,4,5,2315,core,335,318,0.0,5.0,0.9767,337,319,347,322,1.0,True,91.6585,108.0149,85.7624,4.5315,91.1898,"108.01,103.13,100.42,97.70,95.53,94.45,93.36,93.36,92.28,91.73,91.19,98.25,96.62,94.99,93.36,92.28,91.73,91.19,91.19,90.65,90.10,89.56,93.36,91.73,91.19,91.19,90.10,89.56,89.56,89.02,88.48,87.93,87.93,89.56,89.02,88.48,87.93,87.93,87.39,86.85,86.85,86.31,85.76,85.76"
Rec-G3_S60_1,4,6,2316,core,340,318,0.0,5.0,0.9736,342,319,352,322,1.0,True,90.8691,105.3012,85.7624,3.9872,90.3757,"105.30,100.96,98.25,95.53,94.45,93.36,92.28,92.28,91.73,91.19,91.19,97.16,94.99,93.36,92.28,91.73,91.19,91.19,90.65,90.10,89.56,89.56,91.73,91.19,90.65,89.56,89.56,89.56,89.02,88.48,87.93,87.93,87.93,88.48,87.93,87.93,87.39,87.39,86.85,86.85,86.31,85.76,85.76,85.76"
Rec-G3_S60_1,4,7,2317,core,344,318,0.0,4.0,0.9735,346,319,356,322,1.0,True,91.3625,107.4722,85.7624,4.3447,90.6471,"107.47,103.13,99.33,96.62,94.99,94.45,93.36,92.28,92.28,91.73,91.73,97.70,95.53,94.45,92.28,91.73,91.19,91.19,91.19,90.65,90.10,90.10,92.28,91.19,90.65,90.10,89.56,89.56,89.56,89.02,88.48,88.48,87.93,88.48,87.93,87.93,87.93,87.93,87.39,86.85,86.85,86.31,86.31,85.76"
Rec-G3_S60_1,4,8,2318,core,349,318,0.0,5.0,0.9726,351,319,361,322,1.0,True,91.4242,105.3012,86.8478,3.8437,91.1898,"105.30,101.50,98.25,96.07,94.99,94.45,93.36,93.36,92.28,93.36,92.28,96.62,94.99,93.36,92.28,92.28,91.73,91.19,91.19,91.19,91.19,91.19,91.19,91.19,90.10,90.10,89.56,89.56,89.56,89.56,89.02,89.02,89.02,88.48,87.93,87.93,87.93,87.39,87.39,87.39,87.39,86.85,86.85,86.85"
Rec-G3_S60_1,4,9,2319,core,354,318,0.0,5.0,0.9709,356,319,366,322,1.0,True,92.0656,103.6729,87.9333,3.6024,92.0039,"103.67,100.96,98.25,96.07,95.53,94.99,94.99,94.45,94.45,94.45,94.45,96.62,94.99,94.45,93.36,92.28,92.28,92.28,92.28,92.28,92.28,92.28,91.73,91.19,91.19,90.65,90.10,90.10,90.10,90.10,90.10,90.10,90.10,88.48,87.93,87.93,87.93,87.93,87.93,87.93,87.93,87.93,87.93,87.93"
Rec-G3_S60_1,4,10,2320,core,359,318,0.0,5.0,0.9692,361,319,371,322,1.0,True,92.9044,103.1302,88.4761,3.3874,92.818,"103.13,100.96,98.79,97.16,96.07,95.53,95.53,95.53,95.53,95.53,95.53,96.62,95.53,94.45,94.45,94.45,93.36,93.36,93.36,93.36,93.36,93.36,92.28,91.73,91.19,91.19,91.19,91.19,91.19,91.19,91.19,91.19,90.65,89.56,89.56,89.02,89.02,89.02,89.02,89.02,89.02,88.48,88.48,88.48"
Rec-G3_S60_1,4,11,2321,core,364,317,11.31,5.1,0.969,366,318,376,321,1.0,True,96.975,115.0706,91.1898,4.8805,96.0745,"115.07,109.64,105.84,103.13,101.50,100.42,99.87,98.79,98.25,98.25,98.25,103.67,101.50,99.33,98.25,97.70,97.16,96.62,96.62,96.62,96.07,96.07,97.16,96.07,95.53,94.99,94.99,94.99,94.45,94.45,94.45,94.45,94.45,93.36,92.28,92.28,92.28,92.28,92.28,91.73,91.73,91.73,91.19,91.19"
Rec-G3_S60_1,4,12,2322,core,368,317,0.0,4.0,0.9701,370,318,380,321,1.0,True,98.1098,121.0408,91.1898,5.8308,96.8886,"121.04,112.90,109.10,105.30,103.13,101.50,100.42,99.87,99.87,98.79,98.25,106.39,103.67,101.50,99.33,98.25,98.25,97.70,97.70,97.16,96.62,96.07,98.79,97.70,96.62,96.07,95.53,95.53,95.53,95.53,94.99,94.45,94.45,94.45,93.36,93.36,93.36,92.28,92.28,92.28,92.28,92.28,91.73,91.19"
Rec-G3_S60_1,4,13,2323,core,373,317,0.0,5.0,0.9732,375,318,385,321,1.0,True,97.3697,117.7843,88.4761,5.7581,96.3459,"117.78,111.81,108.56,105.30,102.04,101.50,99.87,98.79,98.25,96.62,95.53,105.84,103.13,101.50,99.87,98.79,98.25,97.16,96.62,95.53,94.99,93.36,98.79,98.25,97.70,96.62,96.07,95.53,94.99,94.45,93.36,92.28,91.19,94.45,94.45,93.36,93.36,93.36,92.28,92.28,91.19,91.19,89.56,88.48"
Rec-G3_S60_1,4,14,2324,core,378,317,0.0,5.0,0.9753,380,318,390,321,0.8182,False,91.7202,113.9851,75.9929,9.3338,92.2753,"113.99,110.19,106.39,103.13,99.87,98.25,95.53,92.28,85.76,79.79,77.08,105.30,102.04,99.87,98.25,97.16,95.53,93.36,90.65,84.68,78.71,76.54,98.25,97.16,95.53,94.99,94.45,92.28,91.19,87.93,83.05,78.16,75.99,94.45,93.36,92.28,91.73,91.19,90.10,88.48,85.76,81.42,77.62,75.99"
Rec-G3_S60_1,4,15,2325,core,383,317,0.0,5.0,0.976,385,318,395,321,0.3636,False,82.6539,110.1859,74.3647,9.4506,77.6212,"110.19,104.22,98.25,89.56,82.51,78.71,77.08,75.99,75.99,74.91,74.91,101.50,98.25,93.36,86.85,80.88,77.62,76.54,75.99,75.45,74.91,74.91,95.53,93.36,90.10,84.13,79.79,77.62,75.99,75.45,74.91,74.91,74.36,91.19,90.10,87.39,82.51,78.71,77.08,75.99,75.45,74.91,74.36,74.36"
Rec-G3_S60_1,4,16,2326,core,386,317,0.0,3.0,0.978,388,318,398,321,0.0909,False,78.6697,103.1302,73.822,5.838,75.9929,"103.13,91.19,85.76,81.42,78.71,77.62,75.99,75.99,75.99,75.45,74.91,93.36,85.76,81.42,78.71,77.62,76.54,75.99,75.45,75.45,74.91,74.91,87.39,81.42,78.71,77.62,76.54,75.99,75.45,74.91,74.91,74.36,74.36,84.13,79.79,77.62,76.54,75.99,75.99,75.45,74.91,74.91,74.36,73.82"
Rec-G3_S60_1,5,1,2480,core,317,318,0.0,0.0,0.9815,319,319,329,322,1.0,True,92.9537,106.3867,85.7624,4.4171,92.2753,"106.39,104.22,102.04,99.33,98.25,97.16,97.16,96.62,96.07,95.53,95.53,94.99,94.99,94.45,94.45,93.36,93.36,93.36,93.36,93.36,93.36,93.36,89.02,89.56,90.65,91.19,91.19,91.19,91.19,91.19,91.19,91.19,91.19,85.76,86.85,87.93,87.93,88.48,89.02,89.02,89.02,89.02,89.02,88.48"
Rec-G3_S60_1,5,2,2481,core,319,319,-26.57,2.24,0.9816,321,320,331,323,1.0,True,90.7951,98.7882,85.7624,3.2138,90.3757,"98.79,97.70,96.07,95.53,94.99,94.45,94.45,94.45,93.36,93.36,93.36,92.28,92.28,92.28,92.28,92.28,92.28,91.73,91.73,91.19,91.19,91.19,88.48,89.02,89.56,89.56,89.56,89.56,89.56,89.56,89.56,89.02,89.02,85.76,86.31,86.85,86.85,87.39,87.39,87.39,87.39,86.85,86.85,86.31"
Rec-G3_S60_1,5,3,2482,core,324,318,11.31,5.1,0.9778,326,319,336,322,1.0,True,94.3106,111.8141,88.4761,4.7613,93.3608,"111.81,106.93,103.13,100.96,98.25,97.70,96.62,95.53,95.53,94.99,94.45,100.96,98.79,97.16,96.07,95.53,94.45,94.45,93.36,93.36,92.28,92.28,94.99,94.45,93.36,93.36,92.28,92.28,92.28,91.19,91.19,91.19,90.65,91.19,90.65,90.65,90.10,90.10,89.56,89.56,89.56,89.02,89.02,88.48"
Rec-G3_S60_1,5,4,2483,core,328,318,0.0,4.0,0.978,330,319,340,322,1.0,True,94.619,116.1561,87.9333,5.5588,93.3608,"116.16,109.64,105.30,102.04,98.79,97.70,96.62,95.53,94.99,94.45,93.36,102.04,100.42,98.25,96.62,95.53,94.45,94.45,93.36,93.36,92.28,91.73,95.53,94.99,94.45,93.36,92.28,92.28,91.73,91.19,91.19,90.65,89.56,91.19,91.19,91.19,90.65,90.10,90.10,89.56,89.56,89.02,88.48,87.93"
Rec-G3_S60_1,5,5,2484,core,333,318,0.0,5.0,0.9783,335,319,345,322,1.0,True,93.6815,111.8141,87.9333,4.9261,92.2753,"111.81,106.93,103.13,99.87,98.25,96.07,95.53,94.45,94.45,93.36,92.28,101.50,98.79,97.16,95.53,94.45,93.36,93.36,92.28,91.73,91.19,91.19,95.53,94.45,93.36,92.28,92.28,91.19,91.19,90.65,90.10,89.56,89.56,91.19,91.19,91.19,90.10,90.10,89.56,89.56,88.48,87.93,87.93,87.93"
Rec-G3_S60_1,5,6,2485,core,338,318,0.0,5.0,0.9775,340,319,350,322,1.0,True,92.7194,109.1004,87.3906,4.3808,91.7325,"109.10,104.22,100.96,98.25,96.07,95.53,94.45,93.36,93.36,92.28,92.28,99.33,97.70,95.53,94.45,93.36,92.28,92.28,91.73,91.19,91.19,90.65,94.45,93.36,92.28,91.73,91.19,90.65,90.65,90.10,89.56,89.56,89.02,91.19,90.10,89.56,89.56,89.02,88.48,88.48,87.93,87.93,87.93,87.39"
Rec-G3_S60_1,5,7,2486,core,343,318,0.0,5.0,0.9743,345,319,355,322,1.0,True,92.1026,105.8439,87.9333,3.7133,91.1898,"105.84,102.04,98.79,96.62,95.53,94.45,93.36,93.36,93.36,92.28,92.28,97.70,95.53,94.45,93.36,92.28,92.28,91.73,91.73,91.19,91.19,91.19,93.36,92.28,91.19,91.19,90.65,90.10,90.10,90.10,89.56,89.56,89.56,89.56,89.56,89.56,89.02,88.48,88.48,87.93,87.93,87.93,87.93,87.93"
Rec-G3_S60_1,5,8,2487,core,348,318,0.0,5.0,0.9709,350,319,360,322,1.0,True,92.3246,105.3012,87.9333,3.5436,91.7325,"105.30,101.50,98.25,96.62,95.53,94.99,94.45,94.45,93.36,93.36,93.36,97.16,95.53,94.45,93.36,93.36,92.28,92.28,92.28,91.73,91.73,91.73,92.28,91.73,91.19,91.19,91.19,90.65,90.65,90.10,90.10,90.10,89.56,89.56,89.56,89.56,89.02,89.02,89.02,88.48,88.48,87.93,87.93,87.93"
Rec-G3_S60_1,5,9,2488,core,352,318,0.0,4.0,0.9706,354,319,364,322,1.0,True,93.3238,107.4722,89.0188,3.8385,93.3608,"107.47,103.13,100.42,98.25,96.62,95.53,95.53,94.99,94.99,94.99,94.45,98.25,96.62,95.53,94.45,93.36,93.36,93.36,93.36,93.36,93.36,93.36,93.36,92.28,92.28,91.73,91.19,91.19,91.19,91.19,91.19,91.19,91.19,90.10,89.56,89.56,89.56,89.56,89.56,89.56,89.02,89.02,89.02,89.02"
Rec-G3_S60_1,5,10,2489,core,357,318,0.0,5.0,0.97,359,319,369,322,1.0,True,94.0022,105.8439,89.5616,3.6118,93.9035,"105.84,103.13,100.42,98.79,97.70,96.62,96.62,96.07,96.07,95.53,95.53,98.25,97.16,95.53,95.53,94.99,94.45,94.45,94.45,94.45,94.45,94.45,93.36,93.36,92.28,92.28,92.28,92.28,92.28,92.28,91.73,91.73,91.73,90.65,90.10,90.10,90.10,90.10,90.10,90.10,90.10,89.56,89.56,89.56"
Rec-G3_S60_1,5,11,2490,core,362,317,11.31,5.1,0.9704,364,318,374,321,1.0,True,97.9865,119.4126,92.2753,5.4046,96.6172,"119.41,112.90,108.01,104.22,102.04,100.96,99.87,99.33,98.79,98.25,98.25,105.84,103.13,100.96,99.33,98.25,97.70,97.70,96.62,96.62,96.62,96.62,98.79,97.70,96.62,96.07,95.53,95.53,95.53,94.99,94.99,94.99,94.45,94.45,94.45,93.36,93.36,93.36,93.36,93.36,92.28,92.28,92.28,92.28"
Rec-G3_S60_1,5,12,2491,core,367,317,0.0,5.0,0.9728,369,318,379,321,1.0,True,98.2702,117.2416,92.2753,4.8682,97.4314,"117.24,111.27,107.47,103.67,102.04,100.96,100.42,99.87,99.33,99.33,98.79,105.30,103.13,100.96,99.33,98.25,98.25,98.25,97.70,97.70,97.16,96.62,98.79,97.70,97.16,96.07,96.07,96.07,95.53,95.53,95.53,95.53,94.99,94.99,94.45,94.45,94.45,94.45,93.36,93.36,93.36,93.36,93.36,92.28"
Rec-G3_S60_1,5,13,2492,core,372,317,0.0,5.0,0.9737,374,318,384,321,1.0,True,98.0605,115.0706,90.6471,4.8031,97.16,"115.07,110.19,106.93,104.22,103.13,101.50,100.96,99.87,98.79,98.25,96.62,105.30,103.13,100.96,99.87,99.33,98.25,98.25,97.70,96.62,95.53,94.99,98.79,98.25,97.70,97.16,97.16,96.07,95.53,95.53,94.99,94.45,93.36,95.53,94.99,94.99,94.45,94.45,94.45,93.36,93.36,92.28,91.73,90.65"
Rec-G3_S60_1,5,14,2493,core,376,317,0.0,4.0,0.9741,378,318,388,321,1.0,True,96.3089,118.8698,81.9631,7.3934,95.5318,"118.87,112.90,109.64,105.84,103.13,100.96,98.79,97.16,95.53,92.28,85.76,106.93,105.30,102.04,100.42,98.79,97.70,96.62,95.53,93.36,91.19,85.22,100.42,98.79,98.25,97.16,96.07,95.53,94.45,93.36,91.19,88.48,83.05,96.07,95.53,94.99,94.45,93.36,92.28,91.73,90.65,89.56,86.31,81.96"
Rec-G3_S60_1,5,15,2494,core,381,317,0.0,5.0,0.9765,383,318,393,321,0.5455,False,86.9095,115.0706,74.3647,10.8754,85.491,"115.07,109.10,104.22,99.87,95.53,87.93,81.42,77.62,76.54,75.99,75.45,104.22,101.50,98.79,96.07,92.28,86.31,80.88,77.62,75.99,75.45,74.91,98.25,96.62,94.99,93.36,90.10,84.68,79.79,77.08,75.99,75.45,74.91,94.45,92.28,91.73,90.10,87.93,83.05,78.71,76.54,75.99,74.91,74.36"
Rec-G3_S60_1,5,16,2495,core,386,317,0.0,5.0,0.9781,388,318,398,321,0.0909,False,78.2009,99.8737,73.822,5.3734,75.9929,"99.87,89.56,83.59,80.33,78.16,77.08,75.99,75.45,75.45,74.91,74.91,92.28,84.68,80.33,78.16,77.08,75.99,75.45,75.45,74.91,74.91,74.36,87.39,81.42,78.71,77.08,75.99,75.99,75.45,74.91,74.91,74.36,73.82,84.13,79.79,77.62,76.54,75.99,75.45,74.91,74.91,74.36,74.36,73.82"
Rec-G3_S60_1,6,1,2648,core,317,319,-90.0,1.0,0.9793,319,320,329,323,1.0,True,90.9801,97.7027,84.1341,3.3341,90.3757,"97.16,97.70,96.62,95.53,95.53,95.53,94.99,94.99,94.99,94.45,94.45,90.65,91.19,91.73,91.73,92.28,92.28,92.28,92.28,92.28,92.28,92.28,86.31,87.93,88.48,89.56,89.56,89.56,90.10,90.10,90.10,90.10,89.56,84.13,85.76,86.31,86.85,87.93,87.93,87.93,87.93,87.93,87.93,87.93"
Rec-G3_S60_1,6,2,2649,core,322,318,11.31,5.1,0.9796,324,319,334,322,1.0,True,95.7045,115.6133,89.5616,5.3426,94.7176,"115.61,110.19,105.84,103.13,100.42,98.79,98.25,97.16,96.62,95.53,95.53,103.13,100.96,98.79,97.70,96.62,96.07,95.53,94.99,94.45,94.45,93.36,95.53,95.53,94.99,94.45,94.45,93.36,93.36,92.28,92.28,92.28,91.19,91.19,91.19,91.19,91.19,91.19,91.19,90.65,90.65,90.10,90.10,89.56"
Rec-G3_S60_1,6,3,2650,core,327,318,0.0,5.0,0.9787,329,319,339,322,1.0,True,95.5071,113.9851,89.5616,5.0332,94.4463,"113.99,109.10,105.30,102.04,99.87,98.25,97.70,96.62,95.53,95.53,94.99,103.13,100.96,98.79,97.70,96.07,95.53,94.99,94.45,94.45,93.36,92.28,96.62,95.53,94.99,94.45,94.45,93.36,93.36,92.28,92.28,91.73,91.19,92.28,92.28,91.73,91.73,91.19,91.19,91.19,90.65,90.10,89.56,89.56"
Rec-G3_S60_1,6,4,2651,core,331,318,0.0,4.0,0.9764,333,319,343,322,1.0,True,95.5811,117.7843,89.5616,5.6544,94.4463,"117.78,110.73,106.39,103.13,99.87,98.25,97.16,96.07,95.53,94.99,94.45,103.67,102.04,99.33,97.70,96.07,95.53,94.99,94.45,93.36,93.36,92.28,97.16,95.53,94.99,94.45,93.36,93.36,92.28,92.28,91.73,91.19,91.19,92.28,92.28,92.28,91.73,91.19,91.19,90.65,90.10,90.10,89.56,89.56"
Rec-G3_S60_1,6,5,2652,core,336,318,0.0,5.0,0.9768,338,319,348,322,1.0,True,94.5326,113.9851,88.4761,5.0185,93.3608,"113.99,108.01,103.67,100.96,98.25,97.16,96.07,95.53,94.45,94.45,93.36,102.04,99.87,97.70,96.07,95.53,94.45,94.45,93.36,92.28,92.28,91.73,96.07,95.53,94.45,93.36,92.28,92.28,91.73,91.19,91.19,90.65,90.10,92.28,92.28,91.73,91.19,90.65,90.10,90.10,89.56,89.56,89.02,88.48"
Rec-G3_S60_1,6,6,2653,core,341,318,0.0,5.0,0.9768,343,319,353,322,1.0,True,93.4965,109.6431,87.9333,4.3836,92.2753,"109.64,105.30,102.04,98.79,97.16,95.53,94.99,94.45,94.45,93.36,92.28,99.87,98.25,96.62,95.53,94.45,93.36,93.36,92.28,91.73,91.73,91.19,94.99,94.45,93.36,92.28,92.28,91.73,91.19,90.65,90.10,90.10,89.56,91.19,91.19,90.65,90.10,90.10,89.56,89.56,89.02,89.02,88.48,87.93"
Rec-G3_S60_1,6,7,2654,core,346,318,0.0,5.0,0.9748,348,319,358,322,1.0,True,92.8797,106.9294,88.4761,3.8189,91.7325,"106.93,103.13,99.87,97.70,96.07,94.99,94.45,93.36,93.36,93.36,92.28,98.79,97.16,95.53,94.45,93.36,93.36,92.28,91.73,91.73,91.19,91.19,94.45,93.36,92.28,91.73,91.19,91.19,91.19,90.65,90.10,89.56,89.56,91.19,90.65,90.10,90.10,89.56,89.56,89.56,89.02,88.48,88.48,88.48"
Rec-G3_S60_1,6,8,2655,core,351,318,0.0,5.0,0.9723,353,319,363,322,1.0,True,93.0277,105.3012,89.5616,3.3621,92.2753,"105.30,102.04,98.79,97.16,95.53,95.53,94.45,94.45,94.45,94.45,94.45,98.25,96.07,94.99,94.45,93.36,93.36,92.28,92.28,92.28,92.28,92.28,93.36,92.28,92.28,91.73,91.19,91.19,91.19,91.19,91.19,90.65,90.65,90.65,90.65,90.10,89.56,89.56,89.56,89.56,89.56,89.56,89.56,89.56"
Rec-G3_S60_1,6,9,2656,core,355,318,0.0,4.0,0.969,357,319,367,322,1.0,True,94.0022,108.0149,90.1043,3.7909,93.3608,"108.01,104.22,100.96,98.79,97.16,96.07,95.53,95.53,95.53,95.53,95.53,98.79,97.70,96.07,94.99,94.45,94.45,94.45,93.36,93.36,93.36,93.36,94.45,93.36,92.28,92.28,92.28,92.28,91.73,91.73,91.73,91.73,91.73,91.19,90.65,90.65,90.10,90.10,90.10,90.10,90.10,90.10,90.10,90.10"
Rec-G3_S60_1,6,10,2657,core,360,318,0.0,5.0,0.9694,362,319,372,322,1.0,True,94.6683,106.3867,91.1898,3.3383,94.4463,"106.39,103.13,100.96,98.79,97.70,97.16,96.62,96.62,96.62,96.07,96.07,98.25,97.70,96.62,95.53,95.53,94.99,94.99,94.99,94.99,94.45,94.45,94.45,93.36,93.36,93.36,93.36,93.36,93.36,92.28,92.28,92.28,92.28,91.19,91.19,91.19,91.19,91.19,91.19,91.19,91.19,91.19,91.19,91.19"
Rec-G3_S60_1,6,11,2658,core,365,317,11.31,5.1,0.9723,367,318,377,321,1.0,True,98.7019,119.4126,93.3608,5.2836,97.4314,"119.41,112.90,109.10,105.30,103.13,101.50,100.42,99.87,99.87,99.87,99.33,106.39,103.67,101.50,99.87,98.79,98.25,98.25,97.70,97.70,97.16,97.16,99.33,98.25,97.16,96.62,96.07,95.53,95.53,95.53,95.53,95.53,95.53,94.99,94.45,94.45,94.45,94.45,94.45,94.45,93.36,93.36,93.36,93.36"
Rec-G3_S60_1,6,12,2659,core,370,317,0.0,5.0,0.9748,372,318,382,321,1.0,True,99.0843,117.7843,92.2753,5.0458,97.9741,"117.78,112.90,108.56,105.30,103.13,102.04,101.50,100.96,100.42,99.87,98.79,106.39,104.22,102.04,100.96,99.33,99.33,98.79,98.25,97.70,97.70,96.62,99.87,98.79,98.25,97.70,97.16,97.16,96.62,96.07,95.53,95.53,94.45,95.53,95.53,95.53,95.53,94.99,94.99,94.45,94.45,93.36,93.36,92.28"
Rec-G3_S60_1,6,13,2660,core,375,317,0.0,5.0,0.9762,377,318,387,321,1.0,True,97.271,115.6133,86.8478,5.7341,96.0745,"115.61,111.27,107.47,105.30,103.13,100.96,99.33,98.25,97.16,95.53,92.28,106.39,103.67,102.04,100.42,99.33,98.25,97.16,96.07,94.99,93.36,91.19,99.87,98.79,98.25,97.16,96.62,95.53,94.99,94.45,93.36,91.19,89.02,96.07,95.53,95.53,94.99,94.45,93.36,92.28,91.73,91.19,89.56,86.85"
Rec-G3_S60_1,6,14,2661,core,380,317,0.0,5.0,0.9763,382,318,392,321,0.6364,False,88.7474,112.8996,74.3647,10.4697,90.6471,"112.90,108.56,104.22,100.96,98.25,94.45,87.93,80.88,77.62,75.99,75.45,104.22,101.50,98.79,97.16,95.53,92.28,86.31,80.33,77.62,75.99,74.91,98.25,97.16,95.53,94.45,93.36,90.65,84.68,79.79,77.08,75.99,74.91,94.99,94.45,93.36,91.73,90.65,87.93,83.05,78.71,76.54,75.45,74.36"
Rec-G3_S60_1,6,15,2662,core,384,317,0.0,4.0,0.9765,386,318,396,321,0.2727,False,81.7534,111.8141,74.3647,9.3744,77.0784,"111.81,105.30,94.45,85.22,80.33,77.62,76.54,75.99,75.45,75.45,74.91,102.04,97.70,90.10,83.05,78.71,77.62,75.99,75.45,75.45,74.91,74.91,95.53,92.28,86.85,80.88,78.16,76.54,75.99,75.45,74.91,74.36,74.36,91.73,89.56,84.13,79.79,77.62,75.99,75.45,74.91,74.91,74.36,74.36"
Rec-G3_S60_1,6,16,2663,core,386,317,0.0,2.0,0.9825,388,318,398,321,0.0909,False,78.83,103.6729,73.822,6.1261,75.9929,"103.67,92.28,85.76,81.42,78.71,77.62,75.99,75.99,75.45,75.45,74.91,94.45,86.31,81.42,78.71,77.62,76.54,75.99,75.45,75.45,74.91,74.91,89.02,82.51,78.71,77.62,76.54,75.99,75.45,75.45,74.91,74.91,74.36,85.22,80.33,77.62,76.54,75.99,75.45,75.45,75.45,74.36,73.82,73.82"
Rec-G3_std_1,1,1,246,core,291,318,-135.0,1.41,0.9769,293,319,303,322,1.0,True,93.0647,98.7882,85.2196,3.3165,92.2753,"98.25,98.79,98.25,97.70,97.16,97.16,97.16,97.16,97.16,96.62,96.07,91.19,92.28,93.36,94.45,94.45,94.45,94.99,94.99,94.99,94.99,94.45,87.93,89.02,90.10,91.19,91.73,92.28,92.28,92.28,93.36,92.28,92.28,85.22,86.85,87.93,89.02,89.56,90.10,90.65,91.19,91.19,91.19,91.19"
Rec-G3_std_1,1,2,247,core,294,318,0.0,3.0,0.9777,296,319,306,322,1.0,True,94.7917,103.6729,90.1043,3.1051,94.4463,"103.67,102.04,100.42,99.33,98.25,98.25,98.25,97.70,97.16,96.62,96.07,96.62,96.62,96.07,96.07,96.07,96.07,95.53,95.53,95.53,94.99,94.45,92.28,93.36,93.36,93.36,93.36,94.45,93.36,93.36,93.36,93.36,92.28,90.10,90.65,91.19,91.19,91.73,91.73,91.73,91.73,91.19,91.19,91.19"
Rec-G3_std_1,1,3,248,core,299,317,11.31,5.1,0.9725,301,318,311,321,1.0,True,98.0728,116.6988,91.7325,4.9942,96.8886,"116.70,111.81,107.47,104.22,102.04,100.96,99.87,98.79,98.25,97.16,96.62,105.84,103.67,101.50,99.87,98.79,98.25,97.70,97.16,96.07,95.53,94.99,99.33,98.25,97.70,97.16,96.62,96.07,95.53,94.99,94.99,94.45,93.36,95.53,95.53,95.53,94.99,94.45,94.45,93.36,93.36,92.28,92.28,91.73"
Rec-G3_std_1,1,4,249,core,303,317,0.0,4.0,0.975,305,318,315,321,1.0,True,98.0728,119.4126,91.1898,5.633,96.0745,"119.41,113.99,109.10,105.30,102.04,100.42,98.79,98.25,97.16,96.62,95.53,106.93,104.22,102.04,100.42,98.79,97.70,96.62,96.07,95.53,94.99,94.45,100.42,98.79,98.25,97.16,96.07,95.53,95.53,94.99,94.45,93.36,93.36,96.07,95.53,95.53,94.99,94.45,94.45,93.36,93.36,92.28,91.73,91.19"
Rec-G3_std_1,1,5,250,core,308,317,0.0,5.0,0.9752,310,318,320,321,1.0,True,96.7899,116.1561,91.1898,5.0089,95.5318,"116.16,110.19,106.39,103.13,100.42,98.79,98.25,96.62,96.07,95.53,95.53,105.30,102.04,99.87,98.25,97.70,96.07,95.53,95.53,94.45,94.45,94.45,98.79,97.70,96.62,95.53,95.53,94.99,94.45,93.36,93.36,93.36,92.28,95.53,94.99,94.45,93.36,93.36,92.28,92.28,92.28,91.19,91.19,91.19"
Rec-G3_std_1,1,6,251,core,313,317,0.0,5.0,0.9736,315,318,325,321,1.0,True,96.2102,112.8996,91.1898,4.319,95.2604,"112.90,108.01,104.22,101.50,99.33,98.25,97.16,96.62,96.07,95.53,95.53,103.13,100.96,98.79,97.70,96.62,96.07,95.53,94.99,94.45,94.45,94.45,97.70,96.62,95.53,95.53,94.99,94.99,94.45,93.36,93.36,93.36,92.28,94.45,94.45,93.36,93.36,92.28,92.28,92.28,92.28,91.73,91.19,91.19"
Rec-G3_std_1,1,7,252,core,318,317,0.0,5.0,0.9707,320,318,330,321,1.0,True,96.0745,110.7286,91.1898,3.8448,95.5318,"110.73,106.39,103.13,100.96,98.79,98.25,97.16,96.62,96.07,95.53,95.53,102.04,100.42,98.25,97.70,96.62,96.07,95.53,95.53,94.99,94.45,94.45,97.16,96.07,95.53,95.53,94.99,94.45,94.45,94.45,93.36,93.36,92.28,94.45,94.45,93.36,93.36,93.36,92.28,92.28,92.28,91.73,91.73,91.19"
Rec-G3_std_1,1,8,253,core,327,317,0.0,9.0,0.97,329,318,339,321,1.0,True,96.8763,111.2714,93.3608,3.6436,96.0745,"111.27,106.93,103.67,101.50,99.33,98.25,98.25,97.70,97.70,97.70,97.70,102.04,100.42,98.79,97.70,97.16,96.62,96.62,96.07,96.07,96.07,95.53,97.16,96.62,95.53,95.53,95.53,94.99,94.99,94.99,94.99,94.45,94.45,94.45,94.45,94.45,93.36,93.36,93.36,93.36,93.36,93.36,93.36,93.36"
Rec-G3_std_1,1,9,254,core,332,317,0.0,5.0,0.9689,334,318,344,321,1.0,True,97.5671,110.1859,94.4463,3.3279,97.16,"110.19,106.39,103.67,102.04,100.42,99.87,99.33,98.79,98.79,98.25,98.25,102.04,100.42,99.33,98.25,98.25,97.70,97.70,97.16,97.16,97.16,97.16,97.70,96.62,96.07,96.07,96.07,95.53,95.53,95.53,95.53,95.53,95.53,94.45,94.45,94.45,94.45,94.45,94.45,94.45,94.45,94.45,94.45,94.45"
Rec-G3_std_1,1,10,255,core,337,317,0.0,5.0,0.9672,339,318,349,321,1.0,True,98.4675,110.1859,94.4463,3.3881,97.9741,"110.19,106.93,105.30,103.13,102.04,100.96,100.42,99.87,99.87,99.33,98.79,103.13,101.50,100.42,99.87,99.33,98.79,98.25,98.25,98.25,97.70,97.70,98.25,98.25,97.70,97.70,97.16,97.16,96.62,96.07,96.07,95.53,95.53,95.53,95.53,95.53,95.53,95.53,95.53,94.99,94.99,94.45,94.45,94.45"
Rec-G3_std_1,1,11,256,core,342,316,11.31,5.1,0.9677,344,317,354,320,1.0,True,101.3909,122.1263,94.989,5.3122,100.1451,"122.13,115.61,111.27,108.01,105.84,104.22,103.13,103.13,102.04,102.04,101.50,109.10,106.39,104.22,103.13,102.04,100.96,100.42,100.42,99.87,99.33,98.79,103.13,101.50,100.42,99.87,99.33,98.79,98.25,98.25,98.25,97.70,97.16,98.25,98.25,97.70,97.70,97.16,97.16,96.62,96.07,95.53,95.53,94.99"
Rec-G3_std_1,1,12,257,core,347,316,0.0,5.0,0.9678,349,317,359,320,1.0,True,100.2438,119.4126,91.7325,5.5189,98.7882,"119.41,113.99,110.73,107.47,105.30,104.22,103.13,102.04,100.42,98.79,97.70,108.56,105.84,104.22,103.13,102.04,100.96,99.87,98.79,98.25,97.16,95.53,102.04,101.50,100.42,99.33,99.33,98.25,97.70,97.16,95.53,94.99,93.36,98.25,98.25,97.70,97.16,97.16,96.07,95.53,94.99,94.45,92.28,91.73"
Rec-G3_std_1,1,13,258,core,351,316,0.0,4.0,0.9705,353,317,363,320,0.9091,False,97.5054,125.3828,79.7922,9.3893,97.9741,"125.38,117.78,112.90,108.56,105.30,102.04,100.42,98.25,95.53,89.02,80.88,111.27,108.01,105.30,103.13,100.96,99.33,98.25,96.07,93.36,87.93,80.88,103.13,102.04,100.42,98.79,98.25,96.62,95.53,94.45,91.73,86.85,80.33,98.79,98.25,97.70,96.07,95.53,94.45,93.36,91.73,90.10,85.76,79.79"
Rec-G3_std_1,1,14,259,core,356,316,0.0,5.0,0.9727,358,317,368,320,0.4545,False,86.7245,118.8698,73.822,12.0813,82.5059,"118.87,111.81,106.39,100.96,92.28,83.05,78.71,77.08,75.99,74.91,74.36,106.93,103.67,99.87,96.62,90.65,83.05,78.71,76.54,75.99,74.91,74.36,100.42,98.25,96.07,94.45,89.02,81.96,78.16,76.54,75.45,74.91,74.36,96.07,94.99,93.36,91.19,86.85,80.88,77.62,75.99,75.45,74.36,73.82"
Rec-G3_std_1,1,15,260,core,360,316,0.0,4.0,0.9733,362,317,372,320,0.0909,False,79.6071,111.2714,73.822,7.6764,75.9929,"111.27,95.53,87.93,83.05,78.71,77.62,75.99,75.99,75.45,74.91,74.36,98.25,89.02,83.05,79.79,77.62,76.54,75.99,75.45,74.91,74.36,73.82,92.28,84.68,80.33,77.62,76.54,75.99,75.99,74.91,74.91,74.36,73.82,88.48,82.51,78.71,77.62,75.99,75.99,75.45,74.91,74.36,73.82,73.82"
Rec-G3_std_1,2,1,406,core,294,318,0.0,3.0,0.9766,296,319,306,322,1.0,True,94.8287,103.1302,90.1043,3.0628,94.4463,"103.13,102.04,100.42,99.33,98.79,98.25,98.25,97.70,97.16,96.62,96.07,96.62,96.62,96.07,96.07,96.07,96.07,95.53,95.53,95.53,94.99,94.45,92.28,93.36,93.36,93.36,94.45,94.45,93.36,93.36,93.36,93.36,92.28,90.10,91.19,91.19,91.19,91.73,91.73,91.73,91.73,91.19,91.19,91.19"
Rec-G3_std_1,2,2,407,core,298,317,14.04,4.12,0.9738,300,318,310,321,1.0,True,98.9239,123.2118,92.2753,6.0814,97.16,"123.21,115.61,110.73,106.93,103.67,102.04,100.42,99.33,98.25,97.70,96.62,107.47,105.30,103.13,100.96,99.33,98.25,98.25,97.16,96.07,95.53,95.53,99.87,99.33,98.25,97.70,97.16,96.62,96.07,95.53,94.99,94.45,94.45,95.53,95.53,95.53,94.99,94.99,94.45,94.45,93.36,93.36,92.28,92.28"
Rec-G3_std_1,2,3,408,core,303,317,0.0,5.0,0.9755,305,318,315,321,1.0,True,97.8878,119.4126,91.1898,5.5518,96.0745,"119.41,112.90,108.56,105.30,102.04,99.87,98.79,98.25,97.16,96.07,95.53,106.39,104.22,102.04,99.87,98.25,97.70,96.62,95.53,95.53,94.99,94.45,100.42,98.79,97.70,96.62,96.07,95.53,94.99,94.99,94.45,93.36,93.36,96.07,95.53,94.99,94.99,94.45,93.36,93.36,93.36,92.28,91.73,91.19"
Rec-G3_std_1,2,4,409,core,308,317,0.0,5.0,0.9748,310,318,320,321,1.0,True,96.6913,115.6133,91.1898,4.8096,95.5318,"115.61,109.64,105.84,102.04,100.42,98.25,97.70,96.62,96.07,95.53,94.99,104.22,102.04,99.87,98.25,97.16,96.62,95.53,94.99,94.45,94.45,93.36,98.79,97.70,96.62,96.07,95.53,94.99,94.45,93.36,93.36,93.36,92.28,95.53,94.99,94.45,94.45,93.36,93.36,92.28,92.28,91.19,91.19,91.19"
Rec-G3_std_1,2,5,410,core,313,317,0.0,5.0,0.9725,315,318,325,321,1.0,True,96.0252,111.8141,91.1898,4.1846,94.989,"111.81,107.47,103.67,100.96,98.79,97.70,97.16,96.07,95.53,95.53,94.99,103.13,100.96,98.79,97.70,96.62,95.53,95.53,94.99,94.45,94.45,93.36,98.25,96.62,95.53,95.53,94.99,94.45,94.45,93.36,93.36,92.28,92.28,94.45,94.45,93.36,93.36,92.28,92.28,92.28,92.28,91.73,91.19,91.19"
Rec-G3_std_1,2,6,411,core,317,317,0.0,4.0,0.9705,319,318,329,321,1.0,True,96.5926,115.0706,91.7325,4.5936,95.5318,"115.07,109.10,105.30,102.04,99.87,98.25,97.70,96.62,96.07,95.53,95.53,103.67,101.50,99.33,98.25,97.16,96.07,95.53,95.53,94.99,94.45,94.45,98.25,97.16,96.07,95.53,94.99,94.45,94.45,94.45,93.36,93.36,92.28,94.45,94.45,94.45,93.36,93.36,93.36,92.28,92.28,92.28,91.73,91.73"
Rec-G3_std_1,2,7,412,core,322,317,0.0,5.0,0.9705,324,318,334,321,1.0,True,96.6173,112.8996,92.2753,4.1496,95.5318,"112.90,108.01,104.22,102.04,99.87,98.25,97.70,97.16,96.62,96.07,96.07,103.13,100.96,98.79,98.25,97.16,96.07,95.53,95.53,95.53,94.99,94.99,97.70,96.62,96.07,95.53,95.53,94.99,94.45,94.45,94.45,93.36,93.36,94.45,94.45,94.45,93.36,93.36,93.36,92.28,92.28,92.28,92.28,92.28"
Rec-G3_std_1,2,8,413,core,327,317,0.0,5.0,0.9705,329,318,339,321,1.0,True,96.9133,111.2714,93.3608,3.6288,95.8031,"111.27,106.93,103.67,101.50,99.33,98.79,98.25,98.25,97.70,97.16,97.16,102.04,100.42,98.79,97.70,97.16,96.62,96.62,96.07,95.53,95.53,95.53,97.70,96.62,96.07,95.53,95.53,95.53,94.99,94.99,94.99,94.45,94.45,94.45,94.45,94.45,94.45,93.36,93.36,93.36,93.36,93.36,93.36,93.36"
Rec-G3_std_1,2,9,414,core,332,317,0.0,5.0,0.9686,334,318,344,321,1.0,True,97.6287,110.1859,93.3608,3.3066,97.16,"110.19,106.39,103.67,102.04,100.42,99.87,99.33,98.79,98.79,98.25,98.25,102.04,100.42,99.33,98.25,98.25,97.70,97.70,97.70,97.16,97.16,96.62,97.70,97.16,96.62,96.62,96.07,96.07,95.53,95.53,95.53,95.53,95.53,94.99,94.99,94.99,94.45,94.45,94.45,94.45,94.45,94.45,94.45,93.36"
Rec-G3_std_1,2,10,415,core,337,317,0.0,5.0,0.9666,339,318,349,321,1.0,True,98.1221,109.1004,94.4463,3.1132,97.7027,"109.10,106.39,103.67,102.04,101.50,100.42,99.87,99.87,99.33,98.79,98.79,102.04,100.96,99.87,99.33,98.79,98.25,98.25,98.25,97.70,97.70,97.16,98.25,97.70,97.16,97.16,97.16,96.62,96.62,96.07,96.07,95.53,95.53,95.53,95.53,95.53,95.53,95.53,94.99,94.99,94.45,94.45,94.45,94.45"
Rec-G3_std_1,2,11,416,core,342,316,11.31,5.1,0.9665,344,317,354,320,1.0,True,101.2799,121.0408,95.5318,5.0892,99.8737,"121.04,115.07,110.73,107.47,105.30,103.67,103.13,102.04,102.04,101.50,100.96,109.10,106.39,104.22,103.13,102.04,100.96,100.42,99.87,99.87,99.33,98.79,103.13,101.50,100.42,99.87,99.33,98.79,98.25,98.25,98.25,97.70,97.16,98.25,98.25,98.25,97.70,97.16,97.16,96.62,96.07,96.07,95.53,95.53"
Rec-G3_std_1,2,12,417,core,346,316,0.0,4.0,0.9686,348,317,358,320,1.0,True,101.724,127.5537,93.3608,6.5757,99.8737,"127.55,119.41,113.99,109.64,106.93,105.30,103.13,102.04,101.50,99.87,98.25,111.81,108.56,105.84,103.67,103.13,102.04,100.96,99.87,98.79,98.25,96.62,103.67,103.13,101.50,100.42,99.87,99.33,98.79,98.25,97.16,96.07,95.53,99.33,98.79,98.25,98.25,97.70,97.16,96.62,95.53,95.53,94.45,93.36"
Rec-G3_std_1,2,13,418,core,351,316,0.0,5.0,0.9717,353,317,363,320,0.9091,False,96.8393,122.669,79.7922,8.9671,97.16,"122.67,116.16,111.27,106.93,103.67,101.50,98.79,97.16,94.45,88.48,80.88,109.64,106.93,104.22,102.04,99.87,98.79,97.16,95.53,93.36,87.93,80.33,103.13,101.50,99.87,98.79,97.70,96.62,95.53,93.36,91.19,86.31,79.79,98.79,98.25,97.16,96.07,95.53,94.45,93.36,91.19,89.56,85.22,79.79"
Rec-G3_std_1,2,14,419,core,356,316,0.0,5.0,0.9729,358,317,368,320,0.4545,False,86.3421,117.7843,73.822,11.8884,81.9631,"117.78,110.73,105.30,99.33,91.73,83.05,78.71,76.54,75.99,74.91,74.36,106.39,103.13,99.33,96.07,89.56,82.51,78.71,76.54,75.45,74.91,73.82,100.42,98.25,96.07,93.36,87.93,81.42,77.62,75.99,75.45,74.36,73.82,96.07,94.99,93.36,91.19,86.31,80.88,77.62,75.99,74.91,74.36,73.82"
Rec-G3_std_1,2,15,420,core,360,316,0.0,4.0,0.9744,362,317,372,320,0.0909,False,79.3358,109.6431,73.822,7.465,75.9929,"109.64,94.45,87.39,82.51,78.71,77.62,75.99,75.99,74.91,74.91,74.36,98.25,87.93,83.05,79.79,77.62,75.99,75.99,75.45,74.91,74.36,73.82,91.73,84.13,79.79,77.62,76.54,75.99,75.45,74.91,74.36,73.82,73.82,88.48,82.51,78.71,77.08,75.99,75.45,74.91,74.36,73.82,73.82,73.82"
Rec-G3_std_1,3,1,571,core,291,318,-90.0,1.0,0.9773,293,319,303,322,1.0,True,93.7802,100.4165,85.7624,3.3832,93.3608,"99.87,100.42,99.33,98.25,98.25,97.70,97.70,97.70,97.70,97.16,96.62,92.28,93.36,94.45,94.45,94.99,95.53,95.53,95.53,95.53,95.53,94.99,88.48,89.56,91.19,91.73,92.28,93.36,93.36,93.36,93.36,93.36,93.36,85.76,87.93,89.02,89.56,90.65,91.19,91.19,91.19,91.19,91.19,91.19"
Rec-G3_std_1,3,2,572,core,295,318,0.0,4.0,0.9767,297,319,307,322,1.0,True,95.9265,107.4722,91.1898,3.6323,94.989,"107.47,105.30,103.13,101.50,99.87,99.33,98.79,98.25,97.70,97.16,96.62,98.79,98.25,98.25,97.70,97.16,97.16,96.62,96.07,95.53,95.53,94.99,94.45,94.45,94.45,94.99,94.99,94.45,94.45,94.45,94.45,93.36,93.36,91.19,91.73,92.28,92.28,92.28,92.28,92.28,92.28,92.28,91.73,91.19"
Rec-G3_std_1,3,3,573,core,300,317,11.31,5.1,0.9751,302,318,312,321,1.0,True,99.0349,122.1263,92.2753,5.9471,97.16,"122.13,115.07,110.73,106.93,103.67,102.04,100.42,99.33,98.25,97.70,97.16,108.01,105.30,103.13,101.50,99.87,98.25,98.25,97.16,96.62,95.53,95.53,100.96,99.33,98.79,98.25,97.16,96.62,96.07,95.53,94.99,94.45,94.45,96.07,96.07,95.53,95.53,94.99,94.45,94.45,93.36,93.36,92.28,92.28"
Rec-G3_std_1,3,4,574,core,305,317,0.0,5.0,0.9753,307,318,317,321,1.0,True,98.0358,117.7843,91.7325,5.1492,96.6172,"117.78,111.81,108.01,104.22,102.04,99.87,98.79,98.25,97.70,96.62,96.07,106.39,103.67,102.04,99.87,98.25,98.25,97.16,96.62,95.53,95.53,94.99,100.42,98.79,98.25,97.16,96.62,96.07,95.53,94.99,94.45,94.45,93.36,96.07,95.53,95.53,94.99,94.45,94.45,93.36,93.36,92.28,92.28,91.73"
Rec-G3_std_1,3,5,575,core,310,317,0.0,5.0,0.9739,312,318,322,321,1.0,True,97.1723,115.0706,91.7325,4.6782,95.5318,"115.07,109.64,105.84,103.13,100.42,98.79,98.25,97.16,96.62,95.53,95.53,105.30,102.04,100.42,98.79,98.25,97.16,96.07,95.53,95.53,94.45,94.45,99.33,98.25,97.16,96.62,95.53,95.53,94.99,94.45,94.45,93.36,92.28,95.53,95.53,94.99,94.45,94.45,93.36,93.36,92.28,92.28,91.73,91.73"
Rec-G3_std_1,3,6,576,core,314,317,0.0,4.0,0.9716,316,318,326,321,1.0,True,97.2093,117.2416,91.7325,5.0409,95.5318,"117.24,110.73,106.93,103.13,100.96,98.79,97.70,97.16,96.62,95.53,95.53,105.30,103.13,100.96,98.25,97.70,96.62,96.07,95.53,94.99,94.45,94.45,99.33,98.25,97.16,96.07,95.53,95.53,94.45,94.45,94.45,93.36,93.36,95.53,94.99,94.45,94.45,93.36,93.36,93.36,92.28,92.28,91.73,91.73"
Rec-G3_std_1,3,7,577,core,319,317,0.0,5.0,0.9718,321,318,331,321,1.0,True,96.7653,113.9851,92.2753,4.3641,95.5318,"113.99,109.10,105.30,102.04,99.87,98.25,97.70,97.16,96.62,96.07,95.53,103.13,101.50,99.33,98.25,97.16,96.62,95.53,95.53,94.99,94.99,94.45,98.25,97.16,96.07,95.53,95.53,94.99,94.99,94.45,93.36,93.36,93.36,94.99,94.45,94.45,94.45,93.36,93.36,93.36,92.28,92.28,92.28,92.28"
Rec-G3_std_1,3,8,578,core,324,317,0.0,5.0,0.9716,326,318,336,321,1.0,True,96.8393,111.8141,92.2753,3.7998,95.8031,"111.81,107.47,103.67,101.50,99.33,98.25,98.25,97.70,97.16,96.62,96.62,103.13,100.96,98.79,97.70,97.16,96.62,96.07,96.07,95.53,95.53,95.53,97.70,96.62,96.07,95.53,95.53,94.99,94.99,94.45,94.45,94.45,94.45,94.45,94.45,94.45,94.45,93.36,93.36,93.36,93.36,93.36,93.36,92.28"
Rec-G3_std_1,3,9,579,core,329,317,0.0,5.0,0.9706,331,318,341,321,1.0,True,97.3327,110.1859,93.3608,3.3191,96.6172,"110.19,106.39,103.13,101.50,99.87,99.33,98.79,98.25,98.25,98.25,97.70,102.04,100.42,98.79,98.25,97.70,97.16,97.16,97.16,96.62,96.62,96.07,97.70,97.16,96.62,96.07,96.07,95.53,95.53,95.53,95.53,95.53,94.99,94.99,94.99,94.45,94.45,94.45,94.45,94.45,94.45,93.36,93.36,93.36"
Rec-G3_std_1,3,10,580,core,334,317,0.0,5.0,0.9689,336,318,346,321,1.0,True,97.8261,109.1004,94.4463,3.0765,97.4314,"109.10,105.84,103.13,102.04,100.96,99.87,99.33,98.79,98.79,98.25,98.25,102.04,100.96,99.33,98.79,98.25,98.25,98.25,97.70,97.70,97.16,97.16,98.25,97.70,97.16,96.62,96.62,96.07,96.07,96.07,95.53,95.53,95.53,95.53,95.53,94.99,94.99,94.99,94.99,94.45,94.45,94.45,94.45,94.45"
Rec-G3_std_1,3,11,581,core,339,316,11.31,5.1,0.9662,341,317,351,320,1.0,True,101.1319,121.5835,95.5318,5.0634,99.6023,"121.58,115.07,110.19,106.93,105.30,103.13,103.13,102.04,102.04,101.50,101.50,109.10,105.84,103.67,102.04,100.96,100.42,100.42,99.87,99.33,99.33,98.79,102.04,101.50,100.42,99.33,98.79,98.79,98.25,98.25,98.25,97.70,97.70,98.25,98.25,97.70,97.70,97.16,97.16,96.62,96.62,96.07,95.53,95.53"
Rec-G3_std_1,3,12,582,core,343,316,0.0,4.0,0.9674,345,317,355,320,1.0,True,102.3778,128.6392,95.5318,6.3392,100.6878,"128.64,119.41,113.99,110.19,106.93,105.30,104.22,103.67,103.13,102.04,101.50,111.81,108.56,105.84,103.67,102.04,102.04,101.50,100.96,100.42,99.87,99.33,103.67,102.04,101.50,100.42,99.87,99.33,98.79,98.79,98.25,98.25,97.70,99.33,98.25,98.25,98.25,97.70,97.16,97.16,96.62,96.62,96.07,95.53"
Rec-G3_std_1,3,13,583,core,348,316,0.0,5.0,0.9708,350,317,360,320,1.0,True,101.1319,125.9255,91.1898,6.6701,99.331,"125.93,117.78,112.90,109.64,106.93,105.30,103.13,102.04,100.42,98.25,96.07,111.27,108.56,106.39,104.22,103.13,102.04,100.96,99.33,98.25,96.62,94.99,103.67,102.04,101.50,100.96,99.87,98.79,98.25,97.70,96.07,94.99,93.36,99.33,98.79,98.25,98.25,97.70,96.62,96.07,95.53,94.45,92.28,91.19"
Rec-G3_std_1,3,14,584,core,353,316,0.0,5.0,0.9728,355,317,365,320,0.7273,False,92.8304,121.0408,75.4502,11.3361,94.7176,"121.04,115.07,109.64,105.30,101.50,98.25,95.53,89.56,81.42,77.62,75.99,109.10,106.39,103.13,100.96,98.25,96.07,94.45,88.48,80.88,77.62,75.99,102.04,100.96,98.79,97.70,96.07,94.45,92.28,87.39,80.33,77.08,75.45,98.25,97.16,96.07,94.99,93.36,92.28,90.10,85.76,79.79,76.54,75.45"
Rec-G3_std_1,3,15,585,core,358,316,0.0,5.0,0.9735,360,317,370,320,0.2727,False,82.3702,113.9851,73.822,10.3847,77.0784,"113.99,106.93,96.62,85.76,80.33,77.62,76.54,75.99,74.91,74.91,74.36,103.67,99.87,92.28,83.59,79.79,77.08,75.99,75.45,74.36,74.36,73.82,98.25,95.53,89.56,82.51,78.71,77.08,75.99,74.91,74.36,73.82,73.82,94.45,92.28,87.39,80.88,77.62,76.54,75.45,74.91,74.36,73.82,73.82"
Rec-G3_std_1,3,16,586,core,361,316,0.0,3.0,0.9787,363,317,373,320,0.0,False,77.6088,97.16,73.822,4.8662,75.9929,"97.16,89.02,83.59,79.79,77.62,76.54,75.99,75.45,74.91,74.36,74.36,89.56,83.59,79.79,77.62,76.54,75.99,75.45,74.91,74.36,73.82,73.82,84.68,80.33,78.16,76.54,75.99,75.99,75.45,74.91,74.36,73.82,73.82,82.51,78.71,77.62,75.99,75.99,74.91,74.91,74.36,73.82,73.82,73.82"
Rec-G3_std_1,4,1,729,core,291,317,180.0,1.0,0.9764,293,318,303,321,1.0,True,96.9133,115.0706,87.9333,5.2969,96.0745,"115.07,111.27,108.01,105.30,102.04,100.96,100.42,100.42,99.87,99.33,98.79,98.25,98.79,98.25,98.25,97.70,97.70,97.70,97.16,97.16,97.16,96.62,91.19,93.36,93.36,94.45,94.45,94.99,95.53,95.53,95.53,94.99,94.99,87.93,89.56,90.65,91.19,92.28,92.28,92.28,93.36,93.36,93.36,93.36"
Rec-G3_std_1,4,2,730,core,302,317,0.0,11.0,0.976,304,318,314,321,1.0,True,98.4922,117.7843,92.2753,5.2103,96.8886,"117.78,112.90,108.56,105.30,102.04,100.96,99.33,98.25,97.70,97.16,96.07,106.93,105.30,102.04,100.42,99.33,98.25,97.70,96.62,96.07,95.53,95.53,100.96,99.33,98.25,97.70,97.16,96.62,95.53,95.53,94.99,94.45,94.45,96.62,96.07,95.53,95.53,94.99,94.45,94.45,93.36,93.36,92.28,92.28"
Rec-G3_std_1,4,3,731,core,306,317,0.0,4.0,0.973,308,318,318,321,1.0,True,98.4305,121.5835,91.7325,5.8076,96.3459,"121.58,113.99,109.64,105.84,103.13,100.42,98.79,98.25,97.16,96.07,95.53,106.93,105.30,103.13,100.42,98.79,98.25,97.16,96.07,96.07,95.53,94.99,100.42,99.33,98.25,97.16,96.62,96.07,95.53,95.53,94.99,94.45,93.36,96.62,95.53,95.53,94.99,94.99,94.45,93.36,93.36,93.36,92.28,91.73"
Rec-G3_std_1,4,4,732,core,311,317,0.0,5.0,0.9736,313,318,323,321,1.0,True,97.345,117.2416,91.7325,5.0411,95.5318,"117.24,111.27,106.93,103.67,100.96,98.79,98.25,97.16,96.07,95.53,95.53,105.30,103.13,100.96,98.79,97.70,97.16,96.07,95.53,95.53,94.45,94.45,99.33,98.25,97.16,96.62,95.53,95.53,94.99,94.45,94.45,93.36,93.36,95.53,94.99,94.99,94.45,93.36,93.36,93.36,93.36,92.28,92.28,91.73"
Rec-G3_std_1,4,5,733,core,316,317,0.0,5.0,0.9739,318,318,328,321,1.0,True,96.7159,112.8996,91.7325,4.3021,95.5318,"112.90,109.10,105.30,102.04,99.33,98.25,97.70,96.62,96.07,95.53,95.53,103.67,102.04,99.33,98.25,96.62,96.07,95.53,95.53,94.99,94.99,94.45,98.25,97.70,96.62,95.53,95.53,94.99,94.45,94.45,94.45,93.36,93.36,94.99,94.45,94.45,94.45,93.36,93.36,93.36,92.28,92.28,92.28,91.73"
Rec-G3_std_1,4,6,734,core,321,317,0.0,5.0,0.9725,323,318,333,321,1.0,True,96.7899,111.8141,92.2753,3.8808,95.5318,"111.81,107.47,104.22,101.50,99.33,98.25,98.25,97.16,97.16,96.62,96.07,103.13,100.96,98.79,98.25,97.16,96.62,96.07,95.53,95.53,95.53,95.53,97.70,97.16,96.07,95.53,95.53,94.99,94.45,94.45,94.45,94.45,94.45,94.99,94.45,94.45,94.45,93.36,93.36,93.36,93.36,92.28,92.28,92.28"
Rec-G3_std_1,4,7,735,core,326,317,0.0,5.0,0.9708,328,318,338,321,1.0,True,97.16,110.1859,93.3608,3.3914,96.0745,"110.19,106.39,103.67,101.50,99.87,98.79,98.25,98.25,97.70,97.70,97.70,102.04,100.42,98.79,98.25,97.70,97.16,97.16,96.62,96.07,96.07,96.07,97.70,96.62,96.07,96.07,95.53,95.53,95.53,95.53,94.99,94.99,94.99,94.99,94.45,94.45,94.45,94.45,94.45,94.45,93.36,93.36,93.36,93.36"
Rec-G3_std_1,4,8,736,core,331,317,0.0,5.0,0.9676,333,318,343,321,1.0,True,97.7151,109.1004,94.4463,3.0604,97.16,"109.10,105.84,103.13,101.50,100.42,99.33,99.33,99.33,98.79,98.79,98.25,102.04,100.42,99.33,98.25,98.25,98.25,97.70,97.70,97.70,97.16,97.16,97.70,97.16,96.62,96.62,96.62,96.07,96.07,96.07,95.53,95.53,95.53,95.53,94.99,94.99,94.99,94.99,94.45,94.45,94.45,94.45,94.45,94.45"
Rec-G3_std_1,4,9,737,core,335,317,0.0,4.0,0.9675,337,318,347,321,1.0,True,99.0843,112.8996,94.989,3.7307,98.2455,"112.90,109.10,106.39,103.67,102.04,101.50,100.96,100.42,100.42,99.87,99.87,103.67,103.13,101.50,100.42,99.33,99.33,98.79,98.79,98.25,98.25,98.25,98.79,98.25,98.25,97.70,97.70,97.70,97.16,97.16,96.62,96.62,96.62,96.07,95.53,95.53,95.53,95.53,95.53,95.53,95.53,95.53,94.99,94.99"
Rec-G3_std_1,4,10,738,core,340,316,11.31,5.1,0.968,342,317,352,320,1.0,True,102.8465,128.0965,96.6172,6.0752,101.2306,"128.10,119.41,113.99,110.19,106.93,105.30,104.22,103.67,103.13,103.13,103.13,111.81,108.56,105.84,104.22,103.13,102.04,101.50,101.50,100.96,100.96,100.42,104.22,103.13,102.04,100.96,100.42,99.87,99.87,99.33,98.79,98.79,98.25,99.33,98.79,98.25,98.25,98.25,98.25,98.25,97.70,97.16,96.62,96.62"
Rec-G3_std_1,4,11,739,core,345,316,0.0,5.0,0.9702,347,317,357,320,1.0,True,102.7231,125.9255,94.989,6.0428,101.2306,"125.93,118.87,113.99,110.19,107.47,105.84,105.30,104.22,103.13,102.04,100.96,111.81,109.10,106.39,105.30,103.13,103.13,102.04,101.50,100.96,99.87,98.25,104.22,103.13,102.04,101.50,100.96,100.42,99.87,99.33,98.79,97.70,96.62,99.87,99.87,99.33,98.25,98.25,98.25,97.70,97.16,96.62,95.53,94.99"
Rec-G3_std_1,4,12,740,core,350,316,0.0,5.0,0.9712,352,317,362,320,1.0,True,99.8491,123.2118,85.7624,7.4955,99.0596,"123.21,117.78,112.90,109.10,106.39,103.67,102.04,100.42,98.25,95.53,89.56,111.27,108.56,106.39,103.67,102.04,100.96,99.33,98.25,96.62,94.45,88.48,104.22,103.13,102.04,100.96,99.87,98.25,97.70,96.07,94.99,92.28,87.39,99.87,99.33,98.79,98.25,97.16,96.07,95.53,94.45,92.28,90.10,85.76"
Rec-G3_std_1,4,13,741,core,359,316,0.0,9.0,0.9725,361,317,371,320,0.1818,False,81.2477,117.7843,73.822,9.9895,76.2643,"117.78,103.67,91.19,84.13,79.79,77.62,75.99,75.99,74.91,74.36,74.36,105.30,96.07,86.31,80.88,78.16,76.54,75.99,75.45,74.91,74.36,73.82,98.25,91.19,83.59,79.79,77.62,75.99,75.45,74.91,74.36,73.82,73.82,94.45,88.48,81.96,78.16,77.08,75.99,75.45,74.91,74.36,73.82,73.82"
Rec-G3_std_1,4,14,742,core,361,316,0.0,2.0,0.9814,363,317,373,320,0.0,False,77.4855,97.16,73.2792,4.8808,75.7216,"97.16,88.48,83.05,79.79,77.62,76.54,75.99,75.45,74.91,74.36,73.82,89.56,83.59,79.79,77.62,76.54,75.99,75.45,74.91,74.36,73.82,73.82,84.68,80.33,78.16,76.54,75.99,75.45,74.91,74.36,73.82,73.82,73.82,82.51,78.71,77.62,75.99,75.45,74.91,74.36,74.36,73.82,73.82,73.28"
Rec-G3_std_1,5,1,894,core,291,318,-90.0,1.0,0.9781,293,319,303,322,1.0,True,94.0269,100.4165,85.7624,3.4479,93.9035,"99.87,100.42,99.87,98.25,98.25,98.25,98.25,98.25,98.25,97.70,97.16,92.28,94.45,94.45,94.99,95.53,95.53,95.53,95.53,95.53,95.53,95.53,87.93,90.10,91.19,92.28,92.28,93.36,93.36,93.36,94.45,93.36,93.36,85.76,87.93,89.02,90.10,90.65,91.19,91.19,91.73,91.73,91.73,91.73"
Rec-G3_std_1,5,2,895,core,295,318,0.0,4.0,0.9786,297,319,307,322,1.0,True,96.0868,106.9294,91.1898,3.5278,95.2604,"106.93,105.30,103.13,101.50,99.87,99.33,98.79,98.25,98.25,97.16,96.62,98.79,98.25,98.25,97.70,97.70,97.16,96.62,96.62,96.07,95.53,95.53,94.45,94.99,94.99,94.99,94.99,94.99,94.99,94.45,94.45,94.45,93.36,91.19,91.73,92.28,92.28,92.28,92.28,92.28,92.28,92.28,92.28,92.28"
Rec-G3_std_1,5,3,896,core,300,317,11.31,5.1,0.9765,302,318,312,321,1.0,True,99.3927,120.498,93.3608,5.424,98.2455,"120.50,113.99,110.19,106.39,103.67,102.04,100.96,99.87,98.79,98.25,97.16,107.47,105.30,103.13,101.50,99.87,99.33,98.25,98.25,97.16,96.62,96.07,100.96,99.87,98.79,98.25,98.25,97.16,96.62,96.07,95.53,95.53,94.99,96.62,96.62,96.07,95.53,95.53,95.53,94.99,94.45,94.45,93.36,93.36"
Rec-G3_std_1,5,4,897,core,305,317,0.0,5.0,0.9755,307,318,317,321,1.0,True,98.3442,117.2416,92.2753,4.9975,96.8886,"117.24,111.81,108.01,104.22,102.04,100.42,98.79,98.25,97.70,96.62,95.53,106.39,104.22,102.04,100.42,98.79,98.25,97.70,96.62,95.53,95.53,94.99,100.96,99.33,98.25,98.25,97.16,96.62,96.07,95.53,94.99,94.45,93.36,97.16,96.62,96.07,95.53,94.99,94.99,94.45,93.36,93.36,92.28,92.28"
Rec-G3_std_1,5,5,898,core,305,317,0.0,0.0,0.9755,307,318,317,321,1.0,True,98.3442,117.2416,92.2753,4.9975,96.8886,"117.24,111.81,108.01,104.22,102.04,100.42,98.79,98.25,97.70,96.62,95.53,106.39,104.22,102.04,100.42,98.79,98.25,97.70,96.62,95.53,95.53,94.99,100.96,99.33,98.25,98.25,97.16,96.62,96.07,95.53,94.99,94.45,93.36,97.16,96.62,96.07,95.53,94.99,94.99,94.45,93.36,93.36,92.28,92.28"
Rec-G3_std_1,5,6,899,core,310,317,0.0,5.0,0.9739,312,318,322,321,1.0,True,97.16,113.9851,91.7325,4.4275,95.8031,"113.99,109.10,105.30,102.04,99.87,98.25,98.25,97.16,96.07,95.53,95.53,105.30,102.04,100.42,98.79,98.25,96.62,96.07,95.53,95.53,94.99,94.45,99.33,98.25,97.70,96.62,96.07,95.53,95.53,94.45,94.45,93.36,93.36,96.07,95.53,94.99,94.99,94.45,93.36,93.36,92.28,92.28,92.28,91.73"
Rec-G3_std_1,5,7,900,core,319,317,0.0,9.0,0.9738,321,318,331,321,1.0,True,96.6913,111.8141,92.2753,4.0078,95.5318,"111.81,108.01,104.22,102.04,99.33,98.25,97.70,97.16,96.62,96.07,96.07,103.13,100.96,99.33,98.25,97.16,96.62,96.07,95.53,95.53,94.99,94.99,98.25,96.62,96.07,95.53,95.53,94.99,94.99,94.45,94.45,94.45,93.36,94.45,94.45,94.45,93.36,93.36,93.36,93.36,92.28,92.28,92.28,92.28"
Rec-G3_std_1,5,8,901,core,324,317,0.0,5.0,0.9729,326,318,336,321,1.0,True,97.1107,111.2714,93.3608,3.6331,96.0745,"111.27,106.93,103.67,101.50,99.87,98.79,98.25,97.70,97.70,97.70,97.70,103.13,100.96,98.79,98.25,97.16,97.16,96.62,96.07,96.07,96.07,96.07,97.70,97.16,96.07,95.53,95.53,95.53,94.99,94.99,94.99,94.99,94.99,94.99,94.45,94.45,94.45,94.45,93.36,93.36,93.36,93.36,93.36,93.36"
Rec-G3_std_1,5,9,902,core,334,317,0.0,10.0,0.9679,336,318,346,321,1.0,True,98.6896,109.6431,94.989,3.1927,98.2455,"109.64,106.93,104.22,103.13,102.04,101.50,100.96,100.42,99.87,99.87,99.33,103.13,101.50,100.42,99.87,99.33,98.79,98.79,98.25,98.25,98.25,98.25,98.25,98.25,97.70,97.70,97.70,97.16,97.16,97.16,96.62,96.62,96.07,95.53,95.53,95.53,95.53,95.53,95.53,95.53,95.53,94.99,94.99,94.99"
Rec-G3_std_1,5,10,903,core,338,317,0.0,4.0,0.968,340,318,350,321,1.0,True,99.4913,112.8996,94.989,3.747,98.5169,"112.90,109.64,106.93,104.22,103.13,102.04,101.50,100.96,100.42,99.87,99.87,104.22,103.13,102.04,100.96,100.42,99.87,99.33,99.33,98.79,98.25,98.25,99.33,98.79,98.25,98.25,98.25,98.25,97.70,97.70,97.16,96.62,96.62,96.62,96.62,96.07,96.07,96.07,96.07,95.53,95.53,95.53,95.53,94.99"
Rec-G3_std_1,5,11,904,core,343,316,11.31,5.1,0.9696,345,317,355,320,1.0,True,102.8465,128.0965,96.0745,6.1148,101.502,"128.10,119.41,113.99,110.19,106.93,105.30,104.22,103.67,103.13,102.04,102.04,111.81,109.10,106.39,104.22,103.13,102.04,102.04,101.50,100.96,100.42,99.33,105.30,103.13,102.04,101.50,100.42,99.87,99.87,99.33,98.79,98.25,98.25,99.87,99.33,98.79,98.79,98.25,98.25,97.70,97.70,97.16,96.62,96.07"
Rec-G3_std_1,5,12,905,core,348,316,0.0,5.0,0.9718,350,317,360,320,1.0,True,101.3416,124.84,91.1898,6.4816,99.6023,"124.84,117.78,112.90,109.64,106.93,105.30,103.13,102.04,100.42,98.25,96.07,111.27,108.56,106.39,104.22,103.13,102.04,100.96,99.33,98.25,97.16,94.99,104.22,103.13,102.04,101.50,100.42,99.33,98.25,97.70,96.62,95.53,93.36,99.87,99.33,98.79,98.25,98.25,97.70,96.62,95.53,94.45,93.36,91.19"
Rec-G3_std_1,5,13,906,core,353,316,0.0,5.0,0.9728,355,317,365,320,0.7273,False,93.1018,120.498,75.4502,11.3968,95.2604,"120.50,113.99,109.64,105.30,102.04,98.79,95.53,89.56,81.42,77.62,75.99,109.64,106.39,103.13,101.50,98.79,97.16,94.45,89.02,80.88,77.62,75.45,103.13,101.50,99.87,98.25,96.62,94.99,92.28,87.39,80.88,77.08,75.45,98.79,98.25,97.16,95.53,94.45,92.28,90.65,85.76,79.79,76.54,75.45"
Rec-G3_std_1,5,14,907,core,358,316,0.0,5.0,0.9728,360,317,370,320,0.2727,False,82.1235,112.8996,73.822,10.3236,76.8071,"112.90,106.39,96.07,85.22,80.33,77.62,75.99,75.45,74.91,74.36,73.82,103.67,99.33,92.28,83.05,78.71,77.08,75.99,74.91,74.36,73.82,73.82,98.25,95.53,89.56,81.96,78.16,76.54,75.45,74.91,74.36,73.82,73.82,94.45,92.28,87.39,80.88,77.62,75.99,75.45,74.91,74.36,73.82,73.82"
Rec-G3_std_1,5,15,908,core,361,316,0.0,3.0,0.9788,363,317,373,320,0.0,False,77.5718,97.7027,73.822,5.013,75.7216,"97.70,89.56,84.13,79.79,77.62,76.54,75.99,74.91,74.91,74.36,73.82,89.56,83.59,79.79,77.62,76.54,75.99,75.45,74.91,74.36,73.82,73.82,84.68,80.88,78.16,76.54,75.99,75.45,74.91,74.36,74.36,73.82,73.82,82.51,78.71,77.62,75.99,75.45,74.91,74.36,74.36,73.82,73.82,73.82"
Rec-G3_std_1,6,1,1054,core,291,318,-90.0,1.0,0.9771,293,319,303,322,1.0,True,94.0022,99.331,85.7624,3.3262,94.4463,"98.25,99.33,98.79,98.25,98.25,98.25,98.25,98.25,98.25,97.70,97.16,91.73,93.36,94.45,94.99,95.53,95.53,95.53,96.07,96.07,95.53,95.53,87.93,89.56,91.19,92.28,93.36,93.36,93.36,94.45,94.45,94.45,93.36,85.76,87.93,89.02,90.10,91.19,91.19,91.19,91.73,91.73,91.73,91.73"
Rec-G3_std_1,6,2,1055,core,294,318,0.0,3.0,0.9781,296,319,306,322,1.0,True,95.7168,105.3012,91.1898,3.1582,95.2604,"105.30,103.13,101.50,100.42,99.33,98.79,98.79,98.25,97.70,97.16,96.62,97.70,97.70,97.16,97.16,97.16,97.16,96.62,96.07,96.07,95.53,95.53,93.36,94.45,94.45,94.45,94.99,94.99,94.99,94.45,94.45,94.45,93.36,91.19,91.19,91.73,92.28,92.28,92.28,92.28,92.28,92.28,92.28,92.28"
Rec-G3_std_1,6,3,1056,core,298,317,14.04,4.12,0.9744,300,318,310,321,1.0,True,100.1204,124.84,93.3608,6.2672,98.2455,"124.84,117.24,112.90,108.56,105.30,103.13,101.50,100.42,99.33,98.25,97.70,109.10,106.93,104.22,102.04,100.96,99.87,98.79,98.25,97.70,97.16,96.07,101.50,100.42,99.33,98.25,98.25,97.70,97.16,96.62,96.07,95.53,94.99,96.62,96.62,96.07,96.07,95.53,95.53,95.53,94.99,94.45,94.45,93.36"
Rec-G3_std_1,6,4,1057,core,303,317,0.0,5.0,0.9765,305,318,315,321,1.0,True,99.0843,121.0408,92.2753,5.5668,97.16,"121.04,113.99,109.64,105.84,103.13,100.96,99.87,98.79,98.25,97.16,96.62,108.01,105.30,103.13,101.50,99.87,98.79,98.25,97.16,96.62,96.07,95.53,101.50,99.87,98.79,98.25,97.70,97.16,96.07,96.07,95.53,94.99,94.45,97.16,96.62,96.07,95.53,95.53,94.99,94.45,94.45,93.36,93.36,92.28"
Rec-G3_std_1,6,5,1058,core,308,317,0.0,5.0,0.9762,310,318,320,321,1.0,True,97.9371,116.6988,92.2753,4.794,96.6172,"116.70,111.27,106.93,103.13,101.50,99.33,98.25,97.70,97.16,96.62,95.53,105.84,103.13,101.50,99.33,98.25,97.70,97.16,96.07,95.53,95.53,94.99,100.42,98.79,98.25,97.70,96.62,96.07,95.53,94.99,94.99,94.45,94.45,96.62,96.07,95.53,94.99,94.45,94.45,94.45,93.36,93.36,92.28,92.28"
Rec-G3_std_1,6,6,1059,core,313,317,0.0,5.0,0.9747,315,318,325,321,1.0,True,97.16,112.8996,92.2753,4.2073,95.8031,"112.90,109.10,105.30,102.04,100.42,98.79,97.70,97.16,96.62,96.07,95.53,104.22,102.04,99.87,98.25,97.70,97.16,96.07,95.53,95.53,94.99,94.45,98.79,98.25,97.16,96.62,96.07,95.53,95.53,94.45,94.45,94.45,93.36,95.53,95.53,94.99,94.45,94.45,94.45,93.36,93.36,92.28,92.28,92.28"
Rec-G3_std_1,6,7,1060,core,317,317,0.0,4.0,0.9718,319,318,329,321,1.0,True,97.4437,116.6988,92.2753,4.8441,95.8031,"116.70,110.73,106.39,103.13,100.96,98.79,98.25,97.16,96.62,96.07,95.53,105.30,103.13,100.96,98.79,98.25,97.16,96.07,95.53,95.53,94.99,94.45,99.33,98.25,97.16,96.62,96.07,95.53,94.99,94.45,94.45,93.36,93.36,95.53,95.53,94.99,94.99,94.45,94.45,93.36,93.36,92.28,92.28,92.28"
Rec-G3_std_1,6,8,1061,core,327,317,0.0,10.0,0.9722,329,318,339,321,1.0,True,97.1847,111.2714,93.3608,3.5796,96.0745,"111.27,106.93,104.22,101.50,99.87,98.79,98.25,98.25,97.70,97.70,97.70,102.04,100.96,98.79,98.25,97.16,97.16,96.62,96.62,96.07,96.07,96.07,97.70,97.16,96.07,96.07,95.53,95.53,95.53,94.99,95.53,94.99,94.99,94.99,94.45,94.45,94.45,94.45,94.45,93.36,93.36,93.36,93.36,93.36"
Rec-G3_std_1,6,9,1062,core,332,317,0.0,5.0,0.9708,334,318,344,321,1.0,True,98.0851,110.7286,94.4463,3.4299,97.4314,"110.73,107.47,105.30,102.04,100.96,100.42,99.33,99.33,98.79,98.25,98.25,103.13,101.50,99.87,98.79,98.25,98.25,98.25,97.70,97.70,97.16,97.16,98.25,97.70,97.16,97.16,96.62,96.62,96.07,96.07,96.07,95.53,95.53,95.53,95.53,94.99,94.99,94.99,94.99,94.99,94.99,94.45,94.45,94.45"
Rec-G3_std_1,6,10,1063,core,337,317,0.0,5.0,0.9684,339,318,349,321,1.0,True,98.5292,109.6431,94.4463,3.1275,98.2455,"109.64,106.93,104.22,102.04,101.50,100.96,100.42,99.87,99.33,99.33,98.79,103.13,101.50,100.42,99.87,98.79,98.79,98.25,98.25,98.25,98.25,98.25,98.25,98.25,97.70,97.70,97.16,97.16,97.16,96.62,96.62,96.07,96.07,96.07,96.07,95.53,95.53,95.53,95.53,95.53,95.53,94.99,94.99,94.45"
Rec-G3_std_1,6,11,1064,core,342,316,11.31,5.1,0.9685,344,317,354,320,1.0,True,101.8227,122.1263,96.0745,5.0123,100.6878,"122.13,115.61,111.27,107.47,105.30,103.67,103.13,103.13,103.13,102.04,102.04,109.10,106.39,104.22,103.13,102.04,101.50,100.96,100.96,100.42,100.42,99.87,103.13,102.04,100.96,100.42,99.87,99.33,98.79,98.79,98.79,98.25,98.25,98.79,98.25,98.25,98.25,98.25,97.70,97.16,97.16,97.16,96.62,96.07"
Rec-G3_std_1,6,12,1065,core,346,316,0.0,4.0,0.9698,348,317,358,320,1.0,True,102.7231,128.6392,94.4463,6.553,101.2306,"128.64,120.50,115.07,110.73,108.01,105.84,105.30,103.67,103.13,101.50,99.87,111.81,109.10,106.93,105.30,103.13,103.13,102.04,101.50,100.42,99.33,98.25,104.22,103.13,102.04,101.50,100.96,100.42,99.87,99.33,98.25,97.16,96.07,99.87,99.33,98.79,98.25,98.25,98.25,97.70,97.16,96.07,95.53,94.45"
Rec-G3_std_1,6,13,1066,core,351,316,0.0,5.0,0.9727,353,317,363,320,0.9091,False,98.2701,125.3828,79.7922,9.4276,98.2455,"125.38,117.78,112.90,109.10,105.30,103.13,100.96,98.25,96.07,89.56,80.88,111.81,108.56,105.84,103.67,102.04,100.42,98.79,97.16,94.99,89.02,80.88,105.30,103.13,102.04,100.42,99.33,98.25,96.62,94.99,92.28,87.39,80.33,100.42,99.33,98.25,98.25,96.62,95.53,94.45,92.28,90.65,85.76,79.79"
Rec-G3_std_1,6,14,1067,core,356,316,0.0,5.0,0.9746,358,317,368,320,0.4545,False,87.1069,119.4126,73.822,12.7472,82.2345,"119.41,112.90,107.47,102.04,93.36,83.59,78.71,77.08,75.99,74.91,74.36,108.56,105.30,101.50,98.25,91.19,83.05,78.16,75.99,75.45,74.91,73.82,102.04,99.87,97.70,94.99,89.02,81.42,77.62,75.99,74.91,74.36,73.82,97.70,96.07,94.45,92.28,87.39,80.88,77.62,75.99,74.91,73.82,73.82"
Rec-G3_std_1,6,15,1068,core,360,316,0.0,4.0,0.9759,362,317,372,320,0.0909,False,79.4098,111.2714,73.822,7.7869,75.9929,"111.27,95.53,87.39,82.51,78.71,77.08,75.99,75.45,74.91,74.91,74.36,98.79,89.02,83.05,79.79,77.62,75.99,75.99,75.45,74.36,74.36,73.82,92.28,84.13,79.79,77.62,76.54,75.99,75.45,74.36,74.36,73.82,73.82,89.02,82.51,78.71,77.08,75.99,75.45,74.91,74.36,73.82,73.82,73.82"
Rec-G3_std_1,7,1,1209,core,292,318,-45.0,1.41,0.978,294,319,304,322,1.0,True,95.1247,101.502,88.4761,3.0618,94.989,"101.50,100.96,99.87,98.79,98.79,98.79,98.79,98.79,98.25,98.25,97.70,94.99,95.53,95.53,96.07,96.07,96.62,96.62,97.16,96.62,96.07,96.07,90.65,91.73,93.36,93.36,94.45,94.45,94.99,94.99,94.99,94.45,94.45,88.48,89.56,90.65,91.19,92.28,92.28,92.28,92.28,92.28,92.28,92.28"
Rec-G3_std_1,7,2,1210,core,296,318,0.0,4.0,0.9768,298,319,308,322,1.0,True,97.0613,107.4722,92.2753,3.2714,96.0745,"107.47,105.30,103.13,102.04,100.96,100.42,99.87,98.79,98.25,98.25,97.70,99.87,99.87,98.79,98.79,98.25,98.25,97.70,97.70,97.16,96.07,95.53,95.53,95.53,96.07,96.07,96.07,96.07,95.53,95.53,94.99,94.45,94.45,93.36,93.36,93.36,94.45,94.45,94.45,94.45,93.36,93.36,93.36,92.28"
Rec-G3_std_1,7,3,1211,core,301,317,11.31,5.1,0.9755,303,318,313,321,1.0,True,99.8367,119.4126,93.3608,5.1883,98.2455,"119.41,113.99,109.64,106.39,103.67,102.04,100.96,99.87,99.33,98.25,97.70,108.56,105.84,103.13,102.04,100.42,99.87,98.79,98.25,97.70,97.16,96.62,102.04,100.96,99.87,98.79,98.25,98.25,97.70,96.62,96.07,95.53,95.53,97.70,97.70,97.16,96.62,96.07,95.53,95.53,94.99,94.45,94.45,93.36"
Rec-G3_std_1,7,4,1212,core,305,317,0.0,4.0,0.9745,307,318,317,321,1.0,True,99.775,122.1263,93.3608,5.6526,98.2455,"122.13,115.07,110.73,106.93,103.67,102.04,100.42,99.87,98.79,98.25,97.70,108.56,106.39,103.67,102.04,100.42,99.33,98.25,98.25,97.16,96.62,96.07,102.04,100.42,99.33,98.25,98.25,97.70,97.16,96.62,96.07,95.53,95.53,97.70,97.16,96.62,96.07,95.53,95.53,94.99,94.99,94.45,94.45,93.36"
Rec-G3_std_1,7,5,1213,core,320,317,0.0,15.0,0.9735,322,318,332,321,1.0,True,97.4437,111.8141,92.2753,3.9249,96.0745,"111.81,108.56,105.30,102.04,100.42,98.79,98.25,97.70,97.16,96.62,96.07,103.67,102.04,100.42,98.79,98.25,97.70,96.62,96.07,95.53,95.53,95.53,98.79,98.25,97.70,96.62,96.07,95.53,95.53,94.99,94.99,94.45,94.45,96.07,95.53,95.53,94.99,94.99,94.45,93.36,93.36,93.36,93.36,92.28"
Rec-G3_std_1,7,6,1214,core,325,317,0.0,5.0,0.9707,327,318,337,321,1.0,True,97.2463,110.7286,93.3608,3.5097,96.6172,"110.73,106.93,103.67,101.50,99.87,98.25,98.25,97.70,97.16,97.16,96.62,103.13,100.96,99.33,98.25,98.25,97.16,96.62,96.62,96.07,95.53,95.53,98.25,97.70,97.16,96.62,96.07,95.53,95.53,94.99,94.99,94.45,94.45,95.53,95.53,94.99,94.99,94.45,94.45,94.45,93.36,93.36,93.36,93.36"
Rec-G3_std_1,7,7,1215,core,329,317,0.0,4.0,0.9691,331,318,341,321,1.0,True,98.2332,113.9851,94.4463,3.9622,97.4314,"113.99,109.10,105.84,103.13,100.96,99.87,99.33,98.79,98.25,98.25,98.25,104.22,102.04,100.96,99.33,98.25,98.25,98.25,97.70,97.16,96.62,96.62,98.79,98.25,97.70,97.16,96.62,96.07,96.07,96.07,95.53,95.53,95.53,95.53,95.53,95.53,94.99,94.99,94.99,94.45,94.45,94.45,94.45,94.45"
Rec-G3_std_1,7,8,1216,core,334,317,0.0,5.0,0.9693,336,318,346,321,1.0,True,98.6772,111.8141,94.989,3.5507,98.2455,"111.81,108.56,105.30,103.13,102.04,100.96,100.42,99.87,99.33,99.33,98.79,103.67,102.04,100.96,99.87,98.79,98.25,98.25,98.25,98.25,98.25,97.70,98.79,98.25,97.70,97.70,97.16,97.16,96.62,96.62,96.62,96.07,96.07,96.07,96.07,95.53,95.53,95.53,95.53,94.99,94.99,94.99,94.99,94.99"
Rec-G3_std_1,7,9,1217,core,339,316,11.31,5.1,0.9693,341,317,351,320,1.0,True,102.3654,127.011,96.6172,5.8859,100.6878,"127.01,118.87,112.90,109.10,106.39,105.30,103.67,103.13,102.04,102.04,102.04,111.27,108.01,105.30,103.67,102.04,101.50,101.50,100.96,100.42,100.42,99.87,103.67,102.04,101.50,100.42,99.87,99.33,99.33,98.79,98.79,98.25,98.25,99.33,98.79,98.25,98.25,98.25,97.70,97.70,97.70,97.16,96.62,96.62"
Rec-G3_std_1,7,10,1218,core,344,316,0.0,5.0,0.9712,346,317,356,320,1.0,True,102.4888,124.84,95.5318,5.6514,101.2306,"124.84,117.78,112.90,109.64,106.93,105.30,104.22,103.67,103.13,102.04,101.50,110.73,108.01,105.84,104.22,103.13,102.04,102.04,101.50,100.96,99.87,98.79,103.67,103.13,102.04,100.96,100.42,99.87,99.87,99.33,98.79,98.25,97.70,99.87,99.33,98.79,98.25,98.25,98.25,97.70,97.70,96.62,96.07,95.53"
Rec-G3_std_1,7,11,1219,core,349,316,0.0,5.0,0.9721,351,317,361,320,1.0,True,100.4658,122.1263,89.5616,6.3851,99.331,"122.13,116.16,111.81,108.56,105.84,104.22,103.13,100.96,99.33,97.16,94.45,110.19,108.01,105.30,103.67,102.04,101.50,99.87,98.79,97.16,95.53,93.36,103.67,103.13,102.04,100.96,99.87,98.79,98.25,97.16,95.53,94.45,91.73,99.87,99.33,98.79,98.25,97.70,96.62,95.53,94.99,93.36,91.73,89.56"
Rec-G3_std_1,7,12,1220,core,354,316,0.0,5.0,0.9716,356,317,366,320,0.6364,False,90.8691,118.8698,74.3647,12.0194,93.3608,"118.87,112.90,108.56,104.22,100.42,97.70,90.65,81.96,77.62,75.99,74.91,108.56,105.30,102.04,99.87,98.25,95.53,89.56,81.42,77.62,75.99,74.36,102.04,100.42,98.79,97.16,95.53,93.36,87.93,80.88,77.08,75.45,74.36,98.25,97.16,96.07,94.99,93.36,91.19,85.76,79.79,76.54,75.45,74.36"
Rec-G3_std_1,7,13,1221,core,358,316,0.0,4.0,0.9748,360,317,370,320,0.2727,False,82.8883,117.7843,73.822,11.3172,77.3498,"117.78,110.19,99.33,87.39,80.88,78.16,76.54,75.99,75.45,74.36,73.82,106.39,102.04,93.36,84.13,79.79,77.62,75.99,75.45,74.36,74.36,73.82,99.33,96.62,90.10,82.51,78.71,77.08,75.99,74.91,74.36,73.82,73.82,95.53,93.36,87.93,80.88,77.62,75.99,75.45,74.36,73.82,73.82,73.82"
Rec-G3_std_1,7,14,1222,core,361,316,0.0,3.0,0.981,363,317,373,320,0.0,False,77.5472,97.7027,73.822,4.9872,75.7216,"97.70,89.56,83.59,79.79,77.62,75.99,75.99,75.45,74.91,74.36,73.82,89.56,83.59,79.79,77.62,76.54,75.99,75.45,74.91,74.36,73.82,73.82,84.68,80.33,78.16,76.54,75.99,75.45,74.91,74.36,74.36,73.82,73.82,82.51,78.71,77.62,75.99,75.45,74.91,74.36,74.36,73.82,73.82,73.82"
Rec-G3_std_1,8,1,1367,core,291,317,180.0,1.0,0.9785,293,318,303,321,1.0,True,97.3327,112.8996,87.3906,5.0528,96.6172,"112.90,109.64,107.47,105.30,103.13,102.04,101.50,101.50,100.96,100.96,99.87,97.16,98.25,98.25,98.25,98.25,98.25,98.25,98.25,98.25,98.25,98.25,91.19,92.28,93.36,94.45,94.99,95.53,96.07,96.07,96.07,96.07,95.53,87.39,89.56,90.65,91.73,92.28,93.36,93.36,94.45,94.45,94.45,94.45"
Rec-G3_std_1,8,2,1368,core,295,318,-14.04,4.12,0.9779,297,319,307,322,1.0,True,96.9256,106.9294,92.2753,3.3744,95.8031,"106.93,105.30,103.13,102.04,101.50,100.96,99.87,99.33,98.79,98.25,97.70,99.33,98.79,98.79,98.79,98.25,98.25,97.70,97.70,97.16,96.62,96.07,94.99,95.53,95.53,95.53,95.53,95.53,95.53,95.53,95.53,94.99,94.45,92.28,92.28,93.36,93.36,93.36,93.36,93.36,93.36,93.36,93.36,93.36"
Rec-G3_std_1,8,3,1369,core,300,317,11.31,5.1,0.9753,302,318,312,321,1.0,True,100.0587,119.4126,94.4463,5.0821,98.5169,"119.41,113.99,110.19,106.39,103.67,102.04,101.50,100.96,99.87,98.79,98.25,108.01,105.84,103.13,102.04,100.96,99.87,99.33,98.79,98.25,97.70,97.16,102.04,100.42,99.87,98.79,98.25,98.25,97.70,97.16,96.62,96.07,95.53,97.70,97.16,97.16,96.62,96.07,96.07,95.53,95.53,94.99,94.45,94.45"
Rec-G3_std_1,8,4,1370,core,304,317,0.0,4.0,0.9754,306,318,316,321,1.0,True,100.3055,123.2118,93.3608,5.8244,98.2455,"123.21,116.16,111.27,108.01,105.30,102.04,101.50,100.42,99.33,98.25,97.70,109.10,106.93,104.22,102.04,100.96,99.87,99.33,98.25,98.25,97.16,96.62,102.04,101.50,99.87,99.33,98.25,98.25,97.70,97.16,96.07,95.53,94.99,98.25,98.25,97.70,96.62,96.62,96.07,95.53,95.53,94.45,94.45,93.36"
Rec-G3_std_1,8,5,1371,core,309,317,0.0,5.0,0.9762,311,318,321,321,1.0,True,99.2323,119.4126,93.3608,5.1907,97.9741,"119.41,112.90,109.10,105.84,103.13,100.96,99.87,98.79,98.25,97.16,96.62,107.47,105.30,103.13,101.50,99.87,98.79,98.25,97.16,96.62,96.07,95.53,102.04,100.42,99.33,98.25,98.25,97.16,96.62,96.07,95.53,95.53,94.99,98.25,97.70,96.62,96.07,95.53,95.53,94.99,94.45,94.45,93.36,93.36"
Rec-G3_std_1,8,6,1372,core,314,317,0.0,5.0,0.9764,316,318,326,321,1.0,True,98.2825,115.6133,93.3608,4.4672,96.8886,"115.61,110.19,106.93,103.67,101.50,99.87,98.79,98.25,97.70,97.16,96.62,105.84,103.13,101.50,99.87,98.79,98.25,97.70,96.62,96.62,96.07,95.53,100.42,98.79,98.25,98.25,97.16,96.07,95.53,95.53,95.53,94.99,94.45,96.62,96.07,95.53,95.53,95.53,94.99,94.45,94.45,93.36,93.36,93.36"
Rec-G3_std_1,8,7,1373,core,319,317,0.0,5.0,0.9739,321,318,331,321,1.0,True,97.6041,111.8141,93.3608,3.8067,96.6172,"111.81,108.01,105.30,102.04,100.42,99.33,98.25,98.25,97.16,96.62,96.07,103.67,102.04,100.42,98.79,98.25,97.70,97.16,96.62,96.07,95.53,95.53,98.79,98.25,97.70,97.16,96.62,96.07,95.53,95.53,94.99,94.45,94.45,96.07,95.53,95.53,95.53,94.99,94.45,94.45,93.36,93.36,93.36,93.36"
Rec-G3_std_1,8,8,1374,core,324,317,0.0,5.0,0.9709,326,318,336,321,1.0,True,97.5301,110.7286,93.3608,3.4613,96.6172,"110.73,106.93,103.67,102.04,99.87,98.79,98.25,98.25,97.70,97.16,97.16,103.13,101.50,99.87,98.25,98.25,97.70,97.16,96.62,96.62,96.07,95.53,98.79,98.25,97.16,96.62,96.62,96.07,95.53,95.53,95.53,94.99,94.99,95.53,95.53,95.53,94.99,94.99,94.45,94.45,94.45,93.36,93.36,93.36"
Rec-G3_std_1,8,9,1375,core,328,317,0.0,4.0,0.9704,330,318,340,321,1.0,True,98.2332,112.8996,94.4463,3.8299,97.4314,"112.90,109.10,105.84,103.13,100.96,99.87,99.33,98.79,98.25,98.25,98.25,103.67,102.04,100.96,99.33,98.79,98.25,97.70,97.70,97.16,97.16,96.62,98.79,98.25,97.70,97.16,96.62,96.62,96.07,96.07,95.53,95.53,95.53,95.53,95.53,95.53,95.53,94.99,94.99,94.45,94.45,94.45,94.45,94.45"
Rec-G3_std_1,8,10,1376,core,333,317,0.0,5.0,0.9706,335,318,345,321,1.0,True,98.8129,111.8141,94.989,3.542,98.2455,"111.81,108.56,105.84,103.13,102.04,100.96,100.42,99.87,99.87,99.33,99.33,103.67,102.04,100.96,99.87,99.33,98.79,98.25,98.25,98.25,98.25,98.25,99.33,98.25,98.25,97.70,97.16,97.16,96.62,96.62,96.62,96.62,96.07,96.07,96.07,95.53,95.53,95.53,95.53,95.53,95.53,94.99,94.99,94.99"
Rec-G3_std_1,8,11,1377,core,338,317,0.0,5.0,0.9698,340,318,350,321,1.0,True,99.5037,111.8141,95.5318,3.44,98.7882,"111.81,108.56,105.84,103.67,103.13,102.04,101.50,101.50,100.96,100.42,100.42,103.67,102.04,101.50,100.96,100.42,99.87,99.33,99.33,99.33,98.79,98.79,99.33,98.79,98.25,98.25,98.25,98.25,97.70,97.70,97.70,97.16,97.16,96.62,96.62,96.07,96.07,96.07,96.07,96.07,95.53,95.53,95.53,95.53"
Rec-G3_std_1,8,12,1378,core,343,316,11.31,5.1,0.9715,345,317,355,320,1.0,True,102.9452,124.84,96.0745,5.5264,101.7733,"124.84,117.78,112.90,109.64,107.47,105.84,105.30,104.22,103.13,103.13,102.04,111.27,108.56,106.39,104.22,103.13,103.13,102.04,102.04,101.50,100.96,99.87,104.22,103.13,102.04,101.50,100.96,100.42,100.42,99.87,99.33,98.79,98.25,99.87,99.33,98.79,98.79,98.79,98.25,98.25,98.25,97.70,97.16,96.07"
Rec-G3_std_1,8,13,1379,core,348,316,0.0,5.0,0.972,350,317,360,320,1.0,True,101.3786,122.669,91.7325,6.08,100.1451,"122.67,116.70,111.81,109.10,106.93,105.30,103.67,102.04,100.42,98.79,96.62,110.73,108.56,105.84,104.22,103.13,102.04,101.50,99.87,98.25,97.16,95.53,104.22,103.13,102.04,101.50,100.96,99.87,98.79,98.25,96.62,95.53,93.36,100.42,99.33,99.33,98.79,98.25,97.70,96.62,95.53,94.45,93.36,91.73"
Rec-G3_std_1,8,14,1380,core,357,316,0.0,9.0,0.9748,359,317,369,320,0.3636,False,84.9236,119.4126,73.822,12.2473,78.4353,"119.41,111.81,105.30,95.53,84.68,79.79,77.62,75.99,75.45,74.91,74.36,108.01,103.67,99.33,92.28,83.05,78.71,77.08,75.45,74.91,74.36,73.82,100.96,98.25,95.53,89.56,81.96,78.16,76.54,75.45,74.91,73.82,73.82,96.07,94.99,92.28,87.39,80.88,77.62,75.99,74.91,74.36,73.82,73.82"
Rec-G3_std_1,8,15,1381,core,361,316,0.0,4.0,0.9791,363,317,373,320,0.0,False,77.4361,97.7027,73.822,5.0011,75.7216,"97.70,89.02,83.59,79.79,77.62,76.54,75.99,74.91,74.36,73.82,73.82,89.56,83.59,79.79,77.62,75.99,75.99,74.91,74.91,74.36,73.82,73.82,84.68,80.33,77.62,76.54,75.99,75.45,74.91,74.36,73.82,73.82,73.82,82.51,78.71,77.08,75.99,75.45,74.91,74.36,73.82,73.82,73.82,73.82"
Rec-G3_std_1,9,1,1522,core,292,318,-45.0,1.41,0.9802,294,319,304,322,1.0,True,95.6058,102.0447,88.4761,3.1341,94.989,"102.04,102.04,100.96,99.87,99.33,99.33,99.33,99.33,98.79,98.25,98.25,94.99,95.53,96.07,96.62,96.62,97.16,97.16,97.16,96.62,96.62,96.62,91.19,92.28,93.36,94.45,94.45,94.99,94.99,94.99,94.99,94.99,94.99,88.48,89.56,91.19,91.73,92.28,92.28,93.36,93.36,93.36,93.36,93.36"
Rec-G3_std_1,9,2,1523,core,296,318,0.0,4.0,0.975,298,319,308,322,1.0,True,97.7151,109.6431,93.3608,3.6783,96.6172,"109.64,107.47,105.30,103.13,102.04,100.96,100.42,99.33,98.79,98.25,98.25,101.50,100.96,99.87,99.33,98.79,98.25,98.25,98.25,97.70,96.62,96.07,96.07,96.62,96.62,96.62,96.62,96.62,96.07,95.53,95.53,95.53,94.99,93.36,93.36,94.45,94.45,94.45,94.45,94.45,94.45,93.36,93.36,93.36"
Rec-G3_std_1,9,3,1524,core,301,317,11.31,5.1,0.9757,303,318,313,321,1.0,True,100.4905,122.669,94.4463,5.7387,98.2455,"122.67,116.16,111.81,108.01,104.22,102.04,101.50,100.42,99.33,98.25,97.70,109.64,106.93,105.30,103.13,101.50,100.42,99.33,98.25,98.25,97.70,97.16,102.04,101.50,100.42,99.33,98.25,98.25,97.70,97.16,96.62,96.07,95.53,98.25,98.25,97.70,97.16,96.62,96.07,95.53,95.53,94.99,94.45,94.45"
Rec-G3_std_1,9,4,1525,core,306,317,0.0,5.0,0.977,308,318,318,321,1.0,True,99.3433,118.8698,93.3608,5.1561,97.9741,"118.87,112.90,109.64,105.84,103.13,100.96,99.87,98.79,98.25,97.16,96.62,108.01,105.30,103.13,101.50,100.42,98.79,98.25,97.70,97.16,96.07,95.53,102.04,100.42,99.33,98.79,98.25,97.70,97.16,96.07,95.53,94.99,94.99,98.25,97.70,97.16,96.62,96.07,95.53,94.99,94.45,94.45,93.36,93.36"
Rec-G3_std_1,9,5,1526,core,311,317,0.0,5.0,0.9759,313,318,323,321,1.0,True,98.1961,116.1561,92.2753,4.6239,96.6172,"116.16,110.73,106.93,103.13,100.96,99.33,98.25,97.70,97.16,96.62,96.07,106.39,103.67,102.04,99.87,98.25,97.70,97.16,96.62,96.07,95.53,95.53,100.96,99.33,98.25,97.70,96.62,96.62,96.07,95.53,94.99,94.99,94.45,97.16,96.62,96.07,95.53,94.99,94.99,94.45,94.45,93.36,93.36,92.28"
Rec-G3_std_1,9,6,1527,core,316,317,0.0,5.0,0.9735,318,318,328,321,1.0,True,97.8014,111.8141,93.3608,3.7572,96.8886,"111.81,108.56,105.30,102.04,100.42,98.79,98.25,98.25,97.70,97.16,97.16,104.22,102.04,100.42,98.79,98.25,97.70,97.16,96.62,96.62,96.07,95.53,99.33,98.25,97.70,97.16,96.62,96.07,96.07,95.53,95.53,95.53,94.99,96.07,95.53,95.53,94.99,94.99,94.45,94.45,94.45,94.45,93.36,93.36"
Rec-G3_std_1,9,7,1528,core,320,317,0.0,4.0,0.9722,322,318,332,321,1.0,True,98.7882,116.1561,94.4463,4.3404,97.7027,"116.16,110.73,107.47,104.22,102.04,100.42,99.33,98.79,98.25,98.25,98.25,105.30,103.13,102.04,99.87,98.79,98.25,98.25,97.70,97.70,97.16,97.16,99.87,98.79,98.25,97.70,97.16,97.16,96.62,96.62,96.07,95.53,95.53,96.07,96.07,95.53,95.53,95.53,95.53,94.99,94.99,94.99,94.45,94.45"
Rec-G3_std_1,9,8,1529,core,320,317,0.0,0.0,0.9722,322,318,332,321,1.0,True,98.7882,116.1561,94.4463,4.3404,97.7027,"116.16,110.73,107.47,104.22,102.04,100.42,99.33,98.79,98.25,98.25,98.25,105.30,103.13,102.04,99.87,98.79,98.25,98.25,97.70,97.70,97.16,97.16,99.87,98.79,98.25,97.70,97.16,97.16,96.62,96.62,96.07,95.53,95.53,96.07,96.07,95.53,95.53,95.53,95.53,94.99,94.99,94.99,94.45,94.45"
Rec-G3_std_1,9,9,1530,core,325,317,0.0,5.0,0.973,327,318,337,321,1.0,True,98.9733,113.9851,94.4463,3.9731,98.2455,"113.99,110.19,106.93,103.67,102.04,100.96,99.87,99.33,98.79,98.79,98.25,105.30,103.13,101.50,100.42,99.33,98.79,98.25,98.25,98.25,97.70,97.70,99.87,98.79,98.25,98.25,97.70,97.16,97.16,96.62,96.62,96.07,96.07,96.62,96.07,96.07,96.07,95.53,95.53,95.53,94.99,94.99,94.99,94.45"
Rec-G3_std_1,9,10,1531,core,335,317,0.0,10.0,0.9705,337,318,347,321,1.0,True,99.9847,111.8141,95.5318,3.4318,99.331,"111.81,109.10,106.39,104.22,103.13,102.04,102.04,101.50,100.96,100.96,100.42,105.30,103.13,102.04,101.50,100.96,100.42,100.42,99.87,99.33,99.33,98.79,100.42,99.33,98.79,98.79,98.25,98.25,98.25,98.25,98.25,97.70,97.70,97.16,97.16,97.16,97.16,96.62,96.62,96.62,96.07,96.07,95.53,95.53"
Rec-G3_std_1,9,11,1532,core,340,316,11.31,5.1,0.9691,342,317,352,320,1.0,True,103.4139,124.2973,97.7027,5.2359,102.0447,"124.30,117.78,112.90,109.64,106.93,105.84,105.30,103.67,103.13,103.13,103.13,111.81,108.56,106.39,105.30,103.67,103.13,102.04,102.04,101.50,101.50,100.96,105.30,103.67,103.13,102.04,101.50,101.50,100.96,100.42,99.87,99.87,99.33,100.96,100.42,99.87,99.33,99.33,98.79,98.79,98.25,98.25,98.25,97.70"
Rec-G3_std_1,9,12,1533,core,345,316,0.0,5.0,0.97,347,317,357,320,1.0,True,102.8465,122.669,95.5318,5.2576,101.7733,"122.67,116.70,111.81,109.10,106.93,105.30,105.30,103.67,103.13,102.04,100.96,111.27,108.56,106.39,105.30,103.67,103.13,102.04,102.04,100.96,99.87,98.79,105.30,103.67,103.13,102.04,101.50,100.96,100.42,99.87,98.79,98.25,97.70,100.96,100.42,99.87,99.33,99.33,98.79,98.25,98.25,97.16,96.07,95.53"
Rec-G3_std_1,9,13,1534,core,349,316,0.0,4.0,0.9723,351,317,361,320,1.0,True,101.7857,128.0965,90.1043,7.4296,100.4165,"128.10,120.50,115.07,111.27,107.47,105.30,103.13,101.50,99.33,97.70,94.99,112.90,110.73,108.01,105.30,103.67,102.04,100.96,99.33,98.25,96.07,93.36,105.84,105.30,103.13,102.04,101.50,99.87,98.79,97.70,96.07,94.45,92.28,101.50,100.96,99.87,99.33,98.25,97.70,96.62,95.53,94.45,92.28,90.10"
Rec-G3_std_1,9,14,1535,core,354,316,0.0,5.0,0.9748,356,317,366,320,0.6364,False,91.5845,123.2118,74.3647,12.7775,93.3608,"123.21,116.16,110.73,105.30,101.50,97.70,91.19,82.51,77.62,75.99,74.91,110.73,106.93,103.67,101.50,98.25,95.53,89.56,81.42,77.62,75.99,74.36,103.67,102.04,99.87,98.25,96.07,93.36,87.93,80.88,77.62,75.45,74.36,99.33,98.25,96.62,95.53,93.36,91.19,86.31,80.33,77.08,75.45,74.36"
Rec-G3_std_1,9,15,1536,core,359,316,0.0,5.0,0.9756,361,317,371,320,0.1818,False,80.4089,112.8996,73.2792,9.3417,75.9929,"112.90,101.50,89.02,82.51,78.71,76.54,75.99,75.45,74.36,73.82,73.82,103.13,94.99,85.22,79.79,77.62,75.99,75.45,74.91,74.36,73.82,73.82,97.16,90.65,83.05,78.71,77.08,75.99,74.91,74.36,73.82,73.82,73.82,93.36,87.93,81.42,77.62,75.99,75.45,74.36,73.82,73.82,73.82,73.28"
Rec-G3_std_1,9,16,1537,core,361,316,0.0,2.0,0.9828,363,317,373,320,0.0,False,77.3128,97.16,73.2792,4.9533,75.4502,"97.16,88.48,83.05,79.79,77.62,75.99,75.45,74.91,74.36,73.82,73.82,89.56,83.59,79.79,77.62,75.99,75.99,74.91,74.91,74.36,73.82,73.82,84.68,80.33,77.62,76.54,75.99,74.91,74.36,74.36,73.82,73.82,73.28,82.51,78.71,77.08,75.99,75.45,74.36,74.36,73.82,73.82,73.82,73.28"
Rec-G3_std_1,10,1,1667,core,291,318,-90.0,1.0,0.9779,293,319,303,322,1.0,True,94.878,100.9592,86.3051,3.4474,94.989,"99.87,100.96,100.42,99.33,98.79,98.79,98.79,98.79,98.79,98.25,98.25,92.28,94.45,95.53,95.53,96.07,96.62,97.16,97.16,97.16,96.62,96.07,88.48,90.65,91.73,93.36,93.36,94.45,94.45,94.99,94.99,94.99,94.99,86.31,87.93,89.56,91.19,91.73,92.28,92.28,92.28,92.28,93.36,93.36"
Rec-G3_std_1,10,2,1668,core,294,318,0.0,3.0,0.9793,296,319,306,322,1.0,True,96.9133,106.9294,91.7325,3.3346,95.8031,"106.93,105.30,103.67,102.04,100.96,100.42,99.87,98.79,98.25,98.25,97.70,99.33,98.79,98.79,98.25,98.25,98.25,98.25,97.70,97.16,96.62,96.07,94.45,95.53,95.53,95.53,95.53,95.53,95.53,95.53,95.53,94.99,94.45,91.73,92.28,93.36,93.36,93.36,94.45,94.45,93.36,93.36,93.36,93.36"
Rec-G3_std_1,10,3,1669,core,299,317,11.31,5.1,0.9767,301,318,311,321,1.0,True,100.0834,121.5835,93.3608,5.5485,98.2455,"121.58,115.61,110.73,106.93,104.22,102.04,100.96,99.87,98.79,98.25,97.70,109.10,106.39,103.67,102.04,100.96,99.87,98.79,98.25,97.70,97.16,96.07,102.04,100.96,99.87,99.33,98.25,98.25,97.70,97.16,96.07,95.53,95.53,97.70,97.70,97.16,97.16,96.62,96.07,95.53,95.53,94.99,94.45,93.36"
Rec-G3_std_1,10,4,1670,core,304,317,0.0,5.0,0.9758,306,318,316,321,1.0,True,99.109,118.8698,92.2753,5.135,97.9741,"118.87,112.90,108.56,105.30,102.04,100.96,99.33,98.25,98.25,97.16,96.62,108.01,105.30,103.13,100.96,99.33,98.25,98.25,97.16,96.62,96.07,95.53,102.04,100.42,99.33,98.25,98.25,97.16,96.62,96.07,95.53,94.99,94.45,98.25,97.70,97.16,96.62,96.07,95.53,94.99,94.45,94.45,93.36,92.28"
Rec-G3_std_1,10,5,1671,core,308,317,0.0,4.0,0.9752,310,318,320,321,1.0,True,98.8006,120.498,92.2753,5.4711,97.16,"120.50,113.99,109.10,105.30,102.04,100.42,98.79,98.25,97.70,96.62,96.07,107.47,105.30,103.13,100.96,99.33,98.25,97.70,96.62,96.07,95.53,95.53,100.96,99.87,98.79,98.25,97.16,96.62,96.07,95.53,95.53,94.99,94.45,97.16,97.16,96.07,95.53,95.53,94.99,94.45,94.45,93.36,93.36,92.28"
Rec-G3_std_1,10,6,1672,core,313,317,0.0,5.0,0.976,315,318,325,321,1.0,True,98.0851,117.2416,93.3608,4.7224,96.6172,"117.24,111.27,106.93,103.13,100.96,99.33,98.25,97.70,97.16,96.62,96.07,105.84,103.67,101.50,99.33,98.25,97.16,96.62,96.07,96.07,95.53,95.53,100.42,98.79,98.25,97.16,96.62,96.07,95.53,95.53,95.53,94.99,94.45,96.62,96.07,95.53,95.53,94.99,94.45,94.45,94.45,93.36,93.36,93.36"
Rec-G3_std_1,10,7,1673,core,318,317,0.0,5.0,0.976,320,318,330,321,1.0,True,97.8754,112.8996,94.4463,3.7509,96.8886,"112.90,108.56,105.30,102.04,100.42,98.79,98.25,98.25,97.70,97.16,96.62,103.67,102.04,100.42,98.79,98.25,97.70,97.16,97.16,96.62,96.07,96.07,98.79,98.25,97.16,97.16,96.62,96.07,95.53,95.53,95.53,95.53,95.53,96.07,95.53,95.53,95.53,94.99,94.99,94.45,94.45,94.45,94.45,94.45"
Rec-G3_std_1,10,8,1674,core,323,317,0.0,5.0,0.9747,325,318,335,321,1.0,True,98.3688,111.8141,94.4463,3.4942,97.7027,"111.81,108.56,105.30,102.04,100.96,99.87,99.33,98.25,98.25,98.25,98.25,103.67,102.04,100.42,99.33,98.79,98.25,98.25,97.70,97.16,97.16,97.16,98.79,98.25,98.25,97.70,97.16,97.16,96.62,96.62,96.07,96.07,95.53,96.07,96.07,95.53,95.53,95.53,95.53,95.53,95.53,94.99,94.45,94.45"
Rec-G3_std_1,10,9,1675,core,328,317,0.0,5.0,0.9717,330,318,340,321,1.0,True,98.7512,111.2714,94.989,3.3062,98.2455,"111.27,108.01,105.30,102.04,101.50,100.42,99.87,99.33,98.79,98.79,98.25,103.67,102.04,100.96,99.87,99.33,98.79,98.25,98.25,98.25,97.70,97.70,99.33,98.79,98.25,98.25,97.70,97.70,97.16,97.16,96.62,96.07,96.07,96.62,96.62,96.62,96.07,95.53,95.53,95.53,95.53,95.53,94.99,94.99"
Rec-G3_std_1,10,10,1676,core,332,317,0.0,4.0,0.9706,334,318,344,321,1.0,True,99.8244,115.0706,95.5318,3.9594,98.7882,"115.07,110.73,107.47,105.30,103.13,102.04,100.96,100.42,99.87,99.87,99.33,105.30,103.67,102.04,101.50,100.42,99.87,99.33,98.79,98.79,98.25,98.25,100.42,99.87,98.79,98.79,98.25,98.25,97.70,97.70,97.16,97.16,97.16,97.70,97.16,97.16,97.16,96.62,96.62,96.07,95.53,95.53,95.53,95.53"
Rec-G3_std_1,10,11,1677,core,337,317,0.0,5.0,0.9709,339,318,349,321,1.0,True,100.2685,113.9851,95.5318,3.6653,99.331,"113.99,110.19,107.47,105.30,103.13,102.04,102.04,101.50,100.96,100.42,100.42,105.30,103.67,102.04,101.50,100.96,100.42,100.42,99.87,99.33,99.33,98.79,100.96,99.87,99.33,99.33,98.79,98.25,98.25,98.25,98.25,97.70,97.70,98.25,97.70,97.70,97.16,97.16,97.16,96.62,96.62,96.07,96.07,95.53"
Rec-G3_std_1,10,12,1678,core,342,316,11.31,5.1,0.9715,344,317,354,320,1.0,True,103.5126,128.6392,96.6172,6.1171,102.0447,"128.64,120.50,115.07,110.73,107.47,105.30,104.22,103.67,103.13,102.04,102.04,112.90,109.64,107.47,105.30,103.67,103.13,102.04,102.04,101.50,100.96,100.42,105.30,104.22,103.13,102.04,101.50,100.96,100.42,99.87,99.33,99.33,98.79,100.96,100.42,99.87,99.33,99.33,98.79,98.25,98.25,98.25,97.70,96.62"
Rec-G3_std_1,10,13,1679,core,347,316,0.0,5.0,0.9733,349,317,359,320,1.0,True,102.1681,125.3828,93.3608,6.1621,100.9592,"125.38,117.78,112.90,109.64,106.93,105.30,103.67,102.04,101.50,99.87,97.70,111.81,109.10,106.93,105.30,103.13,102.04,101.50,100.42,99.33,98.25,96.62,105.30,103.67,103.13,102.04,101.50,100.42,99.33,98.25,97.70,96.07,94.99,101.50,100.42,99.87,99.33,98.79,98.25,97.70,96.62,95.53,94.45,93.36"
Rec-G3_std_1,10,14,1680,core,352,316,0.0,5.0,0.9738,354,317,364,320,0.8182,False,95.4331,121.5835,75.9929,10.5396,96.8886,"121.58,115.61,110.73,106.39,103.13,100.42,98.25,95.53,89.56,80.88,77.08,110.19,106.93,104.22,102.04,100.42,98.25,96.62,94.45,88.48,80.88,76.54,104.22,102.04,100.96,99.33,98.25,96.62,94.99,92.28,87.39,79.79,76.54,99.87,98.79,98.25,97.16,95.53,94.45,92.28,90.65,85.76,79.79,75.99"
Rec-G3_std_1,10,15,1681,core,356,316,0.0,4.0,0.9734,358,317,368,320,0.4545,False,87.3166,123.7545,73.822,13.3054,82.5059,"123.75,115.07,109.10,102.04,93.36,83.59,78.71,76.54,75.45,74.36,73.82,109.64,105.84,102.04,98.25,91.19,83.05,78.16,75.99,75.45,74.36,73.82,102.04,99.87,97.70,94.99,89.56,81.96,77.62,75.99,74.91,74.36,73.82,98.25,96.07,94.45,92.28,87.39,80.88,77.62,75.99,74.91,73.82,73.82"
Rec-G3_std_1,10,16,1682,core,361,316,0.0,5.0,0.977,363,317,373,320,0.0,False,77.2265,96.6172,73.2792,4.8756,75.4502,"96.62,87.93,83.05,79.79,77.08,75.99,75.45,74.91,74.36,73.82,73.82,89.56,83.05,79.79,77.62,75.99,75.45,74.91,74.36,73.82,73.82,73.82,84.68,80.33,77.62,75.99,75.99,74.91,74.36,74.36,73.82,73.82,73.28,82.51,78.71,77.08,75.99,75.45,74.91,74.36,73.82,73.82,73.82,73.28"
Rec-G3_std_1,11,1,1820,core,291,317,180.0,1.0,0.9778,293,318,303,321,1.0,True,98.0851,117.7843,88.4761,5.4809,97.16,"117.78,112.90,109.64,106.39,103.13,102.04,102.04,100.96,100.42,99.87,99.33,99.33,100.42,99.87,99.33,98.79,98.79,98.79,98.79,98.25,98.25,97.70,92.28,94.45,94.99,95.53,95.53,96.07,96.62,96.62,96.62,96.07,95.53,88.48,90.10,91.73,92.28,93.36,94.45,94.45,94.45,94.45,94.45,94.45"
Rec-G3_std_1,11,2,1821,core,294,318,-18.43,3.16,0.9781,296,319,306,322,1.0,True,96.3706,105.8439,91.7325,3.1402,95.5318,"105.84,104.22,102.04,101.50,100.96,99.87,98.79,98.25,97.70,97.16,96.62,98.25,98.25,98.25,98.25,98.25,97.70,97.16,96.62,96.07,95.53,95.53,94.45,94.99,95.53,95.53,95.53,95.53,95.53,94.99,94.45,94.45,94.45,91.73,92.28,93.36,93.36,93.36,93.36,93.36,93.36,93.36,92.28,92.28"
Rec-G3_std_1,11,3,1822,core,298,317,14.04,4.12,0.9756,300,318,310,321,1.0,True,100.1574,125.3828,93.3608,6.3268,98.2455,"125.38,117.24,112.90,108.01,105.30,102.04,100.96,99.33,98.79,98.25,97.70,109.64,107.47,105.30,102.04,100.96,99.33,98.79,98.25,97.16,96.62,96.07,102.04,100.96,99.87,98.79,98.25,97.70,97.16,96.62,95.53,95.53,94.99,97.16,97.16,96.62,96.62,96.07,95.53,95.53,94.99,94.45,94.45,93.36"
Rec-G3_std_1,11,4,1823,core,303,317,0.0,5.0,0.977,305,318,315,321,1.0,True,99.22,121.0408,93.3608,5.5065,97.4314,"121.04,113.99,109.64,105.84,103.13,101.50,99.87,98.79,97.70,97.16,96.62,108.01,105.84,103.13,100.96,99.87,98.79,98.25,97.16,96.62,95.53,95.53,102.04,100.42,98.79,98.25,97.70,97.16,96.07,96.07,95.53,94.99,94.45,97.70,97.16,96.62,96.07,95.53,95.53,94.99,94.45,94.45,93.36,93.36"
Rec-G3_std_1,11,5,1824,core,308,317,0.0,5.0,0.9772,310,318,320,321,1.0,True,97.9001,117.2416,92.2753,4.8615,96.3459,"117.24,111.27,106.93,103.13,100.96,99.33,98.25,97.16,96.62,96.07,95.53,105.84,103.67,101.50,99.33,98.25,97.70,96.62,96.07,95.53,94.99,94.45,100.42,98.79,98.25,97.70,96.62,96.07,95.53,94.99,94.45,94.45,94.45,96.62,96.07,96.07,95.53,94.99,94.45,94.45,93.36,93.36,92.28,92.28"
Rec-G3_std_1,11,6,1825,core,313,317,0.0,5.0,0.9755,315,318,325,321,1.0,True,97.3574,113.9851,93.3608,4.1352,96.0745,"113.99,109.10,105.30,102.04,99.87,98.25,97.70,97.16,96.07,96.07,95.53,104.22,102.04,99.87,98.25,97.70,96.62,96.07,95.53,95.53,95.53,95.53,99.33,98.25,97.16,96.62,96.07,95.53,95.53,94.99,94.99,94.45,94.45,96.07,95.53,94.99,94.99,94.45,94.45,94.45,93.36,93.36,93.36,93.36"
Rec-G3_std_1,11,7,1826,core,317,317,0.0,4.0,0.9731,319,318,329,321,1.0,True,98.2948,117.2416,94.4463,4.5066,97.16,"117.24,110.73,106.93,103.67,100.96,99.87,98.79,98.25,97.70,97.16,97.16,105.30,103.13,100.96,99.33,98.25,97.70,97.70,97.16,96.62,96.07,96.07,99.33,98.25,97.70,97.16,96.62,96.07,96.07,95.53,95.53,95.53,95.53,95.53,95.53,95.53,95.53,94.99,94.99,94.99,94.45,94.45,94.45,94.45"
Rec-G3_std_1,11,8,1827,core,322,317,0.0,5.0,0.9733,324,318,334,321,1.0,True,98.6402,113.9851,94.4463,3.9195,97.7027,"113.99,110.19,106.39,103.13,101.50,99.87,98.79,98.79,98.25,98.25,98.25,104.22,103.13,101.50,99.87,98.79,98.25,98.25,97.70,97.70,97.16,97.16,99.33,98.25,98.25,97.70,97.16,97.16,96.62,96.62,96.07,96.07,96.07,96.07,96.07,95.53,95.53,95.53,95.53,95.53,95.53,94.99,94.99,94.45"
Rec-G3_std_1,11,9,1828,core,327,317,0.0,5.0,0.9736,329,318,339,321,1.0,True,99.3433,112.8996,95.5318,3.5599,98.5169,"112.90,109.10,106.39,103.67,102.04,100.96,100.96,100.42,99.87,99.87,99.33,104.22,103.13,101.50,100.42,99.33,99.33,98.79,98.79,98.79,98.25,98.25,99.87,98.79,98.25,98.25,98.25,97.70,97.70,97.70,97.70,97.16,97.16,97.16,96.62,96.62,96.07,96.07,96.07,95.53,95.53,95.53,95.53,95.53"
Rec-G3_std_1,11,10,1829,core,332,317,0.0,5.0,0.9721,334,318,344,321,1.0,True,100.3425,112.8996,96.6172,3.3787,99.8737,"112.90,109.64,106.93,104.22,103.13,102.04,102.04,101.50,101.50,100.96,100.96,105.30,103.13,102.04,101.50,100.96,100.42,100.42,99.87,99.87,99.87,99.87,100.42,99.87,99.33,99.33,98.79,98.25,98.25,98.25,98.25,98.25,98.25,97.70,97.70,97.70,97.70,97.16,97.16,97.16,96.62,96.62,96.62,96.62"
Rec-G3_std_1,11,11,1830,core,337,317,0.0,5.0,0.9705,339,318,349,321,1.0,True,101.0579,112.8996,96.6172,3.3998,100.4165,"112.90,110.19,107.47,105.30,103.67,103.13,103.13,102.04,102.04,102.04,101.50,105.84,104.22,103.13,102.04,102.04,102.04,101.50,100.96,100.42,100.42,99.87,101.50,100.96,100.42,100.42,99.87,99.87,99.33,98.79,98.79,98.25,98.25,98.25,98.25,98.25,98.25,98.25,97.70,97.70,97.16,97.16,96.62,96.62"
Rec-G3_std_1,11,12,1831,core,342,316,11.31,5.1,0.9699,344,317,354,320,1.0,True,103.7469,124.84,97.16,5.3612,102.5874,"124.84,117.78,113.99,110.19,108.01,106.39,105.30,104.22,103.67,103.13,103.13,111.81,109.64,106.93,105.30,104.22,103.13,103.13,102.04,102.04,101.50,100.96,105.84,104.22,103.13,103.13,102.04,101.50,100.96,100.42,99.87,99.87,98.79,102.04,100.96,100.96,100.42,99.87,99.33,98.79,98.25,98.25,97.70,97.16"
Rec-G3_std_1,11,13,1832,core,346,316,0.0,4.0,0.9716,348,317,358,320,1.0,True,104.1664,131.8957,94.989,7.1094,102.0447,"131.90,122.67,117.24,112.90,109.64,107.47,105.84,105.30,103.13,102.04,100.42,115.07,111.81,109.10,106.93,105.30,103.67,103.13,102.04,100.96,99.87,98.25,107.47,105.84,104.22,103.13,102.04,102.04,100.96,99.87,98.79,98.25,96.62,102.04,102.04,100.96,100.42,99.87,99.33,98.79,98.25,97.16,95.53,94.99"
Rec-G3_std_1,11,14,1833,core,351,316,0.0,5.0,0.9744,353,317,363,320,0.9091,False,98.9116,126.4682,79.7922,9.7638,99.0596,"126.47,119.41,113.99,110.19,106.39,103.67,101.50,98.79,96.62,89.56,80.88,112.90,110.19,106.93,105.30,103.13,100.96,99.33,97.70,94.99,89.02,80.88,105.84,104.22,102.04,100.96,99.87,98.25,97.16,95.53,93.36,87.93,80.33,101.50,100.42,99.33,98.25,97.16,96.07,94.99,93.36,91.19,85.76,79.79"
Rec-G3_std_1,11,15,1834,core,356,316,0.0,5.0,0.9763,358,317,368,320,0.4545,False,87.0822,120.498,73.822,12.9539,82.2345,"120.50,112.90,107.47,101.50,93.36,83.05,78.71,76.54,75.45,74.36,73.82,109.10,105.30,102.04,97.70,91.19,83.05,78.16,75.99,74.91,74.36,73.82,102.04,99.87,98.25,94.99,89.56,81.42,77.62,75.99,74.91,73.82,73.82,98.25,96.62,94.99,92.28,87.39,80.88,77.08,75.99,74.91,73.82,73.82"
Rec-G3_std_1,11,16,1835,core,360,316,0.0,4.0,0.9777,362,317,372,320,0.0909,False,79.1631,111.2714,73.2792,7.8753,75.9929,"111.27,95.53,87.39,82.51,78.71,77.08,75.99,74.91,74.36,74.36,73.82,98.79,88.48,82.51,78.71,77.08,75.99,75.45,74.91,74.36,73.82,73.82,92.28,84.13,79.79,77.62,75.99,75.45,74.91,74.36,73.82,73.82,73.82,89.02,82.51,78.71,77.08,75.99,74.91,74.36,73.82,73.82,73.82,73.28"
Rec-G3_std_1,12,1,1969,core,291,317,180.0,1.0,0.9791,293,318,303,321,1.0,True,97.6534,116.1561,88.4761,5.2274,96.8886,"116.16,111.81,108.56,105.84,103.13,102.04,101.50,100.42,99.87,99.33,98.79,98.25,99.33,99.33,98.25,98.25,98.25,98.25,98.25,98.25,97.70,97.16,92.28,93.36,94.45,95.53,95.53,96.07,96.62,96.07,96.07,95.53,95.53,88.48,90.10,91.19,92.28,93.36,94.45,94.45,94.45,94.45,94.45,93.36"
Rec-G3_std_1,12,2,1970,core,293,318,-26.57,2.24,0.9802,295,319,305,322,1.0,True,95.9018,105.3012,90.1043,3.1937,95.2604,"105.30,103.13,102.04,100.96,99.87,99.33,98.79,98.25,97.70,97.16,96.62,97.16,97.70,97.70,97.70,97.70,97.16,97.16,96.62,96.07,95.53,95.53,92.28,94.45,94.45,94.99,94.99,94.99,94.99,94.99,94.45,94.45,93.36,90.10,91.19,92.28,92.28,93.36,93.36,93.36,93.36,92.28,92.28,92.28"
Rec-G3_std_1,12,3,1971,core,298,317,11.31,5.1,0.9766,300,318,310,321,1.0,True,99.22,119.4126,93.3608,5.1821,97.7027,"119.41,112.90,109.64,105.30,103.13,101.50,100.42,99.33,98.25,98.25,97.70,107.47,105.30,103.13,100.96,99.87,98.79,98.25,97.70,97.16,96.62,96.07,100.96,99.87,98.79,98.25,97.70,97.16,96.62,95.53,95.53,95.53,94.99,97.16,96.62,96.07,96.07,95.53,95.53,94.99,94.45,94.45,93.36,93.36"
Rec-G3_std_1,12,4,1972,core,303,317,0.0,5.0,0.975,305,318,315,321,1.0,True,98.5169,116.6988,93.3608,4.6653,97.16,"116.70,111.27,107.47,103.67,102.04,100.42,99.33,98.25,97.70,97.16,96.62,106.39,103.67,102.04,99.87,98.79,98.25,97.70,97.16,96.62,96.07,95.53,100.42,99.33,98.25,97.70,97.16,96.62,96.07,96.07,95.53,94.99,94.99,97.16,96.62,96.07,95.53,95.53,94.99,94.45,94.45,93.36,93.36,93.36"
Rec-G3_std_1,12,5,1973,core,307,317,0.0,4.0,0.977,309,318,319,321,1.0,True,99.0349,119.4126,93.3608,5.2423,97.7027,"119.41,113.99,109.10,105.84,103.13,100.96,99.33,98.79,97.70,97.70,96.62,106.93,105.30,102.04,100.96,99.33,98.25,98.25,97.70,96.62,96.07,95.53,100.96,99.87,98.79,98.25,97.70,97.16,96.62,96.07,95.53,94.99,94.99,97.16,96.62,96.07,96.07,95.53,94.99,94.99,94.45,94.45,93.36,93.36"
Rec-G3_std_1,12,6,1974,core,312,317,0.0,5.0,0.9771,314,318,324,321,1.0,True,98.5539,117.2416,93.3608,4.6132,97.16,"117.24,111.27,107.47,103.67,101.50,99.87,98.79,98.25,98.25,97.70,97.16,105.84,103.67,102.04,99.87,98.79,98.25,97.70,97.16,96.62,96.62,96.07,100.42,98.79,98.25,97.70,97.16,96.62,96.07,95.53,95.53,95.53,94.99,96.62,96.07,95.53,95.53,95.53,94.99,94.99,94.45,94.45,94.45,93.36"
Rec-G3_std_1,12,7,1975,core,317,317,0.0,5.0,0.9763,319,318,329,321,1.0,True,98.3812,113.9851,94.4463,3.8658,97.4314,"113.99,109.10,105.84,103.13,100.96,99.87,98.79,98.79,98.25,98.25,97.70,104.22,102.04,100.96,99.33,98.79,98.25,97.70,97.70,97.16,97.16,96.62,99.33,98.25,98.25,97.16,97.16,96.62,96.62,96.07,96.07,95.53,95.53,96.07,95.53,95.53,95.53,95.53,95.53,95.53,94.99,94.45,94.45,94.45"
Rec-G3_std_1,12,8,1976,core,322,317,0.0,5.0,0.9745,324,318,334,321,1.0,True,99.0226,112.8996,95.5318,3.4933,98.2455,"112.90,108.56,105.84,103.13,101.50,100.96,99.87,99.87,99.33,98.79,98.79,104.22,102.04,101.50,99.87,99.33,98.79,98.79,98.25,98.25,98.25,98.25,99.33,98.25,98.25,98.25,97.70,97.70,97.70,97.16,97.16,96.62,96.62,96.62,96.62,96.07,96.07,96.07,96.07,95.53,95.53,95.53,95.53,95.53"
Rec-G3_std_1,12,9,1977,core,326,317,0.0,4.0,0.9724,328,318,338,321,1.0,True,100.3795,117.2416,95.5318,4.2491,99.331,"117.24,111.81,109.10,105.84,103.67,102.04,102.04,100.96,100.42,99.87,99.33,106.39,104.22,103.13,102.04,100.96,100.42,99.87,99.33,99.33,98.79,98.25,100.96,99.87,99.87,99.33,98.79,98.25,98.25,98.25,97.70,97.70,97.16,97.70,97.70,97.70,97.16,97.16,97.16,96.62,96.62,96.07,96.07,95.53"
Rec-G3_std_1,12,10,1978,core,331,317,0.0,5.0,0.9727,333,318,343,321,1.0,True,100.6138,115.6133,96.0745,3.8796,99.6023,"115.61,111.27,108.01,105.30,103.13,102.04,101.50,101.50,100.96,100.42,100.42,106.39,105.30,103.13,102.04,101.50,100.42,99.87,99.87,99.33,99.33,99.33,101.50,100.42,99.87,99.33,99.33,98.79,98.25,98.25,98.25,98.25,98.25,98.25,98.25,98.25,97.70,97.70,97.16,96.62,96.62,96.62,96.62,96.07"
Rec-G3_std_1,12,11,1979,core,336,317,0.0,5.0,0.9725,338,318,348,321,1.0,True,100.9469,112.8996,96.6172,3.3884,100.4165,"112.90,110.19,107.47,105.30,103.67,103.13,102.04,102.04,102.04,101.50,100.96,105.84,104.22,103.13,102.04,102.04,101.50,100.96,100.96,100.42,100.42,99.87,101.50,100.42,100.42,99.87,99.87,99.33,99.33,98.79,98.79,98.25,98.25,98.25,98.25,98.25,98.25,97.70,97.70,97.70,97.70,97.16,96.62,96.62"
Rec-G3_std_1,12,12,1980,core,341,316,11.31,5.1,0.9724,343,317,353,320,1.0,True,104.0307,127.011,97.7027,5.6427,102.5874,"127.01,119.41,113.99,110.73,108.01,106.39,105.30,104.22,103.67,103.13,103.13,112.90,110.19,107.47,105.30,104.22,103.13,103.13,102.04,102.04,101.50,100.96,105.84,105.30,103.13,103.13,102.04,102.04,101.50,100.96,100.42,99.87,99.33,101.50,100.96,100.96,100.42,99.87,99.87,99.33,98.79,98.25,98.25,97.70"
Rec-G3_std_1,12,13,1981,core,346,316,0.0,5.0,0.9731,348,317,358,320,1.0,True,103.1302,125.3828,94.4463,6.0393,101.7733,"125.38,118.87,113.99,110.19,108.01,105.84,105.30,103.67,103.13,101.50,99.87,112.90,110.19,107.47,105.30,104.22,103.13,102.04,101.50,100.42,99.33,98.25,106.39,105.30,103.13,102.04,102.04,101.50,100.42,99.33,98.25,97.70,96.07,102.04,101.50,100.42,99.87,99.87,98.79,98.25,97.70,96.62,95.53,94.45"
Rec-G3_std_1,12,14,1982,core,351,316,0.0,5.0,0.9727,353,317,363,320,0.9091,False,97.8754,121.5835,78.7067,9.1507,98.2455,"121.58,116.16,111.27,108.01,105.30,102.04,100.42,98.25,95.53,89.02,80.33,111.27,108.01,105.30,103.13,102.04,99.87,98.25,96.62,94.45,87.93,80.33,105.30,103.13,102.04,100.42,99.33,98.25,96.62,94.99,92.28,86.85,79.79,100.96,99.87,98.79,98.25,97.16,95.53,94.45,92.28,90.65,85.76,78.71"
Rec-G3_std_1,12,15,1983,core,355,316,0.0,4.0,0.9745,357,317,367,320,0.5455,False,89.4629,124.2973,73.822,13.4399,89.8329,"124.30,116.16,110.19,104.22,99.33,91.73,82.51,78.16,75.99,74.91,73.82,110.73,106.93,103.13,99.87,96.62,90.65,81.96,77.62,75.99,74.36,73.82,103.13,101.50,98.79,97.16,94.45,89.02,80.88,77.62,75.99,74.36,73.82,98.79,97.70,95.53,94.45,91.73,87.39,80.33,77.08,75.45,74.36,73.82"
Rec-G3_std_1,12,16,1984,core,360,316,0.0,5.0,0.9781,362,317,372,320,0.0909,False,78.6697,107.4722,73.2792,7.3807,75.4502,"107.47,93.36,85.76,80.88,77.62,75.99,75.45,74.91,74.36,73.82,73.82,98.25,87.39,81.42,78.16,76.54,75.99,74.91,74.36,73.82,73.82,73.28,92.28,84.13,79.79,77.08,75.99,75.45,74.91,74.36,73.82,73.82,73.28,89.02,81.96,78.16,76.54,75.45,74.91,74.36,73.82,73.82,73.82,73.28"
Rec-G3_std_1,13,1,2122,core,292,318,-45.0,1.41,0.9773,294,319,304,322,1.0,True,95.3221,101.502,88.4761,3.0642,94.989,"101.50,100.96,99.87,99.33,99.33,99.33,98.79,98.79,98.79,98.25,97.70,94.45,95.53,95.53,96.07,96.62,97.16,97.16,97.16,97.16,96.07,96.07,90.65,91.73,93.36,94.45,94.45,94.99,94.99,94.99,94.99,94.45,94.45,88.48,89.56,91.19,91.73,92.28,92.28,93.36,93.36,92.28,92.28,92.28"
Rec-G3_std_1,13,2,2123,core,296,318,0.0,4.0,0.9769,298,319,308,322,1.0,True,97.0737,108.0149,92.2753,3.3576,96.0745,"108.01,105.84,103.67,102.04,100.96,99.87,99.33,98.79,98.25,97.70,97.16,100.42,99.87,99.33,98.79,98.25,98.25,97.70,97.16,96.62,96.07,95.53,96.07,96.07,96.07,96.07,96.07,96.07,95.53,95.53,94.99,94.45,94.45,93.36,93.36,94.45,94.45,94.45,94.45,94.45,93.36,93.36,92.28,92.28"
Rec-G3_std_1,13,3,2124,core,301,317,11.31,5.1,0.976,303,318,313,321,1.0,True,99.4913,118.8698,93.3608,5.1627,97.9741,"118.87,113.99,109.64,105.84,103.13,101.50,100.42,99.33,98.25,97.70,96.62,108.01,105.30,103.13,101.50,100.42,99.33,98.25,97.70,97.16,96.62,95.53,102.04,100.42,99.33,98.79,98.25,97.16,97.16,96.07,95.53,95.53,94.99,98.25,97.70,97.16,96.62,96.07,95.53,95.53,94.99,94.45,94.45,93.36"
Rec-G3_std_1,13,4,2125,core,305,317,0.0,4.0,0.9765,307,318,317,321,1.0,True,99.5407,123.2118,92.2753,5.9917,97.7027,"123.21,116.16,111.27,106.93,103.13,101.50,99.87,98.79,98.25,97.70,96.07,108.56,106.39,103.67,102.04,99.87,98.79,98.25,97.70,96.62,96.07,95.53,102.04,100.96,99.87,98.79,98.25,97.70,96.62,96.07,95.53,94.99,94.45,97.70,97.16,96.62,96.07,95.53,95.53,94.99,94.45,94.45,93.36,92.28"
Rec-G3_std_1,13,5,2126,core,310,317,0.0,5.0,0.977,312,318,322,321,1.0,True,98.2578,117.7843,93.3608,4.9777,96.6172,"117.78,111.81,108.01,104.22,101.50,99.33,98.25,98.25,97.16,96.07,95.53,106.39,104.22,102.04,99.87,98.79,97.70,97.16,96.07,95.53,95.53,95.53,100.96,99.33,98.25,97.70,97.16,96.07,95.53,95.53,94.99,94.99,94.45,97.16,96.07,95.53,95.53,94.99,94.45,94.45,93.36,93.36,93.36,93.36"
Rec-G3_std_1,13,6,2127,core,315,317,0.0,5.0,0.9764,317,318,327,321,1.0,True,98.0235,113.9851,94.4463,4.0339,96.6172,"113.99,109.64,105.84,103.13,100.42,98.79,98.25,98.25,97.70,97.16,96.62,105.30,102.04,100.42,98.79,98.25,97.70,97.16,96.62,96.62,96.07,96.07,99.33,98.25,97.70,97.16,96.62,96.07,96.07,95.53,95.53,95.53,95.53,96.07,95.53,95.53,95.53,94.99,94.99,94.45,94.45,94.45,94.45,94.45"
Rec-G3_std_1,13,7,2128,core,320,317,0.0,5.0,0.9747,322,318,332,321,1.0,True,98.3442,111.8141,94.989,3.4214,97.7027,"111.81,108.01,105.30,102.04,100.42,99.33,98.79,98.25,98.25,98.25,98.25,103.67,102.04,100.42,99.33,98.79,98.25,98.25,97.70,97.70,97.70,97.16,98.79,98.25,97.70,97.70,97.16,97.16,96.62,96.07,96.07,96.07,96.07,96.07,96.07,95.53,95.53,95.53,95.53,95.53,94.99,94.99,94.99,94.99"
Rec-G3_std_1,13,8,2129,core,325,317,0.0,5.0,0.9726,327,318,337,321,1.0,True,99.1706,111.2714,95.5318,3.1469,98.2455,"111.27,107.47,105.30,103.13,101.50,100.96,100.42,99.87,99.87,99.33,98.79,103.67,102.04,100.96,99.87,99.87,99.33,99.33,99.33,98.79,98.25,98.25,99.33,98.25,98.25,98.25,98.25,98.25,98.25,97.70,97.70,97.16,97.16,96.62,96.62,96.62,96.07,96.07,96.07,96.07,96.07,96.07,95.53,95.53"
Rec-G3_std_1,13,9,2130,core,329,317,0.0,4.0,0.9726,331,318,341,321,1.0,True,100.5398,115.0706,96.0745,3.8218,99.6023,"115.07,111.27,108.01,105.30,103.13,102.04,102.04,101.50,100.96,100.42,100.42,105.84,104.22,103.13,102.04,101.50,100.96,100.42,99.87,99.33,99.33,98.79,100.96,100.42,99.87,99.33,99.33,98.79,98.79,98.25,98.25,98.25,97.70,97.70,97.70,97.70,97.70,97.70,97.16,97.16,96.62,96.62,96.07,96.07"
Rec-G3_std_1,13,10,2131,core,334,317,0.0,5.0,0.9722,336,318,346,321,1.0,True,101.1443,115.0706,97.16,3.6773,100.6878,"115.07,110.73,108.56,105.84,103.67,103.13,102.04,102.04,102.04,102.04,101.50,106.39,105.30,103.13,102.04,101.50,101.50,100.96,100.96,100.96,100.42,100.42,101.50,100.96,99.87,99.87,99.33,99.33,99.33,98.79,98.79,98.79,98.25,98.25,98.25,98.25,98.25,98.25,97.70,97.70,97.16,97.16,97.16,97.16"
Rec-G3_std_1,13,11,2132,core,339,316,11.31,5.1,0.9715,341,317,351,320,1.0,True,104.8448,129.182,98.7882,5.8478,103.1302,"129.18,121.04,115.61,111.27,108.56,106.93,105.84,105.30,105.30,104.22,103.67,113.99,110.73,108.01,106.39,105.30,103.67,103.67,103.13,103.13,102.04,102.04,106.39,105.30,103.67,103.13,103.13,102.04,102.04,102.04,101.50,100.96,100.96,102.04,101.50,100.96,100.96,100.42,100.42,99.87,99.87,99.33,98.79,98.79"
Rec-G3_std_1,13,12,2133,core,344,316,0.0,5.0,0.9731,346,317,356,320,1.0,True,104.4624,127.011,97.16,5.6858,103.1302,"127.01,119.41,115.07,111.27,108.56,106.93,105.84,105.30,104.22,103.13,102.04,112.90,110.73,108.56,106.39,105.30,104.22,103.67,103.13,102.04,101.50,100.42,106.93,105.30,104.22,103.13,103.13,102.04,102.04,101.50,100.96,99.87,98.79,102.04,102.04,101.50,100.96,100.42,100.42,99.87,99.33,98.79,98.25,97.16"
Rec-G3_std_1,13,13,2134,core,349,316,0.0,5.0,0.9732,351,317,361,320,1.0,True,101.9954,124.2973,90.6471,6.8102,101.502,"124.30,117.78,113.99,110.19,107.47,105.30,103.67,102.04,99.87,97.16,94.45,112.90,110.19,108.01,105.84,104.22,103.13,101.50,99.87,98.25,96.07,94.45,106.39,105.30,104.22,103.13,102.04,100.96,99.33,98.25,96.62,94.99,92.28,102.04,102.04,101.50,100.42,99.33,98.25,97.16,95.53,94.45,92.28,90.65"
Rec-G3_std_1,13,14,2135,core,353,316,0.0,4.0,0.9739,355,317,365,320,0.7273,False,94.582,127.5537,74.9074,12.93,96.6172,"127.55,119.41,113.99,108.56,103.67,100.42,97.16,90.10,81.42,77.62,75.45,112.90,110.19,106.39,103.13,100.42,98.25,95.53,89.56,80.88,77.08,74.91,106.39,103.67,102.04,99.87,98.25,96.07,93.36,87.93,80.88,77.08,74.91,101.50,99.87,98.79,97.70,95.53,94.45,91.19,86.31,79.79,76.54,74.91"
Rec-G3_std_1,13,15,2136,core,358,316,0.0,5.0,0.977,360,317,370,320,0.2727,False,82.6662,118.8698,73.2792,11.6937,76.5357,"118.87,110.19,98.79,86.85,80.88,77.62,75.99,74.91,74.36,73.82,73.82,106.93,102.04,94.45,84.13,78.71,76.54,75.45,74.36,73.82,73.82,73.82,100.42,97.16,90.65,82.51,78.16,76.54,74.91,74.36,73.82,73.82,73.28,96.07,93.36,87.93,80.88,77.62,75.99,74.91,73.82,73.82,73.82,73.28"
Rec-G3_std_1,13,16,2137,core,361,316,0.0,3.0,0.9825,363,317,373,320,0.0,False,77.1401,97.7027,72.7365,5.1349,75.1788,"97.70,89.02,83.05,79.79,77.08,75.99,74.91,74.36,73.82,73.82,73.28,89.56,83.59,79.79,77.62,75.99,75.45,74.91,74.36,73.82,73.82,73.28,84.68,80.33,77.62,75.99,75.45,74.91,74.36,73.82,73.82,73.28,73.28,82.51,78.71,77.08,75.99,75.45,74.36,73.82,73.82,73.82,73.28,72.74"
Rec-G3_std_1,14,1,2267,core,292,318,-45.0,1.41,0.9796,294,319,304,322,1.0,True,96.1239,103.1302,89.5616,3.2396,95.5318,"103.13,103.13,101.50,100.42,100.42,99.87,99.87,99.87,99.33,98.79,98.25,95.53,96.07,96.62,97.70,97.70,98.25,97.70,97.70,97.70,96.62,96.62,91.19,92.28,94.45,94.99,94.99,95.53,95.53,95.53,95.53,94.99,94.45,89.56,90.65,91.19,92.28,93.36,93.36,93.36,93.36,93.36,93.36,93.36"
Rec-G3_std_1,14,2,2268,core,296,318,0.0,4.0,0.9752,298,319,308,322,1.0,True,97.9618,110.7286,92.2753,3.8803,97.16,"110.73,108.56,105.84,103.67,102.04,100.96,99.87,99.33,98.79,98.25,97.70,102.04,102.04,100.96,100.42,99.33,98.79,98.25,97.70,97.16,96.62,95.53,97.16,97.16,97.16,97.16,97.16,96.62,96.07,95.53,95.53,94.99,94.45,94.45,94.45,94.99,94.99,94.99,94.99,94.45,94.45,93.36,93.36,92.28"
Rec-G3_std_1,14,3,2269,core,301,317,11.31,5.1,0.9773,303,318,313,321,1.0,True,100.3178,123.2118,93.3608,5.9649,98.2455,"123.21,116.70,111.81,108.01,104.22,102.04,100.96,99.33,98.25,98.25,97.16,110.19,107.47,105.30,102.04,100.96,99.87,98.79,98.25,97.70,97.16,96.07,103.13,102.04,100.42,99.33,98.25,98.25,97.70,96.62,96.07,95.53,95.53,98.25,98.25,97.70,97.16,96.62,96.07,95.53,95.53,94.45,94.45,93.36"
Rec-G3_std_1,14,4,2270,core,306,317,0.0,5.0,0.9782,308,318,318,321,1.0,True,99.0103,119.4126,93.3608,5.1934,97.4314,"119.41,112.90,109.10,105.30,102.04,100.42,99.33,98.25,97.70,96.62,96.07,107.47,105.30,103.13,100.96,99.33,98.25,98.25,97.16,96.62,95.53,95.53,101.50,100.42,99.33,98.25,98.25,97.16,96.62,96.07,95.53,94.99,94.45,97.70,97.16,96.62,96.07,95.53,95.53,94.99,94.45,94.45,93.36,93.36"
Rec-G3_std_1,14,5,2271,core,311,317,0.0,5.0,0.9769,313,318,323,321,1.0,True,97.8878,115.0706,93.3608,4.4349,96.3459,"115.07,110.19,106.39,103.13,100.42,98.79,98.25,97.16,96.62,96.07,95.53,105.84,103.13,100.96,99.33,98.25,97.70,96.62,96.07,95.53,95.53,95.53,100.42,98.79,98.25,97.70,96.62,96.07,95.53,95.53,94.99,94.45,94.45,96.62,96.07,95.53,95.53,94.99,94.45,94.45,94.45,93.36,93.36,93.36"
Rec-G3_std_1,14,6,2272,core,316,317,0.0,5.0,0.9742,318,318,328,321,1.0,True,97.7768,111.8141,94.4463,3.5488,96.6172,"111.81,108.01,104.22,101.50,99.87,98.79,98.25,97.70,97.16,96.62,96.62,104.22,102.04,99.87,98.79,98.25,97.70,97.16,96.62,96.62,96.07,95.53,98.79,98.25,97.70,97.16,96.62,96.07,96.07,95.53,95.53,95.53,95.53,96.07,95.53,95.53,95.53,95.53,94.99,94.99,94.45,94.45,94.45,94.45"
Rec-G3_std_1,14,7,2273,core,320,317,0.0,4.0,0.9737,322,318,332,321,1.0,True,98.8869,115.6133,94.989,4.0981,97.9741,"115.61,110.73,106.93,103.67,101.50,99.87,99.33,98.25,98.25,98.25,98.25,105.30,103.13,101.50,99.87,98.79,98.25,98.25,98.25,97.70,97.70,97.70,99.33,98.79,98.25,97.70,97.70,97.16,96.62,96.62,96.62,96.62,96.07,96.07,96.07,96.07,96.07,95.53,95.53,95.53,95.53,95.53,95.53,94.99"
Rec-G3_std_1,14,8,2274,core,325,317,0.0,5.0,0.9742,327,318,337,321,1.0,True,99.6887,113.9851,95.5318,3.6131,98.7882,"113.99,109.64,106.93,103.67,102.04,100.96,100.42,99.87,99.87,99.87,99.33,105.30,103.13,102.04,100.96,100.42,99.87,99.33,99.33,98.79,98.79,98.25,99.87,99.33,98.79,98.25,98.25,98.25,98.25,98.25,97.70,97.70,97.70,97.16,97.16,96.62,96.62,96.62,96.62,96.62,96.07,96.07,96.07,95.53"
Rec-G3_std_1,14,9,2275,core,330,317,0.0,5.0,0.9734,332,318,342,321,1.0,True,100.6015,112.8996,96.6172,3.3496,99.8737,"112.90,109.64,106.93,105.30,103.13,102.04,102.04,101.50,100.96,100.96,100.42,105.30,104.22,103.13,102.04,101.50,100.96,100.42,99.87,99.87,99.87,99.87,100.96,100.42,99.87,99.33,99.33,99.33,98.79,98.25,98.25,98.25,98.25,98.25,98.25,98.25,97.70,97.70,97.70,97.16,97.16,97.16,96.62,96.62"
Rec-G3_std_1,14,10,2276,core,335,317,0.0,5.0,0.9722,337,318,347,321,1.0,True,101.428,112.8996,97.7027,3.1639,100.9592,"112.90,110.19,107.47,105.30,103.67,103.13,103.13,102.04,102.04,102.04,102.04,105.84,104.22,103.13,102.04,102.04,102.04,102.04,101.50,101.50,100.96,100.96,102.04,100.96,100.42,100.42,100.42,99.87,99.87,99.87,99.33,99.33,99.33,98.79,98.25,98.25,98.25,98.25,98.25,98.25,98.25,98.25,98.25,97.70"
Rec-G3_std_1,14,11,2277,core,340,316,11.31,5.1,0.9705,342,317,352,320,1.0,True,104.9928,125.3828,99.331,5.0537,103.6729,"125.38,119.41,113.99,110.73,108.56,106.93,106.39,105.84,105.30,104.22,103.67,112.90,110.19,108.01,105.84,105.30,104.22,104.22,103.67,103.13,103.13,102.04,106.39,105.30,104.22,103.67,103.13,103.13,103.13,102.04,102.04,101.50,101.50,102.04,102.04,102.04,101.50,101.50,101.50,100.96,100.42,99.87,99.33,99.33"
Rec-G3_std_1,14,12,2278,core,345,316,0.0,5.0,0.971,347,317,357,320,1.0,True,104.6351,124.84,96.6172,5.3827,103.1302,"124.84,118.87,113.99,111.27,108.56,107.47,106.39,105.30,104.22,103.13,102.04,112.90,110.73,108.56,106.93,105.84,105.30,103.67,103.13,102.04,101.50,100.42,106.93,105.84,105.30,103.67,103.13,103.13,102.04,102.04,100.96,99.87,98.25,103.13,103.13,102.04,101.50,100.96,100.96,100.42,99.87,98.79,98.25,96.62"
Rec-G3_std_1,14,13,2279,core,349,316,0.0,4.0,0.9737,351,317,361,320,1.0,True,103.1919,129.7247,90.6471,7.7175,102.0447,"129.72,122.13,117.24,112.90,109.10,106.93,104.22,102.04,100.42,98.25,95.53,115.07,111.81,109.64,107.47,105.30,103.67,102.04,100.96,98.79,96.62,94.45,108.01,106.39,105.30,104.22,103.13,101.50,100.42,98.79,97.16,95.53,92.28,103.13,103.13,102.04,101.50,100.42,99.33,98.25,96.62,94.99,93.36,90.65"
Rec-G3_std_1,14,14,2280,core,354,316,0.0,5.0,0.9761,356,317,366,320,0.6364,False,92.1026,124.2973,73.822,13.4476,94.4463,"124.30,117.24,111.81,106.93,102.04,98.25,91.19,81.96,77.62,75.45,73.82,111.81,108.56,105.30,102.04,99.33,96.07,89.56,81.42,77.62,75.45,73.82,105.30,103.13,101.50,99.33,97.16,94.45,88.48,80.88,77.08,75.45,73.82,100.96,99.33,98.25,96.62,94.45,92.28,86.85,80.33,76.54,74.91,73.82"
Rec-G3_std_1,14,15,2281,core,359,316,0.0,5.0,0.9768,361,317,371,320,0.1818,False,80.2239,112.8996,73.2792,9.5571,75.7216,"112.90,101.50,88.48,81.96,78.16,75.99,75.45,74.36,73.82,73.82,73.28,103.67,94.99,84.68,79.79,77.08,75.99,74.91,74.36,73.82,73.82,73.28,97.70,91.19,83.05,78.71,76.54,75.45,74.91,73.82,73.82,73.82,73.28,94.45,88.48,81.42,77.62,75.99,74.91,74.36,73.82,73.82,73.28,73.28"
Rec-G3_std_1,14,16,2282,core,361,316,0.0,2.0,0.9838,363,317,373,320,0.0,False,76.9551,97.16,72.7365,5.049,74.9074,"97.16,88.48,83.05,78.71,77.08,75.99,74.91,74.36,73.82,73.82,73.28,89.56,83.05,78.71,77.08,75.99,75.45,74.36,73.82,73.82,73.82,73.28,84.68,79.79,77.62,75.99,75.45,74.91,74.36,73.82,73.82,73.28,73.28,82.51,78.71,76.54,75.99,74.91,74.36,73.82,73.82,73.28,72.74,72.74"
Rec-G3_std_1,15,1,2412,core,291,317,180.0,1.0,0.9788,293,318,303,321,1.0,True,98.7266,115.6133,89.0188,5.0693,98.2455,"115.61,111.81,109.64,106.39,103.67,102.04,102.04,102.04,102.04,101.50,100.42,98.79,100.42,100.42,99.33,99.33,99.33,99.33,99.87,99.87,99.33,98.79,92.28,94.45,95.53,95.53,96.62,97.16,97.70,97.70,97.70,97.70,97.16,89.02,90.65,92.28,93.36,94.45,94.99,95.53,95.53,95.53,95.53,95.53"
Rec-G3_std_1,15,2,2413,core,293,318,-26.57,2.24,0.9766,295,319,305,322,1.0,True,96.827,104.2157,91.1898,2.9164,96.3459,"104.22,103.13,102.04,100.96,100.42,100.42,100.42,99.87,98.79,98.25,98.25,97.16,97.70,98.25,98.25,98.25,98.25,98.25,98.25,97.70,97.16,96.62,93.36,94.45,95.53,95.53,95.53,96.07,96.07,96.07,95.53,95.53,95.53,91.19,91.73,92.28,93.36,94.45,94.45,94.45,94.45,94.45,94.45,93.36"
Rec-G3_std_1,15,3,2414,core,297,317,14.04,4.12,0.9762,299,318,309,321,1.0,True,101.1936,125.3828,94.4463,6.0729,99.0596,"125.38,117.78,112.90,109.10,105.30,103.13,102.04,100.96,99.87,98.79,98.25,110.19,108.01,105.84,103.67,102.04,100.96,100.42,99.33,98.25,98.25,97.70,103.13,102.04,100.96,100.42,99.33,98.79,98.25,98.25,97.16,96.62,96.07,97.70,97.70,97.70,97.70,97.70,97.16,96.62,96.07,95.53,94.99,94.45"
Rec-G3_std_1,15,4,2415,core,302,317,0.0,5.0,0.9776,304,318,314,321,1.0,True,100.1698,121.5835,93.3608,5.5896,98.2455,"121.58,115.61,110.73,106.93,103.67,102.04,100.42,99.33,98.25,97.70,97.16,109.64,106.93,104.22,102.04,100.96,99.87,98.79,98.25,97.70,96.62,96.07,103.13,102.04,100.42,99.33,98.79,98.25,97.70,97.16,96.62,95.53,95.53,98.25,98.25,98.25,97.16,96.62,96.07,95.53,95.53,94.99,94.45,93.36"
Rec-G3_std_1,15,5,2416,core,307,317,0.0,5.0,0.9769,309,318,319,321,1.0,True,98.8623,117.7843,93.3608,4.8663,97.4314,"117.78,111.81,108.01,104.22,101.50,99.87,98.79,98.25,97.16,97.16,96.07,107.47,105.30,102.04,100.42,99.33,98.25,97.70,97.16,96.07,96.07,95.53,102.04,100.42,99.33,98.25,98.25,97.16,96.62,95.53,95.53,94.99,94.99,98.25,97.70,96.62,96.62,95.53,95.53,94.99,94.45,94.45,93.36,93.36"
Rec-G3_std_1,15,6,2417,core,312,317,0.0,5.0,0.9751,314,318,324,321,1.0,True,98.2455,113.9851,93.3608,4.1091,97.16,"113.99,109.64,106.39,103.13,100.96,99.33,98.25,98.25,97.70,97.16,96.62,105.30,103.13,101.50,99.33,98.25,98.25,97.70,97.16,96.62,96.07,96.07,99.87,98.79,98.25,97.70,97.16,96.62,96.07,95.53,95.53,95.53,95.53,96.62,96.07,96.07,95.53,94.99,94.99,94.45,94.45,94.45,94.45,93.36"
Rec-G3_std_1,15,7,2418,core,316,317,0.0,4.0,0.9744,318,318,328,321,1.0,True,99.22,117.7843,94.989,4.5374,98.2455,"117.78,111.81,108.01,105.30,102.04,100.96,99.87,98.79,98.25,98.25,98.25,105.84,104.22,102.04,100.42,99.33,98.79,98.25,98.25,97.70,97.70,97.16,100.42,99.33,98.25,98.25,97.70,97.16,97.16,96.62,96.62,96.07,96.07,96.62,96.62,96.07,96.07,95.53,95.53,95.53,95.53,95.53,94.99,94.99"
Rec-G3_std_1,15,8,2419,core,321,317,0.0,5.0,0.9741,323,318,333,321,1.0,True,99.6147,115.6133,95.5318,4.0656,98.2455,"115.61,111.27,107.47,105.30,102.04,101.50,100.42,99.87,99.33,98.79,98.79,105.84,103.67,102.04,100.96,99.87,99.33,98.79,98.25,98.25,98.25,98.25,100.42,99.33,98.79,98.25,98.25,97.70,97.70,97.70,97.70,97.16,97.16,97.16,97.16,96.62,96.62,96.62,96.07,96.07,96.07,95.53,95.53,95.53"
Rec-G3_std_1,15,9,2420,core,326,317,0.0,5.0,0.9739,328,318,338,321,1.0,True,100.0588,113.9851,96.0745,3.5457,99.331,"113.99,110.19,106.93,104.22,102.04,101.50,100.96,100.42,100.42,99.87,99.87,105.30,103.67,102.04,101.50,100.42,99.87,99.87,99.33,99.33,98.79,98.79,100.42,99.87,99.33,99.33,98.79,98.25,98.25,98.25,98.25,98.25,97.70,97.70,97.70,97.70,97.16,97.16,97.16,96.62,96.62,96.62,96.07,96.07"
Rec-G3_std_1,15,10,2421,core,331,317,0.0,5.0,0.9721,333,318,343,321,1.0,True,100.7742,112.8996,97.16,3.3436,100.1451,"112.90,110.19,106.93,105.30,103.13,102.04,102.04,101.50,101.50,100.96,100.96,105.84,104.22,103.13,102.04,101.50,100.96,100.42,100.42,99.87,99.87,99.87,101.50,100.96,100.42,99.87,99.33,99.33,98.79,98.79,98.79,98.25,98.25,98.25,98.25,98.25,98.25,97.70,97.70,97.16,97.16,97.16,97.16,97.16"
Rec-G3_std_1,15,11,2422,core,336,317,0.0,5.0,0.9699,338,318,348,321,1.0,True,101.5266,112.8996,98.2455,3.1562,101.2306,"112.90,110.19,107.47,105.30,103.67,103.13,103.13,103.13,102.04,102.04,102.04,106.39,104.22,103.13,102.04,102.04,102.04,102.04,101.50,101.50,100.96,100.96,102.04,101.50,100.96,100.42,100.42,100.42,99.87,99.87,99.33,99.33,99.33,98.79,98.79,98.25,98.25,98.25,98.25,98.25,98.25,98.25,98.25,98.25"
Rec-G3_std_1,15,12,2423,core,341,316,11.31,5.1,0.9693,343,317,353,320,1.0,True,104.8201,125.3828,98.7882,5.0943,103.1302,"125.38,118.87,113.99,110.73,108.56,106.93,105.84,105.30,104.22,103.67,103.13,112.90,110.19,108.01,106.39,105.30,105.30,103.67,103.13,103.13,102.04,102.04,106.39,105.30,104.22,103.67,103.13,103.13,102.04,102.04,102.04,100.96,100.42,102.04,102.04,102.04,101.50,101.50,101.50,100.96,100.42,99.87,99.33,98.79"
Rec-G3_std_1,15,13,2424,core,345,316,0.0,4.0,0.9722,347,317,357,320,1.0,True,105.4739,132.4384,96.6172,6.8621,103.4016,"132.44,123.75,117.78,113.99,110.73,108.01,106.39,105.30,103.67,103.13,101.50,116.16,112.90,110.73,108.01,106.39,105.30,104.22,103.13,102.04,100.96,99.87,108.56,106.93,105.84,105.30,103.67,103.13,102.04,102.04,100.96,99.33,98.25,103.67,103.13,103.13,102.04,101.50,101.50,100.42,99.87,98.79,97.70,96.62"
Rec-G3_std_1,15,14,2425,core,350,316,0.0,5.0,0.9747,352,317,362,320,1.0,True,101.0949,128.0965,85.2196,8.5918,100.4165,"128.10,120.50,115.61,110.73,107.47,105.30,102.04,100.42,98.25,94.99,88.48,113.99,111.27,108.56,105.84,103.67,102.04,100.42,98.25,96.62,94.45,87.93,107.47,105.84,104.22,103.13,101.50,99.87,98.25,96.62,94.99,92.28,86.31,103.13,102.04,101.50,100.42,98.79,98.25,96.07,94.99,92.28,90.10,85.22"
Rec-G3_std_1,15,15,2426,core,355,316,0.0,5.0,0.9758,357,317,367,320,0.5455,False,89.1792,121.5835,73.2792,13.3836,89.0188,"121.58,115.07,109.10,103.67,98.79,91.19,81.96,77.62,75.99,74.36,73.82,110.19,106.93,103.13,99.87,96.62,90.10,81.42,77.62,75.45,73.82,73.28,103.67,102.04,99.33,97.16,94.45,87.93,80.88,77.08,75.45,73.82,73.82,99.87,98.25,96.07,94.45,92.28,86.31,80.33,76.54,74.91,73.82,73.82"
Rec-G3_std_1,15,16,2427,core,360,316,0.0,5.0,0.9757,362,317,372,320,0.0909,False,78.0776,105.8439,72.7365,7.0878,74.9074,"105.84,91.73,84.13,79.79,77.08,75.99,74.91,73.82,73.82,73.82,73.28,97.16,86.31,80.88,77.62,75.99,74.91,74.36,73.82,73.82,73.28,72.74,91.19,83.05,78.71,77.08,75.99,74.91,74.36,73.82,73.82,73.28,72.74,88.48,81.42,78.16,75.99,75.45,74.36,74.36,73.82,73.28,73.28,72.74"
Rec-G3_std_1,15,17,2428,core,361,316,0.0,1.0,0.9843,363,317,373,320,0.0,False,76.7454,96.6172,72.7365,4.9773,74.6361,"96.62,87.93,82.51,78.71,76.54,75.45,74.36,73.82,73.82,73.28,72.74,89.02,83.05,78.71,77.08,75.99,74.91,74.36,73.82,73.82,73.28,72.74,84.13,79.79,77.62,75.99,75.45,74.36,73.82,73.82,73.82,73.28,72.74,82.51,78.71,76.54,75.45,74.91,74.36,73.82,73.82,73.28,73.28,72.74"
Rec-G3_std_1,16,1,2561,core,291,318,-90.0,1.0,0.977,293,319,303,322,1.0,True,95.7785,101.502,86.8478,3.3705,95.5318,"100.42,101.50,100.96,100.42,99.33,99.33,99.33,99.33,99.33,99.33,98.79,93.36,94.99,95.53,96.62,97.16,97.70,98.25,98.25,98.25,97.70,97.70,89.56,91.19,92.28,94.45,94.99,95.53,95.53,95.53,95.53,95.53,95.53,86.85,89.02,90.65,91.73,92.28,93.36,93.36,94.45,94.45,94.45,94.45"
Rec-G3_std_1,16,2,2562,core,295,318,0.0,4.0,0.9774,297,319,307,322,1.0,True,98.0235,108.5576,93.3608,3.3122,97.16,"108.56,106.39,104.22,103.13,102.04,101.50,100.42,99.87,99.33,98.79,98.25,100.96,100.42,99.87,99.87,99.33,99.33,98.79,98.25,98.25,97.70,97.16,96.07,96.62,97.16,97.16,97.16,97.16,96.62,96.07,96.07,95.53,95.53,93.36,94.45,94.45,94.99,94.99,94.99,94.99,94.99,94.45,94.45,93.36"
Rec-G3_std_1,16,3,2563,core,300,317,11.31,5.1,0.9769,302,318,312,321,1.0,True,100.8852,121.0408,94.989,5.2412,99.0596,"121.04,115.07,110.73,107.47,104.22,102.04,101.50,100.42,99.87,98.79,98.25,109.64,107.47,105.30,103.13,101.50,100.42,99.87,99.33,98.25,98.25,97.70,103.13,102.04,100.96,100.42,99.33,98.79,98.25,98.25,97.70,96.62,96.62,98.79,98.25,98.25,98.25,97.70,97.16,96.62,96.07,95.53,94.99,94.99"
Rec-G3_std_1,16,4,2564,core,304,317,0.0,4.0,0.9755,306,318,316,321,1.0,True,101.1196,125.3828,94.4463,6.0918,99.0596,"125.38,117.78,112.90,109.10,105.30,103.13,101.50,100.42,99.33,98.25,98.25,110.19,108.01,105.84,103.13,102.04,100.42,99.33,98.79,98.25,97.70,97.16,103.67,102.04,100.96,100.42,99.33,98.79,98.25,98.25,97.16,96.62,96.07,99.33,98.79,98.25,98.25,97.16,96.62,96.62,95.53,95.53,94.99,94.45"
Rec-G3_std_1,16,5,2565,core,309,317,0.0,5.0,0.9763,311,318,321,321,1.0,True,99.9601,121.0408,94.4463,5.3479,98.2455,"121.04,113.99,110.73,106.93,103.13,101.50,99.87,99.33,98.25,97.70,97.16,108.56,106.39,104.22,102.04,100.42,99.33,98.25,98.25,97.70,97.16,96.62,102.04,101.50,100.42,99.33,98.25,98.25,97.16,96.62,96.62,95.53,95.53,98.25,98.25,97.70,96.62,96.62,96.07,95.53,95.53,94.99,94.45,94.45"
Rec-G3_std_1,16,6,2566,core,314,317,0.0,5.0,0.9767,316,318,326,321,1.0,True,99.4297,117.7843,94.989,4.6448,98.2455,"117.78,111.81,108.56,105.30,102.04,100.42,99.33,98.79,98.25,98.25,97.70,107.47,105.30,103.13,100.96,99.33,98.79,98.25,98.25,97.70,97.16,96.62,101.50,99.87,99.33,98.79,98.25,97.70,97.16,97.16,96.62,96.07,95.53,97.70,97.16,96.62,96.07,96.07,95.53,95.53,95.53,95.53,94.99,94.99"
Rec-G3_std_1,16,7,2567,core,319,317,0.0,5.0,0.9752,321,318,331,321,1.0,True,99.2446,115.0706,95.5318,3.9983,98.2455,"115.07,110.73,106.93,103.67,102.04,100.42,99.87,98.79,98.25,98.25,97.70,105.84,103.67,102.04,100.96,99.33,98.79,98.25,98.25,97.70,97.70,97.16,100.42,99.33,98.79,98.25,98.25,97.70,97.70,97.16,96.62,96.62,96.07,97.70,97.16,96.62,96.62,96.62,96.07,95.53,95.53,95.53,95.53,95.53"
Rec-G3_std_1,16,8,2568,core,324,317,0.0,5.0,0.9731,326,318,336,321,1.0,True,99.59,112.8996,95.5318,3.4916,98.7882,"112.90,109.64,106.39,103.67,102.04,100.96,99.87,99.33,99.33,99.33,98.79,105.30,103.67,102.04,100.96,99.87,99.33,98.79,98.79,98.25,98.25,98.25,100.42,99.87,98.79,98.79,98.25,98.25,98.25,97.70,97.70,97.16,97.16,97.70,97.70,97.16,97.16,97.16,96.62,96.62,96.07,96.07,96.07,95.53"
Rec-G3_std_1,16,9,2569,core,328,317,0.0,4.0,0.9709,330,318,340,321,1.0,True,100.8852,116.6988,97.16,3.9319,99.8737,"116.70,111.81,108.56,105.84,103.67,102.04,102.04,100.96,100.96,100.96,100.42,106.39,105.30,103.13,102.04,101.50,100.42,100.42,99.87,99.87,99.87,99.33,101.50,100.96,99.87,99.33,99.33,98.79,98.79,98.79,98.25,98.25,98.25,98.25,98.25,98.25,98.25,97.70,97.70,97.70,97.16,97.16,97.16,97.16"
Rec-G3_std_1,16,10,2570,core,333,317,0.0,5.0,0.9711,335,318,345,321,1.0,True,101.872,115.6133,98.2455,3.6386,101.502,"115.61,111.81,109.10,106.39,105.30,103.67,103.13,103.13,102.04,102.04,102.04,106.93,105.30,103.67,103.13,102.04,102.04,101.50,101.50,101.50,101.50,101.50,102.04,101.50,100.96,100.42,100.42,100.42,99.87,99.87,99.87,99.87,99.87,98.79,98.79,98.79,98.25,98.25,98.25,98.25,98.25,98.25,98.25,98.25"
Rec-G3_std_1,16,11,2571,core,338,317,0.0,5.0,0.971,340,318,350,321,1.0,True,102.7971,115.0706,98.2455,3.4853,102.0447,"115.07,111.81,109.64,107.47,105.84,105.30,104.22,104.22,103.67,103.13,103.13,107.47,105.84,105.30,104.22,103.67,103.13,103.13,103.13,103.13,102.04,102.04,102.04,102.04,102.04,102.04,101.50,101.50,101.50,100.96,100.96,100.42,99.87,99.87,99.87,99.87,99.33,99.33,99.33,99.33,99.33,98.79,98.25,98.25"
Rec-G3_std_1,16,12,2572,core,343,316,11.31,5.1,0.9733,345,317,355,320,1.0,True,106.2756,129.7247,98.2455,5.9876,104.7584,"129.72,122.67,117.78,112.90,110.73,108.56,108.01,106.93,105.84,105.30,104.22,115.61,112.90,110.19,108.01,106.93,105.84,105.30,105.30,104.22,103.13,102.04,108.56,106.93,105.84,105.30,104.22,103.67,103.13,103.13,102.04,102.04,100.96,103.67,103.13,103.13,103.13,102.04,102.04,101.50,100.96,100.42,99.87,98.25"
Rec-G3_std_1,16,13,2573,core,348,316,0.0,5.0,0.9741,350,317,360,320,1.0,True,104.154,127.5537,92.2753,6.9987,103.1302,"127.55,121.58,116.70,112.90,109.64,107.47,105.84,104.22,102.04,100.42,97.70,115.07,111.81,110.19,108.01,106.39,105.30,103.67,102.04,100.42,98.25,96.62,108.56,106.93,105.84,105.30,103.67,103.13,101.50,99.87,98.25,96.62,94.99,103.67,103.13,103.13,102.04,101.50,100.42,99.33,98.25,96.07,94.45,92.28"
Rec-G3_std_1,16,14,2574,core,353,316,0.0,5.0,0.9738,355,317,365,320,0.7273,False,94.1256,122.669,74.3647,12.5981,96.3459,"122.67,117.24,111.81,106.93,103.13,99.87,96.62,90.10,80.88,76.54,74.36,111.81,109.10,105.84,103.13,100.96,98.25,95.53,89.56,80.88,76.54,74.36,105.84,103.67,102.04,100.42,98.25,96.07,93.36,87.93,80.33,76.54,74.36,102.04,100.42,99.33,97.70,95.53,94.45,91.19,85.76,79.79,75.99,74.36"
Rec-G3_std_1,16,15,2575,core,357,316,0.0,4.0,0.9758,359,317,369,320,0.3636,False,85.2073,123.2118,73.2792,13.4479,78.1639,"123.21,115.07,107.47,96.62,85.22,79.79,76.54,74.91,73.82,73.82,73.28,110.19,105.84,100.96,93.36,83.59,78.71,75.99,74.91,73.82,73.82,73.28,103.13,99.87,96.07,90.10,81.96,77.62,75.99,74.36,73.82,73.82,73.28,98.25,95.53,93.36,87.93,80.88,77.62,75.99,74.36,73.82,73.82,73.28"
Rec-G3_std_1,16,16,2576,core,361,316,0.0,4.0,0.9809,363,317,373,320,0.0,False,77.0168,98.2455,72.7365,5.3707,74.9074,"98.25,89.56,83.59,79.79,77.08,75.99,74.91,73.82,73.82,73.28,72.74,90.10,83.59,79.79,77.08,75.99,74.91,74.36,73.82,73.82,73.28,72.74,85.22,80.33,77.62,75.99,75.45,74.91,74.36,73.82,73.82,73.28,72.74,82.51,78.71,76.54,75.45,74.91,74.36,73.82,73.82,73.28,72.74,72.74"
Rec-G3_std_1,17,1,2700,core,293,318,-26.57,2.24,0.9776,295,319,305,322,1.0,True,97.8384,106.9294,91.1898,3.348,97.7027,"106.93,105.84,104.22,103.13,102.04,101.50,101.50,100.96,100.42,99.87,99.33,98.25,98.79,98.79,98.79,98.79,98.79,98.79,98.79,98.25,98.25,98.25,94.45,95.53,95.53,96.07,96.62,97.16,97.16,97.16,97.16,96.62,96.07,91.19,92.28,93.36,94.45,94.45,94.99,94.99,94.99,94.99,94.99,94.45"
Rec-G3_std_1,17,2,2701,core,298,317,11.31,5.1,0.9773,300,318,310,321,1.0,True,101.8474,123.7545,95.5318,5.6179,100.1451,"123.75,117.24,112.90,109.10,105.84,103.67,102.04,102.04,100.96,99.87,99.33,110.73,108.56,105.84,103.67,103.13,102.04,100.96,100.42,99.87,98.79,98.25,103.13,102.04,101.50,100.96,100.42,99.87,99.33,98.79,98.25,98.25,97.16,98.79,98.79,98.25,98.25,98.25,97.70,97.70,97.16,96.07,96.07,95.53"
Rec-G3_std_1,17,3,2702,core,303,317,0.0,5.0,0.9775,305,318,315,321,1.0,True,101.1442,121.0408,94.989,5.2301,99.331,"121.04,115.61,111.27,106.93,104.22,103.13,102.04,100.42,99.33,98.79,98.25,110.19,107.47,105.30,103.13,102.04,100.96,100.42,99.87,98.79,98.25,97.70,103.13,102.04,101.50,100.42,99.87,99.33,98.79,98.25,98.25,97.16,96.62,99.33,99.33,98.25,98.25,98.25,97.16,96.62,96.62,95.53,95.53,94.99"
Rec-G3_std_1,17,4,2703,core,308,317,0.0,5.0,0.9762,310,318,320,321,1.0,True,100.1574,117.7843,94.989,4.6321,98.5169,"117.78,112.90,109.10,105.30,103.13,101.50,100.42,99.33,98.79,98.25,97.70,108.01,105.84,103.67,102.04,100.96,99.87,99.33,98.25,98.25,97.70,97.16,102.04,101.50,100.96,99.87,99.33,98.25,98.25,97.70,97.16,96.62,96.07,98.79,98.25,98.25,97.70,97.16,96.62,96.07,95.53,95.53,94.99,94.99"
Rec-G3_std_1,17,5,2704,core,312,317,0.0,4.0,0.9751,314,318,324,321,1.0,True,100.3425,121.0408,94.989,5.1782,98.5169,"121.04,113.99,110.73,106.39,103.67,102.04,100.42,99.33,98.79,98.25,97.70,108.56,106.39,104.22,102.04,100.96,99.87,98.79,98.25,98.25,97.70,96.62,103.13,102.04,100.42,99.33,98.79,98.25,98.25,97.70,96.62,96.62,96.07,98.79,98.25,98.25,97.16,97.16,96.62,96.07,95.53,95.53,95.53,94.99"
Rec-G3_std_1,17,6,2705,core,317,317,0.0,5.0,0.9762,319,318,329,321,1.0,True,99.7257,117.7843,95.5318,4.4627,98.2455,"117.78,111.81,108.01,105.30,102.04,100.96,99.87,99.33,98.25,98.25,98.25,106.93,105.30,103.13,100.96,99.87,99.33,98.25,98.25,98.25,97.70,97.16,102.04,100.42,99.33,98.79,98.25,98.25,97.70,97.16,96.62,96.62,96.07,98.25,97.70,97.16,97.16,96.62,96.62,96.07,95.53,95.53,95.53,95.53"
Rec-G3_std_1,17,7,2706,core,322,317,0.0,5.0,0.9754,324,318,334,321,1.0,True,99.7997,115.0706,96.0745,3.7861,98.7882,"115.07,110.73,106.93,104.22,102.04,100.96,100.42,99.87,99.33,98.79,98.79,105.84,103.67,102.04,100.96,99.87,99.33,99.33,98.79,98.25,98.25,98.25,100.96,99.87,99.33,98.79,98.25,98.25,98.25,98.25,97.70,97.70,97.70,98.25,97.70,97.16,97.16,96.62,96.62,96.62,96.07,96.07,96.07,96.07"
Rec-G3_std_1,17,8,2707,core,327,317,0.0,5.0,0.9748,329,318,339,321,1.0,True,100.4905,113.9851,97.16,3.3329,99.8737,"113.99,109.64,106.93,104.22,103.13,102.04,101.50,100.96,100.42,100.42,99.87,105.30,103.67,102.04,101.50,100.96,100.42,100.42,99.87,99.87,99.87,99.33,100.96,100.42,99.87,99.33,99.33,98.79,98.79,98.25,98.25,98.25,98.25,98.25,98.25,98.25,98.25,97.70,97.70,97.70,97.16,97.16,97.16,97.16"
Rec-G3_std_1,17,9,2708,core,332,317,0.0,5.0,0.9724,334,318,344,321,1.0,True,101.428,112.8996,98.2455,3.0737,100.9592,"112.90,109.64,107.47,105.30,103.67,103.13,102.04,102.04,102.04,101.50,100.96,106.39,104.22,103.13,102.04,102.04,102.04,101.50,100.96,100.96,100.96,100.42,102.04,101.50,100.96,100.96,100.42,100.42,99.87,99.87,99.87,99.33,99.33,98.79,98.79,98.79,98.79,98.25,98.25,98.25,98.25,98.25,98.25,98.25"
Rec-G3_std_1,17,10,2709,core,336,317,0.0,4.0,0.9712,338,318,348,321,1.0,True,102.8095,117.2416,98.2455,3.7803,102.0447,"117.24,112.90,110.19,107.47,105.30,104.22,103.67,103.13,103.13,103.13,102.04,108.56,106.93,105.30,104.22,103.13,103.13,103.13,102.04,102.04,102.04,102.04,103.13,103.13,102.04,102.04,101.50,101.50,101.50,100.96,100.42,100.42,100.42,99.87,99.87,99.87,99.87,99.33,99.33,99.33,98.79,98.79,98.25,98.25"
Rec-G3_std_1,17,11,2710,core,341,316,11.31,5.1,0.9722,343,317,353,320,1.0,True,106.0536,132.4384,99.8737,6.1352,103.9443,"132.44,123.21,117.24,112.90,109.64,107.47,106.39,105.30,105.30,104.22,103.67,115.61,111.81,109.64,107.47,105.84,105.30,104.22,103.67,103.13,103.13,103.13,108.56,106.93,105.30,104.22,104.22,103.67,103.13,103.13,102.04,102.04,102.04,103.67,103.13,103.13,102.04,102.04,102.04,101.50,101.50,100.96,100.42,99.87"
Rec-G3_std_1,17,12,2711,core,346,316,0.0,5.0,0.9744,348,317,358,320,1.0,True,105.3628,129.7247,96.0745,6.3939,103.6729,"129.72,122.13,117.24,112.90,110.19,108.01,106.39,105.30,104.22,103.13,100.96,115.61,111.81,110.19,108.01,106.39,105.30,104.22,103.13,102.04,101.50,99.87,108.56,107.47,105.84,105.30,104.22,103.67,103.13,102.04,100.96,99.33,98.25,103.67,103.13,103.13,102.04,102.04,101.50,100.96,99.87,98.79,97.70,96.07"
Rec-G3_std_1,17,13,2712,core,351,316,0.0,5.0,0.9755,353,317,363,320,0.9091,False,99.8614,125.9255,79.7922,10.0381,100.4165,"125.93,119.41,113.99,110.73,106.93,104.22,102.04,99.33,96.62,89.56,80.33,113.99,111.81,108.56,106.39,103.67,102.04,100.42,98.25,95.53,89.02,80.33,108.01,106.39,105.30,103.13,102.04,99.87,98.25,96.62,94.45,87.93,79.79,103.67,102.04,102.04,100.42,99.33,97.70,96.07,94.45,91.73,85.76,79.79"
Rec-G3_std_1,17,14,2713,core,356,316,0.0,5.0,0.9762,358,317,368,320,0.4545,False,87.0452,120.498,72.7365,13.5637,81.9631,"120.50,113.99,107.47,102.04,93.36,83.05,77.62,75.45,73.82,73.82,72.74,110.19,106.39,102.04,98.25,91.19,82.51,77.62,75.45,73.82,73.28,72.74,103.67,101.50,98.79,95.53,89.56,81.42,77.62,75.45,73.82,73.82,73.28,99.33,97.70,95.53,93.36,87.93,80.88,77.08,75.45,73.82,73.82,73.28"
Rec-G3_std_1,17,15,2714,core,360,316,0.0,4.0,0.9792,362,317,372,320,0.0909,False,78.571,110.7286,72.7365,8.0777,74.9074,"110.73,94.99,86.31,80.88,77.62,75.99,74.91,73.82,73.82,73.28,72.74,99.33,88.48,81.96,78.16,75.99,74.91,74.36,73.82,73.82,73.28,72.74,93.36,84.13,79.79,77.08,75.99,74.91,74.36,73.82,73.82,73.28,72.74,89.02,81.96,78.16,75.99,75.45,74.36,73.82,73.82,73.28,73.28,72.74"
Rec-G3_std_1,18,1,2836,core,292,318,-90.0,1.0,0.9786,294,319,304,322,1.0,True,97.5794,104.2157,89.5616,3.293,97.7027,"104.22,103.67,102.04,101.50,101.50,101.50,101.50,101.50,101.50,100.42,100.42,96.62,97.70,98.25,98.25,98.79,99.33,99.33,99.33,99.33,98.79,98.79,92.28,93.36,94.99,95.53,96.07,96.62,97.16,97.70,97.70,97.16,97.16,89.56,91.19,92.28,93.36,94.45,94.99,95.53,95.53,95.53,95.53,95.53"
Rec-G3_std_1,18,2,2837,core,301,317,6.34,9.06,0.9768,303,318,313,321,1.0,True,102.5998,124.84,95.5318,5.799,100.6878,"124.84,117.78,113.99,110.19,106.93,104.22,103.13,102.04,100.96,99.87,98.79,111.81,109.64,107.47,105.30,103.67,102.04,101.50,100.96,99.87,99.33,98.25,105.30,103.67,103.13,102.04,101.50,100.42,99.87,99.33,98.79,98.25,97.70,100.42,99.87,99.87,99.33,98.79,98.25,98.25,97.70,97.16,96.62,95.53"
Rec-G3_std_1,18,3,2838,core,306,317,0.0,5.0,0.9778,308,318,318,321,1.0,True,101.1936,121.5835,94.989,5.466,99.6023,"121.58,116.16,111.81,107.47,104.22,102.04,101.50,99.87,98.79,98.25,97.70,110.73,108.01,105.84,103.67,102.04,100.96,99.87,98.79,98.25,97.70,97.16,104.22,103.13,102.04,100.96,100.42,99.33,98.25,98.25,97.70,96.62,96.07,100.42,99.87,98.79,98.79,98.25,97.70,96.62,96.62,95.53,95.53,94.99"
Rec-G3_std_1,18,4,2839,core,311,317,0.0,5.0,0.9767,313,318,323,321,1.0,True,99.7874,117.7843,94.4463,4.7793,98.2455,"117.78,112.90,108.56,105.30,102.04,100.96,99.87,98.79,98.25,97.16,96.62,108.56,105.84,103.13,102.04,100.42,99.33,98.25,98.25,97.16,96.62,96.07,103.13,101.50,100.42,99.33,98.79,98.25,97.70,97.16,96.62,95.53,95.53,98.79,98.25,98.25,97.70,97.16,96.62,96.07,95.53,94.99,94.99,94.45"
Rec-G3_std_1,18,5,2840,core,316,317,0.0,5.0,0.9742,318,318,328,321,1.0,True,98.8622,113.9851,94.4463,4.0078,97.7027,"113.99,110.19,106.39,103.13,100.96,99.87,98.79,98.25,97.70,97.16,97.16,106.39,103.67,102.04,99.87,98.79,98.25,98.25,97.70,97.16,96.62,96.62,101.50,99.87,99.33,98.25,97.70,97.70,97.16,96.07,96.07,95.53,95.53,98.25,97.70,97.16,96.62,96.07,95.53,95.53,94.99,94.99,94.99,94.45"
Rec-G3_std_1,18,6,2841,core,320,317,0.0,4.0,0.9739,322,318,332,321,1.0,True,99.5777,116.6988,95.5318,4.2191,98.2455,"116.70,111.27,108.01,105.30,102.04,100.96,99.87,99.33,98.79,98.25,98.25,105.84,104.22,102.04,100.96,99.87,98.79,98.25,98.25,98.25,98.25,98.25,100.96,99.87,98.79,98.25,98.25,97.70,97.70,97.16,97.16,97.16,97.16,97.70,97.16,97.16,96.62,96.07,96.07,96.07,96.07,95.53,95.53,95.53"
Rec-G3_std_1,18,7,2842,core,325,317,0.0,5.0,0.9744,327,318,337,321,1.0,True,100.4782,115.0706,97.16,3.6687,99.8737,"115.07,110.73,107.47,105.30,103.13,102.04,101.50,100.96,100.96,100.42,100.42,105.84,104.22,102.04,101.50,100.96,100.42,99.87,99.87,99.87,99.87,99.33,100.96,99.87,99.33,99.33,98.79,98.79,98.25,98.25,98.25,98.25,98.25,97.70,97.70,97.70,97.70,97.16,97.16,97.16,97.16,97.16,97.16,97.16"
Rec-G3_std_1,18,8,2843,core,330,317,0.0,5.0,0.9735,332,318,342,321,1.0,True,101.4156,113.9851,98.2455,3.3516,100.9592,"113.99,110.73,108.01,105.30,103.67,103.13,102.04,102.04,102.04,101.50,101.50,106.39,105.30,103.67,102.04,102.04,101.50,101.50,100.96,100.96,100.96,100.96,101.50,100.96,100.96,100.42,100.42,99.87,99.87,99.33,99.33,99.33,99.33,98.25,98.25,98.25,98.25,98.25,98.25,98.25,98.25,98.25,98.25,98.25"
Rec-G3_std_1,18,9,2844,core,335,317,0.0,5.0,0.9719,337,318,347,321,1.0,True,102.3407,113.9851,98.7882,3.1402,102.0447,"113.99,110.73,108.56,105.84,105.30,103.67,103.13,103.13,103.13,103.13,102.04,106.93,105.30,104.22,103.13,103.13,103.13,102.04,102.04,102.04,102.04,102.04,102.04,102.04,101.50,101.50,101.50,100.96,100.96,100.96,100.96,100.42,100.42,99.87,99.33,99.33,99.33,99.33,99.33,99.33,98.79,98.79,98.79,98.79"
Rec-G3_std_1,18,10,2845,core,340,316,11.31,5.1,0.9711,342,317,352,320,1.0,True,105.8809,126.4682,100.9592,4.8412,104.2157,"126.47,119.41,113.99,111.27,108.56,107.47,106.39,105.84,105.30,105.30,104.22,113.99,110.73,108.56,106.93,105.84,105.30,105.30,104.22,104.22,103.67,103.13,107.47,105.84,105.30,105.30,104.22,104.22,103.67,103.67,103.13,103.13,102.04,103.13,103.13,103.13,103.13,102.04,102.04,102.04,102.04,101.50,101.50,100.96"
Rec-G3_std_1,18,11,2846,core,344,316,0.0,4.0,0.972,346,317,356,320,1.0,True,107.2254,135.1522,98.7882,6.7377,105.3012,"135.15,125.38,119.41,115.07,111.81,109.10,108.01,106.93,105.84,105.30,103.67,117.24,113.99,111.81,109.64,108.01,106.93,105.84,105.30,104.22,103.13,102.04,109.64,108.56,107.47,106.39,105.30,105.30,104.22,103.67,103.13,102.04,100.96,105.30,104.22,103.67,103.67,103.13,103.13,102.04,102.04,100.96,100.42,98.79"
Rec-G3_std_1,18,12,2847,core,349,316,0.0,5.0,0.9747,351,317,361,320,1.0,True,104.3267,131.3529,91.1898,7.8843,103.1302,"131.35,123.21,117.78,112.90,110.19,107.47,105.30,103.13,101.50,98.25,95.53,116.70,113.99,111.27,108.56,106.39,105.30,103.13,102.04,99.87,97.70,94.45,109.64,108.56,106.93,105.30,104.22,103.13,101.50,99.87,98.25,96.07,93.36,105.30,104.22,103.67,103.13,102.04,100.42,99.33,97.70,96.07,94.45,91.19"
Rec-G3_std_1,18,13,2848,core,354,316,0.0,5.0,0.9766,356,317,366,320,0.6364,False,92.5343,125.9255,73.2792,14.1201,95.2604,"125.93,117.78,112.90,107.47,103.13,98.25,91.19,81.42,77.08,74.36,73.28,113.99,110.19,106.39,103.13,99.87,96.62,90.10,80.88,77.08,74.36,73.82,106.93,105.30,102.04,100.42,98.25,94.99,88.48,80.88,76.54,74.91,73.82,102.04,100.96,98.79,97.70,95.53,92.28,86.85,80.33,76.54,74.91,73.82"
Rec-G3_std_1,18,14,2849,core,359,316,0.0,5.0,0.9772,361,317,371,320,0.1818,False,80.0389,113.9851,72.1937,10.076,75.1788,"113.99,102.04,88.48,81.42,77.62,75.99,74.36,73.82,73.28,72.74,72.19,105.30,95.53,85.22,79.79,76.54,75.45,74.36,73.82,73.28,72.74,72.19,98.79,91.73,83.05,78.71,75.99,74.91,74.36,73.82,73.28,73.28,72.74,94.99,89.02,81.42,77.62,75.99,74.91,73.82,73.82,73.28,73.28,72.74"
Rec-G3_std_1,19,1,2975,core,291,317,0.0,0.0,0.9775,293,318,303,321,1.0,True,100.0958,118.8698,90.1043,5.2037,99.331,"118.87,113.99,110.73,108.01,105.30,103.13,103.13,102.04,102.04,102.04,101.50,100.96,102.04,102.04,100.96,100.96,100.96,100.96,100.96,100.96,100.42,99.87,94.45,95.53,96.62,97.70,98.25,98.25,98.79,98.79,98.79,98.79,98.25,90.10,92.28,93.36,95.53,95.53,96.07,96.62,97.16,97.16,97.16,97.16"
Rec-G3_std_1,19,2,2976,core,294,318,-18.43,3.16,0.9774,296,319,306,322,1.0,True,98.9363,108.0149,93.3608,3.0819,98.5169,"108.01,106.39,105.30,103.13,102.04,102.04,102.04,100.96,100.42,100.42,99.87,100.42,100.96,100.42,100.42,100.42,99.87,99.87,99.33,99.33,99.33,98.79,96.07,97.16,97.70,97.70,98.25,98.25,98.25,98.25,97.70,97.70,97.16,93.36,94.45,94.99,95.53,95.53,96.07,96.07,96.07,96.07,95.53,95.53"
Rec-G3_std_1,19,3,2977,core,299,317,11.31,5.1,0.976,301,318,311,321,1.0,True,101.9954,121.0408,96.6172,4.8583,100.4165,"121.04,115.61,111.27,107.47,105.30,103.13,102.04,101.50,100.96,99.87,99.33,110.19,107.47,105.30,103.67,103.13,102.04,101.50,100.42,99.87,99.33,98.79,103.67,103.13,102.04,101.50,100.96,100.42,99.87,99.33,98.79,98.25,98.25,99.87,99.33,99.33,99.33,98.79,98.25,98.25,98.25,97.70,96.62,96.62"
Rec-G3_std_1,19,4,2978,core,303,317,0.0,4.0,0.9754,305,318,315,321,1.0,True,102.4024,124.84,96.0745,5.6557,100.4165,"124.84,117.78,112.90,109.64,105.84,103.67,102.04,101.50,100.42,99.87,98.79,111.27,109.10,106.93,104.22,103.13,102.04,100.96,100.42,99.87,98.79,98.25,105.30,103.67,103.13,102.04,100.96,100.42,99.87,99.33,98.79,98.25,97.70,100.96,100.42,99.87,99.87,98.79,98.25,98.25,98.25,97.16,96.07,96.07"
Rec-G3_std_1,19,5,2979,core,308,317,0.0,5.0,0.9767,310,318,320,321,1.0,True,101.3416,121.5835,95.5318,5.2001,99.8737,"121.58,115.61,111.27,107.47,104.22,102.04,101.50,100.42,99.87,98.79,98.25,110.19,107.47,105.30,103.13,102.04,100.96,100.42,99.33,98.79,98.25,98.25,103.67,103.13,102.04,100.96,99.87,99.33,98.79,98.25,98.25,97.70,97.16,100.42,99.87,99.33,98.25,98.25,97.70,97.16,96.62,96.07,95.53,95.53"
Rec-G3_std_1,19,6,2980,core,313,317,0.0,5.0,0.9768,315,318,325,321,1.0,True,100.4041,117.7843,95.5318,4.4763,98.7882,"117.78,112.90,108.56,105.30,103.13,101.50,100.42,99.87,98.79,98.79,98.25,108.01,105.84,103.67,102.04,100.96,100.42,99.33,98.79,98.25,98.25,97.70,103.13,101.50,100.42,99.87,99.33,98.79,98.25,98.25,97.70,97.16,96.62,99.33,98.79,98.25,98.25,97.16,97.16,96.62,96.07,95.53,95.53,95.53"
Rec-G3_std_1,19,7,2981,core,318,316,11.31,5.1,0.9053,320,317,330,320,1.0,True,115.9834,144.3788,99.8737,14.9171,112.3569,"135.15,135.15,136.78,137.87,138.95,139.49,140.04,140.58,141.67,143.29,144.38,117.78,117.78,117.78,117.78,117.78,117.78,117.78,117.78,117.78,117.78,117.78,105.30,105.30,105.30,105.30,105.30,105.84,105.84,105.84,106.39,106.39,106.93,100.42,100.42,99.87,100.42,100.42,100.96,100.96,101.50,101.50,102.04,102.04"
Rec-G3_std_1,19,8,2982,core,323,317,-11.31,5.1,0.9729,325,318,335,321,1.0,True,100.1574,113.9851,96.6172,3.4588,99.331,"113.99,110.19,106.39,103.67,102.04,101.50,100.42,99.87,99.87,99.33,99.33,105.84,104.22,102.04,101.50,100.42,99.87,99.87,99.33,98.79,98.79,98.79,101.50,100.42,99.87,99.33,98.79,98.79,98.25,98.25,98.25,98.25,98.25,98.25,98.25,98.25,97.70,97.70,97.16,97.16,96.62,96.62,96.62,96.62"
Rec-G3_std_1,19,9,2983,core,327,317,0.0,4.0,0.972,329,318,339,321,1.0,True,101.3663,116.6988,97.7027,3.8415,100.4165,"116.70,111.81,109.10,105.84,103.67,102.04,102.04,101.50,100.96,100.96,100.96,107.47,105.30,103.67,103.13,102.04,101.50,100.96,100.42,100.42,100.42,100.42,102.04,101.50,100.96,100.42,99.87,99.87,99.33,99.33,98.79,98.79,98.79,98.79,98.25,98.25,98.25,98.25,98.25,98.25,97.70,97.70,97.70,97.70"
Rec-G3_std_1,19,10,2984,core,332,317,0.0,5.0,0.972,334,318,344,321,1.0,True,102.2667,115.0706,98.7882,3.392,102.0447,"115.07,111.81,109.10,106.39,104.22,103.67,103.13,103.13,103.13,102.04,102.04,106.93,105.84,104.22,103.13,103.13,102.04,102.04,102.04,102.04,102.04,102.04,102.04,102.04,101.50,101.50,100.96,100.96,100.96,100.42,100.42,100.42,100.42,99.33,99.33,99.33,99.33,98.79,98.79,98.79,98.79,98.79,98.79,98.79"
Rec-G3_std_1,19,11,2985,core,337,317,0.0,5.0,0.9719,339,318,349,321,1.0,True,103.6483,115.0706,99.8737,3.1519,103.1302,"115.07,111.81,109.64,107.47,105.84,105.30,105.30,105.30,105.30,104.22,104.22,108.01,106.39,105.30,105.30,104.22,104.22,103.67,103.67,103.67,103.67,103.13,103.13,103.13,103.13,102.04,102.04,102.04,102.04,102.04,102.04,102.04,102.04,100.42,100.42,100.42,100.42,100.42,100.42,100.42,100.42,100.42,100.42,99.87"
Rec-G3_std_1,19,12,2986,core,342,316,11.31,5.1,0.9733,344,317,354,320,1.0,True,107.2748,128.6392,100.9592,5.2393,105.8439,"128.64,122.13,116.70,112.90,110.73,109.10,108.01,107.47,106.39,105.84,105.30,115.61,112.90,110.19,108.56,107.47,106.93,106.39,105.84,105.30,105.30,104.22,109.10,108.01,106.93,106.39,105.84,105.30,105.30,105.30,104.22,103.67,103.13,105.30,104.22,103.67,103.67,103.67,103.13,103.13,103.13,102.04,102.04,100.96"
Rec-G3_std_1,19,13,2987,core,347,316,0.0,5.0,0.9742,349,317,359,320,1.0,True,105.9549,127.011,95.5318,6.03,105.3012,"127.01,121.04,116.70,112.90,110.19,108.56,106.93,105.84,104.22,103.13,100.96,115.61,112.90,110.73,109.10,107.47,106.39,105.30,104.22,103.13,101.50,99.33,109.64,108.56,107.47,106.39,105.84,105.30,103.67,103.13,101.50,99.87,98.25,105.30,105.30,104.22,103.67,103.13,103.13,102.04,100.42,98.79,97.70,95.53"
Rec-G3_std_1,19,14,2988,core,351,316,0.0,4.0,0.9733,353,317,363,320,0.9091,False,101.5636,132.4384,79.7922,11.0409,102.0447,"132.44,123.75,117.78,112.90,109.64,106.39,103.67,100.96,97.70,90.65,80.88,117.24,113.99,111.27,108.01,105.84,103.67,102.04,99.33,96.62,89.56,80.88,110.19,108.56,106.39,105.30,103.13,102.04,99.87,97.70,94.45,88.48,80.33,105.30,104.22,103.13,102.04,100.96,99.33,97.70,95.53,92.28,86.85,79.79"
Rec-G3_std_1,19,15,2989,core,356,316,0.0,5.0,0.9763,358,317,368,320,0.4545,False,87.884,124.84,72.7365,14.6559,82.2345,"124.84,117.24,110.73,103.67,94.99,83.59,78.16,75.45,73.82,73.28,72.74,112.90,108.56,104.22,99.87,92.28,83.05,77.62,75.45,73.82,73.28,72.74,105.30,103.13,100.42,97.16,90.10,81.42,77.62,75.45,73.82,73.82,72.74,100.96,99.33,97.16,94.45,87.93,80.88,77.08,75.45,73.82,73.82,72.74"
Rec-G3_std_1,19,16,2990,core,360,316,0.0,4.0,0.9777,362,317,372,320,0.0909,False,78.7807,113.9851,71.651,8.8266,74.9074,"113.99,96.07,87.93,81.96,77.62,75.99,74.36,73.82,73.28,72.74,71.65,101.50,89.56,83.05,78.71,76.54,74.91,74.36,73.82,73.28,72.74,72.19,94.45,84.68,79.79,77.08,75.45,74.91,73.82,73.82,73.28,72.74,72.74,90.10,82.51,78.71,76.54,75.45,74.36,73.82,73.82,73.28,72.74,72.19"
Rec-G3_std_1,20,1,3110,core,293,318,-26.57,2.24,0.9777,295,319,305,322,1.0,True,97.9618,105.8439,91.7325,3.0296,97.7027,"105.84,105.30,103.13,102.04,102.04,101.50,101.50,100.96,100.42,99.87,99.33,98.25,98.79,98.79,98.79,99.33,99.33,99.33,98.79,98.25,98.25,98.25,94.45,95.53,96.07,96.62,96.62,97.16,97.16,97.16,97.16,97.16,96.62,91.73,92.28,94.45,94.45,94.99,95.53,95.53,95.53,95.53,95.53,94.99"
Rec-G3_std_1,20,2,3111,core,298,317,11.31,5.1,0.9753,300,318,310,321,1.0,True,101.6253,120.498,96.0745,4.8197,100.4165,"120.50,115.07,110.73,107.47,105.30,103.13,102.04,101.50,100.42,99.87,99.33,109.64,106.93,105.30,103.13,102.04,101.50,100.96,100.42,99.33,99.33,98.25,103.13,102.04,101.50,100.96,100.42,100.42,99.87,99.33,98.25,98.25,97.70,98.79,98.79,98.79,98.79,98.25,98.25,98.25,97.70,97.16,96.62,96.07"
Rec-G3_std_1,20,3,3112,core,302,317,0.0,4.0,0.9751,304,318,314,321,1.0,True,102.2421,124.84,95.5318,5.6983,100.4165,"124.84,117.78,112.90,109.64,105.84,103.67,102.04,101.50,100.42,99.33,98.79,111.27,109.10,106.39,104.22,103.13,102.04,100.96,99.87,99.33,98.79,98.25,104.22,103.13,103.13,102.04,100.96,100.42,99.87,98.79,98.25,98.25,97.70,100.42,100.42,99.87,99.33,98.79,98.25,98.25,97.70,97.16,96.07,95.53"
Rec-G3_std_1,20,4,3113,core,307,317,0.0,5.0,0.9763,309,318,319,321,1.0,True,100.9716,121.0408,95.5318,5.0841,99.331,"121.04,115.07,110.73,106.93,103.67,102.04,100.96,99.87,98.79,98.25,98.25,109.64,106.93,104.22,103.13,101.50,100.96,99.33,99.33,98.25,98.25,97.70,103.67,102.04,100.96,100.42,99.87,99.33,98.25,98.25,97.70,97.70,97.16,99.87,99.33,98.79,98.25,98.25,97.70,96.62,96.62,96.07,95.53,95.53"
Rec-G3_std_1,20,5,3114,core,312,317,0.0,5.0,0.9765,314,318,324,321,1.0,True,100.1698,117.7843,95.5318,4.4297,98.5169,"117.78,111.81,108.56,105.30,102.04,101.50,99.87,99.33,98.25,98.25,98.25,108.01,105.30,103.13,102.04,100.96,99.87,99.33,98.25,98.25,97.70,97.70,103.13,101.50,100.42,99.87,98.79,98.79,98.25,97.70,97.16,97.16,96.62,98.79,98.25,98.25,97.70,97.16,97.16,96.62,96.07,95.53,95.53,95.53"
Rec-G3_std_1,20,6,3115,core,317,317,0.0,5.0,0.975,319,318,329,321,1.0,True,99.8984,115.0706,95.5318,3.8202,98.7882,"115.07,110.73,106.93,103.67,102.04,100.96,100.42,99.87,98.79,98.79,98.25,106.39,104.22,102.04,100.96,100.42,99.33,99.33,98.79,98.25,98.25,98.25,102.04,100.96,99.87,99.33,98.79,98.25,98.25,98.25,97.70,97.16,97.16,98.25,98.25,97.70,97.70,97.16,96.62,96.62,96.62,96.07,95.53,95.53"
Rec-G3_std_1,20,7,3116,core,322,317,0.0,5.0,0.9726,324,318,334,321,1.0,True,100.2931,113.9851,96.6172,3.3514,99.331,"113.99,109.64,106.39,103.67,102.04,101.50,100.96,100.42,99.87,99.33,99.33,105.84,103.67,102.04,101.50,100.96,100.42,99.87,99.87,99.33,98.79,98.79,101.50,100.42,99.87,99.87,99.33,98.79,98.79,98.25,98.25,98.25,98.25,98.25,98.25,98.25,98.25,97.70,97.70,97.16,97.16,97.16,96.62,96.62"
Rec-G3_std_1,20,8,3117,core,326,317,0.0,4.0,0.972,328,318,338,321,1.0,True,101.687,117.2416,97.7027,3.9086,100.9592,"117.24,112.90,109.10,106.39,104.22,103.13,102.04,102.04,101.50,100.96,100.96,107.47,105.84,104.22,103.13,102.04,101.50,101.50,100.96,100.96,100.42,100.42,102.04,102.04,100.96,100.42,100.42,99.87,99.87,99.33,99.33,99.33,99.33,99.33,98.79,98.79,98.25,98.25,98.25,98.25,98.25,98.25,98.25,97.70"
Rec-G3_std_1,20,9,3118,core,331,317,0.0,5.0,0.9718,333,318,343,321,1.0,True,102.3901,116.1561,98.7882,3.4889,102.0447,"116.16,111.81,109.10,106.39,105.30,103.67,103.13,103.13,102.04,102.04,102.04,107.47,105.84,104.22,103.13,103.13,102.04,102.04,102.04,102.04,102.04,102.04,103.13,102.04,102.04,101.50,101.50,100.96,100.96,100.96,100.42,100.42,100.42,99.87,99.33,99.33,99.33,99.33,98.79,98.79,98.79,98.79,98.79,98.79"
Rec-G3_std_1,20,10,3119,core,336,317,0.0,5.0,0.9714,338,318,348,321,1.0,True,103.4015,115.0706,99.8737,3.08,103.1302,"115.07,111.81,109.10,106.93,105.84,105.30,104.22,103.67,103.67,103.67,103.13,108.01,106.39,105.30,104.22,104.22,103.67,103.67,103.13,103.13,103.13,103.13,103.13,103.13,103.13,102.04,102.04,102.04,102.04,102.04,102.04,102.04,101.50,100.42,100.96,100.96,100.42,100.42,100.42,100.42,100.42,99.87,99.87,99.87"
Rec-G3_std_1,20,11,3120,core,341,316,11.31,5.1,0.9731,343,317,353,320,1.0,True,106.7444,128.0965,101.502,5.0689,105.3012,"128.10,121.04,116.16,111.81,109.64,108.01,106.93,106.39,105.84,105.30,105.30,115.07,111.81,109.64,108.01,106.93,105.84,105.30,105.30,105.30,104.22,103.67,108.56,107.47,106.39,105.84,105.30,105.30,104.22,104.22,103.67,103.13,103.13,104.22,104.22,103.67,103.67,103.13,103.13,103.13,103.13,102.04,102.04,101.50"
Rec-G3_std_1,20,12,3121,core,346,316,0.0,5.0,0.9736,348,317,358,320,1.0,True,106.2386,126.4682,97.16,5.5245,105.3012,"126.47,120.50,116.16,111.81,110.19,108.56,107.47,106.39,105.30,103.67,102.04,115.61,111.81,110.19,108.56,107.47,106.39,105.84,105.30,103.67,102.04,100.96,109.64,108.01,106.93,106.39,105.30,105.30,104.22,103.13,102.04,100.96,99.33,105.30,105.30,105.30,104.22,103.67,103.13,102.04,101.50,100.42,98.79,97.16"
Rec-G3_std_1,20,13,3122,core,350,316,0.0,4.0,0.9738,352,317,362,320,1.0,True,103.673,132.4384,85.7624,9.2092,103.1302,"132.44,123.75,118.87,113.99,110.73,107.47,105.30,102.04,99.33,96.07,89.56,117.24,113.99,111.81,109.10,106.93,105.30,103.13,100.96,98.25,95.53,89.56,110.73,109.10,107.47,105.84,104.22,103.13,101.50,98.79,97.16,94.45,87.93,105.84,105.30,104.22,103.13,102.04,100.42,98.79,97.16,94.99,92.28,85.76"
Rec-G3_std_1,20,14,3123,core,355,316,0.0,5.0,0.9761,357,317,367,320,0.5455,False,90.314,126.4682,72.7365,14.8557,90.3757,"126.47,117.78,111.81,106.39,100.96,92.28,82.51,77.08,74.91,73.28,72.74,113.99,110.19,105.84,102.04,98.25,91.19,81.96,77.08,74.91,73.82,72.74,106.93,104.22,102.04,99.33,96.07,89.56,80.88,77.08,74.91,73.82,72.74,102.04,100.42,98.25,96.62,94.45,87.93,80.33,76.54,74.91,73.82,72.74"
Rec-G3_std_1,20,15,3124,core,360,316,0.0,5.0,0.9787,362,317,372,320,0.0909,False,77.7692,108.5576,71.651,7.9324,74.0933,"108.56,92.28,84.13,79.79,75.99,74.91,73.82,73.28,72.74,72.19,71.65,98.79,87.39,80.88,77.62,75.45,74.36,73.82,73.28,72.74,72.19,71.65,93.36,84.13,78.71,76.54,74.91,73.82,73.82,73.28,72.74,72.19,72.19,89.56,81.96,77.62,75.99,74.91,73.82,73.82,73.28,72.74,72.74,72.19"
Rec-G3_std_1,21,1,3244,core,292,318,-45.0,1.41,0.9769,294,319,304,322,1.0,True,98.1345,105.3012,90.6471,3.2494,97.9741,"105.30,104.22,103.13,102.04,102.04,102.04,102.04,102.04,101.50,100.96,100.42,97.70,98.25,98.25,98.79,99.33,99.87,99.87,99.87,99.87,99.33,99.33,93.36,94.45,95.53,96.07,97.16,97.70,97.70,98.25,97.70,97.70,97.70,90.65,91.73,93.36,94.45,94.99,95.53,95.53,95.53,95.53,95.53,95.53"
Rec-G3_std_1,21,2,3245,core,297,317,11.31,5.1,0.9754,299,318,309,321,1.0,True,102.6491,122.669,97.16,5.1009,101.2306,"122.67,116.70,112.90,108.56,105.84,104.22,103.13,102.04,101.50,100.96,100.42,110.73,108.56,106.39,105.30,103.13,103.13,102.04,101.50,100.96,100.42,99.87,103.67,103.13,102.04,102.04,101.50,100.96,100.96,100.42,99.33,98.79,98.79,98.79,99.33,99.33,99.33,98.79,98.79,98.25,98.25,98.25,97.70,97.16"
Rec-G3_std_1,21,3,3246,core,302,317,0.0,5.0,0.9742,304,318,314,321,1.0,True,101.9954,119.4126,96.0745,4.7679,100.4165,"119.41,115.07,111.27,107.47,105.30,103.13,102.04,101.50,100.42,99.87,98.79,110.73,108.01,105.84,103.67,103.13,102.04,101.50,100.42,99.87,99.33,98.25,104.22,103.13,102.04,102.04,100.96,100.42,99.87,99.33,98.79,98.25,97.70,100.96,100.42,99.87,99.33,99.33,98.25,98.25,97.70,97.16,96.62,96.07"
Rec-G3_std_1,21,4,3247,core,306,317,0.0,4.0,0.976,308,318,318,321,1.0,True,102.0324,123.2118,96.0745,5.4318,100.1451,"123.21,116.70,111.81,108.56,105.30,103.13,102.04,100.96,99.87,98.79,98.79,111.27,109.10,106.39,104.22,103.13,102.04,100.96,99.87,99.33,98.79,98.25,105.30,103.13,102.04,101.50,100.96,99.87,99.33,98.79,98.25,97.70,97.70,100.96,100.42,99.87,99.33,98.79,98.25,97.70,97.16,97.16,96.62,96.07"
Rec-G3_std_1,21,5,3248,core,311,317,0.0,5.0,0.9764,313,318,323,321,1.0,True,100.9346,119.4126,95.5318,4.7597,99.331,"119.41,113.99,110.19,106.39,103.13,102.04,100.96,99.87,98.79,98.25,98.25,109.10,106.93,104.22,103.13,101.50,100.42,99.87,99.33,98.25,98.25,98.25,103.67,102.04,101.50,100.42,99.87,99.33,98.79,98.25,98.25,97.16,97.16,99.87,99.33,98.79,98.25,98.25,97.70,97.70,96.62,96.07,96.07,95.53"
Rec-G3_std_1,21,6,3249,core,316,317,0.0,5.0,0.9755,318,318,328,321,1.0,True,100.5028,116.1561,96.0745,4.0581,98.7882,"116.16,111.81,108.01,105.30,103.13,101.50,100.42,99.87,99.33,98.79,98.25,108.01,105.30,103.13,102.04,100.96,100.42,99.87,99.33,98.79,98.25,98.25,102.04,102.04,100.96,99.87,98.79,98.79,98.25,98.25,98.25,97.70,97.70,98.79,98.79,98.25,98.25,97.70,97.70,97.16,97.16,96.62,96.07,96.07"
Rec-G3_std_1,21,7,3250,core,316,317,0.0,0.0,0.9755,318,318,328,321,1.0,True,100.5028,116.1561,96.0745,4.0581,98.7882,"116.16,111.81,108.01,105.30,103.13,101.50,100.42,99.87,99.33,98.79,98.25,108.01,105.30,103.13,102.04,100.96,100.42,99.87,99.33,98.79,98.25,98.25,102.04,102.04,100.96,99.87,98.79,98.79,98.25,98.25,98.25,97.70,97.70,98.79,98.79,98.25,98.25,97.70,97.70,97.16,97.16,96.62,96.07,96.07"
Rec-G3_std_1,21,8,3251,core,325,317,0.0,9.0,0.9713,327,318,337,321,1.0,True,102.057,117.7843,98.2455,3.9317,101.2306,"117.78,112.90,109.64,106.93,105.30,103.13,102.04,102.04,102.04,101.50,101.50,108.01,106.39,104.22,103.13,102.04,102.04,101.50,101.50,100.96,100.96,100.96,103.13,102.04,101.50,100.96,100.96,100.42,99.87,99.87,99.87,99.87,99.87,99.33,99.33,99.33,98.79,98.79,98.79,98.25,98.25,98.25,98.25,98.25"
Rec-G3_std_1,21,9,3252,core,330,317,0.0,5.0,0.9714,332,318,342,321,1.0,True,103.0808,116.6988,99.331,3.4941,102.0447,"116.70,112.90,110.19,107.47,105.30,104.22,103.67,103.67,103.13,103.13,103.13,108.01,106.93,105.30,103.67,103.13,103.13,103.13,103.13,102.04,102.04,102.04,103.13,103.13,102.04,102.04,101.50,101.50,101.50,101.50,101.50,100.96,100.96,100.42,100.42,99.87,100.42,99.87,99.87,99.87,99.87,99.87,99.87,99.33"
Rec-G3_std_1,21,10,3253,core,335,317,0.0,5.0,0.9719,337,318,347,321,1.0,True,104.117,116.1561,100.4165,3.199,103.1302,"116.16,112.90,110.19,108.01,106.39,105.84,105.30,105.30,104.22,104.22,103.67,108.56,107.47,105.84,105.30,105.30,105.30,104.22,103.67,103.67,103.13,103.13,104.22,103.13,103.13,103.13,103.13,103.13,103.13,102.04,102.04,102.04,102.04,101.50,101.50,101.50,101.50,101.50,100.96,100.96,100.96,100.96,100.42,100.42"
Rec-G3_std_1,21,11,3254,core,340,316,11.31,5.1,0.9723,342,317,352,320,1.0,True,107.4598,130.8102,102.0447,5.6445,105.3012,"130.81,123.75,117.78,113.99,110.73,109.10,107.47,106.93,105.84,105.30,105.30,116.70,112.90,110.73,109.10,107.47,106.93,105.84,105.30,105.30,104.22,103.67,109.64,108.56,107.47,106.39,105.84,105.30,105.30,104.22,103.67,103.67,103.13,105.30,105.30,104.22,104.22,103.67,103.67,103.13,103.13,103.13,102.04,102.04"
Rec-G3_std_1,21,12,3255,core,345,316,0.0,5.0,0.9736,347,317,357,320,1.0,True,106.658,128.0965,98.2455,5.6481,105.3012,"128.10,121.58,116.70,112.90,110.19,108.56,106.93,105.84,105.30,103.67,102.04,116.16,112.90,110.73,109.10,107.47,106.39,105.84,105.30,103.67,103.13,101.50,110.19,108.56,107.47,106.39,105.84,105.30,105.30,103.67,103.13,101.50,99.87,105.84,105.30,105.30,104.22,103.67,103.13,103.13,102.04,100.96,99.87,98.25"
Rec-G3_std_1,21,13,3256,core,350,316,0.0,5.0,0.9728,352,317,362,320,1.0,True,102.1927,125.3828,85.7624,8.3341,102.5874,"125.38,119.41,115.07,110.73,108.01,105.30,103.13,100.96,98.25,94.99,87.93,115.07,111.81,109.64,107.47,105.30,103.67,102.04,99.87,97.16,94.45,87.93,109.10,108.01,106.39,105.30,103.13,102.04,100.42,98.25,95.53,93.36,86.85,105.30,105.30,103.67,103.13,101.50,99.87,98.25,96.07,94.45,91.19,85.76"
Rec-G3_std_1,21,14,3257,core,354,316,0.0,4.0,0.9751,356,317,366,320,0.6364,False,92.6577,128.0965,72.7365,14.7745,95.2604,"128.10,119.41,113.99,108.01,103.13,98.25,91.19,80.88,75.99,73.82,72.74,113.99,110.73,107.47,103.67,100.42,96.62,90.10,80.88,75.99,73.82,72.74,108.01,105.30,103.13,100.96,98.25,94.99,89.02,80.88,75.99,73.82,73.28,103.13,101.50,99.87,98.25,95.53,93.36,86.85,79.79,75.99,73.82,73.28"
Rec-G3_std_1,21,15,3258,core,359,316,0.0,5.0,0.9773,361,317,371,320,0.1818,False,79.6935,115.6133,71.651,10.5199,74.3647,"115.61,103.13,89.02,81.42,77.62,74.91,73.82,73.28,72.19,71.65,71.65,105.30,96.07,85.22,79.79,75.99,74.36,73.82,73.28,72.74,72.19,71.65,98.79,91.73,83.05,78.16,75.99,74.36,73.82,73.28,72.74,72.19,71.65,94.99,88.48,80.88,77.62,75.45,74.36,73.82,73.28,72.74,72.19,72.19"
Rec-G3_std_1,22,1,3344,core,293,317,0.0,0.0,0.9788,295,318,305,321,1.0,True,100.3548,120.498,93.3608,5.1035,98.2455,"120.50,116.16,111.81,108.01,105.30,103.13,102.04,102.04,100.96,100.42,99.87,103.13,103.13,102.04,100.96,100.42,99.87,99.33,99.33,98.79,98.25,98.25,97.16,98.25,98.25,98.25,98.25,98.25,98.25,98.25,98.25,98.25,98.25,93.36,95.53,95.53,96.62,97.16,97.70,97.70,97.70,97.16,97.16,96.62"
Rec-G3_std_1,22,2,3345,core,296,317,0.0,3.0,0.977,298,318,308,321,1.0,True,101.2923,122.669,97.16,5.1466,99.331,"122.67,116.70,111.81,108.56,105.30,103.13,102.04,101.50,100.42,99.33,98.79,107.47,105.84,103.67,102.04,101.50,100.42,99.87,99.33,98.79,98.25,97.70,101.50,100.96,100.42,100.42,99.87,99.33,98.79,98.79,98.25,98.25,97.70,97.70,98.25,98.25,98.25,98.25,98.25,98.25,98.25,97.70,97.16,97.16"
Rec-G3_std_1,22,3,3346,core,301,317,0.0,5.0,0.9782,303,318,313,321,1.0,True,100.7002,119.4126,95.5318,4.8386,99.0596,"119.41,115.07,110.73,106.93,103.67,102.04,100.42,99.33,98.79,98.25,97.16,108.01,105.84,103.67,102.04,100.42,99.33,98.79,98.25,97.70,97.16,96.62,103.13,102.04,100.96,100.42,99.33,98.79,98.79,98.25,97.70,97.16,96.62,99.87,99.33,99.33,98.79,98.25,98.25,97.70,97.16,97.16,96.62,95.53"
Rec-G3_std_1,22,4,3347,core,306,317,0.0,5.0,0.9775,308,318,318,321,1.0,True,99.5777,116.6988,95.5318,4.2727,98.2455,"116.70,111.81,107.47,104.22,102.04,99.87,98.79,98.25,97.70,96.62,96.07,106.39,104.22,102.04,100.42,99.33,98.25,98.25,97.16,97.16,96.07,95.53,102.04,101.50,100.42,99.33,98.79,98.25,98.25,97.70,97.16,96.07,95.53,99.87,99.33,98.25,98.25,98.25,97.70,97.16,96.07,96.07,95.53,95.53"
Rec-G3_std_1,22,5,3348,core,311,317,0.0,5.0,0.9756,313,318,323,321,1.0,True,98.6032,112.8996,94.989,3.6627,97.7027,"112.90,109.10,105.30,102.04,99.87,98.79,98.25,97.16,96.62,96.07,95.53,105.30,103.13,100.42,99.33,98.25,97.70,97.16,96.62,96.07,95.53,95.53,101.50,100.42,99.33,98.25,98.25,97.70,97.16,96.62,96.07,95.53,95.53,98.79,98.25,98.25,97.70,97.16,96.62,96.62,96.07,95.53,95.53,94.99"
Rec-G3_std_1,22,6,3349,core,315,317,0.0,4.0,0.9754,317,318,327,321,1.0,True,99.1336,116.1561,95.5318,4.1449,97.7027,"116.16,111.27,107.47,103.67,100.96,99.33,98.25,97.70,97.16,96.62,96.07,105.30,103.67,101.50,99.87,98.79,98.25,97.70,97.16,96.62,96.07,95.53,101.50,100.42,99.33,98.79,98.25,97.70,97.16,97.16,96.62,96.07,96.07,98.79,98.25,98.25,97.70,97.16,97.16,96.62,96.62,96.07,95.53,95.53"
Rec-G3_std_1,22,7,3350,core,320,317,0.0,5.0,0.9753,322,318,332,321,1.0,True,98.9116,112.8996,96.0745,3.3654,97.7027,"112.90,109.10,105.30,103.13,100.42,98.79,98.25,97.70,97.16,97.16,96.62,104.22,102.04,100.96,99.33,98.79,98.25,97.70,97.16,97.16,96.62,96.62,100.42,99.33,98.79,98.25,98.25,97.70,97.16,97.16,97.16,96.62,96.62,98.25,98.25,98.25,97.70,97.70,97.16,96.62,96.62,96.62,96.07,96.07"
Rec-G3_std_1,22,8,3351,core,325,317,0.0,5.0,0.9751,327,318,337,321,1.0,True,99.4173,111.8141,97.16,2.839,98.2455,"111.81,108.01,105.30,102.04,100.42,99.33,98.25,98.25,98.25,98.25,98.25,103.67,102.04,100.96,99.87,98.79,98.25,98.25,98.25,98.25,98.25,98.25,100.42,99.87,98.79,98.79,98.25,98.25,98.25,98.25,98.25,97.70,98.25,98.25,98.25,98.25,98.25,97.70,97.70,97.70,97.70,97.70,97.16,97.70"
Rec-G3_std_1,22,9,3352,core,330,317,0.0,5.0,0.9732,332,318,342,321,1.0,True,100.1081,110.1859,98.2455,2.2805,99.331,"110.19,106.93,104.22,102.04,100.96,100.42,99.87,99.33,99.33,99.33,99.33,103.67,102.04,101.50,100.42,99.87,99.87,99.33,99.33,99.33,99.33,99.33,100.96,99.87,99.87,99.33,99.33,99.33,99.33,99.33,99.33,99.33,99.33,98.79,98.79,98.79,98.25,98.25,98.79,98.25,98.25,98.25,98.79,98.25"
Rec-G3_std_1,22,10,3353,core,335,316,11.31,5.1,0.9719,337,317,347,320,1.0,True,103.895,125.3828,100.4165,4.9721,101.7733,"125.38,118.87,113.99,109.64,107.47,105.84,105.30,105.30,104.22,103.67,103.67,110.19,107.47,105.30,103.13,102.04,102.04,101.50,101.50,100.96,100.96,100.96,104.22,103.13,102.04,102.04,101.50,101.50,101.50,101.50,100.96,100.96,100.96,102.04,101.50,101.50,100.96,100.96,100.96,100.96,100.96,100.96,100.42,100.42"
Rec-G3_std_1,22,11,3354,core,339,316,0.0,4.0,0.9733,341,317,351,320,1.0,True,105.7206,131.8957,100.9592,5.9846,103.1302,"131.90,123.21,117.78,112.90,110.19,108.01,106.93,105.84,105.30,105.30,104.22,112.90,110.73,108.01,105.84,104.22,103.67,103.13,103.13,102.04,102.04,102.04,106.39,105.30,104.22,103.67,103.13,103.13,103.13,103.13,102.04,102.04,102.04,103.13,103.13,103.13,102.04,102.04,102.04,102.04,102.04,102.04,101.50,100.96"
Rec-G3_std_1,22,12,3355,core,344,316,0.0,5.0,0.9762,346,317,356,320,1.0,True,105.6466,129.182,98.7882,5.7962,103.9443,"129.18,122.13,117.24,112.90,110.19,108.01,106.93,105.84,104.22,103.13,102.04,112.90,111.27,108.56,106.93,105.30,104.22,103.67,103.13,102.04,101.50,99.87,107.47,106.39,105.84,105.30,104.22,103.67,103.13,103.13,102.04,100.96,99.87,104.22,104.22,103.67,103.13,103.13,103.13,102.04,102.04,100.96,99.87,98.79"
Rec-G3_std_1,22,13,3356,core,349,316,0.0,5.0,0.9778,351,317,361,320,1.0,True,101.8843,125.9255,88.4761,7.6996,101.7733,"125.93,119.41,115.61,111.27,107.47,105.30,102.04,99.33,96.62,93.36,88.48,112.90,110.73,108.01,105.84,103.67,102.04,100.96,98.25,96.07,93.36,90.10,107.47,106.39,105.30,103.67,103.13,101.50,99.87,98.25,96.07,93.36,90.65,104.22,103.67,103.13,102.04,101.50,100.42,98.79,97.16,95.53,93.36,90.65"
Rec-G3_std_1,22,14,3357,core,354,316,0.0,5.0,0.9782,356,317,366,320,0.6364,False,89.8823,121.0408,71.651,13.4304,91.7325,"121.04,113.99,108.01,102.04,96.62,91.19,84.68,77.62,74.36,72.74,71.65,110.19,106.39,103.13,98.79,95.53,91.73,85.76,78.71,74.91,72.74,71.65,105.30,103.13,100.42,98.25,95.53,92.28,86.31,78.71,75.45,73.82,72.19,102.04,100.42,98.25,96.62,94.45,91.73,85.76,78.71,75.45,73.82,72.74"
Rec-G3_std_1,22,15,3358,core,358,316,0.0,4.0,0.9787,360,317,370,320,0.2727,False,80.8406,115.0706,71.651,11.2721,74.9074,"115.07,105.30,94.45,84.13,78.71,75.45,73.82,72.74,72.19,71.65,71.65,103.67,98.79,91.19,81.96,77.62,74.91,73.82,72.74,72.19,71.65,71.65,99.33,95.53,89.56,80.88,77.08,74.91,73.82,73.28,72.19,71.65,71.65,96.07,93.36,87.93,80.33,76.54,74.91,73.82,73.28,72.19,71.65,71.65"
Rec-G3_std_1,22,16,3359,core,361,316,0.0,3.0,0.983,363,317,373,320,0.0,False,75.6722,97.16,70.5655,5.4782,73.822,"97.16,88.48,83.05,78.71,75.45,73.82,72.74,72.19,71.65,71.65,70.57,87.93,83.05,78.71,75.99,74.36,73.82,72.74,72.19,71.65,71.65,71.65,84.13,78.71,76.54,74.91,73.82,73.82,72.74,72.74,72.19,71.65,71.65,81.42,77.62,75.99,74.36,73.82,73.28,72.74,72.74,72.19,71.65,71.65"
