specimen,layer_index,obs_index,frame_idx,frame_type,tip_x,tip_y,direction_deg,movement_px,confidence,roi_c0,roi_r0,roi_c1,roi_r1,roi_valid_frac,roi_complete,roi_mean_C,roi_max_C,roi_min_C,roi_std_C,roi_median_C,roi_pixels_raw
Rec-027_std_2,1,1,1125,core,290,331,0.0,0.0,0.984,292,334,300,337,1.0,True,91.2501,98.2455,85.2196,3.4058,91.4612,"98.25,98.25,97.16,95.53,95.53,94.99,94.99,94.45,94.45,92.28,92.28,92.28,92.28,92.28,92.28,92.28,92.28,92.28,87.93,87.93,89.02,89.56,90.10,90.65,90.65,90.10,90.10,85.22,85.76,86.85,87.39,87.93,87.93,87.93,87.93,87.93"
Rec-027_std_2,1,2,1126,core,293,331,0.0,3.0,0.9832,295,334,303,337,1.0,True,92.9537,103.6729,87.9333,3.7195,91.7325,"103.67,102.04,99.33,97.70,96.62,95.53,95.53,94.45,94.45,96.07,95.53,94.99,94.45,94.45,93.36,93.36,92.28,92.28,91.19,91.19,91.19,91.19,91.19,91.19,91.19,91.19,90.65,87.93,89.02,89.02,89.02,89.56,89.02,89.02,89.02,88.48"
Rec-027_std_2,1,3,1127,core,297,331,0.0,4.0,0.9817,299,334,307,337,1.0,True,93.406,106.3867,89.0188,3.9932,92.2753,"106.39,103.13,100.42,98.25,96.62,95.53,94.45,94.45,93.36,98.25,97.16,95.53,94.45,94.45,93.36,92.28,92.28,92.28,93.36,92.28,92.28,91.73,91.19,91.19,91.19,90.65,90.65,89.56,90.10,89.56,89.56,89.56,89.56,89.56,89.02,89.02"
Rec-027_std_2,1,4,1128,core,302,331,0.0,5.0,0.9845,304,334,312,337,1.0,True,92.7879,103.6729,89.0188,3.3186,92.2753,"103.67,100.96,98.25,96.62,95.53,94.45,93.36,93.36,92.28,97.16,95.53,94.99,94.45,93.36,92.28,92.28,92.28,91.19,92.28,92.28,92.28,91.19,91.19,91.19,91.19,90.65,90.10,90.10,90.10,89.56,89.56,89.56,89.56,89.56,89.02,89.02"
Rec-027_std_2,1,5,1129,core,306,331,0.0,4.0,0.9825,308,334,316,337,1.0,True,92.9537,105.3012,88.4761,3.601,92.2753,"105.30,102.04,98.79,96.62,95.53,94.45,93.36,92.28,92.28,98.25,96.07,94.99,94.45,93.36,92.28,92.28,91.73,91.19,93.36,92.28,92.28,91.73,91.19,91.19,90.65,90.65,90.10,90.65,90.65,90.10,90.10,89.56,89.56,89.56,89.02,88.48"
Rec-027_std_2,1,6,1130,core,311,331,0.0,5.0,0.9854,313,334,321,337,1.0,True,92.3808,102.0447,89.0188,2.9612,92.0039,"102.04,99.87,97.16,95.53,94.45,93.36,93.36,93.36,92.28,96.62,95.53,93.36,93.36,92.28,92.28,92.28,91.19,91.19,92.28,92.28,91.73,91.19,91.19,90.65,90.65,90.10,90.10,90.65,90.10,89.56,89.56,89.56,89.56,89.02,89.02,89.02"
Rec-027_std_2,1,7,1131,core,315,331,0.0,4.0,0.9827,317,334,325,337,1.0,True,92.8331,103.1302,89.5616,3.1296,92.2753,"103.13,100.96,98.25,96.07,94.99,94.45,94.45,93.36,93.36,96.62,95.53,94.45,93.36,93.36,92.28,92.28,92.28,91.73,92.28,92.28,91.73,91.19,91.19,91.19,91.19,91.19,90.65,90.10,90.10,90.10,90.10,89.56,89.56,89.56,89.56,89.56"
Rec-027_std_2,1,8,1132,core,320,331,0.0,5.0,0.9855,322,334,330,337,1.0,True,93.1497,102.0447,89.5616,2.8441,92.2753,"102.04,99.87,97.70,96.07,95.53,94.99,94.45,94.45,94.45,96.62,95.53,94.45,94.45,93.36,93.36,93.36,92.28,92.28,93.36,92.28,92.28,91.73,91.73,91.19,91.19,91.19,91.19,91.19,90.65,90.65,90.65,90.10,90.10,89.56,89.56,89.56"
Rec-027_std_2,1,9,1133,core,324,331,0.0,4.0,0.9823,326,334,334,337,1.0,True,93.7829,104.2157,89.5616,3.1959,93.3608,"104.22,101.50,98.79,97.70,96.62,95.53,94.99,94.99,94.45,97.70,96.07,95.53,94.45,94.45,94.45,93.36,93.36,92.28,93.36,93.36,92.28,92.28,92.28,91.73,91.73,91.19,91.19,91.19,91.19,91.19,91.19,90.65,90.65,90.65,90.10,89.56"
Rec-027_std_2,1,10,1134,core,329,331,0.0,5.0,0.9854,331,334,339,337,1.0,True,93.8131,103.1302,90.1043,2.8762,93.3608,"103.13,100.42,98.25,97.16,96.07,95.53,95.53,94.99,94.99,97.16,96.07,94.99,94.99,94.45,94.45,93.36,93.36,93.36,93.36,93.36,92.28,92.28,92.28,92.28,92.28,91.73,91.19,91.73,91.19,91.19,91.19,90.65,90.65,90.65,90.65,90.10"
Rec-027_std_2,1,11,1135,core,334,331,0.0,5.0,0.9821,336,334,344,337,1.0,True,93.6925,102.0447,89.5616,2.7535,93.3608,"102.04,99.33,98.25,97.16,96.07,96.07,95.53,95.53,94.99,96.62,95.53,94.99,94.45,94.45,94.45,93.36,93.36,93.36,93.36,93.36,92.28,92.28,92.28,92.28,91.73,91.73,91.19,91.73,91.19,91.19,91.19,91.19,90.65,90.10,90.10,89.56"
Rec-027_std_2,1,12,1136,core,338,331,0.0,4.0,0.985,340,334,348,337,1.0,True,93.8885,103.1302,89.0188,3.1374,93.3608,"103.13,100.96,98.79,98.25,96.62,96.07,95.53,95.53,94.45,97.70,96.07,95.53,95.53,94.45,94.45,93.36,93.36,92.28,94.45,93.36,93.36,92.28,92.28,92.28,91.73,91.19,90.65,91.73,91.73,91.19,91.19,91.19,90.65,90.10,89.56,89.02"
Rec-027_std_2,1,13,1137,core,343,331,0.0,5.0,0.9822,345,334,353,337,1.0,True,92.2602,102.0447,85.7624,3.4457,91.4612,"102.04,99.33,97.70,96.62,95.53,94.45,93.36,92.28,91.19,96.62,95.53,94.45,94.45,93.36,92.28,91.19,90.65,89.56,93.36,93.36,92.28,91.73,91.19,90.65,89.56,88.48,87.39,91.19,91.19,90.65,90.10,89.56,89.02,87.93,87.39,85.76"
Rec-027_std_2,1,14,1138,core,347,331,0.0,4.0,0.984,349,334,357,337,1.0,True,88.7173,101.502,78.1639,5.2628,89.2902,"101.50,98.25,96.07,94.45,92.28,91.19,89.56,86.31,80.88,95.53,94.45,92.28,91.19,90.65,89.02,87.93,84.68,79.79,92.28,91.19,90.10,89.56,88.48,86.85,85.76,83.05,78.71,90.10,89.56,88.48,87.93,86.85,85.22,84.13,81.42,78.16"
Rec-027_std_2,1,15,1139,core,355,331,0.0,8.0,0.9817,357,334,365,337,0.1111,False,77.199,88.4761,73.822,2.962,75.9929,"88.48,83.05,79.79,78.16,77.08,75.99,75.99,75.99,75.45,83.59,79.79,78.16,77.08,75.99,75.99,75.45,75.45,74.91,80.88,78.71,77.08,75.99,75.99,75.99,75.45,74.91,74.91,79.79,77.62,75.99,75.99,75.45,74.91,74.91,74.36,73.82"
Rec-027_std_2,2,1,1285,core,290,331,0.0,0.0,0.984,292,334,300,337,1.0,True,91.4461,98.7882,85.2196,3.3224,91.4612,"98.79,98.79,97.16,95.53,95.53,94.99,94.99,94.45,94.45,92.28,92.28,92.28,92.28,92.28,92.28,92.28,92.28,92.28,87.93,88.48,89.56,89.56,90.65,90.65,90.65,90.65,90.10,85.22,86.31,87.39,87.93,87.93,88.48,88.48,88.48,88.48"
Rec-027_std_2,2,2,1286,core,294,331,0.0,4.0,0.981,296,334,304,337,1.0,True,92.6974,103.1302,88.4761,3.3655,91.7325,"103.13,100.96,98.25,96.62,95.53,94.99,94.45,94.45,93.36,96.62,95.53,94.45,93.36,93.36,93.36,92.28,91.73,91.73,91.73,91.73,91.73,91.19,91.19,91.19,90.65,90.10,90.10,89.56,89.56,89.56,89.56,89.56,89.02,89.02,89.02,88.48"
Rec-027_std_2,2,3,1287,core,298,331,0.0,4.0,0.9844,300,334,308,337,1.0,True,93.0442,105.3012,88.4761,3.673,92.2753,"105.30,102.04,99.33,97.16,95.53,94.99,94.45,93.36,93.36,97.70,96.07,94.99,94.45,93.36,92.28,92.28,92.28,91.19,93.36,92.28,92.28,91.73,91.19,91.19,91.19,90.65,90.10,90.65,90.10,89.56,89.56,89.56,89.56,89.02,89.02,88.48"
Rec-027_std_2,2,4,1288,core,302,331,0.0,4.0,0.9814,304,334,312,337,1.0,True,93.2703,105.8439,89.0188,3.8196,92.2753,"105.84,103.13,99.87,97.70,96.07,94.99,94.45,93.36,93.36,98.25,96.62,95.53,94.45,93.36,92.28,92.28,92.28,91.73,93.36,92.28,92.28,91.73,91.19,91.19,91.19,91.19,90.65,90.65,90.10,90.10,89.56,89.56,89.56,89.56,89.02,89.02"
Rec-027_std_2,2,5,1289,core,307,331,0.0,5.0,0.9855,309,334,317,337,1.0,True,92.7728,103.1302,89.0188,3.1991,92.2753,"103.13,100.96,98.25,96.07,94.99,94.45,93.36,93.36,92.28,97.16,95.53,94.99,93.36,93.36,92.28,92.28,91.73,91.19,93.36,92.28,92.28,91.73,91.19,91.19,90.65,90.10,90.10,90.65,90.65,90.10,90.10,89.56,89.56,89.56,89.02,89.02"
Rec-027_std_2,2,6,1290,core,312,331,0.0,5.0,0.9829,314,334,322,337,1.0,True,92.5617,101.502,89.5616,2.7152,92.2753,"101.50,98.79,96.62,95.53,94.45,94.45,93.36,93.36,93.36,96.07,94.99,94.45,93.36,93.36,92.28,92.28,92.28,91.73,92.28,92.28,91.73,91.19,91.19,91.19,91.19,90.65,90.65,90.65,90.10,89.56,89.56,89.56,89.56,89.56,89.56,89.56"
Rec-027_std_2,2,7,1291,core,321,331,0.0,9.0,0.9842,323,334,331,337,1.0,True,93.5718,102.0447,90.1043,2.7206,93.3608,"102.04,99.87,98.25,96.62,95.53,95.53,94.99,94.99,94.45,96.62,95.53,94.99,94.45,94.45,93.36,93.36,93.36,93.36,93.36,93.36,92.28,92.28,92.28,92.28,91.73,91.73,91.19,91.19,91.19,91.19,90.65,90.65,90.65,90.10,90.65,90.10"
Rec-027_std_2,2,8,1292,core,330,331,0.0,9.0,0.9848,332,334,340,337,1.0,True,94.2352,103.1302,90.6471,2.867,93.9035,"103.13,100.42,98.79,97.70,96.62,96.62,96.07,95.53,95.53,97.70,96.07,95.53,94.99,94.99,94.45,94.45,94.45,93.36,94.45,93.36,93.36,93.36,92.28,92.28,92.28,92.28,91.73,91.73,91.73,91.19,91.19,91.19,91.19,91.19,90.65,90.65"
Rec-027_std_2,2,9,1293,core,334,331,0.0,4.0,0.9862,336,334,344,337,1.0,True,94.7779,104.2157,90.6471,3.1654,94.4463,"104.22,102.04,99.87,98.25,98.25,97.16,96.62,96.62,96.07,98.25,97.16,96.07,95.53,95.53,94.99,94.99,94.45,94.45,94.45,94.45,93.36,93.36,93.36,93.36,92.28,92.28,91.73,92.28,92.28,91.73,91.73,91.19,91.19,91.19,90.65,90.65"
Rec-027_std_2,2,10,1294,core,339,331,0.0,5.0,0.9851,341,334,349,337,1.0,True,94.1146,103.1302,89.0188,3.2065,93.9035,"103.13,100.96,99.33,98.25,97.70,96.62,96.07,95.53,94.99,97.70,96.62,95.53,95.53,94.99,94.45,94.45,93.36,92.28,94.45,94.45,93.36,93.36,92.28,92.28,91.73,91.19,90.65,92.28,91.73,91.19,91.19,91.19,90.65,90.10,89.56,89.02"
Rec-027_std_2,2,11,1295,core,343,331,0.0,4.0,0.985,345,334,353,337,1.0,True,92.999,103.6729,85.7624,3.859,92.2753,"103.67,101.50,99.33,97.70,96.62,95.53,94.45,93.36,92.28,97.70,96.62,95.53,94.99,94.45,93.36,92.28,91.19,90.10,94.45,93.36,93.36,92.28,91.19,91.19,90.10,89.02,87.93,91.19,91.19,91.19,90.10,89.56,89.56,88.48,87.39,85.76"
Rec-027_std_2,2,12,1296,core,352,331,0.0,9.0,0.9828,354,334,362,337,0.4444,False,81.0736,98.2455,74.9074,6.3875,78.1639,"98.25,94.99,90.10,83.05,78.71,77.62,76.54,75.99,75.45,92.28,90.10,86.85,81.42,78.71,77.08,75.99,75.99,75.45,89.02,87.39,84.68,80.33,77.62,76.54,75.99,75.45,74.91,86.85,85.22,83.05,78.71,77.08,75.99,75.45,74.91,74.91"
Rec-027_std_2,2,13,1297,core,355,331,0.0,3.0,0.9813,357,334,365,337,0.1111,False,77.3649,89.0188,74.3647,3.0981,75.9929,"89.02,83.59,80.33,78.16,77.08,75.99,75.99,75.99,75.45,84.13,80.33,78.16,77.08,75.99,75.99,75.45,75.45,74.91,81.42,78.71,77.62,76.54,75.99,75.99,75.45,74.91,74.36,79.79,77.62,76.54,75.99,75.99,75.45,74.91,74.36,74.36"
Rec-027_std_2,3,1,1450,core,291,331,0.0,1.0,0.9837,293,334,301,337,1.0,True,92.4864,102.0447,86.8478,3.5134,91.7325,"102.04,100.42,98.25,97.16,96.07,95.53,95.53,94.99,94.45,94.99,94.45,93.36,93.36,93.36,93.36,93.36,93.36,92.28,89.56,90.10,90.65,91.19,91.19,91.19,91.19,91.19,90.65,86.85,87.93,87.93,89.02,89.02,89.02,89.02,89.02,88.48"
Rec-027_std_2,3,2,1451,core,295,331,0.0,4.0,0.9828,297,334,305,337,1.0,True,93.4211,105.8439,88.4761,3.992,92.2753,"105.84,103.13,100.96,98.25,96.62,95.53,94.99,94.45,94.45,98.25,96.62,95.53,94.45,94.45,93.36,92.28,92.28,92.28,93.36,92.28,92.28,91.73,91.73,91.19,91.19,90.65,90.65,89.56,89.56,89.56,89.56,89.56,89.56,89.56,89.02,88.48"
Rec-027_std_2,3,3,1452,core,300,331,0.0,5.0,0.9848,302,334,310,337,1.0,True,93.2402,105.3012,89.0188,3.5547,92.2753,"105.30,102.04,98.79,97.16,95.53,94.99,94.45,94.45,93.36,97.70,96.07,94.99,94.45,94.45,93.36,92.28,92.28,91.73,93.36,92.28,92.28,91.73,91.73,91.19,91.19,90.65,90.65,90.65,90.10,90.10,90.10,89.56,89.56,89.56,89.56,89.02"
Rec-027_std_2,3,4,1453,core,304,331,0.0,4.0,0.9841,306,334,314,337,1.0,True,93.2703,105.3012,89.0188,3.5831,92.2753,"105.30,102.04,99.33,97.16,95.53,94.99,94.45,93.36,93.36,98.25,96.62,95.53,94.45,93.36,93.36,92.28,92.28,91.73,93.36,92.28,92.28,91.73,91.73,91.19,91.19,90.65,90.65,90.65,90.65,90.10,90.10,90.10,89.56,89.56,89.56,89.02"
Rec-027_std_2,3,5,1454,core,309,331,0.0,5.0,0.9859,311,334,319,337,1.0,True,92.818,103.1302,89.0188,3.0994,92.2753,"103.13,100.42,97.70,95.53,94.99,94.45,94.45,93.36,93.36,97.16,95.53,94.45,93.36,93.36,92.28,92.28,91.73,91.73,93.36,92.28,92.28,91.73,91.19,91.19,91.19,90.65,90.65,90.65,90.65,90.10,89.56,89.56,89.56,89.56,89.02,89.02"
Rec-027_std_2,3,6,1455,core,318,331,0.0,9.0,0.9864,320,334,328,337,1.0,True,93.1497,102.0447,89.5616,2.7386,92.2753,"102.04,99.33,97.70,96.07,94.99,94.99,94.45,94.45,94.45,96.62,95.53,94.45,93.36,93.36,93.36,93.36,92.28,92.28,93.36,92.28,92.28,92.28,91.73,91.73,91.19,91.19,91.19,90.65,90.65,90.65,90.65,90.65,90.65,90.10,89.56,89.56"
Rec-027_std_2,3,7,1456,core,322,331,0.0,4.0,0.9836,324,334,332,337,1.0,True,93.9337,103.6729,90.1043,2.9616,93.3608,"103.67,100.96,98.79,97.16,96.07,95.53,95.53,94.99,94.45,97.70,96.07,95.53,94.45,94.45,94.45,94.45,93.36,93.36,93.36,93.36,92.28,92.28,92.28,92.28,92.28,92.28,91.73,91.19,91.19,91.19,91.19,91.19,91.19,90.65,90.65,90.10"
Rec-027_std_2,3,8,1457,core,327,331,0.0,5.0,0.9862,329,334,337,337,1.0,True,94.0392,103.1302,90.6471,2.8473,93.3608,"103.13,100.42,98.25,97.16,96.07,96.07,95.53,95.53,95.53,97.70,96.07,95.53,94.45,94.45,94.45,94.45,93.36,93.36,94.45,93.36,93.36,93.36,92.28,92.28,92.28,91.73,91.73,91.19,91.19,91.19,91.19,91.19,91.19,90.65,90.65,90.65"
Rec-027_std_2,3,9,1458,core,331,331,0.0,4.0,0.9832,333,334,341,337,1.0,True,94.4915,103.6729,90.6471,3.0686,94.4463,"103.67,102.04,99.33,98.25,97.16,96.62,96.07,95.53,95.53,98.25,96.62,95.53,95.53,94.99,94.45,94.45,94.45,94.45,94.45,94.45,93.36,93.36,93.36,92.28,92.28,92.28,92.28,91.73,91.73,91.19,91.19,91.19,91.19,91.19,90.65,90.65"
Rec-027_std_2,3,10,1459,core,336,331,0.0,5.0,0.9863,338,334,346,337,1.0,True,94.3257,103.1302,89.5616,2.9977,93.9035,"103.13,100.96,98.79,97.70,97.16,96.62,96.62,96.07,95.53,97.70,96.62,95.53,95.53,94.99,94.99,94.45,94.45,93.36,94.45,93.36,93.36,93.36,93.36,92.28,92.28,91.73,91.73,91.73,91.73,91.73,91.73,91.19,91.19,90.65,90.10,89.56"
Rec-027_std_2,3,11,1460,core,341,331,0.0,5.0,0.9828,343,334,351,337,1.0,True,93.3457,102.0447,87.9333,3.2045,93.3608,"102.04,99.87,98.25,97.70,96.62,96.07,95.53,94.45,94.45,97.16,96.07,95.53,94.99,94.45,93.36,93.36,92.28,91.19,93.36,93.36,93.36,92.28,92.28,91.19,91.19,90.65,89.56,91.19,91.19,91.19,90.65,90.10,89.56,89.56,88.48,87.93"
Rec-027_std_2,3,12,1461,core,345,331,0.0,4.0,0.9854,347,334,355,337,1.0,True,91.5215,102.0447,83.5914,4.1181,91.1898,"102.04,100.42,98.25,96.62,95.53,94.45,92.28,91.19,89.56,97.16,95.53,94.45,93.36,92.28,91.19,90.65,89.56,87.93,93.36,92.28,92.28,91.19,90.65,89.56,87.93,86.85,85.22,91.19,90.65,90.10,89.56,88.48,87.93,86.31,85.22,83.59"
Rec-027_std_2,3,13,1462,core,350,331,0.0,5.0,0.9809,352,334,360,337,0.6667,False,84.0889,99.331,74.9074,6.9203,84.4055,"99.33,96.07,94.45,91.73,87.93,81.96,78.16,76.54,75.99,94.45,92.28,90.65,89.02,85.76,80.88,77.62,75.99,75.45,90.65,89.56,87.93,86.31,84.13,79.79,77.62,75.99,75.45,88.48,87.93,85.76,84.68,82.51,78.71,76.54,75.99,74.91"
Rec-027_std_2,3,14,1463,core,354,331,0.0,4.0,0.9831,356,334,364,337,0.2222,False,78.1639,93.3608,74.3647,4.3136,76.2643,"93.36,85.76,80.88,78.16,77.08,76.54,75.99,75.45,74.91,88.48,82.51,78.71,77.62,76.54,75.99,75.99,75.45,74.91,85.22,80.88,78.16,77.08,75.99,75.45,75.45,74.91,74.36,83.59,79.79,77.62,75.99,75.99,75.45,74.91,74.36,74.36"
Rec-027_std_2,4,1,1612,core,290,331,0.0,0.0,0.9849,292,334,300,337,1.0,True,91.5366,98.7882,85.7624,3.3338,91.4612,"98.79,98.79,97.70,95.53,95.53,95.53,95.53,94.45,94.45,92.28,92.28,92.28,92.28,92.28,92.28,92.28,92.28,92.28,87.93,88.48,89.56,90.10,90.65,90.65,90.65,90.65,90.10,85.76,86.31,87.39,87.93,88.48,88.48,88.48,88.48,88.48"
Rec-027_std_2,4,2,1613,core,293,331,0.0,3.0,0.9841,295,334,303,337,1.0,True,93.0743,104.2157,88.4761,3.7613,92.0039,"104.22,102.04,99.87,98.25,96.62,95.53,95.53,94.99,94.45,96.62,95.53,94.99,94.45,93.36,93.36,93.36,92.28,92.28,91.73,91.73,91.19,91.73,91.19,91.19,91.19,90.65,90.10,88.48,89.56,89.56,89.56,89.56,89.56,89.02,88.48,88.48"
Rec-027_std_2,4,3,1614,core,298,331,0.0,5.0,0.9824,300,334,308,337,1.0,True,92.8934,103.1302,89.0188,3.3117,92.2753,"103.13,100.96,98.25,96.62,95.53,94.99,94.45,94.45,93.36,97.16,95.53,94.99,94.45,93.36,93.36,92.28,92.28,91.73,92.28,92.28,92.28,91.19,91.19,91.19,90.65,90.10,90.10,90.10,90.10,89.56,89.56,89.56,89.56,89.56,89.02,89.02"
Rec-027_std_2,4,4,1615,core,302,331,0.0,4.0,0.9854,304,334,312,337,1.0,True,93.0894,104.2157,89.0188,3.4882,92.2753,"104.22,102.04,98.79,97.16,95.53,94.99,94.45,93.36,93.36,97.70,96.07,94.99,94.45,93.36,93.36,92.28,92.28,91.73,93.36,92.28,92.28,91.73,91.19,91.19,91.19,90.65,90.10,90.10,90.10,90.10,89.56,89.56,89.56,89.56,89.56,89.02"
Rec-027_std_2,4,5,1616,core,307,331,0.0,5.0,0.9826,309,334,317,337,1.0,True,92.5617,102.0447,89.0188,2.859,92.2753,"102.04,99.33,97.16,95.53,94.99,94.45,93.36,93.36,92.28,96.07,94.99,94.45,93.36,93.36,92.28,92.28,91.73,91.19,92.28,92.28,92.28,91.73,91.19,91.19,90.65,90.10,90.10,90.65,90.65,90.10,90.10,89.56,89.56,89.56,89.02,89.02"
Rec-027_std_2,4,6,1617,core,311,331,0.0,4.0,0.9865,313,334,321,337,1.0,True,92.8783,103.1302,89.5616,3.0935,92.2753,"103.13,100.42,98.25,96.07,95.53,94.45,94.45,93.36,93.36,96.62,95.53,94.45,93.36,93.36,92.28,92.28,92.28,91.73,93.36,92.28,91.73,91.19,91.19,91.19,91.19,91.19,90.65,90.65,90.65,90.10,89.56,89.56,89.56,89.56,89.56,89.56"
Rec-027_std_2,4,7,1618,core,316,331,0.0,5.0,0.9841,318,334,326,337,1.0,True,92.9236,101.502,89.5616,2.5929,92.2753,"101.50,98.79,97.16,95.53,94.99,94.45,94.45,94.45,93.36,96.07,94.99,94.45,93.36,93.36,93.36,92.28,92.28,92.28,92.28,92.28,92.28,91.73,91.73,91.73,91.19,91.19,91.19,91.19,90.65,90.65,90.65,90.10,90.10,90.10,89.56,89.56"
Rec-027_std_2,4,8,1619,core,320,331,0.0,4.0,0.9864,322,334,330,337,1.0,True,93.6925,103.1302,90.1043,2.8181,93.3608,"103.13,100.42,98.25,96.62,95.53,95.53,94.99,94.99,94.45,97.16,95.53,94.99,94.45,94.45,93.36,93.36,93.36,93.36,93.36,93.36,92.28,92.28,92.28,92.28,92.28,91.73,91.73,91.19,91.19,91.19,91.19,90.65,90.65,90.65,90.65,90.10"
Rec-027_std_2,4,9,1620,core,325,331,0.0,5.0,0.984,327,334,335,337,1.0,True,93.8583,102.0447,90.1043,2.6104,93.3608,"102.04,99.33,98.25,96.62,96.07,95.53,95.53,95.53,94.99,96.62,95.53,95.53,94.45,94.45,94.45,94.45,93.36,93.36,93.36,93.36,93.36,93.36,92.28,92.28,92.28,91.73,91.73,91.19,91.19,91.19,91.19,91.19,91.19,91.19,90.65,90.10"
Rec-027_std_2,4,10,1621,core,329,331,0.0,4.0,0.9865,331,334,339,337,1.0,True,94.401,103.6729,90.6471,2.9544,94.4463,"103.67,100.96,99.33,97.70,96.62,96.62,95.53,95.53,95.53,98.25,96.62,95.53,95.53,94.99,94.99,94.45,94.45,94.45,94.45,93.36,93.36,93.36,92.28,92.28,92.28,92.28,92.28,92.28,91.73,91.19,91.19,91.19,91.19,91.19,91.19,90.65"
Rec-027_std_2,4,11,1622,core,338,331,0.0,9.0,0.9862,340,334,348,337,1.0,True,94.1146,103.1302,89.5616,3.1421,93.9035,"103.13,100.96,99.33,98.25,97.16,96.07,95.53,95.53,94.99,97.70,96.62,96.07,95.53,94.99,94.45,94.45,93.36,92.28,94.45,94.45,93.36,93.36,92.28,92.28,91.73,91.19,91.19,92.28,91.73,91.19,91.19,91.19,90.65,90.10,89.56,89.56"
Rec-027_std_2,4,12,1623,core,343,331,0.0,5.0,0.9849,345,334,353,337,1.0,True,92.4411,102.0447,85.7624,3.4583,91.7325,"102.04,99.33,98.25,96.62,95.53,94.99,94.45,93.36,91.73,96.62,95.53,94.99,94.45,93.36,92.28,91.73,91.19,89.56,93.36,93.36,92.28,91.73,91.19,90.65,89.56,89.02,87.93,91.19,91.19,90.65,90.10,89.56,89.02,87.93,87.39,85.76"
Rec-027_std_2,4,13,1624,core,347,331,0.0,4.0,0.9847,349,334,357,337,1.0,True,89.1847,102.0447,78.7067,5.4452,89.5616,"102.04,98.79,97.16,95.53,93.36,91.73,90.10,87.39,80.88,96.07,94.99,93.36,92.28,91.19,89.56,87.93,85.22,79.79,92.28,91.73,91.19,89.56,89.02,87.39,85.76,83.05,78.71,90.65,89.56,89.02,87.93,86.85,85.76,84.13,81.96,78.71"
Rec-027_std_2,4,14,1625,core,355,331,0.0,8.0,0.9831,357,334,365,337,0.1111,False,77.2593,88.4761,74.3647,2.9367,75.9929,"88.48,83.05,79.79,77.62,77.08,75.99,75.99,75.45,74.91,83.59,79.79,77.62,77.08,75.99,75.99,75.99,75.45,74.91,81.42,78.71,77.62,76.54,75.99,75.99,75.45,74.91,74.91,79.79,77.62,76.54,75.99,75.45,75.45,74.91,74.91,74.36"
Rec-027_std_2,5,1,1767,core,291,331,0.0,1.0,0.9833,293,334,301,337,1.0,True,92.9386,102.0447,87.3906,3.5316,92.5467,"102.04,100.42,98.25,97.70,97.16,96.62,96.07,95.53,95.53,94.99,94.45,94.45,94.45,94.45,94.45,93.36,93.36,93.36,89.56,90.65,91.19,91.19,91.19,91.73,91.19,91.19,91.19,87.39,87.93,88.48,89.02,89.56,89.56,89.56,89.56,89.02"
Rec-027_std_2,5,2,1768,core,304,331,0.0,13.0,0.9855,306,334,314,337,1.0,True,93.7829,105.8439,89.5616,3.7343,92.818,"105.84,103.13,100.42,98.25,96.07,95.53,94.99,94.45,93.36,98.79,97.16,95.53,94.99,94.45,93.36,93.36,92.28,92.28,94.45,93.36,92.28,92.28,92.28,91.73,91.19,91.19,90.65,91.19,91.19,90.65,90.65,90.10,90.10,89.56,89.56,89.56"
Rec-027_std_2,5,3,1769,core,309,331,0.0,5.0,0.9841,311,334,319,337,1.0,True,93.2703,103.6729,89.5616,3.1969,92.2753,"103.67,101.50,98.25,96.62,95.53,94.99,94.45,93.36,93.36,97.70,96.07,94.99,94.45,93.36,93.36,92.28,92.28,92.28,93.36,93.36,92.28,92.28,91.73,91.19,91.19,91.19,90.65,91.19,91.19,90.65,90.65,90.10,89.56,89.56,89.56,89.56"
Rec-027_std_2,5,4,1770,core,322,331,0.0,13.0,0.9864,324,334,332,337,1.0,True,93.8734,103.1302,90.1043,2.9421,93.3608,"103.13,100.96,98.79,97.16,96.07,95.53,95.53,94.99,94.99,97.70,96.07,95.53,94.45,94.45,94.45,93.36,93.36,93.36,93.36,93.36,92.28,92.28,92.28,92.28,92.28,91.73,91.73,91.19,91.19,91.19,91.19,91.19,90.65,90.65,90.65,90.10"
Rec-027_std_2,5,5,1771,core,327,331,0.0,5.0,0.9858,329,334,337,337,1.0,True,94.2201,103.1302,90.6471,2.7921,94.4463,"103.13,100.42,98.25,97.16,96.62,96.07,95.53,95.53,95.53,97.70,96.07,95.53,94.99,94.45,94.45,94.45,94.45,94.45,94.45,93.36,93.36,93.36,93.36,92.28,92.28,92.28,92.28,91.73,91.73,91.19,91.19,91.19,91.19,90.65,90.65,90.65"
Rec-027_std_2,5,6,1772,core,331,331,0.0,4.0,0.9866,333,334,341,337,1.0,True,95.2151,105.3012,91.1898,3.2674,94.989,"105.30,103.13,100.42,98.79,98.25,97.70,97.16,97.16,96.62,98.25,97.70,96.62,95.53,95.53,95.53,95.53,94.99,94.99,94.99,94.45,94.45,93.36,93.36,93.36,93.36,93.36,92.28,92.28,92.28,91.73,91.73,91.73,91.73,91.73,91.19,91.19"
Rec-027_std_2,5,7,1773,core,336,331,0.0,5.0,0.9861,338,334,346,337,1.0,True,95.0795,103.6729,90.6471,3.0582,94.7176,"103.67,102.04,99.87,98.25,98.25,97.70,97.70,97.16,96.07,98.25,97.16,96.62,96.07,95.53,95.53,95.53,94.99,94.45,94.99,94.45,94.45,94.45,93.36,93.36,93.36,92.28,92.28,92.28,92.28,92.28,92.28,91.73,91.19,91.19,91.19,90.65"
Rec-027_std_2,5,8,1774,core,345,331,0.0,9.0,0.9853,347,334,355,337,1.0,True,92.6673,103.6729,84.6769,4.215,92.0039,"103.67,101.50,99.33,98.25,96.62,95.53,94.45,92.28,91.19,98.25,96.62,95.53,94.99,94.45,92.28,91.73,90.10,89.56,94.45,93.36,93.36,92.28,91.19,90.65,89.56,87.93,86.85,91.73,91.19,91.19,90.10,89.56,88.48,87.39,85.76,84.68"
Rec-027_std_2,5,9,1775,core,354,331,0.0,9.0,0.9833,356,334,364,337,0.2222,False,78.2996,94.4463,74.3647,4.529,76.2643,"94.45,85.76,80.88,78.16,77.08,75.99,75.99,75.45,74.91,89.56,83.05,78.71,77.62,76.54,75.99,75.99,75.45,74.91,85.76,80.88,78.16,77.08,75.99,75.45,75.45,74.91,74.91,84.13,79.79,77.62,76.54,75.99,75.45,74.91,74.91,74.36"
Rec-027_std_2,6,1,1910,core,290,331,0.0,0.0,0.9857,292,334,300,337,1.0,True,92.5919,99.331,85.7624,3.3564,92.5467,"98.79,99.33,98.25,96.62,96.07,96.62,96.07,95.53,95.53,93.36,93.36,93.36,93.36,94.45,94.45,94.45,94.45,94.45,88.48,89.56,90.65,91.19,91.19,91.73,91.73,91.73,91.19,85.76,87.39,87.93,88.48,89.56,89.56,89.56,89.56,89.56"
Rec-027_std_2,6,2,1911,core,293,331,0.0,3.0,0.9822,295,334,303,337,1.0,True,94.6272,106.3867,89.5616,4.017,93.9035,"106.39,104.22,102.04,99.87,98.25,97.70,97.16,96.07,95.53,98.25,97.70,96.62,95.53,95.53,95.53,94.99,94.45,94.45,92.28,93.36,93.36,93.36,92.28,92.28,92.28,92.28,91.73,89.56,90.10,90.65,90.65,90.65,90.65,90.65,90.10,90.10"
Rec-027_std_2,6,3,1912,core,302,331,0.0,9.0,0.9839,304,334,312,337,1.0,True,94.4312,107.4722,89.5616,3.9914,93.3608,"107.47,104.22,101.50,98.79,97.16,96.07,95.53,94.99,94.45,99.87,98.25,96.62,95.53,94.45,94.45,93.36,93.36,92.28,94.99,94.45,93.36,93.36,92.28,92.28,91.73,91.19,91.19,91.73,91.19,91.19,91.19,91.19,90.65,90.10,89.56,89.56"
Rec-027_std_2,6,4,1913,core,316,331,0.0,14.0,0.9874,318,334,326,337,1.0,True,93.2251,102.0447,89.5616,2.89,92.2753,"102.04,100.42,98.25,96.07,95.53,94.99,94.45,94.45,93.36,97.16,95.53,94.99,94.45,93.36,93.36,92.28,92.28,92.28,93.36,93.36,92.28,92.28,91.73,91.19,91.19,91.19,91.19,91.19,91.19,90.65,90.65,90.10,90.10,90.10,89.56,89.56"
Rec-027_std_2,6,5,1914,core,321,331,0.0,5.0,0.9839,323,334,331,337,1.0,True,93.3155,101.502,90.1043,2.5048,93.3608,"101.50,98.79,97.16,95.53,95.53,94.99,94.99,94.45,94.45,96.07,95.53,94.45,94.45,93.36,93.36,93.36,93.36,93.36,93.36,92.28,92.28,92.28,91.73,91.73,91.73,91.73,91.73,91.19,91.19,90.65,90.65,90.65,90.65,90.65,90.10,90.10"
Rec-027_std_2,6,6,1915,core,325,331,0.0,4.0,0.9874,327,334,335,337,1.0,True,94.0995,103.1302,90.6471,2.8002,93.3608,"103.13,100.42,98.25,97.16,96.62,96.07,95.53,95.53,95.53,97.16,96.07,95.53,94.99,94.45,94.45,94.45,94.45,93.36,93.36,93.36,93.36,93.36,92.28,92.28,92.28,92.28,91.73,91.19,91.19,91.19,91.19,91.19,91.19,91.19,91.19,90.65"
Rec-027_std_2,6,7,1916,core,334,331,0.0,9.0,0.9872,336,334,344,337,1.0,True,95.0041,103.6729,91.1898,2.9185,94.4463,"103.67,101.50,99.33,98.25,98.25,97.16,97.16,96.62,96.62,98.25,97.16,96.07,95.53,95.53,95.53,94.99,94.99,94.45,94.45,94.45,94.45,94.45,93.36,93.36,93.36,93.36,92.28,92.28,92.28,92.28,91.73,91.73,91.73,91.19,91.19,91.19"
Rec-027_std_2,6,8,1917,core,343,331,0.0,9.0,0.9863,345,334,353,337,1.0,True,93.8432,103.6729,87.3906,3.611,93.3608,"103.67,101.50,99.87,98.25,97.70,96.62,95.53,94.99,93.36,98.25,97.16,96.07,95.53,94.99,94.45,93.36,92.28,91.19,94.45,94.45,93.36,93.36,92.28,91.73,91.19,90.10,89.02,92.28,92.28,91.73,91.19,90.65,90.10,89.56,88.48,87.39"
Rec-027_std_2,6,9,1918,core,348,331,0.0,5.0,0.9831,350,334,358,337,0.8889,False,88.2952,101.502,76.5357,6.4244,89.5616,"101.50,98.79,97.16,94.99,93.36,91.73,87.93,81.42,77.62,96.07,94.99,93.36,92.28,91.19,89.56,86.31,80.33,77.62,93.36,91.73,91.19,90.10,89.02,87.39,84.13,79.79,77.08,90.65,89.56,89.56,87.93,86.85,85.76,83.05,78.71,76.54"
Rec-027_std_2,6,10,1919,core,352,331,0.0,4.0,0.9844,354,334,362,337,0.4444,False,81.3752,98.7882,74.9074,6.7527,77.8925,"98.79,95.53,91.19,83.05,78.71,77.62,75.99,75.99,75.45,93.36,91.19,87.93,81.42,78.16,77.08,75.99,75.99,74.91,89.56,87.93,85.76,80.33,77.62,76.54,75.99,75.45,74.91,87.93,86.31,84.13,79.79,77.62,75.99,75.45,74.91,74.91"
Rec-027_std_2,6,11,1920,core,355,331,0.0,3.0,0.9822,357,334,365,337,0.1111,False,77.4101,89.0188,74.3647,3.0843,75.9929,"89.02,83.59,79.79,77.62,77.08,75.99,75.99,75.99,75.45,84.13,80.33,78.16,77.08,76.54,75.99,75.99,75.45,74.91,81.42,78.71,77.62,76.54,75.99,75.99,75.45,74.91,74.91,80.88,77.62,76.54,75.99,75.99,75.45,74.91,74.36,74.36"
Rec-027_std_2,6,12,1921,core,355,330,90.0,1.0,0.9917,357,333,365,336,0.1111,False,78.1488,93.3608,74.9074,4.0625,76.2643,"93.36,86.85,81.96,78.71,77.62,76.54,75.99,75.99,75.45,87.39,81.96,78.71,77.62,76.54,75.99,75.99,75.45,74.91,83.59,79.79,77.62,77.08,75.99,75.99,75.45,75.45,74.91,81.42,78.71,77.08,75.99,75.99,75.99,75.45,74.91,74.91"
Rec-027_std_2,7,1,2058,core,290,331,0.0,0.0,0.9897,292,334,300,337,1.0,True,91.7778,97.7027,85.2196,3.2899,91.1898,"97.16,97.70,97.16,96.07,95.53,96.07,96.07,95.53,95.53,91.19,91.73,92.28,92.28,93.36,93.36,93.36,93.36,93.36,87.39,88.48,89.56,90.10,90.65,91.19,91.19,91.19,91.19,85.22,86.31,87.39,87.93,89.02,89.02,89.02,89.02,89.02"
Rec-027_std_2,7,2,2059,core,297,331,0.0,7.0,0.983,299,334,307,337,1.0,True,94.2352,105.3012,89.5616,3.5734,93.9035,"105.30,103.13,100.42,98.25,97.16,96.07,95.53,94.99,94.45,98.25,97.16,96.07,95.53,94.99,94.45,94.45,93.36,93.36,94.45,94.45,93.36,93.36,92.28,92.28,91.73,91.19,91.19,91.19,91.19,91.19,91.19,90.65,90.65,90.10,89.56,89.56"
Rec-027_std_2,7,3,2060,core,301,331,0.0,4.0,0.9868,303,334,311,337,1.0,True,94.0241,106.3867,89.5616,3.7757,93.3608,"106.39,103.13,100.42,98.25,96.62,95.53,94.99,94.45,93.36,99.33,97.70,96.07,95.53,94.45,93.36,93.36,92.28,92.28,94.99,94.45,93.36,92.28,92.28,91.73,91.19,91.19,91.19,91.73,91.19,91.19,91.19,90.65,90.10,89.56,89.56,89.56"
Rec-027_std_2,7,4,2061,core,305,331,0.0,4.0,0.9839,307,334,315,337,1.0,True,93.8432,106.3867,89.5616,3.775,93.3608,"106.39,103.13,100.42,98.25,96.07,95.53,94.45,94.45,93.36,98.79,97.70,95.53,94.99,94.45,93.36,93.36,92.28,92.28,94.45,93.36,93.36,92.28,92.28,91.73,91.19,91.19,90.65,91.19,91.19,91.19,90.65,90.10,90.10,89.56,89.56,89.56"
Rec-027_std_2,7,5,2062,core,310,331,0.0,5.0,0.9879,312,334,320,337,1.0,True,93.0592,103.1302,89.5616,3.1321,92.2753,"103.13,100.96,98.25,96.07,95.53,94.45,94.45,93.36,93.36,97.70,95.53,94.45,94.45,93.36,93.36,92.28,92.28,91.19,93.36,92.28,92.28,92.28,91.73,91.19,91.19,90.65,90.10,91.19,90.65,90.65,90.10,90.10,89.56,89.56,89.56,89.56"
Rec-027_std_2,7,6,2063,core,315,331,0.0,5.0,0.9849,317,334,325,337,1.0,True,92.6371,101.502,89.5616,2.6773,92.0039,"101.50,98.79,97.16,95.53,94.45,94.45,93.36,93.36,93.36,96.07,94.99,94.45,93.36,93.36,92.28,92.28,91.73,91.73,92.28,92.28,91.73,91.73,91.19,91.19,91.19,90.65,90.65,90.65,90.65,90.10,90.10,90.10,89.56,89.56,89.56,89.56"
Rec-027_std_2,7,7,2064,core,319,331,0.0,4.0,0.9878,321,334,329,337,1.0,True,93.2854,102.0447,90.1043,2.765,93.3608,"102.04,99.87,97.70,96.07,95.53,94.99,94.45,94.45,94.45,96.62,95.53,94.45,94.45,93.36,93.36,93.36,93.36,93.36,93.36,92.28,92.28,92.28,91.73,91.73,91.19,91.19,91.19,90.65,91.19,90.65,90.65,90.10,90.10,90.10,90.10,90.10"
Rec-027_std_2,7,8,2065,core,324,331,0.0,5.0,0.9853,326,334,334,337,1.0,True,93.8432,101.502,91.1898,2.4533,93.9035,"101.50,98.79,97.70,96.62,96.07,95.53,95.53,95.53,95.53,96.07,95.53,94.99,94.45,94.45,94.45,94.45,94.45,94.45,93.36,92.28,92.28,92.28,92.28,92.28,92.28,92.28,92.28,91.19,91.19,91.19,91.19,91.19,91.19,91.19,91.19,91.19"
Rec-027_std_2,7,9,2066,core,328,331,0.0,4.0,0.9877,330,334,338,337,1.0,True,94.9589,103.1302,91.1898,2.82,94.7176,"103.13,101.50,98.79,98.25,97.70,97.16,97.16,96.62,96.62,97.70,97.16,96.07,95.53,95.53,95.53,95.53,94.99,94.99,94.45,94.45,94.45,93.36,93.36,93.36,93.36,93.36,93.36,91.73,91.73,91.73,91.73,91.73,91.73,91.73,91.73,91.19"
Rec-027_std_2,7,10,2067,core,333,331,0.0,5.0,0.9857,335,334,343,337,1.0,True,95.2906,103.1302,91.1898,2.7211,94.989,"103.13,100.96,99.33,98.25,98.25,97.70,97.70,97.16,97.16,97.70,97.16,96.62,96.07,95.53,95.53,95.53,95.53,95.53,94.45,94.45,94.45,94.45,94.45,94.45,93.36,93.36,93.36,92.28,92.28,92.28,92.28,92.28,92.28,92.28,91.73,91.19"
Rec-027_std_2,7,11,2068,core,337,331,0.0,4.0,0.9872,339,334,347,337,1.0,True,95.7127,105.3012,91.1898,3.1544,95.2604,"105.30,102.04,100.96,99.33,98.79,98.25,98.25,97.70,97.16,98.79,98.25,97.16,96.62,96.07,96.07,95.53,95.53,94.99,95.53,94.99,94.99,94.45,94.45,94.45,93.36,93.36,93.36,93.36,93.36,92.28,92.28,92.28,92.28,91.73,91.19,91.19"
Rec-027_std_2,7,12,2069,core,342,331,0.0,5.0,0.9855,344,334,352,337,1.0,True,94.793,103.6729,89.0188,3.385,94.4463,"103.67,102.04,100.42,98.79,98.25,97.70,96.62,95.53,94.99,98.79,98.25,97.16,96.62,95.53,95.53,94.45,93.36,92.28,95.53,94.99,94.45,94.45,93.36,93.36,92.28,91.19,90.65,93.36,92.28,92.28,92.28,91.73,91.19,90.65,89.56,89.02"
Rec-027_std_2,7,13,2070,core,346,331,0.0,4.0,0.986,348,334,356,337,1.0,True,92.3808,104.2157,83.0486,4.7502,92.0039,"104.22,102.04,99.87,98.25,96.62,94.99,93.36,91.19,87.93,98.25,97.70,96.07,94.99,94.45,92.28,91.19,89.56,86.31,94.99,94.45,93.36,92.28,91.19,90.10,88.48,87.39,84.68,92.28,91.73,91.19,90.65,89.56,88.48,86.85,85.76,83.05"
Rec-027_std_2,7,14,2071,core,351,331,0.0,5.0,0.9836,353,334,361,337,0.5556,False,83.3502,100.4165,74.9074,7.4598,81.149,"100.42,97.16,94.45,90.10,83.05,78.71,77.08,75.99,75.99,94.99,93.36,91.19,87.93,81.42,78.16,76.54,75.99,75.45,91.19,90.10,88.48,85.76,80.88,77.62,75.99,75.45,74.91,89.56,87.93,86.85,84.13,79.79,77.62,75.99,75.45,74.91"
Rec-027_std_2,7,15,2072,core,355,331,0.0,4.0,0.9838,357,334,365,337,0.1111,False,77.2443,87.9333,74.3647,2.9584,75.9929,"87.93,82.51,79.79,77.62,76.54,75.99,75.99,75.45,75.45,84.13,79.79,77.62,77.08,75.99,75.99,75.45,75.45,74.91,81.96,78.71,77.62,75.99,75.99,75.45,75.45,74.91,74.36,80.88,77.62,76.54,75.99,75.99,75.45,74.91,74.91,74.36"
Rec-027_std_2,8,1,2213,core,290,331,0.0,0.0,0.9861,292,334,300,337,1.0,True,93.1949,100.4165,86.3051,3.437,92.818,"99.87,100.42,98.79,97.70,97.16,97.16,97.16,96.07,96.07,93.36,94.45,94.45,94.45,94.45,94.45,94.99,94.45,94.45,89.02,90.10,90.65,91.19,92.28,92.28,92.28,92.28,92.28,86.31,87.93,89.02,89.56,89.56,90.10,90.10,90.10,90.10"
Rec-027_std_2,8,2,2214,core,298,331,0.0,8.0,0.9862,300,334,308,337,1.0,True,94.582,106.3867,89.5616,3.8322,94.4463,"106.39,103.67,101.50,98.79,97.70,96.62,95.53,94.99,94.45,99.33,98.25,97.16,96.07,95.53,94.45,94.45,93.36,92.28,94.99,94.45,94.45,93.36,93.36,92.28,92.28,91.19,91.19,91.73,91.73,91.19,91.19,91.19,90.65,90.10,89.56,89.56"
Rec-027_std_2,8,3,2215,core,302,331,0.0,4.0,0.9863,304,334,312,337,1.0,True,94.1297,106.9294,89.0188,3.9208,93.3608,"106.93,103.67,100.96,98.25,97.16,95.53,94.99,94.45,93.36,99.33,98.25,96.62,95.53,94.45,93.36,93.36,92.28,92.28,94.99,94.45,93.36,92.28,92.28,91.73,91.19,91.19,90.65,92.28,91.73,91.19,91.19,90.65,90.65,89.56,89.56,89.02"
Rec-027_std_2,8,4,2216,core,307,331,0.0,5.0,0.9872,309,334,317,337,1.0,True,93.1196,103.6729,89.0188,3.2273,92.2753,"103.67,100.96,98.25,96.62,95.53,94.99,94.45,93.36,93.36,97.70,96.07,94.99,94.45,93.36,92.28,92.28,92.28,91.73,93.36,92.28,92.28,92.28,91.73,91.19,91.19,90.65,90.10,91.19,91.19,90.65,90.10,90.10,89.56,89.56,89.56,89.02"
Rec-027_std_2,8,5,2217,core,311,331,0.0,4.0,0.987,313,334,321,337,1.0,True,93.2251,104.2157,89.5616,3.3221,92.2753,"104.22,101.50,98.79,97.16,95.53,94.99,94.45,93.36,93.36,97.70,96.07,94.99,94.45,93.36,93.36,92.28,92.28,91.73,93.36,92.28,92.28,91.73,91.73,91.19,91.19,90.65,90.65,91.19,90.65,90.65,90.10,90.10,90.10,89.56,89.56,89.56"
Rec-027_std_2,8,6,2218,core,320,331,0.0,9.0,0.9862,322,334,330,337,1.0,True,93.6171,103.1302,90.6471,2.9073,93.3608,"103.13,100.96,98.25,97.16,95.53,95.53,94.99,94.99,94.45,97.16,95.53,94.99,94.45,93.36,93.36,93.36,93.36,93.36,93.36,92.28,92.28,92.28,92.28,91.73,91.73,91.73,91.73,91.19,91.19,90.65,90.65,90.65,90.65,90.65,90.65,90.65"
Rec-027_std_2,8,7,2219,core,325,331,0.0,5.0,0.9875,327,334,335,337,1.0,True,94.2654,102.0447,91.1898,2.6186,93.9035,"102.04,100.42,98.25,97.16,96.62,96.07,96.07,95.53,95.53,97.16,95.53,95.53,94.99,94.99,94.99,94.45,94.45,94.45,93.36,93.36,93.36,93.36,93.36,93.36,93.36,92.28,92.28,91.73,91.19,91.19,91.19,91.19,91.19,91.19,91.19,91.19"
Rec-027_std_2,8,8,2220,core,329,331,0.0,4.0,0.9856,331,334,339,337,1.0,True,95.4413,104.2157,91.7325,2.9186,95.2604,"104.22,102.04,100.42,98.79,98.25,97.70,97.16,97.16,96.62,98.25,97.70,96.62,96.07,95.53,95.53,95.53,95.53,95.53,94.99,94.99,94.45,94.45,94.45,94.45,93.36,93.36,93.36,92.28,92.28,92.28,92.28,92.28,92.28,92.28,91.73,91.73"
Rec-027_std_2,8,9,2221,core,334,331,0.0,5.0,0.9877,336,334,344,337,1.0,True,95.6825,103.6729,91.1898,2.8451,95.5318,"103.67,102.04,100.42,98.79,98.25,98.25,97.70,97.16,97.16,98.79,97.70,97.16,96.62,96.07,96.07,95.53,95.53,95.53,95.53,94.99,94.99,94.45,94.45,94.45,94.45,93.36,93.36,93.36,93.36,93.36,92.28,92.28,92.28,92.28,91.73,91.19"
Rec-027_std_2,8,10,2222,core,338,331,0.0,4.0,0.9847,340,334,348,337,1.0,True,95.788,105.3012,91.1898,3.2827,95.5318,"105.30,103.13,100.96,99.87,98.79,98.25,97.70,97.70,97.16,99.33,98.25,97.70,97.16,96.62,96.07,95.53,95.53,94.99,95.53,95.53,94.99,94.45,94.45,94.45,93.36,93.36,92.28,93.36,93.36,92.28,92.28,92.28,92.28,91.73,91.19,91.19"
Rec-027_std_2,8,11,2223,core,343,331,0.0,5.0,0.9869,345,334,353,337,1.0,True,94.7327,104.2157,88.4761,3.5463,94.4463,"104.22,102.04,100.42,99.33,98.25,97.70,96.62,95.53,94.45,98.79,98.25,97.16,96.62,95.53,95.53,94.45,93.36,91.73,95.53,94.99,94.99,94.45,93.36,93.36,92.28,91.19,90.10,93.36,92.28,92.28,91.73,91.19,91.19,90.10,89.56,88.48"
Rec-027_std_2,8,12,2224,core,347,331,0.0,4.0,0.9829,349,334,357,337,1.0,True,91.6119,105.3012,78.7067,5.9868,92.0039,"105.30,103.13,100.42,98.25,96.07,94.99,93.36,89.56,82.51,98.79,97.70,96.07,94.99,93.36,92.28,90.65,87.39,80.88,94.99,94.45,93.36,92.28,91.19,89.56,88.48,85.76,80.33,92.28,91.73,91.19,90.10,89.56,87.93,86.31,84.13,78.71"
Rec-027_std_2,8,13,2225,core,352,331,0.0,5.0,0.9848,354,334,362,337,0.4444,False,81.9933,100.4165,74.9074,7.4669,78.1639,"100.42,97.70,92.28,84.13,79.79,77.62,75.99,75.99,75.45,94.99,93.36,89.56,82.51,78.71,77.08,75.99,75.45,74.91,91.19,89.56,86.85,80.88,77.62,76.54,75.45,75.45,74.91,89.56,87.93,84.68,80.33,77.62,75.99,75.45,74.91,74.91"
Rec-027_std_2,8,14,2226,core,355,331,0.0,3.0,0.9829,357,334,365,337,0.1111,False,77.5156,89.5616,74.3647,3.2811,75.9929,"89.56,84.13,80.33,77.62,77.08,75.99,75.99,75.45,75.45,84.68,80.88,78.16,77.08,75.99,75.99,75.45,75.45,74.91,82.51,78.71,77.62,76.54,75.99,75.99,75.45,74.91,74.91,80.88,78.16,77.08,75.99,75.99,75.45,74.91,74.91,74.36"
Rec-027_std_2,9,1,2367,core,290,331,0.0,0.0,0.9873,292,334,300,337,1.0,True,93.2703,99.331,86.3051,3.4505,92.818,"98.79,99.33,98.79,97.70,97.70,97.70,97.70,97.16,96.62,93.36,93.36,94.45,94.45,94.99,94.99,94.99,94.99,94.99,88.48,89.56,91.19,91.19,92.28,92.28,92.28,92.28,92.28,86.31,87.93,88.48,89.56,89.56,90.10,90.65,90.65,90.65"
Rec-027_std_2,9,2,2368,core,301,331,0.0,11.0,0.9869,303,334,311,337,1.0,True,94.9136,107.4722,89.5616,3.9495,94.4463,"107.47,104.22,102.04,99.33,97.70,96.62,95.53,94.99,94.45,100.42,98.79,97.16,96.62,95.53,94.45,94.45,93.36,93.36,95.53,94.99,94.45,94.45,93.36,92.28,92.28,91.73,91.19,92.28,92.28,91.73,91.19,91.19,91.19,90.65,90.10,89.56"
Rec-027_std_2,9,3,2369,core,310,331,0.0,9.0,0.9876,312,334,320,337,1.0,True,93.2854,104.2157,89.0188,3.4258,92.2753,"104.22,102.04,98.79,97.16,95.53,94.45,94.45,93.36,93.36,98.25,96.62,94.99,94.45,93.36,93.36,92.28,92.28,91.19,94.45,93.36,92.28,92.28,91.73,91.19,90.65,90.65,90.10,91.19,91.19,90.65,90.65,90.10,89.56,89.56,89.56,89.02"
Rec-027_std_2,9,4,2370,core,315,331,0.0,5.0,0.9872,317,334,325,337,1.0,True,92.5919,102.0447,89.5616,2.8242,92.0039,"102.04,99.33,97.16,95.53,94.45,94.45,93.36,93.36,93.36,96.62,94.99,94.45,93.36,92.28,92.28,92.28,91.73,91.73,92.28,92.28,91.73,91.19,91.19,91.19,90.65,90.65,90.65,90.65,90.10,90.10,90.10,89.56,89.56,89.56,89.56,89.56"
Rec-027_std_2,9,5,2371,core,324,331,0.0,9.0,0.9874,326,334,334,337,1.0,True,94.0844,102.0447,91.1898,2.5713,93.9035,"102.04,99.87,98.25,96.62,96.07,96.07,95.53,95.53,95.53,96.62,95.53,95.53,94.99,94.45,94.45,94.45,94.45,94.45,93.36,93.36,93.36,93.36,93.36,92.28,92.28,92.28,92.28,91.19,91.19,91.19,91.19,91.19,91.19,91.19,91.19,91.19"
Rec-027_std_2,9,6,2372,core,333,331,0.0,9.0,0.9876,335,334,343,337,1.0,True,95.9539,103.6729,92.2753,2.705,95.5318,"103.67,102.04,100.42,99.33,98.25,98.25,98.25,97.70,97.70,98.25,97.70,97.16,96.62,96.62,96.62,96.07,95.53,95.53,95.53,94.99,94.99,94.99,94.45,94.45,94.45,94.45,94.45,93.36,93.36,93.36,93.36,93.36,92.28,92.28,92.28,92.28"
Rec-027_std_2,9,7,2373,core,337,331,0.0,4.0,0.9866,339,334,347,337,1.0,True,96.6474,105.8439,92.2753,3.1308,96.0745,"105.84,103.67,102.04,100.42,99.33,99.33,98.25,98.25,97.70,99.87,99.33,98.25,97.70,97.16,97.16,96.62,96.07,95.53,96.62,96.07,95.53,95.53,95.53,94.99,94.45,94.45,94.45,94.45,94.45,93.36,93.36,93.36,93.36,92.28,92.28,92.28"
Rec-027_std_2,9,8,2374,core,342,331,0.0,5.0,0.9872,344,334,352,337,1.0,True,95.8484,105.3012,89.5616,3.5043,95.5318,"105.30,103.13,101.50,100.42,99.33,98.25,98.25,96.62,95.53,99.87,98.79,98.25,97.70,97.16,96.07,95.53,94.45,93.36,96.62,96.07,95.53,95.53,94.99,94.45,93.36,92.28,91.19,94.45,94.45,93.36,93.36,92.28,91.73,91.19,90.65,89.56"
Rec-027_std_2,9,9,2375,core,346,331,0.0,4.0,0.9851,348,334,356,337,1.0,True,93.21,105.8439,83.5914,4.8974,92.818,"105.84,103.13,100.96,98.79,97.16,95.53,94.45,92.28,88.48,99.87,98.25,97.16,95.53,94.45,93.36,91.73,90.10,86.85,95.53,95.53,94.45,93.36,92.28,91.19,89.56,87.93,85.22,93.36,92.28,92.28,91.19,90.65,89.56,87.93,85.76,83.59"
Rec-027_std_2,9,10,2376,core,351,331,0.0,5.0,0.9853,353,334,361,337,0.5556,False,83.7723,101.502,74.9074,7.8869,81.4204,"101.50,98.25,95.53,90.65,83.05,78.71,77.08,75.99,75.99,96.07,94.45,92.28,88.48,81.96,78.16,76.54,75.99,75.45,92.28,91.19,89.56,86.31,80.88,77.62,75.99,75.45,74.91,90.10,89.02,87.39,84.68,80.33,77.62,75.99,75.45,74.91"
Rec-027_std_2,9,11,2377,core,355,331,0.0,4.0,0.9849,357,334,365,337,0.1111,False,77.2141,88.4761,74.3647,3.0951,75.9929,"88.48,83.05,79.79,77.62,76.54,75.99,75.99,75.45,74.91,84.13,79.79,78.16,77.08,75.99,75.99,75.45,74.91,74.91,81.96,78.71,77.62,75.99,75.99,75.45,74.91,74.91,74.36,80.88,77.62,76.54,75.99,75.45,75.45,74.91,74.36,74.36"
Rec-027_std_2,10,1,2514,core,290,331,0.0,0.0,0.9827,292,334,300,337,1.0,True,93.7075,102.0447,86.3051,3.7124,93.3608,"101.50,102.04,100.42,98.25,97.70,97.70,97.70,97.16,96.62,94.45,94.45,94.45,94.45,94.99,95.53,94.99,94.99,94.99,89.56,90.65,91.19,92.28,92.28,92.28,92.28,92.28,92.28,86.31,87.93,89.02,89.56,90.10,90.65,90.65,90.65,91.19"
Rec-027_std_2,10,2,2515,core,304,331,0.0,14.0,0.9869,306,334,314,337,1.0,True,94.2654,105.3012,89.5616,3.5127,93.3608,"105.30,103.13,99.87,98.25,96.62,95.53,94.99,94.45,94.45,99.33,97.70,96.07,95.53,94.99,94.45,93.36,93.36,92.28,94.99,94.45,93.36,93.36,92.28,92.28,91.73,91.73,91.19,92.28,92.28,91.73,91.19,91.19,90.65,90.10,89.56,89.56"
Rec-027_std_2,10,3,2516,core,313,331,0.0,9.0,0.9877,315,334,323,337,1.0,True,93.5718,103.1302,89.5616,2.9763,93.3608,"103.13,100.42,98.25,96.62,95.53,95.53,94.45,94.45,94.45,97.70,96.07,95.53,94.45,94.45,93.36,93.36,93.36,92.28,93.36,93.36,93.36,92.28,92.28,91.73,91.73,91.19,91.19,91.19,91.19,91.19,91.19,90.65,90.10,90.10,89.56,89.56"
Rec-027_std_2,10,4,2517,core,322,331,0.0,9.0,0.9884,324,334,332,337,1.0,True,94.1598,103.1302,91.1898,2.7302,94.4463,"103.13,100.42,98.25,97.16,96.07,95.53,95.53,95.53,95.53,97.16,96.07,95.53,94.99,94.45,94.45,94.45,94.45,94.45,94.45,93.36,93.36,92.28,92.28,92.28,92.28,92.28,92.28,91.73,91.73,91.19,91.19,91.19,91.19,91.19,91.19,91.19"
Rec-027_std_2,10,5,2518,core,326,331,0.0,4.0,0.9862,328,334,336,337,1.0,True,94.9739,103.6729,91.7325,2.879,94.7176,"103.67,101.50,99.87,98.25,97.16,97.16,96.62,96.62,96.62,98.25,97.16,96.07,95.53,95.53,95.53,94.99,94.99,94.99,94.45,94.45,93.36,93.36,93.36,93.36,93.36,93.36,93.36,91.73,92.28,91.73,91.73,91.73,91.73,91.73,91.73,91.73"
Rec-027_std_2,10,6,2519,core,331,331,0.0,5.0,0.9882,333,334,341,337,1.0,True,95.7428,103.6729,92.2753,2.8585,95.2604,"103.67,102.04,99.87,98.79,98.25,98.25,98.25,98.25,98.25,98.25,97.70,96.62,96.62,96.62,96.07,96.07,96.07,95.53,94.99,94.99,94.45,94.45,94.45,94.45,94.45,94.45,94.45,92.28,92.28,92.28,92.28,92.28,92.28,92.28,92.28,92.28"
Rec-027_std_2,10,7,2520,core,335,331,0.0,4.0,0.9855,337,334,345,337,1.0,True,96.7831,105.8439,92.2753,3.1694,96.3459,"105.84,103.67,102.04,100.96,99.87,99.33,99.33,98.79,98.25,99.87,98.79,98.25,97.70,97.70,97.16,97.16,96.62,96.62,96.07,95.53,95.53,95.53,95.53,94.99,94.99,94.45,94.45,94.45,93.36,93.36,93.36,93.36,93.36,93.36,92.28,92.28"
Rec-027_std_2,10,8,2521,core,340,331,0.0,5.0,0.9879,342,334,350,337,1.0,True,96.6625,105.8439,91.1898,3.2899,96.0745,"105.84,103.67,102.04,100.96,99.87,99.87,98.79,98.25,97.70,99.87,99.33,98.25,98.25,97.70,97.16,96.62,96.07,95.53,96.62,96.07,95.53,95.53,95.53,94.99,94.45,94.45,93.36,94.45,94.45,93.36,93.36,93.36,93.36,92.28,91.73,91.19"
Rec-027_std_2,10,9,2522,core,344,331,0.0,4.0,0.9838,346,334,354,337,1.0,True,95.5921,106.9294,87.9333,4.1783,95.2604,"106.93,104.22,103.13,100.96,99.87,98.25,97.16,95.53,94.45,100.42,99.33,98.25,98.25,97.16,95.53,94.99,93.36,91.73,96.62,96.07,95.53,95.53,94.45,93.36,92.28,91.19,89.56,94.45,94.45,93.36,93.36,92.28,91.19,90.65,89.56,87.93"
Rec-027_std_2,10,10,2523,core,349,331,0.0,5.0,0.9862,351,334,359,337,0.7778,False,87.9333,103.6729,75.9929,7.8213,89.8329,"103.67,100.96,98.25,95.53,94.45,90.10,83.05,78.71,76.54,98.25,96.07,94.99,93.36,91.19,87.93,81.42,77.62,75.99,94.45,93.36,92.28,90.65,89.56,85.76,80.88,77.62,75.99,92.28,91.19,90.10,89.02,87.39,84.13,79.79,77.08,75.99"
Rec-027_std_2,10,11,2524,core,353,331,0.0,4.0,0.982,355,334,363,337,0.3333,False,80.546,100.9592,74.3647,6.8834,77.0784,"100.96,94.99,85.76,80.88,78.16,76.54,75.99,75.45,75.45,94.99,90.65,83.05,79.79,77.08,75.99,75.99,75.45,74.91,91.19,87.93,81.96,78.16,77.08,75.99,75.45,75.45,74.91,88.48,85.76,80.88,77.62,76.54,75.99,75.45,74.36,74.36"
Rec-027_std_2,10,12,2525,core,355,330,26.57,2.24,0.9878,357,333,365,336,0.1111,False,78.5107,96.0745,74.3647,4.7697,76.2643,"96.07,88.48,83.59,79.79,77.62,76.54,75.99,75.99,74.91,89.56,83.05,79.79,77.62,77.08,75.99,75.99,75.45,74.91,84.68,80.33,78.16,77.08,75.99,75.99,75.45,74.91,74.91,82.51,78.71,77.08,75.99,75.99,75.45,75.45,74.91,74.36"
Rec-027_std_2,11,1,2660,core,290,331,0.0,0.0,0.9861,292,334,300,337,1.0,True,93.4211,100.9592,86.3051,3.5099,93.3608,"100.42,100.96,98.79,98.25,97.70,97.16,97.16,96.62,96.07,94.45,94.45,94.45,94.45,94.99,94.99,94.99,94.99,94.45,89.02,90.10,91.19,91.19,92.28,92.28,92.28,92.28,92.28,86.31,87.93,89.02,89.56,90.10,90.10,90.65,90.65,90.65"
Rec-027_std_2,11,2,2661,core,294,331,0.0,4.0,0.9857,296,334,304,337,1.0,True,95.4715,106.9294,91.1898,3.93,94.4463,"106.93,105.30,103.13,100.42,98.79,98.25,97.70,96.62,96.07,99.33,98.25,97.16,96.62,96.07,96.07,95.53,94.99,94.45,94.45,94.45,94.45,94.45,94.45,93.36,93.36,92.28,92.28,91.19,91.19,91.19,91.73,91.73,91.19,91.19,91.19,91.19"
Rec-027_std_2,11,3,2662,core,299,331,0.0,5.0,0.9872,301,334,309,337,1.0,True,95.0493,106.3867,90.1043,3.5585,94.4463,"106.39,103.67,100.96,98.79,97.70,97.16,96.07,95.53,95.53,99.33,98.25,97.16,96.07,95.53,95.53,94.45,94.45,94.45,94.99,94.99,94.45,94.45,93.36,93.36,92.28,92.28,91.73,92.28,92.28,92.28,91.73,91.19,91.19,91.19,90.65,90.10"
Rec-027_std_2,11,4,2663,core,303,331,0.0,4.0,0.9871,305,334,313,337,1.0,True,95.1096,107.4722,90.1043,3.7714,94.4463,"107.47,104.22,101.50,99.33,97.70,96.62,95.53,95.53,94.99,100.42,98.79,97.16,96.07,95.53,94.99,94.45,94.45,93.36,95.53,94.99,94.45,94.45,93.36,93.36,92.28,92.28,91.73,92.28,92.28,92.28,91.73,91.73,91.19,91.19,90.65,90.10"
Rec-027_std_2,11,5,2664,core,308,331,0.0,5.0,0.9877,310,334,318,337,1.0,True,94.1598,104.2157,89.5616,3.2325,93.3608,"104.22,102.04,99.33,97.70,96.62,95.53,94.99,94.45,94.45,98.79,97.70,95.53,95.53,94.45,94.45,93.36,93.36,92.28,94.99,94.45,93.36,93.36,92.28,92.28,91.73,91.19,91.19,92.28,92.28,91.73,91.19,91.19,91.19,90.65,90.10,89.56"
Rec-027_std_2,11,6,2665,core,317,331,0.0,9.0,0.988,319,334,327,337,1.0,True,93.8583,103.1302,90.1043,2.8702,93.3608,"103.13,100.42,98.25,97.16,96.07,95.53,94.99,94.45,94.45,97.70,96.07,95.53,94.99,94.45,94.45,93.36,93.36,93.36,94.45,93.36,93.36,92.28,92.28,92.28,91.73,91.73,91.19,91.73,91.19,91.19,91.19,91.19,90.65,90.65,90.65,90.10"
Rec-027_std_2,11,7,2666,core,321,331,0.0,4.0,0.9869,323,334,331,337,1.0,True,94.3709,103.6729,91.1898,2.9538,94.4463,"103.67,101.50,99.33,97.70,96.62,95.53,95.53,95.53,95.53,98.25,96.62,95.53,94.99,94.45,94.45,94.45,94.45,94.45,94.45,94.45,93.36,93.36,92.28,92.28,92.28,92.28,92.28,91.73,91.73,91.19,91.19,91.19,91.19,91.19,91.19,91.19"
Rec-027_std_2,11,8,2667,core,326,331,0.0,5.0,0.9881,328,334,336,337,1.0,True,94.8684,103.1302,91.7325,2.6654,94.7176,"103.13,100.42,98.25,97.70,97.16,97.16,97.16,96.62,96.62,97.70,96.62,95.53,95.53,95.53,95.53,95.53,95.53,94.99,94.45,94.45,93.36,93.36,93.36,93.36,93.36,93.36,93.36,92.28,91.73,91.73,91.73,91.73,91.73,91.73,91.73,91.73"
Rec-027_std_2,11,9,2668,core,339,331,0.0,13.0,0.9851,341,334,349,337,1.0,True,96.7982,106.3867,91.7325,3.2964,96.3459,"106.39,104.22,102.04,100.96,99.87,99.33,98.79,98.25,98.25,100.42,99.33,98.25,98.25,97.70,97.16,96.62,96.62,95.53,96.62,96.07,96.07,95.53,95.53,94.99,94.45,94.45,93.36,94.45,94.45,94.45,93.36,93.36,93.36,92.28,92.28,91.73"
Rec-027_std_2,11,10,2669,core,344,331,0.0,5.0,0.9872,346,334,354,337,1.0,True,95.2604,105.3012,87.9333,3.8046,94.7176,"105.30,103.13,101.50,99.87,98.79,98.25,96.62,95.53,93.36,99.87,98.79,98.25,97.16,96.62,95.53,94.45,93.36,91.73,96.62,96.07,95.53,94.99,94.45,93.36,92.28,91.19,89.56,94.45,94.45,93.36,93.36,92.28,91.19,90.65,89.56,87.93"
Rec-027_std_2,11,11,2670,core,348,331,0.0,4.0,0.9837,350,334,358,337,0.8889,False,90.3154,105.8439,76.5357,7.4376,91.1898,"105.84,103.13,100.42,98.25,95.53,93.36,89.56,82.51,78.16,99.87,98.25,96.07,94.99,93.36,91.19,87.93,80.88,77.62,95.53,94.45,93.36,92.28,91.19,89.56,85.76,80.33,77.62,93.36,92.28,91.19,90.10,89.02,87.93,84.13,79.79,76.54"
Rec-027_std_2,11,12,2671,core,355,330,8.13,7.07,0.9864,357,333,365,336,0.1111,False,78.6916,96.6172,74.3647,4.8671,76.5357,"96.62,89.02,83.59,79.79,77.62,76.54,75.99,75.99,75.45,89.56,83.59,79.79,78.16,77.08,75.99,75.99,75.45,74.91,85.22,80.88,78.16,77.08,75.99,75.99,75.99,75.45,74.91,83.05,78.71,77.62,76.54,75.99,75.45,75.45,74.91,74.36"
Rec-027_std_2,12,1,2798,core,290,331,0.0,0.0,0.9884,292,334,300,337,1.0,True,93.1949,99.331,86.3051,3.2635,92.818,"98.79,99.33,98.25,97.70,97.16,97.16,97.16,96.62,96.62,93.36,93.36,93.36,94.45,94.45,94.45,94.99,94.99,94.99,89.02,89.56,91.19,91.73,91.73,92.28,92.28,92.28,92.28,86.31,87.93,89.02,89.56,90.10,90.65,90.65,90.65,90.65"
Rec-027_std_2,12,2,2799,core,292,331,0.0,2.0,0.985,294,334,302,337,1.0,True,94.793,104.2157,89.5616,3.4139,94.1749,"104.22,102.04,100.96,99.33,98.25,98.25,97.70,97.16,96.62,96.62,96.62,96.07,95.53,95.53,95.53,95.53,95.53,94.99,92.28,93.36,93.36,93.36,93.36,93.36,93.36,93.36,92.28,89.56,90.10,91.19,91.19,91.19,91.19,91.19,91.19,91.19"
Rec-027_std_2,12,3,2800,core,296,331,0.0,4.0,0.9864,298,334,306,337,1.0,True,95.9539,108.5576,91.1898,4.0253,94.989,"108.56,105.84,103.13,100.96,99.33,98.25,97.16,96.62,96.07,100.96,99.33,98.25,97.16,96.62,96.07,95.53,94.99,94.45,95.53,94.99,94.99,94.45,94.45,94.45,93.36,93.36,92.28,92.28,92.28,92.28,92.28,92.28,91.73,91.73,91.19,91.19"
Rec-027_std_2,12,4,2801,core,301,331,0.0,5.0,0.9861,303,334,311,337,1.0,True,95.2152,106.9294,90.6471,3.5368,94.7176,"106.93,103.67,101.50,98.79,97.70,96.62,96.07,95.53,94.99,99.87,98.25,97.16,96.62,95.53,94.99,94.45,94.45,93.36,95.53,95.53,94.99,94.45,93.36,93.36,93.36,92.28,91.73,93.36,92.28,92.28,92.28,91.73,91.73,91.19,91.19,90.65"
Rec-027_std_2,12,5,2802,core,305,331,0.0,4.0,0.9875,307,334,315,337,1.0,True,95.1096,106.9294,90.6471,3.557,94.4463,"106.93,103.67,101.50,98.79,97.70,96.62,95.53,94.99,94.45,99.87,98.25,97.16,96.07,95.53,94.99,94.45,94.45,93.36,95.53,94.99,94.45,94.45,94.45,93.36,92.28,92.28,91.73,93.36,92.28,92.28,92.28,91.73,91.19,91.19,91.19,90.65"
Rec-027_std_2,12,6,2803,core,310,331,0.0,5.0,0.9873,312,334,320,337,1.0,True,94.2955,104.2157,90.1043,3.0639,93.9035,"104.22,101.50,99.33,97.70,96.07,95.53,94.99,94.45,94.45,98.79,97.16,95.53,95.53,94.99,94.45,93.36,93.36,93.36,94.99,94.45,94.45,93.36,93.36,92.28,91.73,91.73,91.73,92.28,92.28,91.73,91.73,91.19,91.19,90.65,90.65,90.10"
Rec-027_std_2,12,7,2804,core,314,331,0.0,4.0,0.9879,316,334,324,337,1.0,True,94.2654,104.2157,90.6471,3.0702,93.9035,"104.22,102.04,99.33,97.70,96.07,95.53,94.99,94.99,94.45,98.25,97.16,95.53,95.53,94.45,94.45,94.45,93.36,93.36,94.45,94.45,93.36,93.36,92.28,92.28,92.28,91.73,91.73,92.28,91.73,91.19,91.73,91.19,91.19,91.19,90.65,90.65"
Rec-027_std_2,12,8,2805,core,319,331,0.0,5.0,0.988,321,334,329,337,1.0,True,94.2955,103.1302,91.1898,2.7095,94.4463,"103.13,100.42,98.25,97.16,96.07,95.53,95.53,95.53,95.53,97.70,96.07,95.53,95.53,94.99,94.45,94.45,94.45,94.45,94.45,93.36,93.36,93.36,93.36,93.36,92.28,92.28,92.28,91.73,91.19,91.73,91.19,91.19,91.19,91.19,91.19,91.19"
Rec-027_std_2,12,9,2806,core,323,331,0.0,4.0,0.9879,325,334,333,337,1.0,True,95.5016,104.2157,91.7325,2.8832,94.989,"104.22,102.04,100.42,98.79,98.25,97.70,97.16,97.16,97.16,98.25,97.70,96.62,96.07,95.53,95.53,95.53,95.53,95.53,94.45,94.45,94.45,94.45,94.45,94.45,94.45,94.45,93.36,92.28,92.28,92.28,92.28,92.28,92.28,92.28,92.28,91.73"
Rec-027_std_2,12,10,2807,core,328,331,0.0,5.0,0.9878,330,334,338,337,1.0,True,96.1348,104.2157,92.2753,2.7992,95.8031,"104.22,102.04,100.42,99.33,98.79,98.25,98.25,98.25,98.25,98.79,98.25,97.16,97.16,96.62,96.62,96.62,96.07,96.07,95.53,95.53,94.99,94.99,94.99,94.45,94.45,94.45,94.45,93.36,93.36,93.36,93.36,93.36,92.28,92.28,92.28,92.28"
Rec-027_std_2,12,11,2808,core,332,331,0.0,4.0,0.9872,334,334,342,337,1.0,True,97.0695,106.3867,92.2753,3.1244,96.6172,"106.39,104.22,102.04,100.96,100.42,99.33,98.79,98.79,98.25,100.42,99.33,98.25,98.25,97.70,97.70,97.16,96.62,96.62,96.62,96.07,95.53,95.53,95.53,95.53,95.53,94.99,94.45,94.45,94.45,94.45,94.45,93.36,93.36,93.36,93.36,92.28"
Rec-027_std_2,12,12,2809,core,337,331,0.0,5.0,0.9877,339,334,347,337,1.0,True,96.964,105.8439,92.2753,3.0839,96.6172,"105.84,103.67,102.04,100.96,100.42,99.33,98.79,98.79,98.25,99.87,99.33,98.25,98.25,97.70,97.16,97.16,96.62,96.07,96.62,96.62,96.07,95.53,95.53,95.53,94.99,94.45,94.45,94.45,94.45,94.45,94.45,93.36,93.36,93.36,92.28,92.28"
Rec-027_std_2,12,13,2810,core,341,331,0.0,4.0,0.9856,343,334,351,337,1.0,True,96.8735,106.9294,91.1898,3.5348,96.0745,"106.93,104.22,103.13,101.50,100.42,99.33,98.79,98.25,97.70,100.96,99.87,98.79,98.25,98.25,97.70,96.62,95.53,94.99,97.16,96.62,95.53,95.53,95.53,94.99,94.45,94.45,92.28,94.45,94.45,94.45,94.45,93.36,93.36,92.28,91.73,91.19"
Rec-027_std_2,12,14,2811,core,346,331,0.0,5.0,0.9865,348,334,356,337,1.0,True,93.6171,105.3012,84.1341,4.7012,93.9035,"105.30,103.13,100.96,98.79,97.70,96.07,94.45,92.28,89.02,99.87,98.25,97.70,96.07,94.99,94.45,92.28,90.65,87.39,95.53,95.53,94.99,94.45,92.28,91.73,90.10,88.48,85.76,94.45,93.36,92.28,91.73,91.19,89.56,88.48,86.85,84.13"
Rec-027_std_2,12,15,2812,core,350,331,0.0,4.0,0.984,352,334,360,337,0.6667,False,86.2146,104.2157,75.4502,8.4533,87.1192,"104.22,101.50,98.25,95.53,90.65,83.05,78.71,77.08,75.99,98.25,96.07,94.45,92.28,88.48,81.96,78.16,76.54,75.45,94.45,92.28,91.19,89.56,86.31,80.88,77.62,75.99,75.45,91.73,90.65,89.56,87.93,84.68,79.79,77.62,75.99,75.45"
Rec-027_std_2,12,16,2813,core,355,331,0.0,5.0,0.983,357,334,365,337,0.1111,False,77.1387,87.9333,74.3647,2.9968,75.9929,"87.93,82.51,78.71,77.62,76.54,75.99,75.45,75.45,74.91,84.13,79.79,77.62,76.54,75.99,75.45,75.45,74.91,74.91,81.96,78.71,77.62,75.99,75.99,75.45,75.45,74.91,74.36,80.88,78.16,77.08,75.99,75.45,75.45,74.91,74.36,74.36"
Rec-027_std_2,13,1,2936,core,290,331,0.0,0.0,0.9876,292,334,300,337,1.0,True,93.2402,99.8737,86.8478,3.3165,92.818,"99.87,99.87,98.79,97.70,97.16,97.16,97.16,96.62,96.07,93.36,94.45,93.36,94.45,94.45,94.45,94.45,94.45,94.45,89.02,90.10,91.19,91.19,92.28,92.28,92.28,92.28,92.28,86.85,87.93,89.02,89.56,89.56,90.65,90.65,90.65,90.65"
Rec-027_std_2,13,2,2937,core,293,331,0.0,3.0,0.9846,295,334,303,337,1.0,True,95.4564,106.9294,90.6471,4.003,94.7176,"106.93,105.30,103.13,100.96,99.33,98.25,98.25,97.16,96.62,98.25,98.25,97.16,96.62,96.07,95.53,95.53,95.53,94.99,93.36,94.45,94.45,94.45,93.36,93.36,93.36,93.36,92.28,90.65,91.19,91.19,91.19,91.19,91.19,91.19,91.19,91.19"
Rec-027_std_2,13,3,2938,core,298,331,0.0,5.0,0.988,300,334,308,337,1.0,True,95.6524,107.4722,91.1898,3.7844,95.2604,"107.47,105.30,102.04,100.42,98.25,97.70,97.16,96.07,95.53,100.42,98.79,97.70,96.62,96.07,95.53,95.53,94.45,94.45,95.53,95.53,94.99,94.45,94.45,94.45,93.36,92.28,92.28,92.28,92.28,92.28,92.28,92.28,91.73,91.19,91.19,91.19"
Rec-027_std_2,13,4,2939,core,302,331,0.0,4.0,0.9866,304,334,312,337,1.0,True,95.381,108.0149,90.6471,3.913,94.4463,"108.01,105.30,102.04,99.87,98.25,97.16,96.07,95.53,94.99,100.96,98.79,97.70,96.62,95.53,94.99,94.45,94.45,93.36,95.53,95.53,94.45,94.45,93.36,93.36,92.28,92.28,92.28,93.36,92.28,92.28,92.28,91.73,91.73,91.19,90.65,90.65"
Rec-027_std_2,13,5,2940,core,316,331,0.0,14.0,0.9892,318,334,326,337,1.0,True,94.2955,103.1302,90.6471,2.7663,93.9035,"103.13,100.96,98.79,97.16,96.07,95.53,95.53,94.99,94.99,98.25,96.62,95.53,95.53,94.45,94.45,94.45,93.36,93.36,94.45,94.45,93.36,93.36,93.36,92.28,92.28,92.28,92.28,92.28,91.73,91.73,91.73,91.73,91.19,91.19,91.19,90.65"
Rec-027_std_2,13,6,2941,core,325,331,0.0,9.0,0.9897,327,334,335,337,1.0,True,95.4413,103.1302,92.2753,2.6295,95.2604,"103.13,101.50,99.33,98.25,97.70,97.16,97.16,97.16,97.16,98.25,97.70,96.62,96.07,95.53,95.53,95.53,95.53,95.53,94.99,94.45,94.45,94.45,94.45,94.45,94.45,94.45,94.45,92.28,92.28,92.28,92.28,92.28,92.28,92.28,92.28,92.28"
Rec-027_std_2,13,7,2942,core,330,331,0.0,5.0,0.9866,332,334,340,337,1.0,True,96.3157,103.1302,93.3608,2.4186,96.0745,"103.13,101.50,99.87,98.79,98.79,98.25,98.25,98.25,98.25,98.25,97.70,97.16,97.16,97.16,97.16,96.62,96.62,96.62,95.53,95.53,95.53,95.53,95.53,94.99,94.99,94.99,94.99,93.36,93.36,93.36,93.36,93.36,93.36,93.36,93.36,93.36"
Rec-027_std_2,13,8,2943,core,334,331,0.0,4.0,0.9894,336,334,344,337,1.0,True,97.5068,105.8439,93.3608,2.9204,97.16,"105.84,103.67,102.04,101.50,100.42,99.87,99.87,99.33,99.33,100.42,99.33,98.79,98.25,98.25,98.25,97.70,97.70,97.70,96.62,96.62,96.07,96.07,96.07,96.07,95.53,95.53,95.53,94.45,94.45,94.45,94.45,94.45,94.45,94.45,93.36,93.36"
Rec-027_std_2,13,9,2944,core,339,331,0.0,5.0,0.9861,341,334,349,337,1.0,True,97.6123,105.8439,92.2753,3.0662,97.4314,"105.84,103.67,103.13,101.50,100.96,100.42,99.87,99.33,98.79,100.42,99.87,99.33,98.79,98.25,98.25,98.25,97.70,96.62,97.70,97.16,96.62,96.62,96.07,95.53,95.53,95.53,94.45,95.53,94.99,94.99,94.45,94.45,94.45,93.36,93.36,92.28"
Rec-027_std_2,13,10,2945,core,348,331,0.0,9.0,0.9842,350,334,358,337,0.8889,False,90.5415,105.3012,77.0784,7.3897,91.7325,"105.30,102.04,99.87,98.25,95.53,94.45,90.10,82.51,77.62,99.33,98.25,96.62,95.53,94.45,91.73,87.93,81.42,77.62,96.07,95.53,94.45,92.28,91.19,89.56,85.76,80.33,77.62,93.36,93.36,91.73,90.65,89.56,87.93,84.68,79.79,77.08"
Rec-027_std_2,13,11,2946,core,352,331,0.0,4.0,0.9859,354,334,362,337,0.4444,False,82.4003,102.0447,74.9074,7.8992,78.4353,"102.04,98.25,93.36,84.13,79.79,77.62,76.54,75.99,75.45,96.07,94.45,89.56,82.51,78.71,77.08,75.99,75.45,74.91,92.28,91.19,87.93,81.42,78.16,76.54,75.99,74.91,74.91,90.65,89.02,85.76,80.88,77.62,75.99,75.45,74.91,74.91"
Rec-027_std_2,13,12,2947,core,355,330,18.43,3.16,0.9846,357,333,365,336,0.1111,False,78.7217,97.16,74.3647,4.9916,76.5357,"97.16,89.02,84.13,79.79,77.62,76.54,75.99,75.99,75.45,90.10,83.59,80.33,78.16,76.54,75.99,75.99,75.45,74.91,85.22,80.88,78.16,77.08,75.99,75.99,75.45,75.45,74.91,83.05,78.71,77.62,76.54,75.99,75.45,75.45,74.91,74.36"
Rec-027_std_2,14,1,3076,core,290,331,0.0,0.0,0.9892,292,334,300,337,1.0,True,93.7226,100.4165,86.3051,3.5567,93.3608,"99.33,100.42,98.79,98.25,98.25,98.25,98.25,97.70,97.70,93.36,94.45,94.45,94.45,95.53,95.53,95.53,95.53,95.53,89.02,90.10,91.19,91.73,92.28,92.28,93.36,92.28,93.36,86.31,87.93,89.02,89.56,90.10,90.65,91.19,91.19,91.19"
Rec-027_std_2,14,2,3077,core,291,331,0.0,1.0,0.984,293,334,301,337,1.0,True,95.0945,105.3012,88.4761,3.9384,94.989,"105.30,103.67,102.04,100.42,99.33,98.79,98.25,98.25,97.70,96.62,96.62,96.07,96.62,96.07,96.62,96.07,96.07,95.53,91.19,92.28,93.36,93.36,94.45,93.36,93.36,93.36,93.36,88.48,89.56,90.10,91.19,91.19,91.19,91.19,91.19,91.19"
Rec-027_std_2,14,3,3078,core,296,331,0.0,5.0,0.988,298,334,306,337,1.0,True,96.2856,108.0149,91.1898,3.8639,95.5318,"108.01,105.30,103.13,100.96,99.87,98.79,98.25,97.70,97.16,100.42,99.33,98.25,97.70,97.16,96.62,96.07,95.53,95.53,95.53,95.53,95.53,94.99,94.45,94.45,94.45,93.36,93.36,92.28,92.28,92.28,92.28,92.28,92.28,92.28,91.73,91.19"
Rec-027_std_2,14,4,3079,core,300,331,0.0,4.0,0.9857,302,334,310,337,1.0,True,96.5569,109.1004,91.1898,3.9981,95.5318,"109.10,106.39,103.67,101.50,99.87,98.79,97.70,97.16,96.62,101.50,99.87,98.25,98.25,97.70,96.62,95.53,95.53,95.53,96.07,95.53,95.53,95.53,94.99,94.45,94.45,93.36,93.36,93.36,93.36,93.36,93.36,92.28,92.28,92.28,91.73,91.19"
Rec-027_std_2,14,5,3080,core,305,331,0.0,5.0,0.9889,307,334,315,337,1.0,True,95.6222,106.9294,91.1898,3.5533,95.2604,"106.93,104.22,101.50,99.33,98.25,97.70,97.16,96.07,95.53,100.42,98.79,97.70,96.62,96.07,95.53,95.53,94.45,94.45,96.07,95.53,94.99,94.45,94.45,93.36,93.36,92.28,92.28,93.36,93.36,92.28,92.28,92.28,91.73,91.73,91.19,91.19"
Rec-027_std_2,14,6,3081,core,310,331,0.0,5.0,0.9859,312,334,320,337,1.0,True,94.7629,105.3012,90.6471,3.1109,94.4463,"105.30,102.04,99.33,98.25,96.62,96.07,95.53,95.53,94.45,98.79,97.70,96.62,95.53,95.53,94.45,94.45,93.36,93.36,95.53,94.99,94.45,94.45,93.36,93.36,92.28,92.28,91.73,93.36,92.28,92.28,92.28,91.73,91.19,91.19,91.19,90.65"
Rec-027_std_2,14,7,3082,core,314,331,0.0,4.0,0.9895,316,334,324,337,1.0,True,94.7478,105.3012,90.6471,3.1059,94.4463,"105.30,102.04,99.87,98.25,96.62,95.53,95.53,95.53,94.99,98.79,97.70,96.07,95.53,94.99,94.45,94.45,94.45,93.36,95.53,94.45,94.45,93.36,93.36,93.36,92.28,92.28,92.28,93.36,92.28,92.28,92.28,91.73,91.19,91.19,91.19,90.65"
Rec-027_std_2,14,8,3083,core,323,331,0.0,9.0,0.9894,325,334,333,337,1.0,True,95.1247,103.6729,91.7325,2.6845,94.989,"103.67,101.50,99.33,98.25,97.16,96.62,96.62,96.07,96.07,98.25,97.16,96.07,95.53,95.53,95.53,94.99,94.99,94.99,94.99,94.45,94.45,94.45,94.45,93.36,93.36,93.36,93.36,93.36,92.28,92.28,92.28,92.28,92.28,91.73,91.73,91.73"
Rec-027_std_2,14,9,3084,core,328,331,0.0,5.0,0.9867,330,334,338,337,1.0,True,95.8936,103.6729,92.2753,2.5489,95.5318,"103.67,101.50,99.33,98.79,98.25,98.25,97.70,97.70,97.70,98.25,97.70,97.16,96.62,96.07,96.07,96.07,95.53,95.53,95.53,94.99,94.99,94.99,94.99,94.45,94.45,94.45,94.45,93.36,93.36,93.36,93.36,93.36,93.36,92.28,92.28,92.28"
Rec-027_std_2,14,10,3085,core,332,331,0.0,4.0,0.9895,334,334,342,337,1.0,True,96.9037,105.3012,93.3608,2.7122,96.3459,"105.30,103.13,101.50,100.42,99.33,98.79,98.25,98.25,98.25,99.87,98.25,98.25,97.70,97.70,97.16,97.16,96.62,96.62,96.07,95.53,95.53,95.53,95.53,95.53,95.53,94.99,94.99,94.45,94.45,94.45,94.45,94.45,94.45,93.36,93.36,93.36"
Rec-027_std_2,14,11,3086,core,337,331,0.0,5.0,0.9874,339,334,347,337,1.0,True,97.4163,105.3012,93.3608,2.7362,97.16,"105.30,103.13,101.50,100.96,100.42,99.87,99.33,98.79,98.79,100.42,99.33,98.25,98.25,98.25,98.25,97.70,97.70,97.16,97.16,96.62,96.07,96.07,96.07,96.07,95.53,95.53,95.53,94.99,94.99,94.45,94.45,94.45,94.45,94.45,93.36,93.36"
Rec-027_std_2,14,12,3087,core,341,331,0.0,4.0,0.9889,343,334,351,337,1.0,True,97.6877,106.9294,92.2753,3.2902,97.16,"106.93,105.30,103.13,102.04,100.96,100.42,99.87,98.79,98.25,101.50,100.42,99.33,98.79,98.25,98.25,97.70,97.16,95.53,97.70,97.16,96.62,96.62,96.07,96.07,95.53,94.99,94.45,95.53,95.53,94.99,94.99,94.45,94.45,93.36,93.36,92.28"
Rec-027_std_2,14,13,3088,core,346,331,0.0,5.0,0.9866,348,334,356,337,1.0,True,94.8684,105.8439,84.6769,4.7919,94.989,"105.84,103.67,102.04,100.42,98.79,97.70,95.53,94.45,89.56,100.96,99.87,98.79,97.70,96.62,95.53,94.45,92.28,87.93,97.70,97.16,96.07,95.53,94.45,92.28,91.19,89.56,85.76,95.53,94.45,94.45,93.36,92.28,91.19,89.56,87.93,84.68"
Rec-027_std_2,14,14,3089,core,350,331,0.0,4.0,0.9877,352,334,360,337,0.6667,False,87.0438,105.3012,75.4502,8.9559,88.4761,"105.30,102.04,99.33,96.62,91.73,83.59,78.71,77.08,75.99,99.33,98.25,96.07,93.36,89.56,82.51,78.16,76.54,75.99,95.53,94.45,93.36,91.19,87.93,81.42,77.62,75.99,75.45,93.36,91.73,90.65,89.02,85.76,80.88,77.62,75.99,75.45"
Rec-027_std_2,14,15,3090,core,355,330,11.31,5.1,0.993,357,333,365,336,0.1111,False,78.3599,95.5318,74.3647,4.6971,75.9929,"95.53,86.85,82.51,78.71,77.62,75.99,75.99,75.45,74.91,89.56,83.05,79.79,77.62,76.54,75.99,75.45,75.45,74.91,85.76,80.33,78.16,77.08,75.99,75.99,75.45,74.91,74.91,83.05,78.71,77.62,75.99,75.99,75.45,74.91,74.36,74.36"
Rec-027_std_2,15,1,3212,core,290,331,0.0,0.0,0.9856,292,334,300,337,1.0,True,94.7779,103.1302,87.3906,3.8448,94.7176,"102.04,103.13,101.50,99.87,99.33,98.79,98.79,98.25,98.25,94.99,95.53,95.53,95.53,96.07,96.07,96.07,96.07,96.07,89.56,91.19,92.28,93.36,93.36,94.45,94.45,94.45,94.45,87.39,88.48,89.56,90.10,91.19,91.19,91.19,91.73,91.73"
Rec-027_std_2,15,2,3213,core,299,331,0.0,9.0,0.9883,301,334,309,337,1.0,True,96.8886,109.6431,91.7325,3.9564,96.0745,"109.64,106.39,103.67,101.50,99.87,98.79,98.25,97.16,96.62,102.04,100.42,98.79,98.25,97.70,97.16,96.62,95.53,94.99,97.16,96.07,96.07,95.53,95.53,94.99,94.45,94.45,93.36,94.45,94.45,93.36,93.36,93.36,92.28,92.28,91.73,91.73"
Rec-027_std_2,15,3,3214,core,303,331,0.0,4.0,0.9862,305,334,313,337,1.0,True,96.6776,110.1859,91.1898,4.0992,95.5318,"110.19,106.93,103.67,101.50,99.33,98.25,97.16,96.62,95.53,102.04,100.96,98.79,98.25,97.16,96.07,95.53,95.53,94.99,97.16,96.62,95.53,95.53,94.99,94.45,94.45,93.36,93.36,94.45,94.45,93.36,93.36,93.36,92.28,92.28,91.73,91.19"
Rec-027_std_2,15,4,3215,core,312,331,0.0,9.0,0.9865,314,334,322,337,1.0,True,95.5016,107.4722,91.1898,3.6676,94.7176,"107.47,104.22,102.04,99.33,98.25,97.16,96.07,95.53,94.99,100.96,98.79,97.70,96.62,95.53,95.53,94.45,94.45,93.36,96.07,95.53,94.99,94.45,94.45,93.36,93.36,92.28,92.28,93.36,93.36,92.28,92.28,92.28,91.73,91.19,91.19,91.19"
Rec-027_std_2,15,5,3216,core,317,331,0.0,5.0,0.9895,319,334,327,337,1.0,True,94.7176,105.3012,90.6471,3.1918,94.4463,"105.30,102.04,99.87,98.25,96.62,96.07,95.53,94.99,94.45,99.33,97.70,96.62,95.53,95.53,94.45,94.45,93.36,93.36,95.53,94.99,94.45,93.36,93.36,93.36,92.28,92.28,91.73,93.36,92.28,92.28,91.73,91.73,91.19,91.19,90.65,90.65"
Rec-027_std_2,15,6,3217,core,326,331,0.0,9.0,0.9896,328,334,336,337,1.0,True,95.3207,103.6729,92.2753,2.7206,95.2604,"103.67,101.50,99.87,98.25,97.70,97.16,97.16,97.16,96.62,98.25,97.16,96.07,95.53,95.53,95.53,95.53,95.53,95.53,94.99,94.45,94.45,94.45,94.45,94.45,93.36,93.36,93.36,92.28,92.28,92.28,92.28,92.28,92.28,92.28,92.28,92.28"
Rec-027_std_2,15,7,3218,core,331,331,0.0,5.0,0.9869,333,334,341,337,1.0,True,96.1348,103.1302,93.3608,2.4466,95.8031,"103.13,101.50,99.87,98.79,98.79,98.25,98.25,98.25,98.25,98.25,97.70,97.16,96.62,96.62,96.62,96.07,96.07,96.07,95.53,94.99,94.99,94.99,94.99,94.99,94.99,94.45,94.45,93.36,93.36,93.36,93.36,93.36,93.36,93.36,93.36,93.36"
Rec-027_std_2,15,8,3219,core,335,331,0.0,4.0,0.9895,337,334,345,337,1.0,True,97.1449,105.3012,93.3608,2.7392,96.6172,"105.30,103.13,101.50,100.42,99.87,99.33,99.33,98.79,98.79,99.87,98.79,98.25,98.25,97.70,97.70,97.70,97.16,97.16,96.07,96.07,95.53,95.53,95.53,95.53,95.53,95.53,94.99,94.45,94.45,94.45,94.45,94.45,94.45,94.45,93.36,93.36"
Rec-027_std_2,15,9,3220,core,340,331,0.0,5.0,0.9876,342,334,350,337,1.0,True,97.3861,105.3012,93.3608,2.9013,96.6172,"105.30,103.13,102.04,101.50,100.96,100.42,99.87,99.33,98.79,99.87,99.33,98.79,98.25,98.25,98.25,97.70,97.16,96.62,96.62,96.62,96.07,96.07,96.07,95.53,95.53,95.53,94.99,94.99,94.45,94.45,94.45,94.45,94.45,93.36,93.36,93.36"
Rec-027_std_2,15,10,3221,core,344,331,0.0,4.0,0.9884,346,334,354,337,1.0,True,96.9037,106.9294,89.5616,3.8452,96.3459,"106.93,105.30,103.13,102.04,100.96,99.87,98.25,97.16,95.53,101.50,100.42,99.33,98.79,98.25,97.70,96.07,94.99,93.36,97.70,97.16,97.16,96.62,95.53,95.53,94.45,92.28,91.19,95.53,95.53,94.99,94.45,94.45,93.36,92.28,91.19,89.56"
Rec-027_std_2,15,11,3222,core,349,331,0.0,5.0,0.9862,351,334,359,337,0.7778,False,89.1847,105.3012,75.9929,8.3308,91.4612,"105.30,102.04,99.87,97.70,95.53,91.73,83.05,78.71,76.54,99.33,98.25,96.62,94.99,93.36,89.56,82.51,78.71,76.54,96.07,94.99,94.45,92.28,91.19,87.93,81.42,77.62,75.99,94.45,92.28,91.73,90.65,89.02,85.76,80.88,77.62,75.99"
Rec-027_std_2,15,12,3223,core,353,331,0.0,4.0,0.9867,355,334,363,337,0.3333,False,80.757,102.0447,74.3647,7.2706,77.3498,"102.04,95.53,85.76,80.33,77.62,76.54,75.99,75.45,74.91,96.07,91.19,83.59,79.79,77.62,75.99,75.99,75.45,74.91,92.28,89.02,81.96,78.71,77.08,75.99,75.45,74.91,74.91,90.10,86.85,80.88,77.62,76.54,75.99,74.91,74.91,74.36"
Rec-027_std_2,15,13,3224,core,355,330,26.57,2.24,0.9871,357,333,365,336,0.1111,False,78.8424,98.2455,74.3647,5.1638,76.8071,"98.25,89.56,84.13,79.79,77.62,77.08,75.99,75.99,75.45,90.10,84.13,80.33,77.62,77.08,75.99,75.45,75.45,74.91,85.76,80.88,78.16,77.08,75.99,75.99,75.45,75.45,74.91,83.05,79.79,77.62,76.54,75.99,75.99,75.45,74.91,74.36"
Rec-027_std_2,16,1,3354,core,290,331,0.0,0.0,0.9877,292,334,300,337,1.0,True,94.5518,100.9592,86.8478,3.5815,94.4463,"99.87,100.96,99.87,98.79,98.79,98.79,98.79,98.79,98.25,94.45,94.45,94.99,95.53,96.07,96.62,96.62,96.62,96.62,89.56,90.65,91.73,92.28,93.36,94.45,94.45,94.45,94.45,86.85,87.93,89.56,90.10,91.19,91.73,91.73,92.28,92.28"
Rec-027_std_2,16,2,3355,core,292,331,0.0,2.0,0.985,294,334,302,337,1.0,True,96.7831,106.9294,90.6471,3.8967,96.3459,"106.93,105.84,103.67,102.04,100.96,100.42,99.87,99.33,98.79,98.25,98.25,98.25,98.25,97.70,97.70,97.70,97.70,97.16,93.36,94.45,94.99,94.99,95.53,95.53,95.53,95.53,94.99,90.65,91.19,91.73,92.28,92.28,93.36,93.36,93.36,92.28"
Rec-027_std_2,16,3,3356,core,297,331,0.0,5.0,0.9872,299,334,307,337,1.0,True,97.4615,109.6431,92.2753,3.7394,96.6172,"109.64,106.39,103.67,102.04,100.42,99.33,98.79,98.25,97.70,102.04,100.96,99.33,98.25,98.25,97.70,97.16,96.62,96.07,97.16,96.62,96.62,96.07,95.53,95.53,95.53,94.99,94.45,94.45,94.45,94.45,94.45,93.36,93.36,93.36,93.36,92.28"
Rec-027_std_2,16,4,3357,core,301,331,0.0,4.0,0.987,303,334,311,337,1.0,True,97.5218,110.7286,92.2753,4.1036,96.6172,"110.73,107.47,105.30,102.04,100.42,98.79,98.25,97.70,96.62,103.13,101.50,99.87,98.79,98.25,97.70,96.62,96.07,95.53,98.25,97.16,96.62,96.07,95.53,95.53,94.99,94.45,94.45,94.99,94.45,94.45,94.45,93.36,93.36,93.36,92.28,92.28"
Rec-027_std_2,16,5,3358,core,306,331,0.0,5.0,0.9879,308,334,316,337,1.0,True,96.3007,108.0149,91.1898,3.5276,95.5318,"108.01,105.30,102.04,99.87,98.25,97.70,96.62,96.07,95.53,101.50,99.33,98.25,97.70,96.62,95.53,95.53,95.53,94.45,97.16,96.07,95.53,95.53,94.99,94.45,94.45,93.36,93.36,94.45,94.45,94.45,93.36,93.36,92.28,92.28,92.28,91.19"
Rec-027_std_2,16,6,3359,core,310,331,0.0,4.0,0.9874,312,334,320,337,1.0,True,96.0443,108.5576,91.1898,3.7251,95.5318,"108.56,105.30,102.04,99.87,98.25,97.16,96.62,95.53,95.53,101.50,99.33,98.25,97.16,96.07,95.53,95.53,94.99,94.45,97.16,96.07,95.53,95.53,94.45,94.45,93.36,93.36,92.28,94.45,93.36,93.36,93.36,92.28,92.28,91.73,91.73,91.19"
Rec-027_std_2,16,7,3360,core,315,331,0.0,5.0,0.9893,317,334,325,337,1.0,True,95.2152,105.3012,91.1898,3.1397,94.7176,"105.30,103.13,100.42,98.25,97.16,96.62,96.07,95.53,95.53,99.87,98.25,96.62,95.53,95.53,94.99,94.99,94.45,94.45,95.53,95.53,94.45,94.45,93.36,93.36,93.36,93.36,92.28,93.36,93.36,92.28,92.28,92.28,91.73,91.73,91.19,91.19"
Rec-027_std_2,16,8,3361,core,319,331,0.0,4.0,0.9872,321,334,329,337,1.0,True,95.7127,106.3867,91.7325,3.259,95.5318,"106.39,103.13,101.50,99.33,98.25,97.16,97.16,96.62,96.07,99.87,98.25,97.16,96.62,96.07,95.53,95.53,95.53,94.99,95.53,95.53,94.99,94.45,94.45,94.45,93.36,93.36,93.36,93.36,93.36,92.28,92.28,92.28,92.28,91.73,91.73,91.73"
Rec-027_std_2,16,9,3362,core,324,331,0.0,5.0,0.9897,326,334,334,337,1.0,True,95.9539,105.3012,92.2753,3.0059,95.5318,"105.30,103.13,100.96,99.33,98.25,98.25,97.16,97.16,97.16,99.33,98.25,97.16,97.16,96.07,95.53,96.07,95.53,95.53,95.53,95.53,94.99,94.99,94.45,94.45,94.45,94.45,94.45,93.36,93.36,93.36,92.28,92.28,92.28,92.28,92.28,92.28"
Rec-027_std_2,16,10,3363,core,333,331,0.0,9.0,0.9901,335,334,343,337,1.0,True,97.2203,105.8439,93.3608,2.857,96.8886,"105.84,103.67,102.04,100.96,99.87,99.33,98.79,98.79,98.25,100.42,99.33,98.25,98.25,97.70,97.70,97.16,97.16,97.16,96.62,96.07,96.07,95.53,95.53,95.53,95.53,95.53,94.99,94.45,94.45,94.45,94.45,94.45,94.45,94.45,93.36,93.36"
Rec-027_std_2,16,11,3364,core,337,331,0.0,4.0,0.9865,339,334,347,337,1.0,True,98.0495,108.0149,94.4463,3.1806,97.7027,"108.01,105.30,103.13,102.04,100.96,100.42,99.87,99.87,99.33,101.50,100.42,99.33,98.79,98.25,98.25,98.25,97.70,97.70,97.70,97.16,97.16,96.62,96.62,96.07,95.53,95.53,95.53,95.53,94.99,94.99,94.99,94.45,94.45,94.45,94.45,94.45"
Rec-027_std_2,16,12,3365,core,342,331,0.0,5.0,0.9899,344,334,352,337,1.0,True,97.5671,106.9294,91.1898,3.4761,97.16,"106.93,105.30,103.13,102.04,100.96,100.42,99.87,98.25,97.70,101.50,100.96,99.87,99.33,98.25,98.25,97.70,96.62,95.53,97.70,97.16,97.16,96.62,96.07,95.53,95.53,94.45,93.36,95.53,95.53,94.99,94.45,94.45,94.45,93.36,92.28,91.19"
Rec-027_std_2,16,13,3366,core,346,331,0.0,4.0,0.9856,348,334,356,337,1.0,True,95.2302,108.5576,84.6769,5.2472,95.2604,"108.56,105.84,103.13,101.50,99.33,97.70,95.53,94.45,90.10,102.04,100.96,99.33,98.25,96.62,95.53,93.36,91.73,87.93,98.25,97.16,96.62,95.53,94.45,93.36,91.19,89.56,86.31,95.53,94.99,94.45,93.36,92.28,91.19,89.56,87.93,84.68"
Rec-027_std_2,16,14,3367,core,351,331,0.0,5.0,0.9884,353,334,361,337,0.5556,False,84.7221,103.6729,74.9074,8.7453,81.9631,"103.67,100.96,97.16,92.28,83.59,78.71,77.08,75.99,75.45,98.25,96.07,94.45,89.56,82.51,78.71,77.08,75.99,75.45,94.45,93.36,91.19,87.93,81.42,77.62,76.54,75.99,74.91,92.28,91.19,89.56,85.76,80.88,77.62,75.99,75.45,74.91"
Rec-027_std_2,16,15,3368,core,355,331,0.0,4.0,0.9881,357,334,365,337,0.1111,False,77.38,89.5616,74.3647,3.4026,75.9929,"89.56,83.59,79.79,77.62,76.54,75.99,75.99,75.45,74.91,85.22,80.88,78.16,77.08,75.99,75.99,75.45,74.91,74.91,83.05,78.71,77.62,76.54,75.99,75.45,74.91,74.91,74.36,81.42,78.16,76.54,75.99,75.45,74.91,74.91,74.36,74.36"
Rec-027_std_2,17,1,3495,core,290,331,0.0,0.0,0.9881,292,334,300,337,1.0,True,94.8232,101.502,86.8478,3.6088,94.4463,"100.42,101.50,99.87,99.33,99.33,99.33,99.33,98.79,98.25,94.45,94.99,95.53,95.53,96.62,96.62,96.62,96.62,96.62,89.56,91.19,92.28,93.36,94.45,94.45,94.45,94.45,94.45,86.85,88.48,89.56,90.65,91.19,91.73,92.28,92.28,92.28"
Rec-027_std_2,17,2,3496,core,296,331,0.0,6.0,0.9866,298,334,306,337,1.0,True,97.4615,109.6431,92.2753,3.8917,96.6172,"109.64,106.93,104.22,102.04,100.42,99.87,98.79,98.25,97.70,102.04,100.96,99.87,98.79,98.25,97.70,97.16,96.62,96.07,97.16,96.62,96.07,96.07,95.53,95.53,95.53,94.99,94.45,94.45,94.45,94.45,93.36,93.36,93.36,93.36,92.28,92.28"
Rec-027_std_2,17,3,3497,core,300,331,0.0,4.0,0.9853,302,334,310,337,1.0,True,97.6726,111.2714,92.2753,4.1214,96.6172,"111.27,108.01,105.30,102.04,100.42,99.33,98.25,97.70,96.62,103.13,102.04,99.87,98.79,98.25,97.70,96.62,96.07,95.53,98.25,97.16,96.62,96.07,95.53,95.53,94.99,94.45,94.45,94.99,94.45,94.45,94.45,94.45,94.45,93.36,93.36,92.28"
Rec-027_std_2,17,4,3498,core,305,331,0.0,5.0,0.9875,307,334,315,337,1.0,True,96.6173,108.5576,91.7325,3.529,95.5318,"108.56,105.30,102.04,99.87,98.79,98.25,97.16,96.62,95.53,102.04,99.87,98.25,97.70,97.16,96.07,95.53,95.53,94.99,97.70,96.62,96.07,95.53,95.53,94.99,94.45,94.45,93.36,94.99,94.45,94.45,93.36,93.36,93.36,92.28,92.28,91.73"
Rec-027_std_2,17,5,3499,core,309,331,0.0,4.0,0.9858,311,334,319,337,1.0,True,96.557,109.1004,91.7325,3.7336,95.5318,"109.10,105.84,103.13,100.42,98.79,97.70,97.16,96.07,95.53,102.04,100.42,98.25,97.70,96.62,95.53,95.53,95.53,94.99,97.16,96.62,96.07,95.53,94.99,94.45,94.45,93.36,93.36,94.45,94.45,94.45,93.36,93.36,93.36,92.28,92.28,91.73"
Rec-027_std_2,17,6,3500,core,314,331,0.0,5.0,0.9887,316,334,324,337,1.0,True,95.6674,105.3012,91.7325,2.993,95.2604,"105.30,103.13,100.42,98.79,97.70,97.16,96.62,96.07,95.53,99.87,98.25,97.70,96.62,95.53,95.53,95.53,94.99,94.99,96.07,95.53,94.99,94.45,94.45,94.45,93.36,93.36,93.36,93.36,93.36,93.36,93.36,92.28,92.28,92.28,92.28,91.73"
Rec-027_std_2,17,7,3501,core,319,331,0.0,5.0,0.9857,321,334,329,337,1.0,True,95.6373,104.2157,91.7325,2.7342,95.2604,"104.22,102.04,99.87,98.25,98.25,97.16,96.62,96.07,96.07,99.33,98.25,97.16,96.62,96.07,95.53,95.53,94.99,94.99,95.53,95.53,94.99,94.99,94.45,94.45,94.45,93.36,93.36,93.36,93.36,93.36,93.36,93.36,92.28,92.28,91.73,91.73"
Rec-027_std_2,17,8,3502,core,323,331,0.0,4.0,0.9892,325,334,333,337,1.0,True,96.1499,105.8439,92.2753,2.9204,95.5318,"105.84,103.13,100.96,99.33,98.25,97.70,97.70,96.62,96.62,99.87,98.25,97.70,97.16,96.07,96.07,95.53,95.53,95.53,96.07,95.53,95.53,94.99,94.45,94.45,94.45,94.45,94.45,94.45,94.45,93.36,93.36,93.36,93.36,92.28,92.28,92.28"
Rec-027_std_2,17,9,3503,core,328,331,0.0,5.0,0.9859,330,334,338,337,1.0,True,96.4062,105.3012,93.3608,2.6536,96.0745,"105.30,102.04,100.42,99.33,98.25,98.25,98.25,97.70,97.70,99.33,98.25,97.70,97.70,96.62,96.62,96.07,96.07,96.07,96.07,95.53,95.53,95.53,94.99,94.99,94.99,94.45,94.45,94.45,94.45,93.36,93.36,93.36,93.36,93.36,93.36,93.36"
Rec-027_std_2,17,10,3504,core,332,331,0.0,4.0,0.9897,334,334,342,337,1.0,True,97.4615,106.3867,94.4463,2.8331,97.16,"106.39,103.67,102.04,100.96,99.87,99.87,99.33,98.79,98.79,100.42,99.33,98.25,98.25,98.25,98.25,97.70,97.70,97.70,96.62,96.07,96.07,96.07,95.53,95.53,95.53,95.53,95.53,94.99,94.45,94.45,94.45,94.45,94.45,94.45,94.45,94.45"
Rec-027_std_2,17,11,3505,core,337,331,0.0,5.0,0.9864,339,334,347,337,1.0,True,98.0344,105.8439,94.4463,2.7266,97.7027,"105.84,103.67,102.04,101.50,100.96,100.96,100.42,99.33,99.33,100.96,99.87,99.33,98.79,98.79,98.25,98.25,98.25,97.70,97.70,97.16,97.16,97.16,96.62,96.62,96.07,96.07,95.53,95.53,95.53,95.53,94.99,94.99,94.99,94.45,94.45,94.45"
Rec-027_std_2,17,12,3506,core,346,331,0.0,9.0,0.9856,348,334,356,337,1.0,True,95.0192,106.3867,84.6769,4.9412,95.5318,"106.39,104.22,102.04,100.96,98.79,97.70,95.53,94.45,89.56,101.50,100.42,98.79,98.25,96.62,95.53,93.36,91.73,87.93,98.25,97.70,96.62,95.53,94.45,93.36,91.19,89.56,85.76,95.53,95.53,94.45,93.36,92.28,91.19,89.56,87.93,84.68"
Rec-027_std_2,17,13,3507,core,350,331,0.0,4.0,0.9877,352,334,360,337,0.6667,False,86.9232,105.3012,75.4502,8.8972,88.2047,"105.30,102.04,98.79,96.07,91.73,83.59,78.71,76.54,75.99,99.33,97.70,95.53,93.36,89.56,82.51,78.71,76.54,75.99,95.53,94.45,92.28,91.19,87.39,80.88,77.62,75.99,75.45,93.36,92.28,90.65,89.02,85.76,80.33,77.62,75.99,75.45"
Rec-027_std_2,17,14,3508,core,354,331,0.0,4.0,0.9837,356,334,364,337,0.2222,False,78.978,98.2455,74.3647,5.5209,76.2643,"98.25,87.93,82.51,78.71,77.62,75.99,75.99,75.45,75.45,92.28,84.13,79.79,77.62,76.54,75.99,75.45,75.45,74.91,89.02,82.51,78.71,77.62,75.99,75.99,75.45,74.91,74.91,86.85,80.88,78.16,76.54,75.99,75.45,74.91,74.91,74.36"
Rec-027_std_2,18,1,3617,core,290,331,0.0,0.0,0.9875,292,334,300,337,1.0,True,95.0795,101.502,87.9333,3.5069,94.989,"100.96,101.50,100.42,99.33,99.33,99.33,99.33,98.79,98.79,94.45,95.53,95.53,95.53,96.62,96.62,97.16,97.16,96.62,90.10,91.19,92.28,93.36,94.45,94.45,94.99,94.99,94.99,87.93,89.02,90.10,91.19,91.73,92.28,92.28,92.28,92.28"
Rec-027_std_2,18,2,3618,core,293,331,0.0,3.0,0.987,295,334,303,337,1.0,True,96.9942,107.4722,91.7325,3.5678,95.8031,"107.47,105.30,103.13,102.04,100.42,99.87,99.33,98.25,98.25,99.87,99.33,98.25,98.25,98.25,97.70,97.70,96.62,96.07,94.99,95.53,95.53,95.53,95.53,95.53,95.53,94.99,94.99,91.73,92.28,93.36,93.36,93.36,93.36,93.36,93.36,93.36"
Rec-027_std_2,18,3,3619,core,297,331,0.0,4.0,0.9844,299,334,307,337,1.0,True,98.1249,111.2714,93.3608,4.1336,97.4314,"111.27,108.56,105.84,103.13,100.96,99.87,99.33,98.25,98.25,103.13,102.04,100.42,99.33,98.25,98.25,97.70,97.16,96.07,98.25,97.70,97.16,96.62,96.07,96.07,95.53,94.99,94.45,94.99,94.99,94.45,94.45,94.45,94.45,93.36,93.36,93.36"
Rec-027_std_2,18,4,3620,core,302,331,0.0,5.0,0.9882,304,334,312,337,1.0,True,97.1299,109.1004,91.7325,3.6362,96.3459,"109.10,105.84,103.13,100.96,99.33,98.25,98.25,97.16,96.07,102.04,100.96,99.33,98.25,97.70,97.16,96.62,95.53,95.53,98.25,97.16,96.62,95.53,95.53,95.53,94.99,94.45,93.36,94.99,94.99,94.45,94.45,94.45,93.36,93.36,92.28,91.73"
Rec-027_std_2,18,5,3621,core,306,331,0.0,4.0,0.9858,308,334,316,337,1.0,True,96.8886,109.6431,91.7325,3.8067,95.5318,"109.64,106.39,103.13,100.96,98.79,98.25,97.70,96.62,95.53,102.04,100.96,99.33,98.25,97.16,96.07,95.53,95.53,94.99,97.70,97.16,96.07,95.53,95.53,94.99,94.45,94.45,93.36,94.99,94.99,94.45,94.45,93.36,93.36,92.28,92.28,91.73"
Rec-027_std_2,18,6,3622,core,311,331,0.0,5.0,0.9889,313,334,321,337,1.0,True,95.969,106.9294,91.7325,3.2359,95.5318,"106.93,103.67,101.50,98.79,98.25,97.16,96.62,96.07,95.53,100.96,98.79,98.25,96.62,95.53,95.53,95.53,94.99,94.99,96.62,95.53,95.53,94.99,94.45,94.45,94.45,93.36,93.36,94.45,93.36,93.36,93.36,93.36,92.28,92.28,92.28,91.73"
Rec-027_std_2,18,7,3623,core,315,331,0.0,4.0,0.9861,317,334,325,337,1.0,True,96.165,106.9294,92.2753,3.2045,95.5318,"106.93,103.67,102.04,99.87,98.25,97.70,97.16,96.62,96.62,100.42,98.79,97.70,96.62,96.07,95.53,95.53,95.53,95.53,96.07,95.53,95.53,94.99,94.45,94.45,94.45,94.45,94.45,94.45,93.36,93.36,93.36,93.36,92.28,92.28,92.28,92.28"
Rec-027_std_2,18,8,3624,core,320,331,0.0,5.0,0.9897,322,334,330,337,1.0,True,96.4363,105.3012,92.2753,2.7793,95.8031,"105.30,103.13,101.50,99.87,98.25,98.25,97.70,97.70,97.16,99.33,98.25,97.70,97.16,96.62,96.62,96.07,96.07,95.53,96.07,95.53,95.53,95.53,95.53,94.99,94.99,94.45,94.45,94.45,94.45,94.45,93.36,93.36,93.36,93.36,93.36,92.28"
Rec-027_std_2,18,9,3625,core,324,331,0.0,4.0,0.9863,326,334,334,337,1.0,True,97.1449,106.9294,93.3608,2.9823,96.6172,"106.93,104.22,102.04,100.96,99.33,98.79,98.25,98.25,98.25,100.42,99.33,98.25,98.25,97.70,97.16,97.16,97.16,96.62,96.62,96.07,95.53,95.53,95.53,95.53,95.53,95.53,95.53,94.45,94.45,94.45,94.45,94.45,94.45,93.36,93.36,93.36"
Rec-027_std_2,18,10,3626,core,329,331,0.0,5.0,0.9897,331,334,339,337,1.0,True,97.6877,106.3867,94.4463,2.81,97.4314,"106.39,103.67,102.04,100.96,100.42,99.87,99.33,99.33,98.79,100.96,99.87,98.79,98.25,98.25,98.25,98.25,97.70,97.70,97.16,97.16,96.62,96.07,96.07,96.07,96.07,95.53,95.53,94.99,94.99,94.99,94.45,94.45,94.45,94.45,94.45,94.45"
Rec-027_std_2,18,11,3627,core,334,331,0.0,5.0,0.9866,336,334,344,337,1.0,True,98.3359,106.3867,94.4463,2.7807,97.9741,"106.39,104.22,103.13,101.50,100.96,100.42,100.42,100.42,99.87,101.50,100.42,99.33,99.33,98.79,98.79,98.25,98.25,98.25,97.70,97.70,97.16,97.16,97.16,96.62,96.62,96.62,96.07,95.53,95.53,95.53,95.53,95.53,94.99,94.99,94.99,94.45"
Rec-027_std_2,18,12,3628,core,338,331,0.0,4.0,0.9893,340,334,348,337,1.0,True,98.8787,108.0149,94.4463,3.1113,98.2455,"108.01,105.30,103.67,103.13,102.04,102.04,100.96,100.96,100.42,102.04,100.96,100.42,99.87,99.33,99.33,98.79,98.25,98.25,98.25,98.25,98.25,97.70,97.70,97.16,97.16,96.62,96.07,96.07,95.53,95.53,95.53,95.53,95.53,95.53,94.99,94.45"
Rec-027_std_2,18,13,3629,core,343,331,0.0,5.0,0.9867,345,334,353,337,1.0,True,97.6274,107.4722,90.6471,3.6947,97.16,"107.47,105.30,103.13,102.04,101.50,100.42,99.33,98.25,96.62,102.04,101.50,100.42,99.87,98.79,98.25,97.16,95.53,94.45,98.25,98.25,98.25,97.16,96.62,95.53,94.99,93.36,92.28,96.07,95.53,95.53,95.53,94.99,94.45,93.36,91.73,90.65"
Rec-027_std_2,18,14,3630,core,347,331,0.0,4.0,0.9883,349,334,357,337,1.0,True,93.4814,107.4722,79.7922,6.5644,94.4463,"107.47,105.30,102.04,100.42,98.25,96.62,94.45,90.10,82.51,102.04,100.42,98.25,97.16,95.53,94.45,92.28,87.93,81.42,98.25,97.16,96.07,94.99,93.36,91.73,89.56,86.31,80.88,95.53,94.99,93.36,92.28,91.19,90.10,88.48,84.68,79.79"
Rec-027_std_2,18,15,3631,core,352,331,0.0,5.0,0.9849,354,334,362,337,0.4444,False,82.34,102.0447,74.3647,8.0429,78.4353,"102.04,98.25,92.28,84.13,78.71,77.08,75.99,75.45,75.45,96.62,94.45,89.56,83.05,78.71,77.08,75.99,75.45,74.91,93.36,91.19,87.93,81.42,78.16,76.54,75.45,74.91,74.36,91.19,89.56,85.76,80.88,77.62,75.99,75.45,74.91,74.36"
Rec-027_std_2,18,16,3632,core,355,331,0.0,3.0,0.9869,357,334,365,337,0.1111,False,77.3046,89.5616,74.3647,3.4264,75.9929,"89.56,83.59,79.79,77.62,76.54,75.99,75.45,75.45,74.91,85.22,80.33,78.16,77.08,75.99,75.45,75.45,74.91,74.36,83.05,78.71,77.62,75.99,75.99,75.45,74.91,74.36,74.36,81.42,78.16,76.54,75.99,75.99,75.45,74.36,74.36,74.36"
Rec-027_std_2,19,1,3745,core,291,331,0.0,1.0,0.9857,293,334,301,337,1.0,True,96.361,104.2157,89.5616,3.4835,96.3459,"104.22,103.13,102.04,100.96,100.42,100.42,99.87,99.33,98.79,97.16,97.16,97.16,97.70,97.70,97.70,97.70,97.70,97.16,92.28,93.36,94.45,94.99,95.53,95.53,95.53,95.53,95.53,89.56,90.65,91.73,92.28,92.28,93.36,93.36,93.36,93.36"
Rec-027_std_2,19,2,3746,core,295,331,0.0,4.0,0.9875,297,334,305,337,1.0,True,98.0193,110.1859,93.3608,3.8789,97.16,"110.19,107.47,105.30,103.13,101.50,100.42,99.33,98.79,98.25,102.04,101.50,99.87,99.33,98.25,98.25,97.70,97.16,96.62,97.16,97.16,97.16,96.62,96.07,95.53,95.53,95.53,94.99,94.45,94.45,94.45,94.45,94.45,94.45,94.45,93.36,93.36"
Rec-027_std_2,19,3,3747,core,300,331,0.0,5.0,0.9855,302,334,310,337,1.0,True,97.3258,109.1004,92.2753,3.5448,96.6172,"109.10,105.84,103.13,101.50,99.87,98.79,98.25,97.70,96.62,102.04,100.42,99.33,98.25,98.25,97.16,96.62,96.07,95.53,98.25,97.16,96.62,96.07,95.53,95.53,94.99,94.45,94.45,94.99,94.99,94.99,94.45,94.45,93.36,93.36,93.36,92.28"
Rec-027_std_2,19,4,3748,core,304,331,0.0,4.0,0.9887,306,334,314,337,1.0,True,96.7831,108.5576,91.7325,3.674,95.5318,"108.56,105.84,103.13,100.96,99.33,98.25,97.16,96.62,95.53,102.04,100.42,98.79,98.25,97.16,96.62,95.53,95.53,94.99,97.70,96.62,96.07,95.53,95.53,94.99,94.45,93.36,93.36,94.99,94.99,94.45,94.45,93.36,93.36,92.28,92.28,91.73"
Rec-027_std_2,19,5,3749,core,309,331,0.0,5.0,0.9864,311,334,319,337,1.0,True,95.577,105.8439,91.1898,3.1423,95.2604,"105.84,103.13,100.42,98.79,97.70,96.62,96.07,95.53,95.53,100.42,98.25,97.70,96.62,95.53,95.53,94.99,94.45,94.45,96.62,95.53,95.53,94.45,94.45,93.36,93.36,93.36,92.28,94.45,94.45,93.36,92.28,92.28,92.28,92.28,91.73,91.19"
Rec-027_std_2,19,6,3750,core,313,331,0.0,4.0,0.9894,315,334,323,337,1.0,True,95.7428,105.8439,92.2753,3.0549,95.2604,"105.84,103.13,100.96,98.79,97.70,97.16,96.07,96.07,95.53,100.42,98.25,97.70,96.62,96.07,95.53,95.53,94.99,94.45,96.07,95.53,94.99,94.45,94.45,94.45,93.36,93.36,93.36,94.45,93.36,93.36,93.36,92.28,92.28,92.28,92.28,92.28"
Rec-027_std_2,19,7,3751,core,318,331,0.0,5.0,0.9874,320,334,328,337,1.0,True,95.8182,104.2157,92.2753,2.6107,95.5318,"104.22,102.04,99.87,98.25,98.25,97.70,97.16,96.62,96.62,98.79,97.70,97.16,96.62,96.07,96.07,95.53,95.53,95.53,95.53,95.53,94.99,94.45,94.45,94.45,94.45,94.45,94.45,93.36,93.36,93.36,93.36,93.36,93.36,92.28,92.28,92.28"
Rec-027_std_2,19,8,3752,core,327,331,0.0,9.0,0.9875,329,334,337,337,1.0,True,97.1299,105.3012,93.3608,2.6184,96.8886,"105.30,103.13,101.50,99.87,99.33,98.79,98.79,98.25,98.25,100.42,98.79,98.25,98.25,97.70,97.16,97.16,97.16,97.16,96.62,96.07,96.07,96.07,95.53,95.53,95.53,95.53,95.53,94.45,94.45,94.45,94.45,94.45,94.45,94.45,94.45,93.36"
Rec-027_std_2,19,9,3753,core,340,331,0.0,13.0,0.9887,342,334,350,337,1.0,True,98.9088,108.5576,93.3608,3.3362,98.2455,"108.56,106.39,104.22,103.13,102.04,101.50,100.96,100.42,99.87,102.04,102.04,100.96,100.42,99.87,99.33,98.79,98.25,97.70,98.25,98.25,98.25,97.70,97.70,97.70,97.16,96.07,95.53,96.07,96.07,96.07,95.53,95.53,95.53,94.99,94.45,93.36"
Rec-027_std_2,19,10,3754,core,345,331,0.0,5.0,0.9871,347,334,355,337,1.0,True,96.572,107.4722,87.9333,4.3783,95.8031,"107.47,105.30,103.13,102.04,100.42,99.33,97.70,95.53,94.45,102.04,100.96,100.42,99.33,98.25,96.62,95.53,94.45,91.73,98.79,98.25,97.70,96.62,95.53,94.45,93.36,91.19,89.56,96.07,95.53,95.53,94.99,93.36,92.28,91.19,89.56,87.93"
Rec-027_std_2,19,11,3755,core,349,331,0.0,4.0,0.9874,351,334,359,337,0.7778,False,89.4259,106.9294,75.9929,8.7733,91.1898,"106.93,103.67,100.96,98.25,95.53,91.19,83.05,78.71,76.54,100.96,98.79,97.16,95.53,93.36,89.56,81.96,78.16,76.54,97.16,95.53,94.45,92.28,91.19,87.93,80.88,77.62,75.99,94.45,93.36,92.28,91.19,89.02,85.76,79.79,77.62,75.99"
Rec-027_std_2,19,12,3756,core,354,331,0.0,5.0,0.9853,356,334,364,337,0.2222,False,78.5107,96.0745,73.822,5.2061,75.9929,"96.07,86.31,80.88,77.62,76.54,75.99,75.45,74.91,74.91,91.19,83.59,79.79,77.62,75.99,75.99,75.45,75.45,74.91,88.48,81.96,78.16,77.08,75.99,75.45,75.45,74.91,73.82,86.85,80.88,77.62,76.54,75.99,75.45,74.91,74.36,73.82"
Rec-027_std_2,19,13,3757,core,355,330,45.0,1.41,0.9897,357,333,365,336,0.1111,False,78.5257,96.6172,74.3647,4.8814,76.2643,"96.62,88.48,83.05,79.79,77.62,76.54,75.99,75.99,74.91,89.56,83.59,79.79,77.62,76.54,75.99,75.45,75.45,74.91,85.22,80.33,78.16,77.08,75.99,75.99,75.45,75.45,74.91,83.05,78.71,77.62,75.99,75.99,75.45,74.91,74.36,74.36"
Rec-027_std_2,20,1,3880,core,291,331,0.0,1.0,0.9849,293,334,301,337,1.0,True,95.7579,103.6729,89.5616,3.4383,95.5318,"103.67,103.13,101.50,100.42,99.87,99.33,98.79,98.25,98.25,96.62,96.62,96.62,97.16,97.70,97.16,97.16,96.62,96.07,91.73,93.36,94.45,94.45,94.99,94.99,94.45,94.45,94.45,89.56,90.65,91.19,92.28,92.28,92.28,92.28,92.28,92.28"
Rec-027_std_2,20,2,3881,core,300,331,0.0,9.0,0.9845,302,334,310,337,1.0,True,96.6474,107.4722,91.7325,3.4229,96.0745,"107.47,105.30,102.04,100.42,98.79,98.25,97.70,97.16,96.62,101.50,99.87,98.25,98.25,97.16,96.62,96.07,95.53,95.53,96.62,96.07,96.07,95.53,95.53,94.99,94.45,94.45,93.36,94.45,94.45,94.45,93.36,93.36,93.36,92.28,92.28,91.73"
Rec-027_std_2,20,3,3882,core,304,331,0.0,4.0,0.9882,306,334,314,337,1.0,True,96.6625,108.5576,91.7325,3.6169,95.8031,"108.56,105.30,103.13,100.42,98.79,98.25,97.70,96.62,96.07,102.04,99.87,98.25,97.70,97.16,96.62,95.53,95.53,94.99,97.16,96.62,96.07,95.53,95.53,94.99,94.45,93.36,93.36,94.45,94.45,94.45,94.45,93.36,93.36,92.28,91.73,91.73"
Rec-027_std_2,20,4,3883,core,309,331,0.0,5.0,0.9853,311,334,319,337,1.0,True,95.6373,105.8439,91.1898,3.1016,95.2604,"105.84,103.13,100.42,98.79,98.25,96.62,96.07,95.53,95.53,99.87,98.25,97.70,96.62,96.07,95.53,94.99,94.45,94.45,96.62,95.53,95.53,94.99,94.45,94.45,93.36,93.36,93.36,94.45,93.36,93.36,92.28,92.28,92.28,92.28,91.73,91.19"
Rec-027_std_2,20,5,3884,core,322,331,0.0,13.0,0.9896,324,334,332,337,1.0,True,96.9791,105.8439,93.3608,2.8462,96.6172,"105.84,103.67,102.04,99.87,99.33,98.25,98.25,98.25,98.25,100.42,99.33,98.25,97.70,97.70,97.16,97.16,96.62,96.62,96.62,96.07,95.53,95.53,95.53,95.53,95.53,95.53,94.99,94.45,94.45,94.45,94.45,94.45,93.36,93.36,93.36,93.36"
Rec-027_std_2,20,6,3885,core,331,331,0.0,9.0,0.9899,333,334,341,337,1.0,True,98.351,107.4722,94.4463,2.9307,97.9741,"107.47,105.30,103.13,102.04,100.96,100.42,99.87,99.33,99.33,101.50,100.42,99.87,99.33,98.79,98.25,98.25,98.25,97.70,98.25,97.70,97.16,97.16,97.16,96.62,96.62,96.62,96.07,95.53,95.53,95.53,95.53,95.53,94.99,94.99,94.99,94.45"
Rec-027_std_2,20,7,3886,core,349,331,0.0,18.0,0.9877,351,334,359,337,0.7778,False,89.1545,105.8439,75.9929,8.5895,90.9184,"105.84,103.13,100.42,97.70,95.53,91.19,83.05,78.16,76.54,99.87,98.25,96.62,94.99,93.36,89.56,81.96,78.16,75.99,96.07,95.53,94.45,92.28,90.65,87.39,80.88,77.62,75.99,94.45,93.36,91.73,90.65,89.02,85.76,80.33,77.08,75.99"
Rec-027_std_2,20,8,3887,core,354,331,0.0,5.0,0.9843,356,334,364,337,0.2222,False,78.3147,95.5318,73.822,5.1563,75.9929,"95.53,85.76,80.33,77.62,76.54,75.99,75.45,74.91,74.91,91.19,83.59,78.71,77.62,75.99,75.99,74.91,74.91,74.36,88.48,81.96,78.16,76.54,75.99,75.45,74.91,74.36,74.36,86.31,80.88,77.62,75.99,75.99,74.91,74.91,74.36,73.82"
Rec-027_std_2,21,1,4002,core,290,331,0.0,0.0,0.9861,292,334,300,337,1.0,True,95.0644,102.0447,87.9333,3.5154,95.2604,"102.04,102.04,100.96,99.33,99.33,98.79,98.79,98.25,98.25,95.53,95.53,95.53,96.07,96.62,96.62,96.62,96.62,96.07,90.10,91.19,92.28,93.36,94.45,94.45,94.99,94.45,94.45,87.93,89.02,90.65,91.19,91.73,92.28,92.28,92.28,92.28"
Rec-027_std_2,21,2,4003,core,294,331,0.0,4.0,0.9862,296,334,304,337,1.0,True,97.0846,109.1004,92.2753,4.003,96.0745,"109.10,106.93,105.30,102.04,100.42,99.33,98.25,98.25,97.16,101.50,100.42,99.33,98.25,98.25,97.16,96.62,96.07,95.53,96.07,96.07,95.53,95.53,95.53,95.53,94.99,94.45,94.45,93.36,93.36,93.36,93.36,93.36,93.36,92.28,92.28,92.28"
Rec-027_std_2,21,3,4004,core,299,331,0.0,5.0,0.9876,301,334,309,337,1.0,True,96.6776,108.5576,92.2753,3.5562,95.8031,"108.56,105.30,102.04,100.42,99.33,98.25,97.70,97.16,96.62,102.04,99.87,98.25,97.70,97.16,96.62,96.07,95.53,95.53,97.16,96.07,95.53,95.53,95.53,94.99,94.45,94.45,93.36,94.45,94.45,93.36,93.36,93.36,93.36,92.28,92.28,92.28"
Rec-027_std_2,21,4,4005,core,303,331,0.0,4.0,0.9879,305,334,313,337,1.0,True,96.8736,109.1004,92.2753,3.7373,95.8031,"109.10,106.39,103.13,100.96,99.33,98.25,97.70,97.16,96.62,102.04,100.42,98.79,98.25,97.16,96.62,96.07,95.53,95.53,97.16,96.62,95.53,95.53,95.53,94.99,94.99,94.45,93.36,94.45,94.45,94.45,93.36,93.36,93.36,92.28,92.28,92.28"
Rec-027_std_2,21,5,4006,core,308,331,0.0,5.0,0.9885,310,334,318,337,1.0,True,96.1951,106.9294,91.7325,3.2618,95.5318,"106.93,104.22,101.50,99.33,98.25,97.70,96.62,96.62,96.07,100.96,99.33,98.25,97.16,96.07,96.07,95.53,95.53,94.99,96.62,96.07,95.53,94.99,94.45,94.45,94.45,93.36,93.36,94.45,94.45,94.45,93.36,93.36,92.28,92.28,92.28,91.73"
Rec-027_std_2,21,6,4007,core,312,331,0.0,4.0,0.9889,314,334,322,337,1.0,True,96.376,107.4722,92.2753,3.2751,95.5318,"107.47,104.22,102.04,99.87,98.25,97.70,97.16,97.16,96.62,100.96,99.33,98.25,97.16,96.62,96.07,95.53,95.53,95.53,96.07,95.53,95.53,94.99,94.99,94.45,94.45,94.45,94.45,94.45,94.45,93.36,93.36,93.36,93.36,92.28,92.28,92.28"
Rec-027_std_2,21,7,4008,core,317,331,0.0,5.0,0.9891,319,334,327,337,1.0,True,96.572,105.3012,93.3608,2.7389,96.0745,"105.30,103.13,100.96,99.33,98.25,98.25,98.25,97.70,97.70,99.87,98.25,98.25,97.70,97.16,96.62,96.62,96.07,96.07,96.07,95.53,95.53,95.53,95.53,95.53,94.99,94.99,94.99,94.45,94.45,93.36,93.36,93.36,93.36,93.36,93.36,93.36"
Rec-027_std_2,21,8,4009,core,321,331,0.0,4.0,0.9887,323,334,331,337,1.0,True,97.5972,106.9294,94.4463,3.0241,97.16,"106.93,105.30,103.13,100.96,99.87,99.33,98.79,98.25,98.25,101.50,99.87,98.79,98.25,98.25,98.25,97.70,97.16,97.16,97.16,96.62,96.62,96.07,96.07,95.53,95.53,95.53,95.53,94.99,94.99,94.45,94.45,94.45,94.45,94.45,94.45,94.45"
Rec-027_std_2,21,9,4010,core,326,331,0.0,5.0,0.9894,328,334,336,337,1.0,True,97.8083,106.3867,94.4463,2.7934,97.7027,"106.39,104.22,102.04,100.96,99.87,99.33,99.33,98.79,98.79,101.50,100.42,99.33,98.25,98.25,98.25,98.25,97.70,97.70,97.70,97.70,97.16,96.62,96.07,96.07,96.07,95.53,95.53,95.53,95.53,94.99,94.99,94.45,94.45,94.45,94.45,94.45"
Rec-027_std_2,21,10,4011,core,330,331,0.0,4.0,0.9875,332,334,340,337,1.0,True,98.8033,108.5576,95.5318,3.0421,98.2455,"108.56,105.84,103.67,102.04,101.50,100.96,100.42,99.87,99.87,102.04,101.50,100.42,99.87,99.33,98.79,98.79,98.25,98.25,98.25,98.25,97.70,97.70,97.16,97.16,97.16,97.16,96.62,95.53,95.53,95.53,95.53,95.53,95.53,95.53,95.53,95.53"
Rec-027_std_2,21,11,4012,core,335,331,0.0,5.0,0.9895,337,334,345,337,1.0,True,99.1651,108.0149,94.989,2.9695,98.5169,"108.01,105.30,103.67,103.13,102.04,101.50,101.50,100.96,100.42,102.04,101.50,100.96,100.42,99.87,99.33,99.33,98.79,98.25,98.79,98.25,98.25,98.25,98.25,97.70,97.16,96.62,96.62,96.62,96.62,96.07,96.07,96.07,95.53,95.53,95.53,94.99"
Rec-027_std_2,21,12,4013,core,339,331,0.0,4.0,0.9872,341,334,349,337,1.0,True,99.5119,109.6431,94.4463,3.4587,98.7882,"109.64,107.47,105.30,103.67,103.13,102.04,101.50,100.96,100.42,103.13,102.04,101.50,100.96,100.42,99.87,99.33,98.79,98.25,99.33,98.79,98.79,98.25,98.25,97.70,97.70,96.62,96.07,97.16,96.62,96.62,96.07,95.53,95.53,95.53,94.99,94.45"
Rec-027_std_2,21,13,4014,core,344,331,0.0,5.0,0.9888,346,334,354,337,1.0,True,97.4163,108.0149,89.5616,4.0302,96.8886,"108.01,105.84,103.67,102.04,101.50,99.87,98.79,97.70,95.53,102.04,102.04,100.42,99.87,98.25,97.70,96.62,95.53,93.36,98.79,98.25,98.25,97.16,96.62,95.53,94.45,93.36,91.19,96.62,96.07,95.53,95.53,94.45,93.36,92.28,91.19,89.56"
Rec-027_std_2,21,14,4015,core,348,331,0.0,4.0,0.9854,350,334,358,337,0.8889,False,91.9436,108.0149,77.0784,8.0971,93.3608,"108.01,105.30,103.13,99.87,98.25,95.53,91.19,83.05,78.16,102.04,99.87,98.25,97.16,95.53,93.36,89.56,81.96,77.62,98.25,96.62,95.53,94.45,92.28,90.65,87.39,80.88,77.62,95.53,94.45,93.36,92.28,90.65,89.02,85.76,80.33,77.08"
Rec-027_std_2,21,15,4016,core,353,331,0.0,5.0,0.9871,355,334,363,337,0.3333,False,80.546,102.0447,74.3647,7.2944,77.0784,"102.04,95.53,85.22,79.79,77.62,75.99,75.99,75.45,74.91,95.53,91.19,83.05,79.79,77.08,75.99,75.45,74.91,74.91,92.28,88.48,81.96,78.16,77.08,75.99,75.45,74.91,74.36,90.10,86.85,80.88,77.62,75.99,75.45,74.91,74.36,74.36"
Rec-027_std_2,21,16,4017,core,355,330,26.57,2.24,0.9865,357,333,365,336,0.1111,False,78.6765,97.7027,74.3647,5.1009,76.5357,"97.70,89.02,83.59,79.79,77.62,76.54,75.99,75.45,74.91,90.10,83.59,79.79,77.62,77.08,75.99,75.99,75.45,74.91,85.76,80.88,78.16,77.08,75.99,75.99,75.45,74.91,74.91,83.05,79.79,77.62,76.54,75.99,75.45,74.91,74.36,74.36"
Rec-027_std_2,22,1,4132,core,301,331,-7.13,8.06,0.9858,303,334,311,337,1.0,True,97.0545,110.7286,91.7325,4.139,95.8031,"110.73,107.47,104.22,102.04,99.33,98.25,97.70,96.62,96.07,103.13,100.96,99.33,98.25,97.70,96.62,95.53,95.53,95.53,97.70,96.62,96.07,95.53,95.53,94.99,94.45,94.45,93.36,94.99,94.45,94.45,93.36,93.36,93.36,92.28,92.28,91.73"
Rec-027_std_2,22,2,4133,core,306,331,0.0,5.0,0.9886,308,334,316,337,1.0,True,96.0594,107.4722,91.1898,3.4266,95.5318,"107.47,104.22,102.04,99.33,98.25,97.16,96.62,96.07,95.53,100.96,99.33,98.25,97.16,96.07,95.53,95.53,94.99,94.99,96.62,96.07,95.53,94.99,94.45,94.45,94.45,93.36,93.36,94.45,94.45,93.36,93.36,92.28,92.28,92.28,91.73,91.19"
Rec-027_std_2,22,3,4134,core,310,331,0.0,4.0,0.9861,312,334,320,337,1.0,True,96.2102,108.0149,92.2753,3.5136,95.5318,"108.01,105.30,102.04,99.87,98.25,97.70,96.62,96.07,96.07,100.96,99.33,98.25,97.16,96.62,95.53,95.53,95.53,94.99,96.62,95.53,95.53,94.99,94.45,94.45,94.45,94.45,93.36,94.45,93.36,93.36,93.36,92.28,92.28,92.28,92.28,92.28"
Rec-027_std_2,22,4,4135,core,315,331,0.0,5.0,0.9897,317,334,325,337,1.0,True,96.1801,105.8439,92.2753,2.86,95.5318,"105.84,103.13,100.96,98.79,98.25,97.70,97.16,96.62,96.62,99.87,98.25,97.70,97.16,96.62,96.07,96.07,95.53,95.53,96.07,95.53,95.53,94.99,94.99,94.99,94.45,94.45,94.45,93.36,93.36,93.36,93.36,93.36,93.36,93.36,92.28,93.36"
Rec-027_std_2,22,5,4136,core,320,331,0.0,5.0,0.9869,322,334,330,337,1.0,True,96.8132,105.3012,93.3608,2.4712,96.6172,"105.30,102.04,100.42,99.33,98.25,98.25,98.25,97.70,97.70,99.87,98.79,98.25,97.70,97.16,97.16,97.16,96.62,96.62,96.62,96.07,95.53,95.53,95.53,95.53,95.53,95.53,94.99,94.45,94.45,94.45,94.45,94.45,94.45,94.45,93.36,93.36"
Rec-027_std_2,22,6,4137,core,324,331,0.0,4.0,0.9899,326,334,334,337,1.0,True,97.8837,106.3867,94.4463,2.7258,97.7027,"106.39,104.22,102.04,100.96,99.87,99.33,98.79,98.79,98.79,101.50,100.42,99.33,98.79,98.25,98.25,98.25,97.70,97.70,97.70,97.16,97.16,97.16,96.62,96.62,96.07,96.07,95.53,95.53,95.53,94.99,94.99,94.99,94.99,94.45,94.45,94.45"
Rec-027_std_2,22,7,4138,core,329,331,0.0,5.0,0.987,331,334,339,337,1.0,True,98.4716,106.3867,95.5318,2.5597,98.2455,"106.39,103.67,102.04,101.50,100.96,100.96,99.87,99.87,99.87,101.50,100.42,99.87,98.79,98.79,98.79,98.79,98.25,98.25,98.25,98.25,97.70,97.16,97.16,97.16,97.16,96.62,97.16,95.53,95.53,95.53,95.53,95.53,95.53,95.53,95.53,95.53"
Rec-027_std_2,22,8,4139,core,338,331,0.0,9.0,0.9872,340,334,348,337,1.0,True,100.2506,108.5576,95.5318,3.0484,99.6023,"108.56,106.39,105.30,103.67,103.13,103.13,103.13,102.04,102.04,103.13,102.04,102.04,102.04,101.50,100.96,100.42,100.42,99.33,99.87,99.33,99.33,99.33,98.79,98.25,98.25,98.25,97.70,97.70,97.16,97.16,97.16,97.16,96.62,96.07,96.07,95.53"
Rec-027_std_2,22,9,4140,core,342,331,0.0,4.0,0.9892,344,334,352,337,1.0,True,99.7682,110.1859,92.2753,3.9008,99.331,"110.19,108.01,105.84,105.30,103.67,103.13,101.50,100.96,98.79,104.22,103.13,102.04,102.04,101.50,100.42,99.33,98.25,97.16,100.42,99.87,99.33,99.33,98.25,98.25,97.16,95.53,94.45,98.25,97.70,97.16,97.16,96.07,95.53,94.99,94.45,92.28"
Rec-027_std_2,22,10,4141,core,347,331,0.0,5.0,0.986,349,334,357,337,1.0,True,94.0694,108.0149,79.7922,6.8088,94.989,"108.01,105.30,103.13,100.96,98.79,97.16,94.99,90.10,82.51,103.13,101.50,99.33,98.25,96.62,94.99,92.28,87.93,80.88,98.79,98.25,96.62,95.53,94.45,92.28,90.10,86.85,80.88,96.62,95.53,94.99,93.36,92.28,90.65,88.48,85.22,79.79"
Rec-027_std_2,22,11,4142,core,351,331,0.0,4.0,0.9878,353,334,361,337,0.5556,False,84.9633,105.3012,74.3647,9.2863,82.2345,"105.30,102.04,98.25,92.28,83.59,78.71,77.08,75.99,75.45,99.87,97.16,94.99,90.10,83.05,78.71,76.54,75.45,74.91,95.53,94.45,91.73,87.93,81.42,77.62,75.99,75.45,74.91,93.36,91.19,89.56,86.31,80.88,77.62,75.99,74.91,74.36"
Rec-027_std_2,22,12,4143,core,355,330,14.04,4.12,0.9933,357,333,365,336,0.1111,False,78.2996,95.5318,74.3647,4.6608,76.2643,"95.53,87.39,82.51,78.71,77.62,76.54,75.99,75.45,74.91,89.02,83.05,79.79,77.62,76.54,75.99,75.45,75.45,74.36,84.68,80.33,77.62,77.08,75.99,75.45,75.45,74.91,74.36,83.05,78.71,77.62,75.99,75.99,75.45,74.91,74.91,74.36"
Rec-027_std_2,23,1,4256,core,290,331,0.0,0.0,0.9874,292,334,300,337,1.0,True,95.5468,102.0447,87.9333,3.5278,95.2604,"101.50,102.04,100.96,99.87,99.87,99.87,99.87,98.79,98.79,94.99,95.53,96.07,96.07,97.16,97.70,97.70,97.70,97.16,90.65,91.73,93.36,94.45,94.45,94.99,94.99,95.53,94.99,87.93,89.56,90.65,91.19,92.28,92.28,93.36,93.36,92.28"
Rec-027_std_2,23,2,4257,core,293,331,0.0,3.0,0.9867,295,334,303,337,1.0,True,97.4917,108.0149,92.2753,3.6437,96.3459,"108.01,106.39,104.22,102.04,100.96,100.42,99.87,98.79,98.25,100.42,99.87,99.33,98.79,98.25,98.25,98.25,97.70,96.62,95.53,95.53,96.07,96.07,96.07,95.53,95.53,95.53,94.99,92.28,93.36,93.36,94.45,94.45,94.45,93.36,93.36,93.36"
Rec-027_std_2,23,3,4258,core,298,331,0.0,5.0,0.9851,300,334,308,337,1.0,True,97.4615,109.1004,92.2753,3.5669,96.8886,"109.10,105.84,103.13,101.50,99.87,99.33,98.25,97.70,97.16,102.04,100.96,99.87,98.79,98.25,97.70,97.16,96.07,95.53,98.25,97.70,96.62,96.07,95.53,95.53,95.53,94.45,94.45,94.99,94.99,94.99,94.45,94.45,93.36,93.36,93.36,92.28"
Rec-027_std_2,23,4,4259,core,302,331,0.0,4.0,0.9883,304,334,312,337,1.0,True,97.3861,109.6431,92.2753,3.7828,96.6172,"109.64,106.93,103.67,101.50,99.87,98.25,98.25,97.16,96.62,103.13,100.96,99.87,98.25,97.70,97.16,96.62,96.07,95.53,98.25,97.16,96.62,96.07,95.53,95.53,95.53,94.45,94.45,95.53,94.99,94.45,94.45,94.45,93.36,93.36,92.28,92.28"
Rec-027_std_2,23,5,4260,core,307,331,0.0,5.0,0.9857,309,334,317,337,1.0,True,96.1499,106.3867,91.7325,3.113,95.5318,"106.39,103.13,101.50,98.79,98.25,97.16,96.62,96.07,95.53,100.96,99.33,98.25,97.16,96.62,95.53,95.53,94.99,94.99,97.16,96.07,96.07,95.53,94.99,94.45,94.45,93.36,93.36,94.99,94.45,94.45,93.36,93.36,92.28,92.28,92.28,91.73"
Rec-027_std_2,23,6,4261,core,311,331,0.0,4.0,0.9891,313,334,321,337,1.0,True,96.3308,107.4722,92.2753,3.2122,95.5318,"107.47,104.22,101.50,99.33,98.25,97.16,97.16,96.07,95.53,100.96,99.33,98.25,97.16,96.62,96.07,95.53,95.53,94.99,97.16,96.07,95.53,94.99,94.99,94.45,94.45,94.45,94.45,94.45,94.45,94.45,93.36,93.36,93.36,92.28,92.28,92.28"
Rec-027_std_2,23,7,4262,core,316,331,0.0,5.0,0.9864,318,334,326,337,1.0,True,96.2554,105.3012,93.3608,2.5199,95.8031,"105.30,102.04,99.87,98.25,98.25,97.16,97.16,96.62,96.62,99.87,98.25,97.70,96.62,96.62,96.07,96.07,96.07,95.53,96.07,95.53,95.53,95.53,95.53,94.99,94.99,94.99,94.45,94.45,94.45,94.45,93.36,93.36,93.36,93.36,93.36,93.36"
Rec-027_std_2,23,8,4263,core,320,331,0.0,4.0,0.9893,322,334,330,337,1.0,True,97.2957,106.3867,94.4463,2.6845,97.16,"106.39,103.67,102.04,99.87,98.79,98.25,98.25,98.25,98.25,100.42,99.33,98.25,98.25,97.70,97.70,97.70,97.16,97.16,97.16,96.62,96.07,96.07,96.07,95.53,95.53,95.53,95.53,94.99,94.99,94.45,94.45,94.45,94.45,94.45,94.45,94.45"
Rec-027_std_2,23,9,4264,core,325,331,0.0,5.0,0.9871,327,334,335,337,1.0,True,98.155,105.8439,94.989,2.4052,97.9741,"105.84,103.13,102.04,100.96,100.42,99.33,99.33,99.33,99.33,100.96,99.87,99.33,98.79,98.79,98.25,98.25,98.25,98.25,97.70,97.70,97.70,97.16,97.16,97.16,96.62,96.62,96.07,95.53,95.53,95.53,95.53,95.53,95.53,95.53,95.53,94.99"
Rec-027_std_2,23,10,4265,core,329,331,0.0,4.0,0.9893,331,334,339,337,1.0,True,99.3762,108.0149,96.0745,2.8357,98.7882,"108.01,105.84,103.67,102.04,101.50,101.50,101.50,101.50,101.50,102.04,101.50,100.42,99.87,99.87,99.87,99.87,99.33,99.33,98.25,98.25,98.25,98.25,98.25,98.25,98.25,97.70,98.25,96.07,96.07,96.07,96.07,96.07,96.07,96.07,96.07,96.07"
Rec-027_std_2,23,11,4266,core,334,331,0.0,5.0,0.988,336,334,344,337,1.0,True,100.2355,108.0149,96.6172,2.7258,99.8737,"108.01,105.30,104.22,103.13,103.13,103.13,103.13,102.04,102.04,102.04,102.04,101.50,101.50,101.50,100.96,100.96,100.96,100.42,99.33,99.33,98.79,98.79,98.79,98.79,98.79,98.25,98.25,97.16,97.16,97.16,97.16,97.16,97.16,97.16,96.62,96.62"
Rec-027_std_2,23,12,4267,core,338,331,0.0,4.0,0.9891,340,334,348,337,1.0,True,101.0497,110.1859,95.5318,3.2852,100.6878,"110.19,108.01,106.39,105.30,104.22,103.67,103.13,102.04,102.04,105.30,103.67,103.13,102.04,102.04,102.04,101.50,100.96,99.87,100.96,100.42,99.87,99.87,99.33,99.33,98.79,98.25,98.25,98.25,98.25,98.25,98.25,97.70,97.16,97.16,96.62,95.53"
Rec-027_std_2,23,13,4268,core,343,331,0.0,5.0,0.9879,345,334,353,337,1.0,True,99.3008,109.6431,91.1898,3.9594,98.7882,"109.64,106.93,105.84,104.22,103.13,102.04,100.96,99.33,97.70,104.22,103.13,102.04,101.50,100.96,99.33,98.25,97.16,95.53,100.96,100.42,99.87,99.33,98.25,97.70,96.07,94.99,93.36,98.25,98.25,97.70,97.16,96.07,95.53,94.45,93.36,91.19"
Rec-027_std_2,23,14,4269,core,347,331,0.0,4.0,0.9878,349,334,357,337,1.0,True,94.6272,109.6431,79.7922,7.0592,95.5318,"109.64,106.93,103.67,102.04,99.33,97.16,95.53,90.65,82.51,103.67,102.04,100.42,98.25,97.16,95.53,93.36,89.02,81.42,99.87,98.25,97.70,96.07,94.99,92.28,90.65,86.85,80.88,97.16,96.07,95.53,94.45,92.28,91.19,89.02,85.22,79.79"
Rec-027_std_2,23,15,4270,core,352,331,0.0,5.0,0.9861,354,334,362,337,0.4444,False,82.6265,103.1302,74.3647,8.4819,78.1639,"103.13,98.79,93.36,84.13,79.79,77.08,75.99,75.45,75.45,98.25,95.53,90.65,83.05,78.71,76.54,75.99,75.45,74.91,94.45,92.28,88.48,81.42,77.62,76.54,75.45,74.91,74.36,91.73,90.10,86.31,80.88,77.62,75.99,75.45,74.36,74.36"
Rec-027_std_2,23,16,4271,core,355,331,0.0,3.0,0.9866,357,334,365,337,0.1111,False,77.3347,90.1043,74.3647,3.5255,75.9929,"90.10,83.59,79.79,77.62,76.54,75.99,75.99,74.91,74.91,85.22,80.88,78.16,77.08,75.99,75.99,75.45,74.91,74.36,83.05,78.71,77.62,75.99,75.99,75.45,74.91,74.36,74.36,81.96,78.16,76.54,75.99,75.45,74.91,74.36,74.36,74.36"
Rec-027_std_2,24,1,4384,core,290,331,0.0,0.0,0.9872,292,334,300,337,1.0,True,95.4112,102.0447,87.9333,3.4614,95.2604,"101.50,102.04,100.96,99.87,99.33,99.33,99.33,98.79,98.79,95.53,95.53,95.53,96.07,97.16,97.16,97.16,97.16,97.16,90.65,91.73,92.28,93.36,94.45,94.99,94.99,94.99,94.99,87.93,89.56,90.65,91.19,92.28,92.28,93.36,93.36,93.36"
Rec-027_std_2,24,2,4385,core,294,331,0.0,4.0,0.9874,296,334,304,337,1.0,True,97.6726,108.5576,93.3608,3.5932,96.3459,"108.56,106.39,104.22,102.04,100.96,100.42,99.33,98.79,98.25,101.50,100.42,99.33,98.79,98.25,98.25,98.25,97.70,96.62,95.53,96.07,96.07,96.07,96.07,96.07,95.53,95.53,95.53,93.36,93.36,94.45,94.45,94.45,94.45,94.45,93.36,93.36"
Rec-027_std_2,24,3,4386,core,299,331,0.0,5.0,0.9859,301,334,309,337,1.0,True,97.4314,108.5576,92.2753,3.5022,97.16,"108.56,105.84,103.13,101.50,99.87,98.79,98.25,97.70,97.16,102.04,100.96,99.33,98.79,98.25,97.70,97.16,96.07,95.53,98.25,97.70,97.16,96.07,96.07,95.53,94.99,94.99,94.45,94.99,94.99,94.45,94.45,94.45,93.36,93.36,93.36,92.28"
Rec-027_std_2,24,4,4387,core,303,331,0.0,4.0,0.9889,305,334,313,337,1.0,True,97.3258,109.1004,92.2753,3.6043,96.6172,"109.10,106.39,103.13,100.96,99.33,98.25,98.25,97.16,96.62,103.13,100.96,99.33,98.25,97.70,97.16,96.62,95.53,95.53,98.25,97.70,96.62,96.07,95.53,95.53,94.99,94.45,94.45,95.53,94.99,94.99,94.45,94.45,93.36,93.36,93.36,92.28"
Rec-027_std_2,24,5,4388,core,308,331,0.0,5.0,0.9861,310,334,318,337,1.0,True,96.3459,106.3867,92.2753,2.9603,95.5318,"106.39,103.13,100.96,98.79,98.25,97.70,96.62,96.62,96.07,100.96,98.79,98.25,97.16,96.62,96.62,95.53,95.53,95.53,97.16,96.62,95.53,95.53,94.99,94.99,94.45,94.45,94.45,94.99,94.45,94.45,93.36,93.36,93.36,92.28,92.28,92.28"
Rec-027_std_2,24,6,4389,core,312,331,0.0,4.0,0.9898,314,334,322,337,1.0,True,96.768,106.9294,93.3608,3.0424,96.0745,"106.93,104.22,101.50,99.87,98.25,98.25,97.70,97.16,96.62,101.50,99.87,98.25,97.70,97.16,96.62,96.07,96.07,95.53,97.16,96.62,95.53,95.53,95.53,94.99,94.99,94.99,94.45,94.45,94.45,94.45,94.45,93.36,93.36,93.36,93.36,93.36"
Rec-027_std_2,24,7,4390,core,317,331,0.0,5.0,0.9871,319,334,327,337,1.0,True,97.0092,105.3012,94.4463,2.499,96.6172,"105.30,103.13,100.96,99.33,98.79,98.25,98.25,97.70,97.70,100.42,98.79,98.25,97.70,97.70,97.16,96.62,96.62,96.62,97.16,96.62,96.07,95.53,95.53,95.53,95.53,95.53,94.99,94.99,94.45,94.45,94.45,94.45,94.45,94.45,94.45,94.45"
Rec-027_std_2,24,8,4391,core,321,331,0.0,4.0,0.99,323,334,331,337,1.0,True,98.0043,106.9294,94.4463,2.8128,97.7027,"106.93,105.30,103.13,100.96,99.87,99.33,99.33,98.79,98.79,101.50,99.87,99.33,98.25,98.25,98.25,98.25,97.70,97.70,97.70,97.16,97.16,96.62,96.62,96.07,96.07,96.07,96.07,95.53,95.53,95.53,95.53,95.53,94.99,94.99,94.99,94.45"
Rec-027_std_2,24,9,4392,core,326,331,0.0,5.0,0.9879,328,334,336,337,1.0,True,98.351,106.3867,95.5318,2.5547,98.2455,"106.39,104.22,102.04,101.50,100.42,99.87,99.87,99.87,99.33,101.50,100.42,99.33,98.79,98.79,98.25,98.25,98.25,98.25,98.25,97.70,97.70,97.70,97.16,97.16,96.62,96.62,96.62,95.53,95.53,95.53,95.53,95.53,95.53,95.53,95.53,95.53"
Rec-027_std_2,24,10,4393,core,330,331,0.0,4.0,0.99,332,334,340,337,1.0,True,99.5119,108.0149,96.0745,2.7998,99.0596,"108.01,105.84,103.67,103.13,102.04,101.50,101.50,100.96,100.96,103.13,101.50,100.42,99.87,99.87,99.87,99.33,99.33,99.33,98.79,98.25,98.25,98.25,98.25,98.25,98.25,98.25,98.25,96.62,96.62,96.62,96.07,96.62,96.62,96.07,96.07,96.07"
Rec-027_std_2,24,11,4394,core,339,331,0.0,9.0,0.9896,341,334,349,337,1.0,True,100.8838,110.1859,95.5318,3.2794,100.4165,"110.19,108.01,106.39,105.30,103.67,103.13,103.13,102.04,101.50,104.22,103.67,103.13,102.04,102.04,101.50,100.96,100.42,99.33,100.96,100.42,100.42,99.87,99.87,99.33,98.25,98.25,97.70,98.25,98.25,98.25,98.25,97.70,97.16,96.62,96.07,95.53"
Rec-027_std_2,24,12,4395,core,344,331,0.0,5.0,0.9876,346,334,354,337,1.0,True,98.6073,109.1004,90.1043,4.2274,98.2455,"109.10,106.93,105.30,103.67,102.04,101.50,99.87,98.25,96.07,104.22,103.13,102.04,101.50,99.87,98.79,97.16,95.53,94.45,100.96,99.87,99.33,98.25,98.25,96.62,95.53,94.45,91.73,98.25,97.70,97.16,96.62,95.53,94.99,93.36,91.73,90.10"
Rec-027_std_2,24,13,4396,core,353,331,0.0,9.0,0.9859,355,334,363,337,0.3333,False,80.4254,100.9592,74.3647,7.2417,76.8071,"100.96,94.99,85.22,79.79,77.62,75.99,75.45,74.91,74.91,95.53,91.19,83.05,78.71,77.08,75.99,75.45,74.91,74.91,92.28,88.48,81.96,78.16,76.54,75.99,74.91,74.91,74.36,90.65,86.85,80.88,77.62,75.99,75.45,74.91,74.36,74.36"
Rec-027_std_2,24,14,4397,core,355,330,26.57,2.24,0.9862,357,333,365,336,0.1111,False,78.6464,98.2455,74.3647,5.268,76.5357,"98.25,89.56,84.13,79.79,77.62,76.54,75.99,75.45,74.91,90.65,83.59,79.79,77.62,76.54,75.99,75.99,75.45,74.36,85.76,80.88,78.16,76.54,75.99,75.99,75.45,74.91,74.36,83.05,78.71,77.62,76.54,75.99,75.45,74.91,74.36,74.36"
Rec-027_std_2,25,1,4506,core,292,331,0.0,2.0,0.9847,294,334,302,337,1.0,True,97.4314,105.8439,91.1898,3.3858,96.8886,"105.84,105.30,103.13,102.04,101.50,100.42,100.42,99.87,99.33,98.79,98.79,98.79,98.79,98.25,98.25,98.25,98.25,97.70,94.45,95.53,95.53,96.07,96.07,96.07,96.07,96.07,95.53,91.19,92.28,93.36,93.36,94.45,94.45,94.45,94.45,94.45"
Rec-027_std_2,25,2,4507,core,301,331,0.0,9.0,0.9858,303,334,311,337,1.0,True,98.0797,109.6431,93.3608,3.5239,97.4314,"109.64,106.39,103.67,102.04,100.42,99.33,98.79,98.25,97.70,103.13,101.50,100.42,99.33,98.79,98.25,97.16,96.62,96.62,98.79,98.25,97.70,97.16,96.62,96.07,95.53,95.53,94.99,95.53,95.53,95.53,94.99,94.99,94.45,94.45,93.36,93.36"
Rec-027_std_2,25,3,4508,core,305,331,0.0,4.0,0.9885,307,334,315,337,1.0,True,97.6424,109.6431,93.3608,3.6268,96.8886,"109.64,106.39,103.67,101.50,99.87,98.79,98.25,97.70,97.16,103.13,101.50,99.87,98.79,98.25,97.16,96.62,96.07,95.53,98.25,97.70,97.16,96.62,96.07,95.53,94.99,94.45,94.45,95.53,95.53,95.53,94.45,94.45,94.45,93.36,93.36,93.36"
Rec-027_std_2,25,4,4509,core,310,331,0.0,5.0,0.9869,312,334,320,337,1.0,True,96.9188,107.4722,93.3608,3.1111,96.0745,"107.47,104.22,102.04,99.87,98.79,98.25,97.70,97.16,97.16,101.50,99.87,98.25,98.25,97.16,96.62,96.07,96.07,95.53,97.70,97.16,96.07,95.53,95.53,94.99,94.99,94.45,94.45,95.53,94.99,94.45,94.45,93.36,93.36,93.36,93.36,93.36"
Rec-027_std_2,25,5,4510,core,314,331,0.0,4.0,0.9891,316,334,324,337,1.0,True,97.3861,107.4722,94.4463,3.0229,96.6172,"107.47,105.30,102.04,100.96,99.33,98.25,98.25,98.25,97.70,101.50,99.87,98.79,98.25,97.70,97.16,97.16,96.62,96.62,97.70,96.62,96.07,96.07,96.07,95.53,95.53,95.53,94.99,94.99,94.45,94.45,94.45,94.45,94.45,94.45,94.45,94.45"
Rec-027_std_2,25,6,4511,core,319,331,0.0,5.0,0.988,321,334,329,337,1.0,True,97.5671,106.3867,94.4463,2.657,97.16,"106.39,103.67,102.04,100.42,99.87,98.79,98.25,98.25,98.25,100.96,99.87,98.79,98.25,98.25,97.70,97.70,97.16,97.16,97.16,97.16,96.62,96.62,96.07,95.53,96.07,95.53,95.53,95.53,94.99,95.53,94.99,94.99,94.99,94.45,94.45,94.45"
Rec-027_std_2,25,7,4512,core,323,331,0.0,4.0,0.9893,325,334,333,337,1.0,True,98.6073,108.0149,95.5318,2.889,98.2455,"108.01,105.30,103.13,102.04,100.96,100.42,100.42,99.33,99.87,102.04,100.96,99.87,99.33,98.79,98.79,98.25,98.25,98.25,98.25,97.70,97.16,97.16,97.16,97.16,97.16,97.16,97.16,95.53,95.53,95.53,95.53,95.53,95.53,95.53,95.53,95.53"
Rec-027_std_2,25,8,4513,core,328,331,0.0,5.0,0.9883,330,334,338,337,1.0,True,99.4667,107.4722,96.0745,2.6784,99.0596,"107.47,105.30,103.13,102.04,102.04,101.50,101.50,101.50,101.50,102.04,101.50,100.42,100.42,99.87,99.87,99.87,99.87,99.87,98.25,98.25,98.25,98.25,98.25,98.25,98.25,98.25,98.25,96.62,96.62,96.07,96.62,96.07,96.07,96.07,96.62,96.07"
Rec-027_std_2,25,9,4514,core,332,331,0.0,4.0,0.989,334,334,342,337,1.0,True,100.7331,109.6431,97.16,2.9266,100.4165,"109.64,107.47,105.30,104.22,103.13,103.13,103.13,102.04,102.04,103.67,102.04,102.04,101.50,101.50,101.50,101.50,100.96,100.96,99.87,99.33,99.33,99.33,99.33,98.79,99.33,98.79,98.79,97.70,97.16,97.70,97.70,97.70,97.70,97.70,97.16,97.16"
Rec-027_std_2,25,10,4515,core,337,331,0.0,5.0,0.9885,339,334,347,337,1.0,True,101.4266,109.6431,96.6172,2.9924,101.2306,"109.64,108.01,105.84,105.30,104.22,104.22,103.67,103.13,103.13,104.22,103.67,103.13,102.04,102.04,102.04,102.04,101.50,101.50,100.96,100.96,100.42,100.42,100.42,99.87,99.33,99.33,98.79,98.25,98.25,98.25,98.25,98.25,98.25,97.70,97.70,96.62"
Rec-027_std_2,25,11,4516,core,341,331,0.0,4.0,0.9884,343,334,351,337,1.0,True,101.3813,111.8141,94.989,3.8231,101.2306,"111.81,109.64,107.47,106.39,105.30,104.22,103.67,103.13,101.50,105.30,105.30,103.67,103.13,102.04,102.04,101.50,100.42,98.79,102.04,101.50,100.96,100.42,100.42,99.33,98.25,98.25,96.62,98.79,98.79,98.25,98.25,98.25,97.16,96.62,95.53,94.99"
Rec-027_std_2,25,12,4517,core,346,331,0.0,5.0,0.9878,348,334,356,337,1.0,True,97.16,110.1859,85.2196,5.6751,97.7027,"110.19,108.01,105.30,103.13,102.04,99.87,98.25,95.53,91.19,105.30,103.13,102.04,100.42,98.79,97.70,95.53,93.36,89.02,100.96,99.87,98.79,97.70,96.07,94.99,92.28,91.19,86.85,98.25,97.70,96.62,95.53,94.45,92.28,91.19,89.02,85.22"
Rec-027_std_2,25,13,4518,core,350,331,0.0,4.0,0.9867,352,334,360,337,0.6667,False,88.0992,108.5576,74.9074,10.0264,89.5616,"108.56,105.30,102.04,98.25,93.36,84.13,78.71,76.54,75.99,102.04,99.87,97.70,95.53,90.65,82.51,78.16,76.54,75.99,98.25,96.62,94.45,92.28,88.48,81.42,77.62,75.99,75.45,95.53,94.45,92.28,90.65,86.85,80.88,77.62,75.99,74.91"
Rec-027_std_2,25,14,4519,core,355,331,0.0,5.0,0.985,357,334,365,337,0.1111,False,77.0181,89.0188,73.822,3.3574,75.9929,"89.02,82.51,78.71,77.62,75.99,75.99,75.45,74.91,74.36,84.68,80.33,77.62,76.54,75.99,75.45,75.45,74.91,74.36,83.05,78.71,77.08,75.99,75.45,74.91,74.36,74.36,73.82,81.42,78.16,76.54,75.99,75.45,74.91,74.36,74.36,73.82"
Rec-027_std_2,26,1,4626,core,290,331,0.0,0.0,0.9894,292,334,300,337,1.0,True,95.577,100.9592,87.9333,3.5896,95.5318,"99.87,100.96,100.42,99.87,99.87,99.87,100.42,99.87,99.87,94.45,94.99,95.53,96.07,97.16,97.70,98.25,98.25,98.25,89.56,91.19,92.28,94.45,94.45,95.53,95.53,95.53,96.07,87.93,89.02,90.65,91.19,92.28,92.28,93.36,93.36,94.45"
Rec-027_std_2,26,2,4627,core,295,331,0.0,5.0,0.9863,297,334,305,337,1.0,True,98.9541,109.6431,94.4463,3.5586,97.9741,"109.64,107.47,105.30,103.13,102.04,101.50,100.42,99.87,99.33,103.13,102.04,100.96,100.42,99.87,99.33,98.79,98.25,98.25,97.70,97.70,97.70,97.70,97.70,97.70,97.16,96.62,96.07,94.99,95.53,95.53,95.53,95.53,95.53,94.99,94.45,94.45"
Rec-027_std_2,26,3,4628,core,299,331,0.0,4.0,0.9869,301,334,309,337,1.0,True,99.331,111.8141,94.4463,3.9883,98.2455,"111.81,109.10,106.39,103.67,102.04,100.96,100.42,99.33,98.25,105.30,103.13,102.04,100.96,100.42,99.33,98.79,98.25,97.70,99.33,98.79,98.25,98.25,97.70,97.16,97.16,96.07,95.53,96.62,96.62,96.07,95.53,95.53,95.53,94.99,94.45,94.45"
Rec-027_std_2,26,4,4629,core,326,331,0.0,27.0,0.9881,328,334,336,337,1.0,True,99.1501,108.0149,95.5318,2.8115,98.7882,"108.01,105.84,103.67,102.04,101.50,100.96,100.42,100.42,100.42,102.04,101.50,100.42,99.87,99.87,99.33,98.79,98.79,98.79,98.79,98.25,98.25,98.25,98.25,98.25,97.70,97.70,97.16,96.62,96.07,96.07,96.07,96.07,96.07,96.07,95.53,95.53"
Rec-027_std_2,26,5,4630,core,331,331,0.0,5.0,0.9895,333,334,341,337,1.0,True,100.1602,108.5576,97.16,2.7092,99.8737,"108.56,106.39,104.22,103.13,102.04,102.04,102.04,102.04,101.50,103.13,102.04,101.50,100.96,100.96,100.42,100.42,100.42,100.42,99.33,99.33,98.79,98.79,98.79,98.79,98.25,98.25,98.25,97.70,97.16,97.16,97.16,97.16,97.16,97.16,97.16,97.16"
Rec-027_std_2,26,6,4631,core,335,331,0.0,4.0,0.9877,337,334,345,337,1.0,True,101.0195,110.1859,97.16,2.9528,100.4165,"110.19,108.01,105.84,104.22,103.67,103.13,103.13,102.04,102.04,104.22,103.13,102.04,102.04,102.04,101.50,100.96,100.96,100.42,100.42,100.42,99.87,99.87,99.33,99.33,99.33,98.79,98.25,98.25,98.25,98.25,98.25,98.25,97.70,97.70,97.70,97.16"
Rec-027_std_2,26,7,4632,core,340,331,0.0,5.0,0.9893,342,334,350,337,1.0,True,100.8989,109.6431,95.5318,3.177,100.6878,"109.64,108.01,105.84,105.30,103.67,103.13,103.13,102.04,101.50,104.22,103.67,103.13,102.04,102.04,101.50,100.96,99.87,99.33,100.96,100.96,100.42,99.87,99.87,99.33,98.79,98.25,97.16,98.79,98.25,98.25,98.25,98.25,97.16,97.16,96.07,95.53"
Rec-027_std_2,26,8,4633,core,344,331,0.0,4.0,0.9867,346,334,354,337,1.0,True,99.4365,110.7286,90.6471,4.4643,98.7882,"110.73,108.56,106.39,105.30,103.13,102.04,100.42,98.79,97.16,105.30,104.22,103.13,102.04,100.96,99.87,98.25,96.62,94.99,101.50,100.96,99.87,99.33,98.79,97.70,96.07,94.45,92.28,98.79,98.25,97.70,97.16,96.07,95.53,94.45,92.28,90.65"
Rec-027_std_2,26,9,4634,core,349,331,0.0,5.0,0.9881,351,334,359,337,0.7778,False,90.2098,108.0149,75.9929,9.4413,91.7325,"108.01,105.30,102.04,99.33,96.62,91.73,83.05,78.71,75.99,103.13,100.42,98.25,96.62,94.45,89.56,81.96,78.16,75.99,98.79,97.70,95.53,94.45,91.73,87.93,80.88,77.62,75.99,96.07,95.53,94.45,91.73,90.10,86.31,80.33,77.08,75.99"
Rec-027_std_2,26,10,4635,core,353,331,0.0,4.0,0.9851,355,334,363,337,0.3333,False,80.7721,103.1302,74.3647,7.6892,77.0784,"103.13,96.07,85.76,80.33,77.62,75.99,75.99,74.91,74.91,97.16,91.73,83.59,79.79,77.62,75.99,75.45,74.91,74.36,93.36,89.02,82.51,78.16,76.54,75.99,75.45,74.91,74.36,91.19,87.39,80.88,77.62,75.99,75.45,74.91,74.36,74.36"
Rec-027_std_2,27,1,4742,core,290,331,0.0,0.0,0.9873,292,334,300,337,1.0,True,96.6776,103.1302,88.4761,3.5883,96.6172,"102.04,103.13,101.50,100.42,100.96,100.96,100.96,100.96,100.42,95.53,96.62,97.16,97.70,98.25,98.79,98.79,98.79,98.79,91.19,92.28,94.45,94.99,95.53,96.07,96.62,96.62,96.62,88.48,90.10,91.19,92.28,93.36,94.45,94.45,94.99,94.99"
Rec-027_std_2,27,2,4743,core,293,331,0.0,3.0,0.9861,295,334,303,337,1.0,True,99.1802,109.6431,93.3608,3.7441,98.2455,"109.64,108.01,105.84,104.22,103.13,102.04,101.50,100.96,100.42,102.04,101.50,100.96,100.42,100.42,100.42,99.33,99.33,98.79,96.62,97.16,97.70,97.70,97.70,97.70,97.70,97.16,97.16,93.36,94.45,94.99,94.99,95.53,95.53,95.53,95.53,94.99"
Rec-027_std_2,27,3,4744,core,298,331,0.0,5.0,0.9864,300,334,308,337,1.0,True,99.4968,110.7286,94.4463,3.6584,99.0596,"110.73,108.56,105.84,103.13,102.04,101.50,100.42,99.87,99.33,104.22,103.13,102.04,100.96,100.42,99.87,99.33,98.25,98.25,99.33,99.33,98.79,98.25,98.25,98.25,97.16,96.62,96.07,96.62,96.62,96.62,96.07,95.53,95.53,95.53,94.99,94.45"
Rec-027_std_2,27,4,4745,core,302,331,0.0,4.0,0.9876,304,334,312,337,1.0,True,99.5722,111.8141,94.4463,3.8832,98.5169,"111.81,109.10,106.39,103.67,102.04,100.96,99.87,99.33,98.25,105.30,103.67,102.04,101.50,99.87,99.33,98.79,98.25,97.70,100.42,99.87,99.33,98.25,98.25,97.70,97.16,96.62,96.07,97.16,97.16,96.62,96.07,95.53,95.53,95.53,94.99,94.45"
Rec-027_std_2,27,5,4746,core,311,331,0.0,9.0,0.9885,313,334,321,337,1.0,True,97.763,109.6431,93.3608,3.586,96.8886,"109.64,106.93,103.67,101.50,99.87,98.25,98.25,97.16,96.62,103.13,101.50,99.87,98.79,98.25,97.70,96.62,96.07,95.53,98.25,98.25,97.70,97.16,96.07,95.53,95.53,94.99,94.45,96.07,95.53,95.53,94.99,94.45,94.45,94.45,93.36,93.36"
Rec-027_std_2,27,6,4747,core,320,331,0.0,9.0,0.9886,322,334,330,337,1.0,True,98.0646,107.4722,94.989,2.8433,97.7027,"107.47,105.30,103.13,100.96,99.87,99.33,98.79,98.79,98.79,101.50,100.42,99.33,98.25,98.25,98.25,98.25,98.25,97.70,97.70,97.16,96.62,96.62,96.62,96.62,96.62,96.62,96.07,95.53,95.53,95.53,95.53,94.99,94.99,94.99,94.99,94.99"
Rec-027_std_2,27,7,4748,core,334,331,0.0,14.0,0.9888,336,334,344,337,1.0,True,101.321,109.1004,97.7027,2.6558,100.9592,"109.10,106.93,105.30,104.22,103.67,103.13,103.13,103.13,103.13,103.67,103.13,103.13,102.04,102.04,102.04,102.04,102.04,101.50,100.42,100.42,100.42,100.42,99.87,99.87,99.87,99.87,99.33,98.25,98.25,98.25,98.25,98.25,98.25,98.25,98.25,97.70"
Rec-027_std_2,27,8,4749,core,343,331,0.0,9.0,0.9887,345,334,353,337,1.0,True,100.9441,111.2714,92.2753,4.1185,100.6878,"111.27,109.10,107.47,105.84,105.30,103.67,103.13,100.96,98.79,105.84,105.30,103.67,103.13,103.13,102.04,100.42,98.25,97.16,102.04,102.04,101.50,100.96,99.87,99.33,98.25,96.62,94.99,99.87,99.33,98.79,98.25,98.25,97.16,95.53,94.45,92.28"
Rec-027_std_2,27,9,4750,core,352,331,0.0,9.0,0.987,354,334,362,337,0.4444,False,83.0486,104.2157,74.3647,8.9868,78.4353,"104.22,100.42,94.45,84.68,79.79,77.08,75.99,74.91,74.91,99.33,96.62,91.19,83.05,78.71,76.54,75.99,74.91,74.91,95.53,93.36,89.56,82.51,78.16,76.54,75.99,74.91,74.36,93.36,91.19,87.39,80.88,77.62,75.99,75.45,74.91,74.36"
Rec-027_std_2,27,10,4751,core,355,331,0.0,3.0,0.9861,357,334,365,337,0.1111,False,77.2443,90.1043,73.822,3.6427,75.9929,"90.10,84.13,79.79,77.62,76.54,75.99,75.45,74.91,74.36,85.76,80.88,77.62,76.54,75.99,75.45,74.91,74.91,74.36,83.05,78.71,77.62,75.99,75.99,74.91,74.91,74.36,73.82,81.96,78.16,76.54,75.99,75.45,74.91,74.36,74.36,74.36"
Rec-027_std_2,28,1,4855,core,291,331,0.0,1.0,0.9864,293,334,301,337,1.0,True,97.4917,105.3012,90.6471,3.2345,97.7027,"105.30,103.67,103.13,101.50,100.96,100.96,100.42,99.87,99.33,98.25,98.25,98.25,98.79,98.79,98.79,98.79,98.79,98.25,93.36,94.99,95.53,96.07,96.62,96.62,96.62,97.16,96.62,90.65,92.28,92.28,94.45,94.45,94.99,94.99,94.99,94.99"
Rec-027_std_2,28,2,4856,core,295,331,0.0,4.0,0.9868,297,334,305,337,1.0,True,99.4064,111.2714,95.5318,3.7649,98.2455,"111.27,109.10,105.84,103.67,102.04,101.50,100.42,99.87,98.79,103.67,103.13,102.04,100.96,99.87,99.87,98.79,98.79,98.25,98.25,98.25,98.25,98.25,98.25,98.25,97.70,97.16,96.62,95.53,95.53,95.53,95.53,95.53,95.53,95.53,95.53,95.53"
Rec-027_std_2,28,3,4857,core,300,331,0.0,5.0,0.9876,302,334,310,337,1.0,True,98.9541,110.1859,94.4463,3.389,98.2455,"110.19,107.47,104.22,102.04,100.96,99.87,98.79,98.25,98.25,104.22,102.04,101.50,100.42,99.87,98.79,98.25,98.25,97.16,99.87,98.79,98.25,98.25,97.70,97.16,97.16,96.62,95.53,97.16,96.62,96.62,96.07,95.53,95.53,95.53,94.99,94.45"
Rec-027_std_2,28,4,4858,core,304,331,0.0,4.0,0.9876,306,334,314,337,1.0,True,98.8787,110.7286,94.4463,3.5487,98.2455,"110.73,107.47,105.30,102.04,100.42,99.33,98.79,98.25,97.70,104.22,103.13,101.50,99.87,98.79,98.79,98.25,97.70,97.16,99.87,98.79,98.25,98.25,97.70,97.16,96.62,96.07,95.53,97.16,97.16,96.07,96.07,95.53,95.53,94.99,94.99,94.45"
Rec-027_std_2,28,5,4859,core,309,331,0.0,5.0,0.9886,311,334,319,337,1.0,True,97.9892,108.0149,94.4463,2.9548,97.4314,"108.01,105.30,102.04,100.96,99.33,98.25,98.25,97.70,97.70,103.13,100.96,99.87,98.79,98.25,97.70,97.16,97.16,97.16,98.79,98.25,97.70,97.16,96.62,96.62,96.07,95.53,95.53,96.62,96.07,95.53,95.53,95.53,94.99,94.45,94.45,94.45"
Rec-027_std_2,28,6,4860,core,313,331,0.0,4.0,0.9885,315,334,323,337,1.0,True,98.2153,109.1004,94.4463,3.162,97.7027,"109.10,105.84,103.13,101.50,99.87,98.79,98.25,98.25,98.25,103.13,101.50,99.87,99.33,98.25,98.25,97.70,97.70,97.16,98.25,98.25,97.70,97.70,96.62,96.62,96.07,96.07,95.53,96.07,95.53,95.53,95.53,95.53,94.99,94.99,94.45,94.45"
Rec-027_std_2,28,7,4861,core,318,331,0.0,5.0,0.9891,320,334,328,337,1.0,True,98.4415,107.4722,94.989,2.7797,98.2455,"107.47,105.30,103.13,101.50,100.42,99.87,99.33,98.79,98.79,102.04,100.96,99.87,98.79,98.79,98.25,98.25,98.25,98.25,98.25,98.25,97.70,97.16,97.16,97.16,96.62,96.62,96.62,96.07,96.07,95.53,95.53,95.53,95.53,95.53,94.99,95.53"
Rec-027_std_2,28,8,4862,core,322,331,0.0,4.0,0.9881,324,334,332,337,1.0,True,99.4214,109.1004,96.0745,3.0367,98.7882,"109.10,106.93,104.22,103.13,101.50,100.96,100.42,100.96,100.42,103.13,102.04,100.96,99.87,99.87,99.33,99.33,98.79,99.33,98.79,98.25,98.25,98.25,98.25,98.25,97.70,97.70,97.70,96.62,96.62,96.07,96.07,96.07,96.07,96.07,96.07,96.07"
Rec-027_std_2,28,9,4863,core,327,331,0.0,5.0,0.9893,329,334,337,337,1.0,True,100.326,108.5576,97.16,2.7092,100.1451,"108.56,106.39,104.22,103.13,103.13,102.04,102.04,102.04,102.04,103.13,102.04,101.50,100.96,100.96,100.96,100.96,100.96,100.96,99.33,98.79,98.79,98.79,99.33,98.79,98.79,98.79,98.79,97.16,97.16,97.16,97.70,97.70,97.16,97.16,97.16,97.16"
Rec-027_std_2,28,10,4864,core,331,331,0.0,4.0,0.9874,333,334,341,337,1.0,True,101.7281,111.2714,98.2455,3.1293,101.502,"111.27,109.10,106.93,105.30,104.22,103.67,103.67,103.67,103.13,105.30,103.67,103.13,102.04,102.04,102.04,102.04,102.04,102.04,100.96,100.42,99.87,100.42,100.42,100.42,99.87,100.42,99.87,98.25,98.25,98.25,98.25,98.25,98.25,98.25,98.25,98.25"
Rec-027_std_2,28,11,4865,core,336,331,0.0,5.0,0.9894,338,334,346,337,1.0,True,102.6628,111.2714,98.2455,3.1235,102.0447,"111.27,109.10,107.47,106.39,105.84,105.30,105.30,105.30,104.22,105.30,105.30,104.22,103.67,103.13,103.13,103.13,103.13,102.04,102.04,102.04,102.04,101.50,101.50,101.50,100.96,100.42,100.42,99.33,99.33,99.33,99.33,98.79,98.79,98.79,98.25,98.25"
Rec-027_std_2,28,12,4866,core,340,331,0.0,4.0,0.9866,342,334,350,337,1.0,True,103.2207,112.8996,97.16,3.7286,103.1302,"112.90,111.27,109.64,108.01,106.93,106.39,105.84,105.30,103.67,107.47,106.39,105.30,105.30,104.22,103.67,103.13,103.13,101.50,103.13,103.13,102.04,102.04,102.04,101.50,100.96,99.87,98.79,100.42,99.87,99.87,99.87,99.87,98.79,98.25,98.25,97.16"
Rec-027_std_2,28,13,4867,core,349,331,0.0,9.0,0.9852,351,334,359,337,0.7778,False,91.4009,111.2714,75.9929,10.2407,93.3608,"111.27,108.01,105.30,101.50,98.25,93.36,83.59,78.71,76.54,105.30,102.04,100.42,98.25,95.53,90.65,82.51,78.16,75.99,100.42,98.79,97.70,95.53,93.36,89.02,81.42,77.62,75.99,97.70,96.62,94.99,93.36,91.19,86.85,80.88,77.62,75.99"
Rec-027_std_2,28,14,4868,core,354,331,0.0,5.0,0.9866,356,334,364,337,0.2222,False,78.767,98.7882,73.822,5.8996,75.9929,"98.79,87.39,81.42,78.16,76.54,75.99,75.45,74.91,74.36,93.36,84.13,79.79,77.62,75.99,75.45,74.91,74.91,74.36,90.10,83.05,78.71,77.08,75.99,75.45,74.91,74.36,74.36,87.93,81.42,78.16,76.54,75.99,75.45,74.36,74.36,73.82"
Rec-027_std_2,29,1,4969,core,290,331,0.0,0.0,0.9892,292,334,300,337,1.0,True,96.0444,101.502,88.4761,3.3748,96.0745,"99.87,101.50,100.96,99.87,99.87,100.42,100.42,99.87,99.87,94.45,95.53,96.07,96.62,98.25,98.25,98.25,98.25,98.25,90.65,91.73,93.36,94.45,95.53,95.53,96.07,96.07,96.07,88.48,89.56,91.19,92.28,93.36,93.36,94.45,94.45,94.45"
Rec-027_std_2,29,2,4970,core,294,331,0.0,4.0,0.9853,296,334,304,337,1.0,True,99.4516,111.2714,94.989,3.7951,98.2455,"111.27,109.10,106.39,103.67,102.04,102.04,101.50,100.42,99.87,103.13,102.04,101.50,100.96,100.42,99.87,99.33,98.79,98.25,98.25,98.25,98.25,98.25,98.25,97.70,97.70,97.16,97.16,94.99,95.53,95.53,95.53,95.53,95.53,95.53,95.53,94.99"
Rec-027_std_2,29,3,4971,core,303,331,0.0,9.0,0.9869,305,334,313,337,1.0,True,99.1953,111.2714,94.4463,3.6529,98.2455,"111.27,108.01,105.30,103.13,101.50,99.87,99.33,98.79,98.25,105.30,103.13,101.50,99.87,99.33,98.79,98.25,98.25,97.16,99.87,99.33,98.25,98.25,97.70,97.70,97.16,96.62,95.53,97.16,97.16,96.62,96.07,96.07,95.53,95.53,94.99,94.45"
Rec-027_std_2,29,4,4972,core,308,331,0.0,5.0,0.9874,310,334,318,337,1.0,True,98.2756,108.5576,94.4463,3.0807,97.7027,"108.56,105.84,103.13,101.50,99.87,98.79,98.25,98.25,97.70,103.13,101.50,100.42,99.33,98.25,98.25,97.70,97.16,96.62,98.79,98.25,98.25,97.70,97.16,96.62,96.62,95.53,95.53,96.62,96.07,96.07,95.53,95.53,95.53,94.99,94.45,94.45"
Rec-027_std_2,29,5,4973,core,312,331,0.0,4.0,0.9877,314,334,322,337,1.0,True,98.5772,109.6431,94.4463,3.2946,97.9741,"109.64,106.93,104.22,102.04,100.42,99.33,98.79,98.25,97.70,103.13,102.04,100.42,99.33,98.79,98.25,98.25,97.70,97.16,99.33,98.25,98.25,97.70,97.70,96.62,96.62,96.07,95.53,96.62,96.62,96.07,95.53,95.53,95.53,94.99,94.99,94.45"
Rec-027_std_2,29,6,4974,core,317,331,0.0,5.0,0.9886,319,334,327,337,1.0,True,98.2455,107.4722,94.4463,2.7969,97.9741,"107.47,105.30,103.13,100.96,99.87,99.33,98.79,98.25,98.25,102.04,100.96,99.87,98.79,98.25,98.25,98.25,97.70,97.70,98.25,98.25,97.70,97.16,97.16,96.62,96.62,96.07,96.07,96.07,96.07,96.07,95.53,95.53,95.53,95.53,94.99,94.45"
Rec-027_std_2,29,7,4975,core,321,331,0.0,4.0,0.9875,323,334,331,337,1.0,True,98.8485,109.1004,95.5318,2.9995,98.2455,"109.10,106.39,103.67,102.04,100.42,99.87,99.33,99.33,99.33,103.13,101.50,100.42,99.33,98.79,98.79,98.25,98.25,98.25,98.79,98.25,98.25,97.70,97.70,97.16,97.16,97.16,97.16,96.62,96.62,96.07,96.07,95.53,95.53,95.53,95.53,95.53"
Rec-027_std_2,29,8,4976,core,326,331,0.0,5.0,0.9886,328,334,336,337,1.0,True,99.6476,107.4722,96.6172,2.5178,99.6023,"107.47,105.30,103.13,102.04,101.50,101.50,101.50,100.96,100.96,103.13,101.50,100.96,100.42,99.87,99.87,99.87,99.87,99.87,99.33,98.79,98.25,98.25,98.25,98.25,98.25,98.25,98.25,97.16,97.16,97.16,96.62,96.62,96.62,97.16,96.62,96.62"
Rec-027_std_2,29,9,4977,core,330,331,0.0,4.0,0.9869,332,334,340,337,1.0,True,101.2457,110.1859,98.2455,2.7541,100.9592,"110.19,107.47,105.84,104.22,103.13,103.13,103.13,102.04,102.04,104.22,103.13,102.04,102.04,102.04,102.04,101.50,101.50,101.50,100.42,100.42,99.87,99.87,99.87,99.87,99.33,99.87,99.87,98.25,98.25,98.25,98.25,98.25,98.25,98.25,98.25,98.25"
Rec-027_std_2,29,10,4978,core,335,331,0.0,5.0,0.9886,337,334,345,337,1.0,True,102.105,110.1859,98.2455,2.743,101.7733,"110.19,108.01,106.39,105.30,104.22,104.22,103.67,103.67,103.13,105.30,103.67,103.13,103.13,103.13,103.13,103.13,102.04,102.04,101.50,101.50,100.96,100.96,100.96,100.96,100.96,100.42,100.42,98.79,98.79,99.33,99.33,98.79,98.79,98.79,98.79,98.25"
Rec-027_std_2,29,11,4979,core,339,331,0.0,4.0,0.9861,341,334,349,337,1.0,True,103.0096,111.8141,98.2455,3.1984,102.5874,"111.81,110.19,108.01,106.93,105.84,105.30,105.30,105.30,103.67,106.39,105.30,105.30,104.22,103.67,103.67,103.13,103.13,102.04,103.13,102.04,102.04,102.04,102.04,102.04,101.50,100.42,99.87,99.87,99.87,99.87,99.87,99.87,99.33,98.79,98.25,98.25"
Rec-027_std_2,29,12,4980,core,344,331,0.0,5.0,0.9883,346,334,354,337,1.0,True,101.1854,111.8141,91.7325,4.4616,100.6878,"111.81,110.19,108.01,106.39,105.30,104.22,103.13,100.96,98.25,106.93,105.84,105.30,103.67,103.13,102.04,100.42,98.25,96.07,103.13,102.04,102.04,101.50,100.42,99.33,98.25,96.07,94.45,100.42,99.87,99.33,98.79,98.25,97.16,95.53,94.45,91.73"
Rec-027_std_2,29,13,4981,core,348,331,0.0,4.0,0.9853,350,334,358,337,0.8889,False,94.2352,111.8141,77.0784,9.265,96.0745,"111.81,109.10,106.39,103.13,100.42,97.70,92.28,83.59,78.71,105.84,103.67,102.04,99.87,97.70,95.53,90.65,82.51,78.16,102.04,100.42,98.79,97.16,95.53,93.36,88.48,81.42,77.62,98.79,98.25,96.62,95.53,93.36,91.19,86.85,80.88,77.08"
Rec-027_std_2,29,14,4982,core,353,331,0.0,5.0,0.9867,355,334,363,337,0.3333,False,80.9229,103.6729,73.822,8.0129,76.8071,"103.67,96.62,85.76,80.33,77.62,75.99,75.45,74.91,74.36,98.25,92.28,84.13,79.79,77.08,75.99,75.45,74.91,74.36,94.45,89.56,82.51,78.71,76.54,75.99,75.45,74.91,74.36,92.28,87.93,81.42,77.62,75.99,75.45,74.91,74.36,73.82"
Rec-027_std_2,29,15,4983,core,355,330,26.57,2.24,0.9863,357,333,365,336,0.1111,False,78.6313,98.2455,73.822,5.3303,76.2643,"98.25,89.02,83.59,79.79,77.62,76.54,75.99,75.45,74.91,91.19,84.13,79.79,77.62,76.54,75.99,75.45,74.91,74.36,85.76,80.88,78.16,77.08,75.99,75.45,75.45,74.91,74.36,83.59,79.79,77.62,75.99,75.99,75.45,74.91,74.36,73.82"
Rec-G3_std_1,1,1,246,core,291,318,-135.0,1.41,0.9769,293,320,301,323,1.0,True,90.4209,94.989,83.5914,2.9322,90.3757,"91.19,92.28,93.36,94.45,94.45,94.45,94.99,94.99,94.99,87.93,89.02,90.10,91.19,91.73,92.28,92.28,92.28,93.36,85.22,86.85,87.93,89.02,89.56,90.10,90.65,91.19,91.19,83.59,85.22,86.85,87.93,87.93,88.48,89.02,89.56,89.56"
Rec-G3_std_1,1,2,247,core,294,318,0.0,3.0,0.9777,296,320,304,323,1.0,True,92.5467,96.6172,88.4761,2.4624,92.0039,"96.62,96.62,96.07,96.07,96.07,96.07,95.53,95.53,95.53,92.28,93.36,93.36,93.36,93.36,94.45,93.36,93.36,93.36,90.10,90.65,91.19,91.19,91.73,91.73,91.73,91.73,91.19,88.48,89.02,89.56,89.56,90.10,90.10,90.10,89.56,89.56"
Rec-G3_std_1,1,3,248,core,299,317,11.31,5.1,0.9725,301,319,309,322,1.0,True,95.773,105.8439,91.1898,3.3929,95.5318,"105.84,103.67,101.50,99.87,98.79,98.25,97.70,97.16,96.07,99.33,98.25,97.70,97.16,96.62,96.07,95.53,94.99,94.99,95.53,95.53,95.53,94.99,94.45,94.45,93.36,93.36,92.28,93.36,92.28,92.28,92.28,92.28,92.28,91.73,91.19,91.19"
Rec-G3_std_1,1,4,249,core,303,317,0.0,4.0,0.975,305,319,313,322,1.0,True,95.8333,106.9294,91.1898,3.5623,95.5318,"106.93,104.22,102.04,100.42,98.79,97.70,96.62,96.07,95.53,100.42,98.79,98.25,97.16,96.07,95.53,95.53,94.99,94.45,96.07,95.53,95.53,94.99,94.45,94.45,93.36,93.36,92.28,93.36,93.36,93.36,92.28,92.28,92.28,91.19,91.19,91.19"
Rec-G3_std_1,1,5,250,core,308,317,0.0,5.0,0.9752,310,319,318,322,1.0,True,94.7026,105.3012,90.1043,3.2501,94.4463,"105.30,102.04,99.87,98.25,97.70,96.07,95.53,95.53,94.45,98.79,97.70,96.62,95.53,95.53,94.99,94.45,93.36,93.36,95.53,94.99,94.45,93.36,93.36,92.28,92.28,92.28,91.19,93.36,92.28,92.28,91.73,91.73,91.19,91.19,90.65,90.10"
Rec-G3_std_1,1,6,251,core,313,317,0.0,5.0,0.9736,315,319,323,322,1.0,True,94.2654,103.1302,90.6471,2.8433,93.9035,"103.13,100.96,98.79,97.70,96.62,96.07,95.53,94.99,94.45,97.70,96.62,95.53,95.53,94.99,94.99,94.45,93.36,93.36,94.45,94.45,93.36,93.36,92.28,92.28,92.28,92.28,91.73,92.28,91.73,91.73,91.19,91.19,91.19,91.19,91.19,90.65"
Rec-G3_std_1,1,7,252,core,318,317,0.0,5.0,0.9707,320,319,328,322,1.0,True,94.2804,102.0447,90.6471,2.6211,94.4463,"102.04,100.42,98.25,97.70,96.62,96.07,95.53,95.53,94.99,97.16,96.07,95.53,95.53,94.99,94.45,94.45,94.45,93.36,94.45,94.45,93.36,93.36,93.36,92.28,92.28,92.28,91.73,92.28,92.28,91.73,91.73,91.19,91.19,91.19,91.19,90.65"
Rec-G3_std_1,1,8,253,core,327,317,0.0,9.0,0.97,329,319,337,322,1.0,True,94.8382,102.0447,91.7325,2.436,94.7176,"102.04,100.42,98.79,97.70,97.16,96.62,96.62,96.07,96.07,97.16,96.62,95.53,95.53,95.53,94.99,94.99,94.99,94.99,94.45,94.45,94.45,93.36,93.36,93.36,93.36,93.36,93.36,92.28,92.28,92.28,92.28,92.28,92.28,91.73,91.73,91.73"
Rec-G3_std_1,1,9,254,core,332,317,0.0,5.0,0.9689,334,319,342,322,1.0,True,95.4564,102.0447,92.2753,2.387,94.989,"102.04,100.42,99.33,98.25,98.25,97.70,97.70,97.16,97.16,97.70,96.62,96.07,96.07,96.07,95.53,95.53,95.53,95.53,94.45,94.45,94.45,94.45,94.45,94.45,94.45,94.45,94.45,92.28,93.36,92.28,92.28,93.36,93.36,92.28,92.28,92.28"
Rec-G3_std_1,1,10,255,core,337,317,0.0,5.0,0.9672,339,319,347,322,1.0,True,96.4967,103.1302,93.3608,2.441,95.8031,"103.13,101.50,100.42,99.87,99.33,98.79,98.25,98.25,98.25,98.25,98.25,97.70,97.70,97.16,97.16,96.62,96.07,96.07,95.53,95.53,95.53,95.53,95.53,95.53,94.99,94.99,94.45,94.45,94.45,94.45,93.36,93.36,93.36,93.36,93.36,93.36"
Rec-G3_std_1,1,11,256,core,342,316,11.31,5.1,0.9677,344,318,352,321,1.0,True,98.7882,109.1004,94.4463,3.3725,98.2455,"109.10,106.39,104.22,103.13,102.04,100.96,100.42,100.42,99.87,103.13,101.50,100.42,99.87,99.33,98.79,98.25,98.25,98.25,98.25,98.25,97.70,97.70,97.16,97.16,96.62,96.07,95.53,96.07,96.07,95.53,95.53,95.53,94.99,94.99,94.45,94.45"
Rec-G3_std_1,1,12,257,core,347,316,0.0,5.0,0.9678,349,318,357,321,1.0,True,98.1098,108.5576,91.7325,3.6596,97.7027,"108.56,105.84,104.22,103.13,102.04,100.96,99.87,98.79,98.25,102.04,101.50,100.42,99.33,99.33,98.25,97.70,97.16,95.53,98.25,98.25,97.70,97.16,97.16,96.07,95.53,94.99,94.45,96.07,95.53,95.53,95.53,94.99,94.45,93.36,92.28,91.73"
Rec-G3_std_1,1,13,258,core,351,316,0.0,4.0,0.9705,353,318,361,321,1.0,True,96.8886,111.2714,87.9333,5.021,96.0745,"111.27,108.01,105.30,103.13,100.96,99.33,98.25,96.07,93.36,103.13,102.04,100.42,98.79,98.25,96.62,95.53,94.45,91.73,98.79,98.25,97.70,96.07,95.53,94.45,93.36,91.73,90.10,96.07,95.53,94.99,94.45,93.36,92.28,91.19,89.56,87.93"
Rec-G3_std_1,1,14,259,core,356,316,0.0,5.0,0.9727,358,318,366,321,0.5556,False,87.0891,106.9294,74.9074,9.346,87.9333,"106.93,103.67,99.87,96.62,90.65,83.05,78.71,76.54,75.99,100.42,98.25,96.07,94.45,89.02,81.96,78.16,76.54,75.45,96.07,94.99,93.36,91.19,86.85,80.88,77.62,75.99,75.45,93.36,92.28,91.19,89.56,85.76,80.33,77.08,75.99,74.91"
Rec-G3_std_1,1,15,260,core,360,316,0.0,4.0,0.9733,362,318,370,321,0.1111,False,79.0082,98.2455,73.822,5.5959,76.5357,"98.25,89.02,83.05,79.79,77.62,76.54,75.99,75.45,74.91,92.28,84.68,80.33,77.62,76.54,75.99,75.99,74.91,74.91,88.48,82.51,78.71,77.62,75.99,75.99,75.45,74.91,74.36,86.31,80.88,78.16,76.54,75.99,75.45,74.91,74.36,73.82"
Rec-G3_std_1,2,1,406,core,294,318,0.0,3.0,0.9766,296,320,304,323,1.0,True,92.6371,96.6172,88.4761,2.4137,92.0039,"96.62,96.62,96.07,96.07,96.07,96.07,95.53,95.53,95.53,92.28,93.36,93.36,93.36,94.45,94.45,93.36,93.36,93.36,90.10,91.19,91.19,91.19,91.73,91.73,91.73,91.73,91.19,88.48,89.56,89.56,89.56,90.10,90.10,90.10,90.10,90.10"
Rec-G3_std_1,2,2,407,core,298,317,14.04,4.12,0.9738,300,319,308,322,1.0,True,96.2403,107.4722,91.1898,3.7161,95.5318,"107.47,105.30,103.13,100.96,99.33,98.25,98.25,97.16,96.07,99.87,99.33,98.25,97.70,97.16,96.62,96.07,95.53,94.99,95.53,95.53,95.53,94.99,94.99,94.45,94.45,93.36,93.36,92.28,93.36,93.36,92.28,92.28,92.28,92.28,91.73,91.19"
Rec-G3_std_1,2,3,408,core,303,317,0.0,5.0,0.9755,305,319,313,322,1.0,True,95.6976,106.3867,91.1898,3.4725,94.989,"106.39,104.22,102.04,99.87,98.25,97.70,96.62,95.53,95.53,100.42,98.79,97.70,96.62,96.07,95.53,94.99,94.99,94.45,96.07,95.53,94.99,94.99,94.45,93.36,93.36,93.36,92.28,93.36,93.36,93.36,92.28,92.28,92.28,91.73,91.19,91.19"
Rec-G3_std_1,2,4,409,core,308,317,0.0,5.0,0.9748,310,319,318,322,1.0,True,94.7478,104.2157,90.1043,3.1137,94.4463,"104.22,102.04,99.87,98.25,97.16,96.62,95.53,94.99,94.45,98.79,97.70,96.62,96.07,95.53,94.99,94.45,93.36,93.36,95.53,94.99,94.45,94.45,93.36,93.36,92.28,92.28,91.19,93.36,92.28,92.28,92.28,91.73,91.19,91.19,90.65,90.10"
Rec-G3_std_1,2,5,410,core,313,317,0.0,5.0,0.9725,315,319,323,322,1.0,True,94.2955,103.1302,90.6471,2.8103,93.9035,"103.13,100.96,98.79,97.70,96.62,95.53,95.53,94.99,94.45,98.25,96.62,95.53,95.53,94.99,94.45,94.45,93.36,93.36,94.45,94.45,93.36,93.36,92.28,92.28,92.28,92.28,91.73,92.28,92.28,91.73,91.73,91.73,91.19,91.19,91.19,90.65"
Rec-G3_std_1,2,6,411,core,317,317,0.0,4.0,0.9705,319,319,327,322,1.0,True,94.6272,103.6729,91.1898,2.8776,94.4463,"103.67,101.50,99.33,98.25,97.16,96.07,95.53,95.53,94.99,98.25,97.16,96.07,95.53,94.99,94.45,94.45,94.45,93.36,94.45,94.45,94.45,93.36,93.36,93.36,92.28,92.28,92.28,92.28,92.28,92.28,92.28,91.73,91.19,91.19,91.19,91.19"
Rec-G3_std_1,2,7,412,core,322,317,0.0,5.0,0.9705,324,319,332,322,1.0,True,94.6272,103.1302,91.1898,2.7377,94.4463,"103.13,100.96,98.79,98.25,97.16,96.07,95.53,95.53,95.53,97.70,96.62,96.07,95.53,95.53,94.99,94.45,94.45,94.45,94.45,94.45,94.45,93.36,93.36,93.36,92.28,92.28,92.28,92.28,92.28,92.28,91.73,91.73,91.73,91.19,91.19,91.19"
Rec-G3_std_1,2,8,413,core,327,317,0.0,5.0,0.9705,329,319,337,322,1.0,True,94.8986,102.0447,91.7325,2.4424,94.7176,"102.04,100.42,98.79,97.70,97.16,96.62,96.62,96.07,95.53,97.70,96.62,96.07,95.53,95.53,95.53,94.99,94.99,94.99,94.45,94.45,94.45,94.45,93.36,93.36,93.36,93.36,93.36,92.28,92.28,92.28,92.28,92.28,92.28,91.73,91.73,91.73"
Rec-G3_std_1,2,9,414,core,332,317,0.0,5.0,0.9686,334,319,342,322,1.0,True,95.6674,102.0447,92.2753,2.2969,95.2604,"102.04,100.42,99.33,98.25,98.25,97.70,97.70,97.70,97.16,97.70,97.16,96.62,96.62,96.07,96.07,95.53,95.53,95.53,94.99,94.99,94.99,94.45,94.45,94.45,94.45,94.45,94.45,93.36,93.36,93.36,93.36,93.36,93.36,92.28,92.28,92.28"
Rec-G3_std_1,2,10,415,core,337,317,0.0,5.0,0.9666,339,319,347,322,1.0,True,96.2554,102.0447,93.3608,2.2669,95.8031,"102.04,100.96,99.87,99.33,98.79,98.25,98.25,98.25,97.70,98.25,97.70,97.16,97.16,97.16,96.62,96.62,96.07,96.07,95.53,95.53,95.53,95.53,95.53,94.99,94.99,94.45,94.45,94.45,94.45,93.36,93.36,93.36,93.36,93.36,93.36,93.36"
Rec-G3_std_1,2,11,416,core,342,316,11.31,5.1,0.9665,344,318,352,321,1.0,True,98.8184,109.1004,94.4463,3.3333,98.2455,"109.10,106.39,104.22,103.13,102.04,100.96,100.42,99.87,99.87,103.13,101.50,100.42,99.87,99.33,98.79,98.25,98.25,98.25,98.25,98.25,98.25,97.70,97.16,97.16,96.62,96.07,96.07,96.07,96.07,95.53,95.53,95.53,95.53,94.99,94.45,94.45"
Rec-G3_std_1,2,12,417,core,346,316,0.0,4.0,0.9686,348,318,356,321,1.0,True,99.2254,111.8141,93.3608,3.9756,98.5169,"111.81,108.56,105.84,103.67,103.13,102.04,100.96,99.87,98.79,103.67,103.13,101.50,100.42,99.87,99.33,98.79,98.25,97.16,99.33,98.79,98.25,98.25,97.70,97.16,96.62,95.53,95.53,96.62,96.07,96.07,95.53,95.53,95.53,94.99,94.45,93.36"
Rec-G3_std_1,2,13,418,core,351,316,0.0,5.0,0.9717,353,318,361,321,1.0,True,96.5268,109.6431,87.9333,4.7462,95.8031,"109.64,106.93,104.22,102.04,99.87,98.79,97.16,95.53,93.36,103.13,101.50,99.87,98.79,97.70,96.62,95.53,93.36,91.19,98.79,98.25,97.16,96.07,95.53,94.45,93.36,91.19,89.56,96.07,95.53,94.99,94.45,93.36,92.28,91.19,89.56,87.93"
Rec-G3_std_1,2,14,419,core,356,316,0.0,5.0,0.9729,358,318,366,321,0.5556,False,86.8026,106.3867,74.9074,9.3126,87.1192,"106.39,103.13,99.33,96.07,89.56,82.51,78.71,76.54,75.45,100.42,98.25,96.07,93.36,87.93,81.42,77.62,75.99,75.45,96.07,94.99,93.36,91.19,86.31,80.88,77.62,75.99,74.91,93.36,92.28,91.19,89.56,85.22,79.79,77.08,75.99,74.91"
Rec-G3_std_1,2,15,420,core,360,316,0.0,4.0,0.9744,362,318,370,321,0.1111,False,78.7971,98.2455,73.822,5.5681,76.2643,"98.25,87.93,83.05,79.79,77.62,75.99,75.99,75.45,74.91,91.73,84.13,79.79,77.62,76.54,75.99,75.45,74.91,74.36,88.48,82.51,78.71,77.08,75.99,75.45,74.91,74.36,73.82,86.31,80.88,77.62,76.54,75.99,75.45,74.91,74.36,73.82"
Rec-G3_std_1,3,1,571,core,291,318,-90.0,1.0,0.9773,293,320,301,323,1.0,True,91.0692,95.5318,84.1341,2.9537,91.1898,"92.28,93.36,94.45,94.45,94.99,95.53,95.53,95.53,95.53,88.48,89.56,91.19,91.73,92.28,93.36,93.36,93.36,93.36,85.76,87.93,89.02,89.56,90.65,91.19,91.19,91.19,91.19,84.13,85.76,87.39,87.93,89.02,89.56,89.56,89.56,89.56"
Rec-G3_std_1,3,2,572,core,295,318,0.0,4.0,0.9767,297,320,305,323,1.0,True,93.6321,98.7882,89.5616,2.6139,93.3608,"98.79,98.25,98.25,97.70,97.16,97.16,96.62,96.07,95.53,94.45,94.45,94.45,94.99,94.99,94.45,94.45,94.45,94.45,91.19,91.73,92.28,92.28,92.28,92.28,92.28,92.28,92.28,89.56,90.10,90.10,90.65,90.65,91.19,91.19,91.19,90.65"
Rec-G3_std_1,3,3,573,core,300,317,11.31,5.1,0.9751,302,319,310,322,1.0,True,96.5268,108.0149,91.7325,3.7088,95.8031,"108.01,105.30,103.13,101.50,99.87,98.25,98.25,97.16,96.62,100.96,99.33,98.79,98.25,97.16,96.62,96.07,95.53,94.99,96.07,96.07,95.53,95.53,94.99,94.45,94.45,93.36,93.36,93.36,93.36,93.36,93.36,93.36,92.28,92.28,92.28,91.73"
Rec-G3_std_1,3,4,574,core,305,317,0.0,5.0,0.9753,307,319,315,322,1.0,True,95.9841,106.3867,91.1898,3.3494,95.5318,"106.39,103.67,102.04,99.87,98.25,98.25,97.16,96.62,95.53,100.42,98.79,98.25,97.16,96.62,96.07,95.53,94.99,94.45,96.07,95.53,95.53,94.99,94.45,94.45,93.36,93.36,92.28,94.45,94.45,93.36,93.36,92.28,92.28,92.28,91.73,91.19"
Rec-G3_std_1,3,5,575,core,310,317,0.0,5.0,0.9739,312,319,320,322,1.0,True,95.3207,105.3012,91.1898,3.1133,94.989,"105.30,102.04,100.42,98.79,98.25,97.16,96.07,95.53,95.53,99.33,98.25,97.16,96.62,95.53,95.53,94.99,94.45,94.45,95.53,95.53,94.99,94.45,94.45,93.36,93.36,92.28,92.28,93.36,93.36,93.36,92.28,92.28,91.73,91.19,91.19,91.19"
Rec-G3_std_1,3,6,576,core,314,317,0.0,4.0,0.9716,316,319,324,322,1.0,True,95.2001,105.3012,91.1898,3.1912,94.4463,"105.30,103.13,100.96,98.25,97.70,96.62,96.07,95.53,94.99,99.33,98.25,97.16,96.07,95.53,95.53,94.45,94.45,94.45,95.53,94.99,94.45,94.45,93.36,93.36,93.36,92.28,92.28,93.36,93.36,92.28,92.28,92.28,91.73,91.73,91.19,91.19"
Rec-G3_std_1,3,7,577,core,319,317,0.0,5.0,0.9718,321,319,329,322,1.0,True,94.793,103.1302,91.1898,2.7768,94.4463,"103.13,101.50,99.33,98.25,97.16,96.62,95.53,95.53,94.99,98.25,97.16,96.07,95.53,95.53,94.99,94.99,94.45,93.36,94.99,94.45,94.45,94.45,93.36,93.36,93.36,92.28,92.28,93.36,92.28,92.28,92.28,91.73,91.73,91.19,91.19,91.19"
Rec-G3_std_1,3,8,578,core,324,317,0.0,5.0,0.9716,326,319,334,322,1.0,True,94.8684,103.1302,91.7325,2.578,94.4463,"103.13,100.96,98.79,97.70,97.16,96.62,96.07,96.07,95.53,97.70,96.62,96.07,95.53,95.53,94.99,94.99,94.45,94.45,94.45,94.45,94.45,94.45,93.36,93.36,93.36,93.36,93.36,92.28,92.28,92.28,92.28,92.28,91.73,91.73,91.73,91.73"
Rec-G3_std_1,3,9,579,core,329,317,0.0,5.0,0.9706,331,319,339,322,1.0,True,95.4413,102.0447,92.2753,2.3044,95.2604,"102.04,100.42,98.79,98.25,97.70,97.16,97.16,97.16,96.62,97.70,97.16,96.62,96.07,96.07,95.53,95.53,95.53,95.53,94.99,94.99,94.45,94.45,94.45,94.45,94.45,94.45,93.36,93.36,93.36,93.36,93.36,92.28,92.28,92.28,92.28,92.28"
Rec-G3_std_1,3,10,580,core,334,317,0.0,5.0,0.9689,336,319,344,322,1.0,True,95.969,102.0447,92.2753,2.3127,95.5318,"102.04,100.96,99.33,98.79,98.25,98.25,98.25,97.70,97.70,98.25,97.70,97.16,96.62,96.62,96.07,96.07,96.07,95.53,95.53,95.53,94.99,94.99,94.99,94.99,94.45,94.45,94.45,93.36,93.36,93.36,93.36,93.36,93.36,93.36,93.36,92.28"
Rec-G3_std_1,3,11,581,core,339,316,11.31,5.1,0.9662,341,318,349,321,1.0,True,98.6073,109.1004,94.4463,3.175,98.2455,"109.10,105.84,103.67,102.04,100.96,100.42,100.42,99.87,99.33,102.04,101.50,100.42,99.33,98.79,98.79,98.25,98.25,98.25,98.25,98.25,97.70,97.70,97.16,97.16,96.62,96.62,96.07,95.53,95.53,95.53,95.53,95.53,94.99,94.99,94.99,94.45"
Rec-G3_std_1,3,12,582,core,343,316,0.0,4.0,0.9674,345,318,353,321,1.0,True,99.3913,111.8141,94.4463,3.8245,98.5169,"111.81,108.56,105.84,103.67,102.04,102.04,101.50,100.96,100.42,103.67,102.04,101.50,100.42,99.87,99.33,98.79,98.79,98.25,99.33,98.25,98.25,98.25,97.70,97.16,97.16,96.62,96.62,96.07,96.07,96.07,95.53,95.53,95.53,94.99,94.99,94.45"
Rec-G3_std_1,3,13,583,core,348,316,0.0,5.0,0.9708,350,318,358,321,1.0,True,98.9691,111.2714,92.2753,4.1433,98.2455,"111.27,108.56,106.39,104.22,103.13,102.04,100.96,99.33,98.25,103.67,102.04,101.50,100.96,99.87,98.79,98.25,97.70,96.07,99.33,98.79,98.25,98.25,97.70,96.62,96.07,95.53,94.45,96.62,96.07,96.07,95.53,95.53,94.99,94.45,93.36,92.28"
Rec-G3_std_1,3,14,584,core,353,316,0.0,5.0,0.9728,355,318,363,321,0.8889,False,93.4814,109.1004,79.7922,7.0662,94.4463,"109.10,106.39,103.13,100.96,98.25,96.07,94.45,88.48,80.88,102.04,100.96,98.79,97.70,96.07,94.45,92.28,87.39,80.33,98.25,97.16,96.07,94.99,93.36,92.28,90.10,85.76,79.79,95.53,94.99,93.36,92.28,91.19,90.10,88.48,84.13,79.79"
Rec-G3_std_1,3,15,585,core,358,316,0.0,5.0,0.9735,360,318,368,321,0.3333,False,82.4607,103.6729,73.822,8.5379,78.1639,"103.67,99.87,92.28,83.59,79.79,77.08,75.99,75.45,74.36,98.25,95.53,89.56,82.51,78.71,77.08,75.99,74.91,74.36,94.45,92.28,87.39,80.88,77.62,76.54,75.45,74.91,74.36,91.73,90.10,85.76,80.33,77.62,75.99,75.45,74.91,73.82"
Rec-G3_std_1,3,16,586,core,361,316,0.0,3.0,0.9787,363,318,371,321,0.0,False,77.1538,89.5616,73.822,3.4306,75.9929,"89.56,83.59,79.79,77.62,76.54,75.99,75.45,74.91,74.36,84.68,80.33,78.16,76.54,75.99,75.99,75.45,74.91,74.36,82.51,78.71,77.62,75.99,75.99,74.91,74.91,74.36,73.82,80.88,78.16,77.08,75.99,75.45,74.91,74.36,73.82,73.82"
Rec-G3_std_1,4,1,729,core,291,317,180.0,1.0,0.9764,293,319,301,322,1.0,True,93.2703,98.7882,85.7624,3.4694,93.3608,"98.25,98.79,98.25,98.25,97.70,97.70,97.70,97.16,97.16,91.19,93.36,93.36,94.45,94.45,94.99,95.53,95.53,95.53,87.93,89.56,90.65,91.19,92.28,92.28,92.28,93.36,93.36,85.76,87.39,88.48,89.56,90.10,90.65,91.19,91.19,91.19"
Rec-G3_std_1,4,2,730,core,302,317,0.0,11.0,0.976,304,319,312,322,1.0,True,96.4213,106.9294,91.7325,3.4378,95.5318,"106.93,105.30,102.04,100.42,99.33,98.25,97.70,96.62,96.07,100.96,99.33,98.25,97.70,97.16,96.62,95.53,95.53,94.99,96.62,96.07,95.53,95.53,94.99,94.45,94.45,93.36,93.36,94.45,94.45,93.36,93.36,93.36,93.36,92.28,91.73,91.73"
Rec-G3_std_1,4,3,731,core,306,317,0.0,4.0,0.973,308,319,316,322,1.0,True,96.2403,106.9294,91.1898,3.5286,95.5318,"106.93,105.30,103.13,100.42,98.79,98.25,97.16,96.07,96.07,100.42,99.33,98.25,97.16,96.62,96.07,95.53,95.53,94.99,96.62,95.53,95.53,94.99,94.99,94.45,93.36,93.36,93.36,94.45,94.45,93.36,93.36,93.36,92.28,92.28,91.73,91.19"
Rec-G3_std_1,4,4,732,core,311,317,0.0,5.0,0.9736,313,319,321,322,1.0,True,95.3659,105.3012,91.1898,3.1487,94.989,"105.30,103.13,100.96,98.79,97.70,97.16,96.07,95.53,95.53,99.33,98.25,97.16,96.62,95.53,95.53,94.99,94.45,94.45,95.53,94.99,94.99,94.45,93.36,93.36,93.36,93.36,92.28,93.36,93.36,93.36,92.28,92.28,91.73,91.73,91.73,91.19"
Rec-G3_std_1,4,5,733,core,316,317,0.0,5.0,0.9739,318,319,326,322,1.0,True,94.8533,103.6729,91.1898,2.8386,94.4463,"103.67,102.04,99.33,98.25,96.62,96.07,95.53,95.53,94.99,98.25,97.70,96.62,95.53,95.53,94.99,94.45,94.45,94.45,94.99,94.45,94.45,94.45,93.36,93.36,93.36,92.28,92.28,92.28,93.36,92.28,92.28,92.28,91.73,91.19,91.19,91.19"
Rec-G3_std_1,4,6,734,core,321,317,0.0,5.0,0.9725,323,319,331,322,1.0,True,94.8684,103.1302,91.1898,2.6221,94.4463,"103.13,100.96,98.79,98.25,97.16,96.62,96.07,95.53,95.53,97.70,97.16,96.07,95.53,95.53,94.99,94.45,94.45,94.45,94.99,94.45,94.45,94.45,93.36,93.36,93.36,93.36,92.28,93.36,92.28,92.28,92.28,92.28,91.73,91.73,91.73,91.19"
Rec-G3_std_1,4,7,735,core,326,317,0.0,5.0,0.9708,328,319,336,322,1.0,True,95.2152,102.0447,92.2753,2.3877,94.989,"102.04,100.42,98.79,98.25,97.70,97.16,97.16,96.62,96.07,97.70,96.62,96.07,96.07,95.53,95.53,95.53,95.53,94.99,94.99,94.45,94.45,94.45,94.45,94.45,94.45,93.36,93.36,93.36,92.28,92.28,92.28,92.28,92.28,92.28,92.28,92.28"
Rec-G3_std_1,4,8,736,core,331,317,0.0,5.0,0.9676,333,319,341,322,1.0,True,95.8484,102.0447,92.2753,2.2318,95.5318,"102.04,100.42,99.33,98.25,98.25,98.25,97.70,97.70,97.70,97.70,97.16,96.62,96.62,96.62,96.07,96.07,96.07,95.53,95.53,94.99,94.99,94.99,94.99,94.45,94.45,94.45,94.45,93.36,93.36,93.36,93.36,93.36,93.36,93.36,93.36,92.28"
Rec-G3_std_1,4,9,737,core,335,317,0.0,4.0,0.9675,337,319,345,322,1.0,True,96.9942,103.6729,93.3608,2.4964,96.3459,"103.67,103.13,101.50,100.42,99.33,99.33,98.79,98.79,98.25,98.79,98.25,98.25,97.70,97.70,97.70,97.16,97.16,96.62,96.07,95.53,95.53,95.53,95.53,95.53,95.53,95.53,95.53,94.45,94.45,94.45,94.45,94.45,94.45,94.45,94.45,93.36"
Rec-G3_std_1,4,10,738,core,340,316,11.31,5.1,0.968,342,318,350,321,1.0,True,99.919,111.8141,95.5318,3.6886,99.0596,"111.81,108.56,105.84,104.22,103.13,102.04,101.50,101.50,100.96,104.22,103.13,102.04,100.96,100.42,99.87,99.87,99.33,98.79,99.33,98.79,98.25,98.25,98.25,98.25,98.25,97.70,97.16,96.62,96.62,96.62,96.07,96.07,96.07,95.53,95.53,95.53"
Rec-G3_std_1,4,11,739,core,345,316,0.0,5.0,0.9702,347,318,355,321,1.0,True,100.0999,111.8141,94.4463,3.8598,99.6023,"111.81,109.10,106.39,105.30,103.13,103.13,102.04,101.50,100.96,104.22,103.13,102.04,101.50,100.96,100.42,99.87,99.33,98.79,99.87,99.87,99.33,98.25,98.25,98.25,97.70,97.16,96.62,97.16,97.16,97.16,96.62,96.07,95.53,95.53,94.99,94.45"
Rec-G3_std_1,4,12,740,core,350,316,0.0,5.0,0.9712,352,318,360,321,1.0,True,98.5319,111.2714,90.6471,4.4874,97.9741,"111.27,108.56,106.39,103.67,102.04,100.96,99.33,98.25,96.62,104.22,103.13,102.04,100.96,99.87,98.25,97.70,96.07,94.99,99.87,99.33,98.79,98.25,97.16,96.07,95.53,94.45,92.28,97.16,97.16,96.07,95.53,94.99,94.45,93.36,91.73,90.65"
Rec-G3_std_1,4,13,741,core,359,316,0.0,9.0,0.9725,361,318,369,321,0.2222,False,80.8927,105.3012,73.822,7.9133,77.3498,"105.30,96.07,86.31,80.88,78.16,76.54,75.99,75.45,74.91,98.25,91.19,83.59,79.79,77.62,75.99,75.45,74.91,74.36,94.45,88.48,81.96,78.16,77.08,75.99,75.45,74.91,74.36,91.19,86.31,80.88,77.62,75.99,75.45,74.91,74.36,73.82"
Rec-G3_std_1,4,14,742,core,361,316,0.0,2.0,0.9814,363,318,371,321,0.0,False,77.0332,89.5616,73.822,3.4973,75.9929,"89.56,83.59,79.79,77.62,76.54,75.99,75.45,74.91,74.36,84.68,80.33,78.16,76.54,75.99,75.45,74.91,74.36,73.82,82.51,78.71,77.62,75.99,75.45,74.91,74.36,74.36,73.82,80.88,78.16,76.54,75.99,75.45,74.36,74.36,73.82,73.82"
Rec-G3_std_1,5,1,894,core,291,318,-90.0,1.0,0.9781,293,320,301,323,1.0,True,91.2652,95.5318,84.1341,3.0277,91.1898,"92.28,94.45,94.45,94.99,95.53,95.53,95.53,95.53,95.53,87.93,90.10,91.19,92.28,92.28,93.36,93.36,93.36,94.45,85.76,87.93,89.02,90.10,90.65,91.19,91.19,91.73,91.73,84.13,85.76,87.39,88.48,89.02,89.56,89.56,90.10,90.10"
Rec-G3_std_1,5,2,895,core,295,318,0.0,4.0,0.9786,297,320,305,323,1.0,True,93.798,98.7882,89.5616,2.618,93.3608,"98.79,98.25,98.25,97.70,97.70,97.16,96.62,96.62,96.07,94.45,94.99,94.99,94.99,94.99,94.99,94.99,94.45,94.45,91.19,91.73,92.28,92.28,92.28,92.28,92.28,92.28,92.28,89.56,90.10,90.65,91.19,91.19,91.19,91.19,91.19,91.19"
Rec-G3_std_1,5,3,896,core,300,317,11.31,5.1,0.9765,302,319,310,322,1.0,True,97.0545,107.4722,92.2753,3.4226,96.3459,"107.47,105.30,103.13,101.50,99.87,99.33,98.25,98.25,97.16,100.96,99.87,98.79,98.25,98.25,97.16,96.62,96.07,95.53,96.62,96.62,96.07,95.53,95.53,95.53,94.99,94.45,94.45,94.45,94.45,94.45,94.45,93.36,93.36,93.36,92.28,92.28"
Rec-G3_std_1,5,4,897,core,305,317,0.0,5.0,0.9755,307,319,315,322,1.0,True,96.4816,106.3867,91.7325,3.2599,95.8031,"106.39,104.22,102.04,100.42,98.79,98.25,97.70,96.62,95.53,100.96,99.33,98.25,98.25,97.16,96.62,96.07,95.53,94.99,97.16,96.62,96.07,95.53,94.99,94.99,94.45,93.36,93.36,94.45,94.45,94.45,93.36,93.36,93.36,92.28,92.28,91.73"
Rec-G3_std_1,5,5,898,core,305,317,0.0,0.0,0.9755,307,319,315,322,1.0,True,96.4816,106.3867,91.7325,3.2599,95.8031,"106.39,104.22,102.04,100.42,98.79,98.25,97.70,96.62,95.53,100.96,99.33,98.25,98.25,97.16,96.62,96.07,95.53,94.99,97.16,96.62,96.07,95.53,94.99,94.99,94.45,93.36,93.36,94.45,94.45,94.45,93.36,93.36,93.36,92.28,92.28,91.73"
Rec-G3_std_1,5,6,899,core,310,317,0.0,5.0,0.9739,312,319,320,322,1.0,True,95.4715,105.3012,91.1898,3.0402,95.2604,"105.30,102.04,100.42,98.79,98.25,96.62,96.07,95.53,95.53,99.33,98.25,97.70,96.62,96.07,95.53,95.53,94.45,94.45,96.07,95.53,94.99,94.99,94.45,93.36,93.36,92.28,92.28,94.45,93.36,93.36,93.36,92.28,92.28,91.73,91.19,91.19"
Rec-G3_std_1,5,7,900,core,319,317,0.0,9.0,0.9738,321,319,329,322,1.0,True,94.7779,103.1302,91.1898,2.7266,94.4463,"103.13,100.96,99.33,98.25,97.16,96.62,96.07,95.53,95.53,98.25,96.62,96.07,95.53,95.53,94.99,94.99,94.45,94.45,94.45,94.45,94.45,93.36,93.36,93.36,93.36,92.28,92.28,92.28,92.28,92.28,92.28,92.28,91.73,91.73,91.19,91.19"
Rec-G3_std_1,5,8,901,core,324,317,0.0,5.0,0.9729,326,319,334,322,1.0,True,95.0644,103.1302,91.7325,2.5813,94.989,"103.13,100.96,98.79,98.25,97.16,97.16,96.62,96.07,96.07,97.70,97.16,96.07,95.53,95.53,95.53,94.99,94.99,94.99,94.99,94.45,94.45,94.45,94.45,93.36,93.36,93.36,93.36,92.28,92.28,92.28,92.28,92.28,92.28,92.28,91.73,91.73"
Rec-G3_std_1,5,9,902,core,334,317,0.0,10.0,0.9679,336,319,344,322,1.0,True,96.7529,103.1302,93.3608,2.2898,96.0745,"103.13,101.50,100.42,99.87,99.33,98.79,98.79,98.25,98.25,98.25,98.25,97.70,97.70,97.70,97.16,97.16,97.16,96.62,95.53,95.53,95.53,95.53,95.53,95.53,95.53,95.53,94.99,94.45,94.45,94.45,94.45,94.45,94.45,94.45,93.36,93.36"
Rec-G3_std_1,5,10,903,core,338,317,0.0,4.0,0.968,340,319,348,322,1.0,True,97.4464,104.2157,94.4463,2.5408,96.8886,"104.22,103.13,102.04,100.96,100.42,99.87,99.33,99.33,98.79,99.33,98.79,98.25,98.25,98.25,98.25,97.70,97.70,97.16,96.62,96.62,96.07,96.07,96.07,96.07,95.53,95.53,95.53,94.99,94.99,94.99,94.99,94.45,94.45,94.45,94.45,94.45"
Rec-G3_std_1,5,11,904,core,343,316,11.31,5.1,0.9696,345,318,353,321,1.0,True,100.1149,111.8141,95.5318,3.7372,99.331,"111.81,109.10,106.39,104.22,103.13,102.04,102.04,101.50,100.96,105.30,103.13,102.04,101.50,100.42,99.87,99.87,99.33,98.79,99.87,99.33,98.79,98.79,98.25,98.25,97.70,97.70,97.16,97.16,97.16,97.16,96.62,96.07,96.07,95.53,95.53,95.53"
Rec-G3_std_1,5,12,905,core,348,316,0.0,5.0,0.9718,350,318,358,321,1.0,True,99.3008,111.2714,92.2753,4.0935,98.2455,"111.27,108.56,106.39,104.22,103.13,102.04,100.96,99.33,98.25,104.22,103.13,102.04,101.50,100.42,99.33,98.25,97.70,96.62,99.87,99.33,98.79,98.25,98.25,97.70,96.62,95.53,94.45,97.16,97.16,96.62,96.62,95.53,95.53,94.45,93.36,92.28"
Rec-G3_std_1,5,13,906,core,353,316,0.0,5.0,0.9728,355,318,363,321,0.8889,False,94.0091,109.6431,78.7067,7.2612,94.7176,"109.64,106.39,103.13,101.50,98.79,97.16,94.45,89.02,80.88,103.13,101.50,99.87,98.25,96.62,94.99,92.28,87.39,80.88,98.79,98.25,97.16,95.53,94.45,92.28,90.65,85.76,79.79,96.07,95.53,94.45,94.45,92.28,91.19,89.02,84.13,78.71"
Rec-G3_std_1,5,14,907,core,358,316,0.0,5.0,0.9728,360,318,368,321,0.3333,False,82.2948,103.6729,73.822,8.5828,77.8925,"103.67,99.33,92.28,83.05,78.71,77.08,75.99,74.91,74.36,98.25,95.53,89.56,81.96,78.16,76.54,75.45,74.91,74.36,94.45,92.28,87.39,80.88,77.62,75.99,75.45,74.91,74.36,91.73,90.10,85.76,80.33,77.62,75.99,75.45,74.36,73.82"
Rec-G3_std_1,5,15,908,core,361,316,0.0,3.0,0.9788,363,318,371,321,0.0,False,77.1086,89.5616,73.822,3.4751,75.9929,"89.56,83.59,79.79,77.62,76.54,75.99,75.45,74.91,74.36,84.68,80.88,78.16,76.54,75.99,75.45,74.91,74.36,74.36,82.51,78.71,77.62,75.99,75.45,74.91,74.36,74.36,73.82,80.88,78.16,77.08,75.99,75.45,74.91,74.36,74.36,73.82"
Rec-G3_std_1,6,1,1054,core,291,318,-90.0,1.0,0.9771,293,320,301,323,1.0,True,91.3255,96.0745,84.1341,3.0819,91.1898,"91.73,93.36,94.45,94.99,95.53,95.53,95.53,96.07,96.07,87.93,89.56,91.19,92.28,93.36,93.36,93.36,94.45,94.45,85.76,87.93,89.02,90.10,91.19,91.19,91.19,91.73,91.73,84.13,85.76,87.39,88.48,89.02,89.56,90.10,90.10,90.10"
Rec-G3_std_1,6,2,1055,core,294,318,0.0,3.0,0.9781,296,320,304,323,1.0,True,93.5115,97.7027,89.0188,2.5153,92.818,"97.70,97.70,97.16,97.16,97.16,97.16,96.62,96.07,96.07,93.36,94.45,94.45,94.45,94.99,94.99,94.99,94.45,94.45,91.19,91.19,91.73,92.28,92.28,92.28,92.28,92.28,92.28,89.02,89.56,90.10,90.65,91.19,91.19,91.19,91.19,91.19"
Rec-G3_std_1,6,3,1056,core,298,317,14.04,4.12,0.9744,300,319,308,322,1.0,True,97.4766,109.1004,92.2753,3.7239,96.6172,"109.10,106.93,104.22,102.04,100.96,99.87,98.79,98.25,97.70,101.50,100.42,99.33,98.25,98.25,97.70,97.16,96.62,96.07,96.62,96.62,96.07,96.07,95.53,95.53,95.53,94.99,94.45,93.36,94.45,94.45,94.45,94.45,94.45,93.36,93.36,92.28"
Rec-G3_std_1,6,4,1057,core,303,317,0.0,5.0,0.9765,305,319,313,322,1.0,True,96.9489,108.0149,92.2753,3.5157,96.0745,"108.01,105.30,103.13,101.50,99.87,98.79,98.25,97.16,96.62,101.50,99.87,98.79,98.25,97.70,97.16,96.07,96.07,95.53,97.16,96.62,96.07,95.53,95.53,94.99,94.45,94.45,93.36,94.45,94.45,94.45,94.45,93.36,93.36,93.36,92.28,92.28"
Rec-G3_std_1,6,5,1058,core,308,317,0.0,5.0,0.9762,310,319,318,322,1.0,True,96.1197,105.8439,91.1898,3.0632,95.5318,"105.84,103.13,101.50,99.33,98.25,97.70,97.16,96.07,95.53,100.42,98.79,98.25,97.70,96.62,96.07,95.53,94.99,94.99,96.62,96.07,95.53,94.99,94.45,94.45,94.45,93.36,93.36,94.45,94.45,94.45,93.36,93.36,93.36,92.28,92.28,91.19"
Rec-G3_std_1,6,6,1059,core,313,317,0.0,5.0,0.9747,315,319,323,322,1.0,True,95.4262,104.2157,91.1898,2.8197,95.2604,"104.22,102.04,99.87,98.25,97.70,97.16,96.07,95.53,95.53,98.79,98.25,97.16,96.62,96.07,95.53,95.53,94.45,94.45,95.53,95.53,94.99,94.45,94.45,94.45,93.36,93.36,92.28,94.45,94.45,93.36,92.28,92.28,92.28,91.73,91.73,91.19"
Rec-G3_std_1,6,7,1060,core,317,317,0.0,4.0,0.9718,319,319,327,322,1.0,True,95.5318,105.3012,91.1898,3.0862,94.989,"105.30,103.13,100.96,98.79,98.25,97.16,96.07,95.53,95.53,99.33,98.25,97.16,96.62,96.07,95.53,94.99,94.45,94.45,95.53,95.53,94.99,94.99,94.45,94.45,93.36,93.36,92.28,93.36,93.36,93.36,93.36,92.28,92.28,91.73,91.73,91.19"
Rec-G3_std_1,6,8,1061,core,327,317,0.0,10.0,0.9722,329,319,337,322,1.0,True,95.2152,102.0447,92.2753,2.3946,94.989,"102.04,100.96,98.79,98.25,97.16,97.16,96.62,96.62,96.07,97.70,97.16,96.07,96.07,95.53,95.53,95.53,94.99,95.53,94.99,94.45,94.45,94.45,94.45,94.45,93.36,93.36,93.36,93.36,93.36,92.28,92.28,92.28,92.28,92.28,92.28,92.28"
Rec-G3_std_1,6,9,1062,core,332,317,0.0,5.0,0.9708,334,319,342,322,1.0,True,96.1348,103.1302,93.3608,2.3994,95.8031,"103.13,101.50,99.87,98.79,98.25,98.25,98.25,97.70,97.70,98.25,97.70,97.16,97.16,96.62,96.62,96.07,96.07,96.07,95.53,95.53,94.99,94.99,94.99,94.99,94.99,94.99,94.45,93.36,93.36,93.36,93.36,93.36,93.36,93.36,93.36,93.36"
Rec-G3_std_1,6,10,1063,core,337,317,0.0,5.0,0.9684,339,319,347,322,1.0,True,96.7228,103.1302,93.3608,2.2444,96.3459,"103.13,101.50,100.42,99.87,98.79,98.79,98.25,98.25,98.25,98.25,98.25,97.70,97.70,97.16,97.16,97.16,96.62,96.62,96.07,96.07,95.53,95.53,95.53,95.53,95.53,95.53,94.99,94.45,94.45,94.45,94.45,94.45,94.45,94.45,93.36,93.36"
Rec-G3_std_1,6,11,1064,core,342,316,11.31,5.1,0.9685,344,318,352,321,1.0,True,99.3008,109.1004,95.5318,3.1542,98.7882,"109.10,106.39,104.22,103.13,102.04,101.50,100.96,100.96,100.42,103.13,102.04,100.96,100.42,99.87,99.33,98.79,98.79,98.79,98.79,98.25,98.25,98.25,98.25,97.70,97.16,97.16,97.16,96.62,96.07,96.07,96.07,96.07,95.53,95.53,95.53,95.53"
Rec-G3_std_1,6,12,1065,core,346,316,0.0,4.0,0.9698,348,318,356,321,1.0,True,100.0396,111.8141,94.4463,3.905,99.331,"111.81,109.10,106.93,105.30,103.13,103.13,102.04,101.50,100.42,104.22,103.13,102.04,101.50,100.96,100.42,99.87,99.33,98.25,99.87,99.33,98.79,98.25,98.25,98.25,97.70,97.16,96.07,97.16,97.16,96.62,96.62,96.07,96.07,95.53,94.99,94.45"
Rec-G3_std_1,6,13,1066,core,351,316,0.0,5.0,0.9727,353,318,361,321,1.0,True,97.9892,111.8141,89.0188,5.0096,97.4314,"111.81,108.56,105.84,103.67,102.04,100.42,98.79,97.16,94.99,105.30,103.13,102.04,100.42,99.33,98.25,96.62,94.99,92.28,100.42,99.33,98.25,98.25,96.62,95.53,94.45,92.28,90.65,97.70,97.16,96.07,95.53,94.45,93.36,92.28,90.65,89.02"
Rec-G3_std_1,6,14,1067,core,356,316,0.0,5.0,0.9746,358,318,366,321,0.5556,False,87.5715,108.5576,74.9074,10.1183,88.2047,"108.56,105.30,101.50,98.25,91.19,83.05,78.16,75.99,75.45,102.04,99.87,97.70,94.99,89.02,81.42,77.62,75.99,74.91,97.70,96.07,94.45,92.28,87.39,80.88,77.62,75.99,74.91,94.99,93.36,92.28,90.10,85.76,79.79,77.08,75.99,74.91"
Rec-G3_std_1,6,15,1068,core,360,316,0.0,4.0,0.9759,362,318,370,321,0.1111,False,78.8574,98.7882,73.822,5.776,76.2643,"98.79,89.02,83.05,79.79,77.62,75.99,75.99,75.45,74.36,92.28,84.13,79.79,77.62,76.54,75.99,75.45,74.36,74.36,89.02,82.51,78.71,77.08,75.99,75.45,74.91,74.36,73.82,86.85,80.88,77.62,76.54,75.99,75.45,74.91,74.36,73.82"
Rec-G3_std_1,7,1,1209,core,292,318,-45.0,1.41,0.978,294,320,302,323,1.0,True,92.6823,97.16,86.3051,2.7774,92.2753,"94.99,95.53,95.53,96.07,96.07,96.62,96.62,97.16,96.62,90.65,91.73,93.36,93.36,94.45,94.45,94.99,94.99,94.99,88.48,89.56,90.65,91.19,92.28,92.28,92.28,92.28,92.28,86.31,87.93,89.02,89.56,90.10,90.65,91.19,91.19,91.19"
Rec-G3_std_1,7,2,1210,core,296,318,0.0,4.0,0.9768,298,320,306,323,1.0,True,94.9589,99.8737,91.1898,2.5326,94.7176,"99.87,99.87,98.79,98.79,98.25,98.25,97.70,97.70,97.16,95.53,95.53,96.07,96.07,96.07,96.07,95.53,95.53,94.99,93.36,93.36,93.36,94.45,94.45,94.45,94.45,93.36,93.36,91.19,91.19,91.73,91.73,92.28,92.28,92.28,91.73,91.73"
Rec-G3_std_1,7,3,1211,core,301,317,11.31,5.1,0.9755,303,319,311,322,1.0,True,97.7329,108.5576,93.3608,3.4229,97.4314,"108.56,105.84,103.13,102.04,100.42,99.87,98.79,98.25,97.70,102.04,100.96,99.87,98.79,98.25,98.25,97.70,96.62,96.07,97.70,97.70,97.16,96.62,96.07,95.53,95.53,94.99,94.45,95.53,94.99,94.99,94.99,94.45,94.45,93.36,93.36,93.36"
Rec-G3_std_1,7,4,1212,core,305,317,0.0,4.0,0.9745,307,319,315,322,1.0,True,97.552,108.5576,93.3608,3.4885,96.8886,"108.56,106.39,103.67,102.04,100.42,99.33,98.25,98.25,97.16,102.04,100.42,99.33,98.25,98.25,97.70,97.16,96.62,96.07,97.70,97.16,96.62,96.07,95.53,95.53,94.99,94.99,94.45,95.53,94.99,94.99,94.45,94.45,94.45,93.36,93.36,93.36"
Rec-G3_std_1,7,5,1213,core,320,317,0.0,15.0,0.9735,322,319,330,322,1.0,True,95.7428,103.6729,91.7325,2.6812,95.5318,"103.67,102.04,100.42,98.79,98.25,97.70,96.62,96.07,95.53,98.79,98.25,97.70,96.62,96.07,95.53,95.53,94.99,94.99,96.07,95.53,95.53,94.99,94.99,94.45,93.36,93.36,93.36,94.45,94.45,93.36,93.36,93.36,92.28,92.28,92.28,91.73"
Rec-G3_std_1,7,6,1214,core,325,317,0.0,5.0,0.9707,327,319,335,322,1.0,True,95.5619,103.1302,92.2753,2.4738,95.2604,"103.13,100.96,99.33,98.25,98.25,97.16,96.62,96.62,96.07,98.25,97.70,97.16,96.62,96.07,95.53,95.53,94.99,94.99,95.53,95.53,94.99,94.99,94.45,94.45,94.45,93.36,93.36,94.45,93.36,93.36,93.36,92.28,92.28,92.28,92.28,92.28"
Rec-G3_std_1,7,7,1215,core,329,317,0.0,4.0,0.9691,331,319,339,322,1.0,True,96.2705,104.2157,93.3608,2.575,95.5318,"104.22,102.04,100.96,99.33,98.25,98.25,98.25,97.70,97.16,98.79,98.25,97.70,97.16,96.62,96.07,96.07,96.07,95.53,95.53,95.53,95.53,94.99,94.99,94.99,94.45,94.45,94.45,94.45,94.45,93.36,93.36,93.36,93.36,93.36,93.36,93.36"
Rec-G3_std_1,7,8,1216,core,334,317,0.0,5.0,0.9693,336,319,344,322,1.0,True,96.6625,103.6729,93.3608,2.4352,96.3459,"103.67,102.04,100.96,99.87,98.79,98.25,98.25,98.25,98.25,98.79,98.25,97.70,97.70,97.16,97.16,96.62,96.62,96.62,96.07,96.07,95.53,95.53,95.53,95.53,94.99,94.99,94.99,94.45,94.45,94.45,94.45,94.45,93.36,93.36,93.36,93.36"
Rec-G3_std_1,7,9,1217,core,339,316,11.31,5.1,0.9693,341,318,349,321,1.0,True,99.5873,111.2714,95.5318,3.5139,98.7882,"111.27,108.01,105.30,103.67,102.04,101.50,101.50,100.96,100.42,103.67,102.04,101.50,100.42,99.87,99.33,99.33,98.79,98.79,99.33,98.79,98.25,98.25,98.25,97.70,97.70,97.70,97.16,96.62,96.62,96.07,96.07,96.07,95.53,95.53,95.53,95.53"
Rec-G3_std_1,7,10,1218,core,344,316,0.0,5.0,0.9712,346,318,354,321,1.0,True,99.934,110.7286,94.989,3.5215,99.331,"110.73,108.01,105.84,104.22,103.13,102.04,102.04,101.50,100.96,103.67,103.13,102.04,100.96,100.42,99.87,99.87,99.33,98.79,99.87,99.33,98.79,98.25,98.25,98.25,97.70,97.70,96.62,97.16,97.16,96.62,96.62,96.07,96.07,96.07,95.53,94.99"
Rec-G3_std_1,7,11,1219,core,349,316,0.0,5.0,0.9721,351,318,359,321,1.0,True,98.8033,110.1859,91.1898,4.0362,98.2455,"110.19,108.01,105.30,103.67,102.04,101.50,99.87,98.79,97.16,103.67,103.13,102.04,100.96,99.87,98.79,98.25,97.16,95.53,99.87,99.33,98.79,98.25,97.70,96.62,95.53,94.99,93.36,97.16,97.16,96.62,96.07,95.53,94.99,94.45,93.36,91.19"
Rec-G3_std_1,7,12,1220,core,354,316,0.0,5.0,0.9716,356,318,364,321,0.7778,False,91.7627,108.5576,76.5357,8.5087,93.9035,"108.56,105.30,102.04,99.87,98.25,95.53,89.56,81.42,77.62,102.04,100.42,98.79,97.16,95.53,93.36,87.93,80.88,77.08,98.25,97.16,96.07,94.99,93.36,91.19,85.76,79.79,76.54,95.53,94.99,94.45,92.28,91.19,89.56,84.68,79.79,76.54"
Rec-G3_std_1,7,13,1221,core,358,316,0.0,4.0,0.9748,360,318,368,321,0.3333,False,82.7773,106.3867,73.822,9.1621,78.1639,"106.39,102.04,93.36,84.13,79.79,77.62,75.99,75.45,74.36,99.33,96.62,90.10,82.51,78.71,77.08,75.99,74.91,74.36,95.53,93.36,87.93,80.88,77.62,75.99,75.45,74.36,73.82,92.28,90.65,85.76,80.33,77.62,75.99,75.45,74.36,73.82"
Rec-G3_std_1,7,14,1222,core,361,316,0.0,3.0,0.981,363,318,371,321,0.0,False,77.0181,89.5616,73.822,3.4888,75.9929,"89.56,83.59,79.79,77.62,76.54,75.99,75.45,74.91,74.36,84.68,80.33,78.16,76.54,75.99,75.45,74.91,74.36,74.36,82.51,78.71,77.62,75.99,75.45,74.91,74.36,74.36,73.82,80.88,77.62,76.54,75.99,74.91,74.36,74.36,73.82,73.82"
Rec-G3_std_1,8,1,1367,core,291,317,180.0,1.0,0.9785,293,319,301,322,1.0,True,93.5417,98.2455,85.2196,3.6206,93.3608,"97.16,98.25,98.25,98.25,98.25,98.25,98.25,98.25,98.25,91.19,92.28,93.36,94.45,94.99,95.53,96.07,96.07,96.07,87.39,89.56,90.65,91.73,92.28,93.36,93.36,94.45,94.45,85.22,86.85,88.48,89.56,90.65,91.19,91.19,91.73,92.28"
Rec-G3_std_1,8,2,1368,core,295,318,-14.04,4.12,0.9779,297,320,305,323,1.0,True,94.5819,99.331,90.1043,2.6291,94.1749,"99.33,98.79,98.79,98.79,98.25,98.25,97.70,97.70,97.16,94.99,95.53,95.53,95.53,95.53,95.53,95.53,95.53,95.53,92.28,92.28,93.36,93.36,93.36,93.36,93.36,93.36,93.36,90.10,91.19,91.19,91.73,91.73,91.73,91.73,91.73,91.73"
Rec-G3_std_1,8,3,1369,core,300,317,11.31,5.1,0.9753,302,319,310,322,1.0,True,97.8234,108.0149,93.3608,3.3337,97.16,"108.01,105.84,103.13,102.04,100.96,99.87,99.33,98.79,98.25,102.04,100.42,99.87,98.79,98.25,98.25,97.70,97.16,96.62,97.70,97.16,97.16,96.62,96.07,96.07,95.53,95.53,94.99,94.99,94.99,94.99,94.45,94.45,94.45,94.45,93.36,93.36"
Rec-G3_std_1,8,4,1370,core,304,317,0.0,4.0,0.9754,306,319,314,322,1.0,True,98.0495,109.1004,93.3608,3.5409,97.7027,"109.10,106.93,104.22,102.04,100.96,99.87,99.33,98.25,98.25,102.04,101.50,99.87,99.33,98.25,98.25,97.70,97.16,96.07,98.25,98.25,97.70,96.62,96.62,96.07,95.53,95.53,94.45,95.53,95.53,95.53,94.99,94.45,94.45,94.45,93.36,93.36"
Rec-G3_std_1,8,5,1371,core,309,317,0.0,5.0,0.9762,311,319,319,322,1.0,True,97.3258,107.4722,92.2753,3.3158,96.6172,"107.47,105.30,103.13,101.50,99.87,98.79,98.25,97.16,96.62,102.04,100.42,99.33,98.25,98.25,97.16,96.62,96.07,95.53,98.25,97.70,96.62,96.07,95.53,95.53,94.99,94.45,94.45,95.53,95.53,94.99,94.45,94.45,94.45,93.36,93.36,92.28"
Rec-G3_std_1,8,6,1372,core,314,317,0.0,5.0,0.9764,316,319,324,322,1.0,True,96.4816,105.8439,92.2753,2.9406,95.5318,"105.84,103.13,101.50,99.87,98.79,98.25,97.70,96.62,96.62,100.42,98.79,98.25,98.25,97.16,96.07,95.53,95.53,95.53,96.62,96.07,95.53,95.53,95.53,94.99,94.45,94.45,93.36,94.99,94.45,94.45,94.45,93.36,93.36,93.36,92.28,92.28"
Rec-G3_std_1,8,7,1373,core,319,317,0.0,5.0,0.9739,321,319,329,322,1.0,True,95.969,103.6729,92.2753,2.5897,95.5318,"103.67,102.04,100.42,98.79,98.25,97.70,97.16,96.62,96.07,98.79,98.25,97.70,97.16,96.62,96.07,95.53,95.53,94.99,96.07,95.53,95.53,95.53,94.99,94.45,94.45,93.36,93.36,94.45,94.45,94.45,93.36,93.36,93.36,92.28,92.28,92.28"
Rec-G3_std_1,8,8,1374,core,324,317,0.0,5.0,0.9709,326,319,334,322,1.0,True,95.8785,103.1302,92.2753,2.4579,95.5318,"103.13,101.50,99.87,98.25,98.25,97.70,97.16,96.62,96.62,98.79,98.25,97.16,96.62,96.62,96.07,95.53,95.53,95.53,95.53,95.53,95.53,94.99,94.99,94.45,94.45,94.45,93.36,94.45,94.45,93.36,93.36,93.36,93.36,92.28,92.28,92.28"
Rec-G3_std_1,8,9,1375,core,328,317,0.0,4.0,0.9704,330,319,338,322,1.0,True,96.3157,103.6729,93.3608,2.4985,95.5318,"103.67,102.04,100.96,99.33,98.79,98.25,97.70,97.70,97.16,98.79,98.25,97.70,97.16,96.62,96.62,96.07,96.07,95.53,95.53,95.53,95.53,95.53,94.99,94.99,94.45,94.45,94.45,94.45,94.45,94.45,93.36,93.36,93.36,93.36,93.36,93.36"
Rec-G3_std_1,8,10,1376,core,333,317,0.0,5.0,0.9706,335,319,343,322,1.0,True,96.8132,103.6729,93.3608,2.3938,96.3459,"103.67,102.04,100.96,99.87,99.33,98.79,98.25,98.25,98.25,99.33,98.25,98.25,97.70,97.16,97.16,96.62,96.62,96.62,96.07,96.07,95.53,95.53,95.53,95.53,95.53,95.53,94.99,94.45,94.45,94.45,94.45,94.45,94.45,94.45,93.36,93.36"
Rec-G3_std_1,8,11,1377,core,338,317,0.0,5.0,0.9698,340,319,348,322,1.0,True,97.4615,103.6729,94.4463,2.3811,97.16,"103.67,102.04,101.50,100.96,100.42,99.87,99.33,99.33,99.33,99.33,98.79,98.25,98.25,98.25,98.25,97.70,97.70,97.70,96.62,96.62,96.07,96.07,96.07,96.07,96.07,95.53,95.53,95.53,94.99,94.99,94.99,94.99,94.45,94.45,94.45,94.45"
Rec-G3_std_1,8,12,1378,core,343,316,11.31,5.1,0.9715,345,318,353,321,1.0,True,100.2959,111.2714,95.5318,3.5547,99.6023,"111.27,108.56,106.39,104.22,103.13,103.13,102.04,102.04,101.50,104.22,103.13,102.04,101.50,100.96,100.42,100.42,99.87,99.33,99.87,99.33,98.79,98.79,98.79,98.25,98.25,98.25,97.70,97.16,97.16,97.16,96.62,96.62,96.62,96.07,95.53,95.53"
Rec-G3_std_1,8,13,1379,core,348,316,0.0,5.0,0.972,350,318,358,321,1.0,True,99.4968,110.7286,92.2753,3.9384,98.7882,"110.73,108.56,105.84,104.22,103.13,102.04,101.50,99.87,98.25,104.22,103.13,102.04,101.50,100.96,99.87,98.79,98.25,96.62,100.42,99.33,99.33,98.79,98.25,97.70,96.62,95.53,94.45,97.70,97.16,97.16,96.62,96.07,95.53,94.99,94.45,92.28"
Rec-G3_std_1,8,14,1380,core,357,316,0.0,9.0,0.9748,359,318,367,321,0.4444,False,85.0387,108.0149,73.822,9.8802,81.4204,"108.01,103.67,99.33,92.28,83.05,78.71,77.08,75.45,74.91,100.96,98.25,95.53,89.56,81.96,78.16,76.54,75.45,74.91,96.07,94.99,92.28,87.39,80.88,77.62,75.99,74.91,74.36,93.36,92.28,90.10,85.76,79.79,77.08,75.99,74.91,73.82"
Rec-G3_std_1,8,15,1381,core,361,316,0.0,4.0,0.9791,363,318,371,321,0.0,False,76.9427,89.5616,73.822,3.5089,75.9929,"89.56,83.59,79.79,77.62,75.99,75.99,74.91,74.91,74.36,84.68,80.33,77.62,76.54,75.99,75.45,74.91,74.36,73.82,82.51,78.71,77.08,75.99,75.45,74.91,74.36,73.82,73.82,80.88,77.62,76.54,75.99,74.91,74.91,74.36,73.82,73.82"
Rec-G3_std_1,9,1,1522,core,292,318,-45.0,1.41,0.9802,294,320,302,323,1.0,True,93.0291,97.16,86.8478,2.7683,93.3608,"94.99,95.53,96.07,96.62,96.62,97.16,97.16,97.16,96.62,91.19,92.28,93.36,94.45,94.45,94.99,94.99,94.99,94.99,88.48,89.56,91.19,91.73,92.28,92.28,93.36,93.36,93.36,86.85,87.93,89.56,90.10,90.65,91.19,91.19,91.19,91.19"
Rec-G3_std_1,9,2,1523,core,296,318,0.0,4.0,0.975,298,320,306,323,1.0,True,95.4112,101.502,91.1898,2.7411,94.989,"101.50,100.96,99.87,99.33,98.79,98.25,98.25,98.25,97.70,96.07,96.62,96.62,96.62,96.62,96.62,96.07,95.53,95.53,93.36,93.36,94.45,94.45,94.45,94.45,94.45,94.45,93.36,91.19,91.73,92.28,92.28,92.28,92.28,92.28,92.28,92.28"
Rec-G3_std_1,9,3,1524,core,301,317,11.31,5.1,0.9757,303,319,311,322,1.0,True,98.2606,109.6431,93.3608,3.6329,97.7027,"109.64,106.93,105.30,103.13,101.50,100.42,99.33,98.25,98.25,102.04,101.50,100.42,99.33,98.25,98.25,97.70,97.16,96.62,98.25,98.25,97.70,97.16,96.62,96.07,95.53,95.53,94.99,95.53,95.53,95.53,94.99,94.99,94.45,94.45,94.45,93.36"
Rec-G3_std_1,9,4,1525,core,306,317,0.0,5.0,0.977,308,319,316,322,1.0,True,97.5068,108.0149,92.2753,3.3387,97.16,"108.01,105.30,103.13,101.50,100.42,98.79,98.25,97.70,97.16,102.04,100.42,99.33,98.79,98.25,97.70,97.16,96.07,95.53,98.25,97.70,97.16,96.62,96.07,95.53,94.99,94.45,94.45,95.53,95.53,95.53,94.99,94.45,94.45,93.36,93.36,92.28"
Rec-G3_std_1,9,5,1526,core,311,317,0.0,5.0,0.9759,313,319,321,322,1.0,True,96.5419,106.3867,92.2753,3.0439,96.0745,"106.39,103.67,102.04,99.87,98.25,97.70,97.16,96.62,96.07,100.96,99.33,98.25,97.70,96.62,96.62,96.07,95.53,94.99,97.16,96.62,96.07,95.53,94.99,94.99,94.45,94.45,93.36,95.53,94.99,94.45,94.45,93.36,93.36,93.36,92.28,92.28"
Rec-G3_std_1,9,6,1527,core,316,317,0.0,5.0,0.9735,318,319,326,322,1.0,True,96.1197,104.2157,92.2753,2.5661,95.5318,"104.22,102.04,100.42,98.79,98.25,97.70,97.16,96.62,96.62,99.33,98.25,97.70,97.16,96.62,96.07,96.07,95.53,95.53,96.07,95.53,95.53,94.99,94.99,94.45,94.45,94.45,94.45,94.45,94.45,94.45,93.36,93.36,93.36,93.36,92.28,92.28"
Rec-G3_std_1,9,7,1528,core,320,317,0.0,4.0,0.9722,322,319,330,322,1.0,True,96.7831,105.3012,93.3608,2.7312,96.0745,"105.30,103.13,102.04,99.87,98.79,98.25,98.25,97.70,97.70,99.87,98.79,98.25,97.70,97.16,97.16,96.62,96.62,96.07,96.07,96.07,95.53,95.53,95.53,95.53,94.99,94.99,94.99,94.45,94.45,94.45,94.45,94.45,93.36,93.36,93.36,93.36"
Rec-G3_std_1,9,8,1529,core,320,317,0.0,0.0,0.9722,322,319,330,322,1.0,True,96.7831,105.3012,93.3608,2.7312,96.0745,"105.30,103.13,102.04,99.87,98.79,98.25,98.25,97.70,97.70,99.87,98.79,98.25,97.70,97.16,97.16,96.62,96.62,96.07,96.07,96.07,95.53,95.53,95.53,95.53,94.99,94.99,94.99,94.45,94.45,94.45,94.45,94.45,93.36,93.36,93.36,93.36"
Rec-G3_std_1,9,9,1530,core,325,317,0.0,5.0,0.973,327,319,335,322,1.0,True,96.9942,105.3012,93.3608,2.7041,96.6172,"105.30,103.13,101.50,100.42,99.33,98.79,98.25,98.25,98.25,99.87,98.79,98.25,98.25,97.70,97.16,97.16,96.62,96.62,96.62,96.07,96.07,96.07,95.53,95.53,95.53,94.99,94.99,94.45,94.45,94.45,94.45,94.45,94.45,93.36,93.36,93.36"
Rec-G3_std_1,9,10,1531,core,335,317,0.0,10.0,0.9705,337,319,345,322,1.0,True,98.0344,105.3012,94.4463,2.524,97.7027,"105.30,103.13,102.04,101.50,100.96,100.42,100.42,99.87,99.33,100.42,99.33,98.79,98.79,98.25,98.25,98.25,98.25,98.25,97.16,97.16,97.16,97.16,96.62,96.62,96.62,96.07,96.07,95.53,95.53,95.53,95.53,95.53,94.99,94.99,94.99,94.45"
Rec-G3_std_1,9,11,1532,core,340,316,11.31,5.1,0.9691,342,318,350,321,1.0,True,100.8989,111.8141,96.0745,3.4511,100.4165,"111.81,108.56,106.39,105.30,103.67,103.13,102.04,102.04,101.50,105.30,103.67,103.13,102.04,101.50,101.50,100.96,100.42,99.87,100.96,100.42,99.87,99.33,99.33,98.79,98.79,98.25,98.25,98.25,97.70,97.70,97.70,97.16,97.16,97.16,96.62,96.07"
Rec-G3_std_1,9,12,1533,core,345,316,0.0,5.0,0.97,347,318,355,321,1.0,True,100.6728,111.2714,95.5318,3.5555,100.1451,"111.27,108.56,106.39,105.30,103.67,103.13,102.04,102.04,100.96,105.30,103.67,103.13,102.04,101.50,100.96,100.42,99.87,98.79,100.96,100.42,99.87,99.33,99.33,98.79,98.25,98.25,97.16,98.25,98.25,97.70,97.70,97.16,96.62,96.07,95.53,95.53"
Rec-G3_std_1,9,13,1534,core,349,316,0.0,4.0,0.9723,351,318,359,321,1.0,True,99.9793,112.8996,92.2753,4.5837,99.0596,"112.90,110.73,108.01,105.30,103.67,102.04,100.96,99.33,98.25,105.84,105.30,103.13,102.04,101.50,99.87,98.79,97.70,96.07,101.50,100.96,99.87,99.33,98.25,97.70,96.62,95.53,94.45,98.25,98.25,97.70,97.16,96.62,95.53,94.45,93.36,92.28"
Rec-G3_std_1,9,14,1535,core,354,316,0.0,5.0,0.9748,356,318,364,321,0.7778,False,92.3507,110.7286,76.5357,8.9531,93.9035,"110.73,106.93,103.67,101.50,98.25,95.53,89.56,81.42,77.62,103.67,102.04,99.87,98.25,96.07,93.36,87.93,80.88,77.62,99.33,98.25,96.62,95.53,93.36,91.19,86.31,80.33,77.08,96.62,95.53,94.45,93.36,91.19,89.56,84.68,79.79,76.54"
Rec-G3_std_1,9,15,1536,core,359,316,0.0,5.0,0.9756,361,318,369,321,0.2222,False,80.2444,103.1302,73.822,7.6963,76.5357,"103.13,94.99,85.22,79.79,77.62,75.99,75.45,74.91,74.36,97.16,90.65,83.05,78.71,77.08,75.99,74.91,74.36,73.82,93.36,87.93,81.42,77.62,75.99,75.45,74.36,73.82,73.82,91.19,85.76,80.33,77.62,75.99,74.91,74.36,73.82,73.82"
Rec-G3_std_1,9,16,1537,core,361,316,0.0,2.0,0.9828,363,318,371,321,0.0,False,76.8523,89.5616,73.822,3.5622,75.7216,"89.56,83.59,79.79,77.62,75.99,75.99,74.91,74.91,74.36,84.68,80.33,77.62,76.54,75.99,74.91,74.36,74.36,73.82,82.51,78.71,77.08,75.99,75.45,74.36,74.36,73.82,73.82,80.88,77.62,76.54,75.45,74.91,74.36,73.82,73.82,73.82"
Rec-G3_std_1,10,1,1667,core,291,318,-90.0,1.0,0.9779,293,320,301,323,1.0,True,92.1245,97.16,84.6769,3.2074,92.2753,"92.28,94.45,95.53,95.53,96.07,96.62,97.16,97.16,97.16,88.48,90.65,91.73,93.36,93.36,94.45,94.45,94.99,94.99,86.31,87.93,89.56,91.19,91.73,92.28,92.28,92.28,92.28,84.68,86.31,87.93,89.56,89.56,90.65,91.19,91.19,91.19"
Rec-G3_std_1,10,2,1668,core,294,318,0.0,3.0,0.9793,296,320,304,323,1.0,True,94.6121,99.331,89.5616,2.6429,94.4463,"99.33,98.79,98.79,98.25,98.25,98.25,98.25,97.70,97.16,94.45,95.53,95.53,95.53,95.53,95.53,95.53,95.53,95.53,91.73,92.28,93.36,93.36,93.36,94.45,94.45,93.36,93.36,89.56,90.65,91.19,91.73,91.73,91.73,92.28,92.28,91.73"
Rec-G3_std_1,10,3,1669,core,299,317,11.31,5.1,0.9767,301,319,309,322,1.0,True,97.9289,109.1004,93.3608,3.4644,97.4314,"109.10,106.39,103.67,102.04,100.96,99.87,98.79,98.25,97.70,102.04,100.96,99.87,99.33,98.25,98.25,97.70,97.16,96.07,97.70,97.70,97.16,97.16,96.62,96.07,95.53,95.53,94.99,94.99,94.99,94.99,94.99,94.99,94.45,94.45,93.36,93.36"
Rec-G3_std_1,10,4,1670,core,304,317,0.0,5.0,0.9758,306,319,314,322,1.0,True,97.3711,108.0149,92.2753,3.2946,96.6172,"108.01,105.30,103.13,100.96,99.33,98.25,98.25,97.16,96.62,102.04,100.42,99.33,98.25,98.25,97.16,96.62,96.07,95.53,98.25,97.70,97.16,96.62,96.07,95.53,94.99,94.45,94.45,95.53,95.53,95.53,94.99,94.45,94.45,93.36,93.36,92.28"
Rec-G3_std_1,10,5,1671,core,308,317,0.0,4.0,0.9752,310,319,318,322,1.0,True,96.8886,107.4722,92.2753,3.3494,96.0745,"107.47,105.30,103.13,100.96,99.33,98.25,97.70,96.62,96.07,100.96,99.87,98.79,98.25,97.16,96.62,96.07,95.53,95.53,97.16,97.16,96.07,95.53,95.53,94.99,94.45,94.45,93.36,95.53,94.99,94.99,94.45,94.45,93.36,93.36,92.28,92.28"
Rec-G3_std_1,10,6,1672,core,313,317,0.0,5.0,0.976,315,319,323,322,1.0,True,96.2705,105.8439,92.2753,2.9511,95.5318,"105.84,103.67,101.50,99.33,98.25,97.16,96.62,96.07,96.07,100.42,98.79,98.25,97.16,96.62,96.07,95.53,95.53,95.53,96.62,96.07,95.53,95.53,94.99,94.45,94.45,94.45,93.36,94.99,94.45,94.45,93.36,93.36,93.36,93.36,92.28,92.28"
Rec-G3_std_1,10,7,1673,core,318,317,0.0,5.0,0.976,320,319,328,322,1.0,True,96.1047,103.6729,92.2753,2.4738,95.5318,"103.67,102.04,100.42,98.79,98.25,97.70,97.16,97.16,96.62,98.79,98.25,97.16,97.16,96.62,96.07,95.53,95.53,95.53,96.07,95.53,95.53,95.53,94.99,94.99,94.45,94.45,94.45,94.45,94.45,93.36,93.36,93.36,93.36,93.36,93.36,92.28"
Rec-G3_std_1,10,8,1674,core,323,317,0.0,5.0,0.9747,325,319,333,322,1.0,True,96.6474,103.6729,93.3608,2.3272,96.0745,"103.67,102.04,100.42,99.33,98.79,98.25,98.25,97.70,97.16,98.79,98.25,98.25,97.70,97.16,97.16,96.62,96.62,96.07,96.07,96.07,95.53,95.53,95.53,95.53,95.53,95.53,94.99,94.45,94.45,94.45,94.45,94.45,94.45,93.36,93.36,93.36"
Rec-G3_std_1,10,9,1675,core,328,317,0.0,5.0,0.9717,330,319,338,322,1.0,True,97.0846,103.6729,94.4463,2.271,96.6172,"103.67,102.04,100.96,99.87,99.33,98.79,98.25,98.25,98.25,99.33,98.79,98.25,98.25,97.70,97.70,97.16,97.16,96.62,96.62,96.62,96.62,96.07,95.53,95.53,95.53,95.53,95.53,94.99,94.99,94.45,94.45,94.45,94.45,94.45,94.45,94.45"
Rec-G3_std_1,10,10,1676,core,332,317,0.0,4.0,0.9706,334,319,342,322,1.0,True,97.8384,105.3012,94.4463,2.5629,97.4314,"105.30,103.67,102.04,101.50,100.42,99.87,99.33,98.79,98.79,100.42,99.87,98.79,98.79,98.25,98.25,97.70,97.70,97.16,97.70,97.16,97.16,97.16,96.62,96.62,96.07,95.53,95.53,95.53,95.53,95.53,95.53,95.53,94.99,94.45,94.45,94.45"
Rec-G3_std_1,10,11,1677,core,337,317,0.0,5.0,0.9709,339,319,347,322,1.0,True,98.2907,105.3012,94.989,2.4818,98.2455,"105.30,103.67,102.04,101.50,100.96,100.42,100.42,99.87,99.33,100.96,99.87,99.33,99.33,98.79,98.25,98.25,98.25,98.25,98.25,97.70,97.70,97.16,97.16,97.16,96.62,96.62,96.07,96.07,95.53,95.53,95.53,95.53,95.53,95.53,94.99,94.99"
Rec-G3_std_1,10,12,1678,core,342,316,11.31,5.1,0.9715,344,318,352,321,1.0,True,100.9291,112.8996,96.0745,3.7075,100.1451,"112.90,109.64,107.47,105.30,103.67,103.13,102.04,102.04,101.50,105.30,104.22,103.13,102.04,101.50,100.96,100.42,99.87,99.33,100.96,100.42,99.87,99.33,99.33,98.79,98.25,98.25,98.25,98.25,98.25,97.70,97.70,97.70,97.16,96.62,96.07,96.07"
Rec-G3_std_1,10,13,1679,core,347,316,0.0,5.0,0.9733,349,318,357,321,1.0,True,100.2205,111.8141,93.3608,3.9225,99.331,"111.81,109.10,106.93,105.30,103.13,102.04,101.50,100.42,99.33,105.30,103.67,103.13,102.04,101.50,100.42,99.33,98.25,97.70,101.50,100.42,99.87,99.33,98.79,98.25,97.70,96.62,95.53,98.25,98.25,97.70,97.70,97.16,96.07,95.53,94.99,93.36"
Rec-G3_std_1,10,14,1680,core,352,316,0.0,5.0,0.9738,354,318,362,321,1.0,True,96.2403,110.1859,84.1341,5.6676,96.6172,"110.19,106.93,104.22,102.04,100.42,98.25,96.62,94.45,88.48,104.22,102.04,100.96,99.33,98.25,96.62,94.99,92.28,87.39,99.87,98.79,98.25,97.16,95.53,94.45,92.28,90.65,85.76,97.16,96.62,95.53,94.99,93.36,92.28,91.19,89.02,84.13"
Rec-G3_std_1,10,15,1681,core,356,316,0.0,4.0,0.9734,358,318,366,321,0.5556,False,87.6921,109.6431,74.9074,10.2744,88.4761,"109.64,105.84,102.04,98.25,91.19,83.05,78.16,75.99,75.45,102.04,99.87,97.70,94.99,89.56,81.96,77.62,75.99,74.91,98.25,96.07,94.45,92.28,87.39,80.88,77.62,75.99,74.91,94.99,94.45,92.28,90.10,85.76,79.79,77.08,75.45,74.91"
Rec-G3_std_1,10,16,1682,core,361,316,0.0,5.0,0.977,363,318,371,321,0.0,False,76.8071,89.5616,73.822,3.5487,75.7216,"89.56,83.05,79.79,77.62,75.99,75.45,74.91,74.36,73.82,84.68,80.33,77.62,75.99,75.99,74.91,74.36,74.36,73.82,82.51,78.71,77.08,75.99,75.45,74.91,74.36,73.82,73.82,80.88,77.62,76.54,75.99,74.91,74.36,73.82,73.82,73.82"
Rec-G3_std_1,11,1,1820,core,291,317,180.0,1.0,0.9778,293,319,301,322,1.0,True,94.4161,100.4165,86.3051,3.6272,94.4463,"99.33,100.42,99.87,99.33,98.79,98.79,98.79,98.79,98.25,92.28,94.45,94.99,95.53,95.53,96.07,96.62,96.62,96.62,88.48,90.10,91.73,92.28,93.36,94.45,94.45,94.45,94.45,86.31,87.93,89.56,90.65,91.19,91.73,92.28,92.28,92.28"
Rec-G3_std_1,11,2,1821,core,294,318,-18.43,3.16,0.9781,296,320,304,323,1.0,True,94.2654,98.2455,89.5616,2.4872,93.9035,"98.25,98.25,98.25,98.25,98.25,97.70,97.16,96.62,96.07,94.45,94.99,95.53,95.53,95.53,95.53,95.53,94.99,94.45,91.73,92.28,93.36,93.36,93.36,93.36,93.36,93.36,93.36,89.56,90.65,91.19,91.19,91.73,91.73,91.73,91.73,91.19"
Rec-G3_std_1,11,3,1822,core,298,317,14.04,4.12,0.9756,300,319,308,322,1.0,True,97.6575,109.6431,92.2753,3.8556,96.8886,"109.64,107.47,105.30,102.04,100.96,99.33,98.79,98.25,97.16,102.04,100.96,99.87,98.79,98.25,97.70,97.16,96.62,95.53,97.16,97.16,96.62,96.62,96.07,95.53,95.53,94.99,94.45,94.45,94.45,94.45,94.45,94.45,94.45,93.36,93.36,92.28"
Rec-G3_std_1,11,4,1823,core,303,317,0.0,5.0,0.977,305,319,313,322,1.0,True,97.1902,108.0149,92.2753,3.4301,96.3459,"108.01,105.84,103.13,100.96,99.87,98.79,98.25,97.16,96.62,102.04,100.42,98.79,98.25,97.70,97.16,96.07,96.07,95.53,97.70,97.16,96.62,96.07,95.53,95.53,94.99,94.45,94.45,94.99,94.99,94.45,94.45,94.45,93.36,93.36,93.36,92.28"
Rec-G3_std_1,11,5,1824,core,308,317,0.0,5.0,0.9772,310,319,318,322,1.0,True,96.1801,105.8439,91.7325,3.0591,95.5318,"105.84,103.67,101.50,99.33,98.25,97.70,96.62,96.07,95.53,100.42,98.79,98.25,97.70,96.62,96.07,95.53,94.99,94.45,96.62,96.07,96.07,95.53,94.99,94.45,94.45,93.36,93.36,94.99,94.45,94.45,93.36,93.36,93.36,92.28,92.28,91.73"
Rec-G3_std_1,11,6,1825,core,313,317,0.0,5.0,0.9755,315,319,323,322,1.0,True,95.6976,104.2157,92.2753,2.5961,95.2604,"104.22,102.04,99.87,98.25,97.70,96.62,96.07,95.53,95.53,99.33,98.25,97.16,96.62,96.07,95.53,95.53,94.99,94.99,96.07,95.53,94.99,94.99,94.45,94.45,94.45,93.36,93.36,94.45,94.45,93.36,93.36,93.36,93.36,92.28,92.28,92.28"
Rec-G3_std_1,11,7,1826,core,317,317,0.0,4.0,0.9731,319,319,327,322,1.0,True,96.361,105.3012,93.3608,2.6635,95.5318,"105.30,103.13,100.96,99.33,98.25,97.70,97.70,97.16,96.62,99.33,98.25,97.70,97.16,96.62,96.07,96.07,95.53,95.53,95.53,95.53,95.53,95.53,94.99,94.99,94.99,94.45,94.45,94.45,94.45,94.45,94.45,93.36,93.36,93.36,93.36,93.36"
Rec-G3_std_1,11,8,1827,core,322,317,0.0,5.0,0.9733,324,319,332,322,1.0,True,96.8283,104.2157,93.3608,2.465,96.0745,"104.22,103.13,101.50,99.87,98.79,98.25,98.25,97.70,97.70,99.33,98.25,98.25,97.70,97.16,97.16,96.62,96.62,96.07,96.07,96.07,95.53,95.53,95.53,95.53,95.53,95.53,94.99,94.45,94.45,94.45,94.45,94.45,94.45,94.45,94.45,93.36"
Rec-G3_std_1,11,9,1828,core,327,317,0.0,5.0,0.9736,329,319,337,322,1.0,True,97.4163,104.2157,94.4463,2.3984,97.4314,"104.22,103.13,101.50,100.42,99.33,99.33,98.79,98.79,98.79,99.87,98.79,98.25,98.25,98.25,97.70,97.70,97.70,97.70,97.16,96.62,96.62,96.07,96.07,96.07,95.53,95.53,95.53,94.99,94.99,94.99,94.99,94.99,94.99,94.45,94.45,94.45"
Rec-G3_std_1,11,10,1829,core,332,317,0.0,5.0,0.9721,334,319,342,322,1.0,True,98.3058,105.3012,94.989,2.4163,97.9741,"105.30,103.13,102.04,101.50,100.96,100.42,100.42,99.87,99.87,100.42,99.87,99.33,99.33,98.79,98.25,98.25,98.25,98.25,97.70,97.70,97.70,97.70,97.16,97.16,97.16,96.62,96.62,95.53,95.53,95.53,95.53,95.53,95.53,95.53,95.53,94.99"
Rec-G3_std_1,11,11,1830,core,337,317,0.0,5.0,0.9705,339,319,347,322,1.0,True,99.0898,105.8439,95.5318,2.5886,98.5169,"105.84,104.22,103.13,102.04,102.04,102.04,101.50,100.96,100.42,101.50,100.96,100.42,100.42,99.87,99.87,99.33,98.79,98.79,98.25,98.25,98.25,98.25,98.25,97.70,97.70,97.16,97.16,96.62,96.62,96.07,96.07,96.07,96.07,95.53,95.53,95.53"
Rec-G3_std_1,11,12,1831,core,342,316,11.31,5.1,0.9699,344,318,352,321,1.0,True,101.321,111.8141,96.0745,3.4917,100.9592,"111.81,109.64,106.93,105.30,104.22,103.13,103.13,102.04,102.04,105.84,104.22,103.13,103.13,102.04,101.50,100.96,100.42,99.87,102.04,100.96,100.96,100.42,99.87,99.33,98.79,98.25,98.25,98.79,98.25,98.25,98.25,98.25,97.70,97.16,96.62,96.07"
Rec-G3_std_1,11,13,1832,core,346,316,0.0,4.0,0.9716,348,318,356,321,1.0,True,101.6075,115.0706,94.989,4.3773,100.9592,"115.07,111.81,109.10,106.93,105.30,103.67,103.13,102.04,100.96,107.47,105.84,104.22,103.13,102.04,102.04,100.96,99.87,98.79,102.04,102.04,100.96,100.42,99.87,99.33,98.79,98.25,97.16,99.33,98.79,98.25,98.25,97.70,97.16,96.62,95.53,94.99"
Rec-G3_std_1,11,14,1833,core,351,316,0.0,5.0,0.9744,353,318,361,321,1.0,True,98.743,112.8996,89.5616,5.1384,98.2455,"112.90,110.19,106.93,105.30,103.13,100.96,99.33,97.70,94.99,105.84,104.22,102.04,100.96,99.87,98.25,97.16,95.53,93.36,101.50,100.42,99.33,98.25,97.16,96.07,94.99,93.36,91.19,98.25,98.25,97.16,96.07,95.53,94.45,93.36,91.19,89.56"
Rec-G3_std_1,11,15,1834,core,356,316,0.0,5.0,0.9763,358,318,366,321,0.5556,False,87.6469,109.1004,74.3647,10.3316,88.4761,"109.10,105.30,102.04,97.70,91.19,83.05,78.16,75.99,74.91,102.04,99.87,98.25,94.99,89.56,81.42,77.62,75.99,74.91,98.25,96.62,94.99,92.28,87.39,80.88,77.08,75.99,74.91,95.53,94.45,92.28,90.65,85.76,79.79,76.54,75.45,74.36"
Rec-G3_std_1,11,16,1835,core,360,316,0.0,4.0,0.9777,362,318,370,321,0.1111,False,78.5559,98.7882,73.822,5.8492,75.9929,"98.79,88.48,82.51,78.71,77.08,75.99,75.45,74.91,74.36,92.28,84.13,79.79,77.62,75.99,75.45,74.91,74.36,73.82,89.02,82.51,78.71,77.08,75.99,74.91,74.36,73.82,73.82,86.31,80.88,77.62,75.99,75.45,74.91,74.36,73.82,73.82"
Rec-G3_std_1,12,1,1969,core,291,317,180.0,1.0,0.9791,293,319,301,322,1.0,True,94.1448,99.331,85.7624,3.4384,94.4463,"98.25,99.33,99.33,98.25,98.25,98.25,98.25,98.25,98.25,92.28,93.36,94.45,95.53,95.53,96.07,96.62,96.07,96.07,88.48,90.10,91.19,92.28,93.36,94.45,94.45,94.45,94.45,85.76,87.93,89.56,90.65,91.19,91.73,92.28,92.28,92.28"
Rec-G3_std_1,12,2,1970,core,293,318,-26.57,2.24,0.9802,295,320,303,323,1.0,True,93.6925,97.7027,88.4761,2.6006,93.3608,"97.16,97.70,97.70,97.70,97.70,97.16,97.16,96.62,96.07,92.28,94.45,94.45,94.99,94.99,94.99,94.99,94.99,94.45,90.10,91.19,92.28,92.28,93.36,93.36,93.36,93.36,92.28,88.48,89.56,90.65,91.19,91.19,91.19,91.19,91.19,91.19"
Rec-G3_std_1,12,3,1971,core,298,317,11.31,5.1,0.9766,300,319,308,322,1.0,True,97.0695,107.4722,92.2753,3.3199,96.3459,"107.47,105.30,103.13,100.96,99.87,98.79,98.25,97.70,97.16,100.96,99.87,98.79,98.25,97.70,97.16,96.62,95.53,95.53,97.16,96.62,96.07,96.07,95.53,95.53,94.99,94.45,94.45,94.45,94.45,94.45,94.45,94.45,93.36,93.36,93.36,92.28"
Rec-G3_std_1,12,4,1972,core,303,317,0.0,5.0,0.975,305,319,313,322,1.0,True,96.6926,106.3867,92.2753,2.9787,96.0745,"106.39,103.67,102.04,99.87,98.79,98.25,97.70,97.16,96.62,100.42,99.33,98.25,97.70,97.16,96.62,96.07,96.07,95.53,97.16,96.62,96.07,95.53,95.53,94.99,94.45,94.45,93.36,94.99,94.45,94.45,94.45,94.45,93.36,93.36,93.36,92.28"
Rec-G3_std_1,12,5,1973,core,307,317,0.0,4.0,0.977,309,319,317,322,1.0,True,97.0092,106.9294,92.2753,3.1843,96.3459,"106.93,105.30,102.04,100.96,99.33,98.25,98.25,97.70,96.62,100.96,99.87,98.79,98.25,97.70,97.16,96.62,96.07,95.53,97.16,96.62,96.07,96.07,95.53,94.99,94.99,94.45,94.45,94.99,94.99,94.45,94.45,94.45,93.36,93.36,93.36,92.28"
Rec-G3_std_1,12,6,1974,core,312,317,0.0,5.0,0.9771,314,319,322,322,1.0,True,96.6173,105.8439,92.2753,2.9172,95.8031,"105.84,103.67,102.04,99.87,98.79,98.25,97.70,97.16,96.62,100.42,98.79,98.25,97.70,97.16,96.62,96.07,95.53,95.53,96.62,96.07,95.53,95.53,95.53,94.99,94.99,94.45,94.45,94.99,94.45,94.45,94.45,93.36,93.36,93.36,93.36,92.28"
Rec-G3_std_1,12,7,1975,core,317,317,0.0,5.0,0.9763,319,319,327,322,1.0,True,96.557,104.2157,93.3608,2.46,96.0745,"104.22,102.04,100.96,99.33,98.79,98.25,97.70,97.70,97.16,99.33,98.25,98.25,97.16,97.16,96.62,96.62,96.07,96.07,96.07,95.53,95.53,95.53,95.53,95.53,95.53,94.99,94.45,94.45,94.45,94.45,94.45,94.45,93.36,93.36,93.36,93.36"
Rec-G3_std_1,12,8,1976,core,322,317,0.0,5.0,0.9745,324,319,332,322,1.0,True,97.1751,104.2157,94.4463,2.315,96.8886,"104.22,102.04,101.50,99.87,99.33,98.79,98.79,98.25,98.25,99.33,98.25,98.25,98.25,97.70,97.70,97.70,97.16,97.16,96.62,96.62,96.07,96.07,96.07,96.07,95.53,95.53,95.53,94.99,94.99,94.99,94.45,94.45,94.45,94.45,94.45,94.45"
Rec-G3_std_1,12,9,1977,core,326,317,0.0,4.0,0.9724,328,319,336,322,1.0,True,98.3209,106.3867,94.989,2.6808,97.7027,"106.39,104.22,103.13,102.04,100.96,100.42,99.87,99.33,99.33,100.96,99.87,99.87,99.33,98.79,98.25,98.25,98.25,97.70,97.70,97.70,97.70,97.16,97.16,97.16,96.62,96.62,96.07,95.53,95.53,95.53,95.53,95.53,95.53,95.53,94.99,94.99"
Rec-G3_std_1,12,10,1978,core,331,317,0.0,5.0,0.9727,333,319,341,322,1.0,True,98.6375,106.3867,95.5318,2.67,98.2455,"106.39,105.30,103.13,102.04,101.50,100.42,99.87,99.87,99.33,101.50,100.42,99.87,99.33,99.33,98.79,98.25,98.25,98.25,98.25,98.25,98.25,97.70,97.70,97.16,96.62,96.62,96.62,96.07,96.07,96.07,96.07,95.53,95.53,95.53,95.53,95.53"
Rec-G3_std_1,12,11,1979,core,336,317,0.0,5.0,0.9725,338,319,346,322,1.0,True,99.0294,105.8439,95.5318,2.5213,98.5169,"105.84,104.22,103.13,102.04,102.04,101.50,100.96,100.96,100.42,101.50,100.42,100.42,99.87,99.87,99.33,99.33,98.79,98.79,98.25,98.25,98.25,98.25,97.70,97.70,97.70,97.70,97.16,96.62,96.62,96.62,96.07,96.07,96.07,95.53,95.53,95.53"
Rec-G3_std_1,12,12,1980,core,341,316,11.31,5.1,0.9724,343,318,351,321,1.0,True,101.5623,112.8996,96.6172,3.5608,100.9592,"112.90,110.19,107.47,105.30,104.22,103.13,103.13,102.04,102.04,105.84,105.30,103.13,103.13,102.04,102.04,101.50,100.96,100.42,101.50,100.96,100.96,100.42,99.87,99.87,99.33,98.79,98.25,98.79,98.25,98.25,98.25,98.25,98.25,97.70,97.16,96.62"
Rec-G3_std_1,12,13,1981,core,346,316,0.0,5.0,0.9731,348,318,356,321,1.0,True,101.0195,112.8996,94.989,3.9112,100.4165,"112.90,110.19,107.47,105.30,104.22,103.13,102.04,101.50,100.42,106.39,105.30,103.13,102.04,102.04,101.50,100.42,99.33,98.25,102.04,101.50,100.42,99.87,99.87,98.79,98.25,97.70,96.62,98.79,98.79,98.25,98.25,97.70,97.16,96.62,95.53,94.99"
Rec-G3_std_1,12,14,1982,core,351,316,0.0,5.0,0.9727,353,318,361,321,1.0,True,98.0344,111.2714,89.0188,4.8499,97.9741,"111.27,108.01,105.30,103.13,102.04,99.87,98.25,96.62,94.45,105.30,103.13,102.04,100.42,99.33,98.25,96.62,94.99,92.28,100.96,99.87,98.79,98.25,97.16,95.53,94.45,92.28,90.65,98.25,97.70,96.62,95.53,94.99,94.45,92.28,91.19,89.02"
Rec-G3_std_1,12,15,1983,core,355,316,0.0,4.0,0.9745,357,318,365,321,0.6667,False,90.1496,110.7286,75.4502,9.9925,92.0039,"110.73,106.93,103.13,99.87,96.62,90.65,81.96,77.62,75.99,103.13,101.50,98.79,97.16,94.45,89.02,80.88,77.62,75.99,98.79,97.70,95.53,94.45,91.73,87.39,80.33,77.08,75.45,95.53,94.99,94.45,92.28,90.10,85.76,79.79,76.54,75.45"
Rec-G3_std_1,12,16,1984,core,360,316,0.0,5.0,0.9781,362,318,370,321,0.1111,False,78.3298,98.2455,73.822,5.7678,75.9929,"98.25,87.39,81.42,78.16,76.54,75.99,74.91,74.36,73.82,92.28,84.13,79.79,77.08,75.99,75.45,74.91,74.36,73.82,89.02,81.96,78.16,76.54,75.45,74.91,74.36,73.82,73.82,86.31,80.88,77.62,75.99,75.45,74.91,74.36,73.82,73.82"
Rec-G3_std_1,13,1,2122,core,292,318,-45.0,1.41,0.9773,294,320,302,323,1.0,True,92.9386,97.16,86.8478,2.7648,92.818,"94.45,95.53,95.53,96.07,96.62,97.16,97.16,97.16,97.16,90.65,91.73,93.36,94.45,94.45,94.99,94.99,94.99,94.99,88.48,89.56,91.19,91.73,92.28,92.28,93.36,93.36,92.28,86.85,87.93,89.56,90.10,90.65,91.19,91.19,91.19,91.19"
Rec-G3_std_1,13,2,2123,core,296,318,0.0,4.0,0.9769,298,320,306,323,1.0,True,95.0644,100.4165,91.1898,2.5008,94.7176,"100.42,99.87,99.33,98.79,98.25,98.25,97.70,97.16,96.62,96.07,96.07,96.07,96.07,96.07,96.07,95.53,95.53,94.99,93.36,93.36,94.45,94.45,94.45,94.45,94.45,93.36,93.36,91.19,91.73,92.28,92.28,92.28,92.28,92.28,91.73,91.73"
Rec-G3_std_1,13,3,2124,core,301,317,11.31,5.1,0.976,303,319,311,322,1.0,True,97.5068,108.0149,92.2753,3.3461,97.16,"108.01,105.30,103.13,101.50,100.42,99.33,98.25,97.70,97.16,102.04,100.42,99.33,98.79,98.25,97.16,97.16,96.07,95.53,98.25,97.70,97.16,96.62,96.07,95.53,95.53,94.99,94.45,95.53,95.53,94.99,94.45,94.45,94.45,93.36,93.36,92.28"
Rec-G3_std_1,13,4,2125,core,305,317,0.0,4.0,0.9765,307,319,315,322,1.0,True,97.4615,108.5576,92.2753,3.5554,96.6172,"108.56,106.39,103.67,102.04,99.87,98.79,98.25,97.70,96.62,102.04,100.96,99.87,98.79,98.25,97.70,96.62,96.07,95.53,97.70,97.16,96.62,96.07,95.53,95.53,94.99,94.45,94.45,95.53,95.53,94.99,94.45,94.45,94.45,93.36,93.36,92.28"
Rec-G3_std_1,13,5,2126,core,310,317,0.0,5.0,0.977,312,319,320,322,1.0,True,96.3911,106.3867,92.2753,3.1863,95.5318,"106.39,104.22,102.04,99.87,98.79,97.70,97.16,96.07,95.53,100.96,99.33,98.25,97.70,97.16,96.07,95.53,95.53,94.99,97.16,96.07,95.53,95.53,94.99,94.45,94.45,93.36,93.36,94.99,94.45,94.45,94.45,93.36,93.36,92.28,92.28,92.28"
Rec-G3_std_1,13,6,2127,core,315,317,0.0,5.0,0.9764,317,319,325,322,1.0,True,96.2102,105.3012,92.2753,2.6135,95.5318,"105.30,102.04,100.42,98.79,98.25,97.70,97.16,96.62,96.62,99.33,98.25,97.70,97.16,96.62,96.07,96.07,95.53,95.53,96.07,95.53,95.53,95.53,94.99,94.99,94.45,94.45,94.45,94.45,94.45,94.45,93.36,93.36,93.36,93.36,93.36,92.28"
Rec-G3_std_1,13,7,2128,core,320,317,0.0,5.0,0.9747,322,319,330,322,1.0,True,96.6474,103.6729,93.3608,2.2989,96.0745,"103.67,102.04,100.42,99.33,98.79,98.25,98.25,97.70,97.70,98.79,98.25,97.70,97.70,97.16,97.16,96.62,96.07,96.07,96.07,96.07,95.53,95.53,95.53,95.53,95.53,94.99,94.99,94.45,94.45,94.45,94.45,94.45,94.45,94.45,93.36,93.36"
Rec-G3_std_1,13,8,2129,core,325,317,0.0,5.0,0.9726,327,319,335,322,1.0,True,97.4314,103.6729,94.4463,2.2213,97.16,"103.67,102.04,100.96,99.87,99.87,99.33,99.33,99.33,98.79,99.33,98.25,98.25,98.25,98.25,98.25,98.25,97.70,97.70,96.62,96.62,96.62,96.07,96.07,96.07,96.07,96.07,96.07,94.99,94.99,94.99,94.99,94.99,94.99,94.99,94.45,94.45"
Rec-G3_std_1,13,9,2130,core,329,317,0.0,4.0,0.9726,331,319,339,322,1.0,True,98.5319,105.8439,95.5318,2.6263,97.9741,"105.84,104.22,103.13,102.04,101.50,100.96,100.42,99.87,99.33,100.96,100.42,99.87,99.33,99.33,98.79,98.79,98.25,98.25,97.70,97.70,97.70,97.70,97.70,97.16,97.16,96.62,96.62,95.53,95.53,95.53,95.53,95.53,95.53,95.53,95.53,95.53"
Rec-G3_std_1,13,10,2131,core,334,317,0.0,5.0,0.9722,336,319,344,322,1.0,True,99.0747,106.3867,95.5318,2.6107,98.5169,"106.39,105.30,103.13,102.04,101.50,101.50,100.96,100.96,100.96,101.50,100.96,99.87,99.87,99.33,99.33,99.33,98.79,98.79,98.25,98.25,98.25,98.25,98.25,97.70,97.70,97.16,97.16,96.62,96.62,96.62,96.62,96.07,96.07,95.53,95.53,95.53"
Rec-G3_std_1,13,11,2132,core,339,316,11.31,5.1,0.9715,341,318,349,321,1.0,True,102.1502,113.9851,97.7027,3.6382,101.7733,"113.99,110.73,108.01,106.39,105.30,103.67,103.67,103.13,103.13,106.39,105.30,103.67,103.13,103.13,102.04,102.04,102.04,101.50,102.04,101.50,100.96,100.96,100.42,100.42,99.87,99.87,99.33,98.79,98.79,98.25,98.25,98.25,98.25,98.25,98.25,97.70"
Rec-G3_std_1,13,12,2133,core,344,316,0.0,5.0,0.9731,346,318,354,321,1.0,True,102.1352,112.8996,96.6172,3.6262,101.7733,"112.90,110.73,108.56,106.39,105.30,104.22,103.67,103.13,102.04,106.93,105.30,104.22,103.13,103.13,102.04,102.04,101.50,100.96,102.04,102.04,101.50,100.96,100.42,100.42,99.87,99.33,98.79,99.33,99.33,98.79,98.79,98.25,98.25,98.25,97.70,96.62"
Rec-G3_std_1,13,13,2134,core,349,316,0.0,5.0,0.9732,351,318,359,321,1.0,True,100.5823,112.8996,92.2753,4.4753,99.6023,"112.90,110.19,108.01,105.84,104.22,103.13,101.50,99.87,98.25,106.39,105.30,104.22,103.13,102.04,100.96,99.33,98.25,96.62,102.04,102.04,101.50,100.42,99.33,98.25,97.16,95.53,94.45,99.33,98.79,98.25,98.25,97.16,96.07,95.53,94.45,92.28"
Rec-G3_std_1,13,14,2135,core,353,316,0.0,4.0,0.9739,355,318,363,321,0.8889,False,95.4865,112.8996,79.7922,8.0719,96.0745,"112.90,110.19,106.39,103.13,100.42,98.25,95.53,89.56,80.88,106.39,103.67,102.04,99.87,98.25,96.07,93.36,87.93,80.88,101.50,99.87,98.79,97.70,95.53,94.45,91.19,86.31,79.79,98.25,97.16,96.07,95.53,93.36,91.73,89.56,85.22,79.79"
Rec-G3_std_1,13,15,2136,core,358,316,0.0,5.0,0.977,360,318,368,321,0.3333,False,82.6717,106.9294,73.822,9.6054,77.8925,"106.93,102.04,94.45,84.13,78.71,76.54,75.45,74.36,73.82,100.42,97.16,90.65,82.51,78.16,76.54,74.91,74.36,73.82,96.07,93.36,87.93,80.88,77.62,75.99,74.91,73.82,73.82,93.36,91.19,86.31,80.33,77.08,75.99,74.91,73.82,73.82"
Rec-G3_std_1,13,16,2137,core,361,316,0.0,3.0,0.9825,363,318,371,321,0.0,False,76.7317,89.5616,73.822,3.6186,75.4502,"89.56,83.59,79.79,77.62,75.99,75.45,74.91,74.36,73.82,84.68,80.33,77.62,75.99,75.45,74.91,74.36,73.82,73.82,82.51,78.71,77.08,75.99,75.45,74.36,73.82,73.82,73.82,80.88,77.62,75.99,75.45,74.91,74.36,73.82,73.82,73.82"
Rec-G3_std_1,14,1,2267,core,292,318,-45.0,1.41,0.9796,294,320,302,323,1.0,True,93.602,98.2455,87.3906,2.8446,93.3608,"95.53,96.07,96.62,97.70,97.70,98.25,97.70,97.70,97.70,91.19,92.28,94.45,94.99,94.99,95.53,95.53,95.53,95.53,89.56,90.65,91.19,92.28,93.36,93.36,93.36,93.36,93.36,87.39,89.02,89.56,90.65,91.19,91.19,91.73,91.73,91.73"
Rec-G3_std_1,14,2,2268,core,296,318,0.0,4.0,0.9752,298,320,306,323,1.0,True,95.8182,102.0447,91.7325,2.8274,95.2604,"102.04,102.04,100.96,100.42,99.33,98.79,98.25,97.70,97.16,97.16,97.16,97.16,97.16,97.16,96.62,96.07,95.53,95.53,94.45,94.45,94.99,94.99,94.99,94.99,94.45,94.45,93.36,91.73,92.28,92.28,93.36,93.36,92.28,92.28,92.28,92.28"
Rec-G3_std_1,14,3,2269,core,301,317,11.31,5.1,0.9773,303,319,311,322,1.0,True,98.155,110.1859,93.3608,3.7852,97.7027,"110.19,107.47,105.30,102.04,100.96,99.87,98.79,98.25,97.70,103.13,102.04,100.42,99.33,98.25,98.25,97.70,96.62,96.07,98.25,98.25,97.70,97.16,96.62,96.07,95.53,95.53,94.45,95.53,95.53,95.53,94.99,94.45,94.45,94.45,93.36,93.36"
Rec-G3_std_1,14,4,2270,core,306,317,0.0,5.0,0.9782,308,319,316,322,1.0,True,97.2052,107.4722,92.2753,3.2874,96.6172,"107.47,105.30,103.13,100.96,99.33,98.25,98.25,97.16,96.62,101.50,100.42,99.33,98.25,98.25,97.16,96.62,96.07,95.53,97.70,97.16,96.62,96.07,95.53,95.53,94.99,94.45,94.45,95.53,95.53,94.99,94.45,94.45,93.36,93.36,93.36,92.28"
Rec-G3_std_1,14,5,2271,core,311,317,0.0,5.0,0.9769,313,319,321,322,1.0,True,96.2705,105.8439,92.2753,2.8837,95.5318,"105.84,103.13,100.96,99.33,98.25,97.70,96.62,96.07,95.53,100.42,98.79,98.25,97.70,96.62,96.07,95.53,95.53,94.99,96.62,96.07,95.53,95.53,94.99,94.45,94.45,94.45,93.36,94.99,94.45,94.45,94.45,93.36,93.36,93.36,92.28,92.28"
Rec-G3_std_1,14,6,2272,core,316,317,0.0,5.0,0.9742,318,319,326,322,1.0,True,96.2705,104.2157,93.3608,2.3559,95.5318,"104.22,102.04,99.87,98.79,98.25,97.70,97.16,96.62,96.62,98.79,98.25,97.70,97.16,96.62,96.07,96.07,95.53,95.53,96.07,95.53,95.53,95.53,95.53,94.99,94.99,94.45,94.45,94.45,94.45,94.45,94.45,94.45,93.36,93.36,93.36,93.36"
Rec-G3_std_1,14,7,2273,core,320,317,0.0,4.0,0.9737,322,319,330,322,1.0,True,97.0243,105.3012,94.4463,2.4884,96.3459,"105.30,103.13,101.50,99.87,98.79,98.25,98.25,98.25,97.70,99.33,98.79,98.25,97.70,97.70,97.16,96.62,96.62,96.62,96.07,96.07,96.07,96.07,95.53,95.53,95.53,95.53,95.53,94.99,94.99,94.45,94.45,94.45,94.45,94.45,94.45,94.45"
Rec-G3_std_1,14,8,2274,core,325,317,0.0,5.0,0.9742,327,319,335,322,1.0,True,97.8837,105.3012,94.989,2.3933,97.4314,"105.30,103.13,102.04,100.96,100.42,99.87,99.33,99.33,98.79,99.87,99.33,98.79,98.25,98.25,98.25,98.25,98.25,97.70,97.16,97.16,96.62,96.62,96.62,96.62,96.62,96.07,96.07,95.53,95.53,95.53,95.53,95.53,95.53,94.99,94.99,94.99"
Rec-G3_std_1,14,9,2275,core,330,317,0.0,5.0,0.9734,332,319,340,322,1.0,True,98.7129,105.3012,95.5318,2.4712,98.2455,"105.30,104.22,103.13,102.04,101.50,100.96,100.42,99.87,99.87,100.96,100.42,99.87,99.33,99.33,99.33,98.79,98.25,98.25,98.25,98.25,98.25,97.70,97.70,97.70,97.16,97.16,97.16,96.07,96.07,96.07,96.07,96.07,95.53,95.53,95.53,95.53"
Rec-G3_std_1,14,10,2276,core,335,317,0.0,5.0,0.9722,337,319,345,322,1.0,True,99.5119,105.8439,96.0745,2.3967,99.0596,"105.84,104.22,103.13,102.04,102.04,102.04,102.04,101.50,101.50,102.04,100.96,100.42,100.42,100.42,99.87,99.87,99.87,99.33,98.79,98.25,98.25,98.25,98.25,98.25,98.25,98.25,98.25,97.16,97.16,96.62,96.62,96.62,96.62,96.62,96.62,96.07"
Rec-G3_std_1,14,11,2277,core,340,316,11.31,5.1,0.9705,342,318,350,321,1.0,True,102.6025,112.8996,98.2455,3.2527,102.0447,"112.90,110.19,108.01,105.84,105.30,104.22,104.22,103.67,103.13,106.39,105.30,104.22,103.67,103.13,103.13,103.13,102.04,102.04,102.04,102.04,102.04,101.50,101.50,101.50,100.96,100.42,99.87,99.87,99.33,99.33,99.33,99.33,98.79,98.79,98.25,98.25"
Rec-G3_std_1,14,12,2278,core,345,316,0.0,5.0,0.971,347,318,355,321,1.0,True,102.5573,112.8996,96.6172,3.5909,102.0447,"112.90,110.73,108.56,106.93,105.84,105.30,103.67,103.13,102.04,106.93,105.84,105.30,103.67,103.13,103.13,102.04,102.04,100.96,103.13,103.13,102.04,101.50,100.96,100.96,100.42,99.87,98.79,100.42,99.87,99.87,99.33,98.79,98.25,98.25,97.70,96.62"
Rec-G3_std_1,14,13,2279,core,349,316,0.0,4.0,0.9737,351,318,359,321,1.0,True,101.5623,115.0706,93.3608,4.7811,100.6878,"115.07,111.81,109.64,107.47,105.30,103.67,102.04,100.96,98.79,108.01,106.39,105.30,104.22,103.13,101.50,100.42,98.79,97.16,103.13,103.13,102.04,101.50,100.42,99.33,98.25,96.62,94.99,100.42,99.87,99.33,98.79,98.25,97.16,95.53,94.45,93.36"
Rec-G3_std_1,14,14,2280,core,354,316,0.0,5.0,0.9761,356,318,364,321,0.7778,False,93.1497,111.8141,75.9929,9.5116,94.989,"111.81,108.56,105.30,102.04,99.33,96.07,89.56,81.42,77.62,105.30,103.13,101.50,99.33,97.16,94.45,88.48,80.88,77.08,100.96,99.33,98.25,96.62,94.45,92.28,86.85,80.33,76.54,98.25,96.62,95.53,94.45,92.28,90.10,85.76,79.79,75.99"
Rec-G3_std_1,14,15,2281,core,359,316,0.0,5.0,0.9768,361,318,369,321,0.2222,False,80.1992,103.6729,73.822,7.9514,76.2643,"103.67,94.99,84.68,79.79,77.08,75.99,74.91,74.36,73.82,97.70,91.19,83.05,78.71,76.54,75.45,74.91,73.82,73.82,94.45,88.48,81.42,77.62,75.99,74.91,74.36,73.82,73.82,91.19,86.31,80.33,77.62,75.99,74.91,73.82,73.82,73.82"
Rec-G3_std_1,14,16,2282,core,361,316,0.0,2.0,0.9838,363,318,371,321,0.0,False,76.5357,89.5616,73.2792,3.6206,75.4502,"89.56,83.05,78.71,77.08,75.99,75.45,74.36,73.82,73.82,84.68,79.79,77.62,75.99,75.45,74.91,74.36,73.82,73.82,82.51,78.71,76.54,75.99,74.91,74.36,73.82,73.82,73.28,80.88,77.62,75.99,75.45,74.36,73.82,73.82,73.82,73.28"
Rec-G3_std_1,15,1,2412,core,291,317,180.0,1.0,0.9788,293,319,301,322,1.0,True,95.0946,100.4165,86.3051,3.6449,95.5318,"98.79,100.42,100.42,99.33,99.33,99.33,99.33,99.87,99.87,92.28,94.45,95.53,95.53,96.62,97.16,97.70,97.70,97.70,89.02,90.65,92.28,93.36,94.45,94.99,95.53,95.53,95.53,86.31,88.48,90.10,91.19,92.28,92.28,93.36,93.36,93.36"
Rec-G3_std_1,15,2,2413,core,293,318,-26.57,2.24,0.9766,295,320,303,323,1.0,True,94.5518,98.2455,89.0188,2.6118,94.4463,"97.16,97.70,98.25,98.25,98.25,98.25,98.25,98.25,97.70,93.36,94.45,95.53,95.53,95.53,96.07,96.07,96.07,95.53,91.19,91.73,92.28,93.36,94.45,94.45,94.45,94.45,94.45,89.02,90.10,91.19,91.19,92.28,92.28,92.28,92.28,92.28"
Rec-G3_std_1,15,3,2414,core,297,317,14.04,4.12,0.9762,299,319,307,322,1.0,True,98.8184,110.1859,94.4463,3.7208,97.7027,"110.19,108.01,105.84,103.67,102.04,100.96,100.42,99.33,98.25,103.13,102.04,100.96,100.42,99.33,98.79,98.25,98.25,97.16,97.70,97.70,97.70,97.70,97.70,97.16,96.62,96.07,95.53,94.99,95.53,95.53,95.53,95.53,95.53,94.99,94.45,94.45"
Rec-G3_std_1,15,4,2415,core,302,317,0.0,5.0,0.9776,304,319,312,322,1.0,True,98.2153,109.6431,93.3608,3.5841,97.7027,"109.64,106.93,104.22,102.04,100.96,99.87,98.79,98.25,97.70,103.13,102.04,100.42,99.33,98.79,98.25,97.70,97.16,96.62,98.25,98.25,98.25,97.16,96.62,96.07,95.53,95.53,94.99,96.07,95.53,95.53,95.53,94.99,94.45,94.45,93.36,93.36"
Rec-G3_std_1,15,5,2416,core,307,317,0.0,5.0,0.9769,309,319,317,322,1.0,True,97.2052,107.4722,92.2753,3.2195,96.6172,"107.47,105.30,102.04,100.42,99.33,98.25,97.70,97.16,96.07,102.04,100.42,99.33,98.25,98.25,97.16,96.62,95.53,95.53,98.25,97.70,96.62,96.62,95.53,95.53,94.99,94.45,94.45,95.53,95.53,94.99,94.45,94.45,94.45,93.36,93.36,92.28"
Rec-G3_std_1,15,6,2417,core,312,317,0.0,5.0,0.9751,314,319,322,322,1.0,True,96.557,105.3012,93.3608,2.7251,96.0745,"105.30,103.13,101.50,99.33,98.25,98.25,97.70,97.16,96.62,99.87,98.79,98.25,97.70,97.16,96.62,96.07,95.53,95.53,96.62,96.07,96.07,95.53,94.99,94.99,94.45,94.45,94.45,95.53,94.45,94.45,94.45,93.36,93.36,93.36,93.36,93.36"
Rec-G3_std_1,15,7,2418,core,316,317,0.0,4.0,0.9744,318,319,326,322,1.0,True,97.2203,105.8439,94.4463,2.7281,96.6172,"105.84,104.22,102.04,100.42,99.33,98.79,98.25,98.25,97.70,100.42,99.33,98.25,98.25,97.70,97.16,97.16,96.62,96.62,96.62,96.62,96.07,96.07,95.53,95.53,95.53,95.53,95.53,94.99,94.45,94.45,94.45,94.45,94.45,94.45,94.45,94.45"
Rec-G3_std_1,15,8,2419,core,321,317,0.0,5.0,0.9741,323,319,331,322,1.0,True,97.6575,105.8439,94.4463,2.5629,97.4314,"105.84,103.67,102.04,100.96,99.87,99.33,98.79,98.25,98.25,100.42,99.33,98.79,98.25,98.25,97.70,97.70,97.70,97.70,97.16,97.16,96.62,96.62,96.62,96.07,96.07,96.07,95.53,95.53,95.53,94.99,94.99,94.99,94.99,94.99,94.45,94.45"
Rec-G3_std_1,15,9,2420,core,326,317,0.0,5.0,0.9739,328,319,336,322,1.0,True,98.2304,105.3012,95.5318,2.3881,97.9741,"105.30,103.67,102.04,101.50,100.42,99.87,99.87,99.33,99.33,100.42,99.87,99.33,99.33,98.79,98.25,98.25,98.25,98.25,97.70,97.70,97.70,97.16,97.16,97.16,96.62,96.62,96.62,95.53,95.53,95.53,95.53,95.53,95.53,95.53,95.53,95.53"
Rec-G3_std_1,15,10,2421,core,331,317,0.0,5.0,0.9721,333,319,341,322,1.0,True,98.8787,105.8439,95.5318,2.5182,98.5169,"105.84,104.22,103.13,102.04,101.50,100.96,100.42,100.42,99.87,101.50,100.96,100.42,99.87,99.33,99.33,98.79,98.79,98.79,98.25,98.25,98.25,98.25,97.70,97.70,97.16,97.16,97.16,96.62,96.07,96.07,96.07,96.07,96.07,95.53,95.53,95.53"
Rec-G3_std_1,15,11,2422,core,336,317,0.0,5.0,0.9699,338,319,346,322,1.0,True,99.6325,106.3867,96.6172,2.3982,99.0596,"106.39,104.22,103.13,102.04,102.04,102.04,102.04,101.50,101.50,102.04,101.50,100.96,100.42,100.42,100.42,99.87,99.87,99.33,98.79,98.79,98.25,98.25,98.25,98.25,98.25,98.25,98.25,97.16,97.16,97.16,97.16,96.62,96.62,96.62,96.62,96.62"
Rec-G3_std_1,15,12,2423,core,341,316,11.31,5.1,0.9693,343,318,351,321,1.0,True,102.6176,112.8996,98.2455,3.2513,102.0447,"112.90,110.19,108.01,106.39,105.30,105.30,103.67,103.13,103.13,106.39,105.30,104.22,103.67,103.13,103.13,102.04,102.04,102.04,102.04,102.04,102.04,101.50,101.50,101.50,100.96,100.42,99.87,99.87,99.87,99.87,99.33,99.33,98.79,98.79,98.25,98.25"
Rec-G3_std_1,15,13,2424,core,345,316,0.0,4.0,0.9722,347,318,355,321,1.0,True,103.1603,116.1561,96.6172,4.1845,102.0447,"116.16,112.90,110.73,108.01,106.39,105.30,104.22,103.13,102.04,108.56,106.93,105.84,105.30,103.67,103.13,102.04,102.04,100.96,103.67,103.13,103.13,102.04,101.50,101.50,100.42,99.87,98.79,100.96,100.42,100.42,99.87,99.33,98.79,98.25,97.70,96.62"
Rec-G3_std_1,15,14,2425,core,350,316,0.0,5.0,0.9747,352,318,360,321,1.0,True,100.2054,113.9851,91.1898,5.1175,99.6023,"113.99,111.27,108.56,105.84,103.67,102.04,100.42,98.25,96.62,107.47,105.84,104.22,103.13,101.50,99.87,98.25,96.62,94.99,103.13,102.04,101.50,100.42,98.79,98.25,96.07,94.99,92.28,100.42,99.33,98.79,98.25,97.16,95.53,94.45,92.28,91.19"
Rec-G3_std_1,15,15,2426,core,355,316,0.0,5.0,0.9758,357,318,365,321,0.6667,False,90.1043,110.1859,74.9074,10.2788,92.2753,"110.19,106.93,103.13,99.87,96.62,90.10,81.42,77.62,75.45,103.67,102.04,99.33,97.16,94.45,87.93,80.88,77.08,75.45,99.87,98.25,96.07,94.45,92.28,86.31,80.33,76.54,74.91,97.16,95.53,94.45,92.28,90.10,85.22,79.79,75.99,74.91"
Rec-G3_std_1,15,16,2427,core,360,316,0.0,5.0,0.9757,362,318,370,321,0.1111,False,77.9076,97.16,73.2792,5.5857,75.7216,"97.16,86.31,80.88,77.62,75.99,74.91,74.36,73.82,73.82,91.19,83.05,78.71,77.08,75.99,74.91,74.36,73.82,73.82,88.48,81.42,78.16,75.99,75.45,74.36,74.36,73.82,73.28,86.31,80.88,77.62,75.99,74.91,74.36,73.82,73.82,73.82"
Rec-G3_std_1,15,17,2428,core,361,316,0.0,1.0,0.9843,363,318,371,321,0.0,False,76.4452,89.0188,73.2792,3.5602,75.1788,"89.02,83.05,78.71,77.08,75.99,74.91,74.36,73.82,73.82,84.13,79.79,77.62,75.99,75.45,74.36,73.82,73.82,73.82,82.51,78.71,76.54,75.45,74.91,74.36,73.82,73.82,73.28,80.88,77.62,75.99,75.45,74.36,73.82,73.82,73.82,73.28"
Rec-G3_std_1,16,1,2561,core,291,318,-90.0,1.0,0.977,293,320,301,323,1.0,True,93.0894,98.2455,85.7624,3.2401,93.3608,"93.36,94.99,95.53,96.62,97.16,97.70,98.25,98.25,98.25,89.56,91.19,92.28,94.45,94.99,95.53,95.53,95.53,95.53,86.85,89.02,90.65,91.73,92.28,93.36,93.36,94.45,94.45,85.76,87.39,89.02,90.10,90.65,91.19,91.73,92.28,92.28"
Rec-G3_std_1,16,2,2562,core,295,318,0.0,4.0,0.9774,297,320,305,323,1.0,True,95.8785,100.9592,91.1898,2.575,95.5318,"100.96,100.42,99.87,99.87,99.33,99.33,98.79,98.25,98.25,96.07,96.62,97.16,97.16,97.16,97.16,96.62,96.07,96.07,93.36,94.45,94.45,94.99,94.99,94.99,94.99,94.99,94.45,91.19,92.28,92.28,93.36,93.36,93.36,93.36,93.36,92.28"
Rec-G3_std_1,16,3,2563,core,300,317,11.31,5.1,0.9769,302,319,310,322,1.0,True,98.8485,109.6431,94.4463,3.5076,98.2455,"109.64,107.47,105.30,103.13,101.50,100.42,99.87,99.33,98.25,103.13,102.04,100.96,100.42,99.33,98.79,98.25,98.25,97.70,98.79,98.25,98.25,98.25,97.70,97.16,96.62,96.07,95.53,96.07,96.07,96.07,95.53,95.53,95.53,94.45,94.45,94.45"
Rec-G3_std_1,16,4,2564,core,304,317,0.0,4.0,0.9755,306,319,314,322,1.0,True,98.8938,110.1859,94.4463,3.6517,98.2455,"110.19,108.01,105.84,103.13,102.04,100.42,99.33,98.79,98.25,103.67,102.04,100.96,100.42,99.33,98.79,98.25,98.25,97.16,99.33,98.79,98.25,98.25,97.16,96.62,96.62,95.53,95.53,96.62,96.07,96.07,95.53,95.53,95.53,94.99,94.45,94.45"
Rec-G3_std_1,16,5,2565,core,309,317,0.0,5.0,0.9763,311,319,319,322,1.0,True,98.0194,108.5576,93.3608,3.3807,97.4314,"108.56,106.39,104.22,102.04,100.42,99.33,98.25,98.25,97.70,102.04,101.50,100.42,99.33,98.25,98.25,97.16,96.62,96.62,98.25,98.25,97.70,96.62,96.62,96.07,95.53,95.53,94.99,96.07,96.07,95.53,95.53,94.99,94.45,94.45,93.36,93.36"
Rec-G3_std_1,16,6,2566,core,314,317,0.0,5.0,0.9767,316,319,324,322,1.0,True,97.6274,107.4722,94.4463,3.006,97.16,"107.47,105.30,103.13,100.96,99.33,98.79,98.25,98.25,97.70,101.50,99.87,99.33,98.79,98.25,97.70,97.16,97.16,96.62,97.70,97.16,96.62,96.07,96.07,95.53,95.53,95.53,95.53,95.53,95.53,94.99,94.99,94.45,94.45,94.45,94.45,94.45"
Rec-G3_std_1,16,7,2567,core,319,317,0.0,5.0,0.9752,321,319,329,322,1.0,True,97.5369,105.8439,94.4463,2.5643,97.16,"105.84,103.67,102.04,100.96,99.33,98.79,98.25,98.25,97.70,100.42,99.33,98.79,98.25,98.25,97.70,97.70,97.16,96.62,97.70,97.16,96.62,96.62,96.62,96.07,95.53,95.53,95.53,95.53,95.53,95.53,94.99,94.99,94.99,94.45,94.45,94.45"
Rec-G3_std_1,16,8,2568,core,324,317,0.0,5.0,0.9731,326,319,334,322,1.0,True,97.944,105.3012,94.989,2.3708,97.7027,"105.30,103.67,102.04,100.96,99.87,99.33,98.79,98.79,98.25,100.42,99.87,98.79,98.79,98.25,98.25,98.25,97.70,97.70,97.70,97.70,97.16,97.16,97.16,96.62,96.62,96.07,96.07,95.53,95.53,95.53,95.53,95.53,95.53,95.53,94.99,94.99"
Rec-G3_std_1,16,9,2569,core,328,317,0.0,4.0,0.9709,330,319,338,322,1.0,True,98.8485,106.3867,95.5318,2.5896,98.2455,"106.39,105.30,103.13,102.04,101.50,100.42,100.42,99.87,99.87,101.50,100.96,99.87,99.33,99.33,98.79,98.79,98.79,98.25,98.25,98.25,98.25,98.25,97.70,97.70,97.70,97.16,97.16,96.07,96.07,96.07,96.07,96.07,96.07,96.07,95.53,95.53"
Rec-G3_std_1,16,10,2570,core,333,317,0.0,5.0,0.9711,335,319,343,322,1.0,True,99.7682,106.9294,96.6172,2.5062,99.331,"106.93,105.30,103.67,103.13,102.04,102.04,101.50,101.50,101.50,102.04,101.50,100.96,100.42,100.42,100.42,99.87,99.87,99.87,98.79,98.79,98.79,98.25,98.25,98.25,98.25,98.25,98.25,97.16,97.16,97.16,97.16,97.16,97.16,96.62,96.62,96.62"
Rec-G3_std_1,16,11,2571,core,338,317,0.0,5.0,0.971,340,319,348,322,1.0,True,100.8838,107.4722,97.7027,2.4811,100.4165,"107.47,105.84,105.30,104.22,103.67,103.13,103.13,103.13,103.13,102.04,102.04,102.04,102.04,101.50,101.50,101.50,100.96,100.96,99.87,99.87,99.87,99.33,99.33,99.33,99.33,99.33,98.79,98.25,98.25,98.25,98.25,98.25,98.25,98.25,97.70,97.70"
Rec-G3_std_1,16,12,2572,core,343,316,11.31,5.1,0.9733,345,318,353,321,1.0,True,103.7785,115.6133,98.2455,3.8031,103.1302,"115.61,112.90,110.19,108.01,106.93,105.84,105.30,105.30,104.22,108.56,106.93,105.84,105.30,104.22,103.67,103.13,103.13,102.04,103.67,103.13,103.13,103.13,102.04,102.04,101.50,100.96,100.42,100.96,100.96,100.42,100.42,99.87,99.87,99.33,98.79,98.25"
Rec-G3_std_1,16,13,2573,core,348,316,0.0,5.0,0.9741,350,318,358,321,1.0,True,102.497,115.0706,94.4463,4.5129,101.7733,"115.07,111.81,110.19,108.01,106.39,105.30,103.67,102.04,100.42,108.56,106.93,105.84,105.30,103.67,103.13,101.50,99.87,98.25,103.67,103.13,103.13,102.04,101.50,100.42,99.33,98.25,96.07,100.96,100.96,100.42,99.87,98.79,98.25,97.16,95.53,94.45"
Rec-G3_std_1,16,14,2574,core,353,316,0.0,5.0,0.9738,355,318,363,321,0.8889,False,95.4865,111.8141,78.7067,8.0972,96.3459,"111.81,109.10,105.84,103.13,100.96,98.25,95.53,89.56,80.88,105.84,103.67,102.04,100.42,98.25,96.07,93.36,87.93,80.33,102.04,100.42,99.33,97.70,95.53,94.45,91.19,85.76,79.79,98.79,98.25,96.62,95.53,94.45,91.73,89.56,84.68,78.71"
Rec-G3_std_1,16,15,2575,core,357,316,0.0,4.0,0.9758,359,318,367,321,0.4444,False,85.4005,110.1859,73.822,10.8179,81.4204,"110.19,105.84,100.96,93.36,83.59,78.71,75.99,74.91,73.82,103.13,99.87,96.07,90.10,81.96,77.62,75.99,74.36,73.82,98.25,95.53,93.36,87.93,80.88,77.62,75.99,74.36,73.82,95.53,93.36,91.19,85.76,79.79,77.08,75.45,74.36,73.82"
Rec-G3_std_1,16,16,2576,core,361,316,0.0,4.0,0.9809,363,318,371,321,0.0,False,76.596,90.1043,73.2792,3.7815,75.1788,"90.10,83.59,79.79,77.08,75.99,74.91,74.36,73.82,73.82,85.22,80.33,77.62,75.99,75.45,74.91,74.36,73.82,73.82,82.51,78.71,76.54,75.45,74.91,74.36,73.82,73.82,73.28,80.88,77.62,75.99,75.45,74.36,73.82,73.82,73.82,73.28"
Rec-G3_std_1,17,1,2700,core,293,318,-26.57,2.24,0.9776,295,320,303,323,1.0,True,95.2755,98.7882,89.5616,2.6665,94.989,"98.25,98.79,98.79,98.79,98.79,98.79,98.79,98.79,98.25,94.45,95.53,95.53,96.07,96.62,97.16,97.16,97.16,97.16,91.19,92.28,93.36,94.45,94.45,94.99,94.99,94.99,94.99,89.56,90.65,91.19,92.28,92.28,93.36,93.36,93.36,93.36"
Rec-G3_std_1,17,2,2701,core,298,317,11.31,5.1,0.9773,300,319,308,322,1.0,True,99.5119,110.7286,94.989,3.6251,98.7882,"110.73,108.56,105.84,103.67,103.13,102.04,100.96,100.42,99.87,103.13,102.04,101.50,100.96,100.42,99.87,99.33,98.79,98.25,98.79,98.79,98.25,98.25,98.25,97.70,97.70,97.16,96.07,96.07,96.07,96.07,96.07,96.07,95.53,95.53,95.53,94.99"
Rec-G3_std_1,17,3,2702,core,303,317,0.0,5.0,0.9775,305,319,313,322,1.0,True,99.2556,110.1859,94.989,3.4019,98.5169,"110.19,107.47,105.30,103.13,102.04,100.96,100.42,99.87,98.79,103.13,102.04,101.50,100.42,99.87,99.33,98.79,98.25,98.25,99.33,99.33,98.25,98.25,98.25,97.16,96.62,96.62,95.53,97.16,96.62,96.62,96.07,96.07,95.53,95.53,95.53,94.99"
Rec-G3_std_1,17,4,2703,core,308,317,0.0,5.0,0.9762,310,319,318,322,1.0,True,98.4716,108.0149,94.4463,3.0712,98.2455,"108.01,105.84,103.67,102.04,100.96,99.87,99.33,98.25,98.25,102.04,101.50,100.96,99.87,99.33,98.25,98.25,97.70,97.16,98.79,98.25,98.25,97.70,97.16,96.62,96.07,95.53,95.53,96.62,96.62,96.07,95.53,95.53,95.53,94.99,94.45,94.45"
Rec-G3_std_1,17,5,2704,core,312,317,0.0,4.0,0.9751,314,319,322,322,1.0,True,98.4716,108.5576,94.4463,3.2271,98.2455,"108.56,106.39,104.22,102.04,100.96,99.87,98.79,98.25,98.25,103.13,102.04,100.42,99.33,98.79,98.25,98.25,97.70,96.62,98.79,98.25,98.25,97.16,97.16,96.62,96.07,95.53,95.53,96.62,96.62,96.07,95.53,95.53,95.53,94.99,94.45,94.45"
Rec-G3_std_1,17,6,2705,core,317,317,0.0,5.0,0.9762,319,319,327,322,1.0,True,97.959,106.9294,94.4463,2.8562,97.4314,"106.93,105.30,103.13,100.96,99.87,99.33,98.25,98.25,98.25,102.04,100.42,99.33,98.79,98.25,98.25,97.70,97.16,96.62,98.25,97.70,97.16,97.16,96.62,96.62,96.07,95.53,95.53,96.07,95.53,95.53,95.53,95.53,94.99,94.99,94.45,94.45"
Rec-G3_std_1,17,7,2706,core,322,317,0.0,5.0,0.9754,324,319,332,322,1.0,True,98.0495,105.8439,94.989,2.4244,97.9741,"105.84,103.67,102.04,100.96,99.87,99.33,99.33,98.79,98.25,100.96,99.87,99.33,98.79,98.25,98.25,98.25,98.25,97.70,98.25,97.70,97.16,97.16,96.62,96.62,96.62,96.07,96.07,96.07,95.53,95.53,95.53,95.53,95.53,95.53,95.53,94.99"
Rec-G3_std_1,17,8,2707,core,327,317,0.0,5.0,0.9748,329,319,337,322,1.0,True,98.7279,105.3012,95.5318,2.2223,98.2455,"105.30,103.67,102.04,101.50,100.96,100.42,100.42,99.87,99.87,100.96,100.42,99.87,99.33,99.33,98.79,98.79,98.25,98.25,98.25,98.25,98.25,98.25,97.70,97.70,97.70,97.16,97.16,96.62,96.62,96.62,96.07,96.07,96.07,96.07,96.07,95.53"
Rec-G3_std_1,17,9,2708,core,332,317,0.0,5.0,0.9724,334,319,342,322,1.0,True,99.6928,106.3867,96.6172,2.3027,99.331,"106.39,104.22,103.13,102.04,102.04,102.04,101.50,100.96,100.96,102.04,101.50,100.96,100.96,100.42,100.42,99.87,99.87,99.87,98.79,98.79,98.79,98.79,98.25,98.25,98.25,98.25,98.25,97.16,97.16,97.16,97.16,97.16,97.16,97.16,96.62,96.62"
Rec-G3_std_1,17,10,2709,core,336,317,0.0,4.0,0.9712,338,319,346,322,1.0,True,100.914,108.5576,97.7027,2.6198,100.1451,"108.56,106.93,105.30,104.22,103.13,103.13,103.13,102.04,102.04,103.13,103.13,102.04,102.04,101.50,101.50,101.50,100.96,100.42,99.87,99.87,99.87,99.87,99.33,99.33,99.33,98.79,98.79,98.25,98.25,98.25,98.25,98.25,98.25,98.25,97.70,97.70"
Rec-G3_std_1,17,11,2710,core,341,316,11.31,5.1,0.9722,343,318,351,321,1.0,True,103.5523,115.6133,98.7882,3.5707,103.1302,"115.61,111.81,109.64,107.47,105.84,105.30,104.22,103.67,103.13,108.56,106.93,105.30,104.22,104.22,103.67,103.13,103.13,102.04,103.67,103.13,103.13,102.04,102.04,102.04,101.50,101.50,100.96,100.96,100.96,100.42,100.42,99.87,99.87,99.33,99.33,98.79"
Rec-G3_std_1,17,12,2711,core,346,316,0.0,5.0,0.9744,348,318,356,321,1.0,True,103.3262,115.6133,96.6172,3.937,102.5874,"115.61,111.81,110.19,108.01,106.39,105.30,104.22,103.13,102.04,108.56,107.47,105.84,105.30,104.22,103.67,103.13,102.04,100.96,103.67,103.13,103.13,102.04,102.04,101.50,100.96,99.87,98.79,101.50,100.96,100.96,100.42,99.87,99.33,98.79,98.25,96.62"
Rec-G3_std_1,17,13,2712,core,351,316,0.0,5.0,0.9755,353,318,361,321,1.0,True,100.2506,113.9851,89.5616,5.4151,99.8737,"113.99,111.81,108.56,106.39,103.67,102.04,100.42,98.25,95.53,108.01,106.39,105.30,103.13,102.04,99.87,98.25,96.62,94.45,103.67,102.04,102.04,100.42,99.33,97.70,96.07,94.45,91.73,100.96,99.87,98.79,98.25,97.16,95.53,94.45,92.28,89.56"
Rec-G3_std_1,17,14,2713,core,356,316,0.0,5.0,0.9762,358,318,366,321,0.5556,False,87.8881,110.1859,73.822,10.955,88.7475,"110.19,106.39,102.04,98.25,91.19,82.51,77.62,75.45,73.82,103.67,101.50,98.79,95.53,89.56,81.42,77.62,75.45,73.82,99.33,97.70,95.53,93.36,87.93,80.88,77.08,75.45,73.82,96.62,95.53,93.36,91.19,85.76,79.79,76.54,75.45,73.82"
Rec-G3_std_1,17,15,2714,core,360,316,0.0,4.0,0.9792,362,318,370,321,0.1111,False,78.2092,99.331,73.2792,6.1662,75.7216,"99.33,88.48,81.96,78.16,75.99,74.91,74.36,73.82,73.82,93.36,84.13,79.79,77.08,75.99,74.91,74.36,73.82,73.82,89.02,81.96,78.16,75.99,75.45,74.36,73.82,73.82,73.28,86.85,80.88,77.62,75.99,74.91,74.36,73.82,73.82,73.28"
Rec-G3_std_1,18,1,2836,core,292,318,-90.0,1.0,0.9786,294,320,302,323,1.0,True,94.8986,99.331,87.9333,3.0529,95.2604,"96.62,97.70,98.25,98.25,98.79,99.33,99.33,99.33,99.33,92.28,93.36,94.99,95.53,96.07,96.62,97.16,97.70,97.70,89.56,91.19,92.28,93.36,94.45,94.99,95.53,95.53,95.53,87.93,89.56,91.19,91.19,92.28,93.36,93.36,93.36,93.36"
Rec-G3_std_1,18,2,2837,core,301,317,6.34,9.06,0.9768,303,319,311,322,1.0,True,100.4768,111.8141,95.5318,3.7619,99.8737,"111.81,109.64,107.47,105.30,103.67,102.04,101.50,100.96,99.87,105.30,103.67,103.13,102.04,101.50,100.42,99.87,99.33,98.79,100.42,99.87,99.87,99.33,98.79,98.25,98.25,97.70,97.16,97.70,97.70,97.70,97.16,97.16,96.62,96.07,95.53,95.53"
Rec-G3_std_1,18,3,2838,core,306,317,0.0,5.0,0.9778,308,319,316,322,1.0,True,99.527,110.7286,94.989,3.5502,98.5169,"110.73,108.01,105.84,103.67,102.04,100.96,99.87,98.79,98.25,104.22,103.13,102.04,100.96,100.42,99.33,98.25,98.25,97.70,100.42,99.87,98.79,98.79,98.25,97.70,96.62,96.62,95.53,98.25,97.70,97.16,97.16,96.62,95.53,95.53,94.99,94.99"
Rec-G3_std_1,18,4,2839,core,311,317,0.0,5.0,0.9767,313,319,321,322,1.0,True,98.3209,108.5576,94.4463,3.1235,97.7027,"108.56,105.84,103.13,102.04,100.42,99.33,98.25,98.25,97.16,103.13,101.50,100.42,99.33,98.79,98.25,97.70,97.16,96.62,98.79,98.25,98.25,97.70,97.16,96.62,96.07,95.53,94.99,96.62,96.62,96.62,96.07,95.53,94.99,94.99,94.45,94.45"
Rec-G3_std_1,18,5,2840,core,316,317,0.0,5.0,0.9742,318,319,326,322,1.0,True,97.3861,106.3867,93.3608,2.7448,97.16,"106.39,103.67,102.04,99.87,98.79,98.25,98.25,97.70,97.16,101.50,99.87,99.33,98.25,97.70,97.70,97.16,96.07,96.07,98.25,97.70,97.16,96.62,96.07,95.53,95.53,94.99,94.99,95.53,95.53,95.53,95.53,94.99,94.99,94.45,93.36,93.36"
Rec-G3_std_1,18,6,2841,core,320,317,0.0,4.0,0.9739,322,319,330,322,1.0,True,97.6726,105.8439,94.4463,2.6059,97.16,"105.84,104.22,102.04,100.96,99.87,98.79,98.25,98.25,98.25,100.96,99.87,98.79,98.25,98.25,97.70,97.70,97.16,97.16,97.70,97.16,97.16,96.62,96.07,96.07,96.07,96.07,95.53,95.53,95.53,95.53,94.99,94.99,94.99,94.99,94.45,94.45"
Rec-G3_std_1,18,7,2842,core,325,317,0.0,5.0,0.9744,327,319,335,322,1.0,True,98.4264,105.8439,95.5318,2.4773,97.9741,"105.84,104.22,102.04,101.50,100.96,100.42,99.87,99.87,99.87,100.96,99.87,99.33,99.33,98.79,98.79,98.25,98.25,98.25,97.70,97.70,97.70,97.70,97.16,97.16,97.16,97.16,97.16,96.07,95.53,95.53,95.53,95.53,95.53,95.53,95.53,95.53"
Rec-G3_std_1,18,8,2843,core,330,317,0.0,5.0,0.9735,332,319,340,322,1.0,True,99.542,106.3867,96.6172,2.4079,98.7882,"106.39,105.30,103.67,102.04,102.04,101.50,101.50,100.96,100.96,101.50,100.96,100.96,100.42,100.42,99.87,99.87,99.33,99.33,98.25,98.25,98.25,98.25,98.25,98.25,98.25,98.25,98.25,96.62,96.62,97.16,97.16,97.16,97.16,97.16,96.62,96.62"
Rec-G3_std_1,18,9,2844,core,335,317,0.0,5.0,0.9719,337,319,345,322,1.0,True,100.5371,106.9294,97.7027,2.2888,100.4165,"106.93,105.30,104.22,103.13,103.13,103.13,102.04,102.04,102.04,102.04,102.04,101.50,101.50,101.50,100.96,100.96,100.96,100.96,99.87,99.33,99.33,99.33,99.33,99.33,99.33,98.79,98.79,98.25,98.25,98.25,98.25,97.70,97.70,97.70,97.70,97.70"
Rec-G3_std_1,18,10,2845,core,340,316,11.31,5.1,0.9711,342,318,350,321,1.0,True,103.6729,113.9851,99.331,3.1231,103.1302,"113.99,110.73,108.56,106.93,105.84,105.30,105.30,104.22,104.22,107.47,105.84,105.30,105.30,104.22,104.22,103.67,103.67,103.13,103.13,103.13,103.13,103.13,102.04,102.04,102.04,102.04,101.50,100.96,100.42,100.42,100.42,100.42,100.42,99.87,99.87,99.33"
Rec-G3_std_1,18,11,2846,core,344,316,0.0,4.0,0.972,346,318,354,321,1.0,True,104.7735,117.2416,98.7882,3.9934,103.9443,"117.24,113.99,111.81,109.64,108.01,106.93,105.84,105.30,104.22,109.64,108.56,107.47,106.39,105.30,105.30,104.22,103.67,103.13,105.30,104.22,103.67,103.67,103.13,103.13,102.04,102.04,100.96,102.04,101.50,101.50,101.50,100.96,100.96,100.42,99.33,98.79"
Rec-G3_std_1,18,12,2847,core,349,316,0.0,5.0,0.9747,351,318,359,321,1.0,True,102.9342,116.6988,94.4463,4.9746,102.0447,"116.70,113.99,111.27,108.56,106.39,105.30,103.13,102.04,99.87,109.64,108.56,106.93,105.30,104.22,103.13,101.50,99.87,98.25,105.30,104.22,103.67,103.13,102.04,100.42,99.33,97.70,96.07,102.04,101.50,100.96,100.42,99.33,98.25,96.62,95.53,94.45"
Rec-G3_std_1,18,13,2848,core,354,316,0.0,5.0,0.9766,356,318,364,321,0.7778,False,93.8432,113.9851,75.9929,10.1367,96.0745,"113.99,110.19,106.39,103.13,99.87,96.62,90.10,80.88,77.08,106.93,105.30,102.04,100.42,98.25,94.99,88.48,80.88,76.54,102.04,100.96,98.79,97.70,95.53,92.28,86.85,80.33,76.54,99.33,98.25,96.62,95.53,93.36,90.65,85.76,79.79,75.99"
Rec-G3_std_1,18,14,2849,core,359,316,0.0,5.0,0.9772,361,318,369,321,0.2222,False,80.1841,105.3012,73.2792,8.4437,75.9929,"105.30,95.53,85.22,79.79,76.54,75.45,74.36,73.82,73.28,98.79,91.73,83.05,78.71,75.99,74.91,74.36,73.82,73.28,94.99,89.02,81.42,77.62,75.99,74.91,73.82,73.82,73.28,92.28,86.85,80.33,77.08,75.99,74.36,73.82,73.82,73.28"
Rec-G3_std_1,19,1,2975,core,291,317,0.0,0.0,0.9775,293,319,301,322,1.0,True,96.572,102.0447,87.9333,3.6752,96.6172,"100.96,102.04,102.04,100.96,100.96,100.96,100.96,100.96,100.96,94.45,95.53,96.62,97.70,98.25,98.25,98.79,98.79,98.79,90.10,92.28,93.36,95.53,95.53,96.07,96.62,97.16,97.16,87.93,89.56,91.19,92.28,93.36,94.45,94.99,95.53,95.53"
Rec-G3_std_1,19,2,2976,core,294,318,-18.43,3.16,0.9774,296,320,304,323,1.0,True,96.6926,100.9592,91.1898,2.5908,96.0745,"100.42,100.96,100.42,100.42,100.42,99.87,99.87,99.33,99.33,96.07,97.16,97.70,97.70,98.25,98.25,98.25,98.25,97.70,93.36,94.45,94.99,95.53,95.53,96.07,96.07,96.07,96.07,91.19,92.28,93.36,93.36,94.45,94.45,94.45,94.45,94.45"
Rec-G3_std_1,19,3,2977,core,299,317,11.31,5.1,0.976,301,319,309,322,1.0,True,100.0848,110.1859,95.5318,3.1886,99.331,"110.19,107.47,105.30,103.67,103.13,102.04,101.50,100.42,99.87,103.67,103.13,102.04,101.50,100.96,100.42,99.87,99.33,98.79,99.87,99.33,99.33,99.33,98.79,98.25,98.25,98.25,97.70,97.16,97.16,97.16,97.16,97.16,96.62,96.62,96.07,95.53"
Rec-G3_std_1,19,4,2978,core,303,317,0.0,4.0,0.9754,305,319,313,322,1.0,True,100.4918,111.2714,95.5318,3.5014,99.8737,"111.27,109.10,106.93,104.22,103.13,102.04,100.96,100.42,99.87,105.30,103.67,103.13,102.04,100.96,100.42,99.87,99.33,98.79,100.96,100.42,99.87,99.87,98.79,98.25,98.25,98.25,97.16,98.25,98.25,98.25,97.70,97.16,96.62,96.62,96.07,95.53"
Rec-G3_std_1,19,5,2979,core,308,317,0.0,5.0,0.9767,310,319,318,322,1.0,True,99.542,110.1859,94.989,3.3513,98.7882,"110.19,107.47,105.30,103.13,102.04,100.96,100.42,99.33,98.79,103.67,103.13,102.04,100.96,99.87,99.33,98.79,98.25,98.25,100.42,99.87,99.33,98.25,98.25,97.70,97.16,96.62,96.07,98.25,97.70,97.16,96.62,96.07,96.07,95.53,95.53,94.99"
Rec-G3_std_1,19,6,2980,core,313,317,0.0,5.0,0.9768,315,319,323,322,1.0,True,98.7279,108.0149,94.989,2.9941,98.2455,"108.01,105.84,103.67,102.04,100.96,100.42,99.33,98.79,98.25,103.13,101.50,100.42,99.87,99.33,98.79,98.25,98.25,97.70,99.33,98.79,98.25,98.25,97.16,97.16,96.62,96.07,95.53,97.70,96.62,96.07,95.53,95.53,95.53,95.53,94.99,94.99"
Rec-G3_std_1,19,7,2981,core,318,316,11.31,5.1,0.9053,320,318,328,321,1.0,True,105.271,117.7843,96.6172,7.8547,103.4016,"117.78,117.78,117.78,117.78,117.78,117.78,117.78,117.78,117.78,105.30,105.30,105.30,105.30,105.30,105.84,105.84,105.84,106.39,100.42,100.42,99.87,100.42,100.42,100.96,100.96,101.50,101.50,96.62,96.62,96.62,96.62,96.62,97.16,97.16,97.70,97.70"
Rec-G3_std_1,19,8,2982,core,323,317,-11.31,5.1,0.9729,325,319,333,322,1.0,True,98.4867,105.8439,95.5318,2.4118,98.2455,"105.84,104.22,102.04,101.50,100.42,99.87,99.87,99.33,98.79,101.50,100.42,99.87,99.33,98.79,98.79,98.25,98.25,98.25,98.25,98.25,98.25,97.70,97.70,97.16,97.16,96.62,96.62,96.62,96.07,96.07,96.07,95.53,95.53,95.53,95.53,95.53"
Rec-G3_std_1,19,9,2983,core,327,317,0.0,4.0,0.972,329,319,337,322,1.0,True,99.4667,107.4722,96.0745,2.6104,98.7882,"107.47,105.30,103.67,103.13,102.04,101.50,100.96,100.42,100.42,102.04,101.50,100.96,100.42,99.87,99.87,99.33,99.33,98.79,98.79,98.25,98.25,98.25,98.25,98.25,98.25,97.70,97.70,97.16,97.16,96.62,96.62,96.62,96.62,96.62,96.62,96.07"
Rec-G3_std_1,19,10,2984,core,332,317,0.0,5.0,0.972,334,319,342,322,1.0,True,100.3562,106.9294,97.7027,2.3822,99.8737,"106.93,105.84,104.22,103.13,103.13,102.04,102.04,102.04,102.04,102.04,102.04,101.50,101.50,100.96,100.96,100.96,100.42,100.42,99.33,99.33,99.33,99.33,98.79,98.79,98.79,98.79,98.79,97.70,97.70,97.70,97.70,97.70,97.70,97.70,97.70,97.70"
Rec-G3_std_1,19,11,2985,core,337,317,0.0,5.0,0.9719,339,319,347,322,1.0,True,101.5924,108.0149,98.2455,2.4723,101.2306,"108.01,106.39,105.30,105.30,104.22,104.22,103.67,103.67,103.67,103.13,103.13,103.13,102.04,102.04,102.04,102.04,102.04,102.04,100.42,100.42,100.42,100.42,100.42,100.42,100.42,100.42,100.42,98.79,98.79,98.79,98.25,98.25,98.79,98.79,98.79,98.25"
Rec-G3_std_1,19,12,2986,core,342,316,11.31,5.1,0.9733,344,318,352,321,1.0,True,105.06,115.6133,100.4165,3.295,104.7584,"115.61,112.90,110.19,108.56,107.47,106.93,106.39,105.84,105.30,109.10,108.01,106.93,106.39,105.84,105.30,105.30,105.30,104.22,105.30,104.22,103.67,103.67,103.67,103.13,103.13,103.13,102.04,102.04,102.04,102.04,102.04,102.04,101.50,101.50,100.96,100.42"
Rec-G3_std_1,19,13,2987,core,347,316,0.0,5.0,0.9742,349,318,357,321,1.0,True,104.3966,115.6133,97.16,3.9595,103.6729,"115.61,112.90,110.73,109.10,107.47,106.39,105.30,104.22,103.13,109.64,108.56,107.47,106.39,105.84,105.30,103.67,103.13,101.50,105.30,105.30,104.22,103.67,103.13,103.13,102.04,100.42,98.79,103.13,102.04,102.04,102.04,101.50,100.42,99.33,98.25,97.16"
Rec-G3_std_1,19,14,2988,core,351,316,0.0,4.0,0.9733,353,318,361,321,1.0,True,101.7884,117.2416,90.6471,5.8797,101.7733,"117.24,113.99,111.27,108.01,105.84,103.67,102.04,99.33,96.62,110.19,108.56,106.39,105.30,103.13,102.04,99.87,97.70,94.45,105.30,104.22,103.13,102.04,100.96,99.33,97.70,95.53,92.28,102.04,101.50,100.42,99.33,98.25,97.16,95.53,93.36,90.65"
Rec-G3_std_1,19,15,2989,core,356,316,0.0,5.0,0.9763,358,318,366,321,0.5556,False,88.7022,112.8996,73.822,11.7514,89.0188,"112.90,108.56,104.22,99.87,92.28,83.05,77.62,75.45,73.82,105.30,103.13,100.42,97.16,90.10,81.42,77.62,75.45,73.82,100.96,99.33,97.16,94.45,87.93,80.88,77.08,75.45,73.82,98.25,96.62,94.45,92.28,86.85,80.33,76.54,74.91,73.82"
Rec-G3_std_1,19,16,2990,core,360,316,0.0,4.0,0.9777,362,318,370,321,0.1111,False,78.4504,101.502,73.2792,6.6651,75.4502,"101.50,89.56,83.05,78.71,76.54,74.91,74.36,73.82,73.28,94.45,84.68,79.79,77.08,75.45,74.91,73.82,73.82,73.28,90.10,82.51,78.71,76.54,75.45,74.36,73.82,73.82,73.28,87.93,80.88,77.62,75.99,74.91,74.36,73.82,73.82,73.28"
Rec-G3_std_1,20,1,3110,core,293,318,-26.57,2.24,0.9777,295,320,303,323,1.0,True,95.5318,99.331,89.5616,2.6123,95.5318,"98.25,98.79,98.79,98.79,99.33,99.33,99.33,98.79,98.25,94.45,95.53,96.07,96.62,96.62,97.16,97.16,97.16,97.16,91.73,92.28,94.45,94.45,94.99,95.53,95.53,95.53,95.53,89.56,91.19,91.73,92.28,93.36,93.36,93.36,93.36,93.36"
Rec-G3_std_1,20,2,3111,core,298,317,11.31,5.1,0.9753,300,319,308,322,1.0,True,99.6476,109.6431,95.5318,3.1241,98.7882,"109.64,106.93,105.30,103.13,102.04,101.50,100.96,100.42,99.33,103.13,102.04,101.50,100.96,100.42,100.42,99.87,99.33,98.25,98.79,98.79,98.79,98.79,98.25,98.25,98.25,97.70,97.16,96.62,96.62,96.62,96.62,96.62,96.62,96.07,96.07,95.53"
Rec-G3_std_1,20,3,3112,core,302,317,0.0,4.0,0.9751,304,319,312,322,1.0,True,100.2506,111.2714,95.5318,3.5239,99.6023,"111.27,109.10,106.39,104.22,103.13,102.04,100.96,99.87,99.33,104.22,103.13,103.13,102.04,100.96,100.42,99.87,98.79,98.25,100.42,100.42,99.87,99.33,98.79,98.25,98.25,97.70,97.16,98.25,97.70,97.70,97.16,97.16,96.62,96.07,95.53,95.53"
Rec-G3_std_1,20,4,3113,core,307,317,0.0,5.0,0.9763,309,319,317,322,1.0,True,99.2405,109.6431,94.989,3.1763,98.2455,"109.64,106.93,104.22,103.13,101.50,100.96,99.33,99.33,98.25,103.67,102.04,100.96,100.42,99.87,99.33,98.25,98.25,97.70,99.87,99.33,98.79,98.25,98.25,97.70,96.62,96.62,96.07,97.70,97.70,97.16,96.62,96.07,96.07,95.53,95.53,94.99"
Rec-G3_std_1,20,5,3114,core,312,317,0.0,5.0,0.9765,314,319,322,322,1.0,True,98.5922,108.0149,94.989,2.9176,98.2455,"108.01,105.30,103.13,102.04,100.96,99.87,99.33,98.25,98.25,103.13,101.50,100.42,99.87,98.79,98.79,98.25,97.70,97.16,98.79,98.25,98.25,97.70,97.16,97.16,96.62,96.07,95.53,97.16,96.62,96.62,96.07,95.53,95.53,95.53,94.99,94.99"
Rec-G3_std_1,20,6,3115,core,317,317,0.0,5.0,0.975,319,319,327,322,1.0,True,98.3359,106.3867,94.989,2.5215,98.2455,"106.39,104.22,102.04,100.96,100.42,99.33,99.33,98.79,98.25,102.04,100.96,99.87,99.33,98.79,98.25,98.25,98.25,97.70,98.25,98.25,97.70,97.70,97.16,96.62,96.62,96.62,96.07,96.62,96.62,96.07,95.53,95.53,95.53,95.53,95.53,94.99"
Rec-G3_std_1,20,7,3116,core,322,317,0.0,5.0,0.9726,324,319,332,322,1.0,True,98.7129,105.8439,95.5318,2.3068,98.2455,"105.84,103.67,102.04,101.50,100.96,100.42,99.87,99.87,99.33,101.50,100.42,99.87,99.87,99.33,98.79,98.79,98.25,98.25,98.25,98.25,98.25,98.25,97.70,97.70,97.16,97.16,97.16,96.62,96.62,96.62,96.62,96.07,96.07,95.53,95.53,95.53"
Rec-G3_std_1,20,8,3117,core,326,317,0.0,4.0,0.972,328,319,336,322,1.0,True,99.7079,107.4722,96.0745,2.6398,99.331,"107.47,105.84,104.22,103.13,102.04,101.50,101.50,100.96,100.96,102.04,102.04,100.96,100.42,100.42,99.87,99.87,99.33,99.33,99.33,98.79,98.79,98.25,98.25,98.25,98.25,98.25,98.25,97.16,97.16,97.16,97.16,96.62,96.62,96.62,96.62,96.07"
Rec-G3_std_1,20,9,3118,core,331,317,0.0,5.0,0.9718,333,319,341,322,1.0,True,100.4768,107.4722,97.7027,2.4533,100.1451,"107.47,105.84,104.22,103.13,103.13,102.04,102.04,102.04,102.04,103.13,102.04,102.04,101.50,101.50,100.96,100.96,100.96,100.42,99.87,99.33,99.33,99.33,99.33,98.79,98.79,98.79,98.79,97.70,97.70,97.70,97.70,97.70,97.70,97.70,97.70,97.70"
Rec-G3_std_1,20,10,3119,core,336,317,0.0,5.0,0.9714,338,319,346,322,1.0,True,101.502,108.0149,98.2455,2.4306,101.502,"108.01,106.39,105.30,104.22,104.22,103.67,103.67,103.13,103.13,103.13,103.13,103.13,102.04,102.04,102.04,102.04,102.04,102.04,100.42,100.96,100.96,100.42,100.42,100.42,100.42,100.42,99.87,98.79,98.79,98.79,98.79,98.25,98.25,98.25,98.25,98.25"
Rec-G3_std_1,20,11,3120,core,341,316,11.31,5.1,0.9731,343,318,351,321,1.0,True,104.6831,115.0706,100.4165,3.076,104.2157,"115.07,111.81,109.64,108.01,106.93,105.84,105.30,105.30,105.30,108.56,107.47,106.39,105.84,105.30,105.30,104.22,104.22,103.67,104.22,104.22,103.67,103.67,103.13,103.13,103.13,103.13,102.04,102.04,102.04,102.04,102.04,101.50,101.50,101.50,100.96,100.42"
Rec-G3_std_1,20,12,3121,core,346,316,0.0,5.0,0.9736,348,318,356,321,1.0,True,104.668,115.6133,98.2455,3.5394,104.2157,"115.61,111.81,110.19,108.56,107.47,106.39,105.84,105.30,103.67,109.64,108.01,106.93,106.39,105.30,105.30,104.22,103.13,102.04,105.30,105.30,105.30,104.22,103.67,103.13,102.04,101.50,100.42,103.13,103.13,102.04,102.04,102.04,100.96,100.42,99.33,98.25"
Rec-G3_std_1,20,13,3122,core,350,316,0.0,4.0,0.9738,352,318,360,321,1.0,True,102.9644,117.2416,93.3608,5.3802,102.5874,"117.24,113.99,111.81,109.10,106.93,105.30,103.13,100.96,98.25,110.73,109.10,107.47,105.84,104.22,103.13,101.50,98.79,97.16,105.84,105.30,104.22,103.13,102.04,100.42,98.79,97.16,94.99,103.13,102.04,101.50,100.42,99.33,98.25,97.16,94.99,93.36"
Rec-G3_std_1,20,14,3123,core,355,316,0.0,5.0,0.9761,357,318,365,321,0.6667,False,91.5064,113.9851,74.3647,11.4588,94.4463,"113.99,110.19,105.84,102.04,98.25,91.19,81.96,77.08,74.91,106.93,104.22,102.04,99.33,96.07,89.56,80.88,77.08,74.91,102.04,100.42,98.25,96.62,94.45,87.93,80.33,76.54,74.91,99.33,98.25,96.07,94.45,91.73,86.31,79.79,75.99,74.36"
Rec-G3_std_1,20,15,3124,core,360,316,0.0,5.0,0.9787,362,318,370,321,0.1111,False,77.7719,98.7882,72.7365,6.3289,74.9074,"98.79,87.39,80.88,77.62,75.45,74.36,73.82,73.28,72.74,93.36,84.13,78.71,76.54,74.91,73.82,73.82,73.28,72.74,89.56,81.96,77.62,75.99,74.91,73.82,73.82,73.28,72.74,87.93,80.88,77.62,75.99,74.36,73.82,73.82,73.28,72.74"
Rec-G3_std_1,21,1,3244,core,292,318,-45.0,1.41,0.9769,294,320,302,323,1.0,True,95.5318,99.8737,88.4761,2.9645,95.5318,"97.70,98.25,98.25,98.79,99.33,99.87,99.87,99.87,99.87,93.36,94.45,95.53,96.07,97.16,97.70,97.70,98.25,97.70,90.65,91.73,93.36,94.45,94.99,95.53,95.53,95.53,95.53,88.48,90.10,91.19,92.28,93.36,93.36,94.45,94.45,94.45"
Rec-G3_std_1,21,2,3245,core,297,317,11.31,5.1,0.9754,299,319,307,322,1.0,True,100.4466,110.7286,96.0745,3.4253,99.331,"110.73,108.56,106.39,105.30,103.13,103.13,102.04,101.50,100.96,103.67,103.13,102.04,102.04,101.50,100.96,100.96,100.42,99.33,98.79,99.33,99.33,99.33,98.79,98.79,98.25,98.25,98.25,96.07,97.16,97.16,97.16,97.16,97.16,96.62,96.62,96.07"
Rec-G3_std_1,21,3,3246,core,302,317,0.0,5.0,0.9742,304,319,312,322,1.0,True,100.3562,110.7286,95.5318,3.2231,99.8737,"110.73,108.01,105.84,103.67,103.13,102.04,101.50,100.42,99.87,104.22,103.13,102.04,102.04,100.96,100.42,99.87,99.33,98.79,100.96,100.42,99.87,99.33,99.33,98.25,98.25,97.70,97.16,98.25,98.25,98.25,97.70,97.70,97.16,96.62,96.07,95.53"
Rec-G3_std_1,21,4,3247,core,306,317,0.0,4.0,0.976,308,319,316,322,1.0,True,100.2355,111.2714,95.5318,3.5313,99.331,"111.27,109.10,106.39,104.22,103.13,102.04,100.96,99.87,99.33,105.30,103.13,102.04,101.50,100.96,99.87,99.33,98.79,98.25,100.96,100.42,99.87,99.33,98.79,98.25,97.70,97.16,97.16,98.25,98.25,98.25,97.70,97.16,96.62,96.07,95.53,95.53"
Rec-G3_std_1,21,5,3248,core,311,317,0.0,5.0,0.9764,313,319,321,322,1.0,True,99.331,109.1004,94.989,3.0862,98.5169,"109.10,106.93,104.22,103.13,101.50,100.42,99.87,99.33,98.25,103.67,102.04,101.50,100.42,99.87,99.33,98.79,98.25,98.25,99.87,99.33,98.79,98.25,98.25,97.70,97.70,96.62,96.07,98.25,97.70,97.16,97.16,96.62,95.53,95.53,95.53,94.99"
Rec-G3_std_1,21,6,3249,core,316,317,0.0,5.0,0.9755,318,319,326,322,1.0,True,98.939,108.0149,95.5318,2.7246,98.2455,"108.01,105.30,103.13,102.04,100.96,100.42,99.87,99.33,98.79,102.04,102.04,100.96,99.87,98.79,98.79,98.25,98.25,98.25,98.79,98.79,98.25,98.25,97.70,97.70,97.16,97.16,96.62,97.16,97.16,96.62,96.62,96.07,96.07,95.53,95.53,95.53"
Rec-G3_std_1,21,7,3250,core,316,317,0.0,0.0,0.9755,318,319,326,322,1.0,True,98.939,108.0149,95.5318,2.7246,98.2455,"108.01,105.30,103.13,102.04,100.96,100.42,99.87,99.33,98.79,102.04,102.04,100.96,99.87,98.79,98.79,98.25,98.25,98.25,98.79,98.79,98.25,98.25,97.70,97.70,97.16,97.16,96.62,97.16,97.16,96.62,96.62,96.07,96.07,95.53,95.53,95.53"
Rec-G3_std_1,21,8,3251,core,325,317,0.0,9.0,0.9713,327,319,335,322,1.0,True,100.0999,108.0149,97.16,2.6009,99.6023,"108.01,106.39,104.22,103.13,102.04,102.04,101.50,101.50,100.96,103.13,102.04,101.50,100.96,100.96,100.42,99.87,99.87,99.87,99.33,99.33,99.33,98.79,98.79,98.79,98.25,98.25,98.25,97.70,97.70,97.70,97.16,97.16,97.16,97.16,97.16,97.16"
Rec-G3_std_1,21,9,3252,core,330,317,0.0,5.0,0.9714,332,319,340,322,1.0,True,101.1401,108.0149,98.2455,2.4607,100.9592,"108.01,106.93,105.30,103.67,103.13,103.13,103.13,103.13,102.04,103.13,103.13,102.04,102.04,101.50,101.50,101.50,101.50,101.50,100.42,100.42,99.87,100.42,99.87,99.87,99.87,99.87,99.87,98.25,98.25,98.25,98.25,98.25,98.25,98.25,98.25,98.25"
Rec-G3_std_1,21,10,3253,core,335,317,0.0,5.0,0.9719,337,319,345,322,1.0,True,102.2558,108.5576,98.7882,2.4383,101.7733,"108.56,107.47,105.84,105.30,105.30,105.30,104.22,103.67,103.67,104.22,103.13,103.13,103.13,103.13,103.13,103.13,102.04,102.04,101.50,101.50,101.50,101.50,101.50,100.96,100.96,100.96,100.96,99.33,99.33,99.33,99.33,99.33,99.33,99.33,99.33,98.79"
Rec-G3_std_1,21,11,3254,core,340,316,11.31,5.1,0.9723,342,318,350,321,1.0,True,105.256,116.6988,100.9592,3.3661,104.7584,"116.70,112.90,110.73,109.10,107.47,106.93,105.84,105.30,105.30,109.64,108.56,107.47,106.39,105.84,105.30,105.30,104.22,103.67,105.30,105.30,104.22,104.22,103.67,103.67,103.13,103.13,103.13,102.04,102.04,102.04,102.04,102.04,102.04,102.04,101.50,100.96"
Rec-G3_std_1,21,12,3255,core,345,316,0.0,5.0,0.9736,347,318,355,321,1.0,True,105.06,116.1561,98.7882,3.5508,104.7584,"116.16,112.90,110.73,109.10,107.47,106.39,105.84,105.30,103.67,110.19,108.56,107.47,106.39,105.84,105.30,105.30,103.67,103.13,105.84,105.30,105.30,104.22,103.67,103.13,103.13,102.04,100.96,103.13,103.13,103.13,102.04,102.04,102.04,100.96,99.87,98.79"
Rec-G3_std_1,21,13,3256,core,350,316,0.0,5.0,0.9728,352,318,360,321,1.0,True,102.0598,115.0706,92.2753,5.0825,102.0447,"115.07,111.81,109.64,107.47,105.30,103.67,102.04,99.87,97.16,109.10,108.01,106.39,105.30,103.13,102.04,100.42,98.25,95.53,105.30,105.30,103.67,103.13,101.50,99.87,98.25,96.07,94.45,103.13,102.04,101.50,100.42,98.79,97.70,96.07,94.45,92.28"
Rec-G3_std_1,21,14,3257,core,354,316,0.0,4.0,0.9751,356,318,364,321,0.7778,False,94.1749,113.9851,75.9929,10.4927,96.0745,"113.99,110.73,107.47,103.67,100.42,96.62,90.10,80.88,75.99,108.01,105.30,103.13,100.96,98.25,94.99,89.02,80.88,75.99,103.13,101.50,99.87,98.25,95.53,93.36,86.85,79.79,75.99,100.42,98.79,97.70,95.53,94.45,91.19,85.76,79.79,75.99"
Rec-G3_std_1,21,15,3258,core,359,316,0.0,5.0,0.9773,361,318,369,321,0.2222,False,79.8826,105.3012,72.7365,8.6428,75.7216,"105.30,96.07,85.22,79.79,75.99,74.36,73.82,73.28,72.74,98.79,91.73,83.05,78.16,75.99,74.36,73.82,73.28,72.74,94.99,88.48,80.88,77.62,75.45,74.36,73.82,73.28,72.74,92.28,86.85,80.33,77.08,75.45,73.82,73.82,73.28,72.74"
Rec-G3_std_1,22,1,3344,core,293,317,0.0,0.0,0.9788,295,319,303,322,1.0,True,97.5218,103.1302,91.7325,2.5521,97.7027,"103.13,103.13,102.04,100.96,100.42,99.87,99.33,99.33,98.79,97.16,98.25,98.25,98.25,98.25,98.25,98.25,98.25,98.25,93.36,95.53,95.53,96.62,97.16,97.70,97.70,97.70,97.16,91.73,93.36,94.45,94.99,95.53,95.53,95.53,95.53,95.53"
Rec-G3_std_1,22,2,3345,core,296,317,0.0,3.0,0.977,298,319,306,322,1.0,True,99.1048,107.4722,95.5318,2.6072,98.2455,"107.47,105.84,103.67,102.04,101.50,100.42,99.87,99.33,98.79,101.50,100.96,100.42,100.42,99.87,99.33,98.79,98.79,98.25,97.70,98.25,98.25,98.25,98.25,98.25,98.25,98.25,97.70,95.53,96.07,96.62,96.62,96.62,96.62,96.62,96.62,96.07"
Rec-G3_std_1,22,3,3346,core,301,317,0.0,5.0,0.9782,303,319,311,322,1.0,True,99.2707,108.0149,95.5318,2.5991,98.5169,"108.01,105.84,103.67,102.04,100.42,99.33,98.79,98.25,97.70,103.13,102.04,100.96,100.42,99.33,98.79,98.79,98.25,97.70,99.87,99.33,99.33,98.79,98.25,98.25,97.70,97.16,97.16,97.70,97.70,98.25,97.70,97.70,97.16,96.62,96.07,95.53"
Rec-G3_std_1,22,4,3347,core,306,317,0.0,5.0,0.9775,308,319,316,322,1.0,True,98.6073,106.3867,95.5318,2.3098,98.2455,"106.39,104.22,102.04,100.42,99.33,98.25,98.25,97.16,97.16,102.04,101.50,100.42,99.33,98.79,98.25,98.25,97.70,97.16,99.87,99.33,98.25,98.25,98.25,97.70,97.16,96.07,96.07,98.25,98.25,97.70,97.16,97.16,96.62,96.07,95.53,95.53"
Rec-G3_std_1,22,5,3348,core,311,317,0.0,5.0,0.9756,313,319,321,322,1.0,True,97.8083,105.3012,94.989,2.1552,97.4314,"105.30,103.13,100.42,99.33,98.25,97.70,97.16,96.62,96.07,101.50,100.42,99.33,98.25,98.25,97.70,97.16,96.62,96.07,98.79,98.25,98.25,97.70,97.16,96.62,96.62,96.07,95.53,97.70,97.70,96.62,96.62,96.62,95.53,95.53,95.53,94.99"
Rec-G3_std_1,22,6,3349,core,315,317,0.0,4.0,0.9754,317,319,325,322,1.0,True,98.0646,105.3012,95.5318,2.133,97.16,"105.30,103.67,101.50,99.87,98.79,98.25,97.70,97.16,96.62,101.50,100.42,99.33,98.79,98.25,97.70,97.16,97.16,96.62,98.79,98.25,98.25,97.70,97.16,97.16,96.62,96.62,96.07,97.16,97.16,97.16,96.62,96.62,96.07,96.07,95.53,95.53"
Rec-G3_std_1,22,7,3350,core,320,317,0.0,5.0,0.9753,322,319,330,322,1.0,True,97.8837,104.2157,95.5318,1.7772,97.4314,"104.22,102.04,100.96,99.33,98.79,98.25,97.70,97.16,97.16,100.42,99.33,98.79,98.25,98.25,97.70,97.16,97.16,97.16,98.25,98.25,98.25,97.70,97.70,97.16,96.62,96.62,96.62,97.16,97.16,96.62,96.62,96.62,96.07,95.53,95.53,95.53"
Rec-G3_std_1,22,8,3351,core,325,317,0.0,5.0,0.9751,327,319,335,322,1.0,True,98.351,103.6729,96.6172,1.5018,98.2455,"103.67,102.04,100.96,99.87,98.79,98.25,98.25,98.25,98.25,100.42,99.87,98.79,98.79,98.25,98.25,98.25,98.25,98.25,98.25,98.25,98.25,98.25,97.70,97.70,97.70,97.70,97.70,97.16,97.16,97.16,97.16,96.62,96.62,96.62,96.62,96.62"
Rec-G3_std_1,22,9,3352,core,330,317,0.0,5.0,0.9732,332,319,340,322,1.0,True,99.1651,103.6729,97.7027,1.2908,99.0596,"103.67,102.04,101.50,100.42,99.87,99.87,99.33,99.33,99.33,100.96,99.87,99.87,99.33,99.33,99.33,99.33,99.33,99.33,98.79,98.79,98.79,98.25,98.25,98.79,98.25,98.25,98.25,98.25,98.25,97.70,97.70,98.25,98.25,97.70,97.70,97.70"
Rec-G3_std_1,22,10,3353,core,335,316,11.31,5.1,0.9719,337,318,345,321,1.0,True,101.7281,110.1859,99.8737,2.1344,101.502,"110.19,107.47,105.30,103.13,102.04,102.04,101.50,101.50,100.96,104.22,103.13,102.04,102.04,101.50,101.50,101.50,101.50,100.96,102.04,101.50,101.50,100.96,100.96,100.96,100.96,100.96,100.96,99.87,99.87,99.87,99.87,99.87,99.87,99.87,99.87,99.87"
Rec-G3_std_1,22,11,3354,core,339,316,0.0,4.0,0.9733,341,318,349,321,1.0,True,103.3865,112.8996,100.9592,2.5697,103.1302,"112.90,110.73,108.01,105.84,104.22,103.67,103.13,103.13,102.04,106.39,105.30,104.22,103.67,103.13,103.13,103.13,103.13,102.04,103.13,103.13,103.13,102.04,102.04,102.04,102.04,102.04,102.04,101.50,101.50,101.50,101.50,101.50,101.50,101.50,100.96,100.96"
Rec-G3_std_1,22,12,3355,core,344,316,0.0,5.0,0.9762,346,318,354,321,1.0,True,103.8388,112.8996,99.331,2.808,103.1302,"112.90,111.27,108.56,106.93,105.30,104.22,103.67,103.13,102.04,107.47,106.39,105.84,105.30,104.22,103.67,103.13,103.13,102.04,104.22,104.22,103.67,103.13,103.13,103.13,102.04,102.04,100.96,102.04,102.04,102.04,102.04,102.04,101.50,100.96,100.42,99.33"
Rec-G3_std_1,22,13,3356,core,349,316,0.0,5.0,0.9778,351,318,359,321,1.0,True,101.6678,112.8996,94.4463,4.1744,101.502,"112.90,110.73,108.01,105.84,103.67,102.04,100.96,98.25,96.07,107.47,106.39,105.30,103.67,103.13,101.50,99.87,98.25,96.07,104.22,103.67,103.13,102.04,101.50,100.42,98.79,97.16,95.53,102.04,102.04,101.50,100.96,99.87,98.79,97.70,96.07,94.45"
Rec-G3_std_1,22,14,3357,core,354,316,0.0,5.0,0.9782,356,318,364,321,0.7778,False,92.1698,110.1859,74.9074,9.8618,94.989,"110.19,106.39,103.13,98.79,95.53,91.73,85.76,78.71,74.91,105.30,103.13,100.42,98.25,95.53,92.28,86.31,78.71,75.45,102.04,100.42,98.25,96.62,94.45,91.73,85.76,78.71,75.45,99.87,98.25,97.16,95.53,93.36,90.65,85.22,78.71,75.45"
Rec-G3_std_1,22,15,3358,core,358,316,0.0,4.0,0.9787,360,318,368,321,0.3333,False,81.5561,103.6729,72.1937,9.5452,76.8071,"103.67,98.79,91.19,81.96,77.62,74.91,73.82,72.74,72.19,99.33,95.53,89.56,80.88,77.08,74.91,73.82,73.28,72.19,96.07,93.36,87.93,80.33,76.54,74.91,73.82,73.28,72.19,94.45,92.28,86.31,79.79,76.54,74.91,73.82,73.28,72.74"
Rec-G3_std_1,22,16,3359,core,361,316,0.0,3.0,0.983,363,318,371,321,0.0,False,75.4653,87.9333,71.651,3.7981,73.822,"87.93,83.05,78.71,75.99,74.36,73.82,72.74,72.19,71.65,84.13,78.71,76.54,74.91,73.82,73.82,72.74,72.74,72.19,81.42,77.62,75.99,74.36,73.82,73.28,72.74,72.74,72.19,80.88,77.08,75.45,74.36,73.82,73.28,72.74,72.74,72.19"
