specimen,layer_index,obs_index,frame_idx,frame_type,tip_x,tip_y,direction_deg,movement_px,confidence,roi_c0,roi_r0,roi_c1,roi_r1,roi_valid_frac,roi_complete,roi_mean_C,roi_max_C,roi_min_C,roi_std_C,roi_median_C,roi_pixels_raw
Rec-027_std_2,1,1,1125,core,290,331,0.0,0.0,0.984,292,333,296,334,1.0,True,102.7503,120.498,95.5318,7.7217,99.331,"120.50,111.81,106.93,103.13,100.42,98.25,98.25,97.16,95.53,95.53"
Rec-027_std_2,1,2,1126,core,293,331,0.0,3.0,0.9832,295,333,299,334,1.0,True,105.2469,123.2118,96.6172,7.7423,102.8588,"123.21,113.99,108.56,105.30,102.04,103.67,102.04,99.33,97.70,96.62"
Rec-027_std_2,1,3,1127,core,297,331,0.0,4.0,0.9817,299,333,303,334,1.0,True,106.9837,129.7247,96.6172,9.5574,104.2157,"129.72,117.78,110.19,105.30,102.04,106.39,103.13,100.42,98.25,96.62"
Rec-027_std_2,1,4,1128,core,302,331,0.0,5.0,0.9845,304,333,308,334,1.0,True,103.6187,121.5835,95.5318,7.5418,101.502,"121.58,111.81,106.39,102.04,99.33,103.67,100.96,98.25,96.62,95.53"
Rec-027_std_2,1,5,1129,core,306,331,0.0,4.0,0.9825,308,333,312,334,1.0,True,104.9212,125.9255,95.5318,8.7449,102.5874,"125.93,113.99,108.01,103.13,99.87,105.30,102.04,98.79,96.62,95.53"
Rec-027_std_2,1,6,1130,core,311,331,0.0,5.0,0.9854,313,333,317,334,1.0,True,101.8276,117.2416,94.4463,6.6081,100.1451,"117.24,109.64,103.67,100.42,98.25,102.04,99.87,97.16,95.53,94.45"
Rec-027_std_2,1,7,1131,core,315,331,0.0,4.0,0.9827,317,333,321,334,1.0,True,103.3473,121.5835,94.989,7.6648,101.502,"121.58,111.81,105.84,102.04,98.79,103.13,100.96,98.25,96.07,94.99"
Rec-027_std_2,1,8,1132,core,320,331,0.0,5.0,0.9855,322,333,326,334,1.0,True,102.099,116.6988,95.5318,6.1856,100.4165,"116.70,109.10,104.22,100.96,98.79,102.04,99.87,97.70,96.07,95.53"
Rec-027_std_2,1,9,1133,core,324,331,0.0,4.0,0.9823,326,333,330,334,1.0,True,104.1614,121.0408,96.6172,7.0576,102.3161,"121.04,111.81,106.39,103.13,100.42,104.22,101.50,98.79,97.70,96.62"
Rec-027_std_2,1,10,1134,core,329,331,0.0,5.0,0.9854,331,333,335,334,1.0,True,102.5874,115.6133,96.0745,5.7182,100.9592,"115.61,109.10,105.30,101.50,99.33,103.13,100.42,98.25,97.16,96.07"
Rec-027_std_2,1,11,1135,core,334,331,0.0,5.0,0.9821,336,333,340,334,1.0,True,101.3934,111.2714,96.0745,4.3677,100.1451,"111.27,106.39,103.13,100.96,99.33,102.04,99.33,98.25,97.16,96.07"
Rec-027_std_2,1,12,1136,core,338,331,0.0,4.0,0.985,340,333,344,334,1.0,True,102.9674,115.0706,96.6172,5.3014,101.502,"115.07,109.10,105.30,102.04,100.42,103.13,100.96,98.79,98.25,96.62"
Rec-027_std_2,1,13,1137,core,343,331,0.0,5.0,0.9822,345,333,349,334,1.0,True,101.0135,110.7286,95.5318,4.3788,99.8737,"110.73,105.84,103.13,100.42,98.79,102.04,99.33,97.70,96.62,95.53"
Rec-027_std_2,1,14,1138,core,347,331,0.0,4.0,0.984,349,333,353,334,1.0,True,99.5481,111.2714,92.2753,5.4556,98.2455,"111.27,105.84,102.04,98.25,95.53,101.50,98.25,96.07,94.45,92.28"
Rec-027_std_2,1,15,1139,core,355,331,0.0,8.0,0.9817,357,333,361,334,0.2,False,83.1572,95.5318,77.0784,5.7017,81.4204,"95.53,88.48,83.59,79.79,77.62,88.48,83.05,79.79,78.16,77.08"
Rec-027_std_2,2,1,1285,core,290,331,0.0,0.0,0.984,292,333,296,334,1.0,True,103.3473,123.7545,95.5318,8.5754,99.6024,"123.75,112.90,107.47,103.13,100.42,98.79,98.79,97.16,95.53,95.53"
Rec-027_std_2,2,2,1286,core,294,331,0.0,4.0,0.981,296,333,300,334,1.0,True,103.1302,117.7843,95.5318,6.549,101.502,"117.78,111.27,105.84,102.04,99.87,103.13,100.96,98.25,96.62,95.53"
Rec-027_std_2,2,3,1287,core,298,331,0.0,4.0,0.9844,300,333,304,334,1.0,True,104.9212,124.2973,95.5318,8.2385,102.5874,"124.30,113.99,108.01,103.13,100.42,105.30,102.04,99.33,97.16,95.53"
Rec-027_std_2,2,4,1288,core,302,331,0.0,4.0,0.9814,304,333,308,334,1.0,True,106.3324,129.182,96.0745,9.5173,103.6729,"129.18,116.70,109.64,104.22,100.96,105.84,103.13,99.87,97.70,96.07"
Rec-027_std_2,2,5,1289,core,307,331,0.0,5.0,0.9855,309,333,313,334,1.0,True,103.0217,120.498,94.989,7.3733,101.2306,"120.50,111.27,105.30,101.50,98.25,103.13,100.96,98.25,96.07,94.99"
Rec-027_std_2,2,6,1290,core,312,331,0.0,5.0,0.9829,314,333,318,334,1.0,True,100.8507,113.9851,94.4463,5.7068,99.0596,"113.99,107.47,103.13,99.33,97.70,101.50,98.79,96.62,95.53,94.45"
Rec-027_std_2,2,7,1291,core,321,331,0.0,9.0,0.9842,323,333,327,334,1.0,True,101.719,113.9851,95.5318,5.3023,100.4165,"113.99,108.01,103.13,100.96,98.79,102.04,99.87,98.25,96.62,95.53"
Rec-027_std_2,2,8,1292,core,330,331,0.0,9.0,0.9848,332,333,336,334,1.0,True,102.5874,113.9851,96.6172,5.0215,101.2306,"113.99,108.56,104.22,102.04,100.42,103.13,100.42,98.79,97.70,96.62"
Rec-027_std_2,2,9,1293,core,334,331,0.0,4.0,0.9862,336,333,340,334,1.0,True,104.1614,116.6988,98.2455,5.5107,102.5874,"116.70,110.73,106.39,103.13,102.04,104.22,102.04,99.87,98.25,98.25"
Rec-027_std_2,2,10,1294,core,339,331,0.0,5.0,0.9851,341,333,345,334,1.0,True,102.9131,112.8996,97.7027,4.5552,101.502,"112.90,108.56,105.30,102.04,100.96,103.13,100.96,99.33,98.25,97.70"
Rec-027_std_2,2,11,1295,core,343,331,0.0,4.0,0.985,345,333,349,334,1.0,True,103.0759,115.0706,96.6172,5.3918,101.7733,"115.07,109.64,105.30,102.04,99.87,103.67,101.50,99.33,97.70,96.62"
Rec-027_std_2,2,12,1296,core,352,331,0.0,9.0,0.9828,354,333,358,334,0.8,False,91.5154,107.4722,78.7067,9.1504,92.5467,"107.47,102.04,94.99,85.22,80.33,98.25,94.99,90.10,83.05,78.71"
Rec-027_std_2,2,13,1297,core,355,331,0.0,3.0,0.9813,357,333,361,334,0.2,False,83.5914,96.6172,77.0784,5.8807,81.9631,"96.62,88.48,84.13,80.33,78.16,89.02,83.59,80.33,78.16,77.08"
Rec-027_std_2,3,1,1450,core,291,331,0.0,1.0,0.9837,293,333,297,334,1.0,True,104.3242,123.2118,96.0745,7.9315,101.7733,"123.21,112.90,108.01,103.67,101.50,102.04,100.42,98.25,97.16,96.07"
Rec-027_std_2,3,2,1451,core,295,331,0.0,4.0,0.9828,297,333,301,334,1.0,True,106.7123,128.6392,96.6172,9.1278,104.2157,"128.64,116.70,109.64,105.30,102.04,105.84,103.13,100.96,98.25,96.62"
Rec-027_std_2,3,3,1452,core,300,331,0.0,5.0,0.9848,302,333,306,334,1.0,True,104.4871,122.669,95.5318,7.7377,102.5874,"122.67,112.90,106.93,103.13,100.42,105.30,102.04,98.79,97.16,95.53"
Rec-027_std_2,3,4,1453,core,304,331,0.0,4.0,0.9841,306,333,310,334,1.0,True,105.1383,126.4682,95.5318,8.7584,102.5874,"126.47,113.99,108.01,103.13,100.42,105.30,102.04,99.33,97.16,95.53"
Rec-027_std_2,3,5,1454,core,309,331,0.0,5.0,0.9859,311,333,315,334,1.0,True,102.4246,117.7843,94.989,6.6563,100.9592,"117.78,110.19,104.22,101.50,98.79,103.13,100.42,97.70,95.53,94.99"
Rec-027_std_2,3,6,1455,core,318,331,0.0,9.0,0.9864,320,333,324,334,1.0,True,101.7191,116.1561,94.989,6.0981,99.8737,"116.16,108.56,103.67,100.42,98.25,102.04,99.33,97.70,96.07,94.99"
Rec-027_std_2,3,7,1456,core,322,331,0.0,4.0,0.9836,324,333,328,334,1.0,True,103.6729,120.498,96.0745,7.089,101.502,"120.50,111.81,105.84,102.04,99.87,103.67,100.96,98.79,97.16,96.07"
Rec-027_std_2,3,8,1457,core,327,331,0.0,5.0,0.9862,329,333,333,334,1.0,True,102.3703,115.0706,96.0745,5.4879,100.9592,"115.07,108.56,104.22,101.50,99.33,103.13,100.42,98.25,97.16,96.07"
Rec-027_std_2,3,9,1458,core,331,331,0.0,4.0,0.9832,333,333,337,334,1.0,True,103.9443,117.7843,97.16,5.9714,102.5874,"117.78,110.73,106.39,103.13,100.96,103.67,102.04,99.33,98.25,97.16"
Rec-027_std_2,3,10,1459,core,336,331,0.0,5.0,0.9863,338,333,342,334,1.0,True,102.696,113.9851,97.16,4.9375,101.502,"113.99,108.56,104.22,102.04,100.42,103.13,100.96,98.79,97.70,97.16"
Rec-027_std_2,3,11,1460,core,341,331,0.0,5.0,0.9828,343,333,347,334,1.0,True,101.6648,110.7286,96.6172,4.1409,100.6878,"110.73,106.93,103.13,101.50,99.87,102.04,99.87,98.25,97.70,96.62"
Rec-027_std_2,3,12,1461,core,345,331,0.0,4.0,0.9854,347,333,351,334,1.0,True,101.6648,112.8996,95.5318,5.0917,100.6878,"112.90,108.01,103.67,100.96,98.25,102.04,100.42,98.25,96.62,95.53"
Rec-027_std_2,3,13,1462,core,350,331,0.0,5.0,0.9809,352,333,356,334,1.0,True,96.1831,107.4722,87.9333,5.5392,95.2604,"107.47,102.04,98.25,94.45,90.10,99.33,96.07,94.45,91.73,87.93"
Rec-027_std_2,3,14,1463,core,354,331,0.0,4.0,0.9831,356,333,360,334,0.4,False,84.7854,100.9592,77.0784,7.4804,82.5059,"100.96,90.10,84.13,79.79,77.62,93.36,85.76,80.88,78.16,77.08"
Rec-027_std_2,4,1,1612,core,290,331,0.0,0.0,0.9849,292,333,296,334,1.0,True,103.1845,121.5835,95.5318,7.8892,99.8737,"121.58,111.81,107.47,103.67,100.96,98.79,98.79,97.70,95.53,95.53"
Rec-027_std_2,4,2,1613,core,293,331,0.0,3.0,0.9841,295,333,299,334,1.0,True,105.6811,124.84,96.6172,8.1919,103.1302,"124.84,115.07,109.10,105.30,101.50,104.22,102.04,99.87,98.25,96.62"
Rec-027_std_2,4,3,1614,core,298,331,0.0,5.0,0.9824,300,333,304,334,1.0,True,102.9674,117.7843,95.5318,6.3991,101.502,"117.78,110.19,105.30,102.04,99.87,103.13,100.96,98.25,96.62,95.53"
Rec-027_std_2,4,4,1615,core,302,331,0.0,4.0,0.9854,304,333,308,334,1.0,True,104.3785,123.2118,95.5318,7.8915,102.5874,"123.21,112.90,106.93,103.13,99.87,104.22,102.04,98.79,97.16,95.53"
Rec-027_std_2,4,5,1616,core,307,331,0.0,5.0,0.9826,309,333,313,334,1.0,True,101.3391,113.9851,94.989,5.6719,99.8737,"113.99,108.56,103.13,100.42,98.25,102.04,99.33,97.16,95.53,94.99"
Rec-027_std_2,4,6,1617,core,311,331,0.0,4.0,0.9865,313,333,317,334,1.0,True,102.8046,118.8698,95.5318,6.7928,100.9592,"118.87,110.19,105.30,101.50,98.79,103.13,100.42,98.25,96.07,95.53"
Rec-027_std_2,4,7,1618,core,316,331,0.0,5.0,0.9841,318,333,322,334,1.0,True,100.9049,112.8996,94.989,5.2534,99.331,"112.90,106.93,103.13,99.87,98.25,101.50,98.79,97.16,95.53,94.99"
Rec-027_std_2,4,8,1619,core,320,331,0.0,4.0,0.9864,322,333,326,334,1.0,True,102.8045,117.7843,95.5318,6.4548,100.9592,"117.78,110.19,105.30,101.50,99.33,103.13,100.42,98.25,96.62,95.53"
Rec-027_std_2,4,9,1620,core,325,331,0.0,5.0,0.984,327,333,331,334,1.0,True,101.4477,111.8141,96.0745,4.6082,100.1451,"111.81,106.93,103.13,100.96,99.33,102.04,99.33,98.25,96.62,96.07"
Rec-027_std_2,4,10,1621,core,329,331,0.0,4.0,0.9865,331,333,335,334,1.0,True,103.1302,116.1561,96.6172,5.656,101.502,"116.16,109.64,105.30,102.04,99.87,103.67,100.96,99.33,97.70,96.62"
Rec-027_std_2,4,11,1622,core,338,331,0.0,9.0,0.9862,340,333,344,334,1.0,True,102.9674,113.9851,97.16,4.9509,101.502,"113.99,109.10,105.30,102.04,100.42,103.13,100.96,99.33,98.25,97.16"
Rec-027_std_2,4,12,1623,core,343,331,0.0,5.0,0.9849,345,333,349,334,1.0,True,101.0135,110.1859,95.5318,4.2212,99.8737,"110.19,105.84,103.13,100.42,98.79,102.04,99.33,98.25,96.62,95.53"
Rec-027_std_2,4,13,1624,core,347,331,0.0,4.0,0.9847,349,333,353,334,1.0,True,100.1994,111.8141,93.3608,5.28,98.7882,"111.81,106.39,102.04,98.79,96.07,102.04,98.79,97.16,95.53,93.36"
Rec-027_std_2,4,14,1625,core,355,331,0.0,8.0,0.9831,357,333,361,334,0.2,False,82.9943,95.5318,77.0784,5.6999,81.4204,"95.53,87.93,83.05,79.79,77.62,88.48,83.05,79.79,77.62,77.08"
Rec-027_std_2,5,1,1767,core,291,331,0.0,1.0,0.9833,293,333,297,334,1.0,True,104.3785,121.0408,97.16,7.2413,102.0447,"121.04,112.90,108.01,104.22,102.04,102.04,100.42,98.25,97.70,97.16"
Rec-027_std_2,5,2,1768,core,304,331,0.0,13.0,0.9855,306,333,310,334,1.0,True,105.7896,125.3828,96.0745,8.3429,103.4016,"125.38,115.07,109.10,103.67,100.96,105.84,103.13,100.42,98.25,96.07"
Rec-027_std_2,5,3,1769,core,309,331,0.0,5.0,0.9841,311,333,315,334,1.0,True,102.9674,117.2416,95.5318,6.3899,101.7733,"117.24,110.73,105.30,102.04,98.79,103.67,101.50,98.25,96.62,95.53"
Rec-027_std_2,5,4,1770,core,322,331,0.0,13.0,0.9864,324,333,328,334,1.0,True,103.4016,119.4126,96.0745,6.7101,101.502,"119.41,110.73,105.84,102.04,99.87,103.13,100.96,98.79,97.16,96.07"
Rec-027_std_2,5,5,1771,core,327,331,0.0,5.0,0.9858,329,333,333,334,1.0,True,102.3703,113.9851,96.6172,5.1501,100.9592,"113.99,108.56,104.22,101.50,99.87,103.13,100.42,98.25,97.16,96.62"
Rec-027_std_2,5,6,1772,core,331,331,0.0,4.0,0.9866,333,333,337,334,1.0,True,104.8127,117.7843,98.2455,5.7667,103.4016,"117.78,111.81,106.93,103.67,102.04,105.30,103.13,100.42,98.79,98.25"
Rec-027_std_2,5,7,1773,core,336,331,0.0,5.0,0.9861,338,333,342,334,1.0,True,103.6187,113.9851,98.2455,4.7715,102.5874,"113.99,109.64,105.84,103.13,101.50,103.67,102.04,99.87,98.25,98.25"
Rec-027_std_2,5,8,1774,core,345,331,0.0,9.0,0.9853,347,333,351,334,1.0,True,102.8588,112.8996,96.6172,4.8011,101.7733,"112.90,109.10,105.30,102.04,99.87,103.67,101.50,99.33,98.25,96.62"
Rec-027_std_2,5,9,1775,core,354,331,0.0,9.0,0.9833,356,333,360,334,0.4,False,84.8397,100.9592,77.0784,7.618,82.2345,"100.96,90.10,83.59,79.79,77.62,94.45,85.76,80.88,78.16,77.08"
Rec-027_std_2,6,1,1910,core,290,331,0.0,0.0,0.9857,292,333,296,334,1.0,True,103.7272,121.0408,96.0745,7.6696,100.6878,"121.04,112.90,108.01,104.22,102.04,98.79,99.33,98.25,96.62,96.07"
Rec-027_std_2,6,2,1911,core,293,331,0.0,3.0,0.9822,295,333,299,334,1.0,True,108.3948,131.3529,98.2455,9.5346,105.3012,"131.35,118.87,111.81,107.47,103.67,106.39,104.22,102.04,99.87,98.25"
Rec-027_std_2,6,3,1912,core,302,331,0.0,9.0,0.9839,304,333,308,334,1.0,True,107.3093,128.6392,97.16,9.0332,104.7584,"128.64,117.24,110.73,105.30,102.04,107.47,104.22,101.50,98.79,97.16"
Rec-027_std_2,6,4,1913,core,316,331,0.0,14.0,0.9874,318,333,322,334,1.0,True,102.2075,116.6988,95.5318,6.2264,100.6878,"116.70,109.64,104.22,100.96,98.25,102.04,100.42,98.25,96.07,95.53"
Rec-027_std_2,6,5,1914,core,321,331,0.0,5.0,0.9839,323,333,327,334,1.0,True,100.6878,111.8141,95.5318,4.8438,99.331,"111.81,106.39,102.04,99.87,98.25,101.50,98.79,97.16,95.53,95.53"
Rec-027_std_2,6,6,1915,core,325,331,0.0,4.0,0.9874,327,333,331,334,1.0,True,102.696,115.6133,96.6172,5.6289,100.9592,"115.61,109.10,105.30,101.50,99.87,103.13,100.42,98.25,97.16,96.62"
Rec-027_std_2,6,7,1916,core,334,331,0.0,9.0,0.9872,336,333,340,334,1.0,True,103.2387,113.9851,98.2455,4.786,101.7733,"113.99,109.10,105.30,102.04,100.96,103.67,101.50,99.33,98.25,98.25"
Rec-027_std_2,6,8,1917,core,343,331,0.0,9.0,0.9863,345,333,349,334,1.0,True,103.3473,113.9851,97.7027,4.7885,102.3161,"113.99,109.10,105.30,103.13,100.96,103.67,101.50,99.87,98.25,97.70"
Rec-027_std_2,6,9,1918,core,348,331,0.0,5.0,0.9831,350,333,354,334,1.0,True,99.6023,109.6431,93.3608,4.7517,98.5169,"109.64,105.30,101.50,98.25,95.53,101.50,98.79,97.16,94.99,93.36"
Rec-027_std_2,6,10,1919,core,352,331,0.0,4.0,0.9844,354,333,358,334,0.8,False,91.624,106.9294,78.7067,9.178,93.0894,"106.93,102.04,94.99,85.22,79.79,98.79,95.53,91.19,83.05,78.71"
Rec-027_std_2,6,11,1920,core,355,331,0.0,3.0,0.9822,357,333,361,334,0.2,False,83.3743,96.0745,77.0784,5.9761,81.6918,"96.07,89.02,84.13,79.79,77.62,89.02,83.59,79.79,77.62,77.08"
Rec-027_std_2,6,12,1921,core,355,330,90.0,1.0,0.9917,357,332,361,333,0.2,False,86.3594,106.3867,77.6212,8.5003,84.1341,"106.39,92.28,86.31,81.42,78.71,93.36,86.85,81.96,78.71,77.62"
Rec-027_std_2,7,1,2058,core,290,331,0.0,0.0,0.9897,292,333,296,334,1.0,True,101.9361,115.0706,95.5318,6.2111,99.6023,"115.07,109.10,106.39,103.67,101.50,97.16,97.70,97.16,96.07,95.53"
Rec-027_std_2,7,2,2059,core,297,331,0.0,7.0,0.983,299,333,303,334,1.0,True,104.9755,119.4126,97.16,6.5184,103.4016,"119.41,112.90,108.01,103.67,101.50,105.30,103.13,100.42,98.25,97.16"
Rec-027_std_2,7,3,2060,core,301,331,0.0,4.0,0.9868,303,333,307,334,1.0,True,105.6811,123.7545,96.6172,7.7179,103.6729,"123.75,113.99,108.56,104.22,101.50,106.39,103.13,100.42,98.25,96.62"
Rec-027_std_2,7,4,2061,core,305,331,0.0,4.0,0.9839,307,333,311,334,1.0,True,106.3324,128.0965,96.0745,9.1125,103.6729,"128.10,116.16,109.64,104.22,100.96,106.39,103.13,100.42,98.25,96.07"
Rec-027_std_2,7,5,2062,core,310,331,0.0,5.0,0.9879,312,333,316,334,1.0,True,103.0216,118.8698,95.5318,6.7954,101.502,"118.87,110.73,105.30,102.04,99.33,103.13,100.96,98.25,96.07,95.53"
Rec-027_std_2,7,6,2063,core,315,331,0.0,5.0,0.9849,317,333,321,334,1.0,True,100.8507,112.8996,94.4463,5.3167,99.331,"112.90,106.93,103.13,99.87,98.25,101.50,98.79,97.16,95.53,94.45"
Rec-027_std_2,7,7,2064,core,319,331,0.0,4.0,0.9878,321,333,325,334,1.0,True,102.0447,116.1561,95.5318,6.0584,100.4165,"116.16,109.10,104.22,100.96,98.79,102.04,99.87,97.70,96.07,95.53"
Rec-027_std_2,7,8,2065,core,324,331,0.0,5.0,0.9853,326,333,330,334,1.0,True,101.122,111.8141,96.0745,4.6375,99.6024,"111.81,106.39,103.13,100.42,98.79,101.50,98.79,97.70,96.62,96.07"
Rec-027_std_2,7,9,2066,core,328,331,0.0,4.0,0.9877,330,333,334,334,1.0,True,103.293,115.6133,97.7027,5.3236,101.7733,"115.61,109.64,105.30,102.04,100.96,103.13,101.50,98.79,98.25,97.70"
Rec-027_std_2,7,10,2067,core,333,331,0.0,5.0,0.9857,335,333,339,334,1.0,True,102.696,111.8141,98.2455,4.0528,101.7733,"111.81,107.47,104.22,102.04,101.50,103.13,100.96,99.33,98.25,98.25"
Rec-027_std_2,7,11,2068,core,337,331,0.0,4.0,0.9872,339,333,343,334,1.0,True,104.4871,115.6133,98.7882,5.0112,102.8588,"115.61,110.73,106.39,103.67,102.04,105.30,102.04,100.96,99.33,98.79"
Rec-027_std_2,7,12,2069,core,342,331,0.0,5.0,0.9855,344,333,348,334,1.0,True,103.5644,112.8996,98.2455,4.3202,102.5874,"112.90,109.10,105.30,103.13,102.04,103.67,102.04,100.42,98.79,98.25"
Rec-027_std_2,7,13,2070,core,346,331,0.0,4.0,0.986,348,333,352,334,1.0,True,103.293,115.0706,96.6172,5.2959,102.0447,"115.07,109.64,105.30,102.04,99.87,104.22,102.04,99.87,98.25,96.62"
Rec-027_std_2,7,14,2071,core,351,331,0.0,5.0,0.9836,353,333,357,334,1.0,True,95.0976,108.0149,83.0486,7.5666,95.8031,"108.01,103.13,98.25,92.28,84.13,100.42,97.16,94.45,90.10,83.05"
Rec-027_std_2,7,15,2072,core,355,331,0.0,4.0,0.9838,357,333,361,334,0.2,False,82.6144,94.4463,76.5357,5.4209,81.149,"94.45,87.39,82.51,79.79,77.62,87.93,82.51,79.79,77.62,76.54"
Rec-027_std_2,8,1,2213,core,290,331,0.0,0.0,0.9861,292,333,296,334,1.0,True,104.5956,122.1263,97.16,7.7102,101.2306,"122.13,113.99,108.56,105.30,102.04,99.87,100.42,98.79,97.70,97.16"
Rec-027_std_2,8,2,2214,core,298,331,0.0,8.0,0.9862,300,333,304,334,1.0,True,106.1153,122.669,97.7027,7.1686,104.4871,"122.67,113.99,109.10,105.30,102.04,106.39,103.67,101.50,98.79,97.70"
Rec-027_std_2,8,3,2215,core,302,331,0.0,4.0,0.9863,304,333,308,334,1.0,True,106.7123,127.011,97.16,8.596,104.4871,"127.01,116.16,109.64,105.30,102.04,106.93,103.67,100.96,98.25,97.16"
Rec-027_std_2,8,4,2216,core,307,331,0.0,5.0,0.9872,309,333,313,334,1.0,True,102.9674,117.7843,95.5318,6.5267,101.502,"117.78,110.73,105.30,102.04,98.79,103.67,100.96,98.25,96.62,95.53"
Rec-027_std_2,8,5,2217,core,311,331,0.0,4.0,0.987,313,333,317,334,1.0,True,104.0529,121.5835,95.5318,7.4062,102.3161,"121.58,111.81,106.93,103.13,99.87,104.22,101.50,98.79,97.16,95.53"
Rec-027_std_2,8,6,2218,core,320,331,0.0,9.0,0.9862,322,333,326,334,1.0,True,103.2387,119.4126,95.5318,6.8815,101.502,"119.41,111.27,105.30,102.04,99.33,103.13,100.96,98.25,97.16,95.53"
Rec-027_std_2,8,7,2219,core,325,331,0.0,5.0,0.9875,327,333,331,334,1.0,True,102.2075,113.9851,96.6172,5.0801,100.9592,"113.99,108.01,104.22,101.50,99.87,102.04,100.42,98.25,97.16,96.62"
Rec-027_std_2,8,8,2220,core,329,331,0.0,4.0,0.9856,331,333,335,334,1.0,True,104.5956,118.8698,98.2455,6.0196,102.8588,"118.87,111.27,106.93,103.67,101.50,104.22,102.04,100.42,98.79,98.25"
Rec-027_std_2,8,9,2221,core,334,331,0.0,5.0,0.9877,336,333,340,334,1.0,True,103.7272,113.9851,98.2455,4.6717,102.5874,"113.99,109.64,105.84,103.13,101.50,103.67,102.04,100.42,98.79,98.25"
Rec-027_std_2,8,10,2222,core,338,331,0.0,4.0,0.9847,340,333,344,334,1.0,True,105.0841,117.7843,98.7882,5.504,103.6729,"117.78,111.27,107.47,104.22,102.04,105.30,103.13,100.96,99.87,98.79"
Rec-027_std_2,8,11,2223,core,343,331,0.0,5.0,0.9869,345,333,349,334,1.0,True,103.8358,113.9851,98.2455,4.5283,102.5874,"113.99,109.10,105.84,103.13,102.04,104.22,102.04,100.42,99.33,98.25"
Rec-027_std_2,8,12,2224,core,347,331,0.0,4.0,0.9829,349,333,353,334,1.0,True,103.89,116.1561,96.0745,5.7654,103.1302,"116.16,110.73,106.39,103.13,99.33,105.30,103.13,100.42,98.25,96.07"
Rec-027_std_2,8,13,2225,core,352,331,0.0,5.0,0.9848,354,333,358,334,0.8,False,92.8723,109.1004,79.7922,9.5636,94.1749,"109.10,103.13,96.07,85.76,80.33,100.42,97.70,92.28,84.13,79.79"
Rec-027_std_2,8,14,2226,core,355,331,0.0,3.0,0.9829,357,333,361,334,0.2,False,83.6999,97.16,77.0784,6.2016,82.2345,"97.16,89.02,84.13,80.33,77.62,89.56,84.13,80.33,77.62,77.08"
Rec-027_std_2,9,1,2367,core,290,331,0.0,0.0,0.9873,292,333,296,334,1.0,True,104.1071,120.498,97.7027,7.1213,101.2306,"120.50,111.81,108.01,105.30,103.13,98.79,99.33,98.79,97.70,97.70"
Rec-027_std_2,9,2,2368,core,301,331,0.0,11.0,0.9869,303,333,307,334,1.0,True,107.0922,126.4682,97.7027,8.2349,104.7584,"126.47,116.16,110.19,105.30,102.04,107.47,104.22,102.04,99.33,97.70"
Rec-027_std_2,9,3,2369,core,310,331,0.0,9.0,0.9876,312,333,316,334,1.0,True,103.8358,121.0408,95.5318,7.294,102.0447,"121.04,111.81,106.39,102.04,99.33,104.22,102.04,98.79,97.16,95.53"
Rec-027_std_2,9,4,2370,core,315,331,0.0,5.0,0.9872,317,333,321,334,1.0,True,101.1763,113.9851,94.4463,5.6778,99.6023,"113.99,108.01,103.13,99.87,98.25,102.04,99.33,97.16,95.53,94.45"
Rec-027_std_2,9,5,2371,core,324,331,0.0,9.0,0.9874,326,333,330,334,1.0,True,101.7733,113.9851,96.0745,5.1504,100.4165,"113.99,107.47,103.13,100.96,99.33,102.04,99.87,98.25,96.62,96.07"
Rec-027_std_2,9,6,2372,core,333,331,0.0,9.0,0.9876,335,333,339,334,1.0,True,103.7272,113.9851,98.2455,4.5048,102.5874,"113.99,109.10,105.30,103.13,102.04,103.67,102.04,100.42,99.33,98.25"
Rec-027_std_2,9,7,2373,core,337,331,0.0,4.0,0.9866,339,333,343,334,1.0,True,105.7354,117.7843,99.331,5.3056,104.4871,"117.78,111.81,108.01,105.30,103.13,105.84,103.67,102.04,100.42,99.33"
Rec-027_std_2,9,8,2374,core,342,331,0.0,5.0,0.9872,344,333,348,334,1.0,True,104.6499,113.9851,99.331,4.3202,103.6729,"113.99,110.19,106.39,104.22,102.04,105.30,103.13,101.50,100.42,99.33"
Rec-027_std_2,9,9,2375,core,346,331,0.0,4.0,0.9851,348,333,352,334,1.0,True,104.4328,116.6988,97.16,5.6727,103.1302,"116.70,111.27,106.93,103.13,100.42,105.84,103.13,100.96,98.79,97.16"
Rec-027_std_2,9,10,2376,core,351,331,0.0,5.0,0.9853,353,333,357,334,1.0,True,95.966,109.6431,83.0486,8.0275,96.8886,"109.64,104.22,99.33,93.36,84.13,101.50,98.25,95.53,90.65,83.05"
Rec-027_std_2,9,11,2377,core,355,331,0.0,4.0,0.9849,357,333,361,334,0.2,False,82.7773,94.4463,76.5357,5.4774,81.4204,"94.45,87.39,83.05,79.79,77.62,88.48,83.05,79.79,77.62,76.54"
Rec-027_std_2,10,1,2514,core,290,331,0.0,0.0,0.9827,292,333,296,334,1.0,True,106.8209,128.0965,97.7027,9.1491,103.1302,"128.10,117.24,111.27,107.47,104.22,101.50,102.04,100.42,98.25,97.70"
Rec-027_std_2,10,2,2515,core,304,331,0.0,14.0,0.9869,306,333,310,334,1.0,True,104.6499,120.498,96.6172,6.7954,103.1302,"120.50,111.81,107.47,103.13,100.42,105.30,103.13,99.87,98.25,96.62"
Rec-027_std_2,10,3,2516,core,313,331,0.0,9.0,0.9877,315,333,319,334,1.0,True,102.6417,116.1561,95.5318,6.0117,101.2306,"116.16,109.64,105.30,102.04,99.33,103.13,100.42,98.25,96.62,95.53"
Rec-027_std_2,10,4,2517,core,322,331,0.0,9.0,0.9884,324,333,328,334,1.0,True,102.3703,115.0706,96.0745,5.4879,100.9592,"115.07,108.56,104.22,101.50,99.33,103.13,100.42,98.25,97.16,96.07"
Rec-027_std_2,10,5,2518,core,326,331,0.0,4.0,0.9862,328,333,332,334,1.0,True,103.9443,117.7843,97.16,5.9517,102.3161,"117.78,110.73,106.39,103.13,100.96,103.67,101.50,99.87,98.25,97.16"
Rec-027_std_2,10,6,2519,core,331,331,0.0,5.0,0.9882,333,333,337,334,1.0,True,103.7272,113.9851,98.2455,4.6906,102.5874,"113.99,109.64,105.84,103.13,102.04,103.67,102.04,99.87,98.79,98.25"
Rec-027_std_2,10,7,2520,core,335,331,0.0,4.0,0.9855,337,333,341,334,1.0,True,105.8982,117.7843,99.8737,5.214,104.4871,"117.78,111.81,108.56,105.30,103.13,105.84,103.67,102.04,100.96,99.87"
Rec-027_std_2,10,8,2521,core,340,331,0.0,5.0,0.9879,342,333,346,334,1.0,True,105.464,115.6133,99.8737,4.5477,104.4871,"115.61,110.73,107.47,105.30,103.13,105.84,103.67,102.04,100.96,99.87"
Rec-027_std_2,10,9,2522,core,344,331,0.0,4.0,0.9838,346,333,350,334,1.0,True,106.3867,117.7843,99.8737,5.2733,105.0298,"117.78,112.90,109.10,105.84,103.13,106.93,104.22,103.13,100.96,99.87"
Rec-027_std_2,10,10,2523,core,349,331,0.0,5.0,0.9862,351,333,355,334,1.0,True,101.122,111.8141,94.4463,5.3402,100.1451,"111.81,108.01,103.13,99.33,96.07,103.67,100.96,98.25,95.53,94.45"
Rec-027_std_2,10,11,2524,core,353,331,0.0,4.0,0.982,355,333,359,334,0.6,False,90.4842,110.1859,78.1639,10.375,87.662,"110.19,101.50,89.56,83.05,79.79,100.96,94.99,85.76,80.88,78.16"
Rec-027_std_2,10,12,2525,core,355,330,26.57,2.24,0.9878,357,332,361,333,0.2,False,88.4761,112.8996,77.6212,10.1306,85.7624,"112.90,95.53,87.93,83.05,79.79,96.07,88.48,83.59,79.79,77.62"
Rec-027_std_2,11,1,2660,core,290,331,0.0,0.0,0.9861,292,333,296,334,1.0,True,105.3012,123.7545,97.7027,7.9582,102.0447,"123.75,113.99,109.64,106.39,103.13,100.42,100.96,98.79,98.25,97.70"
Rec-027_std_2,11,2,2661,core,294,331,0.0,4.0,0.9857,296,333,300,334,1.0,True,108.3948,128.0965,98.7882,8.3768,106.1153,"128.10,117.78,111.81,107.47,104.22,106.93,105.30,103.13,100.42,98.79"
Rec-027_std_2,11,3,2662,core,299,331,0.0,5.0,0.9872,301,333,305,334,1.0,True,105.9525,122.1263,97.7027,7.059,104.4871,"122.13,113.99,108.56,105.30,102.04,106.39,103.67,100.96,98.79,97.70"
Rec-027_std_2,11,4,2663,core,303,331,0.0,4.0,0.9871,305,333,309,334,1.0,True,107.038,126.4682,97.7027,8.2697,104.7584,"126.47,116.16,110.19,105.30,102.04,107.47,104.22,101.50,99.33,97.70"
Rec-027_std_2,11,5,2664,core,308,331,0.0,5.0,0.9877,310,333,314,334,1.0,True,103.7272,117.7843,96.6172,6.2331,102.0447,"117.78,111.27,106.39,102.04,99.87,104.22,102.04,99.33,97.70,96.62"
Rec-027_std_2,11,6,2665,core,317,331,0.0,9.0,0.988,319,333,323,334,1.0,True,102.4789,115.6133,96.0745,5.6758,100.9592,"115.61,109.10,104.22,101.50,99.33,103.13,100.42,98.25,97.16,96.07"
Rec-027_std_2,11,7,2666,core,321,331,0.0,4.0,0.9869,323,333,327,334,1.0,True,103.89,119.4126,96.6172,6.6037,102.3161,"119.41,111.27,106.39,103.13,99.87,103.67,101.50,99.33,97.70,96.62"
Rec-027_std_2,11,8,2667,core,326,331,0.0,5.0,0.9881,328,333,332,334,1.0,True,102.5332,113.9851,97.16,4.9414,101.2306,"113.99,108.01,104.22,102.04,100.42,103.13,100.42,98.25,97.70,97.16"
Rec-027_std_2,11,9,2668,core,339,331,0.0,13.0,0.9851,341,333,345,334,1.0,True,106.1696,117.7843,99.8737,5.3189,105.0298,"117.78,112.90,108.56,105.84,103.13,106.39,104.22,102.04,100.96,99.87"
Rec-027_std_2,11,10,2669,core,344,331,0.0,5.0,0.9872,346,333,350,334,1.0,True,104.5413,113.9851,98.7882,4.4769,103.4016,"113.99,110.19,106.93,103.67,102.04,105.30,103.13,101.50,99.87,98.79"
Rec-027_std_2,11,11,2670,core,348,331,0.0,4.0,0.9837,350,333,354,334,1.0,True,103.5644,116.1561,95.5318,5.8847,102.5874,"116.16,110.19,105.84,102.04,98.25,105.84,103.13,100.42,98.25,95.53"
Rec-027_std_2,11,12,2671,core,355,330,8.13,7.07,0.9864,357,332,361,333,0.2,False,89.0731,115.0706,77.6212,10.7799,86.0337,"115.07,97.16,88.48,83.59,79.79,96.62,89.02,83.59,79.79,77.62"
Rec-027_std_2,12,1,2798,core,290,331,0.0,0.0,0.9884,292,333,296,334,1.0,True,103.7272,117.7843,97.16,6.6137,101.2306,"117.78,111.81,108.01,105.30,103.13,98.79,99.33,98.25,97.70,97.16"
Rec-027_std_2,12,2,2799,core,292,331,0.0,2.0,0.985,294,333,298,334,1.0,True,105.5725,119.4126,98.2455,6.3954,103.6729,"119.41,113.99,109.10,105.30,103.13,104.22,102.04,100.96,99.33,98.25"
Rec-027_std_2,12,3,2800,core,296,331,0.0,4.0,0.9864,298,333,302,334,1.0,True,108.7205,128.0965,99.331,8.2277,106.658,"128.10,117.78,111.81,107.47,104.22,108.56,105.84,103.13,100.96,99.33"
Rec-027_std_2,12,4,2801,core,301,331,0.0,5.0,0.9861,303,333,307,334,1.0,True,106.0067,121.5835,97.7027,6.904,104.4871,"121.58,113.99,108.56,105.30,102.04,106.93,103.67,101.50,98.79,97.70"
Rec-027_std_2,12,5,2802,core,305,331,0.0,4.0,0.9875,307,333,311,334,1.0,True,106.5495,124.84,97.7027,7.8165,104.4871,"124.84,115.07,109.64,105.30,102.04,106.93,103.67,101.50,98.79,97.70"
Rec-027_std_2,12,6,2803,core,310,331,0.0,5.0,0.9873,312,333,316,334,1.0,True,103.4558,117.2416,96.0745,6.1029,101.7733,"117.24,110.73,105.84,102.04,99.87,104.22,101.50,99.33,97.70,96.07"
Rec-027_std_2,12,7,2804,core,314,331,0.0,4.0,0.9879,316,333,320,334,1.0,True,103.89,119.4126,96.0745,6.7318,102.0447,"119.41,111.81,106.39,102.04,99.87,104.22,102.04,99.33,97.70,96.07"
Rec-027_std_2,12,8,2805,core,319,331,0.0,5.0,0.988,321,333,325,334,1.0,True,102.3161,113.9851,96.0745,5.2129,100.9592,"113.99,108.56,104.22,101.50,99.87,103.13,100.42,98.25,97.16,96.07"
Rec-027_std_2,12,9,2806,core,323,331,0.0,4.0,0.9879,325,333,329,334,1.0,True,104.7041,119.4126,98.2455,6.1951,102.5874,"119.41,111.81,106.93,103.13,102.04,104.22,102.04,100.42,98.79,98.25"
Rec-027_std_2,12,10,2807,core,328,331,0.0,5.0,0.9878,330,333,334,334,1.0,True,104.2157,115.6133,98.7882,4.9862,102.5874,"115.61,110.19,106.39,103.13,102.04,104.22,102.04,100.42,99.33,98.79"
Rec-027_std_2,12,11,2808,core,332,331,0.0,4.0,0.9872,334,333,338,334,1.0,True,106.4409,118.8698,100.4165,5.4946,105.0298,"118.87,112.90,109.10,105.84,103.67,106.39,104.22,102.04,100.96,100.42"
Rec-027_std_2,12,12,2809,core,337,331,0.0,5.0,0.9877,339,333,343,334,1.0,True,105.6268,116.1561,100.4165,4.6701,104.4871,"116.16,111.27,107.47,105.30,103.13,105.84,103.67,102.04,100.96,100.42"
Rec-027_std_2,12,13,2810,core,341,331,0.0,4.0,0.9856,343,333,347,334,1.0,True,106.5495,117.7843,100.4165,5.1205,105.0298,"117.78,112.90,109.10,105.84,103.67,106.93,104.22,103.13,101.50,100.42"
Rec-027_std_2,12,14,2811,core,346,331,0.0,5.0,0.9865,348,333,352,334,1.0,True,103.9443,113.9851,97.7027,4.7269,103.1302,"113.99,109.64,105.84,103.13,100.96,105.30,103.13,100.96,98.79,97.70"
Rec-027_std_2,12,15,2812,core,350,331,0.0,4.0,0.984,352,333,356,334,1.0,True,100.5793,113.9851,90.6471,6.7791,99.8737,"113.99,108.01,103.13,98.25,92.28,104.22,101.50,98.25,95.53,90.65"
Rec-027_std_2,12,16,2813,core,355,331,0.0,5.0,0.983,357,333,361,334,0.2,False,82.126,93.3608,76.5357,5.2231,80.3349,"93.36,86.31,81.96,78.71,77.62,87.93,82.51,78.71,77.62,76.54"
Rec-027_std_2,13,1,2936,core,290,331,0.0,0.0,0.9876,292,333,296,334,1.0,True,104.4871,121.5835,97.16,7.6188,100.9592,"121.58,113.99,108.56,105.30,102.04,99.87,99.87,98.79,97.70,97.16"
Rec-027_std_2,13,2,2937,core,293,331,0.0,3.0,0.9846,295,333,299,334,1.0,True,109.2089,130.8102,99.331,9.0128,106.1153,"130.81,118.87,112.90,108.56,105.30,106.93,105.30,103.13,100.96,99.33"
Rec-027_std_2,13,3,2938,core,298,331,0.0,5.0,0.988,300,333,304,334,1.0,True,107.4722,124.84,98.2455,7.5946,105.8439,"124.84,116.16,110.73,106.39,103.13,107.47,105.30,102.04,100.42,98.25"
Rec-027_std_2,13,4,2939,core,302,331,0.0,4.0,0.9866,304,333,308,334,1.0,True,108.232,129.182,98.2455,8.8725,106.1153,"129.18,117.78,111.81,106.93,103.13,108.01,105.30,102.04,99.87,98.25"
Rec-027_std_2,13,5,2940,core,316,331,0.0,14.0,0.9892,318,333,322,334,1.0,True,103.0216,117.2416,96.0745,6.1491,101.502,"117.24,110.19,105.30,102.04,99.33,103.13,100.96,98.79,97.16,96.07"
Rec-027_std_2,13,6,2941,core,325,331,0.0,9.0,0.9897,327,333,331,334,1.0,True,103.5644,116.1561,97.7027,5.4101,102.3161,"116.16,109.64,105.84,103.13,100.96,103.13,101.50,99.33,98.25,97.70"
Rec-027_std_2,13,7,2942,core,330,331,0.0,5.0,0.9866,332,333,336,334,1.0,True,103.3473,112.8996,98.7882,4.275,102.3161,"112.90,108.56,105.30,103.13,101.50,103.13,101.50,99.87,98.79,98.79"
Rec-027_std_2,13,8,2943,core,334,331,0.0,4.0,0.9894,336,333,340,334,1.0,True,106.0067,117.2416,100.4165,4.9509,104.4871,"117.24,111.81,108.56,105.30,103.67,105.84,103.67,102.04,101.50,100.42"
Rec-027_std_2,13,9,2944,core,339,331,0.0,5.0,0.9861,341,333,345,334,1.0,True,105.7354,115.0706,100.9592,4.1391,104.4871,"115.07,110.73,107.47,105.30,103.67,105.84,103.67,103.13,101.50,100.96"
Rec-027_std_2,13,10,2945,core,348,331,0.0,9.0,0.9842,350,333,354,334,1.0,True,102.4246,111.8141,95.5318,4.7131,101.502,"111.81,108.01,104.22,100.96,98.25,105.30,102.04,99.87,98.25,95.53"
Rec-027_std_2,13,11,2946,core,352,331,0.0,4.0,0.9859,354,333,358,334,0.8,False,93.5779,110.1859,79.7922,10.0142,95.2604,"110.19,104.22,97.16,86.31,80.33,102.04,98.25,93.36,84.13,79.79"
Rec-027_std_2,13,12,2947,core,355,330,18.43,3.16,0.9846,357,332,361,333,0.2,False,89.6158,116.6988,77.6212,11.2348,86.5765,"116.70,98.25,89.56,84.13,79.79,97.16,89.02,84.13,79.79,77.62"
Rec-027_std_2,14,1,3076,core,290,331,0.0,0.0,0.9892,292,333,296,334,1.0,True,104.3785,118.8698,98.2455,6.6253,101.7733,"118.87,111.81,109.10,105.84,103.13,99.33,100.42,98.79,98.25,98.25"
Rec-027_std_2,14,2,3077,core,291,331,0.0,1.0,0.984,293,333,297,334,1.0,True,108.4491,129.182,99.331,8.7643,105.3012,"129.18,117.78,112.90,108.56,105.30,105.30,103.67,102.04,100.42,99.33"
Rec-027_std_2,14,3,3078,core,296,331,0.0,5.0,0.988,298,333,302,334,1.0,True,108.232,125.3828,99.8737,7.4108,106.3867,"125.38,116.70,111.27,107.47,104.22,108.01,105.30,103.13,100.96,99.87"
Rec-027_std_2,14,4,3079,core,300,331,0.0,4.0,0.9857,302,333,306,334,1.0,True,109.806,131.3529,99.8737,8.9744,107.4722,"131.35,119.41,112.90,108.56,105.30,109.10,106.39,103.67,101.50,99.87"
Rec-027_std_2,14,5,3080,core,305,331,0.0,5.0,0.9889,307,333,311,334,1.0,True,106.3324,122.669,98.2455,7.0367,104.7584,"122.67,113.99,109.10,105.30,102.04,106.93,104.22,101.50,99.33,98.25"
Rec-027_std_2,14,6,3081,core,310,331,0.0,5.0,0.9859,312,333,316,334,1.0,True,103.6187,116.1561,96.6172,5.6532,102.0447,"116.16,110.19,105.84,102.04,100.42,105.30,102.04,99.33,98.25,96.62"
Rec-027_std_2,14,7,3082,core,314,331,0.0,4.0,0.9895,316,333,320,334,1.0,True,104.2157,118.8698,96.6172,6.348,102.5874,"118.87,111.27,106.39,103.13,100.42,105.30,102.04,99.87,98.25,96.62"
Rec-027_std_2,14,8,3083,core,323,331,0.0,9.0,0.9894,325,333,329,334,1.0,True,103.5101,117.2416,97.16,5.8104,101.7733,"117.24,110.19,105.30,102.04,100.42,103.67,101.50,99.33,98.25,97.16"
Rec-027_std_2,14,9,3084,core,328,331,0.0,5.0,0.9867,330,333,334,334,1.0,True,103.1302,112.8996,98.2455,4.4226,101.7733,"112.90,108.56,105.30,102.04,100.96,103.67,101.50,99.33,98.79,98.25"
Rec-027_std_2,14,10,3085,core,332,331,0.0,4.0,0.9895,334,333,338,334,1.0,True,105.2469,116.6988,99.331,5.0475,103.6729,"116.70,111.27,107.47,104.22,103.13,105.30,103.13,101.50,100.42,99.33"
Rec-027_std_2,14,11,3086,core,337,331,0.0,5.0,0.9874,339,333,343,334,1.0,True,105.0298,115.0706,100.4165,4.3301,103.6729,"115.07,110.19,106.39,104.22,103.13,105.30,103.13,101.50,100.96,100.42"
Rec-027_std_2,14,12,3087,core,341,331,0.0,4.0,0.9889,343,333,347,334,1.0,True,106.7666,117.7843,100.9592,4.9091,105.5725,"117.78,112.90,108.56,105.84,104.22,106.93,105.30,103.13,102.04,100.96"
Rec-027_std_2,14,13,3088,core,346,331,0.0,5.0,0.9866,348,333,352,334,1.0,True,104.8127,115.0706,98.7882,4.5954,103.6729,"115.07,110.19,106.39,103.67,102.04,105.84,103.67,102.04,100.42,98.79"
Rec-027_std_2,14,14,3089,core,350,331,0.0,4.0,0.9877,352,333,356,334,1.0,True,101.8276,115.0706,91.7325,6.6923,100.9592,"115.07,109.64,104.22,99.87,94.45,105.30,102.04,99.33,96.62,91.73"
Rec-027_std_2,14,15,3090,core,355,330,11.31,5.1,0.993,357,332,361,333,0.2,False,86.5765,106.3867,77.6212,8.678,84.1341,"106.39,92.28,85.76,81.42,78.71,95.53,86.85,82.51,78.71,77.62"
Rec-027_std_2,15,1,3212,core,290,331,0.0,0.0,0.9856,292,333,296,334,1.0,True,107.635,127.011,99.331,8.4885,104.2157,"127.01,117.78,111.81,108.56,105.30,102.04,103.13,101.50,99.87,99.33"
Rec-027_std_2,15,2,3213,core,299,331,0.0,9.0,0.9883,301,333,305,334,1.0,True,109.1004,127.011,99.8737,7.7405,107.2008,"127.01,117.78,111.81,108.01,105.30,109.64,106.39,103.67,101.50,99.87"
Rec-027_std_2,15,3,3214,core,303,331,0.0,4.0,0.9862,305,333,309,334,1.0,True,109.9145,131.8957,99.331,9.1537,107.4722,"131.90,119.41,112.90,108.01,105.30,110.19,106.93,103.67,101.50,99.33"
Rec-027_std_2,15,4,3215,core,312,331,0.0,9.0,0.9865,314,333,318,334,1.0,True,107.1465,126.4682,98.2455,8.1744,104.7584,"126.47,116.16,110.19,105.30,102.04,107.47,104.22,102.04,99.33,98.25"
Rec-027_std_2,15,5,3216,core,317,331,0.0,5.0,0.9895,319,333,323,334,1.0,True,104.27,119.4126,96.6172,6.569,102.5874,"119.41,111.81,106.39,103.13,99.87,105.30,102.04,99.87,98.25,96.62"
Rec-027_std_2,15,6,3217,core,326,331,0.0,9.0,0.9896,328,333,332,334,1.0,True,103.8358,117.2416,97.7027,5.6823,102.3161,"117.24,110.19,105.84,103.13,100.96,103.67,101.50,99.87,98.25,97.70"
Rec-027_std_2,15,7,3218,core,331,331,0.0,5.0,0.9869,333,333,337,334,1.0,True,103.3473,112.8996,98.7882,4.275,102.3161,"112.90,108.56,105.30,103.13,101.50,103.13,101.50,99.87,98.79,98.79"
Rec-027_std_2,15,8,3219,core,335,331,0.0,4.0,0.9895,337,333,341,334,1.0,True,105.4097,116.6988,99.8737,4.9732,104.2157,"116.70,111.27,107.47,105.30,103.13,105.30,103.13,101.50,100.42,99.87"
Rec-027_std_2,15,9,3220,core,340,331,0.0,5.0,0.9876,342,333,346,334,1.0,True,105.3012,113.9851,100.9592,3.9138,104.4871,"113.99,110.19,106.93,105.30,103.67,105.30,103.13,102.04,101.50,100.96"
Rec-027_std_2,15,10,3221,core,344,331,0.0,4.0,0.9884,346,333,350,334,1.0,True,106.7123,117.2416,100.9592,4.8435,105.5725,"117.24,112.90,109.10,105.84,103.67,106.93,105.30,103.13,102.04,100.96"
Rec-027_std_2,15,11,3222,core,349,331,0.0,5.0,0.9862,351,333,355,334,1.0,True,102.5874,112.8996,95.5318,5.1145,101.502,"112.90,109.10,104.22,100.96,98.25,105.30,102.04,99.87,97.70,95.53"
Rec-027_std_2,15,12,3223,core,353,331,0.0,4.0,0.9867,355,333,359,334,0.6,False,90.3757,110.1859,77.6212,10.8447,87.3906,"110.19,102.04,89.02,82.51,78.71,102.04,95.53,85.76,80.33,77.62"
Rec-027_std_2,15,13,3224,core,355,330,26.57,2.24,0.9871,357,332,361,333,0.2,False,89.5073,116.1561,77.6212,11.2007,86.5765,"116.16,97.70,89.02,83.05,79.79,98.25,89.56,84.13,79.79,77.62"
Rec-027_std_2,16,1,3354,core,290,331,0.0,0.0,0.9877,292,333,296,334,1.0,True,105.5183,122.1263,98.7882,7.3709,102.5874,"122.13,113.99,109.64,106.93,104.22,99.87,100.96,99.87,98.79,98.79"
Rec-027_std_2,16,2,3355,core,292,331,0.0,2.0,0.985,294,333,298,334,1.0,True,110.2944,131.8957,100.9592,9.0877,106.9294,"131.90,120.50,113.99,110.19,106.93,106.93,105.84,103.67,102.04,100.96"
Rec-027_std_2,16,3,3356,core,297,331,0.0,5.0,0.9872,299,333,303,334,1.0,True,109.2089,127.011,100.4165,7.6247,107.2008,"127.01,117.78,111.81,108.01,105.30,109.64,106.39,103.67,102.04,100.42"
Rec-027_std_2,16,4,3357,core,301,331,0.0,4.0,0.987,303,333,307,334,1.0,True,110.6201,131.8957,100.4165,8.9998,108.0149,"131.90,120.50,113.99,108.56,105.30,110.73,107.47,105.30,102.04,100.42"
Rec-027_std_2,16,5,3358,core,306,331,0.0,5.0,0.9879,308,333,312,334,1.0,True,107.038,123.7545,98.2455,7.2566,105.3012,"123.75,115.07,109.64,105.30,103.13,108.01,105.30,102.04,99.87,98.25"
Rec-027_std_2,16,6,3359,core,310,331,0.0,4.0,0.9874,312,333,316,334,1.0,True,107.7435,127.5537,98.2455,8.3352,105.5725,"127.55,116.70,110.19,105.84,103.13,108.56,105.30,102.04,99.87,98.25"
Rec-027_std_2,16,7,3360,core,315,331,0.0,5.0,0.9893,317,333,321,334,1.0,True,104.5956,119.4126,97.16,6.3714,103.1302,"119.41,111.81,106.39,103.13,100.96,105.30,103.13,100.42,98.25,97.16"
Rec-027_std_2,16,8,3361,core,319,331,0.0,4.0,0.9872,321,333,325,334,1.0,True,106.4409,124.2973,98.2455,7.5769,104.2157,"124.30,115.07,109.10,105.30,102.04,106.39,103.13,101.50,99.33,98.25"
Rec-027_std_2,16,9,3362,core,324,331,0.0,5.0,0.9897,326,333,330,334,1.0,True,104.7584,117.7843,98.2455,5.6508,103.1302,"117.78,111.27,106.93,103.13,101.50,105.30,103.13,100.96,99.33,98.25"
Rec-027_std_2,16,10,3363,core,333,331,0.0,9.0,0.9901,335,333,339,334,1.0,True,105.7896,117.2416,99.8737,5.065,104.4871,"117.24,111.81,108.01,105.30,103.13,105.84,103.67,102.04,100.96,99.87"
Rec-027_std_2,16,11,3364,core,337,331,0.0,4.0,0.9865,339,333,343,334,1.0,True,107.6892,121.5835,100.9592,6.0933,105.8439,"121.58,115.07,110.19,106.39,104.22,108.01,105.30,103.13,102.04,100.96"
Rec-027_std_2,16,12,3365,core,342,331,0.0,5.0,0.9899,344,333,348,334,1.0,True,106.6038,117.2416,100.9592,4.6575,105.5725,"117.24,111.81,108.56,105.84,104.22,106.93,105.30,103.13,102.04,100.96"
Rec-027_std_2,16,13,3366,core,346,331,0.0,4.0,0.9856,348,333,352,334,1.0,True,107.0379,119.4126,99.331,5.7786,105.8439,"119.41,113.99,109.64,105.84,103.13,108.56,105.84,103.13,101.50,99.33"
Rec-027_std_2,16,14,3367,core,351,331,0.0,5.0,0.9884,353,333,357,334,1.0,True,97.8656,112.8996,83.5914,8.8454,99.0596,"112.90,106.93,101.50,94.99,84.68,103.67,100.96,97.16,92.28,83.59"
Rec-027_std_2,16,15,3368,core,355,331,0.0,4.0,0.9881,357,333,361,334,0.2,False,83.1572,96.0745,76.5357,5.9889,81.4204,"96.07,87.93,83.05,79.79,77.62,89.56,83.59,79.79,77.62,76.54"
Rec-027_std_2,17,1,3495,core,290,331,0.0,0.0,0.9881,292,333,296,334,1.0,True,106.1153,122.669,99.331,7.3911,103.4016,"122.67,113.99,110.73,108.01,105.30,100.42,101.50,99.87,99.33,99.33"
Rec-027_std_2,17,2,3496,core,296,331,0.0,6.0,0.9866,298,333,302,334,1.0,True,109.6974,127.5537,100.4165,7.8217,107.7435,"127.55,118.87,112.90,108.56,105.84,109.64,106.93,104.22,102.04,100.42"
Rec-027_std_2,17,3,3497,core,300,331,0.0,4.0,0.9853,302,333,306,334,1.0,True,111.3256,134.6094,100.4165,9.7527,108.829,"134.61,122.13,113.99,109.64,105.84,111.27,108.01,105.30,102.04,100.42"
Rec-027_std_2,17,4,3498,core,305,331,0.0,5.0,0.9875,307,333,311,334,1.0,True,107.4722,124.84,98.7882,7.579,105.5725,"124.84,116.16,110.19,105.84,103.13,108.56,105.30,102.04,99.87,98.79"
Rec-027_std_2,17,5,3499,core,309,331,0.0,4.0,0.9858,311,333,315,334,1.0,True,108.6662,129.7247,98.7882,8.8012,106.3867,"129.72,117.78,111.81,106.93,103.13,109.10,105.84,103.13,100.42,98.79"
Rec-027_std_2,17,6,3500,core,314,331,0.0,5.0,0.9887,316,333,320,334,1.0,True,105.0298,119.4126,97.7027,6.377,103.4016,"119.41,112.90,107.47,103.67,101.50,105.30,103.13,100.42,98.79,97.70"
Rec-027_std_2,17,7,3501,core,319,331,0.0,5.0,0.9857,321,333,325,334,1.0,True,103.89,116.1561,98.2455,5.352,102.5874,"116.16,110.19,105.84,103.13,100.96,104.22,102.04,99.87,98.25,98.25"
Rec-027_std_2,17,8,3502,core,323,331,0.0,4.0,0.9892,325,333,329,334,1.0,True,105.1926,119.4126,98.2455,6.072,103.4016,"119.41,111.81,107.47,103.67,102.04,105.84,103.13,100.96,99.33,98.25"
Rec-027_std_2,17,9,3503,core,328,331,0.0,5.0,0.9859,330,333,334,334,1.0,True,104.0529,115.0706,98.2455,4.879,102.5874,"115.07,109.64,105.84,103.13,101.50,105.30,102.04,100.42,99.33,98.25"
Rec-027_std_2,17,10,3504,core,332,331,0.0,4.0,0.9897,334,333,338,334,1.0,True,105.8439,117.2416,99.8737,5.0682,104.4871,"117.24,111.81,108.01,105.30,103.13,106.39,103.67,102.04,100.96,99.87"
Rec-027_std_2,17,11,3505,core,337,331,0.0,5.0,0.9864,339,333,343,334,1.0,True,105.6268,115.6133,100.9592,4.3229,104.4871,"115.61,110.73,106.93,105.30,103.67,105.84,103.67,102.04,101.50,100.96"
Rec-027_std_2,17,12,3506,core,346,331,0.0,9.0,0.9856,348,333,352,334,1.0,True,105.0841,115.0706,98.7882,4.6321,103.9443,"115.07,110.73,106.93,103.67,102.04,106.39,104.22,102.04,100.96,98.79"
Rec-027_std_2,17,13,3507,core,350,331,0.0,4.0,0.9877,352,333,356,334,1.0,True,101.4477,115.0706,91.7325,6.8971,100.4165,"115.07,109.64,103.67,98.79,93.36,105.30,102.04,98.79,96.07,91.73"
Rec-027_std_2,17,14,3508,core,354,331,0.0,4.0,0.9837,356,333,360,334,0.4,False,87.1192,107.4722,77.6212,9.3354,84.1341,"107.47,93.36,85.76,80.88,78.71,98.25,87.93,82.51,78.71,77.62"
Rec-027_std_2,18,1,3617,core,290,331,0.0,0.0,0.9875,292,333,296,334,1.0,True,106.1153,122.1263,99.331,7.1727,103.4016,"122.13,113.99,110.73,107.47,105.30,100.96,101.50,100.42,99.33,99.33"
Rec-027_std_2,18,2,3618,core,293,331,0.0,3.0,0.987,295,333,299,334,1.0,True,108.7205,125.3828,100.4165,7.2535,106.658,"125.38,117.24,111.81,108.56,105.84,107.47,105.30,103.13,102.04,100.42"
Rec-027_std_2,18,3,3619,core,297,331,0.0,4.0,0.9844,299,333,303,334,1.0,True,111.8141,134.6094,100.9592,9.5313,109.3718,"134.61,122.13,115.07,110.19,106.39,111.27,108.56,105.84,103.13,100.96"
Rec-027_std_2,18,4,3620,core,302,331,0.0,5.0,0.9882,304,333,308,334,1.0,True,108.2863,125.9255,99.331,7.6226,106.3867,"125.93,116.70,111.27,106.93,103.67,109.10,105.84,103.13,100.96,99.33"
Rec-027_std_2,18,5,3621,core,306,331,0.0,4.0,0.9858,308,333,312,334,1.0,True,109.2632,131.3529,98.7882,9.166,106.9294,"131.35,118.87,111.81,107.47,104.22,109.64,106.39,103.13,100.96,98.79"
Rec-027_std_2,18,6,3622,core,311,331,0.0,5.0,0.9889,313,333,317,334,1.0,True,105.7896,121.5835,98.2455,6.7197,103.9443,"121.58,112.90,108.01,104.22,102.04,106.93,103.67,101.50,98.79,98.25"
Rec-027_std_2,18,7,3623,core,315,331,0.0,4.0,0.9861,317,333,321,334,1.0,True,106.8751,125.3828,98.2455,7.8067,104.4871,"125.38,115.61,109.64,105.30,102.04,106.93,103.67,102.04,99.87,98.25"
Rec-027_std_2,18,8,3624,core,320,331,0.0,5.0,0.9897,322,333,326,334,1.0,True,105.3554,119.4126,98.2455,5.9921,103.6729,"119.41,111.81,108.01,104.22,102.04,105.30,103.13,101.50,99.87,98.25"
Rec-027_std_2,18,9,3625,core,324,331,0.0,4.0,0.9863,326,333,330,334,1.0,True,106.9837,123.7545,99.331,6.9312,105.0298,"123.75,113.99,109.64,105.84,103.13,106.93,104.22,102.04,100.96,99.33"
Rec-027_std_2,18,10,3626,core,329,331,0.0,5.0,0.9897,331,333,335,334,1.0,True,106.1153,118.8698,100.4165,5.4071,104.4871,"118.87,111.81,108.56,105.30,103.13,106.39,103.67,102.04,100.96,100.42"
Rec-027_std_2,18,11,3627,core,334,331,0.0,5.0,0.9866,336,333,340,334,1.0,True,105.8982,115.6133,100.9592,4.2421,104.7584,"115.61,110.73,107.47,105.30,103.67,106.39,104.22,103.13,101.50,100.96"
Rec-027_std_2,18,12,3628,core,338,331,0.0,4.0,0.9893,340,333,344,334,1.0,True,107.5807,118.8698,102.0447,4.8654,106.1153,"118.87,112.90,109.64,106.93,105.30,108.01,105.30,103.67,103.13,102.04"
Rec-027_std_2,18,13,3629,core,343,331,0.0,5.0,0.9867,345,333,349,334,1.0,True,106.5495,115.6133,101.502,4.2393,105.5725,"115.61,111.81,108.56,105.84,104.22,107.47,105.30,103.13,102.04,101.50"
Rec-027_std_2,18,14,3630,core,347,331,0.0,4.0,0.9883,349,333,353,334,1.0,True,105.5183,117.2416,98.2455,5.434,104.4871,"117.24,111.81,107.47,103.67,101.50,107.47,105.30,102.04,100.42,98.25"
Rec-027_std_2,18,15,3631,core,352,331,0.0,5.0,0.9849,354,333,358,334,0.8,False,92.9266,109.1004,78.7067,9.954,94.1749,"109.10,103.13,96.07,85.76,79.79,102.04,98.25,92.28,84.13,78.71"
Rec-027_std_2,18,16,3632,core,355,331,0.0,3.0,0.9869,357,333,361,334,0.2,False,83.32,96.6172,76.5357,6.1512,81.6918,"96.62,88.48,83.59,79.79,77.62,89.56,83.59,79.79,77.62,76.54"
Rec-027_std_2,19,1,3745,core,291,331,0.0,1.0,0.9857,293,333,297,334,1.0,True,107.2008,122.1263,100.4165,6.6483,104.7584,"122.13,115.07,111.27,107.47,105.30,104.22,103.13,102.04,100.96,100.42"
Rec-027_std_2,19,2,3746,core,295,331,0.0,4.0,0.9875,297,333,301,334,1.0,True,110.403,128.0965,101.502,7.6417,108.5576,"128.10,119.41,112.90,109.64,106.39,110.19,107.47,105.30,103.13,101.50"
Rec-027_std_2,19,3,3747,core,300,331,0.0,5.0,0.9855,302,333,306,334,1.0,True,108.1234,123.7545,99.8737,6.8944,106.3867,"123.75,116.16,110.73,106.93,104.22,109.10,105.84,103.13,101.50,99.87"
Rec-027_std_2,19,4,3748,core,304,331,0.0,4.0,0.9887,306,333,310,334,1.0,True,107.9606,125.3828,99.331,7.4554,106.1153,"125.38,116.16,110.73,106.39,103.13,108.56,105.84,103.13,100.96,99.33"
Rec-027_std_2,19,5,3749,core,309,331,0.0,5.0,0.9864,311,333,315,334,1.0,True,104.7584,118.8698,97.7027,6.1548,103.1302,"118.87,111.81,106.93,103.13,100.96,105.84,103.13,100.42,98.79,97.70"
Rec-027_std_2,19,6,3750,core,313,331,0.0,4.0,0.9894,315,333,319,334,1.0,True,105.2469,120.498,97.7027,6.5914,103.4016,"120.50,112.90,107.47,103.67,101.50,105.84,103.13,100.96,98.79,97.70"
Rec-027_std_2,19,7,3751,core,318,331,0.0,5.0,0.9874,320,333,324,334,1.0,True,103.89,116.1561,98.2455,5.352,102.5874,"116.16,110.19,105.84,103.13,100.96,104.22,102.04,99.87,98.25,98.25"
Rec-027_std_2,19,8,3752,core,327,331,0.0,9.0,0.9875,329,333,333,334,1.0,True,104.8127,116.1561,99.331,4.9354,103.4016,"116.16,110.73,106.39,103.67,102.04,105.30,103.13,101.50,99.87,99.33"
Rec-027_std_2,19,9,3753,core,340,331,0.0,13.0,0.9887,342,333,346,334,1.0,True,108.0149,119.4126,102.0447,5.0566,106.658,"119.41,113.99,110.19,106.93,105.30,108.56,106.39,104.22,103.13,102.04"
Rec-027_std_2,19,10,3754,core,345,331,0.0,5.0,0.9871,347,333,351,334,1.0,True,106.2238,115.6133,100.4165,4.4296,105.3012,"115.61,111.81,108.01,105.30,103.13,107.47,105.30,103.13,102.04,100.42"
Rec-027_std_2,19,11,3755,core,349,331,0.0,4.0,0.9874,351,333,355,334,1.0,True,103.8358,116.1561,95.5318,5.9655,102.8588,"116.16,110.73,105.84,102.04,98.25,106.93,103.67,100.96,98.25,95.53"
Rec-027_std_2,19,12,3756,core,354,331,0.0,5.0,0.9853,356,333,360,334,0.4,False,85.1111,103.1302,76.5357,8.411,81.9631,"103.13,90.10,83.05,79.79,77.62,96.07,86.31,80.88,77.62,76.54"
Rec-027_std_2,19,13,3757,core,355,330,45.0,1.41,0.9897,357,332,361,333,0.2,False,88.5846,112.8996,77.6212,10.237,85.7624,"112.90,96.07,88.48,83.05,79.79,96.62,88.48,83.05,79.79,77.62"
Rec-027_std_2,20,1,3880,core,291,331,0.0,1.0,0.9849,293,333,297,334,1.0,True,106.8208,121.5835,99.8737,6.6685,104.4871,"121.58,115.07,110.73,106.93,105.30,103.67,103.13,101.50,100.42,99.87"
Rec-027_std_2,20,2,3881,core,300,331,0.0,9.0,0.9845,302,333,306,334,1.0,True,106.8751,122.1263,98.7882,6.627,105.5725,"122.13,113.99,109.64,105.84,103.13,107.47,105.30,102.04,100.42,98.79"
Rec-027_std_2,20,3,3882,core,304,331,0.0,4.0,0.9882,306,333,310,334,1.0,True,107.7435,124.84,98.7882,7.4625,105.8439,"124.84,116.16,110.73,106.39,103.13,108.56,105.30,103.13,100.42,98.79"
Rec-027_std_2,20,4,3883,core,309,331,0.0,5.0,0.9853,311,333,315,334,1.0,True,104.7584,117.7843,98.2455,5.8152,103.1302,"117.78,111.81,106.93,103.13,101.50,105.84,103.13,100.42,98.79,98.25"
Rec-027_std_2,20,5,3884,core,322,331,0.0,13.0,0.9896,324,333,328,334,1.0,True,105.7354,119.4126,99.331,5.9395,103.9443,"119.41,112.90,108.01,104.22,102.04,105.84,103.67,102.04,99.87,99.33"
Rec-027_std_2,20,6,3885,core,331,331,0.0,9.0,0.9899,333,333,337,334,1.0,True,106.8751,118.8698,100.9592,5.1914,105.5725,"118.87,112.90,108.56,105.84,103.67,107.47,105.30,103.13,102.04,100.96"
Rec-027_std_2,20,7,3886,core,349,331,0.0,18.0,0.9877,351,333,355,334,1.0,True,103.2387,115.0706,95.5318,5.7531,102.3161,"115.07,110.19,105.30,101.50,97.70,105.84,103.13,100.42,97.70,95.53"
Rec-027_std_2,20,8,3887,core,354,331,0.0,5.0,0.9843,356,333,360,334,0.4,False,84.7854,102.0447,76.5357,8.0969,81.6918,"102.04,89.56,83.05,79.79,77.62,95.53,85.76,80.33,77.62,76.54"
Rec-027_std_2,21,1,4002,core,290,331,0.0,0.0,0.9861,292,333,296,334,1.0,True,107.3093,127.011,99.331,8.5714,103.6729,"127.01,117.24,111.81,108.01,105.30,102.04,102.04,100.96,99.33,99.33"
Rec-027_std_2,21,2,4003,core,294,331,0.0,4.0,0.9862,296,333,300,334,1.0,True,110.5115,131.3529,100.4165,8.8559,108.0149,"131.35,120.50,113.99,109.64,105.84,109.10,106.93,105.30,102.04,100.42"
Rec-027_std_2,21,3,4004,core,299,331,0.0,5.0,0.9876,301,333,305,334,1.0,True,107.7435,124.84,99.331,7.4427,105.8439,"124.84,116.16,110.73,106.39,103.67,108.56,105.30,102.04,100.42,99.33"
Rec-027_std_2,21,4,4005,core,303,331,0.0,4.0,0.9879,305,333,309,334,1.0,True,108.8833,128.6392,99.331,8.3385,106.9294,"128.64,117.78,111.81,107.47,104.22,109.10,106.39,103.13,100.96,99.33"
Rec-027_std_2,21,5,4006,core,308,331,0.0,5.0,0.9885,310,333,314,334,1.0,True,106.2239,121.5835,98.2455,6.7878,104.7584,"121.58,113.99,109.10,105.30,102.04,106.93,104.22,101.50,99.33,98.25"
Rec-027_std_2,21,6,4007,core,312,331,0.0,4.0,0.9889,314,333,318,334,1.0,True,106.8208,124.2973,98.2455,7.4726,104.7584,"124.30,115.07,109.64,105.30,102.04,107.47,104.22,102.04,99.87,98.25"
Rec-027_std_2,21,7,4008,core,317,331,0.0,5.0,0.9891,319,333,323,334,1.0,True,104.9213,117.7843,98.2455,5.6719,103.4016,"117.78,111.81,106.93,103.67,102.04,105.30,103.13,100.96,99.33,98.25"
Rec-027_std_2,21,8,4009,core,321,331,0.0,4.0,0.9887,323,333,327,334,1.0,True,107.2008,122.669,99.8737,6.4687,105.5725,"122.67,113.99,109.64,105.84,103.67,106.93,105.30,103.13,100.96,99.87"
Rec-027_std_2,21,9,4010,core,326,331,0.0,5.0,0.9894,328,333,332,334,1.0,True,105.9525,117.7843,99.8737,5.1706,104.7584,"117.78,111.81,108.01,105.30,103.13,106.39,104.22,102.04,100.96,99.87"
Rec-027_std_2,21,10,4011,core,330,331,0.0,4.0,0.9875,332,333,336,334,1.0,True,108.232,122.669,101.502,6.1797,106.3867,"122.67,115.07,110.73,106.93,105.30,108.56,105.84,103.67,102.04,101.50"
Rec-027_std_2,21,11,4012,core,335,331,0.0,5.0,0.9895,337,333,341,334,1.0,True,107.3636,117.7843,102.0447,4.6041,105.8439,"117.78,112.90,109.10,106.39,105.30,108.01,105.30,103.67,103.13,102.04"
Rec-027_std_2,21,12,4013,core,339,331,0.0,4.0,0.9872,341,333,345,334,1.0,True,109.0461,121.0408,103.1302,5.3644,107.7435,"121.04,115.61,111.27,108.01,105.30,109.64,107.47,105.30,103.67,103.13"
Rec-027_std_2,21,13,4014,core,344,331,0.0,5.0,0.9888,346,333,350,334,1.0,True,106.9294,116.6988,101.502,4.6245,105.8439,"116.70,112.90,109.10,105.84,103.67,108.01,105.84,103.67,102.04,101.50"
Rec-027_std_2,21,14,4015,core,348,331,0.0,4.0,0.9854,350,333,354,334,1.0,True,105.9525,118.8698,98.2455,6.0086,104.4871,"118.87,112.90,108.56,103.67,100.96,108.01,105.30,103.13,99.87,98.25"
Rec-027_std_2,21,15,4016,core,353,331,0.0,5.0,0.9871,355,333,359,334,0.6,False,89.8872,109.1004,77.6212,10.6638,86.5765,"109.10,100.96,87.93,81.96,78.71,102.04,95.53,85.22,79.79,77.62"
Rec-027_std_2,21,16,4017,core,355,330,26.57,2.24,0.9865,357,332,361,333,0.2,False,89.3445,116.1561,77.6212,11.1182,86.3051,"116.16,97.16,89.02,83.59,79.79,97.70,89.02,83.59,79.79,77.62"
Rec-027_std_2,22,1,4132,core,301,331,-7.13,8.06,0.9858,303,333,307,334,1.0,True,110.6201,133.5239,99.331,9.6383,108.0149,"133.52,121.04,113.99,108.56,105.30,110.73,107.47,104.22,102.04,99.33"
Rec-027_std_2,22,2,4133,core,306,331,0.0,5.0,0.9886,308,333,312,334,1.0,True,106.658,123.7545,98.2455,7.3791,104.7584,"123.75,115.07,109.10,105.30,102.04,107.47,104.22,102.04,99.33,98.25"
Rec-027_std_2,22,3,4134,core,310,331,0.0,4.0,0.9861,312,333,316,334,1.0,True,107.8521,128.6392,98.2455,8.6091,105.5725,"128.64,116.70,110.73,105.84,103.13,108.01,105.30,102.04,99.87,98.25"
Rec-027_std_2,22,4,4135,core,315,331,0.0,5.0,0.9897,317,333,321,334,1.0,True,105.0841,119.4126,98.2455,6.1558,103.4016,"119.41,111.81,107.47,103.67,101.50,105.84,103.13,100.96,98.79,98.25"
Rec-027_std_2,22,5,4136,core,320,331,0.0,5.0,0.9869,322,333,326,334,1.0,True,104.2157,116.1561,98.2455,5.1888,102.5874,"116.16,110.19,105.84,103.13,101.50,105.30,102.04,100.42,99.33,98.25"
Rec-027_std_2,22,6,4137,core,324,331,0.0,4.0,0.9899,326,333,330,334,1.0,True,106.2781,119.4126,99.8737,5.6913,104.7584,"119.41,112.90,108.56,105.30,103.13,106.39,104.22,102.04,100.96,99.87"
Rec-027_std_2,22,7,4138,core,329,331,0.0,5.0,0.987,331,333,335,334,1.0,True,105.8439,116.6988,100.9592,4.6878,104.4871,"116.70,111.27,107.47,105.30,103.13,106.39,103.67,102.04,101.50,100.96"
Rec-027_std_2,22,8,4139,core,338,331,0.0,9.0,0.9872,340,333,344,334,1.0,True,108.1234,117.7843,103.1302,4.2167,106.9294,"117.78,112.90,109.64,107.47,106.39,108.56,106.39,105.30,103.67,103.13"
Rec-027_std_2,22,9,4140,core,342,331,0.0,4.0,0.9892,344,333,348,334,1.0,True,109.5346,119.4126,103.6729,4.6168,108.5576,"119.41,115.61,111.27,109.10,106.93,110.19,108.01,105.84,105.30,103.67"
Rec-027_std_2,22,10,4141,core,347,331,0.0,5.0,0.986,349,333,353,334,1.0,True,105.7354,116.1561,98.7882,5.0203,104.7584,"116.16,111.81,107.47,104.22,101.50,108.01,105.30,103.13,100.96,98.79"
Rec-027_std_2,22,11,4142,core,351,331,0.0,4.0,0.9878,353,333,357,334,1.0,True,98.7882,113.9851,83.5914,9.3093,100.1451,"113.99,108.56,103.13,95.53,85.22,105.30,102.04,98.25,92.28,83.59"
Rec-027_std_2,22,12,4143,core,355,330,14.04,4.12,0.9933,357,332,361,333,0.2,False,87.1192,109.1004,77.6212,9.3732,84.6769,"109.10,93.36,86.85,81.42,78.71,95.53,87.39,82.51,78.71,77.62"
Rec-027_std_2,23,1,4256,core,290,331,0.0,0.0,0.9874,292,333,296,334,1.0,True,106.6038,122.669,99.8737,7.2093,103.6729,"122.67,115.07,110.73,108.01,105.30,101.50,102.04,100.96,99.87,99.87"
Rec-027_std_2,23,2,4257,core,293,331,0.0,3.0,0.9867,295,333,299,334,1.0,True,109.6974,128.0965,100.9592,7.893,107.2008,"128.10,118.87,112.90,109.10,106.39,108.01,106.39,104.22,102.04,100.96"
Rec-027_std_2,23,3,4258,core,298,331,0.0,5.0,0.9851,300,333,304,334,1.0,True,108.0692,123.2118,99.8737,6.7721,106.3867,"123.21,116.16,110.73,106.93,104.22,109.10,105.84,103.13,101.50,99.87"
Rec-027_std_2,23,4,4259,core,302,331,0.0,4.0,0.9883,304,333,308,334,1.0,True,109.0461,127.5537,99.8737,7.9191,107.2008,"127.55,117.78,111.81,107.47,104.22,109.64,106.93,103.67,101.50,99.87"
Rec-027_std_2,23,5,4260,core,307,331,0.0,5.0,0.9857,309,333,313,334,1.0,True,105.3012,119.4126,98.2455,6.2545,103.4016,"119.41,112.90,107.47,103.67,101.50,106.39,103.13,101.50,98.79,98.25"
Rec-027_std_2,23,6,4261,core,311,331,0.0,4.0,0.9891,313,333,317,334,1.0,True,106.3867,122.669,98.2455,7.0432,104.7584,"122.67,113.99,109.10,105.30,102.04,107.47,104.22,101.50,99.33,98.25"
Rec-027_std_2,23,7,4262,core,316,331,0.0,5.0,0.9864,318,333,322,334,1.0,True,104.0529,116.6988,98.2455,5.4925,102.5874,"116.70,110.19,105.84,103.13,100.96,105.30,102.04,99.87,98.25,98.25"
Rec-027_std_2,23,8,4263,core,320,331,0.0,4.0,0.9893,322,333,326,334,1.0,True,106.061,121.0408,98.7882,6.3814,104.4871,"121.04,112.90,108.56,105.30,102.04,106.39,103.67,102.04,99.87,98.79"
Rec-027_std_2,23,9,4264,core,325,331,0.0,5.0,0.9871,327,333,331,334,1.0,True,105.4097,116.1561,100.4165,4.6928,103.6729,"116.16,111.27,106.93,104.22,103.13,105.84,103.13,102.04,100.96,100.42"
Rec-027_std_2,23,10,4265,core,329,331,0.0,4.0,0.9893,331,333,335,334,1.0,True,107.7978,120.498,101.502,5.5307,106.3867,"120.50,113.99,110.19,106.93,105.30,108.01,105.84,103.67,102.04,101.50"
Rec-027_std_2,23,11,4266,core,334,331,0.0,5.0,0.988,336,333,340,334,1.0,True,107.4722,117.2416,103.1302,4.1618,106.3867,"117.24,111.81,109.10,106.93,105.84,108.01,105.30,104.22,103.13,103.13"
Rec-027_std_2,23,12,4267,core,338,331,0.0,4.0,0.9891,340,333,344,334,1.0,True,110.0773,121.5835,104.2157,5.0437,108.829,"121.58,116.16,111.81,109.64,107.47,110.19,108.01,106.39,105.30,104.22"
Rec-027_std_2,23,13,4268,core,343,331,0.0,5.0,0.9879,345,333,349,334,1.0,True,108.5576,117.7843,103.1302,4.2942,107.4722,"117.78,113.99,110.19,108.01,105.84,109.64,106.93,105.84,104.22,103.13"
Rec-027_std_2,23,14,4269,core,347,331,0.0,4.0,0.9878,349,333,353,334,1.0,True,107.2551,119.4126,99.331,5.801,106.3867,"119.41,113.99,109.64,105.84,102.04,109.64,106.93,103.67,102.04,99.33"
Rec-027_std_2,23,15,4270,core,352,331,0.0,5.0,0.9861,354,333,358,334,0.8,False,93.5779,110.1859,79.7922,10.2324,94.989,"110.19,104.22,96.62,85.76,79.79,103.13,98.79,93.36,84.13,79.79"
Rec-027_std_2,23,16,4271,core,355,331,0.0,3.0,0.9866,357,333,361,334,0.2,False,83.4828,97.16,76.5357,6.3703,81.6918,"97.16,89.02,83.59,79.79,77.62,90.10,83.59,79.79,77.62,76.54"
Rec-027_std_2,24,1,4384,core,290,331,0.0,0.0,0.9872,292,333,296,334,1.0,True,106.8209,124.84,99.331,7.8719,103.6729,"124.84,116.16,110.73,107.47,105.30,101.50,102.04,100.96,99.87,99.33"
Rec-027_std_2,24,2,4385,core,294,331,0.0,4.0,0.9874,296,333,300,334,1.0,True,109.6431,127.011,100.9592,7.6332,107.4722,"127.01,118.87,112.90,109.10,106.39,108.56,106.39,104.22,102.04,100.96"
Rec-027_std_2,24,3,4386,core,299,331,0.0,5.0,0.9859,301,333,305,334,1.0,True,107.9063,122.669,99.8737,6.5795,106.3867,"122.67,115.61,110.73,106.93,104.22,108.56,105.84,103.13,101.50,99.87"
Rec-027_std_2,24,4,4387,core,303,331,0.0,4.0,0.9889,305,333,309,334,1.0,True,108.4491,126.4682,99.331,7.7929,106.658,"126.47,117.24,111.27,106.93,103.67,109.10,106.39,103.13,100.96,99.33"
Rec-027_std_2,24,5,4388,core,308,331,0.0,5.0,0.9861,310,333,314,334,1.0,True,105.1383,118.8698,98.2455,6.0098,103.4016,"118.87,111.81,107.47,103.67,102.04,106.39,103.13,100.96,98.79,98.25"
Rec-027_std_2,24,6,4389,core,312,331,0.0,4.0,0.9898,314,333,318,334,1.0,True,106.2781,121.5835,98.2455,6.7344,104.7584,"121.58,113.99,109.10,105.30,102.04,106.93,104.22,101.50,99.87,98.25"
Rec-027_std_2,24,7,4390,core,317,331,0.0,5.0,0.9871,319,333,323,334,1.0,True,104.8127,116.6988,98.7882,5.2981,103.4016,"116.70,111.27,106.93,103.67,102.04,105.30,103.13,100.96,99.33,98.79"
Rec-027_std_2,24,8,4391,core,321,331,0.0,4.0,0.99,323,333,327,334,1.0,True,106.9294,121.5835,99.8737,6.2357,105.3012,"121.58,113.99,109.10,105.30,103.13,106.93,105.30,103.13,100.96,99.87"
Rec-027_std_2,24,9,4392,core,326,331,0.0,5.0,0.9879,328,333,332,334,1.0,True,105.8439,116.6988,100.4165,4.7253,104.7584,"116.70,111.27,107.47,105.30,103.13,106.39,104.22,102.04,101.50,100.42"
Rec-027_std_2,24,10,4393,core,330,331,0.0,4.0,0.99,332,333,336,334,1.0,True,107.9063,120.498,102.0447,5.3443,106.3867,"120.50,113.99,109.64,106.93,105.30,108.01,105.84,103.67,103.13,102.04"
Rec-027_std_2,24,11,4394,core,339,331,0.0,9.0,0.9896,341,333,345,334,1.0,True,109.806,121.0408,103.6729,4.9568,108.5576,"121.04,115.61,111.81,109.10,106.93,110.19,108.01,106.39,105.30,103.67"
Rec-027_std_2,24,12,4395,core,344,331,0.0,5.0,0.9876,346,333,350,334,1.0,True,107.9063,117.2416,102.0447,4.2928,106.9294,"117.24,112.90,109.64,106.93,105.30,109.10,106.93,105.30,103.67,102.04"
Rec-027_std_2,24,13,4396,core,353,331,0.0,9.0,0.9859,355,333,359,334,0.6,False,89.3987,108.5576,77.6212,10.4457,86.5765,"108.56,99.87,87.93,80.88,78.16,100.96,94.99,85.22,79.79,77.62"
Rec-027_std_2,24,14,4397,core,355,330,26.57,2.24,0.9862,357,332,361,333,0.2,False,89.6158,117.2416,77.6212,11.4607,86.5765,"117.24,97.70,89.02,83.05,79.79,98.25,89.56,84.13,79.79,77.62"
Rec-027_std_2,25,1,4506,core,292,331,0.0,2.0,0.9847,294,333,298,334,1.0,True,108.4491,123.2118,101.502,6.6905,105.8439,"123.21,117.24,111.81,108.56,105.84,105.84,105.30,103.13,102.04,101.50"
Rec-027_std_2,25,2,4507,core,301,331,0.0,9.0,0.9858,303,333,307,334,1.0,True,108.829,124.2973,100.4165,6.9516,106.9294,"124.30,117.24,111.81,107.47,105.30,109.64,106.39,103.67,102.04,100.42"
Rec-027_std_2,25,3,4508,core,305,331,0.0,4.0,0.9885,307,333,311,334,1.0,True,108.9376,127.011,99.8737,7.8089,106.9294,"127.01,117.78,111.81,107.47,104.22,109.64,106.39,103.67,101.50,99.87"
Rec-027_std_2,25,4,4509,core,310,331,0.0,5.0,0.9869,312,333,316,334,1.0,True,106.2781,120.498,98.7882,6.1873,104.7584,"120.50,112.90,108.56,105.30,103.13,107.47,104.22,102.04,99.87,98.79"
Rec-027_std_2,25,5,4510,core,314,331,0.0,4.0,0.9891,316,333,320,334,1.0,True,107.3636,123.7545,99.331,7.0923,105.5725,"123.75,115.61,110.19,105.84,103.13,107.47,105.30,102.04,100.96,99.33"
Rec-027_std_2,25,6,4511,core,319,331,0.0,5.0,0.988,321,333,325,334,1.0,True,105.9525,118.8698,99.8737,5.4965,104.4871,"118.87,111.81,108.01,105.30,103.13,106.39,103.67,102.04,100.42,99.87"
Rec-027_std_2,25,7,4512,core,323,331,0.0,4.0,0.9893,325,333,329,334,1.0,True,107.7978,122.669,100.9592,6.3443,105.8439,"122.67,115.07,110.19,106.39,104.22,108.01,105.30,103.13,102.04,100.96"
Rec-027_std_2,25,8,4513,core,328,331,0.0,5.0,0.9883,330,333,334,334,1.0,True,107.1465,117.7843,102.0447,4.7514,105.8439,"117.78,112.90,109.10,106.39,105.30,107.47,105.30,103.13,102.04,102.04"
Rec-027_std_2,25,9,4514,core,332,331,0.0,4.0,0.989,334,333,338,334,1.0,True,109.426,121.5835,103.1302,5.352,108.0149,"121.58,115.61,111.81,108.56,106.93,109.64,107.47,105.30,104.22,103.13"
Rec-027_std_2,25,10,4515,core,337,331,0.0,5.0,0.9885,339,333,343,334,1.0,True,109.5346,119.4126,104.2157,4.4479,108.5576,"119.41,115.07,111.27,109.10,107.47,109.64,108.01,105.84,105.30,104.22"
Rec-027_std_2,25,11,4516,core,341,331,0.0,4.0,0.9884,343,333,347,334,1.0,True,111.4342,122.669,105.3012,5.1378,110.1859,"122.67,117.78,113.99,110.73,108.56,111.81,109.64,107.47,106.39,105.30"
Rec-027_std_2,25,12,4517,core,346,331,0.0,5.0,0.9878,348,333,352,334,1.0,True,108.5576,119.4126,102.0447,4.9921,107.7435,"119.41,113.99,110.73,107.47,105.30,110.19,108.01,105.30,103.13,102.04"
Rec-027_std_2,25,13,4518,core,350,331,0.0,4.0,0.9867,352,333,356,334,1.0,True,104.3785,118.8698,93.3608,7.4538,103.6729,"118.87,112.90,106.93,102.04,95.53,108.56,105.30,102.04,98.25,93.36"
Rec-027_std_2,25,14,4519,core,355,331,0.0,5.0,0.985,357,333,361,334,0.2,False,82.2345,94.4463,75.9929,5.6885,80.3349,"94.45,86.31,81.96,78.71,77.08,89.02,82.51,78.71,77.62,75.99"
Rec-027_std_2,26,1,4626,core,290,331,0.0,0.0,0.9894,292,333,296,334,1.0,True,105.464,117.7843,99.8737,6.107,103.1302,"117.78,112.90,110.19,107.47,105.30,99.87,100.96,100.42,99.87,99.87"
Rec-027_std_2,26,2,4627,core,295,331,0.0,5.0,0.9863,297,333,301,334,1.0,True,109.9688,125.9255,102.0447,6.8961,108.2863,"125.93,117.78,112.90,109.10,106.39,109.64,107.47,105.30,103.13,102.04"
Rec-027_std_2,26,3,4628,core,299,331,0.0,4.0,0.9869,301,333,305,334,1.0,True,112.0312,132.4384,102.0447,8.7083,109.9145,"132.44,121.58,115.61,110.73,106.93,111.81,109.10,106.39,103.67,102.04"
Rec-027_std_2,26,4,4629,core,326,331,0.0,27.0,0.9881,328,333,332,334,1.0,True,108.0692,122.669,101.502,6.2378,106.3867,"122.67,115.07,110.73,106.93,104.22,108.01,105.84,103.67,102.04,101.50"
Rec-027_std_2,26,5,4630,core,331,331,0.0,5.0,0.9895,333,333,337,334,1.0,True,107.9063,118.8698,102.0447,4.9136,106.658,"118.87,113.99,109.64,106.93,105.30,108.56,106.39,104.22,103.13,102.04"
Rec-027_std_2,26,6,4631,core,335,331,0.0,4.0,0.9877,337,333,341,334,1.0,True,109.6974,122.1263,103.6729,5.4515,108.2863,"122.13,116.16,111.81,108.56,106.39,110.19,108.01,105.84,104.22,103.67"
Rec-027_std_2,26,7,4632,core,340,331,0.0,5.0,0.9893,342,333,346,334,1.0,True,109.1004,119.4126,103.6729,4.5018,108.0149,"119.41,113.99,111.27,108.01,105.84,109.64,108.01,105.84,105.30,103.67"
Rec-027_std_2,26,8,4633,core,344,331,0.0,4.0,0.9867,346,333,350,334,1.0,True,109.806,121.5835,103.1302,5.2847,108.5576,"121.58,116.16,111.81,108.56,105.84,110.73,108.56,106.39,105.30,103.13"
Rec-027_std_2,26,9,4634,core,349,331,0.0,5.0,0.9881,351,333,355,334,1.0,True,104.6499,116.6988,96.6172,5.9889,103.6729,"116.70,111.81,106.39,102.04,98.25,108.01,105.30,102.04,99.33,96.62"
Rec-027_std_2,26,10,4635,core,353,331,0.0,4.0,0.9851,355,333,359,334,0.6,False,90.7556,111.2714,77.6212,11.1436,87.662,"111.27,102.04,89.56,83.05,78.71,103.13,96.07,85.76,80.33,77.62"
Rec-027_std_2,27,1,4742,core,290,331,0.0,0.0,0.9873,292,333,296,334,1.0,True,107.2008,122.669,100.4165,7.0065,104.4871,"122.67,115.61,111.27,108.56,105.84,102.04,103.13,101.50,100.42,100.96"
Rec-027_std_2,27,2,4743,core,293,331,0.0,3.0,0.9861,295,333,299,334,1.0,True,111.597,131.3529,103.1302,8.2175,108.829,"131.35,120.50,115.07,110.73,107.47,109.64,108.01,105.84,104.22,103.13"
Rec-027_std_2,27,3,4744,core,298,331,0.0,5.0,0.9864,300,333,304,334,1.0,True,110.2402,125.9255,102.0447,6.8285,108.829,"125.93,117.78,112.90,109.10,106.39,110.73,108.56,105.84,103.13,102.04"
Rec-027_std_2,27,4,4745,core,302,331,0.0,4.0,0.9876,304,333,308,334,1.0,True,111.8141,131.8957,102.0447,8.5092,109.6431,"131.90,121.04,115.07,110.19,106.93,111.81,109.10,106.39,103.67,102.04"
Rec-027_std_2,27,5,4746,core,311,331,0.0,9.0,0.9885,313,333,317,334,1.0,True,108.7205,126.4682,99.8737,7.6334,106.9294,"126.47,117.24,111.27,106.93,103.67,109.64,106.93,103.67,101.50,99.87"
Rec-027_std_2,27,6,4747,core,320,331,0.0,9.0,0.9886,322,333,326,334,1.0,True,107.3636,123.2118,99.8737,6.7475,105.5725,"123.21,115.07,109.64,105.84,103.13,107.47,105.30,103.13,100.96,99.87"
Rec-027_std_2,27,7,4748,core,334,331,0.0,14.0,0.9888,336,333,340,334,1.0,True,108.6662,118.8698,103.6729,4.4677,107.4722,"118.87,113.99,110.19,108.01,106.39,109.10,106.93,105.30,104.22,103.67"
Rec-027_std_2,27,8,4749,core,343,331,0.0,9.0,0.9887,345,333,349,334,1.0,True,110.403,120.498,105.3012,4.4505,109.3718,"120.50,115.61,111.81,109.64,107.47,111.27,109.10,107.47,105.84,105.30"
Rec-027_std_2,27,9,4750,core,352,331,0.0,9.0,0.987,354,333,358,334,0.8,False,94.6091,111.8141,79.7922,10.836,96.3459,"111.81,106.39,98.25,85.76,80.33,104.22,100.42,94.45,84.68,79.79"
Rec-027_std_2,27,10,4751,core,355,331,0.0,3.0,0.9861,357,333,361,334,0.2,False,83.5371,97.16,76.5357,6.3733,81.6918,"97.16,89.02,83.59,79.79,77.62,90.10,84.13,79.79,77.62,76.54"
Rec-027_std_2,28,1,4855,core,291,331,0.0,1.0,0.9864,293,333,297,334,1.0,True,108.1235,124.2973,100.9592,7.084,105.5725,"124.30,116.70,111.81,108.01,105.84,105.30,103.67,103.13,101.50,100.96"
Rec-027_std_2,28,2,4856,core,295,331,0.0,4.0,0.9868,297,333,301,334,1.0,True,111.9227,132.4384,102.0447,8.6968,109.9145,"132.44,121.58,115.07,110.73,107.47,111.27,109.10,105.84,103.67,102.04"
Rec-027_std_2,28,3,4857,core,300,331,0.0,5.0,0.9876,302,333,306,334,1.0,True,109.3718,125.9255,100.9592,7.2421,107.7435,"125.93,117.78,111.81,108.01,105.30,110.19,107.47,104.22,102.04,100.96"
Rec-027_std_2,28,4,4858,core,304,331,0.0,4.0,0.9876,306,333,310,334,1.0,True,110.2944,130.8102,100.4165,8.5877,108.0149,"130.81,119.41,112.90,108.56,105.30,110.73,107.47,105.30,102.04,100.42"
Rec-027_std_2,28,5,4859,core,309,331,0.0,5.0,0.9886,311,333,315,334,1.0,True,106.9294,122.1263,99.331,6.5084,105.3012,"122.13,113.99,109.10,105.30,103.13,108.01,105.30,102.04,100.96,99.33"
Rec-027_std_2,28,6,4860,core,313,331,0.0,4.0,0.9885,315,333,319,334,1.0,True,108.2863,125.3828,99.8737,7.3632,106.3867,"125.38,116.70,110.73,106.93,103.67,109.10,105.84,103.13,101.50,99.87"
Rec-027_std_2,28,7,4861,core,318,331,0.0,5.0,0.9891,320,333,324,334,1.0,True,106.8209,120.498,100.4165,5.7326,105.3012,"120.50,112.90,108.56,105.30,103.13,107.47,105.30,103.13,101.50,100.42"
Rec-027_std_2,28,8,4862,core,322,331,0.0,4.0,0.9881,324,333,328,334,1.0,True,108.9918,124.84,101.502,6.6419,107.2008,"124.84,116.16,111.27,107.47,105.30,109.10,106.93,104.22,103.13,101.50"
Rec-027_std_2,28,9,4863,core,327,331,0.0,5.0,0.9893,329,333,333,334,1.0,True,108.1235,119.4126,103.1302,4.9375,106.658,"119.41,113.99,110.19,106.93,105.30,108.56,106.39,104.22,103.13,103.13"
Rec-027_std_2,28,10,4864,core,331,331,0.0,4.0,0.9874,333,333,337,334,1.0,True,110.8915,124.2973,104.2157,5.8256,109.3718,"124.30,117.78,112.90,109.64,107.47,111.27,109.10,106.93,105.30,104.22"
Rec-027_std_2,28,11,4865,core,336,331,0.0,5.0,0.9894,338,333,342,334,1.0,True,110.7829,121.0408,105.8439,4.5503,109.6431,"121.04,116.70,111.81,110.19,108.01,111.27,109.10,107.47,106.39,105.84"
Rec-027_std_2,28,12,4866,core,340,331,0.0,4.0,0.9866,342,333,346,334,1.0,True,113.0624,124.84,106.9294,5.2287,111.5427,"124.84,119.41,115.61,111.81,110.19,112.90,111.27,109.64,108.01,106.93"
Rec-027_std_2,28,13,4867,core,349,331,0.0,9.0,0.9852,351,333,355,334,1.0,True,107.8521,121.5835,98.2455,6.7965,106.658,"121.58,115.61,110.73,105.30,100.96,111.27,108.01,105.30,101.50,98.25"
Rec-027_std_2,28,14,4868,core,354,331,0.0,5.0,0.9866,356,333,360,334,0.4,False,86.2508,106.3867,76.5357,9.508,82.7773,"106.39,92.28,84.13,79.79,77.62,98.79,87.39,81.42,78.16,76.54"
Rec-027_std_2,29,1,4969,core,290,331,0.0,0.0,0.9892,292,333,296,334,1.0,True,105.8439,118.8698,99.8737,6.3061,103.6729,"118.87,112.90,110.73,108.01,105.84,99.87,101.50,100.96,99.87,99.87"
Rec-027_std_2,29,2,4970,core,294,331,0.0,4.0,0.9853,296,333,300,334,1.0,True,112.3026,132.9812,102.0447,8.8567,110.1859,"132.98,122.13,116.16,111.27,108.01,111.27,109.10,106.39,103.67,102.04"
Rec-027_std_2,29,3,4971,core,303,331,0.0,9.0,0.9869,305,333,309,334,1.0,True,110.8915,131.3529,101.502,8.4712,108.5576,"131.35,119.41,113.99,109.10,105.84,111.27,108.01,105.30,103.13,101.50"
Rec-027_std_2,29,4,4972,core,308,331,0.0,5.0,0.9874,310,333,314,334,1.0,True,107.635,122.669,99.8737,6.5493,105.8439,"122.67,115.07,110.19,105.84,103.67,108.56,105.84,103.13,101.50,99.87"
Rec-027_std_2,29,5,4973,core,312,331,0.0,4.0,0.9877,314,333,318,334,1.0,True,109.1547,127.011,100.4165,7.6427,107.2008,"127.01,117.78,111.81,107.47,104.22,109.64,106.93,104.22,102.04,100.42"
Rec-027_std_2,29,6,4974,core,317,331,0.0,5.0,0.9886,319,333,323,334,1.0,True,106.8751,120.498,99.8737,5.9872,105.3012,"120.50,113.99,109.10,105.30,103.13,107.47,105.30,103.13,100.96,99.87"
Rec-027_std_2,29,7,4975,core,321,331,0.0,4.0,0.9875,323,333,327,334,1.0,True,108.3948,124.84,100.4165,7.0098,106.658,"124.84,116.16,110.73,106.93,103.67,109.10,106.39,103.67,102.04,100.42"
Rec-027_std_2,29,8,4976,core,326,331,0.0,5.0,0.9886,328,333,332,334,1.0,True,106.9294,118.8698,101.502,5.1317,105.5725,"118.87,112.90,108.56,105.84,103.67,107.47,105.30,103.13,102.04,101.50"
Rec-027_std_2,29,9,4977,core,330,331,0.0,4.0,0.9869,332,333,336,334,1.0,True,109.6431,123.2118,103.1302,5.8152,108.0149,"123.21,116.16,111.81,108.56,105.84,110.19,107.47,105.84,104.22,103.13"
Rec-027_std_2,29,10,4978,core,335,331,0.0,5.0,0.9886,337,333,341,334,1.0,True,109.2632,119.4126,104.2157,4.3491,108.0149,"119.41,113.99,110.73,108.01,106.39,110.19,108.01,106.39,105.30,104.22"
Rec-027_std_2,29,11,4979,core,339,331,0.0,4.0,0.9861,341,333,345,334,1.0,True,111.597,123.2118,105.8439,5.0461,110.4573,"123.21,117.78,112.90,110.73,108.56,111.81,110.19,108.01,106.93,105.84"
Rec-027_std_2,29,12,4980,core,344,331,0.0,5.0,0.9883,346,333,350,334,1.0,True,110.8914,120.498,105.3012,4.4163,109.9145,"120.50,116.16,112.90,109.64,108.01,111.81,110.19,108.01,106.39,105.30"
Rec-027_std_2,29,13,4981,core,348,331,0.0,4.0,0.9853,350,333,354,334,1.0,True,109.0461,121.5835,100.4165,6.157,108.0149,"121.58,116.16,111.81,106.93,103.13,111.81,109.10,106.39,103.13,100.42"
Rec-027_std_2,29,14,4982,core,353,331,0.0,5.0,0.9867,355,333,359,334,0.6,False,90.7013,111.2714,77.6212,11.3184,87.3906,"111.27,102.04,89.02,81.96,78.71,103.67,96.62,85.76,80.33,77.62"
Rec-027_std_2,29,15,4983,core,355,330,26.57,2.24,0.9863,357,332,361,333,0.2,False,89.453,116.6988,77.6212,11.3583,86.3051,"116.70,97.70,89.02,83.05,79.79,98.25,89.02,83.59,79.79,77.62"
Rec-G3_std_1,1,1,246,core,291,318,-135.0,1.41,0.9769,293,319,297,320,1.0,True,95.586,98.7882,91.1898,2.6305,95.8031,"98.25,98.79,98.25,97.70,97.16,91.19,92.28,93.36,94.45,94.45"
Rec-G3_std_1,1,2,247,core,294,318,0.0,3.0,0.9777,296,319,300,320,1.0,True,98.5169,103.6729,96.0745,2.617,97.4314,"103.67,102.04,100.42,99.33,98.25,96.62,96.62,96.07,96.07,96.07"
Rec-G3_std_1,1,3,248,core,299,317,11.31,5.1,0.9725,301,318,305,319,1.0,True,105.1926,116.6988,98.7882,5.2722,103.9443,"116.70,111.81,107.47,104.22,102.04,105.84,103.67,101.50,99.87,98.79"
Rec-G3_std_1,1,4,249,core,303,317,0.0,4.0,0.975,305,318,309,319,1.0,True,106.2238,119.4126,98.7882,6.0974,104.7584,"119.41,113.99,109.10,105.30,102.04,106.93,104.22,102.04,100.42,98.79"
Rec-G3_std_1,1,5,250,core,308,317,0.0,5.0,0.9752,310,318,314,319,1.0,True,103.9443,116.1561,97.7027,5.4828,102.5874,"116.16,110.19,106.39,103.13,100.42,105.30,102.04,99.87,98.25,97.70"
Rec-G3_std_1,1,6,251,core,313,317,0.0,5.0,0.9736,315,318,319,319,1.0,True,102.3161,112.8996,96.6172,4.7579,101.2306,"112.90,108.01,104.22,101.50,99.33,103.13,100.96,98.79,97.70,96.62"
Rec-G3_std_1,1,7,252,core,318,317,0.0,5.0,0.9707,320,318,324,319,1.0,True,101.502,110.7286,96.6172,4.1191,100.6878,"110.73,106.39,103.13,100.96,98.79,102.04,100.42,98.25,97.70,96.62"
Rec-G3_std_1,1,8,253,core,327,317,0.0,9.0,0.97,329,318,333,319,1.0,True,101.8819,111.2714,97.16,4.1834,100.9592,"111.27,106.93,103.67,101.50,99.33,102.04,100.42,98.79,97.70,97.16"
Rec-G3_std_1,1,9,254,core,332,317,0.0,5.0,0.9689,334,318,338,319,1.0,True,102.099,110.1859,98.2455,3.5957,101.2306,"110.19,106.39,103.67,102.04,100.42,102.04,100.42,99.33,98.25,98.25"
Rec-G3_std_1,1,10,255,core,337,317,0.0,5.0,0.9672,339,318,343,319,1.0,True,103.1845,110.1859,99.331,3.2424,102.5874,"110.19,106.93,105.30,103.13,102.04,103.13,101.50,100.42,99.87,99.33"
Rec-G3_std_1,1,11,256,core,342,316,11.31,5.1,0.9677,344,317,348,318,1.0,True,108.7747,122.1263,102.0447,5.8667,107.2008,"122.13,115.61,111.27,108.01,105.84,109.10,106.39,104.22,103.13,102.04"
Rec-G3_std_1,1,12,257,core,347,316,0.0,5.0,0.9678,349,317,353,318,1.0,True,108.0692,119.4126,102.0447,5.094,106.658,"119.41,113.99,110.73,107.47,105.30,108.56,105.84,104.22,103.13,102.04"
Rec-G3_std_1,1,13,258,core,351,316,0.0,4.0,0.9705,353,317,357,318,1.0,True,109.8602,125.3828,100.9592,6.9725,108.2863,"125.38,117.78,112.90,108.56,105.30,111.27,108.01,105.30,103.13,100.96"
Rec-G3_std_1,1,14,259,core,356,316,0.0,5.0,0.9727,358,317,362,318,1.0,True,102.8045,118.8698,90.6471,8.239,102.3161,"118.87,111.81,106.39,100.96,92.28,106.93,103.67,99.87,96.62,90.65"
Rec-G3_std_1,1,15,260,core,360,316,0.0,4.0,0.9733,362,317,366,318,0.2,False,88.4218,111.2714,77.6212,10.0648,85.491,"111.27,95.53,87.93,83.05,78.71,98.25,89.02,83.05,79.79,77.62"
Rec-G3_std_1,2,1,406,core,294,318,0.0,3.0,0.9766,296,319,300,320,1.0,True,98.5169,103.1302,96.0745,2.5137,97.7027,"103.13,102.04,100.42,99.33,98.79,96.62,96.62,96.07,96.07,96.07"
Rec-G3_std_1,2,2,407,core,298,317,14.04,4.12,0.9738,300,318,304,319,1.0,True,107.635,123.2118,99.331,6.8655,106.1153,"123.21,115.61,110.73,106.93,103.67,107.47,105.30,103.13,100.96,99.33"
Rec-G3_std_1,2,3,408,core,303,317,0.0,5.0,0.9755,305,318,309,319,1.0,True,105.8982,119.4126,98.2455,6.0557,104.7584,"119.41,112.90,108.56,105.30,102.04,106.39,104.22,102.04,99.87,98.25"
Rec-G3_std_1,2,4,409,core,308,317,0.0,5.0,0.9748,310,318,314,319,1.0,True,103.5101,115.6133,97.16,5.3402,102.0447,"115.61,109.64,105.84,102.04,100.42,104.22,102.04,99.87,98.25,97.16"
Rec-G3_std_1,2,5,410,core,313,317,0.0,5.0,0.9725,315,318,319,319,1.0,True,101.9904,111.8141,96.6172,4.4786,100.9592,"111.81,107.47,103.67,100.96,98.79,103.13,100.96,98.79,97.70,96.62"
Rec-G3_std_1,2,6,411,core,317,317,0.0,4.0,0.9705,319,318,323,319,1.0,True,103.1302,115.0706,97.16,5.2115,101.7733,"115.07,109.10,105.30,102.04,99.87,103.67,101.50,99.33,98.25,97.16"
Rec-G3_std_1,2,7,412,core,322,317,0.0,5.0,0.9705,324,318,328,319,1.0,True,102.5332,112.8996,97.16,4.6018,101.502,"112.90,108.01,104.22,102.04,99.87,103.13,100.96,98.79,98.25,97.16"
Rec-G3_std_1,2,8,413,core,327,317,0.0,5.0,0.9705,329,318,333,319,1.0,True,101.8819,111.2714,97.16,4.1834,100.9592,"111.27,106.93,103.67,101.50,99.33,102.04,100.42,98.79,97.70,97.16"
Rec-G3_std_1,2,9,414,core,332,317,0.0,5.0,0.9686,334,318,338,319,1.0,True,102.099,110.1859,98.2455,3.5957,101.2306,"110.19,106.39,103.67,102.04,100.42,102.04,100.42,99.33,98.25,98.25"
Rec-G3_std_1,2,10,415,core,337,317,0.0,5.0,0.9666,339,318,343,319,1.0,True,102.3703,109.1004,98.7882,3.0721,101.7733,"109.10,106.39,103.67,102.04,101.50,102.04,100.96,99.87,99.33,98.79"
Rec-G3_std_1,2,11,416,core,342,316,11.31,5.1,0.9665,344,317,348,318,1.0,True,108.4491,121.0408,102.0447,5.571,106.9294,"121.04,115.07,110.73,107.47,105.30,109.10,106.39,104.22,103.13,102.04"
Rec-G3_std_1,2,12,417,core,346,316,0.0,4.0,0.9686,348,317,352,318,1.0,True,111.0543,127.5537,103.1302,7.2175,109.1004,"127.55,119.41,113.99,109.64,106.93,111.81,108.56,105.84,103.67,103.13"
Rec-G3_std_1,2,13,418,core,351,316,0.0,5.0,0.9717,353,317,357,318,1.0,True,108.3406,122.669,99.8737,6.5634,106.9294,"122.67,116.16,111.27,106.93,103.67,109.64,106.93,104.22,102.04,99.87"
Rec-G3_std_1,2,14,419,core,356,316,0.0,5.0,0.9729,358,317,362,318,1.0,True,101.9362,117.7843,89.5616,8.1621,101.2306,"117.78,110.73,105.30,99.33,91.73,106.39,103.13,99.33,96.07,89.56"
Rec-G3_std_1,2,15,420,core,360,316,0.0,4.0,0.9744,362,317,366,318,0.2,False,87.9333,109.6431,77.6212,9.6511,85.2196,"109.64,94.45,87.39,82.51,78.71,98.25,87.93,83.05,79.79,77.62"
Rec-G3_std_1,3,1,571,core,291,318,-90.0,1.0,0.9773,293,319,297,320,1.0,True,96.563,100.4165,92.2753,2.8144,96.6172,"99.87,100.42,99.33,98.25,98.25,92.28,93.36,94.45,94.45,94.99"
Rec-G3_std_1,3,2,572,core,295,318,0.0,4.0,0.9767,297,319,301,320,1.0,True,100.7421,107.4722,97.16,3.3387,99.331,"107.47,105.30,103.13,101.50,99.87,98.79,98.25,98.25,97.70,97.16"
Rec-G3_std_1,3,3,573,core,300,317,11.31,5.1,0.9751,302,318,306,319,1.0,True,107.635,122.1263,99.8737,6.4404,106.1153,"122.13,115.07,110.73,106.93,103.67,108.01,105.30,103.13,101.50,99.87"
Rec-G3_std_1,3,4,574,core,305,317,0.0,5.0,0.9753,307,318,311,319,1.0,True,105.4097,117.7843,98.2455,5.5763,103.9443,"117.78,111.81,108.01,104.22,102.04,106.39,103.67,102.04,99.87,98.25"
Rec-G3_std_1,3,5,575,core,310,317,0.0,5.0,0.9739,312,318,316,319,1.0,True,103.89,115.0706,98.2455,4.9992,102.5874,"115.07,109.64,105.84,103.13,100.42,105.30,102.04,100.42,98.79,98.25"
Rec-G3_std_1,3,6,576,core,314,317,0.0,4.0,0.9716,316,318,320,319,1.0,True,104.4328,117.2416,97.7027,5.6727,103.1302,"117.24,110.73,106.93,103.13,100.96,105.30,103.13,100.96,98.25,97.70"
Rec-G3_std_1,3,7,577,core,319,317,0.0,5.0,0.9718,321,318,325,319,1.0,True,102.9674,113.9851,97.16,4.9628,101.7733,"113.99,109.10,105.30,102.04,99.87,103.13,101.50,99.33,98.25,97.16"
Rec-G3_std_1,3,8,578,core,324,317,0.0,5.0,0.9716,326,318,330,319,1.0,True,102.1533,111.8141,97.16,4.3677,101.2306,"111.81,107.47,103.67,101.50,99.33,103.13,100.96,98.79,97.70,97.16"
Rec-G3_std_1,3,9,579,core,329,317,0.0,5.0,0.9706,331,318,335,319,1.0,True,101.8276,110.1859,97.7027,3.7066,100.9592,"110.19,106.39,103.13,101.50,99.87,102.04,100.42,98.79,98.25,97.70"
Rec-G3_std_1,3,10,580,core,334,317,0.0,5.0,0.9689,336,318,340,319,1.0,True,102.0447,109.1004,98.2455,3.1647,101.502,"109.10,105.84,103.13,102.04,100.96,102.04,100.96,99.33,98.79,98.25"
Rec-G3_std_1,3,11,581,core,339,316,11.31,5.1,0.9662,341,317,345,318,1.0,True,108.0692,121.5835,100.9592,5.9773,106.3867,"121.58,115.07,110.19,106.93,105.30,109.10,105.84,103.67,102.04,100.96"
Rec-G3_std_1,3,12,582,core,343,316,0.0,4.0,0.9674,345,317,349,318,1.0,True,111.1085,128.6392,102.0447,7.5831,109.3718,"128.64,119.41,113.99,110.19,106.93,111.81,108.56,105.84,103.67,102.04"
Rec-G3_std_1,3,13,583,core,348,316,0.0,5.0,0.9708,350,317,354,318,1.0,True,110.6744,125.9255,103.1302,6.5195,109.1004,"125.93,117.78,112.90,109.64,106.93,111.27,108.56,106.39,104.22,103.13"
Rec-G3_std_1,3,14,584,core,353,316,0.0,5.0,0.9728,355,317,359,318,1.0,True,107.038,121.0408,98.2455,6.5974,105.8439,"121.04,115.07,109.64,105.30,101.50,109.10,106.39,103.13,100.96,98.25"
Rec-G3_std_1,3,15,585,core,358,316,0.0,5.0,0.9735,360,317,364,318,0.6,False,94.2835,113.9851,79.7922,11.2626,94.4463,"113.99,106.93,96.62,85.76,80.33,103.67,99.87,92.28,83.59,79.79"
Rec-G3_std_1,3,16,586,core,361,316,0.0,3.0,0.9787,363,317,367,318,0.0,False,83.4286,97.16,76.5357,6.3157,81.6918,"97.16,89.02,83.59,79.79,77.62,89.56,83.59,79.79,77.62,76.54"
Rec-G3_std_1,4,1,729,core,291,317,180.0,1.0,0.9764,293,318,297,319,1.0,True,103.293,115.0706,97.7027,5.9852,100.4165,"115.07,111.27,108.01,105.30,102.04,98.25,98.79,98.25,98.25,97.70"
Rec-G3_std_1,4,2,730,core,302,317,0.0,11.0,0.976,304,318,308,319,1.0,True,106.061,117.7843,99.331,5.4933,105.3012,"117.78,112.90,108.56,105.30,102.04,106.93,105.30,102.04,100.42,99.33"
Rec-G3_std_1,4,3,731,core,306,317,0.0,4.0,0.973,308,318,312,319,1.0,True,106.8751,121.5835,98.7882,6.4285,105.5725,"121.58,113.99,109.64,105.84,103.13,106.93,105.30,103.13,100.42,98.79"
Rec-G3_std_1,4,4,732,core,311,317,0.0,5.0,0.9736,313,318,317,319,1.0,True,104.5956,117.2416,97.7027,5.6667,103.4016,"117.24,111.27,106.93,103.67,100.96,105.30,103.13,100.96,98.79,97.70"
Rec-G3_std_1,4,5,733,core,316,317,0.0,5.0,0.9739,318,318,322,319,1.0,True,102.8588,112.8996,96.6172,4.8256,102.0447,"112.90,109.10,105.30,102.04,99.33,103.67,102.04,99.33,98.25,96.62"
Rec-G3_std_1,4,6,734,core,321,317,0.0,5.0,0.9725,323,318,327,319,1.0,True,102.2618,111.8141,97.16,4.3365,101.2306,"111.81,107.47,104.22,101.50,99.33,103.13,100.96,98.79,98.25,97.16"
Rec-G3_std_1,4,7,735,core,326,317,0.0,5.0,0.9708,328,318,332,319,1.0,True,101.8819,110.1859,97.7027,3.7292,100.9592,"110.19,106.39,103.67,101.50,99.87,102.04,100.42,98.79,98.25,97.70"
Rec-G3_std_1,4,8,736,core,331,317,0.0,5.0,0.9676,333,318,337,319,1.0,True,101.8276,109.1004,98.2455,3.2673,100.9592,"109.10,105.84,103.13,101.50,100.42,102.04,100.42,99.33,98.25,98.25"
Rec-G3_std_1,4,9,737,core,335,317,0.0,4.0,0.9675,337,318,341,319,1.0,True,104.2157,112.8996,99.331,3.9512,103.4016,"112.90,109.10,106.39,103.67,102.04,103.67,103.13,101.50,100.42,99.33"
Rec-G3_std_1,4,10,738,core,340,316,11.31,5.1,0.968,342,317,346,318,1.0,True,111.2171,128.0965,103.1302,7.2795,109.3718,"128.10,119.41,113.99,110.19,106.93,111.81,108.56,105.84,104.22,103.13"
Rec-G3_std_1,4,11,739,core,345,316,0.0,5.0,0.9702,347,317,351,318,1.0,True,111.2171,125.9255,103.1302,6.5285,109.6431,"125.93,118.87,113.99,110.19,107.47,111.81,109.10,106.39,105.30,103.13"
Rec-G3_std_1,4,12,740,core,350,316,0.0,5.0,0.9712,352,317,356,318,1.0,True,110.1316,123.2118,102.0447,6.1426,108.829,"123.21,117.78,112.90,109.10,106.39,111.27,108.56,106.39,103.67,102.04"
Rec-G3_std_1,4,13,741,core,359,316,0.0,9.0,0.9725,361,317,365,318,0.4,False,92.3296,117.7843,78.1639,12.4606,88.7475,"117.78,103.67,91.19,84.13,79.79,105.30,96.07,86.31,80.88,78.16"
Rec-G3_std_1,4,14,742,core,361,316,0.0,2.0,0.9814,363,317,367,318,0.0,False,83.32,97.16,76.5357,6.2698,81.4204,"97.16,88.48,83.05,79.79,77.62,89.56,83.59,79.79,77.62,76.54"
Rec-G3_std_1,5,1,894,core,291,318,-90.0,1.0,0.9781,293,319,297,320,1.0,True,96.8344,100.4165,92.2753,2.6941,96.8886,"99.87,100.42,99.87,98.25,98.25,92.28,94.45,94.45,94.99,95.53"
Rec-G3_std_1,5,2,895,core,295,318,0.0,4.0,0.9786,297,319,301,320,1.0,True,100.7421,106.9294,97.7027,3.1759,99.331,"106.93,105.30,103.13,101.50,99.87,98.79,98.25,98.25,97.70,97.70"
Rec-G3_std_1,5,3,896,core,300,317,11.31,5.1,0.9765,302,318,306,319,1.0,True,107.2008,120.498,99.8737,5.9269,105.8439,"120.50,113.99,110.19,106.39,103.67,107.47,105.30,103.13,101.50,99.87"
Rec-G3_std_1,5,4,897,core,305,317,0.0,5.0,0.9755,307,318,311,319,1.0,True,105.5183,117.2416,98.7882,5.3189,104.2157,"117.24,111.81,108.01,104.22,102.04,106.39,104.22,102.04,100.42,98.79"
Rec-G3_std_1,5,5,898,core,305,317,0.0,0.0,0.9755,307,318,311,319,1.0,True,105.5183,117.2416,98.7882,5.3189,104.2157,"117.24,111.81,108.01,104.22,102.04,106.39,104.22,102.04,100.42,98.79"
Rec-G3_std_1,5,6,899,core,310,317,0.0,5.0,0.9739,312,318,316,319,1.0,True,103.5101,113.9851,98.2455,4.7381,102.0447,"113.99,109.10,105.30,102.04,99.87,105.30,102.04,100.42,98.79,98.25"
Rec-G3_std_1,5,7,900,core,319,317,0.0,9.0,0.9738,321,318,325,319,1.0,True,102.4246,111.8141,97.16,4.3558,101.502,"111.81,108.01,104.22,102.04,99.33,103.13,100.96,99.33,98.25,97.16"
Rec-G3_std_1,5,8,901,core,324,317,0.0,5.0,0.9729,326,318,330,319,1.0,True,102.1532,111.2714,97.16,4.0962,101.2306,"111.27,106.93,103.67,101.50,99.87,103.13,100.96,98.79,98.25,97.16"
Rec-G3_std_1,5,9,902,core,334,317,0.0,10.0,0.9679,336,318,340,319,1.0,True,103.0216,109.6431,99.331,3.0683,102.5874,"109.64,106.93,104.22,103.13,102.04,103.13,101.50,100.42,99.87,99.33"
Rec-G3_std_1,5,10,903,core,338,317,0.0,4.0,0.968,340,318,344,319,1.0,True,104.7584,112.8996,100.4165,3.7602,103.6729,"112.90,109.64,106.93,104.22,103.13,104.22,103.13,102.04,100.96,100.42"
Rec-G3_std_1,5,11,904,core,343,316,11.31,5.1,0.9696,345,317,349,318,1.0,True,111.3256,128.0965,103.1302,7.2226,109.6431,"128.10,119.41,113.99,110.19,106.93,111.81,109.10,106.39,104.22,103.13"
Rec-G3_std_1,5,12,905,core,348,316,0.0,5.0,0.9718,350,317,354,318,1.0,True,110.5658,124.84,103.1302,6.2689,109.1004,"124.84,117.78,112.90,109.64,106.93,111.27,108.56,106.39,104.22,103.13"
Rec-G3_std_1,5,13,906,core,353,316,0.0,5.0,0.9728,355,317,359,318,1.0,True,107.0922,120.498,98.7882,6.2075,105.8439,"120.50,113.99,109.64,105.30,102.04,109.64,106.39,103.13,101.50,98.79"
Rec-G3_std_1,5,14,907,core,358,316,0.0,5.0,0.9728,360,317,364,318,0.6,False,93.795,112.8996,78.7067,11.2121,94.1749,"112.90,106.39,96.07,85.22,80.33,103.67,99.33,92.28,83.05,78.71"
Rec-G3_std_1,5,15,908,core,361,316,0.0,3.0,0.9788,363,317,367,318,0.0,False,83.5914,97.7027,76.5357,6.4857,81.6918,"97.70,89.56,84.13,79.79,77.62,89.56,83.59,79.79,77.62,76.54"
Rec-G3_std_1,6,1,1054,core,291,318,-90.0,1.0,0.9771,293,319,297,320,1.0,True,96.2916,99.331,91.7325,2.4895,96.8886,"98.25,99.33,98.79,98.25,98.25,91.73,93.36,94.45,94.99,95.53"
Rec-G3_std_1,6,2,1055,core,294,318,0.0,3.0,0.9781,296,319,300,320,1.0,True,99.6566,105.3012,97.16,2.7267,98.5169,"105.30,103.13,101.50,100.42,99.33,97.70,97.70,97.16,97.16,97.16"
Rec-G3_std_1,6,3,1056,core,298,317,14.04,4.12,0.9744,300,318,304,319,1.0,True,109.2089,124.84,100.9592,6.9835,107.7435,"124.84,117.24,112.90,108.56,105.30,109.10,106.93,104.22,102.04,100.96"
Rec-G3_std_1,6,4,1057,core,303,317,0.0,5.0,0.9765,305,318,309,319,1.0,True,107.1465,121.0408,99.8737,6.0739,105.5725,"121.04,113.99,109.64,105.84,103.13,108.01,105.30,103.13,101.50,99.87"
Rec-G3_std_1,6,5,1058,core,308,317,0.0,5.0,0.9762,310,318,314,319,1.0,True,104.7584,116.6988,98.2455,5.3784,103.1302,"116.70,111.27,106.93,103.13,101.50,105.84,103.13,101.50,99.33,98.25"
Rec-G3_std_1,6,6,1059,core,313,317,0.0,5.0,0.9747,315,318,319,319,1.0,True,103.1845,112.8996,97.7027,4.589,102.0447,"112.90,109.10,105.30,102.04,100.42,104.22,102.04,99.87,98.25,97.70"
Rec-G3_std_1,6,7,1060,core,317,317,0.0,4.0,0.9718,319,318,323,319,1.0,True,104.4328,116.6988,98.2455,5.4068,103.1302,"116.70,110.73,106.39,103.13,100.96,105.30,103.13,100.96,98.79,98.25"
Rec-G3_std_1,6,8,1061,core,327,317,0.0,10.0,0.9722,329,318,333,319,1.0,True,102.099,111.2714,97.16,4.108,101.2306,"111.27,106.93,104.22,101.50,99.87,102.04,100.96,98.79,98.25,97.16"
Rec-G3_std_1,6,9,1062,core,332,317,0.0,5.0,0.9708,334,318,338,319,1.0,True,102.8045,110.7286,98.2455,3.7696,101.7733,"110.73,107.47,105.30,102.04,100.96,103.13,101.50,99.87,98.79,98.25"
Rec-G3_std_1,6,10,1063,core,337,317,0.0,5.0,0.9684,339,318,343,319,1.0,True,102.8046,109.6431,98.7882,3.1666,101.7733,"109.64,106.93,104.22,102.04,101.50,103.13,101.50,100.42,99.87,98.79"
Rec-G3_std_1,6,11,1064,core,342,316,11.31,5.1,0.9685,344,317,348,318,1.0,True,108.6662,122.1263,102.0447,5.9047,106.9294,"122.13,115.61,111.27,107.47,105.30,109.10,106.39,104.22,103.13,102.04"
Rec-G3_std_1,6,12,1065,core,346,316,0.0,4.0,0.9698,348,317,352,318,1.0,True,111.9227,128.6392,103.1302,7.3051,109.9145,"128.64,120.50,115.07,110.73,108.01,111.81,109.10,106.93,105.30,103.13"
Rec-G3_std_1,6,13,1066,core,351,316,0.0,5.0,0.9727,353,317,357,318,1.0,True,110.2402,125.3828,102.0447,6.7373,108.829,"125.38,117.78,112.90,109.10,105.30,111.81,108.56,105.84,103.67,102.04"
Rec-G3_std_1,6,14,1067,core,356,316,0.0,5.0,0.9746,358,317,362,318,1.0,True,103.9986,119.4126,91.1898,8.196,103.6729,"119.41,112.90,107.47,102.04,93.36,108.56,105.30,101.50,98.25,91.19"
Rec-G3_std_1,6,15,1068,core,360,316,0.0,4.0,0.9759,362,317,366,318,0.2,False,88.3675,111.2714,77.6212,10.1533,85.2196,"111.27,95.53,87.39,82.51,78.71,98.79,89.02,83.05,79.79,77.62"
Rec-G3_std_1,7,1,1209,core,292,318,-45.0,1.41,0.978,294,319,298,320,1.0,True,97.8113,101.502,94.989,2.3256,97.4314,"101.50,100.96,99.87,98.79,98.79,94.99,95.53,95.53,96.07,96.07"
Rec-G3_std_1,7,2,1210,core,296,318,0.0,4.0,0.9768,298,319,302,320,1.0,True,101.4477,107.4722,98.2455,2.897,100.4165,"107.47,105.30,103.13,102.04,100.96,99.87,99.87,98.79,98.79,98.25"
Rec-G3_std_1,7,3,1211,core,301,317,11.31,5.1,0.9755,303,318,307,319,1.0,True,107.3093,119.4126,100.4165,5.5405,106.1153,"119.41,113.99,109.64,106.39,103.67,108.56,105.84,103.13,102.04,100.42"
Rec-G3_std_1,7,4,1212,core,305,317,0.0,4.0,0.9745,307,318,311,319,1.0,True,107.9606,122.1263,100.4165,6.2567,106.658,"122.13,115.07,110.73,106.93,103.67,108.56,106.39,103.67,102.04,100.42"
Rec-G3_std_1,7,5,1213,core,320,317,0.0,15.0,0.9735,322,318,326,319,1.0,True,103.1302,111.8141,98.2455,4.1191,102.0447,"111.81,108.56,105.30,102.04,100.42,103.67,102.04,100.42,98.79,98.25"
Rec-G3_std_1,7,6,1214,core,325,317,0.0,5.0,0.9707,327,318,331,319,1.0,True,102.2618,110.7286,98.2455,3.8085,101.2306,"110.73,106.93,103.67,101.50,99.87,103.13,100.96,99.33,98.25,98.25"
Rec-G3_std_1,7,7,1215,core,329,317,0.0,4.0,0.9691,331,318,335,319,1.0,True,103.7815,113.9851,98.2455,4.5461,102.5874,"113.99,109.10,105.84,103.13,100.96,104.22,102.04,100.96,99.33,98.25"
Rec-G3_std_1,7,8,1216,core,334,317,0.0,5.0,0.9693,336,318,340,319,1.0,True,103.6187,111.8141,98.7882,3.795,102.5874,"111.81,108.56,105.30,103.13,102.04,103.67,102.04,100.96,99.87,98.79"
Rec-G3_std_1,7,9,1217,core,339,316,11.31,5.1,0.9693,341,317,345,318,1.0,True,110.4573,127.011,102.0447,7.2054,108.5576,"127.01,118.87,112.90,109.10,106.39,111.27,108.01,105.30,103.67,102.04"
Rec-G3_std_1,7,10,1218,core,344,316,0.0,5.0,0.9712,346,317,350,318,1.0,True,110.403,124.84,103.1302,6.3211,108.829,"124.84,117.78,112.90,109.64,106.93,110.73,108.01,105.84,104.22,103.13"
Rec-G3_std_1,7,11,1219,core,349,316,0.0,5.0,0.9721,351,317,355,318,1.0,True,109.3718,122.1263,102.0447,5.7707,108.2863,"122.13,116.16,111.81,108.56,105.84,110.19,108.01,105.30,103.67,102.04"
Rec-G3_std_1,7,12,1220,core,354,316,0.0,5.0,0.9716,356,317,360,318,1.0,True,105.8982,118.8698,98.2455,6.1186,104.7584,"118.87,112.90,108.56,104.22,100.42,108.56,105.30,102.04,99.87,98.25"
Rec-G3_std_1,7,13,1221,core,358,316,0.0,4.0,0.9748,360,317,364,318,0.6,False,96.1288,117.7843,79.7922,12.4274,96.3459,"117.78,110.19,99.33,87.39,80.88,106.39,102.04,93.36,84.13,79.79"
Rec-G3_std_1,7,14,1222,core,361,316,0.0,3.0,0.981,363,317,367,318,0.0,False,83.5371,97.7027,76.5357,6.4832,81.6918,"97.70,89.56,83.59,79.79,77.62,89.56,83.59,79.79,77.62,76.54"
Rec-G3_std_1,8,1,1367,core,291,317,180.0,1.0,0.9785,293,318,297,319,1.0,True,102.8588,112.8996,97.16,5.4016,100.6878,"112.90,109.64,107.47,105.30,103.13,97.16,98.25,98.25,98.25,98.25"
Rec-G3_std_1,8,2,1368,core,295,318,-14.04,4.12,0.9779,297,319,301,320,1.0,True,101.2849,106.9294,98.2455,2.8944,100.4165,"106.93,105.30,103.13,102.04,101.50,99.33,98.79,98.79,98.79,98.25"
Rec-G3_std_1,8,3,1369,core,300,317,11.31,5.1,0.9753,302,318,306,319,1.0,True,107.3636,119.4126,100.9592,5.4911,106.1153,"119.41,113.99,110.19,106.39,103.67,108.01,105.84,103.13,102.04,100.96"
Rec-G3_std_1,8,4,1370,core,304,317,0.0,4.0,0.9754,306,318,310,319,1.0,True,108.7205,123.2118,100.9592,6.4221,107.4722,"123.21,116.16,111.27,108.01,105.30,109.10,106.93,104.22,102.04,100.96"
Rec-G3_std_1,8,5,1371,core,309,317,0.0,5.0,0.9762,311,318,315,319,1.0,True,106.7666,119.4126,99.8737,5.5511,105.5725,"119.41,112.90,109.10,105.84,103.13,107.47,105.30,103.13,101.50,99.87"
Rec-G3_std_1,8,6,1372,core,314,317,0.0,5.0,0.9764,316,318,320,319,1.0,True,104.7041,115.6133,98.7882,4.8754,103.4016,"115.61,110.19,106.93,103.67,101.50,105.84,103.13,101.50,99.87,98.79"
Rec-G3_std_1,8,7,1373,core,319,317,0.0,5.0,0.9739,321,318,325,319,1.0,True,103.0759,111.8141,98.2455,4.0503,102.0447,"111.81,108.01,105.30,102.04,100.42,103.67,102.04,100.42,98.79,98.25"
Rec-G3_std_1,8,8,1374,core,324,317,0.0,5.0,0.9709,326,318,330,319,1.0,True,102.4246,110.7286,98.2455,3.7449,101.7733,"110.73,106.93,103.67,102.04,99.87,103.13,101.50,99.87,98.25,98.25"
Rec-G3_std_1,8,9,1375,core,328,317,0.0,4.0,0.9704,330,318,334,319,1.0,True,103.673,112.8996,98.7882,4.239,102.5874,"112.90,109.10,105.84,103.13,100.96,103.67,102.04,100.96,99.33,98.79"
Rec-G3_std_1,8,10,1376,core,333,317,0.0,5.0,0.9706,335,318,339,319,1.0,True,103.7272,111.8141,99.331,3.7559,102.5874,"111.81,108.56,105.84,103.13,102.04,103.67,102.04,100.96,99.87,99.33"
Rec-G3_std_1,8,11,1377,core,338,317,0.0,5.0,0.9698,340,318,344,319,1.0,True,104.1614,111.8141,100.4165,3.4365,103.4016,"111.81,108.56,105.84,103.67,103.13,103.67,102.04,101.50,100.96,100.42"
Rec-G3_std_1,8,12,1378,core,343,316,11.31,5.1,0.9715,345,317,349,318,1.0,True,110.6201,124.84,103.1302,6.2394,109.1004,"124.84,117.78,112.90,109.64,107.47,111.27,108.56,106.39,104.22,103.13"
Rec-G3_std_1,8,13,1379,core,348,316,0.0,5.0,0.972,350,317,354,318,1.0,True,109.9688,122.669,103.1302,5.6519,108.829,"122.67,116.70,111.81,109.10,106.93,110.73,108.56,105.84,104.22,103.13"
Rec-G3_std_1,8,14,1380,core,357,316,0.0,9.0,0.9748,359,317,363,318,0.8,False,100.3079,119.4126,83.0486,11.0614,101.502,"119.41,111.81,105.30,95.53,84.68,108.01,103.67,99.33,92.28,83.05"
Rec-G3_std_1,8,15,1381,core,361,316,0.0,4.0,0.9791,363,317,367,318,0.0,False,83.4285,97.7027,75.9929,6.4951,81.6918,"97.70,89.02,83.59,79.79,77.62,89.56,83.59,79.79,77.62,75.99"
Rec-G3_std_1,9,1,1522,core,292,318,-45.0,1.41,0.9802,294,319,298,320,1.0,True,98.4083,102.0447,94.989,2.6035,97.9741,"102.04,102.04,100.96,99.87,99.33,94.99,95.53,96.07,96.62,96.62"
Rec-G3_std_1,9,2,1523,core,296,318,0.0,4.0,0.975,298,319,302,320,1.0,True,102.8045,109.6431,98.7882,3.4257,101.7733,"109.64,107.47,105.30,103.13,102.04,101.50,100.96,99.87,99.33,98.79"
Rec-G3_std_1,9,3,1524,core,301,317,11.31,5.1,0.9757,303,318,307,319,1.0,True,108.9376,122.669,101.502,6.1551,107.4722,"122.67,116.16,111.81,108.01,104.22,109.64,106.93,105.30,103.13,101.50"
Rec-G3_std_1,9,4,1525,core,306,317,0.0,5.0,0.977,308,318,312,319,1.0,True,106.8751,118.8698,100.4165,5.3972,105.5725,"118.87,112.90,109.64,105.84,103.13,108.01,105.30,103.13,101.50,100.42"
Rec-G3_std_1,9,5,1526,core,311,317,0.0,5.0,0.9759,313,318,317,319,1.0,True,104.8127,116.1561,98.2455,5.1458,103.4016,"116.16,110.73,106.93,103.13,100.96,106.39,103.67,102.04,99.87,98.25"
Rec-G3_std_1,9,6,1527,core,316,317,0.0,5.0,0.9735,318,318,322,319,1.0,True,103.1845,111.8141,98.2455,4.1295,102.0447,"111.81,108.56,105.30,102.04,100.42,104.22,102.04,100.42,98.79,98.25"
Rec-G3_std_1,9,7,1528,core,320,317,0.0,4.0,0.9722,322,318,326,319,1.0,True,104.9755,116.1561,98.7882,4.9992,103.6729,"116.16,110.73,107.47,104.22,102.04,105.30,103.13,102.04,99.87,98.79"
Rec-G3_std_1,9,8,1529,core,320,317,0.0,0.0,0.9722,322,318,326,319,1.0,True,104.9755,116.1561,98.7882,4.9992,103.6729,"116.16,110.73,107.47,104.22,102.04,105.30,103.13,102.04,99.87,98.79"
Rec-G3_std_1,9,9,1530,core,325,317,0.0,5.0,0.973,327,318,331,319,1.0,True,104.6499,113.9851,99.331,4.3542,103.4016,"113.99,110.19,106.93,103.67,102.04,105.30,103.13,101.50,100.42,99.33"
Rec-G3_std_1,9,10,1531,core,335,317,0.0,10.0,0.9705,337,318,341,319,1.0,True,104.7584,111.8141,100.9592,3.3103,103.6729,"111.81,109.10,106.39,104.22,103.13,105.30,103.13,102.04,101.50,100.96"
Rec-G3_std_1,9,11,1532,core,340,316,11.31,5.1,0.9691,342,317,346,318,1.0,True,110.7286,124.2973,103.6729,5.985,109.1004,"124.30,117.78,112.90,109.64,106.93,111.81,108.56,106.39,105.30,103.67"
Rec-G3_std_1,9,12,1533,core,345,316,0.0,5.0,0.97,347,317,351,318,1.0,True,110.2402,122.669,103.6729,5.4516,108.829,"122.67,116.70,111.81,109.10,106.93,111.27,108.56,106.39,105.30,103.67"
Rec-G3_std_1,9,13,1534,core,349,316,0.0,4.0,0.9723,351,317,355,318,1.0,True,112.3026,128.0965,103.6729,7.0241,111.0,"128.10,120.50,115.07,111.27,107.47,112.90,110.73,108.01,105.30,103.67"
Rec-G3_std_1,9,14,1535,core,354,316,0.0,5.0,0.9748,356,317,360,318,1.0,True,107.7978,123.2118,98.2455,7.2052,106.1153,"123.21,116.16,110.73,105.30,101.50,110.73,106.93,103.67,101.50,98.25"
Rec-G3_std_1,9,15,1536,core,359,316,0.0,5.0,0.9756,361,317,365,318,0.4,False,90.5385,112.8996,77.6212,11.4718,87.1192,"112.90,101.50,89.02,82.51,78.71,103.13,94.99,85.22,79.79,77.62"
Rec-G3_std_1,9,16,1537,core,361,316,0.0,2.0,0.9828,363,317,367,318,0.0,False,83.2657,97.16,75.9929,6.3304,81.4204,"97.16,88.48,83.05,79.79,77.62,89.56,83.59,79.79,77.62,75.99"
Rec-G3_std_1,10,1,1667,core,291,318,-90.0,1.0,0.9779,293,319,297,320,1.0,True,97.3228,100.9592,92.2753,2.7786,97.4314,"99.87,100.96,100.42,99.33,98.79,92.28,94.45,95.53,95.53,96.07"
Rec-G3_std_1,10,2,1668,core,294,318,0.0,3.0,0.9793,296,319,300,320,1.0,True,101.2306,106.9294,98.2455,2.9851,100.1451,"106.93,105.30,103.67,102.04,100.96,99.33,98.79,98.79,98.25,98.25"
Rec-G3_std_1,10,3,1669,core,299,317,11.31,5.1,0.9767,301,318,305,319,1.0,True,108.1235,121.5835,100.9592,6.1058,106.658,"121.58,115.61,110.73,106.93,104.22,109.10,106.39,103.67,102.04,100.96"
Rec-G3_std_1,10,4,1670,core,304,317,0.0,5.0,0.9758,306,318,310,319,1.0,True,106.4409,118.8698,99.331,5.627,105.3012,"118.87,112.90,108.56,105.30,102.04,108.01,105.30,103.13,100.96,99.33"
Rec-G3_std_1,10,5,1671,core,308,317,0.0,4.0,0.9752,310,318,314,319,1.0,True,106.7123,120.498,99.331,6.127,105.3012,"120.50,113.99,109.10,105.30,102.04,107.47,105.30,103.13,100.96,99.33"
Rec-G3_std_1,10,6,1672,core,313,317,0.0,5.0,0.976,315,318,319,319,1.0,True,104.8127,117.2416,98.2455,5.5213,103.4016,"117.24,111.27,106.93,103.13,100.96,105.84,103.67,101.50,99.33,98.25"
Rec-G3_std_1,10,7,1673,core,318,317,0.0,5.0,0.976,320,318,324,319,1.0,True,103.2387,112.8996,98.2455,4.3542,102.0447,"112.90,108.56,105.30,102.04,100.42,103.67,102.04,100.42,98.79,98.25"
Rec-G3_std_1,10,8,1674,core,323,317,0.0,5.0,0.9747,325,318,329,319,1.0,True,103.293,111.8141,98.7882,3.9665,102.0447,"111.81,108.56,105.30,102.04,100.96,103.67,102.04,100.42,99.33,98.79"
Rec-G3_std_1,10,9,1675,core,328,317,0.0,5.0,0.9717,330,318,334,319,1.0,True,103.4016,111.2714,99.331,3.594,102.0447,"111.27,108.01,105.30,102.04,101.50,103.67,102.04,100.96,99.87,99.33"
Rec-G3_std_1,10,10,1676,core,332,317,0.0,4.0,0.9706,334,318,338,319,1.0,True,105.464,115.0706,100.4165,4.3082,104.4871,"115.07,110.73,107.47,105.30,103.13,105.30,103.67,102.04,101.50,100.42"
Rec-G3_std_1,10,11,1677,core,337,317,0.0,5.0,0.9709,339,318,343,319,1.0,True,105.3554,113.9851,100.9592,3.9397,104.4871,"113.99,110.19,107.47,105.30,103.13,105.30,103.67,102.04,101.50,100.96"
Rec-G3_std_1,10,12,1678,core,342,316,11.31,5.1,0.9715,344,317,348,318,1.0,True,112.1398,128.6392,103.6729,7.2216,110.1859,"128.64,120.50,115.07,110.73,107.47,112.90,109.64,107.47,105.30,103.67"
Rec-G3_std_1,10,13,1679,core,347,316,0.0,5.0,0.9733,349,317,353,318,1.0,True,110.8915,125.3828,103.1302,6.2453,109.3718,"125.38,117.78,112.90,109.64,106.93,111.81,109.10,106.93,105.30,103.13"
Rec-G3_std_1,10,14,1680,core,352,316,0.0,5.0,0.9738,354,317,358,318,1.0,True,108.1235,121.5835,100.4165,6.2394,106.658,"121.58,115.61,110.73,106.39,103.13,110.19,106.93,104.22,102.04,100.42"
Rec-G3_std_1,10,15,1681,core,356,316,0.0,4.0,0.9734,358,317,362,318,1.0,True,105.0298,123.7545,91.1898,9.3889,103.9443,"123.75,115.07,109.10,102.04,93.36,109.64,105.84,102.04,98.25,91.19"
Rec-G3_std_1,10,16,1682,core,361,316,0.0,5.0,0.977,363,317,367,318,0.0,False,83.0486,96.6172,75.9929,6.2167,81.4204,"96.62,87.93,83.05,79.79,77.08,89.56,83.05,79.79,77.62,75.99"
Rec-G3_std_1,11,1,1820,core,291,317,180.0,1.0,0.9778,293,318,297,319,1.0,True,104.7584,117.7843,98.7882,6.3434,101.7733,"117.78,112.90,109.64,106.39,103.13,99.33,100.42,99.87,99.33,98.79"
Rec-G3_std_1,11,2,1821,core,294,318,-18.43,3.16,0.9781,296,319,300,320,1.0,True,100.5793,105.8439,98.2455,2.6705,99.6023,"105.84,104.22,102.04,101.50,100.96,98.25,98.25,98.25,98.25,98.25"
Rec-G3_std_1,11,3,1822,core,298,317,14.04,4.12,0.9756,300,318,304,319,1.0,True,109.426,125.3828,100.9592,7.0272,107.7435,"125.38,117.24,112.90,108.01,105.30,109.64,107.47,105.30,102.04,100.96"
Rec-G3_std_1,11,4,1823,core,303,317,0.0,5.0,0.977,305,318,309,319,1.0,True,107.1465,121.0408,99.8737,6.1126,105.8439,"121.04,113.99,109.64,105.84,103.13,108.01,105.84,103.13,100.96,99.87"
Rec-G3_std_1,11,5,1824,core,308,317,0.0,5.0,0.9772,310,318,314,319,1.0,True,104.8127,117.2416,98.2455,5.5213,103.4016,"117.24,111.27,106.93,103.13,100.96,105.84,103.67,101.50,99.33,98.25"
Rec-G3_std_1,11,6,1825,core,313,317,0.0,5.0,0.9755,315,318,319,319,1.0,True,103.2387,113.9851,97.7027,4.8593,102.0447,"113.99,109.10,105.30,102.04,99.87,104.22,102.04,99.87,98.25,97.70"
Rec-G3_std_1,11,7,1826,core,317,317,0.0,4.0,0.9731,319,318,323,319,1.0,True,104.6499,117.2416,98.2455,5.4858,103.4016,"117.24,110.73,106.93,103.67,100.96,105.30,103.13,100.96,99.33,98.25"
Rec-G3_std_1,11,8,1827,core,322,317,0.0,5.0,0.9733,324,318,328,319,1.0,True,104.27,113.9851,98.7882,4.4851,103.1302,"113.99,110.19,106.39,103.13,101.50,104.22,103.13,101.50,99.87,98.79"
Rec-G3_std_1,11,9,1828,core,327,317,0.0,5.0,0.9736,329,318,333,319,1.0,True,104.27,112.8996,99.331,3.9471,103.4016,"112.90,109.10,106.39,103.67,102.04,104.22,103.13,101.50,100.42,99.33"
Rec-G3_std_1,11,10,1829,core,332,317,0.0,5.0,0.9721,334,318,338,319,1.0,True,104.9755,112.8996,100.9592,3.6425,103.6729,"112.90,109.64,106.93,104.22,103.13,105.30,103.13,102.04,101.50,100.96"
Rec-G3_std_1,11,11,1830,core,337,317,0.0,5.0,0.9705,339,318,343,319,1.0,True,105.6811,112.8996,102.0447,3.3899,104.7584,"112.90,110.19,107.47,105.30,103.67,105.84,104.22,103.13,102.04,102.04"
Rec-G3_std_1,11,12,1831,core,342,316,11.31,5.1,0.9699,344,317,348,318,1.0,True,111.2714,124.84,104.2157,5.9405,109.9145,"124.84,117.78,113.99,110.19,108.01,111.81,109.64,106.93,105.30,104.22"
Rec-G3_std_1,11,13,1832,core,346,316,0.0,4.0,0.9716,348,317,352,318,1.0,True,114.2565,131.8957,105.3012,7.6226,112.3569,"131.90,122.67,117.24,112.90,109.64,115.07,111.81,109.10,106.93,105.30"
Rec-G3_std_1,11,14,1833,core,351,316,0.0,5.0,0.9744,353,317,357,318,1.0,True,111.4885,126.4682,103.1302,6.7362,110.1859,"126.47,119.41,113.99,110.19,106.39,112.90,110.19,106.93,105.30,103.13"
Rec-G3_std_1,11,15,1834,core,356,316,0.0,5.0,0.9763,358,317,362,318,1.0,True,104.1071,120.498,91.1898,8.4738,103.6729,"120.50,112.90,107.47,101.50,93.36,109.10,105.30,102.04,97.70,91.19"
Rec-G3_std_1,11,16,1835,core,360,316,0.0,4.0,0.9777,362,317,366,318,0.2,False,88.0962,111.2714,77.0784,10.3323,84.9482,"111.27,95.53,87.39,82.51,78.71,98.79,88.48,82.51,78.71,77.08"
Rec-G3_std_1,12,1,1969,core,291,317,180.0,1.0,0.9791,293,318,297,319,1.0,True,103.89,116.1561,98.2455,6.1366,101.2306,"116.16,111.81,108.56,105.84,103.13,98.25,99.33,99.33,98.25,98.25"
Rec-G3_std_1,12,2,1970,core,293,318,-26.57,2.24,0.9802,295,319,299,320,1.0,True,99.928,105.3012,97.16,2.6859,98.7882,"105.30,103.13,102.04,100.96,99.87,97.16,97.70,97.70,97.70,97.70"
Rec-G3_std_1,12,3,1971,core,298,317,11.31,5.1,0.9766,300,318,304,319,1.0,True,106.7123,119.4126,99.8737,5.6414,105.3012,"119.41,112.90,109.64,105.30,103.13,107.47,105.30,103.13,100.96,99.87"
Rec-G3_std_1,12,4,1972,core,303,317,0.0,5.0,0.975,305,318,309,319,1.0,True,105.1926,116.6988,98.7882,5.1934,103.6729,"116.70,111.27,107.47,103.67,102.04,106.39,103.67,102.04,99.87,98.79"
Rec-G3_std_1,12,5,1973,core,307,317,0.0,4.0,0.977,309,318,313,319,1.0,True,106.6038,119.4126,99.331,5.8717,105.5725,"119.41,113.99,109.10,105.84,103.13,106.93,105.30,102.04,100.96,99.33"
Rec-G3_std_1,12,6,1974,core,312,317,0.0,5.0,0.9771,314,318,318,319,1.0,True,105.1384,117.2416,98.7882,5.3402,103.6729,"117.24,111.27,107.47,103.67,101.50,105.84,103.67,102.04,99.87,98.79"
Rec-G3_std_1,12,7,1975,core,317,317,0.0,5.0,0.9763,319,318,323,319,1.0,True,103.8358,113.9851,98.7882,4.4825,102.5874,"113.99,109.10,105.84,103.13,100.96,104.22,102.04,100.96,99.33,98.79"
Rec-G3_std_1,12,8,1976,core,322,317,0.0,5.0,0.9745,324,318,328,319,1.0,True,103.89,112.8996,99.331,3.9898,102.5874,"112.90,108.56,105.84,103.13,101.50,104.22,102.04,101.50,99.87,99.33"
Rec-G3_std_1,12,9,1977,core,326,317,0.0,4.0,0.9724,328,318,332,319,1.0,True,106.4409,117.2416,100.9592,4.753,105.0298,"117.24,111.81,109.10,105.84,103.67,106.39,104.22,103.13,102.04,100.96"
Rec-G3_std_1,12,10,1978,core,331,317,0.0,5.0,0.9727,333,318,337,319,1.0,True,106.1696,115.6133,101.502,4.2125,105.3012,"115.61,111.27,108.01,105.30,103.13,106.39,105.30,103.13,102.04,101.50"
Rec-G3_std_1,12,11,1979,core,336,317,0.0,5.0,0.9725,338,318,342,319,1.0,True,105.6811,112.8996,102.0447,3.3899,104.7584,"112.90,110.19,107.47,105.30,103.67,105.84,104.22,103.13,102.04,102.04"
Rec-G3_std_1,12,12,1980,core,341,316,11.31,5.1,0.9724,343,317,347,318,1.0,True,111.9227,127.011,104.2157,6.5706,110.4573,"127.01,119.41,113.99,110.73,108.01,112.90,110.19,107.47,105.30,104.22"
Rec-G3_std_1,12,13,1981,core,346,316,0.0,5.0,0.9731,348,317,352,318,1.0,True,111.6513,125.3828,104.2157,6.1503,110.1859,"125.38,118.87,113.99,110.19,108.01,112.90,110.19,107.47,105.30,104.22"
Rec-G3_std_1,12,14,1982,core,351,316,0.0,5.0,0.9727,353,317,357,318,1.0,True,109.2089,121.5835,102.0447,5.7582,108.0149,"121.58,116.16,111.27,108.01,105.30,111.27,108.01,105.30,103.13,102.04"
Rec-G3_std_1,12,15,1983,core,355,316,0.0,4.0,0.9745,357,317,361,318,1.0,True,107.1465,124.2973,96.6172,8.0436,105.5725,"124.30,116.16,110.19,104.22,99.33,110.73,106.93,103.13,99.87,96.62"
Rec-G3_std_1,12,16,1984,core,360,316,0.0,5.0,0.9781,362,317,366,318,0.2,False,86.685,107.4722,76.5357,9.6482,83.5914,"107.47,93.36,85.76,80.88,77.62,98.25,87.39,81.42,78.16,76.54"
Rec-G3_std_1,13,1,2122,core,292,318,-45.0,1.41,0.9773,294,319,298,320,1.0,True,97.9198,101.502,94.4463,2.4175,97.9741,"101.50,100.96,99.87,99.33,99.33,94.45,95.53,95.53,96.07,96.62"
Rec-G3_std_1,13,2,2123,core,296,318,0.0,4.0,0.9769,298,319,302,320,1.0,True,101.7191,108.0149,98.2455,3.0432,100.6878,"108.01,105.84,103.67,102.04,100.96,100.42,99.87,99.33,98.79,98.25"
Rec-G3_std_1,13,3,2124,core,301,317,11.31,5.1,0.976,303,318,307,319,1.0,True,106.9837,118.8698,100.4165,5.5267,105.5725,"118.87,113.99,109.64,105.84,103.13,108.01,105.30,103.13,101.50,100.42"
Rec-G3_std_1,13,4,2125,core,305,317,0.0,4.0,0.9765,307,318,311,319,1.0,True,108.1234,123.2118,99.8737,6.7563,106.658,"123.21,116.16,111.27,106.93,103.13,108.56,106.39,103.67,102.04,99.87"
Rec-G3_std_1,13,5,2126,core,310,317,0.0,5.0,0.977,312,318,316,319,1.0,True,105.464,117.7843,98.7882,5.5299,104.2157,"117.78,111.81,108.01,104.22,101.50,106.39,104.22,102.04,99.87,98.79"
Rec-G3_std_1,13,6,2127,core,315,317,0.0,5.0,0.9764,317,318,321,319,1.0,True,103.7815,113.9851,98.2455,4.7613,102.5874,"113.99,109.64,105.84,103.13,100.42,105.30,102.04,100.42,98.79,98.25"
Rec-G3_std_1,13,7,2128,core,320,317,0.0,5.0,0.9747,322,318,326,319,1.0,True,103.1845,111.8141,98.7882,3.9322,102.0447,"111.81,108.01,105.30,102.04,100.42,103.67,102.04,100.42,99.33,98.79"
Rec-G3_std_1,13,8,2129,core,325,317,0.0,5.0,0.9726,327,318,331,319,1.0,True,103.5101,111.2714,99.8737,3.4416,102.5874,"111.27,107.47,105.30,103.13,101.50,103.67,102.04,100.96,99.87,99.87"
Rec-G3_std_1,13,9,2130,core,329,317,0.0,4.0,0.9726,331,318,335,319,1.0,True,105.9525,115.0706,101.502,4.1249,104.7584,"115.07,111.27,108.01,105.30,103.13,105.84,104.22,103.13,102.04,101.50"
Rec-G3_std_1,13,10,2131,core,334,317,0.0,5.0,0.9722,336,318,340,319,1.0,True,106.2238,115.0706,101.502,4.0108,105.5725,"115.07,110.73,108.56,105.84,103.67,106.39,105.30,103.13,102.04,101.50"
Rec-G3_std_1,13,11,2132,core,339,316,11.31,5.1,0.9715,341,317,345,318,1.0,True,113.0081,129.182,105.3012,7.0004,111.0,"129.18,121.04,115.61,111.27,108.56,113.99,110.73,108.01,106.39,105.30"
Rec-G3_std_1,13,12,2133,core,344,316,0.0,5.0,0.9731,346,317,350,318,1.0,True,112.5197,127.011,105.3012,6.2453,111.0,"127.01,119.41,115.07,111.27,108.56,112.90,110.73,108.56,106.39,105.30"
Rec-G3_std_1,13,13,2134,core,349,316,0.0,5.0,0.9732,351,317,355,318,1.0,True,111.4885,124.2973,104.2157,5.7295,110.1859,"124.30,117.78,113.99,110.19,107.47,112.90,110.19,108.01,105.84,104.22"
Rec-G3_std_1,13,14,2135,core,353,316,0.0,4.0,0.9739,355,317,359,318,1.0,True,110.6201,127.5537,100.4165,7.8193,109.3718,"127.55,119.41,113.99,108.56,103.67,112.90,110.19,106.39,103.13,100.42"
Rec-G3_std_1,13,15,2136,core,358,316,0.0,5.0,0.977,360,317,364,318,0.6,False,96.1831,118.8698,78.7067,12.8157,96.6172,"118.87,110.19,98.79,86.85,80.88,106.93,102.04,94.45,84.13,78.71"
Rec-G3_std_1,13,16,2137,core,361,316,0.0,3.0,0.9825,363,317,367,318,0.0,False,83.32,97.7027,75.9929,6.5456,81.4204,"97.70,89.02,83.05,79.79,77.08,89.56,83.59,79.79,77.62,75.99"
Rec-G3_std_1,14,1,2267,core,292,318,-45.0,1.41,0.9796,294,319,298,320,1.0,True,99.2224,103.1302,95.5318,2.7116,99.0596,"103.13,103.13,101.50,100.42,100.42,95.53,96.07,96.62,97.70,97.70"
Rec-G3_std_1,14,2,2268,core,296,318,0.0,4.0,0.9752,298,319,302,320,1.0,True,103.5644,110.7286,99.331,3.5073,102.0447,"110.73,108.56,105.84,103.67,102.04,102.04,102.04,100.96,100.42,99.33"
Rec-G3_std_1,14,3,2269,core,301,317,11.31,5.1,0.9773,303,318,307,319,1.0,True,108.9918,123.2118,100.9592,6.5075,107.7435,"123.21,116.70,111.81,108.01,104.22,110.19,107.47,105.30,102.04,100.96"
Rec-G3_std_1,14,4,2270,core,306,317,0.0,5.0,0.9782,308,318,312,319,1.0,True,106.4952,119.4126,99.331,5.7582,105.3012,"119.41,112.90,109.10,105.30,102.04,107.47,105.30,103.13,100.96,99.33"
Rec-G3_std_1,14,5,2271,core,311,317,0.0,5.0,0.9769,313,318,317,319,1.0,True,104.27,115.0706,98.2455,4.977,103.1302,"115.07,110.19,106.39,103.13,100.42,105.84,103.13,100.96,99.33,98.25"
Rec-G3_std_1,14,6,2272,core,316,317,0.0,5.0,0.9742,318,318,322,319,1.0,True,102.8588,111.8141,98.2455,4.1066,101.7733,"111.81,108.01,104.22,101.50,99.87,104.22,102.04,99.87,98.79,98.25"
Rec-G3_std_1,14,7,2273,core,320,317,0.0,4.0,0.9737,322,318,326,319,1.0,True,104.7041,115.6133,98.7882,4.9294,103.4016,"115.61,110.73,106.93,103.67,101.50,105.30,103.13,101.50,99.87,98.79"
Rec-G3_std_1,14,8,2274,core,325,317,0.0,5.0,0.9742,327,318,331,319,1.0,True,104.8127,113.9851,100.4165,4.072,103.4016,"113.99,109.64,106.93,103.67,102.04,105.30,103.13,102.04,100.96,100.42"
Rec-G3_std_1,14,9,2275,core,330,317,0.0,5.0,0.9734,332,318,336,319,1.0,True,105.4097,112.8996,101.502,3.3877,104.7584,"112.90,109.64,106.93,105.30,103.13,105.30,104.22,103.13,102.04,101.50"
Rec-G3_std_1,14,10,2276,core,335,317,0.0,5.0,0.9722,337,318,341,319,1.0,True,105.6811,112.8996,102.0447,3.3899,104.7584,"112.90,110.19,107.47,105.30,103.67,105.84,104.22,103.13,102.04,102.04"
Rec-G3_std_1,14,11,2277,core,340,316,11.31,5.1,0.9705,342,317,346,318,1.0,True,112.0312,125.3828,105.3012,5.9514,110.4573,"125.38,119.41,113.99,110.73,108.56,112.90,110.19,108.01,105.84,105.30"
Rec-G3_std_1,14,12,2278,core,345,316,0.0,5.0,0.971,347,317,351,318,1.0,True,112.2483,124.84,105.8439,5.5285,111.0,"124.84,118.87,113.99,111.27,108.56,112.90,110.73,108.56,106.93,105.84"
Rec-G3_std_1,14,13,2279,core,349,316,0.0,4.0,0.9737,351,317,355,318,1.0,True,114.0394,129.7247,105.3012,7.0157,112.3569,"129.72,122.13,117.24,112.90,109.10,115.07,111.81,109.64,107.47,105.30"
Rec-G3_std_1,14,14,2280,core,354,316,0.0,5.0,0.9761,356,317,360,318,1.0,True,108.9376,124.2973,99.331,7.2535,107.7435,"124.30,117.24,111.81,106.93,102.04,111.81,108.56,105.30,102.04,99.33"
Rec-G3_std_1,14,15,2281,core,359,316,0.0,5.0,0.9768,361,317,365,318,0.4,False,90.3214,112.8996,77.0784,11.7218,86.5765,"112.90,101.50,88.48,81.96,78.16,103.67,94.99,84.68,79.79,77.08"
Rec-G3_std_1,14,16,2282,core,361,316,0.0,2.0,0.9838,363,317,367,318,0.0,False,82.8858,97.16,75.9929,6.5537,80.8776,"97.16,88.48,83.05,78.71,77.08,89.56,83.05,78.71,77.08,75.99"
Rec-G3_std_1,15,1,2412,core,291,317,180.0,1.0,0.9788,293,318,297,319,1.0,True,104.5413,115.6133,98.7882,5.7192,102.0447,"115.61,111.81,109.64,106.39,103.67,98.79,100.42,100.42,99.33,99.33"
Rec-G3_std_1,15,2,2413,core,293,318,-26.57,2.24,0.9766,295,319,299,320,1.0,True,100.0365,104.2157,97.16,2.3539,99.331,"104.22,103.13,102.04,100.96,100.42,97.16,97.70,98.25,98.25,98.25"
Rec-G3_std_1,15,3,2414,core,297,317,14.04,4.12,0.9762,299,318,303,319,1.0,True,110.0231,125.3828,102.0447,6.7311,108.5576,"125.38,117.78,112.90,109.10,105.30,110.19,108.01,105.84,103.67,102.04"
Rec-G3_std_1,15,4,2415,core,302,317,0.0,5.0,0.9776,304,318,308,319,1.0,True,108.232,121.5835,100.9592,6.1029,106.9294,"121.58,115.61,110.73,106.93,103.67,109.64,106.93,104.22,102.04,100.96"
Rec-G3_std_1,15,5,2416,core,307,317,0.0,5.0,0.9769,309,318,313,319,1.0,True,105.7896,117.7843,99.331,5.419,104.7584,"117.78,111.81,108.01,104.22,101.50,107.47,105.30,102.04,100.42,99.33"
Rec-G3_std_1,15,6,2417,core,312,317,0.0,5.0,0.9751,314,318,318,319,1.0,True,104.1614,113.9851,98.2455,4.589,103.1302,"113.99,109.64,106.39,103.13,100.96,105.30,103.13,101.50,99.33,98.25"
Rec-G3_std_1,15,7,2418,core,316,317,0.0,4.0,0.9744,318,318,322,319,1.0,True,105.6811,117.7843,99.331,5.3512,104.7584,"117.78,111.81,108.01,105.30,102.04,105.84,104.22,102.04,100.42,99.33"
Rec-G3_std_1,15,8,2419,core,321,317,0.0,5.0,0.9741,323,318,327,319,1.0,True,105.4097,115.6133,99.8737,4.6802,104.4871,"115.61,111.27,107.47,105.30,102.04,105.84,103.67,102.04,100.96,99.87"
Rec-G3_std_1,15,9,2420,core,326,317,0.0,5.0,0.9739,328,318,332,319,1.0,True,105.0298,113.9851,100.4165,4.0561,103.9443,"113.99,110.19,106.93,104.22,102.04,105.30,103.67,102.04,101.50,100.42"
Rec-G3_std_1,15,10,2421,core,331,317,0.0,5.0,0.9721,333,318,337,319,1.0,True,105.5183,112.8996,101.502,3.46,104.7584,"112.90,110.19,106.93,105.30,103.13,105.84,104.22,103.13,102.04,101.50"
Rec-G3_std_1,15,11,2422,core,336,317,0.0,5.0,0.9699,338,318,342,319,1.0,True,105.7354,112.8996,102.0447,3.3964,104.7584,"112.90,110.19,107.47,105.30,103.67,106.39,104.22,103.13,102.04,102.04"
Rec-G3_std_1,15,12,2423,core,341,316,11.31,5.1,0.9693,343,317,347,318,1.0,True,112.0312,125.3828,105.3012,5.8314,110.4573,"125.38,118.87,113.99,110.73,108.56,112.90,110.19,108.01,106.39,105.30"
Rec-G3_std_1,15,13,2424,core,345,316,0.0,4.0,0.9722,347,317,351,318,1.0,True,115.2877,132.4384,106.3867,7.4425,113.4424,"132.44,123.75,117.78,113.99,110.73,116.16,112.90,110.73,108.01,106.39"
Rec-G3_std_1,15,14,2425,core,350,316,0.0,5.0,0.9747,352,317,356,318,1.0,True,112.574,128.0965,103.6729,6.9768,111.0,"128.10,120.50,115.61,110.73,107.47,113.99,111.27,108.56,105.84,103.67"
Rec-G3_std_1,15,15,2426,core,355,316,0.0,5.0,0.9758,357,317,361,318,1.0,True,106.4952,121.5835,96.6172,7.3614,105.3012,"121.58,115.07,109.10,103.67,98.79,110.19,106.93,103.13,99.87,96.62"
Rec-G3_std_1,15,16,2427,core,360,316,0.0,5.0,0.9757,362,317,366,318,0.2,False,85.6538,105.8439,75.9929,9.3182,82.5059,"105.84,91.73,84.13,79.79,77.08,97.16,86.31,80.88,77.62,75.99"
Rec-G3_std_1,15,17,2428,core,361,316,0.0,1.0,0.9843,363,317,367,318,0.0,False,82.6144,96.6172,75.9929,6.3841,80.6063,"96.62,87.93,82.51,78.71,76.54,89.02,83.05,78.71,77.08,75.99"
Rec-G3_std_1,16,1,2561,core,291,318,-90.0,1.0,0.977,293,319,297,320,1.0,True,98.0284,101.502,93.3608,2.7159,98.2455,"100.42,101.50,100.96,100.42,99.33,93.36,94.99,95.53,96.62,97.16"
Rec-G3_std_1,16,2,2562,core,295,318,0.0,4.0,0.9774,297,319,301,320,1.0,True,102.4789,108.5576,99.331,2.9308,101.502,"108.56,106.39,104.22,103.13,102.04,100.96,100.42,99.87,99.87,99.33"
Rec-G3_std_1,16,3,2563,core,300,317,11.31,5.1,0.9769,302,318,306,319,1.0,True,108.5576,121.0408,101.502,5.6142,107.4722,"121.04,115.07,110.73,107.47,104.22,109.64,107.47,105.30,103.13,101.50"
Rec-G3_std_1,16,4,2564,core,304,317,0.0,4.0,0.9755,306,318,310,319,1.0,True,109.9688,125.3828,102.0447,6.7841,108.5576,"125.38,117.78,112.90,109.10,105.30,110.19,108.01,105.84,103.13,102.04"
Rec-G3_std_1,16,5,2565,core,309,317,0.0,5.0,0.9763,311,318,315,319,1.0,True,107.7435,121.0408,100.4165,5.897,106.658,"121.04,113.99,110.73,106.93,103.13,108.56,106.39,104.22,102.04,100.42"
Rec-G3_std_1,16,6,2566,core,314,317,0.0,5.0,0.9767,316,318,320,319,1.0,True,106.1696,117.7843,99.331,5.252,105.3012,"117.78,111.81,108.56,105.30,102.04,107.47,105.30,103.13,100.96,99.33"
Rec-G3_std_1,16,7,2567,core,319,317,0.0,5.0,0.9752,321,318,325,319,1.0,True,105.0298,115.0706,99.331,4.562,103.6729,"115.07,110.73,106.93,103.67,102.04,105.84,103.67,102.04,100.96,99.33"
Rec-G3_std_1,16,8,2568,core,324,317,0.0,5.0,0.9731,326,318,330,319,1.0,True,104.6499,112.8996,99.8737,3.8516,103.6729,"112.90,109.64,106.39,103.67,102.04,105.30,103.67,102.04,100.96,99.87"
Rec-G3_std_1,16,9,2569,core,328,317,0.0,4.0,0.9709,330,318,334,319,1.0,True,106.4952,116.6988,101.502,4.5005,105.5725,"116.70,111.81,108.56,105.84,103.67,106.39,105.30,103.13,102.04,101.50"
Rec-G3_std_1,16,10,2570,core,333,317,0.0,5.0,0.9711,335,318,339,319,1.0,True,106.9294,115.6133,102.0447,3.981,105.8439,"115.61,111.81,109.10,106.39,105.30,106.93,105.30,103.67,103.13,102.04"
Rec-G3_std_1,16,11,2571,core,338,317,0.0,5.0,0.971,340,318,344,319,1.0,True,107.635,115.0706,103.6729,3.4072,106.658,"115.07,111.81,109.64,107.47,105.84,107.47,105.84,105.30,104.22,103.67"
Rec-G3_std_1,16,12,2572,core,343,316,11.31,5.1,0.9733,345,317,349,318,1.0,True,114.7449,129.7247,106.9294,6.6879,112.8996,"129.72,122.67,117.78,112.90,110.73,115.61,112.90,110.19,108.01,106.93"
Rec-G3_std_1,16,13,2573,core,348,316,0.0,5.0,0.9741,350,317,354,318,1.0,True,113.9851,127.5537,106.3867,6.1882,112.3569,"127.55,121.58,116.70,112.90,109.64,115.07,111.81,110.19,108.01,106.39"
Rec-G3_std_1,16,14,2574,core,353,316,0.0,5.0,0.9738,355,317,359,318,1.0,True,109.2632,122.669,100.9592,6.4632,108.0149,"122.67,117.24,111.81,106.93,103.13,111.81,109.10,105.84,103.13,100.96"
Rec-G3_std_1,16,15,2575,core,357,316,0.0,4.0,0.9758,359,317,363,318,0.8,False,102.1533,123.2118,83.5914,12.0724,103.4016,"123.21,115.07,107.47,96.62,85.22,110.19,105.84,100.96,93.36,83.59"
Rec-G3_std_1,16,16,2576,core,361,316,0.0,4.0,0.9809,363,317,367,318,0.0,False,83.4828,98.2455,75.9929,6.8127,81.6918,"98.25,89.56,83.59,79.79,77.08,90.10,83.59,79.79,77.08,75.99"
Rec-G3_std_1,17,1,2700,core,293,318,-26.57,2.24,0.9776,295,319,299,320,1.0,True,101.5562,106.9294,98.2455,3.1409,100.4165,"106.93,105.84,104.22,103.13,102.04,98.25,98.79,98.79,98.79,98.79"
Rec-G3_std_1,17,2,2701,core,298,317,11.31,5.1,0.9773,300,318,304,319,1.0,True,110.0773,123.7545,103.1302,6.1251,108.829,"123.75,117.24,112.90,109.10,105.84,110.73,108.56,105.84,103.67,103.13"
Rec-G3_std_1,17,3,2702,core,303,317,0.0,5.0,0.9775,305,318,309,319,1.0,True,108.7205,121.0408,102.0447,5.6615,107.2008,"121.04,115.61,111.27,106.93,104.22,110.19,107.47,105.30,103.13,102.04"
Rec-G3_std_1,17,4,2703,core,308,317,0.0,5.0,0.9762,310,318,314,319,1.0,True,106.8751,117.7843,100.9592,4.977,105.5725,"117.78,112.90,109.10,105.30,103.13,108.01,105.84,103.67,102.04,100.96"
Rec-G3_std_1,17,5,2704,core,312,317,0.0,4.0,0.9751,314,318,318,319,1.0,True,107.7978,121.0408,100.9592,5.801,106.3867,"121.04,113.99,110.73,106.39,103.67,108.56,106.39,104.22,102.04,100.96"
Rec-G3_std_1,17,6,2705,core,317,317,0.0,5.0,0.9762,319,318,323,319,1.0,True,106.1153,117.7843,99.8737,5.1504,105.3012,"117.78,111.81,108.01,105.30,102.04,106.93,105.30,103.13,100.96,99.87"
Rec-G3_std_1,17,7,2706,core,322,317,0.0,5.0,0.9754,324,318,328,319,1.0,True,105.1384,115.0706,99.8737,4.4825,103.9443,"115.07,110.73,106.93,104.22,102.04,105.84,103.67,102.04,100.96,99.87"
Rec-G3_std_1,17,8,2707,core,327,317,0.0,5.0,0.9748,329,318,333,319,1.0,True,105.1384,113.9851,100.9592,3.8611,103.9443,"113.99,109.64,106.93,104.22,103.13,105.30,103.67,102.04,101.50,100.96"
Rec-G3_std_1,17,9,2708,core,332,317,0.0,5.0,0.9724,334,318,338,319,1.0,True,105.6811,112.8996,102.0447,3.3285,104.7584,"112.90,109.64,107.47,105.30,103.67,106.39,104.22,103.13,102.04,102.04"
Rec-G3_std_1,17,10,2709,core,336,317,0.0,4.0,0.9712,338,318,342,319,1.0,True,108.1235,117.2416,103.1302,4.1034,107.2008,"117.24,112.90,110.19,107.47,105.30,108.56,106.93,105.30,104.22,103.13"
Rec-G3_std_1,17,11,2710,core,341,316,11.31,5.1,0.9722,343,317,347,318,1.0,True,114.5821,132.4384,105.8439,7.6658,112.3569,"132.44,123.21,117.24,112.90,109.64,115.61,111.81,109.64,107.47,105.84"
Rec-G3_std_1,17,12,2711,core,346,316,0.0,5.0,0.9744,348,317,352,318,1.0,True,114.4193,129.7247,106.3867,6.7344,112.3569,"129.72,122.13,117.24,112.90,110.19,115.61,111.81,110.19,108.01,106.39"
Rec-G3_std_1,17,13,2712,core,351,316,0.0,5.0,0.9755,353,317,357,318,1.0,True,112.1398,125.9255,103.6729,6.2977,111.2714,"125.93,119.41,113.99,110.73,106.93,113.99,111.81,108.56,106.39,103.67"
Rec-G3_std_1,17,14,2713,core,356,316,0.0,5.0,0.9762,358,317,362,318,1.0,True,104.5413,120.498,91.1898,8.6199,104.2157,"120.50,113.99,107.47,102.04,93.36,110.19,106.39,102.04,98.25,91.19"
Rec-G3_std_1,17,15,2714,core,360,316,0.0,4.0,0.9792,362,317,366,318,0.2,False,87.4449,110.7286,75.9929,10.6285,84.1341,"110.73,94.99,86.31,80.88,77.62,99.33,88.48,81.96,78.16,75.99"
Rec-G3_std_1,18,1,2836,core,292,318,-90.0,1.0,0.9786,294,319,298,320,1.0,True,100.2536,104.2157,96.6172,2.523,100.1451,"104.22,103.67,102.04,101.50,101.50,96.62,97.70,98.25,98.25,98.79"
Rec-G3_std_1,18,2,2837,core,301,317,6.34,9.06,0.9768,303,318,307,319,1.0,True,111.1628,124.84,103.6729,6.0379,109.9145,"124.84,117.78,113.99,110.19,106.93,111.81,109.64,107.47,105.30,103.67"
Rec-G3_std_1,18,3,2838,core,306,317,0.0,5.0,0.9778,308,318,312,319,1.0,True,109.1547,121.5835,102.0447,5.7718,107.7435,"121.58,116.16,111.81,107.47,104.22,110.73,108.01,105.84,103.67,102.04"
Rec-G3_std_1,18,4,2839,core,311,317,0.0,5.0,0.9767,313,318,317,319,1.0,True,106.658,117.7843,100.4165,5.1618,105.5725,"117.78,112.90,108.56,105.30,102.04,108.56,105.84,103.13,102.04,100.42"
Rec-G3_std_1,18,5,2840,core,316,317,0.0,5.0,0.9742,318,318,322,319,1.0,True,104.5413,113.9851,98.7882,4.5227,103.4016,"113.99,110.19,106.39,103.13,100.96,106.39,103.67,102.04,99.87,98.79"
Rec-G3_std_1,18,6,2841,core,320,317,0.0,4.0,0.9739,322,318,326,319,1.0,True,105.6268,116.6988,99.8737,4.9279,104.7584,"116.70,111.27,108.01,105.30,102.04,105.84,104.22,102.04,100.96,99.87"
Rec-G3_std_1,18,7,2842,core,325,317,0.0,5.0,0.9744,327,318,331,319,1.0,True,105.6268,115.0706,100.9592,4.2264,104.7584,"115.07,110.73,107.47,105.30,103.13,105.84,104.22,102.04,101.50,100.96"
Rec-G3_std_1,18,8,2843,core,330,317,0.0,5.0,0.9735,332,318,336,319,1.0,True,106.1153,113.9851,102.0447,3.6509,105.3012,"113.99,110.73,108.01,105.30,103.67,106.39,105.30,103.67,102.04,102.04"
Rec-G3_std_1,18,9,2844,core,335,317,0.0,5.0,0.9719,337,318,341,319,1.0,True,106.7123,113.9851,103.1302,3.3032,105.5725,"113.99,110.73,108.56,105.84,105.30,106.93,105.30,104.22,103.13,103.13"
Rec-G3_std_1,18,10,2845,core,340,316,11.31,5.1,0.9711,342,317,346,318,1.0,True,112.574,126.4682,105.8439,5.986,111.0,"126.47,119.41,113.99,111.27,108.56,113.99,110.73,108.56,106.93,105.84"
Rec-G3_std_1,18,11,2846,core,344,316,0.0,4.0,0.972,346,317,350,318,1.0,True,116.7531,135.1522,108.0149,7.7878,114.5278,"135.15,125.38,119.41,115.07,111.81,117.24,113.99,111.81,109.64,108.01"
Rec-G3_std_1,18,12,2847,core,349,316,0.0,5.0,0.9747,351,317,355,318,1.0,True,115.2334,131.3529,106.3867,7.0934,113.4424,"131.35,123.21,117.78,112.90,110.19,116.70,113.99,111.27,108.56,106.39"
Rec-G3_std_1,18,13,2848,core,354,316,0.0,5.0,0.9766,356,317,360,318,1.0,True,110.0773,125.9255,99.8737,7.4489,108.829,"125.93,117.78,112.90,107.47,103.13,113.99,110.19,106.39,103.13,99.87"
Rec-G3_std_1,18,14,2849,core,359,316,0.0,5.0,0.9772,361,317,365,318,0.4,False,90.5928,113.9851,76.5357,12.3251,86.8478,"113.99,102.04,88.48,81.42,77.62,105.30,95.53,85.22,79.79,76.54"
Rec-G3_std_1,19,1,2975,core,291,317,0.0,0.0,0.9775,293,318,297,319,1.0,True,106.3867,118.8698,100.9592,6.0193,103.6729,"118.87,113.99,110.73,108.01,105.30,100.96,102.04,102.04,100.96,100.96"
Rec-G3_std_1,19,2,2976,core,294,318,-18.43,3.16,0.9774,296,319,300,320,1.0,True,102.7503,108.0149,100.4165,2.7034,101.502,"108.01,106.39,105.30,103.13,102.04,100.42,100.96,100.42,100.42,100.42"
Rec-G3_std_1,19,3,2977,core,299,317,11.31,5.1,0.976,301,318,305,319,1.0,True,109.0461,121.0408,103.1302,5.3863,107.4722,"121.04,115.61,111.27,107.47,105.30,110.19,107.47,105.30,103.67,103.13"
Rec-G3_std_1,19,4,2978,core,303,317,0.0,4.0,0.9754,305,318,309,319,1.0,True,110.5658,124.84,103.1302,6.2923,109.3718,"124.84,117.78,112.90,109.64,105.84,111.27,109.10,106.93,104.22,103.13"
Rec-G3_std_1,19,5,2979,core,308,317,0.0,5.0,0.9767,310,318,314,319,1.0,True,108.829,121.5835,102.0447,5.7656,107.4722,"121.58,115.61,111.27,107.47,104.22,110.19,107.47,105.30,103.13,102.04"
Rec-G3_std_1,19,6,2980,core,313,317,0.0,5.0,0.9768,315,318,319,319,1.0,True,106.8209,117.7843,100.9592,4.9554,105.5725,"117.78,112.90,108.56,105.30,103.13,108.01,105.84,103.67,102.04,100.96"
Rec-G3_std_1,19,7,2981,core,318,316,11.31,5.1,0.9053,320,317,324,318,1.0,True,127.2823,138.9514,117.7843,9.5568,126.4682,"135.15,135.15,136.78,137.87,138.95,117.78,117.78,117.78,117.78,117.78"
Rec-G3_std_1,19,8,2982,core,323,317,-11.31,5.1,0.9729,325,318,329,319,1.0,True,105.0298,113.9851,100.4165,4.0415,103.9443,"113.99,110.19,106.39,103.67,102.04,105.84,104.22,102.04,101.50,100.42"
Rec-G3_std_1,19,9,2983,core,327,317,0.0,4.0,0.972,329,318,333,319,1.0,True,106.8751,116.6988,102.0447,4.3314,105.5725,"116.70,111.81,109.10,105.84,103.67,107.47,105.30,103.67,103.13,102.04"
Rec-G3_std_1,19,10,2984,core,332,317,0.0,5.0,0.972,334,318,338,319,1.0,True,106.9837,115.0706,103.1302,3.7402,106.1153,"115.07,111.81,109.10,106.39,104.22,106.93,105.84,104.22,103.13,103.13"
Rec-G3_std_1,19,11,2985,core,337,317,0.0,5.0,0.9719,339,318,343,319,1.0,True,107.9063,115.0706,104.2157,3.2183,106.9294,"115.07,111.81,109.64,107.47,105.84,108.01,106.39,105.30,105.30,104.22"
Rec-G3_std_1,19,12,2986,core,342,316,11.31,5.1,0.9733,344,317,348,318,1.0,True,114.5821,128.6392,107.4722,6.2189,112.8996,"128.64,122.13,116.70,112.90,110.73,115.61,112.90,110.19,108.56,107.47"
Rec-G3_std_1,19,13,2987,core,347,316,0.0,5.0,0.9742,349,317,353,318,1.0,True,114.365,127.011,107.4722,5.6719,112.8996,"127.01,121.04,116.70,112.90,110.19,115.61,112.90,110.73,109.10,107.47"
Rec-G3_std_1,19,14,2988,core,351,316,0.0,4.0,0.9733,353,317,357,318,1.0,True,115.2877,132.4384,105.8439,7.572,113.4424,"132.44,123.75,117.78,112.90,109.64,117.24,113.99,111.27,108.01,105.84"
Rec-G3_std_1,19,15,2989,core,356,316,0.0,5.0,0.9763,358,317,362,318,1.0,True,106.9294,124.84,92.2753,9.5128,106.3867,"124.84,117.24,110.73,103.67,94.99,112.90,108.56,104.22,99.87,92.28"
Rec-G3_std_1,19,16,2990,core,360,316,0.0,4.0,0.9777,362,317,366,318,0.2,False,88.6932,113.9851,76.5357,11.4317,85.491,"113.99,96.07,87.93,81.96,77.62,101.50,89.56,83.05,78.71,76.54"
Rec-G3_std_1,20,1,3110,core,293,318,-26.57,2.24,0.9777,295,319,299,320,1.0,True,101.2306,105.8439,98.2455,2.7056,100.6878,"105.84,105.30,103.13,102.04,102.04,98.25,98.79,98.79,98.79,99.33"
Rec-G3_std_1,20,2,3111,core,298,317,11.31,5.1,0.9753,300,318,304,319,1.0,True,108.6119,120.498,102.0447,5.3644,107.2008,"120.50,115.07,110.73,107.47,105.30,109.64,106.93,105.30,103.13,102.04"
Rec-G3_std_1,20,3,3112,core,302,317,0.0,4.0,0.9751,304,318,308,319,1.0,True,110.5115,124.84,103.1302,6.3257,109.3718,"124.84,117.78,112.90,109.64,105.84,111.27,109.10,106.39,104.22,103.13"
Rec-G3_std_1,20,4,3113,core,307,317,0.0,5.0,0.9763,309,318,313,319,1.0,True,108.2863,121.0408,101.502,5.7503,106.9294,"121.04,115.07,110.73,106.93,103.67,109.64,106.93,104.22,103.13,101.50"
Rec-G3_std_1,20,5,3114,core,312,317,0.0,5.0,0.9765,314,318,318,319,1.0,True,106.4952,117.7843,100.9592,4.9672,105.3012,"117.78,111.81,108.56,105.30,102.04,108.01,105.30,103.13,102.04,100.96"
Rec-G3_std_1,20,6,3115,core,317,317,0.0,5.0,0.975,319,318,323,319,1.0,True,105.2469,115.0706,100.4165,4.4323,103.9443,"115.07,110.73,106.93,103.67,102.04,106.39,104.22,102.04,100.96,100.42"
Rec-G3_std_1,20,7,3116,core,322,317,0.0,5.0,0.9726,324,318,328,319,1.0,True,104.9755,113.9851,100.9592,3.9303,103.6729,"113.99,109.64,106.39,103.67,102.04,105.84,103.67,102.04,101.50,100.96"
Rec-G3_std_1,20,8,3117,core,326,317,0.0,4.0,0.972,328,318,332,319,1.0,True,107.2551,117.2416,102.0447,4.4769,106.1153,"117.24,112.90,109.10,106.39,104.22,107.47,105.84,104.22,103.13,102.04"
Rec-G3_std_1,20,9,3118,core,331,317,0.0,5.0,0.9718,333,318,337,319,1.0,True,107.2551,116.1561,103.1302,3.9153,106.1153,"116.16,111.81,109.10,106.39,105.30,107.47,105.84,104.22,103.13,103.13"
Rec-G3_std_1,20,10,3119,core,336,317,0.0,5.0,0.9714,338,318,342,319,1.0,True,107.6892,115.0706,104.2157,3.3032,106.658,"115.07,111.81,109.10,106.93,105.84,108.01,106.39,105.30,104.22,104.22"
Rec-G3_std_1,20,11,3120,core,341,316,11.31,5.1,0.9731,343,317,347,318,1.0,True,113.8223,128.0965,106.9294,6.2217,111.8141,"128.10,121.04,116.16,111.81,109.64,115.07,111.81,109.64,108.01,106.93"
Rec-G3_std_1,20,12,3121,core,346,316,0.0,5.0,0.9736,348,317,352,318,1.0,True,113.8765,126.4682,107.4722,5.6184,111.8141,"126.47,120.50,116.16,111.81,110.19,115.61,111.81,110.19,108.56,107.47"
Rec-G3_std_1,20,13,3122,core,350,316,0.0,4.0,0.9738,352,317,356,318,1.0,True,115.8847,132.4384,106.9294,7.234,113.9851,"132.44,123.75,118.87,113.99,110.73,117.24,113.99,111.81,109.10,106.93"
Rec-G3_std_1,20,14,3123,core,355,316,0.0,5.0,0.9761,357,317,361,318,1.0,True,109.3718,126.4682,98.2455,8.1276,108.2863,"126.47,117.78,111.81,106.39,100.96,113.99,110.19,105.84,102.04,98.25"
Rec-G3_std_1,20,15,3124,core,360,316,0.0,5.0,0.9787,362,317,366,318,0.2,False,86.088,108.5576,75.4502,10.3127,82.5059,"108.56,92.28,84.13,79.79,75.99,98.79,87.39,80.88,77.62,75.45"
Rec-G3_std_1,21,1,3244,core,292,318,-45.0,1.41,0.9769,294,319,298,320,1.0,True,100.9049,105.3012,97.7027,2.6305,100.6878,"105.30,104.22,103.13,102.04,102.04,97.70,98.25,98.25,98.79,99.33"
Rec-G3_std_1,21,2,3245,core,297,317,11.31,5.1,0.9754,299,318,303,319,1.0,True,110.0773,122.669,103.1302,5.6393,108.5576,"122.67,116.70,112.90,108.56,105.84,110.73,108.56,106.39,105.30,103.13"
Rec-G3_std_1,21,3,3246,core,302,317,0.0,5.0,0.9742,304,318,308,319,1.0,True,108.9918,119.4126,103.1302,4.9315,107.7435,"119.41,115.07,111.27,107.47,105.30,110.73,108.01,105.84,103.67,103.13"
Rec-G3_std_1,21,4,3247,core,306,317,0.0,4.0,0.976,308,318,312,319,1.0,True,109.9688,123.2118,103.1302,5.8566,108.829,"123.21,116.70,111.81,108.56,105.30,111.27,109.10,106.39,104.22,103.13"
Rec-G3_std_1,21,5,3248,core,311,317,0.0,5.0,0.9764,313,318,317,319,1.0,True,107.7978,119.4126,101.502,5.2856,106.658,"119.41,113.99,110.19,106.39,103.13,109.10,106.93,104.22,103.13,101.50"
Rec-G3_std_1,21,6,3249,core,316,317,0.0,5.0,0.9755,318,318,322,319,1.0,True,106.3867,116.1561,100.9592,4.4953,105.3012,"116.16,111.81,108.01,105.30,103.13,108.01,105.30,103.13,102.04,100.96"
Rec-G3_std_1,21,7,3250,core,316,317,0.0,0.0,0.9755,318,318,322,319,1.0,True,106.3867,116.1561,100.9592,4.4953,105.3012,"116.16,111.81,108.01,105.30,103.13,108.01,105.30,103.13,102.04,100.96"
Rec-G3_std_1,21,8,3251,core,325,317,0.0,9.0,0.9713,327,318,331,319,1.0,True,107.635,117.7843,102.0447,4.5348,106.658,"117.78,112.90,109.64,106.93,105.30,108.01,106.39,104.22,103.13,102.04"
Rec-G3_std_1,21,9,3252,core,330,317,0.0,5.0,0.9714,332,318,336,319,1.0,True,107.9606,116.6988,103.1302,4.0357,107.2008,"116.70,112.90,110.19,107.47,105.30,108.01,106.93,105.30,103.67,103.13"
Rec-G3_std_1,21,10,3253,core,335,317,0.0,5.0,0.9719,337,318,341,319,1.0,True,108.6119,116.1561,105.3012,3.3759,107.7435,"116.16,112.90,110.19,108.01,106.39,108.56,107.47,105.84,105.30,105.30"
Rec-G3_std_1,21,11,3254,core,340,316,11.31,5.1,0.9723,342,317,346,318,1.0,True,115.3962,130.8102,107.4722,6.8489,113.4424,"130.81,123.75,117.78,113.99,110.73,116.70,112.90,110.73,109.10,107.47"
Rec-G3_std_1,21,12,3255,core,345,316,0.0,5.0,0.9736,347,317,351,318,1.0,True,114.5821,128.0965,107.4722,5.9921,112.8996,"128.10,121.58,116.70,112.90,110.19,116.16,112.90,110.73,109.10,107.47"
Rec-G3_std_1,21,13,3256,core,350,316,0.0,5.0,0.9728,352,317,356,318,1.0,True,112.7911,125.3828,105.3012,5.7888,111.2714,"125.38,119.41,115.07,110.73,108.01,115.07,111.81,109.64,107.47,105.30"
Rec-G3_std_1,21,14,3257,core,354,316,0.0,4.0,0.9751,356,317,360,318,1.0,True,110.8915,128.0965,100.4165,7.9362,109.3718,"128.10,119.41,113.99,108.01,103.13,113.99,110.73,107.47,103.67,100.42"
Rec-G3_std_1,21,15,3258,core,359,316,0.0,5.0,0.9773,361,317,365,318,0.4,False,90.9184,115.6133,75.9929,12.8144,87.1192,"115.61,103.13,89.02,81.42,77.62,105.30,96.07,85.22,79.79,75.99"
Rec-G3_std_1,22,1,3344,core,293,317,0.0,0.0,0.9788,295,318,299,319,1.0,True,107.1465,120.498,100.4165,6.5364,104.2157,"120.50,116.16,111.81,108.01,105.30,103.13,103.13,102.04,100.96,100.42"
Rec-G3_std_1,22,2,3345,core,296,317,0.0,3.0,0.977,298,318,302,319,1.0,True,108.5576,122.669,101.502,6.4127,106.658,"122.67,116.70,111.81,108.56,105.30,107.47,105.84,103.67,102.04,101.50"
Rec-G3_std_1,22,3,3346,core,301,317,0.0,5.0,0.9782,303,318,307,319,1.0,True,107.5807,119.4126,100.4165,5.6758,106.3867,"119.41,115.07,110.73,106.93,103.67,108.01,105.84,103.67,102.04,100.42"
Rec-G3_std_1,22,4,3347,core,306,317,0.0,5.0,0.9775,308,318,312,319,1.0,True,105.464,116.6988,99.331,5.109,104.2157,"116.70,111.81,107.47,104.22,102.04,106.39,104.22,102.04,100.42,99.33"
Rec-G3_std_1,22,5,3348,core,311,317,0.0,5.0,0.9756,313,318,317,319,1.0,True,103.5644,112.8996,98.2455,4.428,102.5874,"112.90,109.10,105.30,102.04,99.87,105.30,103.13,100.42,99.33,98.25"
Rec-G3_std_1,22,6,3349,core,315,317,0.0,4.0,0.9754,317,318,321,319,1.0,True,104.867,116.1561,98.7882,5.1649,103.6729,"116.16,111.27,107.47,103.67,100.96,105.30,103.67,101.50,99.87,98.79"
Rec-G3_std_1,22,7,3350,core,320,317,0.0,5.0,0.9753,322,318,326,319,1.0,True,103.6187,112.8996,98.7882,4.256,102.5874,"112.90,109.10,105.30,103.13,100.42,104.22,102.04,100.96,99.33,98.79"
Rec-G3_std_1,22,8,3351,core,325,317,0.0,5.0,0.9751,327,318,331,319,1.0,True,103.293,111.8141,98.7882,3.8458,102.0447,"111.81,108.01,105.30,102.04,100.42,103.67,102.04,100.96,99.87,98.79"
Rec-G3_std_1,22,9,3352,core,330,317,0.0,5.0,0.9732,332,318,336,319,1.0,True,103.1845,110.1859,99.8737,3.0553,102.0447,"110.19,106.93,104.22,102.04,100.96,103.67,102.04,101.50,100.42,99.87"
Rec-G3_std_1,22,10,3353,core,335,316,11.31,5.1,0.9719,337,317,341,318,1.0,True,110.3487,125.3828,102.0447,6.8954,108.5576,"125.38,118.87,113.99,109.64,107.47,110.19,107.47,105.30,103.13,102.04"
Rec-G3_std_1,22,11,3354,core,339,316,0.0,4.0,0.9733,341,317,345,318,1.0,True,113.768,131.8957,104.2157,8.029,111.8141,"131.90,123.21,117.78,112.90,110.19,112.90,110.73,108.01,105.84,104.22"
Rec-G3_std_1,22,12,3355,core,344,316,0.0,5.0,0.9762,346,317,350,318,1.0,True,113.6594,129.182,105.3012,6.9683,112.0855,"129.18,122.13,117.24,112.90,110.19,112.90,111.27,108.56,106.93,105.30"
Rec-G3_std_1,22,13,3356,core,349,316,0.0,5.0,0.9778,351,317,355,318,1.0,True,112.0855,125.9255,103.6729,6.3908,111.0,"125.93,119.41,115.61,111.27,107.47,112.90,110.73,108.01,105.84,103.67"
Rec-G3_std_1,22,14,3357,core,354,316,0.0,5.0,0.9782,356,317,360,318,1.0,True,105.5725,121.0408,95.5318,7.6381,104.7584,"121.04,113.99,108.01,102.04,96.62,110.19,106.39,103.13,98.79,95.53"
Rec-G3_std_1,22,15,3358,core,358,316,0.0,4.0,0.9787,360,317,364,318,0.6,False,93.0894,115.0706,77.6212,11.9681,92.818,"115.07,105.30,94.45,84.13,78.71,103.67,98.79,91.19,81.96,77.62"
Rec-G3_std_1,22,16,3359,core,361,316,0.0,3.0,0.983,363,317,367,318,0.0,False,82.2888,97.16,74.3647,6.836,80.8776,"97.16,88.48,83.05,78.71,75.45,87.93,83.05,78.71,75.99,74.36"
