specimen,layer_index,obs_index,frame_idx,frame_type,tip_x,tip_y,direction_deg,movement_px,confidence,roi_c0,roi_r0,roi_c1,roi_r1,roi_valid_frac,roi_complete,roi_mean_C,roi_max_C,roi_min_C,roi_std_C,roi_median_C,roi_pixels_raw
Rec-027_std_2,1,1,1125,core,290,331,0.0,0.0,0.984,294,334,302,336,1.0,True,92.3758,97.16,89.0188,2.151,92.2753,"97.16,95.53,95.53,94.99,94.99,94.45,94.45,94.45,93.36,92.28,92.28,92.28,92.28,92.28,92.28,92.28,91.73,91.73,89.02,89.56,90.10,90.65,90.65,90.10,90.10,90.10,89.56"
Rec-027_std_2,1,2,1126,core,293,331,0.0,3.0,0.9832,297,334,305,336,1.0,True,93.1598,99.331,89.5616,2.3595,92.2753,"99.33,97.70,96.62,95.53,95.53,94.45,94.45,93.36,92.28,94.99,94.45,94.45,93.36,93.36,92.28,92.28,91.73,91.73,91.19,91.19,91.19,91.19,91.19,91.19,90.65,90.10,89.56"
Rec-027_std_2,1,3,1127,core,297,331,0.0,4.0,0.9817,301,334,309,336,1.0,True,93.1397,100.4165,89.5616,2.4861,92.2753,"100.42,98.25,96.62,95.53,94.45,94.45,93.36,93.36,92.28,95.53,94.45,94.45,93.36,92.28,92.28,92.28,91.73,91.19,92.28,91.73,91.19,91.19,91.19,90.65,90.65,90.10,89.56"
Rec-027_std_2,1,4,1128,core,302,331,0.0,5.0,0.9845,306,334,314,336,1.0,True,92.5165,98.2455,89.5616,2.0592,92.2753,"98.25,96.62,95.53,94.45,93.36,93.36,92.28,92.28,91.73,94.99,94.45,93.36,92.28,92.28,92.28,91.19,91.19,91.19,92.28,91.19,91.19,91.19,91.19,90.65,90.10,89.56,89.56"
Rec-027_std_2,1,5,1129,core,306,331,0.0,4.0,0.9825,310,334,318,336,1.0,True,92.4562,98.7882,89.5616,2.1355,92.2753,"98.79,96.62,95.53,94.45,93.36,92.28,92.28,92.28,91.73,94.99,94.45,93.36,92.28,92.28,91.73,91.19,91.19,90.65,92.28,91.73,91.19,91.19,90.65,90.65,90.10,89.56,89.56"
Rec-027_std_2,1,6,1130,core,311,331,0.0,5.0,0.9854,315,334,323,336,1.0,True,92.1145,97.16,89.5616,1.7341,92.2753,"97.16,95.53,94.45,93.36,93.36,93.36,92.28,92.28,92.28,93.36,93.36,92.28,92.28,92.28,91.19,91.19,91.19,91.19,91.73,91.19,91.19,90.65,90.65,90.10,90.10,89.56,89.56"
Rec-027_std_2,1,7,1131,core,315,331,0.0,4.0,0.9827,319,334,327,336,1.0,True,92.7376,98.2455,90.1043,1.8254,92.2753,"98.25,96.07,94.99,94.45,94.45,93.36,93.36,93.36,93.36,94.45,93.36,93.36,92.28,92.28,92.28,91.73,91.73,91.73,91.73,91.19,91.19,91.19,91.19,91.19,90.65,90.65,90.10"
Rec-027_std_2,1,8,1132,core,320,331,0.0,5.0,0.9855,324,334,332,336,1.0,True,93.1396,97.7027,90.6471,1.7243,93.3608,"97.70,96.07,95.53,94.99,94.45,94.45,94.45,93.36,93.36,94.45,94.45,93.36,93.36,93.36,92.28,92.28,92.28,92.28,92.28,91.73,91.73,91.19,91.19,91.19,91.19,91.19,90.65"
Rec-027_std_2,1,9,1133,core,324,331,0.0,4.0,0.9823,328,334,336,336,1.0,True,93.6824,98.7882,91.1898,2.0106,93.3608,"98.79,97.70,96.62,95.53,94.99,94.99,94.45,94.45,94.45,95.53,94.45,94.45,94.45,93.36,93.36,92.28,92.28,92.28,92.28,92.28,92.28,91.73,91.73,91.19,91.19,91.19,91.19"
Rec-027_std_2,1,10,1134,core,329,331,0.0,5.0,0.9854,333,334,341,336,1.0,True,93.8231,98.2455,91.1898,1.8254,93.3608,"98.25,97.16,96.07,95.53,95.53,94.99,94.99,94.99,94.45,94.99,94.99,94.45,94.45,93.36,93.36,93.36,93.36,92.28,92.28,92.28,92.28,92.28,92.28,91.73,91.19,91.19,91.19"
Rec-027_std_2,1,11,1135,core,334,331,0.0,5.0,0.9821,338,334,346,336,1.0,True,93.7628,98.2455,91.1898,1.8836,93.3608,"98.25,97.16,96.07,96.07,95.53,95.53,94.99,94.45,94.45,94.99,94.45,94.45,94.45,93.36,93.36,93.36,92.28,92.28,92.28,92.28,92.28,92.28,91.73,91.73,91.19,91.19,91.19"
Rec-027_std_2,1,12,1136,core,338,331,0.0,4.0,0.985,342,334,350,336,1.0,True,93.6623,98.7882,89.5616,2.2995,93.3608,"98.79,98.25,96.62,96.07,95.53,95.53,94.45,94.45,93.36,95.53,95.53,94.45,94.45,93.36,93.36,92.28,92.28,91.19,93.36,92.28,92.28,92.28,91.73,91.19,90.65,90.10,89.56"
Rec-027_std_2,1,13,1137,core,343,331,0.0,5.0,0.9822,347,334,355,336,1.0,True,91.1697,97.7027,84.6769,3.1904,91.1898,"97.70,96.62,95.53,94.45,93.36,92.28,91.19,89.56,88.48,94.45,94.45,93.36,92.28,91.19,90.65,89.56,87.93,86.85,92.28,91.73,91.19,90.65,89.56,88.48,87.39,85.76,84.68"
Rec-027_std_2,1,14,1138,core,347,331,0.0,4.0,0.984,351,334,359,336,0.7778,False,85.4608,96.0745,75.4502,6.2677,86.8478,"96.07,94.45,92.28,91.19,89.56,86.31,80.88,77.62,75.99,92.28,91.19,90.65,89.02,87.93,84.68,79.79,77.08,75.99,90.10,89.56,88.48,86.85,85.76,83.05,78.71,76.54,75.45"
Rec-027_std_2,1,15,1139,core,355,331,0.0,8.0,0.9817,359,334,367,336,0.0,False,75.8924,79.7922,74.3647,1.2881,75.9929,"79.79,78.16,77.08,75.99,75.99,75.99,75.45,74.91,74.36,78.16,77.08,75.99,75.99,75.45,75.45,74.91,74.91,74.36,77.08,75.99,75.99,75.99,75.45,74.91,74.91,74.36,74.36"
Rec-027_std_2,2,1,1285,core,290,331,0.0,0.0,0.984,294,334,302,336,1.0,True,92.416,97.16,89.5616,2.0921,92.2753,"97.16,95.53,95.53,94.99,94.99,94.45,94.45,94.45,93.36,92.28,92.28,92.28,92.28,92.28,92.28,92.28,91.73,91.19,89.56,89.56,90.65,90.65,90.65,90.65,90.10,90.10,89.56"
Rec-027_std_2,2,2,1286,core,294,331,0.0,4.0,0.981,298,334,306,336,1.0,True,92.617,98.2455,89.5616,2.1002,92.2753,"98.25,96.62,95.53,94.99,94.45,94.45,93.36,92.28,92.28,94.45,93.36,93.36,93.36,92.28,91.73,91.73,91.19,91.19,91.73,91.19,91.19,91.19,90.65,90.10,90.10,90.10,89.56"
Rec-027_std_2,2,3,1287,core,298,331,0.0,4.0,0.9844,302,334,310,336,1.0,True,92.7175,99.331,89.5616,2.2453,92.2753,"99.33,97.16,95.53,94.99,94.45,93.36,93.36,92.28,92.28,94.99,94.45,93.36,92.28,92.28,92.28,91.19,91.19,91.19,92.28,91.73,91.19,91.19,91.19,90.65,90.10,89.56,89.56"
Rec-027_std_2,2,4,1288,core,302,331,0.0,4.0,0.9814,306,334,314,336,1.0,True,92.8783,99.8737,89.5616,2.3184,92.2753,"99.87,97.70,96.07,94.99,94.45,93.36,93.36,92.28,92.28,95.53,94.45,93.36,92.28,92.28,92.28,91.73,91.19,91.19,92.28,91.73,91.19,91.19,91.19,91.19,90.65,90.10,89.56"
Rec-027_std_2,2,5,1289,core,307,331,0.0,5.0,0.9855,311,334,319,336,1.0,True,92.4562,98.2455,90.1043,1.9373,92.2753,"98.25,96.07,94.99,94.45,93.36,93.36,92.28,92.28,92.28,94.99,93.36,93.36,92.28,92.28,91.73,91.19,91.19,91.19,92.28,91.73,91.19,91.19,90.65,90.10,90.10,90.10,90.10"
Rec-027_std_2,2,6,1290,core,312,331,0.0,5.0,0.9829,316,334,324,336,1.0,True,92.4964,96.6172,90.6471,1.5581,92.2753,"96.62,95.53,94.45,94.45,93.36,93.36,93.36,92.28,92.28,94.45,93.36,93.36,92.28,92.28,92.28,91.73,91.19,91.73,91.73,91.19,91.19,91.19,91.19,90.65,90.65,90.65,90.65"
Rec-027_std_2,2,7,1291,core,321,331,0.0,9.0,0.9842,325,334,333,336,1.0,True,93.602,98.2455,91.1898,1.7499,93.3608,"98.25,96.62,95.53,95.53,94.99,94.99,94.45,94.45,94.45,94.99,94.45,94.45,93.36,93.36,93.36,93.36,92.28,92.28,92.28,92.28,92.28,92.28,91.73,91.73,91.19,91.19,91.19"
Rec-027_std_2,2,8,1292,core,330,331,0.0,9.0,0.9848,334,334,342,336,1.0,True,94.3659,98.7882,91.7325,1.8726,94.4463,"98.79,97.70,96.62,96.62,96.07,95.53,95.53,95.53,95.53,95.53,94.99,94.99,94.45,94.45,94.45,93.36,93.36,93.36,93.36,93.36,92.28,92.28,92.28,92.28,91.73,91.73,91.73"
Rec-027_std_2,2,9,1293,core,334,331,0.0,4.0,0.9862,338,334,346,336,1.0,True,94.7679,99.8737,91.1898,2.1773,94.989,"99.87,98.25,98.25,97.16,96.62,96.62,96.07,95.53,95.53,96.07,95.53,95.53,94.99,94.99,94.45,94.45,93.36,93.36,93.36,93.36,93.36,93.36,92.28,92.28,91.73,91.19,91.19"
Rec-027_std_2,2,10,1294,core,339,331,0.0,5.0,0.9851,343,334,351,336,1.0,True,93.8834,99.331,89.5616,2.4428,93.3608,"99.33,98.25,97.70,96.62,96.07,95.53,94.99,94.45,93.36,95.53,95.53,94.99,94.45,94.45,93.36,92.28,92.28,91.19,93.36,93.36,92.28,92.28,91.73,91.19,90.65,90.10,89.56"
Rec-027_std_2,2,11,1295,core,343,331,0.0,4.0,0.985,347,334,355,336,1.0,True,92.014,99.331,85.2196,3.4019,92.2753,"99.33,97.70,96.62,95.53,94.45,93.36,92.28,91.19,89.56,95.53,94.99,94.45,93.36,92.28,91.19,90.10,88.48,87.39,93.36,92.28,91.19,91.19,90.10,89.02,87.93,86.31,85.22"
Rec-027_std_2,2,12,1296,core,352,331,0.0,9.0,0.9828,356,334,364,336,0.2222,False,77.9026,90.1043,74.3647,3.9647,75.9929,"90.10,83.05,78.71,77.62,76.54,75.99,75.45,74.91,74.91,86.85,81.42,78.71,77.08,75.99,75.99,75.45,74.91,74.91,84.68,80.33,77.62,76.54,75.99,75.45,74.91,74.91,74.36"
Rec-027_std_2,2,13,1297,core,355,331,0.0,3.0,0.9813,359,334,367,336,0.0,False,75.9527,80.3349,74.3647,1.3772,75.9929,"80.33,78.16,77.08,75.99,75.99,75.99,75.45,74.91,74.91,78.16,77.08,75.99,75.99,75.45,75.45,74.91,74.91,74.36,77.62,76.54,75.99,75.99,75.45,74.91,74.36,74.36,74.36"
Rec-027_std_2,3,1,1450,core,291,331,0.0,1.0,0.9837,295,334,303,336,1.0,True,93.0994,98.2455,90.1043,2.1323,93.3608,"98.25,97.16,96.07,95.53,95.53,94.99,94.45,94.45,93.36,93.36,93.36,93.36,93.36,93.36,93.36,92.28,92.28,91.73,90.65,91.19,91.19,91.19,91.19,91.19,90.65,90.10,90.10"
Rec-027_std_2,3,2,1451,core,295,331,0.0,4.0,0.9828,299,334,307,336,1.0,True,93.3206,100.9592,90.1043,2.5065,92.2753,"100.96,98.25,96.62,95.53,94.99,94.45,94.45,93.36,93.36,95.53,94.45,94.45,93.36,92.28,92.28,92.28,91.73,91.73,92.28,91.73,91.73,91.19,91.19,90.65,90.65,90.10,90.10"
Rec-027_std_2,3,3,1452,core,300,331,0.0,5.0,0.9848,304,334,312,336,1.0,True,92.9386,98.7882,90.1043,2.1115,92.2753,"98.79,97.16,95.53,94.99,94.45,94.45,93.36,92.28,92.28,94.99,94.45,94.45,93.36,92.28,92.28,91.73,91.73,91.19,92.28,91.73,91.73,91.19,91.19,90.65,90.65,90.10,90.10"
Rec-027_std_2,3,4,1453,core,304,331,0.0,4.0,0.9841,308,334,316,336,1.0,True,92.8783,99.331,90.1043,2.1676,92.2753,"99.33,97.16,95.53,94.99,94.45,93.36,93.36,92.28,92.28,95.53,94.45,93.36,93.36,92.28,92.28,91.73,91.19,91.19,92.28,91.73,91.73,91.19,91.19,90.65,90.65,90.10,90.10"
Rec-027_std_2,3,5,1454,core,309,331,0.0,5.0,0.9859,313,334,321,336,1.0,True,92.5567,97.7027,90.1043,1.781,92.2753,"97.70,95.53,94.99,94.45,94.45,93.36,93.36,92.28,92.28,94.45,93.36,93.36,92.28,92.28,91.73,91.73,91.19,91.19,92.28,91.73,91.19,91.19,91.19,90.65,90.65,90.10,90.10"
Rec-027_std_2,3,6,1455,core,318,331,0.0,9.0,0.9864,322,334,330,336,1.0,True,93.1396,97.7027,91.1898,1.6199,93.3608,"97.70,96.07,94.99,94.99,94.45,94.45,94.45,93.36,93.36,94.45,93.36,93.36,93.36,93.36,92.28,92.28,92.28,92.28,92.28,92.28,91.73,91.73,91.19,91.19,91.19,91.19,91.19"
Rec-027_std_2,3,7,1456,core,322,331,0.0,4.0,0.9836,326,334,334,336,1.0,True,93.9035,98.7882,91.1898,1.791,94.4463,"98.79,97.16,96.07,95.53,95.53,94.99,94.45,94.45,94.45,95.53,94.45,94.45,94.45,94.45,93.36,93.36,93.36,92.28,92.28,92.28,92.28,92.28,92.28,92.28,91.73,91.73,91.19"
Rec-027_std_2,3,8,1457,core,327,331,0.0,5.0,0.9862,331,334,339,336,1.0,True,94.1045,98.2455,91.1898,1.755,94.4463,"98.25,97.16,96.07,96.07,95.53,95.53,95.53,94.99,94.99,95.53,94.45,94.45,94.45,94.45,93.36,93.36,93.36,93.36,93.36,93.36,92.28,92.28,92.28,91.73,91.73,91.73,91.19"
Rec-027_std_2,3,9,1458,core,331,331,0.0,4.0,0.9832,335,334,343,336,1.0,True,94.5468,99.331,91.7325,1.9205,94.4463,"99.33,98.25,97.16,96.62,96.07,95.53,95.53,95.53,95.53,95.53,95.53,94.99,94.45,94.45,94.45,94.45,93.36,93.36,93.36,93.36,93.36,92.28,92.28,92.28,92.28,91.73,91.73"
Rec-027_std_2,3,10,1459,core,336,331,0.0,5.0,0.9863,340,334,348,336,1.0,True,94.3659,98.7882,90.6471,2.0559,94.4463,"98.79,97.70,97.16,96.62,96.62,96.07,95.53,95.53,94.99,95.53,95.53,94.99,94.99,94.45,94.45,93.36,93.36,92.28,93.36,93.36,93.36,92.28,92.28,91.73,91.73,91.19,90.65"
Rec-027_std_2,3,11,1460,core,341,331,0.0,5.0,0.9828,345,334,353,336,1.0,True,92.8984,98.2455,87.9333,2.6822,92.2753,"98.25,97.70,96.62,96.07,95.53,94.45,94.45,92.28,91.19,95.53,94.99,94.45,93.36,93.36,92.28,91.19,90.10,89.56,93.36,92.28,92.28,91.19,91.19,90.65,89.56,88.48,87.93"
Rec-027_std_2,3,12,1461,core,345,331,0.0,4.0,0.9854,349,334,357,336,1.0,True,89.3807,98.2455,78.7067,4.97,90.6471,"98.25,96.62,95.53,94.45,92.28,91.19,89.56,86.31,80.33,94.45,93.36,92.28,91.19,90.65,89.56,87.93,84.13,79.79,92.28,91.19,90.65,89.56,87.93,86.85,85.22,83.05,78.71"
Rec-027_std_2,3,13,1462,core,350,331,0.0,5.0,0.9809,354,334,362,336,0.4444,False,80.7168,94.4463,74.3647,6.1312,77.6212,"94.45,91.73,87.93,81.96,78.16,76.54,75.99,75.45,74.91,90.65,89.02,85.76,80.88,77.62,75.99,75.45,75.45,74.91,87.93,86.31,84.13,79.79,77.62,75.99,75.45,74.91,74.36"
Rec-027_std_2,3,14,1463,core,354,331,0.0,4.0,0.9831,358,334,366,336,0.0,False,76.013,80.8776,74.3647,1.5874,75.4502,"80.88,78.16,77.08,76.54,75.99,75.45,74.91,74.91,74.36,78.71,77.62,76.54,75.99,75.99,75.45,74.91,74.36,74.36,78.16,77.08,75.99,75.45,75.45,74.91,74.36,74.36,74.36"
Rec-027_std_2,4,1,1612,core,290,331,0.0,0.0,0.9849,294,334,302,336,1.0,True,92.5165,97.7027,89.5616,2.1575,92.2753,"97.70,95.53,95.53,95.53,95.53,94.45,94.45,94.45,93.36,92.28,92.28,92.28,92.28,92.28,92.28,92.28,91.73,91.73,89.56,90.10,90.65,90.65,90.65,90.65,90.10,90.10,89.56"
Rec-027_std_2,4,2,1613,core,293,331,0.0,3.0,0.9841,297,334,305,336,1.0,True,93.2201,99.8737,90.1043,2.4478,93.3608,"99.87,98.25,96.62,95.53,95.53,94.99,94.45,93.36,93.36,94.99,94.45,93.36,93.36,93.36,92.28,92.28,91.73,91.73,91.19,91.73,91.19,91.19,91.19,90.65,90.10,90.10,90.10"
Rec-027_std_2,4,3,1614,core,298,331,0.0,5.0,0.9824,302,334,310,336,1.0,True,92.7175,98.2455,89.5616,2.1306,92.2753,"98.25,96.62,95.53,94.99,94.45,94.45,93.36,92.28,92.28,94.99,94.45,93.36,93.36,92.28,92.28,91.73,91.19,91.19,92.28,91.19,91.19,91.19,90.65,90.10,90.10,90.10,89.56"
Rec-027_std_2,4,4,1615,core,302,331,0.0,4.0,0.9854,306,334,314,336,1.0,True,92.7778,98.7882,89.5616,2.1504,92.2753,"98.79,97.16,95.53,94.99,94.45,93.36,93.36,92.28,92.28,94.99,94.45,93.36,93.36,92.28,92.28,91.73,91.19,91.19,92.28,91.73,91.19,91.19,91.19,90.65,90.10,90.10,89.56"
Rec-027_std_2,4,5,1616,core,307,331,0.0,5.0,0.9826,311,334,319,336,1.0,True,92.3356,97.16,89.5616,1.8172,92.2753,"97.16,95.53,94.99,94.45,93.36,93.36,92.28,92.28,92.28,94.45,93.36,93.36,92.28,92.28,91.73,91.19,91.19,91.19,92.28,91.73,91.19,91.19,90.65,90.10,90.10,89.56,89.56"
Rec-027_std_2,4,6,1617,core,311,331,0.0,4.0,0.9865,315,334,323,336,1.0,True,92.7376,98.2455,90.6471,1.8254,92.2753,"98.25,96.07,95.53,94.45,94.45,93.36,93.36,93.36,92.28,94.45,93.36,93.36,92.28,92.28,92.28,91.73,91.73,91.73,91.73,91.19,91.19,91.19,91.19,91.19,90.65,90.65,90.65"
Rec-027_std_2,4,7,1618,core,316,331,0.0,5.0,0.9841,320,334,328,336,1.0,True,92.9788,97.16,91.1898,1.5051,92.2753,"97.16,95.53,94.99,94.45,94.45,94.45,93.36,93.36,93.36,94.45,93.36,93.36,93.36,92.28,92.28,92.28,92.28,92.28,92.28,91.73,91.73,91.73,91.19,91.19,91.19,91.19,91.19"
Rec-027_std_2,4,8,1619,core,320,331,0.0,4.0,0.9864,324,334,332,336,1.0,True,93.7025,98.2455,91.1898,1.6591,93.3608,"98.25,96.62,95.53,95.53,94.99,94.99,94.45,94.45,94.45,94.99,94.45,94.45,93.36,93.36,93.36,93.36,93.36,92.28,92.28,92.28,92.28,92.28,92.28,91.73,91.73,91.73,91.19"
Rec-027_std_2,4,9,1620,core,325,331,0.0,5.0,0.984,329,334,337,336,1.0,True,94.0442,98.2455,91.7325,1.6488,94.4463,"98.25,96.62,96.07,95.53,95.53,95.53,94.99,94.99,94.45,95.53,94.45,94.45,94.45,94.45,93.36,93.36,93.36,93.36,93.36,93.36,92.28,92.28,92.28,91.73,91.73,91.73,91.73"
Rec-027_std_2,4,10,1621,core,329,331,0.0,4.0,0.9865,333,334,341,336,1.0,True,94.4463,99.331,91.7325,1.8743,94.4463,"99.33,97.70,96.62,96.62,95.53,95.53,95.53,95.53,94.99,95.53,95.53,94.99,94.99,94.45,94.45,94.45,93.36,93.36,93.36,93.36,92.28,92.28,92.28,92.28,92.28,91.73,91.73"
Rec-027_std_2,4,11,1622,core,338,331,0.0,9.0,0.9862,342,334,350,336,1.0,True,93.9035,99.331,89.5616,2.3168,93.3608,"99.33,98.25,97.16,96.07,95.53,95.53,94.99,94.45,93.36,96.07,95.53,94.99,94.45,94.45,93.36,92.28,92.28,91.73,93.36,93.36,92.28,92.28,91.73,91.19,91.19,90.65,89.56"
Rec-027_std_2,4,12,1623,core,343,331,0.0,5.0,0.9849,347,334,355,336,1.0,True,91.5114,98.2455,84.6769,3.1999,91.7325,"98.25,96.62,95.53,94.99,94.45,93.36,91.73,90.65,89.02,94.99,94.45,93.36,92.28,91.73,91.19,89.56,88.48,86.85,92.28,91.73,91.19,90.65,89.56,89.02,87.93,86.31,84.68"
Rec-027_std_2,4,13,1624,core,347,331,0.0,4.0,0.9847,351,334,359,336,0.7778,False,85.9031,97.16,75.9929,6.5988,87.3906,"97.16,95.53,93.36,91.73,90.10,87.39,80.88,77.62,75.99,93.36,92.28,91.19,89.56,87.93,85.22,79.79,77.08,75.99,91.19,89.56,89.02,87.39,85.76,83.05,78.71,76.54,75.99"
Rec-027_std_2,4,14,1625,core,355,331,0.0,8.0,0.9831,359,334,367,336,0.0,False,75.8321,79.7922,73.822,1.3114,75.9929,"79.79,77.62,77.08,75.99,75.99,75.45,74.91,74.91,74.36,77.62,77.08,75.99,75.99,75.99,75.45,74.91,74.36,74.36,77.62,76.54,75.99,75.99,75.45,74.91,74.91,74.36,73.82"
Rec-027_std_2,5,1,1767,core,291,331,0.0,1.0,0.9833,295,334,303,336,1.0,True,93.6422,98.2455,90.1043,2.2949,93.3608,"98.25,97.70,97.16,96.62,96.07,95.53,95.53,94.99,94.45,94.45,94.45,94.45,94.45,93.36,93.36,93.36,92.28,92.28,91.19,91.19,91.19,91.73,91.19,91.19,91.19,90.65,90.10"
Rec-027_std_2,5,2,1768,core,304,331,0.0,13.0,0.9855,308,334,316,336,1.0,True,93.3608,100.4165,90.1043,2.3449,92.2753,"100.42,98.25,96.07,95.53,94.99,94.45,93.36,93.36,92.28,95.53,94.99,94.45,93.36,93.36,92.28,92.28,92.28,91.19,92.28,92.28,92.28,91.73,91.19,91.19,90.65,90.65,90.10"
Rec-027_std_2,5,3,1769,core,309,331,0.0,5.0,0.9841,313,334,321,336,1.0,True,92.9386,98.2455,90.1043,1.9108,92.2753,"98.25,96.62,95.53,94.99,94.45,93.36,93.36,93.36,92.28,94.99,94.45,93.36,93.36,92.28,92.28,92.28,91.73,91.19,92.28,92.28,91.73,91.19,91.19,91.19,90.65,90.65,90.10"
Rec-027_std_2,5,4,1770,core,322,331,0.0,13.0,0.9864,326,334,334,336,1.0,True,93.8633,98.7882,91.1898,1.8207,93.3608,"98.79,97.16,96.07,95.53,95.53,94.99,94.99,94.45,94.45,95.53,94.45,94.45,94.45,93.36,93.36,93.36,93.36,92.28,92.28,92.28,92.28,92.28,92.28,91.73,91.73,91.73,91.19"
Rec-027_std_2,5,5,1771,core,327,331,0.0,5.0,0.9858,331,334,339,336,1.0,True,94.4463,98.2455,92.2753,1.6046,94.4463,"98.25,97.16,96.62,96.07,95.53,95.53,95.53,95.53,95.53,95.53,94.99,94.45,94.45,94.45,94.45,94.45,94.45,93.36,93.36,93.36,93.36,92.28,92.28,92.28,92.28,92.28,92.28"
Rec-027_std_2,5,6,1772,core,331,331,0.0,4.0,0.9866,335,334,343,336,1.0,True,95.3308,100.4165,92.2753,2.0476,95.5318,"100.42,98.79,98.25,97.70,97.16,97.16,96.62,96.07,96.07,96.62,95.53,95.53,95.53,95.53,94.99,94.99,94.45,94.45,94.45,93.36,93.36,93.36,93.36,93.36,92.28,92.28,92.28"
Rec-027_std_2,5,7,1773,core,336,331,0.0,5.0,0.9861,340,334,348,336,1.0,True,95.1699,99.8737,91.1898,2.1304,95.5318,"99.87,98.25,98.25,97.70,97.70,97.16,96.07,96.07,95.53,96.62,96.07,95.53,95.53,95.53,94.99,94.45,94.45,93.36,94.45,94.45,93.36,93.36,93.36,92.28,92.28,91.73,91.19"
Rec-027_std_2,5,8,1774,core,345,331,0.0,9.0,0.9853,349,334,357,336,1.0,True,90.627,99.331,79.7922,5.0881,91.1898,"99.33,98.25,96.62,95.53,94.45,92.28,91.19,87.93,80.88,95.53,94.99,94.45,92.28,91.73,90.10,89.56,85.76,80.33,93.36,92.28,91.19,90.65,89.56,87.93,86.85,84.13,79.79"
Rec-027_std_2,5,9,1775,core,354,331,0.0,9.0,0.9833,358,334,366,336,0.0,False,76.0331,80.8776,74.3647,1.5487,75.4502,"80.88,78.16,77.08,75.99,75.99,75.45,74.91,74.91,74.36,78.71,77.62,76.54,75.99,75.99,75.45,74.91,74.91,74.36,78.16,77.08,75.99,75.45,75.45,74.91,74.91,74.36,74.36"
Rec-027_std_2,6,1,1910,core,290,331,0.0,0.0,0.9857,294,334,302,336,1.0,True,93.803,98.2455,90.6471,2.0735,94.4463,"98.25,96.62,96.07,96.62,96.07,95.53,95.53,95.53,94.99,93.36,93.36,94.45,94.45,94.45,94.45,94.45,93.36,93.36,90.65,91.19,91.19,91.73,91.73,91.73,91.19,91.19,91.19"
Rec-027_std_2,6,2,1911,core,293,331,0.0,3.0,0.9822,297,334,305,336,1.0,True,94.8483,102.0447,91.1898,2.5653,94.4463,"102.04,99.87,98.25,97.70,97.16,96.07,95.53,95.53,94.45,96.62,95.53,95.53,95.53,94.99,94.45,94.45,93.36,93.36,93.36,93.36,92.28,92.28,92.28,92.28,91.73,91.73,91.19"
Rec-027_std_2,6,3,1912,core,302,331,0.0,9.0,0.9839,306,334,314,336,1.0,True,93.9437,101.502,90.6471,2.489,93.3608,"101.50,98.79,97.16,96.07,95.53,94.99,94.45,93.36,93.36,96.62,95.53,94.45,94.45,93.36,93.36,92.28,92.28,92.28,93.36,93.36,92.28,92.28,91.73,91.19,91.19,90.65,90.65"
Rec-027_std_2,6,4,1913,core,316,331,0.0,14.0,0.9874,320,334,328,336,1.0,True,93.1397,98.2455,91.1898,1.7494,92.2753,"98.25,96.07,95.53,94.99,94.45,94.45,93.36,93.36,93.36,94.99,94.45,93.36,93.36,92.28,92.28,92.28,92.28,92.28,92.28,92.28,91.73,91.19,91.19,91.19,91.19,91.19,91.19"
Rec-027_std_2,6,5,1914,core,321,331,0.0,5.0,0.9839,325,334,333,336,1.0,True,93.4412,97.16,91.1898,1.5187,93.3608,"97.16,95.53,95.53,94.99,94.99,94.45,94.45,94.45,94.45,94.45,94.45,93.36,93.36,93.36,93.36,93.36,93.36,92.28,92.28,92.28,91.73,91.73,91.73,91.73,91.73,91.19,91.19"
Rec-027_std_2,6,6,1915,core,325,331,0.0,4.0,0.9874,329,334,337,336,1.0,True,94.2452,98.2455,91.7325,1.7362,94.4463,"98.25,97.16,96.62,96.07,95.53,95.53,95.53,95.53,94.99,95.53,94.99,94.45,94.45,94.45,94.45,93.36,93.36,93.36,93.36,93.36,92.28,92.28,92.28,92.28,91.73,91.73,91.73"
Rec-027_std_2,6,7,1916,core,334,331,0.0,9.0,0.9872,338,334,346,336,1.0,True,95.19,99.331,92.2753,1.8399,94.989,"99.33,98.25,98.25,97.16,97.16,96.62,96.62,96.07,95.53,96.07,95.53,95.53,95.53,94.99,94.99,94.45,94.45,94.45,94.45,94.45,93.36,93.36,93.36,93.36,92.28,92.28,92.28"
Rec-027_std_2,6,8,1917,core,343,331,0.0,9.0,0.9863,347,334,355,336,1.0,True,92.9789,99.8737,86.3051,3.2357,93.3608,"99.87,98.25,97.70,96.62,95.53,94.99,93.36,91.73,90.65,96.07,95.53,94.99,94.45,93.36,92.28,91.19,90.10,88.48,93.36,93.36,92.28,91.73,91.19,90.10,89.02,87.93,86.31"
Rec-027_std_2,6,9,1918,core,348,331,0.0,5.0,0.9831,352,334,360,336,0.6667,False,84.7171,97.16,74.9074,7.2032,86.3051,"97.16,94.99,93.36,91.73,87.93,81.42,77.62,75.99,75.45,93.36,92.28,91.19,89.56,86.31,80.33,77.62,75.99,75.45,91.19,90.10,89.02,87.39,84.13,79.79,77.08,75.99,74.91"
Rec-027_std_2,6,10,1919,core,352,331,0.0,4.0,0.9844,356,334,364,336,0.2222,False,77.9227,91.1898,74.3647,4.3024,75.9929,"91.19,83.05,78.71,77.62,75.99,75.99,75.45,74.91,74.91,87.93,81.42,78.16,77.08,75.99,75.99,74.91,74.91,74.36,85.76,80.33,77.62,76.54,75.99,75.45,74.91,74.36,74.36"
Rec-027_std_2,6,11,1920,core,355,331,0.0,3.0,0.9822,359,334,367,336,0.0,False,75.9527,79.7922,73.822,1.2956,75.9929,"79.79,77.62,77.08,75.99,75.99,75.99,75.45,74.91,74.91,78.16,77.08,76.54,75.99,75.99,75.45,74.91,74.91,73.82,77.62,76.54,75.99,75.99,75.45,74.91,74.91,74.36,74.36"
Rec-027_std_2,6,12,1921,core,355,330,90.0,1.0,0.9917,359,333,367,335,0.0,False,76.2141,81.9631,74.3647,1.6532,75.9929,"81.96,78.71,77.62,76.54,75.99,75.99,75.45,74.91,74.91,78.71,77.62,76.54,75.99,75.99,75.45,74.91,74.36,74.91,77.62,77.08,75.99,75.99,75.45,75.45,74.91,74.36,74.36"
Rec-027_std_2,7,1,2058,core,290,331,0.0,0.0,0.9897,294,334,302,336,1.0,True,93.2603,97.16,89.5616,2.1152,93.3608,"97.16,96.07,95.53,96.07,96.07,95.53,95.53,95.53,94.99,92.28,92.28,93.36,93.36,93.36,93.36,93.36,93.36,93.36,89.56,90.10,90.65,91.19,91.19,91.19,91.19,91.19,91.19"
Rec-027_std_2,7,2,2059,core,297,331,0.0,7.0,0.983,301,334,309,336,1.0,True,93.9236,100.4165,90.1043,2.3472,93.3608,"100.42,98.25,97.16,96.07,95.53,94.99,94.45,93.36,93.36,96.07,95.53,94.99,94.45,94.45,93.36,93.36,92.28,91.73,93.36,93.36,92.28,92.28,91.73,91.19,91.19,90.65,90.10"
Rec-027_std_2,7,3,2060,core,301,331,0.0,4.0,0.9868,305,334,313,336,1.0,True,93.4412,100.4165,89.5616,2.4169,93.3608,"100.42,98.25,96.62,95.53,94.99,94.45,93.36,93.36,92.28,96.07,95.53,94.45,93.36,93.36,92.28,92.28,91.73,91.19,93.36,92.28,92.28,91.73,91.19,91.19,91.19,90.65,89.56"
Rec-027_std_2,7,4,2061,core,305,331,0.0,4.0,0.9839,309,334,317,336,1.0,True,93.3407,100.4165,90.1043,2.3611,93.3608,"100.42,98.25,96.07,95.53,94.45,94.45,93.36,93.36,92.28,95.53,94.99,94.45,93.36,93.36,92.28,92.28,91.73,91.19,93.36,92.28,92.28,91.73,91.19,91.19,90.65,90.10,90.10"
Rec-027_std_2,7,5,2062,core,310,331,0.0,5.0,0.9879,314,334,322,336,1.0,True,92.6974,98.2455,89.5616,1.9726,92.2753,"98.25,96.07,95.53,94.45,94.45,93.36,93.36,92.28,92.28,94.45,94.45,93.36,93.36,92.28,92.28,91.19,91.19,91.19,92.28,92.28,91.73,91.19,91.19,90.65,90.10,90.10,89.56"
Rec-027_std_2,7,6,2063,core,315,331,0.0,5.0,0.9849,319,334,327,336,1.0,True,92.617,97.16,90.6471,1.6056,92.2753,"97.16,95.53,94.45,94.45,93.36,93.36,93.36,93.36,93.36,94.45,93.36,93.36,92.28,92.28,91.73,91.73,91.73,91.73,91.73,91.73,91.19,91.19,91.19,90.65,90.65,90.65,90.65"
Rec-027_std_2,7,7,2064,core,319,331,0.0,4.0,0.9878,323,334,331,336,1.0,True,93.401,97.7027,91.1898,1.6576,93.3608,"97.70,96.07,95.53,94.99,94.45,94.45,94.45,94.45,94.45,94.45,94.45,93.36,93.36,93.36,93.36,93.36,93.36,92.28,92.28,92.28,91.73,91.73,91.19,91.19,91.19,91.19,91.19"
Rec-027_std_2,7,8,2065,core,324,331,0.0,5.0,0.9853,328,334,336,336,1.0,True,94.2453,97.7027,92.2753,1.5713,94.4463,"97.70,96.62,96.07,95.53,95.53,95.53,95.53,95.53,95.53,94.99,94.45,94.45,94.45,94.45,94.45,94.45,94.45,94.45,92.28,92.28,92.28,92.28,92.28,92.28,92.28,92.28,92.28"
Rec-027_std_2,7,9,2066,core,328,331,0.0,4.0,0.9877,332,334,340,336,1.0,True,95.3709,98.7882,93.3608,1.637,95.5318,"98.79,98.25,97.70,97.16,97.16,96.62,96.62,96.62,96.62,96.07,95.53,95.53,95.53,95.53,94.99,94.99,94.99,94.99,94.45,93.36,93.36,93.36,93.36,93.36,93.36,93.36,93.36"
Rec-027_std_2,7,10,2067,core,333,331,0.0,5.0,0.9857,337,334,345,336,1.0,True,95.5921,99.331,92.2753,1.8172,95.5318,"99.33,98.25,98.25,97.70,97.70,97.16,97.16,96.62,96.62,96.62,96.07,95.53,95.53,95.53,95.53,95.53,94.99,94.45,94.45,94.45,94.45,94.45,93.36,93.36,93.36,92.28,92.28"
Rec-027_std_2,7,11,2068,core,337,331,0.0,4.0,0.9872,341,334,349,336,1.0,True,95.7931,100.9592,91.7325,2.1628,95.5318,"100.96,99.33,98.79,98.25,98.25,97.70,97.16,96.62,96.07,97.16,96.62,96.07,96.07,95.53,95.53,94.99,94.45,94.45,94.99,94.45,94.45,94.45,93.36,93.36,93.36,92.28,91.73"
Rec-027_std_2,7,12,2069,core,342,331,0.0,5.0,0.9855,346,334,354,336,1.0,True,94.0844,100.4165,87.9333,3.0056,94.4463,"100.42,98.79,98.25,97.70,96.62,95.53,94.99,93.36,91.73,97.16,96.62,95.53,95.53,94.45,93.36,92.28,91.19,89.56,94.45,94.45,93.36,93.36,92.28,91.19,90.65,89.56,87.93"
Rec-027_std_2,7,13,2070,core,346,331,0.0,4.0,0.986,350,334,358,336,0.8889,False,89.1595,99.8737,77.0784,6.5473,91.1898,"99.87,98.25,96.62,94.99,93.36,91.19,87.93,80.88,77.62,96.07,94.99,94.45,92.28,91.19,89.56,86.31,80.33,77.08,93.36,92.28,91.19,90.10,88.48,87.39,84.68,79.79,77.08"
Rec-027_std_2,7,14,2071,core,351,331,0.0,5.0,0.9836,355,334,363,336,0.3333,False,79.6515,94.4463,74.3647,5.8746,76.5357,"94.45,90.10,83.05,78.71,77.08,75.99,75.99,75.45,74.91,91.19,87.93,81.42,78.16,76.54,75.99,75.45,74.91,74.91,88.48,85.76,80.88,77.62,75.99,75.45,74.91,74.91,74.36"
Rec-027_std_2,7,15,2072,core,355,331,0.0,4.0,0.9838,359,334,367,336,0.0,False,75.7718,79.7922,74.3647,1.2729,75.4502,"79.79,77.62,76.54,75.99,75.99,75.45,75.45,74.91,74.36,77.62,77.08,75.99,75.99,75.45,75.45,74.91,74.36,74.36,77.62,75.99,75.99,75.45,75.45,74.91,74.36,74.36,74.36"
Rec-027_std_2,8,1,2213,core,290,331,0.0,0.0,0.9861,294,334,302,336,1.0,True,94.2855,98.7882,90.6471,2.1751,94.4463,"98.79,97.70,97.16,97.16,97.16,96.07,96.07,95.53,95.53,94.45,94.45,94.45,94.45,94.99,94.45,94.45,93.36,93.36,90.65,91.19,92.28,92.28,92.28,92.28,92.28,91.73,91.19"
Rec-027_std_2,8,2,2214,core,298,331,0.0,8.0,0.9862,302,334,310,336,1.0,True,94.1447,101.502,90.1043,2.6064,93.3608,"101.50,98.79,97.70,96.62,95.53,94.99,94.45,93.36,93.36,97.16,96.07,95.53,94.45,94.45,93.36,92.28,91.73,91.73,94.45,93.36,93.36,92.28,92.28,91.19,91.19,90.65,90.10"
Rec-027_std_2,8,3,2215,core,302,331,0.0,4.0,0.9863,306,334,314,336,1.0,True,93.4613,100.9592,89.5616,2.5714,93.3608,"100.96,98.25,97.16,95.53,94.99,94.45,93.36,93.36,92.28,96.62,95.53,94.45,93.36,93.36,92.28,92.28,91.73,91.19,93.36,92.28,92.28,91.73,91.19,91.19,90.65,90.10,89.56"
Rec-027_std_2,8,4,2216,core,307,331,0.0,5.0,0.9872,311,334,319,336,1.0,True,92.7376,98.2455,89.5616,2.0345,92.2753,"98.25,96.62,95.53,94.99,94.45,93.36,93.36,92.28,92.28,94.99,94.45,93.36,92.28,92.28,92.28,91.73,91.19,91.19,92.28,92.28,91.73,91.19,91.19,90.65,90.10,90.10,89.56"
Rec-027_std_2,8,5,2217,core,311,331,0.0,4.0,0.987,315,334,323,336,1.0,True,92.8381,98.7882,90.1043,2.0863,92.2753,"98.79,97.16,95.53,94.99,94.45,93.36,93.36,92.28,92.28,94.99,94.45,93.36,93.36,92.28,92.28,91.73,91.19,91.19,92.28,91.73,91.73,91.19,91.19,90.65,90.65,90.10,90.10"
Rec-027_std_2,8,6,2218,core,320,331,0.0,9.0,0.9862,324,334,332,336,1.0,True,93.7025,98.2455,91.7325,1.6852,93.3608,"98.25,97.16,95.53,95.53,94.99,94.99,94.45,94.45,94.45,94.99,94.45,93.36,93.36,93.36,93.36,93.36,93.36,93.36,92.28,92.28,92.28,91.73,91.73,91.73,91.73,91.73,91.73"
Rec-027_std_2,8,7,2219,core,325,331,0.0,5.0,0.9875,329,334,337,336,1.0,True,94.6272,98.2455,92.2753,1.5208,94.4463,"98.25,97.16,96.62,96.07,96.07,95.53,95.53,95.53,95.53,95.53,94.99,94.99,94.99,94.45,94.45,94.45,94.45,94.45,93.36,93.36,93.36,93.36,93.36,92.28,92.28,92.28,92.28"
Rec-027_std_2,8,8,2220,core,329,331,0.0,4.0,0.9856,333,334,341,336,1.0,True,95.6926,100.4165,93.3608,1.7653,95.5318,"100.42,98.79,98.25,97.70,97.16,97.16,96.62,96.62,96.07,96.62,96.07,95.53,95.53,95.53,95.53,95.53,94.99,94.99,94.45,94.45,94.45,94.45,93.36,93.36,93.36,93.36,93.36"
Rec-027_std_2,8,9,2221,core,334,331,0.0,5.0,0.9877,338,334,346,336,1.0,True,95.8936,100.4165,92.2753,1.8685,95.5318,"100.42,98.79,98.25,98.25,97.70,97.16,97.16,97.16,96.62,97.16,96.62,96.07,96.07,95.53,95.53,95.53,94.99,94.99,94.99,94.45,94.45,94.45,94.45,93.36,93.36,93.36,92.28"
Rec-027_std_2,8,10,2222,core,338,331,0.0,4.0,0.9847,342,334,350,336,1.0,True,95.8132,100.9592,91.7325,2.2614,95.5318,"100.96,99.87,98.79,98.25,97.70,97.70,97.16,96.62,96.07,97.70,97.16,96.62,96.07,95.53,95.53,94.99,94.45,94.45,94.99,94.45,94.45,94.45,93.36,93.36,92.28,92.28,91.73"
Rec-027_std_2,8,11,2223,core,343,331,0.0,5.0,0.9869,347,334,355,336,1.0,True,94.004,100.4165,87.3906,3.1648,94.4463,"100.42,99.33,98.25,97.70,96.62,95.53,94.45,93.36,91.19,97.16,96.62,95.53,95.53,94.45,93.36,91.73,91.19,89.56,94.99,94.45,93.36,93.36,92.28,91.19,90.10,89.02,87.39"
Rec-027_std_2,8,12,2224,core,347,331,0.0,4.0,0.9829,351,334,359,336,0.7778,False,87.9132,100.4165,75.9929,7.4761,89.5616,"100.42,98.25,96.07,94.99,93.36,89.56,82.51,78.16,76.54,96.07,94.99,93.36,92.28,90.65,87.39,80.88,77.62,75.99,93.36,92.28,91.19,89.56,88.48,85.76,80.33,77.62,75.99"
Rec-027_std_2,8,13,2225,core,352,331,0.0,5.0,0.9848,356,334,364,336,0.2222,False,78.184,92.2753,74.3647,4.7671,75.9929,"92.28,84.13,79.79,77.62,75.99,75.99,75.45,74.91,74.91,89.56,82.51,78.71,77.08,75.99,75.45,74.91,74.91,74.36,86.85,80.88,77.62,76.54,75.45,75.45,74.91,74.36,74.36"
Rec-027_std_2,8,14,2226,core,355,331,0.0,3.0,0.9829,359,334,367,336,0.0,False,75.9125,80.3349,73.822,1.3595,75.4502,"80.33,77.62,77.08,75.99,75.99,75.45,75.45,74.91,74.91,78.16,77.08,75.99,75.99,75.45,75.45,74.91,74.91,74.36,77.62,76.54,75.99,75.99,75.45,74.91,74.91,74.36,73.82"
Rec-027_std_2,9,1,2367,core,290,331,0.0,0.0,0.9873,294,334,302,336,1.0,True,94.6674,98.7882,91.1898,2.2072,94.989,"98.79,97.70,97.70,97.70,97.70,97.16,96.62,96.07,95.53,94.45,94.45,94.99,94.99,94.99,94.99,94.99,94.45,94.45,91.19,91.19,92.28,92.28,92.28,92.28,92.28,92.28,92.28"
Rec-027_std_2,9,2,2368,core,301,331,0.0,11.0,0.9869,305,334,313,336,1.0,True,94.3659,102.0447,90.6471,2.5954,94.4463,"102.04,99.33,97.70,96.62,95.53,94.99,94.45,93.36,93.36,97.16,96.62,95.53,94.45,94.45,93.36,93.36,92.28,91.73,94.45,94.45,93.36,92.28,92.28,91.73,91.19,91.19,90.65"
Rec-027_std_2,9,3,2369,core,310,331,0.0,9.0,0.9876,314,334,322,336,1.0,True,92.7376,98.7882,89.5616,2.1695,92.2753,"98.79,97.16,95.53,94.45,94.45,93.36,93.36,92.28,92.28,94.99,94.45,93.36,93.36,92.28,92.28,91.19,91.19,91.19,92.28,92.28,91.73,91.19,90.65,90.65,90.10,89.56,89.56"
Rec-027_std_2,9,4,2370,core,315,331,0.0,5.0,0.9872,319,334,327,336,1.0,True,92.5366,97.16,90.6471,1.6341,92.2753,"97.16,95.53,94.45,94.45,93.36,93.36,93.36,93.36,93.36,94.45,93.36,92.28,92.28,92.28,91.73,91.73,91.73,91.73,91.73,91.19,91.19,91.19,90.65,90.65,90.65,90.65,90.65"
Rec-027_std_2,9,5,2371,core,324,331,0.0,9.0,0.9874,328,334,336,336,1.0,True,94.4463,98.2455,92.2753,1.5351,94.4463,"98.25,96.62,96.07,96.07,95.53,95.53,95.53,95.53,95.53,95.53,94.99,94.45,94.45,94.45,94.45,94.45,94.45,94.45,93.36,93.36,93.36,92.28,92.28,92.28,92.28,92.28,92.28"
Rec-027_std_2,9,6,2372,core,333,331,0.0,9.0,0.9876,337,334,345,336,1.0,True,96.2755,100.4165,93.3608,1.7109,96.0745,"100.42,99.33,98.25,98.25,98.25,97.70,97.70,97.16,97.16,97.16,96.62,96.62,96.62,96.07,95.53,95.53,95.53,95.53,94.99,94.99,94.45,94.45,94.45,94.45,94.45,94.45,93.36"
Rec-027_std_2,9,7,2373,core,337,331,0.0,4.0,0.9866,341,334,349,336,1.0,True,96.6374,102.0447,92.2753,2.1583,96.6172,"102.04,100.42,99.33,99.33,98.25,98.25,97.70,97.70,96.62,98.25,97.70,97.16,97.16,96.62,96.07,95.53,95.53,94.99,95.53,95.53,95.53,94.99,94.45,94.45,94.45,93.36,92.28"
Rec-027_std_2,9,8,2374,core,342,331,0.0,5.0,0.9872,346,334,354,336,1.0,True,95.0895,101.502,88.4761,3.1648,95.5318,"101.50,100.42,99.33,98.25,98.25,96.62,95.53,94.45,92.28,98.25,97.70,97.16,96.07,95.53,94.45,93.36,91.73,90.65,95.53,95.53,94.99,94.45,93.36,92.28,91.19,90.10,88.48"
Rec-027_std_2,9,9,2375,core,346,331,0.0,4.0,0.9851,350,334,358,336,0.8889,False,89.8229,100.9592,77.0784,6.7521,91.7325,"100.96,98.79,97.16,95.53,94.45,92.28,88.48,81.42,77.62,97.16,95.53,94.45,93.36,91.73,90.10,86.85,80.88,77.62,94.45,93.36,92.28,91.19,89.56,87.93,85.22,79.79,77.08"
Rec-027_std_2,9,10,2376,core,351,331,0.0,5.0,0.9853,355,334,363,336,0.3333,False,79.8324,95.5318,74.3647,6.225,76.5357,"95.53,90.65,83.05,78.71,77.08,75.99,75.99,75.45,74.91,92.28,88.48,81.96,78.16,76.54,75.99,75.45,74.91,74.36,89.56,86.31,80.88,77.62,75.99,75.45,74.91,74.91,74.36"
Rec-027_std_2,9,11,2377,core,355,331,0.0,4.0,0.9849,359,334,367,336,0.0,False,75.7316,79.7922,74.3647,1.3325,75.4502,"79.79,77.62,76.54,75.99,75.99,75.45,74.91,74.91,74.36,78.16,77.08,75.99,75.99,75.45,74.91,74.91,74.36,74.36,77.62,75.99,75.99,75.45,74.91,74.91,74.36,74.36,74.36"
Rec-027_std_2,10,1,2514,core,290,331,0.0,0.0,0.9827,294,334,302,336,1.0,True,94.8483,100.4165,91.1898,2.3384,94.989,"100.42,98.25,97.70,97.70,97.70,97.16,96.62,96.62,96.07,94.45,94.45,94.99,95.53,94.99,94.99,94.99,94.45,94.45,91.19,92.28,92.28,92.28,92.28,92.28,92.28,92.28,92.28"
Rec-027_std_2,10,2,2515,core,304,331,0.0,14.0,0.9869,308,334,316,336,1.0,True,93.7829,99.8737,90.6471,2.1926,93.3608,"99.87,98.25,96.62,95.53,94.99,94.45,94.45,93.36,93.36,96.07,95.53,94.99,94.45,93.36,93.36,92.28,92.28,91.73,93.36,93.36,92.28,92.28,91.73,91.73,91.19,90.65,90.65"
Rec-027_std_2,10,3,2516,core,313,331,0.0,9.0,0.9877,317,334,325,336,1.0,True,93.4613,98.2455,91.1898,1.7667,93.3608,"98.25,96.62,95.53,95.53,94.45,94.45,94.45,93.36,93.36,95.53,94.45,94.45,93.36,93.36,93.36,92.28,92.28,92.28,93.36,92.28,92.28,91.73,91.73,91.19,91.19,91.19,91.19"
Rec-027_std_2,10,4,2517,core,322,331,0.0,9.0,0.9884,326,334,334,336,1.0,True,94.3659,98.2455,92.2753,1.6296,94.4463,"98.25,97.16,96.07,95.53,95.53,95.53,95.53,95.53,95.53,95.53,94.99,94.45,94.45,94.45,94.45,94.45,94.45,94.45,93.36,92.28,92.28,92.28,92.28,92.28,92.28,92.28,92.28"
Rec-027_std_2,10,5,2518,core,326,331,0.0,4.0,0.9862,330,334,338,336,1.0,True,95.3106,99.8737,93.3608,1.7243,94.989,"99.87,98.25,97.16,97.16,96.62,96.62,96.62,96.62,96.62,96.07,95.53,95.53,95.53,94.99,94.99,94.99,94.99,94.99,93.36,93.36,93.36,93.36,93.36,93.36,93.36,93.36,93.36"
Rec-027_std_2,10,6,2519,core,331,331,0.0,5.0,0.9882,335,334,343,336,1.0,True,96.3157,99.8737,94.4463,1.6864,96.0745,"99.87,98.79,98.25,98.25,98.25,98.25,98.25,98.25,97.70,96.62,96.62,96.62,96.07,96.07,96.07,95.53,95.53,95.53,94.45,94.45,94.45,94.45,94.45,94.45,94.45,94.45,94.45"
Rec-027_std_2,10,7,2520,core,335,331,0.0,4.0,0.9855,339,334,347,336,1.0,True,97.1399,102.0447,94.4463,2.0441,97.16,"102.04,100.96,99.87,99.33,99.33,98.79,98.25,98.25,98.25,98.25,97.70,97.70,97.16,97.16,96.62,96.62,96.07,96.07,95.53,95.53,95.53,94.99,94.99,94.45,94.45,94.45,94.45"
Rec-027_std_2,10,8,2521,core,340,331,0.0,5.0,0.9879,344,334,352,336,1.0,True,96.4765,102.0447,91.1898,2.5611,96.0745,"102.04,100.96,99.87,99.87,98.79,98.25,97.70,97.16,95.53,98.25,98.25,97.70,97.16,96.62,96.07,95.53,94.45,93.36,95.53,95.53,95.53,94.99,94.45,94.45,93.36,92.28,91.19"
Rec-027_std_2,10,9,2522,core,344,331,0.0,4.0,0.9838,348,334,356,336,1.0,True,94.1648,103.1302,85.2196,4.2643,94.4463,"103.13,100.96,99.87,98.25,97.16,95.53,94.45,92.28,89.02,98.25,98.25,97.16,95.53,94.99,93.36,91.73,90.65,86.85,95.53,95.53,94.45,93.36,92.28,91.19,89.56,87.93,85.22"
Rec-027_std_2,10,10,2523,core,349,331,0.0,5.0,0.9862,353,334,361,336,0.5556,False,83.8527,98.2455,74.9074,7.849,81.4204,"98.25,95.53,94.45,90.10,83.05,78.71,76.54,75.99,75.45,94.99,93.36,91.19,87.93,81.42,77.62,75.99,75.45,74.91,92.28,90.65,89.56,85.76,80.88,77.62,75.99,75.45,74.91"
Rec-027_std_2,10,11,2524,core,353,331,0.0,4.0,0.982,357,334,365,336,0.1111,False,76.9578,85.7624,74.3647,2.858,75.9929,"85.76,80.88,78.16,76.54,75.99,75.45,75.45,75.45,74.91,83.05,79.79,77.08,75.99,75.99,75.45,74.91,74.91,74.36,81.96,78.16,77.08,75.99,75.45,75.45,74.91,74.36,74.36"
Rec-027_std_2,10,12,2525,core,355,330,26.57,2.24,0.9878,359,333,367,335,0.0,False,76.3146,83.5914,73.822,2.0799,75.9929,"83.59,79.79,77.62,76.54,75.99,75.99,74.91,74.91,74.91,79.79,77.62,77.08,75.99,75.99,75.45,74.91,74.36,74.36,78.16,77.08,75.99,75.99,75.45,74.91,74.91,74.36,73.82"
Rec-027_std_2,11,1,2660,core,290,331,0.0,0.0,0.9861,294,334,302,336,1.0,True,94.587,98.7882,91.1898,2.1487,94.4463,"98.79,98.25,97.70,97.16,97.16,96.62,96.07,96.07,95.53,94.45,94.45,94.99,94.99,94.99,94.99,94.45,94.45,94.45,91.19,91.19,92.28,92.28,92.28,92.28,92.28,92.28,92.28"
Rec-027_std_2,11,2,2661,core,294,331,0.0,4.0,0.9857,298,334,306,336,1.0,True,95.572,103.1302,91.7325,2.5325,95.5318,"103.13,100.42,98.79,98.25,97.70,96.62,96.07,95.53,95.53,97.16,96.62,96.07,96.07,95.53,94.99,94.45,94.45,94.45,94.45,94.45,94.45,93.36,93.36,92.28,92.28,92.28,91.73"
Rec-027_std_2,11,3,2662,core,299,331,0.0,5.0,0.9872,303,334,311,336,1.0,True,94.7679,100.9592,91.1898,2.2512,94.4463,"100.96,98.79,97.70,97.16,96.07,95.53,95.53,94.45,94.45,97.16,96.07,95.53,95.53,94.45,94.45,94.45,93.36,92.28,94.45,94.45,93.36,93.36,92.28,92.28,91.73,91.73,91.19"
Rec-027_std_2,11,4,2663,core,303,331,0.0,4.0,0.9871,307,334,315,336,1.0,True,94.587,101.502,91.1898,2.3937,94.4463,"101.50,99.33,97.70,96.62,95.53,95.53,94.99,94.45,93.36,97.16,96.07,95.53,94.99,94.45,94.45,93.36,92.28,92.28,94.45,94.45,93.36,93.36,92.28,92.28,91.73,91.19,91.19"
Rec-027_std_2,11,5,2664,core,308,331,0.0,5.0,0.9877,312,334,320,336,1.0,True,93.7427,99.331,91.1898,2.019,93.3608,"99.33,97.70,96.62,95.53,94.99,94.45,94.45,93.36,93.36,95.53,95.53,94.45,94.45,93.36,93.36,92.28,92.28,92.28,93.36,93.36,92.28,92.28,91.73,91.19,91.19,91.19,91.19"
Rec-027_std_2,11,6,2665,core,317,331,0.0,9.0,0.988,321,334,329,336,1.0,True,93.7829,98.2455,91.1898,1.793,93.3608,"98.25,97.16,96.07,95.53,94.99,94.45,94.45,94.45,94.45,95.53,94.99,94.45,94.45,93.36,93.36,93.36,93.36,92.28,93.36,92.28,92.28,92.28,91.73,91.73,91.19,91.19,91.19"
Rec-027_std_2,11,7,2666,core,321,331,0.0,4.0,0.9869,325,334,333,336,1.0,True,94.4865,99.331,92.2753,1.7536,94.4463,"99.33,97.70,96.62,95.53,95.53,95.53,95.53,95.53,95.53,95.53,94.99,94.45,94.45,94.45,94.45,94.45,94.45,94.45,93.36,93.36,92.28,92.28,92.28,92.28,92.28,92.28,92.28"
Rec-027_std_2,11,8,2667,core,326,331,0.0,5.0,0.9881,330,334,338,336,1.0,True,95.2705,98.2455,93.3608,1.5659,95.5318,"98.25,97.70,97.16,97.16,97.16,96.62,96.62,96.62,96.62,95.53,95.53,95.53,95.53,95.53,95.53,94.99,94.99,94.99,93.36,93.36,93.36,93.36,93.36,93.36,93.36,93.36,93.36"
Rec-027_std_2,11,9,2668,core,339,331,0.0,13.0,0.9851,343,334,351,336,1.0,True,96.6977,102.0447,92.2753,2.3202,96.6172,"102.04,100.96,99.87,99.33,98.79,98.25,98.25,97.16,96.07,98.25,98.25,97.70,97.16,96.62,96.62,95.53,95.53,94.45,96.07,95.53,95.53,94.99,94.45,94.45,93.36,93.36,92.28"
Rec-027_std_2,11,10,2669,core,344,331,0.0,5.0,0.9872,348,334,356,336,1.0,True,93.7427,101.502,84.6769,4.1144,94.4463,"101.50,99.87,98.79,98.25,96.62,95.53,93.36,91.73,87.93,98.25,97.16,96.62,95.53,94.45,93.36,91.73,90.10,86.31,95.53,94.99,94.45,93.36,92.28,91.19,89.56,87.93,84.68"
Rec-027_std_2,11,11,2670,core,348,331,0.0,4.0,0.9837,352,334,360,336,0.6667,False,86.084,100.4165,75.4502,8.2156,87.9333,"100.42,98.25,95.53,93.36,89.56,82.51,78.16,75.99,75.45,96.07,94.99,93.36,91.19,87.93,80.88,77.62,75.99,75.45,93.36,92.28,91.19,89.56,85.76,80.33,77.62,75.99,75.45"
Rec-027_std_2,11,12,2671,core,355,330,8.13,7.07,0.9864,359,333,367,335,0.0,False,76.4151,83.5914,74.3647,2.0433,75.9929,"83.59,79.79,77.62,76.54,75.99,75.99,75.45,74.91,74.91,79.79,78.16,77.08,75.99,75.99,75.45,74.91,74.36,74.36,78.16,77.08,75.99,75.99,75.99,75.45,74.91,74.36,74.36"
Rec-027_std_2,12,1,2798,core,290,331,0.0,0.0,0.9884,294,334,302,336,1.0,True,94.4865,98.2455,91.1898,2.0729,94.4463,"98.25,97.70,97.16,97.16,97.16,96.62,96.62,96.07,95.53,93.36,94.45,94.45,94.45,94.99,94.99,94.99,94.45,94.45,91.19,91.73,91.73,92.28,92.28,92.28,92.28,92.28,92.28"
Rec-027_std_2,12,2,2799,core,292,331,0.0,2.0,0.985,296,334,304,336,1.0,True,95.3509,100.9592,92.2753,2.191,95.5318,"100.96,99.33,98.25,98.25,97.70,97.16,96.62,96.07,95.53,96.07,95.53,95.53,95.53,95.53,95.53,94.99,94.45,94.45,93.36,93.36,93.36,93.36,93.36,93.36,92.28,92.28,92.28"
Rec-027_std_2,12,3,2800,core,296,331,0.0,4.0,0.9864,300,334,308,336,1.0,True,95.7127,103.1302,91.7325,2.584,94.989,"103.13,100.96,99.33,98.25,97.16,96.62,96.07,95.53,94.99,98.25,97.16,96.62,96.07,95.53,94.99,94.45,94.45,93.36,94.99,94.45,94.45,94.45,93.36,93.36,92.28,92.28,91.73"
Rec-027_std_2,12,4,2801,core,301,331,0.0,5.0,0.9861,305,334,313,336,1.0,True,94.7679,101.502,91.1898,2.2753,94.4463,"101.50,98.79,97.70,96.62,96.07,95.53,94.99,94.45,94.45,97.16,96.62,95.53,94.99,94.45,94.45,93.36,93.36,92.28,94.99,94.45,93.36,93.36,93.36,92.28,91.73,91.73,91.19"
Rec-027_std_2,12,5,2802,core,305,331,0.0,4.0,0.9875,309,334,317,336,1.0,True,94.6071,101.502,91.1898,2.3065,94.4463,"101.50,98.79,97.70,96.62,95.53,94.99,94.45,94.45,93.36,97.16,96.07,95.53,94.99,94.45,94.45,93.36,93.36,92.28,94.45,94.45,94.45,93.36,92.28,92.28,91.73,91.19,91.19"
Rec-027_std_2,12,6,2803,core,310,331,0.0,5.0,0.9873,314,334,322,336,1.0,True,93.9035,99.331,91.1898,1.9146,93.3608,"99.33,97.70,96.07,95.53,94.99,94.45,94.45,93.36,93.36,95.53,95.53,94.99,94.45,93.36,93.36,93.36,92.28,92.28,94.45,93.36,93.36,92.28,91.73,91.73,91.73,91.19,91.19"
Rec-027_std_2,12,7,2804,core,314,331,0.0,4.0,0.9879,318,334,326,336,1.0,True,94.0844,99.331,91.7325,1.8092,94.4463,"99.33,97.70,96.07,95.53,94.99,94.99,94.45,94.45,94.45,95.53,95.53,94.45,94.45,94.45,93.36,93.36,93.36,93.36,93.36,93.36,92.28,92.28,92.28,91.73,91.73,91.73,91.73"
Rec-027_std_2,12,8,2805,core,319,331,0.0,5.0,0.988,323,334,331,336,1.0,True,94.5267,98.2455,92.2753,1.5187,94.4463,"98.25,97.16,96.07,95.53,95.53,95.53,95.53,95.53,95.53,95.53,95.53,94.99,94.45,94.45,94.45,94.45,94.45,94.45,93.36,93.36,93.36,93.36,92.28,92.28,92.28,92.28,92.28"
Rec-027_std_2,12,9,2806,core,323,331,0.0,4.0,0.9879,327,334,335,336,1.0,True,95.8936,100.4165,93.3608,1.7099,95.5318,"100.42,98.79,98.25,97.70,97.16,97.16,97.16,97.16,97.16,96.62,96.07,95.53,95.53,95.53,95.53,95.53,95.53,95.53,94.45,94.45,94.45,94.45,94.45,94.45,93.36,93.36,93.36"
Rec-027_std_2,12,10,2807,core,328,331,0.0,5.0,0.9878,332,334,340,336,1.0,True,96.5167,100.4165,94.4463,1.7102,96.6172,"100.42,99.33,98.79,98.25,98.25,98.25,98.25,97.70,97.70,97.16,97.16,96.62,96.62,96.62,96.07,96.07,95.53,95.53,94.99,94.99,94.99,94.45,94.45,94.45,94.45,94.45,94.45"
Rec-027_std_2,12,11,2808,core,332,331,0.0,4.0,0.9872,336,334,344,336,1.0,True,97.2605,102.0447,94.4463,1.993,97.16,"102.04,100.96,100.42,99.33,98.79,98.79,98.25,98.25,98.25,98.25,98.25,97.70,97.70,97.16,96.62,96.62,96.62,96.07,95.53,95.53,95.53,95.53,95.53,94.99,94.45,94.45,94.45"
Rec-027_std_2,12,12,2809,core,337,331,0.0,5.0,0.9877,341,334,349,336,1.0,True,97.0796,102.0447,93.3608,2.1186,97.16,"102.04,100.96,100.42,99.33,98.79,98.79,98.25,98.25,97.70,98.25,98.25,97.70,97.16,97.16,96.62,96.07,95.53,95.53,96.07,95.53,95.53,95.53,94.99,94.45,94.45,94.45,93.36"
Rec-027_std_2,12,13,2810,core,341,331,0.0,4.0,0.9856,345,334,353,336,1.0,True,96.376,103.1302,90.6471,2.9221,95.5318,"103.13,101.50,100.42,99.33,98.79,98.25,97.70,96.07,94.99,98.79,98.25,98.25,97.70,96.62,95.53,94.99,94.45,92.28,95.53,95.53,95.53,94.99,94.45,94.45,92.28,91.73,90.65"
Rec-027_std_2,12,14,2811,core,346,331,0.0,5.0,0.9865,350,334,358,336,0.8889,False,90.1847,100.9592,77.0784,6.8838,92.2753,"100.96,98.79,97.70,96.07,94.45,92.28,89.02,81.42,77.62,97.70,96.07,94.99,94.45,92.28,90.65,87.39,80.88,77.62,94.99,94.45,92.28,91.73,90.10,88.48,85.76,79.79,77.08"
Rec-027_std_2,12,15,2812,core,350,331,0.0,4.0,0.984,354,334,362,336,0.4444,False,81.9832,98.2455,74.3647,7.5487,78.1639,"98.25,95.53,90.65,83.05,78.71,77.08,75.99,75.45,74.91,94.45,92.28,88.48,81.96,78.16,76.54,75.45,75.45,74.91,91.19,89.56,86.31,80.88,77.62,75.99,75.45,74.91,74.36"
Rec-027_std_2,12,16,2813,core,355,331,0.0,5.0,0.983,359,334,367,336,0.0,False,75.611,78.7067,74.3647,1.1707,75.4502,"78.71,77.62,76.54,75.99,75.45,75.45,74.91,74.36,74.36,77.62,76.54,75.99,75.45,75.45,74.91,74.91,74.36,74.36,77.62,75.99,75.99,75.45,75.45,74.91,74.36,74.36,74.36"
Rec-027_std_2,13,1,2936,core,290,331,0.0,0.0,0.9876,294,334,302,336,1.0,True,94.4061,98.7882,91.1898,2.1146,94.4463,"98.79,97.70,97.16,97.16,97.16,96.62,96.07,96.07,95.53,93.36,94.45,94.45,94.45,94.45,94.45,94.45,94.45,94.45,91.19,91.19,92.28,92.28,92.28,92.28,92.28,92.28,91.73"
Rec-027_std_2,13,2,2937,core,293,331,0.0,3.0,0.9846,297,334,305,336,1.0,True,95.7328,103.1302,92.2753,2.5762,95.5318,"103.13,100.96,99.33,98.25,98.25,97.16,96.62,96.07,95.53,97.16,96.62,96.07,95.53,95.53,95.53,94.99,94.45,94.45,94.45,94.45,93.36,93.36,93.36,93.36,92.28,92.28,92.28"
Rec-027_std_2,13,3,2938,core,298,331,0.0,5.0,0.988,302,334,310,336,1.0,True,95.2905,102.0447,91.1898,2.4511,94.989,"102.04,100.42,98.25,97.70,97.16,96.07,95.53,94.99,94.45,97.70,96.62,96.07,95.53,95.53,94.45,94.45,93.36,93.36,94.99,94.45,94.45,94.45,93.36,92.28,92.28,91.73,91.19"
Rec-027_std_2,13,4,2939,core,302,331,0.0,4.0,0.9866,306,334,314,336,1.0,True,94.9086,102.0447,91.1898,2.4527,94.4463,"102.04,99.87,98.25,97.16,96.07,95.53,94.99,94.99,94.45,97.70,96.62,95.53,94.99,94.45,94.45,93.36,93.36,93.36,94.45,94.45,93.36,93.36,92.28,92.28,92.28,91.73,91.19"
Rec-027_std_2,13,5,2940,core,316,331,0.0,14.0,0.9892,320,334,328,336,1.0,True,94.1648,98.7882,91.7325,1.654,94.4463,"98.79,97.16,96.07,95.53,95.53,94.99,94.99,94.45,94.45,95.53,95.53,94.45,94.45,94.45,93.36,93.36,93.36,93.36,93.36,93.36,93.36,92.28,92.28,92.28,92.28,91.73,91.73"
Rec-027_std_2,13,6,2941,core,325,331,0.0,9.0,0.9897,329,334,337,336,1.0,True,95.9137,99.331,94.4463,1.3684,95.5318,"99.33,98.25,97.70,97.16,97.16,97.16,97.16,97.16,97.16,96.62,96.07,95.53,95.53,95.53,95.53,95.53,95.53,95.53,94.45,94.45,94.45,94.45,94.45,94.45,94.45,94.45,94.45"
Rec-027_std_2,13,7,2942,core,330,331,0.0,5.0,0.9866,334,334,342,336,1.0,True,96.8183,99.8737,94.4463,1.4856,96.6172,"99.87,98.79,98.79,98.25,98.25,98.25,98.25,98.25,98.25,97.16,97.16,97.16,97.16,96.62,96.62,96.62,96.62,96.62,95.53,95.53,95.53,94.99,94.99,94.99,94.99,94.45,94.45"
Rec-027_std_2,13,8,2943,core,334,331,0.0,4.0,0.9894,338,334,346,336,1.0,True,97.8435,102.0447,94.989,1.8836,97.7027,"102.04,101.50,100.42,99.87,99.87,99.33,99.33,98.79,98.25,98.79,98.25,98.25,98.25,97.70,97.70,97.70,97.16,97.16,96.07,96.07,96.07,96.07,95.53,95.53,95.53,95.53,94.99"
Rec-027_std_2,13,9,2944,core,339,331,0.0,5.0,0.9861,343,334,351,336,1.0,True,97.6625,103.1302,93.3608,2.3023,97.7027,"103.13,101.50,100.96,100.42,99.87,99.33,98.79,98.25,97.70,99.33,98.79,98.25,98.25,98.25,97.70,96.62,96.07,95.53,96.62,96.62,96.07,95.53,95.53,95.53,94.45,94.45,93.36"
Rec-027_std_2,13,10,2945,core,348,331,0.0,9.0,0.9842,352,334,360,336,0.6667,False,86.2448,99.8737,74.9074,8.3969,87.9333,"99.87,98.25,95.53,94.45,90.10,82.51,77.62,75.99,75.45,96.62,95.53,94.45,91.73,87.93,81.42,77.62,75.99,75.45,94.45,92.28,91.19,89.56,85.76,80.33,77.62,75.99,74.91"
Rec-027_std_2,13,11,2946,core,352,331,0.0,4.0,0.9859,356,334,364,336,0.2222,False,78.3046,93.3608,74.3647,4.9822,75.9929,"93.36,84.13,79.79,77.62,76.54,75.99,75.45,74.91,74.36,89.56,82.51,78.71,77.08,75.99,75.45,74.91,74.91,74.36,87.93,81.42,78.16,76.54,75.99,74.91,74.91,74.36,74.36"
Rec-027_std_2,13,12,2947,core,355,330,18.43,3.16,0.9846,359,333,367,335,0.0,False,76.4151,84.1341,74.3647,2.1525,75.9929,"84.13,79.79,77.62,76.54,75.99,75.99,75.45,74.91,74.36,80.33,78.16,76.54,75.99,75.99,75.45,74.91,74.91,74.36,78.16,77.08,75.99,75.99,75.45,75.45,74.91,74.36,74.36"
Rec-027_std_2,14,1,3076,core,290,331,0.0,0.0,0.9892,294,334,302,336,1.0,True,95.19,98.7882,91.1898,2.2986,95.5318,"98.79,98.25,98.25,98.25,98.25,97.70,97.70,97.16,96.62,94.45,94.45,95.53,95.53,95.53,95.53,95.53,95.53,94.99,91.19,91.73,92.28,92.28,93.36,92.28,93.36,93.36,92.28"
Rec-027_std_2,14,2,3077,core,291,331,0.0,1.0,0.984,295,334,303,336,1.0,True,96.0946,102.0447,93.3608,2.3564,96.0745,"102.04,100.42,99.33,98.79,98.25,98.25,97.70,97.16,97.16,96.07,96.62,96.07,96.62,96.07,96.07,95.53,95.53,95.53,93.36,93.36,94.45,93.36,93.36,93.36,93.36,93.36,93.36"
Rec-027_std_2,14,3,3078,core,296,331,0.0,5.0,0.988,300,334,308,336,1.0,True,96.2956,103.1302,92.2753,2.4508,95.5318,"103.13,100.96,99.87,98.79,98.25,97.70,97.16,96.07,95.53,98.25,97.70,97.16,96.62,96.07,95.53,95.53,94.99,94.45,95.53,94.99,94.45,94.45,94.45,93.36,93.36,93.36,92.28"
Rec-027_std_2,14,4,3079,core,300,331,0.0,4.0,0.9857,304,334,312,336,1.0,True,96.2956,103.6729,92.2753,2.5425,95.5318,"103.67,101.50,99.87,98.79,97.70,97.16,96.62,95.53,95.53,98.25,98.25,97.70,96.62,95.53,95.53,95.53,94.45,94.45,95.53,95.53,94.99,94.45,94.45,93.36,93.36,93.36,92.28"
Rec-027_std_2,14,5,3080,core,305,331,0.0,5.0,0.9889,309,334,317,336,1.0,True,95.2303,101.502,91.7325,2.2805,94.989,"101.50,99.33,98.25,97.70,97.16,96.07,95.53,94.99,94.45,97.70,96.62,96.07,95.53,95.53,94.45,94.45,93.36,93.36,94.99,94.45,94.45,93.36,93.36,92.28,92.28,92.28,91.73"
Rec-027_std_2,14,6,3081,core,310,331,0.0,5.0,0.9859,314,334,322,336,1.0,True,94.3859,99.331,91.1898,1.9051,94.4463,"99.33,98.25,96.62,96.07,95.53,95.53,94.45,94.45,93.36,96.62,95.53,95.53,94.45,94.45,93.36,93.36,93.36,93.36,94.45,94.45,93.36,93.36,92.28,92.28,91.73,91.73,91.19"
Rec-027_std_2,14,7,3082,core,314,331,0.0,4.0,0.9895,318,334,326,336,1.0,True,94.4463,99.8737,91.7325,1.8509,94.4463,"99.87,98.25,96.62,95.53,95.53,95.53,94.99,94.45,94.45,96.07,95.53,94.99,94.45,94.45,94.45,93.36,93.36,93.36,94.45,93.36,93.36,93.36,92.28,92.28,92.28,91.73,91.73"
Rec-027_std_2,14,8,3083,core,323,331,0.0,9.0,0.9894,327,334,335,336,1.0,True,95.2503,99.331,93.3608,1.4873,94.989,"99.33,98.25,97.16,96.62,96.62,96.07,96.07,95.53,95.53,96.07,95.53,95.53,95.53,94.99,94.99,94.99,94.99,94.45,94.45,94.45,94.45,93.36,93.36,93.36,93.36,93.36,93.36"
Rec-027_std_2,14,9,3084,core,328,331,0.0,5.0,0.9867,332,334,340,336,1.0,True,96.2152,99.331,94.4463,1.4815,96.0745,"99.33,98.79,98.25,98.25,97.70,97.70,97.70,97.16,97.16,97.16,96.62,96.07,96.07,96.07,95.53,95.53,95.53,95.53,94.99,94.99,94.99,94.45,94.45,94.45,94.45,94.45,94.45"
Rec-027_std_2,14,10,3085,core,332,331,0.0,4.0,0.9895,336,334,344,336,1.0,True,97.1399,101.502,94.4463,1.7257,97.16,"101.50,100.42,99.33,98.79,98.25,98.25,98.25,98.25,98.25,98.25,97.70,97.70,97.16,97.16,96.62,96.62,96.62,96.62,95.53,95.53,95.53,95.53,95.53,94.99,94.99,94.99,94.45"
Rec-027_std_2,14,11,3086,core,337,331,0.0,5.0,0.9874,341,334,349,336,1.0,True,97.6022,101.502,94.4463,1.8154,97.7027,"101.50,100.96,100.42,99.87,99.33,98.79,98.79,98.25,98.25,98.25,98.25,98.25,98.25,97.70,97.70,97.16,96.62,96.62,96.07,96.07,96.07,96.07,95.53,95.53,95.53,94.99,94.45"
Rec-027_std_2,14,12,3087,core,341,331,0.0,4.0,0.9889,345,334,353,336,1.0,True,97.2806,103.1302,91.7325,2.598,97.16,"103.13,102.04,100.96,100.42,99.87,98.79,98.25,97.16,95.53,99.33,98.79,98.25,98.25,97.70,97.16,95.53,95.53,94.45,96.62,96.62,96.07,96.07,95.53,94.99,94.45,93.36,91.73"
Rec-027_std_2,14,13,3088,core,346,331,0.0,5.0,0.9866,350,334,358,336,0.8889,False,91.1898,102.0447,77.0784,7.377,94.4463,"102.04,100.42,98.79,97.70,95.53,94.45,89.56,81.96,77.62,98.79,97.70,96.62,95.53,94.45,92.28,87.93,80.88,77.62,96.07,95.53,94.45,92.28,91.19,89.56,85.76,80.33,77.08"
Rec-027_std_2,14,14,3089,core,350,331,0.0,4.0,0.9877,354,334,362,336,0.4444,False,82.4858,99.331,74.3647,8.1626,78.1639,"99.33,96.62,91.73,83.59,78.71,77.08,75.99,75.45,74.91,96.07,93.36,89.56,82.51,78.16,76.54,75.99,74.91,74.36,93.36,91.19,87.93,81.42,77.62,75.99,75.45,74.91,74.36"
Rec-027_std_2,14,15,3090,core,355,330,11.31,5.1,0.993,359,333,367,335,0.0,False,76.1538,82.5059,74.3647,1.8791,75.4502,"82.51,78.71,77.62,75.99,75.99,75.45,74.91,74.91,74.36,79.79,77.62,76.54,75.99,75.45,75.45,74.91,74.36,74.36,78.16,77.08,75.99,75.99,75.45,74.91,74.91,74.36,74.36"
Rec-027_std_2,15,1,3212,core,290,331,0.0,0.0,0.9856,294,334,302,336,1.0,True,96.2353,101.502,92.2753,2.2442,96.0745,"101.50,99.87,99.33,98.79,98.79,98.25,98.25,98.25,97.70,95.53,95.53,96.07,96.07,96.07,96.07,96.07,96.07,95.53,92.28,93.36,93.36,94.45,94.45,94.45,94.45,94.45,93.36"
Rec-027_std_2,15,2,3213,core,299,331,0.0,9.0,0.9883,303,334,311,336,1.0,True,96.4765,103.6729,92.2753,2.5138,95.5318,"103.67,101.50,99.87,98.79,98.25,97.16,96.62,95.53,95.53,98.79,98.25,97.70,97.16,96.62,95.53,94.99,94.45,94.45,96.07,95.53,95.53,94.99,94.45,94.45,93.36,93.36,92.28"
Rec-027_std_2,15,3,3214,core,303,331,0.0,4.0,0.9862,307,334,315,336,1.0,True,96.0745,103.6729,92.2753,2.5585,95.5318,"103.67,101.50,99.33,98.25,97.16,96.62,95.53,95.53,94.99,98.79,98.25,97.16,96.07,95.53,95.53,94.99,94.45,94.45,95.53,95.53,94.99,94.45,94.45,93.36,93.36,92.28,92.28"
Rec-027_std_2,15,4,3215,core,312,331,0.0,9.0,0.9865,316,334,324,336,1.0,True,94.9488,102.0447,91.1898,2.3815,94.4463,"102.04,99.33,98.25,97.16,96.07,95.53,94.99,94.45,93.36,97.70,96.62,95.53,95.53,94.45,94.45,93.36,93.36,93.36,94.99,94.45,94.45,93.36,93.36,92.28,92.28,91.73,91.19"
Rec-027_std_2,15,5,3216,core,317,331,0.0,5.0,0.9895,321,334,329,336,1.0,True,94.3457,99.8737,91.1898,1.982,94.4463,"99.87,98.25,96.62,96.07,95.53,94.99,94.45,94.45,94.45,96.62,95.53,95.53,94.45,94.45,93.36,93.36,93.36,92.28,94.45,93.36,93.36,93.36,92.28,92.28,91.73,91.73,91.19"
Rec-027_std_2,15,6,3217,core,326,331,0.0,9.0,0.9896,330,334,338,336,1.0,True,95.6725,99.8737,93.3608,1.5744,95.5318,"99.87,98.25,97.70,97.16,97.16,97.16,96.62,96.62,96.62,96.07,95.53,95.53,95.53,95.53,95.53,95.53,95.53,95.53,94.45,94.45,94.45,94.45,93.36,93.36,93.36,94.45,93.36"
Rec-027_std_2,15,7,3218,core,331,331,0.0,5.0,0.9869,335,334,343,336,1.0,True,96.5569,99.8737,94.4463,1.6069,96.0745,"99.87,98.79,98.79,98.25,98.25,98.25,98.25,98.25,98.25,97.16,96.62,96.62,96.62,96.07,96.07,96.07,96.07,96.07,94.99,94.99,94.99,94.99,94.99,94.45,94.45,94.45,94.45"
Rec-027_std_2,15,8,3219,core,335,331,0.0,4.0,0.9895,339,334,347,336,1.0,True,97.4615,101.502,94.989,1.8051,97.7027,"101.50,100.42,99.87,99.33,99.33,98.79,98.79,98.79,98.79,98.25,98.25,97.70,97.70,97.70,97.16,97.16,97.16,96.62,95.53,95.53,95.53,95.53,95.53,95.53,94.99,94.99,94.99"
Rec-027_std_2,15,9,3220,core,340,331,0.0,5.0,0.9876,344,334,352,336,1.0,True,97.4213,102.0447,92.2753,2.3044,97.16,"102.04,101.50,100.96,100.42,99.87,99.33,98.79,98.25,97.16,98.79,98.25,98.25,98.25,97.70,97.16,96.62,95.53,94.99,96.07,96.07,96.07,95.53,95.53,95.53,94.99,94.45,92.28"
Rec-027_std_2,15,10,3221,core,344,331,0.0,4.0,0.9884,348,334,356,336,1.0,True,95.4715,103.1302,85.7624,4.1685,95.5318,"103.13,102.04,100.96,99.87,98.25,97.16,95.53,94.45,90.10,99.33,98.79,98.25,97.70,96.07,94.99,93.36,91.73,87.93,97.16,96.62,95.53,95.53,94.45,92.28,91.19,89.56,85.76"
Rec-027_std_2,15,11,3222,core,349,331,0.0,5.0,0.9862,353,334,361,336,0.5556,False,84.7573,99.8737,74.9074,8.5875,82.5059,"99.87,97.70,95.53,91.73,83.05,78.71,76.54,75.99,75.45,96.62,94.99,93.36,89.56,82.51,78.71,76.54,75.45,74.91,94.45,92.28,91.19,87.93,81.42,77.62,75.99,75.45,74.91"
Rec-027_std_2,15,12,3223,core,353,331,0.0,4.0,0.9867,357,334,365,336,0.1111,False,76.8975,85.7624,74.3647,2.9358,75.9929,"85.76,80.33,77.62,76.54,75.99,75.45,74.91,74.91,74.36,83.59,79.79,77.62,75.99,75.99,75.45,74.91,74.91,74.36,81.96,78.71,77.08,75.99,75.45,74.91,74.91,74.36,74.36"
Rec-027_std_2,15,13,3224,core,355,330,26.57,2.24,0.9871,359,333,367,335,0.0,False,76.3749,84.1341,73.822,2.1901,75.9929,"84.13,79.79,77.62,77.08,75.99,75.99,75.45,74.91,74.36,80.33,77.62,77.08,75.99,75.45,75.45,74.91,74.36,74.36,78.16,77.08,75.99,75.99,75.45,75.45,74.91,74.36,73.82"
Rec-027_std_2,16,1,3354,core,290,331,0.0,0.0,0.9877,294,334,302,336,1.0,True,96.2152,99.8737,91.7325,2.1436,96.0745,"99.87,98.79,98.79,98.79,98.79,98.79,98.25,98.25,98.25,94.99,95.53,96.07,96.62,96.62,96.62,96.62,96.07,96.07,91.73,92.28,93.36,94.45,94.45,94.45,94.45,94.45,94.45"
Rec-027_std_2,16,2,3355,core,292,331,0.0,2.0,0.985,296,334,304,336,1.0,True,97.562,103.6729,94.4463,2.3384,97.7027,"103.67,102.04,100.96,100.42,99.87,99.33,98.79,98.25,97.70,98.25,98.25,97.70,97.70,97.70,97.70,97.16,96.62,96.07,94.99,94.99,95.53,95.53,95.53,95.53,94.99,94.45,94.45"
Rec-027_std_2,16,3,3356,core,297,331,0.0,5.0,0.9872,301,334,309,336,1.0,True,97.2002,103.6729,93.3608,2.3118,96.6172,"103.67,102.04,100.42,99.33,98.79,98.25,97.70,97.16,96.07,99.33,98.25,98.25,97.70,97.16,96.62,96.07,95.53,95.53,96.62,96.07,95.53,95.53,95.53,94.99,94.45,94.45,93.36"
Rec-027_std_2,16,4,3357,core,301,331,0.0,4.0,0.987,305,334,313,336,1.0,True,96.959,105.3012,93.3608,2.643,96.0745,"105.30,102.04,100.42,98.79,98.25,97.70,96.62,96.07,95.53,99.87,98.79,98.25,97.70,96.62,96.07,95.53,95.53,94.45,96.62,96.07,95.53,95.53,94.99,94.45,94.45,93.36,93.36"
Rec-027_std_2,16,5,3358,core,306,331,0.0,5.0,0.9879,310,334,318,336,1.0,True,95.6926,102.0447,92.2753,2.1851,95.5318,"102.04,99.87,98.25,97.70,96.62,96.07,95.53,95.53,94.45,98.25,97.70,96.62,95.53,95.53,95.53,94.45,94.45,93.36,95.53,95.53,94.99,94.45,94.45,93.36,93.36,92.28,92.28"
Rec-027_std_2,16,6,3359,core,310,331,0.0,4.0,0.9874,314,334,322,336,1.0,True,95.4715,102.0447,92.2753,2.237,95.5318,"102.04,99.87,98.25,97.16,96.62,95.53,95.53,94.99,94.45,98.25,97.16,96.07,95.53,95.53,94.99,94.45,94.45,93.36,95.53,95.53,94.45,94.45,93.36,93.36,92.28,92.28,92.28"
Rec-027_std_2,16,7,3360,core,315,331,0.0,5.0,0.9893,319,334,327,336,1.0,True,94.989,100.4165,92.2753,1.797,94.989,"100.42,98.25,97.16,96.62,96.07,95.53,95.53,95.53,94.99,96.62,95.53,95.53,94.99,94.99,94.45,94.45,94.45,94.45,94.45,94.45,93.36,93.36,93.36,93.36,92.28,92.28,92.28"
Rec-027_std_2,16,8,3361,core,319,331,0.0,4.0,0.9872,323,334,331,336,1.0,True,95.6926,101.502,93.3608,1.8964,95.5318,"101.50,99.33,98.25,97.16,97.16,96.62,96.07,96.07,95.53,97.16,96.62,96.07,95.53,95.53,95.53,94.99,94.99,94.45,94.99,94.45,94.45,94.45,93.36,93.36,93.36,93.36,93.36"
Rec-027_std_2,16,9,3362,core,324,331,0.0,5.0,0.9897,328,334,336,336,1.0,True,96.0946,100.9592,93.3608,1.7446,95.5318,"100.96,99.33,98.25,98.25,97.16,97.16,97.16,96.62,96.62,97.16,97.16,96.07,95.53,96.07,95.53,95.53,95.53,95.53,94.99,94.99,94.45,94.45,94.45,94.45,94.45,93.36,93.36"
Rec-027_std_2,16,10,3363,core,333,331,0.0,9.0,0.9901,337,334,345,336,1.0,True,97.4012,102.0447,94.989,1.8232,97.16,"102.04,100.96,99.87,99.33,98.79,98.79,98.25,98.25,98.25,98.25,98.25,97.70,97.70,97.16,97.16,97.16,96.62,96.62,96.07,95.53,95.53,95.53,95.53,95.53,94.99,94.99,94.99"
Rec-027_std_2,16,11,3364,core,337,331,0.0,4.0,0.9865,341,334,349,336,1.0,True,98.0847,103.1302,94.989,2.0512,98.2455,"103.13,102.04,100.96,100.42,99.87,99.87,99.33,98.79,98.25,99.33,98.79,98.25,98.25,98.25,97.70,97.70,97.16,96.62,97.16,96.62,96.62,96.07,95.53,95.53,95.53,95.53,94.99"
Rec-027_std_2,16,12,3365,core,342,331,0.0,5.0,0.9899,346,334,354,336,1.0,True,96.8786,103.1302,90.6471,3.0466,96.6172,"103.13,102.04,100.96,100.42,99.87,98.25,97.70,95.53,94.45,99.87,99.33,98.25,98.25,97.70,96.62,95.53,94.45,92.28,97.16,96.62,96.07,95.53,95.53,94.45,93.36,91.73,90.65"
Rec-027_std_2,16,13,3366,core,346,331,0.0,4.0,0.9856,350,334,358,336,0.8889,False,91.3908,103.1302,77.0784,7.5135,93.3608,"103.13,101.50,99.33,97.70,95.53,94.45,90.10,82.51,77.62,99.33,98.25,96.62,95.53,93.36,91.73,87.93,80.88,77.62,96.62,95.53,94.45,93.36,91.19,89.56,86.31,80.33,77.08"
Rec-027_std_2,16,14,3367,core,351,331,0.0,5.0,0.9884,355,334,363,336,0.3333,False,80.2545,97.16,74.3647,6.8996,77.0784,"97.16,92.28,83.59,78.71,77.08,75.99,75.45,74.91,74.36,94.45,89.56,82.51,78.71,77.08,75.99,75.45,74.91,74.36,91.19,87.93,81.42,77.62,76.54,75.99,74.91,74.36,74.36"
Rec-027_std_2,16,15,3368,core,355,331,0.0,4.0,0.9881,359,334,367,336,0.0,False,75.6914,79.7922,73.822,1.404,75.4502,"79.79,77.62,76.54,75.99,75.99,75.45,74.91,74.36,74.36,78.16,77.08,75.99,75.99,75.45,74.91,74.91,74.36,73.82,77.62,76.54,75.99,75.45,74.91,74.91,74.36,74.36,73.82"
Rec-027_std_2,17,1,3495,core,290,331,0.0,0.0,0.9881,294,334,302,336,1.0,True,96.4564,99.8737,92.2753,2.0828,96.6172,"99.87,99.33,99.33,99.33,99.33,98.79,98.25,98.25,98.25,95.53,95.53,96.62,96.62,96.62,96.62,96.62,96.62,96.07,92.28,93.36,94.45,94.45,94.45,94.45,94.45,94.45,94.45"
Rec-027_std_2,17,2,3496,core,296,331,0.0,6.0,0.9866,300,334,308,336,1.0,True,97.3208,104.2157,94.4463,2.3626,96.6172,"104.22,102.04,100.42,99.87,98.79,98.25,97.70,97.16,96.62,99.87,98.79,98.25,97.70,97.16,96.62,96.07,95.53,95.53,96.07,96.07,95.53,95.53,95.53,94.99,94.45,94.45,94.45"
Rec-027_std_2,17,3,3497,core,300,331,0.0,4.0,0.9853,304,334,312,336,1.0,True,96.9992,105.3012,93.3608,2.6417,96.0745,"105.30,102.04,100.42,99.33,98.25,97.70,96.62,96.07,95.53,99.87,98.79,98.25,97.70,96.62,96.07,95.53,95.53,94.99,96.62,96.07,95.53,95.53,94.99,94.45,94.45,93.36,93.36"
Rec-027_std_2,17,4,3498,core,305,331,0.0,5.0,0.9875,309,334,317,336,1.0,True,96.0343,102.0447,92.2753,2.0834,95.5318,"102.04,99.87,98.79,98.25,97.16,96.62,95.53,95.53,94.99,98.25,97.70,97.16,96.07,95.53,95.53,94.99,94.45,94.45,96.07,95.53,95.53,94.99,94.45,94.45,93.36,93.36,92.28"
Rec-027_std_2,17,5,3499,core,309,331,0.0,4.0,0.9858,313,334,321,336,1.0,True,95.9338,103.1302,92.2753,2.2721,95.5318,"103.13,100.42,98.79,97.70,97.16,96.07,95.53,95.53,94.99,98.25,97.70,96.62,95.53,95.53,95.53,94.99,94.45,94.45,96.07,95.53,94.99,94.45,94.45,93.36,93.36,93.36,92.28"
Rec-027_std_2,17,6,3500,core,314,331,0.0,5.0,0.9887,318,334,326,336,1.0,True,95.4514,100.4165,92.2753,1.7769,95.5318,"100.42,98.79,97.70,97.16,96.62,96.07,95.53,95.53,95.53,97.70,96.62,95.53,95.53,95.53,94.99,94.99,94.45,94.45,94.99,94.45,94.45,94.45,93.36,93.36,93.36,93.36,92.28"
Rec-027_std_2,17,7,3501,core,319,331,0.0,5.0,0.9857,323,334,331,336,1.0,True,95.5519,99.8737,93.3608,1.5874,95.5318,"99.87,98.25,98.25,97.16,96.62,96.07,96.07,95.53,95.53,97.16,96.62,96.07,95.53,95.53,94.99,94.99,94.45,94.45,94.99,94.99,94.45,94.45,94.45,93.36,93.36,93.36,93.36"
Rec-027_std_2,17,8,3502,core,323,331,0.0,4.0,0.9892,327,334,335,336,1.0,True,96.0946,100.9592,93.3608,1.7257,95.5318,"100.96,99.33,98.25,97.70,97.70,96.62,96.62,96.62,96.62,97.70,97.16,96.07,96.07,95.53,95.53,95.53,95.53,95.53,95.53,94.99,94.45,94.45,94.45,94.45,94.45,93.36,93.36"
Rec-027_std_2,17,9,3503,core,328,331,0.0,5.0,0.9859,332,334,340,336,1.0,True,96.5972,100.4165,94.4463,1.5805,96.0745,"100.42,99.33,98.25,98.25,98.25,97.70,97.70,97.70,97.70,97.70,97.70,96.62,96.62,96.07,96.07,96.07,96.07,96.07,95.53,95.53,94.99,94.99,94.99,94.45,94.45,94.45,94.45"
Rec-027_std_2,17,10,3504,core,332,331,0.0,4.0,0.9897,336,334,344,336,1.0,True,97.7228,102.0447,95.5318,1.7756,97.7027,"102.04,100.96,99.87,99.87,99.33,98.79,98.79,98.79,98.25,98.25,98.25,98.25,98.25,97.70,97.70,97.70,97.70,97.16,96.07,96.07,95.53,95.53,95.53,95.53,95.53,95.53,95.53"
Rec-027_std_2,17,11,3505,core,337,331,0.0,5.0,0.9864,341,334,349,336,1.0,True,98.1852,102.0447,94.989,1.8646,98.2455,"102.04,101.50,100.96,100.96,100.42,99.33,99.33,98.79,98.25,99.33,98.79,98.79,98.25,98.25,98.25,97.70,97.16,97.16,97.16,97.16,96.62,96.62,96.07,96.07,95.53,95.53,94.99"
Rec-027_std_2,17,12,3506,core,346,331,0.0,9.0,0.9856,350,334,358,336,0.8889,False,91.2099,102.0447,77.0784,7.4571,93.3608,"102.04,100.96,98.79,97.70,95.53,94.45,89.56,81.96,77.62,98.79,98.25,96.62,95.53,93.36,91.73,87.93,80.88,77.62,96.62,95.53,94.45,93.36,91.19,89.56,85.76,79.79,77.08"
Rec-027_std_2,17,13,3507,core,350,331,0.0,4.0,0.9877,354,334,362,336,0.4444,False,82.325,98.7882,74.3647,8.0135,78.7067,"98.79,96.07,91.73,83.59,78.71,76.54,75.99,74.91,74.91,95.53,93.36,89.56,82.51,78.71,76.54,75.99,74.91,74.36,92.28,91.19,87.39,80.88,77.62,75.99,75.45,74.91,74.36"
Rec-027_std_2,17,14,3508,core,354,331,0.0,4.0,0.9837,358,334,366,336,0.0,False,76.194,82.5059,74.3647,1.9212,75.4502,"82.51,78.71,77.62,75.99,75.99,75.45,75.45,74.36,74.36,79.79,77.62,76.54,75.99,75.45,75.45,74.91,74.36,74.36,78.71,77.62,75.99,75.99,75.45,74.91,74.91,74.36,74.36"
Rec-027_std_2,18,1,3617,core,290,331,0.0,0.0,0.9875,294,334,302,336,1.0,True,96.6172,100.4165,92.2753,2.0733,96.6172,"100.42,99.33,99.33,99.33,99.33,98.79,98.79,98.25,98.25,95.53,95.53,96.62,96.62,97.16,97.16,96.62,96.62,96.07,92.28,93.36,94.45,94.45,94.99,94.99,94.99,94.99,94.45"
Rec-027_std_2,18,2,3618,core,293,331,0.0,3.0,0.987,297,334,305,336,1.0,True,97.3007,103.1302,94.4463,2.2039,97.16,"103.13,102.04,100.42,99.87,99.33,98.25,98.25,97.70,97.16,98.25,98.25,98.25,97.70,97.70,96.62,96.07,96.07,95.53,95.53,95.53,95.53,95.53,95.53,94.99,94.99,94.45,94.45"
Rec-027_std_2,18,3,3619,core,297,331,0.0,4.0,0.9844,301,334,309,336,1.0,True,97.6826,105.8439,94.4463,2.6485,97.16,"105.84,103.13,100.96,99.87,99.33,98.25,98.25,97.16,96.62,100.42,99.33,98.25,98.25,97.70,97.16,96.07,95.53,95.53,97.16,96.62,96.07,96.07,95.53,94.99,94.45,94.45,94.45"
Rec-027_std_2,18,4,3620,core,302,331,0.0,5.0,0.9882,306,334,314,336,1.0,True,96.4765,103.1302,92.2753,2.3616,95.5318,"103.13,100.96,99.33,98.25,98.25,97.16,96.07,95.53,95.53,99.33,98.25,97.70,97.16,96.62,95.53,95.53,94.45,94.45,96.62,95.53,95.53,95.53,94.99,94.45,93.36,93.36,92.28"
Rec-027_std_2,18,5,3621,core,306,331,0.0,4.0,0.9858,310,334,318,336,1.0,True,96.1951,103.1302,92.2753,2.3558,95.5318,"103.13,100.96,98.79,98.25,97.70,96.62,95.53,95.53,94.99,99.33,98.25,97.16,96.07,95.53,95.53,94.99,94.45,94.45,96.07,95.53,95.53,94.99,94.45,94.45,93.36,93.36,92.28"
Rec-027_std_2,18,6,3622,core,311,331,0.0,5.0,0.9889,315,334,323,336,1.0,True,95.5921,101.502,92.2753,1.9051,95.5318,"101.50,98.79,98.25,97.16,96.62,96.07,95.53,95.53,94.99,98.25,96.62,95.53,95.53,95.53,94.99,94.99,94.45,94.45,95.53,94.99,94.45,94.45,94.45,93.36,93.36,93.36,92.28"
Rec-027_std_2,18,7,3623,core,315,331,0.0,4.0,0.9861,319,334,327,336,1.0,True,96.0142,102.0447,93.3608,1.8763,95.5318,"102.04,99.87,98.25,97.70,97.16,96.62,96.62,96.07,96.07,97.70,96.62,96.07,95.53,95.53,95.53,95.53,94.99,94.99,95.53,94.99,94.45,94.45,94.45,94.45,94.45,93.36,93.36"
Rec-027_std_2,18,8,3624,core,320,331,0.0,5.0,0.9897,324,334,332,336,1.0,True,96.4765,101.502,94.4463,1.6686,96.0745,"101.50,99.87,98.25,98.25,97.70,97.70,97.16,96.62,96.62,97.70,97.16,96.62,96.62,96.07,96.07,95.53,95.53,95.53,95.53,95.53,95.53,94.99,94.99,94.45,94.45,94.45,94.45"
Rec-027_std_2,18,9,3625,core,324,331,0.0,4.0,0.9863,328,334,336,336,1.0,True,97.2806,102.0447,94.989,1.7499,97.16,"102.04,100.96,99.33,98.79,98.25,98.25,98.25,98.25,98.25,98.25,98.25,97.70,97.16,97.16,97.16,96.62,96.62,96.62,95.53,95.53,95.53,95.53,95.53,95.53,95.53,94.99,94.99"
Rec-027_std_2,18,10,3626,core,329,331,0.0,5.0,0.9897,333,334,341,336,1.0,True,97.9038,102.0447,95.5318,1.7487,98.2455,"102.04,100.96,100.42,99.87,99.33,99.33,98.79,98.79,98.79,98.79,98.25,98.25,98.25,98.25,97.70,97.70,97.70,97.16,96.62,96.07,96.07,96.07,96.07,95.53,95.53,95.53,95.53"
Rec-027_std_2,18,11,3627,core,334,331,0.0,5.0,0.9866,338,334,346,336,1.0,True,98.6073,103.1302,95.5318,1.8272,98.2455,"103.13,101.50,100.96,100.42,100.42,100.42,99.87,99.87,99.33,99.33,99.33,98.79,98.79,98.25,98.25,98.25,98.25,98.25,97.16,97.16,97.16,96.62,96.62,96.62,96.07,96.07,95.53"
Rec-027_std_2,18,12,3628,core,338,331,0.0,4.0,0.9893,342,334,350,336,1.0,True,99.0093,103.6729,95.5318,2.1521,98.7882,"103.67,103.13,102.04,102.04,100.96,100.96,100.42,99.87,98.79,100.42,99.87,99.33,99.33,98.79,98.25,98.25,98.25,97.16,98.25,97.70,97.70,97.16,97.16,96.62,96.07,95.53,95.53"
Rec-027_std_2,18,13,3629,core,343,331,0.0,5.0,0.9867,347,334,355,336,1.0,True,96.5971,103.1302,89.5616,3.4752,96.6172,"103.13,102.04,101.50,100.42,99.33,98.25,96.62,95.53,93.36,100.42,99.87,98.79,98.25,97.16,95.53,94.45,93.36,91.19,98.25,97.16,96.62,95.53,94.99,93.36,92.28,91.19,89.56"
Rec-027_std_2,18,14,3630,core,347,331,0.0,4.0,0.9883,351,334,359,336,0.7778,False,89.0791,102.0447,75.9929,8.3722,91.7325,"102.04,100.42,98.25,96.62,94.45,90.10,82.51,77.62,75.99,98.25,97.16,95.53,94.45,92.28,87.93,81.42,77.62,75.99,96.07,94.99,93.36,91.73,89.56,86.31,80.88,77.62,75.99"
Rec-027_std_2,18,15,3631,core,352,331,0.0,5.0,0.9849,356,334,364,336,0.2222,False,78.1036,92.2753,73.822,4.9509,75.9929,"92.28,84.13,78.71,77.08,75.99,75.45,75.45,74.91,74.36,89.56,83.05,78.71,77.08,75.99,75.45,74.91,74.36,73.82,87.93,81.42,78.16,76.54,75.45,74.91,74.36,74.36,74.36"
Rec-027_std_2,18,16,3632,core,355,331,0.0,3.0,0.9869,359,334,367,336,0.0,False,75.5909,79.7922,73.822,1.4214,75.4502,"79.79,77.62,76.54,75.99,75.45,75.45,74.91,74.36,74.36,78.16,77.08,75.99,75.45,75.45,74.91,74.36,74.36,73.82,77.62,75.99,75.99,75.45,74.91,74.36,74.36,74.36,73.82"
Rec-027_std_2,19,1,3745,core,291,331,0.0,1.0,0.9857,295,334,303,336,1.0,True,97.4213,102.0447,94.4463,2.0647,97.7027,"102.04,100.96,100.42,100.42,99.87,99.33,98.79,98.25,98.25,97.16,97.70,97.70,97.70,97.70,97.70,97.16,96.62,96.07,94.45,94.99,95.53,95.53,95.53,95.53,95.53,94.99,94.45"
Rec-027_std_2,19,2,3746,core,295,331,0.0,4.0,0.9875,299,334,307,336,1.0,True,97.8033,105.3012,94.4463,2.5587,97.16,"105.30,103.13,101.50,100.42,99.33,98.79,98.25,97.70,97.16,99.87,99.33,98.25,98.25,97.70,97.16,96.62,96.07,95.53,97.16,96.62,96.07,95.53,95.53,95.53,94.99,94.45,94.45"
Rec-027_std_2,19,3,3747,core,300,331,0.0,5.0,0.9855,304,334,312,336,1.0,True,96.7379,103.1302,93.3608,2.3184,96.0745,"103.13,101.50,99.87,98.79,98.25,97.70,96.62,95.53,95.53,99.33,98.25,98.25,97.16,96.62,96.07,95.53,94.99,94.45,96.62,96.07,95.53,95.53,94.99,94.45,94.45,93.36,93.36"
Rec-027_std_2,19,4,3748,core,304,331,0.0,4.0,0.9887,308,334,316,336,1.0,True,96.1147,103.1302,92.2753,2.4403,95.5318,"103.13,100.96,99.33,98.25,97.16,96.62,95.53,95.53,94.99,98.79,98.25,97.16,96.62,95.53,95.53,94.99,94.45,94.45,96.07,95.53,95.53,94.99,94.45,93.36,93.36,92.28,92.28"
Rec-027_std_2,19,5,3749,core,309,331,0.0,5.0,0.9864,313,334,321,336,1.0,True,95.1297,100.4165,92.2753,1.9293,94.989,"100.42,98.79,97.70,96.62,96.07,95.53,95.53,94.99,94.45,97.70,96.62,95.53,95.53,94.99,94.45,94.45,94.45,93.36,95.53,94.45,94.45,93.36,93.36,93.36,92.28,92.28,92.28"
Rec-027_std_2,19,6,3750,core,313,331,0.0,4.0,0.9894,317,334,325,336,1.0,True,95.4916,100.9592,93.3608,1.7783,95.5318,"100.96,98.79,97.70,97.16,96.07,96.07,95.53,95.53,95.53,97.70,96.62,96.07,95.53,95.53,94.99,94.45,94.45,94.45,94.99,94.45,94.45,94.45,93.36,93.36,93.36,93.36,93.36"
Rec-027_std_2,19,7,3751,core,318,331,0.0,5.0,0.9874,322,334,330,336,1.0,True,95.9338,99.8737,94.4463,1.4137,95.5318,"99.87,98.25,98.25,97.70,97.16,96.62,96.62,96.07,96.07,97.16,96.62,96.07,96.07,95.53,95.53,95.53,95.53,94.99,94.99,94.45,94.45,94.45,94.45,94.45,94.45,94.45,94.45"
Rec-027_std_2,19,8,3752,core,327,331,0.0,9.0,0.9875,331,334,339,336,1.0,True,97.3007,101.502,94.989,1.595,97.16,"101.50,99.87,99.33,98.79,98.79,98.25,98.25,98.25,98.25,98.25,98.25,97.70,97.16,97.16,97.16,97.16,96.62,96.62,96.07,96.07,95.53,95.53,95.53,95.53,95.53,94.99,94.99"
Rec-027_std_2,19,9,3753,core,340,331,0.0,13.0,0.9887,344,334,352,336,1.0,True,98.6877,104.2157,93.3608,2.507,98.2455,"104.22,103.13,102.04,101.50,100.96,100.42,99.87,98.79,97.70,100.96,100.42,99.87,99.33,98.79,98.25,97.70,96.62,95.53,98.25,97.70,97.70,97.70,97.16,96.07,95.53,94.99,93.36"
Rec-027_std_2,19,10,3754,core,345,331,0.0,5.0,0.9871,349,334,357,336,1.0,True,93.8633,103.1302,80.3349,6.1047,95.5318,"103.13,102.04,100.42,99.33,97.70,95.53,94.45,89.56,81.96,100.42,99.33,98.25,96.62,95.53,94.45,91.73,87.93,80.88,97.70,96.62,95.53,94.45,93.36,91.19,89.56,86.31,80.33"
Rec-027_std_2,19,11,3755,core,349,331,0.0,4.0,0.9874,353,334,361,336,0.5556,False,84.7372,100.9592,74.3647,8.8016,81.9631,"100.96,98.25,95.53,91.19,83.05,78.71,76.54,75.99,74.91,97.16,95.53,93.36,89.56,81.96,78.16,76.54,75.45,74.91,94.45,92.28,91.19,87.93,80.88,77.62,75.99,75.45,74.36"
Rec-027_std_2,19,12,3756,core,354,331,0.0,5.0,0.9853,358,334,366,336,0.0,False,75.812,80.8776,73.822,1.7416,75.4502,"80.88,77.62,76.54,75.99,75.45,74.91,74.91,74.36,74.36,79.79,77.62,75.99,75.99,75.45,75.45,74.91,74.36,73.82,78.16,77.08,75.99,75.45,75.45,74.91,73.82,73.82,73.82"
Rec-027_std_2,19,13,3757,core,355,330,45.0,1.41,0.9897,359,333,367,335,0.0,False,76.2342,83.0486,73.822,2.0379,75.9929,"83.05,79.79,77.62,76.54,75.99,75.99,74.91,74.91,74.36,79.79,77.62,76.54,75.99,75.45,75.45,74.91,74.36,73.82,78.16,77.08,75.99,75.99,75.45,75.45,74.91,74.36,73.82"
Rec-027_std_2,20,1,3880,core,291,331,0.0,1.0,0.9849,295,334,303,336,1.0,True,96.6575,101.502,93.3608,2.0676,96.6172,"101.50,100.42,99.87,99.33,98.79,98.25,98.25,97.16,96.62,96.62,97.16,97.70,97.16,97.16,96.62,96.07,95.53,95.53,94.45,94.45,94.99,94.99,94.45,94.45,94.45,94.45,93.36"
Rec-027_std_2,20,2,3881,core,300,331,0.0,9.0,0.9845,304,334,312,336,1.0,True,96.3157,102.0447,93.3608,2.0539,96.0745,"102.04,100.42,98.79,98.25,97.70,97.16,96.62,96.07,95.53,98.25,98.25,97.16,96.62,96.07,95.53,95.53,94.99,94.45,96.07,95.53,95.53,94.99,94.45,94.45,93.36,93.36,93.36"
Rec-027_std_2,20,3,3882,core,304,331,0.0,4.0,0.9882,308,334,316,336,1.0,True,96.0343,103.1302,92.2753,2.3861,95.5318,"103.13,100.42,98.79,98.25,97.70,96.62,96.07,95.53,94.99,98.25,97.70,97.16,96.62,95.53,95.53,94.99,94.45,93.36,96.07,95.53,95.53,94.99,94.45,93.36,93.36,92.28,92.28"
Rec-027_std_2,20,4,3883,core,309,331,0.0,5.0,0.9853,313,334,321,336,1.0,True,95.3308,100.4165,92.2753,1.8459,94.989,"100.42,98.79,98.25,96.62,96.07,95.53,95.53,94.99,94.99,97.70,96.62,96.07,95.53,94.99,94.45,94.45,94.45,94.45,95.53,94.99,94.45,94.45,93.36,93.36,93.36,92.28,92.28"
Rec-027_std_2,20,5,3884,core,322,331,0.0,13.0,0.9896,326,334,334,336,1.0,True,97.0796,102.0447,94.989,1.6758,97.16,"102.04,99.87,99.33,98.25,98.25,98.25,98.25,97.70,97.70,98.25,97.70,97.70,97.16,97.16,96.62,96.62,96.07,96.07,95.53,95.53,95.53,95.53,95.53,95.53,94.99,94.99,94.99"
Rec-027_std_2,20,6,3885,core,331,331,0.0,9.0,0.9899,335,334,343,336,1.0,True,98.3862,103.1302,95.5318,1.8366,98.2455,"103.13,102.04,100.96,100.42,99.87,99.33,99.33,98.79,98.25,99.87,99.33,98.79,98.25,98.25,98.25,97.70,97.70,97.70,97.16,97.16,97.16,96.62,96.62,96.62,96.07,95.53,95.53"
Rec-027_std_2,20,7,3886,core,349,331,0.0,18.0,0.9877,353,334,361,336,0.5556,False,84.5563,100.4165,74.3647,8.7144,81.9631,"100.42,97.70,95.53,91.19,83.05,78.16,76.54,75.45,74.91,96.62,94.99,93.36,89.56,81.96,78.16,75.99,75.45,74.91,94.45,92.28,90.65,87.39,80.88,77.62,75.99,75.45,74.36"
Rec-027_std_2,20,8,3887,core,354,331,0.0,5.0,0.9843,358,334,366,336,0.0,False,75.6311,80.3349,73.822,1.6316,74.9074,"80.33,77.62,76.54,75.99,75.45,74.91,74.91,74.36,73.82,78.71,77.62,75.99,75.99,74.91,74.91,74.36,74.36,73.82,78.16,76.54,75.99,75.45,74.91,74.36,74.36,73.82,73.82"
Rec-027_std_2,21,1,4002,core,290,331,0.0,0.0,0.9861,294,334,302,336,1.0,True,96.2755,100.9592,92.2753,2.0741,96.0745,"100.96,99.33,99.33,98.79,98.79,98.25,98.25,97.16,97.16,95.53,96.07,96.62,96.62,96.62,96.62,96.07,95.53,95.53,92.28,93.36,94.45,94.45,94.99,94.45,94.45,94.45,93.36"
Rec-027_std_2,21,2,4003,core,294,331,0.0,4.0,0.9862,298,334,306,336,1.0,True,96.959,105.3012,93.3608,2.6223,96.0745,"105.30,102.04,100.42,99.33,98.25,98.25,97.16,96.62,96.07,99.33,98.25,98.25,97.16,96.62,96.07,95.53,95.53,94.99,95.53,95.53,95.53,95.53,94.99,94.45,94.45,93.36,93.36"
Rec-027_std_2,21,3,4004,core,299,331,0.0,5.0,0.9876,303,334,311,336,1.0,True,96.3157,102.0447,93.3608,2.0539,95.5318,"102.04,100.42,99.33,98.25,97.70,97.16,96.62,96.07,95.53,98.25,97.70,97.16,96.62,96.07,95.53,95.53,94.99,94.99,95.53,95.53,95.53,94.99,94.45,94.45,93.36,93.36,93.36"
Rec-027_std_2,21,4,4005,core,303,331,0.0,4.0,0.9879,307,334,315,336,1.0,True,96.3961,103.1302,93.3608,2.2512,95.5318,"103.13,100.96,99.33,98.25,97.70,97.16,96.62,95.53,95.53,98.79,98.25,97.16,96.62,96.07,95.53,95.53,94.99,94.45,95.53,95.53,95.53,94.99,94.99,94.45,93.36,93.36,93.36"
Rec-027_std_2,21,5,4006,core,308,331,0.0,5.0,0.9885,312,334,320,336,1.0,True,95.7931,101.502,92.2753,1.9617,95.5318,"101.50,99.33,98.25,97.70,96.62,96.62,96.07,95.53,95.53,98.25,97.16,96.07,96.07,95.53,95.53,94.99,94.99,94.45,95.53,94.99,94.45,94.45,94.45,93.36,93.36,93.36,92.28"
Rec-027_std_2,21,6,4007,core,312,331,0.0,4.0,0.9889,316,334,324,336,1.0,True,96.2554,102.0447,94.4463,1.7787,95.5318,"102.04,99.87,98.25,97.70,97.16,97.16,96.62,96.07,96.07,98.25,97.16,96.62,96.07,95.53,95.53,95.53,95.53,95.53,95.53,94.99,94.99,94.45,94.45,94.45,94.45,94.45,94.45"
Rec-027_std_2,21,7,4008,core,317,331,0.0,5.0,0.9891,321,334,329,336,1.0,True,96.7379,100.9592,94.4463,1.5516,96.6172,"100.96,99.33,98.25,98.25,98.25,97.70,97.70,97.70,97.16,98.25,97.70,97.16,96.62,96.62,96.07,96.07,96.07,96.07,95.53,95.53,95.53,95.53,94.99,94.99,94.99,94.45,94.45"
Rec-027_std_2,21,8,4009,core,321,331,0.0,4.0,0.9887,325,334,333,336,1.0,True,97.5821,103.1302,94.989,1.841,97.7027,"103.13,100.96,99.87,99.33,98.79,98.25,98.25,98.25,97.70,98.79,98.25,98.25,98.25,97.70,97.16,97.16,96.62,96.62,96.62,96.07,96.07,95.53,95.53,95.53,95.53,95.53,94.99"
Rec-027_std_2,21,9,4010,core,326,331,0.0,5.0,0.9894,330,334,338,336,1.0,True,97.8435,102.0447,95.5318,1.662,98.2455,"102.04,100.96,99.87,99.33,99.33,98.79,98.79,98.25,98.25,99.33,98.25,98.25,98.25,98.25,97.70,97.70,97.16,97.16,97.16,96.62,96.07,96.07,96.07,95.53,95.53,95.53,95.53"
Rec-027_std_2,21,10,4011,core,330,331,0.0,4.0,0.9875,334,334,342,336,1.0,True,98.949,103.6729,96.6172,1.7715,98.7882,"103.67,102.04,101.50,100.96,100.42,99.87,99.87,99.87,99.33,100.42,99.87,99.33,98.79,98.79,98.25,98.25,98.25,98.25,97.70,97.70,97.16,97.16,97.16,97.16,96.62,96.62,96.62"
Rec-027_std_2,21,11,4012,core,335,331,0.0,5.0,0.9895,339,334,347,336,1.0,True,99.331,103.6729,96.0745,1.9818,99.331,"103.67,103.13,102.04,101.50,101.50,100.96,100.42,99.87,99.87,100.96,100.42,99.87,99.33,99.33,98.79,98.25,98.25,98.25,98.25,98.25,98.25,97.70,97.16,96.62,96.62,96.62,96.07"
Rec-027_std_2,21,12,4013,core,339,331,0.0,4.0,0.9872,343,334,351,336,1.0,True,99.2908,105.3012,94.4463,2.5368,98.7882,"105.30,103.67,103.13,102.04,101.50,100.96,100.42,99.33,98.25,101.50,100.96,100.42,99.87,99.33,98.79,98.25,97.70,96.07,98.79,98.25,98.25,97.70,97.70,96.62,96.07,95.53,94.45"
Rec-027_std_2,21,13,4014,core,344,331,0.0,5.0,0.9888,348,334,356,336,1.0,True,95.7529,103.6729,85.7624,4.4173,96.6172,"103.67,102.04,101.50,99.87,98.79,97.70,95.53,94.45,89.56,100.42,99.87,98.25,97.70,96.62,95.53,93.36,91.19,87.39,98.25,97.16,96.62,95.53,94.45,93.36,91.19,89.56,85.76"
Rec-027_std_2,21,14,4015,core,348,331,0.0,4.0,0.9854,352,334,360,336,0.6667,False,87.2298,103.1302,74.9074,9.1701,89.5616,"103.13,99.87,98.25,95.53,91.19,83.05,78.16,76.54,75.45,98.25,97.16,95.53,93.36,89.56,81.96,77.62,75.99,74.91,95.53,94.45,92.28,90.65,87.39,80.88,77.62,75.99,74.91"
Rec-027_std_2,21,15,4016,core,353,331,0.0,5.0,0.9871,357,334,365,336,0.1111,False,76.6764,85.2196,73.822,2.8628,75.4502,"85.22,79.79,77.62,75.99,75.99,75.45,74.91,74.91,74.36,83.05,79.79,77.08,75.99,75.45,74.91,74.91,74.36,74.36,81.96,78.16,77.08,75.99,75.45,74.91,74.36,74.36,73.82"
Rec-027_std_2,21,16,4017,core,355,330,26.57,2.24,0.9865,359,333,367,335,0.0,False,76.2543,83.5914,73.822,2.122,75.9929,"83.59,79.79,77.62,76.54,75.99,75.45,74.91,74.91,74.36,79.79,77.62,77.08,75.99,75.99,75.45,74.91,74.36,73.82,78.16,77.08,75.99,75.99,75.45,74.91,74.91,74.36,73.82"
Rec-027_std_2,22,1,4132,core,301,331,-7.13,8.06,0.9858,305,334,313,336,1.0,True,96.3961,104.2157,92.2753,2.5724,95.5318,"104.22,102.04,99.33,98.25,97.70,96.62,96.07,95.53,95.53,99.33,98.25,97.70,96.62,95.53,95.53,95.53,94.45,94.45,96.07,95.53,95.53,94.99,94.45,94.45,93.36,93.36,92.28"
Rec-027_std_2,22,2,4133,core,306,331,0.0,5.0,0.9886,310,334,318,336,1.0,True,95.6725,102.0447,92.2753,2.0178,95.5318,"102.04,99.33,98.25,97.16,96.62,96.07,95.53,95.53,94.99,98.25,97.16,96.07,95.53,95.53,94.99,94.99,94.45,94.45,95.53,94.99,94.45,94.45,94.45,93.36,93.36,93.36,92.28"
Rec-027_std_2,22,3,4134,core,310,331,0.0,4.0,0.9861,314,334,322,336,1.0,True,95.9137,102.0447,93.3608,1.9475,95.5318,"102.04,99.87,98.25,97.70,96.62,96.07,96.07,95.53,95.53,98.25,97.16,96.62,95.53,95.53,95.53,94.99,94.99,94.99,95.53,94.99,94.45,94.45,94.45,94.45,93.36,93.36,93.36"
Rec-027_std_2,22,4,4135,core,315,331,0.0,5.0,0.9897,319,334,327,336,1.0,True,96.1951,100.9592,94.4463,1.5232,96.0745,"100.96,98.79,98.25,97.70,97.16,96.62,96.62,96.62,96.07,97.70,97.16,96.62,96.07,96.07,95.53,95.53,95.53,95.53,95.53,94.99,94.99,94.99,94.45,94.45,94.45,94.45,94.45"
Rec-027_std_2,22,5,4136,core,320,331,0.0,5.0,0.9869,324,334,332,336,1.0,True,96.8585,100.4165,94.989,1.3804,97.16,"100.42,99.33,98.25,98.25,98.25,97.70,97.70,97.16,97.16,98.25,97.70,97.16,97.16,97.16,96.62,96.62,96.07,96.07,95.53,95.53,95.53,95.53,95.53,95.53,94.99,94.99,94.99"
Rec-027_std_2,22,6,4137,core,324,331,0.0,4.0,0.9899,328,334,336,336,1.0,True,97.944,102.0447,95.5318,1.5726,98.2455,"102.04,100.96,99.87,99.33,98.79,98.79,98.79,98.25,98.25,99.33,98.79,98.25,98.25,98.25,97.70,97.70,97.70,97.16,97.16,97.16,96.62,96.62,96.07,96.07,95.53,95.53,95.53"
Rec-027_std_2,22,7,4138,core,329,331,0.0,5.0,0.987,333,334,341,336,1.0,True,98.8083,102.0447,96.6172,1.4881,98.7882,"102.04,101.50,100.96,100.96,99.87,99.87,99.87,99.87,99.87,99.87,98.79,98.79,98.79,98.79,98.25,98.25,98.79,98.25,97.70,97.16,97.16,97.16,97.16,96.62,97.16,97.16,97.16"
Rec-027_std_2,22,8,4139,core,338,331,0.0,9.0,0.9872,342,334,350,336,1.0,True,100.3964,105.3012,96.0745,2.2426,100.4165,"105.30,103.67,103.13,103.13,103.13,102.04,102.04,100.96,100.42,102.04,102.04,101.50,100.96,100.42,100.42,99.33,99.33,98.25,99.33,99.33,98.79,98.25,98.25,98.25,97.70,96.62,96.07"
Rec-027_std_2,22,9,4140,core,342,331,0.0,4.0,0.9892,346,334,354,336,1.0,True,98.8485,105.8439,91.1898,3.6193,98.7882,"105.84,105.30,103.67,103.13,101.50,100.96,98.79,97.70,95.53,102.04,102.04,101.50,100.42,99.33,98.25,97.16,95.53,93.36,99.33,99.33,98.25,98.25,97.16,95.53,94.45,93.36,91.19"
Rec-027_std_2,22,10,4141,core,347,331,0.0,5.0,0.986,351,334,359,336,0.7778,False,89.441,103.1302,75.9929,8.7444,92.2753,"103.13,100.96,98.79,97.16,94.99,90.10,82.51,77.62,75.99,99.33,98.25,96.62,94.99,92.28,87.93,80.88,77.62,75.99,96.62,95.53,94.45,92.28,90.10,86.85,80.88,77.08,75.99"
Rec-027_std_2,22,11,4142,core,351,331,0.0,4.0,0.9878,355,334,363,336,0.3333,False,80.2746,98.2455,74.3647,7.1689,76.5357,"98.25,92.28,83.59,78.71,77.08,75.99,75.45,74.91,74.36,94.99,90.10,83.05,78.71,76.54,75.45,74.91,74.91,74.36,91.73,87.93,81.42,77.62,75.99,75.45,74.91,74.36,74.36"
Rec-027_std_2,22,12,4143,core,355,330,14.04,4.12,0.9933,359,333,367,335,0.0,False,76.0533,82.5059,73.822,1.9392,75.4502,"82.51,78.71,77.62,76.54,75.99,75.45,74.91,74.91,74.36,79.79,77.62,76.54,75.99,75.45,75.45,74.36,73.82,74.36,77.62,77.08,75.99,75.45,75.45,74.91,74.36,74.36,73.82"
Rec-027_std_2,23,1,4256,core,290,331,0.0,0.0,0.9874,294,334,302,336,1.0,True,96.9992,100.9592,93.3608,2.0512,97.16,"100.96,99.87,99.87,99.87,99.87,98.79,98.79,98.25,98.25,96.07,96.07,97.16,97.70,97.70,97.70,97.16,96.62,96.07,93.36,94.45,94.45,94.99,94.99,95.53,94.99,94.99,94.45"
Rec-027_std_2,23,2,4257,core,293,331,0.0,3.0,0.9867,297,334,305,336,1.0,True,97.6625,104.2157,94.4463,2.3539,97.7027,"104.22,102.04,100.96,100.42,99.87,98.79,98.25,97.70,97.16,99.33,98.79,98.25,98.25,98.25,97.70,96.62,96.07,95.53,96.07,96.07,96.07,95.53,95.53,95.53,94.99,94.45,94.45"
Rec-027_std_2,23,3,4258,core,298,331,0.0,5.0,0.9851,302,334,310,336,1.0,True,96.9389,103.1302,93.3608,2.3275,96.0745,"103.13,101.50,99.87,99.33,98.25,97.70,97.16,96.07,95.53,99.87,98.79,98.25,97.70,97.16,96.07,95.53,95.53,94.99,96.62,96.07,95.53,95.53,95.53,94.45,94.45,93.36,93.36"
Rec-027_std_2,23,4,4259,core,302,331,0.0,4.0,0.9883,306,334,314,336,1.0,True,96.758,103.6729,93.3608,2.3477,96.0745,"103.67,101.50,99.87,98.25,98.25,97.16,96.62,96.07,95.53,99.87,98.25,97.70,97.16,96.62,96.07,95.53,94.99,94.45,96.62,96.07,95.53,95.53,95.53,94.45,94.45,93.36,93.36"
Rec-027_std_2,23,5,4260,core,307,331,0.0,5.0,0.9857,311,334,319,336,1.0,True,95.6926,101.502,92.2753,1.9193,95.5318,"101.50,98.79,98.25,97.16,96.62,96.07,95.53,94.99,94.99,98.25,97.16,96.62,95.53,95.53,94.99,94.99,94.45,94.45,96.07,95.53,94.99,94.45,94.45,93.36,93.36,93.36,92.28"
Rec-027_std_2,23,6,4261,core,311,331,0.0,4.0,0.9891,315,334,323,336,1.0,True,95.9338,101.502,93.3608,1.7824,95.5318,"101.50,99.33,98.25,97.16,97.16,96.07,95.53,95.53,95.53,98.25,97.16,96.62,96.07,95.53,95.53,94.99,94.99,94.99,95.53,94.99,94.99,94.45,94.45,94.45,94.45,93.36,93.36"
Rec-027_std_2,23,7,4262,core,316,331,0.0,5.0,0.9864,320,334,328,336,1.0,True,96.2353,99.8737,94.4463,1.2431,96.0745,"99.87,98.25,98.25,97.16,97.16,96.62,96.62,96.62,96.62,97.70,96.62,96.62,96.07,96.07,96.07,95.53,95.53,95.53,95.53,95.53,95.53,94.99,94.99,94.99,94.45,94.99,94.45"
Rec-027_std_2,23,8,4263,core,320,331,0.0,4.0,0.9893,324,334,332,336,1.0,True,97.361,102.0447,95.5318,1.5147,97.7027,"102.04,99.87,98.79,98.25,98.25,98.25,98.25,98.25,97.70,98.25,98.25,97.70,97.70,97.70,97.16,97.16,97.16,96.62,96.07,96.07,96.07,95.53,95.53,95.53,95.53,95.53,95.53"
Rec-027_std_2,23,9,4264,core,325,331,0.0,5.0,0.9871,329,334,337,336,1.0,True,98.4264,102.0447,96.0745,1.4091,98.2455,"102.04,100.96,100.42,99.33,99.33,99.33,99.33,99.33,99.33,99.33,98.79,98.79,98.25,98.25,98.25,98.25,98.25,98.25,97.70,97.16,97.16,97.16,96.62,96.62,96.07,96.62,96.62"
Rec-027_std_2,23,10,4265,core,329,331,0.0,4.0,0.9893,333,334,341,336,1.0,True,99.8938,103.6729,97.7027,1.5314,99.8737,"103.67,102.04,101.50,101.50,101.50,101.50,101.50,101.50,100.96,100.42,99.87,99.87,99.87,99.87,99.33,99.33,99.87,99.33,98.25,98.25,98.25,98.25,98.25,97.70,98.25,98.25,98.25"
Rec-027_std_2,23,11,4266,core,334,331,0.0,5.0,0.988,338,334,346,336,1.0,True,100.718,104.2157,98.2455,1.7991,100.9592,"104.22,103.13,103.13,103.13,103.13,102.04,102.04,102.04,101.50,101.50,101.50,101.50,100.96,100.96,100.96,100.42,100.42,99.87,98.79,98.79,98.79,98.79,98.79,98.25,98.25,98.25,98.25"
Rec-027_std_2,23,12,4267,core,338,331,0.0,4.0,0.9891,342,334,350,336,1.0,True,100.9391,106.3867,96.6172,2.3886,100.9592,"106.39,105.30,104.22,103.67,103.13,102.04,102.04,101.50,100.42,103.13,102.04,102.04,102.04,101.50,100.96,99.87,99.33,98.25,99.87,99.87,99.33,99.33,98.79,98.25,98.25,97.16,96.62"
Rec-027_std_2,23,13,4268,core,343,331,0.0,5.0,0.9879,347,334,355,336,1.0,True,97.9239,105.8439,89.5616,3.9863,98.2455,"105.84,104.22,103.13,102.04,100.96,99.33,97.70,95.53,93.36,102.04,101.50,100.96,99.33,98.25,97.16,95.53,94.45,91.73,99.87,99.33,98.25,97.70,96.07,94.99,93.36,91.73,89.56"
Rec-027_std_2,23,14,4269,core,347,331,0.0,4.0,0.9878,351,334,359,336,0.7778,False,89.8631,103.6729,75.9929,8.965,92.2753,"103.67,102.04,99.33,97.16,95.53,90.65,82.51,78.16,75.99,100.42,98.25,97.16,95.53,93.36,89.02,81.42,77.62,75.99,97.70,96.07,94.99,92.28,90.65,86.85,80.88,77.08,75.99"
Rec-027_std_2,23,15,4270,core,352,331,0.0,5.0,0.9861,356,334,364,336,0.2222,False,78.184,93.3608,73.822,5.2319,75.9929,"93.36,84.13,79.79,77.08,75.99,75.45,75.45,74.91,74.36,90.65,83.05,78.71,76.54,75.99,75.45,74.91,74.36,73.82,88.48,81.42,77.62,76.54,75.45,74.91,74.36,74.36,73.82"
Rec-027_std_2,23,16,4271,core,355,331,0.0,3.0,0.9866,359,334,367,336,0.0,False,75.611,79.7922,73.822,1.4308,75.4502,"79.79,77.62,76.54,75.99,75.99,74.91,74.91,74.36,74.36,78.16,77.08,75.99,75.99,75.45,74.91,74.36,74.36,73.82,77.62,75.99,75.99,75.45,74.91,74.36,74.36,74.36,73.82"
Rec-027_std_2,24,1,4384,core,290,331,0.0,0.0,0.9872,294,334,302,336,1.0,True,96.7982,100.9592,92.2753,2.115,97.16,"100.96,99.87,99.33,99.33,99.33,98.79,98.79,98.25,98.25,95.53,96.07,97.16,97.16,97.16,97.16,97.16,97.16,96.62,92.28,93.36,94.45,94.99,94.99,94.99,94.99,94.99,94.45"
Rec-027_std_2,24,2,4385,core,294,331,0.0,4.0,0.9874,298,334,306,336,1.0,True,97.7228,104.2157,94.4463,2.2716,97.7027,"104.22,102.04,100.96,100.42,99.33,98.79,98.25,97.70,97.16,99.33,98.79,98.25,98.25,98.25,97.70,96.62,96.62,96.07,96.07,96.07,96.07,96.07,95.53,95.53,95.53,94.45,94.45"
Rec-027_std_2,24,3,4386,core,299,331,0.0,5.0,0.9859,303,334,311,336,1.0,True,96.9992,103.1302,93.3608,2.2099,96.6172,"103.13,101.50,99.87,98.79,98.25,97.70,97.16,96.62,95.53,99.33,98.79,98.25,97.70,97.16,96.07,95.53,95.53,94.99,97.16,96.07,96.07,95.53,94.99,94.99,94.45,94.45,93.36"
Rec-027_std_2,24,4,4387,core,303,331,0.0,4.0,0.9889,307,334,315,336,1.0,True,96.6374,103.1302,93.3608,2.2083,96.0745,"103.13,100.96,99.33,98.25,98.25,97.16,96.62,95.53,95.53,99.33,98.25,97.70,97.16,96.62,95.53,95.53,94.99,94.99,96.62,96.07,95.53,95.53,94.99,94.45,94.45,93.36,93.36"
Rec-027_std_2,24,5,4388,core,308,331,0.0,5.0,0.9861,312,334,320,336,1.0,True,95.9941,100.9592,93.3608,1.6823,95.5318,"100.96,98.79,98.25,97.70,96.62,96.62,96.07,95.53,95.53,98.25,97.16,96.62,96.62,95.53,95.53,95.53,94.99,94.45,95.53,95.53,94.99,94.99,94.45,94.45,94.45,93.36,93.36"
Rec-027_std_2,24,6,4389,core,312,331,0.0,4.0,0.9898,316,334,324,336,1.0,True,96.4966,101.502,94.4463,1.6669,96.0745,"101.50,99.87,98.25,98.25,97.70,97.16,96.62,96.62,96.07,98.25,97.70,97.16,96.62,96.07,96.07,95.53,95.53,95.53,95.53,95.53,95.53,94.99,94.99,94.99,94.45,94.45,94.45"
Rec-027_std_2,24,7,4390,core,317,331,0.0,5.0,0.9871,321,334,329,336,1.0,True,96.9188,100.9592,94.989,1.4498,96.6172,"100.96,99.33,98.79,98.25,98.25,97.70,97.70,97.16,97.16,98.25,97.70,97.70,97.16,96.62,96.62,96.62,96.07,96.07,96.07,95.53,95.53,95.53,95.53,95.53,94.99,94.99,94.99"
Rec-027_std_2,24,8,4391,core,321,331,0.0,4.0,0.99,325,334,333,336,1.0,True,97.944,103.1302,95.5318,1.7057,98.2455,"103.13,100.96,99.87,99.33,99.33,98.79,98.79,98.25,98.25,99.33,98.25,98.25,98.25,98.25,97.70,97.70,97.16,97.16,97.16,96.62,96.62,96.07,96.07,96.07,96.07,95.53,95.53"
Rec-027_std_2,24,9,4392,core,326,331,0.0,5.0,0.9879,330,334,338,336,1.0,True,98.547,102.0447,96.6172,1.4498,98.2455,"102.04,101.50,100.42,99.87,99.87,99.87,99.33,99.33,99.33,99.33,98.79,98.79,98.25,98.25,98.25,98.25,98.25,98.25,97.70,97.70,97.16,97.16,96.62,96.62,96.62,96.62,96.62"
Rec-027_std_2,24,10,4393,core,330,331,0.0,4.0,0.99,334,334,342,336,1.0,True,99.8134,103.6729,97.7027,1.5932,99.331,"103.67,103.13,102.04,101.50,101.50,100.96,100.96,100.96,100.42,100.42,99.87,99.87,99.87,99.33,99.33,99.33,99.33,99.33,98.25,98.25,98.25,98.25,98.25,98.25,98.25,97.70,97.70"
Rec-027_std_2,24,11,4394,core,339,331,0.0,9.0,0.9896,343,334,351,336,1.0,True,100.5974,106.3867,95.5318,2.5585,100.4165,"106.39,105.30,103.67,103.13,103.13,102.04,101.50,100.96,99.33,103.13,102.04,102.04,101.50,100.96,100.42,99.33,98.25,97.16,100.42,99.87,99.87,99.33,98.25,98.25,97.70,96.62,95.53"
Rec-027_std_2,24,12,4395,core,344,331,0.0,5.0,0.9876,348,334,356,336,1.0,True,96.6374,105.3012,85.7624,4.833,97.16,"105.30,103.67,102.04,101.50,99.87,98.25,96.07,94.45,89.56,102.04,101.50,99.87,98.79,97.16,95.53,94.45,91.73,87.93,99.33,98.25,98.25,96.62,95.53,94.45,91.73,89.56,85.76"
Rec-027_std_2,24,13,4396,core,353,331,0.0,9.0,0.9859,357,334,365,336,0.1111,False,76.4754,85.2196,73.822,2.9147,75.4502,"85.22,79.79,77.62,75.99,75.45,74.91,74.91,74.36,73.82,83.05,78.71,77.08,75.99,75.45,74.91,74.91,74.36,73.82,81.96,78.16,76.54,75.99,74.91,74.91,74.36,73.82,73.82"
Rec-027_std_2,24,14,4397,core,355,330,26.57,2.24,0.9862,359,333,367,335,0.0,False,76.1739,84.1341,73.822,2.2305,75.9929,"84.13,79.79,77.62,76.54,75.99,75.45,74.91,74.91,74.36,79.79,77.62,76.54,75.99,75.99,75.45,74.36,73.82,73.82,78.16,76.54,75.99,75.99,75.45,74.91,74.36,74.36,73.82"
Rec-027_std_2,25,1,4506,core,292,331,0.0,2.0,0.9847,296,334,304,336,1.0,True,98.0445,103.1302,94.989,2.126,98.2455,"103.13,102.04,101.50,100.42,100.42,99.87,99.33,98.25,98.25,98.79,98.79,98.25,98.25,98.25,98.25,97.70,97.16,96.62,95.53,96.07,96.07,96.07,96.07,96.07,95.53,95.53,94.99"
Rec-027_std_2,25,2,4507,core,301,331,0.0,9.0,0.9858,305,334,313,336,1.0,True,97.5017,103.6729,93.3608,2.2986,97.16,"103.67,102.04,100.42,99.33,98.79,98.25,97.70,96.62,96.07,100.42,99.33,98.79,98.25,97.16,96.62,96.62,95.53,95.53,97.70,97.16,96.62,96.07,95.53,95.53,94.99,94.45,93.36"
Rec-027_std_2,25,3,4508,core,305,331,0.0,4.0,0.9885,309,334,317,336,1.0,True,96.9992,103.6729,93.3608,2.297,96.6172,"103.67,101.50,99.87,98.79,98.25,97.70,97.16,96.07,96.07,99.87,98.79,98.25,97.16,96.62,96.07,95.53,95.53,94.99,97.16,96.62,96.07,95.53,94.99,94.45,94.45,94.45,93.36"
Rec-027_std_2,25,4,4509,core,310,331,0.0,5.0,0.9869,314,334,322,336,1.0,True,96.577,102.0447,94.4463,1.7844,96.0745,"102.04,99.87,98.79,98.25,97.70,97.16,97.16,96.62,96.07,98.25,98.25,97.16,96.62,96.07,96.07,95.53,95.53,95.53,96.07,95.53,95.53,94.99,94.99,94.45,94.45,94.45,94.45"
Rec-027_std_2,25,5,4510,core,314,331,0.0,4.0,0.9891,318,334,326,336,1.0,True,97.1399,102.0447,94.989,1.732,97.16,"102.04,100.96,99.33,98.25,98.25,98.25,97.70,97.16,97.16,98.79,98.25,97.70,97.16,97.16,96.62,96.62,96.07,95.53,96.07,96.07,96.07,95.53,95.53,95.53,94.99,94.99,94.99"
Rec-027_std_2,25,6,4511,core,319,331,0.0,5.0,0.988,323,334,331,336,1.0,True,97.5821,102.0447,95.5318,1.5795,97.7027,"102.04,100.42,99.87,98.79,98.25,98.25,98.25,98.25,98.25,98.79,98.25,98.25,97.70,97.70,97.16,97.16,97.16,97.16,96.62,96.62,96.07,95.53,96.07,95.53,95.53,95.53,95.53"
Rec-027_std_2,25,7,4512,core,323,331,0.0,4.0,0.9893,327,334,335,336,1.0,True,98.748,103.1302,96.6172,1.6378,98.2455,"103.13,102.04,100.96,100.42,100.42,99.33,99.87,99.33,99.33,99.87,99.33,98.79,98.79,98.25,98.25,98.25,98.25,98.25,97.16,97.16,97.16,97.16,97.16,97.16,97.16,96.62,96.62"
Rec-027_std_2,25,8,4513,core,328,331,0.0,5.0,0.9883,332,334,340,336,1.0,True,99.9943,103.1302,98.2455,1.4722,99.8737,"103.13,102.04,102.04,101.50,101.50,101.50,101.50,101.50,100.96,100.42,100.42,99.87,99.87,99.87,99.87,99.87,99.87,99.87,98.25,98.25,98.25,98.25,98.25,98.25,98.25,98.25,98.25"
Rec-027_std_2,25,9,4514,core,332,331,0.0,4.0,0.989,336,334,344,336,1.0,True,101.0798,105.3012,98.2455,1.7991,101.502,"105.30,104.22,103.13,103.13,103.13,102.04,102.04,102.04,102.04,102.04,101.50,101.50,101.50,101.50,100.96,100.96,100.96,100.42,99.33,99.33,99.33,98.79,99.33,98.79,98.79,98.79,98.25"
Rec-027_std_2,25,10,4515,core,337,331,0.0,5.0,0.9885,341,334,349,336,1.0,True,101.5824,105.8439,97.7027,2.0559,102.0447,"105.84,105.30,104.22,104.22,103.67,103.13,103.13,102.04,102.04,103.13,102.04,102.04,102.04,102.04,101.50,101.50,100.42,99.87,100.42,100.42,100.42,99.87,99.33,99.33,98.79,98.25,97.70"
Rec-027_std_2,25,11,4516,core,341,331,0.0,4.0,0.9884,345,334,353,336,1.0,True,100.718,107.4722,94.4463,3.2408,100.4165,"107.47,106.39,105.30,104.22,103.67,103.13,101.50,99.87,98.25,103.67,103.13,102.04,102.04,101.50,100.42,98.79,97.70,96.07,100.96,100.42,100.42,99.33,98.25,98.25,96.62,95.53,94.45"
Rec-027_std_2,25,12,4517,core,346,331,0.0,5.0,0.9878,350,334,358,336,0.8889,False,92.7979,105.3012,76.5357,8.4023,95.5318,"105.30,103.13,102.04,99.87,98.25,95.53,91.19,82.51,77.62,102.04,100.42,98.79,97.70,95.53,93.36,89.02,80.88,77.62,98.79,97.70,96.07,94.99,92.28,91.19,86.85,80.33,76.54"
Rec-027_std_2,25,13,4518,core,350,331,0.0,4.0,0.9867,354,334,362,336,0.4444,False,82.928,102.0447,74.3647,8.9711,78.1639,"102.04,98.25,93.36,84.13,78.71,76.54,75.99,74.91,74.36,97.70,95.53,90.65,82.51,78.16,76.54,75.99,74.91,74.36,94.45,92.28,88.48,81.42,77.62,75.99,75.45,74.36,74.36"
Rec-027_std_2,25,14,4519,core,355,331,0.0,5.0,0.985,359,334,367,336,0.0,False,75.2894,78.7067,73.822,1.3197,74.9074,"78.71,77.62,75.99,75.99,75.45,74.91,74.36,73.82,73.82,77.62,76.54,75.99,75.45,75.45,74.91,74.36,74.36,73.82,77.08,75.99,75.45,74.91,74.36,74.36,73.82,73.82,73.82"
Rec-027_std_2,26,1,4626,core,290,331,0.0,0.0,0.9894,294,334,302,336,1.0,True,97.4816,100.4165,92.2753,2.1973,98.2455,"100.42,99.87,99.87,99.87,100.42,99.87,99.87,99.87,99.33,95.53,96.07,97.16,97.70,98.25,98.25,98.25,98.25,98.25,92.28,94.45,94.45,95.53,95.53,95.53,96.07,95.53,95.53"
Rec-027_std_2,26,2,4627,core,295,331,0.0,5.0,0.9863,299,334,307,336,1.0,True,98.9691,105.3012,95.5318,2.2305,98.2455,"105.30,103.13,102.04,101.50,100.42,99.87,99.33,98.79,98.25,100.96,100.42,99.87,99.33,98.79,98.25,98.25,98.25,97.70,97.70,97.70,97.70,97.70,97.16,96.62,96.07,95.53,95.53"
Rec-027_std_2,26,3,4628,core,299,331,0.0,4.0,0.9869,303,334,311,336,1.0,True,98.8485,106.3867,94.989,2.5727,98.2455,"106.39,103.67,102.04,100.96,100.42,99.33,98.25,98.25,97.70,102.04,100.96,100.42,99.33,98.79,98.25,97.70,97.16,96.62,98.25,98.25,97.70,97.16,97.16,96.07,95.53,95.53,94.99"
Rec-027_std_2,26,4,4629,core,326,331,0.0,27.0,0.9881,330,334,338,336,1.0,True,99.3913,103.6729,97.16,1.5016,98.7882,"103.67,102.04,101.50,100.96,100.42,100.42,100.42,99.87,99.87,100.42,99.87,99.87,99.33,98.79,98.79,98.79,98.79,98.79,98.25,98.25,98.25,98.25,97.70,97.70,97.16,97.70,97.70"
Rec-027_std_2,26,5,4630,core,331,331,0.0,5.0,0.9895,335,334,343,336,1.0,True,100.3964,104.2157,98.2455,1.6281,100.4165,"104.22,103.13,102.04,102.04,102.04,102.04,101.50,101.50,100.96,101.50,100.96,100.96,100.42,100.42,100.42,100.42,99.87,99.87,98.79,98.79,98.79,98.79,98.25,98.25,98.25,98.25,98.25"
Rec-027_std_2,26,6,4631,core,335,331,0.0,4.0,0.9877,339,334,347,336,1.0,True,101.0798,105.8439,98.2455,1.8994,100.9592,"105.84,104.22,103.67,103.13,103.13,102.04,102.04,102.04,101.50,102.04,102.04,102.04,101.50,100.96,100.96,100.42,100.42,99.87,99.87,99.87,99.33,99.33,99.33,98.79,98.25,98.25,98.25"
Rec-027_std_2,26,7,4632,core,340,331,0.0,5.0,0.9893,344,334,352,336,1.0,True,100.4768,105.8439,94.989,2.6106,100.4165,"105.84,105.30,103.67,103.13,103.13,102.04,101.50,100.42,98.79,103.13,102.04,102.04,101.50,100.96,99.87,99.33,98.25,97.16,100.42,99.87,99.87,99.33,98.79,98.25,97.16,96.07,94.99"
Rec-027_std_2,26,8,4633,core,344,331,0.0,4.0,0.9867,348,334,356,336,1.0,True,97.4213,106.3867,86.3051,4.9861,98.2455,"106.39,105.30,103.13,102.04,100.42,98.79,97.16,94.99,90.10,103.13,102.04,100.96,99.87,98.25,96.62,94.99,92.28,88.48,99.87,99.33,98.79,97.70,96.07,94.45,92.28,90.65,86.31"
Rec-027_std_2,26,9,4634,core,349,331,0.0,5.0,0.9881,353,334,361,336,0.5556,False,85.0588,102.0447,74.3647,9.3609,81.9631,"102.04,99.33,96.62,91.73,83.05,78.71,75.99,75.45,74.91,98.25,96.62,94.45,89.56,81.96,78.16,75.99,75.45,74.91,95.53,94.45,91.73,87.93,80.88,77.62,75.99,74.91,74.36"
Rec-027_std_2,26,10,4635,core,353,331,0.0,4.0,0.9851,357,334,365,336,0.1111,False,76.6764,85.7624,73.822,3.0865,75.4502,"85.76,80.33,77.62,75.99,75.99,74.91,74.91,74.36,74.36,83.59,79.79,77.62,75.99,75.45,74.91,74.36,74.36,73.82,82.51,78.16,76.54,75.99,75.45,74.91,74.36,74.36,73.82"
Rec-027_std_2,27,1,4742,core,290,331,0.0,0.0,0.9873,294,334,302,336,1.0,True,98.3661,101.502,94.4463,2.0164,98.7882,"101.50,100.42,100.96,100.96,100.96,100.96,100.42,100.42,99.87,97.16,97.70,98.25,98.79,98.79,98.79,98.79,98.79,98.25,94.45,94.99,95.53,96.07,96.62,96.62,96.62,96.62,96.62"
Rec-027_std_2,27,2,4743,core,293,331,0.0,3.0,0.9861,297,334,305,336,1.0,True,99.5722,105.8439,96.0745,2.3137,99.331,"105.84,104.22,103.13,102.04,101.50,100.96,100.42,99.33,99.33,100.96,100.42,100.42,100.42,99.33,99.33,98.79,98.25,98.25,97.70,97.70,97.70,97.70,97.70,97.16,97.16,96.62,96.07"
Rec-027_std_2,27,3,4744,core,298,331,0.0,5.0,0.9864,302,334,310,336,1.0,True,99.2104,105.8439,95.5318,2.2948,98.7882,"105.84,103.13,102.04,101.50,100.42,99.87,99.33,98.79,98.25,102.04,100.96,100.42,99.87,99.33,98.25,98.25,97.70,97.70,98.79,98.25,98.25,98.25,97.16,96.62,96.07,96.07,95.53"
Rec-027_std_2,27,4,4745,core,302,331,0.0,4.0,0.9876,306,334,314,336,1.0,True,98.9088,106.3867,94.989,2.5385,98.2455,"106.39,103.67,102.04,100.96,99.87,99.33,98.25,98.25,97.16,102.04,101.50,99.87,99.33,98.79,98.25,97.70,97.16,96.07,99.33,98.25,98.25,97.70,97.16,96.62,96.07,95.53,94.99"
Rec-027_std_2,27,5,4746,core,311,331,0.0,9.0,0.9885,315,334,323,336,1.0,True,97.0997,103.6729,94.4463,2.1777,96.6172,"103.67,101.50,99.87,98.25,98.25,97.16,96.62,96.07,96.07,99.87,98.79,98.25,97.70,96.62,96.07,95.53,95.53,95.53,97.70,97.16,96.07,95.53,95.53,94.99,94.45,94.45,94.45"
Rec-027_std_2,27,6,4747,core,320,331,0.0,9.0,0.9886,324,334,332,336,1.0,True,98.145,103.1302,96.0745,1.5565,98.2455,"103.13,100.96,99.87,99.33,98.79,98.79,98.79,98.79,98.25,99.33,98.25,98.25,98.25,98.25,98.25,97.70,98.25,98.25,96.62,96.62,96.62,96.62,96.62,96.62,96.07,96.07,96.62"
Rec-027_std_2,27,7,4748,core,334,331,0.0,14.0,0.9888,338,334,346,336,1.0,True,101.703,105.3012,98.7882,1.6459,102.0447,"105.30,104.22,103.67,103.13,103.13,103.13,103.13,103.13,102.04,103.13,102.04,102.04,102.04,102.04,102.04,101.50,101.50,100.96,100.42,100.42,99.87,99.87,99.87,99.87,99.33,99.33,98.79"
Rec-027_std_2,27,8,4749,core,343,331,0.0,9.0,0.9887,347,334,355,336,1.0,True,99.4918,107.4722,90.6471,4.3011,99.8737,"107.47,105.84,105.30,103.67,103.13,100.96,98.79,97.16,94.45,103.67,103.13,103.13,102.04,100.42,98.25,97.16,94.99,92.28,101.50,100.96,99.87,99.33,98.25,96.62,94.99,92.28,90.65"
Rec-027_std_2,27,9,4750,core,352,331,0.0,9.0,0.987,356,334,364,336,0.2222,False,78.3247,94.4463,73.822,5.5484,75.9929,"94.45,84.68,79.79,77.08,75.99,74.91,74.91,74.36,74.36,91.19,83.05,78.71,76.54,75.99,74.91,74.91,74.36,74.36,89.56,82.51,78.16,76.54,75.99,74.91,74.36,74.36,73.82"
Rec-027_std_2,27,10,4751,core,355,331,0.0,3.0,0.9861,359,334,367,336,0.0,False,75.41,79.7922,73.822,1.4543,74.9074,"79.79,77.62,76.54,75.99,75.45,74.91,74.36,74.36,73.82,77.62,76.54,75.99,75.45,74.91,74.91,74.36,74.36,73.82,77.62,75.99,75.99,74.91,74.91,74.36,73.82,73.82,73.82"
Rec-027_std_2,28,1,4855,core,291,331,0.0,1.0,0.9864,295,334,303,336,1.0,True,98.4063,103.1302,95.5318,1.8498,98.2455,"103.13,101.50,100.96,100.96,100.42,99.87,99.33,98.79,98.25,98.25,98.79,98.79,98.79,98.79,98.79,98.25,98.25,97.70,95.53,96.07,96.62,96.62,96.62,97.16,96.62,96.07,96.07"
Rec-027_std_2,28,2,4856,core,295,331,0.0,4.0,0.9868,299,334,307,336,1.0,True,99.2305,105.8439,95.5318,2.2598,98.2455,"105.84,103.67,102.04,101.50,100.42,99.87,98.79,98.25,98.25,102.04,100.96,99.87,99.87,98.79,98.79,98.25,98.25,97.70,98.25,98.25,98.25,98.25,97.70,97.16,96.62,96.07,95.53"
Rec-027_std_2,28,3,4857,core,300,331,0.0,5.0,0.9876,304,334,312,336,1.0,True,98.3862,104.2157,95.5318,2.05,98.2455,"104.22,102.04,100.96,99.87,98.79,98.25,98.25,97.70,96.62,101.50,100.42,99.87,98.79,98.25,98.25,97.16,97.16,96.62,98.25,98.25,97.70,97.16,97.16,96.62,95.53,95.53,95.53"
Rec-027_std_2,28,4,4858,core,304,331,0.0,4.0,0.9876,308,334,316,336,1.0,True,98.145,105.3012,94.989,2.2208,97.7027,"105.30,102.04,100.42,99.33,98.79,98.25,97.70,97.16,96.07,101.50,99.87,98.79,98.79,98.25,97.70,97.16,96.62,96.07,98.25,98.25,97.70,97.16,96.62,96.07,95.53,95.53,94.99"
Rec-027_std_2,28,5,4859,core,309,331,0.0,5.0,0.9886,313,334,321,336,1.0,True,97.4615,102.0447,94.989,1.6537,97.16,"102.04,100.96,99.33,98.25,98.25,97.70,97.70,97.16,96.62,99.87,98.79,98.25,97.70,97.16,97.16,97.16,96.07,95.53,97.70,97.16,96.62,96.62,96.07,95.53,95.53,95.53,94.99"
Rec-027_std_2,28,6,4860,core,313,331,0.0,4.0,0.9885,317,334,325,336,1.0,True,97.8636,103.1302,95.5318,1.7466,97.7027,"103.13,101.50,99.87,98.79,98.25,98.25,98.25,97.70,97.70,99.87,99.33,98.25,98.25,97.70,97.70,97.16,96.62,96.62,97.70,97.70,96.62,96.62,96.07,96.07,95.53,95.53,95.53"
Rec-027_std_2,28,7,4861,core,318,331,0.0,5.0,0.9891,322,334,330,336,1.0,True,98.4264,103.1302,96.6172,1.5351,98.2455,"103.13,101.50,100.42,99.87,99.33,98.79,98.79,98.79,98.25,99.87,98.79,98.79,98.25,98.25,98.25,98.25,98.25,97.70,97.70,97.16,97.16,97.16,96.62,96.62,96.62,96.62,96.62"
Rec-027_std_2,28,8,4862,core,322,331,0.0,4.0,0.9881,326,334,334,336,1.0,True,99.6325,104.2157,97.7027,1.6338,99.331,"104.22,103.13,101.50,100.96,100.42,100.96,100.42,100.42,100.42,100.96,99.87,99.87,99.33,99.33,98.79,99.33,99.33,99.33,98.25,98.25,98.25,98.25,97.70,97.70,97.70,97.70,97.70"
Rec-027_std_2,28,9,4863,core,327,331,0.0,5.0,0.9893,331,334,339,336,1.0,True,100.7783,104.2157,98.7882,1.5772,100.9592,"104.22,103.13,103.13,102.04,102.04,102.04,102.04,102.04,102.04,101.50,100.96,100.96,100.96,100.96,100.96,100.96,100.42,100.96,98.79,98.79,99.33,98.79,98.79,98.79,98.79,98.79,98.79"
Rec-027_std_2,28,10,4864,core,331,331,0.0,4.0,0.9874,335,334,343,336,1.0,True,102.1251,106.9294,99.8737,1.7831,102.0447,"106.93,105.30,104.22,103.67,103.67,103.67,103.13,103.13,103.13,103.13,102.04,102.04,102.04,102.04,102.04,102.04,102.04,102.04,99.87,100.42,100.42,100.42,99.87,100.42,99.87,99.87,99.87"
Rec-027_std_2,28,11,4865,core,336,331,0.0,5.0,0.9894,340,334,348,336,1.0,True,103.0297,107.4722,99.331,2.0363,103.1302,"107.47,106.39,105.84,105.30,105.30,105.30,104.22,104.22,103.67,104.22,103.67,103.13,103.13,103.13,103.13,102.04,102.04,102.04,102.04,101.50,101.50,101.50,100.96,100.42,100.42,99.87,99.33"
Rec-027_std_2,28,12,4866,core,340,331,0.0,4.0,0.9866,344,334,352,336,1.0,True,102.889,109.6431,96.6172,3.05,103.1302,"109.64,108.01,106.93,106.39,105.84,105.30,103.67,103.13,101.50,105.30,105.30,104.22,103.67,103.13,103.13,101.50,100.42,98.79,102.04,102.04,102.04,101.50,100.96,99.87,98.79,98.25,96.62"
Rec-027_std_2,28,13,4867,core,349,331,0.0,9.0,0.9852,353,334,361,336,0.5556,False,85.883,105.3012,74.3647,10.2398,82.5059,"105.30,101.50,98.25,93.36,83.59,78.71,76.54,75.45,74.91,100.42,98.25,95.53,90.65,82.51,78.16,75.99,74.91,74.36,97.70,95.53,93.36,89.02,81.42,77.62,75.99,75.45,74.36"
Rec-027_std_2,28,14,4868,core,354,331,0.0,5.0,0.9866,358,334,366,336,0.0,False,75.7115,81.4204,73.822,1.9281,74.9074,"81.42,78.16,76.54,75.99,75.45,74.91,74.36,74.36,73.82,79.79,77.62,75.99,75.45,74.91,74.91,74.36,73.82,73.82,78.71,77.08,75.99,75.45,74.91,74.36,74.36,73.82,73.82"
Rec-027_std_2,29,1,4969,core,290,331,0.0,0.0,0.9892,294,334,302,336,1.0,True,97.7831,100.9592,93.3608,2.013,98.2455,"100.96,99.87,99.87,100.42,100.42,99.87,99.87,99.87,99.33,96.07,96.62,98.25,98.25,98.25,98.25,98.25,98.25,98.25,93.36,94.45,95.53,95.53,96.07,96.07,96.07,96.07,96.07"
Rec-027_std_2,29,2,4970,core,294,331,0.0,4.0,0.9853,298,334,306,336,1.0,True,99.4717,106.3867,96.0745,2.2721,98.7882,"106.39,103.67,102.04,102.04,101.50,100.42,99.87,98.79,98.25,101.50,100.96,100.42,99.87,99.33,98.79,98.25,98.25,98.25,98.25,98.25,98.25,97.70,97.70,97.16,97.16,96.62,96.07"
Rec-027_std_2,29,3,4971,core,303,331,0.0,9.0,0.9869,307,334,315,336,1.0,True,98.5269,105.3012,95.5318,2.2274,98.2455,"105.30,103.13,101.50,99.87,99.33,98.79,98.25,97.70,97.16,101.50,99.87,99.33,98.79,98.25,98.25,97.16,97.16,96.62,98.25,98.25,97.70,97.70,97.16,96.62,95.53,95.53,95.53"
Rec-027_std_2,29,4,4972,core,308,331,0.0,5.0,0.9874,312,334,320,336,1.0,True,97.763,103.1302,94.989,1.8469,97.7027,"103.13,101.50,99.87,98.79,98.25,98.25,97.70,97.16,96.62,100.42,99.33,98.25,98.25,97.70,97.16,96.62,96.62,96.07,98.25,97.70,97.16,96.62,96.62,95.53,95.53,95.53,94.99"
Rec-027_std_2,29,5,4973,core,312,331,0.0,4.0,0.9877,316,334,324,336,1.0,True,98.0847,104.2157,95.5318,1.9531,97.7027,"104.22,102.04,100.42,99.33,98.79,98.25,97.70,97.70,97.16,100.42,99.33,98.79,98.25,98.25,97.70,97.16,96.62,96.62,98.25,97.70,97.70,96.62,96.62,96.07,95.53,95.53,95.53"
Rec-027_std_2,29,6,4974,core,317,331,0.0,5.0,0.9886,321,334,329,336,1.0,True,98.0043,103.1302,95.5318,1.6338,97.7027,"103.13,100.96,99.87,99.33,98.79,98.25,98.25,98.25,97.70,99.87,98.79,98.25,98.25,98.25,97.70,97.70,97.16,97.16,97.70,97.16,97.16,96.62,96.62,96.07,96.07,95.53,95.53"
Rec-027_std_2,29,7,4975,core,321,331,0.0,4.0,0.9875,325,334,333,336,1.0,True,98.8083,103.6729,97.16,1.5243,98.2455,"103.67,102.04,100.42,99.87,99.33,99.33,99.33,99.33,99.33,100.42,99.33,98.79,98.79,98.25,98.25,98.25,98.25,98.25,98.25,97.70,97.70,97.16,97.16,97.16,97.16,97.16,97.16"
Rec-027_std_2,29,8,4976,core,326,331,0.0,5.0,0.9886,330,334,338,336,1.0,True,99.934,103.1302,98.2455,1.404,99.8737,"103.13,102.04,101.50,101.50,101.50,100.96,100.96,100.96,100.96,100.96,100.42,99.87,99.87,99.87,99.87,99.87,99.87,99.87,98.25,98.25,98.25,98.25,98.25,98.25,98.25,98.25,98.25"
Rec-027_std_2,29,9,4977,core,330,331,0.0,4.0,0.9869,334,334,342,336,1.0,True,101.4819,105.8439,99.331,1.5736,101.502,"105.84,104.22,103.13,103.13,103.13,102.04,102.04,102.04,102.04,102.04,102.04,102.04,102.04,101.50,101.50,101.50,101.50,100.96,99.87,99.87,99.87,99.87,99.33,99.87,99.87,99.33,99.33"
Rec-027_std_2,29,10,4978,core,335,331,0.0,5.0,0.9886,339,334,347,336,1.0,True,102.4467,106.3867,99.8737,1.6086,103.1302,"106.39,105.30,104.22,104.22,103.67,103.67,103.13,103.13,103.13,103.13,103.13,103.13,103.13,103.13,102.04,102.04,102.04,102.04,100.96,100.96,100.96,100.96,100.96,100.42,100.42,99.87,99.87"
Rec-027_std_2,29,11,4979,core,339,331,0.0,4.0,0.9861,343,334,351,336,1.0,True,102.9493,108.0149,98.2455,2.3168,103.1302,"108.01,106.93,105.84,105.30,105.30,105.30,103.67,103.13,102.04,105.30,104.22,103.67,103.67,103.13,103.13,102.04,101.50,99.87,102.04,102.04,102.04,102.04,101.50,100.42,99.87,99.33,98.25"
Rec-027_std_2,29,12,4980,core,344,331,0.0,5.0,0.9883,348,334,356,336,1.0,True,99.0898,108.0149,87.3906,5.3144,100.4165,"108.01,106.39,105.30,104.22,103.13,100.96,98.25,95.53,91.19,105.30,103.67,103.13,102.04,100.42,98.25,96.07,93.36,89.02,102.04,101.50,100.42,99.33,98.25,96.07,94.45,91.73,87.39"
Rec-027_std_2,29,13,4981,core,348,331,0.0,4.0,0.9853,352,334,360,336,0.6667,False,88.6771,106.3867,74.9074,10.3992,90.6471,"106.39,103.13,100.42,97.70,92.28,83.59,78.71,75.99,75.45,102.04,99.87,97.70,95.53,90.65,82.51,78.16,75.99,74.91,98.79,97.16,95.53,93.36,88.48,81.42,77.62,75.99,74.91"
Rec-027_std_2,29,14,4982,core,353,331,0.0,5.0,0.9867,357,334,365,336,0.1111,False,76.6161,85.7624,73.822,3.1912,75.4502,"85.76,80.33,77.62,75.99,75.45,74.91,74.36,74.36,73.82,84.13,79.79,77.08,75.99,75.45,74.91,74.36,74.36,73.82,82.51,78.71,76.54,75.99,75.45,74.91,74.36,73.82,73.82"
Rec-027_std_2,29,15,4983,core,355,330,26.57,2.24,0.9863,359,333,367,335,0.0,False,76.0935,83.5914,73.822,2.1961,75.4502,"83.59,79.79,77.62,76.54,75.99,75.45,74.91,74.36,74.36,79.79,77.62,76.54,75.99,75.45,74.91,74.36,74.36,73.82,78.16,77.08,75.99,75.45,75.45,74.91,74.36,73.82,73.82"
Rec-G3_std_1,1,1,246,core,291,318,-135.0,1.41,0.9769,295,320,303,322,1.0,True,92.2552,94.989,87.9333,1.979,92.2753,"93.36,94.45,94.45,94.45,94.99,94.99,94.99,94.99,94.45,90.10,91.19,91.73,92.28,92.28,92.28,93.36,92.28,92.28,87.93,89.02,89.56,90.10,90.65,91.19,91.19,91.19,91.19"
Rec-G3_std_1,1,2,247,core,294,318,0.0,3.0,0.9777,298,320,306,322,1.0,True,93.4613,96.0745,91.1898,1.7605,93.3608,"96.07,96.07,96.07,96.07,95.53,95.53,95.53,94.99,94.45,93.36,93.36,93.36,94.45,93.36,93.36,93.36,93.36,92.28,91.19,91.19,91.73,91.73,91.73,91.73,91.19,91.19,91.19"
Rec-G3_std_1,1,3,248,core,299,317,11.31,5.1,0.9725,303,319,311,321,1.0,True,95.6725,101.502,91.7325,2.3007,95.5318,"101.50,99.87,98.79,98.25,97.70,97.16,96.07,95.53,94.99,97.70,97.16,96.62,96.07,95.53,94.99,94.99,94.45,93.36,95.53,94.99,94.45,94.45,93.36,93.36,92.28,92.28,91.73"
Rec-G3_std_1,1,4,249,core,303,317,0.0,4.0,0.975,307,319,315,321,1.0,True,95.4313,102.0447,91.1898,2.4453,94.989,"102.04,100.42,98.79,97.70,96.62,96.07,95.53,94.99,94.45,98.25,97.16,96.07,95.53,95.53,94.99,94.45,93.36,93.36,95.53,94.99,94.45,94.45,93.36,93.36,92.28,91.73,91.19"
Rec-G3_std_1,1,5,250,core,308,317,0.0,5.0,0.9752,312,319,320,321,1.0,True,94.3457,99.8737,91.1898,2.1357,94.4463,"99.87,98.25,97.70,96.07,95.53,95.53,94.45,94.45,94.45,96.62,95.53,95.53,94.99,94.45,93.36,93.36,93.36,92.28,94.45,93.36,93.36,92.28,92.28,92.28,91.19,91.19,91.19"
Rec-G3_std_1,1,6,251,core,313,317,0.0,5.0,0.9736,317,319,325,321,1.0,True,94.1045,98.7882,91.1898,1.8868,94.4463,"98.79,97.70,96.62,96.07,95.53,94.99,94.45,94.45,94.45,95.53,95.53,94.99,94.99,94.45,93.36,93.36,93.36,92.28,93.36,93.36,92.28,92.28,92.28,92.28,91.73,91.19,91.19"
Rec-G3_std_1,1,7,252,core,318,317,0.0,5.0,0.9707,322,319,330,321,1.0,True,94.205,98.2455,91.1898,1.7869,94.4463,"98.25,97.70,96.62,96.07,95.53,95.53,94.99,94.45,94.45,95.53,95.53,94.99,94.45,94.45,94.45,93.36,93.36,92.28,93.36,93.36,93.36,92.28,92.28,92.28,91.73,91.73,91.19"
Rec-G3_std_1,1,8,253,core,327,317,0.0,9.0,0.97,331,319,339,321,1.0,True,95.0895,98.7882,93.3608,1.47,94.989,"98.79,97.70,97.16,96.62,96.62,96.07,96.07,96.07,95.53,95.53,95.53,95.53,94.99,94.99,94.99,94.99,94.45,94.45,94.45,93.36,93.36,93.36,93.36,93.36,93.36,93.36,93.36"
Rec-G3_std_1,1,9,254,core,332,317,0.0,5.0,0.9689,336,319,344,321,1.0,True,95.974,99.331,94.4463,1.4324,95.5318,"99.33,98.25,98.25,97.70,97.70,97.16,97.16,97.16,97.16,96.07,96.07,96.07,95.53,95.53,95.53,95.53,95.53,95.53,94.45,94.45,94.45,94.45,94.45,94.45,94.45,94.45,94.45"
Rec-G3_std_1,1,10,255,core,337,317,0.0,5.0,0.9672,341,319,349,321,1.0,True,96.7982,100.4165,94.4463,1.6842,96.6172,"100.42,99.87,99.33,98.79,98.25,98.25,98.25,97.70,97.70,97.70,97.70,97.16,97.16,96.62,96.07,96.07,95.53,95.53,95.53,95.53,95.53,95.53,94.99,94.99,94.45,94.45,94.45"
Rec-G3_std_1,1,11,256,core,342,316,11.31,5.1,0.9677,346,318,354,320,1.0,True,98.7279,104.2157,94.989,2.2321,98.2455,"104.22,103.13,102.04,100.96,100.42,100.42,99.87,99.33,98.79,100.42,99.87,99.33,98.79,98.25,98.25,98.25,97.70,97.16,97.70,97.70,97.16,97.16,96.62,96.07,95.53,95.53,94.99"
Rec-G3_std_1,1,12,257,core,347,316,0.0,5.0,0.9678,351,318,359,320,1.0,True,97.5218,104.2157,91.7325,3.0237,97.16,"104.22,103.13,102.04,100.96,99.87,98.79,98.25,97.16,95.53,100.42,99.33,99.33,98.25,97.70,97.16,95.53,94.99,93.36,97.70,97.16,97.16,96.07,95.53,94.99,94.45,92.28,91.73"
Rec-G3_std_1,1,13,258,core,351,316,0.0,4.0,0.9705,355,318,363,320,0.8889,False,93.803,105.3012,79.7922,6.5664,95.5318,"105.30,103.13,100.96,99.33,98.25,96.07,93.36,87.93,80.88,100.42,98.79,98.25,96.62,95.53,94.45,91.73,86.85,80.33,97.70,96.07,95.53,94.45,93.36,91.73,90.10,85.76,79.79"
Rec-G3_std_1,1,14,259,core,356,316,0.0,5.0,0.9727,360,318,368,320,0.3333,False,82.2647,99.8737,73.822,8.2831,78.1639,"99.87,96.62,90.65,83.05,78.71,76.54,75.99,74.91,74.36,96.07,94.45,89.02,81.96,78.16,76.54,75.45,74.91,74.36,93.36,91.19,86.85,80.88,77.62,75.99,75.45,74.36,73.82"
Rec-G3_std_1,1,15,260,core,360,316,0.0,4.0,0.9733,364,318,372,320,0.0,False,76.1739,83.0486,73.822,2.196,75.9929,"83.05,79.79,77.62,76.54,75.99,75.45,74.91,74.36,73.82,80.33,77.62,76.54,75.99,75.99,74.91,74.91,74.36,73.82,78.71,77.62,75.99,75.99,75.45,74.91,74.36,73.82,73.82"
Rec-G3_std_1,2,1,406,core,294,318,0.0,3.0,0.9766,298,320,306,322,1.0,True,93.5015,96.0745,91.1898,1.7701,93.3608,"96.07,96.07,96.07,96.07,95.53,95.53,95.53,94.99,94.45,93.36,93.36,94.45,94.45,93.36,93.36,93.36,93.36,92.28,91.19,91.19,91.73,91.73,91.73,91.73,91.19,91.19,91.19"
Rec-G3_std_1,2,2,407,core,298,317,14.04,4.12,0.9738,302,319,310,321,1.0,True,96.1147,103.1302,92.2753,2.4537,95.5318,"103.13,100.96,99.33,98.25,98.25,97.16,96.07,95.53,95.53,98.25,97.70,97.16,96.62,96.07,95.53,94.99,94.45,94.45,95.53,94.99,94.99,94.45,94.45,93.36,93.36,92.28,92.28"
Rec-G3_std_1,2,3,408,core,303,317,0.0,5.0,0.9755,307,319,315,321,1.0,True,95.2503,102.0447,91.1898,2.3652,94.989,"102.04,99.87,98.25,97.70,96.62,95.53,95.53,94.99,94.45,97.70,96.62,96.07,95.53,94.99,94.99,94.45,93.36,93.36,94.99,94.99,94.45,93.36,93.36,93.36,92.28,91.73,91.19"
Rec-G3_std_1,2,4,409,core,308,317,0.0,5.0,0.9748,312,319,320,321,1.0,True,94.3859,99.8737,91.1898,2.1012,94.4463,"99.87,98.25,97.16,96.62,95.53,94.99,94.45,94.45,93.36,96.62,96.07,95.53,94.99,94.45,93.36,93.36,93.36,92.28,94.45,94.45,93.36,93.36,92.28,92.28,91.19,91.19,91.19"
Rec-G3_std_1,2,5,410,core,313,317,0.0,5.0,0.9725,317,319,325,321,1.0,True,93.9839,98.7882,91.1898,1.89,93.3608,"98.79,97.70,96.62,95.53,95.53,94.99,94.45,94.45,93.36,95.53,95.53,94.99,94.45,94.45,93.36,93.36,92.28,92.28,93.36,93.36,92.28,92.28,92.28,92.28,91.73,91.19,91.19"
Rec-G3_std_1,2,6,411,core,317,317,0.0,4.0,0.9705,321,319,329,321,1.0,True,94.4262,99.331,91.7325,1.8713,94.4463,"99.33,98.25,97.16,96.07,95.53,95.53,94.99,94.45,94.45,96.07,95.53,94.99,94.45,94.45,94.45,93.36,93.36,92.28,94.45,93.36,93.36,93.36,92.28,92.28,92.28,91.73,91.73"
Rec-G3_std_1,2,7,412,core,322,317,0.0,5.0,0.9705,326,319,334,321,1.0,True,94.6272,98.7882,92.2753,1.7353,94.4463,"98.79,98.25,97.16,96.07,95.53,95.53,95.53,94.99,94.99,96.07,95.53,95.53,94.99,94.45,94.45,94.45,93.36,93.36,94.45,93.36,93.36,93.36,92.28,92.28,92.28,92.28,92.28"
Rec-G3_std_1,2,8,413,core,327,317,0.0,5.0,0.9705,331,319,339,321,1.0,True,95.1297,98.7882,93.3608,1.4291,94.989,"98.79,97.70,97.16,96.62,96.62,96.07,95.53,95.53,95.53,96.07,95.53,95.53,95.53,94.99,94.99,94.99,94.45,94.45,94.45,94.45,93.36,93.36,93.36,93.36,93.36,93.36,93.36"
Rec-G3_std_1,2,9,414,core,332,317,0.0,5.0,0.9686,336,319,344,321,1.0,True,96.0142,99.331,93.3608,1.487,95.5318,"99.33,98.25,98.25,97.70,97.70,97.70,97.16,97.16,96.62,96.62,96.62,96.07,96.07,95.53,95.53,95.53,95.53,95.53,94.99,94.45,94.45,94.45,94.45,94.45,94.45,94.45,93.36"
Rec-G3_std_1,2,10,415,core,337,317,0.0,5.0,0.9666,341,319,349,321,1.0,True,96.577,99.8737,94.4463,1.5487,96.6172,"99.87,99.33,98.79,98.25,98.25,98.25,97.70,97.70,97.16,97.16,97.16,97.16,96.62,96.62,96.07,96.07,95.53,95.53,95.53,95.53,95.53,94.99,94.99,94.45,94.45,94.45,94.45"
Rec-G3_std_1,2,11,416,core,342,316,11.31,5.1,0.9665,346,318,354,320,1.0,True,98.7681,104.2157,95.5318,2.1532,98.2455,"104.22,103.13,102.04,100.96,100.42,99.87,99.87,99.33,98.79,100.42,99.87,99.33,98.79,98.25,98.25,98.25,97.70,97.16,98.25,97.70,97.16,97.16,96.62,96.07,96.07,95.53,95.53"
Rec-G3_std_1,2,12,417,core,346,316,0.0,4.0,0.9686,350,318,358,320,1.0,True,98.6274,105.8439,93.3608,2.8826,98.2455,"105.84,103.67,103.13,102.04,100.96,99.87,98.79,98.25,96.62,101.50,100.42,99.87,99.33,98.79,98.25,97.16,96.07,95.53,98.25,98.25,97.70,97.16,96.62,95.53,95.53,94.45,93.36"
Rec-G3_std_1,2,13,418,core,351,316,0.0,5.0,0.9717,355,318,363,320,0.8889,False,93.3608,104.2157,79.7922,6.4557,95.5318,"104.22,102.04,99.87,98.79,97.16,95.53,93.36,87.93,80.33,99.87,98.79,97.70,96.62,95.53,93.36,91.19,86.31,79.79,97.16,96.07,95.53,94.45,93.36,91.19,89.56,85.22,79.79"
Rec-G3_std_1,2,14,419,core,356,316,0.0,5.0,0.9729,360,318,368,320,0.3333,False,81.9028,99.331,73.822,8.1797,77.6212,"99.33,96.07,89.56,82.51,78.71,76.54,75.45,74.91,73.82,96.07,93.36,87.93,81.42,77.62,75.99,75.45,74.36,73.82,93.36,91.19,86.31,80.88,77.62,75.99,74.91,74.36,73.82"
Rec-G3_std_1,2,15,420,core,360,316,0.0,4.0,0.9744,364,318,372,320,0.0,False,75.9728,83.0486,73.822,2.223,75.4502,"83.05,79.79,77.62,75.99,75.99,75.45,74.91,74.36,73.82,79.79,77.62,76.54,75.99,75.45,74.91,74.36,73.82,73.82,78.71,77.08,75.99,75.45,74.91,74.36,73.82,73.82,73.82"
Rec-G3_std_1,3,1,571,core,291,318,-90.0,1.0,0.9773,295,320,303,322,1.0,True,92.8984,95.5318,89.0188,1.9524,93.3608,"94.45,94.45,94.99,95.53,95.53,95.53,95.53,95.53,94.99,91.19,91.73,92.28,93.36,93.36,93.36,93.36,93.36,93.36,89.02,89.56,90.65,91.19,91.19,91.19,91.19,91.19,91.19"
Rec-G3_std_1,3,2,572,core,295,318,0.0,4.0,0.9767,299,320,307,322,1.0,True,94.3257,98.2455,91.1898,1.956,94.4463,"98.25,97.70,97.16,97.16,96.62,96.07,95.53,95.53,94.99,94.45,94.99,94.99,94.45,94.45,94.45,94.45,93.36,93.36,92.28,92.28,92.28,92.28,92.28,92.28,92.28,91.73,91.19"
Rec-G3_std_1,3,3,573,core,300,317,11.31,5.1,0.9751,304,319,312,321,1.0,True,96.2353,103.1302,92.2753,2.5492,95.5318,"103.13,101.50,99.87,98.25,98.25,97.16,96.62,95.53,95.53,98.79,98.25,97.16,96.62,96.07,95.53,94.99,94.45,94.45,95.53,95.53,94.99,94.45,94.45,93.36,93.36,92.28,92.28"
Rec-G3_std_1,3,4,574,core,305,317,0.0,5.0,0.9753,309,319,317,321,1.0,True,95.6122,102.0447,91.7325,2.3295,95.5318,"102.04,99.87,98.25,98.25,97.16,96.62,95.53,95.53,94.99,98.25,97.16,96.62,96.07,95.53,94.99,94.45,94.45,93.36,95.53,94.99,94.45,94.45,93.36,93.36,92.28,92.28,91.73"
Rec-G3_std_1,3,5,575,core,310,317,0.0,5.0,0.9739,314,319,322,321,1.0,True,94.9488,100.4165,91.7325,2.1249,94.4463,"100.42,98.79,98.25,97.16,96.07,95.53,95.53,94.45,94.45,97.16,96.62,95.53,95.53,94.99,94.45,94.45,93.36,92.28,94.99,94.45,94.45,93.36,93.36,92.28,92.28,91.73,91.73"
Rec-G3_std_1,3,6,576,core,314,317,0.0,4.0,0.9716,318,319,326,321,1.0,True,94.8282,100.9592,91.7325,2.0618,94.4463,"100.96,98.25,97.70,96.62,96.07,95.53,94.99,94.45,94.45,97.16,96.07,95.53,95.53,94.45,94.45,94.45,93.36,93.36,94.45,94.45,93.36,93.36,93.36,92.28,92.28,91.73,91.73"
Rec-G3_std_1,3,7,577,core,319,317,0.0,5.0,0.9718,323,319,331,321,1.0,True,94.6875,99.331,92.2753,1.7561,94.4463,"99.33,98.25,97.16,96.62,95.53,95.53,94.99,94.99,94.45,96.07,95.53,95.53,94.99,94.99,94.45,93.36,93.36,93.36,94.45,94.45,93.36,93.36,93.36,92.28,92.28,92.28,92.28"
Rec-G3_std_1,3,8,578,core,324,317,0.0,5.0,0.9716,328,319,336,321,1.0,True,95.0091,98.7882,92.2753,1.4807,94.989,"98.79,97.70,97.16,96.62,96.07,96.07,95.53,95.53,95.53,96.07,95.53,95.53,94.99,94.99,94.45,94.45,94.45,94.45,94.45,94.45,93.36,93.36,93.36,93.36,93.36,93.36,92.28"
Rec-G3_std_1,3,9,579,core,329,317,0.0,5.0,0.9706,333,319,341,321,1.0,True,95.6926,98.7882,93.3608,1.4384,95.5318,"98.79,98.25,97.70,97.16,97.16,97.16,96.62,96.62,96.07,96.62,96.07,96.07,95.53,95.53,95.53,95.53,95.53,94.99,94.45,94.45,94.45,94.45,94.45,94.45,93.36,93.36,93.36"
Rec-G3_std_1,3,10,580,core,334,317,0.0,5.0,0.9689,338,319,346,321,1.0,True,96.2956,99.331,94.4463,1.4791,96.0745,"99.33,98.79,98.25,98.25,98.25,97.70,97.70,97.16,97.16,97.16,96.62,96.62,96.07,96.07,96.07,95.53,95.53,95.53,94.99,94.99,94.99,94.99,94.45,94.45,94.45,94.45,94.45"
Rec-G3_std_1,3,11,581,core,339,316,11.31,5.1,0.9662,343,318,351,320,1.0,True,98.6073,103.6729,95.5318,1.8975,98.2455,"103.67,102.04,100.96,100.42,100.42,99.87,99.33,99.33,98.79,100.42,99.33,98.79,98.79,98.25,98.25,98.25,97.70,97.70,97.70,97.70,97.16,97.16,96.62,96.62,96.07,95.53,95.53"
Rec-G3_std_1,3,12,582,core,343,316,0.0,4.0,0.9674,347,318,355,320,1.0,True,99.331,105.8439,95.5318,2.3635,98.7882,"105.84,103.67,102.04,102.04,101.50,100.96,100.42,99.87,99.33,101.50,100.42,99.87,99.33,98.79,98.79,98.25,98.25,97.70,98.25,98.25,97.70,97.16,97.16,96.62,96.62,96.07,95.53"
Rec-G3_std_1,3,13,583,core,348,316,0.0,5.0,0.9708,352,318,360,320,1.0,True,98.0646,106.3867,91.1898,3.5298,98.2455,"106.39,104.22,103.13,102.04,100.96,99.33,98.25,96.62,94.99,101.50,100.96,99.87,98.79,98.25,97.70,96.07,94.99,93.36,98.25,98.25,97.70,96.62,96.07,95.53,94.45,92.28,91.19"
Rec-G3_std_1,3,14,584,core,353,316,0.0,5.0,0.9728,357,318,365,320,0.6667,False,88.8781,103.1302,75.4502,8.7958,92.2753,"103.13,100.96,98.25,96.07,94.45,88.48,80.88,77.62,75.99,98.79,97.70,96.07,94.45,92.28,87.39,80.33,77.08,75.45,96.07,94.99,93.36,92.28,90.10,85.76,79.79,76.54,75.45"
Rec-G3_std_1,3,15,585,core,358,316,0.0,5.0,0.9735,362,318,370,320,0.1111,False,77.8624,92.2753,73.822,4.9926,75.9929,"92.28,83.59,79.79,77.08,75.99,75.45,74.36,74.36,73.82,89.56,82.51,78.71,77.08,75.99,74.91,74.36,73.82,73.82,87.39,80.88,77.62,76.54,75.45,74.91,74.36,73.82,73.82"
Rec-G3_std_1,3,16,586,core,361,316,0.0,3.0,0.9787,365,318,373,320,0.0,False,75.4301,79.7922,73.822,1.5243,74.9074,"79.79,77.62,76.54,75.99,75.45,74.91,74.36,73.82,73.82,78.16,76.54,75.99,75.99,75.45,74.91,74.36,73.82,73.82,77.62,75.99,75.99,74.91,74.91,74.36,73.82,73.82,73.82"
Rec-G3_std_1,4,1,729,core,291,317,180.0,1.0,0.9764,295,319,303,321,1.0,True,94.9488,98.2455,90.6471,2.1956,94.989,"98.25,98.25,97.70,97.70,97.70,97.16,97.16,97.16,96.62,93.36,94.45,94.45,94.99,95.53,95.53,95.53,94.99,94.99,90.65,91.19,92.28,92.28,92.28,93.36,93.36,93.36,93.36"
Rec-G3_std_1,4,2,730,core,302,317,0.0,11.0,0.976,306,319,314,321,1.0,True,96.0142,102.0447,92.2753,2.2757,95.5318,"102.04,100.42,99.33,98.25,97.70,96.62,96.07,95.53,95.53,98.25,97.70,97.16,96.62,95.53,95.53,94.99,94.45,94.45,95.53,95.53,94.99,94.45,94.45,93.36,93.36,92.28,92.28"
Rec-G3_std_1,4,3,731,core,306,317,0.0,4.0,0.973,310,319,318,321,1.0,True,95.7931,103.1302,91.7325,2.4334,95.5318,"103.13,100.42,98.79,98.25,97.16,96.07,96.07,95.53,94.99,98.25,97.16,96.62,96.07,95.53,95.53,94.99,94.45,93.36,95.53,94.99,94.99,94.45,93.36,93.36,93.36,92.28,91.73"
Rec-G3_std_1,4,4,732,core,311,317,0.0,5.0,0.9736,315,319,323,321,1.0,True,95.0091,100.9592,91.7325,2.06,94.4463,"100.96,98.79,97.70,97.16,96.07,95.53,95.53,94.45,94.45,97.16,96.62,95.53,95.53,94.99,94.45,94.45,93.36,93.36,94.99,94.45,93.36,93.36,93.36,93.36,92.28,92.28,91.73"
Rec-G3_std_1,4,5,733,core,316,317,0.0,5.0,0.9739,320,319,328,321,1.0,True,94.6674,99.331,91.7325,1.7432,94.4463,"99.33,98.25,96.62,96.07,95.53,95.53,94.99,94.99,94.45,96.62,95.53,95.53,94.99,94.45,94.45,94.45,93.36,93.36,94.45,94.45,93.36,93.36,93.36,92.28,92.28,92.28,91.73"
Rec-G3_std_1,4,6,734,core,321,317,0.0,5.0,0.9725,325,319,333,321,1.0,True,94.9086,98.7882,92.2753,1.6229,94.4463,"98.79,98.25,97.16,96.62,96.07,95.53,95.53,95.53,95.53,96.07,95.53,95.53,94.99,94.45,94.45,94.45,94.45,94.45,94.45,94.45,93.36,93.36,93.36,93.36,92.28,92.28,92.28"
Rec-G3_std_1,4,7,735,core,326,317,0.0,5.0,0.9708,330,319,338,321,1.0,True,95.5117,98.7882,93.3608,1.4434,95.5318,"98.79,98.25,97.70,97.16,97.16,96.62,96.07,96.07,96.07,96.07,96.07,95.53,95.53,95.53,95.53,94.99,94.99,94.99,94.45,94.45,94.45,94.45,94.45,93.36,93.36,93.36,93.36"
Rec-G3_std_1,4,8,736,core,331,317,0.0,5.0,0.9676,335,319,343,321,1.0,True,96.2152,99.331,94.4463,1.4367,96.0745,"99.33,98.25,98.25,98.25,97.70,97.70,97.70,97.16,97.16,96.62,96.62,96.62,96.07,96.07,96.07,95.53,95.53,95.53,94.99,94.99,94.99,94.45,94.45,94.45,94.45,94.45,94.45"
Rec-G3_std_1,4,9,737,core,335,317,0.0,4.0,0.9675,339,319,347,321,1.0,True,97.3007,101.502,94.989,1.7009,97.16,"101.50,100.42,99.33,99.33,98.79,98.79,98.25,98.25,98.25,98.25,97.70,97.70,97.70,97.16,97.16,96.62,96.62,96.62,95.53,95.53,95.53,95.53,95.53,95.53,95.53,94.99,94.99"
Rec-G3_std_1,4,10,738,core,340,316,11.31,5.1,0.968,344,318,352,320,1.0,True,99.934,105.8439,96.6172,2.2419,99.8737,"105.84,104.22,103.13,102.04,101.50,101.50,100.96,100.96,100.42,102.04,100.96,100.42,99.87,99.87,99.33,98.79,98.79,98.25,98.25,98.25,98.25,98.25,98.25,97.70,97.16,96.62,96.62"
Rec-G3_std_1,4,11,739,core,345,316,0.0,5.0,0.9702,349,318,357,320,1.0,True,99.7732,106.3867,94.989,2.7439,99.331,"106.39,105.30,103.13,103.13,102.04,101.50,100.96,99.87,98.25,102.04,101.50,100.96,100.42,99.87,99.33,98.79,97.70,96.62,99.33,98.25,98.25,98.25,97.70,97.16,96.62,95.53,94.99"
Rec-G3_std_1,4,12,740,core,350,316,0.0,5.0,0.9712,354,318,362,320,1.0,True,96.5972,106.3867,85.7624,4.8578,97.16,"106.39,103.67,102.04,100.96,99.33,98.25,96.62,94.45,88.48,102.04,100.96,99.87,98.25,97.70,96.07,94.99,92.28,87.39,98.79,98.25,97.16,96.07,95.53,94.45,92.28,90.10,85.76"
Rec-G3_std_1,4,13,741,core,359,316,0.0,9.0,0.9725,363,318,371,320,0.0,False,76.7166,86.3051,73.822,3.1819,75.4502,"86.31,80.88,78.16,76.54,75.99,75.45,74.91,74.36,73.82,83.59,79.79,77.62,75.99,75.45,74.91,74.36,73.82,73.82,81.96,78.16,77.08,75.99,75.45,74.91,74.36,73.82,73.82"
Rec-G3_std_1,4,14,742,core,361,316,0.0,2.0,0.9814,365,318,373,320,0.0,False,75.2894,79.7922,73.2792,1.5759,74.9074,"79.79,77.62,76.54,75.99,75.45,74.91,74.36,73.82,73.82,78.16,76.54,75.99,75.45,74.91,74.36,73.82,73.82,73.82,77.62,75.99,75.45,74.91,74.36,74.36,73.82,73.82,73.28"
Rec-G3_std_1,5,1,894,core,291,318,-90.0,1.0,0.9781,295,320,303,322,1.0,True,93.1196,95.5318,89.0188,1.9279,93.3608,"94.45,94.99,95.53,95.53,95.53,95.53,95.53,95.53,95.53,91.19,92.28,92.28,93.36,93.36,93.36,94.45,93.36,93.36,89.02,90.10,90.65,91.19,91.19,91.73,91.73,91.73,91.73"
Rec-G3_std_1,5,2,895,core,295,318,0.0,4.0,0.9786,299,320,307,322,1.0,True,94.5669,98.2455,92.2753,1.9448,94.989,"98.25,97.70,97.70,97.16,96.62,96.62,96.07,95.53,95.53,94.99,94.99,94.99,94.99,94.99,94.45,94.45,94.45,93.36,92.28,92.28,92.28,92.28,92.28,92.28,92.28,92.28,92.28"
Rec-G3_std_1,5,3,896,core,300,317,11.31,5.1,0.9765,304,319,312,321,1.0,True,96.8384,103.1302,93.3608,2.2896,96.0745,"103.13,101.50,99.87,99.33,98.25,98.25,97.16,96.62,96.07,98.79,98.25,98.25,97.16,96.62,96.07,95.53,95.53,94.99,96.07,95.53,95.53,95.53,94.99,94.45,94.45,93.36,93.36"
Rec-G3_std_1,5,4,897,core,305,317,0.0,5.0,0.9755,309,319,317,321,1.0,True,95.9941,102.0447,92.2753,2.2965,95.5318,"102.04,100.42,98.79,98.25,97.70,96.62,95.53,95.53,94.99,98.25,98.25,97.16,96.62,96.07,95.53,94.99,94.45,93.36,96.07,95.53,94.99,94.99,94.45,93.36,93.36,92.28,92.28"
Rec-G3_std_1,5,5,898,core,305,317,0.0,0.0,0.9755,309,319,317,321,1.0,True,95.9941,102.0447,92.2753,2.2965,95.5318,"102.04,100.42,98.79,98.25,97.70,96.62,95.53,95.53,94.99,98.25,98.25,97.16,96.62,96.07,95.53,94.99,94.45,93.36,96.07,95.53,94.99,94.99,94.45,93.36,93.36,92.28,92.28"
Rec-G3_std_1,5,6,899,core,310,317,0.0,5.0,0.9739,314,319,322,321,1.0,True,95.0895,100.4165,91.7325,2.0629,94.989,"100.42,98.79,98.25,96.62,96.07,95.53,95.53,94.99,94.45,97.70,96.62,96.07,95.53,95.53,94.45,94.45,93.36,93.36,94.99,94.99,94.45,93.36,93.36,92.28,92.28,92.28,91.73"
Rec-G3_std_1,5,7,900,core,319,317,0.0,9.0,0.9738,323,319,331,321,1.0,True,94.788,99.331,92.2753,1.755,94.989,"99.33,98.25,97.16,96.62,96.07,95.53,95.53,94.99,94.99,96.07,95.53,95.53,94.99,94.99,94.45,94.45,94.45,93.36,94.45,93.36,93.36,93.36,93.36,92.28,92.28,92.28,92.28"
Rec-G3_std_1,5,8,901,core,324,317,0.0,5.0,0.9729,328,319,336,321,1.0,True,95.3106,98.7882,93.3608,1.4643,94.989,"98.79,98.25,97.16,97.16,96.62,96.07,96.07,96.07,96.07,96.07,95.53,95.53,95.53,94.99,94.99,94.99,94.99,94.99,94.45,94.45,94.45,93.36,93.36,93.36,93.36,93.36,93.36"
Rec-G3_std_1,5,9,902,core,334,317,0.0,10.0,0.9679,338,319,346,321,1.0,True,97.1198,100.4165,94.989,1.5558,97.16,"100.42,99.87,99.33,98.79,98.79,98.25,98.25,98.25,98.25,97.70,97.70,97.70,97.16,97.16,97.16,96.62,96.62,96.07,95.53,95.53,95.53,95.53,95.53,95.53,94.99,94.99,94.99"
Rec-G3_std_1,5,10,903,core,338,317,0.0,4.0,0.968,342,319,350,321,1.0,True,97.6826,102.0447,94.989,1.8181,97.7027,"102.04,100.96,100.42,99.87,99.33,99.33,98.79,98.25,98.25,98.25,98.25,98.25,98.25,97.70,97.70,97.16,96.62,96.62,96.07,96.07,96.07,96.07,95.53,95.53,95.53,95.53,94.99"
Rec-G3_std_1,5,11,904,core,343,316,11.31,5.1,0.9696,347,318,355,320,1.0,True,99.9139,106.3867,96.0745,2.3539,99.331,"106.39,104.22,103.13,102.04,102.04,101.50,100.96,100.42,99.33,102.04,101.50,100.42,99.87,99.87,99.33,98.79,98.25,98.25,98.79,98.79,98.25,98.25,97.70,97.70,97.16,96.62,96.07"
Rec-G3_std_1,5,12,905,core,348,316,0.0,5.0,0.9718,352,318,360,320,1.0,True,98.346,106.3867,91.1898,3.4644,98.2455,"106.39,104.22,103.13,102.04,100.96,99.33,98.25,97.16,94.99,102.04,101.50,100.42,99.33,98.25,97.70,96.62,95.53,93.36,98.79,98.25,98.25,97.70,96.62,95.53,94.45,93.36,91.19"
Rec-G3_std_1,5,13,906,core,353,316,0.0,5.0,0.9728,357,318,365,320,0.6667,False,89.1997,103.1302,75.4502,9.0578,92.2753,"103.13,101.50,98.79,97.16,94.45,89.02,80.88,77.62,75.45,99.87,98.25,96.62,94.99,92.28,87.39,80.88,77.08,75.45,97.16,95.53,94.45,92.28,90.65,85.76,79.79,76.54,75.45"
Rec-G3_std_1,5,14,907,core,358,316,0.0,5.0,0.9728,362,318,370,320,0.1111,False,77.6614,92.2753,73.822,4.9808,75.4502,"92.28,83.05,78.71,77.08,75.99,74.91,74.36,73.82,73.82,89.56,81.96,78.16,76.54,75.45,74.91,74.36,73.82,73.82,87.39,80.88,77.62,75.99,75.45,74.91,74.36,73.82,73.82"
Rec-G3_std_1,5,15,908,core,361,316,0.0,3.0,0.9788,365,318,373,320,0.0,False,75.3296,79.7922,73.822,1.5375,74.9074,"79.79,77.62,76.54,75.99,75.45,74.91,74.36,73.82,73.82,78.16,76.54,75.99,75.45,74.91,74.36,74.36,73.82,73.82,77.62,75.99,75.45,74.91,74.36,74.36,73.82,73.82,73.82"
Rec-G3_std_1,6,1,1054,core,291,318,-90.0,1.0,0.9771,295,320,303,322,1.0,True,93.3005,96.0745,89.0188,1.9782,93.3608,"94.45,94.99,95.53,95.53,95.53,96.07,96.07,95.53,95.53,91.19,92.28,93.36,93.36,93.36,94.45,94.45,94.45,93.36,89.02,90.10,91.19,91.19,91.19,91.73,91.73,91.73,91.73"
Rec-G3_std_1,6,2,1055,core,294,318,0.0,3.0,0.9781,298,320,306,322,1.0,True,94.4061,97.16,91.7325,1.8147,94.4463,"97.16,97.16,97.16,97.16,96.62,96.07,96.07,95.53,95.53,94.45,94.45,94.99,94.99,94.99,94.45,94.45,94.45,93.36,91.73,92.28,92.28,92.28,92.28,92.28,92.28,92.28,92.28"
Rec-G3_std_1,6,3,1056,core,298,317,14.04,4.12,0.9744,302,319,310,321,1.0,True,97.2203,104.2157,93.3608,2.4422,96.6172,"104.22,102.04,100.96,99.87,98.79,98.25,97.70,97.16,96.07,99.33,98.25,98.25,97.70,97.16,96.62,96.07,95.53,94.99,96.07,96.07,95.53,95.53,95.53,94.99,94.45,94.45,93.36"
Rec-G3_std_1,6,4,1057,core,303,317,0.0,5.0,0.9765,307,319,315,321,1.0,True,96.5167,103.1302,92.2753,2.4229,96.0745,"103.13,101.50,99.87,98.79,98.25,97.16,96.62,96.07,95.53,98.79,98.25,97.70,97.16,96.07,96.07,95.53,94.99,94.45,96.07,95.53,95.53,94.99,94.45,94.45,93.36,93.36,92.28"
Rec-G3_std_1,6,5,1058,core,308,317,0.0,5.0,0.9762,312,319,320,321,1.0,True,95.7127,101.502,92.2753,2.068,95.5318,"101.50,99.33,98.25,97.70,97.16,96.07,95.53,95.53,94.99,98.25,97.70,96.62,96.07,95.53,94.99,94.99,94.45,94.45,95.53,94.99,94.45,94.45,94.45,93.36,93.36,92.28,92.28"
Rec-G3_std_1,6,6,1059,core,313,317,0.0,5.0,0.9747,317,319,325,321,1.0,True,95.1498,99.8737,92.2753,1.8141,94.989,"99.87,98.25,97.70,97.16,96.07,95.53,95.53,94.99,94.45,97.16,96.62,96.07,95.53,95.53,94.45,94.45,94.45,93.36,94.99,94.45,94.45,94.45,93.36,93.36,92.28,92.28,92.28"
Rec-G3_std_1,6,7,1060,core,317,317,0.0,4.0,0.9718,321,319,329,321,1.0,True,95.19,100.9592,92.2753,2.01,94.989,"100.96,98.79,98.25,97.16,96.07,95.53,95.53,94.99,94.45,97.16,96.62,96.07,95.53,94.99,94.45,94.45,93.36,93.36,94.99,94.99,94.45,94.45,93.36,93.36,92.28,92.28,92.28"
Rec-G3_std_1,6,8,1061,core,327,317,0.0,10.0,0.9722,331,319,339,321,1.0,True,95.4313,98.7882,93.3608,1.44,95.5318,"98.79,98.25,97.16,97.16,96.62,96.62,96.07,96.07,96.07,96.07,96.07,95.53,95.53,95.53,94.99,95.53,94.99,94.99,94.45,94.45,94.45,94.45,93.36,93.36,93.36,93.36,93.36"
Rec-G3_std_1,6,9,1062,core,332,317,0.0,5.0,0.9708,336,319,344,321,1.0,True,96.4162,99.8737,94.4463,1.4783,96.0745,"99.87,98.79,98.25,98.25,98.25,97.70,97.70,97.16,97.16,97.16,97.16,96.62,96.62,96.07,96.07,96.07,95.53,95.53,94.99,94.99,94.99,94.99,94.99,94.99,94.45,94.45,94.45"
Rec-G3_std_1,6,10,1063,core,337,317,0.0,5.0,0.9684,341,319,349,321,1.0,True,96.9992,100.4165,94.4463,1.548,97.16,"100.42,99.87,98.79,98.79,98.25,98.25,98.25,98.25,98.25,97.70,97.70,97.16,97.16,97.16,96.62,96.62,96.07,96.07,95.53,95.53,95.53,95.53,95.53,95.53,94.99,94.99,94.45"
Rec-G3_std_1,6,11,1064,core,342,316,11.31,5.1,0.9685,346,318,354,320,1.0,True,99.3913,104.2157,96.0745,1.9615,98.7882,"104.22,103.13,102.04,101.50,100.96,100.96,100.42,100.42,99.87,100.96,100.42,99.87,99.33,98.79,98.79,98.79,98.25,98.25,98.25,98.25,98.25,97.70,97.16,97.16,97.16,96.62,96.07"
Rec-G3_std_1,6,12,1065,core,346,316,0.0,4.0,0.9698,350,318,358,320,1.0,True,99.6325,106.9294,94.4463,2.8997,99.331,"106.93,105.30,103.13,103.13,102.04,101.50,100.42,99.33,98.25,102.04,101.50,100.96,100.42,99.87,99.33,98.25,97.16,96.07,98.79,98.25,98.25,98.25,97.70,97.16,96.07,95.53,94.45"
Rec-G3_std_1,6,13,1066,core,351,316,0.0,5.0,0.9727,355,318,363,320,0.8889,False,94.6674,105.8439,79.7922,6.8894,96.6172,"105.84,103.67,102.04,100.42,98.79,97.16,94.99,89.02,80.88,102.04,100.42,99.33,98.25,96.62,94.99,92.28,87.39,80.33,98.25,98.25,96.62,95.53,94.45,92.28,90.65,85.76,79.79"
Rec-G3_std_1,6,14,1067,core,356,316,0.0,5.0,0.9746,360,318,368,320,0.3333,False,82.3451,101.502,73.822,8.951,77.6212,"101.50,98.25,91.19,83.05,78.16,75.99,75.45,74.91,73.82,97.70,94.99,89.02,81.42,77.62,75.99,74.91,74.36,73.82,94.45,92.28,87.39,80.88,77.62,75.99,74.91,73.82,73.82"
Rec-G3_std_1,6,15,1068,core,360,316,0.0,4.0,0.9759,364,318,372,320,0.0,False,75.9326,83.0486,73.822,2.2467,75.4502,"83.05,79.79,77.62,75.99,75.99,75.45,74.36,74.36,73.82,79.79,77.62,76.54,75.99,75.45,74.36,74.36,73.82,73.82,78.71,77.08,75.99,75.45,74.91,74.36,73.82,73.82,73.82"
Rec-G3_std_1,7,1,1209,core,292,318,-45.0,1.41,0.978,296,320,304,322,1.0,True,94.2252,97.16,90.6471,1.8583,94.4463,"95.53,96.07,96.07,96.62,96.62,97.16,96.62,96.07,96.07,93.36,93.36,94.45,94.45,94.99,94.99,94.99,94.45,94.45,90.65,91.19,92.28,92.28,92.28,92.28,92.28,92.28,92.28"
Rec-G3_std_1,7,2,1210,core,296,318,0.0,4.0,0.9768,300,320,308,322,1.0,True,95.5921,98.7882,92.2753,1.7869,95.5318,"98.79,98.79,98.25,98.25,97.70,97.70,97.16,96.07,95.53,96.07,96.07,96.07,96.07,95.53,95.53,94.99,94.45,94.45,93.36,94.45,94.45,94.45,94.45,93.36,93.36,93.36,92.28"
Rec-G3_std_1,7,3,1211,core,301,317,11.31,5.1,0.9755,305,319,313,321,1.0,True,97.361,103.1302,93.3608,2.2843,97.16,"103.13,102.04,100.42,99.87,98.79,98.25,97.70,97.16,96.62,99.87,98.79,98.25,98.25,97.70,96.62,96.07,95.53,95.53,97.16,96.62,96.07,95.53,95.53,94.99,94.45,94.45,93.36"
Rec-G3_std_1,7,4,1212,core,305,317,0.0,4.0,0.9745,309,319,317,321,1.0,True,97.1198,103.6729,93.3608,2.3165,96.6172,"103.67,102.04,100.42,99.33,98.25,98.25,97.16,96.62,96.07,99.33,98.25,98.25,97.70,97.16,96.62,96.07,95.53,95.53,96.62,96.07,95.53,95.53,94.99,94.99,94.45,94.45,93.36"
Rec-G3_std_1,7,5,1213,core,320,317,0.0,15.0,0.9735,324,319,332,321,1.0,True,95.572,100.4165,92.2753,1.8087,95.5318,"100.42,98.79,98.25,97.70,96.62,96.07,95.53,95.53,95.53,97.70,96.62,96.07,95.53,95.53,94.99,94.99,94.45,94.45,95.53,94.99,94.99,94.45,93.36,93.36,93.36,93.36,92.28"
Rec-G3_std_1,7,6,1214,core,325,317,0.0,5.0,0.9707,329,319,337,321,1.0,True,95.5519,99.331,93.3608,1.5456,95.5318,"99.33,98.25,98.25,97.16,96.62,96.62,96.07,95.53,95.53,97.16,96.62,96.07,95.53,95.53,94.99,94.99,94.45,94.45,94.99,94.99,94.45,94.45,94.45,93.36,93.36,93.36,93.36"
Rec-G3_std_1,7,7,1215,core,329,317,0.0,4.0,0.9691,333,319,341,321,1.0,True,96.376,100.9592,94.4463,1.6405,96.0745,"100.96,99.33,98.25,98.25,98.25,97.70,97.16,96.62,96.62,97.70,97.16,96.62,96.07,96.07,96.07,95.53,95.53,95.53,95.53,94.99,94.99,94.99,94.45,94.45,94.45,94.45,94.45"
Rec-G3_std_1,7,8,1216,core,334,317,0.0,5.0,0.9693,338,319,346,321,1.0,True,96.9389,100.9592,94.989,1.579,96.6172,"100.96,99.87,98.79,98.25,98.25,98.25,98.25,98.25,97.70,97.70,97.70,97.16,97.16,96.62,96.62,96.62,96.07,96.07,95.53,95.53,95.53,95.53,94.99,94.99,94.99,94.99,94.99"
Rec-G3_std_1,7,9,1217,core,339,316,11.31,5.1,0.9693,343,318,351,320,1.0,True,99.5722,105.3012,96.6172,2.0645,99.331,"105.30,103.67,102.04,101.50,101.50,100.96,100.42,100.42,99.87,101.50,100.42,99.87,99.33,99.33,98.79,98.79,98.25,98.25,98.25,98.25,98.25,97.70,97.70,97.70,97.16,96.62,96.62"
Rec-G3_std_1,7,10,1218,core,344,316,0.0,5.0,0.9712,348,318,356,320,1.0,True,99.733,105.8439,95.5318,2.4073,99.331,"105.84,104.22,103.13,102.04,102.04,101.50,100.96,99.87,98.79,102.04,100.96,100.42,99.87,99.87,99.33,98.79,98.25,97.70,98.79,98.25,98.25,98.25,97.70,97.70,96.62,96.07,95.53"
Rec-G3_std_1,7,11,1219,core,349,316,0.0,5.0,0.9721,353,318,361,320,1.0,True,97.5017,105.3012,89.5616,3.7403,97.7027,"105.30,103.67,102.04,101.50,99.87,98.79,97.16,95.53,93.36,102.04,100.96,99.87,98.79,98.25,97.16,95.53,94.45,91.73,98.79,98.25,97.70,96.62,95.53,94.99,93.36,91.73,89.56"
Rec-G3_std_1,7,12,1220,core,354,316,0.0,5.0,0.9716,358,318,366,320,0.5556,False,86.7674,102.0447,74.3647,9.5099,87.9333,"102.04,99.87,98.25,95.53,89.56,81.42,77.62,75.99,74.36,98.79,97.16,95.53,93.36,87.93,80.88,77.08,75.45,74.36,96.07,94.99,93.36,91.19,85.76,79.79,76.54,75.45,74.36"
Rec-G3_std_1,7,13,1221,core,358,316,0.0,4.0,0.9748,362,318,370,320,0.1111,False,77.9227,93.3608,73.822,5.2503,75.9929,"93.36,84.13,79.79,77.62,75.99,75.45,74.36,74.36,73.82,90.10,82.51,78.71,77.08,75.99,74.91,74.36,73.82,73.82,87.93,80.88,77.62,75.99,75.45,74.36,73.82,73.82,73.82"
Rec-G3_std_1,7,14,1222,core,361,316,0.0,3.0,0.981,365,318,373,320,0.0,False,75.3296,79.7922,73.822,1.5375,74.9074,"79.79,77.62,76.54,75.99,75.45,74.91,74.36,73.82,73.82,78.16,76.54,75.99,75.45,74.91,74.36,74.36,73.82,73.82,77.62,75.99,75.45,74.91,74.36,74.36,73.82,73.82,73.82"
Rec-G3_std_1,8,1,1367,core,291,317,180.0,1.0,0.9785,295,319,303,321,1.0,True,95.6122,98.2455,90.6471,2.2485,95.5318,"98.25,98.25,98.25,98.25,98.25,98.25,98.25,98.25,98.25,93.36,94.45,94.99,95.53,96.07,96.07,96.07,96.07,95.53,90.65,91.73,92.28,93.36,93.36,94.45,94.45,94.45,94.45"
Rec-G3_std_1,8,2,1368,core,295,318,-14.04,4.12,0.9779,299,320,307,322,1.0,True,95.4715,98.7882,93.3608,1.8587,95.5318,"98.79,98.79,98.25,98.25,97.70,97.70,97.16,96.62,96.07,95.53,95.53,95.53,95.53,95.53,95.53,95.53,94.99,94.45,93.36,93.36,93.36,93.36,93.36,93.36,93.36,93.36,93.36"
Rec-G3_std_1,8,3,1369,core,300,317,11.31,5.1,0.9753,304,319,312,321,1.0,True,97.6424,103.1302,94.4463,2.1777,97.16,"103.13,102.04,100.96,99.87,99.33,98.79,98.25,97.70,97.16,99.87,98.79,98.25,98.25,97.70,97.16,96.62,96.07,95.53,97.16,96.62,96.07,96.07,95.53,95.53,94.99,94.45,94.45"
Rec-G3_std_1,8,4,1370,core,304,317,0.0,4.0,0.9754,308,319,316,321,1.0,True,97.562,104.2157,93.3608,2.4209,97.16,"104.22,102.04,100.96,99.87,99.33,98.25,98.25,97.16,96.62,99.87,99.33,98.25,98.25,97.70,97.16,96.07,95.53,94.99,97.70,96.62,96.62,96.07,95.53,95.53,94.45,94.45,93.36"
Rec-G3_std_1,8,5,1371,core,309,317,0.0,5.0,0.9762,313,319,321,321,1.0,True,96.7781,103.1302,93.3608,2.2732,96.0745,"103.13,101.50,99.87,98.79,98.25,97.16,96.62,96.07,95.53,99.33,98.25,98.25,97.16,96.62,96.07,95.53,95.53,94.99,96.62,96.07,95.53,95.53,94.99,94.45,94.45,93.36,93.36"
Rec-G3_std_1,8,6,1372,core,314,317,0.0,5.0,0.9764,318,319,326,321,1.0,True,96.1951,101.502,93.3608,1.9615,95.5318,"101.50,99.87,98.79,98.25,97.70,96.62,96.62,96.07,95.53,98.25,98.25,97.16,96.07,95.53,95.53,95.53,94.99,94.45,95.53,95.53,95.53,94.99,94.45,94.45,93.36,93.36,93.36"
Rec-G3_std_1,8,7,1373,core,319,317,0.0,5.0,0.9739,323,319,331,321,1.0,True,95.8132,100.4165,93.3608,1.7376,95.5318,"100.42,98.79,98.25,97.70,97.16,96.62,96.07,95.53,95.53,97.70,97.16,96.62,96.07,95.53,95.53,94.99,94.45,94.45,95.53,95.53,94.99,94.45,94.45,93.36,93.36,93.36,93.36"
Rec-G3_std_1,8,8,1374,core,324,317,0.0,5.0,0.9709,328,319,336,321,1.0,True,95.8534,99.8737,93.3608,1.5511,95.5318,"99.87,98.25,98.25,97.70,97.16,96.62,96.62,96.07,95.53,97.16,96.62,96.62,96.07,95.53,95.53,95.53,94.99,94.99,95.53,94.99,94.99,94.45,94.45,94.45,93.36,93.36,93.36"
Rec-G3_std_1,8,9,1375,core,328,317,0.0,4.0,0.9704,332,319,340,321,1.0,True,96.4363,100.9592,94.4463,1.6383,96.0745,"100.96,99.33,98.79,98.25,97.70,97.70,97.16,97.16,96.62,97.70,97.16,96.62,96.62,96.07,96.07,95.53,95.53,95.53,95.53,95.53,94.99,94.99,94.45,94.45,94.45,94.45,94.45"
Rec-G3_std_1,8,10,1376,core,333,317,0.0,5.0,0.9706,337,319,345,321,1.0,True,97.0796,100.9592,94.989,1.5958,96.6172,"100.96,99.87,99.33,98.79,98.25,98.25,98.25,98.25,98.25,98.25,97.70,97.16,97.16,96.62,96.62,96.62,96.62,96.07,95.53,95.53,95.53,95.53,95.53,95.53,94.99,94.99,94.99"
Rec-G3_std_1,8,11,1377,core,338,317,0.0,5.0,0.9698,342,319,350,321,1.0,True,97.8233,101.502,95.5318,1.7311,97.7027,"101.50,100.96,100.42,99.87,99.33,99.33,99.33,98.79,98.79,98.25,98.25,98.25,98.25,97.70,97.70,97.70,97.16,97.16,96.07,96.07,96.07,96.07,96.07,95.53,95.53,95.53,95.53"
Rec-G3_std_1,8,12,1378,core,343,316,11.31,5.1,0.9715,347,318,355,320,1.0,True,100.2556,106.3867,96.0745,2.3018,99.8737,"106.39,104.22,103.13,103.13,102.04,102.04,101.50,100.96,99.87,102.04,101.50,100.96,100.42,100.42,99.87,99.33,98.79,98.25,98.79,98.79,98.79,98.25,98.25,98.25,97.70,97.16,96.07"
Rec-G3_std_1,8,13,1379,core,348,316,0.0,5.0,0.972,352,318,360,320,1.0,True,98.5269,105.8439,91.7325,3.4051,98.2455,"105.84,104.22,103.13,102.04,101.50,99.87,98.25,97.16,95.53,102.04,101.50,100.96,99.87,98.79,98.25,96.62,95.53,93.36,99.33,98.79,98.25,97.70,96.62,95.53,94.45,93.36,91.73"
Rec-G3_std_1,8,14,1380,core,357,316,0.0,9.0,0.9748,361,318,369,320,0.2222,False,79.9932,99.331,73.822,7.4464,76.5357,"99.33,92.28,83.05,78.71,77.08,75.45,74.91,74.36,73.82,95.53,89.56,81.96,78.16,76.54,75.45,74.91,73.82,73.82,92.28,87.39,80.88,77.62,75.99,74.91,74.36,73.82,73.82"
Rec-G3_std_1,8,15,1381,core,361,316,0.0,4.0,0.9791,365,318,373,320,0.0,False,75.209,79.7922,73.822,1.4943,74.9074,"79.79,77.62,75.99,75.99,74.91,74.91,74.36,73.82,73.82,77.62,76.54,75.99,75.45,74.91,74.36,73.82,73.82,73.82,77.08,75.99,75.45,74.91,74.36,73.82,73.82,73.82,73.82"
Rec-G3_std_1,9,1,1522,core,292,318,-45.0,1.41,0.9802,296,320,304,322,1.0,True,94.7076,97.16,91.1898,1.7501,94.989,"96.07,96.62,96.62,97.16,97.16,97.16,96.62,96.62,96.62,93.36,94.45,94.45,94.99,94.99,94.99,94.99,94.99,94.99,91.19,91.73,92.28,92.28,93.36,93.36,93.36,93.36,93.36"
Rec-G3_std_1,9,2,1523,core,296,318,0.0,4.0,0.975,300,320,308,322,1.0,True,96.0745,99.8737,93.3608,1.8331,96.0745,"99.87,99.33,98.79,98.25,98.25,98.25,97.70,96.62,96.07,96.62,96.62,96.62,96.62,96.07,95.53,95.53,95.53,94.99,94.45,94.45,94.45,94.45,94.45,94.45,93.36,93.36,93.36"
Rec-G3_std_1,9,3,1524,core,301,317,11.31,5.1,0.9757,305,319,313,321,1.0,True,97.8837,105.3012,94.4463,2.5328,97.7027,"105.30,103.13,101.50,100.42,99.33,98.25,98.25,97.70,97.16,100.42,99.33,98.25,98.25,97.70,97.16,96.62,96.07,95.53,97.70,97.16,96.62,96.07,95.53,95.53,94.99,94.45,94.45"
Rec-G3_std_1,9,4,1525,core,306,317,0.0,5.0,0.977,310,319,318,321,1.0,True,96.9389,103.1302,93.3608,2.3275,96.6172,"103.13,101.50,100.42,98.79,98.25,97.70,97.16,96.07,95.53,99.33,98.79,98.25,97.70,97.16,96.07,95.53,94.99,94.99,97.16,96.62,96.07,95.53,94.99,94.45,94.45,93.36,93.36"
Rec-G3_std_1,9,5,1526,core,311,317,0.0,5.0,0.9759,315,319,323,321,1.0,True,96.0544,102.0447,92.2753,2.0172,95.5318,"102.04,99.87,98.25,97.70,97.16,96.62,96.07,95.53,95.53,98.25,97.70,96.62,96.62,96.07,95.53,94.99,94.99,94.45,96.07,95.53,94.99,94.99,94.45,94.45,93.36,93.36,92.28"
Rec-G3_std_1,9,6,1527,core,316,317,0.0,5.0,0.9735,320,319,328,321,1.0,True,96.0142,100.4165,93.3608,1.6069,95.5318,"100.42,98.79,98.25,97.70,97.16,96.62,96.62,96.07,95.53,97.70,97.16,96.62,96.07,96.07,95.53,95.53,95.53,94.99,95.53,94.99,94.99,94.45,94.45,94.45,94.45,93.36,93.36"
Rec-G3_std_1,9,7,1528,core,320,317,0.0,4.0,0.9722,324,319,332,321,1.0,True,96.7982,102.0447,94.4463,1.7353,96.6172,"102.04,99.87,98.79,98.25,98.25,97.70,97.70,97.16,97.16,98.25,97.70,97.16,97.16,96.62,96.62,96.07,95.53,95.53,95.53,95.53,95.53,95.53,94.99,94.99,94.99,94.45,94.45"
Rec-G3_std_1,9,8,1529,core,320,317,0.0,0.0,0.9722,324,319,332,321,1.0,True,96.7982,102.0447,94.4463,1.7353,96.6172,"102.04,99.87,98.79,98.25,98.25,97.70,97.70,97.16,97.16,98.25,97.70,97.16,97.16,96.62,96.62,96.07,95.53,95.53,95.53,95.53,95.53,95.53,94.99,94.99,94.99,94.45,94.45"
Rec-G3_std_1,9,9,1530,core,325,317,0.0,5.0,0.973,329,319,337,321,1.0,True,97.1198,101.502,94.4463,1.7031,97.16,"101.50,100.42,99.33,98.79,98.25,98.25,98.25,97.70,97.70,98.25,98.25,97.70,97.16,97.16,96.62,96.62,96.07,96.07,96.07,96.07,95.53,95.53,95.53,94.99,94.99,94.99,94.45"
Rec-G3_std_1,9,10,1531,core,335,317,0.0,10.0,0.9705,339,319,347,321,1.0,True,98.3058,102.0447,95.5318,1.7499,98.2455,"102.04,101.50,100.96,100.42,100.42,99.87,99.33,99.33,98.79,98.79,98.79,98.25,98.25,98.25,98.25,98.25,97.70,97.70,97.16,97.16,96.62,96.62,96.62,96.07,96.07,95.53,95.53"
Rec-G3_std_1,9,11,1532,core,340,316,11.31,5.1,0.9691,344,318,352,320,1.0,True,100.8788,106.3867,97.7027,2.1391,100.9592,"106.39,105.30,103.67,103.13,102.04,102.04,101.50,101.50,100.96,103.13,102.04,101.50,101.50,100.96,100.42,99.87,99.87,99.33,99.87,99.33,99.33,98.79,98.79,98.25,98.25,98.25,97.70"
Rec-G3_std_1,9,12,1533,core,345,316,0.0,5.0,0.97,349,318,357,320,1.0,True,100.2757,106.3867,95.5318,2.5823,99.8737,"106.39,105.30,103.67,103.13,102.04,102.04,100.96,99.87,98.79,103.13,102.04,101.50,100.96,100.42,99.87,98.79,98.25,97.70,99.87,99.33,99.33,98.79,98.25,98.25,97.16,96.07,95.53"
Rec-G3_std_1,9,13,1534,core,349,316,0.0,4.0,0.9723,353,318,361,320,1.0,True,98.4063,108.0149,90.1043,4.1408,98.2455,"108.01,105.30,103.67,102.04,100.96,99.33,98.25,96.07,93.36,103.13,102.04,101.50,99.87,98.79,97.70,96.07,94.45,92.28,99.87,99.33,98.25,97.70,96.62,95.53,94.45,92.28,90.10"
Rec-G3_std_1,9,14,1535,core,354,316,0.0,5.0,0.9748,358,318,366,320,0.5556,False,87.1092,103.6729,74.3647,9.7899,87.9333,"103.67,101.50,98.25,95.53,89.56,81.42,77.62,75.99,74.36,99.87,98.25,96.07,93.36,87.93,80.88,77.62,75.45,74.36,96.62,95.53,93.36,91.19,86.31,80.33,77.08,75.45,74.36"
Rec-G3_std_1,9,15,1536,core,359,316,0.0,5.0,0.9756,363,318,371,320,0.0,False,76.1538,85.2196,73.2792,3.0302,74.9074,"85.22,79.79,77.62,75.99,75.45,74.91,74.36,73.82,73.82,83.05,78.71,77.08,75.99,74.91,74.36,73.82,73.82,73.82,81.42,77.62,75.99,75.45,74.36,73.82,73.82,73.82,73.28"
Rec-G3_std_1,9,16,1537,core,361,316,0.0,2.0,0.9828,365,318,373,320,0.0,False,75.1085,79.7922,73.2792,1.5503,74.3647,"79.79,77.62,75.99,75.99,74.91,74.91,74.36,73.82,73.82,77.62,76.54,75.99,74.91,74.36,74.36,73.82,73.82,73.28,77.08,75.99,75.45,74.36,74.36,73.82,73.82,73.82,73.28"
Rec-G3_std_1,10,1,1667,core,291,318,-90.0,1.0,0.9779,295,320,303,322,1.0,True,94.2051,97.16,89.5616,2.0326,94.4463,"95.53,95.53,96.07,96.62,97.16,97.16,97.16,96.62,96.07,91.73,93.36,93.36,94.45,94.45,94.99,94.99,94.99,94.99,89.56,91.19,91.73,92.28,92.28,92.28,92.28,93.36,93.36"
Rec-G3_std_1,10,2,1668,core,294,318,0.0,3.0,0.9793,298,320,306,322,1.0,True,95.5519,98.7882,93.3608,1.7817,95.5318,"98.79,98.25,98.25,98.25,98.25,97.70,97.16,96.62,96.07,95.53,95.53,95.53,95.53,95.53,95.53,95.53,94.99,94.45,93.36,93.36,93.36,94.45,94.45,93.36,93.36,93.36,93.36"
Rec-G3_std_1,10,3,1669,core,299,317,11.31,5.1,0.9767,303,319,311,321,1.0,True,97.5218,103.6729,93.3608,2.3121,97.16,"103.67,102.04,100.96,99.87,98.79,98.25,97.70,97.16,96.07,99.87,99.33,98.25,98.25,97.70,97.16,96.07,95.53,95.53,97.16,97.16,96.62,96.07,95.53,95.53,94.99,94.45,93.36"
Rec-G3_std_1,10,4,1670,core,304,317,0.0,5.0,0.9758,308,319,316,321,1.0,True,96.6977,103.1302,92.2753,2.2822,96.6172,"103.13,100.96,99.33,98.25,98.25,97.16,96.62,96.07,95.53,99.33,98.25,98.25,97.16,96.62,96.07,95.53,94.99,94.45,97.16,96.62,96.07,95.53,94.99,94.45,94.45,93.36,92.28"
Rec-G3_std_1,10,5,1671,core,308,317,0.0,4.0,0.9752,312,319,320,321,1.0,True,96.3157,103.1302,92.2753,2.3184,95.5318,"103.13,100.96,99.33,98.25,97.70,96.62,96.07,95.53,95.53,98.79,98.25,97.16,96.62,96.07,95.53,95.53,94.99,94.45,96.07,95.53,95.53,94.99,94.45,94.45,93.36,93.36,92.28"
Rec-G3_std_1,10,6,1672,core,313,317,0.0,5.0,0.976,317,319,325,321,1.0,True,95.9137,101.502,93.3608,1.8141,95.5318,"101.50,99.33,98.25,97.16,96.62,96.07,96.07,95.53,95.53,98.25,97.16,96.62,96.07,95.53,95.53,95.53,94.99,94.45,95.53,95.53,94.99,94.45,94.45,94.45,93.36,93.36,93.36"
Rec-G3_std_1,10,7,1673,core,318,317,0.0,5.0,0.976,322,319,330,321,1.0,True,96.1549,100.4165,94.4463,1.4451,95.5318,"100.42,98.79,98.25,97.70,97.16,97.16,96.62,96.07,96.07,97.16,97.16,96.62,96.07,95.53,95.53,95.53,95.53,95.53,95.53,95.53,94.99,94.99,94.45,94.45,94.45,94.45,94.45"
Rec-G3_std_1,10,8,1674,core,323,317,0.0,5.0,0.9747,327,319,335,321,1.0,True,96.758,100.4165,94.4463,1.4742,96.6172,"100.42,99.33,98.79,98.25,98.25,97.70,97.16,97.16,97.16,98.25,97.70,97.16,97.16,96.62,96.62,96.07,96.07,95.53,95.53,95.53,95.53,95.53,95.53,95.53,94.99,94.45,94.45"
Rec-G3_std_1,10,9,1675,core,328,317,0.0,5.0,0.9717,332,319,340,321,1.0,True,97.2002,100.9592,94.989,1.5275,97.16,"100.96,99.87,99.33,98.79,98.25,98.25,98.25,97.70,97.70,98.25,98.25,97.70,97.70,97.16,97.16,96.62,96.07,96.07,96.62,96.07,95.53,95.53,95.53,95.53,95.53,94.99,94.99"
Rec-G3_std_1,10,10,1676,core,332,317,0.0,4.0,0.9706,336,319,344,321,1.0,True,97.9239,102.0447,95.5318,1.6988,97.7027,"102.04,101.50,100.42,99.87,99.33,98.79,98.79,98.25,98.25,98.79,98.79,98.25,98.25,97.70,97.70,97.16,97.16,97.16,97.16,97.16,96.62,96.62,96.07,95.53,95.53,95.53,95.53"
Rec-G3_std_1,10,11,1677,core,337,317,0.0,5.0,0.9709,341,319,349,321,1.0,True,98.4666,102.0447,95.5318,1.6664,98.2455,"102.04,101.50,100.96,100.42,100.42,99.87,99.33,99.33,98.79,99.33,99.33,98.79,98.25,98.25,98.25,98.25,97.70,97.70,97.70,97.16,97.16,97.16,96.62,96.62,96.07,96.07,95.53"
Rec-G3_std_1,10,12,1678,core,342,316,11.31,5.1,0.9715,346,318,354,320,1.0,True,100.6778,107.4722,96.6172,2.3927,100.4165,"107.47,105.30,103.67,103.13,102.04,102.04,101.50,100.96,100.42,103.13,102.04,101.50,100.96,100.42,99.87,99.33,99.33,98.79,99.87,99.33,99.33,98.79,98.25,98.25,98.25,97.70,96.62"
Rec-G3_std_1,10,13,1679,core,347,316,0.0,5.0,0.9733,351,318,359,320,1.0,True,99.2908,106.9294,93.3608,3.1988,99.331,"106.93,105.30,103.13,102.04,101.50,100.42,99.33,98.25,96.62,103.13,102.04,101.50,100.42,99.33,98.25,97.70,96.07,94.99,99.87,99.33,98.79,98.25,97.70,96.62,95.53,94.45,93.36"
Rec-G3_std_1,10,14,1680,core,352,316,0.0,5.0,0.9738,356,318,364,320,0.7778,False,91.7728,104.2157,75.9929,8.3977,94.4463,"104.22,102.04,100.42,98.25,96.62,94.45,88.48,80.88,76.54,100.96,99.33,98.25,96.62,94.99,92.28,87.39,79.79,76.54,98.25,97.16,95.53,94.45,92.28,90.65,85.76,79.79,75.99"
Rec-G3_std_1,10,15,1681,core,356,316,0.0,4.0,0.9734,360,318,368,320,0.3333,False,82.3853,102.0447,73.822,9.0256,77.6212,"102.04,98.25,91.19,83.05,78.16,75.99,75.45,74.36,73.82,97.70,94.99,89.56,81.96,77.62,75.99,74.91,74.36,73.82,94.45,92.28,87.39,80.88,77.62,75.99,74.91,73.82,73.82"
Rec-G3_std_1,10,16,1682,core,361,316,0.0,5.0,0.977,365,318,373,320,0.0,False,75.0482,79.7922,73.2792,1.5393,74.3647,"79.79,77.62,75.99,75.45,74.91,74.36,73.82,73.82,73.82,77.62,75.99,75.99,74.91,74.36,74.36,73.82,73.82,73.28,77.08,75.99,75.45,74.91,74.36,73.82,73.82,73.82,73.28"
Rec-G3_std_1,11,1,1820,core,291,317,180.0,1.0,0.9778,295,319,303,321,1.0,True,96.1549,99.8737,91.7325,2.1594,96.0745,"99.87,99.33,98.79,98.79,98.79,98.79,98.25,98.25,97.70,94.99,95.53,95.53,96.07,96.62,96.62,96.62,96.07,95.53,91.73,92.28,93.36,94.45,94.45,94.45,94.45,94.45,94.45"
Rec-G3_std_1,11,2,1821,core,294,318,-18.43,3.16,0.9781,298,320,306,322,1.0,True,95.0895,98.2455,92.2753,1.7605,95.5318,"98.25,98.25,98.25,97.70,97.16,96.62,96.07,95.53,95.53,95.53,95.53,95.53,95.53,95.53,94.99,94.45,94.45,94.45,93.36,93.36,93.36,93.36,93.36,93.36,93.36,92.28,92.28"
Rec-G3_std_1,11,3,1822,core,298,317,14.04,4.12,0.9756,302,319,310,321,1.0,True,97.2806,105.3012,93.3608,2.5599,96.6172,"105.30,102.04,100.96,99.33,98.79,98.25,97.16,96.62,96.07,99.87,98.79,98.25,97.70,97.16,96.62,95.53,95.53,94.99,96.62,96.62,96.07,95.53,95.53,94.99,94.45,94.45,93.36"
Rec-G3_std_1,11,4,1823,core,303,317,0.0,5.0,0.977,307,319,315,321,1.0,True,96.6374,103.1302,93.3608,2.2426,96.0745,"103.13,100.96,99.87,98.79,98.25,97.16,96.62,95.53,95.53,98.79,98.25,97.70,97.16,96.07,96.07,95.53,94.99,94.45,96.62,96.07,95.53,95.53,94.99,94.45,94.45,93.36,93.36"
Rec-G3_std_1,11,5,1824,core,308,317,0.0,5.0,0.9772,312,319,320,321,1.0,True,95.6926,101.502,92.2753,2.0671,95.5318,"101.50,99.33,98.25,97.70,96.62,96.07,95.53,94.99,94.45,98.25,97.70,96.62,96.07,95.53,94.99,94.45,94.45,94.45,96.07,95.53,94.99,94.45,94.45,93.36,93.36,92.28,92.28"
Rec-G3_std_1,11,6,1825,core,313,317,0.0,5.0,0.9755,317,319,325,321,1.0,True,95.4514,99.8737,93.3608,1.5187,95.5318,"99.87,98.25,97.70,96.62,96.07,95.53,95.53,95.53,95.53,97.16,96.62,96.07,95.53,95.53,94.99,94.99,94.45,94.45,94.99,94.99,94.45,94.45,94.45,93.36,93.36,93.36,93.36"
Rec-G3_std_1,11,7,1826,core,317,317,0.0,4.0,0.9731,321,319,329,321,1.0,True,96.2755,100.9592,94.4463,1.5503,96.0745,"100.96,99.33,98.25,97.70,97.70,97.16,96.62,96.07,96.07,97.70,97.16,96.62,96.07,96.07,95.53,95.53,95.53,95.53,95.53,95.53,94.99,94.99,94.99,94.45,94.45,94.45,94.45"
Rec-G3_std_1,11,8,1827,core,322,317,0.0,5.0,0.9733,326,319,334,321,1.0,True,96.8786,101.502,94.4463,1.5866,96.6172,"101.50,99.87,98.79,98.25,98.25,97.70,97.70,97.16,97.16,98.25,97.70,97.16,97.16,96.62,96.62,96.07,96.07,96.07,95.53,95.53,95.53,95.53,95.53,95.53,94.99,94.99,94.45"
Rec-G3_std_1,11,9,1828,core,327,317,0.0,5.0,0.9736,331,319,339,321,1.0,True,97.6223,101.502,95.5318,1.5542,97.7027,"101.50,100.42,99.33,99.33,98.79,98.79,98.79,98.25,98.25,98.25,98.25,98.25,97.70,97.70,97.70,97.70,97.16,97.16,96.62,96.07,96.07,96.07,95.53,95.53,95.53,95.53,95.53"
Rec-G3_std_1,11,10,1829,core,332,317,0.0,5.0,0.9721,336,319,344,321,1.0,True,98.7078,102.0447,96.6172,1.5401,98.2455,"102.04,101.50,100.96,100.42,100.42,99.87,99.87,99.87,99.87,99.33,99.33,98.79,98.25,98.25,98.25,98.25,98.25,98.25,97.70,97.70,97.16,97.16,97.16,96.62,96.62,96.62,96.62"
Rec-G3_std_1,11,11,1830,core,337,317,0.0,5.0,0.9705,341,319,349,321,1.0,True,99.4114,103.1302,96.6172,1.7769,99.331,"103.13,102.04,102.04,102.04,101.50,100.96,100.42,100.42,99.87,100.42,100.42,99.87,99.87,99.33,98.79,98.79,98.25,98.25,98.25,98.25,98.25,97.70,97.70,97.16,97.16,96.62,96.62"
Rec-G3_std_1,11,12,1831,core,342,316,11.31,5.1,0.9699,346,318,354,320,1.0,True,101.0999,106.9294,97.16,2.3055,100.9592,"106.93,105.30,104.22,103.13,103.13,102.04,102.04,101.50,100.96,103.13,103.13,102.04,101.50,100.96,100.42,99.87,99.87,98.79,100.96,100.42,99.87,99.33,98.79,98.25,98.25,97.70,97.16"
Rec-G3_std_1,11,13,1832,core,346,316,0.0,4.0,0.9716,350,318,358,320,1.0,True,100.7582,109.1004,94.989,3.2603,100.4165,"109.10,106.93,105.30,103.67,103.13,102.04,100.96,99.87,98.25,104.22,103.13,102.04,102.04,100.96,99.87,98.79,98.25,96.62,100.96,100.42,99.87,99.33,98.79,98.25,97.16,95.53,94.99"
Rec-G3_std_1,11,14,1833,core,351,316,0.0,5.0,0.9744,355,318,363,320,0.8889,False,95.1699,106.9294,79.7922,7.1272,97.16,"106.93,105.30,103.13,100.96,99.33,97.70,94.99,89.02,80.88,102.04,100.96,99.87,98.25,97.16,95.53,93.36,87.93,80.33,99.33,98.25,97.16,96.07,94.99,93.36,91.19,85.76,79.79"
Rec-G3_std_1,11,15,1834,core,356,316,0.0,5.0,0.9763,360,318,368,320,0.3333,False,82.325,102.0447,73.822,9.0999,77.6212,"102.04,97.70,91.19,83.05,78.16,75.99,74.91,74.36,73.82,98.25,94.99,89.56,81.42,77.62,75.99,74.91,73.82,73.82,94.99,92.28,87.39,80.88,77.08,75.99,74.91,73.82,73.82"
Rec-G3_std_1,11,16,1835,core,360,316,0.0,4.0,0.9777,364,318,372,320,0.0,False,75.6311,82.5059,73.2792,2.196,74.9074,"82.51,78.71,77.08,75.99,75.45,74.91,74.36,73.82,73.82,79.79,77.62,75.99,75.45,74.91,74.36,73.82,73.82,73.82,78.71,77.08,75.99,74.91,74.36,73.82,73.82,73.82,73.28"
Rec-G3_std_1,12,1,1969,core,291,317,180.0,1.0,0.9791,295,319,303,321,1.0,True,95.8333,99.331,91.1898,2.0326,95.5318,"99.33,98.25,98.25,98.25,98.25,98.25,98.25,97.70,97.16,94.45,95.53,95.53,96.07,96.62,96.07,96.07,95.53,95.53,91.19,92.28,93.36,94.45,94.45,94.45,94.45,94.45,93.36"
Rec-G3_std_1,12,2,1970,core,293,318,-26.57,2.24,0.9802,297,320,305,322,1.0,True,94.7277,97.7027,92.2753,1.7749,94.989,"97.70,97.70,97.70,97.16,97.16,96.62,96.07,95.53,95.53,94.45,94.99,94.99,94.99,94.99,94.99,94.45,94.45,93.36,92.28,92.28,93.36,93.36,93.36,93.36,92.28,92.28,92.28"
Rec-G3_std_1,12,3,1971,core,298,317,11.31,5.1,0.9766,302,319,310,321,1.0,True,96.758,103.1302,93.3608,2.2088,96.0745,"103.13,100.96,99.87,98.79,98.25,97.70,97.16,96.62,96.07,98.79,98.25,97.70,97.16,96.62,95.53,95.53,95.53,94.99,96.07,96.07,95.53,95.53,94.99,94.45,94.45,93.36,93.36"
Rec-G3_std_1,12,4,1972,core,303,317,0.0,5.0,0.975,307,319,315,321,1.0,True,96.3157,102.0447,93.3608,1.9782,96.0745,"102.04,99.87,98.79,98.25,97.70,97.16,96.62,96.07,95.53,98.25,97.70,97.16,96.62,96.07,96.07,95.53,94.99,94.99,96.07,95.53,95.53,94.99,94.45,94.45,93.36,93.36,93.36"
Rec-G3_std_1,12,5,1973,core,307,317,0.0,4.0,0.977,311,319,319,321,1.0,True,96.5972,102.0447,93.3608,2.0811,96.0745,"102.04,100.96,99.33,98.25,98.25,97.70,96.62,96.07,95.53,98.79,98.25,97.70,97.16,96.62,96.07,95.53,94.99,94.99,96.07,96.07,95.53,94.99,94.99,94.45,94.45,93.36,93.36"
Rec-G3_std_1,12,6,1974,core,312,317,0.0,5.0,0.9771,316,319,324,321,1.0,True,96.4363,102.0447,93.3608,1.8509,96.0745,"102.04,99.87,98.79,98.25,97.70,97.16,96.62,96.62,96.07,98.25,97.70,97.16,96.62,96.07,95.53,95.53,95.53,94.99,95.53,95.53,95.53,94.99,94.99,94.45,94.45,94.45,93.36"
Rec-G3_std_1,12,7,1975,core,317,317,0.0,5.0,0.9763,321,319,329,321,1.0,True,96.6172,100.9592,94.4463,1.5563,96.6172,"100.96,99.33,98.79,98.25,97.70,97.70,97.16,97.16,96.62,98.25,97.16,97.16,96.62,96.62,96.07,96.07,95.53,95.53,95.53,95.53,95.53,95.53,95.53,94.99,94.45,94.45,94.45"
Rec-G3_std_1,12,8,1976,core,322,317,0.0,5.0,0.9745,326,319,334,321,1.0,True,97.4213,101.502,95.5318,1.5019,97.7027,"101.50,99.87,99.33,98.79,98.79,98.25,98.25,98.25,98.25,98.25,98.25,97.70,97.70,97.70,97.16,97.16,96.62,96.62,96.07,96.07,96.07,96.07,95.53,95.53,95.53,95.53,95.53"
Rec-G3_std_1,12,9,1977,core,326,317,0.0,4.0,0.9724,330,319,338,321,1.0,True,98.4264,103.1302,95.5318,1.791,98.2455,"103.13,102.04,100.96,100.42,99.87,99.33,99.33,98.79,98.25,99.87,99.33,98.79,98.25,98.25,98.25,97.70,97.70,97.16,97.70,97.16,97.16,97.16,96.62,96.62,96.07,96.07,95.53"
Rec-G3_std_1,12,10,1978,core,331,317,0.0,5.0,0.9727,335,319,343,321,1.0,True,98.7681,103.1302,96.0745,1.6938,98.2455,"103.13,102.04,101.50,100.42,99.87,99.87,99.33,99.33,99.33,99.87,99.33,99.33,98.79,98.25,98.25,98.25,98.25,98.25,98.25,97.70,97.70,97.16,96.62,96.62,96.62,96.62,96.07"
Rec-G3_std_1,12,11,1979,core,336,317,0.0,5.0,0.9725,340,319,348,321,1.0,True,99.331,103.1302,96.6172,1.7099,99.331,"103.13,102.04,102.04,101.50,100.96,100.96,100.42,100.42,99.87,100.42,99.87,99.87,99.33,99.33,98.79,98.79,98.25,98.25,98.25,98.25,97.70,97.70,97.70,97.70,97.16,96.62,96.62"
Rec-G3_std_1,12,12,1980,core,341,316,11.31,5.1,0.9724,345,318,353,320,1.0,True,101.321,107.4722,97.7027,2.2108,100.9592,"107.47,105.30,104.22,103.13,103.13,102.04,102.04,101.50,100.96,103.13,103.13,102.04,102.04,101.50,100.96,100.42,99.87,99.33,100.96,100.42,99.87,99.87,99.33,98.79,98.25,98.25,97.70"
Rec-G3_std_1,12,13,1981,core,346,316,0.0,5.0,0.9731,350,318,358,320,1.0,True,100.135,107.4722,94.4463,2.9704,99.8737,"107.47,105.30,104.22,103.13,102.04,101.50,100.42,99.33,98.25,103.13,102.04,102.04,101.50,100.42,99.33,98.25,97.70,96.07,100.42,99.87,99.87,98.79,98.25,97.70,96.62,95.53,94.45"
Rec-G3_std_1,12,14,1982,core,351,316,0.0,5.0,0.9727,355,318,363,320,0.8889,False,94.4463,105.3012,78.7067,7.0425,96.6172,"105.30,103.13,102.04,99.87,98.25,96.62,94.45,87.93,80.33,102.04,100.42,99.33,98.25,96.62,94.99,92.28,86.85,79.79,98.79,98.25,97.16,95.53,94.45,92.28,90.65,85.76,78.71"
Rec-G3_std_1,12,15,1983,core,355,316,0.0,4.0,0.9745,359,318,367,320,0.4444,False,84.6769,103.1302,73.822,9.8051,80.8776,"103.13,99.87,96.62,90.65,81.96,77.62,75.99,74.36,73.82,98.79,97.16,94.45,89.02,80.88,77.62,75.99,74.36,73.82,95.53,94.45,91.73,87.39,80.33,77.08,75.45,74.36,73.82"
Rec-G3_std_1,12,16,1984,core,360,316,0.0,5.0,0.9781,364,318,372,320,0.0,False,75.3698,81.4204,73.2792,2.0345,74.9074,"81.42,78.16,76.54,75.99,74.91,74.36,73.82,73.82,73.28,79.79,77.08,75.99,75.45,74.91,74.36,73.82,73.82,73.28,78.16,76.54,75.45,74.91,74.36,73.82,73.82,73.82,73.28"
Rec-G3_std_1,13,1,2122,core,292,318,-45.0,1.41,0.9773,296,320,304,322,1.0,True,94.4865,97.16,91.1898,1.8207,94.4463,"95.53,96.07,96.62,97.16,97.16,97.16,97.16,96.07,96.07,93.36,94.45,94.45,94.99,94.99,94.99,94.99,94.45,94.45,91.19,91.73,92.28,92.28,93.36,93.36,92.28,92.28,92.28"
Rec-G3_std_1,13,2,2123,core,296,318,0.0,4.0,0.9769,300,320,308,322,1.0,True,95.572,99.331,92.2753,1.8147,95.5318,"99.33,98.79,98.25,98.25,97.70,97.16,96.62,96.07,95.53,96.07,96.07,96.07,96.07,95.53,95.53,94.99,94.45,94.45,94.45,94.45,94.45,94.45,94.45,93.36,93.36,92.28,92.28"
Rec-G3_std_1,13,3,2124,core,301,317,11.31,5.1,0.976,305,319,313,321,1.0,True,97.0595,103.1302,93.3608,2.2307,96.6172,"103.13,101.50,100.42,99.33,98.25,97.70,97.16,96.62,95.53,99.33,98.79,98.25,97.16,97.16,96.07,95.53,95.53,94.99,97.16,96.62,96.07,95.53,95.53,94.99,94.45,94.45,93.36"
Rec-G3_std_1,13,4,2125,core,305,317,0.0,4.0,0.9765,309,319,317,321,1.0,True,96.8183,103.6729,92.2753,2.5162,96.0745,"103.67,102.04,99.87,98.79,98.25,97.70,96.62,96.07,95.53,99.87,98.79,98.25,97.70,96.62,96.07,95.53,94.99,94.45,96.62,96.07,95.53,95.53,94.99,94.45,94.45,93.36,92.28"
Rec-G3_std_1,13,5,2126,core,310,317,0.0,5.0,0.977,314,319,322,321,1.0,True,95.974,102.0447,93.3608,2.0417,95.5318,"102.04,99.87,98.79,97.70,97.16,96.07,95.53,95.53,95.53,98.25,97.70,97.16,96.07,95.53,95.53,94.99,94.99,94.45,95.53,95.53,94.99,94.45,94.45,93.36,93.36,93.36,93.36"
Rec-G3_std_1,13,6,2127,core,315,317,0.0,5.0,0.9764,319,319,327,321,1.0,True,96.175,100.4165,94.4463,1.4476,96.0745,"100.42,98.79,98.25,97.70,97.16,96.62,96.62,96.07,96.07,97.70,97.16,96.62,96.07,96.07,95.53,95.53,95.53,95.53,95.53,95.53,94.99,94.99,94.45,94.45,94.45,94.45,94.45"
Rec-G3_std_1,13,7,2128,core,320,317,0.0,5.0,0.9747,324,319,332,321,1.0,True,96.7982,100.4165,94.989,1.4322,96.6172,"100.42,99.33,98.79,98.25,98.25,97.70,97.70,97.70,97.16,97.70,97.70,97.16,97.16,96.62,96.07,96.07,96.07,96.07,95.53,95.53,95.53,95.53,95.53,94.99,94.99,94.99,94.99"
Rec-G3_std_1,13,8,2129,core,325,317,0.0,5.0,0.9726,329,319,337,321,1.0,True,97.7429,100.9592,95.5318,1.4692,98.2455,"100.96,99.87,99.87,99.33,99.33,99.33,98.79,98.25,98.25,98.25,98.25,98.25,98.25,98.25,97.70,97.70,97.16,97.16,96.62,96.07,96.07,96.07,96.07,96.07,96.07,95.53,95.53"
Rec-G3_std_1,13,9,2130,core,329,317,0.0,4.0,0.9726,333,319,341,321,1.0,True,98.7681,103.1302,96.0745,1.7508,98.7882,"103.13,102.04,101.50,100.96,100.42,99.87,99.33,99.33,98.79,99.87,99.33,99.33,98.79,98.79,98.25,98.25,98.25,97.70,97.70,97.70,97.70,97.16,97.16,96.62,96.62,96.07,96.07"
Rec-G3_std_1,13,10,2131,core,334,317,0.0,5.0,0.9722,338,319,346,321,1.0,True,99.3712,103.1302,97.16,1.6311,99.331,"103.13,102.04,101.50,101.50,100.96,100.96,100.96,100.42,100.42,99.87,99.87,99.33,99.33,99.33,98.79,98.79,98.79,98.25,98.25,98.25,98.25,97.70,97.70,97.16,97.16,97.16,97.16"
Rec-G3_std_1,13,11,2132,core,339,316,11.31,5.1,0.9715,343,318,351,320,1.0,True,102.0849,108.0149,98.7882,2.1605,102.0447,"108.01,106.39,105.30,103.67,103.67,103.13,103.13,102.04,102.04,103.67,103.13,103.13,102.04,102.04,102.04,101.50,100.96,100.96,100.96,100.96,100.42,100.42,99.87,99.87,99.33,98.79,98.79"
Rec-G3_std_1,13,12,2133,core,344,316,0.0,5.0,0.9731,348,318,356,320,1.0,True,101.7633,108.5576,97.16,2.5301,101.502,"108.56,106.39,105.30,104.22,103.67,103.13,102.04,101.50,100.42,104.22,103.13,103.13,102.04,102.04,101.50,100.96,99.87,98.79,101.50,100.96,100.42,100.42,99.87,99.33,98.79,98.25,97.16"
Rec-G3_std_1,13,13,2134,core,349,316,0.0,5.0,0.9732,353,318,361,320,1.0,True,98.9893,108.0149,90.6471,4.2791,99.331,"108.01,105.84,104.22,103.13,101.50,99.87,98.25,96.07,94.45,104.22,103.13,102.04,100.96,99.33,98.25,96.62,94.99,92.28,101.50,100.42,99.33,98.25,97.16,95.53,94.45,92.28,90.65"
Rec-G3_std_1,13,14,2135,core,353,316,0.0,4.0,0.9739,357,318,365,320,0.6667,False,90.0641,106.3867,74.9074,9.9672,93.3608,"106.39,103.13,100.42,98.25,95.53,89.56,80.88,77.08,74.91,102.04,99.87,98.25,96.07,93.36,87.93,80.88,77.08,74.91,98.79,97.70,95.53,94.45,91.19,86.31,79.79,76.54,74.91"
Rec-G3_std_1,13,15,2136,core,358,316,0.0,5.0,0.977,362,318,370,320,0.1111,False,77.6011,94.4463,73.2792,5.5654,74.9074,"94.45,84.13,78.71,76.54,75.45,74.36,73.82,73.82,73.82,90.65,82.51,78.16,76.54,74.91,74.36,73.82,73.82,73.28,87.93,80.88,77.62,75.99,74.91,73.82,73.82,73.82,73.28"
Rec-G3_std_1,13,16,2137,core,361,316,0.0,3.0,0.9825,365,318,373,320,0.0,False,74.8874,79.7922,72.7365,1.6348,74.3647,"79.79,77.62,75.99,75.45,74.91,74.36,73.82,73.82,73.28,77.62,75.99,75.45,74.91,74.36,73.82,73.82,73.28,73.28,77.08,75.99,75.45,74.36,73.82,73.82,73.82,73.28,72.74"
Rec-G3_std_1,14,1,2267,core,292,318,-45.0,1.41,0.9796,296,320,304,322,1.0,True,95.1699,98.2455,91.1898,1.8917,94.989,"96.62,97.70,97.70,98.25,97.70,97.70,97.70,96.62,96.62,94.45,94.99,94.99,95.53,95.53,95.53,95.53,94.99,94.45,91.19,92.28,93.36,93.36,93.36,93.36,93.36,93.36,93.36"
Rec-G3_std_1,14,2,2268,core,296,318,0.0,4.0,0.9752,300,320,308,322,1.0,True,96.1951,100.9592,92.2753,2.0803,95.5318,"100.96,100.42,99.33,98.79,98.25,97.70,97.16,96.62,95.53,97.16,97.16,97.16,96.62,96.07,95.53,95.53,94.99,94.45,94.99,94.99,94.99,94.99,94.45,94.45,93.36,93.36,92.28"
Rec-G3_std_1,14,3,2269,core,301,317,11.31,5.1,0.9773,305,319,313,321,1.0,True,97.5821,105.3012,93.3608,2.5342,97.16,"105.30,102.04,100.96,99.87,98.79,98.25,97.70,97.16,96.07,100.42,99.33,98.25,98.25,97.70,96.62,96.07,95.53,95.53,97.70,97.16,96.62,96.07,95.53,95.53,94.45,94.45,93.36"
Rec-G3_std_1,14,4,2270,core,306,317,0.0,5.0,0.9782,310,319,318,321,1.0,True,96.6575,103.1302,93.3608,2.2301,96.0745,"103.13,100.96,99.33,98.25,98.25,97.16,96.62,95.53,95.53,99.33,98.25,98.25,97.16,96.62,96.07,95.53,94.99,94.45,96.62,96.07,95.53,95.53,94.99,94.45,94.45,93.36,93.36"
Rec-G3_std_1,14,5,2271,core,311,317,0.0,5.0,0.9769,315,319,323,321,1.0,True,95.8735,100.9592,93.3608,1.81,95.5318,"100.96,99.33,98.25,97.70,96.62,96.07,95.53,95.53,95.53,98.25,97.70,96.62,96.07,95.53,95.53,94.99,94.45,94.45,95.53,95.53,94.99,94.45,94.45,94.45,93.36,93.36,93.36"
Rec-G3_std_1,14,6,2272,core,316,317,0.0,5.0,0.9742,320,319,328,321,1.0,True,96.175,99.8737,94.4463,1.3622,95.5318,"99.87,98.79,98.25,97.70,97.16,96.62,96.62,96.07,95.53,97.70,97.16,96.62,96.07,96.07,95.53,95.53,95.53,95.53,95.53,95.53,95.53,94.99,94.99,94.45,94.45,94.45,94.45"
Rec-G3_std_1,14,7,2273,core,320,317,0.0,4.0,0.9737,324,319,332,321,1.0,True,97.0997,101.502,94.989,1.4943,96.6172,"101.50,99.87,98.79,98.25,98.25,98.25,97.70,97.70,97.70,98.25,97.70,97.70,97.16,96.62,96.62,96.62,96.62,96.07,96.07,96.07,95.53,95.53,95.53,95.53,95.53,95.53,94.99"
Rec-G3_std_1,14,8,2274,core,325,317,0.0,5.0,0.9742,329,319,337,321,1.0,True,98.0646,102.0447,95.5318,1.5772,98.2455,"102.04,100.96,100.42,99.87,99.33,99.33,98.79,98.79,98.25,98.79,98.25,98.25,98.25,98.25,98.25,97.70,97.70,97.70,96.62,96.62,96.62,96.62,96.62,96.07,96.07,96.07,95.53"
Rec-G3_std_1,14,9,2275,core,330,317,0.0,5.0,0.9734,334,319,342,321,1.0,True,99.0093,103.1302,96.6172,1.6333,98.7882,"103.13,102.04,101.50,100.96,100.42,99.87,99.87,99.87,99.87,99.87,99.33,99.33,99.33,98.79,98.25,98.25,98.25,98.25,98.25,97.70,97.70,97.70,97.16,97.16,97.16,96.62,96.62"
Rec-G3_std_1,14,10,2276,core,335,317,0.0,5.0,0.9722,339,319,347,321,1.0,True,99.9541,103.1302,97.7027,1.5472,99.8737,"103.13,102.04,102.04,102.04,102.04,101.50,101.50,100.96,100.96,100.42,100.42,100.42,99.87,99.87,99.87,99.33,99.33,99.33,98.25,98.25,98.25,98.25,98.25,98.25,98.25,98.25,97.70"
Rec-G3_std_1,14,11,2277,core,340,316,11.31,5.1,0.9705,344,318,352,320,1.0,True,102.6076,108.0149,99.331,1.9456,102.0447,"108.01,105.84,105.30,104.22,104.22,103.67,103.13,103.13,102.04,104.22,103.67,103.13,103.13,103.13,102.04,102.04,101.50,101.50,102.04,101.50,101.50,101.50,100.96,100.42,99.87,99.33,99.33"
Rec-G3_std_1,14,12,2278,core,345,316,0.0,5.0,0.971,349,318,357,320,1.0,True,102.0447,108.5576,96.6172,2.7117,102.0447,"108.56,106.93,105.84,105.30,103.67,103.13,102.04,101.50,100.42,105.30,103.67,103.13,103.13,102.04,102.04,100.96,99.87,98.25,102.04,101.50,100.96,100.96,100.42,99.87,98.79,98.25,96.62"
Rec-G3_std_1,14,13,2279,core,349,316,0.0,4.0,0.9737,353,318,361,320,1.0,True,99.7933,109.6431,90.6471,4.569,100.4165,"109.64,107.47,105.30,103.67,102.04,100.96,98.79,96.62,94.45,105.30,104.22,103.13,101.50,100.42,98.79,97.16,95.53,92.28,102.04,101.50,100.42,99.33,98.25,96.62,94.99,93.36,90.65"
Rec-G3_std_1,14,14,2280,core,354,316,0.0,5.0,0.9761,358,318,366,320,0.5556,False,87.5112,105.3012,73.822,10.4768,88.4761,"105.30,102.04,99.33,96.07,89.56,81.42,77.62,75.45,73.82,101.50,99.33,97.16,94.45,88.48,80.88,77.08,75.45,73.82,98.25,96.62,94.45,92.28,86.85,80.33,76.54,74.91,73.82"
Rec-G3_std_1,14,15,2281,core,359,316,0.0,5.0,0.9768,363,318,371,320,0.0,False,75.9125,84.6769,73.2792,3.0549,74.9074,"84.68,79.79,77.08,75.99,74.91,74.36,73.82,73.82,73.28,83.05,78.71,76.54,75.45,74.91,73.82,73.82,73.82,73.28,81.42,77.62,75.99,74.91,74.36,73.82,73.82,73.28,73.28"
Rec-G3_std_1,14,16,2282,core,361,316,0.0,2.0,0.9838,365,318,373,320,0.0,False,74.7064,78.7067,72.7365,1.5075,74.3647,"78.71,77.08,75.99,75.45,74.36,73.82,73.82,73.82,73.28,77.62,75.99,75.45,74.91,74.36,73.82,73.82,73.28,73.28,76.54,75.99,74.91,74.36,73.82,73.82,73.28,72.74,72.74"
Rec-G3_std_1,15,1,2412,core,291,317,180.0,1.0,0.9788,295,319,303,321,1.0,True,97.0796,100.4165,92.2753,2.1237,97.16,"100.42,99.33,99.33,99.33,99.33,99.87,99.87,99.33,98.79,95.53,95.53,96.62,97.16,97.70,97.70,97.70,97.70,97.16,92.28,93.36,94.45,94.99,95.53,95.53,95.53,95.53,95.53"
Rec-G3_std_1,15,2,2413,core,293,318,-26.57,2.24,0.9766,297,320,305,322,1.0,True,95.8534,98.2455,92.2753,1.6988,95.5318,"98.25,98.25,98.25,98.25,98.25,98.25,97.70,97.16,96.62,95.53,95.53,95.53,96.07,96.07,96.07,95.53,95.53,95.53,92.28,93.36,94.45,94.45,94.45,94.45,94.45,94.45,93.36"
Rec-G3_std_1,15,3,2414,core,297,317,14.04,4.12,0.9762,301,319,309,321,1.0,True,98.5269,105.8439,94.4463,2.5601,98.2455,"105.84,103.67,102.04,100.96,100.42,99.33,98.25,98.25,97.70,100.96,100.42,99.33,98.79,98.25,98.25,97.16,96.62,96.07,97.70,97.70,97.70,97.16,96.62,96.07,95.53,94.99,94.45"
Rec-G3_std_1,15,4,2415,core,302,317,0.0,5.0,0.9776,306,319,314,321,1.0,True,97.6223,104.2157,93.3608,2.3942,97.16,"104.22,102.04,100.96,99.87,98.79,98.25,97.70,96.62,96.07,100.42,99.33,98.79,98.25,97.70,97.16,96.62,95.53,95.53,98.25,97.16,96.62,96.07,95.53,95.53,94.99,94.45,93.36"
Rec-G3_std_1,15,5,2416,core,307,317,0.0,5.0,0.9769,311,319,319,321,1.0,True,96.5972,102.0447,93.3608,2.0494,96.0745,"102.04,100.42,99.33,98.25,97.70,97.16,96.07,96.07,95.53,99.33,98.25,98.25,97.16,96.62,95.53,95.53,94.99,94.99,96.62,96.62,95.53,95.53,94.99,94.45,94.45,93.36,93.36"
Rec-G3_std_1,15,6,2417,core,312,317,0.0,5.0,0.9751,316,319,324,321,1.0,True,96.3559,101.502,93.3608,1.7439,96.0745,"101.50,99.33,98.25,98.25,97.70,97.16,96.62,96.07,96.07,98.25,97.70,97.16,96.62,96.07,95.53,95.53,95.53,95.53,96.07,95.53,94.99,94.99,94.45,94.45,94.45,94.45,93.36"
Rec-G3_std_1,15,7,2418,core,316,317,0.0,4.0,0.9744,320,319,328,321,1.0,True,97.16,102.0447,94.989,1.6712,97.16,"102.04,100.42,99.33,98.79,98.25,98.25,97.70,97.70,97.16,98.25,98.25,97.70,97.16,97.16,96.62,96.62,96.07,96.07,96.07,96.07,95.53,95.53,95.53,95.53,95.53,94.99,94.99"
Rec-G3_std_1,15,8,2419,core,321,317,0.0,5.0,0.9741,325,319,333,321,1.0,True,97.743,102.0447,95.5318,1.5767,97.7027,"102.04,100.96,99.87,99.33,98.79,98.25,98.25,98.25,98.25,98.79,98.25,98.25,97.70,97.70,97.70,97.70,97.16,97.16,96.62,96.62,96.62,96.07,96.07,96.07,95.53,95.53,95.53"
Rec-G3_std_1,15,9,2420,core,326,317,0.0,5.0,0.9739,330,319,338,321,1.0,True,98.4264,102.0447,96.0745,1.5064,98.2455,"102.04,101.50,100.42,99.87,99.87,99.33,99.33,98.79,98.79,99.33,99.33,98.79,98.25,98.25,98.25,98.25,98.25,97.70,97.70,97.16,97.16,97.16,96.62,96.62,96.62,96.07,96.07"
Rec-G3_std_1,15,10,2421,core,331,317,0.0,5.0,0.9721,335,319,343,321,1.0,True,99.1702,103.1302,97.16,1.5828,98.7882,"103.13,102.04,101.50,100.96,100.42,100.42,99.87,99.87,99.87,100.42,99.87,99.33,99.33,98.79,98.79,98.79,98.25,98.25,98.25,98.25,97.70,97.70,97.16,97.16,97.16,97.16,97.16"
Rec-G3_std_1,15,11,2422,core,336,317,0.0,5.0,0.9699,340,319,348,321,1.0,True,100.0145,103.1302,98.2455,1.5322,99.8737,"103.13,102.04,102.04,102.04,102.04,101.50,101.50,100.96,100.96,100.96,100.42,100.42,100.42,99.87,99.87,99.33,99.33,99.33,98.25,98.25,98.25,98.25,98.25,98.25,98.25,98.25,98.25"
Rec-G3_std_1,15,12,2423,core,341,316,11.31,5.1,0.9693,345,318,353,320,1.0,True,102.4669,108.0149,98.7882,2.0803,102.0447,"108.01,106.39,105.30,105.30,103.67,103.13,103.13,102.04,102.04,104.22,103.67,103.13,103.13,102.04,102.04,102.04,100.96,100.42,102.04,101.50,101.50,101.50,100.96,100.42,99.87,99.33,98.79"
Rec-G3_std_1,15,13,2424,core,345,316,0.0,4.0,0.9722,349,318,357,320,1.0,True,102.3261,110.7286,96.6172,3.1625,102.0447,"110.73,108.01,106.39,105.30,104.22,103.13,102.04,100.96,99.87,105.84,105.30,103.67,103.13,102.04,102.04,100.96,99.33,98.25,103.13,102.04,101.50,101.50,100.42,99.87,98.79,97.70,96.62"
Rec-G3_std_1,15,14,2425,core,350,316,0.0,5.0,0.9747,354,318,362,320,1.0,True,97.5017,108.5576,85.2196,5.7347,98.2455,"108.56,105.84,103.67,102.04,100.42,98.25,96.62,94.45,87.93,104.22,103.13,101.50,99.87,98.25,96.62,94.99,92.28,86.31,101.50,100.42,98.79,98.25,96.07,94.99,92.28,90.10,85.22"
Rec-G3_std_1,15,15,2426,core,355,316,0.0,5.0,0.9758,359,318,367,320,0.4444,False,84.4356,103.1302,73.2792,10.0124,80.8776,"103.13,99.87,96.62,90.10,81.42,77.62,75.45,73.82,73.28,99.33,97.16,94.45,87.93,80.88,77.08,75.45,73.82,73.82,96.07,94.45,92.28,86.31,80.33,76.54,74.91,73.82,73.82"
Rec-G3_std_1,15,16,2427,core,360,316,0.0,5.0,0.9757,364,318,372,320,0.0,False,74.9476,80.8776,72.7365,2.0033,74.3647,"80.88,77.62,75.99,74.91,74.36,73.82,73.82,73.28,72.74,78.71,77.08,75.99,74.91,74.36,73.82,73.82,73.28,72.74,78.16,75.99,75.45,74.36,74.36,73.82,73.28,73.28,72.74"
Rec-G3_std_1,15,17,2428,core,361,316,0.0,1.0,0.9843,365,318,373,320,0.0,False,74.5858,78.7067,72.7365,1.5298,73.822,"78.71,77.08,75.99,74.91,74.36,73.82,73.82,73.28,72.74,77.62,75.99,75.45,74.36,73.82,73.82,73.82,73.28,72.74,76.54,75.45,74.91,74.36,73.82,73.82,73.28,73.28,72.74"
Rec-G3_std_1,16,1,2561,core,291,318,-90.0,1.0,0.977,295,320,303,322,1.0,True,95.2302,98.2455,90.6471,2.0433,95.5318,"95.53,96.62,97.16,97.70,98.25,98.25,98.25,97.70,97.70,92.28,94.45,94.99,95.53,95.53,95.53,95.53,95.53,95.53,90.65,91.73,92.28,93.36,93.36,94.45,94.45,94.45,94.45"
Rec-G3_std_1,16,2,2562,core,295,318,0.0,4.0,0.9774,299,320,307,322,1.0,True,96.6173,99.8737,93.3608,1.8212,96.6172,"99.87,99.87,99.33,99.33,98.79,98.25,98.25,97.70,97.16,97.16,97.16,97.16,97.16,96.62,96.07,96.07,95.53,95.53,94.45,94.99,94.99,94.99,94.99,94.99,94.45,94.45,93.36"
Rec-G3_std_1,16,3,2563,core,300,317,11.31,5.1,0.9769,304,319,312,321,1.0,True,98.5269,105.3012,94.989,2.3373,98.2455,"105.30,103.13,101.50,100.42,99.87,99.33,98.25,98.25,97.70,100.96,100.42,99.33,98.79,98.25,98.25,97.70,96.62,96.62,98.25,98.25,97.70,97.16,96.62,96.07,95.53,94.99,94.99"
Rec-G3_std_1,16,4,2564,core,304,317,0.0,4.0,0.9755,308,319,316,321,1.0,True,98.3661,105.8439,94.4463,2.5213,98.2455,"105.84,103.13,102.04,100.42,99.33,98.79,98.25,97.70,97.16,100.96,100.42,99.33,98.79,98.25,98.25,97.16,96.62,96.07,98.25,98.25,97.16,96.62,96.62,95.53,95.53,94.99,94.45"
Rec-G3_std_1,16,5,2565,core,309,317,0.0,5.0,0.9763,313,319,321,321,1.0,True,97.5419,104.2157,94.4463,2.2636,97.16,"104.22,102.04,100.42,99.33,98.25,98.25,97.70,97.16,96.62,100.42,99.33,98.25,98.25,97.16,96.62,96.62,95.53,95.53,97.70,96.62,96.62,96.07,95.53,95.53,94.99,94.45,94.45"
Rec-G3_std_1,16,6,2566,core,314,317,0.0,5.0,0.9767,318,319,326,321,1.0,True,97.3208,103.1302,94.989,1.879,97.16,"103.13,100.96,99.33,98.79,98.25,98.25,97.70,97.16,96.62,99.33,98.79,98.25,97.70,97.16,97.16,96.62,96.07,95.53,96.62,96.07,96.07,95.53,95.53,95.53,95.53,94.99,94.99"
Rec-G3_std_1,16,7,2567,core,319,317,0.0,5.0,0.9752,323,319,331,321,1.0,True,97.4414,102.0447,95.5318,1.6003,97.16,"102.04,100.96,99.33,98.79,98.25,98.25,97.70,97.70,97.16,98.79,98.25,98.25,97.70,97.70,97.16,96.62,96.62,96.07,96.62,96.62,96.62,96.07,95.53,95.53,95.53,95.53,95.53"
Rec-G3_std_1,16,8,2568,core,324,317,0.0,5.0,0.9731,328,319,336,321,1.0,True,97.9641,102.0447,95.5318,1.4651,98.2455,"102.04,100.96,99.87,99.33,98.79,98.79,98.25,98.25,98.25,98.79,98.79,98.25,98.25,98.25,97.70,97.70,97.16,97.16,97.16,97.16,97.16,96.62,96.62,96.07,96.07,96.07,95.53"
Rec-G3_std_1,16,9,2569,core,328,317,0.0,4.0,0.9709,332,319,340,321,1.0,True,99.0495,103.1302,97.16,1.5091,98.7882,"103.13,102.04,101.50,100.42,100.42,99.87,99.87,99.87,99.33,99.87,99.33,99.33,98.79,98.79,98.79,98.25,98.25,98.25,98.25,98.25,97.70,97.70,97.70,97.16,97.16,97.16,97.16"
Rec-G3_std_1,16,10,2570,core,333,317,0.0,5.0,0.9711,337,319,345,321,1.0,True,100.1753,103.6729,98.2455,1.6069,99.8737,"103.67,103.13,102.04,102.04,101.50,101.50,101.50,101.50,101.50,100.96,100.42,100.42,100.42,99.87,99.87,99.87,99.87,99.87,98.79,98.25,98.25,98.25,98.25,98.25,98.25,98.25,98.25"
Rec-G3_std_1,16,11,2571,core,338,317,0.0,5.0,0.971,342,319,350,321,1.0,True,101.2004,105.3012,98.2455,1.8763,101.502,"105.30,104.22,103.67,103.13,103.13,103.13,103.13,102.04,102.04,102.04,102.04,101.50,101.50,101.50,100.96,100.96,100.42,99.87,99.87,99.33,99.33,99.33,99.33,99.33,98.79,98.25,98.25"
Rec-G3_std_1,16,12,2572,core,343,316,11.31,5.1,0.9733,347,318,355,320,1.0,True,103.4317,110.1859,98.2455,2.5599,103.1302,"110.19,108.01,106.93,105.84,105.30,105.30,104.22,103.13,102.04,105.84,105.30,104.22,103.67,103.13,103.13,102.04,102.04,100.96,103.13,103.13,102.04,102.04,101.50,100.96,100.42,99.87,98.25"
Rec-G3_std_1,16,13,2573,core,348,316,0.0,5.0,0.9741,352,318,360,320,1.0,True,101.0195,110.1859,92.2753,4.2795,101.502,"110.19,108.01,106.39,105.30,103.67,102.04,100.42,98.25,96.62,105.84,105.30,103.67,103.13,101.50,99.87,98.25,96.62,94.99,103.13,102.04,101.50,100.42,99.33,98.25,96.07,94.45,92.28"
Rec-G3_std_1,16,14,2574,core,353,316,0.0,5.0,0.9738,357,318,365,320,0.6667,False,89.9435,105.8439,74.3647,10.1933,93.3608,"105.84,103.13,100.96,98.25,95.53,89.56,80.88,76.54,74.36,102.04,100.42,98.25,96.07,93.36,87.93,80.33,76.54,74.36,99.33,97.70,95.53,94.45,91.19,85.76,79.79,75.99,74.36"
Rec-G3_std_1,16,15,2575,core,357,316,0.0,4.0,0.9758,361,318,369,320,0.2222,False,79.8726,100.9592,73.2792,8.0552,75.9929,"100.96,93.36,83.59,78.71,75.99,74.91,73.82,73.82,73.28,96.07,90.10,81.96,77.62,75.99,74.36,73.82,73.82,73.28,93.36,87.93,80.88,77.62,75.99,74.36,73.82,73.82,73.28"
Rec-G3_std_1,16,16,2576,core,361,316,0.0,4.0,0.9809,365,318,373,320,0.0,False,74.6461,79.7922,72.7365,1.6606,74.3647,"79.79,77.08,75.99,74.91,74.36,73.82,73.82,73.28,72.74,77.62,75.99,75.45,74.91,74.36,73.82,73.82,73.28,72.74,76.54,75.45,74.91,74.36,73.82,73.82,73.28,72.74,72.74"
Rec-G3_std_1,17,1,2700,core,293,318,-26.57,2.24,0.9776,297,320,305,322,1.0,True,96.6173,98.7882,93.3608,1.6907,96.6172,"98.79,98.79,98.79,98.79,98.79,98.79,98.25,98.25,98.25,95.53,96.07,96.62,97.16,97.16,97.16,97.16,96.62,96.07,93.36,94.45,94.45,94.99,94.99,94.99,94.99,94.99,94.45"
Rec-G3_std_1,17,2,2701,core,298,317,11.31,5.1,0.9773,302,319,310,321,1.0,True,99.3511,105.8439,95.5318,2.3886,98.7882,"105.84,103.67,103.13,102.04,100.96,100.42,99.87,98.79,98.25,101.50,100.96,100.42,99.87,99.33,98.79,98.25,98.25,97.16,98.25,98.25,98.25,97.70,97.70,97.16,96.07,96.07,95.53"
Rec-G3_std_1,17,3,2702,core,303,317,0.0,5.0,0.9775,307,319,315,321,1.0,True,98.8083,105.3012,94.989,2.3564,98.2455,"105.30,103.13,102.04,100.96,100.42,99.87,98.79,98.25,97.70,101.50,100.42,99.87,99.33,98.79,98.25,98.25,97.16,96.62,98.25,98.25,98.25,97.16,96.62,96.62,95.53,95.53,94.99"
Rec-G3_std_1,17,4,2703,core,308,317,0.0,5.0,0.9762,312,319,320,321,1.0,True,98.0847,103.6729,94.989,2.114,97.7027,"103.67,102.04,100.96,99.87,99.33,98.25,98.25,97.70,97.16,100.96,99.87,99.33,98.25,98.25,97.70,97.16,96.62,96.07,98.25,97.70,97.16,96.62,96.07,95.53,95.53,94.99,94.99"
Rec-G3_std_1,17,5,2704,core,312,317,0.0,4.0,0.9751,316,319,324,321,1.0,True,97.9842,104.2157,94.989,2.1117,97.7027,"104.22,102.04,100.96,99.87,98.79,98.25,98.25,97.70,96.62,100.42,99.33,98.79,98.25,98.25,97.70,96.62,96.62,96.07,98.25,97.16,97.16,96.62,96.07,95.53,95.53,95.53,94.99"
Rec-G3_std_1,17,6,2705,core,317,317,0.0,5.0,0.9762,321,319,329,321,1.0,True,97.6826,103.1302,95.5318,1.7508,97.16,"103.13,100.96,99.87,99.33,98.25,98.25,98.25,97.70,97.16,99.33,98.79,98.25,98.25,97.70,97.16,96.62,96.62,96.07,97.16,97.16,96.62,96.62,96.07,95.53,95.53,95.53,95.53"
Rec-G3_std_1,17,7,2706,core,322,317,0.0,5.0,0.9754,326,319,334,321,1.0,True,98.0646,102.0447,96.0745,1.4623,98.2455,"102.04,100.96,99.87,99.33,99.33,98.79,98.25,98.25,98.25,99.33,98.79,98.25,98.25,98.25,98.25,97.70,97.70,97.70,97.16,97.16,96.62,96.62,96.62,96.07,96.07,96.07,96.07"
Rec-G3_std_1,17,8,2707,core,327,317,0.0,5.0,0.9748,331,319,339,321,1.0,True,98.949,102.0447,97.16,1.3443,98.7882,"102.04,101.50,100.96,100.42,100.42,99.87,99.87,99.87,99.33,99.87,99.33,99.33,98.79,98.79,98.25,98.25,98.25,98.25,98.25,98.25,97.70,97.70,97.70,97.16,97.16,97.16,97.16"
Rec-G3_std_1,17,9,2708,core,332,317,0.0,5.0,0.9724,336,319,344,321,1.0,True,100.0145,103.1302,98.2455,1.4291,99.8737,"103.13,102.04,102.04,102.04,101.50,100.96,100.96,100.96,100.42,100.96,100.96,100.42,100.42,99.87,99.87,99.87,99.33,99.33,98.79,98.79,98.25,98.25,98.25,98.25,98.25,98.25,98.25"
Rec-G3_std_1,17,10,2709,core,336,317,0.0,4.0,0.9712,340,319,348,321,1.0,True,101.0999,105.3012,98.2455,1.7885,101.502,"105.30,104.22,103.13,103.13,103.13,102.04,102.04,102.04,102.04,102.04,102.04,101.50,101.50,101.50,100.96,100.42,100.42,100.42,99.87,99.87,99.33,99.33,99.33,98.79,98.79,98.25,98.25"
Rec-G3_std_1,17,11,2710,core,341,316,11.31,5.1,0.9722,345,318,353,320,1.0,True,103.291,109.6431,99.8737,2.0776,103.1302,"109.64,107.47,105.84,105.30,104.22,103.67,103.13,103.13,103.13,105.30,104.22,104.22,103.67,103.13,103.13,102.04,102.04,102.04,103.13,102.04,102.04,102.04,101.50,101.50,100.96,100.42,99.87"
Rec-G3_std_1,17,12,2711,core,346,316,0.0,5.0,0.9744,350,318,358,320,1.0,True,102.4266,110.1859,96.0745,3.1468,102.0447,"110.19,108.01,106.39,105.30,104.22,103.13,102.04,101.50,99.87,105.84,105.30,104.22,103.67,103.13,102.04,100.96,99.33,98.25,103.13,102.04,102.04,101.50,100.96,99.87,98.79,97.70,96.07"
Rec-G3_std_1,17,13,2712,core,351,316,0.0,5.0,0.9755,355,318,363,320,0.8889,False,96.2554,108.5576,79.7922,7.8429,98.2455,"108.56,106.39,103.67,102.04,100.42,98.25,95.53,89.02,80.33,105.30,103.13,102.04,99.87,98.25,96.62,94.45,87.93,79.79,102.04,100.42,99.33,97.70,96.07,94.45,91.73,85.76,79.79"
Rec-G3_std_1,17,14,2713,core,356,316,0.0,5.0,0.9762,360,318,368,320,0.3333,False,82.124,102.0447,72.7365,9.5467,77.6212,"102.04,98.25,91.19,82.51,77.62,75.45,73.82,73.28,72.74,98.79,95.53,89.56,81.42,77.62,75.45,73.82,73.82,73.28,95.53,93.36,87.93,80.88,77.08,75.45,73.82,73.82,73.28"
Rec-G3_std_1,17,15,2714,core,360,316,0.0,4.0,0.9792,364,318,372,320,0.0,False,75.0281,81.9631,72.7365,2.2419,74.3647,"81.96,78.16,75.99,74.91,74.36,73.82,73.82,73.28,72.74,79.79,77.08,75.99,74.91,74.36,73.82,73.82,73.28,72.74,78.16,75.99,75.45,74.36,73.82,73.82,73.28,73.28,72.74"
Rec-G3_std_1,18,1,2836,core,292,318,-90.0,1.0,0.9786,296,320,304,322,1.0,True,96.7781,99.331,92.2753,1.9079,97.16,"98.25,98.25,98.79,99.33,99.33,99.33,99.33,98.79,98.79,94.99,95.53,96.07,96.62,97.16,97.70,97.70,97.16,97.16,92.28,93.36,94.45,94.99,95.53,95.53,95.53,95.53,95.53"
Rec-G3_std_1,18,2,2837,core,301,317,6.34,9.06,0.9768,305,319,313,321,1.0,True,100.0345,107.4722,95.5318,2.6375,99.331,"107.47,105.30,103.67,102.04,101.50,100.96,99.87,99.33,98.25,103.13,102.04,101.50,100.42,99.87,99.33,98.79,98.25,97.70,99.87,99.33,98.79,98.25,98.25,97.70,97.16,96.62,95.53"
Rec-G3_std_1,18,3,2838,core,306,317,0.0,5.0,0.9778,310,319,318,321,1.0,True,98.7681,105.8439,94.989,2.5306,98.2455,"105.84,103.67,102.04,100.96,99.87,98.79,98.25,97.70,97.16,102.04,100.96,100.42,99.33,98.25,98.25,97.70,96.62,96.07,98.79,98.79,98.25,97.70,96.62,96.62,95.53,95.53,94.99"
Rec-G3_std_1,18,4,2839,core,311,317,0.0,5.0,0.9767,315,319,323,321,1.0,True,97.6424,103.1302,94.4463,2.1064,97.16,"103.13,102.04,100.42,99.33,98.25,98.25,97.16,96.62,96.07,100.42,99.33,98.79,98.25,97.70,97.16,96.62,95.53,95.53,98.25,97.70,97.16,96.62,96.07,95.53,94.99,94.99,94.45"
Rec-G3_std_1,18,5,2840,core,316,317,0.0,5.0,0.9742,320,319,328,321,1.0,True,96.9992,102.0447,94.4463,1.7088,96.6172,"102.04,99.87,98.79,98.25,98.25,97.70,97.16,96.62,96.62,99.33,98.25,97.70,97.70,97.16,96.07,96.07,95.53,95.53,97.16,96.62,96.07,95.53,95.53,94.99,94.99,94.99,94.45"
Rec-G3_std_1,18,6,2841,core,320,317,0.0,4.0,0.9739,324,319,332,321,1.0,True,97.6625,102.0447,95.5318,1.5628,97.7027,"102.04,100.96,99.87,98.79,98.25,98.25,98.25,98.25,98.25,98.79,98.25,98.25,97.70,97.70,97.16,97.16,97.16,97.16,97.16,96.62,96.07,96.07,96.07,96.07,95.53,95.53,95.53"
Rec-G3_std_1,18,7,2842,core,325,317,0.0,5.0,0.9744,329,319,337,321,1.0,True,98.7681,102.0447,97.16,1.4051,98.2455,"102.04,101.50,100.96,100.42,99.87,99.87,99.87,99.87,99.33,99.33,99.33,98.79,98.79,98.25,98.25,98.25,98.25,98.25,97.70,97.70,97.16,97.16,97.16,97.16,97.16,97.16,97.16"
Rec-G3_std_1,18,8,2843,core,330,317,0.0,5.0,0.9735,334,319,342,321,1.0,True,99.9139,103.6729,98.2455,1.4986,99.8737,"103.67,102.04,102.04,101.50,101.50,100.96,100.96,100.96,100.96,100.96,100.42,100.42,99.87,99.87,99.33,99.33,99.33,99.33,98.25,98.25,98.25,98.25,98.25,98.25,98.25,98.25,98.25"
Rec-G3_std_1,18,9,2844,core,335,317,0.0,5.0,0.9719,339,319,347,321,1.0,True,100.919,104.2157,98.7882,1.5417,100.9592,"104.22,103.13,103.13,103.13,102.04,102.04,102.04,102.04,102.04,101.50,101.50,101.50,100.96,100.96,100.96,100.96,100.42,100.42,99.33,99.33,99.33,99.33,99.33,98.79,98.79,98.79,98.79"
Rec-G3_std_1,18,10,2845,core,340,316,11.31,5.1,0.9711,344,318,352,320,1.0,True,103.7131,108.5576,100.9592,1.7473,103.6729,"108.56,106.93,105.84,105.30,105.30,104.22,104.22,103.67,103.13,105.30,105.30,104.22,104.22,103.67,103.67,103.13,103.13,102.04,103.13,103.13,102.04,102.04,102.04,102.04,101.50,101.50,100.96"
Rec-G3_std_1,18,11,2846,core,344,316,0.0,4.0,0.972,348,318,356,320,1.0,True,104.1956,111.8141,98.7882,2.8547,103.6729,"111.81,109.64,108.01,106.93,105.84,105.30,104.22,103.13,102.04,107.47,106.39,105.30,105.30,104.22,103.67,103.13,102.04,100.96,103.67,103.67,103.13,103.13,102.04,102.04,100.96,100.42,98.79"
Rec-G3_std_1,18,12,2847,core,349,316,0.0,5.0,0.9747,353,318,361,320,1.0,True,100.9391,111.2714,91.1898,4.7968,101.502,"111.27,108.56,106.39,105.30,103.13,102.04,99.87,97.70,94.45,106.93,105.30,104.22,103.13,101.50,99.87,98.25,96.07,93.36,103.67,103.13,102.04,100.42,99.33,97.70,96.07,94.45,91.19"
Rec-G3_std_1,18,13,2848,core,354,316,0.0,5.0,0.9766,358,318,366,320,0.5556,False,87.7524,106.3867,73.822,10.9739,88.4761,"106.39,103.13,99.87,96.62,90.10,80.88,77.08,74.36,73.82,102.04,100.42,98.25,94.99,88.48,80.88,76.54,74.91,73.82,98.79,97.70,95.53,92.28,86.85,80.33,76.54,74.91,73.82"
Rec-G3_std_1,18,14,2849,core,359,316,0.0,5.0,0.9772,363,318,371,320,0.0,False,75.5708,85.2196,72.1937,3.3008,74.3647,"85.22,79.79,76.54,75.45,74.36,73.82,73.28,72.74,72.19,83.05,78.71,75.99,74.91,74.36,73.82,73.28,73.28,72.74,81.42,77.62,75.99,74.91,73.82,73.82,73.28,73.28,72.74"
Rec-G3_std_1,19,1,2975,core,291,317,0.0,0.0,0.9775,295,319,303,321,1.0,True,98.4465,102.0447,93.3608,2.1054,98.2455,"102.04,100.96,100.96,100.96,100.96,100.96,100.96,100.42,99.87,96.62,97.70,98.25,98.25,98.79,98.79,98.79,98.79,98.25,93.36,95.53,95.53,96.07,96.62,97.16,97.16,97.16,97.16"
Rec-G3_std_1,19,2,2976,core,294,318,-18.43,3.16,0.9774,298,320,306,322,1.0,True,97.7831,100.4165,94.989,1.7081,97.7027,"100.42,100.42,100.42,99.87,99.87,99.33,99.33,99.33,98.79,97.70,97.70,98.25,98.25,98.25,98.25,97.70,97.70,97.16,94.99,95.53,95.53,96.07,96.07,96.07,96.07,95.53,95.53"
Rec-G3_std_1,19,3,2977,core,299,317,11.31,5.1,0.976,303,319,311,321,1.0,True,99.8737,105.3012,96.6172,2.0628,99.331,"105.30,103.67,103.13,102.04,101.50,100.42,99.87,99.33,98.79,102.04,101.50,100.96,100.42,99.87,99.33,98.79,98.25,98.25,99.33,99.33,98.79,98.25,98.25,98.25,97.70,96.62,96.62"
Rec-G3_std_1,19,4,2978,core,303,317,0.0,4.0,0.9754,307,319,315,321,1.0,True,99.9139,106.9294,96.0745,2.4359,99.8737,"106.93,104.22,103.13,102.04,100.96,100.42,99.87,98.79,98.25,103.13,102.04,100.96,100.42,99.87,99.33,98.79,98.25,97.70,99.87,99.87,98.79,98.25,98.25,98.25,97.16,96.07,96.07"
Rec-G3_std_1,19,5,2979,core,308,317,0.0,5.0,0.9767,312,319,320,321,1.0,True,99.0093,105.3012,95.5318,2.2609,98.2455,"105.30,103.13,102.04,100.96,100.42,99.33,98.79,98.25,98.25,102.04,100.96,99.87,99.33,98.79,98.25,98.25,97.70,97.16,99.33,98.25,98.25,97.70,97.16,96.62,96.07,95.53,95.53"
Rec-G3_std_1,19,6,2980,core,313,317,0.0,5.0,0.9768,317,319,325,321,1.0,True,98.3661,103.6729,95.5318,1.9448,98.2455,"103.67,102.04,100.96,100.42,99.33,98.79,98.25,98.25,97.70,100.42,99.87,99.33,98.79,98.25,98.25,97.70,97.16,96.62,98.25,98.25,97.16,97.16,96.62,96.07,95.53,95.53,95.53"
Rec-G3_std_1,19,7,2981,core,318,316,11.31,5.1,0.9053,322,318,330,320,1.0,True,108.2561,117.7843,99.8737,7.0384,105.8439,"117.78,117.78,117.78,117.78,117.78,117.78,117.78,117.78,117.78,105.30,105.30,105.30,105.84,105.84,105.84,106.39,106.39,106.93,99.87,100.42,100.42,100.96,100.96,101.50,101.50,102.04,102.04"
Rec-G3_std_1,19,8,2982,core,323,317,-11.31,5.1,0.9729,327,319,335,321,1.0,True,98.5872,102.0447,96.6172,1.3869,98.2455,"102.04,101.50,100.42,99.87,99.87,99.33,98.79,98.79,98.79,99.87,99.33,98.79,98.79,98.25,98.25,98.25,98.25,98.25,98.25,97.70,97.70,97.16,97.16,96.62,96.62,96.62,96.62"
Rec-G3_std_1,19,9,2983,core,327,317,0.0,4.0,0.972,331,319,339,321,1.0,True,99.6727,103.6729,97.7027,1.6259,99.331,"103.67,103.13,102.04,101.50,100.96,100.42,100.42,100.42,100.42,100.96,100.42,99.87,99.87,99.33,99.33,98.79,98.79,98.79,98.25,98.25,98.25,98.25,98.25,97.70,97.70,97.70,97.70"
Rec-G3_std_1,19,10,2984,core,332,317,0.0,5.0,0.972,336,319,344,321,1.0,True,100.7582,104.2157,98.7882,1.5643,100.9592,"104.22,103.13,103.13,102.04,102.04,102.04,102.04,102.04,102.04,101.50,101.50,100.96,100.96,100.96,100.42,100.42,100.42,100.42,99.33,99.33,98.79,98.79,98.79,98.79,98.79,98.79,98.79"
Rec-G3_std_1,19,11,2985,core,337,317,0.0,5.0,0.9719,341,319,349,321,1.0,True,102.2055,105.3012,99.8737,1.5965,102.0447,"105.30,105.30,104.22,104.22,103.67,103.67,103.67,103.67,103.13,103.13,102.04,102.04,102.04,102.04,102.04,102.04,102.04,102.04,100.42,100.42,100.42,100.42,100.42,100.42,100.42,100.42,99.87"
Rec-G3_std_1,19,12,2986,core,342,316,11.31,5.1,0.9733,346,318,354,320,1.0,True,104.879,110.1859,100.9592,2.0592,105.3012,"110.19,108.56,107.47,106.93,106.39,105.84,105.30,105.30,104.22,106.93,106.39,105.84,105.30,105.30,105.30,104.22,103.67,103.13,103.67,103.67,103.67,103.13,103.13,103.13,102.04,102.04,100.96"
Rec-G3_std_1,19,13,2987,core,347,316,0.0,5.0,0.9742,351,318,359,320,1.0,True,103.2307,110.7286,95.5318,3.5515,103.1302,"110.73,109.10,107.47,106.39,105.30,104.22,103.13,101.50,99.33,107.47,106.39,105.84,105.30,103.67,103.13,101.50,99.87,98.25,104.22,103.67,103.13,103.13,102.04,100.42,98.79,97.70,95.53"
Rec-G3_std_1,19,14,2988,core,351,316,0.0,4.0,0.9733,355,318,363,320,0.8889,False,97.5017,111.2714,79.7922,8.3472,99.331,"111.27,108.01,105.84,103.67,102.04,99.33,96.62,89.56,80.88,106.39,105.30,103.13,102.04,99.87,97.70,94.45,88.48,80.33,103.13,102.04,100.96,99.33,97.70,95.53,92.28,86.85,79.79"
Rec-G3_std_1,19,15,2989,core,356,316,0.0,5.0,0.9763,360,318,368,320,0.3333,False,82.526,104.2157,72.7365,10.2335,77.6212,"104.22,99.87,92.28,83.05,77.62,75.45,73.82,73.28,72.74,100.42,97.16,90.10,81.42,77.62,75.45,73.82,73.82,72.74,97.16,94.45,87.93,80.88,77.08,75.45,73.82,73.82,72.74"
Rec-G3_std_1,19,16,2990,core,360,316,0.0,4.0,0.9777,364,318,372,320,0.0,False,74.9678,83.0486,72.1937,2.5642,73.822,"83.05,78.71,76.54,74.91,74.36,73.82,73.28,72.74,72.19,79.79,77.08,75.45,74.91,73.82,73.82,73.28,72.74,72.74,78.71,76.54,75.45,74.36,73.82,73.82,73.28,72.74,72.19"
Rec-G3_std_1,20,1,3110,core,293,318,-26.57,2.24,0.9777,297,320,305,322,1.0,True,96.9389,99.331,94.4463,1.537,97.16,"98.79,98.79,99.33,99.33,99.33,98.79,98.25,98.25,98.25,96.07,96.62,96.62,97.16,97.16,97.16,97.16,97.16,96.62,94.45,94.45,94.99,95.53,95.53,95.53,95.53,95.53,94.99"
Rec-G3_std_1,20,2,3111,core,298,317,11.31,5.1,0.9753,302,319,310,321,1.0,True,99.5119,105.3012,96.0745,2.0254,99.331,"105.30,103.13,102.04,101.50,100.96,100.42,99.33,99.33,98.25,101.50,100.96,100.42,100.42,99.87,99.33,98.25,98.25,97.70,98.79,98.79,98.25,98.25,98.25,97.70,97.16,96.62,96.07"
Rec-G3_std_1,20,3,3112,core,302,317,0.0,4.0,0.9751,306,319,314,321,1.0,True,99.7531,106.3867,95.5318,2.4466,99.331,"106.39,104.22,103.13,102.04,100.96,99.87,99.33,98.79,98.25,103.13,102.04,100.96,100.42,99.87,98.79,98.25,98.25,97.70,99.87,99.33,98.79,98.25,98.25,97.70,97.16,96.07,95.53"
Rec-G3_std_1,20,4,3113,core,307,317,0.0,5.0,0.9763,311,319,319,321,1.0,True,98.7279,104.2157,95.5318,2.0803,98.2455,"104.22,103.13,101.50,100.96,99.33,99.33,98.25,98.25,97.70,100.96,100.42,99.87,99.33,98.25,98.25,97.70,97.70,97.16,98.79,98.25,98.25,97.70,96.62,96.62,96.07,95.53,95.53"
Rec-G3_std_1,20,5,3114,core,312,317,0.0,5.0,0.9765,316,319,324,321,1.0,True,98.2053,103.1302,95.5318,1.8797,97.7027,"103.13,102.04,100.96,99.87,99.33,98.25,98.25,97.70,97.70,100.42,99.87,98.79,98.79,98.25,97.70,97.16,97.16,96.62,98.25,97.70,97.16,97.16,96.62,96.07,95.53,95.53,95.53"
Rec-G3_std_1,20,6,3115,core,317,317,0.0,5.0,0.975,321,319,329,321,1.0,True,98.145,102.0447,95.5318,1.5495,98.2455,"102.04,100.96,100.42,99.33,99.33,98.79,98.25,98.25,98.25,99.87,99.33,98.79,98.25,98.25,98.25,97.70,97.16,97.16,97.70,97.70,97.16,96.62,96.62,96.62,96.07,95.53,95.53"
Rec-G3_std_1,20,7,3116,core,322,317,0.0,5.0,0.9726,326,319,334,321,1.0,True,98.8083,102.0447,96.6172,1.3895,98.7882,"102.04,101.50,100.96,100.42,99.87,99.87,99.33,98.79,98.79,99.87,99.87,99.33,98.79,98.79,98.25,98.25,98.25,98.25,98.25,98.25,97.70,97.70,97.16,97.16,97.16,96.62,96.62"
Rec-G3_std_1,20,8,3117,core,326,317,0.0,4.0,0.972,330,319,338,321,1.0,True,99.934,104.2157,97.7027,1.6069,99.8737,"104.22,103.13,102.04,101.50,101.50,100.96,100.96,100.42,100.42,100.96,100.42,100.42,99.87,99.87,99.33,99.33,99.33,99.33,98.79,98.25,98.25,98.25,98.25,98.25,98.25,98.25,97.70"
Rec-G3_std_1,20,9,3118,core,331,317,0.0,5.0,0.9718,335,319,343,321,1.0,True,100.8386,104.2157,98.7882,1.5586,100.9592,"104.22,103.13,103.13,102.04,102.04,102.04,102.04,102.04,102.04,102.04,101.50,101.50,100.96,100.96,100.96,100.42,100.42,100.42,99.33,99.33,99.33,98.79,98.79,98.79,98.79,98.79,98.79"
Rec-G3_std_1,20,10,3119,core,336,317,0.0,5.0,0.9714,340,319,348,321,1.0,True,102.0447,105.3012,99.8737,1.4919,102.0447,"105.30,104.22,104.22,103.67,103.67,103.13,103.13,103.13,103.13,103.13,102.04,102.04,102.04,102.04,102.04,102.04,102.04,101.50,100.96,100.42,100.42,100.42,100.42,100.42,99.87,99.87,99.87"
Rec-G3_std_1,20,11,3120,core,341,316,11.31,5.1,0.9731,345,318,353,320,1.0,True,104.477,109.6431,101.502,1.8294,104.2157,"109.64,108.01,106.93,105.84,105.30,105.30,105.30,104.22,103.67,106.39,105.84,105.30,105.30,104.22,104.22,103.67,103.13,103.13,103.67,103.67,103.13,103.13,103.13,103.13,102.04,102.04,101.50"
Rec-G3_std_1,20,12,3121,core,346,316,0.0,5.0,0.9736,350,318,358,320,1.0,True,103.7131,110.1859,97.16,3.0162,103.6729,"110.19,108.56,107.47,106.39,105.84,105.30,103.67,102.04,100.96,106.93,106.39,105.30,105.30,104.22,103.13,102.04,100.96,99.33,105.30,104.22,103.67,103.13,102.04,101.50,100.42,98.79,97.16"
Rec-G3_std_1,20,13,3122,core,350,316,0.0,4.0,0.9738,354,318,362,320,1.0,True,99.9943,111.8141,85.7624,6.3128,100.9592,"111.81,109.10,106.93,105.30,103.13,100.96,98.25,95.53,89.56,107.47,105.84,104.22,103.13,101.50,98.79,97.16,94.45,87.93,104.22,103.13,102.04,100.42,98.79,97.16,94.99,92.28,85.76"
Rec-G3_std_1,20,14,3123,core,355,316,0.0,5.0,0.9761,359,318,367,320,0.4444,False,85.1794,105.8439,72.7365,11.1591,80.8776,"105.84,102.04,98.25,91.19,81.96,77.08,74.91,73.82,72.74,102.04,99.33,96.07,89.56,80.88,77.08,74.91,73.82,72.74,98.25,96.62,94.45,87.93,80.33,76.54,74.91,73.82,72.74"
Rec-G3_std_1,20,15,3124,core,360,316,0.0,5.0,0.9787,364,318,372,320,0.0,False,74.3446,80.8776,71.651,2.223,73.822,"80.88,77.62,75.45,74.36,73.82,73.28,72.74,72.19,71.65,78.71,76.54,74.91,73.82,73.82,73.28,72.74,72.19,72.19,77.62,75.99,74.91,73.82,73.82,73.28,72.74,72.74,72.19"
Rec-G3_std_1,21,1,3244,core,292,318,-45.0,1.41,0.9769,296,320,304,322,1.0,True,97.2605,99.8737,93.3608,1.8861,97.7027,"98.25,98.79,99.33,99.87,99.87,99.87,99.87,99.33,99.33,95.53,96.07,97.16,97.70,97.70,98.25,97.70,97.70,97.70,93.36,94.45,94.99,95.53,95.53,95.53,95.53,95.53,95.53"
Rec-G3_std_1,21,2,3245,core,297,317,11.31,5.1,0.9754,301,319,309,321,1.0,True,100.4969,106.3867,97.16,2.2094,100.4165,"106.39,105.30,103.13,103.13,102.04,101.50,100.96,100.42,99.87,102.04,102.04,101.50,100.96,100.96,100.42,99.33,98.79,98.79,99.33,99.33,98.79,98.79,98.25,98.25,98.25,97.70,97.16"
Rec-G3_std_1,21,3,3246,core,302,317,0.0,5.0,0.9742,306,319,314,321,1.0,True,99.8536,105.8439,96.0745,2.2279,99.331,"105.84,103.67,103.13,102.04,101.50,100.42,99.87,99.33,98.25,102.04,102.04,100.96,100.42,99.87,99.33,98.79,98.25,97.70,99.87,99.33,99.33,98.25,98.25,97.70,97.16,96.62,96.07"
Rec-G3_std_1,21,4,3247,core,306,317,0.0,4.0,0.976,310,319,318,321,1.0,True,99.6325,106.3867,96.0745,2.365,99.331,"106.39,104.22,103.13,102.04,100.96,99.87,99.33,98.79,98.25,102.04,101.50,100.96,99.87,99.33,98.79,98.25,97.70,97.70,99.87,99.33,98.79,98.25,97.70,97.16,97.16,96.62,96.07"
Rec-G3_std_1,21,5,3248,core,311,317,0.0,5.0,0.9764,315,319,323,321,1.0,True,98.8485,104.2157,95.5318,2.0272,98.2455,"104.22,103.13,101.50,100.42,99.87,99.33,98.25,98.25,98.25,101.50,100.42,99.87,99.33,98.79,98.25,98.25,97.16,97.16,98.79,98.25,98.25,97.70,97.70,96.62,96.07,96.07,95.53"
Rec-G3_std_1,21,6,3249,core,316,317,0.0,5.0,0.9755,320,319,328,321,1.0,True,98.6877,103.1302,96.0745,1.6715,98.2455,"103.13,102.04,100.96,100.42,99.87,99.33,98.79,98.25,98.25,100.96,99.87,98.79,98.79,98.25,98.25,98.25,97.70,97.70,98.25,98.25,97.70,97.70,97.16,97.16,96.62,96.07,96.07"
Rec-G3_std_1,21,7,3250,core,316,317,0.0,0.0,0.9755,320,319,328,321,1.0,True,98.6877,103.1302,96.0745,1.6715,98.2455,"103.13,102.04,100.96,100.42,99.87,99.33,98.79,98.25,98.25,100.96,99.87,98.79,98.79,98.25,98.25,98.25,97.70,97.70,98.25,98.25,97.70,97.70,97.16,97.16,96.62,96.07,96.07"
Rec-G3_std_1,21,8,3251,core,325,317,0.0,9.0,0.9713,329,319,337,321,1.0,True,100.2758,104.2157,98.2455,1.5604,99.8737,"104.22,103.13,102.04,102.04,101.50,101.50,100.96,100.96,100.96,101.50,100.96,100.96,100.42,99.87,99.87,99.87,99.87,99.87,99.33,98.79,98.79,98.79,98.25,98.25,98.25,98.25,98.25"
Rec-G3_std_1,21,9,3252,core,330,317,0.0,5.0,0.9714,334,319,342,321,1.0,True,101.4819,105.3012,99.331,1.4434,101.502,"105.30,103.67,103.13,103.13,103.13,103.13,102.04,102.04,102.04,102.04,102.04,101.50,101.50,101.50,101.50,101.50,100.96,100.96,99.87,100.42,99.87,99.87,99.87,99.87,99.87,99.87,99.33"
Rec-G3_std_1,21,10,3253,core,335,317,0.0,5.0,0.9719,339,319,347,321,1.0,True,102.688,105.8439,100.4165,1.5425,103.1302,"105.84,105.30,105.30,105.30,104.22,103.67,103.67,103.13,103.13,103.13,103.13,103.13,103.13,103.13,102.04,102.04,102.04,102.04,101.50,101.50,101.50,100.96,100.96,100.96,100.96,100.42,100.42"
Rec-G3_std_1,21,11,3254,core,340,316,11.31,5.1,0.9723,344,318,352,320,1.0,True,104.9192,110.7286,102.0447,2.0351,104.2157,"110.73,109.10,107.47,106.93,105.84,105.30,105.30,104.22,103.67,107.47,106.39,105.84,105.30,105.30,104.22,103.67,103.67,103.13,104.22,104.22,103.67,103.67,103.13,103.13,103.13,102.04,102.04"
Rec-G3_std_1,21,12,3255,core,345,316,0.0,5.0,0.9736,349,318,357,320,1.0,True,104.1554,110.7286,98.2455,2.8273,103.6729,"110.73,109.10,107.47,106.39,105.84,105.30,103.67,103.13,101.50,107.47,106.39,105.84,105.30,105.30,103.67,103.13,101.50,99.87,105.30,104.22,103.67,103.13,103.13,102.04,100.96,99.87,98.25"
Rec-G3_std_1,21,13,3256,core,350,316,0.0,5.0,0.9728,354,318,362,320,1.0,True,98.9893,109.6431,85.7624,6.1762,99.8737,"109.64,107.47,105.30,103.67,102.04,99.87,97.16,94.45,87.93,106.39,105.30,103.13,102.04,100.42,98.25,95.53,93.36,86.85,103.67,103.13,101.50,99.87,98.25,96.07,94.45,91.19,85.76"
Rec-G3_std_1,21,14,3257,core,354,316,0.0,4.0,0.9751,358,318,366,320,0.5556,False,87.7323,107.4722,72.7365,11.5646,89.0188,"107.47,103.67,100.42,96.62,90.10,80.88,75.99,73.82,72.74,103.13,100.96,98.25,94.99,89.02,80.88,75.99,73.82,73.28,99.87,98.25,95.53,93.36,86.85,79.79,75.99,73.82,73.28"
Rec-G3_std_1,21,15,3258,core,359,316,0.0,5.0,0.9773,363,318,371,320,0.0,False,75.0683,85.2196,71.651,3.4919,73.822,"85.22,79.79,75.99,74.36,73.82,73.28,72.74,72.19,71.65,83.05,78.16,75.99,74.36,73.82,73.28,72.74,72.19,71.65,80.88,77.62,75.45,74.36,73.82,73.28,72.74,72.19,72.19"
Rec-G3_std_1,22,1,3344,core,293,317,0.0,0.0,0.9788,297,319,305,321,1.0,True,98.3259,102.0447,95.5318,1.3434,98.2455,"102.04,100.96,100.42,99.87,99.33,99.33,98.79,98.25,98.25,98.25,98.25,98.25,98.25,98.25,98.25,98.25,98.25,98.25,95.53,96.62,97.16,97.70,97.70,97.70,97.16,97.16,96.62"
Rec-G3_std_1,22,2,3345,core,296,317,0.0,3.0,0.977,300,319,308,321,1.0,True,99.0696,103.6729,97.16,1.5163,98.2455,"103.67,102.04,101.50,100.42,99.87,99.33,98.79,98.25,97.70,100.42,100.42,99.87,99.33,98.79,98.79,98.25,98.25,97.70,98.25,98.25,98.25,98.25,98.25,98.25,97.70,97.16,97.16"
Rec-G3_std_1,22,3,3346,core,301,317,0.0,5.0,0.9782,305,319,313,321,1.0,True,98.547,103.6729,95.5318,1.7623,98.2455,"103.67,102.04,100.42,99.33,98.79,98.25,97.70,97.16,96.62,100.96,100.42,99.33,98.79,98.79,98.25,97.70,97.16,96.62,99.33,98.79,98.25,98.25,97.70,97.16,97.16,96.62,95.53"
Rec-G3_std_1,22,4,3347,core,306,317,0.0,5.0,0.9775,310,319,318,321,1.0,True,97.7228,102.0447,95.5318,1.6415,97.7027,"102.04,100.42,99.33,98.25,98.25,97.16,97.16,96.07,95.53,100.42,99.33,98.79,98.25,98.25,97.70,97.16,96.07,95.53,98.25,98.25,98.25,97.70,97.16,96.07,96.07,95.53,95.53"
Rec-G3_std_1,22,5,3348,core,311,317,0.0,5.0,0.9756,315,319,323,321,1.0,True,97.0193,100.4165,94.989,1.3666,96.6172,"100.42,99.33,98.25,97.70,97.16,96.62,96.07,95.53,95.53,99.33,98.25,98.25,97.70,97.16,96.62,96.07,95.53,95.53,98.25,97.70,97.16,96.62,96.62,96.07,95.53,95.53,94.99"
Rec-G3_std_1,22,6,3349,core,315,317,0.0,4.0,0.9754,319,319,327,321,1.0,True,97.3811,101.502,95.5318,1.4034,97.16,"101.50,99.87,98.79,98.25,97.70,97.16,96.62,96.07,95.53,99.33,98.79,98.25,97.70,97.16,97.16,96.62,96.07,96.07,98.25,97.70,97.16,97.16,96.62,96.62,96.07,95.53,95.53"
Rec-G3_std_1,22,7,3350,core,320,317,0.0,5.0,0.9753,324,319,332,321,1.0,True,97.5218,100.9592,96.0745,1.0754,97.16,"100.96,99.33,98.79,98.25,97.70,97.16,97.16,96.62,96.62,98.79,98.25,98.25,97.70,97.16,97.16,97.16,96.62,96.62,98.25,97.70,97.70,97.16,96.62,96.62,96.62,96.07,96.07"
Rec-G3_std_1,22,8,3351,core,325,317,0.0,5.0,0.9751,329,319,337,321,1.0,True,98.2857,100.9592,97.16,0.7225,98.2455,"100.96,99.87,98.79,98.25,98.25,98.25,98.25,98.25,98.25,98.79,98.79,98.25,98.25,98.25,98.25,98.25,97.70,98.25,98.25,98.25,97.70,97.70,97.70,97.70,97.70,97.16,97.70"
Rec-G3_std_1,22,9,3352,core,330,317,0.0,5.0,0.9732,334,319,342,321,1.0,True,99.2104,101.502,98.2455,0.7287,99.331,"101.50,100.42,99.87,99.87,99.33,99.33,99.33,99.33,99.33,99.87,99.33,99.33,99.33,99.33,99.33,99.33,99.33,99.33,98.79,98.25,98.25,98.79,98.25,98.25,98.25,98.79,98.25"
Rec-G3_std_1,22,10,3353,core,335,316,11.31,5.1,0.9719,339,318,347,320,1.0,True,101.4618,105.3012,100.4165,0.945,100.9592,"105.30,103.13,102.04,102.04,101.50,101.50,100.96,100.96,100.96,102.04,102.04,101.50,101.50,101.50,101.50,100.96,100.96,100.96,101.50,100.96,100.96,100.96,100.96,100.96,100.96,100.42,100.42"
Rec-G3_std_1,22,11,3354,core,339,316,0.0,4.0,0.9733,343,318,351,320,1.0,True,102.9091,108.0149,100.9592,1.4188,102.0447,"108.01,105.84,104.22,103.67,103.13,103.13,102.04,102.04,102.04,104.22,103.67,103.13,103.13,103.13,103.13,102.04,102.04,102.04,103.13,102.04,102.04,102.04,102.04,102.04,102.04,101.50,100.96"
Rec-G3_std_1,22,12,3355,core,344,316,0.0,5.0,0.9762,348,318,356,320,1.0,True,102.9694,108.5576,98.7882,2.2,103.1302,"108.56,106.93,105.30,104.22,103.67,103.13,102.04,101.50,99.87,105.84,105.30,104.22,103.67,103.13,103.13,102.04,100.96,99.87,103.67,103.13,103.13,103.13,102.04,102.04,100.96,99.87,98.79"
Rec-G3_std_1,22,13,3356,core,349,316,0.0,5.0,0.9778,353,318,361,320,1.0,True,98.9892,108.0149,90.1043,4.8345,99.8737,"108.01,105.84,103.67,102.04,100.96,98.25,96.07,93.36,90.10,105.30,103.67,103.13,101.50,99.87,98.25,96.07,93.36,90.65,103.13,102.04,101.50,100.42,98.79,97.16,95.53,93.36,90.65"
Rec-G3_std_1,22,14,3357,core,354,316,0.0,5.0,0.9782,358,318,366,320,0.5556,False,85.6819,103.1302,71.651,10.5115,85.7624,"103.13,98.79,95.53,91.73,85.76,78.71,74.91,72.74,71.65,100.42,98.25,95.53,92.28,86.31,78.71,75.45,73.82,72.19,98.25,96.62,94.45,91.73,85.76,78.71,75.45,73.82,72.74"
Rec-G3_std_1,22,15,3358,core,358,316,0.0,4.0,0.9787,362,318,370,320,0.1111,False,76.1136,91.1898,71.651,5.5749,73.822,"91.19,81.96,77.62,74.91,73.82,72.74,72.19,71.65,71.65,89.56,80.88,77.08,74.91,73.82,73.28,72.19,71.65,71.65,87.93,80.33,76.54,74.91,73.82,73.28,72.19,71.65,71.65"
Rec-G3_std_1,22,16,3359,core,361,316,0.0,3.0,0.983,365,318,373,320,0.0,False,73.3797,78.7067,71.651,1.7667,72.7365,"78.71,75.99,74.36,73.82,72.74,72.19,71.65,71.65,71.65,76.54,74.91,73.82,73.82,72.74,72.74,72.19,71.65,71.65,75.99,74.36,73.82,73.28,72.74,72.74,72.19,71.65,71.65"
