specimen,layer_index,obs_index,frame_idx,frame_type,tip_x,tip_y,direction_deg,movement_px,confidence,roi_c0,roi_r0,roi_c1,roi_r1,roi_valid_frac,roi_complete,roi_mean_C,roi_max_C,roi_min_C,roi_std_C,roi_median_C,roi_pixels_raw
Rec-022_10s_1,1,1,2794,core,290,331,0.0,0.0,0.9846,294,334,302,337,1.0,True,83.9381,91.7325,79.7922,3.178,83.0486,"91.73,90.10,89.56,88.48,88.48,87.93,87.39,86.31,85.76,85.76,85.76,85.22,85.22,84.68,84.13,84.13,84.13,83.05,82.51,82.51,83.05,83.05,82.51,82.51,81.96,81.42,80.88,80.33,80.88,80.33,80.88,80.88,80.33,80.33,79.79,79.79"
Rec-022_10s_1,1,2,2795,core,296,331,0.0,6.0,0.9835,300,334,308,337,1.0,True,83.4406,92.2753,78.7067,3.0451,83.0486,"92.28,90.10,88.48,87.39,86.31,85.76,85.22,84.13,84.13,87.39,85.76,85.22,84.13,84.13,83.59,83.05,82.51,81.96,84.13,83.59,83.05,82.51,81.96,81.42,80.88,80.88,80.88,81.96,81.42,80.88,80.88,80.33,80.33,79.79,78.71,78.71"
Rec-022_10s_1,1,3,2796,core,300,331,0.0,4.0,0.9839,304,334,312,337,1.0,True,83.0335,92.2753,78.7067,3.0715,82.5059,"92.28,89.56,87.93,86.85,85.76,85.22,84.68,84.13,83.05,87.39,85.76,84.68,84.13,83.59,83.05,82.51,81.96,81.42,83.59,83.05,82.51,82.51,81.96,80.88,80.88,80.33,79.79,81.42,80.88,80.88,80.33,80.33,79.79,78.71,78.71,78.71"
Rec-022_10s_1,1,4,2797,core,309,331,0.0,9.0,0.9852,313,334,321,337,1.0,True,82.2496,90.1043,78.7067,2.5473,81.9631,"90.10,87.93,86.31,85.22,84.68,84.13,84.13,83.59,83.05,85.22,84.13,83.05,83.05,82.51,81.96,82.51,81.96,81.42,82.51,81.96,81.42,80.88,80.88,80.88,80.33,80.33,80.33,80.33,80.33,80.33,79.79,79.79,79.79,78.71,78.71,78.71"
Rec-022_10s_1,1,5,2798,core,314,331,0.0,5.0,0.987,318,334,326,337,1.0,True,82.6868,89.0188,79.7922,2.133,82.7773,"89.02,87.39,85.76,85.22,84.68,84.68,84.13,84.13,84.13,84.68,84.13,83.59,83.05,83.05,83.05,83.05,83.05,83.05,82.51,81.96,81.42,81.42,81.42,81.42,81.42,80.88,81.42,80.88,80.33,80.33,80.33,80.33,80.33,80.33,79.79,80.33"
Rec-022_10s_1,1,6,2799,core,323,331,0.0,9.0,0.9886,327,334,335,337,1.0,True,85.3402,90.6471,83.0486,2.0513,84.9482,"90.65,89.02,87.93,87.93,87.93,87.93,87.93,87.93,87.93,86.31,85.76,85.76,85.76,85.76,85.76,85.76,85.76,85.76,84.13,84.13,84.13,84.13,84.13,84.13,84.13,84.13,84.13,83.05,83.05,83.05,83.05,83.05,83.05,83.05,83.05,83.05"
Rec-022_10s_1,1,7,2800,core,327,331,0.0,4.0,0.9866,331,334,339,337,1.0,True,86.8328,92.2753,83.5914,2.3008,86.5765,"92.28,91.19,90.10,89.56,89.56,89.56,89.56,89.56,89.56,87.93,87.93,87.39,87.39,87.39,87.39,87.39,87.39,87.39,85.76,85.76,85.76,85.22,85.22,85.76,85.76,85.76,85.76,83.59,84.13,84.13,84.13,84.13,84.13,84.13,84.13,84.13"
Rec-022_10s_1,1,8,2801,core,332,331,0.0,5.0,0.9906,336,334,344,337,1.0,True,87.5715,92.2753,84.1341,2.4373,87.3906,"92.28,91.19,91.19,91.19,90.65,90.65,90.65,90.65,90.65,89.02,89.02,88.48,88.48,88.48,87.93,88.48,87.93,87.93,86.31,86.85,86.31,86.31,86.31,86.31,86.31,86.31,85.76,84.68,84.68,84.68,84.68,84.68,84.68,84.68,84.13,84.13"
Rec-022_10s_1,1,9,2802,core,336,331,0.0,4.0,0.9875,340,334,348,337,1.0,True,88.461,94.989,84.1341,2.6419,88.2047,"94.99,93.36,92.28,91.73,91.73,91.19,91.19,91.19,91.19,90.10,89.56,89.56,89.56,89.56,89.02,89.02,89.02,88.48,87.93,87.93,87.39,87.39,86.85,86.85,86.85,86.31,86.31,85.76,85.76,85.76,85.76,85.76,85.22,85.22,84.68,84.13"
Rec-022_10s_1,1,10,2803,core,345,331,0.0,9.0,0.9863,349,334,357,337,1.0,True,86.3805,96.0745,76.5357,4.6761,86.3051,"96.07,94.45,93.36,92.28,91.19,90.10,89.56,86.31,79.79,91.19,91.19,90.10,89.56,89.02,87.93,86.31,83.59,78.71,87.93,87.93,87.39,86.85,85.76,85.22,83.59,81.42,77.62,85.76,85.76,85.22,84.13,83.59,83.05,81.42,79.79,76.54"
Rec-022_10s_1,1,11,2804,core,350,331,0.0,5.0,0.9894,354,334,362,337,0.4444,False,79.0987,93.3608,73.822,5.8014,76.5357,"93.36,91.19,87.93,80.88,77.62,75.45,74.91,73.82,73.82,89.56,87.93,85.22,79.79,77.08,75.45,74.36,73.82,73.82,86.31,84.68,83.05,78.71,75.99,74.91,73.82,73.82,73.82,84.13,82.51,80.88,77.62,75.45,74.36,73.82,73.82,73.82"
Rec-022_10s_1,1,12,2805,core,354,331,0.0,4.0,0.9869,358,334,366,337,0.0,False,74.8321,80.8776,73.2792,1.5883,74.3647,"80.88,77.62,75.99,75.45,74.36,74.36,73.82,73.82,73.82,78.16,76.54,75.45,74.91,74.36,74.36,73.82,73.82,73.28,77.08,75.99,74.91,74.36,74.36,73.82,73.82,73.82,73.28,75.99,74.91,74.36,74.36,73.82,73.82,73.82,73.28,73.28"
Rec-022_10s_1,1,13,2806,core,355,330,45.0,1.41,0.986,359,333,367,336,0.0,False,75.013,83.0486,73.2792,1.9686,74.3647,"83.05,78.71,77.08,75.99,74.91,74.36,73.82,73.82,73.82,78.71,77.08,75.45,74.91,74.36,74.36,73.82,73.82,73.82,77.08,75.99,74.91,74.36,73.82,73.82,73.82,73.28,73.28,75.99,75.45,74.36,74.36,73.82,73.82,73.82,73.28,73.28"
Rec-022_10s_1,2,1,2942,core,291,332,-45.0,1.41,0.9831,295,335,303,338,1.0,True,85.6719,90.6471,81.9631,2.6971,84.9482,"90.65,90.65,90.10,89.56,89.56,89.56,89.02,88.48,87.93,86.85,87.39,86.85,86.85,86.85,86.85,86.31,85.76,85.76,84.13,84.13,84.13,84.13,84.13,84.13,84.13,83.59,83.59,82.51,82.51,83.05,82.51,83.05,82.51,82.51,82.51,81.96"
Rec-022_10s_1,2,2,2943,core,300,331,6.34,9.06,0.9848,304,334,312,337,1.0,True,87.6921,96.0745,83.0486,3.1399,87.3906,"96.07,94.45,92.28,91.73,91.19,90.10,90.10,89.56,89.02,91.19,90.10,89.56,89.02,88.48,87.93,87.93,87.39,87.39,87.93,87.39,86.85,86.85,86.31,85.76,85.76,85.22,84.68,85.22,84.68,84.68,84.13,84.13,84.13,83.59,83.05,83.05"
Rec-022_10s_1,2,3,2944,core,304,331,0.0,4.0,0.9823,308,334,316,337,1.0,True,87.7223,97.7027,83.0486,3.3046,87.662,"97.70,94.45,92.28,91.73,91.19,90.10,89.56,89.56,88.48,91.73,90.65,89.56,89.02,88.48,87.93,87.93,87.39,86.85,87.93,87.93,87.39,86.31,86.31,85.76,85.22,85.22,84.68,85.22,85.22,84.68,84.13,84.13,83.59,83.59,83.05,83.05"
Rec-022_10s_1,2,4,2945,core,309,331,0.0,5.0,0.987,313,334,321,337,1.0,True,87.2549,95.5318,83.0486,2.9517,87.1192,"95.53,93.36,91.73,90.65,90.10,89.56,89.56,89.02,88.48,90.65,89.56,89.02,88.48,87.93,87.93,87.39,87.39,86.85,87.39,86.85,86.31,86.31,85.76,85.76,85.22,85.22,84.68,84.68,84.68,84.13,84.13,84.13,83.59,83.05,83.05,83.05"
Rec-022_10s_1,2,5,2946,core,323,331,0.0,14.0,0.9868,327,334,335,337,1.0,True,88.4912,94.989,85.2196,2.6357,88.2047,"94.99,94.45,92.28,91.19,91.19,91.19,91.19,91.19,91.19,90.10,89.56,89.56,89.56,89.02,89.02,89.02,89.02,89.02,87.39,87.39,87.39,87.39,87.39,87.39,87.39,86.85,86.85,85.22,85.22,85.22,85.22,85.22,85.22,85.22,85.22,85.76"
Rec-022_10s_1,2,6,2947,core,327,331,0.0,4.0,0.9894,331,334,339,337,1.0,True,89.6219,95.5318,86.3051,2.6582,89.2902,"95.53,94.45,93.36,93.36,93.36,92.28,92.28,92.28,92.28,91.19,91.19,90.65,90.65,90.65,90.65,90.65,90.10,90.10,88.48,88.48,88.48,88.48,88.48,88.48,87.93,87.93,87.93,86.31,86.31,86.31,86.31,86.31,86.31,86.31,86.31,86.31"
Rec-022_10s_1,2,7,2948,core,332,331,0.0,5.0,0.9881,336,334,344,337,1.0,True,90.5265,95.5318,86.8478,2.6531,90.3757,"95.53,94.99,94.45,94.45,94.45,94.45,93.36,93.36,93.36,92.28,91.73,91.19,91.19,91.19,91.19,91.19,91.19,91.19,89.56,89.56,89.56,89.56,89.56,89.02,89.02,89.02,88.48,87.39,87.39,87.39,87.39,87.39,87.39,86.85,86.85,86.85"
Rec-022_10s_1,2,8,2949,core,336,331,0.0,4.0,0.9902,340,334,348,337,1.0,True,91.1295,97.7027,86.8478,2.8079,90.9184,"97.70,96.07,95.53,94.99,94.45,94.45,94.45,94.45,93.36,93.36,92.28,92.28,92.28,91.73,91.73,91.73,91.19,91.19,90.65,90.10,90.10,89.56,89.56,89.56,89.56,89.56,89.02,87.93,87.93,87.93,87.93,87.93,87.93,87.93,87.39,86.85"
Rec-022_10s_1,2,9,2950,core,341,331,0.0,5.0,0.9894,345,334,353,337,1.0,True,90.7978,97.16,85.2196,3.0451,90.6471,"97.16,96.07,95.53,95.53,94.99,94.45,93.36,93.36,91.73,93.36,93.36,92.28,92.28,92.28,91.73,91.19,90.65,89.56,90.65,90.65,90.10,90.10,89.56,89.56,89.02,87.93,87.39,88.48,87.93,87.93,87.93,87.93,87.39,86.31,85.76,85.22"
Rec-022_10s_1,2,10,2951,core,345,331,0.0,4.0,0.9897,349,334,357,337,1.0,True,88.5364,98.2455,77.6212,4.9294,88.4761,"98.25,96.62,95.53,94.45,93.36,92.28,91.19,87.93,80.88,94.45,93.36,92.28,91.73,91.19,89.56,88.48,85.76,79.79,91.19,90.65,89.56,89.56,88.48,87.39,85.76,83.59,78.71,88.48,87.93,87.39,86.85,86.31,85.22,84.13,81.42,77.62"
Rec-022_10s_1,2,11,2952,core,350,331,0.0,5.0,0.9887,354,334,362,337,0.4444,False,79.7922,94.4463,73.2792,6.3938,76.8071,"94.45,92.28,89.02,81.42,77.62,75.99,74.91,73.82,73.82,91.19,89.56,86.85,80.88,77.08,75.45,74.36,73.82,73.82,88.48,86.85,84.13,79.79,76.54,75.45,74.36,73.82,73.82,85.76,84.68,82.51,78.16,75.99,74.91,73.82,73.82,73.28"
Rec-022_10s_1,2,12,2953,core,354,331,0.0,4.0,0.9889,358,334,366,337,0.0,False,74.8321,80.8776,72.7365,1.6979,73.822,"80.88,77.62,75.99,75.45,74.36,73.82,73.82,73.82,73.82,78.71,76.54,75.45,74.91,73.82,73.82,73.82,73.82,73.82,77.62,75.99,74.91,74.36,73.82,73.82,73.82,73.82,73.28,76.54,75.45,74.91,73.82,73.82,73.82,73.82,73.28,72.74"
Rec-022_10s_1,2,13,2954,core,355,331,0.0,1.0,0.9865,359,334,367,337,0.0,False,74.5004,78.7067,72.7365,1.3132,73.822,"78.71,77.08,75.99,74.91,74.36,73.82,73.82,73.82,73.82,77.62,75.99,74.91,74.36,73.82,73.82,73.82,73.82,73.28,75.99,75.45,74.36,74.36,74.36,73.82,73.28,73.28,73.28,75.99,74.91,74.36,73.82,73.82,73.82,73.28,73.28,72.74"
Rec-022_10s_1,3,1,3075,core,290,331,0.0,0.0,0.9834,294,334,302,337,1.0,True,89.637,96.6172,84.6769,3.1703,89.2902,"96.62,94.99,94.45,94.45,94.45,93.36,92.28,92.28,91.73,91.19,90.65,91.19,91.19,91.19,91.19,90.65,90.65,90.10,87.93,87.93,88.48,88.48,88.48,88.48,88.48,87.93,87.93,84.68,85.22,85.76,85.76,85.76,85.76,85.76,85.76,85.76"
Rec-022_10s_1,3,2,3076,core,293,332,-18.43,3.16,0.9821,297,335,305,338,1.0,True,87.8579,93.3608,84.1341,2.6839,87.3906,"93.36,92.28,92.28,91.73,91.19,91.19,90.65,90.10,90.10,89.56,89.56,89.56,89.56,89.02,89.02,88.48,88.48,87.93,86.85,86.85,86.85,86.85,86.85,86.31,85.76,85.76,85.76,84.68,85.22,84.68,84.68,84.68,84.68,84.13,84.13,84.13"
Rec-022_10s_1,3,3,3077,core,297,331,14.04,4.12,0.9838,301,334,309,337,1.0,True,90.436,99.331,85.7624,3.1525,90.1043,"99.33,96.62,95.53,94.45,93.36,93.36,92.28,91.19,91.19,94.45,93.36,92.28,91.73,91.19,91.19,90.65,90.10,89.56,90.65,90.10,89.56,89.56,89.56,88.48,88.48,87.93,87.93,87.93,87.93,87.39,87.39,86.85,86.85,85.76,85.76,85.76"
Rec-022_10s_1,3,4,3078,core,302,331,0.0,5.0,0.9841,306,334,314,337,1.0,True,89.6822,97.16,85.7624,2.6807,89.5616,"97.16,95.53,93.36,92.28,92.28,91.19,91.19,91.19,90.10,93.36,91.73,91.19,91.19,90.65,90.10,90.10,89.56,89.56,90.10,89.56,89.56,89.02,88.48,87.93,87.93,87.93,87.39,87.93,87.39,87.39,86.85,86.31,85.76,85.76,85.76,85.76"
Rec-022_10s_1,3,5,3079,core,306,331,0.0,4.0,0.9861,310,334,318,337,1.0,True,89.6973,97.7027,85.7624,2.7833,89.5616,"97.70,95.53,93.36,93.36,92.28,91.19,91.19,91.19,90.10,93.36,92.28,91.19,91.19,90.65,90.10,89.56,89.56,89.02,90.10,89.56,89.56,89.02,88.48,87.93,87.93,87.39,87.39,87.93,87.39,87.39,86.85,86.31,85.76,85.76,85.76,85.76"
Rec-022_10s_1,3,6,3080,core,311,331,0.0,5.0,0.9868,315,334,323,337,1.0,True,89.245,96.0745,85.2196,2.5469,89.2902,"96.07,94.45,93.36,92.28,91.19,91.19,90.65,90.65,90.10,92.28,91.19,91.19,90.65,90.10,89.56,89.56,89.02,88.48,89.56,89.56,89.02,88.48,87.93,87.93,87.93,87.39,87.39,87.39,86.85,86.85,86.31,85.76,85.76,85.76,85.76,85.22"
Rec-022_10s_1,3,7,3081,core,315,331,0.0,4.0,0.9876,319,334,327,337,1.0,True,89.5917,96.6172,85.7624,2.6402,89.5616,"96.62,94.45,93.36,92.28,91.73,91.73,92.28,92.28,92.28,92.28,91.19,91.19,90.10,89.56,89.56,90.10,90.10,90.65,89.56,89.56,89.02,88.48,87.93,87.93,87.93,87.93,87.93,87.39,86.85,86.85,86.31,86.31,86.31,85.76,85.76,85.76"
Rec-022_10s_1,3,8,3082,core,320,331,0.0,5.0,0.9892,324,334,332,337,1.0,True,90.2551,95.5318,86.8478,2.6267,90.1043,"95.53,94.99,94.45,94.45,94.45,93.36,92.28,92.28,92.28,91.73,91.73,91.73,91.73,91.19,91.19,90.65,90.65,90.65,89.56,89.56,89.02,89.02,89.02,89.02,89.02,88.48,88.48,87.39,87.39,86.85,86.85,86.85,86.85,86.85,86.85,86.85"
Rec-022_10s_1,3,9,3083,core,324,331,0.0,4.0,0.9888,328,334,336,337,1.0,True,91.1144,98.2455,87.9333,2.6991,90.9184,"98.25,96.62,94.99,94.45,93.36,93.36,93.36,93.36,93.36,94.45,93.36,92.28,91.73,91.73,91.73,91.73,91.73,91.73,90.10,90.10,89.56,89.56,89.56,89.56,89.56,89.56,89.56,87.93,87.93,87.93,87.93,87.93,87.93,87.93,87.93,87.93"
Rec-022_10s_1,3,10,3084,core,329,331,0.0,5.0,0.9906,333,334,341,337,1.0,True,91.8984,97.16,88.4761,2.4931,91.7325,"97.16,96.07,95.53,95.53,94.99,94.99,94.99,94.99,94.45,93.36,93.36,93.36,92.28,92.28,92.28,92.28,92.28,92.28,91.19,91.19,90.65,90.65,90.65,90.65,90.65,90.65,90.65,89.02,89.02,89.02,89.02,88.48,89.02,88.48,88.48,88.48"
Rec-022_10s_1,3,11,3085,core,333,331,0.0,4.0,0.9894,337,334,345,337,1.0,True,92.803,99.331,89.5616,2.6727,92.5467,"99.33,97.70,96.62,96.07,95.53,95.53,95.53,95.53,95.53,94.99,94.45,94.45,94.45,93.36,93.36,93.36,93.36,93.36,91.73,91.73,91.73,91.19,91.19,91.19,91.19,91.19,91.19,89.56,89.56,89.56,89.56,89.56,89.56,89.56,89.56,89.56"
Rec-022_10s_1,3,12,3086,core,338,331,0.0,5.0,0.9911,342,334,350,337,1.0,True,93.3759,99.331,89.0188,2.8187,92.818,"99.33,98.25,97.16,97.16,97.16,96.62,96.62,96.07,95.53,95.53,94.99,94.99,94.45,94.99,94.45,94.45,94.45,93.36,92.28,92.28,92.28,92.28,92.28,91.73,91.73,91.19,91.19,90.65,90.10,90.10,90.10,90.10,89.56,89.56,89.56,89.02"
Rec-022_10s_1,3,13,3087,core,342,331,0.0,4.0,0.9888,346,334,354,337,1.0,True,93.1196,101.502,86.3051,3.5114,92.818,"101.50,99.33,98.25,98.25,97.70,96.62,95.53,94.45,93.36,96.62,96.07,95.53,95.53,94.99,94.45,93.36,92.28,91.19,93.36,93.36,92.28,92.28,92.28,91.19,90.65,89.56,88.48,91.19,91.19,90.65,90.10,89.56,89.02,88.48,87.39,86.31"
Rec-022_10s_1,3,14,3088,core,347,331,0.0,5.0,0.9908,351,334,359,337,0.7778,False,86.4709,99.331,74.3647,7.3207,88.2047,"99.33,97.70,95.53,94.45,92.28,89.56,81.96,77.62,75.45,95.53,94.45,93.36,92.28,90.65,87.39,80.88,77.08,74.91,92.28,91.73,91.19,89.56,87.93,85.22,79.79,76.54,74.91,90.10,89.56,88.48,87.39,85.76,83.05,78.71,75.99,74.36"
Rec-022_10s_1,3,15,3089,core,351,331,0.0,4.0,0.9879,355,334,363,337,0.3333,False,78.9328,96.0745,73.822,6.3981,75.9929,"96.07,92.28,83.59,78.71,75.99,74.91,74.36,73.82,73.82,92.28,89.02,81.96,77.62,75.99,74.91,73.82,73.82,73.82,89.56,86.31,80.88,77.62,75.99,74.36,73.82,73.82,73.82,86.85,84.13,79.79,76.54,75.45,74.36,73.82,73.82,73.82"
Rec-022_10s_1,3,16,3090,core,355,330,14.04,4.12,0.9908,359,333,367,336,0.0,False,75.0582,82.5059,73.2792,1.8609,74.3647,"82.51,78.16,76.54,75.45,75.45,74.91,73.82,73.82,73.82,78.71,76.54,75.99,74.91,74.36,74.36,73.82,73.82,73.82,77.62,75.99,75.45,74.36,74.36,73.82,73.82,73.82,73.28,76.54,75.45,74.36,74.36,73.82,73.82,73.82,73.28,73.28"
Rec-022_10s_1,4,1,3208,core,290,331,0.0,0.0,0.9903,294,334,302,337,1.0,True,90.1194,96.0745,85.2196,3.0421,90.1043,"96.07,94.99,94.45,94.45,94.45,94.45,93.36,93.36,93.36,91.19,91.19,91.19,91.19,91.19,91.19,91.19,91.19,91.19,87.93,87.93,88.48,89.02,89.02,89.02,89.02,89.02,89.02,85.22,85.76,85.76,86.31,86.85,86.31,86.31,86.85,86.85"
Rec-022_10s_1,4,2,3209,core,294,331,0.0,4.0,0.981,298,334,306,337,1.0,True,91.9285,102.0447,87.3906,3.3141,91.1898,"102.04,98.79,97.16,95.53,95.53,94.99,94.45,93.36,93.36,95.53,94.45,93.36,93.36,92.28,92.28,91.73,91.19,91.19,91.19,91.19,91.19,91.19,90.65,90.65,90.10,89.56,89.56,88.48,88.48,88.48,88.48,88.48,87.93,87.93,87.93,87.39"
Rec-022_10s_1,4,3,3210,core,299,331,0.0,5.0,0.9857,303,334,311,337,1.0,True,91.3707,100.4165,86.8478,3.0327,91.1898,"100.42,97.70,96.07,94.99,94.45,93.36,92.28,92.28,91.19,95.53,94.45,93.36,92.28,92.28,91.19,91.19,90.65,90.10,91.73,91.73,91.19,90.65,90.10,90.10,89.56,89.02,88.48,89.56,89.02,89.02,88.48,87.93,87.93,87.39,86.85,86.85"
Rec-022_10s_1,4,4,3211,core,303,331,0.0,4.0,0.9843,307,334,315,337,1.0,True,91.1446,100.4165,86.8478,2.89,90.6471,"100.42,97.70,95.53,94.45,93.36,92.28,92.28,91.73,91.19,95.53,93.36,92.28,92.28,91.19,91.19,90.65,90.65,90.10,92.28,91.19,90.65,90.65,90.10,89.56,89.56,89.02,89.02,89.56,89.02,88.48,88.48,87.93,87.93,87.39,87.39,86.85"
Rec-022_10s_1,4,5,3212,core,308,331,0.0,5.0,0.9878,312,334,320,337,1.0,True,90.4058,98.2455,86.3051,2.5148,90.1043,"98.25,95.53,94.45,93.36,92.28,92.28,91.19,91.19,91.19,93.36,92.28,91.73,91.19,91.19,90.65,90.10,90.10,89.56,91.19,90.65,90.10,90.10,89.56,89.56,89.02,88.48,87.93,88.48,87.93,87.93,87.93,87.93,87.39,87.39,86.85,86.31"
Rec-022_10s_1,4,6,3213,core,312,331,0.0,4.0,0.9858,316,334,324,337,1.0,True,90.5114,98.2455,86.8478,2.5276,90.3757,"98.25,95.53,94.45,93.36,92.28,92.28,91.73,91.19,91.19,94.45,92.28,92.28,91.19,91.19,90.65,90.65,90.10,90.10,91.19,90.65,90.10,89.56,89.56,89.02,88.48,88.48,88.48,89.02,88.48,87.93,87.93,87.93,87.39,87.39,86.85,86.85"
Rec-022_10s_1,4,7,3214,core,317,331,0.0,5.0,0.9894,321,334,329,337,1.0,True,90.9637,96.6172,87.9333,2.2646,90.9184,"96.62,94.99,93.36,93.36,93.36,93.36,93.36,93.36,92.28,93.36,92.28,91.19,91.19,91.73,92.28,92.28,92.28,91.73,90.65,90.10,89.56,89.56,90.10,90.10,90.10,90.10,89.56,88.48,88.48,87.93,87.93,87.93,87.93,87.93,87.93,87.93"
Rec-022_10s_1,4,8,3215,core,322,331,0.0,5.0,0.9865,326,334,334,337,1.0,True,91.4913,96.6172,88.4761,2.2504,91.4612,"96.62,95.53,94.45,94.45,93.36,93.36,93.36,93.36,93.36,94.45,93.36,93.36,92.28,92.28,91.73,91.73,91.73,92.28,91.19,91.19,91.19,90.65,90.65,90.10,90.10,90.65,90.10,88.48,88.48,88.48,88.48,88.48,88.48,88.48,88.48,89.02"
Rec-022_10s_1,4,9,3216,core,326,331,0.0,4.0,0.9905,330,334,338,337,1.0,True,92.622,98.2455,89.5616,2.3801,92.5467,"98.25,96.07,95.53,95.53,95.53,95.53,95.53,95.53,95.53,94.45,93.36,93.36,93.36,93.36,93.36,93.36,93.36,93.36,91.73,91.19,91.19,91.19,91.19,91.73,91.73,91.73,91.73,89.56,89.56,89.56,89.56,89.56,89.56,89.56,89.56,90.10"
Rec-022_10s_1,4,10,3217,core,331,331,0.0,5.0,0.9883,335,334,343,337,1.0,True,93.602,98.2455,90.6471,2.3673,93.3608,"98.25,97.70,97.16,96.62,96.62,96.62,96.07,96.07,95.53,95.53,94.99,94.99,94.99,94.45,94.45,94.45,94.45,94.45,92.28,92.28,92.28,92.28,92.28,92.28,92.28,92.28,92.28,90.65,90.65,90.65,90.65,90.65,90.65,90.65,90.65,90.65"
Rec-022_10s_1,4,11,3218,core,335,331,0.0,4.0,0.9914,339,334,347,337,1.0,True,94.4915,100.4165,90.6471,2.5597,94.4463,"100.42,98.79,98.25,98.25,97.70,97.16,97.16,96.62,96.07,96.62,96.07,96.07,95.53,95.53,95.53,94.99,94.99,94.45,94.45,93.36,93.36,93.36,93.36,93.36,93.36,93.36,92.28,91.73,91.73,91.19,91.19,91.19,91.19,91.19,91.19,90.65"
Rec-022_10s_1,4,12,3219,core,340,331,0.0,5.0,0.9896,344,334,352,337,1.0,True,94.0844,100.4165,88.4761,2.8173,94.4463,"100.42,98.79,98.25,98.25,97.70,96.62,96.07,95.53,94.45,97.16,96.62,96.07,95.53,95.53,95.53,94.45,93.36,92.28,94.45,94.45,94.45,93.36,93.36,92.28,92.28,91.19,90.65,92.28,92.28,91.73,91.19,91.19,91.19,90.10,89.56,88.48"
Rec-022_10s_1,4,13,3220,core,344,331,0.0,4.0,0.9914,348,334,356,337,1.0,True,92.0793,100.9592,83.0486,4.0919,92.0039,"100.96,99.33,98.25,97.16,95.53,94.45,93.36,91.19,88.48,97.70,96.62,95.53,94.99,93.36,92.28,91.19,89.56,86.31,94.45,94.45,93.36,92.28,91.19,90.65,89.56,87.93,84.68,92.28,91.73,91.19,90.65,89.56,88.48,87.39,85.76,83.05"
Rec-022_10s_1,4,14,3221,core,349,331,0.0,5.0,0.9893,353,334,361,337,0.5556,False,82.6566,97.7027,73.822,7.6965,80.8776,"97.70,95.53,93.36,90.10,83.05,78.16,75.99,74.36,73.82,94.45,92.28,91.19,87.93,81.42,77.62,75.45,74.36,73.82,91.73,90.65,89.02,85.76,80.33,77.08,75.45,74.36,73.82,89.56,88.48,86.85,84.13,78.71,75.99,75.45,73.82,73.82"
Rec-022_10s_1,4,15,3222,core,353,331,0.0,4.0,0.9905,357,334,365,337,0.1111,False,75.7517,85.7624,73.2792,2.8561,74.3647,"85.76,79.79,77.08,75.45,74.91,74.36,73.82,73.82,73.82,83.05,78.16,76.54,75.45,74.36,73.82,73.82,73.82,73.82,80.88,77.62,75.99,74.91,74.36,74.36,73.82,73.82,73.82,79.79,77.08,75.45,74.36,74.36,73.82,73.82,73.82,73.28"
Rec-022_10s_1,4,16,3223,core,355,331,0.0,2.0,0.9884,359,334,367,337,0.0,False,74.7567,79.7922,73.2792,1.4049,74.3647,"79.79,77.62,75.99,75.45,74.36,74.36,73.82,73.82,73.28,77.62,75.99,75.45,74.91,74.36,73.82,73.82,73.82,73.82,76.54,75.45,74.91,74.36,74.36,73.82,73.82,73.82,73.28,75.99,75.45,74.91,73.82,73.82,73.82,73.82,73.82,73.28"
Rec-022_10s_1,5,1,3345,core,290,331,0.0,0.0,0.9836,294,334,302,337,1.0,True,91.9587,98.2455,86.8478,3.0256,91.7325,"98.25,97.16,96.07,96.07,96.07,95.53,95.53,95.53,94.99,93.36,92.28,93.36,93.36,93.36,93.36,93.36,92.28,92.28,89.56,89.56,90.65,90.65,91.19,91.19,90.65,90.65,90.65,86.85,87.93,87.93,88.48,88.48,88.48,88.48,88.48,88.48"
Rec-022_10s_1,5,2,3346,core,293,332,-18.43,3.16,0.9834,297,335,305,338,1.0,True,90.5415,95.5318,86.8478,2.4601,90.1043,"95.53,94.99,94.45,94.45,94.45,93.36,93.36,92.28,92.28,91.73,91.73,91.73,91.73,91.19,91.19,91.19,91.19,90.65,89.56,89.56,89.56,89.56,89.56,89.56,89.56,89.02,89.02,87.39,87.39,87.93,87.93,87.39,87.39,87.39,87.39,86.85"
Rec-022_10s_1,5,3,3347,core,297,331,14.04,4.12,0.9831,301,334,309,337,1.0,True,93.0593,103.1302,88.4761,3.245,92.2753,"103.13,99.87,98.25,97.16,96.07,95.53,94.45,94.45,93.36,97.16,95.53,94.99,94.45,94.45,93.36,92.28,92.28,91.73,93.36,92.28,92.28,92.28,91.73,91.19,91.19,90.65,90.10,90.65,90.10,90.10,89.56,89.56,89.56,89.56,89.02,88.48"
Rec-022_10s_1,5,4,3348,core,302,331,0.0,5.0,0.9854,306,334,314,337,1.0,True,92.1396,100.4165,87.9333,2.8587,91.7325,"100.42,98.25,96.62,95.53,94.99,94.45,93.36,92.28,91.73,96.07,94.99,94.45,93.36,92.28,92.28,91.73,91.19,90.65,93.36,92.28,91.73,91.19,91.19,90.65,90.10,89.56,89.56,90.65,90.10,89.56,89.56,89.56,89.02,88.48,87.93,87.93"
Rec-022_10s_1,5,5,3349,core,306,331,0.0,4.0,0.9857,310,334,318,337,1.0,True,91.7326,100.9592,87.9333,2.8605,91.1898,"100.96,98.25,96.07,94.99,94.45,93.36,92.28,92.28,91.19,95.53,94.45,93.36,92.28,92.28,91.73,91.19,91.19,90.10,92.28,92.28,91.19,91.19,90.65,90.10,89.56,89.56,89.02,90.65,89.56,89.56,89.56,89.02,88.48,87.93,87.93,87.93"
Rec-022_10s_1,5,6,3350,core,311,331,0.0,5.0,0.988,315,334,323,337,1.0,True,90.8883,97.7027,87.3906,2.3113,90.6471,"97.70,95.53,94.45,93.36,93.36,92.28,91.73,91.73,91.19,94.45,93.36,92.28,91.73,91.19,91.19,90.65,90.10,90.10,91.19,91.19,90.65,90.10,89.56,89.56,89.56,89.02,88.48,89.56,89.56,89.02,89.02,87.93,87.93,87.93,87.93,87.39"
Rec-022_10s_1,5,7,3351,core,320,331,0.0,9.0,0.9898,324,334,332,337,1.0,True,91.6572,97.16,88.4761,1.9989,91.1898,"97.16,95.53,94.45,94.45,93.36,93.36,93.36,93.36,93.36,93.36,93.36,92.28,92.28,92.28,92.28,91.73,91.19,91.19,91.19,91.19,91.19,91.19,91.19,91.19,90.65,90.10,90.10,89.56,89.56,89.56,89.56,89.56,89.56,89.02,88.48,88.48"
Rec-022_10s_1,5,8,3352,core,324,331,0.0,4.0,0.9882,328,334,336,337,1.0,True,92.6673,98.2455,89.5616,2.2655,92.818,"98.25,96.62,95.53,95.53,94.99,94.99,94.99,94.99,94.45,94.99,94.45,93.36,93.36,93.36,93.36,93.36,93.36,93.36,92.28,92.28,91.73,91.19,91.19,91.73,91.19,91.19,91.19,90.65,90.10,89.56,89.56,89.56,89.56,89.56,90.10,90.10"
Rec-022_10s_1,5,9,3353,core,338,331,0.0,14.0,0.992,342,334,350,337,1.0,True,94.7327,100.4165,90.6471,2.4723,94.4463,"100.42,99.33,98.25,98.25,98.25,97.70,97.16,96.62,96.07,96.62,96.07,96.07,95.53,95.53,95.53,95.53,94.99,94.45,94.45,94.45,94.45,93.36,93.36,93.36,93.36,93.36,92.28,92.28,92.28,92.28,92.28,91.73,91.73,91.19,91.19,90.65"
Rec-022_10s_1,5,10,3354,core,342,331,0.0,4.0,0.9887,346,334,354,337,1.0,True,93.9488,102.0447,87.9333,3.2373,93.9035,"102.04,100.42,98.79,98.25,97.70,96.62,95.53,94.45,93.36,97.70,96.62,96.07,96.07,95.53,94.45,93.36,92.28,91.19,94.99,94.45,94.45,94.45,93.36,92.28,91.19,90.65,89.56,92.28,92.28,92.28,91.73,91.19,90.65,89.56,88.48,87.93"
Rec-022_10s_1,5,11,3355,core,347,331,0.0,5.0,0.9915,351,334,359,337,0.7778,False,86.9986,99.8737,74.9074,7.4545,89.0188,"99.87,98.25,96.07,94.99,92.28,90.10,83.05,77.62,75.45,96.07,94.99,93.36,92.28,91.19,87.93,81.42,77.08,75.45,93.36,92.28,91.73,90.65,88.48,85.76,80.33,76.54,74.91,91.19,90.65,89.56,88.48,86.85,84.13,78.71,75.99,74.91"
Rec-022_10s_1,5,12,3356,core,351,331,0.0,4.0,0.9875,355,334,363,337,0.3333,False,79.1288,97.16,73.2792,6.6425,75.9929,"97.16,92.28,84.13,78.71,75.99,75.45,74.36,73.82,73.82,92.28,89.56,83.05,78.16,75.99,74.36,74.36,73.82,73.82,90.10,87.39,80.88,77.62,75.99,74.36,73.82,73.82,73.82,87.93,84.68,79.79,76.54,75.45,74.36,73.82,73.82,73.28"
Rec-022_10s_1,5,13,3357,core,355,331,0.0,4.0,0.9902,359,334,367,337,0.0,False,74.7265,79.7922,73.2792,1.4014,74.3647,"79.79,77.62,75.99,74.91,74.91,74.36,73.82,73.82,73.82,77.62,75.99,75.45,74.91,74.36,73.82,73.82,73.82,73.28,76.54,75.45,74.91,74.36,74.36,73.82,73.82,73.82,73.28,75.99,74.91,74.36,74.36,73.82,73.82,73.82,73.28,73.28"
Rec-022_10s_1,6,1,3482,core,291,332,-45.0,1.41,0.9836,295,335,303,338,1.0,True,90.9184,94.989,86.8478,2.5824,90.3757,"94.99,94.99,94.99,94.99,94.45,94.45,94.45,94.45,93.36,91.19,91.73,92.28,92.28,92.28,92.28,91.73,91.73,91.19,88.48,89.56,89.56,89.56,89.56,89.56,89.56,89.56,89.56,86.85,87.93,87.93,87.93,87.93,87.93,87.93,87.93,87.93"
Rec-022_10s_1,6,2,3483,core,296,331,11.31,5.1,0.9825,300,334,308,337,1.0,True,93.3005,101.502,89.0188,2.9137,92.818,"101.50,98.79,98.25,97.16,96.07,95.53,94.99,94.45,93.36,96.62,96.07,95.53,94.99,94.45,94.45,93.36,92.28,92.28,93.36,93.36,92.28,92.28,92.28,91.73,91.19,91.19,90.65,91.19,90.65,90.65,90.10,90.10,89.56,89.56,89.56,89.02"
Rec-022_10s_1,6,3,3484,core,300,331,0.0,4.0,0.9855,304,334,312,337,1.0,True,93.2402,102.0447,89.0188,2.9537,92.818,"102.04,99.33,97.70,96.62,95.53,95.53,94.99,94.45,93.36,97.16,95.53,95.53,94.45,94.45,93.36,93.36,92.28,91.73,94.45,93.36,92.28,92.28,92.28,91.19,91.19,91.19,90.65,91.19,91.19,90.65,90.10,90.10,89.56,89.56,89.02,89.02"
Rec-022_10s_1,6,4,3485,core,305,331,0.0,5.0,0.9844,309,334,317,337,1.0,True,92.5014,99.331,88.4761,2.534,92.2753,"99.33,97.70,96.07,95.53,94.99,94.45,94.45,93.36,93.36,95.53,94.99,94.45,94.45,93.36,92.28,92.28,91.73,91.19,93.36,92.28,92.28,91.73,91.19,91.19,91.19,90.65,89.56,90.65,90.65,90.10,89.56,89.56,89.56,89.56,89.02,88.48"
Rec-022_10s_1,6,5,3486,core,309,331,0.0,4.0,0.9878,313,334,321,337,1.0,True,92.3205,99.8737,88.4761,2.6104,91.7325,"99.87,97.70,96.62,95.53,94.99,94.45,93.36,93.36,92.28,95.53,94.99,94.45,93.36,92.28,92.28,91.73,91.73,91.19,93.36,92.28,91.73,91.19,91.19,91.19,90.65,90.10,89.56,90.65,90.65,90.10,90.10,89.56,89.56,89.02,88.48,88.48"
Rec-022_10s_1,6,6,3487,core,314,331,0.0,5.0,0.9866,318,334,326,337,1.0,True,91.7476,98.2455,88.4761,2.2541,91.1898,"98.25,96.07,95.53,94.45,94.45,93.36,93.36,92.28,92.28,94.45,93.36,93.36,93.36,92.28,91.73,91.19,91.19,91.19,92.28,91.19,91.19,91.19,90.65,90.65,90.10,90.10,90.10,90.65,89.56,89.56,89.56,89.02,88.48,88.48,89.02,89.02"
Rec-022_10s_1,6,7,3488,core,318,331,0.0,4.0,0.9893,322,334,330,337,1.0,True,91.9738,98.7882,89.0188,2.2284,91.4612,"98.79,96.62,95.53,94.45,94.45,93.36,93.36,93.36,93.36,94.99,93.36,93.36,92.28,92.28,91.73,91.73,91.73,91.19,91.73,91.19,91.19,91.19,91.19,91.19,91.19,90.65,90.10,89.56,89.56,89.56,89.56,89.56,89.56,89.56,89.56,89.02"
Rec-022_10s_1,6,8,3489,core,323,331,0.0,5.0,0.9885,327,334,335,337,1.0,True,92.4562,97.7027,89.5616,2.1291,92.2753,"97.70,96.07,95.53,94.99,94.45,94.99,94.45,94.99,94.45,94.45,93.36,93.36,93.36,92.28,93.36,92.28,93.36,93.36,92.28,91.73,91.73,91.19,91.19,91.19,91.19,91.19,91.19,90.65,90.65,90.10,89.56,89.56,89.56,89.56,89.56,89.56"
Rec-022_10s_1,6,9,3490,core,327,331,0.0,4.0,0.9903,331,334,339,337,1.0,True,93.4663,98.7882,90.6471,2.1816,93.3608,"98.79,97.16,96.62,96.07,96.07,95.53,95.53,95.53,95.53,94.99,94.45,94.45,94.45,94.45,94.45,94.45,94.45,94.45,92.28,92.28,92.28,92.28,92.28,92.28,92.28,92.28,92.28,90.65,90.65,90.65,90.65,90.65,90.65,91.19,91.19,90.65"
Rec-022_10s_1,6,10,3491,core,332,331,0.0,5.0,0.9901,336,334,344,337,1.0,True,94.4463,99.331,91.1898,2.2991,94.1749,"99.33,98.25,97.70,97.70,97.16,97.16,97.16,96.62,96.62,96.07,95.53,95.53,95.53,95.53,95.53,94.99,94.99,94.99,93.36,93.36,93.36,93.36,93.36,93.36,93.36,93.36,93.36,91.73,91.73,91.19,91.73,91.19,91.73,91.73,91.19,91.19"
Rec-022_10s_1,6,11,3492,core,336,331,0.0,4.0,0.9908,340,334,348,337,1.0,True,95.1548,101.502,91.1898,2.5579,94.7176,"101.50,99.87,98.79,98.25,98.25,98.25,97.70,97.70,97.16,97.16,96.62,96.07,96.07,96.07,95.53,95.53,95.53,94.99,94.45,94.45,94.45,94.45,94.45,94.45,93.36,93.36,93.36,92.28,92.28,92.28,92.28,92.28,91.73,91.73,91.73,91.19"
Rec-022_10s_1,6,12,3493,core,341,331,0.0,5.0,0.9915,345,334,353,337,1.0,True,94.6724,101.502,89.0188,2.9902,94.4463,"101.50,100.42,99.33,98.79,98.25,97.70,96.62,95.53,94.45,97.70,97.70,97.16,96.62,96.07,95.53,94.99,93.36,92.28,94.99,94.99,94.45,94.45,94.45,93.36,92.28,91.73,90.65,92.28,92.28,92.28,92.28,92.28,91.19,91.19,90.10,89.02"
Rec-022_10s_1,6,13,3494,core,345,331,0.0,4.0,0.9907,349,334,357,337,1.0,True,91.3104,102.0447,78.7067,5.4592,92.2753,"102.04,99.87,98.25,97.16,95.53,94.45,92.28,89.56,81.42,98.25,97.16,95.53,94.99,93.36,92.28,90.65,87.93,80.88,94.99,94.45,93.36,92.28,91.19,90.10,88.48,85.76,80.33,92.28,92.28,91.73,90.65,89.56,88.48,86.85,84.13,78.71"
Rec-022_10s_1,6,14,3495,core,350,331,0.0,5.0,0.9908,354,334,362,337,0.4444,False,80.9681,97.16,73.2792,7.5297,77.6212,"97.16,94.45,91.19,83.05,77.62,75.99,74.36,73.82,73.82,94.45,91.73,89.02,82.51,77.62,75.99,74.36,73.82,73.82,91.19,89.56,87.39,81.42,77.62,75.45,74.36,73.82,73.82,89.56,87.93,85.22,79.79,76.54,75.45,73.82,73.82,73.28"
Rec-022_10s_1,6,15,3496,core,354,331,0.0,4.0,0.99,358,334,366,337,0.0,False,74.9678,81.4204,73.2792,1.9222,74.0933,"81.42,77.62,75.99,75.45,74.36,73.82,73.82,73.82,73.28,79.79,77.08,75.99,74.36,74.36,73.82,73.82,73.82,73.28,78.16,75.99,75.45,74.36,73.82,73.82,73.82,73.82,73.28,77.62,75.99,74.91,74.36,73.82,73.82,73.28,73.28,73.28"
Rec-022_10s_1,6,16,3497,core,355,331,0.0,1.0,0.9879,359,334,367,337,0.0,False,74.5607,79.7922,73.2792,1.4254,73.822,"79.79,77.08,75.99,74.91,74.36,73.82,73.82,73.82,73.28,77.62,75.99,74.91,74.36,73.82,73.82,73.82,73.82,73.28,76.54,75.45,74.91,74.36,73.82,73.82,73.82,73.28,73.28,75.99,74.91,74.36,73.82,73.82,73.82,73.28,73.28,73.28"
Rec-024_90s_1,1,1,4801,core,292,332,-26.57,2.24,0.983,296,335,304,338,1.0,True,72.5857,79.7922,67.8518,3.1637,71.9223,"79.79,78.71,77.62,77.62,76.54,75.99,75.45,74.91,74.91,75.45,74.91,74.36,73.82,73.82,73.28,72.74,72.19,71.65,72.19,71.65,71.65,71.65,70.57,70.57,70.57,69.48,69.48,70.57,70.02,69.48,69.48,68.94,68.39,68.39,68.39,67.85"
Rec-024_90s_1,1,2,4802,core,297,331,11.31,5.1,0.9801,301,334,309,337,1.0,True,75.013,84.6769,68.9373,3.9322,74.6361,"84.68,83.05,81.42,80.33,79.79,78.71,78.71,77.62,77.62,78.71,77.62,77.08,76.54,75.99,75.99,75.45,74.91,73.82,74.91,74.36,73.82,73.82,72.74,72.74,72.19,71.65,71.65,71.65,71.65,71.65,70.57,70.57,70.02,70.02,69.48,68.94"
Rec-024_90s_1,1,3,4803,core,301,331,0.0,4.0,0.9831,305,334,313,337,1.0,True,75.0431,85.7624,69.48,3.9624,74.3647,"85.76,83.05,81.42,80.33,79.79,78.71,78.16,77.62,77.62,78.71,77.62,77.08,76.54,75.99,75.45,75.45,74.36,74.36,74.91,74.36,73.82,73.82,73.28,72.74,72.19,71.65,71.65,71.65,71.65,71.65,70.57,70.57,70.02,70.02,69.48,69.48"
Rec-024_90s_1,1,4,4804,core,306,331,0.0,5.0,0.9812,310,334,318,337,1.0,True,74.8471,84.1341,70.0227,3.5562,74.3647,"84.13,81.42,80.33,79.79,78.71,78.71,78.16,77.62,77.62,78.16,77.62,76.54,75.99,75.99,75.45,74.91,74.91,74.36,74.36,73.82,73.82,73.28,72.74,72.74,72.19,72.19,72.19,71.65,71.65,71.65,70.57,70.57,70.57,70.02,70.02,70.02"
Rec-024_90s_1,1,5,4805,core,310,331,0.0,4.0,0.9835,314,334,322,337,1.0,True,75.3748,84.6769,70.5655,3.6096,74.9074,"84.68,83.05,80.88,79.79,79.79,78.71,78.71,78.16,78.16,78.71,77.62,77.08,76.54,75.99,75.99,75.99,75.45,75.45,74.36,74.36,73.82,73.82,73.28,73.28,73.28,72.74,73.28,72.19,72.19,71.65,71.65,70.57,70.57,70.57,70.57,70.57"
Rec-024_90s_1,1,6,4806,core,315,331,0.0,5.0,0.9831,319,334,327,337,1.0,True,76.1739,84.1341,72.1937,3.274,75.9929,"84.13,81.96,80.88,80.33,79.79,79.79,79.79,79.79,79.79,78.71,77.62,77.62,77.08,77.08,76.54,77.08,77.08,77.08,75.45,74.36,74.36,74.36,74.36,74.36,74.36,74.36,74.36,72.19,72.19,72.19,72.19,72.19,72.19,72.19,72.19,72.19"
Rec-024_90s_1,1,7,4807,core,319,331,0.0,4.0,0.9852,323,334,331,337,1.0,True,77.6966,85.2196,73.2792,3.4258,77.0784,"85.22,83.05,82.51,81.96,81.42,81.96,81.96,82.51,83.05,79.79,78.71,78.71,78.16,78.16,78.16,78.71,78.71,78.71,75.99,75.99,75.99,75.99,75.99,75.99,75.99,75.99,75.99,73.28,73.28,73.28,73.28,73.28,73.82,73.82,73.82,73.82"
Rec-024_90s_1,1,8,4808,core,324,331,0.0,5.0,0.9849,328,334,336,337,1.0,True,79.2645,85.7624,74.9074,3.4646,78.7067,"85.76,84.68,84.13,84.13,84.13,84.13,83.59,83.59,83.59,80.88,80.88,80.33,80.33,80.33,80.33,80.33,79.79,80.33,77.62,77.62,77.62,77.62,77.62,77.62,77.62,77.62,77.08,74.91,74.91,74.91,74.91,74.91,74.91,74.91,74.91,74.91"
Rec-024_90s_1,1,9,4809,core,328,331,0.0,4.0,0.9858,332,334,340,337,1.0,True,80.3198,89.0188,75.9929,3.6643,79.7922,"89.02,86.85,85.76,85.22,85.22,84.68,84.68,84.13,84.13,83.05,81.96,81.96,81.42,80.88,80.88,80.88,80.88,80.88,78.71,78.71,78.71,78.71,78.16,78.16,78.16,78.16,77.62,75.99,75.99,75.99,75.99,75.99,75.99,75.99,75.99,75.99"
Rec-024_90s_1,1,10,4810,core,333,331,0.0,5.0,0.9874,337,334,345,337,1.0,True,80.9681,88.4761,75.9929,3.5876,80.3349,"88.48,87.39,86.31,85.76,85.76,85.22,85.22,85.22,84.68,83.05,83.05,83.05,82.51,81.96,81.96,81.42,81.42,80.88,79.79,79.79,79.79,79.79,78.71,78.71,78.71,78.16,78.16,77.08,77.08,77.08,77.08,76.54,76.54,76.54,75.99,75.99"
Rec-024_90s_1,1,11,4811,core,337,331,0.0,4.0,0.987,341,334,349,337,1.0,True,81.2545,89.5616,75.9929,3.6718,80.6063,"89.56,88.48,87.39,86.31,85.76,85.76,85.22,84.13,84.13,84.13,83.59,83.05,83.05,82.51,81.96,81.42,80.88,80.88,80.33,80.33,79.79,79.79,79.79,78.71,78.71,78.16,78.16,77.62,77.62,77.62,77.62,77.08,77.08,76.54,75.99,75.99"
Rec-024_90s_1,1,12,4812,core,342,331,0.0,5.0,0.9877,346,334,354,337,1.0,True,80.5158,88.4761,74.9074,3.494,80.0635,"88.48,87.39,85.76,85.76,84.68,84.13,84.13,83.59,83.05,83.59,83.05,82.51,81.96,81.42,80.88,80.88,80.33,79.79,80.33,79.79,79.79,78.71,78.71,78.71,78.16,77.62,77.08,77.62,77.62,77.08,77.08,76.54,75.99,75.99,75.45,74.91"
Rec-024_90s_1,1,13,4813,core,346,331,0.0,4.0,0.9853,350,334,358,337,0.7778,False,79.2042,89.0188,74.3647,3.7502,77.8925,"89.02,86.85,85.76,84.68,84.13,83.05,79.79,77.08,75.99,84.13,83.05,81.96,80.88,80.88,80.33,77.62,75.99,75.45,80.33,79.79,78.71,78.71,78.16,77.62,75.99,75.99,75.45,77.62,77.08,77.08,76.54,75.99,75.45,74.91,74.91,74.36"
Rec-024_90s_1,1,14,4814,core,351,331,0.0,5.0,0.9839,355,334,363,337,0.2222,False,76.5508,86.3051,74.3647,2.4822,75.7216,"86.31,81.96,78.71,77.08,75.99,75.99,75.45,75.45,74.91,81.96,79.79,77.62,76.54,75.99,75.45,75.45,74.91,74.91,78.71,77.62,76.54,75.99,75.45,74.91,74.91,74.91,74.91,76.54,75.99,75.99,75.45,74.91,74.91,74.91,74.36,74.36"
Rec-024_90s_1,1,15,4815,core,355,331,0.0,4.0,0.9845,359,334,367,337,0.0,False,75.4804,78.7067,73.822,1.0068,75.4502,"78.71,77.62,76.54,75.99,75.99,75.45,75.45,74.91,74.91,77.62,76.54,75.99,75.99,75.45,75.45,74.91,74.91,74.36,75.99,75.99,75.45,75.45,75.45,74.91,74.91,74.36,74.36,75.99,75.45,75.45,74.91,74.91,74.36,74.36,74.36,73.82"
Rec-024_90s_1,1,16,4816,core,355,330,90.0,1.0,0.9887,359,333,367,336,0.0,False,75.9477,81.4204,74.3647,1.3741,75.7216,"81.42,78.71,77.62,76.54,75.99,75.99,75.45,74.91,74.91,78.16,77.62,76.54,75.99,75.99,75.45,75.45,74.91,74.91,77.08,75.99,75.99,75.99,75.45,75.45,74.91,74.91,74.36,75.99,75.99,75.99,75.45,75.45,74.91,74.91,74.36,74.36"
Rec-024_90s_1,2,1,4943,core,290,331,0.0,0.0,0.9797,294,334,302,337,1.0,True,82.9431,92.2753,76.5357,4.4164,82.2345,"92.28,90.65,89.56,89.56,89.02,87.93,87.93,87.39,86.85,85.76,85.22,85.22,85.22,84.68,84.13,84.13,83.59,83.05,80.88,81.42,81.42,80.88,80.88,80.88,80.33,79.79,79.79,77.62,78.16,77.62,77.62,77.62,77.62,77.62,77.08,76.54"
Rec-024_90s_1,2,2,4944,core,296,331,0.0,6.0,0.982,300,334,308,337,1.0,True,83.32,94.989,77.0784,4.3935,83.0486,"94.99,92.28,90.10,89.02,87.93,87.93,86.85,86.31,86.31,87.93,86.31,85.76,84.68,84.13,84.13,83.59,83.05,83.05,83.05,82.51,81.96,81.42,80.88,80.88,80.33,80.33,79.79,79.79,78.71,78.71,78.71,78.16,77.62,77.62,77.62,77.08"
Rec-024_90s_1,2,3,4945,core,301,331,0.0,5.0,0.9822,305,334,313,337,1.0,True,82.8526,92.2753,76.5357,4.0497,82.5059,"92.28,90.65,89.02,88.48,87.93,86.85,86.85,86.31,85.22,86.85,85.76,84.68,84.68,84.13,83.59,83.59,83.05,82.51,82.51,81.96,81.96,80.88,80.88,80.88,80.33,79.79,79.79,78.71,78.71,78.71,78.16,78.16,77.62,77.62,77.08,76.54"
Rec-024_90s_1,2,4,4946,core,305,331,0.0,4.0,0.9839,309,334,317,337,1.0,True,82.928,93.3608,77.6212,3.9721,82.7773,"93.36,91.19,89.56,87.93,86.85,85.76,86.31,85.76,85.22,87.39,85.76,85.22,84.13,84.13,83.59,83.05,83.05,82.51,83.05,81.96,81.96,81.42,80.88,80.88,80.33,80.33,79.79,78.71,78.71,78.71,78.71,78.16,78.16,77.62,77.62,77.62"
Rec-024_90s_1,2,5,4947,core,310,331,0.0,5.0,0.9842,314,334,322,337,1.0,True,82.536,91.1898,77.6212,3.5335,82.7773,"91.19,89.56,87.93,86.85,85.76,85.76,85.76,85.76,85.76,85.76,84.68,84.13,84.13,83.59,83.05,83.05,83.05,83.05,82.51,81.96,81.42,80.88,80.88,80.88,80.33,80.33,80.33,78.71,78.71,78.71,78.16,78.16,77.62,77.62,77.62,77.62"
Rec-024_90s_1,2,6,4948,core,314,331,0.0,4.0,0.9845,318,334,326,337,1.0,True,83.4104,91.7325,78.7067,3.6206,83.32,"91.73,89.56,88.48,87.93,87.93,87.39,87.39,87.39,87.39,86.31,85.76,84.68,84.68,84.13,84.13,84.13,84.13,84.13,82.51,81.96,81.96,81.96,81.96,81.42,81.42,81.42,81.42,78.71,79.79,78.71,78.71,78.71,78.71,78.71,78.71,78.71"
Rec-024_90s_1,2,7,4949,core,319,331,0.0,5.0,0.9862,323,334,331,337,1.0,True,84.511,91.7325,79.7922,3.5448,84.1341,"91.73,90.10,89.56,89.02,89.02,89.02,89.02,88.48,88.48,86.85,85.76,85.76,85.76,85.76,85.76,85.76,85.76,85.22,83.05,83.05,83.05,83.05,83.05,83.05,82.51,83.05,82.51,80.33,79.79,80.33,79.79,79.79,79.79,79.79,79.79,79.79"
Rec-024_90s_1,2,8,4950,core,323,331,0.0,4.0,0.9854,327,334,335,337,1.0,True,85.2045,93.3608,80.8776,3.5876,84.6769,"93.36,92.28,91.19,90.10,89.56,89.56,88.48,88.48,87.93,87.93,87.93,86.85,86.31,86.31,85.76,85.76,85.76,85.22,84.13,84.13,83.59,83.59,83.05,83.05,83.05,83.05,83.05,80.88,80.88,80.88,80.88,80.88,80.88,80.88,80.88,80.88"
Rec-024_90s_1,2,9,4951,core,328,331,0.0,5.0,0.9879,332,334,340,337,1.0,True,85.3854,93.3608,81.4204,3.1174,84.9482,"93.36,91.19,90.10,89.56,89.02,87.93,87.93,87.93,89.02,87.93,87.39,87.39,86.31,85.76,85.76,85.76,85.76,86.31,84.13,84.13,84.13,84.13,83.59,83.59,83.59,83.59,84.13,81.96,81.96,81.96,81.42,81.42,81.42,81.42,81.42,81.42"
Rec-024_90s_1,2,10,4952,core,332,331,0.0,4.0,0.9875,336,334,344,337,1.0,True,86.8931,93.3608,82.5059,3.3661,86.5765,"93.36,91.19,90.65,90.10,90.65,91.19,92.28,92.28,92.28,88.48,87.93,87.39,87.39,87.93,87.93,88.48,89.02,89.02,85.22,84.68,84.68,84.68,84.68,85.22,85.22,85.76,85.76,83.05,82.51,82.51,82.51,82.51,82.51,83.05,83.05,83.05"
Rec-024_90s_1,2,11,4953,core,337,331,0.0,5.0,0.9891,341,334,349,337,1.0,True,88.1444,94.4463,82.5059,3.991,87.3906,"94.45,94.45,94.45,94.45,94.45,93.36,93.36,92.28,92.28,90.10,90.10,90.10,90.10,90.10,89.56,89.56,89.02,88.48,86.31,86.31,86.31,86.31,86.31,85.76,85.76,85.22,84.68,83.59,83.59,83.59,83.59,83.59,83.05,83.05,83.05,82.51"
Rec-024_90s_1,2,12,4954,core,341,331,0.0,4.0,0.984,345,334,353,337,1.0,True,88.0087,98.2455,80.8776,4.3891,87.662,"98.25,96.07,95.53,94.45,93.36,92.28,92.28,91.19,90.10,92.28,91.19,90.65,90.10,89.56,89.02,88.48,87.93,86.31,87.93,87.39,86.85,86.31,85.76,85.76,85.22,84.13,83.59,84.13,84.13,83.59,83.59,83.05,83.05,82.51,81.42,80.88"
Rec-024_90s_1,2,13,4955,core,346,331,0.0,5.0,0.984,350,334,358,337,0.7778,False,83.6668,95.5318,75.4502,5.51,83.0486,"95.53,94.45,92.28,91.19,89.56,88.48,83.05,78.71,76.54,90.65,89.56,89.02,87.93,86.31,85.22,80.88,77.62,76.54,86.31,85.76,85.22,84.13,83.05,81.96,78.71,77.08,75.99,83.59,83.05,82.51,81.42,80.88,79.79,77.62,75.99,75.45"
Rec-024_90s_1,2,14,4956,core,350,331,0.0,4.0,0.9809,354,334,362,337,0.3333,False,79.0233,93.3608,74.9074,4.7684,76.8071,"93.36,90.65,85.22,79.79,77.62,76.54,75.99,75.45,75.45,88.48,86.31,82.51,78.71,77.62,75.99,75.99,75.45,75.45,84.68,83.05,80.33,77.62,76.54,75.99,75.45,74.91,74.91,81.42,80.88,78.71,77.08,75.99,75.45,75.45,74.91,74.91"
Rec-024_90s_1,2,15,4957,core,355,331,0.0,5.0,0.9812,359,334,367,337,0.0,False,75.6311,78.7067,74.3647,0.9487,75.4502,"78.71,77.62,76.54,75.99,75.99,75.99,75.45,74.91,74.91,77.62,76.54,75.99,75.99,75.45,75.45,74.91,74.91,74.36,76.54,75.99,75.99,75.45,75.45,75.45,74.91,74.91,74.36,75.99,75.99,75.45,75.45,74.91,74.91,74.91,74.36,74.36"
Rec-024_90s_1,2,16,4958,core,355,330,90.0,1.0,0.9888,359,333,367,336,0.0,False,76.0683,81.4204,74.3647,1.3964,75.9929,"81.42,78.71,77.62,76.54,75.99,75.99,75.45,75.45,74.91,78.71,77.62,76.54,75.99,75.99,75.45,75.45,74.91,74.36,77.62,76.54,75.99,75.99,75.99,75.45,74.91,74.91,74.36,76.54,75.99,75.99,75.99,75.45,75.45,74.91,74.91,74.36"
Rec-024_90s_1,3,1,5090,core,290,332,-90.0,1.0,0.9808,294,335,302,338,1.0,True,83.8778,89.5616,78.7067,3.3273,83.32,"89.56,89.02,89.02,89.02,88.48,88.48,87.93,87.93,87.39,85.76,85.22,85.76,85.22,85.22,84.68,84.68,84.68,84.13,82.51,82.51,82.51,82.51,82.51,82.51,81.96,81.96,81.42,79.79,79.79,79.79,79.79,79.79,79.79,79.79,79.79,78.71"
Rec-024_90s_1,3,2,5091,core,293,332,0.0,3.0,0.9801,297,335,305,338,1.0,True,84.5563,91.7325,79.7922,3.4281,83.8627,"91.73,90.65,89.56,89.56,89.56,88.48,87.93,87.93,87.93,87.39,86.85,86.31,85.76,85.76,85.76,85.22,84.68,84.13,83.59,83.59,83.05,83.05,83.05,82.51,82.51,81.96,81.96,80.88,80.88,80.88,80.88,80.33,80.33,79.79,79.79,79.79"
Rec-024_90s_1,3,3,5092,core,298,331,11.31,5.1,0.9838,302,334,310,337,1.0,True,87.2549,97.7027,81.4204,3.9437,86.8478,"97.70,95.53,93.36,92.28,91.19,90.65,90.10,89.56,89.56,91.19,90.10,89.56,89.02,88.48,87.93,87.93,87.39,86.85,86.85,86.85,86.31,85.76,85.76,85.22,84.68,84.13,84.13,83.59,83.59,83.05,83.05,82.51,82.51,81.96,81.42,81.42"
Rec-024_90s_1,3,4,5093,core,302,331,0.0,4.0,0.982,306,334,314,337,1.0,True,87.074,98.2455,81.4204,3.8725,86.5765,"98.25,94.99,92.28,91.73,91.19,90.10,89.56,89.56,89.02,91.73,90.10,89.56,88.48,87.93,87.93,87.39,86.31,85.76,87.39,86.85,86.31,85.76,85.22,84.68,84.68,84.13,83.59,84.13,83.59,83.05,83.05,83.05,82.51,81.96,81.42,81.42"
Rec-024_90s_1,3,5,5094,core,307,331,0.0,5.0,0.9855,311,334,319,337,1.0,True,86.6971,95.5318,81.9631,3.4436,86.3051,"95.53,93.36,91.73,91.19,91.19,90.10,89.56,89.02,88.48,90.65,89.56,88.48,87.93,87.93,87.39,86.85,86.31,86.31,86.85,85.76,85.76,85.22,84.68,84.68,84.13,84.13,84.13,83.59,83.05,83.05,83.05,83.05,82.51,81.96,81.96,81.96"
Rec-024_90s_1,3,6,5095,core,311,331,0.0,4.0,0.9828,315,334,323,337,1.0,True,87.0589,97.16,82.5059,3.4641,86.8478,"97.16,94.45,91.73,91.19,90.10,90.10,89.56,89.56,89.56,90.65,89.56,88.48,87.93,87.93,87.93,87.39,87.39,87.39,86.31,85.76,85.76,85.76,85.76,85.22,85.22,84.68,84.68,83.59,83.05,83.05,83.05,83.05,83.05,83.05,82.51,82.51"
Rec-024_90s_1,3,7,5096,core,321,331,0.0,10.0,0.9855,325,334,333,337,1.0,True,88.1896,94.989,84.1341,3.1139,87.662,"94.99,93.36,92.28,92.28,92.28,92.28,91.73,90.65,90.65,90.65,90.10,89.56,89.56,89.56,89.56,89.56,88.48,87.93,87.39,87.39,87.39,87.39,86.85,86.85,86.85,86.31,85.76,84.13,84.13,84.13,84.13,84.13,84.13,84.13,84.13,84.13"
Rec-024_90s_1,3,8,5097,core,325,331,0.0,4.0,0.9884,329,334,337,337,1.0,True,88.5213,96.6172,84.1341,3.0845,88.4761,"96.62,94.99,93.36,91.73,91.73,91.19,90.65,90.65,91.19,91.73,91.19,90.10,89.56,89.56,89.02,88.48,88.48,88.48,88.48,87.93,87.93,87.39,86.85,86.85,86.31,86.31,86.31,85.76,85.22,85.22,85.22,84.68,84.68,84.68,84.13,84.13"
Rec-024_90s_1,3,9,5098,core,334,331,0.0,9.0,0.9899,338,334,346,337,1.0,True,90.4511,95.5318,85.7624,3.4944,90.1043,"95.53,94.45,94.45,94.99,95.53,95.53,95.53,95.53,95.53,91.19,91.19,91.19,91.73,92.28,92.28,92.28,92.28,92.28,88.48,88.48,88.48,89.02,89.02,89.02,89.02,89.02,89.02,85.76,85.76,85.76,86.31,85.76,85.76,86.31,85.76,85.76"
Rec-024_90s_1,3,10,5099,core,339,331,0.0,5.0,0.9892,343,334,351,337,1.0,True,91.3104,98.2455,85.7624,3.6968,90.6471,"98.25,97.70,97.16,96.62,96.07,95.53,95.53,95.53,94.45,93.36,93.36,93.36,93.36,93.36,92.28,92.28,92.28,91.19,90.10,90.10,90.10,89.56,89.56,89.56,89.56,89.02,87.93,87.39,87.39,87.39,86.85,86.85,86.31,86.31,85.76,85.76"
Rec-024_90s_1,3,11,5100,core,352,331,0.0,13.0,0.9879,356,334,364,337,0.1111,False,77.4855,90.1043,74.3647,3.4048,75.9929,"90.10,82.51,78.71,77.62,76.54,75.99,75.99,75.45,75.45,85.76,80.88,78.16,77.08,75.99,75.99,75.45,75.45,74.91,83.59,79.79,77.62,76.54,75.99,75.45,75.45,74.91,74.91,81.42,78.16,76.54,75.99,75.45,75.45,74.91,74.91,74.36"
Rec-024_90s_1,3,12,5101,core,355,331,0.0,3.0,0.9891,359,334,367,337,0.0,False,75.8422,79.7922,74.3647,1.1697,75.7216,"79.79,78.16,77.08,76.54,75.99,75.99,75.45,75.45,74.91,78.16,77.08,76.54,75.99,75.99,75.99,75.45,74.91,74.91,77.08,75.99,75.99,75.99,75.45,74.91,74.91,74.36,74.36,76.54,75.99,75.45,75.45,74.91,74.91,74.91,74.36,74.36"
Rec-024_90s_1,4,1,5226,core,290,331,0.0,0.0,0.9822,294,334,302,337,1.0,True,88.7625,95.5318,84.1341,3.5555,88.7475,"95.53,94.45,94.45,94.45,93.36,93.36,92.28,92.28,92.28,90.10,90.10,90.65,90.65,90.10,90.10,90.10,89.56,89.56,86.85,86.85,87.39,87.39,87.93,87.39,87.39,86.85,86.85,84.13,84.13,84.13,84.13,84.13,84.13,84.13,84.13,84.13"
Rec-024_90s_1,4,2,5227,core,291,332,-45.0,1.41,0.9828,295,335,303,338,1.0,True,86.4709,91.7325,81.9631,3.0936,86.0337,"91.73,91.19,91.19,91.19,91.19,90.65,90.10,89.56,89.56,87.93,88.48,87.93,87.93,87.93,87.93,87.39,87.39,86.85,84.68,85.22,85.22,85.22,85.22,84.68,84.68,84.13,84.13,82.51,83.05,83.05,83.05,83.05,82.51,82.51,81.96,81.96"
Rec-024_90s_1,4,3,5228,core,300,331,6.34,9.06,0.9833,304,334,312,337,1.0,True,88.9133,97.7027,84.1341,3.3696,89.0188,"97.70,95.53,94.45,93.36,92.28,91.73,91.19,90.65,90.10,92.28,91.73,91.19,90.10,89.56,89.56,89.56,89.02,88.48,89.56,89.02,88.48,87.93,87.93,87.39,86.31,86.31,85.76,85.76,85.76,85.76,85.22,84.68,84.13,84.13,84.13,84.13"
Rec-024_90s_1,4,4,5229,core,304,331,0.0,4.0,0.985,308,334,316,337,1.0,True,89.0037,98.2455,84.1341,3.4314,89.2902,"98.25,95.53,94.45,93.36,92.28,91.73,91.19,91.19,90.65,92.28,91.73,91.19,90.65,90.10,89.56,89.56,89.56,89.02,89.56,89.02,88.48,87.93,87.39,86.85,86.31,86.31,85.76,85.76,85.76,85.76,85.22,85.22,84.13,84.13,84.13,84.13"
Rec-024_90s_1,4,5,5230,core,309,331,0.0,5.0,0.9857,313,334,321,337,1.0,True,88.5967,96.0745,84.1341,3.0464,88.4761,"96.07,94.45,93.36,92.28,91.73,91.19,91.19,90.65,90.10,91.73,91.19,91.19,90.10,89.56,89.56,89.02,88.48,88.48,88.48,87.93,87.93,87.93,86.85,86.85,86.31,86.85,86.31,85.76,85.76,85.22,85.22,84.68,84.68,84.13,84.13,84.13"
Rec-024_90s_1,4,6,5231,core,313,331,0.0,4.0,0.9868,317,334,325,337,1.0,True,89.0641,97.16,85.2196,2.9322,89.0188,"97.16,94.99,93.36,92.28,92.28,91.73,91.19,91.19,91.19,91.73,91.19,90.65,90.10,89.56,89.56,89.56,89.56,89.56,88.48,87.93,87.93,87.93,87.93,87.93,87.39,87.39,87.39,85.76,85.76,85.76,85.76,85.22,85.22,85.22,85.22,85.22"
Rec-024_90s_1,4,7,5232,core,318,331,0.0,5.0,0.988,322,334,330,337,1.0,True,89.4862,96.0745,85.7624,2.7561,89.2902,"96.07,94.45,93.36,93.36,92.28,92.28,92.28,91.73,91.19,92.28,91.19,91.19,90.65,90.65,90.10,90.10,90.10,89.56,89.02,89.02,88.48,88.48,88.48,87.93,87.93,87.93,87.93,86.31,86.31,86.31,85.76,85.76,85.76,85.76,85.76,85.76"
Rec-024_90s_1,4,8,5233,core,322,331,0.0,4.0,0.9882,326,334,334,337,1.0,True,89.7274,97.16,85.7624,2.8109,89.5616,"97.16,95.53,94.45,93.36,92.28,91.73,91.19,91.19,91.19,92.28,92.28,91.19,91.19,90.65,90.10,89.56,90.10,90.10,89.56,89.56,89.56,89.02,88.48,88.48,87.93,87.93,87.93,86.85,86.85,86.85,86.31,86.31,85.76,85.76,85.76,85.76"
Rec-024_90s_1,4,9,5234,core,327,331,0.0,5.0,0.9897,331,334,339,337,1.0,True,90.1496,95.5318,86.8478,2.3601,90.1043,"95.53,93.36,92.28,92.28,92.28,92.28,93.36,93.36,93.36,91.73,91.19,91.19,91.19,90.65,91.19,91.19,91.73,91.73,89.56,89.02,89.02,88.48,88.48,89.02,89.56,89.56,89.56,87.39,86.85,86.85,86.85,86.85,86.85,86.85,87.39,87.39"
Rec-024_90s_1,4,10,5235,core,331,331,0.0,4.0,0.9892,335,334,343,337,1.0,True,91.7929,96.0745,87.9333,2.7161,91.7325,"96.07,95.53,95.53,95.53,95.53,94.99,95.53,95.53,95.53,92.28,92.28,92.28,92.28,92.28,93.36,93.36,93.36,93.36,90.10,89.56,90.10,90.10,90.65,91.19,91.19,91.19,91.19,87.93,87.93,87.93,87.93,87.93,88.48,88.48,89.02,89.02"
Rec-024_90s_1,4,11,5236,core,336,331,0.0,5.0,0.9908,340,334,348,337,1.0,True,93.406,98.2455,89.0188,2.9793,93.3608,"98.25,97.70,97.70,97.16,97.16,97.16,97.16,97.16,96.62,94.99,94.45,94.99,94.99,94.99,94.99,94.99,94.99,94.45,91.73,91.73,92.28,92.28,92.28,91.73,92.28,91.73,91.19,89.56,89.56,89.56,89.56,89.56,89.56,89.56,89.56,89.02"
Rec-024_90s_1,4,12,5237,core,340,331,0.0,4.0,0.989,344,334,352,337,1.0,True,93.6171,100.9592,87.3906,3.4552,93.3608,"100.96,99.87,98.79,98.25,98.25,97.70,96.62,96.07,95.53,96.62,96.07,95.53,95.53,95.53,94.99,94.45,93.36,92.28,93.36,93.36,93.36,92.28,92.28,92.28,91.19,91.19,89.56,90.65,90.65,90.10,90.10,89.56,89.56,89.02,87.93,87.39"
Rec-024_90s_1,4,13,5238,core,345,331,0.0,5.0,0.9907,349,334,357,337,0.8889,False,89.5616,100.4165,77.6212,5.8804,89.8329,"100.42,98.79,97.70,96.07,95.53,94.45,92.28,86.85,80.33,96.62,95.53,94.99,93.36,92.28,91.19,89.56,84.13,78.71,93.36,92.28,91.73,90.65,89.56,87.93,86.85,82.51,78.16,90.10,89.56,89.02,87.93,87.39,85.76,84.13,80.88,77.62"
Rec-024_90s_1,4,14,5239,core,349,331,0.0,4.0,0.9879,353,334,361,337,0.4444,False,82.6566,99.331,74.9074,7.2689,80.0635,"99.33,96.62,94.45,88.48,80.88,78.16,76.54,75.99,75.45,94.99,92.28,91.19,85.76,80.33,77.62,75.99,75.99,75.45,91.19,89.56,87.93,83.59,79.79,77.62,75.99,75.45,75.45,87.93,86.85,85.76,81.96,78.16,76.54,75.99,75.45,74.91"
Rec-024_90s_1,4,15,5240,core,354,331,0.0,5.0,0.9895,358,334,366,337,0.0,False,76.1437,80.8776,74.3647,1.3635,75.7216,"80.88,78.71,77.62,76.54,75.99,75.99,75.45,75.45,75.45,78.71,77.62,76.54,75.99,75.99,75.45,75.45,75.45,74.91,78.16,77.08,75.99,75.99,75.45,75.45,75.45,74.91,74.36,77.62,76.54,75.99,75.45,75.45,74.91,74.91,74.91,74.36"
Rec-024_90s_1,5,1,5361,core,290,332,-90.0,1.0,0.9807,294,335,302,338,1.0,True,88.0389,92.2753,83.5914,3.0322,87.9333,"92.28,92.28,92.28,92.28,92.28,92.28,92.28,91.73,91.19,89.02,89.02,89.56,89.56,89.56,89.56,89.56,89.56,89.56,85.76,85.76,86.85,86.85,86.85,86.85,86.85,86.85,86.31,83.59,84.13,84.13,84.13,84.13,84.13,84.13,84.13,84.13"
Rec-024_90s_1,5,2,5362,core,293,332,0.0,3.0,0.9829,297,335,305,338,1.0,True,89.1696,95.5318,84.6769,3.1273,88.7475,"95.53,94.99,94.45,93.36,93.36,92.28,92.28,92.28,91.73,91.19,91.19,90.65,90.65,90.65,90.10,90.10,89.56,89.56,87.93,87.93,87.93,87.93,87.93,87.93,87.39,87.39,86.85,85.76,85.76,85.22,85.22,85.22,85.22,85.22,84.68,84.68"
Rec-024_90s_1,5,3,5363,core,298,331,11.31,5.1,0.9839,302,334,310,337,1.0,True,91.8381,100.9592,86.8478,3.3721,91.1898,"100.96,98.25,97.16,96.07,95.53,94.99,94.45,93.36,93.36,95.53,94.45,94.45,93.36,93.36,92.28,91.73,91.19,91.19,91.73,91.19,91.19,90.65,90.65,90.10,89.56,89.56,89.02,89.02,88.48,88.48,87.93,87.93,87.93,87.39,86.85,86.85"
Rec-024_90s_1,5,4,5364,core,311,331,0.0,13.0,0.9866,315,334,323,337,1.0,True,90.436,99.331,86.3051,3.063,90.3757,"99.33,96.62,94.99,94.45,93.36,92.28,92.28,91.73,91.19,94.45,93.36,92.28,91.19,91.19,90.65,90.65,90.10,89.56,91.19,90.65,89.56,89.56,89.02,89.02,88.48,88.48,87.93,87.93,87.93,87.39,86.85,86.85,86.31,86.31,86.31,86.31"
Rec-024_90s_1,5,5,5365,core,320,331,0.0,9.0,0.9874,324,334,332,337,1.0,True,90.6923,98.2455,86.8478,2.7389,90.6471,"98.25,96.62,94.99,94.45,93.36,92.28,92.28,91.73,91.19,94.45,93.36,92.28,91.73,91.19,91.19,90.65,90.65,89.56,90.65,90.65,90.10,89.56,89.56,89.56,89.02,89.02,88.48,88.48,87.93,87.93,87.93,87.93,87.39,86.85,86.85,86.85"
Rec-024_90s_1,5,6,5366,core,329,331,0.0,9.0,0.9879,333,334,341,337,1.0,True,91.8682,97.7027,88.4761,2.3567,91.7325,"97.70,95.53,94.45,94.45,94.45,94.45,94.45,94.45,94.45,93.36,93.36,92.28,92.28,93.36,93.36,92.28,92.28,92.28,91.19,91.19,90.65,90.65,91.19,91.19,91.19,91.19,91.19,88.48,88.48,88.48,88.48,89.02,88.48,89.02,89.02,89.02"
Rec-024_90s_1,5,7,5367,core,334,331,0.0,5.0,0.9914,338,334,346,337,1.0,True,93.1346,98.2455,89.5616,2.3111,92.818,"98.25,96.62,96.07,95.53,95.53,95.53,95.53,95.53,96.07,94.99,94.45,94.45,93.36,93.36,94.45,94.45,94.45,94.45,92.28,91.73,91.73,91.73,92.28,92.28,92.28,92.28,92.28,89.56,89.56,90.10,90.10,90.10,90.10,90.10,90.65,90.65"
Rec-024_90s_1,5,8,5368,core,339,331,0.0,5.0,0.9882,343,334,351,337,1.0,True,94.0241,98.2455,89.5616,2.4477,93.9035,"98.25,98.25,97.70,97.16,97.16,97.16,96.62,96.07,95.53,95.53,95.53,95.53,95.53,95.53,95.53,94.99,94.45,94.45,93.36,93.36,93.36,93.36,93.36,93.36,92.28,92.28,91.73,91.19,91.19,91.19,91.19,91.19,91.19,90.65,90.10,89.56"
Rec-024_90s_1,5,9,5369,core,348,331,0.0,9.0,0.9879,352,334,360,337,0.5556,False,84.6165,98.2455,74.9074,7.4514,84.9482,"98.25,96.62,94.99,93.36,87.93,80.88,77.62,75.99,75.99,95.53,94.45,92.28,91.19,85.76,79.79,77.62,75.99,75.45,92.28,91.19,90.10,88.48,84.13,79.79,77.62,75.99,75.45,90.10,89.02,87.93,85.76,82.51,78.71,76.54,75.99,74.91"
Rec-024_90s_1,5,10,5370,core,352,331,0.0,4.0,0.9908,356,334,364,337,0.1111,False,77.7719,91.1898,74.9074,3.8113,75.9929,"91.19,83.05,78.71,77.62,76.54,75.99,75.99,75.45,74.91,87.93,81.42,78.71,77.08,75.99,75.99,75.99,75.45,74.91,84.68,80.33,77.62,76.54,75.99,75.45,75.45,74.91,74.91,83.05,78.71,77.08,75.99,75.99,75.45,74.91,74.91,74.91"
Rec-024_90s_1,5,11,5371,core,355,331,0.0,3.0,0.9913,359,334,367,337,0.0,False,75.8422,79.7922,74.3647,1.2042,75.7216,"79.79,78.16,77.08,75.99,75.99,75.99,75.45,75.45,74.91,78.16,77.08,76.54,75.99,75.99,75.45,75.45,74.91,74.91,77.62,76.54,75.99,75.99,75.45,74.91,74.91,74.36,74.36,76.54,75.99,75.99,75.45,74.91,74.91,74.36,74.36,74.36"
Rec-024_90s_1,6,1,5497,core,290,331,0.0,0.0,0.98,294,334,302,337,1.0,True,91.9436,98.2455,87.3906,3.0576,91.7325,"98.25,96.62,96.62,96.07,96.07,95.53,95.53,94.99,94.99,93.36,93.36,93.36,93.36,93.36,93.36,93.36,92.28,92.28,89.56,90.10,90.65,90.65,91.19,91.19,91.19,90.65,90.10,87.39,87.93,87.93,87.93,88.48,88.48,87.93,87.93,87.93"
Rec-024_90s_1,6,2,5498,core,292,332,-26.57,2.24,0.9833,296,335,304,338,1.0,True,90.1797,95.5318,86.3051,2.8894,89.8329,"95.53,95.53,94.99,94.45,94.45,93.36,93.36,93.36,92.28,91.73,91.73,91.73,91.19,91.19,91.19,91.19,90.65,90.10,89.02,89.02,89.56,89.02,89.02,89.02,88.48,88.48,87.93,86.31,86.85,86.85,86.85,86.85,86.31,86.31,86.31,86.31"
Rec-024_90s_1,6,3,5499,core,296,331,14.04,4.12,0.9816,300,334,308,337,1.0,True,93.1045,103.1302,87.9333,3.4693,92.2753,"103.13,100.42,98.25,97.70,96.62,95.53,95.53,94.45,94.45,97.70,95.53,94.99,94.45,94.45,93.36,93.36,92.28,92.28,93.36,92.28,92.28,92.28,91.19,91.19,91.19,90.65,90.10,89.56,89.56,89.56,89.56,89.56,89.56,89.02,88.48,87.93"
Rec-024_90s_1,6,4,5500,core,301,331,0.0,5.0,0.9845,305,334,313,337,1.0,True,92.4864,100.9592,87.9333,3.071,92.2753,"100.96,98.79,97.16,96.07,95.53,94.99,94.45,94.45,93.36,96.07,95.53,94.45,94.45,93.36,92.28,92.28,92.28,91.19,92.28,92.28,92.28,91.73,91.19,90.65,90.65,90.10,89.56,90.10,89.56,89.56,89.56,89.56,88.48,88.48,87.93,87.93"
Rec-024_90s_1,6,5,5501,core,305,331,0.0,4.0,0.9851,309,334,317,337,1.0,True,92.3356,101.502,87.3906,3.1356,92.0039,"101.50,98.79,97.16,96.07,95.53,94.99,94.45,93.36,93.36,96.07,94.99,94.45,93.36,93.36,92.28,92.28,91.73,91.19,92.28,92.28,91.73,91.19,91.19,90.65,90.65,90.10,89.56,90.10,89.56,89.56,89.56,88.48,88.48,88.48,87.93,87.39"
Rec-024_90s_1,6,6,5502,core,310,331,0.0,5.0,0.9873,314,334,322,337,1.0,True,91.6119,99.331,87.9333,2.7708,91.1898,"99.33,97.16,95.53,94.99,94.45,94.45,93.36,92.28,92.28,95.53,94.45,93.36,92.28,92.28,91.73,91.19,91.19,91.19,92.28,91.73,91.19,90.65,90.10,90.10,89.56,89.56,89.56,89.56,89.56,89.02,88.48,87.93,87.93,87.93,87.93,87.93"
Rec-024_90s_1,6,7,5503,core,314,331,0.0,4.0,0.9866,318,334,326,337,1.0,True,91.5969,99.8737,87.3906,2.8787,91.1898,"99.87,97.70,96.07,94.99,94.45,93.36,93.36,93.36,92.28,95.53,94.45,93.36,92.28,92.28,91.73,91.19,91.19,90.65,91.73,91.19,91.19,90.65,90.65,90.10,89.56,89.56,89.56,89.02,89.02,89.02,88.48,88.48,87.93,87.93,87.93,87.39"
Rec-024_90s_1,6,8,5504,core,319,331,0.0,5.0,0.9894,323,334,331,337,1.0,True,91.4159,98.7882,87.9333,2.6384,91.1898,"98.79,96.62,95.53,94.99,94.45,93.36,92.28,92.28,92.28,94.99,94.45,93.36,92.28,91.73,91.19,91.19,91.19,90.65,91.73,91.19,91.19,90.65,90.10,89.56,89.56,89.56,89.02,89.56,89.56,89.02,88.48,88.48,87.93,87.93,87.93,87.93"
Rec-024_90s_1,6,9,5505,core,323,331,0.0,4.0,0.9879,327,334,335,337,1.0,True,91.5215,99.331,87.9333,2.5434,91.1898,"99.33,96.62,95.53,94.45,94.45,93.36,93.36,93.36,93.36,94.45,93.36,92.28,92.28,91.73,91.19,91.19,91.19,91.19,91.19,91.19,90.65,90.10,90.10,89.56,90.10,90.65,89.56,89.56,89.56,89.02,88.48,88.48,87.93,88.48,89.02,88.48"
Rec-024_90s_1,6,10,5506,core,328,331,0.0,5.0,0.9908,332,334,340,337,1.0,True,92.1245,97.7027,89.0188,2.2069,91.7325,"97.70,95.53,95.53,94.99,94.99,94.99,94.99,94.99,94.45,93.36,93.36,92.28,92.28,92.28,92.28,92.28,92.28,92.28,90.65,91.19,91.19,91.19,91.19,91.19,91.19,91.19,91.19,89.02,89.56,89.56,89.56,89.56,89.56,89.56,89.56,89.56"
Rec-024_90s_1,6,11,5507,core,332,331,0.0,4.0,0.9884,336,334,344,337,1.0,True,93.5417,99.8737,90.6471,2.4507,93.3608,"99.87,98.25,97.16,96.62,96.07,96.07,96.07,95.53,96.07,94.99,94.45,94.45,94.45,94.45,94.45,94.45,94.45,94.45,92.28,92.28,92.28,92.28,91.73,91.73,92.28,92.28,92.28,90.65,90.65,90.65,90.65,90.65,90.65,90.65,90.65,90.65"
Rec-024_90s_1,6,12,5508,core,337,331,0.0,5.0,0.9917,341,334,349,337,1.0,True,94.401,99.8737,91.1898,2.495,94.1749,"99.87,98.79,98.25,97.70,97.70,97.16,97.16,97.16,96.62,95.53,95.53,95.53,95.53,95.53,94.99,94.99,94.99,94.99,93.36,93.36,93.36,93.36,93.36,93.36,93.36,93.36,92.28,91.19,91.19,91.19,91.73,91.19,91.19,91.19,91.19,91.19"
Rec-024_90s_1,6,13,5509,core,342,331,0.0,5.0,0.9885,346,334,354,337,1.0,True,94.0241,100.4165,87.9333,2.9785,93.9035,"100.42,99.33,98.79,98.25,98.25,97.16,96.07,94.99,93.36,96.62,96.62,96.07,96.07,95.53,94.99,93.36,93.36,91.73,94.45,94.45,94.45,94.45,93.36,92.28,91.73,91.19,89.56,92.28,92.28,92.28,91.73,91.19,91.19,90.10,89.02,87.93"
Rec-024_90s_1,6,14,5510,core,351,331,0.0,9.0,0.9878,355,334,363,337,0.2222,False,79.5509,96.0745,74.3647,5.8195,76.8071,"96.07,90.65,83.05,78.71,77.08,75.99,75.45,75.45,74.91,92.28,87.93,81.42,78.16,77.08,75.99,75.99,75.45,74.91,90.10,85.76,80.33,78.16,76.54,75.99,75.45,74.91,74.91,87.93,84.13,79.79,77.62,75.99,75.45,74.91,74.91,74.36"
Rec-024_90s_1,6,15,5511,core,355,331,0.0,4.0,0.9887,359,334,367,337,0.0,False,75.8723,79.7922,74.3647,1.145,75.7216,"79.79,77.62,76.54,75.99,75.99,75.99,75.45,75.45,74.91,78.16,77.08,76.54,75.99,75.99,75.45,75.45,74.91,74.36,77.62,76.54,75.99,75.99,75.45,75.45,74.91,74.36,74.36,77.08,75.99,75.99,75.45,75.45,74.91,74.91,74.91,74.36"
Rec-025_30s_1,1,1,3158,core,290,331,0.0,0.0,0.9815,294,334,302,337,1.0,True,79.159,88.4761,73.822,3.3567,78.7067,"88.48,85.76,84.68,83.59,83.05,82.51,81.96,81.42,80.88,82.51,80.88,80.88,80.33,80.33,79.79,78.71,78.71,78.71,78.71,78.71,78.16,77.62,77.62,77.08,77.08,76.54,76.54,75.99,75.99,75.99,75.99,75.99,75.45,74.91,74.36,73.82"
Rec-025_30s_1,1,2,3159,core,298,331,0.0,8.0,0.9813,302,334,310,337,1.0,True,78.6162,87.3906,73.822,3.1634,78.1639,"87.39,85.22,83.59,83.05,81.96,81.42,80.88,80.33,80.33,81.96,80.88,80.33,79.79,79.79,78.71,78.16,78.16,77.62,78.71,78.16,77.62,77.62,77.08,76.54,75.99,75.99,75.99,76.54,75.99,75.99,75.99,75.45,74.36,74.36,74.36,73.82"
Rec-025_30s_1,1,3,3160,core,302,331,0.0,4.0,0.9848,306,334,314,337,1.0,True,78.767,87.9333,74.3647,3.2205,78.4353,"87.93,85.76,83.59,83.05,81.96,81.42,81.42,80.88,80.33,82.51,80.88,80.33,79.79,79.79,78.71,78.71,78.16,77.62,78.71,78.71,77.62,77.62,77.08,76.54,76.54,75.99,75.99,76.54,75.99,75.99,75.99,75.45,74.91,74.36,74.36,74.36"
Rec-025_30s_1,1,4,3161,core,307,331,0.0,5.0,0.9828,311,334,319,337,1.0,True,78.5107,86.3051,74.3647,2.8752,78.1639,"86.31,84.13,83.05,82.51,81.42,81.42,80.88,80.88,80.33,81.42,80.88,79.79,79.79,78.71,78.71,78.71,78.16,78.16,78.16,77.62,77.62,77.62,77.08,76.54,76.54,75.99,75.99,75.99,75.99,75.99,75.45,75.45,75.45,74.91,74.36,74.36"
Rec-025_30s_1,1,5,3162,core,311,331,0.0,4.0,0.9861,315,334,323,337,1.0,True,78.978,87.3906,75.4502,2.9158,78.7067,"87.39,84.68,84.13,83.05,82.51,81.96,80.88,80.88,80.33,81.96,80.88,80.33,79.79,79.79,78.71,78.71,78.71,78.16,78.71,78.71,77.62,77.62,77.62,77.08,77.08,76.54,76.54,76.54,75.99,75.99,75.99,75.99,75.99,75.45,75.45,75.45"
Rec-025_30s_1,1,6,3163,core,316,331,0.0,5.0,0.9857,320,334,328,337,1.0,True,79.3549,86.3051,75.9929,2.5834,79.2494,"86.31,84.13,83.05,82.51,81.96,81.96,81.96,81.96,82.51,81.42,80.88,80.33,79.79,79.79,79.79,79.79,79.79,79.79,78.71,78.71,78.16,77.62,77.62,77.62,77.62,77.62,77.62,77.08,77.08,76.54,76.54,76.54,75.99,75.99,75.99,75.99"
Rec-025_30s_1,1,7,3164,core,320,331,0.0,4.0,0.9878,324,334,332,337,1.0,True,80.8626,87.9333,77.6212,2.7001,80.6063,"87.93,85.76,84.13,84.13,84.13,84.13,84.13,83.59,83.59,83.05,81.96,81.42,81.42,81.42,81.42,81.42,81.42,81.42,79.79,79.79,79.79,79.79,78.71,78.71,79.79,79.79,79.79,77.62,77.62,77.62,77.62,77.62,77.62,77.62,77.62,77.62"
Rec-025_30s_1,1,8,3165,core,325,331,0.0,5.0,0.9867,329,334,337,337,1.0,True,82.1139,87.9333,78.7067,2.6974,81.6918,"87.93,86.31,85.76,85.76,85.76,85.76,85.22,85.22,85.22,83.59,83.05,83.05,83.05,83.05,83.05,83.05,83.05,82.51,80.88,80.88,80.88,80.88,80.33,80.88,80.88,80.88,80.88,78.71,78.71,78.71,78.71,78.71,78.71,78.71,78.71,78.71"
Rec-025_30s_1,1,9,3166,core,334,331,0.0,9.0,0.9886,338,334,346,337,1.0,True,83.2295,89.5616,78.7067,2.7288,83.0486,"89.56,88.48,87.93,87.39,87.39,86.31,85.76,84.68,84.13,85.76,85.22,84.68,84.13,84.13,83.59,83.05,83.05,81.96,83.05,83.05,82.51,82.51,81.96,81.42,80.88,80.88,80.88,80.88,80.88,80.88,80.88,80.33,79.79,79.79,79.79,78.71"
Rec-025_30s_1,1,10,3167,core,343,331,0.0,9.0,0.9889,347,334,355,337,1.0,True,81.541,87.9333,77.0784,2.3834,81.4204,"87.93,85.76,85.22,84.13,84.13,83.59,83.59,83.05,81.96,84.13,83.59,83.05,82.51,82.51,81.96,81.42,80.88,79.79,81.96,81.42,81.42,80.88,80.88,80.33,79.79,78.71,78.16,80.88,80.33,80.33,79.79,79.79,78.71,78.16,77.62,77.08"
Rec-025_30s_1,1,11,3168,core,352,331,0.0,9.0,0.9871,356,334,364,337,0.2222,False,76.4302,84.1341,74.3647,2.03,75.9929,"84.13,79.79,77.62,76.54,75.99,75.99,75.45,75.45,74.91,81.42,78.16,77.08,75.99,75.99,75.45,75.45,75.45,74.36,79.79,77.62,76.54,75.99,75.45,75.45,74.91,74.91,74.91,77.62,76.54,75.99,75.99,75.45,74.91,74.91,74.91,74.36"
Rec-025_30s_1,1,12,3169,core,355,331,0.0,3.0,0.9882,359,334,367,337,0.0,False,75.797,79.7922,74.3647,1.1381,75.4502,"79.79,78.16,77.08,76.54,75.99,75.99,75.45,75.45,74.91,77.62,77.08,76.54,75.99,75.99,75.45,75.45,74.91,74.91,77.08,75.99,75.99,75.45,75.45,74.91,74.91,74.36,74.36,75.99,75.99,75.99,75.45,74.91,74.91,74.91,74.36,74.36"
Rec-025_30s_1,1,13,3170,core,355,330,90.0,1.0,0.9914,359,333,367,336,0.0,False,76.1136,81.9631,74.3647,1.4309,75.9929,"81.96,78.71,77.62,76.54,75.99,75.99,75.45,75.45,75.45,78.71,77.62,76.54,75.99,75.99,75.99,75.45,75.45,74.91,77.62,76.54,75.99,75.99,75.99,75.45,74.91,74.91,74.91,76.54,75.99,75.99,75.45,75.45,74.91,74.91,74.36,74.36"
Rec-025_30s_1,2,1,3307,core,290,331,0.0,0.0,0.9822,294,334,302,337,1.0,True,85.6568,94.4463,80.3349,3.8882,84.9482,"94.45,92.28,91.19,91.19,91.19,90.10,89.56,89.56,88.48,87.93,87.93,87.93,87.93,87.93,86.85,86.31,85.76,85.76,84.13,84.13,84.13,84.13,84.13,83.59,83.59,83.05,83.05,80.88,80.88,81.42,80.88,80.88,80.88,80.88,80.33,80.33"
Rec-025_30s_1,2,2,3308,core,293,332,-18.43,3.16,0.9818,297,335,305,338,1.0,True,83.0185,89.5616,78.1639,3.1542,82.7773,"89.56,89.02,87.93,87.93,87.39,86.85,85.76,85.76,85.22,85.76,85.22,84.68,84.13,84.13,83.59,83.05,83.05,83.05,82.51,82.51,82.51,81.96,81.42,80.88,80.88,80.33,80.33,79.79,79.79,79.79,79.79,79.79,78.71,78.71,78.71,78.16"
Rec-025_30s_1,2,3,3309,core,297,331,14.04,4.12,0.9831,301,334,309,337,1.0,True,85.687,96.0745,79.7922,3.8551,85.2196,"96.07,93.36,91.19,90.65,89.56,89.56,88.48,87.93,87.93,90.10,89.02,87.93,87.39,86.85,86.31,85.76,85.22,84.68,85.76,85.22,84.68,84.13,83.59,83.59,83.05,83.05,82.51,83.05,82.51,81.96,81.42,80.88,80.88,80.33,79.79,80.33"
Rec-025_30s_1,2,4,3310,core,302,331,0.0,5.0,0.9837,306,334,314,337,1.0,True,85.1593,94.4463,80.3349,3.4582,84.6769,"94.45,91.73,90.65,89.56,89.56,88.48,87.93,87.39,86.85,89.02,87.93,86.85,86.31,85.76,85.76,85.22,84.68,84.68,85.22,84.68,84.13,84.13,83.59,83.05,83.05,82.51,82.51,81.96,81.96,81.42,81.42,80.88,80.88,80.88,80.33,80.33"
Rec-025_30s_1,2,5,3311,core,311,331,0.0,9.0,0.9857,315,334,323,337,1.0,True,84.8729,92.2753,80.8776,2.9787,84.4055,"92.28,90.65,89.56,89.02,87.93,87.93,87.39,87.39,86.85,87.93,86.85,86.31,85.76,85.76,85.76,85.22,85.22,84.68,84.13,84.13,84.13,83.59,83.59,83.05,83.05,83.05,83.05,81.96,81.96,81.42,81.42,80.88,80.88,80.88,80.88,80.88"
Rec-025_30s_1,2,6,3312,core,315,331,0.0,4.0,0.9859,319,334,327,337,1.0,True,85.4608,93.3608,81.4204,2.9795,85.2196,"93.36,91.19,89.56,89.56,89.02,88.48,87.93,87.93,87.93,88.48,87.39,86.85,86.31,85.76,85.76,85.76,85.76,85.76,84.68,84.68,84.13,84.13,84.13,84.13,83.59,83.59,83.59,82.51,82.51,82.51,81.96,81.96,81.42,81.42,81.42,81.42"
Rec-025_30s_1,2,7,3313,core,324,331,0.0,9.0,0.9872,328,334,336,337,1.0,True,87.2398,94.4463,83.0486,3.0235,87.1192,"94.45,92.28,91.19,91.19,91.19,90.65,90.65,90.65,90.65,89.56,89.02,87.93,87.93,87.93,87.93,87.93,87.93,87.93,86.31,85.76,85.76,85.76,85.76,85.76,85.76,85.76,85.76,83.59,83.59,83.59,83.05,83.59,83.59,83.59,83.05,83.59"
Rec-025_30s_1,2,8,3314,core,329,331,0.0,5.0,0.9894,333,334,341,337,1.0,True,87.9484,94.4463,84.1341,3.0582,87.662,"94.45,93.36,92.28,92.28,91.73,91.73,91.19,91.19,91.19,89.56,89.56,89.56,89.56,89.02,89.02,89.02,88.48,88.48,86.85,86.85,86.31,86.85,86.31,86.31,85.76,85.76,85.76,84.68,84.13,84.13,84.13,84.13,84.13,84.13,84.13,84.13"
Rec-025_30s_1,2,9,3315,core,333,331,0.0,4.0,0.9883,337,334,345,337,1.0,True,88.5364,95.5318,84.1341,3.2104,88.2047,"95.53,94.45,93.36,93.36,92.28,92.28,91.73,91.73,91.19,91.19,90.65,90.10,90.10,89.56,89.56,89.02,89.02,88.48,87.93,87.39,87.39,87.39,86.85,86.85,86.31,85.76,85.76,85.22,85.22,85.22,84.68,84.68,84.68,84.13,84.13,84.13"
Rec-025_30s_1,2,10,3316,core,338,331,0.0,5.0,0.9908,342,334,350,337,1.0,True,88.3555,95.5318,83.5914,3.2163,88.2047,"95.53,94.45,93.36,92.28,92.28,91.73,91.73,91.19,91.19,91.19,90.65,90.10,89.56,89.56,89.02,89.02,88.48,88.48,87.93,87.93,87.39,86.85,86.85,86.31,85.76,85.76,85.76,85.76,85.22,85.22,84.68,84.13,84.13,84.13,83.59,83.59"
Rec-025_30s_1,2,11,3317,core,342,331,0.0,4.0,0.988,346,334,354,337,1.0,True,87.9786,95.5318,81.4204,3.5043,87.662,"95.53,94.45,93.36,93.36,92.28,92.28,91.19,90.65,89.56,91.19,90.10,90.10,89.56,89.56,89.56,87.93,87.93,86.31,87.93,87.39,87.39,86.85,86.85,86.31,85.76,84.68,84.13,85.22,84.68,84.68,84.68,84.13,84.13,83.59,82.51,81.42"
Rec-025_30s_1,2,12,3318,core,347,331,0.0,5.0,0.9886,351,334,359,337,0.7778,False,83.2898,94.989,75.4502,5.6061,83.5914,"94.99,93.36,92.28,90.65,89.56,84.68,79.79,77.62,75.99,90.65,89.56,88.48,87.93,85.76,83.05,78.71,76.54,75.99,87.39,86.31,85.76,84.68,83.59,80.88,77.62,76.54,75.45,84.68,84.13,83.59,82.51,81.42,79.79,77.08,75.99,75.45"
Rec-025_30s_1,2,13,3319,core,351,331,0.0,4.0,0.9859,355,334,363,337,0.3333,False,78.4504,93.3608,74.9074,4.4102,76.2643,"93.36,87.39,80.88,78.16,77.08,75.99,75.99,75.45,75.45,88.48,84.13,79.79,77.62,76.54,75.99,75.99,75.45,74.91,85.22,82.51,78.71,77.62,75.99,75.99,75.45,74.91,74.91,83.05,80.33,77.62,76.54,75.99,75.45,75.45,74.91,74.91"
Rec-025_30s_1,2,14,3320,core,355,330,14.04,4.12,0.9922,359,333,367,336,0.0,False,76.204,81.9631,74.3647,1.4489,75.9929,"81.96,78.71,77.62,77.08,75.99,75.99,75.99,75.45,75.45,78.71,77.62,76.54,76.54,75.99,75.99,75.45,74.91,74.91,77.62,77.08,76.54,75.99,75.99,75.45,75.45,74.91,74.91,77.08,75.99,75.99,75.45,75.45,74.91,74.91,74.36,74.36"
Rec-025_30s_1,3,1,3445,core,290,332,-90.0,1.0,0.9828,294,335,302,338,1.0,True,86.3805,91.1898,81.9631,3.0653,85.7624,"91.19,91.19,91.19,91.19,90.65,90.65,90.10,90.10,89.56,87.93,87.93,87.93,87.93,87.93,87.93,87.39,87.39,86.85,84.13,84.13,84.68,84.68,84.68,84.68,84.68,84.13,84.13,81.96,82.51,83.05,83.05,83.05,83.05,83.05,82.51,82.51"
Rec-025_30s_1,3,2,3446,core,299,331,6.34,9.06,0.985,303,334,311,337,1.0,True,89.0188,98.2455,83.5914,3.5011,89.0188,"98.25,95.53,94.45,93.36,92.28,92.28,91.73,91.19,90.10,93.36,91.73,91.19,90.65,90.10,89.56,89.56,89.02,88.48,89.56,89.02,87.93,87.93,87.93,87.39,86.85,86.31,85.76,85.76,85.76,85.76,85.22,84.68,84.13,84.13,84.13,83.59"
Rec-025_30s_1,3,3,3447,core,303,331,0.0,4.0,0.9837,307,334,315,337,1.0,True,88.8379,98.7882,84.1341,3.494,88.4761,"98.79,96.07,94.45,93.36,92.28,91.19,91.19,90.65,89.56,93.36,91.19,91.19,90.10,89.56,89.56,89.02,88.48,87.93,89.02,88.48,87.93,87.93,87.39,87.39,86.31,86.31,85.76,85.76,85.76,85.22,85.22,84.68,84.68,84.13,84.13,84.13"
Rec-025_30s_1,3,4,3448,core,308,331,0.0,5.0,0.9868,312,334,320,337,1.0,True,88.1595,96.0745,83.5914,2.9793,87.9333,"96.07,94.45,92.28,91.73,91.19,90.65,90.10,90.65,89.56,91.19,90.65,90.10,89.56,89.02,88.48,87.93,87.93,87.93,88.48,87.93,87.93,87.39,86.85,86.31,86.31,85.76,85.76,85.76,85.22,85.22,85.22,84.13,84.13,84.13,84.13,83.59"
Rec-025_30s_1,3,5,3449,core,312,331,0.0,4.0,0.9851,316,334,324,337,1.0,True,88.2499,96.0745,84.1341,2.971,88.2047,"96.07,94.45,92.28,92.28,91.19,90.65,90.65,90.10,90.10,91.73,90.65,89.56,89.56,89.02,88.48,88.48,88.48,87.93,88.48,87.93,87.93,87.39,86.85,86.31,86.31,85.76,85.76,85.76,85.22,85.22,84.68,84.68,84.68,84.13,84.13,84.13"
Rec-025_30s_1,3,6,3450,core,317,331,0.0,5.0,0.9888,321,334,329,337,1.0,True,88.461,94.989,84.6769,2.6665,88.4761,"94.99,93.36,92.28,91.73,91.19,91.19,90.65,90.65,91.19,91.19,90.10,89.56,89.56,89.56,89.02,89.02,89.02,89.02,87.93,87.93,87.39,87.39,87.39,86.85,86.85,86.85,86.85,85.76,85.22,85.22,85.22,84.68,85.22,85.22,84.68,84.68"
Rec-025_30s_1,3,7,3451,core,322,331,0.0,5.0,0.9859,326,334,334,337,1.0,True,89.0942,94.4463,85.7624,2.5462,88.7475,"94.45,93.36,92.28,92.28,92.28,92.28,91.73,91.73,91.73,91.19,90.65,90.10,90.10,90.10,90.10,90.10,90.10,89.56,87.93,87.93,87.93,87.93,87.93,87.93,87.93,87.93,87.93,85.76,85.76,85.76,85.76,85.76,85.76,85.76,85.76,85.76"
Rec-025_30s_1,3,8,3452,core,326,331,0.0,4.0,0.9899,330,334,338,337,1.0,True,90.1797,96.0745,86.3051,2.8206,90.1043,"96.07,94.99,94.45,93.36,93.36,93.36,93.36,93.36,93.36,92.28,91.19,91.19,91.19,91.19,91.19,91.19,91.19,91.19,89.02,89.02,89.02,89.02,89.02,89.02,89.02,89.02,88.48,86.85,86.85,86.85,86.31,86.31,86.31,86.31,86.31,86.31"
Rec-025_30s_1,3,9,3453,core,331,331,0.0,5.0,0.9876,335,334,343,337,1.0,True,90.8581,96.6172,86.8478,2.8556,90.6471,"96.62,95.53,94.99,94.99,94.99,94.45,94.45,94.45,93.36,92.28,92.28,92.28,91.73,91.73,91.73,91.73,91.19,91.19,89.56,90.10,89.56,89.56,89.56,89.56,89.02,89.02,89.02,87.93,87.93,87.93,87.39,87.39,86.85,86.85,86.85,86.85"
Rec-025_30s_1,3,10,3454,core,335,331,0.0,4.0,0.9908,339,334,347,337,1.0,True,91.3406,98.2455,86.8478,3.101,91.1898,"98.25,96.62,95.53,95.53,95.53,94.99,94.99,94.45,94.45,93.36,93.36,93.36,92.28,92.28,92.28,91.73,91.73,91.73,90.65,90.10,90.10,90.10,89.56,89.56,89.56,89.56,89.02,87.93,87.93,87.93,87.93,87.39,87.39,87.39,86.85,86.85"
Rec-025_30s_1,3,11,3455,core,340,331,0.0,5.0,0.9889,344,334,352,337,1.0,True,91.1446,97.7027,85.7624,3.2724,90.6471,"97.70,96.62,96.07,95.53,95.53,95.53,94.45,94.45,93.36,94.45,93.36,93.36,92.28,92.28,92.28,91.73,91.19,90.65,90.65,90.65,90.10,89.56,89.56,89.56,89.56,88.48,87.93,87.93,87.93,87.93,87.39,87.39,87.39,86.85,85.76,85.76"
Rec-025_30s_1,3,12,3456,core,349,331,0.0,9.0,0.9876,353,334,361,337,0.5556,False,81.9028,96.0745,74.9074,6.4024,79.2494,"96.07,94.45,92.28,87.39,80.88,78.16,76.54,75.99,75.45,92.28,91.19,89.56,85.22,79.79,77.62,76.54,75.99,75.45,89.02,87.93,86.31,83.05,78.71,77.08,75.99,75.99,74.91,86.31,85.76,84.13,81.42,78.16,76.54,75.99,75.45,74.91"
Rec-025_30s_1,3,13,3457,core,353,331,0.0,4.0,0.9891,357,334,365,337,0.1111,False,76.5508,83.5914,74.3647,1.9921,75.9929,"83.59,79.79,77.62,76.54,75.99,75.99,75.99,75.45,74.91,81.42,78.71,77.62,76.54,75.99,75.45,75.45,75.45,74.91,79.79,77.62,76.54,75.99,75.45,75.45,75.45,74.91,74.91,78.71,77.08,75.99,75.99,75.45,74.91,74.91,74.91,74.36"
Rec-025_30s_1,3,14,3458,core,355,331,0.0,2.0,0.9893,359,334,367,337,0.0,False,75.9025,79.7922,74.3647,1.1898,75.7216,"79.79,78.16,77.08,76.54,75.99,75.99,75.45,75.45,74.91,78.16,77.08,76.54,75.99,75.99,75.45,74.91,74.91,74.91,77.62,76.54,75.99,75.99,75.45,75.45,74.91,74.91,74.36,77.08,75.99,75.99,75.45,74.91,74.91,74.91,74.36,74.36"
Rec-025_30s_1,4,1,3573,core,290,331,0.0,0.0,0.9839,294,334,302,337,1.0,True,90.0742,96.6172,85.2196,3.2235,90.1043,"96.62,95.53,94.45,94.45,94.45,94.45,93.36,93.36,93.36,91.19,91.19,91.19,91.19,91.73,91.19,91.19,91.19,91.19,87.93,88.48,89.02,89.02,89.02,89.02,89.02,89.02,88.48,85.22,85.76,85.76,85.76,86.31,86.31,85.76,85.76,85.76"
Rec-025_30s_1,4,2,3574,core,291,332,-45.0,1.41,0.9808,295,335,303,338,1.0,True,88.3555,94.4463,84.1341,3.0545,88.2047,"94.45,93.36,93.36,92.28,92.28,92.28,91.73,91.19,91.19,89.56,90.10,90.10,90.10,89.56,89.56,89.56,89.56,89.02,86.31,86.85,86.85,87.39,87.39,86.85,86.85,86.31,86.31,84.13,84.68,84.68,84.68,84.68,84.68,84.68,84.13,84.13"
Rec-025_30s_1,4,3,3575,core,296,331,11.31,5.1,0.9841,300,334,308,337,1.0,True,91.0541,99.8737,85.7624,3.3368,91.1898,"99.87,98.25,96.07,94.99,94.45,93.36,93.36,92.28,91.73,94.99,94.45,93.36,92.28,92.28,91.73,91.19,91.19,90.10,91.19,91.19,90.65,90.10,89.56,89.56,89.02,88.48,87.93,87.93,87.93,87.93,87.93,87.39,86.85,86.85,85.76,85.76"
Rec-025_30s_1,4,4,3576,core,300,331,0.0,4.0,0.9829,304,334,312,337,1.0,True,91.1446,101.502,85.7624,3.5414,90.9184,"101.50,98.25,96.62,95.53,94.45,94.45,93.36,92.28,91.73,95.53,94.45,93.36,92.28,92.28,91.19,91.19,90.10,90.10,91.19,91.19,90.65,90.10,89.56,89.56,89.02,88.48,87.93,88.48,88.48,87.93,87.39,87.39,87.39,86.31,85.76,85.76"
Rec-025_30s_1,4,5,3577,core,305,331,0.0,5.0,0.9865,309,334,317,337,1.0,True,90.3154,98.7882,85.7624,3.063,89.8329,"98.79,96.62,94.99,94.45,93.36,92.28,91.73,91.19,91.19,94.45,93.36,92.28,91.73,91.19,90.65,90.10,89.56,89.02,91.19,90.65,89.56,89.56,89.02,88.48,87.93,87.93,87.93,87.93,87.93,87.93,87.39,86.85,86.31,86.31,85.76,85.76"
Rec-025_30s_1,4,6,3578,core,309,331,0.0,4.0,0.9841,313,334,321,337,1.0,True,90.0892,98.7882,85.7624,2.9987,89.8329,"98.79,96.62,94.99,93.36,92.28,92.28,91.73,91.19,90.65,94.45,92.28,91.73,91.19,90.65,90.65,90.10,89.56,89.56,90.65,90.10,89.56,89.56,88.48,88.48,87.93,87.93,87.93,87.93,87.93,87.39,86.85,86.85,86.31,85.76,85.76,85.76"
Rec-025_30s_1,4,7,3579,core,314,331,0.0,5.0,0.9884,318,334,326,337,1.0,True,89.7274,96.6172,86.3051,2.529,89.5616,"96.62,94.99,93.36,92.28,92.28,92.28,91.73,91.19,91.19,92.28,92.28,91.19,90.65,90.10,90.10,90.10,89.56,89.56,89.56,89.56,89.02,89.02,88.48,88.48,87.93,87.93,87.93,87.93,87.39,86.85,86.85,86.31,86.31,86.31,86.31,86.31"
Rec-025_30s_1,4,8,3580,core,319,331,0.0,5.0,0.9868,323,334,331,337,1.0,True,90.2249,95.5318,86.8478,2.26,90.1043,"95.53,94.45,93.36,93.36,92.28,92.28,92.28,92.28,92.28,92.28,91.19,91.19,91.19,91.19,91.19,91.19,90.65,91.19,89.56,89.56,89.56,89.02,89.02,89.02,89.02,89.02,89.02,87.93,87.39,87.39,87.39,87.39,87.39,87.39,86.85,86.85"
Rec-025_30s_1,4,9,3581,core,328,331,0.0,9.0,0.9883,332,334,340,337,1.0,True,92.4864,97.16,89.0188,2.3874,92.2753,"97.16,96.07,95.53,95.53,95.53,95.53,95.53,95.53,95.53,94.45,93.36,93.36,93.36,93.36,93.36,93.36,93.36,93.36,91.19,91.19,91.19,91.19,91.19,91.19,91.19,91.19,91.19,89.02,89.56,89.56,89.56,89.56,89.56,89.56,89.56,89.56"
Rec-025_30s_1,4,10,3582,core,341,331,0.0,13.0,0.9912,345,334,353,337,1.0,True,93.2402,101.502,86.8478,3.4896,92.818,"101.50,99.87,98.79,98.25,97.70,96.62,95.53,94.99,94.45,96.62,96.07,95.53,95.53,94.99,94.45,93.36,92.28,91.19,93.36,93.36,92.28,92.28,91.73,91.19,91.19,90.10,89.02,91.19,90.65,90.10,90.10,89.56,89.56,88.48,87.93,86.85"
Rec-025_30s_1,4,11,3583,core,346,331,0.0,5.0,0.9891,350,334,358,337,0.8889,False,87.9182,99.331,76.5357,6.3969,88.7475,"99.33,97.70,96.62,95.53,93.36,92.28,87.93,80.88,77.62,95.53,94.99,93.36,92.28,91.19,90.10,85.22,79.79,77.62,92.28,91.73,91.19,90.10,88.48,87.39,83.59,78.71,77.08,90.10,89.02,88.48,87.93,86.31,85.22,81.96,77.62,76.54"
Rec-025_30s_1,4,12,3584,core,350,331,0.0,4.0,0.9899,354,334,362,337,0.4444,False,81.0586,97.16,74.9074,6.5792,77.6212,"97.16,94.99,89.56,82.51,78.71,77.08,75.99,75.99,75.45,93.36,91.19,86.85,80.88,77.62,76.54,75.99,75.45,74.91,90.10,88.48,84.68,79.79,77.62,76.54,75.99,75.45,74.91,87.93,86.31,83.05,78.71,77.08,75.99,75.45,74.91,74.91"
Rec-025_30s_1,4,13,3585,core,355,330,11.31,5.1,0.9915,359,333,367,336,0.0,False,76.2794,82.5059,74.3647,1.6457,75.9929,"82.51,79.79,77.62,76.54,75.99,75.99,75.99,75.45,75.45,79.79,77.62,77.08,75.99,75.99,75.99,75.45,74.91,74.91,77.62,77.08,75.99,75.99,75.99,75.45,74.91,74.36,74.91,77.62,76.54,75.99,75.99,75.45,75.45,74.91,74.36,74.36"
Rec-025_30s_1,5,1,3708,core,294,331,0.0,4.0,0.9837,298,334,306,337,1.0,True,93.0442,102.0447,87.9333,3.2774,92.2753,"102.04,99.87,98.25,97.16,96.62,95.53,95.53,94.99,94.45,96.62,95.53,94.99,94.45,94.45,93.36,93.36,92.28,92.28,92.28,92.28,92.28,92.28,91.73,91.19,91.19,91.19,90.65,89.56,89.56,89.56,89.56,89.56,89.56,89.02,88.48,87.93"
Rec-025_30s_1,5,2,3709,core,299,331,0.0,5.0,0.9853,303,334,311,337,1.0,True,92.5165,100.9592,87.9333,3.0554,92.2753,"100.96,98.25,97.70,96.07,95.53,94.99,94.45,93.36,93.36,96.07,95.53,94.45,94.45,93.36,93.36,92.28,91.73,91.19,93.36,92.28,92.28,91.73,91.19,91.19,90.65,90.10,89.56,90.10,90.10,89.56,89.56,89.02,88.48,88.48,87.93,87.93"
Rec-025_30s_1,5,3,3710,core,303,331,0.0,4.0,0.9863,307,334,315,337,1.0,True,92.1095,101.502,87.3906,3.1278,91.7325,"101.50,98.25,97.16,95.53,94.99,94.45,93.36,92.28,92.28,96.07,95.53,94.45,93.36,93.36,92.28,91.73,91.19,90.65,93.36,92.28,91.73,91.19,91.19,90.65,89.56,89.56,89.02,90.10,89.56,89.56,89.02,89.02,88.48,87.93,87.93,87.39"
Rec-025_30s_1,5,4,3711,core,308,331,0.0,5.0,0.9872,312,334,320,337,1.0,True,91.2803,98.7882,87.3906,2.5919,91.1898,"98.79,96.62,94.99,94.45,93.36,93.36,92.28,92.28,91.73,94.99,93.36,93.36,92.28,91.73,91.19,91.19,91.19,91.19,91.73,91.19,91.19,90.65,90.10,89.56,89.56,89.56,89.56,89.56,89.02,89.02,88.48,87.93,87.93,87.93,87.39,87.39"
Rec-025_30s_1,5,5,3712,core,312,331,0.0,4.0,0.9882,316,334,324,337,1.0,True,91.3255,98.7882,87.9333,2.5946,91.1898,"98.79,96.62,95.53,94.45,93.36,93.36,93.36,92.28,92.28,94.45,93.36,93.36,92.28,92.28,91.19,91.19,91.19,91.19,91.19,91.19,90.65,90.65,90.10,89.56,89.56,89.56,89.56,89.56,89.02,88.48,88.48,87.93,87.93,87.93,87.93,87.93"
Rec-025_30s_1,5,6,3713,core,317,331,0.0,5.0,0.9892,321,334,329,337,1.0,True,91.431,97.7027,87.9333,2.4622,91.1898,"97.70,96.07,95.53,94.45,94.45,93.36,93.36,93.36,93.36,94.45,93.36,92.28,92.28,92.28,91.73,91.19,91.19,91.19,91.19,91.19,90.65,90.65,90.65,90.10,89.56,89.56,89.56,89.56,89.02,89.02,88.48,88.48,88.48,87.93,87.93,87.93"
Rec-025_30s_1,5,7,3714,core,321,331,0.0,4.0,0.9889,325,334,333,337,1.0,True,92.019,98.7882,89.0188,2.3675,92.0039,"98.79,96.62,95.53,94.99,94.45,94.45,94.45,93.36,93.36,94.45,93.36,93.36,92.28,92.28,92.28,92.28,92.28,92.28,91.73,91.19,91.19,91.19,91.19,90.65,90.65,90.65,90.65,89.56,89.56,89.56,89.02,89.02,89.02,89.02,89.02,89.02"
Rec-025_30s_1,5,8,3715,core,326,331,0.0,5.0,0.9904,330,334,338,337,1.0,True,92.6974,98.2455,89.5616,2.4005,92.818,"98.25,96.62,95.53,95.53,95.53,95.53,95.53,94.99,94.99,94.99,94.45,94.45,93.36,93.36,93.36,93.36,93.36,93.36,92.28,91.73,91.73,91.73,91.19,91.19,91.19,91.19,91.19,89.56,89.56,90.10,90.10,89.56,89.56,89.56,89.56,89.56"
Rec-025_30s_1,5,9,3716,core,330,331,0.0,4.0,0.9891,334,334,342,337,1.0,True,93.8131,99.8737,90.6471,2.449,93.9035,"99.87,98.25,97.70,97.16,96.62,96.62,96.07,96.07,95.53,95.53,95.53,94.99,94.99,94.45,94.45,94.45,94.45,94.45,93.36,92.28,92.28,92.28,92.28,92.28,92.28,92.28,92.28,91.19,91.19,91.19,91.19,91.19,90.65,90.65,90.65,90.65"
Rec-025_30s_1,5,10,3717,core,335,331,0.0,5.0,0.9915,339,334,347,337,1.0,True,94.3709,99.8737,90.6471,2.5971,94.1749,"99.87,98.25,98.25,97.70,97.70,97.16,97.16,97.16,97.16,96.62,96.07,95.53,95.53,95.53,95.53,94.99,94.99,94.99,93.36,93.36,93.36,93.36,93.36,93.36,92.28,92.28,92.28,91.73,91.19,91.19,91.19,91.19,91.19,91.19,90.65,90.65"
Rec-025_30s_1,5,11,3718,core,339,331,0.0,4.0,0.9893,343,334,351,337,1.0,True,94.793,101.502,89.5616,2.9092,94.4463,"101.50,99.87,98.79,98.25,98.25,98.25,97.70,97.16,95.53,97.70,97.16,96.62,96.62,96.07,95.53,95.53,94.99,94.45,94.45,94.45,94.45,94.45,93.36,93.36,93.36,92.28,91.73,92.28,91.73,91.73,91.19,91.19,91.19,91.19,90.65,89.56"
Rec-025_30s_1,5,12,3719,core,344,331,0.0,5.0,0.9913,348,334,356,337,1.0,True,92.3055,101.502,82.5059,4.3419,92.0039,"101.50,99.87,98.25,97.70,96.62,95.53,93.36,92.28,87.93,97.70,96.62,96.07,95.53,94.45,93.36,91.19,90.10,85.76,94.45,94.45,93.36,93.36,91.73,91.19,89.56,87.93,84.13,91.73,91.73,91.19,90.65,89.56,88.48,87.39,85.76,82.51"
Rec-025_30s_1,5,13,3720,core,348,331,0.0,4.0,0.9882,352,334,360,337,0.6667,False,85.1442,100.4165,75.4502,7.6383,85.7624,"100.42,98.25,95.53,93.36,89.56,81.96,78.71,76.54,75.99,95.53,94.45,93.36,91.19,86.85,80.88,77.62,76.54,75.99,93.36,91.73,90.10,89.02,84.68,79.79,77.62,75.99,75.45,90.10,89.56,87.93,86.85,83.05,78.71,77.08,75.99,75.45"
Rec-025_30s_1,5,14,3721,core,353,331,0.0,5.0,0.9902,357,334,365,337,0.1111,False,76.6864,84.6769,74.3647,2.3013,75.9929,"84.68,79.79,77.62,76.54,75.99,75.99,75.99,75.45,74.91,82.51,78.71,77.62,75.99,75.99,75.99,75.45,74.91,74.91,80.88,78.16,77.08,75.99,75.99,75.45,74.91,74.91,74.36,79.79,77.62,75.99,75.99,75.45,74.91,74.91,74.91,74.36"
Rec-025_30s_1,5,15,3722,core,355,331,0.0,2.0,0.9904,359,334,367,337,0.0,False,75.9176,80.3349,74.3647,1.3118,75.7216,"80.33,78.16,77.08,76.54,75.99,75.99,75.45,74.91,74.91,78.71,77.62,76.54,75.99,75.99,75.45,75.45,74.91,74.91,77.62,76.54,75.99,75.99,75.45,74.91,74.91,74.36,74.36,77.08,75.99,75.99,75.45,74.91,74.91,74.91,74.36,74.36"
Rec-025_30s_1,6,1,3835,core,290,331,0.0,0.0,0.9828,294,334,302,337,1.0,True,92.9085,98.2455,87.9333,2.9988,92.5467,"98.25,97.70,97.70,97.70,97.16,96.62,96.07,96.07,95.53,93.36,93.36,94.45,94.45,94.45,94.45,94.45,94.45,93.36,90.65,91.19,91.19,91.73,91.73,91.73,91.73,91.73,91.19,87.93,87.93,89.02,89.56,89.56,89.56,89.56,89.56,89.56"
Rec-025_30s_1,6,2,3836,core,293,331,0.0,3.0,0.9823,297,334,305,337,1.0,True,93.6171,101.502,89.5616,3.0069,93.3608,"101.50,99.87,98.25,97.70,97.16,96.62,95.53,95.53,94.99,96.07,95.53,95.53,94.99,94.99,94.45,94.45,93.36,93.36,93.36,92.28,92.28,92.28,92.28,92.28,92.28,91.73,91.19,90.10,90.10,90.65,90.65,90.10,90.10,89.56,89.56,89.56"
Rec-025_30s_1,6,3,3837,core,297,331,0.0,4.0,0.9836,301,334,309,337,1.0,True,93.8734,103.1302,89.5616,3.2184,93.3608,"103.13,100.96,98.79,97.70,97.16,96.07,95.53,94.99,94.45,98.25,96.62,95.53,95.53,94.99,94.45,93.36,93.36,92.28,94.45,93.36,93.36,93.36,92.28,92.28,91.73,91.19,91.19,91.19,91.19,91.19,90.65,90.10,90.10,89.56,89.56,89.56"
Rec-025_30s_1,6,4,3838,core,302,331,0.0,5.0,0.985,306,334,314,337,1.0,True,93.0291,100.9592,88.4761,2.8498,92.2753,"100.96,98.79,97.16,96.62,95.53,95.53,94.99,94.45,93.36,96.62,95.53,94.99,94.45,94.45,93.36,92.28,92.28,92.28,93.36,93.36,92.28,92.28,91.73,91.19,91.19,90.65,90.10,91.19,91.19,90.65,90.65,89.56,89.56,89.02,89.02,88.48"
Rec-025_30s_1,6,5,3839,core,306,331,0.0,4.0,0.9867,310,334,318,337,1.0,True,92.7728,101.502,88.4761,2.9182,92.2753,"101.50,98.79,97.16,96.07,95.53,94.99,94.45,94.45,93.36,96.07,95.53,94.45,94.45,93.36,93.36,92.28,92.28,91.73,93.36,92.28,92.28,91.73,91.19,91.19,91.19,90.65,90.65,90.65,90.10,90.10,89.56,89.56,89.56,89.02,88.48,88.48"
Rec-025_30s_1,6,6,3840,core,311,331,0.0,5.0,0.9878,315,334,323,337,1.0,True,92.2451,99.331,87.9333,2.6402,92.0039,"99.33,97.16,96.07,95.53,94.99,94.45,94.45,93.36,93.36,95.53,94.45,94.45,93.36,93.36,92.28,92.28,92.28,91.73,92.28,91.73,91.19,91.73,91.73,91.19,90.65,90.10,89.56,90.10,89.56,89.56,89.56,89.56,89.02,88.48,88.48,87.93"
Rec-025_30s_1,6,7,3841,core,315,331,0.0,4.0,0.9883,319,334,327,337,1.0,True,92.1999,99.8737,87.9333,2.8032,92.0039,"99.87,98.25,96.07,95.53,94.99,94.45,94.45,93.36,93.36,95.53,94.99,94.45,93.36,92.28,92.28,92.28,91.73,91.19,92.28,92.28,91.73,91.19,91.19,90.65,90.10,89.56,89.56,90.65,90.10,89.56,89.56,89.02,89.02,88.48,87.93,87.93"
Rec-025_30s_1,6,8,3842,core,324,331,0.0,9.0,0.9894,328,334,336,337,1.0,True,93.0291,99.331,90.1043,2.5045,92.818,"99.33,98.25,96.62,96.07,95.53,95.53,95.53,94.99,95.53,95.53,94.45,94.45,94.45,93.36,93.36,93.36,93.36,93.36,92.28,92.28,91.73,91.73,91.73,91.73,91.19,91.19,91.19,90.10,90.10,90.10,90.10,90.10,90.10,90.10,90.10,90.10"
Rec-025_30s_1,6,9,3843,core,333,331,0.0,9.0,0.9902,337,334,345,337,1.0,True,94.8684,100.9592,91.1898,2.5716,94.989,"100.96,99.33,98.79,98.25,97.70,97.70,97.16,97.16,97.16,97.16,96.07,96.07,95.53,95.53,95.53,95.53,95.53,95.53,94.45,94.45,94.45,94.45,93.36,93.36,93.36,93.36,93.36,91.73,91.73,91.73,91.73,91.73,91.73,91.19,91.19,91.19"
Rec-025_30s_1,6,10,3844,core,338,331,0.0,5.0,0.9919,342,334,350,337,1.0,True,95.0192,100.9592,91.1898,2.634,94.7176,"100.96,99.87,98.79,98.25,98.25,98.25,97.70,97.16,96.62,97.16,96.62,96.62,96.62,96.07,95.53,95.53,95.53,94.99,94.45,94.45,94.45,94.45,94.45,93.36,93.36,93.36,92.28,92.28,92.28,92.28,92.28,91.73,91.19,91.19,91.19,91.19"
Rec-025_30s_1,6,11,3845,core,347,331,0.0,9.0,0.9916,351,334,359,337,0.7778,False,87.0891,99.8737,75.9929,7.3113,88.7475,"99.87,98.25,96.62,94.45,93.36,89.02,81.96,78.16,76.54,96.62,94.99,94.45,92.28,90.65,86.85,80.88,77.62,75.99,94.45,92.28,91.19,90.10,88.48,84.68,79.79,77.62,75.99,91.73,90.65,89.56,88.48,86.85,83.05,78.71,77.08,75.99"
Rec-025_30s_1,6,12,3846,core,351,331,0.0,4.0,0.9884,355,334,363,337,0.3333,False,79.7318,96.6172,74.9074,5.8326,76.8071,"96.62,91.19,83.05,79.79,77.62,75.99,75.99,75.45,75.45,92.28,88.48,81.96,78.71,77.08,75.99,75.99,75.45,74.91,89.56,85.76,80.88,77.62,76.54,75.99,75.45,74.91,74.91,87.93,84.13,79.79,77.62,75.99,75.99,75.45,74.91,74.91"
Rec-025_30s_1,6,13,3847,core,355,331,0.0,4.0,0.9915,359,334,367,337,0.0,False,75.8723,80.3349,73.822,1.299,75.9929,"80.33,78.16,77.08,75.99,75.99,75.99,75.45,74.91,74.91,78.16,77.62,75.99,75.99,75.99,75.45,74.91,74.91,74.36,77.62,76.54,75.99,75.99,75.45,75.45,74.91,74.36,74.36,77.08,75.99,75.99,75.99,75.45,74.91,74.91,74.36,73.82"
Rec-026_60s_2,1,1,3974,core,290,331,0.0,0.0,0.9857,294,334,302,337,1.0,True,75.1034,84.1341,69.48,3.708,74.3647,"84.13,81.96,80.88,79.79,79.79,78.71,78.71,78.16,78.16,78.16,77.62,77.08,76.54,76.54,75.99,75.99,75.45,74.91,73.82,73.82,73.82,73.82,73.82,73.28,72.74,72.19,71.65,71.65,71.65,70.57,71.65,70.57,70.57,70.57,69.48,69.48"
Rec-026_60s_2,1,2,3975,core,294,331,0.0,4.0,0.9859,298,334,306,337,1.0,True,75.1487,84.1341,69.48,3.7677,74.9074,"84.13,82.51,80.88,80.33,79.79,78.71,78.71,78.16,77.62,78.71,77.62,77.62,76.54,75.99,75.99,75.45,75.45,74.91,74.91,74.36,73.82,73.82,73.82,73.28,72.19,72.19,71.65,72.19,71.65,71.65,70.57,70.57,70.57,70.02,69.48,69.48"
Rec-026_60s_2,1,3,3976,core,298,331,0.0,4.0,0.9849,302,334,310,337,1.0,True,75.1939,85.2196,69.48,3.877,74.6361,"85.22,83.05,80.88,80.33,79.79,78.71,78.71,78.16,77.62,78.71,78.16,77.62,77.08,75.99,75.99,75.45,74.91,74.36,74.91,74.36,73.82,73.82,73.28,72.74,72.74,71.65,71.65,72.19,71.65,71.65,71.65,70.57,70.57,70.02,69.48,69.48"
Rec-026_60s_2,1,4,3977,core,303,331,0.0,5.0,0.9873,307,334,315,337,1.0,True,74.8924,83.5914,69.48,3.6329,74.6361,"83.59,81.42,80.33,79.79,78.71,78.71,78.16,78.16,77.62,78.16,77.62,77.08,76.54,75.99,75.99,75.45,75.45,74.36,74.91,74.36,73.82,73.82,73.28,72.74,72.19,71.65,71.65,71.65,71.65,70.57,70.57,70.57,70.57,70.02,69.48,69.48"
Rec-026_60s_2,1,5,3978,core,307,331,0.0,4.0,0.9849,311,334,319,337,1.0,True,75.0281,84.1341,70.0227,3.5822,74.6361,"84.13,81.96,80.33,79.79,78.71,78.71,78.16,77.62,77.62,78.71,77.62,77.08,76.54,75.99,75.99,75.45,74.91,74.91,74.36,74.36,73.82,73.82,73.28,73.28,72.74,72.74,72.19,71.65,71.65,70.57,70.57,70.57,70.57,70.57,70.02,70.02"
Rec-026_60s_2,1,6,3979,core,312,331,0.0,5.0,0.9876,316,334,324,337,1.0,True,75.0431,83.0486,70.5655,3.2774,74.9074,"83.05,80.88,80.33,79.79,78.71,78.71,78.16,77.62,77.62,78.16,77.08,76.54,75.99,75.99,75.99,75.45,75.45,74.91,74.91,74.36,73.82,73.82,73.28,73.28,72.74,72.19,72.19,71.65,71.65,71.65,71.65,71.65,70.57,70.57,70.57,70.57"
Rec-026_60s_2,1,7,3980,core,316,331,0.0,4.0,0.9849,320,334,328,337,1.0,True,75.5557,84.1341,71.651,3.2811,75.1788,"84.13,81.96,80.88,79.79,79.79,78.71,78.71,78.16,78.16,78.71,77.62,77.08,76.54,75.99,75.99,75.99,75.45,75.45,74.91,74.36,74.36,73.82,73.82,73.82,73.28,73.28,73.28,72.19,72.19,71.65,71.65,71.65,71.65,71.65,71.65,71.65"
Rec-026_60s_2,1,8,3981,core,321,331,0.0,5.0,0.9885,325,334,333,337,1.0,True,76.1437,83.0486,72.1937,2.9606,75.7216,"83.05,80.88,80.33,80.33,79.79,79.79,79.79,79.79,79.79,78.16,77.62,77.08,77.08,77.08,76.54,76.54,76.54,76.54,74.91,74.91,74.36,74.36,74.36,74.36,74.36,74.36,74.36,73.28,72.74,72.74,72.74,72.74,72.74,72.19,72.19,72.74"
Rec-026_60s_2,1,9,3982,core,326,331,0.0,5.0,0.9853,330,334,338,337,1.0,True,77.1538,83.0486,73.822,2.8206,76.8071,"83.05,81.96,81.42,80.88,80.88,80.88,80.88,80.88,80.88,78.71,78.16,78.16,77.62,77.62,77.62,77.62,77.62,77.62,75.99,75.99,75.99,75.45,75.45,75.45,75.45,75.45,75.45,73.82,73.82,73.82,73.82,73.82,73.82,73.82,73.82,73.82"
Rec-026_60s_2,1,10,3983,core,330,331,0.0,4.0,0.9892,334,334,342,337,1.0,True,78.2845,84.1341,74.3647,2.9675,77.8925,"84.13,83.05,83.05,83.05,82.51,81.96,81.96,81.96,81.96,79.79,79.79,79.79,78.71,78.71,78.71,78.71,78.71,78.71,77.08,77.08,76.54,76.54,76.54,76.54,76.54,76.54,76.54,74.91,74.91,74.91,74.91,74.91,74.91,74.91,74.36,74.36"
Rec-026_60s_2,1,11,3984,core,339,331,0.0,9.0,0.9899,343,334,351,337,1.0,True,79.8374,86.3051,75.4502,3.1527,79.2494,"86.31,85.22,84.68,84.13,84.13,84.13,83.59,83.05,83.05,81.96,81.42,81.42,80.88,80.88,80.88,80.88,80.33,79.79,78.71,78.71,78.71,78.16,78.16,77.62,77.62,77.62,77.62,76.54,76.54,76.54,75.99,75.99,75.99,75.99,75.45,75.45"
Rec-026_60s_2,1,12,3985,core,353,331,0.0,14.0,0.9824,357,334,365,337,0.1111,False,74.9527,79.7922,73.822,1.3741,74.3647,"79.79,77.62,76.54,75.99,75.45,74.91,74.36,74.36,73.82,77.62,76.54,75.99,74.91,74.91,74.36,74.36,73.82,73.82,76.54,75.99,74.91,74.36,74.36,73.82,73.82,73.82,73.82,75.45,74.91,74.36,73.82,73.82,73.82,73.82,73.82,73.82"
Rec-026_60s_2,1,13,3986,core,355,330,26.57,2.24,0.9815,359,333,367,336,0.0,False,75.616,83.0486,73.822,1.8219,75.1788,"83.05,79.79,77.62,75.99,75.45,75.45,75.45,74.91,74.36,78.71,77.08,75.99,75.99,75.45,74.91,74.36,74.36,73.82,77.08,75.99,75.99,75.45,74.91,74.91,74.91,74.36,73.82,75.99,75.45,74.91,74.91,74.91,74.36,73.82,73.82,73.82"
Rec-026_60s_2,2,1,4109,core,290,331,0.0,0.0,0.9867,294,334,302,337,1.0,True,82.5059,91.1898,76.5357,4.0535,81.9631,"91.19,89.56,88.48,87.93,87.93,87.93,87.39,86.31,85.76,84.68,84.68,84.68,84.13,84.13,84.13,83.59,83.05,83.05,80.88,80.88,80.88,80.88,80.88,80.33,80.33,79.79,79.79,77.62,77.62,77.62,77.62,77.62,77.62,77.62,77.08,76.54"
Rec-026_60s_2,2,2,4110,core,294,331,0.0,4.0,0.9829,298,334,306,337,1.0,True,82.5511,91.7325,76.5357,4.032,82.2345,"91.73,90.10,89.02,87.93,87.93,86.85,85.76,85.76,84.68,86.31,85.76,85.22,84.13,84.13,83.59,83.05,82.51,81.96,82.51,81.96,81.42,80.88,80.88,80.33,79.79,79.79,78.71,78.71,78.71,78.71,78.16,77.62,77.08,77.08,76.54,76.54"
Rec-026_60s_2,2,3,4111,core,298,331,0.0,4.0,0.9877,302,334,310,337,1.0,True,82.4154,92.2753,76.5357,3.9294,82.2345,"92.28,89.56,88.48,87.93,86.85,86.31,85.76,85.22,84.68,86.31,85.76,84.68,84.13,83.59,83.05,82.51,82.51,81.96,82.51,81.96,81.42,80.88,80.88,80.33,79.79,79.79,78.71,78.71,78.71,78.16,78.16,77.62,77.62,77.08,76.54,76.54"
Rec-026_60s_2,2,4,4112,core,302,331,0.0,4.0,0.9849,306,334,314,337,1.0,True,82.2647,92.2753,76.5357,3.7656,81.6918,"92.28,89.56,87.93,87.39,86.31,85.76,85.22,84.68,84.13,86.31,85.22,84.13,84.13,83.59,83.05,83.05,82.51,81.42,81.96,81.42,80.88,80.88,80.33,80.33,79.79,79.79,78.71,78.71,78.71,78.71,78.16,77.62,77.62,77.62,77.08,76.54"
Rec-026_60s_2,2,5,4113,core,307,331,0.0,5.0,0.9881,311,334,319,337,1.0,True,81.9028,90.6471,76.5357,3.4818,81.6918,"90.65,88.48,87.39,86.31,85.76,85.22,84.68,84.13,84.13,85.76,84.13,84.13,83.59,83.05,83.05,81.96,81.96,81.42,81.96,81.42,80.88,80.88,80.33,79.79,79.79,79.79,78.71,78.71,78.71,78.16,77.62,77.62,77.62,77.08,77.08,76.54"
Rec-026_60s_2,2,6,4114,core,312,331,0.0,5.0,0.9853,316,334,324,337,1.0,True,81.6465,88.4761,76.5357,3.1267,81.4204,"88.48,87.39,86.31,85.76,85.22,85.22,84.13,84.13,84.13,84.68,84.13,83.59,83.05,83.05,82.51,82.51,81.96,81.42,81.42,80.88,80.88,80.33,80.33,79.79,79.79,79.79,78.71,78.71,78.71,78.16,77.62,77.62,77.62,77.62,77.08,76.54"
Rec-026_60s_2,2,7,4115,core,316,331,0.0,4.0,0.9891,320,334,328,337,1.0,True,81.9481,89.5616,77.6212,3.1737,81.6918,"89.56,87.93,86.85,85.76,85.76,85.22,84.68,84.68,84.68,84.68,84.13,83.59,83.59,83.05,83.05,82.51,81.96,81.96,81.42,80.88,80.88,80.88,80.33,80.33,79.79,79.79,79.79,78.71,78.71,78.71,78.16,77.62,77.62,77.62,77.62,77.62"
Rec-026_60s_2,2,8,4116,core,321,331,0.0,5.0,0.9876,325,334,333,337,1.0,True,82.3099,88.4761,78.1639,3.0277,82.2345,"88.48,87.39,86.85,86.31,85.76,85.76,85.76,85.76,85.76,84.68,84.13,83.59,83.59,83.05,83.05,83.05,83.05,83.05,81.42,80.88,80.88,80.88,80.88,80.88,80.88,80.88,80.88,78.71,78.71,78.16,78.16,78.16,78.16,78.16,78.71,78.71"
Rec-026_60s_2,2,9,4117,core,325,331,0.0,4.0,0.9896,329,334,337,337,1.0,True,83.5612,90.1043,79.7922,3.1255,83.0486,"90.10,88.48,87.93,87.93,87.93,87.93,87.39,86.85,86.85,85.76,85.22,85.22,84.68,84.68,84.68,84.13,84.13,84.13,81.96,81.96,81.96,81.42,81.96,81.96,81.96,81.42,81.42,79.79,79.79,79.79,79.79,79.79,79.79,79.79,79.79,79.79"
Rec-026_60s_2,2,10,4118,core,330,331,0.0,5.0,0.9883,334,334,342,337,1.0,True,84.2698,90.1043,79.7922,3.1449,84.1341,"90.10,89.56,89.02,88.48,87.93,87.93,87.93,87.93,87.93,86.31,85.76,85.76,85.76,85.22,85.22,85.22,85.22,85.22,83.05,83.05,83.05,83.05,83.05,83.05,82.51,82.51,82.51,80.33,80.33,80.33,80.33,80.33,80.33,79.79,79.79,79.79"
Rec-026_60s_2,2,11,4119,core,334,331,0.0,4.0,0.9897,338,334,346,337,1.0,True,85.1593,91.1898,80.8776,3.3841,84.9482,"91.19,90.65,90.10,89.56,89.56,89.56,89.56,89.56,89.56,87.39,86.85,86.85,86.31,86.31,86.31,85.76,85.76,85.76,84.13,83.59,83.59,83.59,83.05,83.59,83.05,83.05,83.05,81.42,80.88,80.88,80.88,80.88,80.88,80.88,80.88,80.88"
Rec-026_60s_2,2,12,4120,core,339,331,0.0,5.0,0.9893,343,334,351,337,1.0,True,85.6267,91.7325,80.3349,3.4714,84.9482,"91.73,91.19,91.19,90.65,90.65,90.10,89.56,89.56,89.02,87.93,87.93,87.39,87.39,86.85,86.85,86.31,86.31,85.76,84.13,84.13,84.13,84.13,84.13,83.59,83.59,83.59,83.05,81.96,81.96,81.42,81.42,81.42,81.42,80.88,80.88,80.33"
Rec-026_60s_2,2,13,4121,core,348,331,0.0,9.0,0.986,352,334,360,337,0.6667,False,80.5761,91.7325,73.822,5.1955,79.7922,"91.73,90.65,89.56,87.93,85.22,79.79,77.08,75.99,74.91,87.93,86.85,85.76,85.22,82.51,78.16,75.99,75.45,74.36,84.13,84.13,83.05,81.96,79.79,77.62,75.99,74.91,73.82,81.42,80.88,80.88,79.79,78.16,75.99,74.91,74.36,73.82"
Rec-026_60s_2,2,14,4122,core,352,331,0.0,4.0,0.9861,356,334,364,337,0.2222,False,76.2945,87.9333,73.822,3.0714,75.1788,"87.93,80.88,78.16,75.99,75.99,75.45,74.91,74.36,74.36,84.13,79.79,77.08,75.99,75.45,74.91,74.36,74.36,73.82,80.88,77.62,75.99,75.99,74.91,74.36,74.36,73.82,73.82,78.71,77.08,75.99,74.91,74.36,74.36,73.82,73.82,73.82"
Rec-026_60s_2,2,15,4123,core,355,331,0.0,3.0,0.9838,359,334,367,337,0.0,False,75.1788,79.7922,73.822,1.2825,74.9074,"79.79,77.62,76.54,75.99,75.45,74.91,74.91,74.36,74.36,77.62,76.54,75.99,75.45,74.91,74.91,74.36,74.36,74.36,76.54,75.45,75.45,74.91,74.91,74.36,73.82,73.82,73.82,75.99,75.45,74.91,74.91,74.36,73.82,73.82,73.82,73.82"
Rec-026_60s_2,2,16,4124,core,355,330,90.0,1.0,0.9915,359,333,367,336,0.0,False,75.4502,80.8776,73.822,1.519,75.1788,"80.88,78.16,77.08,75.99,75.99,75.45,74.91,74.91,74.36,78.71,77.08,75.99,75.99,75.45,74.91,74.36,74.36,73.82,77.08,75.99,75.99,75.45,74.91,74.36,74.36,73.82,73.82,75.99,75.45,75.45,74.91,74.36,74.36,73.82,73.82,73.82"
Rec-026_60s_2,3,1,4253,core,291,331,0.0,1.0,0.986,295,334,303,337,1.0,True,86.486,94.4463,80.8776,3.5956,86.0337,"94.45,92.28,91.73,91.73,91.19,90.65,90.10,89.56,89.56,89.02,89.02,88.48,88.48,87.93,87.93,87.39,86.85,86.85,85.22,85.22,85.22,85.22,84.68,84.68,84.13,84.13,84.13,81.96,82.51,82.51,82.51,81.96,81.96,81.96,81.42,80.88"
Rec-026_60s_2,3,2,4254,core,295,331,0.0,4.0,0.9836,299,334,307,337,1.0,True,86.7272,96.6172,80.8776,3.8188,86.0337,"96.62,94.45,92.28,91.73,91.19,90.10,89.56,89.56,88.48,90.65,89.56,89.02,88.48,87.93,87.93,87.39,86.85,85.76,86.31,85.76,85.76,85.22,85.22,84.68,84.13,84.13,83.59,83.05,83.05,83.05,83.05,82.51,81.96,81.42,80.88,80.88"
Rec-026_60s_2,3,3,4255,core,300,331,0.0,5.0,0.9877,304,334,312,337,1.0,True,86.1694,94.989,80.8776,3.4454,85.7624,"94.99,92.28,91.19,90.65,89.56,89.56,89.02,88.48,87.93,90.10,89.02,88.48,87.93,87.39,87.39,86.85,86.31,85.76,85.76,85.76,85.22,84.68,84.68,84.13,84.13,83.59,83.05,83.05,83.05,83.05,82.51,81.96,81.42,81.42,80.88,80.88"
Rec-026_60s_2,3,4,4256,core,313,331,0.0,13.0,0.9862,317,334,325,337,1.0,True,85.898,94.4463,80.8776,3.1966,85.7624,"94.45,91.73,90.65,89.56,89.56,89.02,88.48,87.93,87.93,89.56,88.48,87.93,87.39,86.85,86.31,85.76,85.76,85.76,85.76,85.76,85.22,84.68,84.13,84.13,83.59,83.59,83.05,83.05,83.05,83.05,82.51,81.96,81.96,81.42,81.42,80.88"
Rec-026_60s_2,3,5,4257,core,318,331,0.0,5.0,0.9898,322,334,330,337,1.0,True,85.7021,92.2753,81.4204,2.95,85.491,"92.28,91.19,90.10,89.56,89.02,89.02,88.48,88.48,88.48,88.48,87.93,87.39,86.85,86.31,86.31,85.76,86.31,85.76,85.22,84.68,84.68,84.13,84.13,84.13,84.13,84.13,84.13,83.05,83.05,82.51,81.96,81.96,81.42,81.42,81.42,81.42"
Rec-026_60s_2,3,6,4258,core,327,331,0.0,9.0,0.9899,331,334,339,337,1.0,True,87.5112,93.3608,83.0486,2.995,87.3906,"93.36,92.28,91.73,91.19,91.19,91.19,91.19,91.19,91.19,89.56,89.02,89.02,89.02,88.48,88.48,88.48,88.48,88.48,86.31,86.31,85.76,85.76,85.76,85.76,85.76,85.76,85.76,84.13,84.13,84.13,84.13,83.59,83.59,83.59,83.59,83.05"
Rec-026_60s_2,3,7,4259,core,332,331,0.0,5.0,0.9878,336,334,344,337,1.0,True,88.0992,94.4463,84.1341,3.0963,88.2047,"94.45,93.36,92.28,92.28,91.73,91.73,91.73,91.19,91.19,90.10,89.56,89.56,89.56,89.56,89.56,89.56,89.02,89.02,87.39,86.85,86.85,86.85,86.31,86.31,86.31,86.31,85.76,84.13,84.13,84.13,84.13,84.13,84.13,84.13,84.13,84.13"
Rec-026_60s_2,3,8,4260,core,341,331,0.0,9.0,0.9882,345,334,353,337,1.0,True,89.0037,95.5318,83.0486,3.4218,88.4761,"95.53,94.99,94.45,94.45,93.36,93.36,92.28,91.73,91.19,91.73,91.19,91.19,91.19,90.65,90.10,89.56,89.02,88.48,88.48,87.93,87.93,87.93,87.93,87.39,86.85,85.76,85.76,85.76,85.76,85.76,85.76,85.22,84.68,84.13,83.59,83.05"
Rec-026_60s_2,3,9,4261,core,345,331,0.0,4.0,0.9889,349,334,357,337,1.0,True,86.9232,96.6172,77.0784,4.905,86.5765,"96.62,95.53,94.45,93.36,92.28,91.19,89.56,86.31,80.33,92.28,91.73,91.19,90.10,89.56,88.48,86.85,84.13,78.71,89.02,88.48,87.93,87.39,86.31,85.76,84.13,81.42,77.62,86.31,85.76,85.76,84.68,84.13,83.05,81.96,79.79,77.08"
Rec-026_60s_2,3,10,4262,core,350,331,0.0,5.0,0.9858,354,334,362,337,0.4444,False,79.4153,93.3608,73.822,5.643,77.0784,"93.36,91.19,87.93,80.88,77.62,75.99,75.45,74.91,74.36,89.56,88.48,85.22,79.79,77.62,75.99,74.91,74.36,74.36,86.31,85.22,83.05,78.71,76.54,75.45,74.91,74.36,73.82,84.13,83.05,80.88,77.62,75.99,74.91,74.36,73.82,73.82"
Rec-026_60s_2,3,11,4263,core,354,331,0.0,4.0,0.9871,358,334,366,337,0.0,False,75.4351,80.3349,73.822,1.4501,74.9074,"80.33,77.62,76.54,75.99,75.45,74.91,74.91,74.36,73.82,78.71,77.08,75.99,75.45,75.45,74.91,74.91,74.36,73.82,77.62,75.99,75.45,75.45,74.91,74.91,74.36,73.82,73.82,77.08,75.99,75.45,74.91,74.91,74.36,74.36,73.82,73.82"
Rec-026_60s_2,3,12,4264,core,355,330,45.0,1.41,0.9895,359,333,367,336,0.0,False,75.7517,83.0486,73.822,1.8994,75.1788,"83.05,79.79,77.62,75.99,75.99,75.45,74.91,74.91,74.36,79.79,77.62,76.54,75.99,75.45,74.91,74.91,74.36,74.36,77.62,75.99,75.99,75.45,74.91,74.91,74.36,74.36,73.82,76.54,75.99,75.45,74.91,74.36,74.36,74.36,73.82,73.82"
Rec-026_60s_2,4,1,4386,core,290,331,0.0,0.0,0.9871,294,334,302,337,1.0,True,88.0087,94.989,83.0486,3.3583,87.9333,"94.99,93.36,92.28,92.28,92.28,92.28,91.73,91.73,91.19,89.56,89.56,89.56,89.56,89.56,89.56,89.56,89.56,89.02,85.76,85.76,86.85,86.85,86.85,86.85,86.85,86.31,85.76,83.05,83.05,83.59,84.13,84.13,84.13,84.13,83.59,83.05"
Rec-026_60s_2,4,2,4387,core,292,331,0.0,2.0,0.9832,296,334,304,337,1.0,True,88.9284,97.7027,83.5914,3.6013,88.7475,"97.70,95.53,94.45,93.36,93.36,92.28,92.28,91.73,91.19,91.73,91.19,91.19,90.65,90.65,89.56,89.56,89.56,89.56,87.93,87.93,87.93,87.93,87.93,87.39,86.85,86.85,86.31,84.13,84.68,84.68,84.68,84.68,84.13,84.13,84.13,83.59"
Rec-026_60s_2,4,3,4388,core,297,331,0.0,5.0,0.9875,301,334,309,337,1.0,True,88.6268,97.16,83.0486,3.3909,88.4761,"97.16,95.53,94.45,92.28,92.28,91.19,91.19,90.65,90.10,92.28,91.19,90.65,90.10,90.10,89.56,89.02,88.48,88.48,88.48,88.48,87.93,87.93,87.39,86.85,86.31,86.31,85.76,85.76,85.22,85.22,84.68,84.68,84.13,84.13,83.59,83.05"
Rec-026_60s_2,4,4,4389,core,301,331,0.0,4.0,0.9857,305,334,313,337,1.0,True,88.5967,97.7027,83.0486,3.4066,88.4761,"97.70,95.53,94.45,92.28,91.73,91.19,91.19,90.10,89.56,92.28,91.73,90.65,90.10,89.56,89.56,89.02,88.48,87.93,89.02,88.48,87.93,87.93,87.39,86.85,86.31,85.76,85.76,85.76,85.76,85.22,84.68,84.13,84.13,84.13,84.13,83.05"
Rec-026_60s_2,4,5,4390,core,306,331,0.0,5.0,0.9889,310,334,318,337,1.0,True,87.9936,95.5318,83.0486,2.9694,87.9333,"95.53,93.36,92.28,91.73,91.19,90.65,90.10,89.56,89.56,91.19,90.65,90.10,89.56,89.02,89.02,88.48,87.93,87.93,87.93,87.93,87.39,87.39,86.85,86.31,85.76,85.76,85.76,85.22,85.22,85.22,84.13,84.13,84.13,84.13,83.59,83.05"
Rec-026_60s_2,4,6,4391,core,310,331,0.0,4.0,0.986,314,334,322,337,1.0,True,88.0992,96.0745,83.5914,3.016,87.9333,"96.07,94.45,92.28,91.73,91.19,90.65,90.10,90.10,89.56,91.19,90.65,89.56,89.56,89.56,88.48,88.48,87.93,87.93,87.93,87.93,87.93,87.39,86.85,86.31,86.31,85.76,85.76,85.22,85.22,85.22,84.68,84.13,84.13,84.13,83.59,83.59"
Rec-026_60s_2,4,7,4392,core,315,331,0.0,5.0,0.9899,319,334,327,337,1.0,True,87.8429,94.989,83.5914,2.8876,87.9333,"94.99,93.36,92.28,91.19,90.65,90.65,90.10,89.56,89.56,91.19,90.10,89.56,89.56,89.02,88.48,87.93,87.93,87.93,87.93,87.93,87.39,86.85,86.31,86.31,85.76,85.76,85.76,85.22,84.68,84.68,84.13,84.13,84.13,84.13,83.59,83.59"
Rec-026_60s_2,4,8,4393,core,320,331,0.0,5.0,0.9874,324,334,332,337,1.0,True,88.2952,94.4463,84.6769,2.6496,88.4761,"94.45,92.28,91.73,91.19,91.19,91.19,91.19,91.19,91.19,90.65,89.56,89.56,89.56,89.56,89.02,89.02,89.02,89.02,87.93,87.93,87.39,87.39,86.85,86.85,86.85,86.85,86.85,85.22,85.22,84.68,84.68,84.68,84.68,84.68,84.68,84.68"
Rec-026_60s_2,4,9,4394,core,324,331,0.0,4.0,0.9902,328,334,336,337,1.0,True,89.1696,94.989,85.7624,2.6174,89.0188,"94.99,93.36,92.28,92.28,92.28,91.73,91.73,92.28,92.28,91.19,91.19,90.65,90.10,90.10,90.10,90.10,90.10,90.10,87.93,87.93,87.93,87.93,87.93,87.93,87.93,87.93,87.93,85.76,85.76,85.76,85.76,85.76,85.76,85.76,85.76,85.76"
Rec-026_60s_2,4,10,4395,core,329,331,0.0,5.0,0.988,333,334,341,337,1.0,True,90.1043,95.5318,86.3051,2.8086,90.3757,"95.53,94.45,94.45,93.36,93.36,93.36,93.36,93.36,93.36,91.73,91.19,91.19,91.19,91.19,91.19,91.19,91.19,91.19,89.56,89.02,89.02,89.02,89.02,89.02,89.02,89.02,88.48,86.31,86.31,86.31,86.31,86.31,86.31,86.31,86.31,86.31"
Rec-026_60s_2,4,11,4396,core,333,331,0.0,4.0,0.9905,337,334,345,337,1.0,True,91.3104,97.16,87.3906,2.9231,91.1898,"97.16,96.07,95.53,95.53,94.99,94.99,94.45,94.45,94.45,93.36,93.36,92.28,92.28,92.28,92.28,92.28,92.28,92.28,90.10,90.10,90.10,90.10,89.56,89.56,89.56,89.56,89.56,87.93,87.93,87.93,87.93,87.39,87.39,87.39,87.39,87.39"
Rec-026_60s_2,4,12,4397,core,338,331,0.0,5.0,0.9886,342,334,350,337,1.0,True,91.5215,97.16,86.3051,2.9735,91.1898,"97.16,96.07,95.53,95.53,95.53,95.53,94.99,94.45,93.36,94.45,93.36,93.36,93.36,93.36,92.28,92.28,91.73,91.19,91.19,91.19,90.65,90.65,90.10,89.56,89.56,89.56,89.56,88.48,87.93,87.93,87.93,87.93,87.93,87.39,87.39,86.31"
Rec-026_60s_2,4,13,4398,core,342,331,0.0,4.0,0.9898,346,334,354,337,1.0,True,91.0541,98.2455,84.1341,3.4785,91.1898,"98.25,97.70,96.62,96.07,95.53,94.45,93.36,92.28,91.19,94.99,94.45,93.36,93.36,92.28,92.28,91.19,90.10,89.02,91.19,91.19,91.19,90.65,90.10,89.56,88.48,87.93,86.85,89.02,89.02,88.48,87.93,87.93,86.85,85.76,85.22,84.13"
Rec-026_60s_2,4,14,4399,core,351,331,0.0,9.0,0.9883,355,334,363,337,0.3333,False,78.7067,94.4463,73.822,5.4904,76.2643,"94.45,90.10,83.05,78.71,76.54,75.99,75.45,74.91,74.36,90.65,87.39,80.88,77.62,76.54,75.45,74.91,74.91,74.36,87.39,84.13,79.79,77.62,75.99,74.91,74.36,74.36,73.82,84.68,83.05,78.71,76.54,75.45,74.36,74.36,73.82,73.82"
Rec-026_60s_2,4,15,4400,core,355,331,0.0,4.0,0.9873,359,334,367,337,0.0,False,75.2542,79.7922,73.822,1.2802,74.9074,"79.79,77.62,76.54,75.99,75.45,74.91,74.91,74.36,74.36,77.62,76.54,75.99,75.45,74.91,74.91,74.36,74.36,73.82,77.08,75.99,75.45,75.45,74.91,74.36,74.36,73.82,73.82,75.99,75.45,74.91,74.91,74.36,74.36,74.36,73.82,73.82"
Rec-026_60s_2,5,1,4525,core,291,331,0.0,1.0,0.9861,295,334,303,337,1.0,True,90.1797,97.16,85.7624,3.1806,89.8329,"97.16,95.53,94.99,94.45,94.45,93.36,93.36,93.36,93.36,91.73,91.73,91.73,91.73,91.19,91.19,91.19,91.19,90.65,88.48,89.02,89.02,89.02,89.02,89.02,89.02,89.02,88.48,85.76,85.76,86.31,86.31,86.31,86.31,85.76,85.76,85.76"
Rec-026_60s_2,5,2,4526,core,295,331,0.0,4.0,0.9863,299,334,307,337,1.0,True,91.1597,99.8737,85.7624,3.3382,90.9184,"99.87,97.70,96.07,95.53,94.99,94.45,94.45,93.36,92.28,94.45,93.36,93.36,92.28,92.28,91.73,91.73,91.19,91.19,90.65,90.65,90.10,89.56,89.56,89.56,89.56,89.02,88.48,87.93,87.93,87.93,87.39,87.39,86.85,86.85,86.31,85.76"
Rec-026_60s_2,5,3,4527,core,300,331,0.0,5.0,0.9875,304,334,312,337,1.0,True,90.6772,98.2455,85.7624,3.1282,90.6471,"98.25,96.62,95.53,94.99,94.45,93.36,92.28,92.28,91.19,94.45,93.36,93.36,92.28,91.73,91.19,91.19,90.65,90.10,91.19,90.65,90.10,89.56,89.56,89.02,88.48,88.48,87.93,87.93,87.93,87.93,87.39,86.85,86.31,86.31,85.76,85.76"
Rec-026_60s_2,5,4,4528,core,304,331,0.0,4.0,0.9882,308,334,316,337,1.0,True,90.2099,98.2455,85.2196,3.1331,89.8329,"98.25,96.62,95.53,94.45,93.36,92.28,91.73,91.19,90.65,94.45,93.36,92.28,91.73,91.19,90.65,90.10,89.56,89.02,91.19,90.10,89.56,89.56,89.02,88.48,87.93,87.93,87.39,87.93,87.93,87.39,87.39,86.85,85.76,85.76,85.76,85.22"
Rec-026_60s_2,5,5,4529,core,309,331,0.0,5.0,0.9887,313,334,321,337,1.0,True,89.2751,96.6172,84.6769,2.7362,89.2902,"96.62,94.99,93.36,92.28,91.73,91.19,91.19,90.65,90.10,92.28,91.73,91.19,90.65,90.10,89.56,89.56,89.02,88.48,90.10,89.56,89.02,88.48,87.93,87.93,87.39,86.85,86.85,87.93,87.39,86.85,86.31,85.76,85.76,85.22,85.22,84.68"
Rec-026_60s_2,5,6,4530,core,313,331,0.0,4.0,0.989,317,334,325,337,1.0,True,89.2751,96.6172,85.2196,2.6481,89.0188,"96.62,94.45,93.36,92.28,91.73,91.19,91.19,90.65,90.65,92.28,91.19,91.19,90.65,90.10,89.56,89.56,89.02,89.02,89.56,89.02,89.02,88.48,87.93,87.93,87.93,87.39,87.39,87.39,86.85,86.31,85.76,85.76,85.76,85.76,85.76,85.22"
Rec-026_60s_2,5,7,4531,core,318,331,0.0,5.0,0.9899,322,334,330,337,1.0,True,89.26,95.5318,85.7624,2.5148,89.5616,"95.53,94.45,93.36,92.28,91.73,91.19,91.19,91.19,91.19,91.73,91.19,90.65,90.10,89.56,89.56,89.56,89.56,89.56,89.56,89.02,88.48,87.93,87.93,87.93,87.93,87.93,87.93,86.85,86.85,86.31,86.31,85.76,85.76,85.76,85.76,85.76"
Rec-026_60s_2,5,8,4532,core,322,331,0.0,4.0,0.9891,326,334,334,337,1.0,True,89.9083,96.0745,86.3051,2.5333,89.8329,"96.07,94.45,93.36,93.36,92.28,92.28,92.28,92.28,92.28,92.28,91.19,91.19,91.19,91.19,90.65,90.65,90.10,90.10,89.56,89.56,89.02,89.02,88.48,88.48,88.48,88.48,88.48,86.85,86.85,86.85,86.85,86.85,86.85,86.31,86.31,86.31"
Rec-026_60s_2,5,9,4533,core,327,331,0.0,5.0,0.9904,331,334,339,337,1.0,True,90.7677,96.0745,87.3906,2.3765,90.6471,"96.07,94.99,94.45,94.45,93.36,93.36,93.36,93.36,93.36,92.28,92.28,91.73,91.19,91.19,91.19,91.19,91.19,91.19,90.10,90.10,89.56,89.56,89.56,89.56,89.56,89.56,89.56,87.93,87.93,87.93,87.93,87.93,87.93,87.93,87.39,87.39"
Rec-026_60s_2,5,10,4534,core,331,331,0.0,4.0,0.9887,335,334,343,337,1.0,True,91.6119,97.7027,87.9333,2.6807,91.4612,"97.70,96.62,95.53,94.99,94.99,94.45,94.45,94.45,94.45,93.36,93.36,92.28,92.28,92.28,92.28,92.28,92.28,92.28,90.65,90.65,90.65,90.65,90.65,90.10,90.10,90.10,90.10,88.48,88.48,88.48,88.48,88.48,87.93,87.93,87.93,87.93"
Rec-026_60s_2,5,11,4535,core,336,331,0.0,5.0,0.9906,340,334,348,337,1.0,True,92.5014,97.7027,89.0188,2.534,92.5467,"97.70,96.62,96.07,95.53,95.53,95.53,95.53,95.53,94.99,94.45,94.45,93.36,93.36,93.36,93.36,93.36,93.36,93.36,91.73,91.19,91.19,91.19,91.19,91.19,91.19,91.19,91.19,89.56,89.56,89.56,89.02,89.56,89.02,89.02,89.02,89.02"
Rec-026_60s_2,5,12,4536,core,340,331,0.0,4.0,0.9878,344,334,352,337,1.0,True,92.8482,99.331,87.9333,2.9477,92.2753,"99.33,98.25,97.16,97.16,96.62,96.07,95.53,94.99,94.45,95.53,94.99,94.45,94.45,94.45,94.45,93.36,92.28,91.73,92.28,92.28,92.28,92.28,91.73,91.19,91.19,90.65,89.56,90.10,90.10,90.10,89.56,89.56,89.56,89.02,87.93,87.93"
Rec-026_60s_2,5,13,4537,core,345,331,0.0,5.0,0.9899,349,334,357,337,1.0,True,89.7726,98.7882,78.1639,5.0693,90.1043,"98.79,97.70,96.62,95.53,94.99,93.36,91.19,88.48,81.42,95.53,94.99,94.45,93.36,92.28,91.19,89.56,86.31,80.33,92.28,92.28,91.73,91.19,90.10,88.48,87.39,84.13,79.79,90.10,90.10,89.56,88.48,87.93,86.31,85.22,82.51,78.16"
Rec-026_60s_2,5,14,4538,core,349,331,0.0,4.0,0.9863,353,334,361,337,0.5556,False,82.7923,98.2455,74.3647,7.317,80.8776,"98.25,95.53,93.36,90.10,83.05,78.71,76.54,75.45,74.91,94.45,92.28,91.19,87.93,81.42,77.62,75.99,75.45,74.91,91.19,89.56,88.48,85.76,80.33,77.62,75.99,74.91,74.36,88.48,87.39,85.76,83.59,78.71,76.54,75.45,74.91,74.36"
Rec-026_60s_2,5,15,4539,core,354,331,0.0,5.0,0.9882,358,334,366,337,0.0,False,75.4954,80.8776,73.822,1.6844,74.9074,"80.88,78.16,77.08,75.99,75.45,74.91,74.91,74.36,73.82,78.71,77.62,75.99,75.99,75.45,74.91,74.36,74.36,73.82,78.16,77.08,75.99,75.45,74.91,74.36,73.82,73.82,73.82,77.62,75.99,75.45,74.91,74.36,73.82,73.82,73.82,73.82"
Rec-026_60s_2,5,16,4540,core,355,330,45.0,1.41,0.9889,359,333,367,336,0.0,False,75.812,83.0486,73.822,1.9189,75.4502,"83.05,79.79,77.62,76.54,75.99,75.45,74.91,74.36,74.36,79.79,77.62,76.54,75.99,75.45,74.91,74.91,74.36,74.36,77.62,76.54,75.99,75.45,75.45,74.91,74.36,74.36,73.82,77.08,75.99,75.45,75.45,74.91,74.36,73.82,73.82,73.82"
Rec-026_60s_2,6,1,4670,core,290,331,0.0,0.0,0.9866,294,334,302,337,1.0,True,91.2049,97.7027,85.7624,3.0608,90.9184,"97.70,96.07,95.53,95.53,95.53,94.99,94.99,94.45,94.45,92.28,92.28,92.28,92.28,92.28,92.28,92.28,92.28,91.73,89.02,89.56,89.56,90.10,90.10,90.10,90.10,89.56,89.56,85.76,86.85,86.85,87.39,87.93,87.93,87.93,87.93,87.93"
Rec-026_60s_2,6,2,4671,core,294,331,0.0,4.0,0.987,298,334,306,337,1.0,True,92.0793,99.8737,87.9333,3.0892,91.4612,"99.87,98.25,96.62,96.07,95.53,94.99,94.45,94.45,93.36,94.99,94.45,94.45,93.36,93.36,93.36,92.28,92.28,91.73,91.19,91.19,91.19,91.19,91.19,90.65,90.10,90.10,89.56,88.48,88.48,89.02,88.48,88.48,87.93,87.93,87.93,87.93"
Rec-026_60s_2,6,3,4672,core,298,331,0.0,4.0,0.9848,302,334,310,337,1.0,True,92.1547,101.502,87.3906,3.1984,91.7325,"101.50,98.79,97.16,96.07,95.53,94.99,94.45,93.36,92.28,95.53,94.99,94.45,93.36,93.36,92.28,92.28,91.73,91.19,92.28,91.73,91.19,91.19,90.65,90.10,90.10,89.56,89.56,89.56,89.56,89.56,89.02,88.48,88.48,87.93,87.93,87.39"
Rec-026_60s_2,6,4,4673,core,303,331,0.0,5.0,0.9888,307,334,315,337,1.0,True,91.3255,98.7882,86.8478,2.8067,91.1898,"98.79,97.16,95.53,94.99,94.45,93.36,92.28,92.28,91.73,94.99,94.45,93.36,92.28,92.28,91.73,91.19,90.65,90.65,91.73,91.19,91.19,90.65,90.10,89.56,89.56,89.02,89.02,89.56,89.56,89.02,87.93,87.93,87.93,87.93,86.85,86.85"
Rec-026_60s_2,6,5,4674,core,312,331,0.0,9.0,0.9903,316,334,324,337,1.0,True,90.3003,97.16,86.3051,2.5333,90.1043,"97.16,95.53,94.45,93.36,92.28,92.28,91.73,91.19,91.19,93.36,92.28,92.28,91.73,91.19,90.65,90.10,89.56,89.56,90.65,90.65,90.10,89.56,89.56,89.02,88.48,88.48,87.93,88.48,88.48,87.93,87.93,87.39,86.85,86.85,86.31,86.31"
Rec-026_60s_2,6,6,4675,core,316,331,0.0,4.0,0.987,320,334,328,337,1.0,True,90.2702,98.2455,86.3051,2.6086,90.1043,"98.25,95.53,94.45,93.36,92.28,92.28,91.73,91.19,91.19,93.36,92.28,91.73,91.19,91.19,90.65,90.10,90.10,89.56,90.65,90.10,89.56,89.56,89.56,89.02,88.48,88.48,87.93,87.93,87.93,87.93,87.93,87.39,87.39,86.85,86.31,86.31"
Rec-026_60s_2,6,7,4676,core,321,331,0.0,5.0,0.9907,325,334,333,337,1.0,True,90.1496,96.0745,86.8478,2.279,90.1043,"96.07,94.45,93.36,92.28,92.28,92.28,92.28,92.28,92.28,92.28,91.73,91.19,91.19,90.65,90.65,90.65,90.65,90.65,89.56,89.56,89.56,89.02,89.02,89.02,89.02,89.02,89.02,87.93,87.93,87.93,87.39,86.85,86.85,86.85,86.85,86.85"
Rec-026_60s_2,6,8,4677,core,335,331,0.0,14.0,0.988,339,334,347,337,1.0,True,92.7879,97.7027,89.5616,2.4705,92.5467,"97.70,96.62,96.07,96.07,95.53,95.53,95.53,95.53,95.53,94.45,94.45,94.45,94.45,93.36,94.45,93.36,93.36,93.36,91.73,91.73,91.73,91.73,91.73,91.73,91.73,91.19,91.19,89.56,89.56,89.56,89.56,89.56,89.56,89.56,89.56,89.56"
Rec-026_60s_2,6,9,4678,core,339,331,0.0,4.0,0.9908,343,334,351,337,1.0,True,93.5568,99.331,89.0188,2.7352,93.3608,"99.33,98.25,97.70,97.70,97.16,97.16,96.07,95.53,94.99,95.53,95.53,95.53,94.99,94.99,94.45,94.45,93.36,93.36,93.36,93.36,92.28,92.28,92.28,92.28,91.73,91.19,91.19,90.65,90.65,90.65,90.65,90.65,90.10,90.10,89.56,89.02"
Rec-026_60s_2,6,10,4679,core,344,331,0.0,5.0,0.9881,348,334,356,337,1.0,True,91.5215,99.331,83.0486,3.9081,91.1898,"99.33,98.25,97.70,96.62,95.53,94.45,93.36,91.19,87.93,95.53,95.53,95.53,94.45,93.36,92.28,91.19,89.56,86.31,93.36,93.36,92.28,91.73,91.19,89.56,89.02,87.39,84.13,91.19,91.19,90.65,89.56,89.02,87.93,86.85,85.22,83.05"
Rec-026_60s_2,6,11,4680,core,348,331,0.0,4.0,0.9897,352,334,360,337,0.6667,False,84.8729,98.7882,74.3647,7.4901,86.0337,"98.79,96.62,94.99,93.36,89.56,83.05,78.16,75.99,75.45,95.53,94.45,92.28,90.65,87.93,81.42,77.62,75.99,74.91,92.28,91.19,89.56,87.93,85.76,80.33,77.62,75.99,74.91,90.10,89.02,87.93,86.31,83.59,79.79,76.54,75.45,74.36"
Rec-026_60s_2,6,12,4681,core,355,331,0.0,7.0,0.9848,359,334,367,337,0.0,False,75.4502,80.3349,73.822,1.3955,75.4502,"80.33,77.62,76.54,75.99,75.45,75.45,74.91,74.36,74.36,78.16,76.54,75.99,75.45,75.45,74.91,74.91,74.36,73.82,77.62,76.54,75.99,75.45,74.91,74.91,74.36,73.82,73.82,76.54,75.99,75.45,75.45,74.91,74.36,73.82,73.82,73.82"
Rec-027_std_2,1,1,1125,core,290,331,0.0,0.0,0.984,294,334,302,337,1.0,True,91.22,97.16,86.8478,2.7406,91.1898,"97.16,95.53,95.53,94.99,94.99,94.45,94.45,94.45,93.36,92.28,92.28,92.28,92.28,92.28,92.28,92.28,91.73,91.73,89.02,89.56,90.10,90.65,90.65,90.10,90.10,90.10,89.56,86.85,87.39,87.93,87.93,87.93,87.93,87.93,87.93,87.93"
Rec-027_std_2,1,2,1126,core,293,331,0.0,3.0,0.9832,297,334,305,337,1.0,True,92.0793,99.331,87.9333,2.7797,91.4612,"99.33,97.70,96.62,95.53,95.53,94.45,94.45,93.36,92.28,94.99,94.45,94.45,93.36,93.36,92.28,92.28,91.73,91.73,91.19,91.19,91.19,91.19,91.19,91.19,90.65,90.10,89.56,89.02,89.02,89.56,89.02,89.02,89.02,88.48,88.48,87.93"
Rec-027_std_2,1,3,1127,core,297,331,0.0,4.0,0.9817,301,334,309,337,1.0,True,92.1547,100.4165,88.4761,2.7559,91.7325,"100.42,98.25,96.62,95.53,94.45,94.45,93.36,93.36,92.28,95.53,94.45,94.45,93.36,92.28,92.28,92.28,91.73,91.19,92.28,91.73,91.19,91.19,91.19,90.65,90.65,90.10,89.56,89.56,89.56,89.56,89.56,89.56,89.02,89.02,88.48,88.48"
Rec-027_std_2,1,4,1128,core,302,331,0.0,5.0,0.9845,306,334,314,337,1.0,True,91.6572,98.2455,87.9333,2.3455,91.1898,"98.25,96.62,95.53,94.45,93.36,93.36,92.28,92.28,91.73,94.99,94.45,93.36,92.28,92.28,92.28,91.19,91.19,91.19,92.28,91.19,91.19,91.19,91.19,90.65,90.10,89.56,89.56,89.56,89.56,89.56,89.56,89.56,89.02,89.02,87.93,87.93"
Rec-027_std_2,1,5,1129,core,306,331,0.0,4.0,0.9825,310,334,318,337,1.0,True,91.6572,98.7882,88.4761,2.3315,91.1898,"98.79,96.62,95.53,94.45,93.36,92.28,92.28,92.28,91.73,94.99,94.45,93.36,92.28,92.28,91.73,91.19,91.19,90.65,92.28,91.73,91.19,91.19,90.65,90.65,90.10,89.56,89.56,90.10,90.10,89.56,89.56,89.56,89.02,88.48,88.48,88.48"
Rec-027_std_2,1,6,1130,core,311,331,0.0,5.0,0.9854,315,334,323,337,1.0,True,91.3858,97.16,88.4761,1.97,91.1898,"97.16,95.53,94.45,93.36,93.36,93.36,92.28,92.28,92.28,93.36,93.36,92.28,92.28,92.28,91.19,91.19,91.19,91.19,91.73,91.19,91.19,90.65,90.65,90.10,90.10,89.56,89.56,89.56,89.56,89.56,89.56,89.02,89.02,89.02,89.02,88.48"
Rec-027_std_2,1,7,1131,core,315,331,0.0,4.0,0.9827,319,334,327,337,1.0,True,91.9587,98.2455,89.0188,2.084,91.7325,"98.25,96.07,94.99,94.45,94.45,93.36,93.36,93.36,93.36,94.45,93.36,93.36,92.28,92.28,92.28,91.73,91.73,91.73,91.73,91.19,91.19,91.19,91.19,91.19,90.65,90.65,90.10,90.10,90.10,89.56,89.56,89.56,89.56,89.56,89.56,89.02"
Rec-027_std_2,1,8,1132,core,320,331,0.0,5.0,0.9855,324,334,332,337,1.0,True,92.3356,97.7027,89.5616,2.0539,92.2753,"97.70,96.07,95.53,94.99,94.45,94.45,94.45,93.36,93.36,94.45,94.45,93.36,93.36,93.36,92.28,92.28,92.28,92.28,92.28,91.73,91.73,91.19,91.19,91.19,91.19,91.19,90.65,90.65,90.65,90.10,90.10,89.56,89.56,89.56,89.56,89.56"
Rec-027_std_2,1,9,1133,core,324,331,0.0,4.0,0.9823,328,334,336,337,1.0,True,92.8482,98.7882,89.5616,2.2846,92.2753,"98.79,97.70,96.62,95.53,94.99,94.99,94.45,94.45,94.45,95.53,94.45,94.45,94.45,93.36,93.36,92.28,92.28,92.28,92.28,92.28,92.28,91.73,91.73,91.19,91.19,91.19,91.19,91.19,91.19,90.65,90.65,90.65,90.10,89.56,89.56,89.56"
Rec-027_std_2,1,10,1134,core,329,331,0.0,5.0,0.9854,333,334,341,337,1.0,True,92.9989,98.2455,89.5616,2.1444,92.2753,"98.25,97.16,96.07,95.53,95.53,94.99,94.99,94.99,94.45,94.99,94.99,94.45,94.45,93.36,93.36,93.36,93.36,92.28,92.28,92.28,92.28,92.28,92.28,91.73,91.19,91.19,91.19,91.19,91.19,90.65,90.65,90.65,90.65,90.10,90.10,89.56"
Rec-027_std_2,1,11,1135,core,334,331,0.0,5.0,0.9821,338,334,346,337,1.0,True,92.9085,98.2455,89.5616,2.2286,92.2753,"98.25,97.16,96.07,96.07,95.53,95.53,94.99,94.45,94.45,94.99,94.45,94.45,94.45,93.36,93.36,93.36,92.28,92.28,92.28,92.28,92.28,92.28,91.73,91.73,91.19,91.19,91.19,91.19,91.19,91.19,90.65,90.10,90.10,89.56,89.56,89.56"
Rec-027_std_2,1,12,1136,core,338,331,0.0,4.0,0.985,342,334,350,337,1.0,True,92.7276,98.7882,87.9333,2.6326,92.2753,"98.79,98.25,96.62,96.07,95.53,95.53,94.45,94.45,93.36,95.53,95.53,94.45,94.45,93.36,93.36,92.28,92.28,91.19,93.36,92.28,92.28,92.28,91.73,91.19,90.65,90.10,89.56,91.19,91.19,91.19,90.65,90.10,89.56,89.02,88.48,87.93"
Rec-027_std_2,1,13,1137,core,343,331,0.0,5.0,0.9822,347,334,355,337,1.0,True,90.2852,97.7027,83.5914,3.3701,90.3757,"97.70,96.62,95.53,94.45,93.36,92.28,91.19,89.56,88.48,94.45,94.45,93.36,92.28,91.19,90.65,89.56,87.93,86.85,92.28,91.73,91.19,90.65,89.56,88.48,87.39,85.76,84.68,90.65,90.10,89.56,89.02,87.93,87.39,85.76,84.68,83.59"
Rec-027_std_2,1,14,1138,core,347,331,0.0,4.0,0.984,351,334,359,337,0.7778,False,84.7372,96.0745,74.9074,6.0812,86.0337,"96.07,94.45,92.28,91.19,89.56,86.31,80.88,77.62,75.99,92.28,91.19,90.65,89.02,87.93,84.68,79.79,77.08,75.99,90.10,89.56,88.48,86.85,85.76,83.05,78.71,76.54,75.45,88.48,87.93,86.85,85.22,84.13,81.42,78.16,75.99,74.91"
Rec-027_std_2,1,15,1139,core,355,331,0.0,8.0,0.9817,359,334,367,337,0.0,False,75.616,79.7922,73.822,1.2845,75.4502,"79.79,78.16,77.08,75.99,75.99,75.99,75.45,74.91,74.36,78.16,77.08,75.99,75.99,75.45,75.45,74.91,74.91,74.36,77.08,75.99,75.99,75.99,75.45,74.91,74.91,74.36,74.36,75.99,75.99,75.45,74.91,74.91,74.36,73.82,73.82,73.82"
Rec-027_std_2,2,1,1285,core,290,331,0.0,0.0,0.984,294,334,302,337,1.0,True,91.3406,97.16,87.3906,2.6048,90.9184,"97.16,95.53,95.53,94.99,94.99,94.45,94.45,94.45,93.36,92.28,92.28,92.28,92.28,92.28,92.28,92.28,91.73,91.19,89.56,89.56,90.65,90.65,90.65,90.65,90.10,90.10,89.56,87.39,87.93,87.93,88.48,88.48,88.48,88.48,87.93,87.93"
Rec-027_std_2,2,2,1286,core,294,331,0.0,4.0,0.981,298,334,306,337,1.0,True,91.6873,98.2455,87.9333,2.4486,91.1898,"98.25,96.62,95.53,94.99,94.45,94.45,93.36,92.28,92.28,94.45,93.36,93.36,93.36,92.28,91.73,91.73,91.19,91.19,91.73,91.19,91.19,91.19,90.65,90.10,90.10,90.10,89.56,89.56,89.56,89.56,89.02,89.02,89.02,88.48,87.93,87.93"
Rec-027_std_2,2,3,1287,core,298,331,0.0,4.0,0.9844,302,334,310,337,1.0,True,91.8079,99.331,88.4761,2.5138,91.1898,"99.33,97.16,95.53,94.99,94.45,93.36,93.36,92.28,92.28,94.99,94.45,93.36,92.28,92.28,92.28,91.19,91.19,91.19,92.28,91.73,91.19,91.19,91.19,90.65,90.10,89.56,89.56,89.56,89.56,89.56,89.56,89.02,89.02,88.48,88.48,88.48"
Rec-027_std_2,2,4,1288,core,302,331,0.0,4.0,0.9814,306,334,314,337,1.0,True,91.9738,99.8737,88.4761,2.5599,91.4612,"99.87,97.70,96.07,94.99,94.45,93.36,93.36,92.28,92.28,95.53,94.45,93.36,92.28,92.28,92.28,91.73,91.19,91.19,92.28,91.73,91.19,91.19,91.19,91.19,90.65,90.10,89.56,90.10,89.56,89.56,89.56,89.56,89.02,89.02,88.48,88.48"
Rec-027_std_2,2,5,1289,core,307,331,0.0,5.0,0.9855,311,334,319,337,1.0,True,91.6722,98.2455,88.4761,2.1777,91.1898,"98.25,96.07,94.99,94.45,93.36,93.36,92.28,92.28,92.28,94.99,93.36,93.36,92.28,92.28,91.73,91.19,91.19,91.19,92.28,91.73,91.19,91.19,90.65,90.10,90.10,90.10,90.10,90.10,90.10,89.56,89.56,89.56,89.02,89.02,88.48,88.48"
Rec-027_std_2,2,6,1290,core,312,331,0.0,5.0,0.9829,316,334,324,337,1.0,True,91.7325,96.6172,89.0188,1.8931,91.4612,"96.62,95.53,94.45,94.45,93.36,93.36,93.36,92.28,92.28,94.45,93.36,93.36,92.28,92.28,92.28,91.73,91.19,91.73,91.73,91.19,91.19,91.19,91.19,90.65,90.65,90.65,90.65,89.56,89.56,89.56,89.56,89.56,89.56,89.56,89.02,89.02"
Rec-027_std_2,2,7,1291,core,321,331,0.0,9.0,0.9842,325,334,333,337,1.0,True,92.7879,98.2455,89.5616,2.0862,92.2753,"98.25,96.62,95.53,95.53,94.99,94.99,94.45,94.45,94.45,94.99,94.45,94.45,93.36,93.36,93.36,93.36,92.28,92.28,92.28,92.28,92.28,92.28,91.73,91.73,91.19,91.19,91.19,91.19,90.65,90.65,90.65,90.10,90.65,90.10,89.56,89.56"
Rec-027_std_2,2,8,1292,core,330,331,0.0,9.0,0.9848,334,334,342,337,1.0,True,93.4814,98.7882,90.1043,2.2419,93.3608,"98.79,97.70,96.62,96.62,96.07,95.53,95.53,95.53,95.53,95.53,94.99,94.99,94.45,94.45,94.45,93.36,93.36,93.36,93.36,93.36,92.28,92.28,92.28,92.28,91.73,91.73,91.73,91.19,91.19,91.19,91.19,91.19,90.65,90.65,90.10,90.10"
Rec-027_std_2,2,9,1293,core,334,331,0.0,4.0,0.9862,338,334,346,337,1.0,True,93.7829,99.8737,89.5616,2.5716,93.3608,"99.87,98.25,98.25,97.16,96.62,96.62,96.07,95.53,95.53,96.07,95.53,95.53,94.99,94.99,94.45,94.45,93.36,93.36,93.36,93.36,93.36,93.36,92.28,92.28,91.73,91.19,91.19,91.73,91.73,91.19,91.19,91.19,90.65,90.65,89.56,89.56"
Rec-027_std_2,2,10,1294,core,339,331,0.0,5.0,0.9851,343,334,351,337,1.0,True,92.8783,99.331,87.9333,2.8108,92.2753,"99.33,98.25,97.70,96.62,96.07,95.53,94.99,94.45,93.36,95.53,95.53,94.99,94.45,94.45,93.36,92.28,92.28,91.19,93.36,93.36,92.28,92.28,91.73,91.19,90.65,90.10,89.56,91.19,91.19,91.19,90.65,90.10,89.56,89.02,87.93,87.93"
Rec-027_std_2,2,11,1295,core,343,331,0.0,4.0,0.985,347,334,355,337,1.0,True,90.9637,99.331,83.5914,3.6775,91.1898,"99.33,97.70,96.62,95.53,94.45,93.36,92.28,91.19,89.56,95.53,94.99,94.45,93.36,92.28,91.19,90.10,88.48,87.39,93.36,92.28,91.19,91.19,90.10,89.02,87.93,86.31,85.22,91.19,90.10,89.56,89.56,88.48,87.39,85.76,84.68,83.59"
Rec-027_std_2,2,12,1296,core,352,331,0.0,9.0,0.9828,356,334,364,337,0.2222,False,77.5609,90.1043,74.3647,3.7292,75.9929,"90.10,83.05,78.71,77.62,76.54,75.99,75.45,74.91,74.91,86.85,81.42,78.71,77.08,75.99,75.99,75.45,74.91,74.91,84.68,80.33,77.62,76.54,75.99,75.45,74.91,74.91,74.36,83.05,78.71,77.08,75.99,75.45,74.91,74.91,74.36,74.36"
Rec-027_std_2,2,13,1297,core,355,331,0.0,3.0,0.9813,359,334,367,337,0.0,False,75.7216,80.3349,73.822,1.3447,75.4502,"80.33,78.16,77.08,75.99,75.99,75.99,75.45,74.91,74.91,78.16,77.08,75.99,75.99,75.45,75.45,74.91,74.91,74.36,77.62,76.54,75.99,75.99,75.45,74.91,74.36,74.36,74.36,76.54,75.99,75.99,75.45,74.91,74.36,74.36,73.82,73.82"
Rec-027_std_2,3,1,1450,core,291,331,0.0,1.0,0.9837,295,334,303,337,1.0,True,92.0039,98.2455,87.9333,2.6543,91.4612,"98.25,97.16,96.07,95.53,95.53,94.99,94.45,94.45,93.36,93.36,93.36,93.36,93.36,93.36,93.36,92.28,92.28,91.73,90.65,91.19,91.19,91.19,91.19,91.19,90.65,90.10,90.10,87.93,89.02,89.02,89.02,89.02,89.02,88.48,88.48,88.48"
Rec-027_std_2,3,2,1451,core,295,331,0.0,4.0,0.9828,299,334,307,337,1.0,True,92.2753,100.9592,88.4761,2.8375,91.7325,"100.96,98.25,96.62,95.53,94.99,94.45,94.45,93.36,93.36,95.53,94.45,94.45,93.36,92.28,92.28,92.28,91.73,91.73,92.28,91.73,91.73,91.19,91.19,90.65,90.65,90.10,90.10,89.56,89.56,89.56,89.56,89.56,89.02,88.48,88.48,88.48"
Rec-027_std_2,3,3,1452,core,300,331,0.0,5.0,0.9848,304,334,312,337,1.0,True,92.0642,98.7882,88.4761,2.3874,91.7325,"98.79,97.16,95.53,94.99,94.45,94.45,93.36,92.28,92.28,94.99,94.45,94.45,93.36,92.28,92.28,91.73,91.73,91.19,92.28,91.73,91.73,91.19,91.19,90.65,90.65,90.10,90.10,90.10,90.10,89.56,89.56,89.56,89.56,89.02,89.02,88.48"
Rec-027_std_2,3,4,1453,core,304,331,0.0,4.0,0.9841,308,334,316,337,1.0,True,92.0341,99.331,88.4761,2.3948,91.7325,"99.33,97.16,95.53,94.99,94.45,93.36,93.36,92.28,92.28,95.53,94.45,93.36,93.36,92.28,92.28,91.73,91.19,91.19,92.28,91.73,91.73,91.19,91.19,90.65,90.65,90.10,90.10,90.10,90.10,90.10,89.56,89.56,89.56,89.02,89.02,88.48"
Rec-027_std_2,3,5,1454,core,309,331,0.0,5.0,0.9859,313,334,321,337,1.0,True,91.7627,97.7027,89.0188,2.0744,91.4612,"97.70,95.53,94.99,94.45,94.45,93.36,93.36,92.28,92.28,94.45,93.36,93.36,92.28,92.28,91.73,91.73,91.19,91.19,92.28,91.73,91.19,91.19,91.19,90.65,90.65,90.10,90.10,90.10,89.56,89.56,89.56,89.56,89.02,89.02,89.02,89.02"
Rec-027_std_2,3,6,1455,core,318,331,0.0,9.0,0.9864,322,334,330,337,1.0,True,92.3808,97.7027,89.5616,1.9393,92.2753,"97.70,96.07,94.99,94.99,94.45,94.45,94.45,93.36,93.36,94.45,93.36,93.36,93.36,93.36,92.28,92.28,92.28,92.28,92.28,92.28,91.73,91.73,91.19,91.19,91.19,91.19,91.19,90.65,90.65,90.65,90.65,90.10,89.56,89.56,89.56,89.56"
Rec-027_std_2,3,7,1456,core,322,331,0.0,4.0,0.9836,326,334,334,337,1.0,True,93.1045,98.7882,90.1043,2.0922,92.2753,"98.79,97.16,96.07,95.53,95.53,94.99,94.45,94.45,94.45,95.53,94.45,94.45,94.45,94.45,93.36,93.36,93.36,92.28,92.28,92.28,92.28,92.28,92.28,92.28,91.73,91.73,91.19,91.19,91.19,91.19,91.19,90.65,90.65,90.10,90.10,90.10"
Rec-027_std_2,3,8,1457,core,327,331,0.0,5.0,0.9862,331,334,339,337,1.0,True,93.2703,98.2455,90.1043,2.1079,93.3608,"98.25,97.16,96.07,96.07,95.53,95.53,95.53,94.99,94.99,95.53,94.45,94.45,94.45,94.45,93.36,93.36,93.36,93.36,93.36,93.36,92.28,92.28,92.28,91.73,91.73,91.73,91.19,91.19,91.19,91.19,91.19,90.65,90.65,90.65,90.10,90.10"
Rec-027_std_2,3,9,1458,core,331,331,0.0,4.0,0.9832,335,334,343,337,1.0,True,93.6171,99.331,90.1043,2.3256,93.3608,"99.33,98.25,97.16,96.62,96.07,95.53,95.53,95.53,95.53,95.53,95.53,94.99,94.45,94.45,94.45,94.45,93.36,93.36,93.36,93.36,93.36,92.28,92.28,92.28,92.28,91.73,91.73,91.19,91.19,91.19,91.19,91.19,90.65,90.65,90.10,90.10"
Rec-027_std_2,3,10,1459,core,336,331,0.0,5.0,0.9863,340,334,348,337,1.0,True,93.406,98.7882,89.0188,2.4818,93.3608,"98.79,97.70,97.16,96.62,96.62,96.07,95.53,95.53,94.99,95.53,95.53,94.99,94.99,94.45,94.45,93.36,93.36,92.28,93.36,93.36,93.36,92.28,92.28,91.73,91.73,91.19,90.65,91.73,91.73,91.19,91.19,90.65,90.10,89.56,89.56,89.02"
Rec-027_std_2,3,11,1460,core,341,331,0.0,5.0,0.9828,345,334,353,337,1.0,True,91.8984,98.2455,85.7624,3.0187,91.1898,"98.25,97.70,96.62,96.07,95.53,94.45,94.45,92.28,91.19,95.53,94.99,94.45,93.36,93.36,92.28,91.19,90.10,89.56,93.36,92.28,92.28,91.19,91.19,90.65,89.56,88.48,87.93,91.19,90.65,90.10,89.56,89.56,88.48,87.93,86.85,85.76"
Rec-027_std_2,3,12,1461,core,345,331,0.0,4.0,0.9854,349,334,357,337,1.0,True,88.4308,98.2455,77.6212,4.9996,89.5616,"98.25,96.62,95.53,94.45,92.28,91.19,89.56,86.31,80.33,94.45,93.36,92.28,91.19,90.65,89.56,87.93,84.13,79.79,92.28,91.19,90.65,89.56,87.93,86.85,85.22,83.05,78.71,90.10,89.56,88.48,87.93,86.31,85.22,83.59,81.42,77.62"
Rec-027_std_2,3,13,1462,core,350,331,0.0,5.0,0.9809,354,334,362,337,0.4444,False,80.2143,94.4463,74.3647,5.7781,77.6212,"94.45,91.73,87.93,81.96,78.16,76.54,75.99,75.45,74.91,90.65,89.02,85.76,80.88,77.62,75.99,75.45,75.45,74.91,87.93,86.31,84.13,79.79,77.62,75.99,75.45,74.91,74.36,85.76,84.68,82.51,78.71,76.54,75.99,74.91,74.91,74.36"
Rec-027_std_2,3,14,1463,core,354,331,0.0,4.0,0.9831,358,334,366,337,0.0,False,75.812,80.8776,73.822,1.5244,75.4502,"80.88,78.16,77.08,76.54,75.99,75.45,74.91,74.91,74.36,78.71,77.62,76.54,75.99,75.99,75.45,74.91,74.36,74.36,78.16,77.08,75.99,75.45,75.45,74.91,74.36,74.36,74.36,77.62,75.99,75.99,75.45,74.91,74.36,74.36,74.36,73.82"
Rec-027_std_2,4,1,1612,core,290,331,0.0,0.0,0.9849,294,334,302,337,1.0,True,91.431,97.7027,87.3906,2.6572,91.1898,"97.70,95.53,95.53,95.53,95.53,94.45,94.45,94.45,93.36,92.28,92.28,92.28,92.28,92.28,92.28,92.28,91.73,91.73,89.56,90.10,90.65,90.65,90.65,90.65,90.10,90.10,89.56,87.39,87.93,88.48,88.48,88.48,88.48,88.48,87.93,87.93"
Rec-027_std_2,4,2,1613,core,293,331,0.0,3.0,0.9841,297,334,305,337,1.0,True,92.1547,99.8737,87.9333,2.8263,91.7325,"99.87,98.25,96.62,95.53,95.53,94.99,94.45,93.36,93.36,94.99,94.45,93.36,93.36,93.36,92.28,92.28,91.73,91.73,91.19,91.73,91.19,91.19,91.19,90.65,90.10,90.10,90.10,89.56,89.56,89.56,89.56,89.02,88.48,88.48,88.48,87.93"
Rec-027_std_2,4,3,1614,core,298,331,0.0,5.0,0.9824,302,334,310,337,1.0,True,91.8381,98.2455,88.4761,2.4029,91.1898,"98.25,96.62,95.53,94.99,94.45,94.45,93.36,92.28,92.28,94.99,94.45,93.36,93.36,92.28,92.28,91.73,91.19,91.19,92.28,91.19,91.19,91.19,90.65,90.10,90.10,90.10,89.56,89.56,89.56,89.56,89.56,89.56,89.02,89.02,88.48,88.48"
Rec-027_std_2,4,4,1615,core,302,331,0.0,4.0,0.9854,306,334,314,337,1.0,True,91.9285,98.7882,88.4761,2.3835,91.4612,"98.79,97.16,95.53,94.99,94.45,93.36,93.36,92.28,92.28,94.99,94.45,93.36,93.36,92.28,92.28,91.73,91.19,91.19,92.28,91.73,91.19,91.19,91.19,90.65,90.10,90.10,89.56,90.10,89.56,89.56,89.56,89.56,89.56,89.02,89.02,88.48"
Rec-027_std_2,4,5,1616,core,307,331,0.0,5.0,0.9826,311,334,319,337,1.0,True,91.6119,97.16,89.0188,2.0231,91.1898,"97.16,95.53,94.99,94.45,93.36,93.36,92.28,92.28,92.28,94.45,93.36,93.36,92.28,92.28,91.73,91.19,91.19,91.19,92.28,91.73,91.19,91.19,90.65,90.10,90.10,89.56,89.56,90.10,90.10,89.56,89.56,89.56,89.02,89.02,89.02,89.02"
Rec-027_std_2,4,6,1617,core,311,331,0.0,4.0,0.9865,315,334,323,337,1.0,True,91.9587,98.2455,89.5616,2.08,91.7325,"98.25,96.07,95.53,94.45,94.45,93.36,93.36,93.36,92.28,94.45,93.36,93.36,92.28,92.28,92.28,91.73,91.73,91.73,91.73,91.19,91.19,91.19,91.19,91.19,90.65,90.65,90.65,90.10,89.56,89.56,89.56,89.56,89.56,89.56,89.56,89.56"
Rec-027_std_2,4,7,1618,core,316,331,0.0,5.0,0.9841,320,334,328,337,1.0,True,92.2301,97.16,89.5616,1.8511,92.2753,"97.16,95.53,94.99,94.45,94.45,94.45,93.36,93.36,93.36,94.45,93.36,93.36,93.36,92.28,92.28,92.28,92.28,92.28,92.28,91.73,91.73,91.73,91.19,91.19,91.19,91.19,91.19,90.65,90.65,90.10,90.10,90.10,89.56,89.56,89.56,89.56"
Rec-027_std_2,4,8,1619,core,320,331,0.0,4.0,0.9864,324,334,332,337,1.0,True,92.9236,98.2455,90.1043,1.9811,92.2753,"98.25,96.62,95.53,95.53,94.99,94.99,94.45,94.45,94.45,94.99,94.45,94.45,93.36,93.36,93.36,93.36,93.36,92.28,92.28,92.28,92.28,92.28,92.28,91.73,91.73,91.73,91.19,91.19,91.19,90.65,90.65,90.65,90.65,90.10,90.10,90.10"
Rec-027_std_2,4,9,1620,core,325,331,0.0,5.0,0.984,329,334,337,337,1.0,True,93.2402,98.2455,90.1043,2.0069,93.3608,"98.25,96.62,96.07,95.53,95.53,95.53,94.99,94.99,94.45,95.53,94.45,94.45,94.45,94.45,93.36,93.36,93.36,93.36,93.36,93.36,92.28,92.28,92.28,91.73,91.73,91.73,91.73,91.19,91.19,91.19,91.19,91.19,90.65,90.10,90.65,90.10"
Rec-027_std_2,4,10,1621,core,329,331,0.0,4.0,0.9865,333,334,341,337,1.0,True,93.5718,99.331,90.1043,2.2278,93.3608,"99.33,97.70,96.62,96.62,95.53,95.53,95.53,95.53,94.99,95.53,95.53,94.99,94.99,94.45,94.45,94.45,93.36,93.36,93.36,93.36,92.28,92.28,92.28,92.28,92.28,91.73,91.73,91.19,91.19,91.19,91.19,91.19,91.19,90.65,90.65,90.10"
Rec-027_std_2,4,11,1622,core,338,331,0.0,9.0,0.9862,342,334,350,337,1.0,True,92.9386,99.331,87.9333,2.6654,92.2753,"99.33,98.25,97.16,96.07,95.53,95.53,94.99,94.45,93.36,96.07,95.53,94.99,94.45,94.45,93.36,92.28,92.28,91.73,93.36,93.36,92.28,92.28,91.73,91.19,91.19,90.65,89.56,91.19,91.19,91.19,90.65,90.10,89.56,89.56,89.02,87.93"
Rec-027_std_2,4,12,1623,core,343,331,0.0,5.0,0.9849,347,334,355,337,1.0,True,90.5265,98.2455,83.0486,3.4779,90.6471,"98.25,96.62,95.53,94.99,94.45,93.36,91.73,90.65,89.02,94.99,94.45,93.36,92.28,91.73,91.19,89.56,88.48,86.85,92.28,91.73,91.19,90.65,89.56,89.02,87.93,86.31,84.68,90.65,90.10,89.56,89.02,87.93,87.39,85.76,84.68,83.05"
Rec-027_std_2,4,13,1624,core,347,331,0.0,4.0,0.9847,351,334,359,337,0.7778,False,85.1442,97.16,75.4502,6.3413,86.3051,"97.16,95.53,93.36,91.73,90.10,87.39,80.88,77.62,75.99,93.36,92.28,91.19,89.56,87.93,85.22,79.79,77.08,75.99,91.19,89.56,89.02,87.39,85.76,83.05,78.71,76.54,75.99,89.02,87.93,86.85,85.76,84.13,81.96,78.71,75.99,75.45"
Rec-027_std_2,4,14,1625,core,355,331,0.0,8.0,0.9831,359,334,367,337,0.0,False,75.6462,79.7922,73.822,1.2479,75.4502,"79.79,77.62,77.08,75.99,75.99,75.45,74.91,74.91,74.36,77.62,77.08,75.99,75.99,75.99,75.45,74.91,74.36,74.36,77.62,76.54,75.99,75.99,75.45,74.91,74.91,74.36,73.82,76.54,75.99,75.45,75.45,74.91,74.91,74.36,74.36,73.82"
Rec-027_std_2,5,1,1767,core,291,331,0.0,1.0,0.9833,295,334,303,337,1.0,True,92.5165,98.2455,88.4761,2.7923,92.0039,"98.25,97.70,97.16,96.62,96.07,95.53,95.53,94.99,94.45,94.45,94.45,94.45,94.45,93.36,93.36,93.36,92.28,92.28,91.19,91.19,91.19,91.73,91.19,91.19,91.19,90.65,90.10,88.48,89.02,89.56,89.56,89.56,89.56,89.02,89.02,88.48"
Rec-027_std_2,5,2,1768,core,304,331,0.0,13.0,0.9855,308,334,316,337,1.0,True,92.4562,100.4165,88.4761,2.5871,92.2753,"100.42,98.25,96.07,95.53,94.99,94.45,93.36,93.36,92.28,95.53,94.99,94.45,93.36,93.36,92.28,92.28,92.28,91.19,92.28,92.28,92.28,91.73,91.19,91.19,90.65,90.65,90.10,90.65,90.65,90.10,90.10,89.56,89.56,89.56,89.02,88.48"
Rec-027_std_2,5,3,1769,core,309,331,0.0,5.0,0.9841,313,334,321,337,1.0,True,92.1547,98.2455,89.0188,2.1563,92.0039,"98.25,96.62,95.53,94.99,94.45,93.36,93.36,93.36,92.28,94.99,94.45,93.36,93.36,92.28,92.28,92.28,91.73,91.19,92.28,92.28,91.73,91.19,91.19,91.19,90.65,90.65,90.10,90.65,90.65,90.10,89.56,89.56,89.56,89.56,89.56,89.02"
Rec-027_std_2,5,4,1770,core,322,331,0.0,13.0,0.9864,326,334,334,337,1.0,True,93.0442,98.7882,89.5616,2.1382,92.2753,"98.79,97.16,96.07,95.53,95.53,94.99,94.99,94.45,94.45,95.53,94.45,94.45,94.45,93.36,93.36,93.36,93.36,92.28,92.28,92.28,92.28,92.28,92.28,91.73,91.73,91.73,91.19,91.19,91.19,91.19,90.65,90.65,90.65,90.10,90.10,89.56"
Rec-027_std_2,5,5,1771,core,327,331,0.0,5.0,0.9858,331,334,339,337,1.0,True,93.5568,98.2455,90.6471,2.0792,93.3608,"98.25,97.16,96.62,96.07,95.53,95.53,95.53,95.53,95.53,95.53,94.99,94.45,94.45,94.45,94.45,94.45,94.45,93.36,93.36,93.36,93.36,92.28,92.28,92.28,92.28,92.28,92.28,91.19,91.19,91.19,91.19,90.65,90.65,90.65,90.65,90.65"
Rec-027_std_2,5,6,1772,core,331,331,0.0,4.0,0.9866,335,334,343,337,1.0,True,94.3558,100.4165,90.6471,2.4557,94.4463,"100.42,98.79,98.25,97.70,97.16,97.16,96.62,96.07,96.07,96.62,95.53,95.53,95.53,95.53,94.99,94.99,94.45,94.45,94.45,93.36,93.36,93.36,93.36,93.36,92.28,92.28,92.28,91.73,91.73,91.73,91.73,91.73,91.19,91.19,91.19,90.65"
Rec-027_std_2,5,7,1773,core,336,331,0.0,5.0,0.9861,340,334,348,337,1.0,True,94.1598,99.8737,89.5616,2.5792,94.4463,"99.87,98.25,98.25,97.70,97.70,97.16,96.07,96.07,95.53,96.62,96.07,95.53,95.53,95.53,94.99,94.45,94.45,93.36,94.45,94.45,93.36,93.36,93.36,92.28,92.28,91.73,91.19,92.28,92.28,91.73,91.19,91.19,91.19,90.65,90.10,89.56"
Rec-027_std_2,5,8,1774,core,345,331,0.0,9.0,0.9853,349,334,357,337,1.0,True,89.5917,99.331,78.7067,5.1218,90.1043,"99.33,98.25,96.62,95.53,94.45,92.28,91.19,87.93,80.88,95.53,94.99,94.45,92.28,91.73,90.10,89.56,85.76,80.33,93.36,92.28,91.19,90.65,89.56,87.93,86.85,84.13,79.79,91.19,90.10,89.56,88.48,87.39,85.76,84.68,82.51,78.71"
Rec-027_std_2,5,9,1775,core,354,331,0.0,9.0,0.9833,358,334,366,337,0.0,False,75.8723,80.8776,74.3647,1.4704,75.4502,"80.88,78.16,77.08,75.99,75.99,75.45,74.91,74.91,74.36,78.71,77.62,76.54,75.99,75.99,75.45,74.91,74.91,74.36,78.16,77.08,75.99,75.45,75.45,74.91,74.91,74.36,74.36,77.62,76.54,75.99,75.45,74.91,74.91,74.36,74.36,74.36"
Rec-027_std_2,6,1,1910,core,290,331,0.0,0.0,0.9857,294,334,302,337,1.0,True,92.6673,98.2455,87.9333,2.6792,92.5467,"98.25,96.62,96.07,96.62,96.07,95.53,95.53,95.53,94.99,93.36,93.36,94.45,94.45,94.45,94.45,94.45,93.36,93.36,90.65,91.19,91.19,91.73,91.73,91.73,91.19,91.19,91.19,87.93,88.48,89.56,89.56,89.56,89.56,89.56,89.56,89.56"
Rec-027_std_2,6,2,1911,core,293,331,0.0,3.0,0.9822,297,334,305,337,1.0,True,93.7075,102.0447,89.5616,2.9814,93.3608,"102.04,99.87,98.25,97.70,97.16,96.07,95.53,95.53,94.45,96.62,95.53,95.53,95.53,94.99,94.45,94.45,93.36,93.36,93.36,93.36,92.28,92.28,92.28,92.28,91.73,91.73,91.19,90.65,90.65,90.65,90.65,90.65,90.10,90.10,89.56,89.56"
Rec-027_std_2,6,3,1912,core,302,331,0.0,9.0,0.9839,306,334,314,337,1.0,True,92.9989,101.502,89.0188,2.7407,92.2753,"101.50,98.79,97.16,96.07,95.53,94.99,94.45,93.36,93.36,96.62,95.53,94.45,94.45,93.36,93.36,92.28,92.28,92.28,93.36,93.36,92.28,92.28,91.73,91.19,91.19,90.65,90.65,91.19,91.19,91.19,90.65,90.10,89.56,89.56,89.02,89.02"
Rec-027_std_2,6,4,1913,core,316,331,0.0,14.0,0.9874,320,334,328,337,1.0,True,92.3507,98.2455,89.5616,2.0514,92.2753,"98.25,96.07,95.53,94.99,94.45,94.45,93.36,93.36,93.36,94.99,94.45,93.36,93.36,92.28,92.28,92.28,92.28,92.28,92.28,92.28,91.73,91.19,91.19,91.19,91.19,91.19,91.19,90.65,90.65,90.10,90.10,90.10,89.56,89.56,89.56,89.56"
Rec-027_std_2,6,5,1914,core,321,331,0.0,5.0,0.9839,325,334,333,337,1.0,True,92.6673,97.16,89.5616,1.8871,92.2753,"97.16,95.53,95.53,94.99,94.99,94.45,94.45,94.45,94.45,94.45,94.45,93.36,93.36,93.36,93.36,93.36,93.36,92.28,92.28,92.28,91.73,91.73,91.73,91.73,91.73,91.19,91.19,90.65,90.65,90.65,90.65,90.65,90.10,90.10,90.10,89.56"
Rec-027_std_2,6,6,1915,core,325,331,0.0,4.0,0.9874,329,334,337,337,1.0,True,93.4361,98.2455,90.6471,2.0594,93.3608,"98.25,97.16,96.62,96.07,95.53,95.53,95.53,95.53,94.99,95.53,94.99,94.45,94.45,94.45,94.45,93.36,93.36,93.36,93.36,93.36,92.28,92.28,92.28,92.28,91.73,91.73,91.73,91.19,91.19,91.19,91.19,91.19,91.19,90.65,90.65,90.65"
Rec-027_std_2,6,7,1916,core,334,331,0.0,9.0,0.9872,338,334,346,337,1.0,True,94.2503,99.331,90.6471,2.289,94.4463,"99.33,98.25,98.25,97.16,97.16,96.62,96.62,96.07,95.53,96.07,95.53,95.53,95.53,94.99,94.99,94.45,94.45,94.45,94.45,94.45,93.36,93.36,93.36,93.36,92.28,92.28,92.28,92.28,91.73,91.73,91.73,91.19,91.19,91.19,91.19,90.65"
Rec-027_std_2,6,8,1917,core,343,331,0.0,9.0,0.9863,347,334,355,337,1.0,True,91.9436,99.8737,84.6769,3.5227,91.7325,"99.87,98.25,97.70,96.62,95.53,94.99,93.36,91.73,90.65,96.07,95.53,94.99,94.45,93.36,92.28,91.19,90.10,88.48,93.36,93.36,92.28,91.73,91.19,90.10,89.02,87.93,86.31,91.73,91.19,90.65,90.10,89.56,88.48,87.39,85.76,84.68"
Rec-027_std_2,6,9,1918,core,348,331,0.0,5.0,0.9831,352,334,360,337,0.6667,False,84.0587,97.16,74.9074,6.8975,84.9482,"97.16,94.99,93.36,91.73,87.93,81.42,77.62,75.99,75.45,93.36,92.28,91.19,89.56,86.31,80.33,77.62,75.99,75.45,91.19,90.10,89.02,87.39,84.13,79.79,77.08,75.99,74.91,89.56,87.93,86.85,85.76,83.05,78.71,76.54,75.45,74.91"
Rec-027_std_2,6,10,1919,core,352,331,0.0,4.0,0.9844,356,334,364,337,0.2222,False,77.6513,91.1898,74.3647,4.0574,75.9929,"91.19,83.05,78.71,77.62,75.99,75.99,75.45,74.91,74.91,87.93,81.42,78.16,77.08,75.99,75.99,74.91,74.91,74.36,85.76,80.33,77.62,76.54,75.99,75.45,74.91,74.36,74.36,84.13,79.79,77.62,75.99,75.45,74.91,74.91,74.36,74.36"
Rec-027_std_2,6,11,1920,core,355,331,0.0,3.0,0.9822,359,334,367,337,0.0,False,75.7366,79.7922,73.822,1.2631,75.7216,"79.79,77.62,77.08,75.99,75.99,75.99,75.45,74.91,74.91,78.16,77.08,76.54,75.99,75.99,75.45,74.91,74.91,73.82,77.62,76.54,75.99,75.99,75.45,74.91,74.91,74.36,74.36,76.54,75.99,75.99,75.45,74.91,74.36,74.36,74.36,73.82"
Rec-027_std_2,6,12,1921,core,355,330,90.0,1.0,0.9917,359,333,367,336,0.0,False,76.0231,81.9631,74.3647,1.5295,75.9929,"81.96,78.71,77.62,76.54,75.99,75.99,75.45,74.91,74.91,78.71,77.62,76.54,75.99,75.99,75.45,74.91,74.36,74.91,77.62,77.08,75.99,75.99,75.45,75.45,74.91,74.36,74.36,77.08,75.99,75.99,75.99,75.45,74.91,74.91,74.36,74.36"
Rec-027_std_2,7,1,2058,core,290,331,0.0,0.0,0.9897,294,334,302,337,1.0,True,92.1245,97.16,87.3906,2.7035,91.7325,"97.16,96.07,95.53,96.07,96.07,95.53,95.53,95.53,94.99,92.28,92.28,93.36,93.36,93.36,93.36,93.36,93.36,93.36,89.56,90.10,90.65,91.19,91.19,91.19,91.19,91.19,91.19,87.39,87.93,89.02,89.02,89.02,89.02,89.02,89.02,89.02"
Rec-027_std_2,7,2,2059,core,297,331,0.0,7.0,0.983,301,334,309,337,1.0,True,92.9688,100.4165,89.0188,2.6515,92.818,"100.42,98.25,97.16,96.07,95.53,94.99,94.45,93.36,93.36,96.07,95.53,94.99,94.45,94.45,93.36,93.36,92.28,91.73,93.36,93.36,92.28,92.28,91.73,91.19,91.19,90.65,90.10,91.19,91.19,90.65,90.65,90.10,89.56,89.56,89.02,89.02"
Rec-027_std_2,7,3,2060,core,301,331,0.0,4.0,0.9868,305,334,313,337,1.0,True,92.5617,100.4165,88.4761,2.6263,92.2753,"100.42,98.25,96.62,95.53,94.99,94.45,93.36,93.36,92.28,96.07,95.53,94.45,93.36,93.36,92.28,92.28,91.73,91.19,93.36,92.28,92.28,91.73,91.19,91.19,91.19,90.65,89.56,91.19,91.19,90.65,90.10,89.56,89.56,89.56,89.02,88.48"
Rec-027_std_2,7,4,2061,core,305,331,0.0,4.0,0.9839,309,334,317,337,1.0,True,92.4411,100.4165,88.4761,2.6055,92.2753,"100.42,98.25,96.07,95.53,94.45,94.45,93.36,93.36,92.28,95.53,94.99,94.45,93.36,93.36,92.28,92.28,91.73,91.19,93.36,92.28,92.28,91.73,91.19,91.19,90.65,90.10,90.10,91.19,90.65,90.10,90.10,89.56,89.56,89.56,88.48,88.48"
Rec-027_std_2,7,5,2062,core,310,331,0.0,5.0,0.9879,314,334,322,337,1.0,True,91.9285,98.2455,88.4761,2.1866,91.4612,"98.25,96.07,95.53,94.45,94.45,93.36,93.36,92.28,92.28,94.45,94.45,93.36,93.36,92.28,92.28,91.19,91.19,91.19,92.28,92.28,91.73,91.19,91.19,90.65,90.10,90.10,89.56,90.65,90.10,90.10,89.56,89.56,89.56,89.56,89.02,88.48"
Rec-027_std_2,7,6,2063,core,315,331,0.0,5.0,0.9849,319,334,327,337,1.0,True,91.8984,97.16,89.5616,1.8706,91.7325,"97.16,95.53,94.45,94.45,93.36,93.36,93.36,93.36,93.36,94.45,93.36,93.36,92.28,92.28,91.73,91.73,91.73,91.73,91.73,91.73,91.19,91.19,91.19,90.65,90.65,90.65,90.65,90.10,90.10,90.10,89.56,89.56,89.56,89.56,89.56,89.56"
Rec-027_std_2,7,7,2064,core,319,331,0.0,4.0,0.9878,323,334,331,337,1.0,True,92.607,97.7027,90.1043,1.9912,92.2753,"97.70,96.07,95.53,94.99,94.45,94.45,94.45,94.45,94.45,94.45,94.45,93.36,93.36,93.36,93.36,93.36,93.36,92.28,92.28,92.28,91.73,91.73,91.19,91.19,91.19,91.19,91.19,90.65,90.65,90.10,90.10,90.10,90.10,90.10,90.10,90.10"
Rec-027_std_2,7,8,2065,core,324,331,0.0,5.0,0.9853,328,334,336,337,1.0,True,93.4814,97.7027,91.1898,1.8979,93.3608,"97.70,96.62,96.07,95.53,95.53,95.53,95.53,95.53,95.53,94.99,94.45,94.45,94.45,94.45,94.45,94.45,94.45,94.45,92.28,92.28,92.28,92.28,92.28,92.28,92.28,92.28,92.28,91.19,91.19,91.19,91.19,91.19,91.19,91.19,91.19,91.19"
Rec-027_std_2,7,9,2066,core,328,331,0.0,4.0,0.9877,332,334,340,337,1.0,True,94.4161,98.7882,91.1898,2.182,94.7176,"98.79,98.25,97.70,97.16,97.16,96.62,96.62,96.62,96.62,96.07,95.53,95.53,95.53,95.53,94.99,94.99,94.99,94.99,94.45,93.36,93.36,93.36,93.36,93.36,93.36,93.36,93.36,91.73,91.73,91.73,91.73,91.73,91.73,91.19,91.19,91.19"
Rec-027_std_2,7,10,2067,core,333,331,0.0,5.0,0.9857,337,334,345,337,1.0,True,94.6573,99.331,91.1898,2.2715,94.4463,"99.33,98.25,98.25,97.70,97.70,97.16,97.16,96.62,96.62,96.62,96.07,95.53,95.53,95.53,95.53,95.53,94.99,94.45,94.45,94.45,94.45,94.45,93.36,93.36,93.36,92.28,92.28,92.28,92.28,92.28,92.28,92.28,91.73,91.19,91.19,91.19"
Rec-027_std_2,7,11,2068,core,337,331,0.0,4.0,0.9872,341,334,349,337,1.0,True,94.7327,100.9592,90.1043,2.6511,94.4463,"100.96,99.33,98.79,98.25,98.25,97.70,97.16,96.62,96.07,97.16,96.62,96.07,96.07,95.53,95.53,94.99,94.45,94.45,94.99,94.45,94.45,94.45,93.36,93.36,93.36,92.28,91.73,92.28,92.28,92.28,92.28,91.73,91.19,91.19,90.65,90.10"
Rec-027_std_2,7,12,2069,core,342,331,0.0,5.0,0.9855,346,334,354,337,1.0,True,93.0743,100.4165,86.3051,3.2952,92.818,"100.42,98.79,98.25,97.70,96.62,95.53,94.99,93.36,91.73,97.16,96.62,95.53,95.53,94.45,93.36,92.28,91.19,89.56,94.45,94.45,93.36,93.36,92.28,91.19,90.65,89.56,87.93,92.28,92.28,91.73,91.19,90.65,89.56,89.02,87.39,86.31"
Rec-027_std_2,7,13,2070,core,346,331,0.0,4.0,0.986,350,334,358,337,0.8889,False,88.2801,99.8737,76.5357,6.367,89.5616,"99.87,98.25,96.62,94.99,93.36,91.19,87.93,80.88,77.62,96.07,94.99,94.45,92.28,91.19,89.56,86.31,80.33,77.08,93.36,92.28,91.19,90.10,88.48,87.39,84.68,79.79,77.08,91.19,90.65,89.56,88.48,86.85,85.76,83.05,78.71,76.54"
Rec-027_std_2,7,14,2071,core,351,331,0.0,5.0,0.9836,355,334,363,337,0.3333,False,79.2796,94.4463,74.3647,5.5585,76.2643,"94.45,90.10,83.05,78.71,77.08,75.99,75.99,75.45,74.91,91.19,87.93,81.42,78.16,76.54,75.99,75.45,74.91,74.91,88.48,85.76,80.88,77.62,75.99,75.45,74.91,74.91,74.36,86.85,84.13,79.79,77.62,75.99,75.45,74.91,74.36,74.36"
Rec-027_std_2,7,15,2072,core,355,331,0.0,4.0,0.9838,359,334,367,337,0.0,False,75.616,79.7922,73.822,1.2124,75.4502,"79.79,77.62,76.54,75.99,75.99,75.45,75.45,74.91,74.36,77.62,77.08,75.99,75.99,75.45,75.45,74.91,74.36,74.36,77.62,75.99,75.99,75.45,75.45,74.91,74.36,74.36,74.36,76.54,75.99,75.99,75.45,74.91,74.91,74.36,74.36,73.82"
Rec-027_std_2,8,1,2213,core,290,331,0.0,0.0,0.9861,294,334,302,337,1.0,True,93.1497,98.7882,89.0188,2.7296,92.818,"98.79,97.70,97.16,97.16,97.16,96.07,96.07,95.53,95.53,94.45,94.45,94.45,94.45,94.99,94.45,94.45,93.36,93.36,90.65,91.19,92.28,92.28,92.28,92.28,92.28,91.73,91.19,89.02,89.56,89.56,90.10,90.10,90.10,90.10,89.56,89.56"
Rec-027_std_2,8,2,2214,core,298,331,0.0,8.0,0.9862,302,334,310,337,1.0,True,93.1648,101.502,89.0188,2.8524,92.818,"101.50,98.79,97.70,96.62,95.53,94.99,94.45,93.36,93.36,97.16,96.07,95.53,94.45,94.45,93.36,92.28,91.73,91.73,94.45,93.36,93.36,92.28,92.28,91.19,91.19,90.65,90.10,91.19,91.19,91.19,90.65,90.10,89.56,89.56,89.56,89.02"
Rec-027_std_2,8,3,2215,core,302,331,0.0,4.0,0.9863,306,334,314,337,1.0,True,92.5768,100.9592,88.4761,2.745,92.2753,"100.96,98.25,97.16,95.53,94.99,94.45,93.36,93.36,92.28,96.62,95.53,94.45,93.36,93.36,92.28,92.28,91.73,91.19,93.36,92.28,92.28,91.73,91.19,91.19,90.65,90.10,89.56,91.19,91.19,90.65,90.65,89.56,89.56,89.02,89.02,88.48"
Rec-027_std_2,8,4,2216,core,307,331,0.0,5.0,0.9872,311,334,319,337,1.0,True,91.9285,98.2455,88.4761,2.2782,91.7325,"98.25,96.62,95.53,94.99,94.45,93.36,93.36,92.28,92.28,94.99,94.45,93.36,92.28,92.28,92.28,91.73,91.19,91.19,92.28,92.28,91.73,91.19,91.19,90.65,90.10,90.10,89.56,90.65,90.10,90.10,89.56,89.56,89.56,89.02,88.48,88.48"
Rec-027_std_2,8,5,2217,core,311,331,0.0,4.0,0.987,315,334,323,337,1.0,True,92.0642,98.7882,89.0188,2.2642,91.7325,"98.79,97.16,95.53,94.99,94.45,93.36,93.36,92.28,92.28,94.99,94.45,93.36,93.36,92.28,92.28,91.73,91.19,91.19,92.28,91.73,91.73,91.19,91.19,90.65,90.65,90.10,90.10,90.65,90.10,90.10,90.10,89.56,89.56,89.56,89.02,89.02"
Rec-027_std_2,8,6,2218,core,320,331,0.0,9.0,0.9862,324,334,332,337,1.0,True,92.9236,98.2455,90.1043,1.9893,92.818,"98.25,97.16,95.53,95.53,94.99,94.99,94.45,94.45,94.45,94.99,94.45,93.36,93.36,93.36,93.36,93.36,93.36,93.36,92.28,92.28,92.28,91.73,91.73,91.73,91.73,91.73,91.73,90.65,90.65,90.65,90.65,90.65,90.65,90.65,90.65,90.10"
Rec-027_std_2,8,7,2219,core,325,331,0.0,5.0,0.9875,329,334,337,337,1.0,True,93.7678,98.2455,91.1898,1.9875,93.9035,"98.25,97.16,96.62,96.07,96.07,95.53,95.53,95.53,95.53,95.53,94.99,94.99,94.99,94.45,94.45,94.45,94.45,94.45,93.36,93.36,93.36,93.36,93.36,92.28,92.28,92.28,92.28,91.19,91.19,91.19,91.19,91.19,91.19,91.19,91.19,91.19"
Rec-027_std_2,8,8,2220,core,329,331,0.0,4.0,0.9856,333,334,341,337,1.0,True,94.7629,100.4165,91.1898,2.2282,94.7176,"100.42,98.79,98.25,97.70,97.16,97.16,96.62,96.62,96.07,96.62,96.07,95.53,95.53,95.53,95.53,95.53,94.99,94.99,94.45,94.45,94.45,94.45,93.36,93.36,93.36,93.36,93.36,92.28,92.28,92.28,92.28,92.28,91.73,91.73,91.73,91.19"
Rec-027_std_2,8,9,2221,core,334,331,0.0,5.0,0.9877,338,334,346,337,1.0,True,94.9136,100.4165,91.1898,2.3698,94.989,"100.42,98.79,98.25,98.25,97.70,97.16,97.16,97.16,96.62,97.16,96.62,96.07,96.07,95.53,95.53,95.53,94.99,94.99,94.99,94.45,94.45,94.45,94.45,93.36,93.36,93.36,92.28,93.36,92.28,92.28,92.28,92.28,91.73,91.19,91.19,91.19"
Rec-027_std_2,8,10,2222,core,338,331,0.0,4.0,0.9847,342,334,350,337,1.0,True,94.7478,100.9592,90.1043,2.7181,94.4463,"100.96,99.87,98.79,98.25,97.70,97.70,97.16,96.62,96.07,97.70,97.16,96.62,96.07,95.53,95.53,94.99,94.45,94.45,94.99,94.45,94.45,94.45,93.36,93.36,92.28,92.28,91.73,92.28,92.28,92.28,92.28,91.73,91.19,91.19,90.65,90.10"
Rec-027_std_2,8,11,2223,core,343,331,0.0,5.0,0.9869,347,334,355,337,1.0,True,92.9387,100.4165,85.7624,3.459,92.818,"100.42,99.33,98.25,97.70,96.62,95.53,94.45,93.36,91.19,97.16,96.62,95.53,95.53,94.45,93.36,91.73,91.19,89.56,94.99,94.45,93.36,93.36,92.28,91.19,90.10,89.02,87.39,92.28,91.73,91.19,91.19,90.10,89.56,88.48,87.39,85.76"
Rec-027_std_2,8,12,2224,core,347,331,0.0,4.0,0.9829,351,334,359,337,0.7778,False,87.0589,100.4165,75.9929,7.2154,89.0188,"100.42,98.25,96.07,94.99,93.36,89.56,82.51,78.16,76.54,96.07,94.99,93.36,92.28,90.65,87.39,80.88,77.62,75.99,93.36,92.28,91.19,89.56,88.48,85.76,80.33,77.62,75.99,91.19,90.10,89.56,87.93,86.31,84.13,78.71,76.54,75.99"
Rec-027_std_2,8,13,2225,core,352,331,0.0,5.0,0.9848,356,334,364,337,0.2222,False,77.8925,92.2753,74.3647,4.4619,75.9929,"92.28,84.13,79.79,77.62,75.99,75.99,75.45,74.91,74.91,89.56,82.51,78.71,77.08,75.99,75.45,74.91,74.91,74.36,86.85,80.88,77.62,76.54,75.45,75.45,74.91,74.36,74.36,84.68,80.33,77.62,75.99,75.45,74.91,74.91,74.91,74.36"
Rec-027_std_2,8,14,2226,core,355,331,0.0,3.0,0.9829,359,334,367,337,0.0,False,75.7366,80.3349,73.822,1.3076,75.4502,"80.33,77.62,77.08,75.99,75.99,75.45,75.45,74.91,74.91,78.16,77.08,75.99,75.99,75.45,75.45,74.91,74.91,74.36,77.62,76.54,75.99,75.99,75.45,74.91,74.91,74.36,73.82,77.08,75.99,75.99,75.45,74.91,74.91,74.36,74.36,73.82"
Rec-027_std_2,9,1,2367,core,290,331,0.0,0.0,0.9873,294,334,302,337,1.0,True,93.4965,98.7882,88.4761,2.8067,93.3608,"98.79,97.70,97.70,97.70,97.70,97.16,96.62,96.07,95.53,94.45,94.45,94.99,94.99,94.99,94.99,94.99,94.45,94.45,91.19,91.19,92.28,92.28,92.28,92.28,92.28,92.28,92.28,88.48,89.56,89.56,90.10,90.65,90.65,90.65,90.10,90.10"
Rec-027_std_2,9,2,2368,core,301,331,0.0,11.0,0.9869,305,334,313,337,1.0,True,93.3909,102.0447,89.0188,2.846,93.3608,"102.04,99.33,97.70,96.62,95.53,94.99,94.45,93.36,93.36,97.16,96.62,95.53,94.45,94.45,93.36,93.36,92.28,91.73,94.45,94.45,93.36,92.28,92.28,91.73,91.19,91.19,90.65,91.73,91.19,91.19,91.19,90.65,90.10,89.56,89.56,89.02"
Rec-027_std_2,9,3,2369,core,310,331,0.0,9.0,0.9876,314,334,322,337,1.0,True,91.9587,98.7882,88.4761,2.3392,91.4612,"98.79,97.16,95.53,94.45,94.45,93.36,93.36,92.28,92.28,94.99,94.45,93.36,93.36,92.28,92.28,91.19,91.19,91.19,92.28,92.28,91.73,91.19,90.65,90.65,90.10,89.56,89.56,90.65,90.65,90.10,89.56,89.56,89.56,89.02,89.02,88.48"
Rec-027_std_2,9,4,2370,core,315,331,0.0,5.0,0.9872,319,334,327,337,1.0,True,91.823,97.16,89.5616,1.8823,91.7325,"97.16,95.53,94.45,94.45,93.36,93.36,93.36,93.36,93.36,94.45,93.36,92.28,92.28,92.28,91.73,91.73,91.73,91.73,91.73,91.19,91.19,91.19,90.65,90.65,90.65,90.65,90.65,90.10,90.10,89.56,89.56,89.56,89.56,89.56,89.56,89.56"
Rec-027_std_2,9,5,2371,core,324,331,0.0,9.0,0.9874,328,334,336,337,1.0,True,93.6321,98.2455,91.1898,1.938,93.9035,"98.25,96.62,96.07,96.07,95.53,95.53,95.53,95.53,95.53,95.53,94.99,94.45,94.45,94.45,94.45,94.45,94.45,94.45,93.36,93.36,93.36,92.28,92.28,92.28,92.28,92.28,92.28,91.19,91.19,91.19,91.19,91.19,91.19,91.19,91.19,91.19"
Rec-027_std_2,9,6,2372,core,333,331,0.0,9.0,0.9876,337,334,345,337,1.0,True,95.3358,100.4165,91.7325,2.2237,95.2604,"100.42,99.33,98.25,98.25,98.25,97.70,97.70,97.16,97.16,97.16,96.62,96.62,96.62,96.07,95.53,95.53,95.53,95.53,94.99,94.99,94.45,94.45,94.45,94.45,94.45,94.45,93.36,93.36,93.36,93.36,92.28,92.28,92.28,92.28,91.73,91.73"
Rec-027_std_2,9,7,2373,core,337,331,0.0,4.0,0.9866,341,334,349,337,1.0,True,95.6071,102.0447,91.1898,2.6191,95.5318,"102.04,100.42,99.33,99.33,98.25,98.25,97.70,97.70,96.62,98.25,97.70,97.16,97.16,96.62,96.07,95.53,95.53,94.99,95.53,95.53,95.53,94.99,94.45,94.45,94.45,93.36,92.28,93.36,93.36,93.36,93.36,92.28,92.28,92.28,91.19,91.19"
Rec-027_std_2,9,8,2374,core,342,331,0.0,5.0,0.9872,346,334,354,337,1.0,True,94.0091,101.502,86.8478,3.4889,93.9035,"101.50,100.42,99.33,98.25,98.25,96.62,95.53,94.45,92.28,98.25,97.70,97.16,96.07,95.53,94.45,93.36,91.73,90.65,95.53,95.53,94.99,94.45,93.36,92.28,91.19,90.10,88.48,93.36,93.36,92.28,91.73,91.19,90.65,89.56,87.93,86.85"
Rec-027_std_2,9,9,2375,core,346,331,0.0,4.0,0.9851,350,334,358,337,0.8889,False,88.9284,100.9592,76.5357,6.6034,90.3757,"100.96,98.79,97.16,95.53,94.45,92.28,88.48,81.42,77.62,97.16,95.53,94.45,93.36,91.73,90.10,86.85,80.88,77.62,94.45,93.36,92.28,91.19,89.56,87.93,85.22,79.79,77.08,92.28,91.19,90.65,89.56,87.93,85.76,83.59,78.71,76.54"
Rec-027_std_2,9,10,2376,core,351,331,0.0,5.0,0.9853,355,334,363,337,0.3333,False,79.4454,95.5318,73.822,5.8945,76.2643,"95.53,90.65,83.05,78.71,77.08,75.99,75.99,75.45,74.91,92.28,88.48,81.96,78.16,76.54,75.99,75.45,74.91,74.36,89.56,86.31,80.88,77.62,75.99,75.45,74.91,74.91,74.36,87.39,84.68,80.33,77.62,75.99,75.45,74.91,74.36,73.82"
Rec-027_std_2,9,11,2377,core,355,331,0.0,4.0,0.9849,359,334,367,337,0.0,False,75.5708,79.7922,74.3647,1.2476,75.4502,"79.79,77.62,76.54,75.99,75.99,75.45,74.91,74.91,74.36,78.16,77.08,75.99,75.99,75.45,74.91,74.91,74.36,74.36,77.62,75.99,75.99,75.45,74.91,74.91,74.36,74.36,74.36,76.54,75.99,75.45,75.45,74.91,74.36,74.36,74.36,74.36"
Rec-027_std_2,10,1,2514,core,290,331,0.0,0.0,0.9827,294,334,302,337,1.0,True,93.7075,100.4165,89.0188,2.8466,93.3608,"100.42,98.25,97.70,97.70,97.70,97.16,96.62,96.62,96.07,94.45,94.45,94.99,95.53,94.99,94.99,94.99,94.45,94.45,91.19,92.28,92.28,92.28,92.28,92.28,92.28,92.28,92.28,89.02,89.56,90.10,90.65,90.65,90.65,91.19,90.65,90.10"
Rec-027_std_2,10,2,2515,core,304,331,0.0,14.0,0.9869,308,334,316,337,1.0,True,92.9085,99.8737,89.0188,2.469,92.2753,"99.87,98.25,96.62,95.53,94.99,94.45,94.45,93.36,93.36,96.07,95.53,94.99,94.45,93.36,93.36,92.28,92.28,91.73,93.36,93.36,92.28,92.28,91.73,91.73,91.19,90.65,90.65,91.73,91.19,91.19,90.65,90.10,89.56,89.56,89.56,89.02"
Rec-027_std_2,10,3,2516,core,313,331,0.0,9.0,0.9877,317,334,325,337,1.0,True,92.6371,98.2455,89.5616,2.1176,92.2753,"98.25,96.62,95.53,95.53,94.45,94.45,94.45,93.36,93.36,95.53,94.45,94.45,93.36,93.36,93.36,92.28,92.28,92.28,93.36,92.28,92.28,91.73,91.73,91.19,91.19,91.19,91.19,91.19,91.19,90.65,90.10,90.10,89.56,89.56,89.56,89.56"
Rec-027_std_2,10,4,2517,core,322,331,0.0,9.0,0.9884,326,334,334,337,1.0,True,93.5718,98.2455,91.1898,1.9706,93.9035,"98.25,97.16,96.07,95.53,95.53,95.53,95.53,95.53,95.53,95.53,94.99,94.45,94.45,94.45,94.45,94.45,94.45,94.45,93.36,92.28,92.28,92.28,92.28,92.28,92.28,92.28,92.28,91.19,91.19,91.19,91.19,91.19,91.19,91.19,91.19,91.19"
Rec-027_std_2,10,5,2518,core,326,331,0.0,4.0,0.9862,330,334,338,337,1.0,True,94.4161,99.8737,91.7325,2.1518,94.1749,"99.87,98.25,97.16,97.16,96.62,96.62,96.62,96.62,96.62,96.07,95.53,95.53,95.53,94.99,94.99,94.99,94.99,94.99,93.36,93.36,93.36,93.36,93.36,93.36,93.36,93.36,93.36,91.73,91.73,91.73,91.73,91.73,91.73,91.73,91.73,91.73"
Rec-027_std_2,10,6,2519,core,331,331,0.0,5.0,0.9882,335,334,343,337,1.0,True,95.2906,99.8737,91.7325,2.3007,94.989,"99.87,98.79,98.25,98.25,98.25,98.25,98.25,98.25,97.70,96.62,96.62,96.62,96.07,96.07,96.07,95.53,95.53,95.53,94.45,94.45,94.45,94.45,94.45,94.45,94.45,94.45,94.45,92.28,92.28,92.28,92.28,92.28,92.28,92.28,92.28,91.73"
Rec-027_std_2,10,7,2520,core,335,331,0.0,4.0,0.9855,339,334,347,337,1.0,True,96.0745,102.0447,92.2753,2.5713,95.8031,"102.04,100.96,99.87,99.33,99.33,98.79,98.25,98.25,98.25,98.25,97.70,97.70,97.16,97.16,96.62,96.62,96.07,96.07,95.53,95.53,95.53,94.99,94.99,94.45,94.45,94.45,94.45,93.36,93.36,93.36,93.36,93.36,92.28,92.28,92.28,92.28"
Rec-027_std_2,10,8,2521,core,340,331,0.0,5.0,0.9879,344,334,352,337,1.0,True,95.381,102.0447,89.5616,2.9936,95.5318,"102.04,100.96,99.87,99.87,98.79,98.25,97.70,97.16,95.53,98.25,98.25,97.70,97.16,96.62,96.07,95.53,94.45,93.36,95.53,95.53,95.53,94.99,94.45,94.45,93.36,92.28,91.19,93.36,93.36,93.36,93.36,92.28,91.73,91.19,90.65,89.56"
Rec-027_std_2,10,9,2522,core,344,331,0.0,4.0,0.9838,348,334,356,337,1.0,True,93.0894,103.1302,84.1341,4.4028,93.3608,"103.13,100.96,99.87,98.25,97.16,95.53,94.45,92.28,89.02,98.25,98.25,97.16,95.53,94.99,93.36,91.73,90.65,86.85,95.53,95.53,94.45,93.36,92.28,91.19,89.56,87.93,85.22,93.36,93.36,92.28,91.19,90.65,89.56,87.93,86.31,84.13"
Rec-027_std_2,10,10,2523,core,349,331,0.0,5.0,0.9862,353,334,361,337,0.5556,False,83.2597,98.2455,74.3647,7.4793,81.149,"98.25,95.53,94.45,90.10,83.05,78.71,76.54,75.99,75.45,94.99,93.36,91.19,87.93,81.42,77.62,75.99,75.45,74.91,92.28,90.65,89.56,85.76,80.88,77.62,75.99,75.45,74.91,90.10,89.02,87.39,84.13,79.79,77.08,75.99,75.45,74.36"
Rec-027_std_2,10,11,2524,core,353,331,0.0,4.0,0.982,357,334,365,337,0.1111,False,76.7015,85.7624,73.822,2.7252,75.7216,"85.76,80.88,78.16,76.54,75.99,75.45,75.45,75.45,74.91,83.05,79.79,77.08,75.99,75.99,75.45,74.91,74.91,74.36,81.96,78.16,77.08,75.99,75.45,75.45,74.91,74.36,74.36,80.88,77.62,76.54,75.99,75.45,74.36,74.36,73.82,74.36"
Rec-027_std_2,10,12,2525,core,355,330,26.57,2.24,0.9878,359,333,367,336,0.0,False,76.0382,83.5914,73.822,1.9332,75.7216,"83.59,79.79,77.62,76.54,75.99,75.99,74.91,74.91,74.91,79.79,77.62,77.08,75.99,75.99,75.45,74.91,74.36,74.36,78.16,77.08,75.99,75.99,75.45,74.91,74.91,74.36,73.82,77.08,75.99,75.99,75.45,75.45,74.91,74.36,73.82,73.82"
Rec-027_std_2,11,1,2660,core,290,331,0.0,0.0,0.9861,294,334,302,337,1.0,True,93.4814,98.7882,89.0188,2.6837,93.3608,"98.79,98.25,97.70,97.16,97.16,96.62,96.07,96.07,95.53,94.45,94.45,94.99,94.99,94.99,94.99,94.45,94.45,94.45,91.19,91.19,92.28,92.28,92.28,92.28,92.28,92.28,92.28,89.02,89.56,90.10,90.10,90.65,90.65,90.65,90.65,90.10"
Rec-027_std_2,11,2,2661,core,294,331,0.0,4.0,0.9857,298,334,306,337,1.0,True,94.4613,103.1302,90.1043,2.9269,94.4463,"103.13,100.42,98.79,98.25,97.70,96.62,96.07,95.53,95.53,97.16,96.62,96.07,96.07,95.53,94.99,94.45,94.45,94.45,94.45,94.45,94.45,93.36,93.36,92.28,92.28,92.28,91.73,91.19,91.73,91.73,91.19,91.19,91.19,91.19,90.65,90.10"
Rec-027_std_2,11,3,2662,core,299,331,0.0,5.0,0.9872,303,334,311,337,1.0,True,93.798,100.9592,89.5616,2.6055,93.9035,"100.96,98.79,97.70,97.16,96.07,95.53,95.53,94.45,94.45,97.16,96.07,95.53,95.53,94.45,94.45,94.45,93.36,92.28,94.45,94.45,93.36,93.36,92.28,92.28,91.73,91.73,91.19,92.28,91.73,91.19,91.19,91.19,90.65,90.10,90.10,89.56"
Rec-027_std_2,11,4,2663,core,303,331,0.0,4.0,0.9871,307,334,315,337,1.0,True,93.6623,101.502,89.5616,2.6603,93.3608,"101.50,99.33,97.70,96.62,95.53,95.53,94.99,94.45,93.36,97.16,96.07,95.53,94.99,94.45,94.45,93.36,92.28,92.28,94.45,94.45,93.36,93.36,92.28,92.28,91.73,91.19,91.19,92.28,91.73,91.73,91.19,91.19,90.65,90.10,89.56,89.56"
Rec-027_std_2,11,5,2664,core,308,331,0.0,5.0,0.9877,312,334,320,337,1.0,True,92.9386,99.331,89.5616,2.2709,92.2753,"99.33,97.70,96.62,95.53,94.99,94.45,94.45,93.36,93.36,95.53,95.53,94.45,94.45,93.36,93.36,92.28,92.28,92.28,93.36,93.36,92.28,92.28,91.73,91.19,91.19,91.19,91.19,91.73,91.19,91.19,91.19,90.65,90.10,89.56,89.56,89.56"
Rec-027_std_2,11,6,2665,core,317,331,0.0,9.0,0.988,321,334,329,337,1.0,True,92.9989,98.2455,90.1043,2.0746,92.818,"98.25,97.16,96.07,95.53,94.99,94.45,94.45,94.45,94.45,95.53,94.99,94.45,94.45,93.36,93.36,93.36,93.36,92.28,93.36,92.28,92.28,92.28,91.73,91.73,91.19,91.19,91.19,91.19,91.19,91.19,90.65,90.65,90.65,90.10,90.10,90.10"
Rec-027_std_2,11,7,2666,core,321,331,0.0,4.0,0.9869,325,334,333,337,1.0,True,93.6623,99.331,91.1898,2.0842,93.9035,"99.33,97.70,96.62,95.53,95.53,95.53,95.53,95.53,95.53,95.53,94.99,94.45,94.45,94.45,94.45,94.45,94.45,94.45,93.36,93.36,92.28,92.28,92.28,92.28,92.28,92.28,92.28,91.19,91.19,91.19,91.19,91.19,91.19,91.19,91.19,91.19"
Rec-027_std_2,11,8,2667,core,326,331,0.0,5.0,0.9881,330,334,338,337,1.0,True,94.386,98.2455,91.7325,2.0459,94.1749,"98.25,97.70,97.16,97.16,97.16,96.62,96.62,96.62,96.62,95.53,95.53,95.53,95.53,95.53,95.53,94.99,94.99,94.99,93.36,93.36,93.36,93.36,93.36,93.36,93.36,93.36,93.36,91.73,91.73,91.73,91.73,91.73,91.73,91.73,91.73,91.73"
Rec-027_std_2,11,9,2668,core,339,331,0.0,13.0,0.9851,343,334,351,337,1.0,True,95.6524,102.0447,90.6471,2.7648,95.5318,"102.04,100.96,99.87,99.33,98.79,98.25,98.25,97.16,96.07,98.25,98.25,97.70,97.16,96.62,96.62,95.53,95.53,94.45,96.07,95.53,95.53,94.99,94.45,94.45,93.36,93.36,92.28,94.45,93.36,93.36,93.36,92.28,92.28,91.73,91.19,90.65"
Rec-027_std_2,11,10,2669,core,344,331,0.0,5.0,0.9872,348,334,356,337,1.0,True,92.7577,101.502,83.5914,4.2501,93.3608,"101.50,99.87,98.79,98.25,96.62,95.53,93.36,91.73,87.93,98.25,97.16,96.62,95.53,94.45,93.36,91.73,90.10,86.31,95.53,94.99,94.45,93.36,92.28,91.19,89.56,87.93,84.68,93.36,93.36,92.28,91.19,90.65,89.56,87.93,86.31,83.59"
Rec-027_std_2,11,11,2670,core,348,331,0.0,4.0,0.9837,352,334,360,337,0.6667,False,85.3855,100.4165,74.9074,7.8535,86.8478,"100.42,98.25,95.53,93.36,89.56,82.51,78.16,75.99,75.45,96.07,94.99,93.36,91.19,87.93,80.88,77.62,75.99,75.45,93.36,92.28,91.19,89.56,85.76,80.33,77.62,75.99,75.45,91.19,90.10,89.02,87.93,84.13,79.79,76.54,75.99,74.91"
Rec-027_std_2,11,12,2671,core,355,330,8.13,7.07,0.9864,359,333,367,336,0.0,False,76.1739,83.5914,74.3647,1.8931,75.9929,"83.59,79.79,77.62,76.54,75.99,75.99,75.45,74.91,74.91,79.79,78.16,77.08,75.99,75.99,75.45,74.91,74.36,74.36,78.16,77.08,75.99,75.99,75.99,75.45,74.91,74.36,74.36,77.62,76.54,75.99,75.45,75.45,74.91,74.36,74.36,74.36"
Rec-027_std_2,12,1,2798,core,290,331,0.0,0.0,0.9884,294,334,302,337,1.0,True,93.4362,98.2455,89.0188,2.5718,92.818,"98.25,97.70,97.16,97.16,97.16,96.62,96.62,96.07,95.53,93.36,94.45,94.45,94.45,94.99,94.99,94.99,94.45,94.45,91.19,91.73,91.73,92.28,92.28,92.28,92.28,92.28,92.28,89.02,89.56,90.10,90.65,90.65,90.65,90.65,90.65,90.65"
Rec-027_std_2,12,2,2799,core,292,331,0.0,2.0,0.985,296,334,304,337,1.0,True,94.2955,100.9592,90.6471,2.6361,93.9035,"100.96,99.33,98.25,98.25,97.70,97.16,96.62,96.07,95.53,96.07,95.53,95.53,95.53,95.53,95.53,94.99,94.45,94.45,93.36,93.36,93.36,93.36,93.36,93.36,92.28,92.28,92.28,91.19,91.19,91.19,91.19,91.19,91.19,91.19,91.19,90.65"
Rec-027_std_2,12,3,2800,core,296,331,0.0,4.0,0.9864,300,334,308,337,1.0,True,94.6875,103.1302,90.6471,2.8704,94.4463,"103.13,100.96,99.33,98.25,97.16,96.62,96.07,95.53,94.99,98.25,97.16,96.62,96.07,95.53,94.99,94.45,94.45,93.36,94.99,94.45,94.45,94.45,93.36,93.36,92.28,92.28,91.73,92.28,92.28,92.28,91.73,91.73,91.19,91.19,91.19,90.65"
Rec-027_std_2,12,4,2801,core,301,331,0.0,5.0,0.9861,305,334,313,337,1.0,True,93.8734,101.502,89.5616,2.5455,93.3608,"101.50,98.79,97.70,96.62,96.07,95.53,94.99,94.45,94.45,97.16,96.62,95.53,94.99,94.45,94.45,93.36,93.36,92.28,94.99,94.45,93.36,93.36,93.36,92.28,91.73,91.73,91.19,92.28,92.28,91.73,91.73,91.19,91.19,90.65,90.10,89.56"
Rec-027_std_2,12,5,2802,core,305,331,0.0,4.0,0.9875,309,334,317,337,1.0,True,93.7377,101.502,89.5616,2.5387,93.3608,"101.50,98.79,97.70,96.62,95.53,94.99,94.45,94.45,93.36,97.16,96.07,95.53,94.99,94.45,94.45,93.36,93.36,92.28,94.45,94.45,94.45,93.36,92.28,92.28,91.73,91.19,91.19,92.28,92.28,91.73,91.19,91.19,91.19,90.65,90.10,89.56"
Rec-027_std_2,12,6,2803,core,310,331,0.0,5.0,0.9873,314,334,322,337,1.0,True,93.1196,99.331,89.5616,2.1727,93.3608,"99.33,97.70,96.07,95.53,94.99,94.45,94.45,93.36,93.36,95.53,95.53,94.99,94.45,93.36,93.36,93.36,92.28,92.28,94.45,93.36,93.36,92.28,91.73,91.73,91.73,91.19,91.19,91.73,91.73,91.19,91.19,90.65,90.65,90.10,90.10,89.56"
Rec-027_std_2,12,7,2804,core,314,331,0.0,4.0,0.9879,318,334,326,337,1.0,True,93.3005,99.331,90.1043,2.0855,93.3608,"99.33,97.70,96.07,95.53,94.99,94.99,94.45,94.45,94.45,95.53,95.53,94.45,94.45,94.45,93.36,93.36,93.36,93.36,93.36,93.36,92.28,92.28,92.28,91.73,91.73,91.73,91.73,91.19,91.73,91.19,91.19,91.19,90.65,90.65,90.65,90.10"
Rec-027_std_2,12,8,2805,core,319,331,0.0,5.0,0.988,323,334,331,337,1.0,True,93.7075,98.2455,91.1898,1.9365,93.9035,"98.25,97.16,96.07,95.53,95.53,95.53,95.53,95.53,95.53,95.53,95.53,94.99,94.45,94.45,94.45,94.45,94.45,94.45,93.36,93.36,93.36,93.36,92.28,92.28,92.28,92.28,92.28,91.73,91.19,91.19,91.19,91.19,91.19,91.19,91.19,91.19"
Rec-027_std_2,12,9,2806,core,323,331,0.0,4.0,0.9879,327,334,335,337,1.0,True,94.9589,100.4165,91.7325,2.197,94.989,"100.42,98.79,98.25,97.70,97.16,97.16,97.16,97.16,97.16,96.62,96.07,95.53,95.53,95.53,95.53,95.53,95.53,95.53,94.45,94.45,94.45,94.45,94.45,94.45,93.36,93.36,93.36,92.28,92.28,92.28,92.28,92.28,92.28,91.73,92.28,91.73"
Rec-027_std_2,12,10,2807,core,328,331,0.0,5.0,0.9878,332,334,340,337,1.0,True,95.5468,100.4165,92.2753,2.2541,95.2604,"100.42,99.33,98.79,98.25,98.25,98.25,98.25,97.70,97.70,97.16,97.16,96.62,96.62,96.62,96.07,96.07,95.53,95.53,94.99,94.99,94.99,94.45,94.45,94.45,94.45,94.45,94.45,93.36,93.36,93.36,92.28,92.28,92.28,92.28,92.28,92.28"
Rec-027_std_2,12,11,2808,core,332,331,0.0,4.0,0.9872,336,334,344,337,1.0,True,96.2554,102.0447,92.2753,2.4839,95.8031,"102.04,100.96,100.42,99.33,98.79,98.79,98.25,98.25,98.25,98.25,98.25,97.70,97.70,97.16,96.62,96.62,96.62,96.07,95.53,95.53,95.53,95.53,95.53,94.99,94.45,94.45,94.45,94.45,94.45,93.36,93.36,93.36,93.36,92.28,92.28,92.28"
Rec-027_std_2,12,12,2809,core,337,331,0.0,5.0,0.9877,341,334,349,337,1.0,True,96.0745,102.0447,91.7325,2.5713,95.5318,"102.04,100.96,100.42,99.33,98.79,98.79,98.25,98.25,97.70,98.25,98.25,97.70,97.16,97.16,96.62,96.07,95.53,95.53,96.07,95.53,95.53,95.53,94.99,94.45,94.45,94.45,93.36,94.45,94.45,93.36,93.36,93.36,92.28,92.28,92.28,91.73"
Rec-027_std_2,12,13,2810,core,341,331,0.0,4.0,0.9856,345,334,353,337,1.0,True,95.3358,103.1302,89.0188,3.2316,94.989,"103.13,101.50,100.42,99.33,98.79,98.25,97.70,96.07,94.99,98.79,98.25,98.25,97.70,96.62,95.53,94.99,94.45,92.28,95.53,95.53,95.53,94.99,94.45,94.45,92.28,91.73,90.65,94.45,94.45,93.36,93.36,92.28,91.73,91.19,90.10,89.02"
Rec-027_std_2,12,14,2811,core,346,331,0.0,5.0,0.9865,350,334,358,337,0.8889,False,89.3203,100.9592,76.5357,6.6785,90.9184,"100.96,98.79,97.70,96.07,94.45,92.28,89.02,81.42,77.62,97.70,96.07,94.99,94.45,92.28,90.65,87.39,80.88,77.62,94.99,94.45,92.28,91.73,90.10,88.48,85.76,79.79,77.08,92.28,91.73,91.19,89.56,88.48,86.85,84.13,79.79,76.54"
Rec-027_std_2,12,15,2812,core,350,331,0.0,4.0,0.984,354,334,362,337,0.4444,False,81.4958,98.2455,74.3647,7.1503,77.8925,"98.25,95.53,90.65,83.05,78.71,77.08,75.99,75.45,74.91,94.45,92.28,88.48,81.96,78.16,76.54,75.45,75.45,74.91,91.19,89.56,86.31,80.88,77.62,75.99,75.45,74.91,74.36,89.56,87.93,84.68,79.79,77.62,75.99,75.45,74.91,74.36"
Rec-027_std_2,12,16,2813,core,355,331,0.0,5.0,0.983,359,334,367,337,0.0,False,75.4803,78.7067,73.822,1.1438,75.4502,"78.71,77.62,76.54,75.99,75.45,75.45,74.91,74.36,74.36,77.62,76.54,75.99,75.45,75.45,74.91,74.91,74.36,74.36,77.62,75.99,75.99,75.45,75.45,74.91,74.36,74.36,74.36,77.08,75.99,75.45,75.45,74.91,74.36,74.36,74.36,73.82"
Rec-027_std_2,13,1,2936,core,290,331,0.0,0.0,0.9876,294,334,302,337,1.0,True,93.3608,98.7882,89.0188,2.5935,92.818,"98.79,97.70,97.16,97.16,97.16,96.62,96.07,96.07,95.53,93.36,94.45,94.45,94.45,94.45,94.45,94.45,94.45,94.45,91.19,91.19,92.28,92.28,92.28,92.28,92.28,92.28,91.73,89.02,89.56,89.56,90.65,90.65,90.65,90.65,90.65,90.65"
Rec-027_std_2,13,2,2937,core,293,331,0.0,3.0,0.9846,297,334,305,337,1.0,True,94.5669,103.1302,90.6471,3.0113,94.4463,"103.13,100.96,99.33,98.25,98.25,97.16,96.62,96.07,95.53,97.16,96.62,96.07,95.53,95.53,95.53,94.99,94.45,94.45,94.45,94.45,93.36,93.36,93.36,93.36,92.28,92.28,92.28,91.19,91.19,91.19,91.19,91.19,91.19,91.19,90.65,90.65"
Rec-027_std_2,13,3,2938,core,298,331,0.0,5.0,0.988,302,334,310,337,1.0,True,94.3106,102.0447,90.1043,2.7478,94.4463,"102.04,100.42,98.25,97.70,97.16,96.07,95.53,94.99,94.45,97.70,96.62,96.07,95.53,95.53,94.45,94.45,93.36,93.36,94.99,94.45,94.45,94.45,93.36,92.28,92.28,91.73,91.19,92.28,92.28,92.28,91.73,91.19,91.19,91.19,90.10,90.10"
Rec-027_std_2,13,4,2939,core,302,331,0.0,4.0,0.9866,306,334,314,337,1.0,True,93.9789,102.0447,90.1043,2.696,93.3608,"102.04,99.87,98.25,97.16,96.07,95.53,94.99,94.99,94.45,97.70,96.62,95.53,94.99,94.45,94.45,93.36,93.36,93.36,94.45,94.45,93.36,93.36,92.28,92.28,92.28,91.73,91.19,92.28,92.28,91.73,91.73,91.19,90.65,90.65,90.10,90.10"
Rec-027_std_2,13,5,2940,core,316,331,0.0,14.0,0.9892,320,334,328,337,1.0,True,93.4211,98.7882,90.6471,1.9392,93.3608,"98.79,97.16,96.07,95.53,95.53,94.99,94.99,94.45,94.45,95.53,95.53,94.45,94.45,94.45,93.36,93.36,93.36,93.36,93.36,93.36,93.36,92.28,92.28,92.28,92.28,91.73,91.73,91.73,91.73,91.73,91.19,91.19,91.19,90.65,90.65,90.65"
Rec-027_std_2,13,6,2941,core,325,331,0.0,9.0,0.9897,329,334,337,337,1.0,True,95.0041,99.331,92.2753,1.9714,94.989,"99.33,98.25,97.70,97.16,97.16,97.16,97.16,97.16,97.16,96.62,96.07,95.53,95.53,95.53,95.53,95.53,95.53,95.53,94.45,94.45,94.45,94.45,94.45,94.45,94.45,94.45,94.45,92.28,92.28,92.28,92.28,92.28,92.28,92.28,92.28,92.28"
Rec-027_std_2,13,7,2942,core,330,331,0.0,5.0,0.9866,334,334,342,337,1.0,True,95.9237,99.8737,92.2753,2.0211,96.0745,"99.87,98.79,98.79,98.25,98.25,98.25,98.25,98.25,98.25,97.16,97.16,97.16,97.16,96.62,96.62,96.62,96.62,96.62,95.53,95.53,95.53,94.99,94.99,94.99,94.99,94.45,94.45,93.36,93.36,93.36,93.36,93.36,93.36,93.36,93.36,92.28"
Rec-027_std_2,13,8,2943,core,334,331,0.0,4.0,0.9894,338,334,346,337,1.0,True,96.8736,102.0447,93.3608,2.3571,96.6172,"102.04,101.50,100.42,99.87,99.87,99.33,99.33,98.79,98.25,98.79,98.25,98.25,98.25,97.70,97.70,97.70,97.16,97.16,96.07,96.07,96.07,96.07,95.53,95.53,95.53,95.53,94.99,94.45,94.45,94.45,94.45,94.45,93.36,93.36,93.36,93.36"
Rec-027_std_2,13,9,2944,core,339,331,0.0,5.0,0.9861,343,334,351,337,1.0,True,96.6022,103.1302,91.1898,2.7778,96.3459,"103.13,101.50,100.96,100.42,99.87,99.33,98.79,98.25,97.70,99.33,98.79,98.25,98.25,98.25,97.70,96.62,96.07,95.53,96.62,96.62,96.07,95.53,95.53,95.53,94.45,94.45,93.36,94.99,94.45,94.45,94.45,93.36,93.36,92.28,92.28,91.19"
Rec-027_std_2,13,10,2945,core,348,331,0.0,9.0,0.9842,352,334,360,337,0.6667,False,85.5664,99.8737,74.9074,8.0341,86.8478,"99.87,98.25,95.53,94.45,90.10,82.51,77.62,75.99,75.45,96.62,95.53,94.45,91.73,87.93,81.42,77.62,75.99,75.45,94.45,92.28,91.19,89.56,85.76,80.33,77.62,75.99,74.91,91.73,90.65,89.56,87.93,84.68,79.79,77.08,75.45,74.91"
Rec-027_std_2,13,11,2946,core,352,331,0.0,4.0,0.9859,356,334,364,337,0.2222,False,78.0132,93.3608,74.3647,4.7066,75.9929,"93.36,84.13,79.79,77.62,76.54,75.99,75.45,74.91,74.36,89.56,82.51,78.71,77.08,75.99,75.45,74.91,74.91,74.36,87.93,81.42,78.16,76.54,75.99,74.91,74.91,74.36,74.36,85.76,80.88,77.62,75.99,75.45,74.91,74.91,74.36,74.36"
Rec-027_std_2,13,12,2947,core,355,330,18.43,3.16,0.9846,359,333,367,336,0.0,False,76.1739,84.1341,74.3647,1.9818,75.7216,"84.13,79.79,77.62,76.54,75.99,75.99,75.45,74.91,74.36,80.33,78.16,76.54,75.99,75.99,75.45,74.91,74.91,74.36,78.16,77.08,75.99,75.99,75.45,75.45,74.91,74.36,74.36,77.62,76.54,75.99,75.45,75.45,74.91,74.36,74.36,74.36"
Rec-027_std_2,14,1,3076,core,290,331,0.0,0.0,0.9892,294,334,302,337,1.0,True,94.0392,98.7882,89.0188,2.8444,93.9035,"98.79,98.25,98.25,98.25,98.25,97.70,97.70,97.16,96.62,94.45,94.45,95.53,95.53,95.53,95.53,95.53,95.53,94.99,91.19,91.73,92.28,92.28,93.36,92.28,93.36,93.36,92.28,89.02,89.56,90.10,90.65,91.19,91.19,91.19,91.19,91.19"
Rec-027_std_2,14,2,3077,core,291,331,0.0,1.0,0.984,295,334,303,337,1.0,True,94.8382,102.0447,90.1043,2.9881,94.989,"102.04,100.42,99.33,98.79,98.25,98.25,97.70,97.16,97.16,96.07,96.62,96.07,96.62,96.07,96.07,95.53,95.53,95.53,93.36,93.36,94.45,93.36,93.36,93.36,93.36,93.36,93.36,90.10,91.19,91.19,91.19,91.19,91.19,91.19,91.19,91.19"
Rec-027_std_2,14,3,3078,core,296,331,0.0,5.0,0.988,300,334,308,337,1.0,True,95.185,103.1302,91.1898,2.8752,94.989,"103.13,100.96,99.87,98.79,98.25,97.70,97.16,96.07,95.53,98.25,97.70,97.16,96.62,96.07,95.53,95.53,94.99,94.45,95.53,94.99,94.45,94.45,94.45,93.36,93.36,93.36,92.28,92.28,92.28,92.28,92.28,92.28,91.73,91.19,91.19,91.19"
Rec-027_std_2,14,4,3079,core,300,331,0.0,4.0,0.9857,304,334,312,337,1.0,True,95.2302,103.6729,90.6471,2.9072,95.2604,"103.67,101.50,99.87,98.79,97.70,97.16,96.62,95.53,95.53,98.25,98.25,97.70,96.62,95.53,95.53,95.53,94.45,94.45,95.53,95.53,94.99,94.45,94.45,93.36,93.36,93.36,92.28,93.36,93.36,92.28,92.28,92.28,91.73,91.19,91.19,90.65"
Rec-027_std_2,14,5,3080,core,305,331,0.0,5.0,0.9889,309,334,317,337,1.0,True,94.2955,101.502,90.1043,2.5796,94.4463,"101.50,99.33,98.25,97.70,97.16,96.07,95.53,94.99,94.45,97.70,96.62,96.07,95.53,95.53,94.45,94.45,93.36,93.36,94.99,94.45,94.45,93.36,93.36,92.28,92.28,92.28,91.73,92.28,92.28,92.28,91.73,91.73,91.19,91.19,90.65,90.10"
Rec-027_std_2,14,6,3081,core,310,331,0.0,5.0,0.9859,314,334,322,337,1.0,True,93.602,99.331,90.1043,2.1651,93.3608,"99.33,98.25,96.62,96.07,95.53,95.53,94.45,94.45,93.36,96.62,95.53,95.53,94.45,94.45,93.36,93.36,93.36,93.36,94.45,94.45,93.36,93.36,92.28,92.28,91.73,91.73,91.19,92.28,92.28,91.73,91.19,91.19,91.19,90.65,90.65,90.10"
Rec-027_std_2,14,7,3082,core,314,331,0.0,4.0,0.9895,318,334,326,337,1.0,True,93.6623,99.8737,90.6471,2.1231,93.3608,"99.87,98.25,96.62,95.53,95.53,95.53,94.99,94.45,94.45,96.07,95.53,94.99,94.45,94.45,94.45,93.36,93.36,93.36,94.45,93.36,93.36,93.36,92.28,92.28,92.28,91.73,91.73,92.28,92.28,91.73,91.19,91.19,91.19,90.65,90.65,90.65"
Rec-027_std_2,14,8,3083,core,323,331,0.0,9.0,0.9894,327,334,335,337,1.0,True,94.4312,99.331,91.7325,1.921,94.4463,"99.33,98.25,97.16,96.62,96.62,96.07,96.07,95.53,95.53,96.07,95.53,95.53,95.53,94.99,94.99,94.99,94.99,94.45,94.45,94.45,94.45,93.36,93.36,93.36,93.36,93.36,93.36,92.28,92.28,92.28,92.28,91.73,91.73,91.73,91.73,91.73"
Rec-027_std_2,14,9,3084,core,328,331,0.0,5.0,0.9867,332,334,340,337,1.0,True,95.3509,99.331,92.2753,1.9901,95.2604,"99.33,98.79,98.25,98.25,97.70,97.70,97.70,97.16,97.16,97.16,96.62,96.07,96.07,96.07,95.53,95.53,95.53,95.53,94.99,94.99,94.99,94.45,94.45,94.45,94.45,94.45,94.45,93.36,93.36,93.36,93.36,92.28,92.28,92.28,92.28,92.28"
Rec-027_std_2,14,10,3085,core,332,331,0.0,4.0,0.9895,336,334,344,337,1.0,True,96.3157,101.502,93.3608,2.0842,96.0745,"101.50,100.42,99.33,98.79,98.25,98.25,98.25,98.25,98.25,98.25,97.70,97.70,97.16,97.16,96.62,96.62,96.62,96.62,95.53,95.53,95.53,95.53,95.53,94.99,94.99,94.99,94.45,94.45,94.45,94.45,94.45,93.36,93.36,93.36,93.36,93.36"
Rec-027_std_2,14,11,3086,core,337,331,0.0,5.0,0.9874,341,334,349,337,1.0,True,96.6625,101.502,92.2753,2.2933,96.3459,"101.50,100.96,100.42,99.87,99.33,98.79,98.79,98.25,98.25,98.25,98.25,98.25,98.25,97.70,97.70,97.16,96.62,96.62,96.07,96.07,96.07,96.07,95.53,95.53,95.53,94.99,94.45,94.45,94.45,94.45,94.45,94.45,93.36,93.36,93.36,92.28"
Rec-027_std_2,14,12,3087,core,341,331,0.0,4.0,0.9889,345,334,353,337,1.0,True,96.2554,103.1302,89.5616,2.9974,95.8031,"103.13,102.04,100.96,100.42,99.87,98.79,98.25,97.16,95.53,99.33,98.79,98.25,98.25,97.70,97.16,95.53,95.53,94.45,96.62,96.62,96.07,96.07,95.53,94.99,94.45,93.36,91.73,94.99,94.99,94.45,94.45,93.36,93.36,92.28,91.19,89.56"
Rec-027_std_2,14,13,3088,core,346,331,0.0,5.0,0.9866,350,334,358,337,0.8889,False,90.3305,102.0447,76.5357,7.1871,92.2753,"102.04,100.42,98.79,97.70,95.53,94.45,89.56,81.96,77.62,98.79,97.70,96.62,95.53,94.45,92.28,87.93,80.88,77.62,96.07,95.53,94.45,92.28,91.19,89.56,85.76,80.33,77.08,94.45,93.36,92.28,91.19,89.56,87.93,84.68,79.79,76.54"
Rec-027_std_2,14,14,3089,core,350,331,0.0,4.0,0.9877,354,334,362,337,0.4444,False,81.9933,99.331,74.3647,7.7308,77.8925,"99.33,96.62,91.73,83.59,78.71,77.08,75.99,75.45,74.91,96.07,93.36,89.56,82.51,78.16,76.54,75.99,74.91,74.36,93.36,91.19,87.93,81.42,77.62,75.99,75.45,74.91,74.36,90.65,89.02,85.76,80.88,77.62,75.99,75.45,74.91,74.36"
Rec-027_std_2,14,15,3090,core,355,330,11.31,5.1,0.993,359,333,367,336,0.0,False,75.9176,82.5059,73.822,1.7687,75.4502,"82.51,78.71,77.62,75.99,75.99,75.45,74.91,74.91,74.36,79.79,77.62,76.54,75.99,75.45,75.45,74.91,74.36,74.36,78.16,77.08,75.99,75.99,75.45,74.91,74.91,74.36,74.36,77.62,75.99,75.99,75.45,74.91,74.36,74.36,74.36,73.82"
Rec-027_std_2,15,1,3212,core,290,331,0.0,0.0,0.9856,294,334,302,337,1.0,True,94.9438,101.502,89.5616,2.9848,94.989,"101.50,99.87,99.33,98.79,98.79,98.25,98.25,98.25,97.70,95.53,95.53,96.07,96.07,96.07,96.07,96.07,96.07,95.53,92.28,93.36,93.36,94.45,94.45,94.45,94.45,94.45,93.36,89.56,90.10,91.19,91.19,91.19,91.73,91.73,91.73,91.19"
Rec-027_std_2,15,2,3213,core,299,331,0.0,9.0,0.9883,303,334,311,337,1.0,True,95.4262,103.6729,91.1898,2.8686,95.2604,"103.67,101.50,99.87,98.79,98.25,97.16,96.62,95.53,95.53,98.79,98.25,97.70,97.16,96.62,95.53,94.99,94.45,94.45,96.07,95.53,95.53,94.99,94.45,94.45,93.36,93.36,92.28,93.36,93.36,93.36,92.28,92.28,91.73,91.73,91.19,91.19"
Rec-027_std_2,15,3,3214,core,303,331,0.0,4.0,0.9862,307,334,315,337,1.0,True,95.1096,103.6729,91.1898,2.8118,94.989,"103.67,101.50,99.33,98.25,97.16,96.62,95.53,95.53,94.99,98.79,98.25,97.16,96.07,95.53,95.53,94.99,94.45,94.45,95.53,95.53,94.99,94.45,94.45,93.36,93.36,92.28,92.28,93.36,93.36,93.36,92.28,92.28,91.73,91.19,91.19,91.19"
Rec-027_std_2,15,4,3215,core,312,331,0.0,9.0,0.9865,316,334,324,337,1.0,True,94.0694,102.0447,90.1043,2.5897,93.3608,"102.04,99.33,98.25,97.16,96.07,95.53,94.99,94.45,93.36,97.70,96.62,95.53,95.53,94.45,94.45,93.36,93.36,93.36,94.99,94.45,94.45,93.36,93.36,92.28,92.28,91.73,91.19,92.28,92.28,92.28,91.73,91.19,91.19,91.19,90.65,90.10"
Rec-027_std_2,15,5,3216,core,317,331,0.0,5.0,0.9895,321,334,329,337,1.0,True,93.5417,99.8737,90.1043,2.2341,93.3608,"99.87,98.25,96.62,96.07,95.53,94.99,94.45,94.45,94.45,96.62,95.53,95.53,94.45,94.45,93.36,93.36,93.36,92.28,94.45,93.36,93.36,93.36,92.28,92.28,91.73,91.73,91.19,92.28,91.73,91.73,91.19,91.19,90.65,90.65,90.65,90.10"
Rec-027_std_2,15,6,3217,core,326,331,0.0,9.0,0.9896,330,334,338,337,1.0,True,94.8232,99.8737,92.2753,2.0057,94.989,"99.87,98.25,97.70,97.16,97.16,97.16,96.62,96.62,96.62,96.07,95.53,95.53,95.53,95.53,95.53,95.53,95.53,95.53,94.45,94.45,94.45,94.45,93.36,93.36,93.36,94.45,93.36,92.28,92.28,92.28,92.28,92.28,92.28,92.28,92.28,92.28"
Rec-027_std_2,15,7,3218,core,331,331,0.0,5.0,0.9869,335,334,343,337,1.0,True,95.7579,99.8737,93.3608,1.9626,95.5318,"99.87,98.79,98.79,98.25,98.25,98.25,98.25,98.25,98.25,97.16,96.62,96.62,96.62,96.07,96.07,96.07,96.07,96.07,94.99,94.99,94.99,94.99,94.99,94.45,94.45,94.45,94.45,93.36,93.36,93.36,93.36,93.36,93.36,93.36,93.36,93.36"
Rec-027_std_2,15,8,3219,core,335,331,0.0,4.0,0.9895,339,334,347,337,1.0,True,96.5871,101.502,93.3608,2.1933,96.0745,"101.50,100.42,99.87,99.33,99.33,98.79,98.79,98.79,98.79,98.25,98.25,97.70,97.70,97.70,97.16,97.16,97.16,96.62,95.53,95.53,95.53,95.53,95.53,95.53,94.99,94.99,94.99,94.45,94.45,94.45,94.45,94.45,93.36,93.36,93.36,93.36"
Rec-027_std_2,15,9,3220,core,340,331,0.0,5.0,0.9876,344,334,352,337,1.0,True,96.4363,102.0447,91.1898,2.6804,96.0745,"102.04,101.50,100.96,100.42,99.87,99.33,98.79,98.25,97.16,98.79,98.25,98.25,98.25,97.70,97.16,96.62,95.53,94.99,96.07,96.07,96.07,95.53,95.53,95.53,94.99,94.45,92.28,94.45,94.45,94.45,94.45,93.36,93.36,93.36,92.28,91.19"
Rec-027_std_2,15,10,3221,core,344,331,0.0,4.0,0.9884,348,334,356,337,1.0,True,94.4613,103.1302,84.6769,4.3334,94.7176,"103.13,102.04,100.96,99.87,98.25,97.16,95.53,94.45,90.10,99.33,98.79,98.25,97.70,96.07,94.99,93.36,91.73,87.93,97.16,96.62,95.53,95.53,94.45,92.28,91.19,89.56,85.76,94.99,94.45,94.45,93.36,92.28,91.19,89.56,87.93,84.68"
Rec-027_std_2,15,11,3222,core,349,331,0.0,5.0,0.9862,353,334,361,337,0.5556,False,84.1492,99.8737,74.3647,8.2127,81.9631,"99.87,97.70,95.53,91.73,83.05,78.71,76.54,75.99,75.45,96.62,94.99,93.36,89.56,82.51,78.71,76.54,75.45,74.91,94.45,92.28,91.19,87.93,81.42,77.62,75.99,75.45,74.91,91.73,90.65,89.02,85.76,80.88,77.62,75.99,74.91,74.36"
Rec-027_std_2,15,12,3223,core,353,331,0.0,4.0,0.9867,357,334,365,337,0.1111,False,76.6714,85.7624,74.3647,2.7656,75.7216,"85.76,80.33,77.62,76.54,75.99,75.45,74.91,74.91,74.36,83.59,79.79,77.62,75.99,75.99,75.45,74.91,74.91,74.36,81.96,78.71,77.08,75.99,75.45,74.91,74.91,74.36,74.36,80.88,77.62,76.54,75.99,74.91,74.91,74.36,74.36,74.36"
Rec-027_std_2,15,13,3224,core,355,330,26.57,2.24,0.9871,359,333,367,336,0.0,False,76.1588,84.1341,73.822,2.0057,75.7216,"84.13,79.79,77.62,77.08,75.99,75.99,75.45,74.91,74.36,80.33,77.62,77.08,75.99,75.45,75.45,74.91,74.36,74.36,78.16,77.08,75.99,75.99,75.45,75.45,74.91,74.36,73.82,77.62,76.54,75.99,75.99,75.45,74.91,74.36,74.36,74.36"
Rec-027_std_2,16,1,3354,core,290,331,0.0,0.0,0.9877,294,334,302,337,1.0,True,95.0343,99.8737,89.5616,2.8038,94.7176,"99.87,98.79,98.79,98.79,98.79,98.79,98.25,98.25,98.25,94.99,95.53,96.07,96.62,96.62,96.62,96.62,96.07,96.07,91.73,92.28,93.36,94.45,94.45,94.45,94.45,94.45,94.45,89.56,90.10,91.19,91.73,91.73,92.28,92.28,92.28,92.28"
Rec-027_std_2,16,2,3355,core,292,331,0.0,2.0,0.985,296,334,304,337,1.0,True,96.3157,103.6729,91.7325,2.974,95.8031,"103.67,102.04,100.96,100.42,99.87,99.33,98.79,98.25,97.70,98.25,98.25,97.70,97.70,97.70,97.70,97.16,96.62,96.07,94.99,94.99,95.53,95.53,95.53,95.53,94.99,94.45,94.45,91.73,92.28,92.28,93.36,93.36,93.36,92.28,92.28,92.28"
Rec-027_std_2,16,3,3356,core,297,331,0.0,5.0,0.9872,301,334,309,337,1.0,True,96.2102,103.6729,92.2753,2.6662,95.8031,"103.67,102.04,100.42,99.33,98.79,98.25,97.70,97.16,96.07,99.33,98.25,98.25,97.70,97.16,96.62,96.07,95.53,95.53,96.62,96.07,95.53,95.53,95.53,94.99,94.45,94.45,93.36,94.45,94.45,93.36,93.36,93.36,93.36,92.28,92.28,92.28"
Rec-027_std_2,16,4,3357,core,301,331,0.0,4.0,0.987,305,334,313,337,1.0,True,95.9539,105.3012,91.1898,2.9259,95.5318,"105.30,102.04,100.42,98.79,98.25,97.70,96.62,96.07,95.53,99.87,98.79,98.25,97.70,96.62,96.07,95.53,95.53,94.45,96.62,96.07,95.53,95.53,94.99,94.45,94.45,93.36,93.36,94.45,94.45,93.36,93.36,93.36,92.28,92.28,91.73,91.19"
Rec-027_std_2,16,5,3358,core,306,331,0.0,5.0,0.9879,310,334,318,337,1.0,True,94.8684,102.0447,91.1898,2.431,94.4463,"102.04,99.87,98.25,97.70,96.62,96.07,95.53,95.53,94.45,98.25,97.70,96.62,95.53,95.53,95.53,94.45,94.45,93.36,95.53,95.53,94.99,94.45,94.45,93.36,93.36,92.28,92.28,94.45,93.36,93.36,92.28,92.28,92.28,91.19,91.19,91.19"
Rec-027_std_2,16,6,3359,core,310,331,0.0,4.0,0.9874,314,334,322,337,1.0,True,94.6121,102.0447,91.1898,2.4767,94.4463,"102.04,99.87,98.25,97.16,96.62,95.53,95.53,94.99,94.45,98.25,97.16,96.07,95.53,95.53,94.99,94.45,94.45,93.36,95.53,95.53,94.45,94.45,93.36,93.36,92.28,92.28,92.28,93.36,93.36,92.28,92.28,91.73,91.73,91.19,91.19,91.19"
Rec-027_std_2,16,7,3360,core,315,331,0.0,5.0,0.9893,319,334,327,337,1.0,True,94.1598,100.4165,91.1898,2.131,94.4463,"100.42,98.25,97.16,96.62,96.07,95.53,95.53,95.53,94.99,96.62,95.53,95.53,94.99,94.99,94.45,94.45,94.45,94.45,94.45,94.45,93.36,93.36,93.36,93.36,92.28,92.28,92.28,92.28,92.28,92.28,91.73,91.73,91.19,91.19,91.19,91.19"
Rec-027_std_2,16,8,3361,core,319,331,0.0,4.0,0.9872,323,334,331,337,1.0,True,94.7629,101.502,91.7325,2.304,94.7176,"101.50,99.33,98.25,97.16,97.16,96.62,96.07,96.07,95.53,97.16,96.62,96.07,95.53,95.53,95.53,94.99,94.99,94.45,94.99,94.45,94.45,94.45,93.36,93.36,93.36,93.36,93.36,92.28,92.28,92.28,92.28,91.73,91.73,91.73,91.73,91.73"
Rec-027_std_2,16,9,3362,core,324,331,0.0,5.0,0.9897,328,334,336,337,1.0,True,95.1699,100.9592,92.2753,2.2083,95.2604,"100.96,99.33,98.25,98.25,97.16,97.16,97.16,96.62,96.62,97.16,97.16,96.07,95.53,96.07,95.53,95.53,95.53,95.53,94.99,94.99,94.45,94.45,94.45,94.45,94.45,93.36,93.36,93.36,92.28,92.28,92.28,92.28,92.28,92.28,92.28,92.28"
Rec-027_std_2,16,10,3363,core,333,331,0.0,9.0,0.9901,337,334,345,337,1.0,True,96.5419,102.0447,93.3608,2.1866,96.3459,"102.04,100.96,99.87,99.33,98.79,98.79,98.25,98.25,98.25,98.25,98.25,97.70,97.70,97.16,97.16,97.16,96.62,96.62,96.07,95.53,95.53,95.53,95.53,95.53,94.99,94.99,94.99,94.45,94.45,94.45,94.45,94.45,93.36,93.36,93.36,93.36"
Rec-027_std_2,16,11,3364,core,337,331,0.0,4.0,0.9865,341,334,349,337,1.0,True,97.1449,103.1302,93.3608,2.4255,96.8886,"103.13,102.04,100.96,100.42,99.87,99.87,99.33,98.79,98.25,99.33,98.79,98.25,98.25,98.25,97.70,97.70,97.16,96.62,97.16,96.62,96.62,96.07,95.53,95.53,95.53,95.53,94.99,94.99,94.99,94.45,94.45,94.45,94.45,94.45,93.36,93.36"
Rec-027_std_2,16,12,3365,core,342,331,0.0,5.0,0.9899,346,334,354,337,1.0,True,95.8333,103.1302,89.0188,3.359,95.5318,"103.13,102.04,100.96,100.42,99.87,98.25,97.70,95.53,94.45,99.87,99.33,98.25,98.25,97.70,96.62,95.53,94.45,92.28,97.16,96.62,96.07,95.53,95.53,94.45,93.36,91.73,90.65,94.99,94.45,94.45,94.45,93.36,92.28,91.19,90.10,89.02"
Rec-027_std_2,16,13,3366,core,346,331,0.0,4.0,0.9856,350,334,358,337,0.8889,False,90.4812,103.1302,76.5357,7.3106,92.0039,"103.13,101.50,99.33,97.70,95.53,94.45,90.10,82.51,77.62,99.33,98.25,96.62,95.53,93.36,91.73,87.93,80.88,77.62,96.62,95.53,94.45,93.36,91.19,89.56,86.31,80.33,77.08,94.45,93.36,92.28,91.19,89.56,87.93,84.68,79.79,76.54"
Rec-027_std_2,16,14,3367,core,351,331,0.0,5.0,0.9884,355,334,363,337,0.3333,False,79.8675,97.16,73.822,6.5619,76.8071,"97.16,92.28,83.59,78.71,77.08,75.99,75.45,74.91,74.36,94.45,89.56,82.51,78.71,77.08,75.99,75.45,74.91,74.36,91.19,87.93,81.42,77.62,76.54,75.99,74.91,74.36,74.36,89.56,85.76,80.88,77.62,75.99,75.45,74.91,74.36,73.82"
Rec-027_std_2,16,15,3368,core,355,331,0.0,4.0,0.9881,359,334,367,337,0.0,False,75.5105,79.7922,73.822,1.3219,75.1788,"79.79,77.62,76.54,75.99,75.99,75.45,74.91,74.36,74.36,78.16,77.08,75.99,75.99,75.45,74.91,74.91,74.36,73.82,77.62,76.54,75.99,75.45,74.91,74.91,74.36,74.36,73.82,76.54,75.99,75.45,74.91,74.91,74.36,74.36,74.36,73.82"
Rec-027_std_2,17,1,3495,core,290,331,0.0,0.0,0.9881,294,334,302,337,1.0,True,95.2453,99.8737,89.5616,2.8041,94.989,"99.87,99.33,99.33,99.33,99.33,98.79,98.25,98.25,98.25,95.53,95.53,96.62,96.62,96.62,96.62,96.62,96.62,96.07,92.28,93.36,94.45,94.45,94.45,94.45,94.45,94.45,94.45,89.56,90.65,91.19,91.73,92.28,92.28,92.28,92.28,92.28"
Rec-027_std_2,17,2,3496,core,296,331,0.0,6.0,0.9866,300,334,308,337,1.0,True,96.2253,104.2157,91.7325,2.8191,95.8031,"104.22,102.04,100.42,99.87,98.79,98.25,97.70,97.16,96.62,99.87,98.79,98.25,97.70,97.16,96.62,96.07,95.53,95.53,96.07,96.07,95.53,95.53,95.53,94.99,94.45,94.45,94.45,94.45,93.36,93.36,93.36,93.36,92.28,92.28,92.28,91.73"
Rec-027_std_2,17,3,3497,core,300,331,0.0,4.0,0.9853,304,334,312,337,1.0,True,96.1047,105.3012,91.7325,2.8113,95.5318,"105.30,102.04,100.42,99.33,98.25,97.70,96.62,96.07,95.53,99.87,98.79,98.25,97.70,96.62,96.07,95.53,95.53,94.99,96.62,96.07,95.53,95.53,94.99,94.45,94.45,93.36,93.36,94.45,94.45,94.45,94.45,93.36,93.36,92.28,92.28,91.73"
Rec-027_std_2,17,4,3498,core,305,331,0.0,5.0,0.9875,309,334,317,337,1.0,True,95.1699,102.0447,91.1898,2.4035,94.989,"102.04,99.87,98.79,98.25,97.16,96.62,95.53,95.53,94.99,98.25,97.70,97.16,96.07,95.53,95.53,94.99,94.45,94.45,96.07,95.53,95.53,94.99,94.45,94.45,93.36,93.36,92.28,94.45,93.36,93.36,93.36,92.28,92.28,91.73,91.19,91.19"
Rec-027_std_2,17,5,3499,core,309,331,0.0,4.0,0.9858,313,334,321,337,1.0,True,95.1096,103.1302,91.1898,2.4809,94.989,"103.13,100.42,98.79,97.70,97.16,96.07,95.53,95.53,94.99,98.25,97.70,96.62,95.53,95.53,95.53,94.99,94.45,94.45,96.07,95.53,94.99,94.45,94.45,93.36,93.36,93.36,92.28,94.45,93.36,93.36,93.36,92.28,92.28,91.73,91.73,91.19"
Rec-027_std_2,17,6,3500,core,314,331,0.0,5.0,0.9887,318,334,326,337,1.0,True,94.6423,100.4165,91.1898,2.1143,94.4463,"100.42,98.79,97.70,97.16,96.62,96.07,95.53,95.53,95.53,97.70,96.62,95.53,95.53,95.53,94.99,94.99,94.45,94.45,94.99,94.45,94.45,94.45,93.36,93.36,93.36,93.36,92.28,93.36,93.36,92.28,92.28,92.28,92.28,91.73,91.19,91.19"
Rec-027_std_2,17,7,3501,core,319,331,0.0,5.0,0.9857,323,334,331,337,1.0,True,94.7629,99.8737,91.7325,1.971,94.7176,"99.87,98.25,98.25,97.16,96.62,96.07,96.07,95.53,95.53,97.16,96.62,96.07,95.53,95.53,94.99,94.99,94.45,94.45,94.99,94.99,94.45,94.45,94.45,93.36,93.36,93.36,93.36,93.36,93.36,93.36,92.28,92.28,91.73,91.73,91.73,91.73"
Rec-027_std_2,17,8,3502,core,323,331,0.0,4.0,0.9892,327,334,335,337,1.0,True,95.2604,100.9592,92.2753,2.0962,95.5318,"100.96,99.33,98.25,97.70,97.70,96.62,96.62,96.62,96.62,97.70,97.16,96.07,96.07,95.53,95.53,95.53,95.53,95.53,95.53,94.99,94.45,94.45,94.45,94.45,94.45,93.36,93.36,93.36,93.36,93.36,93.36,92.28,92.28,92.28,92.28,92.28"
Rec-027_std_2,17,9,3503,core,328,331,0.0,5.0,0.9859,332,334,340,337,1.0,True,95.7881,100.4165,93.3608,1.9589,95.8031,"100.42,99.33,98.25,98.25,98.25,97.70,97.70,97.70,97.70,97.70,97.70,96.62,96.62,96.07,96.07,96.07,96.07,96.07,95.53,95.53,94.99,94.99,94.99,94.45,94.45,94.45,94.45,93.36,93.36,93.36,93.36,93.36,93.36,93.36,93.36,93.36"
Rec-027_std_2,17,10,3504,core,332,331,0.0,4.0,0.9897,336,334,344,337,1.0,True,96.8736,102.0447,93.3608,2.1348,96.6172,"102.04,100.96,99.87,99.87,99.33,98.79,98.79,98.79,98.25,98.25,98.25,98.25,98.25,97.70,97.70,97.70,97.70,97.16,96.07,96.07,95.53,95.53,95.53,95.53,95.53,95.53,95.53,94.45,94.45,94.45,94.45,94.45,94.45,94.45,94.45,93.36"
Rec-027_std_2,17,11,3505,core,337,331,0.0,5.0,0.9864,341,334,349,337,1.0,True,97.2655,102.0447,93.3608,2.2949,97.16,"102.04,101.50,100.96,100.96,100.42,99.33,99.33,98.79,98.25,99.33,98.79,98.79,98.25,98.25,98.25,97.70,97.16,97.16,97.16,97.16,96.62,96.62,96.07,96.07,95.53,95.53,94.99,95.53,94.99,94.99,94.99,94.45,94.45,94.45,93.36,93.36"
Rec-027_std_2,17,12,3506,core,346,331,0.0,9.0,0.9856,350,334,358,337,0.8889,False,90.3455,102.0447,76.5357,7.2507,92.0039,"102.04,100.96,98.79,97.70,95.53,94.45,89.56,81.96,77.62,98.79,98.25,96.62,95.53,93.36,91.73,87.93,80.88,77.62,96.62,95.53,94.45,93.36,91.19,89.56,85.76,79.79,77.08,94.45,93.36,92.28,91.19,89.56,87.93,84.68,79.79,76.54"
Rec-027_std_2,17,13,3507,core,350,331,0.0,4.0,0.9877,354,334,362,337,0.4444,False,81.8425,98.7882,74.3647,7.6222,78.1639,"98.79,96.07,91.73,83.59,78.71,76.54,75.99,74.91,74.91,95.53,93.36,89.56,82.51,78.71,76.54,75.99,74.91,74.36,92.28,91.19,87.39,80.88,77.62,75.99,75.45,74.91,74.36,90.65,89.02,85.76,80.33,77.62,75.99,75.45,74.36,74.36"
Rec-027_std_2,17,14,3508,core,354,331,0.0,4.0,0.9837,358,334,366,337,0.0,False,76.008,82.5059,74.3647,1.7977,75.4502,"82.51,78.71,77.62,75.99,75.99,75.45,75.45,74.36,74.36,79.79,77.62,76.54,75.99,75.45,75.45,74.91,74.36,74.36,78.71,77.62,75.99,75.99,75.45,74.91,74.91,74.36,74.36,78.16,76.54,75.99,75.45,74.91,74.91,74.36,74.36,74.36"
Rec-027_std_2,18,1,3617,core,290,331,0.0,0.0,0.9875,294,334,302,337,1.0,True,95.4262,100.4165,90.1043,2.758,95.2604,"100.42,99.33,99.33,99.33,99.33,98.79,98.79,98.25,98.25,95.53,95.53,96.62,96.62,97.16,97.16,96.62,96.62,96.07,92.28,93.36,94.45,94.45,94.99,94.99,94.99,94.99,94.45,90.10,91.19,91.73,92.28,92.28,92.28,92.28,92.28,92.28"
Rec-027_std_2,18,2,3618,core,293,331,0.0,3.0,0.987,297,334,305,337,1.0,True,96.2856,103.1302,92.2753,2.6006,95.5318,"103.13,102.04,100.42,99.87,99.33,98.25,98.25,97.70,97.16,98.25,98.25,98.25,97.70,97.70,96.62,96.07,96.07,95.53,95.53,95.53,95.53,95.53,95.53,94.99,94.99,94.45,94.45,93.36,93.36,93.36,93.36,93.36,93.36,93.36,93.36,92.28"
Rec-027_std_2,18,3,3619,core,297,331,0.0,4.0,0.9844,301,334,309,337,1.0,True,96.6625,105.8439,92.2753,2.9266,96.0745,"105.84,103.13,100.96,99.87,99.33,98.25,98.25,97.16,96.62,100.42,99.33,98.25,98.25,97.70,97.16,96.07,95.53,95.53,97.16,96.62,96.07,96.07,95.53,94.99,94.45,94.45,94.45,94.45,94.45,94.45,94.45,93.36,93.36,93.36,92.28,92.28"
Rec-027_std_2,18,4,3620,core,302,331,0.0,5.0,0.9882,306,334,314,337,1.0,True,95.6071,103.1302,91.1898,2.6128,95.5318,"103.13,100.96,99.33,98.25,98.25,97.16,96.07,95.53,95.53,99.33,98.25,97.70,97.16,96.62,95.53,95.53,94.45,94.45,96.62,95.53,95.53,95.53,94.99,94.45,93.36,93.36,92.28,94.45,94.45,94.45,93.36,93.36,92.28,91.73,91.73,91.19"
Rec-027_std_2,18,5,3621,core,306,331,0.0,4.0,0.9858,310,334,318,337,1.0,True,95.3207,103.1302,91.1898,2.6101,94.989,"103.13,100.96,98.79,98.25,97.70,96.62,95.53,95.53,94.99,99.33,98.25,97.16,96.07,95.53,95.53,94.99,94.45,94.45,96.07,95.53,95.53,94.99,94.45,94.45,93.36,93.36,92.28,94.45,94.45,93.36,93.36,92.28,92.28,91.73,91.19,91.19"
Rec-027_std_2,18,6,3622,core,311,331,0.0,5.0,0.9889,315,334,323,337,1.0,True,94.8081,101.502,91.7325,2.1634,94.7176,"101.50,98.79,98.25,97.16,96.62,96.07,95.53,95.53,94.99,98.25,96.62,95.53,95.53,95.53,94.99,94.99,94.45,94.45,95.53,94.99,94.45,94.45,94.45,93.36,93.36,93.36,92.28,93.36,93.36,93.36,92.28,92.28,92.28,91.73,91.73,91.73"
Rec-027_std_2,18,7,3623,core,315,331,0.0,4.0,0.9861,319,334,327,337,1.0,True,95.1699,102.0447,92.2753,2.2009,94.989,"102.04,99.87,98.25,97.70,97.16,96.62,96.62,96.07,96.07,97.70,96.62,96.07,95.53,95.53,95.53,95.53,94.99,94.99,95.53,94.99,94.45,94.45,94.45,94.45,94.45,93.36,93.36,93.36,93.36,93.36,92.28,92.28,92.28,92.28,92.28,92.28"
Rec-027_std_2,18,8,3624,core,320,331,0.0,5.0,0.9897,324,334,332,337,1.0,True,95.6674,101.502,92.2753,2.0363,95.5318,"101.50,99.87,98.25,98.25,97.70,97.70,97.16,96.62,96.62,97.70,97.16,96.62,96.62,96.07,96.07,95.53,95.53,95.53,95.53,95.53,95.53,94.99,94.99,94.45,94.45,94.45,94.45,94.45,93.36,93.36,93.36,93.36,93.36,92.28,93.36,92.28"
Rec-027_std_2,18,9,3625,core,324,331,0.0,4.0,0.9863,328,334,336,337,1.0,True,96.4213,102.0447,93.3608,2.1412,96.0745,"102.04,100.96,99.33,98.79,98.25,98.25,98.25,98.25,98.25,98.25,98.25,97.70,97.16,97.16,97.16,96.62,96.62,96.62,95.53,95.53,95.53,95.53,95.53,95.53,95.53,94.99,94.99,94.45,94.45,94.45,94.45,93.36,93.36,93.36,93.36,93.36"
Rec-027_std_2,18,10,3626,core,329,331,0.0,5.0,0.9897,333,334,341,337,1.0,True,97.0545,102.0447,94.4463,2.113,96.8886,"102.04,100.96,100.42,99.87,99.33,99.33,98.79,98.79,98.79,98.79,98.25,98.25,98.25,98.25,97.70,97.70,97.70,97.16,96.62,96.07,96.07,96.07,96.07,95.53,95.53,95.53,95.53,94.99,94.45,94.45,94.45,94.45,94.45,94.45,94.45,94.45"
Rec-027_std_2,18,11,3627,core,334,331,0.0,5.0,0.9866,338,334,346,337,1.0,True,97.7027,103.1302,94.4463,2.2378,97.7027,"103.13,101.50,100.96,100.42,100.42,100.42,99.87,99.87,99.33,99.33,99.33,98.79,98.79,98.25,98.25,98.25,98.25,98.25,97.16,97.16,97.16,96.62,96.62,96.62,96.07,96.07,95.53,95.53,95.53,95.53,94.99,94.99,94.99,94.45,94.45,94.45"
Rec-027_std_2,18,12,3628,core,338,331,0.0,4.0,0.9893,342,334,350,337,1.0,True,97.9741,103.6729,93.3608,2.6233,97.9741,"103.67,103.13,102.04,102.04,100.96,100.96,100.42,99.87,98.79,100.42,99.87,99.33,99.33,98.79,98.25,98.25,98.25,97.16,98.25,97.70,97.70,97.16,97.16,96.62,96.07,95.53,95.53,95.53,95.53,95.53,95.53,95.53,94.99,94.45,93.36,93.36"
Rec-027_std_2,18,13,3629,core,343,331,0.0,5.0,0.9867,347,334,355,337,1.0,True,95.6071,103.1302,87.9333,3.7058,95.5318,"103.13,102.04,101.50,100.42,99.33,98.25,96.62,95.53,93.36,100.42,99.87,98.79,98.25,97.16,95.53,94.45,93.36,91.19,98.25,97.16,96.62,95.53,94.99,93.36,92.28,91.19,89.56,95.53,95.53,94.99,94.45,93.36,91.73,90.65,89.56,87.93"
Rec-027_std_2,18,14,3630,core,347,331,0.0,4.0,0.9883,351,334,359,337,0.7778,False,88.265,102.0447,75.4502,8.0596,90.1043,"102.04,100.42,98.25,96.62,94.45,90.10,82.51,77.62,75.99,98.25,97.16,95.53,94.45,92.28,87.93,81.42,77.62,75.99,96.07,94.99,93.36,91.73,89.56,86.31,80.88,77.62,75.99,93.36,92.28,91.19,90.10,88.48,84.68,79.79,77.08,75.45"
Rec-027_std_2,18,15,3631,core,352,331,0.0,5.0,0.9849,356,334,364,337,0.2222,False,77.8172,92.2753,73.822,4.7075,75.7216,"92.28,84.13,78.71,77.08,75.99,75.45,75.45,74.91,74.36,89.56,83.05,78.71,77.08,75.99,75.45,74.91,74.36,73.82,87.93,81.42,78.16,76.54,75.45,74.91,74.36,74.36,74.36,85.76,80.88,77.62,75.99,75.45,74.91,74.36,73.82,73.82"
Rec-027_std_2,18,16,3632,core,355,331,0.0,3.0,0.9869,359,334,367,337,0.0,False,75.4502,79.7922,73.822,1.3356,75.4502,"79.79,77.62,76.54,75.99,75.45,75.45,74.91,74.36,74.36,78.16,77.08,75.99,75.45,75.45,74.91,74.36,74.36,73.82,77.62,75.99,75.99,75.45,74.91,74.36,74.36,74.36,73.82,76.54,75.99,75.99,75.45,74.36,74.36,74.36,74.36,73.82"
Rec-027_std_2,19,1,3745,core,291,331,0.0,1.0,0.9857,295,334,303,337,1.0,True,96.2404,102.0447,91.7325,2.7342,95.8031,"102.04,100.96,100.42,100.42,99.87,99.33,98.79,98.25,98.25,97.16,97.70,97.70,97.70,97.70,97.70,97.16,96.62,96.07,94.45,94.99,95.53,95.53,95.53,95.53,95.53,94.99,94.45,91.73,92.28,92.28,93.36,93.36,93.36,93.36,92.28,92.28"
Rec-027_std_2,19,2,3746,core,295,331,0.0,4.0,0.9875,299,334,307,337,1.0,True,96.7831,105.3012,92.2753,2.8686,96.3459,"105.30,103.13,101.50,100.42,99.33,98.79,98.25,97.70,97.16,99.87,99.33,98.25,98.25,97.70,97.16,96.62,96.07,95.53,97.16,96.62,96.07,95.53,95.53,95.53,94.99,94.45,94.45,94.45,94.45,94.45,94.45,94.45,93.36,93.36,92.28,92.28"
Rec-027_std_2,19,3,3747,core,300,331,0.0,5.0,0.9855,304,334,312,337,1.0,True,95.8785,103.1302,91.7325,2.5622,95.5318,"103.13,101.50,99.87,98.79,98.25,97.70,96.62,95.53,95.53,99.33,98.25,98.25,97.16,96.62,96.07,95.53,94.99,94.45,96.62,96.07,95.53,95.53,94.99,94.45,94.45,93.36,93.36,94.99,94.45,94.45,93.36,93.36,93.36,92.28,91.73,91.73"
Rec-027_std_2,19,4,3748,core,304,331,0.0,4.0,0.9887,308,334,316,337,1.0,True,95.2604,103.1302,91.1898,2.6481,94.989,"103.13,100.96,99.33,98.25,97.16,96.62,95.53,95.53,94.99,98.79,98.25,97.16,96.62,95.53,95.53,94.99,94.45,94.45,96.07,95.53,95.53,94.99,94.45,93.36,93.36,92.28,92.28,94.45,94.45,93.36,93.36,92.28,92.28,91.73,91.19,91.19"
Rec-027_std_2,19,5,3749,core,309,331,0.0,5.0,0.9864,313,334,321,337,1.0,True,94.3407,100.4165,91.1898,2.1853,94.4463,"100.42,98.79,97.70,96.62,96.07,95.53,95.53,94.99,94.45,97.70,96.62,95.53,95.53,94.99,94.45,94.45,94.45,93.36,95.53,94.45,94.45,93.36,93.36,93.36,92.28,92.28,92.28,93.36,92.28,92.28,92.28,92.28,91.73,91.19,91.19,91.19"
Rec-027_std_2,19,6,3750,core,313,331,0.0,4.0,0.9894,317,334,325,337,1.0,True,94.7177,100.9592,91.7325,2.0608,94.4463,"100.96,98.79,97.70,97.16,96.07,96.07,95.53,95.53,95.53,97.70,96.62,96.07,95.53,95.53,94.99,94.45,94.45,94.45,94.99,94.45,94.45,94.45,93.36,93.36,93.36,93.36,93.36,93.36,93.36,92.28,92.28,92.28,92.28,92.28,91.73,91.73"
Rec-027_std_2,19,7,3751,core,318,331,0.0,5.0,0.9874,322,334,330,337,1.0,True,95.1398,99.8737,92.2753,1.8609,94.989,"99.87,98.25,98.25,97.70,97.16,96.62,96.62,96.07,96.07,97.16,96.62,96.07,96.07,95.53,95.53,95.53,95.53,94.99,94.99,94.45,94.45,94.45,94.45,94.45,94.45,94.45,94.45,93.36,93.36,93.36,93.36,92.28,92.28,92.28,92.28,92.28"
Rec-027_std_2,19,8,3752,core,327,331,0.0,9.0,0.9875,331,334,339,337,1.0,True,96.4967,101.502,93.3608,1.9782,96.3459,"101.50,99.87,99.33,98.79,98.79,98.25,98.25,98.25,98.25,98.25,98.25,97.70,97.16,97.16,97.16,97.16,96.62,96.62,96.07,96.07,95.53,95.53,95.53,95.53,95.53,94.99,94.99,94.45,94.45,94.45,94.45,94.45,94.45,93.36,93.36,93.36"
Rec-027_std_2,19,9,3753,core,340,331,0.0,13.0,0.9887,344,334,352,337,1.0,True,97.6123,104.2157,91.7325,2.9548,97.7027,"104.22,103.13,102.04,101.50,100.96,100.42,99.87,98.79,97.70,100.96,100.42,99.87,99.33,98.79,98.25,97.70,96.62,95.53,98.25,97.70,97.70,97.70,97.16,96.07,95.53,94.99,93.36,96.07,95.53,95.53,95.53,94.99,94.45,93.36,92.28,91.73"
Rec-027_std_2,19,10,3754,core,345,331,0.0,5.0,0.9871,349,334,357,337,1.0,True,92.8331,103.1302,78.7067,6.1464,94.4463,"103.13,102.04,100.42,99.33,97.70,95.53,94.45,89.56,81.96,100.42,99.33,98.25,96.62,95.53,94.45,91.73,87.93,80.88,97.70,96.62,95.53,94.45,93.36,91.19,89.56,86.31,80.33,95.53,94.99,93.36,92.28,91.19,89.56,87.93,84.13,78.71"
Rec-027_std_2,19,11,3755,core,349,331,0.0,4.0,0.9874,353,334,361,337,0.5556,False,84.1341,100.9592,74.3647,8.4198,81.4204,"100.96,98.25,95.53,91.19,83.05,78.71,76.54,75.99,74.91,97.16,95.53,93.36,89.56,81.96,78.16,76.54,75.45,74.91,94.45,92.28,91.19,87.93,80.88,77.62,75.99,75.45,74.36,92.28,91.19,89.02,85.76,79.79,77.62,75.99,74.91,74.36"
Rec-027_std_2,19,12,3756,core,354,331,0.0,5.0,0.9853,358,334,366,337,0.0,False,75.6462,80.8776,73.822,1.6638,75.4502,"80.88,77.62,76.54,75.99,75.45,74.91,74.91,74.36,74.36,79.79,77.62,75.99,75.99,75.45,75.45,74.91,74.36,73.82,78.16,77.08,75.99,75.45,75.45,74.91,73.82,73.82,73.82,77.62,76.54,75.99,75.45,74.91,74.36,73.82,73.82,73.82"
Rec-027_std_2,19,13,3757,core,355,330,45.0,1.41,0.9897,359,333,367,336,0.0,False,75.9628,83.0486,73.822,1.9187,75.4502,"83.05,79.79,77.62,76.54,75.99,75.99,74.91,74.91,74.36,79.79,77.62,76.54,75.99,75.45,75.45,74.91,74.36,73.82,78.16,77.08,75.99,75.99,75.45,75.45,74.91,74.36,73.82,77.62,75.99,75.99,75.45,74.91,74.36,74.36,73.82,73.82"
Rec-027_std_2,20,1,3880,core,291,331,0.0,1.0,0.9849,295,334,303,337,1.0,True,95.5016,101.502,91.1898,2.6924,95.2604,"101.50,100.42,99.87,99.33,98.79,98.25,98.25,97.16,96.62,96.62,97.16,97.70,97.16,97.16,96.62,96.07,95.53,95.53,94.45,94.45,94.99,94.99,94.45,94.45,94.45,94.45,93.36,91.19,92.28,92.28,92.28,92.28,92.28,92.28,91.73,91.73"
Rec-027_std_2,20,2,3881,core,300,331,0.0,9.0,0.9845,304,334,312,337,1.0,True,95.3961,102.0447,91.1898,2.4386,95.5318,"102.04,100.42,98.79,98.25,97.70,97.16,96.62,96.07,95.53,98.25,98.25,97.16,96.62,96.07,95.53,95.53,94.99,94.45,96.07,95.53,95.53,94.99,94.45,94.45,93.36,93.36,93.36,94.45,93.36,93.36,93.36,92.28,92.28,91.73,91.73,91.19"
Rec-027_std_2,20,3,3882,core,304,331,0.0,4.0,0.9882,308,334,316,337,1.0,True,95.185,103.1302,91.1898,2.6097,94.989,"103.13,100.42,98.79,98.25,97.70,96.62,96.07,95.53,94.99,98.25,97.70,97.16,96.62,95.53,95.53,94.99,94.45,93.36,96.07,95.53,95.53,94.99,94.45,93.36,93.36,92.28,92.28,94.45,94.45,93.36,93.36,92.28,91.73,91.73,91.19,91.19"
Rec-027_std_2,20,4,3883,core,309,331,0.0,5.0,0.9853,313,334,321,337,1.0,True,94.4915,100.4165,91.1898,2.1874,94.4463,"100.42,98.79,98.25,96.62,96.07,95.53,95.53,94.99,94.99,97.70,96.62,96.07,95.53,94.99,94.45,94.45,94.45,94.45,95.53,94.99,94.45,94.45,93.36,93.36,93.36,92.28,92.28,93.36,92.28,92.28,92.28,92.28,91.73,91.19,91.19,91.19"
Rec-027_std_2,20,5,3884,core,322,331,0.0,13.0,0.9896,326,334,334,337,1.0,True,96.2404,102.0447,93.3608,2.07,95.8031,"102.04,99.87,99.33,98.25,98.25,98.25,98.25,97.70,97.70,98.25,97.70,97.70,97.16,97.16,96.62,96.62,96.07,96.07,95.53,95.53,95.53,95.53,95.53,95.53,94.99,94.99,94.99,94.45,94.45,94.45,93.36,93.36,93.36,93.36,93.36,93.36"
Rec-027_std_2,20,6,3885,core,331,331,0.0,9.0,0.9899,335,334,343,337,1.0,True,97.5369,103.1302,94.4463,2.1778,97.4314,"103.13,102.04,100.96,100.42,99.87,99.33,99.33,98.79,98.25,99.87,99.33,98.79,98.25,98.25,98.25,97.70,97.70,97.70,97.16,97.16,97.16,96.62,96.62,96.62,96.07,95.53,95.53,95.53,95.53,95.53,94.99,94.99,94.99,94.45,94.45,94.45"
Rec-027_std_2,20,7,3886,core,349,331,0.0,18.0,0.9877,353,334,361,337,0.5556,False,83.9683,100.4165,74.3647,8.3199,81.4204,"100.42,97.70,95.53,91.19,83.05,78.16,76.54,75.45,74.91,96.62,94.99,93.36,89.56,81.96,78.16,75.99,75.45,74.91,94.45,92.28,90.65,87.39,80.88,77.62,75.99,75.45,74.36,91.73,90.65,89.02,85.76,80.33,77.08,75.99,74.91,74.36"
Rec-027_std_2,20,8,3887,core,354,331,0.0,5.0,0.9843,358,334,366,337,0.0,False,75.4804,80.3349,73.822,1.5612,74.9074,"80.33,77.62,76.54,75.99,75.45,74.91,74.91,74.36,73.82,78.71,77.62,75.99,75.99,74.91,74.91,74.36,74.36,73.82,78.16,76.54,75.99,75.45,74.91,74.36,74.36,73.82,73.82,77.62,75.99,75.99,74.91,74.91,74.36,73.82,73.82,73.82"
Rec-027_std_2,21,1,4002,core,290,331,0.0,0.0,0.9861,294,334,302,337,1.0,True,95.1398,100.9592,90.6471,2.6792,95.2604,"100.96,99.33,99.33,98.79,98.79,98.25,98.25,97.16,97.16,95.53,96.07,96.62,96.62,96.62,96.62,96.07,95.53,95.53,92.28,93.36,94.45,94.45,94.99,94.45,94.45,94.45,93.36,90.65,91.19,91.73,92.28,92.28,92.28,92.28,91.73,91.19"
Rec-027_std_2,21,2,4003,core,294,331,0.0,4.0,0.9862,298,334,306,337,1.0,True,95.8785,105.3012,91.7325,2.9621,95.5318,"105.30,102.04,100.42,99.33,98.25,98.25,97.16,96.62,96.07,99.33,98.25,98.25,97.16,96.62,96.07,95.53,95.53,94.99,95.53,95.53,95.53,95.53,94.99,94.45,94.45,93.36,93.36,93.36,93.36,93.36,93.36,92.28,92.28,92.28,91.73,91.73"
Rec-027_std_2,21,3,4004,core,299,331,0.0,5.0,0.9876,303,334,311,337,1.0,True,95.381,102.0447,91.1898,2.436,95.5318,"102.04,100.42,99.33,98.25,97.70,97.16,96.62,96.07,95.53,98.25,97.70,97.16,96.62,96.07,95.53,95.53,94.99,94.99,95.53,95.53,95.53,94.99,94.45,94.45,93.36,93.36,93.36,93.36,93.36,93.36,93.36,92.28,92.28,92.28,91.73,91.19"
Rec-027_std_2,21,4,4005,core,303,331,0.0,4.0,0.9879,307,334,315,337,1.0,True,95.4715,103.1302,91.1898,2.5674,95.5318,"103.13,100.96,99.33,98.25,97.70,97.16,96.62,95.53,95.53,98.79,98.25,97.16,96.62,96.07,95.53,95.53,94.99,94.45,95.53,95.53,95.53,94.99,94.99,94.45,93.36,93.36,93.36,94.45,93.36,93.36,93.36,92.28,92.28,92.28,91.73,91.19"
Rec-027_std_2,21,5,4006,core,308,331,0.0,5.0,0.9885,312,334,320,337,1.0,True,94.989,101.502,91.7325,2.2414,94.989,"101.50,99.33,98.25,97.70,96.62,96.62,96.07,95.53,95.53,98.25,97.16,96.07,96.07,95.53,95.53,94.99,94.99,94.45,95.53,94.99,94.45,94.45,94.45,93.36,93.36,93.36,92.28,94.45,93.36,93.36,92.28,92.28,92.28,91.73,91.73,91.73"
Rec-027_std_2,21,6,4007,core,312,331,0.0,4.0,0.9889,316,334,324,337,1.0,True,95.381,102.0447,92.2753,2.177,95.5318,"102.04,99.87,98.25,97.70,97.16,97.16,96.62,96.07,96.07,98.25,97.16,96.62,96.07,95.53,95.53,95.53,95.53,95.53,95.53,94.99,94.99,94.45,94.45,94.45,94.45,94.45,94.45,93.36,93.36,93.36,93.36,92.28,92.28,92.28,92.28,92.28"
Rec-027_std_2,21,7,4008,core,317,331,0.0,5.0,0.9891,321,334,329,337,1.0,True,95.8936,100.9592,93.3608,1.9859,95.8031,"100.96,99.33,98.25,98.25,98.25,97.70,97.70,97.70,97.16,98.25,97.70,97.16,96.62,96.62,96.07,96.07,96.07,96.07,95.53,95.53,95.53,95.53,94.99,94.99,94.99,94.45,94.45,93.36,93.36,93.36,93.36,93.36,93.36,93.36,93.36,93.36"
Rec-027_std_2,21,8,4009,core,321,331,0.0,4.0,0.9887,325,334,333,337,1.0,True,96.7379,103.1302,93.3608,2.1752,96.6172,"103.13,100.96,99.87,99.33,98.79,98.25,98.25,98.25,97.70,98.79,98.25,98.25,98.25,97.70,97.16,97.16,96.62,96.62,96.62,96.07,96.07,95.53,95.53,95.53,95.53,95.53,94.99,94.45,94.45,94.45,94.45,94.45,94.45,94.45,93.36,93.36"
Rec-027_std_2,21,9,4010,core,326,331,0.0,5.0,0.9894,330,334,338,337,1.0,True,97.0243,102.0447,94.4463,2.0242,97.16,"102.04,100.96,99.87,99.33,99.33,98.79,98.79,98.25,98.25,99.33,98.25,98.25,98.25,98.25,97.70,97.70,97.16,97.16,97.16,96.62,96.07,96.07,96.07,95.53,95.53,95.53,95.53,94.99,94.99,94.45,94.45,94.45,94.45,94.45,94.45,94.45"
Rec-027_std_2,21,10,4011,core,330,331,0.0,4.0,0.9875,334,334,342,337,1.0,True,98.0646,103.6729,94.989,2.171,97.9741,"103.67,102.04,101.50,100.96,100.42,99.87,99.87,99.87,99.33,100.42,99.87,99.33,98.79,98.79,98.25,98.25,98.25,98.25,97.70,97.70,97.16,97.16,97.16,97.16,96.62,96.62,96.62,95.53,95.53,95.53,95.53,95.53,95.53,95.53,94.99,94.99"
Rec-027_std_2,21,11,4012,core,335,331,0.0,5.0,0.9895,339,334,347,337,1.0,True,98.3661,103.6729,94.4463,2.4107,98.2455,"103.67,103.13,102.04,101.50,101.50,100.96,100.42,99.87,99.87,100.96,100.42,99.87,99.33,99.33,98.79,98.25,98.25,98.25,98.25,98.25,98.25,97.70,97.16,96.62,96.62,96.62,96.07,96.07,96.07,96.07,95.53,95.53,95.53,94.99,94.99,94.45"
Rec-027_std_2,21,12,4013,core,339,331,0.0,4.0,0.9872,343,334,351,337,1.0,True,98.2003,105.3012,92.2753,2.9683,98.2455,"105.30,103.67,103.13,102.04,101.50,100.96,100.42,99.33,98.25,101.50,100.96,100.42,99.87,99.33,98.79,98.25,97.70,96.07,98.79,98.25,98.25,97.70,97.70,96.62,96.07,95.53,94.45,96.62,96.07,95.53,95.53,95.53,94.99,94.45,93.36,92.28"
Rec-027_std_2,21,13,4014,core,344,331,0.0,5.0,0.9888,348,334,356,337,1.0,True,94.7026,103.6729,84.1341,4.6009,95.5318,"103.67,102.04,101.50,99.87,98.79,97.70,95.53,94.45,89.56,100.42,99.87,98.25,97.70,96.62,95.53,93.36,91.19,87.39,98.25,97.16,96.62,95.53,94.45,93.36,91.19,89.56,85.76,95.53,95.53,94.45,93.36,92.28,91.19,89.56,87.93,84.13"
Rec-027_std_2,21,14,4015,core,348,331,0.0,4.0,0.9854,352,334,360,337,0.6667,False,86.5011,103.1302,74.9074,8.7759,88.2047,"103.13,99.87,98.25,95.53,91.19,83.05,78.16,76.54,75.45,98.25,97.16,95.53,93.36,89.56,81.96,77.62,75.99,74.91,95.53,94.45,92.28,90.65,87.39,80.88,77.62,75.99,74.91,93.36,92.28,90.65,89.02,85.76,80.33,77.08,75.45,74.91"
Rec-027_std_2,21,15,4016,core,353,331,0.0,5.0,0.9871,357,334,365,337,0.1111,False,76.4302,85.2196,73.822,2.7372,75.4502,"85.22,79.79,77.62,75.99,75.99,75.45,74.91,74.91,74.36,83.05,79.79,77.08,75.99,75.45,74.91,74.91,74.36,74.36,81.96,78.16,77.08,75.99,75.45,74.91,74.36,74.36,73.82,80.88,77.62,75.99,75.45,74.91,74.36,74.36,73.82,73.82"
Rec-027_std_2,21,16,4017,core,355,330,26.57,2.24,0.9865,359,333,367,336,0.0,False,75.993,83.5914,73.822,1.9901,75.4502,"83.59,79.79,77.62,76.54,75.99,75.45,74.91,74.91,74.36,79.79,77.62,77.08,75.99,75.99,75.45,74.91,74.36,73.82,78.16,77.08,75.99,75.99,75.45,74.91,74.91,74.36,73.82,77.62,76.54,75.99,75.45,74.91,74.36,74.36,73.82,73.82"
Rec-027_std_2,22,1,4132,core,301,331,-7.13,8.06,0.9858,305,334,313,337,1.0,True,95.4564,104.2157,91.1898,2.8032,95.5318,"104.22,102.04,99.33,98.25,97.70,96.62,96.07,95.53,95.53,99.33,98.25,97.70,96.62,95.53,95.53,95.53,94.45,94.45,96.07,95.53,95.53,94.99,94.45,94.45,93.36,93.36,92.28,94.45,93.36,93.36,93.36,92.28,92.28,91.73,91.73,91.19"
Rec-027_std_2,22,2,4133,core,306,331,0.0,5.0,0.9886,310,334,318,337,1.0,True,94.7779,102.0447,91.1898,2.3702,94.7176,"102.04,99.33,98.25,97.16,96.62,96.07,95.53,95.53,94.99,98.25,97.16,96.07,95.53,95.53,94.99,94.99,94.45,94.45,95.53,94.99,94.45,94.45,94.45,93.36,93.36,93.36,92.28,93.36,93.36,92.28,92.28,92.28,91.73,91.19,91.19,91.19"
Rec-027_std_2,22,3,4134,core,310,331,0.0,4.0,0.9861,314,334,322,337,1.0,True,95.0644,102.0447,92.2753,2.2493,94.989,"102.04,99.87,98.25,97.70,96.62,96.07,96.07,95.53,95.53,98.25,97.16,96.62,95.53,95.53,95.53,94.99,94.99,94.99,95.53,94.99,94.45,94.45,94.45,94.45,93.36,93.36,93.36,93.36,93.36,92.28,92.28,92.28,92.28,92.28,92.28,92.28"
Rec-027_std_2,22,4,4135,core,315,331,0.0,5.0,0.9897,319,334,327,337,1.0,True,95.3961,100.9592,92.2753,1.929,95.5318,"100.96,98.79,98.25,97.70,97.16,96.62,96.62,96.62,96.07,97.70,97.16,96.62,96.07,96.07,95.53,95.53,95.53,95.53,95.53,94.99,94.99,94.99,94.45,94.45,94.45,94.45,94.45,93.36,93.36,93.36,93.36,93.36,92.28,93.36,92.28,92.28"
Rec-027_std_2,22,5,4136,core,320,331,0.0,5.0,0.9869,324,334,332,337,1.0,True,96.1348,100.4165,93.3608,1.753,95.8031,"100.42,99.33,98.25,98.25,98.25,97.70,97.70,97.16,97.16,98.25,97.70,97.16,97.16,97.16,96.62,96.62,96.07,96.07,95.53,95.53,95.53,95.53,95.53,95.53,94.99,94.99,94.99,94.45,94.45,94.45,94.45,94.45,93.36,93.36,93.36,93.36"
Rec-027_std_2,22,6,4137,core,324,331,0.0,4.0,0.9899,328,334,336,337,1.0,True,97.1299,102.0447,94.4463,1.965,97.16,"102.04,100.96,99.87,99.33,98.79,98.79,98.79,98.25,98.25,99.33,98.79,98.25,98.25,98.25,97.70,97.70,97.70,97.16,97.16,97.16,96.62,96.62,96.07,96.07,95.53,95.53,95.53,94.99,94.99,94.99,94.99,94.45,94.45,94.45,94.45,94.45"
Rec-027_std_2,22,7,4138,core,329,331,0.0,5.0,0.987,333,334,341,337,1.0,True,97.9892,102.0447,95.5318,1.9167,97.9741,"102.04,101.50,100.96,100.96,99.87,99.87,99.87,99.87,99.87,99.87,98.79,98.79,98.79,98.79,98.25,98.25,98.79,98.25,97.70,97.16,97.16,97.16,97.16,96.62,97.16,97.16,97.16,95.53,95.53,95.53,95.53,95.53,95.53,95.53,95.53,95.53"
Rec-027_std_2,22,8,4139,core,338,331,0.0,9.0,0.9872,342,334,350,337,1.0,True,99.331,105.3012,94.4463,2.7198,99.331,"105.30,103.67,103.13,103.13,103.13,102.04,102.04,100.96,100.42,102.04,102.04,101.50,100.96,100.42,100.42,99.33,99.33,98.25,99.33,99.33,98.79,98.25,98.25,98.25,97.70,96.62,96.07,97.16,97.16,97.16,96.62,96.07,96.07,95.53,94.99,94.45"
Rec-027_std_2,22,9,4140,core,342,331,0.0,4.0,0.9892,346,334,354,337,1.0,True,97.7027,105.8439,89.5616,3.9201,97.4314,"105.84,105.30,103.67,103.13,101.50,100.96,98.79,97.70,95.53,102.04,102.04,101.50,100.42,99.33,98.25,97.16,95.53,93.36,99.33,99.33,98.25,98.25,97.16,95.53,94.45,93.36,91.19,97.16,97.16,96.07,95.53,94.99,94.45,92.28,91.19,89.56"
Rec-027_std_2,22,10,4141,core,347,331,0.0,5.0,0.986,351,334,359,337,0.7778,False,88.657,103.1302,75.4502,8.4528,90.3757,"103.13,100.96,98.79,97.16,94.99,90.10,82.51,77.62,75.99,99.33,98.25,96.62,94.99,92.28,87.93,80.88,77.62,75.99,96.62,95.53,94.45,92.28,90.10,86.85,80.88,77.08,75.99,94.99,93.36,92.28,90.65,88.48,85.22,79.79,76.54,75.45"
Rec-027_std_2,22,11,4142,core,351,331,0.0,4.0,0.9878,355,334,363,337,0.3333,False,79.8525,98.2455,73.822,6.8243,76.2643,"98.25,92.28,83.59,78.71,77.08,75.99,75.45,74.91,74.36,94.99,90.10,83.05,78.71,76.54,75.45,74.91,74.91,74.36,91.73,87.93,81.42,77.62,75.99,75.45,74.91,74.36,74.36,89.56,86.31,80.88,77.62,75.99,74.91,74.36,73.82,73.82"
Rec-027_std_2,22,12,4143,core,355,330,14.04,4.12,0.9933,359,333,367,336,0.0,False,75.8422,82.5059,73.822,1.8119,75.4502,"82.51,78.71,77.62,76.54,75.99,75.45,74.91,74.91,74.36,79.79,77.62,76.54,75.99,75.45,75.45,74.36,73.82,74.36,77.62,77.08,75.99,75.45,75.45,74.91,74.36,74.36,73.82,77.62,75.99,75.99,75.45,74.91,74.91,74.36,73.82,73.82"
Rec-027_std_2,23,1,4256,core,290,331,0.0,0.0,0.9874,294,334,302,337,1.0,True,95.8031,100.9592,90.6471,2.7601,95.8031,"100.96,99.87,99.87,99.87,99.87,98.79,98.79,98.25,98.25,96.07,96.07,97.16,97.70,97.70,97.70,97.16,96.62,96.07,93.36,94.45,94.45,94.99,94.99,95.53,94.99,94.99,94.45,90.65,91.19,92.28,92.28,93.36,93.36,92.28,92.28,92.28"
Rec-027_std_2,23,2,4257,core,293,331,0.0,3.0,0.9867,297,334,305,337,1.0,True,96.6173,104.2157,92.2753,2.7556,96.0745,"104.22,102.04,100.96,100.42,99.87,98.79,98.25,97.70,97.16,99.33,98.79,98.25,98.25,98.25,97.70,96.62,96.07,95.53,96.07,96.07,96.07,95.53,95.53,95.53,94.99,94.45,94.45,93.36,94.45,94.45,94.45,93.36,93.36,93.36,92.28,92.28"
Rec-027_std_2,23,3,4258,core,298,331,0.0,5.0,0.9851,302,334,310,337,1.0,True,96.0594,103.1302,92.2753,2.5728,95.5318,"103.13,101.50,99.87,99.33,98.25,97.70,97.16,96.07,95.53,99.87,98.79,98.25,97.70,97.16,96.07,95.53,95.53,94.99,96.62,96.07,95.53,95.53,95.53,94.45,94.45,93.36,93.36,94.99,94.45,94.45,93.36,93.36,93.36,92.28,92.28,92.28"
Rec-027_std_2,23,4,4259,core,302,331,0.0,4.0,0.9883,306,334,314,337,1.0,True,95.8333,103.6729,91.1898,2.6541,95.5318,"103.67,101.50,99.87,98.25,98.25,97.16,96.62,96.07,95.53,99.87,98.25,97.70,97.16,96.62,96.07,95.53,94.99,94.45,96.62,96.07,95.53,95.53,95.53,94.45,94.45,93.36,93.36,94.45,94.45,94.45,93.36,93.36,92.28,92.28,91.73,91.19"
Rec-027_std_2,23,5,4260,core,307,331,0.0,5.0,0.9857,311,334,319,337,1.0,True,94.8986,101.502,91.1898,2.2102,94.989,"101.50,98.79,98.25,97.16,96.62,96.07,95.53,94.99,94.99,98.25,97.16,96.62,95.53,95.53,94.99,94.99,94.45,94.45,96.07,95.53,94.99,94.45,94.45,93.36,93.36,93.36,92.28,94.45,93.36,93.36,92.28,92.28,92.28,91.73,91.73,91.19"
Rec-027_std_2,23,6,4261,core,311,331,0.0,4.0,0.9891,315,334,323,337,1.0,True,95.1699,101.502,92.2753,2.0667,94.989,"101.50,99.33,98.25,97.16,97.16,96.07,95.53,95.53,95.53,98.25,97.16,96.62,96.07,95.53,95.53,94.99,94.99,94.99,95.53,94.99,94.99,94.45,94.45,94.45,94.45,93.36,93.36,94.45,93.36,93.36,93.36,92.28,92.28,92.28,92.28,92.28"
Rec-027_std_2,23,7,4262,core,316,331,0.0,5.0,0.9864,320,334,328,337,1.0,True,95.5468,99.8737,93.3608,1.6156,95.5318,"99.87,98.25,98.25,97.16,97.16,96.62,96.62,96.62,96.62,97.70,96.62,96.62,96.07,96.07,96.07,95.53,95.53,95.53,95.53,95.53,95.53,94.99,94.99,94.99,94.45,94.99,94.45,94.45,93.36,93.36,93.36,93.36,93.36,93.36,93.36,93.36"
Rec-027_std_2,23,8,4263,core,320,331,0.0,4.0,0.9893,324,334,332,337,1.0,True,96.6323,102.0447,94.4463,1.8204,96.3459,"102.04,99.87,98.79,98.25,98.25,98.25,98.25,98.25,97.70,98.25,98.25,97.70,97.70,97.70,97.16,97.16,97.16,96.62,96.07,96.07,96.07,95.53,95.53,95.53,95.53,95.53,95.53,94.45,94.45,94.45,94.45,94.45,94.45,94.45,94.45,94.45"
Rec-027_std_2,23,9,4264,core,325,331,0.0,5.0,0.9871,329,334,337,337,1.0,True,97.6575,102.0447,94.989,1.8108,97.9741,"102.04,100.96,100.42,99.33,99.33,99.33,99.33,99.33,99.33,99.33,98.79,98.79,98.25,98.25,98.25,98.25,98.25,98.25,97.70,97.16,97.16,97.16,96.62,96.62,96.07,96.62,96.62,95.53,95.53,95.53,95.53,95.53,95.53,94.99,94.99,94.99"
Rec-027_std_2,23,10,4265,core,329,331,0.0,4.0,0.9893,333,334,341,337,1.0,True,98.939,103.6729,96.0745,2.1199,98.7882,"103.67,102.04,101.50,101.50,101.50,101.50,101.50,101.50,100.96,100.42,99.87,99.87,99.87,99.87,99.33,99.33,99.87,99.33,98.25,98.25,98.25,98.25,98.25,97.70,98.25,98.25,98.25,96.07,96.07,96.07,96.07,96.07,96.07,96.07,96.07,96.07"
Rec-027_std_2,23,11,4266,core,334,331,0.0,5.0,0.988,338,334,346,337,1.0,True,99.738,104.2157,96.0745,2.3146,99.331,"104.22,103.13,103.13,103.13,103.13,102.04,102.04,102.04,101.50,101.50,101.50,101.50,100.96,100.96,100.96,100.42,100.42,99.87,98.79,98.79,98.79,98.79,98.79,98.25,98.25,98.25,98.25,97.16,97.16,97.16,97.16,97.16,96.62,96.62,96.07,96.07"
Rec-027_std_2,23,12,4267,core,338,331,0.0,4.0,0.9891,342,334,350,337,1.0,True,99.8888,106.3867,94.4463,2.8245,99.6023,"106.39,105.30,104.22,103.67,103.13,102.04,102.04,101.50,100.42,103.13,102.04,102.04,102.04,101.50,100.96,99.87,99.33,98.25,99.87,99.87,99.33,99.33,98.79,98.25,98.25,97.16,96.62,98.25,98.25,97.70,97.16,97.16,96.62,95.53,95.53,94.45"
Rec-027_std_2,23,13,4268,core,343,331,0.0,5.0,0.9879,347,334,355,337,1.0,True,96.8736,105.8439,87.9333,4.2109,97.16,"105.84,104.22,103.13,102.04,100.96,99.33,97.70,95.53,93.36,102.04,101.50,100.96,99.33,98.25,97.16,95.53,94.45,91.73,99.87,99.33,98.25,97.70,96.07,94.99,93.36,91.73,89.56,97.70,97.16,96.07,95.53,94.45,93.36,91.19,90.10,87.93"
Rec-027_std_2,23,14,4269,core,347,331,0.0,4.0,0.9878,351,334,359,337,0.7778,False,89.0641,103.6729,75.4502,8.6645,90.9184,"103.67,102.04,99.33,97.16,95.53,90.65,82.51,78.16,75.99,100.42,98.25,97.16,95.53,93.36,89.02,81.42,77.62,75.99,97.70,96.07,94.99,92.28,90.65,86.85,80.88,77.08,75.99,95.53,94.45,92.28,91.19,89.02,85.22,79.79,77.08,75.45"
Rec-027_std_2,23,15,4270,core,352,331,0.0,5.0,0.9861,356,334,364,337,0.2222,False,77.8775,93.3608,73.822,4.9686,75.7216,"93.36,84.13,79.79,77.08,75.99,75.45,75.45,74.91,74.36,90.65,83.05,78.71,76.54,75.99,75.45,74.91,74.36,73.82,88.48,81.42,77.62,76.54,75.45,74.91,74.36,74.36,73.82,86.31,80.88,77.62,75.99,75.45,74.36,74.36,73.82,73.82"
Rec-027_std_2,23,16,4271,core,355,331,0.0,3.0,0.9866,359,334,367,337,0.0,False,75.42,79.7922,73.822,1.3595,74.9074,"79.79,77.62,76.54,75.99,75.99,74.91,74.91,74.36,74.36,78.16,77.08,75.99,75.99,75.45,74.91,74.36,74.36,73.82,77.62,75.99,75.99,75.45,74.91,74.36,74.36,74.36,73.82,76.54,75.99,75.45,74.91,74.36,74.36,74.36,73.82,73.82"
Rec-027_std_2,24,1,4384,core,290,331,0.0,0.0,0.9872,294,334,302,337,1.0,True,95.7127,100.9592,90.6471,2.6681,95.2604,"100.96,99.87,99.33,99.33,99.33,98.79,98.79,98.25,98.25,95.53,96.07,97.16,97.16,97.16,97.16,97.16,97.16,96.62,92.28,93.36,94.45,94.99,94.99,94.99,94.99,94.99,94.45,90.65,91.19,92.28,92.28,93.36,93.36,93.36,93.36,92.28"
Rec-027_std_2,24,2,4385,core,294,331,0.0,4.0,0.9874,298,334,306,337,1.0,True,96.7228,104.2157,92.2753,2.6583,96.0745,"104.22,102.04,100.96,100.42,99.33,98.79,98.25,97.70,97.16,99.33,98.79,98.25,98.25,98.25,97.70,96.62,96.62,96.07,96.07,96.07,96.07,96.07,95.53,95.53,95.53,94.45,94.45,94.45,94.45,94.45,94.45,94.45,93.36,93.36,92.28,92.28"
Rec-027_std_2,24,3,4386,core,299,331,0.0,5.0,0.9859,303,334,311,337,1.0,True,96.0896,103.1302,92.2753,2.5182,95.5318,"103.13,101.50,99.87,98.79,98.25,97.70,97.16,96.62,95.53,99.33,98.79,98.25,97.70,97.16,96.07,95.53,95.53,94.99,97.16,96.07,96.07,95.53,94.99,94.99,94.45,94.45,93.36,94.45,94.45,94.45,93.36,93.36,93.36,92.28,92.28,92.28"
Rec-027_std_2,24,4,4387,core,303,331,0.0,4.0,0.9889,307,334,315,337,1.0,True,95.8182,103.1302,91.7325,2.439,95.5318,"103.13,100.96,99.33,98.25,98.25,97.16,96.62,95.53,95.53,99.33,98.25,97.70,97.16,96.62,95.53,95.53,94.99,94.99,96.62,96.07,95.53,95.53,94.99,94.45,94.45,93.36,93.36,94.99,94.45,94.45,93.36,93.36,93.36,92.28,91.73,92.28"
Rec-027_std_2,24,5,4388,core,308,331,0.0,5.0,0.9861,312,334,320,337,1.0,True,95.2152,100.9592,92.2753,2.0202,95.2604,"100.96,98.79,98.25,97.70,96.62,96.62,96.07,95.53,95.53,98.25,97.16,96.62,96.62,95.53,95.53,95.53,94.99,94.45,95.53,95.53,94.99,94.99,94.45,94.45,94.45,93.36,93.36,94.45,93.36,93.36,93.36,92.28,92.28,92.28,92.28,92.28"
Rec-027_std_2,24,6,4389,core,312,331,0.0,4.0,0.9898,316,334,324,337,1.0,True,95.773,101.502,93.3608,1.925,95.5318,"101.50,99.87,98.25,98.25,97.70,97.16,96.62,96.62,96.07,98.25,97.70,97.16,96.62,96.07,96.07,95.53,95.53,95.53,95.53,95.53,95.53,94.99,94.99,94.99,94.45,94.45,94.45,94.45,94.45,93.36,93.36,93.36,93.36,93.36,93.36,93.36"
Rec-027_std_2,24,7,4390,core,317,331,0.0,5.0,0.9871,321,334,329,337,1.0,True,96.3007,100.9592,94.4463,1.6501,96.0745,"100.96,99.33,98.79,98.25,98.25,97.70,97.70,97.16,97.16,98.25,97.70,97.70,97.16,96.62,96.62,96.62,96.07,96.07,96.07,95.53,95.53,95.53,95.53,95.53,94.99,94.99,94.99,94.45,94.45,94.45,94.45,94.45,94.45,94.45,94.45,94.45"
Rec-027_std_2,24,8,4391,core,321,331,0.0,4.0,0.99,325,334,333,337,1.0,True,97.2052,103.1302,94.4463,1.9668,97.16,"103.13,100.96,99.87,99.33,99.33,98.79,98.79,98.25,98.25,99.33,98.25,98.25,98.25,98.25,97.70,97.70,97.16,97.16,97.16,96.62,96.62,96.07,96.07,96.07,96.07,95.53,95.53,95.53,95.53,95.53,94.99,94.99,94.99,94.45,94.45,94.45"
Rec-027_std_2,24,9,4392,core,326,331,0.0,5.0,0.9879,330,334,338,337,1.0,True,97.7932,102.0447,95.5318,1.8114,97.9741,"102.04,101.50,100.42,99.87,99.87,99.87,99.33,99.33,99.33,99.33,98.79,98.79,98.25,98.25,98.25,98.25,98.25,98.25,97.70,97.70,97.16,97.16,96.62,96.62,96.62,96.62,96.62,95.53,95.53,95.53,95.53,95.53,95.53,95.53,95.53,95.53"
Rec-027_std_2,24,10,4393,core,330,331,0.0,4.0,0.99,334,334,342,337,1.0,True,98.9239,103.6729,96.0745,2.0721,98.7882,"103.67,103.13,102.04,101.50,101.50,100.96,100.96,100.96,100.42,100.42,99.87,99.87,99.87,99.33,99.33,99.33,99.33,99.33,98.25,98.25,98.25,98.25,98.25,98.25,98.25,97.70,97.70,96.62,96.07,96.62,96.62,96.07,96.07,96.07,96.07,96.07"
Rec-027_std_2,24,11,4394,core,339,331,0.0,9.0,0.9896,343,334,351,337,1.0,True,99.5571,106.3867,93.3608,2.9572,99.331,"106.39,105.30,103.67,103.13,103.13,102.04,101.50,100.96,99.33,103.13,102.04,102.04,101.50,100.96,100.42,99.33,98.25,97.16,100.42,99.87,99.87,99.33,98.25,98.25,97.70,96.62,95.53,98.25,98.25,97.70,97.16,96.62,96.07,95.53,94.99,93.36"
Rec-027_std_2,24,12,4395,core,344,331,0.0,5.0,0.9876,348,334,356,337,1.0,True,95.5921,105.3012,84.6769,4.9773,95.8031,"105.30,103.67,102.04,101.50,99.87,98.25,96.07,94.45,89.56,102.04,101.50,99.87,98.79,97.16,95.53,94.45,91.73,87.93,99.33,98.25,98.25,96.62,95.53,94.45,91.73,89.56,85.76,97.16,96.62,95.53,94.99,93.36,91.73,90.10,87.93,84.68"
Rec-027_std_2,24,13,4396,core,353,331,0.0,9.0,0.9859,357,334,365,337,0.1111,False,76.2794,85.2196,73.822,2.7659,75.1788,"85.22,79.79,77.62,75.99,75.45,74.91,74.91,74.36,73.82,83.05,78.71,77.08,75.99,75.45,74.91,74.91,74.36,73.82,81.96,78.16,76.54,75.99,74.91,74.91,74.36,73.82,73.82,80.88,77.62,75.99,75.45,74.91,74.36,74.36,73.82,73.82"
Rec-027_std_2,24,14,4397,core,355,330,26.57,2.24,0.9862,359,333,367,336,0.0,False,75.9326,84.1341,73.822,2.0698,75.4502,"84.13,79.79,77.62,76.54,75.99,75.45,74.91,74.91,74.36,79.79,77.62,76.54,75.99,75.99,75.45,74.36,73.82,73.82,78.16,76.54,75.99,75.99,75.45,74.91,74.36,74.36,73.82,77.62,76.54,75.99,75.45,74.91,74.36,74.36,73.82,73.82"
Rec-027_std_2,25,1,4506,core,292,331,0.0,2.0,0.9847,296,334,304,337,1.0,True,97.0243,103.1302,93.3608,2.5661,96.3459,"103.13,102.04,101.50,100.42,100.42,99.87,99.33,98.25,98.25,98.79,98.79,98.25,98.25,98.25,98.25,97.70,97.16,96.62,95.53,96.07,96.07,96.07,96.07,96.07,95.53,95.53,94.99,93.36,93.36,94.45,94.45,94.45,94.45,94.45,93.36,93.36"
Rec-027_std_2,25,2,4507,core,301,331,0.0,9.0,0.9858,305,334,313,337,1.0,True,96.6173,103.6729,92.2753,2.5745,96.3459,"103.67,102.04,100.42,99.33,98.79,98.25,97.70,96.62,96.07,100.42,99.33,98.79,98.25,97.16,96.62,96.62,95.53,95.53,97.70,97.16,96.62,96.07,95.53,95.53,94.99,94.45,93.36,95.53,94.99,94.99,94.45,94.45,93.36,93.36,92.28,92.28"
Rec-027_std_2,25,3,4508,core,305,331,0.0,4.0,0.9885,309,334,317,337,1.0,True,96.18,103.6729,92.2753,2.4964,95.8031,"103.67,101.50,99.87,98.79,98.25,97.70,97.16,96.07,96.07,99.87,98.79,98.25,97.16,96.62,96.07,95.53,95.53,94.99,97.16,96.62,96.07,95.53,94.99,94.45,94.45,94.45,93.36,95.53,94.45,94.45,94.45,93.36,93.36,93.36,92.28,92.28"
Rec-027_std_2,25,4,4509,core,310,331,0.0,5.0,0.9869,314,334,322,337,1.0,True,95.773,102.0447,92.2753,2.1115,95.5318,"102.04,99.87,98.79,98.25,97.70,97.16,97.16,96.62,96.07,98.25,98.25,97.16,96.62,96.07,96.07,95.53,95.53,95.53,96.07,95.53,95.53,94.99,94.99,94.45,94.45,94.45,94.45,94.45,94.45,93.36,93.36,93.36,93.36,93.36,92.28,92.28"
Rec-027_std_2,25,5,4510,core,314,331,0.0,4.0,0.9891,318,334,326,337,1.0,True,96.4062,102.0447,93.3608,1.9788,96.0745,"102.04,100.96,99.33,98.25,98.25,98.25,97.70,97.16,97.16,98.79,98.25,97.70,97.16,97.16,96.62,96.62,96.07,95.53,96.07,96.07,96.07,95.53,95.53,95.53,94.99,94.99,94.99,94.45,94.45,94.45,94.45,94.45,94.45,94.45,93.36,93.36"
Rec-027_std_2,25,6,4511,core,319,331,0.0,5.0,0.988,323,334,331,337,1.0,True,96.8736,102.0447,94.4463,1.8471,96.8886,"102.04,100.42,99.87,98.79,98.25,98.25,98.25,98.25,98.25,98.79,98.25,98.25,97.70,97.70,97.16,97.16,97.16,97.16,96.62,96.62,96.07,95.53,96.07,95.53,95.53,95.53,95.53,95.53,94.99,94.99,94.99,94.45,94.45,94.45,94.45,94.45"
Rec-027_std_2,25,7,4512,core,323,331,0.0,4.0,0.9893,327,334,335,337,1.0,True,97.944,103.1302,95.5318,1.9878,97.7027,"103.13,102.04,100.96,100.42,100.42,99.33,99.87,99.33,99.33,99.87,99.33,98.79,98.79,98.25,98.25,98.25,98.25,98.25,97.16,97.16,97.16,97.16,97.16,97.16,97.16,96.62,96.62,95.53,95.53,95.53,95.53,95.53,95.53,95.53,95.53,95.53"
Rec-027_std_2,25,8,4513,core,328,331,0.0,5.0,0.9883,332,334,340,337,1.0,True,99.0596,103.1302,96.0745,2.0647,99.0596,"103.13,102.04,102.04,101.50,101.50,101.50,101.50,101.50,100.96,100.42,100.42,99.87,99.87,99.87,99.87,99.87,99.87,99.87,98.25,98.25,98.25,98.25,98.25,98.25,98.25,98.25,98.25,96.07,96.62,96.07,96.07,96.07,96.62,96.07,96.07,96.62"
Rec-027_std_2,25,9,4514,core,332,331,0.0,4.0,0.989,336,334,344,337,1.0,True,100.1602,105.3012,96.6172,2.2359,99.8737,"105.30,104.22,103.13,103.13,103.13,102.04,102.04,102.04,102.04,102.04,101.50,101.50,101.50,101.50,100.96,100.96,100.96,100.42,99.33,99.33,99.33,98.79,99.33,98.79,98.79,98.79,98.25,97.70,97.70,97.70,97.70,97.70,97.16,97.16,97.16,96.62"
Rec-027_std_2,25,10,4515,core,337,331,0.0,5.0,0.9885,341,334,349,337,1.0,True,100.5371,105.8439,95.5318,2.5875,100.4165,"105.84,105.30,104.22,104.22,103.67,103.13,103.13,102.04,102.04,103.13,102.04,102.04,102.04,102.04,101.50,101.50,100.42,99.87,100.42,100.42,100.42,99.87,99.33,99.33,98.79,98.25,97.70,98.25,98.25,98.25,98.25,97.70,97.70,96.62,96.07,95.53"
Rec-027_std_2,25,11,4516,core,341,331,0.0,4.0,0.9884,345,334,353,337,1.0,True,99.542,107.4722,91.7325,3.637,99.0596,"107.47,106.39,105.30,104.22,103.67,103.13,101.50,99.87,98.25,103.67,103.13,102.04,102.04,101.50,100.42,98.79,97.70,96.07,100.96,100.42,100.42,99.33,98.25,98.25,96.62,95.53,94.45,98.25,98.25,98.25,97.16,96.62,95.53,94.99,93.36,91.73"
Rec-027_std_2,25,12,4517,core,346,331,0.0,5.0,0.9878,350,334,358,337,0.8889,False,91.8381,105.3012,76.5357,8.1751,93.9035,"105.30,103.13,102.04,99.87,98.25,95.53,91.19,82.51,77.62,102.04,100.42,98.79,97.70,95.53,93.36,89.02,80.88,77.62,98.79,97.70,96.07,94.99,92.28,91.19,86.85,80.33,76.54,96.62,95.53,94.45,92.28,91.19,89.02,85.22,79.79,76.54"
Rec-027_std_2,25,13,4518,core,350,331,0.0,4.0,0.9867,354,334,362,337,0.4444,False,82.4154,102.0447,73.822,8.5275,77.8925,"102.04,98.25,93.36,84.13,78.71,76.54,75.99,74.91,74.36,97.70,95.53,90.65,82.51,78.16,76.54,75.99,74.91,74.36,94.45,92.28,88.48,81.42,77.62,75.99,75.45,74.36,74.36,92.28,90.65,86.85,80.88,77.62,75.99,74.91,74.91,73.82"
Rec-027_std_2,25,14,4519,core,355,331,0.0,5.0,0.985,359,334,367,337,0.0,False,75.1637,78.7067,73.822,1.2566,74.9074,"78.71,77.62,75.99,75.99,75.45,74.91,74.36,73.82,73.82,77.62,76.54,75.99,75.45,75.45,74.91,74.36,74.36,73.82,77.08,75.99,75.45,74.91,74.36,74.36,73.82,73.82,73.82,76.54,75.99,75.45,74.91,74.36,74.36,73.82,73.82,73.82"
Rec-027_std_2,26,1,4626,core,290,331,0.0,0.0,0.9894,294,334,302,337,1.0,True,96.3459,100.4165,90.6471,2.8187,95.8031,"100.42,99.87,99.87,99.87,100.42,99.87,99.87,99.87,99.33,95.53,96.07,97.16,97.70,98.25,98.25,98.25,98.25,98.25,92.28,94.45,94.45,95.53,95.53,95.53,96.07,95.53,95.53,90.65,91.19,92.28,92.28,93.36,93.36,94.45,94.45,94.45"
Rec-027_std_2,26,2,4627,core,295,331,0.0,5.0,0.9863,299,334,307,337,1.0,True,97.9741,105.3012,94.4463,2.6013,97.7027,"105.30,103.13,102.04,101.50,100.42,99.87,99.33,98.79,98.25,100.96,100.42,99.87,99.33,98.79,98.25,98.25,98.25,97.70,97.70,97.70,97.70,97.70,97.16,96.62,96.07,95.53,95.53,95.53,95.53,95.53,95.53,94.99,94.45,94.45,94.45,94.45"
Rec-027_std_2,26,3,4628,core,299,331,0.0,4.0,0.9869,303,334,311,337,1.0,True,97.8686,106.3867,93.3608,2.8284,97.7027,"106.39,103.67,102.04,100.96,100.42,99.33,98.25,98.25,97.70,102.04,100.96,100.42,99.33,98.79,98.25,97.70,97.16,96.62,98.25,98.25,97.70,97.16,97.16,96.07,95.53,95.53,94.99,96.07,95.53,95.53,95.53,94.99,94.45,94.45,94.45,93.36"
Rec-027_std_2,26,4,4629,core,326,331,0.0,27.0,0.9881,330,334,338,337,1.0,True,98.5018,103.6729,95.5318,2.0206,98.5169,"103.67,102.04,101.50,100.96,100.42,100.42,100.42,99.87,99.87,100.42,99.87,99.87,99.33,98.79,98.79,98.79,98.79,98.79,98.25,98.25,98.25,98.25,97.70,97.70,97.16,97.70,97.70,96.07,96.07,96.07,96.07,96.07,95.53,95.53,95.53,95.53"
Rec-027_std_2,26,5,4630,core,331,331,0.0,5.0,0.9895,335,334,343,337,1.0,True,99.5571,104.2157,96.6172,2.0282,99.331,"104.22,103.13,102.04,102.04,102.04,102.04,101.50,101.50,100.96,101.50,100.96,100.96,100.42,100.42,100.42,100.42,99.87,99.87,98.79,98.79,98.79,98.79,98.25,98.25,98.25,98.25,98.25,97.16,97.16,97.16,97.16,97.16,97.16,97.16,96.62,96.62"
Rec-027_std_2,26,6,4631,core,335,331,0.0,4.0,0.9877,339,334,347,337,1.0,True,100.1903,105.8439,96.0745,2.2826,99.8737,"105.84,104.22,103.67,103.13,103.13,102.04,102.04,102.04,101.50,102.04,102.04,102.04,101.50,100.96,100.96,100.42,100.42,99.87,99.87,99.87,99.33,99.33,99.33,98.79,98.25,98.25,98.25,98.25,98.25,98.25,97.70,97.70,97.70,97.16,96.62,96.07"
Rec-027_std_2,26,7,4632,core,340,331,0.0,5.0,0.9893,344,334,352,337,1.0,True,99.4817,105.8439,93.3608,2.9634,99.331,"105.84,105.30,103.67,103.13,103.13,102.04,101.50,100.42,98.79,103.13,102.04,102.04,101.50,100.96,99.87,99.33,98.25,97.16,100.42,99.87,99.87,99.33,98.79,98.25,97.16,96.07,94.99,98.25,98.25,98.25,97.16,97.16,96.07,95.53,94.45,93.36"
Rec-027_std_2,26,8,4633,core,344,331,0.0,4.0,0.9867,348,334,356,337,1.0,True,96.3459,106.3867,85.2196,5.0986,96.8886,"106.39,105.30,103.13,102.04,100.42,98.79,97.16,94.99,90.10,103.13,102.04,100.96,99.87,98.25,96.62,94.99,92.28,88.48,99.87,99.33,98.79,97.70,96.07,94.45,92.28,90.65,86.31,97.70,97.16,96.07,95.53,94.45,92.28,90.65,89.02,85.22"
Rec-027_std_2,26,9,4634,core,349,331,0.0,5.0,0.9881,353,334,361,337,0.5556,False,84.4809,102.0447,74.3647,8.9915,81.4204,"102.04,99.33,96.62,91.73,83.05,78.71,75.99,75.45,74.91,98.25,96.62,94.45,89.56,81.96,78.16,75.99,75.45,74.91,95.53,94.45,91.73,87.93,80.88,77.62,75.99,74.91,74.36,94.45,91.73,90.10,86.31,80.33,77.08,75.99,74.36,74.36"
Rec-027_std_2,26,10,4635,core,353,331,0.0,4.0,0.9851,357,334,365,337,0.1111,False,76.4301,85.7624,73.822,2.9139,75.4502,"85.76,80.33,77.62,75.99,75.99,74.91,74.91,74.36,74.36,83.59,79.79,77.62,75.99,75.45,74.91,74.36,74.36,73.82,82.51,78.16,76.54,75.99,75.45,74.91,74.36,74.36,73.82,80.88,77.62,75.99,75.45,74.91,74.36,74.36,73.82,73.82"
Rec-027_std_2,27,1,4742,core,290,331,0.0,0.0,0.9873,294,334,302,337,1.0,True,97.2505,101.502,91.1898,2.6819,96.8886,"101.50,100.42,100.96,100.96,100.96,100.96,100.42,100.42,99.87,97.16,97.70,98.25,98.79,98.79,98.79,98.79,98.79,98.25,94.45,94.99,95.53,96.07,96.62,96.62,96.62,96.62,96.62,91.19,92.28,93.36,94.45,94.45,94.99,94.99,94.99,94.45"
Rec-027_std_2,27,2,4743,core,293,331,0.0,3.0,0.9861,297,334,305,337,1.0,True,98.4867,105.8439,94.989,2.751,97.9741,"105.84,104.22,103.13,102.04,101.50,100.96,100.42,99.33,99.33,100.96,100.42,100.42,100.42,99.33,99.33,98.79,98.25,98.25,97.70,97.70,97.70,97.70,97.70,97.16,97.16,96.62,96.07,94.99,94.99,95.53,95.53,95.53,95.53,94.99,94.99,94.99"
Rec-027_std_2,27,3,4744,core,298,331,0.0,5.0,0.9864,302,334,310,337,1.0,True,98.2304,105.8439,94.4463,2.6388,98.2455,"105.84,103.13,102.04,101.50,100.42,99.87,99.33,98.79,98.25,102.04,100.96,100.42,99.87,99.33,98.25,98.25,97.70,97.70,98.79,98.25,98.25,98.25,97.16,96.62,96.07,96.07,95.53,96.62,96.07,95.53,95.53,95.53,94.99,94.45,94.45,94.45"
Rec-027_std_2,27,4,4745,core,302,331,0.0,4.0,0.9876,306,334,314,337,1.0,True,97.944,106.3867,93.3608,2.8128,97.7027,"106.39,103.67,102.04,100.96,99.87,99.33,98.25,98.25,97.16,102.04,101.50,99.87,99.33,98.79,98.25,97.70,97.16,96.07,99.33,98.25,98.25,97.70,97.16,96.62,96.07,95.53,94.99,96.62,96.07,95.53,95.53,95.53,94.99,94.45,93.36,93.36"
Rec-027_std_2,27,5,4746,core,311,331,0.0,9.0,0.9885,315,334,323,337,1.0,True,96.3007,103.6729,92.2753,2.4014,95.8031,"103.67,101.50,99.87,98.25,98.25,97.16,96.62,96.07,96.07,99.87,98.79,98.25,97.70,96.62,96.07,95.53,95.53,95.53,97.70,97.16,96.07,95.53,95.53,94.99,94.45,94.45,94.45,95.53,94.99,94.45,94.45,94.45,93.36,93.36,92.28,92.28"
Rec-027_std_2,27,6,4747,core,320,331,0.0,9.0,0.9886,324,334,332,337,1.0,True,97.3861,103.1302,94.989,1.8861,97.16,"103.13,100.96,99.87,99.33,98.79,98.79,98.79,98.79,98.25,99.33,98.25,98.25,98.25,98.25,98.25,97.70,98.25,98.25,96.62,96.62,96.62,96.62,96.62,96.62,96.07,96.07,96.62,95.53,95.53,94.99,94.99,94.99,94.99,94.99,94.99,94.99"
Rec-027_std_2,27,7,4748,core,334,331,0.0,14.0,0.9888,338,334,346,337,1.0,True,100.7783,105.3012,97.16,2.1521,100.6878,"105.30,104.22,103.67,103.13,103.13,103.13,103.13,103.13,102.04,103.13,102.04,102.04,102.04,102.04,102.04,101.50,101.50,100.96,100.42,100.42,99.87,99.87,99.87,99.87,99.33,99.33,98.79,98.25,98.25,98.25,98.25,98.25,98.25,97.70,97.70,97.16"
Rec-027_std_2,27,8,4749,core,343,331,0.0,9.0,0.9887,347,334,355,337,1.0,True,98.3661,107.4722,89.0188,4.5176,98.2455,"107.47,105.84,105.30,103.67,103.13,100.96,98.79,97.16,94.45,103.67,103.13,103.13,102.04,100.42,98.25,97.16,94.99,92.28,101.50,100.96,99.87,99.33,98.25,96.62,94.99,92.28,90.65,98.79,98.25,98.25,97.16,95.53,94.45,92.28,91.19,89.02"
Rec-027_std_2,27,9,4750,core,352,331,0.0,9.0,0.987,356,334,364,337,0.2222,False,78.0282,94.4463,73.822,5.2674,75.9929,"94.45,84.68,79.79,77.08,75.99,74.91,74.91,74.36,74.36,91.19,83.05,78.71,76.54,75.99,74.91,74.91,74.36,74.36,89.56,82.51,78.16,76.54,75.99,74.91,74.36,74.36,73.82,87.39,80.88,77.62,75.99,75.45,74.91,74.36,73.82,73.82"
Rec-027_std_2,27,10,4751,core,355,331,0.0,3.0,0.9861,359,334,367,337,0.0,False,75.2693,79.7922,73.822,1.3599,74.9074,"79.79,77.62,76.54,75.99,75.45,74.91,74.36,74.36,73.82,77.62,76.54,75.99,75.45,74.91,74.91,74.36,74.36,73.82,77.62,75.99,75.99,74.91,74.91,74.36,73.82,73.82,73.82,76.54,75.99,75.45,74.91,74.36,74.36,74.36,73.82,73.82"
Rec-027_std_2,28,1,4855,core,291,331,0.0,1.0,0.9864,295,334,303,337,1.0,True,97.4314,103.1302,92.2753,2.364,97.4314,"103.13,101.50,100.96,100.96,100.42,99.87,99.33,98.79,98.25,98.25,98.79,98.79,98.79,98.79,98.79,98.25,98.25,97.70,95.53,96.07,96.62,96.62,96.62,97.16,96.62,96.07,96.07,92.28,94.45,94.45,94.99,94.99,94.99,94.99,94.99,94.45"
Rec-027_std_2,28,2,4856,core,295,331,0.0,4.0,0.9868,299,334,307,337,1.0,True,98.2756,105.8439,94.989,2.5647,98.2455,"105.84,103.67,102.04,101.50,100.42,99.87,98.79,98.25,98.25,102.04,100.96,99.87,99.87,98.79,98.79,98.25,98.25,97.70,98.25,98.25,98.25,98.25,97.70,97.16,96.62,96.07,95.53,95.53,95.53,95.53,95.53,95.53,95.53,95.53,94.99,94.99"
Rec-027_std_2,28,3,4857,core,300,331,0.0,5.0,0.9876,304,334,312,337,1.0,True,97.6123,104.2157,94.4463,2.2542,97.16,"104.22,102.04,100.96,99.87,98.79,98.25,98.25,97.70,96.62,101.50,100.42,99.87,98.79,98.25,98.25,97.16,97.16,96.62,98.25,98.25,97.70,97.16,97.16,96.62,95.53,95.53,95.53,96.62,96.07,95.53,95.53,95.53,94.99,94.45,94.45,94.45"
Rec-027_std_2,28,4,4858,core,304,331,0.0,4.0,0.9876,308,334,316,337,1.0,True,97.3711,105.3012,93.3608,2.3805,97.16,"105.30,102.04,100.42,99.33,98.79,98.25,97.70,97.16,96.07,101.50,99.87,98.79,98.79,98.25,97.70,97.16,96.62,96.07,98.25,98.25,97.70,97.16,96.62,96.07,95.53,95.53,94.99,96.07,96.07,95.53,95.53,94.99,94.99,94.45,94.45,93.36"
Rec-027_std_2,28,5,4859,core,309,331,0.0,5.0,0.9886,313,334,321,337,1.0,True,96.7831,102.0447,93.3608,1.8837,96.6172,"102.04,100.96,99.33,98.25,98.25,97.70,97.70,97.16,96.62,99.87,98.79,98.25,97.70,97.16,97.16,97.16,96.07,95.53,97.70,97.16,96.62,96.62,96.07,95.53,95.53,95.53,94.99,95.53,95.53,95.53,94.99,94.45,94.45,94.45,94.45,93.36"
Rec-027_std_2,28,6,4860,core,313,331,0.0,4.0,0.9885,317,334,325,337,1.0,True,97.1299,103.1302,94.4463,1.9898,96.8886,"103.13,101.50,99.87,98.79,98.25,98.25,98.25,97.70,97.70,99.87,99.33,98.25,98.25,97.70,97.70,97.16,96.62,96.62,97.70,97.70,96.62,96.62,96.07,96.07,95.53,95.53,95.53,95.53,95.53,95.53,94.99,94.99,94.45,94.45,94.45,94.45"
Rec-027_std_2,28,7,4861,core,318,331,0.0,5.0,0.9891,322,334,330,337,1.0,True,97.6726,103.1302,94.989,1.8668,97.7027,"103.13,101.50,100.42,99.87,99.33,98.79,98.79,98.79,98.25,99.87,98.79,98.79,98.25,98.25,98.25,98.25,98.25,97.70,97.70,97.16,97.16,97.16,96.62,96.62,96.62,96.62,96.62,95.53,95.53,95.53,95.53,95.53,94.99,95.53,95.53,94.99"
Rec-027_std_2,28,8,4862,core,322,331,0.0,4.0,0.9881,326,334,334,337,1.0,True,98.743,104.2157,96.0745,2.0918,98.5169,"104.22,103.13,101.50,100.96,100.42,100.96,100.42,100.42,100.42,100.96,99.87,99.87,99.33,99.33,98.79,99.33,99.33,99.33,98.25,98.25,98.25,98.25,97.70,97.70,97.70,97.70,97.70,96.07,96.07,96.07,96.07,96.07,96.07,96.07,96.07,96.07"
Rec-027_std_2,28,9,4863,core,327,331,0.0,5.0,0.9893,331,334,339,337,1.0,True,99.9189,104.2157,97.16,2.0242,99.8737,"104.22,103.13,103.13,102.04,102.04,102.04,102.04,102.04,102.04,101.50,100.96,100.96,100.96,100.96,100.96,100.96,100.42,100.96,98.79,98.79,99.33,98.79,98.79,98.79,98.79,98.79,98.79,97.16,97.70,97.70,97.16,97.16,97.16,97.16,97.16,97.70"
Rec-027_std_2,28,10,4864,core,331,331,0.0,4.0,0.9874,335,334,343,337,1.0,True,101.1552,106.9294,98.2455,2.2818,101.2306,"106.93,105.30,104.22,103.67,103.67,103.67,103.13,103.13,103.13,103.13,102.04,102.04,102.04,102.04,102.04,102.04,102.04,102.04,99.87,100.42,100.42,100.42,99.87,100.42,99.87,99.87,99.87,98.25,98.25,98.25,98.25,98.25,98.25,98.25,98.25,98.25"
Rec-027_std_2,28,11,4865,core,336,331,0.0,5.0,0.9894,340,334,348,337,1.0,True,101.9241,107.4722,97.7027,2.6158,102.0447,"107.47,106.39,105.84,105.30,105.30,105.30,104.22,104.22,103.67,104.22,103.67,103.13,103.13,103.13,103.13,102.04,102.04,102.04,102.04,101.50,101.50,101.50,100.96,100.42,100.42,99.87,99.33,99.33,99.33,98.79,98.79,98.79,98.25,98.25,98.25,97.70"
Rec-027_std_2,28,12,4866,core,340,331,0.0,4.0,0.9866,344,334,352,337,1.0,True,101.6678,109.6431,94.4463,3.5077,101.502,"109.64,108.01,106.93,106.39,105.84,105.30,103.67,103.13,101.50,105.30,105.30,104.22,103.67,103.13,103.13,101.50,100.42,98.79,102.04,102.04,102.04,101.50,100.96,99.87,98.79,98.25,96.62,99.87,99.87,99.87,98.79,98.25,98.25,97.16,95.53,94.45"
Rec-027_std_2,28,13,4867,core,349,331,0.0,9.0,0.9852,353,334,361,337,0.5556,False,85.2498,105.3012,74.3647,9.7593,81.9631,"105.30,101.50,98.25,93.36,83.59,78.71,76.54,75.45,74.91,100.42,98.25,95.53,90.65,82.51,78.16,75.99,74.91,74.36,97.70,95.53,93.36,89.02,81.42,77.62,75.99,75.45,74.36,94.99,93.36,91.19,86.85,80.88,77.62,75.99,74.91,74.36"
Rec-027_std_2,28,14,4868,core,354,331,0.0,5.0,0.9866,358,334,366,337,0.0,False,75.5708,81.4204,73.822,1.8321,74.9074,"81.42,78.16,76.54,75.99,75.45,74.91,74.36,74.36,73.82,79.79,77.62,75.99,75.45,74.91,74.91,74.36,73.82,73.82,78.71,77.08,75.99,75.45,74.91,74.36,74.36,73.82,73.82,78.16,76.54,75.99,75.45,74.36,74.36,73.82,73.82,73.82"
Rec-027_std_2,29,1,4969,core,290,331,0.0,0.0,0.9892,294,334,302,337,1.0,True,96.7379,100.9592,91.1898,2.5748,96.0745,"100.96,99.87,99.87,100.42,100.42,99.87,99.87,99.87,99.33,96.07,96.62,98.25,98.25,98.25,98.25,98.25,98.25,98.25,93.36,94.45,95.53,95.53,96.07,96.07,96.07,96.07,96.07,91.19,92.28,93.36,93.36,94.45,94.45,94.45,94.45,94.45"
Rec-027_std_2,29,2,4970,core,294,331,0.0,4.0,0.9853,298,334,306,337,1.0,True,98.4264,106.3867,94.4463,2.6804,98.2455,"106.39,103.67,102.04,102.04,101.50,100.42,99.87,98.79,98.25,101.50,100.96,100.42,99.87,99.33,98.79,98.25,98.25,98.25,98.25,98.25,98.25,97.70,97.70,97.16,97.16,96.62,96.07,95.53,95.53,95.53,95.53,95.53,95.53,94.99,94.99,94.45"
Rec-027_std_2,29,3,4971,core,303,331,0.0,9.0,0.9869,307,334,315,337,1.0,True,97.7329,105.3012,94.4463,2.3999,97.4314,"105.30,103.13,101.50,99.87,99.33,98.79,98.25,97.70,97.16,101.50,99.87,99.33,98.79,98.25,98.25,97.16,97.16,96.62,98.25,98.25,97.70,97.70,97.16,96.62,95.53,95.53,95.53,96.62,96.07,96.07,95.53,95.53,94.99,94.45,94.45,94.45"
Rec-027_std_2,29,4,4972,core,308,331,0.0,5.0,0.9874,312,334,320,337,1.0,True,97.0846,103.1302,94.4463,2.0071,96.6172,"103.13,101.50,99.87,98.79,98.25,98.25,97.70,97.16,96.62,100.42,99.33,98.25,98.25,97.70,97.16,96.62,96.62,96.07,98.25,97.70,97.16,96.62,96.62,95.53,95.53,95.53,94.99,96.07,95.53,95.53,95.53,94.99,94.45,94.45,94.45,94.45"
Rec-027_std_2,29,5,4973,core,312,331,0.0,4.0,0.9877,316,334,324,337,1.0,True,97.3409,104.2157,94.4463,2.1444,97.16,"104.22,102.04,100.42,99.33,98.79,98.25,97.70,97.70,97.16,100.42,99.33,98.79,98.25,98.25,97.70,97.16,96.62,96.62,98.25,97.70,97.70,96.62,96.62,96.07,95.53,95.53,95.53,96.07,95.53,95.53,95.53,94.99,94.99,94.45,94.45,94.45"
Rec-027_std_2,29,6,4974,core,317,331,0.0,5.0,0.9886,321,334,329,337,1.0,True,97.2957,103.1302,94.4463,1.8948,97.16,"103.13,100.96,99.87,99.33,98.79,98.25,98.25,98.25,97.70,99.87,98.79,98.25,98.25,98.25,97.70,97.70,97.16,97.16,97.70,97.16,97.16,96.62,96.62,96.07,96.07,95.53,95.53,96.07,95.53,95.53,95.53,95.53,94.99,94.45,94.45,94.45"
Rec-027_std_2,29,7,4975,core,321,331,0.0,4.0,0.9875,325,334,333,337,1.0,True,98.0193,103.6729,95.5318,1.9034,98.2455,"103.67,102.04,100.42,99.87,99.33,99.33,99.33,99.33,99.33,100.42,99.33,98.79,98.79,98.25,98.25,98.25,98.25,98.25,98.25,97.70,97.70,97.16,97.16,97.16,97.16,97.16,97.16,96.07,96.07,95.53,95.53,95.53,95.53,95.53,95.53,95.53"
Rec-027_std_2,29,8,4976,core,326,331,0.0,5.0,0.9886,330,334,338,337,1.0,True,99.1651,103.1302,96.6172,1.8083,99.0596,"103.13,102.04,101.50,101.50,101.50,100.96,100.96,100.96,100.96,100.96,100.42,99.87,99.87,99.87,99.87,99.87,99.87,99.87,98.25,98.25,98.25,98.25,98.25,98.25,98.25,98.25,98.25,97.16,96.62,96.62,96.62,97.16,96.62,96.62,97.16,97.16"
Rec-027_std_2,29,9,4977,core,330,331,0.0,4.0,0.9869,334,334,342,337,1.0,True,100.6577,105.8439,97.7027,1.9754,100.4165,"105.84,104.22,103.13,103.13,103.13,102.04,102.04,102.04,102.04,102.04,102.04,102.04,102.04,101.50,101.50,101.50,101.50,100.96,99.87,99.87,99.87,99.87,99.33,99.87,99.87,99.33,99.33,98.25,98.25,98.25,98.25,98.25,98.25,98.25,98.25,97.70"
Rec-027_std_2,29,10,4978,core,335,331,0.0,5.0,0.9886,339,334,347,337,1.0,True,101.517,106.3867,98.2455,2.1387,101.502,"106.39,105.30,104.22,104.22,103.67,103.67,103.13,103.13,103.13,103.13,103.13,103.13,103.13,103.13,102.04,102.04,102.04,102.04,100.96,100.96,100.96,100.96,100.96,100.42,100.42,99.87,99.87,99.33,99.33,98.79,98.79,98.79,98.79,98.25,98.25,98.25"
Rec-027_std_2,29,11,4979,core,339,331,0.0,4.0,0.9861,343,334,351,337,1.0,True,101.8638,108.0149,96.0745,2.8202,102.0447,"108.01,106.93,105.84,105.30,105.30,105.30,103.67,103.13,102.04,105.30,104.22,103.67,103.67,103.13,103.13,102.04,101.50,99.87,102.04,102.04,102.04,102.04,101.50,100.42,99.87,99.33,98.25,99.87,99.87,99.87,99.33,98.79,98.25,98.25,97.16,96.07"
Rec-027_std_2,29,12,4980,core,344,331,0.0,5.0,0.9883,348,334,356,337,1.0,True,97.944,108.0149,85.7624,5.4687,98.2455,"108.01,106.39,105.30,104.22,103.13,100.96,98.25,95.53,91.19,105.30,103.67,103.13,102.04,100.42,98.25,96.07,93.36,89.02,102.04,101.50,100.42,99.33,98.25,96.07,94.45,91.73,87.39,99.33,98.79,98.25,97.16,95.53,94.45,91.73,89.56,85.76"
Rec-027_std_2,29,13,4981,core,348,331,0.0,4.0,0.9853,352,334,360,337,0.6667,False,87.9484,106.3867,74.9074,10.0032,89.5616,"106.39,103.13,100.42,97.70,92.28,83.59,78.71,75.99,75.45,102.04,99.87,97.70,95.53,90.65,82.51,78.16,75.99,74.91,98.79,97.16,95.53,93.36,88.48,81.42,77.62,75.99,74.91,96.62,95.53,93.36,91.19,86.85,80.88,77.08,75.45,74.91"
Rec-027_std_2,29,14,4982,core,353,331,0.0,5.0,0.9867,357,334,365,337,0.1111,False,76.3849,85.7624,73.822,3.0289,75.4502,"85.76,80.33,77.62,75.99,75.45,74.91,74.36,74.36,73.82,84.13,79.79,77.08,75.99,75.45,74.91,74.36,74.36,73.82,82.51,78.71,76.54,75.99,75.45,74.91,74.36,73.82,73.82,81.42,77.62,75.99,75.45,74.91,74.36,73.82,73.82,73.82"
Rec-027_std_2,29,15,4983,core,355,330,26.57,2.24,0.9863,359,333,367,336,0.0,False,75.8422,83.5914,73.822,2.0453,75.4502,"83.59,79.79,77.62,76.54,75.99,75.45,74.91,74.36,74.36,79.79,77.62,76.54,75.99,75.45,74.91,74.36,74.36,73.82,78.16,77.08,75.99,75.45,75.45,74.91,74.36,73.82,73.82,77.62,75.99,75.99,75.45,74.91,74.36,73.82,73.82,73.82"
Rec-028_30s_2,1,1,3253,core,290,331,0.0,0.0,0.9864,294,334,302,337,1.0,True,76.7166,85.7624,71.651,3.5544,75.9929,"85.76,83.59,82.51,81.96,80.88,80.33,79.79,79.79,78.71,79.79,78.71,78.71,78.16,77.62,77.62,77.08,76.54,75.99,75.99,75.99,75.99,75.45,74.91,74.36,74.36,73.82,73.82,73.28,73.28,73.28,73.28,72.74,72.19,72.19,71.65,71.65"
Rec-028_30s_2,1,2,3254,core,296,331,0.0,6.0,0.9826,300,334,308,337,1.0,True,76.807,87.3906,71.651,3.6554,75.9929,"87.39,84.68,83.05,80.88,80.88,79.79,78.71,78.71,78.16,80.88,79.79,78.71,78.16,77.62,77.08,76.54,75.99,75.99,77.08,75.99,75.99,75.45,75.45,74.91,73.82,73.82,73.82,74.36,73.82,73.82,73.28,72.74,72.19,72.19,71.65,71.65"
Rec-028_30s_2,1,3,3255,core,301,331,0.0,5.0,0.9862,305,334,313,337,1.0,True,76.3849,85.2196,71.651,3.2176,75.9929,"85.22,83.05,81.42,80.33,79.79,79.79,78.71,78.16,77.62,79.79,78.71,77.62,77.62,77.62,77.08,76.54,75.99,75.99,76.54,75.99,75.45,75.45,74.91,74.36,73.82,73.82,73.82,73.82,73.82,73.28,73.28,72.74,72.19,72.19,71.65,71.65"
Rec-028_30s_2,1,4,3256,core,305,331,0.0,4.0,0.983,309,334,317,337,1.0,True,76.6412,86.8478,72.1937,3.4298,75.9929,"86.85,84.13,81.96,80.88,80.33,79.79,78.71,78.16,78.16,80.33,78.71,78.71,77.62,77.62,77.08,76.54,75.99,75.99,76.54,75.99,75.99,75.45,74.91,74.36,73.82,73.82,73.82,73.82,73.82,73.82,73.28,72.74,72.74,72.19,72.19,72.19"
Rec-028_30s_2,1,5,3257,core,310,331,0.0,5.0,0.9861,314,334,322,337,1.0,True,76.6563,84.6769,72.7365,2.9006,76.2643,"84.68,82.51,80.88,80.33,79.79,79.79,78.71,78.71,78.71,79.79,78.71,77.62,77.62,77.62,77.08,77.08,76.54,76.54,75.99,75.99,75.99,75.45,74.91,74.91,74.91,74.36,74.36,73.82,73.82,73.82,73.82,73.28,73.28,72.74,72.74,72.74"
Rec-028_30s_2,1,6,3258,core,315,331,0.0,5.0,0.9837,319,334,327,337,1.0,True,77.0935,83.0486,73.822,2.595,76.8071,"83.05,81.96,80.88,80.88,80.33,79.79,79.79,79.79,79.79,78.71,78.71,78.16,77.62,77.62,77.62,77.62,77.62,77.62,75.99,75.99,75.99,75.99,75.99,75.99,75.99,75.45,75.45,74.36,73.82,73.82,73.82,73.82,73.82,73.82,73.82,73.82"
Rec-028_30s_2,1,7,3259,core,319,331,0.0,4.0,0.9872,323,334,331,337,1.0,True,78.2845,84.6769,74.9074,2.5525,77.8925,"84.68,83.05,82.51,81.96,81.42,80.88,80.88,80.88,80.88,79.79,79.79,78.71,78.71,78.71,78.71,78.71,78.71,78.71,77.08,77.08,77.08,77.08,77.08,76.54,77.08,77.08,77.08,75.45,74.91,74.91,75.45,75.45,75.45,74.91,75.45,75.45"
Rec-028_30s_2,1,8,3260,core,324,331,0.0,5.0,0.9842,328,334,336,337,1.0,True,79.6565,85.2196,76.5357,2.6322,79.2494,"85.22,84.13,83.59,83.05,83.05,83.05,83.05,83.05,83.05,80.88,80.88,80.33,80.33,80.33,80.33,80.33,80.33,80.33,78.16,78.16,78.16,78.16,78.16,78.16,78.16,78.16,78.16,76.54,76.54,76.54,76.54,76.54,76.54,76.54,76.54,76.54"
Rec-028_30s_2,1,9,3261,core,328,331,0.0,4.0,0.9868,332,334,340,337,1.0,True,80.953,86.8478,77.6212,2.6594,80.6063,"86.85,85.76,85.22,84.13,84.13,84.13,84.13,84.13,84.13,82.51,81.96,81.96,81.42,81.42,81.42,81.42,81.42,81.42,79.79,79.79,79.79,79.79,79.79,79.79,79.79,79.79,79.79,77.62,77.62,77.62,77.62,77.62,77.62,77.62,77.62,77.62"
Rec-028_30s_2,1,10,3262,core,333,331,0.0,5.0,0.9853,337,334,345,337,1.0,True,81.7822,87.9333,77.6212,2.9367,81.4204,"87.93,86.85,86.31,85.76,85.76,85.22,85.22,85.22,84.68,83.59,83.05,83.05,83.05,83.05,82.51,82.51,82.51,81.96,80.88,80.88,80.33,80.33,80.33,79.79,79.79,79.79,79.79,78.71,78.71,78.71,78.71,78.16,78.16,77.62,77.62,77.62"
Rec-028_30s_2,1,11,3263,core,337,331,0.0,4.0,0.9876,341,334,349,337,1.0,True,82.2948,89.0188,77.6212,3.1732,81.9631,"89.02,87.93,87.39,86.85,86.31,85.76,85.76,85.76,85.76,84.13,84.13,83.59,83.59,83.05,83.05,83.05,83.05,83.05,80.88,80.88,80.88,80.88,80.88,80.33,80.33,79.79,79.79,79.79,78.71,78.71,78.71,78.71,78.71,78.16,77.62,77.62"
Rec-028_30s_2,1,12,3264,core,342,331,0.0,5.0,0.9861,346,334,354,337,1.0,True,82.0385,89.0188,75.9929,3.2844,81.4204,"89.02,87.93,87.39,86.85,86.31,85.76,85.76,84.68,84.13,84.68,84.13,84.13,83.59,83.05,83.05,82.51,81.96,80.88,81.42,81.42,80.88,80.88,80.88,80.33,79.79,79.79,78.71,79.79,78.71,78.71,78.71,78.71,78.16,77.62,77.08,75.99"
Rec-028_30s_2,1,13,3265,core,346,331,0.0,4.0,0.9854,350,334,358,337,0.8889,False,80.4103,89.5616,73.822,4.1653,79.7922,"89.56,88.48,87.39,86.31,85.76,84.68,82.51,77.62,75.45,85.22,84.13,84.13,83.05,82.51,81.42,79.79,76.54,74.91,81.96,80.88,80.88,80.88,79.79,78.71,77.62,75.99,74.36,79.79,78.71,78.71,78.16,77.62,77.08,75.99,74.36,73.82"
Rec-028_30s_2,1,14,3266,core,351,331,0.0,5.0,0.9829,355,334,363,337,0.3333,False,76.1286,87.3906,73.2792,3.3686,74.6361,"87.39,84.13,79.79,76.54,75.45,74.91,74.36,73.82,73.82,83.05,81.42,77.62,75.99,74.91,74.36,73.82,73.82,73.82,79.79,78.71,76.54,75.45,74.36,73.82,73.82,73.28,73.28,77.62,77.08,75.45,74.36,73.82,73.82,73.82,73.28,73.28"
Rec-028_30s_2,1,15,3267,core,356,330,11.31,5.1,0.9863,360,333,368,336,0.0,False,74.5305,78.7067,73.2792,1.2391,73.822,"78.71,77.08,75.99,75.45,74.91,74.36,73.82,73.82,73.28,77.08,75.99,74.91,74.91,74.36,73.82,73.82,73.82,73.28,75.99,75.45,74.91,74.36,73.82,73.82,73.82,73.28,73.28,74.91,74.36,73.82,73.82,73.82,73.82,73.82,73.28,73.28"
Rec-028_30s_2,2,1,3397,core,290,331,0.0,0.0,0.9866,294,334,302,337,1.0,True,83.2748,91.7325,77.6212,3.9271,82.5059,"91.73,90.65,89.56,89.02,88.48,87.93,87.39,86.85,85.76,85.76,85.76,85.76,85.22,84.68,84.13,84.13,83.59,83.05,81.96,81.96,81.96,81.96,81.42,80.88,80.88,80.88,80.33,78.71,78.71,78.71,78.71,78.71,78.71,78.71,77.62,77.62"
Rec-028_30s_2,2,2,3398,core,292,331,0.0,2.0,0.9838,296,334,304,337,1.0,True,83.5763,92.2753,77.6212,3.8174,83.0486,"92.28,91.19,89.56,89.02,87.93,87.93,86.85,86.31,85.76,87.39,86.31,85.76,85.22,84.68,84.13,84.13,83.59,83.05,83.05,83.05,83.05,82.51,81.96,81.42,80.88,80.88,80.33,79.79,79.79,79.79,79.79,78.71,78.71,78.16,78.16,77.62"
Rec-028_30s_2,2,3,3399,core,301,331,0.0,9.0,0.9849,305,334,313,337,1.0,True,82.9431,91.7325,77.6212,3.4607,82.7773,"91.73,89.56,88.48,87.93,86.85,85.76,85.76,85.22,84.68,86.31,85.76,85.22,84.13,84.13,83.59,83.05,83.05,82.51,83.05,82.51,81.96,81.96,81.42,80.88,80.88,80.33,79.79,79.79,79.79,79.79,78.71,78.71,78.71,78.16,78.16,77.62"
Rec-028_30s_2,2,4,3400,core,305,331,0.0,4.0,0.9844,309,334,317,337,1.0,True,83.0034,92.2753,78.1639,3.4024,83.0486,"92.28,90.10,88.48,87.39,86.31,85.76,85.22,84.68,84.68,86.85,85.76,85.22,84.13,83.59,83.05,83.05,83.05,83.05,83.05,83.05,82.51,81.42,80.88,80.88,80.88,80.88,80.33,80.33,79.79,79.79,79.79,78.71,78.71,78.16,78.16,78.16"
Rec-028_30s_2,2,5,3401,core,310,331,0.0,5.0,0.9855,314,334,322,337,1.0,True,82.8979,90.6471,78.7067,3.0532,82.7773,"90.65,88.48,87.39,86.85,86.31,85.76,85.76,85.76,85.22,85.76,85.22,84.13,84.13,84.13,83.59,83.05,83.05,83.05,82.51,82.51,81.96,81.42,81.42,80.88,80.88,80.88,80.88,79.79,79.79,79.79,79.79,78.71,78.71,78.71,78.71,78.71"
Rec-028_30s_2,2,6,3402,core,314,331,0.0,4.0,0.9845,318,334,326,337,1.0,True,83.6668,91.1898,79.7922,3.0492,83.32,"91.19,89.56,88.48,87.93,87.39,86.85,86.31,85.76,85.76,86.31,85.76,85.22,84.68,84.68,84.13,84.13,84.13,83.59,83.05,83.05,82.51,82.51,82.51,81.96,81.96,81.96,81.42,80.33,80.33,79.79,79.79,79.79,79.79,79.79,79.79,79.79"
Rec-028_30s_2,2,7,3403,core,319,331,0.0,5.0,0.9867,323,334,331,337,1.0,True,84.0135,91.1898,79.7922,2.8808,83.8627,"91.19,89.56,88.48,87.93,87.39,86.85,86.85,86.31,86.31,86.31,85.76,85.76,85.22,84.68,84.68,84.13,84.13,84.13,83.59,83.05,83.05,83.05,82.51,82.51,82.51,81.96,81.96,80.88,80.88,80.88,80.88,80.33,80.33,80.33,80.33,79.79"
Rec-028_30s_2,2,8,3404,core,323,331,0.0,4.0,0.9846,327,334,335,337,1.0,True,84.8276,92.2753,80.8776,3.0127,84.6769,"92.28,90.10,89.56,88.48,87.93,87.93,87.93,87.93,87.93,87.39,86.31,85.76,85.76,85.76,85.76,85.22,85.76,85.76,84.13,83.59,83.59,83.59,83.05,83.05,83.05,83.05,83.05,81.42,81.42,81.42,81.42,80.88,80.88,80.88,80.88,80.88"
Rec-028_30s_2,2,9,3405,core,328,331,0.0,5.0,0.9868,332,334,340,337,1.0,True,85.8377,91.7325,81.9631,2.8695,85.2196,"91.73,90.65,90.10,89.56,89.56,89.56,89.56,89.56,89.02,87.93,86.85,86.85,86.85,86.85,86.85,86.85,86.31,86.31,84.13,84.13,84.13,84.13,84.13,84.13,84.13,84.13,84.13,82.51,82.51,82.51,82.51,82.51,82.51,82.51,82.51,81.96"
Rec-028_30s_2,2,10,3406,core,332,331,0.0,4.0,0.9837,336,334,344,337,1.0,True,86.7423,93.3608,83.0486,3.0751,86.5765,"93.36,92.28,91.19,91.19,90.65,90.65,90.10,90.10,89.56,89.02,88.48,87.93,87.93,87.93,87.39,87.39,87.39,87.39,85.76,85.76,85.22,85.22,85.22,84.68,84.68,84.68,84.13,83.05,83.05,83.05,83.05,83.05,83.05,83.05,83.05,83.05"
Rec-028_30s_2,2,11,3407,core,337,331,0.0,5.0,0.9874,341,334,349,337,1.0,True,87.1041,93.3608,82.5059,3.0981,86.5765,"93.36,92.28,91.73,91.19,91.19,91.19,90.65,90.65,90.10,89.56,89.02,88.48,88.48,87.93,87.93,87.93,87.93,87.39,85.76,85.76,85.76,85.76,85.76,85.22,85.22,85.22,84.68,83.59,83.59,83.59,83.59,83.59,83.05,83.05,83.05,82.51"
Rec-028_30s_2,2,12,3408,core,342,331,0.0,5.0,0.9836,346,334,354,337,1.0,True,86.5463,93.3608,80.3349,3.3566,85.7624,"93.36,92.28,92.28,91.19,91.19,90.65,89.56,89.02,87.93,89.56,89.56,89.02,88.48,87.93,87.39,86.85,85.76,85.22,86.31,85.76,85.76,85.76,85.22,84.68,84.13,83.59,83.05,84.13,84.13,83.59,83.59,83.05,82.51,81.96,80.88,80.33"
Rec-028_30s_2,2,13,3409,core,346,331,0.0,4.0,0.985,350,334,358,337,0.8889,False,83.8326,94.4463,74.3647,5.1797,83.8627,"94.45,92.28,91.73,90.65,89.56,88.48,85.76,79.79,76.54,89.56,89.02,87.93,87.93,86.31,85.76,83.05,78.16,75.99,86.31,85.76,85.22,84.68,83.59,83.05,80.88,77.08,74.91,84.13,83.59,83.05,82.51,80.88,80.33,78.71,75.99,74.36"
Rec-028_30s_2,2,14,3410,core,351,331,0.0,5.0,0.9813,355,334,363,337,0.3333,False,77.2895,90.6471,73.2792,4.5342,75.1788,"90.65,87.93,80.88,77.62,75.99,74.91,74.36,73.82,73.82,86.85,84.13,79.79,77.08,75.45,74.91,73.82,73.82,73.82,83.59,81.96,78.16,75.99,74.91,74.36,73.82,73.82,73.28,81.42,79.79,77.08,75.45,74.36,73.82,73.82,73.82,73.28"
Rec-028_30s_2,2,15,3411,core,355,331,0.0,4.0,0.9842,359,334,367,337,0.0,False,74.7265,78.7067,73.2792,1.1932,74.3647,"78.71,77.08,75.99,75.45,74.91,74.36,73.82,73.82,73.82,77.08,75.99,75.45,74.91,74.91,73.82,73.82,73.82,73.82,75.99,75.45,74.91,74.91,74.36,73.82,73.82,73.82,73.82,75.99,74.91,74.36,74.36,73.82,73.82,73.82,73.28,73.28"
Rec-028_30s_2,2,16,3412,core,355,330,90.0,1.0,0.9866,359,333,367,336,0.0,False,75.3145,83.0486,73.2792,1.9998,74.6361,"83.05,79.79,77.62,75.99,75.45,74.91,74.36,74.36,73.82,78.71,77.62,75.99,75.45,74.91,74.36,73.82,73.82,73.82,77.62,75.99,75.45,74.91,74.36,74.36,73.82,73.82,73.82,75.99,75.45,74.91,74.36,73.82,73.82,73.82,73.82,73.28"
Rec-028_30s_2,3,1,3540,core,290,331,0.0,0.0,0.9865,294,334,302,337,1.0,True,86.7122,94.4463,81.4204,3.4596,86.5765,"94.45,92.28,91.19,91.19,91.19,91.19,90.65,90.65,89.56,87.93,87.93,88.48,88.48,88.48,88.48,87.93,87.93,87.93,84.13,84.68,85.22,85.22,85.22,85.22,85.22,84.68,84.68,81.42,81.96,82.51,83.05,83.05,82.51,82.51,82.51,81.96"
Rec-028_30s_2,3,2,3541,core,294,331,0.0,4.0,0.9834,298,334,306,337,1.0,True,87.1494,94.989,82.5059,3.3541,86.5765,"94.99,93.36,92.28,91.73,91.19,90.65,90.10,89.56,89.56,90.10,89.56,89.56,89.02,88.48,88.48,87.93,87.39,86.85,86.31,85.76,85.76,85.76,85.76,85.76,85.22,84.13,84.13,83.59,83.59,83.59,83.05,83.05,83.05,83.05,82.51,82.51"
Rec-028_30s_2,3,3,3542,core,298,331,0.0,4.0,0.9876,302,334,310,337,1.0,True,87.2549,96.0745,82.5059,3.3879,86.8478,"96.07,94.45,92.28,91.19,91.19,90.10,89.56,89.56,89.02,91.19,89.56,89.56,89.02,88.48,87.93,87.93,86.85,86.85,86.85,86.85,86.31,85.76,85.76,85.22,84.68,84.68,84.13,84.13,84.13,84.13,83.59,83.05,83.05,83.05,82.51,82.51"
Rec-028_30s_2,3,4,3543,core,302,331,0.0,4.0,0.9847,306,334,314,337,1.0,True,87.1494,96.0745,82.5059,3.4026,86.8478,"96.07,94.45,92.28,91.19,90.65,90.10,89.56,89.56,88.48,91.19,89.56,89.56,88.48,88.48,87.93,87.39,86.85,86.85,87.39,86.31,85.76,85.76,85.76,85.76,84.68,84.13,84.13,84.13,84.13,83.59,83.59,83.05,83.05,82.51,82.51,82.51"
Rec-028_30s_2,3,5,3544,core,307,331,0.0,5.0,0.9886,311,334,319,337,1.0,True,86.6066,94.4463,82.5059,2.9877,86.3051,"94.45,92.28,91.19,90.10,89.56,89.56,89.02,89.02,87.93,89.56,89.56,88.48,87.93,87.93,87.39,86.85,86.85,86.31,86.31,85.76,85.76,85.22,85.22,85.22,84.68,84.13,84.13,83.59,83.59,83.05,83.05,83.05,83.05,83.05,82.51,82.51"
Rec-028_30s_2,3,6,3545,core,312,331,0.0,5.0,0.9859,316,334,324,337,1.0,True,86.6518,92.2753,83.0486,2.6408,86.5765,"92.28,91.19,90.65,90.10,89.56,89.56,89.56,89.02,88.48,89.56,88.48,87.93,87.93,87.93,87.39,87.39,87.39,86.85,86.31,85.76,85.76,85.76,85.22,85.22,84.68,84.68,84.68,84.13,84.13,83.59,83.05,83.05,83.05,83.05,83.05,83.05"
Rec-028_30s_2,3,7,3546,core,316,331,0.0,4.0,0.9884,320,334,328,337,1.0,True,87.1795,94.4463,83.0486,2.8383,87.1192,"94.45,92.28,91.19,90.65,90.10,90.10,89.56,89.56,89.56,89.56,89.56,89.02,88.48,87.93,87.93,87.93,87.93,87.39,86.85,86.31,85.76,85.76,85.76,85.76,85.22,85.22,85.22,84.13,84.13,84.13,84.13,83.59,83.59,83.05,83.59,83.05"
Rec-028_30s_2,3,8,3547,core,325,331,0.0,9.0,0.9887,329,334,337,337,1.0,True,88.5062,94.989,84.6769,2.8374,88.7475,"94.99,93.36,92.28,92.28,91.73,91.73,91.73,91.19,91.19,90.65,89.56,89.56,89.56,89.56,89.56,89.56,89.56,89.56,87.93,87.39,87.39,87.39,87.39,86.85,86.85,86.85,86.85,85.22,85.22,85.22,84.68,84.68,84.68,84.68,84.68,84.68"
Rec-028_30s_2,3,9,3548,core,334,331,0.0,9.0,0.9884,338,334,346,337,1.0,True,89.9837,96.0745,85.7624,3.0918,90.1043,"96.07,95.53,94.45,94.45,93.36,93.36,93.36,93.36,93.36,92.28,91.73,91.19,91.19,91.19,91.19,91.19,90.65,90.65,89.56,89.02,89.02,88.48,88.48,87.93,87.93,87.93,87.93,86.85,86.31,86.31,86.31,85.76,85.76,85.76,85.76,85.76"
Rec-028_30s_2,3,10,3549,core,339,331,0.0,5.0,0.9877,343,334,351,337,1.0,True,90.3606,96.0745,85.2196,3.1917,89.8329,"96.07,95.53,95.53,94.99,94.45,94.45,94.45,93.36,93.36,92.28,92.28,92.28,91.73,91.73,91.19,91.19,91.19,90.10,89.56,89.56,89.56,89.56,89.02,88.48,88.48,87.93,87.93,86.85,86.85,86.85,86.85,86.31,86.31,85.76,85.76,85.22"
Rec-028_30s_2,3,11,3550,core,348,331,0.0,9.0,0.9871,352,334,360,337,0.6667,False,82.732,95.5318,73.822,6.6833,83.0486,"95.53,94.45,92.28,91.19,87.93,81.42,77.08,75.45,74.36,91.73,91.19,89.56,88.48,85.76,79.79,76.54,74.91,74.36,88.48,87.93,86.85,85.76,83.05,78.71,75.99,74.91,73.82,85.76,85.76,84.13,83.05,80.88,77.62,75.45,74.36,73.82"
Rec-028_30s_2,3,12,3551,core,352,331,0.0,4.0,0.9859,356,334,364,337,0.2222,False,76.7317,91.1898,73.2792,4.2141,74.6361,"91.19,83.59,78.71,76.54,75.45,74.36,74.36,73.82,73.82,87.39,80.88,77.62,75.99,75.45,74.36,73.82,73.82,73.82,84.13,79.79,77.08,75.45,74.36,74.36,73.82,73.82,73.82,82.51,78.16,75.99,74.91,74.36,73.82,73.82,73.82,73.28"
Rec-028_30s_2,3,13,3552,core,355,331,0.0,3.0,0.9821,359,334,367,337,0.0,False,74.8471,79.7922,73.2792,1.3645,74.3647,"79.79,77.62,75.99,75.45,74.91,74.36,73.82,73.82,73.82,77.62,75.99,75.45,74.91,74.36,73.82,73.82,73.82,73.82,75.99,75.99,75.45,74.91,74.36,73.82,73.82,73.82,73.82,75.99,75.45,74.91,74.36,73.82,73.82,73.82,73.82,73.28"
Rec-028_30s_2,4,1,3677,core,291,331,0.0,1.0,0.986,295,334,303,337,1.0,True,88.4308,95.5318,84.1341,3.2624,88.2047,"95.53,94.45,93.36,92.28,92.28,92.28,91.73,91.19,91.19,90.10,90.10,90.10,90.10,90.10,89.56,89.56,89.56,89.02,86.85,87.39,87.39,87.39,87.39,87.39,86.85,86.85,86.31,84.13,84.13,84.13,84.13,84.13,84.13,84.13,84.13,84.13"
Rec-028_30s_2,4,2,3678,core,295,331,0.0,4.0,0.986,299,334,307,337,1.0,True,88.9887,97.7027,84.1341,3.2913,88.4761,"97.70,95.53,94.45,93.36,92.28,91.73,91.19,90.65,90.10,92.28,91.73,91.19,90.65,90.10,89.56,89.56,89.02,88.48,88.48,88.48,88.48,87.93,87.93,87.93,86.85,86.31,86.31,85.76,85.76,85.76,85.22,85.22,84.68,84.68,84.13,84.13"
Rec-028_30s_2,4,3,3679,core,300,331,0.0,5.0,0.9869,304,334,312,337,1.0,True,88.3856,96.0745,84.1341,2.9686,88.2047,"96.07,94.45,93.36,91.73,91.19,90.65,90.10,89.56,89.56,91.73,91.19,90.65,89.56,89.56,89.02,88.48,87.93,87.93,89.02,88.48,87.93,87.93,87.39,86.85,86.31,85.76,85.76,85.76,85.76,85.76,85.22,84.68,84.13,84.13,84.13,84.13"
Rec-028_30s_2,4,4,3680,core,304,331,0.0,4.0,0.9875,308,334,316,337,1.0,True,88.3253,96.0745,84.1341,2.9217,88.2047,"96.07,94.45,92.28,91.73,91.19,90.65,90.10,89.56,89.56,91.73,91.19,90.10,89.56,89.56,89.02,88.48,87.93,87.93,89.02,88.48,87.93,87.93,87.39,86.31,86.31,85.76,85.76,85.76,85.76,85.76,85.22,84.68,84.13,84.13,84.13,84.13"
Rec-028_30s_2,4,5,3681,core,309,331,0.0,5.0,0.9882,313,334,321,337,1.0,True,87.9484,94.4463,84.1341,2.595,87.9333,"94.45,92.28,91.73,91.19,90.65,90.10,89.56,89.56,89.56,91.19,90.10,89.56,89.56,89.02,89.02,87.93,87.93,87.93,87.93,87.93,87.93,87.39,86.85,86.85,86.31,85.76,85.76,85.76,85.22,85.22,84.68,84.68,84.13,84.13,84.13,84.13"
Rec-028_30s_2,4,6,3682,core,313,331,0.0,4.0,0.9886,317,334,325,337,1.0,True,88.2952,95.5318,84.1341,2.6558,87.9333,"95.53,93.36,92.28,91.19,91.19,90.65,90.10,89.56,89.56,91.19,90.65,90.10,89.56,89.56,89.02,88.48,87.93,87.93,88.48,87.93,87.93,87.39,86.85,86.85,86.85,86.31,86.31,85.76,85.76,85.76,85.22,85.22,84.68,84.68,84.68,84.13"
Rec-028_30s_2,4,7,3683,core,318,331,0.0,5.0,0.9895,322,334,330,337,1.0,True,88.5665,94.4463,85.2196,2.3362,88.4761,"94.45,92.28,91.73,91.19,91.19,91.19,90.65,90.65,90.65,90.65,90.10,89.56,89.56,89.56,89.56,89.02,89.02,89.02,87.93,87.93,87.93,87.93,87.93,87.39,87.39,87.39,86.85,85.76,85.76,85.76,85.76,85.76,85.22,85.22,85.22,85.22"
Rec-028_30s_2,4,8,3684,core,322,331,0.0,4.0,0.9884,326,334,334,337,1.0,True,89.1545,95.5318,85.7624,2.5565,89.2902,"95.53,93.36,92.28,92.28,91.73,91.73,91.73,91.73,91.73,91.19,90.65,90.10,90.10,90.10,90.10,90.10,90.10,90.10,88.48,88.48,87.93,87.93,87.93,87.93,87.93,87.93,87.93,86.31,85.76,85.76,85.76,85.76,85.76,85.76,85.76,85.76"
Rec-028_30s_2,4,9,3685,core,327,331,0.0,5.0,0.9895,331,334,339,337,1.0,True,90.2852,94.989,86.8478,2.4937,90.3757,"94.99,94.45,93.36,93.36,93.36,93.36,93.36,93.36,93.36,91.73,91.19,91.19,91.19,91.19,91.19,91.19,91.19,91.19,89.56,89.56,89.56,89.02,89.02,89.02,89.02,89.02,89.56,86.85,86.85,86.85,86.85,86.85,86.85,87.39,86.85,87.39"
Rec-028_30s_2,4,10,3686,core,331,331,0.0,4.0,0.9882,335,334,343,337,1.0,True,91.3556,97.16,87.9333,2.6645,91.1898,"97.16,95.53,94.99,94.99,94.45,94.45,94.45,94.45,94.45,93.36,92.28,92.28,92.28,92.28,92.28,92.28,92.28,92.28,90.10,90.10,90.10,90.10,90.10,90.10,90.10,90.10,90.10,87.93,87.93,87.93,87.93,87.93,87.93,87.93,87.93,87.93"
Rec-028_30s_2,4,11,3687,core,336,331,0.0,5.0,0.9898,340,334,348,337,1.0,True,92.2904,97.7027,87.9333,2.7272,91.7325,"97.70,96.07,96.07,96.07,95.53,95.53,95.53,95.53,94.99,94.45,94.45,93.36,93.36,93.36,93.36,93.36,93.36,92.28,91.19,91.19,91.19,91.19,91.19,91.19,91.19,90.65,90.65,89.02,89.02,89.02,89.02,89.02,88.48,88.48,88.48,87.93"
Rec-028_30s_2,4,12,3688,core,340,331,0.0,4.0,0.9871,344,334,352,337,1.0,True,92.5165,99.331,86.8478,3.1967,92.0039,"99.33,98.25,97.70,96.62,96.07,96.07,95.53,94.99,94.45,95.53,94.99,94.99,94.45,94.45,93.36,93.36,92.28,91.19,92.28,91.73,91.73,91.19,91.19,91.19,90.65,89.56,89.02,89.56,89.56,89.56,89.56,89.02,88.48,87.93,87.93,86.85"
Rec-028_30s_2,4,13,3689,core,345,331,0.0,5.0,0.9888,349,334,357,337,1.0,True,89.1696,98.7882,77.6212,5.0908,89.5616,"98.79,97.16,96.07,95.53,94.45,92.28,91.19,88.48,81.42,95.53,94.45,93.36,92.28,91.19,90.10,89.02,85.76,80.33,92.28,91.19,91.19,90.10,89.56,87.93,86.31,84.13,78.71,89.56,89.56,88.48,87.93,86.31,85.76,84.13,81.96,77.62"
Rec-028_30s_2,4,14,3690,core,349,331,0.0,4.0,0.9853,353,334,361,337,0.5556,False,82.325,97.7027,73.822,7.4131,80.6063,"97.70,95.53,93.36,90.10,83.05,78.16,75.99,74.91,73.82,93.36,91.73,90.65,87.93,81.42,77.62,75.99,74.91,73.82,90.65,89.56,87.93,84.68,79.79,76.54,75.45,74.36,73.82,87.93,86.85,85.76,83.05,78.71,75.99,74.91,73.82,73.82"
Rec-028_30s_2,4,15,3691,core,354,331,0.0,5.0,0.9867,358,334,366,337,0.0,False,74.8924,80.8776,72.7365,1.7281,74.0933,"80.88,77.62,75.99,74.91,74.36,73.82,73.82,73.82,73.82,78.71,76.54,75.99,74.91,74.36,73.82,73.82,73.82,73.28,77.62,75.99,75.45,74.36,73.82,73.82,73.82,73.82,73.28,77.08,75.99,74.91,74.36,73.82,73.82,73.82,73.28,72.74"
Rec-028_30s_2,4,16,3692,core,356,330,26.57,2.24,0.9875,360,333,368,336,0.0,False,74.6662,79.7922,72.7365,1.3804,74.0933,"79.79,77.08,75.99,75.45,74.91,74.36,73.82,73.82,73.82,77.62,75.99,75.45,74.36,74.36,73.82,73.82,73.82,73.28,75.99,75.45,74.91,74.36,73.82,73.82,73.82,73.82,72.74,75.99,74.91,74.36,73.82,73.82,73.82,73.82,73.82,73.28"
Rec-028_30s_2,5,1,3818,core,290,331,0.0,0.0,0.9868,294,334,302,337,1.0,True,89.7123,96.0745,84.1341,3.2227,89.5616,"96.07,94.99,94.45,94.45,94.45,93.36,93.36,93.36,92.28,90.65,90.65,91.19,91.19,91.19,91.19,91.19,90.65,90.65,87.39,87.93,87.93,88.48,88.48,88.48,88.48,88.48,88.48,84.13,85.22,85.76,85.76,86.31,85.76,85.76,85.76,85.76"
Rec-028_30s_2,5,2,3819,core,294,331,0.0,4.0,0.9845,298,334,306,337,1.0,True,90.5415,97.7027,85.7624,2.9914,89.8329,"97.70,96.07,95.53,94.99,94.45,93.36,93.36,92.28,92.28,93.36,92.28,92.28,91.73,91.19,91.19,91.19,91.19,90.10,89.56,89.56,89.56,89.56,89.56,89.56,89.02,88.48,87.93,87.39,87.39,87.39,87.39,87.39,86.85,86.31,86.31,85.76"
Rec-028_30s_2,5,3,3820,core,298,331,0.0,4.0,0.9877,302,334,310,337,1.0,True,90.7677,99.331,85.7624,3.1338,90.6471,"99.33,97.16,95.53,94.99,94.45,93.36,92.28,92.28,91.73,94.45,93.36,92.28,92.28,91.73,91.19,90.65,90.65,90.10,91.19,90.65,90.10,89.56,89.56,89.02,89.02,88.48,87.93,87.93,87.93,87.93,87.93,87.39,86.85,86.31,86.31,85.76"
Rec-028_30s_2,5,4,3821,core,307,331,0.0,9.0,0.9888,311,334,319,337,1.0,True,89.652,97.7027,85.7624,2.8562,89.5616,"97.70,95.53,94.45,93.36,92.28,91.19,91.19,90.65,90.10,93.36,92.28,91.19,91.19,90.65,89.56,89.56,89.56,89.02,90.10,89.56,89.56,88.48,88.48,87.93,87.93,87.39,87.39,87.93,87.39,86.85,86.31,86.31,85.76,85.76,85.76,85.76"
Rec-028_30s_2,5,5,3822,core,312,331,0.0,5.0,0.9876,316,334,324,337,1.0,True,89.0641,94.989,85.7624,2.2826,89.0188,"94.99,93.36,92.28,91.73,91.19,91.19,90.65,90.65,90.10,91.73,91.19,90.65,90.10,89.56,89.56,89.56,89.02,89.02,89.56,89.02,88.48,88.48,87.93,87.93,87.39,87.39,87.39,86.85,86.85,86.85,86.31,86.31,85.76,85.76,85.76,85.76"
Rec-028_30s_2,5,6,3823,core,316,331,0.0,4.0,0.9896,320,334,328,337,1.0,True,89.4108,95.5318,85.7624,2.3331,89.5616,"95.53,94.45,92.28,92.28,91.73,91.19,91.19,91.19,90.65,91.73,91.19,91.19,90.65,90.10,89.56,89.56,89.56,89.56,89.56,89.02,89.02,88.48,88.48,87.93,87.93,87.93,87.93,87.39,86.85,86.85,86.85,86.31,86.31,86.31,86.31,85.76"
Rec-028_30s_2,5,7,3824,core,325,331,0.0,9.0,0.9898,329,334,337,337,1.0,True,90.632,96.0745,87.9333,2.1803,90.6471,"96.07,94.45,94.45,93.36,93.36,93.36,92.28,92.28,92.28,92.28,91.73,91.73,91.19,91.19,91.19,91.19,91.19,91.19,90.10,89.56,89.56,89.56,89.56,89.56,89.56,89.56,89.56,87.93,87.93,87.93,87.93,87.93,87.93,87.93,87.93,87.93"
Rec-028_30s_2,5,8,3825,core,334,331,0.0,9.0,0.9898,338,334,346,337,1.0,True,92.5919,98.2455,89.5616,2.4686,92.5467,"98.25,96.62,96.07,95.53,95.53,95.53,95.53,95.53,94.99,94.45,94.45,93.36,93.36,93.36,93.36,93.36,93.36,93.36,91.73,91.19,91.19,91.19,91.19,91.19,91.19,91.19,91.19,89.56,89.56,89.56,89.56,89.56,89.56,89.56,89.56,89.56"
Rec-028_30s_2,5,9,3826,core,339,331,0.0,5.0,0.9897,343,334,351,337,1.0,True,92.9839,98.2455,88.4761,2.5515,92.2753,"98.25,97.16,96.62,96.62,96.07,96.07,95.53,95.53,94.45,94.99,94.99,94.45,94.45,94.45,94.45,93.36,93.36,92.28,92.28,92.28,92.28,92.28,92.28,91.73,91.73,91.19,90.65,90.10,90.10,90.10,90.10,90.10,89.56,89.56,89.56,88.48"
Rec-028_30s_2,5,10,3827,core,343,331,0.0,4.0,0.9888,347,334,355,337,1.0,True,92.3356,99.8737,85.2196,3.4106,92.0039,"99.87,98.25,97.70,97.16,96.07,95.53,94.45,92.28,91.19,96.07,95.53,95.53,94.99,94.45,93.36,91.73,90.65,89.56,93.36,93.36,92.28,92.28,91.73,90.65,89.56,88.48,87.39,91.19,90.65,90.65,90.10,89.56,88.48,87.93,86.85,85.22"
Rec-028_30s_2,5,11,3828,core,352,331,0.0,9.0,0.9873,356,334,364,337,0.2222,False,77.1237,92.2753,73.2792,4.8009,74.6361,"92.28,84.13,78.71,76.54,75.45,74.36,73.82,73.82,73.82,89.56,83.05,78.16,75.99,74.91,74.36,73.82,73.82,73.82,86.31,80.88,77.62,75.99,74.36,73.82,73.82,73.82,73.28,84.13,79.79,77.08,75.99,74.36,73.82,73.82,73.82,73.28"
Rec-028_30s_2,5,12,3829,core,356,331,0.0,4.0,0.9846,360,334,368,337,0.0,False,74.2441,77.6212,72.7365,1.0,73.822,"77.62,75.99,75.45,74.91,74.36,73.82,73.82,73.82,73.82,75.99,75.45,74.91,74.36,73.82,73.82,73.82,73.28,73.28,75.45,74.91,74.36,74.36,73.82,73.82,73.28,73.28,72.74,74.91,74.36,74.36,73.82,73.82,73.82,73.28,72.74,73.28"
Rec-028_30s_2,6,1,3956,core,290,331,0.0,0.0,0.9884,294,334,302,337,1.0,True,90.3908,96.0745,85.2196,2.963,90.3757,"96.07,94.99,94.45,94.45,94.45,94.45,94.45,93.36,93.36,91.19,91.19,91.19,91.73,91.73,91.73,91.73,91.19,91.19,87.93,87.93,89.02,89.56,89.56,89.56,89.56,89.56,89.02,85.22,85.76,86.31,86.85,86.85,87.39,87.39,86.85,86.85"
Rec-028_30s_2,6,2,3957,core,292,331,0.0,2.0,0.9868,296,334,304,337,1.0,True,91.4461,98.7882,87.3906,3.0367,90.9184,"98.79,97.16,96.07,95.53,95.53,94.99,94.45,94.45,93.36,93.36,93.36,93.36,92.28,92.28,92.28,92.28,91.73,91.73,89.56,90.10,90.10,90.10,90.10,90.10,89.56,89.56,89.56,87.39,87.93,87.93,87.93,87.93,87.93,87.93,87.93,87.39"
Rec-028_30s_2,6,3,3958,core,297,331,0.0,5.0,0.9864,301,334,309,337,1.0,True,91.3556,98.7882,87.3906,2.7993,91.1898,"98.79,97.16,95.53,95.53,94.45,93.36,93.36,92.28,92.28,94.45,93.36,93.36,93.36,92.28,91.73,91.19,91.19,90.65,91.19,91.19,90.65,90.65,90.10,89.56,89.56,89.56,89.02,89.02,89.02,88.48,88.48,87.93,87.93,87.39,87.39,87.39"
Rec-028_30s_2,6,4,3959,core,301,331,0.0,4.0,0.9888,305,334,313,337,1.0,True,91.235,99.331,86.8478,2.8673,90.9184,"99.33,97.16,95.53,94.99,94.45,93.36,92.28,92.28,91.19,94.99,94.45,93.36,92.28,92.28,91.73,91.19,90.65,90.10,91.19,91.19,90.65,90.10,90.10,89.56,89.56,89.02,88.48,89.02,89.02,88.48,88.48,87.93,87.93,87.93,87.39,86.85"
Rec-028_30s_2,6,5,3960,core,306,331,0.0,5.0,0.9871,310,334,318,337,1.0,True,90.3757,97.16,86.3051,2.4557,90.1043,"97.16,95.53,94.45,93.36,92.28,92.28,91.73,91.19,90.65,93.36,92.28,92.28,91.19,91.19,91.19,90.10,89.56,89.56,91.19,90.65,90.10,89.56,89.56,89.02,89.02,88.48,87.93,89.02,88.48,88.48,87.93,87.39,87.39,86.85,86.85,86.31"
Rec-028_30s_2,6,6,3961,core,310,331,0.0,4.0,0.9894,314,334,322,337,1.0,True,90.3003,97.7027,86.3051,2.5138,90.1043,"97.70,95.53,94.45,93.36,92.28,91.73,91.73,91.19,90.65,93.36,92.28,92.28,91.19,91.19,90.65,90.10,89.56,89.56,91.19,90.10,90.10,89.56,89.56,89.02,88.48,87.93,87.93,88.48,88.48,87.93,87.93,87.93,87.39,86.85,86.85,86.31"
Rec-028_30s_2,6,7,3962,core,315,331,0.0,5.0,0.9883,319,334,327,337,1.0,True,89.7726,95.5318,86.3051,2.1982,89.5616,"95.53,94.45,93.36,92.28,91.73,91.19,91.19,91.19,90.65,92.28,91.73,91.19,90.65,90.65,90.10,89.56,89.56,89.56,90.10,89.56,89.56,89.56,89.02,88.48,87.93,87.93,87.93,87.93,87.93,87.93,87.39,87.39,86.85,86.85,86.31,86.31"
Rec-028_30s_2,6,8,3963,core,319,331,0.0,4.0,0.9897,323,334,331,337,1.0,True,90.0742,96.0745,86.8478,2.167,90.1043,"96.07,94.45,93.36,92.28,92.28,91.73,91.73,91.73,91.73,92.28,91.73,91.19,91.19,90.65,90.10,90.10,90.10,90.10,90.10,89.56,89.56,89.56,89.02,89.02,88.48,88.48,88.48,87.93,87.93,87.93,87.93,87.93,87.39,86.85,86.85,86.85"
Rec-028_30s_2,6,9,3964,core,324,331,0.0,5.0,0.9893,328,334,336,337,1.0,True,90.632,95.5318,87.9333,2.1841,90.3757,"95.53,94.45,93.36,93.36,93.36,93.36,93.36,93.36,93.36,92.28,91.19,91.19,91.19,91.19,91.19,91.19,91.19,91.19,89.56,89.56,89.56,89.56,89.56,89.56,89.56,89.56,89.56,87.93,87.93,87.93,87.93,87.93,87.93,87.93,87.93,87.93"
Rec-028_30s_2,6,10,3965,core,328,331,0.0,4.0,0.9897,332,334,340,337,1.0,True,91.823,97.16,89.0188,2.3151,91.4612,"97.16,95.53,95.53,94.99,94.99,94.45,94.45,94.45,94.45,93.36,93.36,92.28,92.28,92.28,92.28,92.28,92.28,92.28,90.65,90.65,90.65,90.65,90.65,90.65,90.65,90.65,90.65,89.02,89.02,89.02,89.02,89.02,89.02,89.02,89.02,89.02"
Rec-028_30s_2,6,11,3966,core,333,331,0.0,5.0,0.9897,337,334,345,337,1.0,True,92.9085,98.2455,90.1043,2.2938,92.5467,"98.25,97.16,96.07,95.53,95.53,95.53,95.53,95.53,95.53,94.45,94.45,94.45,93.36,93.36,93.36,93.36,93.36,93.36,91.73,91.73,91.73,91.73,91.73,91.73,91.73,91.73,91.73,90.10,90.10,90.10,90.10,90.10,90.10,90.10,90.10,90.10"
Rec-028_30s_2,6,12,3967,core,342,331,0.0,9.0,0.99,346,334,354,337,1.0,True,93.1497,99.8737,86.8478,3.1212,92.818,"99.87,98.79,98.25,97.70,97.16,96.07,95.53,94.45,92.28,96.07,95.53,95.53,95.53,94.99,94.45,93.36,91.73,90.65,93.36,93.36,93.36,92.28,92.28,91.73,91.19,89.56,88.48,91.73,91.19,91.19,91.19,90.65,90.10,89.02,87.93,86.85"
Rec-028_30s_2,6,13,3968,core,351,331,0.0,9.0,0.9884,355,334,363,337,0.3333,False,78.9328,94.989,73.2792,6.3403,75.7216,"94.99,91.19,84.13,78.71,76.54,75.45,74.36,73.82,73.82,91.73,89.56,82.51,77.62,75.99,74.91,73.82,73.82,73.82,89.56,86.85,80.88,77.62,75.45,74.36,73.82,73.82,73.28,87.39,84.68,79.79,76.54,75.45,74.36,73.82,73.82,73.28"
Rec-028_30s_2,6,14,3969,core,355,330,14.04,4.12,0.991,359,333,367,336,0.0,False,75.1336,82.5059,73.2792,1.8904,74.3647,"82.51,78.71,76.54,75.99,74.91,74.36,74.36,73.82,73.82,78.71,77.08,75.99,74.91,74.91,74.36,73.82,73.82,73.82,77.62,75.99,75.45,74.91,74.36,73.82,73.82,73.82,73.28,76.54,75.45,74.91,74.36,73.82,73.82,73.82,73.28,73.28"
Rec-029_10s_2,1,1,2703,core,290,331,0.0,0.0,0.9869,294,334,302,337,1.0,True,84.3301,91.1898,80.3349,2.8002,83.8627,"91.19,89.56,89.02,88.48,87.93,87.93,86.85,86.31,85.76,85.76,85.76,85.76,85.76,85.76,85.22,84.68,84.13,84.13,83.05,83.05,83.59,83.59,83.05,83.05,83.05,82.51,81.96,80.88,81.42,81.42,81.42,80.88,80.88,80.88,80.88,80.33"
Rec-029_10s_2,1,2,2704,core,293,331,0.0,3.0,0.9866,297,334,305,337,1.0,True,84.4507,92.2753,79.7922,2.9322,84.1341,"92.28,90.65,89.56,88.48,87.93,86.85,85.76,85.22,84.68,87.93,87.39,86.31,85.76,85.76,84.68,84.13,83.59,83.05,84.13,84.13,84.13,83.59,83.59,83.05,82.51,81.96,81.42,81.96,81.96,81.96,81.96,81.42,80.88,80.88,80.88,79.79"
Rec-029_10s_2,1,3,2705,core,298,331,0.0,5.0,0.9855,302,334,310,337,1.0,True,83.3502,91.1898,78.7067,2.7301,83.0486,"91.19,89.02,87.93,86.85,85.76,85.22,84.13,83.59,82.51,86.85,85.76,85.22,84.68,84.13,83.59,83.05,81.96,80.88,84.13,84.13,83.59,83.05,82.51,81.96,81.42,80.33,79.79,82.51,81.96,81.42,81.42,80.88,80.88,79.79,79.79,78.71"
Rec-029_10s_2,1,4,2706,core,302,331,0.0,4.0,0.9881,306,334,314,337,1.0,True,82.325,91.1898,78.1639,2.8462,81.9631,"91.19,88.48,86.85,85.76,84.13,83.05,81.96,80.88,80.88,86.31,85.22,84.13,83.59,83.05,81.96,80.88,80.33,79.79,84.13,83.59,83.05,82.51,81.42,80.88,79.79,79.79,78.71,81.96,81.96,80.88,80.88,80.33,79.79,78.71,78.71,78.16"
Rec-029_10s_2,1,5,2707,core,311,331,0.0,9.0,0.9891,315,334,323,337,1.0,True,81.8727,86.8478,79.7922,1.6457,81.4204,"86.85,85.22,84.13,84.13,83.59,83.59,83.05,83.05,83.05,83.05,83.05,82.51,82.51,82.51,81.96,81.96,81.96,81.42,81.42,81.42,80.88,80.88,80.88,80.88,80.88,80.88,80.88,80.88,80.33,80.33,80.33,79.79,79.79,79.79,79.79,79.79"
Rec-029_10s_2,1,6,2708,core,320,331,0.0,9.0,0.9894,324,334,332,337,1.0,True,84.0286,88.4761,81.9631,1.5917,83.8627,"88.48,87.39,86.31,85.76,85.76,85.76,85.76,85.76,85.76,85.22,84.68,84.13,84.13,84.13,84.13,84.13,84.13,84.68,83.05,83.05,83.05,83.05,83.05,83.05,83.05,83.05,83.59,81.96,81.96,81.96,82.51,82.51,82.51,82.51,82.51,82.51"
Rec-029_10s_2,1,7,2709,core,325,331,0.0,5.0,0.9882,329,334,337,337,1.0,True,85.6417,89.5616,83.0486,1.7499,85.491,"89.56,88.48,87.93,87.93,87.93,87.93,87.93,87.93,87.93,86.31,85.76,85.76,85.76,85.76,85.76,86.31,86.31,86.85,84.13,84.68,84.68,84.68,84.68,84.68,84.68,85.22,85.22,83.05,83.05,83.59,83.59,83.59,83.59,84.13,83.59,84.13"
Rec-029_10s_2,1,8,2710,core,329,331,0.0,4.0,0.9895,333,334,341,337,1.0,True,87.0891,91.1898,84.6769,2.0285,87.1192,"91.19,90.10,90.10,90.10,89.56,89.56,89.56,89.56,89.56,87.93,87.93,87.93,87.93,87.93,87.93,87.93,87.93,87.93,85.76,85.76,85.76,86.31,85.76,85.76,85.76,85.76,85.76,84.68,84.68,84.68,84.68,84.68,84.68,84.68,84.68,84.68"
Rec-029_10s_2,1,9,2711,core,334,331,0.0,5.0,0.9891,338,334,346,337,1.0,True,88.1444,92.2753,84.6769,2.1645,87.9333,"92.28,91.73,91.19,91.19,91.19,91.19,90.65,90.65,90.65,89.56,89.02,89.02,89.02,89.02,89.02,88.48,88.48,88.48,87.39,87.39,87.39,86.85,86.85,86.85,86.85,86.85,86.31,85.76,85.76,85.76,85.76,85.76,85.22,85.76,85.22,84.68"
Rec-029_10s_2,1,10,2712,core,338,331,0.0,4.0,0.9895,342,334,350,337,1.0,True,88.7776,94.4463,84.6769,2.5115,88.4761,"94.45,93.36,92.28,92.28,91.73,91.73,91.73,91.19,91.19,90.10,90.10,90.10,89.56,89.56,89.56,89.56,89.56,89.02,87.93,87.93,87.93,87.93,87.93,87.39,86.85,86.85,86.31,86.31,86.31,86.31,85.76,85.76,85.76,85.76,85.22,84.68"
Rec-029_10s_2,1,11,2713,core,343,331,0.0,5.0,0.9888,347,334,355,337,1.0,True,87.9333,94.4463,81.4204,3.1231,87.9333,"94.45,93.36,93.36,92.28,91.73,91.19,90.65,89.56,88.48,90.65,90.65,90.10,90.10,89.56,88.48,87.93,87.39,85.76,87.93,87.93,87.93,87.93,86.85,85.76,85.76,84.68,83.59,86.85,86.31,85.76,85.76,84.68,84.13,83.59,83.05,81.42"
Rec-029_10s_2,1,12,2714,core,347,331,0.0,4.0,0.9871,351,334,359,337,0.7778,False,84.1643,95.5318,75.4502,5.6995,84.9482,"95.53,93.36,92.28,91.19,90.10,87.93,81.96,77.62,75.99,91.19,90.10,89.56,88.48,87.39,85.22,80.33,77.08,75.99,87.93,87.39,86.85,85.76,84.68,83.05,78.71,76.54,75.45,85.76,85.22,84.13,84.13,83.05,80.88,77.62,75.99,75.45"
Rec-029_10s_2,1,13,2715,core,352,331,0.0,5.0,0.9863,356,334,364,337,0.2222,False,77.2593,89.5616,74.3647,3.6543,75.9929,"89.56,83.05,78.71,77.08,75.99,75.45,74.91,74.36,74.36,86.31,81.42,78.16,76.54,75.99,75.45,74.91,74.91,74.36,84.13,79.79,77.62,76.54,75.99,75.45,74.91,74.36,74.36,81.96,78.71,76.54,75.99,75.45,74.91,74.36,74.36,74.36"
Rec-029_10s_2,1,14,2716,core,355,331,0.0,3.0,0.9832,359,334,367,337,0.0,False,75.6613,80.3349,74.3647,1.2355,75.4502,"80.33,77.62,77.08,75.99,75.99,75.45,74.91,74.91,74.91,78.16,77.08,75.99,75.99,75.99,75.45,74.91,74.91,74.36,77.08,75.99,75.99,75.45,75.45,74.91,74.91,74.36,74.36,75.99,75.99,75.45,74.91,74.91,74.91,74.36,74.36,74.36"
Rec-029_10s_2,2,1,2847,core,290,331,-135.0,1.41,0.987,294,334,302,337,1.0,True,87.1644,92.2753,82.5059,3.1162,86.8478,"92.28,92.28,91.73,91.73,91.73,91.19,91.19,91.19,90.65,87.93,88.48,88.48,88.48,88.48,88.48,88.48,87.93,87.93,84.68,85.22,85.76,85.76,85.76,85.76,85.76,85.76,85.22,82.51,83.05,83.59,83.59,83.59,83.59,83.59,83.05,83.05"
Rec-029_10s_2,2,2,2848,core,302,331,0.0,12.0,0.988,306,334,314,337,1.0,True,87.4509,96.0745,83.0486,3.1225,87.1192,"96.07,94.45,92.28,91.19,90.65,89.56,89.02,88.48,87.93,91.19,90.65,89.56,89.02,88.48,87.93,86.85,86.31,85.76,87.93,87.93,87.39,86.31,85.76,85.76,85.22,84.13,84.13,85.76,85.22,85.22,84.68,84.13,84.13,83.05,83.05,83.05"
Rec-029_10s_2,2,3,2849,core,307,331,0.0,5.0,0.9852,311,334,319,337,1.0,True,86.6066,93.3608,83.0486,2.5342,86.3051,"93.36,91.19,90.65,89.56,89.56,89.02,89.02,87.93,87.93,89.56,89.02,87.93,87.93,87.39,86.85,86.31,86.31,86.31,86.85,86.31,85.76,85.76,85.22,85.22,84.68,84.13,84.13,84.68,84.13,84.13,84.13,84.13,83.59,83.05,83.05,83.05"
Rec-029_10s_2,2,4,2850,core,311,331,0.0,4.0,0.989,315,334,323,337,1.0,True,87.0137,93.3608,83.5914,2.4964,86.8478,"93.36,91.73,91.19,90.10,89.56,89.56,89.56,89.02,88.48,89.56,88.48,87.93,87.93,87.93,87.93,87.39,87.39,86.85,86.85,86.31,85.76,85.76,85.76,85.76,85.76,85.22,85.22,84.68,84.13,84.13,84.13,84.13,84.13,83.59,83.59,83.59"
Rec-029_10s_2,2,5,2851,core,316,331,0.0,5.0,0.9865,320,334,328,337,1.0,True,87.3303,92.2753,84.1341,2.3581,87.3906,"92.28,91.19,91.19,90.65,90.10,90.10,89.56,89.56,89.56,89.56,89.02,88.48,88.48,87.93,87.93,87.93,87.93,87.93,86.85,86.31,86.31,86.31,85.76,85.76,85.76,85.76,85.76,85.22,84.68,84.68,84.68,84.13,84.13,84.13,84.13,84.13"
Rec-029_10s_2,2,6,2852,core,320,331,0.0,4.0,0.9895,324,334,332,337,1.0,True,88.4007,94.4463,85.2196,2.3698,88.2047,"94.45,92.28,91.73,91.19,91.19,91.19,91.19,90.65,90.65,90.10,89.56,89.56,89.56,89.02,89.02,89.02,88.48,88.48,87.93,87.93,87.39,87.39,87.39,87.39,86.85,86.85,86.85,85.76,85.76,85.76,85.76,85.22,85.22,85.22,85.22,85.22"
Rec-029_10s_2,2,7,2853,core,325,331,0.0,5.0,0.9871,329,334,337,337,1.0,True,88.8681,94.4463,85.7624,2.3505,88.7475,"94.45,93.36,92.28,92.28,91.73,91.19,91.19,91.19,90.65,90.65,90.10,90.10,89.56,89.56,89.56,89.02,89.02,89.56,88.48,87.93,87.93,87.93,87.93,87.93,87.39,87.39,87.39,86.31,86.31,86.31,85.76,85.76,85.76,85.76,85.76,85.76"
Rec-029_10s_2,2,8,2854,core,329,331,0.0,4.0,0.9896,333,334,341,337,1.0,True,89.848,95.5318,86.8478,2.3221,89.8329,"95.53,94.45,93.36,92.28,92.28,92.28,92.28,92.28,92.28,91.73,91.19,90.65,90.65,90.65,90.65,90.10,90.10,90.10,89.56,89.02,88.48,89.02,88.48,88.48,88.48,88.48,88.48,87.39,87.39,86.85,87.39,86.85,86.85,86.85,86.85,86.85"
Rec-029_10s_2,2,9,2855,core,334,331,0.0,5.0,0.9876,338,334,346,337,1.0,True,90.5717,94.989,87.3906,2.3524,90.3757,"94.99,94.45,94.45,94.45,93.36,93.36,93.36,93.36,93.36,91.73,91.73,91.19,91.19,91.19,91.19,91.19,91.19,91.19,89.56,89.56,89.56,89.56,89.56,89.56,89.56,89.02,89.02,87.93,87.93,87.93,87.93,87.39,87.39,87.39,87.39,87.39"
Rec-029_10s_2,2,10,2856,core,338,331,0.0,4.0,0.9894,342,334,350,337,1.0,True,91.3255,97.16,86.8478,2.7567,90.9184,"97.16,95.53,95.53,95.53,94.99,94.99,94.45,94.45,94.45,93.36,92.28,92.28,92.28,92.28,92.28,91.73,91.73,91.19,90.65,90.10,90.10,90.10,90.10,89.56,89.56,89.56,89.56,88.48,88.48,88.48,88.48,87.93,87.93,87.93,87.39,86.85"
Rec-029_10s_2,2,11,2857,core,343,331,0.0,5.0,0.9877,347,334,355,337,1.0,True,90.7224,97.7027,84.1341,3.3801,90.6471,"97.70,96.62,96.07,95.53,94.99,94.45,93.36,92.28,90.65,94.45,93.36,93.36,93.36,92.28,91.19,91.19,89.56,87.93,91.19,91.19,90.65,90.65,89.56,89.02,87.93,87.39,85.76,89.02,89.02,88.48,87.93,87.93,86.85,85.76,85.22,84.13"
Rec-029_10s_2,2,12,2858,core,347,331,0.0,4.0,0.9882,351,334,359,337,0.7778,False,86.1091,98.2455,75.4502,6.6351,87.1192,"98.25,96.62,95.53,94.45,92.28,89.56,83.05,78.16,76.54,94.45,93.36,92.28,91.19,89.56,86.85,81.42,77.62,75.99,91.19,90.10,89.56,88.48,86.85,85.22,80.33,77.08,75.99,88.48,87.93,87.39,85.76,84.68,83.05,78.71,76.54,75.45"
Rec-029_10s_2,2,13,2859,core,352,331,0.0,5.0,0.9858,356,334,364,337,0.2222,False,77.7719,91.7325,74.3647,4.3223,75.9929,"91.73,84.68,79.79,77.62,75.99,75.99,75.45,74.91,74.36,88.48,83.05,78.71,77.08,75.99,75.45,74.91,74.91,74.36,85.76,80.88,77.62,76.54,75.99,74.91,74.91,74.36,74.36,84.13,79.79,77.62,75.99,75.45,74.91,74.36,74.36,74.36"
Rec-029_10s_2,2,14,2860,core,355,331,0.0,3.0,0.9836,359,334,367,337,0.0,False,75.7065,80.3349,73.822,1.3263,75.4502,"80.33,78.16,77.08,75.99,75.99,75.45,74.91,74.91,74.36,78.16,77.08,76.54,75.99,75.45,75.45,74.91,74.91,74.91,77.62,76.54,75.99,75.45,75.45,74.91,74.91,74.36,74.36,76.54,75.99,75.45,75.45,74.91,74.36,74.36,74.36,73.82"
Rec-029_10s_2,3,1,2984,core,290,331,0.0,0.0,0.9881,294,334,302,337,1.0,True,89.6822,95.5318,84.6769,2.995,89.5616,"95.53,94.45,94.45,93.36,93.36,93.36,93.36,93.36,92.28,90.65,90.65,91.19,91.19,91.19,91.19,91.19,90.65,90.65,87.39,87.93,88.48,88.48,88.48,88.48,88.48,87.93,87.93,84.68,85.76,85.76,86.31,86.31,86.31,86.31,85.76,85.76"
Rec-029_10s_2,3,2,2985,core,299,331,0.0,9.0,0.9873,303,334,311,337,1.0,True,90.4812,98.7882,85.7624,3.0591,89.8329,"98.79,96.62,95.53,94.45,93.36,93.36,92.28,91.73,91.19,94.45,93.36,92.28,91.73,91.19,91.19,90.65,89.56,89.56,90.65,90.10,89.56,89.56,89.56,89.02,88.48,87.93,87.93,87.93,87.93,87.93,87.39,87.39,86.85,86.31,85.76,85.76"
Rec-029_10s_2,3,3,2986,core,304,331,0.0,5.0,0.9878,308,334,316,337,1.0,True,89.7877,97.16,85.7624,2.7833,89.5616,"97.16,95.53,94.45,93.36,92.28,92.28,91.19,91.19,90.65,93.36,92.28,91.19,91.19,90.65,90.10,89.56,89.56,89.02,90.10,89.56,89.56,89.02,88.48,87.93,87.93,87.39,87.39,87.93,87.93,87.39,86.85,86.85,85.76,85.76,85.76,85.76"
Rec-029_10s_2,3,4,2987,core,313,331,0.0,9.0,0.9891,317,334,325,337,1.0,True,89.637,95.5318,85.7624,2.3835,89.5616,"95.53,94.45,93.36,92.28,92.28,91.73,91.73,91.19,91.19,92.28,91.73,91.19,90.65,90.10,90.10,89.56,89.56,89.56,89.56,89.56,89.02,89.02,88.48,87.93,87.93,87.93,87.93,87.39,87.39,87.39,87.39,86.85,86.31,86.31,86.31,85.76"
Rec-029_10s_2,3,5,2988,core,317,331,0.0,4.0,0.9884,321,334,329,337,1.0,True,90.2852,96.0745,87.3906,2.3133,90.1043,"96.07,94.99,93.36,93.36,93.36,92.28,92.28,92.28,92.28,92.28,91.73,91.19,91.19,91.19,90.65,90.65,90.65,90.65,89.56,89.56,89.56,89.02,89.02,89.02,89.02,89.02,89.02,87.93,87.39,87.39,87.39,87.39,87.39,87.39,87.39,87.39"
Rec-029_10s_2,3,6,2989,core,326,331,0.0,9.0,0.9883,330,334,338,337,1.0,True,92.0793,98.2455,88.4761,2.5526,91.7325,"98.25,96.62,95.53,95.53,95.53,94.99,94.99,94.45,94.45,94.45,93.36,93.36,93.36,92.28,92.28,92.28,92.28,92.28,91.19,91.19,91.19,91.19,90.65,90.65,90.65,90.65,90.65,89.02,89.02,89.02,89.02,89.02,89.02,89.02,88.48,89.02"
Rec-029_10s_2,3,7,2990,core,335,331,0.0,9.0,0.9881,339,334,347,337,1.0,True,93.3156,99.8737,89.5616,2.7892,92.818,"99.87,98.25,97.70,96.62,96.62,96.07,96.07,95.53,95.53,95.53,95.53,94.99,94.45,94.45,94.45,94.45,94.45,93.36,92.28,92.28,92.28,92.28,91.73,91.73,91.19,91.19,91.19,90.65,90.10,90.10,90.10,90.10,89.56,89.56,89.56,89.56"
Rec-029_10s_2,3,8,2991,core,340,331,0.0,5.0,0.9899,344,334,352,337,1.0,True,93.1799,99.331,87.9333,2.8918,92.2753,"99.33,98.25,97.70,97.16,97.16,96.62,95.53,95.53,94.45,95.53,95.53,95.53,94.99,94.45,94.45,93.36,92.28,91.73,93.36,92.28,92.28,92.28,92.28,91.73,91.19,90.65,89.56,91.19,91.19,90.65,90.65,90.10,89.56,89.56,88.48,87.93"
Rec-029_10s_2,3,9,2992,core,344,331,0.0,4.0,0.9867,348,334,356,337,1.0,True,91.6119,100.4165,83.0486,3.9947,91.1898,"100.42,98.79,98.25,96.62,95.53,94.99,93.36,91.19,89.02,96.07,95.53,94.99,94.45,93.36,92.28,91.19,89.56,86.85,93.36,93.36,92.28,91.73,91.19,90.10,88.48,86.85,84.68,91.19,90.65,90.10,89.56,89.02,87.93,86.85,85.22,83.05"
Rec-029_10s_2,3,10,2993,core,349,331,0.0,5.0,0.9886,353,334,361,337,0.5556,False,83.124,97.7027,74.3647,7.1618,81.6918,"97.70,95.53,93.36,91.19,84.13,78.71,77.08,75.99,75.45,94.45,92.28,91.19,87.93,82.51,78.16,76.54,75.99,75.45,91.19,90.10,88.48,85.76,80.88,77.62,75.99,75.45,74.36,88.48,87.93,85.76,84.13,79.79,77.08,75.99,75.45,74.36"
Rec-029_10s_2,3,11,2994,core,353,331,0.0,4.0,0.9855,357,334,365,337,0.1111,False,76.8674,86.8478,74.3647,2.867,75.9929,"86.85,80.88,78.16,77.08,75.99,75.99,75.45,74.91,74.91,84.13,79.79,77.62,75.99,75.99,75.45,74.91,74.91,74.91,81.96,78.71,77.08,75.99,75.45,75.45,74.91,74.36,74.36,80.88,77.62,76.54,75.99,75.45,74.91,74.91,74.36,74.36"
Rec-029_10s_2,3,12,2995,core,356,330,18.43,3.16,0.9874,360,333,368,336,0.0,False,75.6763,80.8776,73.822,1.4381,75.4502,"80.88,78.16,77.08,76.54,75.99,75.45,75.45,74.91,74.36,78.71,77.08,75.99,75.99,75.45,74.91,74.36,74.36,74.36,77.08,75.99,75.99,75.99,75.45,74.91,74.36,74.36,73.82,76.54,75.99,75.99,75.45,74.91,74.91,74.36,74.36,73.82"
Rec-029_10s_2,4,1,3126,core,290,331,0.0,0.0,0.988,294,334,302,337,1.0,True,90.843,97.16,85.7624,2.9427,90.3757,"97.16,95.53,94.99,94.99,94.99,94.45,94.45,94.45,93.36,91.19,91.73,92.28,92.28,92.28,92.28,91.73,91.73,91.19,88.48,89.02,89.56,89.56,89.56,89.56,89.56,89.56,89.56,85.76,86.85,87.39,87.39,87.39,87.39,87.93,87.39,87.39"
Rec-029_10s_2,4,2,3127,core,292,331,0.0,2.0,0.9866,296,334,304,337,1.0,True,91.6572,98.7882,87.9333,2.9649,90.9184,"98.79,97.16,96.07,95.53,95.53,94.99,94.45,94.45,93.36,94.45,93.36,93.36,93.36,92.28,92.28,92.28,91.73,91.19,90.65,90.65,90.65,90.65,90.65,90.65,90.10,89.56,89.56,87.93,87.93,88.48,87.93,87.93,87.93,87.93,87.93,87.93"
Rec-029_10s_2,4,3,3128,core,297,331,0.0,5.0,0.9851,301,334,309,337,1.0,True,91.5366,98.7882,86.8478,2.7827,91.1898,"98.79,97.16,95.53,95.53,94.45,93.36,93.36,92.28,92.28,94.99,94.45,93.36,93.36,92.28,92.28,91.19,91.19,90.65,91.73,91.19,91.19,91.19,90.65,89.56,89.56,89.56,89.02,89.56,89.56,89.02,88.48,88.48,87.93,87.93,87.39,86.85"
Rec-029_10s_2,4,4,3129,core,306,331,0.0,9.0,0.9859,310,334,318,337,1.0,True,90.7375,97.16,86.8478,2.4424,90.6471,"97.16,95.53,94.45,93.36,93.36,92.28,92.28,91.73,91.19,94.45,93.36,92.28,91.73,91.73,91.19,90.65,90.10,90.10,91.19,90.65,90.65,90.10,89.56,89.56,89.02,89.02,88.48,89.56,88.48,88.48,87.93,87.93,87.93,87.39,86.85,86.85"
Rec-029_10s_2,4,5,3130,core,310,331,0.0,4.0,0.9896,314,334,322,337,1.0,True,90.5868,97.7027,86.8478,2.413,90.6471,"97.70,95.53,94.45,93.36,92.28,92.28,92.28,91.19,91.19,93.36,92.28,92.28,91.73,91.19,91.19,90.65,90.65,90.10,91.19,90.65,90.10,89.56,89.56,89.56,89.56,89.02,88.48,88.48,88.48,87.93,87.93,87.93,87.93,87.39,86.85,86.85"
Rec-029_10s_2,4,6,3131,core,319,331,0.0,9.0,0.9902,323,334,331,337,1.0,True,91.5667,97.16,88.4761,2.1741,91.4612,"97.16,95.53,94.45,94.45,94.45,93.36,93.36,93.36,93.36,93.36,93.36,92.28,92.28,92.28,92.28,91.73,92.28,91.73,91.19,91.19,90.65,90.65,90.65,90.65,90.65,90.10,90.10,89.02,89.02,89.02,89.02,89.02,89.02,88.48,88.48,88.48"
Rec-029_10s_2,4,7,3132,core,324,331,0.0,5.0,0.9883,328,334,336,337,1.0,True,92.4261,97.16,89.5616,2.2217,92.5467,"97.16,95.53,95.53,94.99,94.99,94.99,94.99,94.99,94.99,94.45,93.36,93.36,93.36,93.36,93.36,93.36,93.36,93.36,91.73,91.73,91.19,91.19,91.19,91.19,91.19,91.19,91.19,89.56,89.56,89.56,89.56,89.56,89.56,89.56,89.56,89.56"
Rec-029_10s_2,4,8,3133,core,328,331,0.0,4.0,0.9905,332,334,340,337,1.0,True,93.5115,98.2455,90.6471,2.2763,93.3608,"98.25,97.16,96.62,96.62,96.07,96.07,96.07,96.07,96.07,95.53,94.45,94.45,94.45,94.45,94.45,94.45,94.45,94.45,92.28,92.28,92.28,92.28,92.28,92.28,92.28,92.28,92.28,90.65,90.65,90.65,90.65,90.65,90.65,90.65,90.65,90.65"
Rec-029_10s_2,4,9,3134,core,333,331,0.0,5.0,0.9892,337,334,345,337,1.0,True,94.4764,99.331,91.1898,2.5132,94.1749,"99.33,98.25,98.25,97.70,97.70,97.70,97.70,97.16,97.16,96.07,95.53,95.53,95.53,95.53,95.53,95.53,95.53,94.99,93.36,93.36,93.36,93.36,93.36,93.36,93.36,93.36,92.28,91.19,91.19,91.73,91.19,91.19,91.19,91.19,91.19,91.19"
Rec-029_10s_2,4,10,3135,core,337,331,0.0,4.0,0.9906,341,334,349,337,1.0,True,94.9589,100.9592,90.6471,2.7465,94.7176,"100.96,99.87,98.79,98.25,98.25,98.25,98.25,97.16,96.62,97.16,97.16,96.62,96.62,96.07,95.53,95.53,95.53,94.99,94.45,94.45,94.45,94.45,93.36,93.36,93.36,93.36,92.28,92.28,91.73,91.73,91.73,91.73,91.19,91.19,91.19,90.65"
Rec-029_10s_2,4,11,3136,core,342,331,0.0,5.0,0.9896,346,334,354,337,1.0,True,93.8734,100.9592,87.3906,3.2362,93.3608,"100.96,99.87,98.79,98.25,97.70,96.62,95.53,94.99,93.36,97.70,97.16,96.62,96.07,95.53,94.99,93.36,92.28,91.19,94.99,94.45,94.45,93.36,93.36,92.28,91.19,90.65,89.56,92.28,92.28,91.73,91.19,91.19,90.10,89.56,88.48,87.39"
Rec-029_10s_2,4,12,3137,core,346,331,0.0,4.0,0.9895,350,334,358,337,0.8889,False,89.5917,100.9592,76.5357,6.4269,90.9184,"100.96,99.33,97.70,96.07,94.99,93.36,90.65,83.59,78.71,97.16,96.07,95.53,94.45,92.28,91.19,88.48,82.51,77.62,94.45,93.36,92.28,91.73,90.10,89.02,86.31,80.88,77.62,91.73,91.19,90.65,89.56,88.48,86.85,84.13,79.79,76.54"
Rec-029_10s_2,4,13,3138,core,355,331,0.0,9.0,0.9888,359,334,367,337,0.0,False,75.6311,79.7922,73.822,1.3295,75.4502,"79.79,77.62,77.08,75.99,75.99,75.45,74.91,74.91,74.36,78.16,77.08,75.99,75.99,75.99,75.45,74.91,74.36,74.36,77.62,76.54,75.99,75.99,75.45,74.91,74.36,74.36,73.82,77.08,75.99,75.45,75.45,74.91,74.36,74.36,73.82,73.82"
Rec-029_10s_2,5,1,3267,core,291,331,0.0,1.0,0.9848,295,334,303,337,1.0,True,92.3205,97.7027,87.9333,2.7329,92.2753,"97.70,96.62,96.62,96.07,96.07,95.53,95.53,95.53,94.99,93.36,93.36,93.36,93.36,93.36,93.36,93.36,93.36,93.36,90.10,91.19,91.19,91.19,91.19,91.19,91.19,91.19,90.65,87.93,88.48,89.02,89.02,89.02,89.02,89.02,89.02,89.02"
Rec-029_10s_2,5,2,3268,core,295,331,0.0,4.0,0.9866,299,334,307,337,1.0,True,93.0743,99.8737,89.0188,2.8332,92.2753,"99.87,98.25,97.70,97.16,96.07,96.07,95.53,94.99,94.45,95.53,95.53,94.99,94.45,94.45,94.45,93.36,93.36,92.28,92.28,92.28,92.28,92.28,91.73,91.19,91.19,91.19,90.65,90.10,90.10,90.10,90.10,89.56,89.56,89.56,89.02,89.02"
Rec-029_10s_2,5,3,3269,core,299,331,0.0,4.0,0.9883,303,334,311,337,1.0,True,92.9537,101.502,87.9333,2.9848,92.2753,"101.50,98.79,97.70,96.62,95.53,95.53,94.45,94.45,93.36,96.62,95.53,94.99,94.45,94.45,93.36,92.28,92.28,91.73,93.36,93.36,92.28,92.28,91.73,91.19,91.19,90.65,90.10,90.65,90.65,90.10,90.10,89.56,89.56,89.02,89.02,87.93"
Rec-029_10s_2,5,4,3270,core,304,331,0.0,5.0,0.9874,308,334,316,337,1.0,True,91.9587,99.331,87.9333,2.6937,91.7325,"99.33,97.70,96.07,95.53,94.45,93.36,93.36,92.28,91.73,95.53,94.99,94.45,93.36,92.28,92.28,91.73,91.19,90.65,92.28,92.28,91.73,91.19,91.19,90.65,90.10,89.56,89.56,90.65,90.10,89.56,89.56,89.56,88.48,87.93,87.93,87.93"
Rec-029_10s_2,5,5,3271,core,326,331,0.0,22.0,0.9898,330,334,338,337,1.0,True,93.2402,98.2455,90.1043,2.1141,92.818,"98.25,96.62,96.07,95.53,95.53,95.53,95.53,95.53,95.53,94.45,94.45,94.45,94.45,94.45,93.36,94.45,94.45,93.36,92.28,92.28,92.28,92.28,92.28,91.73,91.73,92.28,92.28,90.65,90.65,90.65,90.65,90.65,90.10,90.65,90.65,90.65"
Rec-029_10s_2,5,6,3272,core,331,331,0.0,5.0,0.9907,335,334,343,337,1.0,True,94.1146,98.2455,91.1898,2.2606,94.1749,"98.25,97.70,97.16,97.16,97.16,96.62,96.62,96.62,96.62,95.53,95.53,95.53,94.99,94.99,94.99,94.99,94.99,94.99,93.36,93.36,93.36,93.36,93.36,93.36,92.28,92.28,92.28,91.19,91.19,91.19,91.19,91.19,91.19,91.19,91.19,91.19"
Rec-029_10s_2,5,7,3273,core,335,331,0.0,4.0,0.99,339,334,347,337,1.0,True,95.0041,100.4165,91.1898,2.3881,94.989,"100.42,98.79,98.25,98.25,98.25,97.70,97.70,97.70,97.16,96.62,96.07,96.07,95.53,95.53,95.53,95.53,95.53,95.53,94.45,94.45,94.45,94.45,94.45,94.45,93.36,93.36,93.36,92.28,92.28,92.28,92.28,91.73,91.73,91.73,91.73,91.19"
Rec-029_10s_2,5,8,3274,core,340,331,0.0,5.0,0.9908,344,334,352,337,1.0,True,94.8986,100.9592,89.5616,2.8129,94.989,"100.96,99.87,98.79,98.79,98.25,98.25,97.70,96.62,95.53,97.70,97.16,97.16,96.62,96.07,95.53,95.53,94.45,93.36,94.99,94.99,94.99,94.45,94.45,93.36,93.36,92.28,91.19,92.28,92.28,92.28,92.28,91.73,91.73,91.19,90.65,89.56"
Rec-029_10s_2,5,9,3275,core,344,331,0.0,4.0,0.9889,348,334,356,337,1.0,True,93.1196,101.502,84.6769,3.8023,92.2753,"101.50,99.87,98.79,98.25,97.16,96.07,94.99,92.28,91.19,97.70,97.16,96.62,95.53,94.99,93.36,92.28,91.19,88.48,94.99,94.45,94.45,93.36,92.28,91.19,90.10,89.02,86.85,92.28,92.28,91.73,91.19,90.65,89.56,88.48,87.39,84.68"
Rec-029_10s_2,5,10,3276,core,349,331,0.0,5.0,0.9893,353,334,361,337,0.5556,False,83.9683,98.2455,74.3647,7.6828,83.0486,"98.25,96.62,94.45,92.28,85.22,79.79,77.08,75.99,75.45,94.99,94.45,92.28,89.56,83.59,78.71,76.54,75.99,74.91,92.28,91.73,90.10,87.93,82.51,78.16,75.99,75.45,74.91,90.65,89.56,87.93,85.76,80.88,77.62,75.99,74.91,74.36"
Rec-029_10s_2,5,11,3277,core,356,330,8.13,7.07,0.9885,360,333,368,336,0.0,False,75.6914,80.3349,73.822,1.4271,75.4502,"80.33,78.16,77.08,76.54,75.99,75.45,74.91,74.91,74.36,78.71,77.08,76.54,75.99,75.45,74.91,74.91,74.36,74.36,77.62,76.54,75.99,75.99,75.45,74.91,74.36,74.36,73.82,76.54,75.99,75.99,75.45,74.91,74.91,74.36,73.82,73.82"
Rec-029_10s_2,6,1,3399,core,290,331,0.0,0.0,0.9878,294,334,302,337,1.0,True,92.8934,98.7882,87.9333,2.9978,92.5467,"98.79,97.70,97.16,97.16,97.16,96.62,96.62,96.07,95.53,93.36,93.36,94.45,94.45,94.45,94.45,94.45,94.45,93.36,90.10,90.65,91.19,91.73,91.73,91.73,91.73,91.73,91.19,87.93,88.48,89.02,89.56,89.56,89.56,89.56,89.56,89.56"
Rec-029_10s_2,6,2,3400,core,298,331,0.0,8.0,0.9875,302,334,310,337,1.0,True,93.5869,100.9592,89.5616,2.7538,93.3608,"100.96,98.79,98.25,97.16,96.07,95.53,94.99,94.45,94.45,97.16,96.07,95.53,95.53,94.45,94.45,93.36,92.28,92.28,94.45,93.36,93.36,93.36,92.28,92.28,91.73,91.19,90.65,91.73,91.19,91.19,91.19,90.65,90.10,89.56,89.56,89.56"
Rec-029_10s_2,6,3,3401,core,302,331,0.0,4.0,0.9897,306,334,314,337,1.0,True,93.3005,101.502,89.0188,2.8079,93.3608,"101.50,98.79,97.70,96.62,95.53,95.53,94.45,94.45,93.36,97.16,95.53,95.53,94.45,94.45,93.36,93.36,92.28,92.28,94.45,93.36,93.36,92.28,92.28,91.73,91.19,91.19,90.65,91.19,91.19,91.19,90.65,90.65,89.56,89.56,89.02,89.02"
Rec-029_10s_2,6,4,3402,core,307,331,0.0,5.0,0.9881,311,334,319,337,1.0,True,92.4562,98.7882,88.4761,2.4507,92.2753,"98.79,97.16,96.07,95.53,94.99,94.45,94.45,93.36,92.28,95.53,94.99,94.45,94.45,93.36,92.28,92.28,91.73,91.19,93.36,92.28,92.28,91.73,91.19,91.19,90.65,90.10,90.10,91.19,91.19,90.10,90.10,89.56,89.56,89.02,89.02,88.48"
Rec-029_10s_2,6,5,3403,core,311,331,0.0,4.0,0.9904,315,334,323,337,1.0,True,92.2753,98.7882,88.4761,2.4103,92.0039,"98.79,97.16,96.07,95.53,94.45,94.45,93.36,93.36,92.28,95.53,94.45,94.45,93.36,93.36,92.28,92.28,91.73,91.19,92.28,92.28,91.73,91.19,91.19,91.19,90.65,90.10,89.56,91.19,90.65,90.10,90.10,89.56,89.56,89.02,89.02,88.48"
Rec-029_10s_2,6,6,3404,core,316,331,0.0,5.0,0.989,320,334,328,337,1.0,True,91.8532,97.7027,88.4761,2.1449,91.4612,"97.70,96.07,95.53,94.45,94.45,93.36,93.36,92.28,92.28,94.45,94.45,93.36,92.28,92.28,92.28,91.73,91.19,91.19,92.28,91.73,91.19,91.19,91.19,90.65,90.10,90.10,90.10,90.10,90.10,90.10,89.56,89.56,89.56,89.02,89.02,88.48"
Rec-029_10s_2,6,7,3405,core,329,331,0.0,13.0,0.9899,333,334,341,337,1.0,True,94.2653,99.331,91.1898,2.2813,94.1749,"99.33,98.25,97.70,97.16,96.62,96.62,96.62,96.62,96.07,96.07,95.53,95.53,95.53,94.99,94.99,94.99,94.99,94.99,93.36,93.36,93.36,93.36,93.36,93.36,93.36,93.36,92.28,91.73,91.19,91.19,91.73,91.19,91.19,91.19,91.19,91.19"
Rec-029_10s_2,6,8,3406,core,338,331,0.0,9.0,0.9895,342,334,350,337,1.0,True,96.0444,102.0447,91.7325,2.6215,95.5318,"102.04,100.96,99.87,99.33,99.33,98.79,98.25,98.25,97.70,98.25,98.25,97.70,97.70,97.16,96.62,96.62,96.07,95.53,95.53,95.53,95.53,94.99,94.99,94.99,94.45,94.45,93.36,93.36,93.36,93.36,93.36,93.36,92.28,92.28,92.28,91.73"
Rec-029_10s_2,6,9,3407,core,343,331,0.0,5.0,0.9894,347,334,355,337,1.0,True,94.4915,102.0447,87.3906,3.4549,94.7176,"102.04,100.96,99.87,99.33,98.25,97.16,95.53,94.99,92.28,98.25,98.25,97.70,97.16,96.07,94.99,94.45,92.28,91.19,95.53,95.53,94.99,94.99,93.36,92.28,91.73,90.65,89.02,94.45,93.36,93.36,92.28,91.73,91.19,90.10,89.02,87.39"
Rec-029_10s_2,6,10,3408,core,347,331,0.0,4.0,0.9879,351,334,359,337,0.7778,False,88.3555,101.502,75.9929,7.5293,90.3757,"101.50,99.33,97.70,96.07,94.45,91.19,84.13,78.71,76.54,97.70,96.07,95.53,94.45,91.73,89.56,83.05,78.16,75.99,94.99,94.45,92.28,91.19,89.56,87.39,81.96,78.16,75.99,92.28,91.73,91.19,89.56,87.93,85.76,80.88,77.62,75.99"
Rec-029_10s_2,6,11,3409,core,356,330,6.34,9.06,0.9838,360,333,368,336,0.0,False,75.7216,80.8776,73.822,1.3984,75.4502,"80.88,78.16,77.08,75.99,75.99,75.45,74.91,74.91,74.36,78.16,77.08,75.99,75.99,75.45,74.91,74.91,74.36,74.36,77.62,76.54,75.99,75.99,75.45,75.45,74.91,74.36,73.82,76.54,75.99,75.99,75.45,75.45,74.91,74.36,74.36,73.82"
Rec-030_90s_2,1,1,4767,core,291,331,0.0,1.0,0.9848,295,334,303,337,1.0,True,74.2592,84.6769,67.8518,4.135,73.822,"84.68,82.51,80.88,79.79,78.71,78.16,77.62,77.08,76.54,78.16,77.62,77.08,76.54,75.45,74.91,74.36,73.82,73.28,73.82,73.82,73.82,72.74,72.19,71.65,71.65,70.57,70.57,70.57,70.57,70.57,70.02,69.48,69.48,68.39,68.39,67.85"
Rec-030_90s_2,1,2,4768,core,296,331,0.0,5.0,0.9828,300,334,308,337,1.0,True,73.3546,83.0486,67.8518,3.7409,73.2792,"83.05,80.33,78.71,78.16,77.62,77.08,76.54,75.99,75.99,77.62,75.99,75.45,74.91,74.36,73.82,73.82,73.28,72.74,73.82,73.28,72.19,71.65,71.65,70.57,70.57,70.02,70.02,70.57,70.02,70.02,69.48,68.94,68.39,68.39,67.85,67.85"
Rec-030_90s_2,1,3,4769,core,300,331,0.0,4.0,0.9868,304,334,312,337,1.0,True,73.3998,83.0486,67.8518,3.7692,73.0078,"83.05,80.88,78.71,78.71,77.62,77.62,76.54,75.99,75.99,77.62,75.99,75.45,74.91,74.36,73.82,73.82,73.28,72.74,73.28,72.74,72.19,71.65,71.65,70.57,70.57,70.57,70.02,70.57,70.02,69.48,69.48,68.94,68.94,68.39,68.39,67.85"
Rec-030_90s_2,1,4,4770,core,305,331,0.0,5.0,0.9841,309,334,317,337,1.0,True,73.1737,81.9631,67.8518,3.5609,72.7365,"81.96,79.79,78.71,78.16,77.62,76.54,76.54,75.99,75.45,76.54,75.99,75.45,74.91,73.82,73.82,73.28,72.74,72.19,73.28,72.74,72.19,71.65,71.65,70.57,70.57,70.57,70.02,70.57,70.02,69.48,69.48,68.94,68.39,68.39,68.39,67.85"
Rec-030_90s_2,1,5,4771,core,309,331,0.0,4.0,0.9869,313,334,321,337,1.0,True,73.4451,83.0486,68.3945,3.6111,73.2792,"83.05,80.33,78.71,78.16,77.62,77.08,76.54,76.54,75.99,76.54,75.99,75.45,74.91,74.36,73.82,73.82,73.82,73.28,73.28,72.74,72.19,71.65,71.65,71.65,70.57,70.57,70.57,70.02,70.02,70.02,69.48,69.48,68.94,68.39,68.39,68.39"
Rec-030_90s_2,1,6,4772,core,314,331,0.0,5.0,0.9853,318,334,326,337,1.0,True,74.1536,81.4204,70.0227,3.1963,74.0933,"81.42,79.79,78.71,78.16,77.62,77.62,77.62,77.62,77.62,76.54,75.99,75.99,75.45,75.45,74.91,74.91,74.91,74.91,73.28,73.28,72.74,72.74,72.19,72.19,72.19,72.19,71.65,70.57,70.57,70.57,70.02,70.02,70.02,70.02,70.02,70.02"
Rec-030_90s_2,1,7,4773,core,318,331,0.0,4.0,0.9881,322,334,330,337,1.0,True,75.3899,83.0486,71.651,3.0776,74.9074,"83.05,80.88,79.79,79.79,78.71,78.71,78.71,78.71,78.16,77.62,77.08,77.08,76.54,75.99,75.99,75.99,75.99,75.99,73.82,73.82,73.82,73.82,73.82,73.82,73.82,73.82,73.82,71.65,71.65,71.65,71.65,71.65,71.65,71.65,71.65,71.65"
Rec-030_90s_2,1,8,4774,core,323,331,0.0,5.0,0.9863,327,334,335,337,1.0,True,76.2492,83.0486,72.1937,3.0313,75.9929,"83.05,81.42,80.88,79.79,79.79,79.79,79.79,79.79,79.79,78.16,77.62,77.62,77.62,77.08,77.08,77.08,77.08,77.08,74.91,74.91,74.91,74.91,74.36,74.36,74.36,74.36,74.36,72.74,72.74,72.74,72.74,72.74,72.19,72.19,72.19,72.74"
Rec-030_90s_2,1,9,4775,core,327,331,0.0,4.0,0.9882,331,334,339,337,1.0,True,77.6664,84.1341,73.822,3.1657,77.0784,"84.13,83.05,82.51,81.96,81.96,81.96,81.42,81.42,81.42,79.79,78.71,78.71,78.71,78.71,78.71,78.16,78.16,78.16,75.99,75.99,75.99,75.99,75.99,75.99,75.99,75.99,75.99,73.82,73.82,73.82,73.82,73.82,73.82,73.82,73.82,73.82"
Rec-030_90s_2,1,10,4776,core,332,331,0.0,5.0,0.9881,336,334,344,337,1.0,True,78.6011,84.6769,74.3647,3.3009,78.1639,"84.68,84.13,83.05,83.05,83.05,83.05,83.05,83.05,82.51,80.33,79.79,79.79,79.79,79.79,79.79,79.79,79.79,78.71,77.62,77.08,77.08,77.08,76.54,76.54,76.54,76.54,76.54,74.91,74.91,74.91,74.36,74.36,74.36,74.36,74.36,74.36"
Rec-030_90s_2,1,11,4777,core,336,331,0.0,4.0,0.989,340,334,348,337,1.0,True,79.3399,86.3051,74.9074,3.2952,78.978,"86.31,85.22,84.13,84.13,83.59,83.59,83.05,83.05,83.05,81.42,80.88,80.88,80.33,80.33,80.33,79.79,79.79,79.79,78.16,77.62,77.62,77.62,77.62,77.62,77.62,77.08,77.08,75.99,75.45,75.99,75.99,75.45,74.91,74.91,74.91,74.91"
Rec-030_90s_2,1,12,4778,core,341,331,0.0,5.0,0.9886,345,334,353,337,1.0,True,79.3097,86.3051,73.822,3.3937,78.7067,"86.31,85.22,84.68,84.13,83.59,83.59,83.05,83.05,82.51,81.42,81.42,80.88,80.88,80.88,80.33,79.79,79.79,78.71,78.71,78.16,77.62,77.62,77.62,77.62,77.08,76.54,76.54,75.99,75.99,75.99,75.99,75.45,74.91,74.91,74.36,73.82"
Rec-030_90s_2,1,13,4779,core,345,331,0.0,4.0,0.9869,349,334,357,337,0.8889,False,78.7821,87.3906,73.822,3.564,77.8925,"87.39,85.76,84.68,84.13,83.59,83.05,81.96,79.79,76.54,82.51,81.96,80.88,80.88,80.33,79.79,78.71,77.62,75.99,78.71,78.71,78.16,77.62,77.62,77.08,75.99,75.45,74.91,76.54,75.99,75.99,75.99,75.45,74.91,73.82,73.82,73.82"
Rec-030_90s_2,1,14,4780,core,350,331,0.0,5.0,0.9844,354,334,362,337,0.3333,False,76.5508,85.7624,73.822,2.9492,75.4502,"85.76,84.13,81.96,78.16,76.54,75.99,75.45,74.91,74.36,81.96,80.88,78.71,77.08,75.99,75.45,74.91,74.36,73.82,78.71,77.62,77.08,75.99,75.45,74.91,74.36,74.36,73.82,75.99,75.99,74.91,74.91,74.91,74.36,74.36,73.82,73.82"
Rec-030_90s_2,1,15,4781,core,354,331,0.0,4.0,0.9854,358,334,366,337,0.0,False,75.2241,79.7922,73.822,1.2944,74.9074,"79.79,77.62,76.54,75.99,75.45,74.91,74.36,74.36,73.82,77.62,76.54,75.99,75.99,75.45,74.91,74.91,74.36,73.82,76.54,75.99,75.45,74.91,74.91,74.36,74.36,73.82,73.82,75.99,75.45,74.91,74.91,74.36,74.36,73.82,73.82,73.82"
Rec-030_90s_2,1,16,4782,core,355,330,45.0,1.41,0.9882,359,333,367,336,0.0,False,75.6311,82.5059,73.822,1.6923,75.1788,"82.51,78.71,77.62,76.54,75.99,75.45,74.91,74.91,74.36,78.71,77.08,76.54,75.99,75.45,74.91,74.36,74.36,73.82,77.08,75.99,75.99,75.45,74.91,74.91,74.36,74.36,73.82,75.99,75.45,75.45,74.91,74.91,74.36,74.36,74.36,73.82"
Rec-030_90s_2,2,1,4911,core,290,331,0.0,0.0,0.9878,294,334,302,337,1.0,True,82.129,91.1898,75.9929,4.4753,81.149,"91.19,90.10,89.56,89.02,88.48,87.93,86.85,85.76,85.22,84.68,84.68,84.68,84.13,84.13,83.59,83.05,83.05,81.96,80.33,80.33,80.33,80.33,80.33,79.79,79.79,78.71,78.71,77.08,77.08,77.08,77.08,77.08,76.54,75.99,75.99,75.99"
Rec-030_90s_2,2,2,4912,core,295,331,0.0,5.0,0.9861,299,334,307,337,1.0,True,81.9179,92.2753,75.4502,4.2972,81.4204,"92.28,90.10,88.48,87.93,86.85,85.76,85.76,85.22,84.13,86.31,85.76,84.13,84.13,83.59,83.05,81.96,81.42,81.42,81.96,81.42,80.88,80.33,79.79,79.79,78.71,78.71,78.16,78.16,77.62,77.62,77.62,76.54,75.99,75.99,75.99,75.45"
Rec-030_90s_2,2,3,4913,core,300,331,0.0,5.0,0.9833,304,334,312,337,1.0,True,81.2847,89.5616,75.9929,3.7654,81.149,"89.56,87.93,86.85,86.31,85.76,85.76,85.22,84.68,84.13,84.68,83.59,83.59,83.05,83.05,82.51,81.96,81.42,81.42,80.88,80.33,79.79,79.79,79.79,78.71,78.71,78.71,78.71,77.62,77.62,77.08,76.54,76.54,75.99,75.99,75.99,75.99"
Rec-030_90s_2,2,4,4914,core,304,331,0.0,4.0,0.9862,308,334,316,337,1.0,True,81.541,90.6471,75.9929,3.891,81.149,"90.65,89.02,87.93,86.85,85.76,85.22,85.22,84.68,84.13,85.22,84.13,84.13,83.05,83.05,82.51,81.96,81.42,81.42,80.88,80.88,80.33,80.33,79.79,79.79,78.71,78.71,78.71,77.62,77.62,77.62,77.08,77.08,75.99,75.99,75.99,75.99"
Rec-030_90s_2,2,5,4915,core,309,331,0.0,5.0,0.9837,313,334,321,337,1.0,True,81.2395,89.0188,75.9929,3.522,81.149,"89.02,87.93,86.85,85.76,85.76,84.68,84.68,84.13,84.13,84.13,83.59,83.05,83.05,82.51,81.96,81.96,81.42,81.42,80.88,80.33,80.33,79.79,79.79,79.79,78.71,78.71,78.71,77.62,77.62,77.62,77.08,76.54,76.54,76.54,75.99,75.99"
Rec-030_90s_2,2,6,4916,core,313,331,0.0,4.0,0.987,317,334,325,337,1.0,True,81.8576,90.1043,77.0784,3.4842,81.4204,"90.10,87.93,87.39,86.31,85.76,85.76,85.22,85.22,84.68,84.68,84.13,83.59,83.59,83.05,83.05,82.51,82.51,81.96,80.88,80.88,80.33,80.33,80.33,79.79,79.79,79.79,79.79,78.16,77.62,77.62,77.62,77.62,77.62,77.08,77.08,77.08"
Rec-030_90s_2,2,7,4917,core,318,331,0.0,5.0,0.9861,322,334,330,337,1.0,True,81.9782,89.0188,77.6212,3.3761,81.9631,"89.02,87.93,86.85,86.31,85.76,85.76,85.76,85.76,85.76,84.13,84.13,83.59,83.05,83.05,83.05,83.05,83.05,83.05,80.88,80.88,80.88,80.33,80.33,80.33,79.79,79.79,79.79,78.16,77.62,77.62,77.62,77.62,77.62,77.62,77.62,77.62"
Rec-030_90s_2,2,8,4918,core,327,331,0.0,9.0,0.9868,331,334,339,337,1.0,True,84.2397,90.6471,79.7922,3.5239,83.8627,"90.65,89.56,89.56,89.56,89.02,89.02,88.48,88.48,88.48,85.76,85.76,85.76,85.76,85.76,85.76,85.22,84.68,84.68,83.05,83.05,82.51,82.51,82.51,82.51,82.51,81.96,81.96,79.79,79.79,79.79,79.79,79.79,79.79,79.79,79.79,79.79"
Rec-030_90s_2,2,9,4919,core,336,331,0.0,9.0,0.9886,340,334,348,337,1.0,True,85.2045,91.7325,80.3349,3.5208,84.9482,"91.73,91.19,90.65,90.10,89.56,89.56,89.56,89.56,89.02,87.93,87.39,86.85,86.31,86.31,86.31,85.76,85.76,85.76,84.13,84.13,83.59,83.59,83.05,83.05,83.05,83.05,83.05,80.88,80.88,80.88,80.88,80.88,80.88,80.88,80.88,80.33"
Rec-030_90s_2,2,10,4920,core,340,331,0.0,4.0,0.9886,344,334,352,337,1.0,True,85.5814,93.3608,79.7922,3.734,84.6769,"93.36,92.28,91.19,91.19,90.65,90.10,89.56,89.02,88.48,88.48,87.93,87.93,87.39,86.85,86.85,86.31,85.76,85.22,84.13,84.13,84.13,84.13,84.13,83.59,83.05,83.05,82.51,81.96,81.96,81.42,81.42,80.88,80.88,80.88,80.33,79.79"
Rec-030_90s_2,2,11,4921,core,345,331,0.0,5.0,0.9864,349,334,357,337,0.8889,False,83.6517,92.2753,75.9929,4.334,83.8627,"92.28,91.19,90.65,90.10,89.56,87.93,87.39,84.13,78.71,87.93,87.93,87.39,86.31,85.76,84.68,84.13,80.88,77.62,84.68,84.13,84.13,83.59,83.05,82.51,80.88,78.71,76.54,82.51,81.96,81.42,80.88,80.33,79.79,78.71,77.08,75.99"
Rec-030_90s_2,2,12,4922,core,349,331,0.0,4.0,0.9855,353,334,361,337,0.4444,False,79.6112,92.2753,74.3647,5.1074,77.8925,"92.28,90.10,89.02,85.76,79.79,77.08,75.99,75.45,74.91,87.93,86.31,85.22,83.05,78.71,76.54,75.45,74.91,74.36,84.13,83.59,82.51,79.79,77.62,75.99,75.45,74.36,74.36,81.42,80.88,79.79,78.16,75.99,75.45,74.91,74.36,74.36"
Rec-030_90s_2,2,13,4923,core,354,331,0.0,5.0,0.9842,358,334,366,337,0.0,False,75.2391,79.7922,73.822,1.2874,74.9074,"79.79,77.62,75.99,75.99,75.45,74.91,74.36,74.36,73.82,77.62,76.54,75.99,75.45,74.91,74.91,74.91,74.36,74.36,77.08,75.99,75.45,74.91,74.91,74.36,74.36,73.82,73.82,75.99,75.99,75.45,74.91,74.36,74.36,73.82,73.82,73.82"
Rec-030_90s_2,2,14,4924,core,355,330,45.0,1.41,0.9866,359,333,367,336,0.0,False,75.7819,83.0486,73.822,1.76,75.4502,"83.05,78.71,77.62,76.54,75.99,75.45,75.45,74.91,74.91,78.71,77.62,76.54,75.99,75.45,74.91,74.36,74.36,74.36,77.62,76.54,75.99,75.45,75.45,74.91,74.36,74.36,74.36,76.54,75.99,75.45,74.91,74.91,74.36,74.36,73.82,73.82"
Rec-030_90s_2,3,1,5050,core,290,331,0.0,0.0,0.987,294,334,302,337,1.0,True,85.9885,94.4463,80.8776,3.9603,85.2196,"94.45,92.28,91.73,91.73,91.19,91.19,90.65,89.56,89.56,87.93,87.93,88.48,87.93,87.93,87.39,87.39,86.85,86.31,84.13,84.13,84.13,84.13,84.13,84.13,84.13,83.59,83.59,80.88,81.42,81.42,80.88,80.88,80.88,80.88,80.88,80.88"
Rec-030_90s_2,3,2,5051,core,292,331,0.0,2.0,0.9848,296,334,304,337,1.0,True,86.4709,96.0745,80.3349,4.0632,85.7624,"96.07,94.45,92.28,91.73,91.19,91.19,90.10,89.56,89.02,90.10,89.56,89.02,88.48,87.93,87.93,87.39,86.85,85.76,85.76,85.22,85.22,84.68,84.68,84.13,84.13,83.59,83.05,82.51,82.51,81.96,81.96,81.42,81.42,80.88,80.88,80.33"
Rec-030_90s_2,3,3,5052,core,297,331,0.0,5.0,0.9863,301,334,309,337,1.0,True,85.9583,95.5318,80.3349,3.8509,85.7624,"95.53,93.36,91.19,90.65,90.10,89.56,89.56,89.02,87.93,90.10,89.56,88.48,87.93,87.39,86.85,86.31,85.76,85.76,85.76,85.22,85.22,84.68,84.13,83.59,83.05,83.05,83.05,82.51,82.51,81.96,81.42,80.88,80.88,80.88,80.33,80.33"
Rec-030_90s_2,3,4,5053,core,301,331,0.0,4.0,0.9866,305,334,313,337,1.0,True,85.9282,95.5318,80.3349,3.7642,85.7624,"95.53,93.36,91.19,90.65,90.10,89.56,89.02,88.48,87.93,90.10,89.02,87.93,87.93,87.39,86.85,86.31,85.76,85.76,85.76,85.22,84.68,84.68,84.13,84.13,83.59,83.05,83.05,82.51,81.96,81.96,81.42,81.42,80.88,80.88,80.88,80.33"
Rec-030_90s_2,3,5,5054,core,306,331,0.0,5.0,0.9871,310,334,318,337,1.0,True,85.5513,94.4463,79.7922,3.5551,85.2196,"94.45,91.73,91.19,90.10,89.56,89.02,88.48,87.93,87.93,89.56,87.93,87.93,87.39,86.85,86.31,85.76,85.76,85.22,85.22,85.22,84.68,84.13,84.13,83.59,83.05,83.05,82.51,82.51,81.96,81.96,81.42,81.42,80.88,80.88,80.33,79.79"
Rec-030_90s_2,3,6,5055,core,310,331,0.0,4.0,0.987,314,334,322,337,1.0,True,85.5965,94.4463,80.3349,3.5053,85.491,"94.45,92.28,90.65,90.10,89.56,89.02,88.48,87.93,87.93,89.56,87.93,87.93,87.39,86.85,86.31,85.76,85.76,85.76,85.22,84.68,84.13,84.13,84.13,83.59,83.59,83.05,83.05,82.51,82.51,81.96,81.42,80.88,80.88,80.88,80.88,80.33"
Rec-030_90s_2,3,7,5056,core,315,331,0.0,5.0,0.9884,319,334,327,337,1.0,True,85.6568,93.3608,80.8776,3.2811,85.491,"93.36,91.19,90.65,89.56,89.56,89.02,89.02,88.48,87.93,89.02,87.93,87.93,87.39,86.85,86.31,86.31,85.76,85.76,85.22,85.22,84.68,84.13,84.13,83.59,83.59,83.59,83.59,82.51,82.51,81.96,81.96,81.42,80.88,80.88,80.88,80.88"
Rec-030_90s_2,3,8,5057,core,324,331,0.0,9.0,0.9893,328,334,336,337,1.0,True,87.1041,93.3608,83.0486,3.153,86.8478,"93.36,92.28,91.19,91.19,91.19,91.19,90.65,90.65,90.65,89.56,89.02,88.48,88.48,88.48,87.93,87.93,87.93,87.93,85.76,85.76,85.76,85.76,85.76,85.76,85.22,85.22,85.22,83.05,83.05,83.05,83.05,83.05,83.05,83.05,83.05,83.05"
Rec-030_90s_2,3,9,5058,core,328,331,0.0,4.0,0.9869,332,334,340,337,1.0,True,87.8579,94.989,83.0486,3.2189,87.662,"94.99,93.36,92.28,92.28,91.73,91.19,91.19,91.19,91.19,90.10,89.56,89.56,89.56,89.02,89.02,89.02,89.02,88.48,86.85,86.85,86.31,86.31,86.31,85.76,85.76,85.76,85.76,84.13,84.13,84.13,84.13,83.59,84.13,83.59,83.59,83.05"
Rec-030_90s_2,3,10,5059,core,337,331,0.0,9.0,0.9869,341,334,349,337,1.0,True,88.9133,95.5318,84.1341,3.4441,88.7475,"95.53,94.45,94.45,93.36,93.36,93.36,93.36,92.28,92.28,91.19,91.19,90.65,90.65,90.10,89.56,89.56,89.56,89.56,87.93,87.93,87.39,87.39,87.39,87.39,86.85,86.85,86.85,85.22,84.68,84.68,84.68,84.68,84.13,84.13,84.13,84.13"
Rec-030_90s_2,3,11,5060,core,346,331,0.0,9.0,0.9857,350,334,358,337,0.7778,False,85.3402,96.6172,75.9929,5.7026,85.7624,"96.62,95.53,94.45,92.28,91.19,89.56,86.31,79.79,77.08,92.28,91.19,90.65,89.56,87.93,86.85,84.13,78.71,76.54,88.48,87.93,87.39,86.31,85.76,84.13,81.42,77.62,75.99,85.76,85.22,84.68,83.59,83.05,81.42,79.79,77.08,75.99"
Rec-030_90s_2,3,12,5061,core,351,331,0.0,5.0,0.9875,355,334,363,337,0.2222,False,78.0132,92.2753,73.822,4.7031,75.9929,"92.28,87.93,81.42,78.16,76.54,75.45,74.91,74.91,74.36,88.48,85.22,79.79,77.62,75.99,75.45,74.91,74.36,74.36,85.22,82.51,78.71,77.08,75.99,74.91,74.36,74.36,74.36,83.05,80.33,77.62,75.99,74.91,74.91,74.36,73.82,73.82"
Rec-030_90s_2,3,13,5062,core,355,331,0.0,4.0,0.9874,359,334,367,337,0.0,False,75.2241,78.7067,73.822,1.154,74.9074,"78.71,77.62,76.54,75.99,74.91,74.91,74.91,74.36,74.36,77.62,76.54,75.99,75.45,74.91,74.91,74.36,74.36,73.82,76.54,75.99,75.45,74.91,74.91,74.36,74.36,74.36,73.82,75.99,75.99,75.45,74.91,74.36,74.36,74.36,73.82,73.82"
Rec-030_90s_2,4,1,5185,core,290,331,0.0,0.0,0.9857,294,334,302,337,1.0,True,88.0992,95.5318,83.0486,3.4417,87.9333,"95.53,93.36,93.36,93.36,92.28,92.28,91.73,91.19,91.19,89.56,89.56,89.56,89.56,89.56,89.56,89.56,89.56,89.02,86.31,86.31,86.85,86.85,86.85,86.85,86.85,86.31,85.76,83.05,83.59,84.13,84.13,84.13,84.13,83.59,83.05,83.05"
Rec-030_90s_2,4,2,5186,core,294,331,0.0,4.0,0.9857,298,334,306,337,1.0,True,88.6721,98.2455,83.0486,3.7058,88.4761,"98.25,95.53,94.45,93.36,92.28,92.28,91.73,91.19,90.10,92.28,91.19,91.19,90.65,90.10,89.56,89.56,89.02,88.48,88.48,87.93,87.93,87.93,87.39,86.85,86.31,85.76,85.76,84.68,84.68,84.68,84.68,84.13,84.13,83.59,83.05,83.05"
Rec-030_90s_2,4,3,5187,core,299,331,0.0,5.0,0.9865,303,334,311,337,1.0,True,87.9333,96.6172,82.5059,3.4063,87.9333,"96.62,94.45,93.36,92.28,91.19,91.19,90.10,89.56,89.02,91.73,91.19,90.10,89.56,89.56,88.48,88.48,87.93,87.39,88.48,87.93,87.39,86.85,86.31,85.76,85.76,85.22,85.22,85.22,84.68,84.13,84.13,84.13,83.59,83.05,83.05,82.51"
Rec-030_90s_2,4,4,5188,core,303,331,0.0,4.0,0.9877,307,334,315,337,1.0,True,87.662,96.0745,83.0486,3.2602,87.662,"96.07,94.45,92.28,91.73,91.19,90.10,89.56,89.56,89.02,91.19,90.65,89.56,89.56,89.02,88.48,87.93,87.39,87.39,87.93,87.93,87.39,86.31,86.31,85.76,85.76,85.22,84.68,84.68,84.13,84.13,84.13,83.59,83.59,83.05,83.05,83.05"
Rec-030_90s_2,4,5,5189,core,308,331,0.0,5.0,0.9876,312,334,320,337,1.0,True,87.1946,94.4463,82.5059,2.9676,87.1192,"94.45,92.28,91.73,91.19,90.10,89.56,89.56,89.02,88.48,90.65,89.56,89.56,89.02,88.48,87.93,87.93,87.39,86.85,87.93,86.85,86.31,86.31,85.76,85.76,85.22,84.68,84.68,84.68,84.13,84.13,84.13,83.05,83.05,83.05,83.05,82.51"
Rec-030_90s_2,4,6,5190,core,312,331,0.0,4.0,0.9887,316,334,324,337,1.0,True,87.27,94.989,83.0486,2.9398,87.3906,"94.99,92.28,91.73,90.65,90.10,89.56,89.56,89.56,89.02,90.65,89.56,89.56,88.48,88.48,87.93,87.93,87.93,87.39,87.39,86.85,86.31,85.76,85.76,85.76,85.76,85.22,85.22,84.13,84.13,84.13,83.59,83.59,83.59,83.05,83.05,83.05"
Rec-030_90s_2,4,7,5191,core,335,331,0.0,23.0,0.99,339,334,347,337,1.0,True,91.4461,97.16,86.8478,2.9768,91.1898,"97.16,96.07,95.53,95.53,95.53,94.99,94.99,94.99,94.99,93.36,93.36,93.36,92.28,92.28,92.28,92.28,92.28,92.28,90.10,90.10,90.10,90.10,90.10,90.10,89.56,89.56,89.56,87.93,87.93,87.93,87.93,87.93,87.93,87.39,87.39,86.85"
Rec-030_90s_2,4,8,5192,core,339,331,0.0,4.0,0.9885,343,334,351,337,1.0,True,91.8984,98.7882,86.3051,3.3009,91.1898,"98.79,97.70,96.62,96.07,96.07,95.53,95.53,94.99,94.45,94.45,94.45,94.45,93.36,93.36,93.36,92.28,92.28,91.19,91.19,91.19,91.19,90.65,90.65,90.65,89.56,89.56,89.02,88.48,88.48,88.48,87.93,87.93,87.93,87.39,86.85,86.31"
Rec-030_90s_2,4,9,5193,core,344,331,0.0,5.0,0.9896,348,334,356,337,1.0,True,89.9536,98.2455,80.8776,4.1955,89.8329,"98.25,97.70,96.62,95.53,94.99,93.36,92.28,91.19,87.39,94.99,94.45,93.36,92.28,91.73,91.19,89.56,88.48,84.68,91.19,91.19,90.65,90.10,89.56,88.48,87.39,85.76,83.05,88.48,88.48,87.93,87.39,86.31,85.76,84.68,83.05,80.88"
Rec-030_90s_2,4,10,5194,core,348,331,0.0,4.0,0.9868,352,334,360,337,0.5556,False,83.6215,97.7027,74.3647,7.0137,83.8627,"97.70,95.53,94.45,91.73,88.48,81.42,77.62,75.99,75.45,93.36,92.28,91.19,89.56,85.76,80.33,77.62,75.99,74.91,90.10,89.56,87.93,86.31,83.59,78.71,76.54,75.45,74.36,87.39,86.31,85.76,84.13,81.42,78.16,75.99,74.91,74.36"
Rec-030_90s_2,4,11,5195,core,353,331,0.0,5.0,0.9878,357,334,365,337,0.0,False,76.1437,84.1341,73.822,2.319,75.4502,"84.13,79.79,77.62,75.99,75.99,75.45,74.91,74.91,74.36,81.96,78.71,77.08,75.99,75.45,74.91,74.91,74.36,74.36,79.79,77.62,75.99,75.45,75.45,74.91,74.36,74.36,73.82,78.71,77.08,75.99,75.45,74.91,74.36,74.36,73.82,73.82"
Rec-030_90s_2,4,12,5196,core,355,331,0.0,2.0,0.9856,359,334,367,337,0.0,False,75.405,79.7922,73.822,1.2493,74.9074,"79.79,77.62,76.54,75.99,75.45,74.91,74.91,74.36,73.82,77.62,76.54,75.99,75.99,75.45,74.91,74.91,74.91,74.36,77.08,75.99,75.45,75.45,74.91,74.91,74.36,74.36,73.82,76.54,75.99,75.45,74.91,74.91,74.36,74.36,73.82,73.82"
Rec-030_90s_2,5,1,5332,core,290,331,0.0,0.0,0.9875,294,334,302,337,1.0,True,89.8028,96.0745,84.6769,3.2776,89.5616,"96.07,94.99,94.45,94.45,94.45,94.45,93.36,93.36,93.36,91.19,90.65,91.19,91.19,91.19,91.19,91.19,90.65,90.65,87.93,87.93,88.48,88.48,88.48,88.48,88.48,88.48,87.93,84.68,85.22,85.76,85.76,85.76,85.76,85.76,85.76,85.76"
Rec-030_90s_2,5,2,5333,core,293,331,0.0,3.0,0.9827,297,334,305,337,1.0,True,90.2702,97.7027,85.7624,3.2333,89.8329,"97.70,96.07,95.53,94.45,94.45,94.45,93.36,92.28,92.28,92.28,92.28,92.28,91.73,91.19,91.19,91.19,90.65,90.10,89.56,89.56,89.56,89.56,89.02,89.02,88.48,88.48,87.93,86.31,86.31,86.85,86.31,86.31,85.76,85.76,85.76,85.76"
Rec-030_90s_2,5,3,5334,core,297,331,0.0,4.0,0.9874,301,334,309,337,1.0,True,90.5868,99.331,85.7624,3.3157,90.1043,"99.33,97.70,95.53,94.99,94.45,93.36,92.28,92.28,91.73,94.45,93.36,92.28,92.28,91.73,91.19,90.65,90.10,89.56,90.65,90.10,90.10,89.56,89.56,89.02,88.48,87.93,87.93,87.93,87.93,87.39,86.85,86.85,86.31,85.76,85.76,85.76"
Rec-030_90s_2,5,4,5335,core,306,331,0.0,9.0,0.9887,310,334,318,337,1.0,True,89.3656,98.2455,84.1341,3.1287,89.2902,"98.25,95.53,94.45,93.36,92.28,91.19,91.19,90.65,89.56,93.36,92.28,91.19,91.19,90.10,89.56,89.56,88.48,88.48,90.10,89.56,89.02,88.48,87.93,87.93,87.39,86.85,86.31,87.39,86.85,86.85,86.31,85.76,85.76,85.22,84.68,84.13"
Rec-030_90s_2,5,5,5336,core,311,331,0.0,5.0,0.987,315,334,323,337,1.0,True,88.5364,95.5318,84.1341,2.6888,88.4761,"95.53,93.36,92.28,91.73,91.19,91.19,90.65,90.10,89.56,91.73,91.19,90.10,89.56,89.56,89.02,89.02,88.48,88.48,89.02,88.48,87.93,87.93,87.39,86.85,86.85,86.85,86.31,86.31,85.76,85.76,85.76,85.22,85.22,84.68,84.13,84.13"
Rec-030_90s_2,5,6,5337,core,320,331,0.0,9.0,0.9888,324,334,332,337,1.0,True,89.0641,94.989,85.7624,2.4217,89.2902,"94.99,93.36,92.28,92.28,91.73,91.19,91.19,91.19,91.19,91.19,90.65,90.65,90.10,89.56,89.56,89.56,89.56,89.56,89.02,88.48,88.48,87.93,87.93,87.93,87.93,87.93,87.93,86.31,86.31,85.76,85.76,85.76,85.76,85.76,85.76,85.76"
Rec-030_90s_2,5,7,5338,core,329,331,0.0,9.0,0.989,333,334,341,337,1.0,True,90.8581,95.5318,87.9333,2.3389,90.6471,"95.53,94.99,94.45,94.45,93.36,93.36,93.36,93.36,93.36,92.28,92.28,92.28,91.73,91.73,91.73,91.19,91.73,91.73,90.10,89.56,89.56,89.56,89.56,89.56,89.56,89.56,89.56,87.93,87.93,87.93,87.93,87.93,87.93,87.93,87.93,87.93"
Rec-030_90s_2,5,8,5339,core,338,331,0.0,9.0,0.9893,342,334,350,337,1.0,True,92.4261,97.7027,87.9333,2.6142,91.7325,"97.70,96.62,96.07,96.07,95.53,95.53,95.53,95.53,94.99,94.45,94.45,93.36,93.36,93.36,93.36,93.36,93.36,92.28,91.19,91.19,91.19,91.19,91.19,91.19,91.19,91.19,90.65,89.56,89.56,89.56,89.56,89.56,89.02,89.02,88.48,87.93"
Rec-030_90s_2,5,9,5340,core,342,331,0.0,4.0,0.9901,346,334,354,337,1.0,True,92.2753,99.331,85.7624,3.254,92.2753,"99.33,98.25,97.70,96.62,96.07,95.53,94.99,93.36,92.28,95.53,94.99,94.99,94.45,94.45,93.36,92.28,91.19,90.10,92.28,92.28,92.28,91.73,91.73,91.19,89.56,89.56,87.93,90.10,90.10,89.56,89.56,89.56,88.48,87.93,86.85,85.76"
Rec-030_90s_2,5,10,5341,core,351,331,0.0,9.0,0.9884,355,334,363,337,0.2222,False,79.1288,95.5318,74.3647,5.7781,76.2643,"95.53,91.19,83.05,78.71,77.08,75.99,75.45,74.91,74.36,91.19,87.93,81.96,78.16,76.54,75.45,74.91,74.36,74.36,88.48,85.76,80.33,77.62,75.99,75.45,74.91,74.36,74.36,86.31,83.59,78.71,77.08,75.99,74.91,74.91,74.36,74.36"
Rec-030_90s_2,5,11,5342,core,355,331,0.0,4.0,0.9886,359,334,367,337,0.0,False,75.3597,79.7922,73.822,1.2888,74.9074,"79.79,77.62,76.54,75.99,75.45,74.91,74.91,74.36,74.36,77.62,76.54,75.99,75.45,75.45,74.91,74.91,74.36,73.82,77.08,75.99,75.99,75.45,74.91,74.36,74.36,73.82,73.82,76.54,75.99,75.45,74.91,74.91,74.91,73.82,73.82,73.82"
Rec-030_90s_2,6,1,5465,core,291,331,0.0,1.0,0.9865,295,334,303,337,1.0,True,91.4009,98.7882,86.8478,3.1447,90.6471,"98.79,97.16,96.07,96.07,95.53,94.99,94.45,94.45,93.36,93.36,93.36,93.36,93.36,92.28,92.28,92.28,91.73,91.19,89.56,89.56,90.10,90.10,90.10,89.56,89.56,89.56,89.56,86.85,87.39,87.93,87.93,87.93,87.93,87.93,87.39,87.39"
Rec-030_90s_2,6,2,5466,core,295,331,0.0,4.0,0.9838,299,334,307,337,1.0,True,92.0491,102.0447,87.3906,3.3952,91.1898,"102.04,98.79,97.70,96.07,95.53,94.99,94.45,93.36,93.36,95.53,94.99,94.45,93.36,93.36,92.28,92.28,91.73,91.19,91.19,91.19,91.19,91.19,90.65,90.10,89.56,89.56,89.02,89.02,89.02,89.02,88.48,88.48,87.93,87.93,87.39,87.39"
Rec-030_90s_2,6,3,5467,core,300,331,0.0,5.0,0.9884,304,334,312,337,1.0,True,91.2652,99.8737,86.3051,3.1522,91.1898,"99.87,97.70,96.07,95.53,94.45,93.36,93.36,92.28,91.73,95.53,94.45,93.36,92.28,92.28,91.73,91.19,90.65,90.10,91.73,91.19,91.19,90.10,89.56,89.56,89.02,89.02,88.48,89.02,89.02,88.48,87.93,87.93,87.39,86.85,86.85,86.31"
Rec-030_90s_2,6,4,5468,core,304,331,0.0,4.0,0.9857,308,334,316,337,1.0,True,91.0541,100.4165,85.7624,3.1683,90.6471,"100.42,97.70,95.53,94.45,94.45,93.36,92.28,92.28,91.19,95.53,94.45,93.36,92.28,91.73,91.19,90.65,90.10,90.10,91.19,91.19,90.65,90.10,89.56,89.56,89.02,88.48,88.48,89.02,89.02,87.93,87.93,87.93,87.39,86.85,86.85,85.76"
Rec-030_90s_2,6,5,5469,core,313,331,0.0,9.0,0.9868,317,334,325,337,1.0,True,90.0893,98.2455,85.7624,2.7571,89.8329,"98.25,95.53,94.45,93.36,92.28,92.28,91.73,91.19,91.19,93.36,92.28,91.73,91.19,91.19,90.65,90.10,90.10,89.56,90.10,89.56,89.56,89.56,89.02,88.48,87.93,87.93,87.93,87.93,87.93,87.93,87.39,86.85,86.31,86.31,86.31,85.76"
Rec-030_90s_2,6,6,5470,core,318,331,0.0,5.0,0.9907,322,334,330,337,1.0,True,89.8631,96.6172,86.3051,2.5567,89.5616,"96.62,94.99,94.45,93.36,92.28,91.73,91.73,91.19,91.19,92.28,92.28,91.19,91.19,90.65,90.10,89.56,89.56,89.56,90.10,89.56,89.56,89.02,88.48,88.48,87.93,87.93,87.93,87.93,87.39,87.39,87.39,86.85,86.31,86.31,86.31,86.31"
Rec-030_90s_2,6,7,5471,core,323,331,0.0,5.0,0.9879,327,334,335,337,1.0,True,90.1043,95.5318,86.8478,2.1823,90.1043,"95.53,94.45,93.36,92.28,92.28,92.28,92.28,92.28,92.28,91.73,91.19,91.19,90.65,90.65,90.65,90.65,90.65,90.65,89.56,89.56,89.56,89.02,89.02,89.02,89.02,89.02,89.02,87.39,87.39,87.39,87.39,87.39,87.39,86.85,87.39,87.39"
Rec-030_90s_2,6,8,5472,core,327,331,0.0,4.0,0.9909,331,334,339,337,1.0,True,90.9034,96.0745,87.9333,2.439,90.6471,"96.07,95.53,94.45,94.45,94.45,93.36,93.36,93.36,93.36,92.28,92.28,91.73,91.73,91.73,91.73,91.73,91.73,91.73,89.56,89.56,89.56,89.56,89.56,89.56,89.56,89.56,89.56,87.93,87.93,87.93,87.93,87.93,87.93,87.93,87.93,87.93"
Rec-030_90s_2,6,9,5473,core,332,331,0.0,5.0,0.9891,336,334,344,337,1.0,True,92.2602,96.6172,89.0188,2.3778,91.7325,"96.62,96.07,95.53,95.53,95.53,94.99,94.99,94.99,94.99,93.36,93.36,93.36,93.36,93.36,93.36,93.36,93.36,92.28,91.19,91.19,91.19,91.19,91.19,91.19,91.19,91.19,91.19,89.02,89.02,89.56,89.56,89.02,89.02,89.02,89.02,89.02"
Rec-030_90s_2,6,10,5474,core,336,331,0.0,4.0,0.9908,340,334,348,337,1.0,True,92.9839,98.7882,89.5616,2.7162,92.5467,"98.79,97.70,96.62,96.62,96.07,96.07,96.07,95.53,95.53,94.99,94.45,94.45,94.45,94.45,94.45,94.45,93.36,93.36,91.73,91.73,91.73,91.73,91.73,91.73,91.19,91.19,91.19,89.56,89.56,89.56,89.56,89.56,89.56,89.56,89.56,89.56"
Rec-030_90s_2,6,11,5475,core,341,331,0.0,5.0,0.9897,345,334,353,337,1.0,True,92.9537,99.331,87.3906,2.96,92.2753,"99.33,98.25,98.25,97.16,96.62,96.07,95.53,94.45,93.36,95.53,95.53,94.99,94.99,94.45,94.45,93.36,92.28,91.19,92.28,92.28,92.28,92.28,92.28,91.73,91.19,90.10,89.56,90.65,90.65,90.65,90.65,90.10,89.56,89.02,87.93,87.39"
Rec-030_90s_2,6,12,5476,core,345,331,0.0,4.0,0.9902,349,334,357,337,0.8889,False,90.0591,99.8737,78.1639,5.2782,90.9184,"99.87,98.25,97.16,96.07,94.99,93.36,91.73,88.48,80.88,96.07,95.53,94.45,93.36,92.28,91.19,89.56,86.31,80.33,93.36,92.28,92.28,91.19,90.10,89.56,87.39,84.13,78.71,91.19,90.65,90.10,89.02,87.93,87.39,85.76,83.05,78.16"
Rec-030_90s_2,6,13,5477,core,350,331,0.0,5.0,0.9881,354,334,362,337,0.3333,False,80.7721,95.5318,73.822,6.7472,77.6212,"95.53,94.45,90.10,83.05,78.71,76.54,75.99,74.91,74.36,92.28,91.19,87.93,81.42,77.62,75.99,75.45,74.91,74.36,90.10,88.48,85.76,80.33,77.62,75.99,74.91,74.36,73.82,87.93,86.31,83.59,78.71,76.54,75.45,74.91,74.36,73.82"
Rec-030_90s_2,6,14,5478,core,355,330,11.31,5.1,0.9914,359,333,367,336,0.0,False,75.797,83.0486,73.822,1.9492,75.1788,"83.05,79.79,77.62,76.54,75.99,75.45,74.91,74.36,74.36,79.79,77.62,76.54,75.99,75.45,74.91,74.91,74.36,73.82,78.16,76.54,75.99,75.45,74.91,74.91,74.36,73.82,73.82,77.08,75.99,75.45,74.91,74.91,74.91,74.36,73.82,73.82"
Rec-031_30s_3,1,1,3297,core,290,331,0.0,0.0,0.9852,294,334,302,337,1.0,True,78.4805,87.9333,73.822,3.4478,77.6212,"87.93,85.22,84.13,83.05,83.05,81.96,81.42,80.88,80.33,80.88,80.88,80.33,79.79,79.79,78.71,78.71,78.16,77.62,77.62,77.62,77.62,77.08,77.08,76.54,75.99,75.99,75.45,75.45,75.45,74.91,74.91,74.91,74.36,73.82,73.82,73.82"
Rec-031_30s_3,1,2,3298,core,294,331,0.0,4.0,0.9844,298,334,306,337,1.0,True,78.4353,88.4761,73.2792,3.5371,77.6212,"88.48,85.76,84.13,83.05,82.51,81.42,80.88,80.33,79.79,82.51,80.88,80.33,79.79,79.79,78.71,78.16,77.62,77.08,78.16,77.62,77.62,77.62,77.08,75.99,75.99,75.45,74.91,75.99,75.99,75.45,74.91,74.36,74.36,73.82,73.82,73.28"
Rec-031_30s_3,1,3,3299,core,299,331,0.0,5.0,0.9872,303,334,311,337,1.0,True,77.576,86.3051,72.7365,3.1449,77.3498,"86.31,84.13,82.51,81.42,80.88,80.33,79.79,79.79,78.71,80.88,80.33,79.79,78.71,78.16,77.62,77.62,77.08,77.08,77.62,77.62,76.54,75.99,75.99,75.45,75.45,74.91,74.91,75.45,74.91,74.91,74.36,73.82,73.82,73.82,73.28,72.74"
Rec-031_30s_3,1,4,3300,core,303,331,0.0,4.0,0.9859,307,334,315,337,1.0,True,77.787,86.8478,73.2792,3.1487,77.3498,"86.85,84.13,83.05,81.96,80.88,80.88,80.33,79.79,78.71,80.88,79.79,79.79,78.71,78.71,78.16,77.62,77.62,77.08,77.62,77.08,77.08,76.54,75.99,75.99,75.99,75.45,74.91,75.45,74.91,74.91,74.36,74.36,73.82,73.82,73.82,73.28"
Rec-031_30s_3,1,5,3301,core,308,331,0.0,5.0,0.9881,312,334,320,337,1.0,True,77.5609,85.2196,73.822,2.857,77.3498,"85.22,83.05,81.96,80.88,80.88,80.33,79.79,79.79,79.79,80.88,79.79,78.71,78.71,78.16,77.62,77.62,77.62,77.08,77.62,77.08,76.54,76.54,75.99,75.99,75.45,75.45,75.45,74.91,74.91,74.91,74.36,73.82,73.82,73.82,73.82,73.82"
Rec-031_30s_3,1,6,3302,core,312,331,0.0,4.0,0.9864,316,334,324,337,1.0,True,78.2242,85.7624,74.3647,2.8685,77.8925,"85.76,84.13,83.05,81.96,80.88,80.88,80.88,80.88,80.33,80.88,80.33,79.79,78.71,78.71,78.71,78.71,78.16,78.16,77.62,77.62,77.08,76.54,76.54,76.54,75.99,75.99,75.99,75.99,75.45,75.45,74.91,74.91,74.91,74.91,74.36,74.36"
Rec-031_30s_3,1,7,3303,core,317,331,0.0,5.0,0.9891,321,334,329,337,1.0,True,79.0685,85.2196,75.9929,2.5745,78.978,"85.22,84.13,83.05,82.51,81.96,81.96,81.96,81.42,81.42,80.88,80.33,79.79,79.79,79.79,79.79,79.79,79.79,79.79,78.16,77.62,77.62,77.62,77.62,77.62,77.62,77.62,77.62,75.99,75.99,75.99,75.99,75.99,75.99,75.99,75.99,75.99"
Rec-031_30s_3,1,8,3304,core,321,331,0.0,4.0,0.986,325,334,333,337,1.0,True,80.1992,86.8478,77.0784,2.6601,79.7922,"86.85,85.22,84.13,83.59,83.05,83.05,83.05,83.05,83.05,82.51,81.42,80.88,80.88,80.88,80.88,80.88,80.88,80.88,78.71,78.71,78.71,78.71,78.71,78.71,78.71,78.71,78.71,77.08,77.08,77.08,77.08,77.08,77.08,77.08,77.08,77.08"
Rec-031_30s_3,1,9,3305,core,326,331,0.0,5.0,0.9895,330,334,338,337,1.0,True,81.4505,87.9333,78.1639,2.7703,81.149,"87.93,85.76,85.76,85.22,85.22,84.68,84.68,84.68,84.68,83.05,82.51,82.51,82.51,82.51,81.96,81.96,81.96,81.96,80.33,79.79,80.33,79.79,79.79,79.79,79.79,79.79,79.79,78.16,78.16,78.16,78.16,78.16,78.16,78.16,78.16,78.16"
Rec-031_30s_3,1,10,3306,core,331,331,0.0,5.0,0.9869,335,334,343,337,1.0,True,82.325,87.9333,78.7067,2.6804,81.6918,"87.93,86.85,86.31,86.31,85.76,85.76,85.76,85.22,85.22,84.13,83.59,83.59,83.05,83.05,83.05,83.05,83.05,82.51,80.88,80.88,80.88,80.88,80.88,80.88,80.88,80.33,80.33,79.79,79.79,79.79,79.79,78.71,78.71,78.71,78.71,78.71"
Rec-031_30s_3,1,11,3307,core,344,331,0.0,13.0,0.9887,348,334,356,337,1.0,True,83.0939,90.6471,76.5357,3.5066,83.0486,"90.65,89.56,89.02,87.93,87.93,87.39,86.31,85.76,83.05,85.76,85.76,85.22,84.68,84.13,84.13,83.59,83.05,80.88,83.05,83.05,83.05,82.51,81.96,80.88,80.88,79.79,78.16,80.88,80.88,80.33,79.79,79.79,78.71,78.71,77.62,76.54"
Rec-031_30s_3,1,12,3308,core,349,331,0.0,5.0,0.9842,353,334,361,337,0.4444,False,78.8574,89.5616,73.822,4.4657,77.3498,"89.56,88.48,87.39,84.13,79.79,77.08,75.99,74.91,74.36,85.76,85.22,84.13,81.42,78.16,75.99,75.45,74.91,74.36,82.51,81.96,80.88,79.79,77.08,75.99,74.91,74.36,74.36,79.79,79.79,78.71,77.62,75.99,74.91,74.91,74.36,73.82"
Rec-031_30s_3,1,13,3309,core,353,331,0.0,4.0,0.9864,357,334,365,337,0.0,False,75.6763,81.9631,73.822,1.7651,74.9074,"81.96,78.71,77.08,75.99,75.45,74.91,74.91,74.91,74.36,79.79,77.62,76.54,75.99,75.45,74.91,74.91,74.36,74.36,78.16,76.54,75.99,75.45,74.91,74.91,74.36,73.82,73.82,77.08,75.99,75.45,74.91,74.36,74.36,74.36,73.82,73.82"
Rec-031_30s_3,1,14,3310,core,355,330,26.57,2.24,0.9843,359,333,367,336,0.0,False,76.008,84.1341,73.822,1.9631,75.7216,"84.13,79.79,77.62,77.08,75.99,75.99,75.45,74.91,74.36,79.79,77.62,76.54,75.99,75.99,75.45,74.91,74.91,74.36,77.62,76.54,75.99,75.99,75.45,74.91,74.91,74.36,73.82,76.54,75.99,75.99,75.45,74.91,74.36,74.36,74.36,73.82"
Rec-031_30s_3,2,1,3445,core,290,331,0.0,0.0,0.9868,294,334,302,337,1.0,True,84.2246,92.2753,78.7067,3.6999,83.5914,"92.28,91.19,89.56,89.56,89.02,88.48,87.93,87.93,87.39,86.31,86.31,86.31,85.76,85.76,85.22,85.22,84.13,84.13,83.05,83.05,83.05,83.05,83.05,82.51,82.51,81.96,81.42,79.79,79.79,79.79,79.79,79.79,79.79,79.79,78.71,78.71"
Rec-031_30s_3,2,2,3446,core,294,331,0.0,4.0,0.9862,298,334,306,337,1.0,True,84.2246,92.2753,78.7067,3.5533,84.1341,"92.28,91.19,89.56,89.02,88.48,87.93,87.39,86.85,86.31,87.93,86.85,86.31,85.76,85.76,85.22,84.68,84.13,84.13,84.13,83.59,83.05,83.05,82.51,82.51,81.96,81.42,80.88,80.88,80.88,80.33,80.33,79.79,79.79,79.79,78.71,78.71"
Rec-031_30s_3,2,3,3447,core,298,331,0.0,4.0,0.9862,302,334,310,337,1.0,True,84.1341,94.4463,78.7067,3.7319,83.8627,"94.45,91.73,89.56,89.02,87.93,87.93,86.85,86.31,85.76,87.93,86.85,86.31,85.76,85.22,84.68,84.13,84.13,83.59,84.13,83.59,83.05,83.05,83.05,81.96,81.42,80.88,80.88,80.88,80.88,80.88,80.33,79.79,79.79,78.71,78.71,78.71"
Rec-031_30s_3,2,4,3448,core,303,331,0.0,5.0,0.9876,307,334,315,337,1.0,True,83.6517,91.1898,78.7067,3.1976,83.5914,"91.19,89.56,88.48,87.93,87.93,86.85,86.31,85.76,85.76,86.85,85.76,85.76,85.22,84.68,84.13,84.13,83.59,83.59,83.59,83.05,83.05,82.51,82.51,81.96,81.42,80.88,80.88,80.88,80.88,80.33,80.33,79.79,79.79,78.71,78.71,78.71"
Rec-031_30s_3,2,5,3449,core,307,331,0.0,4.0,0.9869,311,334,319,337,1.0,True,83.8929,93.3608,78.7067,3.3566,83.5914,"93.36,90.65,89.02,87.93,87.39,86.85,86.31,85.76,85.76,87.93,86.31,85.76,85.22,84.68,84.13,84.13,83.59,83.59,83.59,83.59,83.05,83.05,82.51,81.96,81.42,81.42,80.88,80.88,80.33,80.33,80.33,80.33,79.79,79.79,79.79,78.71"
Rec-031_30s_3,2,6,3450,core,312,331,0.0,5.0,0.9892,316,334,324,337,1.0,True,83.8025,90.6471,79.7922,2.8756,83.8627,"90.65,89.02,87.93,87.93,87.39,86.85,86.31,86.31,86.31,86.31,85.76,85.22,84.68,84.68,84.13,84.13,84.13,84.13,83.59,83.05,83.05,83.05,82.51,81.96,81.96,81.96,81.96,80.88,80.88,80.33,80.33,80.33,79.79,79.79,79.79,79.79"
Rec-031_30s_3,2,7,3451,core,316,331,0.0,4.0,0.9871,320,334,328,337,1.0,True,84.4809,91.7325,80.3349,2.9978,84.1341,"91.73,90.10,89.02,88.48,87.93,87.93,87.39,87.39,87.39,86.85,86.31,85.76,85.76,85.22,85.22,84.68,84.68,84.13,84.13,83.59,83.05,83.05,83.05,83.05,83.05,82.51,82.51,80.88,80.88,80.88,80.88,80.88,80.88,80.88,80.88,80.33"
Rec-031_30s_3,2,8,3452,core,325,331,0.0,9.0,0.9871,329,334,337,337,1.0,True,86.1242,92.2753,82.5059,2.9395,85.7624,"92.28,91.19,90.65,90.10,89.56,89.56,89.56,89.56,89.56,87.93,87.93,87.39,87.39,87.39,86.85,86.85,86.85,86.85,84.68,84.68,84.68,84.68,84.13,84.13,84.13,84.13,84.13,82.51,83.05,83.05,82.51,82.51,82.51,82.51,82.51,82.51"
Rec-031_30s_3,2,9,3453,core,355,330,1.91,30.02,0.9916,359,333,367,336,0.0,False,75.7216,81.9631,73.822,1.7234,75.1788,"81.96,78.71,77.62,76.54,75.99,75.45,74.91,74.91,74.36,79.79,77.62,75.99,75.99,74.91,74.91,74.91,74.36,74.36,77.62,76.54,75.99,75.45,74.91,74.91,74.36,74.36,73.82,76.54,75.99,75.45,75.45,74.91,74.36,74.36,73.82,73.82"
Rec-031_30s_3,3,1,3585,core,291,331,0.0,1.0,0.9866,295,334,303,337,1.0,True,88.069,96.0745,83.0486,3.5368,87.3906,"96.07,94.45,93.36,93.36,92.28,92.28,91.73,91.19,90.65,90.10,90.10,90.10,90.10,89.56,89.56,89.02,88.48,87.93,86.31,86.85,86.85,86.85,86.31,86.31,85.76,85.76,85.76,83.59,84.13,84.13,84.13,84.13,83.59,83.59,83.05,83.05"
Rec-031_30s_3,3,2,3586,core,300,331,0.0,9.0,0.9881,304,334,312,337,1.0,True,87.8127,96.6172,83.0486,3.38,87.9333,"96.62,94.45,93.36,91.73,91.19,90.10,90.65,89.56,89.56,91.73,90.65,90.10,89.56,89.02,88.48,87.93,87.93,87.93,87.93,87.39,86.85,86.85,86.31,85.76,85.22,85.22,85.22,84.68,84.68,84.13,84.13,83.59,83.59,83.05,83.05,83.05"
Rec-031_30s_3,3,3,3587,core,309,331,0.0,9.0,0.9892,313,334,321,337,1.0,True,87.1795,94.4463,83.0486,2.9763,86.8478,"94.45,93.36,91.73,91.19,90.65,90.10,89.56,89.02,88.48,90.10,89.56,89.02,88.48,87.93,87.93,87.93,87.39,86.85,86.85,86.85,86.31,85.76,85.76,85.76,85.22,85.22,84.68,84.13,84.13,84.13,83.59,83.59,83.59,83.05,83.05,83.05"
Rec-031_30s_3,3,4,3588,core,318,331,0.0,9.0,0.9895,322,334,330,337,1.0,True,87.7976,94.4463,84.1341,2.7329,87.9333,"94.45,92.28,91.73,91.19,91.19,90.65,90.65,90.10,90.10,90.10,89.56,89.56,89.02,88.48,88.48,88.48,88.48,88.48,87.39,86.85,86.85,86.85,86.31,86.31,85.76,85.76,86.31,84.68,84.68,84.68,84.68,84.13,84.13,84.13,84.13,84.13"
Rec-031_30s_3,3,5,3589,core,323,331,0.0,5.0,0.9879,327,334,335,337,1.0,True,88.6721,94.4463,85.2196,2.6839,88.7475,"94.45,93.36,92.28,92.28,91.73,91.73,91.73,91.73,91.73,90.10,90.10,89.56,89.56,89.56,89.56,89.56,89.56,89.56,87.93,87.93,87.39,87.39,87.39,87.39,87.39,87.39,86.85,85.22,85.22,85.22,85.22,85.22,85.22,85.22,85.22,85.22"
Rec-031_30s_3,3,6,3590,core,332,331,0.0,9.0,0.9888,336,334,344,337,1.0,True,89.9837,95.5318,85.7624,2.9203,90.1043,"95.53,94.99,94.45,94.45,93.36,93.36,93.36,93.36,92.28,92.28,91.73,91.19,91.19,91.19,90.65,90.65,90.65,90.65,89.56,89.02,89.02,89.02,89.02,88.48,87.93,87.93,87.93,86.85,86.85,86.31,86.31,86.31,86.31,85.76,85.76,85.76"
Rec-031_30s_3,3,7,3591,core,336,331,0.0,4.0,0.9898,340,334,348,337,1.0,True,90.7526,97.16,86.3051,3.0349,90.6471,"97.16,95.53,95.53,94.99,94.45,94.45,94.45,94.45,93.36,93.36,92.28,92.28,91.73,91.73,91.19,91.19,91.19,91.19,90.10,89.56,89.56,89.56,89.56,89.02,89.02,89.02,88.48,87.93,87.39,87.39,86.85,86.85,86.85,86.85,86.31,86.31"
Rec-031_30s_3,3,8,3592,core,341,331,0.0,5.0,0.9891,345,334,353,337,1.0,True,90.632,97.16,84.6769,3.2527,90.1043,"97.16,96.07,95.53,95.53,94.99,94.45,94.45,93.36,92.28,93.36,93.36,92.28,92.28,92.28,91.73,91.19,90.10,89.56,90.10,90.10,90.10,89.56,89.56,89.02,88.48,87.93,87.39,87.93,87.93,87.93,87.39,86.85,86.31,85.76,85.76,84.68"
Rec-031_30s_3,3,9,3593,core,345,331,0.0,4.0,0.9885,349,334,357,337,0.8889,False,88.3102,98.2455,77.6212,5.1216,88.2047,"98.25,96.62,95.53,94.99,94.45,92.28,91.19,87.39,80.88,94.45,93.36,92.28,91.73,91.19,89.56,88.48,84.68,79.79,90.65,90.10,89.56,89.02,87.93,87.39,85.76,83.05,78.16,87.93,87.39,87.39,86.31,85.76,84.13,83.05,80.88,77.62"
Rec-031_30s_3,3,10,3594,core,350,331,0.0,5.0,0.9877,354,334,362,337,0.3333,False,80.0032,94.989,73.822,6.1021,77.3498,"94.99,92.28,89.02,81.96,78.16,75.99,75.45,74.91,74.36,91.19,89.56,85.76,80.33,77.62,75.99,75.45,74.91,74.36,87.93,86.31,83.59,79.79,77.08,75.99,74.91,74.36,73.82,85.76,84.13,81.96,78.16,75.99,75.45,74.36,74.36,73.82"
Rec-031_30s_3,3,11,3595,core,354,331,0.0,4.0,0.9873,358,334,366,337,0.0,False,75.5557,80.8776,73.822,1.5342,74.9074,"80.88,78.16,77.08,75.99,75.45,74.91,74.91,74.91,74.36,78.71,77.08,76.54,75.99,75.45,74.91,74.36,74.36,74.36,77.62,76.54,75.99,75.45,74.91,74.36,74.36,74.36,73.82,77.08,75.99,75.45,74.91,74.36,74.36,74.36,73.82,73.82"
Rec-031_30s_3,3,12,3596,core,355,330,45.0,1.41,0.9906,359,333,367,336,0.0,False,75.8723,83.0486,73.822,1.8806,75.4502,"83.05,79.79,77.62,76.54,75.99,75.45,75.45,74.91,74.36,79.79,77.62,76.54,75.99,75.45,74.91,74.91,74.36,74.36,77.62,76.54,75.99,75.99,74.91,74.91,74.36,74.36,74.36,77.08,75.99,75.45,75.45,74.91,74.36,74.36,73.82,73.82"
Rec-031_30s_3,4,1,3723,core,290,331,0.0,0.0,0.9877,294,334,302,337,1.0,True,89.1093,95.5318,84.1341,3.1296,88.7475,"95.53,94.45,93.36,93.36,93.36,93.36,92.28,92.28,91.73,90.10,90.10,90.65,90.65,91.19,90.65,90.10,90.10,89.56,87.39,87.39,87.93,87.93,87.93,87.93,87.93,87.93,87.39,84.13,84.68,85.22,85.22,85.76,85.22,85.22,85.22,84.68"
Rec-031_30s_3,4,2,3724,core,293,331,0.0,3.0,0.9871,297,334,305,337,1.0,True,89.9536,98.2455,85.2196,3.2227,89.5616,"98.25,96.07,94.99,94.45,93.36,93.36,92.28,92.28,91.73,92.28,92.28,91.73,91.19,91.19,91.19,90.65,90.10,89.56,89.56,89.56,89.02,89.02,89.02,88.48,87.93,87.93,87.39,85.76,86.31,86.31,86.31,86.31,85.76,85.76,85.76,85.22"
Rec-031_30s_3,4,3,3725,core,298,331,0.0,5.0,0.9849,302,334,310,337,1.0,True,89.5013,97.16,84.1341,3.075,89.5616,"97.16,95.53,94.45,93.36,92.28,92.28,91.19,91.19,90.65,92.28,92.28,91.73,91.19,91.19,90.10,89.56,89.56,89.02,89.56,89.56,89.56,89.02,88.48,87.93,87.93,86.85,86.31,86.85,86.85,86.85,85.76,85.76,85.76,85.22,84.68,84.13"
Rec-031_30s_3,4,4,3726,core,302,331,0.0,4.0,0.9887,306,334,314,337,1.0,True,89.3505,97.7027,84.6769,3.1395,89.2902,"97.70,95.53,94.45,93.36,92.28,91.73,91.19,90.65,90.10,93.36,92.28,91.19,91.19,90.65,90.10,89.56,89.02,88.48,89.56,89.56,88.48,88.48,87.93,87.93,87.39,86.85,86.31,86.85,86.85,86.31,85.76,85.76,85.22,85.22,84.68,84.68"
Rec-031_30s_3,4,5,3727,core,307,331,0.0,5.0,0.9856,311,334,319,337,1.0,True,88.6871,95.5318,84.1341,2.672,88.7475,"95.53,93.36,92.28,92.28,91.19,91.19,90.65,89.56,89.56,92.28,91.19,90.65,90.10,89.56,89.56,89.02,88.48,87.93,89.02,89.02,88.48,87.93,87.93,87.39,86.85,86.85,86.31,86.31,86.31,85.76,85.76,85.76,85.22,84.68,84.68,84.13"
Rec-031_30s_3,4,6,3728,core,311,331,0.0,4.0,0.9898,315,334,323,337,1.0,True,88.8681,96.0745,84.6769,2.6423,89.0188,"96.07,94.45,92.28,91.73,91.19,91.19,90.65,90.10,89.56,92.28,91.19,90.65,90.10,89.56,89.56,89.02,89.02,88.48,89.02,89.02,88.48,87.93,87.93,87.39,87.39,87.39,86.85,86.85,86.31,85.76,85.76,85.76,85.22,85.22,85.22,84.68"
Rec-031_30s_3,4,7,3729,core,316,331,0.0,5.0,0.9869,320,334,328,337,1.0,True,88.9133,94.4463,85.7624,2.3127,89.0188,"94.45,93.36,92.28,91.73,91.19,91.19,91.19,90.65,90.10,91.19,90.65,90.10,90.10,89.56,89.56,89.56,89.56,89.02,89.02,88.48,88.48,87.93,87.93,87.93,87.39,87.39,87.39,86.31,86.31,86.31,85.76,85.76,85.76,85.76,85.76,85.76"
Rec-031_30s_3,4,8,3730,core,320,331,0.0,4.0,0.9904,324,334,332,337,1.0,True,89.6671,95.5318,86.3051,2.4534,89.8329,"95.53,94.45,93.36,92.28,92.28,92.28,91.73,91.73,91.73,91.73,91.19,91.19,90.65,90.65,90.10,90.10,90.10,90.10,89.56,89.02,89.02,88.48,88.48,88.48,88.48,88.48,88.48,86.85,86.85,86.85,86.31,86.31,86.31,86.31,86.31,86.31"
Rec-031_30s_3,4,9,3731,core,325,331,0.0,5.0,0.9875,329,334,337,337,1.0,True,90.5566,95.5318,87.3906,2.2795,90.3757,"95.53,94.45,93.36,93.36,93.36,93.36,93.36,93.36,93.36,91.73,91.73,91.19,91.19,91.19,91.19,91.19,91.19,91.19,89.56,89.56,89.56,89.56,89.56,89.56,89.56,89.56,89.56,87.39,87.93,87.93,87.93,87.39,87.39,87.39,87.39,87.93"
Rec-031_30s_3,4,10,3732,core,329,331,0.0,4.0,0.9903,333,334,341,337,1.0,True,91.5366,96.6172,87.9333,2.5939,91.4612,"96.62,95.53,94.99,94.99,94.99,94.99,94.45,94.45,94.45,93.36,93.36,92.28,92.28,92.28,92.28,92.28,92.28,92.28,90.65,90.65,90.65,90.10,90.65,90.65,90.65,90.10,90.10,87.93,87.93,87.93,87.93,88.48,88.48,88.48,87.93,87.93"
Rec-031_30s_3,4,11,3733,core,334,331,0.0,5.0,0.9884,338,334,346,337,1.0,True,92.5467,97.7027,89.0188,2.5665,92.5467,"97.70,96.62,96.07,95.53,95.53,95.53,95.53,95.53,95.53,94.45,94.45,94.45,93.36,93.36,93.36,93.36,93.36,93.36,91.73,91.19,91.19,91.19,91.19,91.19,91.19,91.19,91.19,89.56,89.56,89.56,89.56,89.02,89.02,89.02,89.02,89.02"
Rec-031_30s_3,4,12,3734,core,338,331,0.0,4.0,0.9901,342,334,350,337,1.0,True,92.9839,98.7882,88.4761,2.7934,92.818,"98.79,97.70,97.16,96.62,96.62,96.07,95.53,95.53,94.99,95.53,94.99,94.45,94.45,94.45,94.45,93.36,93.36,93.36,92.28,92.28,92.28,92.28,91.73,91.73,91.19,91.19,90.65,89.56,89.56,89.56,89.56,89.56,89.56,89.56,89.02,88.48"
Rec-031_30s_3,4,13,3735,core,343,331,0.0,5.0,0.9884,347,334,355,337,1.0,True,91.5516,98.2455,84.1341,3.387,91.1898,"98.25,97.70,97.16,96.07,95.53,94.45,93.36,92.28,91.19,95.53,94.99,94.45,94.45,93.36,92.28,91.19,90.65,89.02,92.28,92.28,91.73,91.19,91.19,90.10,89.02,87.93,86.85,90.10,89.56,89.56,89.02,88.48,87.93,86.85,85.76,84.13"
Rec-031_30s_3,4,14,3736,core,352,331,0.0,9.0,0.9864,356,334,364,337,0.1111,False,77.5156,91.7325,73.822,4.3473,75.7216,"91.73,84.13,79.79,77.08,75.99,75.45,74.91,74.36,74.36,88.48,81.96,78.71,76.54,75.99,75.45,74.91,74.36,74.36,85.76,80.88,77.62,76.54,75.45,74.91,74.36,74.36,73.82,83.59,79.79,77.08,75.99,74.91,74.91,74.36,73.82,73.82"
Rec-031_30s_3,4,15,3737,core,355,331,0.0,3.0,0.9869,359,334,367,337,0.0,False,75.5708,79.7922,73.822,1.2607,75.4502,"79.79,77.62,77.08,75.99,75.45,75.45,74.91,74.91,74.36,78.16,77.08,75.99,75.99,75.45,75.45,74.91,74.91,74.36,77.08,75.99,75.99,75.45,75.45,74.91,74.91,74.36,73.82,76.54,75.99,75.45,75.45,74.91,74.36,74.36,73.82,73.82"
Rec-031_30s_3,5,1,3866,core,291,331,0.0,1.0,0.9865,295,334,303,337,1.0,True,90.9034,98.2455,86.3051,3.0768,90.3757,"98.25,96.07,95.53,95.53,94.99,94.45,94.45,93.36,93.36,92.28,92.28,92.28,92.28,92.28,91.73,91.73,91.19,91.19,89.56,89.56,89.56,89.56,89.56,89.56,89.56,89.56,89.56,86.31,86.85,86.85,87.39,87.39,87.39,87.39,86.85,86.85"
Rec-031_30s_3,5,2,3867,core,296,331,0.0,5.0,0.9845,300,334,308,337,1.0,True,91.235,98.2455,86.3051,2.9406,91.1898,"98.25,97.16,95.53,95.53,94.45,94.45,93.36,92.28,92.28,94.45,93.36,93.36,93.36,92.28,91.73,91.19,91.19,90.65,91.19,91.19,90.65,90.65,90.10,89.56,89.56,89.02,88.48,88.48,87.93,88.48,87.93,87.93,87.93,87.39,86.85,86.31"
Rec-031_30s_3,5,3,3868,core,304,331,0.0,8.0,0.9858,308,334,316,337,1.0,True,90.7526,99.8737,85.7624,3.1068,90.6471,"99.87,97.70,95.53,94.45,93.36,92.28,91.73,91.19,91.19,94.99,93.36,93.36,92.28,91.19,91.19,90.65,90.10,89.56,91.19,91.19,90.65,90.10,89.56,89.02,88.48,88.48,87.93,88.48,88.48,87.93,87.93,87.93,86.85,86.85,86.31,85.76"
Rec-031_30s_3,5,4,3869,core,309,331,0.0,5.0,0.9895,313,334,321,337,1.0,True,89.848,97.16,85.7624,2.6696,89.5616,"97.16,95.53,94.45,93.36,92.28,91.19,91.19,90.65,90.10,93.36,92.28,91.19,91.19,90.65,90.10,89.56,89.56,89.02,90.10,90.10,89.56,89.56,88.48,88.48,87.93,87.93,87.93,87.93,87.93,87.93,87.39,86.85,86.31,85.76,85.76,85.76"
Rec-031_30s_3,5,5,3870,core,314,331,0.0,5.0,0.987,318,334,326,337,1.0,True,89.5013,95.5318,86.3051,2.2333,89.5616,"95.53,94.45,92.28,92.28,91.19,91.19,91.19,90.65,90.65,92.28,91.19,91.19,90.65,90.10,89.56,89.56,89.56,89.56,89.56,89.56,89.02,88.48,88.48,88.48,87.93,87.93,87.93,87.93,87.39,87.39,86.85,86.85,86.31,86.31,86.31,86.31"
Rec-031_30s_3,5,6,3871,core,318,331,0.0,4.0,0.9899,322,334,330,337,1.0,True,90.0139,96.0745,86.8478,2.2028,89.8329,"96.07,94.45,93.36,92.28,92.28,91.73,91.73,91.73,91.19,92.28,91.73,91.19,91.19,90.65,90.65,90.10,90.10,90.10,89.56,89.56,89.56,89.56,89.02,88.48,88.48,88.48,88.48,87.93,87.93,87.93,87.39,87.39,87.39,86.85,86.85,86.85"
Rec-031_30s_3,5,7,3872,core,323,331,0.0,5.0,0.9884,327,334,335,337,1.0,True,90.632,95.5318,87.9333,2.1539,90.6471,"95.53,94.45,93.36,93.36,93.36,93.36,93.36,92.28,93.36,92.28,91.73,91.19,91.19,91.19,91.19,91.19,91.19,91.19,90.10,89.56,89.56,89.56,89.56,89.56,89.56,89.56,89.56,87.93,87.93,87.93,87.93,87.93,87.93,87.93,87.93,87.93"
Rec-031_30s_3,5,8,3873,core,327,331,0.0,4.0,0.9903,331,334,339,337,1.0,True,91.8833,97.7027,89.0188,2.2799,91.7325,"97.70,95.53,94.99,94.99,94.45,94.45,94.45,94.45,94.45,93.36,93.36,92.28,92.28,92.28,92.28,92.28,92.28,92.28,91.19,91.19,91.19,91.19,90.65,90.65,91.19,90.65,90.65,89.02,89.02,89.02,89.02,89.02,89.02,89.02,89.02,89.02"
Rec-031_30s_3,5,9,3874,core,332,331,0.0,5.0,0.9889,336,334,344,337,1.0,True,92.6522,97.7027,89.5616,2.4063,92.5467,"97.70,96.62,96.07,95.53,95.53,95.53,95.53,94.99,94.99,94.45,94.45,94.45,93.36,93.36,93.36,93.36,93.36,93.36,91.73,91.73,91.73,91.73,91.73,91.19,91.19,91.19,91.19,89.56,89.56,89.56,89.56,89.56,89.56,89.56,89.56,89.56"
Rec-031_30s_3,5,10,3875,core,336,331,0.0,4.0,0.9901,340,334,348,337,1.0,True,93.4965,98.7882,89.5616,2.4884,93.3608,"98.79,98.25,97.16,97.16,96.62,96.07,96.07,95.53,95.53,95.53,94.99,94.45,94.45,94.45,94.45,94.45,94.45,93.36,93.36,92.28,92.28,92.28,92.28,92.28,92.28,91.73,91.73,90.65,90.65,90.65,90.65,90.65,90.65,90.10,90.10,89.56"
Rec-031_30s_3,5,11,3876,core,341,331,0.0,5.0,0.9894,345,334,353,337,1.0,True,93.1196,98.7882,87.3906,2.8128,93.3608,"98.79,98.25,97.70,97.16,96.62,96.07,95.53,94.99,93.36,95.53,95.53,94.99,94.99,94.45,94.45,93.36,92.28,91.19,93.36,93.36,93.36,92.28,92.28,91.73,91.19,90.65,89.56,91.19,91.19,91.19,90.65,90.10,89.56,89.56,88.48,87.39"
Rec-031_30s_3,5,12,3877,core,345,331,0.0,4.0,0.9889,349,334,357,337,0.8889,False,90.24,99.8737,78.7067,5.0371,90.9184,"99.87,98.25,97.16,96.07,94.99,93.36,91.73,89.56,82.51,96.07,95.53,94.45,93.36,92.28,91.19,89.56,86.85,80.88,93.36,92.28,92.28,91.19,90.10,89.56,87.93,84.68,79.79,91.19,90.65,90.10,89.02,87.93,87.39,85.76,83.05,78.71"
Rec-031_30s_3,5,13,3878,core,350,331,0.0,5.0,0.9877,354,334,362,337,0.3333,False,81.0586,96.0745,74.3647,6.8342,77.8925,"96.07,94.45,90.65,83.59,78.71,76.54,75.99,74.91,74.36,93.36,91.19,88.48,81.96,78.16,76.54,75.45,74.91,74.36,90.10,89.02,85.76,80.88,77.62,75.99,75.45,74.36,74.36,87.93,86.85,84.13,79.79,76.54,75.99,74.91,74.36,74.36"
Rec-031_30s_3,5,14,3879,core,354,331,0.0,4.0,0.9876,358,334,366,337,0.0,False,75.8422,81.4204,73.822,1.7097,75.4502,"81.42,78.71,77.08,75.99,75.99,75.45,74.91,74.91,74.36,79.79,77.62,76.54,75.99,75.45,75.45,74.91,74.36,74.36,78.71,77.08,75.99,75.45,74.91,74.91,74.36,74.36,73.82,77.62,76.54,75.99,75.45,74.91,74.36,74.36,74.36,73.82"
Rec-031_30s_3,5,15,3880,core,355,330,45.0,1.41,0.991,359,333,367,336,0.0,False,75.9176,83.5914,73.822,1.9492,75.4502,"83.59,79.79,77.62,76.54,75.99,75.45,74.91,74.91,74.36,79.79,77.62,76.54,75.99,75.45,74.91,74.91,74.36,74.36,77.62,77.08,75.99,75.99,75.45,74.91,74.36,74.36,73.82,77.08,75.99,75.99,75.45,74.91,74.91,74.36,73.82,73.82"
Rec-031_30s_3,6,1,4013,core,290,331,0.0,0.0,0.9866,294,334,302,337,1.0,True,91.8984,98.2455,86.3051,3.1068,91.7325,"98.25,97.16,96.07,96.07,96.07,95.53,95.53,95.53,94.99,92.28,92.28,93.36,93.36,93.36,93.36,93.36,93.36,92.28,89.56,90.10,90.10,90.65,91.19,91.19,90.65,90.65,90.65,86.31,87.39,87.93,87.93,88.48,88.48,88.48,88.48,87.93"
Rec-031_30s_3,6,2,4014,core,294,331,0.0,4.0,0.987,298,334,306,337,1.0,True,92.999,101.502,88.4761,3.1699,92.2753,"101.50,99.33,98.25,97.16,96.62,95.53,95.53,94.99,94.45,96.07,95.53,94.99,94.45,94.45,93.36,93.36,93.36,92.28,92.28,91.73,91.73,91.73,91.73,91.19,91.19,90.65,90.65,89.56,89.56,89.56,89.56,89.56,89.56,89.02,89.02,88.48"
Rec-031_30s_3,6,3,4015,core,299,331,0.0,5.0,0.9873,303,334,311,337,1.0,True,92.4562,100.4165,87.9333,2.9506,92.2753,"100.42,98.25,97.16,96.07,95.53,94.99,94.45,93.36,93.36,95.53,94.99,94.45,94.45,93.36,93.36,92.28,91.73,91.19,93.36,92.28,92.28,91.19,91.19,90.65,90.65,90.65,89.56,90.65,90.10,89.56,89.56,89.02,88.48,88.48,87.93,87.93"
Rec-031_30s_3,6,4,4016,core,308,331,0.0,9.0,0.9887,312,334,320,337,1.0,True,91.5516,98.2455,87.9333,2.5328,91.1898,"98.25,96.62,95.53,94.99,94.45,93.36,93.36,92.28,91.73,94.99,94.45,93.36,92.28,92.28,91.73,91.19,91.19,90.65,91.73,91.19,91.19,91.19,90.65,90.10,89.56,89.56,89.02,89.56,89.56,89.56,89.56,88.48,88.48,87.93,87.93,87.93"
Rec-031_30s_3,6,5,4017,core,312,331,0.0,4.0,0.9895,316,334,324,337,1.0,True,91.5969,99.331,87.3906,2.7597,91.1898,"99.33,97.70,95.53,94.99,94.45,93.36,93.36,92.28,91.73,94.99,94.45,93.36,93.36,92.28,91.73,91.19,91.19,90.65,92.28,91.73,91.19,90.65,90.10,90.10,89.56,89.56,89.02,89.56,89.56,89.56,89.02,88.48,87.93,87.93,87.93,87.39"
Rec-031_30s_3,6,6,4018,core,317,331,0.0,5.0,0.9899,321,334,329,337,1.0,True,90.9938,97.7027,87.3906,2.4712,90.9184,"97.70,96.07,94.99,94.45,93.36,92.28,92.28,91.73,91.73,94.45,93.36,92.28,92.28,91.19,91.19,91.19,90.65,90.65,91.19,91.19,90.65,90.10,90.10,89.56,89.02,89.02,88.48,89.56,89.56,89.02,88.48,87.93,87.93,87.39,87.39,87.39"
Rec-031_30s_3,6,7,4019,core,321,331,0.0,4.0,0.9895,325,334,333,337,1.0,True,91.2953,98.2455,87.9333,2.4997,91.1898,"98.25,96.07,94.99,94.45,93.36,93.36,93.36,93.36,93.36,94.45,93.36,92.28,92.28,91.73,91.19,91.19,91.19,91.19,91.19,91.19,90.65,90.10,90.10,89.56,89.56,89.56,89.56,89.56,89.02,88.48,88.48,88.48,87.93,87.93,87.93,87.93"
Rec-031_30s_3,6,8,4020,core,326,331,0.0,5.0,0.9903,330,334,338,337,1.0,True,92.0341,97.16,89.0188,2.1347,91.7325,"97.16,96.07,94.99,94.99,94.99,94.45,94.45,94.45,94.45,93.36,93.36,92.28,92.28,92.28,92.28,92.28,92.28,92.28,91.19,91.19,90.65,91.19,91.19,90.65,90.65,91.19,91.19,89.56,89.56,89.56,89.56,89.56,89.02,89.56,89.56,89.56"
Rec-031_30s_3,6,9,4021,core,330,331,0.0,4.0,0.9891,334,334,342,337,1.0,True,92.9386,98.7882,89.5616,2.4209,92.5467,"98.79,97.16,96.62,96.07,95.53,95.53,95.53,95.53,95.53,94.45,94.45,94.45,94.45,93.36,93.36,93.36,93.36,93.36,91.73,91.73,91.73,91.73,91.73,91.73,91.73,91.19,91.19,90.10,90.10,90.10,90.10,90.10,89.56,90.10,90.10,90.10"
Rec-031_30s_3,6,10,4022,core,335,331,0.0,5.0,0.9905,339,334,347,337,1.0,True,93.798,98.7882,90.6471,2.3513,93.9035,"98.79,98.25,97.16,97.16,96.62,96.62,96.07,96.07,96.07,95.53,95.53,94.99,94.45,94.45,94.45,94.45,94.45,94.45,93.36,93.36,92.28,92.28,92.28,92.28,92.28,92.28,92.28,91.19,91.19,91.19,91.19,91.19,90.65,90.65,90.65,90.65"
Rec-031_30s_3,6,11,4023,core,339,331,0.0,4.0,0.9885,343,334,351,337,1.0,True,94.205,100.4165,89.5616,2.6969,93.3608,"100.42,98.79,98.25,98.25,98.25,97.16,96.62,96.07,95.53,96.62,96.07,95.53,95.53,95.53,94.99,94.99,94.45,93.36,93.36,93.36,93.36,93.36,93.36,93.36,92.28,92.28,91.19,91.73,91.73,91.19,91.19,91.19,91.19,91.19,90.10,89.56"
Rec-031_30s_3,6,12,4024,core,344,331,0.0,5.0,0.99,348,334,356,337,1.0,True,92.2451,100.4165,83.5914,3.9262,92.0039,"100.42,99.33,98.25,97.70,96.07,95.53,93.36,92.28,89.02,96.62,96.07,95.53,94.99,94.45,92.28,91.19,89.56,87.39,94.45,94.45,93.36,92.28,91.73,90.65,89.56,87.93,85.22,91.73,91.73,91.19,90.65,89.56,89.02,87.93,85.76,83.59"
Rec-031_30s_3,6,13,4025,core,353,331,0.0,9.0,0.9885,357,334,365,337,0.0,False,76.3246,85.2196,73.822,2.669,75.4502,"85.22,79.79,77.62,75.99,75.99,75.45,74.91,74.36,74.36,83.05,78.71,77.08,75.99,75.45,74.91,74.91,74.36,73.82,81.42,78.16,76.54,75.99,74.91,74.91,74.36,74.36,73.82,80.33,77.62,75.99,75.45,74.91,74.91,74.36,73.82,73.82"
Rec-031_30s_3,6,14,4026,core,355,330,26.57,2.24,0.9856,359,333,367,336,0.0,False,76.0834,84.1341,73.822,2.1001,75.7216,"84.13,80.33,78.16,76.54,75.99,75.99,74.91,74.91,74.36,80.33,78.16,76.54,75.99,75.99,75.45,74.91,74.36,74.36,78.16,77.08,75.99,75.99,75.45,74.91,74.91,74.36,73.82,77.62,75.99,75.99,75.45,74.91,74.91,74.36,73.82,73.82"
Rec-032_30s_4,1,1,3294,core,290,331,0.0,0.0,0.9884,294,334,302,337,1.0,True,78.4051,86.3051,73.822,3.3663,77.6212,"86.31,84.68,83.59,83.05,83.05,82.51,81.96,81.42,80.88,80.88,80.33,80.33,79.79,79.79,78.71,78.71,78.71,77.62,77.62,77.08,77.08,77.08,77.08,76.54,75.99,75.99,75.99,74.91,74.91,74.91,74.91,74.36,74.36,73.82,73.82,73.82"
Rec-032_30s_4,1,2,3295,core,292,331,0.0,2.0,0.9848,296,334,304,337,1.0,True,78.5258,86.8478,73.2792,3.3919,77.8925,"86.85,85.22,84.13,83.59,83.05,81.96,80.88,80.88,79.79,81.96,80.88,80.88,79.79,79.79,78.71,78.71,78.16,77.62,78.16,77.62,77.62,77.62,77.08,75.99,75.99,75.99,75.45,75.99,75.99,75.45,74.91,74.91,74.36,73.82,73.82,73.28"
Rec-032_30s_4,1,3,3296,core,296,331,0.0,4.0,0.9878,300,334,308,337,1.0,True,78.3147,87.9333,73.2792,3.5048,77.6212,"87.93,85.76,84.13,83.05,81.96,80.88,80.88,79.79,79.79,82.51,81.42,80.33,79.79,78.71,78.71,77.62,77.62,77.08,78.71,78.16,77.62,77.08,76.54,75.99,75.45,75.45,74.91,75.99,75.99,75.45,74.91,74.36,73.82,73.82,73.82,73.28"
Rec-032_30s_4,1,4,3297,core,301,331,0.0,5.0,0.9861,305,334,313,337,1.0,True,77.4554,85.7624,73.2792,3.0484,77.0784,"85.76,83.59,82.51,81.42,80.88,79.79,79.79,78.71,78.71,80.88,79.79,79.79,78.71,78.16,77.62,77.62,77.08,76.54,77.62,77.08,77.08,76.54,75.99,75.45,75.45,74.36,74.91,75.45,74.91,74.36,73.82,73.82,73.82,73.82,73.28,73.28"
Rec-032_30s_4,1,5,3298,core,305,331,0.0,4.0,0.9883,309,334,317,337,1.0,True,77.7116,85.7624,73.822,2.927,77.6212,"85.76,84.13,82.51,81.42,80.88,80.33,79.79,79.79,78.71,80.88,79.79,78.71,78.71,78.71,77.62,77.62,77.62,77.08,77.62,77.62,77.08,76.54,75.99,75.99,75.45,75.45,74.91,75.99,75.45,74.91,74.91,74.36,73.82,73.82,73.82,73.82"
Rec-032_30s_4,1,6,3299,core,314,331,0.0,9.0,0.9888,318,334,326,337,1.0,True,78.4504,85.7624,74.9074,2.6044,78.1639,"85.76,83.59,82.51,81.42,80.88,80.88,80.88,80.88,80.88,80.88,80.33,79.79,78.71,78.71,78.71,78.71,78.71,78.71,77.62,77.62,77.62,77.08,77.08,77.08,76.54,76.54,76.54,75.99,75.99,75.99,75.45,75.45,75.45,74.91,74.91,75.45"
Rec-032_30s_4,1,7,3300,core,319,331,0.0,5.0,0.9885,323,334,331,337,1.0,True,79.2796,85.2196,75.9929,2.6556,78.978,"85.22,83.59,83.05,83.05,82.51,82.51,82.51,82.51,82.51,80.88,80.88,80.33,80.33,79.79,79.79,79.79,79.79,79.79,78.16,78.16,78.16,77.62,77.62,77.62,77.62,77.62,77.62,75.99,75.99,75.99,76.54,75.99,75.99,75.99,75.99,76.54"
Rec-032_30s_4,1,8,3301,core,323,331,0.0,4.0,0.9889,327,334,335,337,1.0,True,80.6816,86.8478,77.6212,2.6439,80.3349,"86.85,85.76,84.13,84.13,84.13,84.13,83.59,83.59,83.59,82.51,81.96,81.42,81.42,81.42,80.88,81.42,80.88,81.42,79.79,79.79,79.79,79.79,78.71,78.71,78.71,78.71,78.71,77.62,77.62,77.62,77.62,77.62,77.62,77.62,77.62,77.62"
Rec-032_30s_4,1,9,3302,core,328,331,0.0,5.0,0.9892,332,334,340,337,1.0,True,81.7973,87.3906,78.1639,2.5579,81.4204,"87.39,85.76,85.76,85.22,85.22,84.68,84.68,84.68,84.68,83.05,83.05,83.05,83.05,83.05,82.51,82.51,82.51,81.96,80.88,80.88,80.88,80.33,80.33,80.33,80.33,80.33,79.79,78.71,78.71,78.71,78.71,78.71,78.71,78.71,78.71,78.16"
Rec-032_30s_4,1,10,3303,core,337,331,0.0,9.0,0.9898,341,334,349,337,1.0,True,83.0637,89.0188,78.7067,2.8619,83.0486,"89.02,87.93,87.39,87.39,86.85,86.31,86.31,85.76,85.76,85.22,84.68,84.13,84.13,84.13,84.13,83.59,83.59,83.59,82.51,82.51,81.96,81.42,81.42,81.42,80.88,80.88,80.88,80.33,80.33,80.33,79.79,79.79,79.79,78.71,78.71,78.71"
Rec-032_30s_4,1,11,3304,core,346,331,0.0,9.0,0.9875,350,334,358,337,0.7778,False,81.3299,90.1043,74.3647,4.2688,80.8776,"90.10,89.02,88.48,87.93,86.31,85.76,83.05,78.16,75.99,85.76,85.76,85.22,84.13,83.59,83.05,80.33,77.62,75.99,83.05,83.05,81.96,81.42,80.88,79.79,78.16,75.99,74.91,80.88,80.33,79.79,78.71,78.71,77.62,76.54,75.45,74.36"
Rec-032_30s_4,1,12,3305,core,350,331,0.0,4.0,0.985,354,334,362,337,0.3333,False,78.0433,90.1043,73.822,4.1632,75.9929,"90.10,87.93,84.68,79.79,77.62,75.99,75.99,74.91,74.36,85.76,84.13,81.96,78.71,76.54,75.99,75.45,74.91,74.36,82.51,80.88,79.79,77.62,75.99,75.45,74.91,74.36,74.36,79.79,78.71,77.62,75.99,75.45,74.91,74.36,73.82,73.82"
Rec-032_30s_4,1,13,3306,core,355,331,0.0,5.0,0.9843,359,334,367,337,0.0,False,75.2241,78.7067,73.822,1.0958,74.9074,"78.71,77.62,75.99,75.99,75.45,74.91,74.91,74.36,74.36,77.62,75.99,75.99,75.45,74.91,74.91,74.36,74.36,73.82,75.99,75.99,75.45,75.45,74.91,74.91,74.36,73.82,73.82,75.99,75.45,75.45,74.91,74.91,74.91,74.36,73.82,73.82"
Rec-032_30s_4,2,1,3431,core,291,331,0.0,1.0,0.9836,295,334,303,337,1.0,True,84.8276,94.4463,79.7922,3.7638,83.8627,"94.45,91.73,90.65,90.10,89.56,89.02,87.93,87.93,87.39,87.93,87.39,87.39,86.31,85.76,85.76,85.22,84.68,84.13,83.59,83.59,83.59,83.59,83.05,83.05,82.51,82.51,81.96,80.33,80.88,80.88,80.88,80.33,80.33,79.79,79.79,79.79"
Rec-032_30s_4,2,2,3432,core,296,331,0.0,5.0,0.9879,300,334,308,337,1.0,True,84.496,93.3608,78.7067,3.559,84.1341,"93.36,91.19,90.10,89.56,88.48,87.93,87.93,86.85,86.85,87.93,87.39,86.31,85.76,85.76,85.22,84.68,84.13,84.13,84.13,84.13,83.59,83.05,83.05,82.51,81.96,81.96,81.42,81.42,80.88,80.88,80.88,80.33,79.79,79.79,79.79,78.71"
Rec-032_30s_4,2,3,3433,core,300,331,0.0,4.0,0.9857,304,334,312,337,1.0,True,84.6618,94.4463,79.7922,3.5785,84.1341,"94.45,91.73,90.10,89.56,88.48,87.93,87.93,87.39,86.85,87.93,87.39,86.31,85.76,85.76,85.22,84.68,84.68,84.13,84.13,84.13,83.05,83.05,83.05,83.05,82.51,82.51,81.96,81.42,80.88,80.88,80.88,80.33,80.33,79.79,79.79,79.79"
Rec-032_30s_4,2,4,3434,core,305,331,0.0,5.0,0.9887,309,334,317,337,1.0,True,84.315,92.2753,79.7922,3.3063,84.1341,"92.28,90.65,89.56,89.02,87.93,87.93,87.39,86.31,85.76,87.93,86.85,86.31,85.76,85.76,85.22,84.13,84.13,84.13,84.13,83.59,83.59,83.05,83.05,82.51,81.96,81.42,81.42,80.88,80.88,80.88,80.88,80.33,80.33,79.79,79.79,79.79"
Rec-032_30s_4,2,5,3435,core,310,331,0.0,5.0,0.9854,314,334,322,337,1.0,True,84.1794,91.1898,79.7922,2.921,84.1341,"91.19,89.56,88.48,87.93,87.93,87.39,86.85,86.31,86.31,87.39,85.76,85.76,85.76,85.22,84.68,84.13,84.13,84.13,84.13,83.59,83.59,83.05,83.05,82.51,82.51,81.96,81.96,80.88,80.88,80.88,80.88,80.88,80.33,80.33,80.33,79.79"
Rec-032_30s_4,2,6,3436,core,314,331,0.0,4.0,0.9892,318,334,326,337,1.0,True,84.6316,91.1898,80.3349,2.853,84.1341,"91.19,89.56,89.56,88.48,87.93,87.93,87.39,87.39,86.85,87.39,86.31,85.76,85.76,85.76,85.22,85.22,84.68,84.13,84.13,83.59,83.59,83.59,83.59,83.05,83.05,83.05,82.51,81.96,81.42,81.42,81.42,80.88,80.88,80.88,80.88,80.33"
Rec-032_30s_4,2,7,3437,core,319,331,0.0,5.0,0.987,323,334,331,337,1.0,True,84.7824,91.1898,80.8776,2.7817,84.6769,"91.19,89.56,89.02,88.48,87.93,87.93,87.39,87.93,87.39,87.39,86.31,85.76,85.76,85.76,85.76,85.22,85.22,85.22,84.13,84.13,83.59,83.59,83.05,83.05,83.05,83.05,83.05,81.96,81.96,81.96,81.42,81.42,80.88,80.88,80.88,80.88"
Rec-032_30s_4,2,8,3438,core,323,331,0.0,4.0,0.9897,327,334,335,337,1.0,True,85.5362,91.7325,81.4204,2.8271,85.2196,"91.73,90.65,89.56,89.56,89.02,89.02,88.48,88.48,88.48,87.93,87.39,86.85,86.85,86.31,85.76,85.76,85.76,85.76,84.68,84.68,84.13,84.13,84.13,84.13,84.13,83.59,83.59,82.51,82.51,82.51,81.96,81.96,81.96,81.96,81.96,81.42"
Rec-032_30s_4,2,9,3439,core,328,331,0.0,5.0,0.9876,332,334,340,337,1.0,True,86.4408,91.1898,83.0486,2.7538,86.3051,"91.19,90.65,90.10,90.10,90.10,90.10,90.10,90.10,90.10,87.93,87.93,87.93,87.39,87.39,87.39,87.39,87.39,87.39,85.22,85.22,85.22,84.68,84.68,84.68,84.68,84.68,84.68,83.05,83.05,83.05,83.05,83.05,83.05,83.05,83.05,83.05"
Rec-032_30s_4,2,10,3440,core,332,331,0.0,4.0,0.9898,336,334,344,337,1.0,True,87.3755,93.3608,83.5914,2.9851,86.8478,"93.36,92.28,91.73,91.73,91.19,91.19,91.19,91.19,90.65,89.02,89.02,88.48,88.48,88.48,88.48,87.93,87.93,87.93,85.76,85.76,85.76,85.76,85.76,85.76,85.76,85.76,85.22,83.59,84.13,84.13,84.13,83.59,83.59,83.59,83.59,83.59"
Rec-032_30s_4,2,11,3441,core,337,331,0.0,5.0,0.9885,341,334,349,337,1.0,True,87.6017,93.3608,83.0486,3.0388,87.3906,"93.36,92.28,92.28,91.73,91.73,91.19,91.19,91.19,90.65,89.56,89.56,89.56,89.02,89.02,88.48,88.48,87.93,87.93,86.85,86.31,86.31,86.31,85.76,85.76,85.76,85.76,85.76,84.13,84.13,84.13,84.13,84.13,83.59,83.59,83.05,83.05"
Rec-032_30s_4,2,12,3442,core,341,331,0.0,4.0,0.9895,345,334,353,337,1.0,True,87.8881,94.989,82.5059,3.3393,87.662,"94.99,94.45,93.36,92.28,92.28,91.73,91.19,90.65,89.56,90.65,90.10,89.56,89.56,89.56,89.02,87.93,87.93,87.39,87.93,87.39,86.85,86.85,86.31,85.76,85.76,85.22,84.13,85.22,84.68,84.68,84.13,84.13,84.13,83.05,83.05,82.51"
Rec-032_30s_4,2,13,3443,core,346,331,0.0,5.0,0.9862,350,334,358,337,0.7778,False,84.3904,94.4463,75.4502,5.105,84.6769,"94.45,92.28,91.73,91.19,90.10,89.02,85.76,79.79,77.08,90.65,89.56,89.02,87.93,87.39,85.76,83.05,78.71,76.54,87.39,86.31,85.76,85.76,84.68,83.59,80.88,77.62,75.99,84.68,84.13,84.13,83.05,82.51,80.88,78.71,76.54,75.45"
Rec-032_30s_4,2,14,3444,core,350,331,0.0,4.0,0.9862,354,334,362,337,0.3333,False,79.4303,93.3608,73.822,5.444,77.0784,"93.36,91.19,87.93,81.42,78.16,76.54,75.99,74.91,74.36,89.56,87.93,84.68,79.79,77.62,75.99,75.45,74.91,74.36,85.76,84.68,82.51,78.16,76.54,75.45,74.91,74.36,74.36,83.59,82.51,80.33,77.62,75.99,75.45,74.91,74.36,73.82"
Rec-032_30s_4,2,15,3445,core,355,331,0.0,5.0,0.9832,359,334,367,337,0.0,False,75.1638,78.7067,73.822,1.1548,74.9074,"78.71,77.08,75.99,75.99,75.45,75.45,74.91,74.36,73.82,77.62,76.54,75.99,75.45,75.45,74.91,74.36,74.36,73.82,76.54,75.99,75.45,74.91,74.91,74.36,74.36,73.82,73.82,75.99,75.45,75.45,74.36,74.36,74.36,73.82,73.82,73.82"
Rec-032_30s_4,3,1,3574,core,290,331,0.0,0.0,0.9901,294,334,302,337,1.0,True,86.7423,92.2753,81.9631,3.0989,86.8478,"92.28,91.19,91.19,91.19,91.19,91.19,90.65,90.10,90.10,87.93,87.93,88.48,87.93,87.93,87.93,87.93,87.93,87.93,84.68,85.22,85.22,85.22,85.76,85.22,85.22,85.22,84.68,81.96,82.51,83.05,83.05,83.05,83.05,83.05,83.05,82.51"
Rec-032_30s_4,3,2,3575,core,293,331,0.0,3.0,0.9857,297,334,305,337,1.0,True,88.1444,97.16,83.0486,3.5157,87.662,"97.16,94.99,93.36,92.28,92.28,91.73,91.19,91.19,90.10,91.19,90.65,90.10,89.56,89.56,89.02,89.02,88.48,87.93,87.39,87.39,86.85,86.85,86.31,86.31,86.31,85.76,85.76,84.13,84.13,84.13,84.13,84.13,84.13,83.59,83.05,83.05"
Rec-032_30s_4,3,3,3576,core,302,331,0.0,9.0,0.9876,306,334,314,337,1.0,True,87.7072,96.0745,83.0486,3.1786,87.662,"96.07,94.45,92.28,91.19,91.19,90.65,90.10,89.56,89.02,91.19,90.10,89.56,89.56,88.48,88.48,87.93,87.93,87.39,87.93,87.39,86.85,86.85,86.31,85.76,85.76,85.22,85.22,84.68,84.68,84.13,84.13,84.13,83.59,83.59,83.05,83.05"
Rec-032_30s_4,3,4,3577,core,307,331,0.0,5.0,0.9891,311,334,319,337,1.0,True,87.5413,94.989,83.0486,2.9523,87.662,"94.99,93.36,91.73,91.19,90.65,90.10,89.56,89.56,89.02,91.19,90.10,89.56,89.02,88.48,87.93,87.93,87.93,87.39,87.93,87.39,86.85,86.31,85.76,85.76,85.76,85.22,84.68,84.68,84.68,84.13,84.13,84.13,84.13,83.59,83.59,83.05"
Rec-032_30s_4,3,5,3578,core,311,331,0.0,4.0,0.9873,315,334,323,337,1.0,True,87.7524,95.5318,83.5914,2.92,87.9333,"95.53,93.36,92.28,91.19,90.65,90.10,90.10,89.56,89.56,91.19,90.10,89.56,89.02,88.48,88.48,87.93,87.93,87.93,87.93,87.39,86.85,86.31,86.31,85.76,85.76,85.76,85.76,85.22,84.68,84.68,84.13,84.13,84.13,84.13,83.59,83.59"
Rec-032_30s_4,3,6,3579,core,334,331,0.0,23.0,0.9905,338,334,346,337,1.0,True,90.4661,97.16,86.3051,2.9755,90.1043,"97.16,95.53,94.99,94.45,94.45,93.36,93.36,93.36,93.36,93.36,92.28,92.28,91.73,91.19,91.19,91.19,90.65,90.65,89.56,89.56,89.56,89.02,89.02,89.02,88.48,88.48,88.48,87.39,87.39,87.39,86.85,86.85,86.31,86.31,86.31,86.31"
Rec-032_30s_4,3,7,3580,core,339,331,0.0,5.0,0.9877,343,334,351,337,1.0,True,90.3455,96.0745,85.7624,2.9044,89.8329,"96.07,95.53,94.99,94.45,94.45,94.45,93.36,92.28,92.28,92.28,92.28,92.28,91.73,91.19,91.19,91.19,90.65,90.10,89.56,89.56,89.56,89.56,89.02,89.02,88.48,87.93,87.93,87.93,87.39,87.39,87.39,86.85,86.31,86.31,85.76,85.76"
Rec-032_30s_4,3,8,3581,core,343,331,0.0,4.0,0.9897,347,334,355,337,1.0,True,89.6369,97.16,83.0486,3.3412,89.5616,"97.16,95.53,94.99,94.45,93.36,93.36,91.73,91.19,89.56,93.36,92.28,92.28,91.73,91.19,90.65,89.56,89.02,87.39,90.10,89.56,89.56,89.56,88.48,87.93,87.39,86.31,84.68,87.93,87.93,87.39,86.85,86.31,85.76,85.22,84.13,83.05"
Rec-032_30s_4,3,9,3582,core,348,331,0.0,5.0,0.9855,352,334,360,337,0.5556,False,83.1391,95.5318,74.3647,6.477,83.8627,"95.53,94.45,92.28,91.19,87.93,81.42,77.62,75.99,75.45,91.73,91.19,90.10,88.48,85.76,80.33,77.08,75.99,74.91,89.02,87.93,87.39,85.76,83.59,78.71,76.54,75.45,74.91,86.85,85.76,85.22,84.13,81.42,77.62,75.99,74.91,74.36"
Rec-032_30s_4,3,10,3583,core,352,331,0.0,4.0,0.9874,356,334,364,337,0.1111,False,77.2895,90.6471,73.822,3.7761,75.9929,"90.65,83.05,78.71,77.08,75.99,75.99,75.45,74.91,74.91,86.85,80.88,78.16,76.54,75.99,75.45,74.91,74.91,74.36,84.13,79.79,77.62,75.99,75.45,74.91,74.91,74.36,74.36,81.96,78.71,76.54,75.99,75.45,74.91,74.36,74.36,73.82"
Rec-032_30s_4,3,11,3584,core,355,331,0.0,3.0,0.9845,359,334,367,337,0.0,False,75.42,79.7922,73.822,1.2399,75.1788,"79.79,77.62,76.54,75.99,75.45,75.45,74.91,74.36,74.36,77.62,76.54,75.99,75.99,75.45,74.91,74.91,74.91,73.82,77.08,75.99,75.99,75.45,74.91,74.91,74.36,74.36,73.82,75.99,75.99,75.45,74.91,74.91,74.36,74.36,73.82,73.82"
Rec-032_30s_4,4,1,3715,core,291,331,0.0,1.0,0.9848,295,334,303,337,1.0,True,89.5917,95.5318,85.2196,3.0754,89.2902,"95.53,94.45,94.45,94.45,93.36,93.36,93.36,92.28,92.28,91.19,91.19,91.19,91.19,91.19,90.65,90.65,90.65,90.10,87.93,87.93,88.48,87.93,88.48,88.48,87.93,87.93,87.93,85.22,85.76,85.76,85.76,85.76,85.76,85.76,85.76,85.22"
Rec-032_30s_4,4,2,3716,core,295,331,0.0,4.0,0.9877,299,334,307,337,1.0,True,89.9988,98.2455,85.2196,3.1513,89.5616,"98.25,95.53,94.99,94.45,93.36,93.36,92.28,91.73,91.19,93.36,92.28,91.73,91.19,91.19,91.19,90.65,90.10,89.56,89.56,89.56,89.56,89.02,89.02,88.48,87.93,87.93,87.39,86.31,86.85,86.85,86.31,86.31,85.76,85.76,85.76,85.22"
Rec-032_30s_4,4,3,3717,core,299,331,0.0,4.0,0.9863,303,334,311,337,1.0,True,90.0139,99.331,85.2196,3.3001,89.5616,"99.33,96.62,95.53,94.45,93.36,92.28,91.73,91.19,90.65,94.45,92.28,92.28,91.19,91.19,90.65,90.10,89.56,89.56,90.10,89.56,89.56,89.02,88.48,87.93,87.93,87.39,87.93,87.39,87.39,86.85,86.31,86.31,85.76,85.76,85.22,85.22"
Rec-032_30s_4,4,4,3718,core,304,331,0.0,5.0,0.9888,308,334,316,337,1.0,True,89.1093,96.6172,84.6769,2.8216,89.2902,"96.62,94.45,93.36,92.28,91.73,91.19,91.19,90.65,90.10,92.28,91.73,91.19,90.65,90.10,89.56,89.56,89.02,88.48,89.56,89.56,88.48,88.48,87.93,87.93,87.39,86.85,86.85,86.85,86.31,85.76,85.76,85.76,85.76,85.22,84.68,84.68"
Rec-032_30s_4,4,5,3719,core,308,331,0.0,4.0,0.9868,312,334,320,337,1.0,True,89.245,97.16,85.2196,2.7774,89.2902,"97.16,94.99,93.36,92.28,91.73,91.19,91.19,90.10,90.10,92.28,91.73,91.19,90.65,90.10,89.56,89.56,89.02,89.02,89.56,89.56,89.02,88.48,87.93,87.93,87.39,87.39,87.39,86.85,86.31,86.31,85.76,85.76,85.76,85.76,85.22,85.22"
Rec-032_30s_4,4,6,3720,core,313,331,0.0,5.0,0.9898,317,334,325,337,1.0,True,88.9585,95.5318,85.2196,2.4566,89.0188,"95.53,93.36,92.28,91.73,91.19,91.19,90.65,90.65,90.65,91.19,91.19,90.65,90.10,89.56,89.56,89.56,89.56,89.02,89.02,89.02,88.48,87.93,87.93,87.93,87.39,87.39,87.39,86.85,86.31,86.31,85.76,85.76,85.76,85.22,85.22,85.22"
Rec-032_30s_4,4,7,3721,core,317,331,0.0,4.0,0.9866,321,334,329,337,1.0,True,89.4711,96.0745,85.7624,2.5697,89.5616,"96.07,94.45,93.36,92.28,92.28,91.73,91.19,91.19,91.19,92.28,91.19,91.19,90.65,90.10,90.10,90.10,90.10,89.56,89.56,89.02,88.48,88.48,88.48,87.93,87.93,87.93,87.93,86.85,86.85,86.31,86.31,86.31,86.31,85.76,85.76,85.76"
Rec-032_30s_4,4,8,3722,core,322,331,0.0,5.0,0.9905,326,334,334,337,1.0,True,90.2852,95.5318,86.8478,2.3027,90.3757,"95.53,94.45,93.36,93.36,93.36,92.28,92.28,92.28,92.28,92.28,91.19,91.19,91.19,91.19,91.19,91.19,91.19,91.19,89.56,89.56,89.56,89.56,89.56,89.02,89.02,89.02,89.02,87.39,87.39,87.39,87.39,86.85,86.85,87.39,87.39,87.39"
Rec-032_30s_4,4,9,3723,core,327,331,0.0,5.0,0.9869,331,334,339,337,1.0,True,91.2049,95.5318,87.9333,2.4822,91.1898,"95.53,94.45,94.45,94.45,94.45,94.45,94.45,94.45,94.45,92.28,92.28,92.28,92.28,92.28,92.28,92.28,92.28,92.28,90.10,90.10,90.10,90.10,90.10,90.10,90.10,90.10,89.56,87.93,87.93,87.93,87.93,87.93,87.93,87.93,87.93,87.93"
Rec-032_30s_4,4,10,3724,core,331,331,0.0,4.0,0.9905,335,334,343,337,1.0,True,92.5316,98.2455,89.0188,2.6665,92.2753,"98.25,97.16,96.07,95.53,95.53,95.53,95.53,95.53,95.53,94.45,94.45,94.45,93.36,93.36,93.36,93.36,93.36,93.36,91.19,91.19,91.19,91.19,91.19,91.19,91.19,91.19,91.19,89.02,89.02,89.56,89.56,89.02,89.02,89.02,89.02,89.02"
Rec-032_30s_4,4,11,3725,core,336,331,0.0,5.0,0.9871,340,334,348,337,1.0,True,93.0593,98.2455,89.0188,2.7835,92.818,"98.25,97.70,97.16,96.62,96.62,96.07,96.07,95.53,95.53,95.53,94.99,94.99,94.45,94.45,94.45,94.45,93.36,93.36,92.28,92.28,92.28,92.28,91.73,91.19,91.19,91.19,91.19,89.56,89.56,89.56,89.56,89.56,89.56,89.56,89.02,89.02"
Rec-032_30s_4,4,12,3726,core,345,331,0.0,9.0,0.9867,349,334,357,337,0.8889,False,89.26,98.2455,78.1639,4.9816,89.8329,"98.25,97.16,96.07,94.99,94.45,92.28,91.19,87.93,81.96,95.53,94.45,93.36,92.28,91.19,90.65,89.02,85.76,80.33,92.28,91.73,91.19,90.10,89.56,87.93,86.85,83.59,78.71,90.10,89.56,89.02,87.93,87.39,85.76,84.68,81.96,78.16"
Rec-032_30s_4,4,13,3727,core,355,330,5.71,10.05,0.9882,359,333,367,336,0.0,False,76.1286,83.5914,73.822,1.9375,75.7216,"83.59,79.79,77.62,77.08,75.99,75.99,75.45,74.91,74.36,80.33,77.62,76.54,75.99,75.99,75.45,74.91,74.91,74.36,78.16,77.08,75.99,75.99,75.45,75.45,74.36,74.36,74.36,77.62,76.54,75.99,75.45,74.91,74.91,74.91,74.36,73.82"
Rec-032_30s_4,5,1,3853,core,290,331,0.0,0.0,0.9879,294,334,302,337,1.0,True,90.6772,97.16,85.7624,3.1019,90.3757,"97.16,95.53,94.99,94.99,94.99,94.45,94.45,94.45,93.36,91.73,91.73,91.73,92.28,92.28,91.73,91.73,91.73,91.19,88.48,88.48,89.02,89.56,89.56,89.56,89.56,89.56,89.56,85.76,85.76,86.85,86.85,86.85,86.85,87.39,87.39,86.85"
Rec-032_30s_4,5,2,3854,core,293,331,0.0,3.0,0.9875,297,334,305,337,1.0,True,91.5215,99.331,87.3906,3.1212,90.9184,"99.33,98.25,96.07,95.53,95.53,94.99,94.45,93.36,93.36,94.45,93.36,93.36,92.28,92.28,92.28,92.28,91.73,91.19,90.65,90.65,90.65,90.10,90.10,90.10,89.56,89.56,89.02,87.93,87.93,87.93,87.93,87.93,87.93,87.93,87.39,87.39"
Rec-032_30s_4,5,3,3855,core,298,331,0.0,5.0,0.9872,302,334,310,337,1.0,True,91.0993,98.7882,86.3051,2.8989,90.9184,"98.79,96.62,95.53,94.99,94.45,93.36,93.36,92.28,91.73,94.45,93.36,93.36,92.28,92.28,91.73,91.19,90.65,90.10,91.19,91.19,90.65,90.10,90.10,89.56,89.56,89.02,88.48,88.48,89.02,88.48,87.93,87.93,87.39,86.85,86.85,86.31"
Rec-032_30s_4,5,4,3856,core,302,331,0.0,4.0,0.9893,306,334,314,337,1.0,True,90.9034,99.331,86.3051,3.0015,90.6471,"99.33,97.16,95.53,94.45,94.45,93.36,92.28,91.73,91.19,94.45,93.36,93.36,92.28,91.73,91.19,90.65,90.10,89.56,91.19,91.19,90.65,90.65,89.56,89.56,89.02,88.48,87.93,89.02,88.48,87.93,87.93,87.93,87.39,86.85,86.31,86.31"
Rec-032_30s_4,5,5,3857,core,307,331,0.0,5.0,0.9883,311,334,319,337,1.0,True,89.9988,96.6172,85.7624,2.5547,89.8329,"96.62,94.99,94.45,93.36,92.28,91.73,91.19,91.19,90.65,93.36,92.28,91.73,91.19,90.65,90.10,90.10,89.56,89.56,90.65,90.10,89.56,89.56,89.02,88.48,88.48,87.93,87.93,88.48,87.93,87.93,87.39,86.85,86.85,86.31,85.76,85.76"
Rec-032_30s_4,5,6,3858,core,311,331,0.0,4.0,0.9901,315,334,323,337,1.0,True,90.0742,97.16,86.3051,2.4169,89.8329,"97.16,94.99,93.36,92.28,92.28,92.28,91.73,91.19,91.19,93.36,92.28,91.19,91.19,90.65,90.10,89.56,90.10,89.56,90.65,90.10,89.56,89.56,89.02,89.02,88.48,87.93,87.93,87.93,87.93,87.93,87.93,87.39,87.39,86.85,86.31,86.31"
Rec-032_30s_4,5,7,3859,core,316,331,0.0,5.0,0.9894,320,334,328,337,1.0,True,90.1194,95.5318,86.8478,2.1425,90.1043,"95.53,94.45,93.36,92.28,92.28,92.28,91.73,91.73,91.19,92.28,91.73,91.19,91.19,91.19,90.65,90.65,90.10,90.10,90.10,90.10,89.56,89.56,89.02,89.02,89.02,88.48,88.48,87.93,87.93,87.93,87.39,87.39,87.39,87.39,86.85,86.85"
Rec-032_30s_4,5,8,3860,core,320,331,0.0,4.0,0.99,324,334,332,337,1.0,True,90.7827,97.16,87.9333,2.3497,90.9184,"97.16,95.53,94.45,93.36,93.36,93.36,92.28,92.28,92.28,93.36,92.28,91.73,91.73,91.19,91.19,91.19,91.19,91.19,90.65,90.10,89.56,89.56,89.56,89.56,89.56,89.56,89.56,87.93,87.93,87.93,87.93,87.93,87.93,87.93,87.93,87.93"
Rec-032_30s_4,5,9,3861,core,325,331,0.0,5.0,0.9897,329,334,337,337,1.0,True,91.4461,96.0745,88.4761,2.2866,91.7325,"96.07,95.53,94.45,94.45,94.45,94.45,94.45,93.36,93.36,93.36,92.28,92.28,92.28,92.28,92.28,92.28,92.28,92.28,91.19,90.65,90.65,90.10,90.10,90.10,90.10,90.10,90.10,89.02,88.48,88.48,88.48,88.48,88.48,88.48,88.48,88.48"
Rec-032_30s_4,5,10,3862,core,329,331,0.0,4.0,0.9899,333,334,341,337,1.0,True,92.5768,98.2455,89.5616,2.4853,92.2753,"98.25,97.16,96.07,95.53,95.53,95.53,95.53,94.99,94.99,94.45,94.45,93.36,93.36,93.36,93.36,93.36,93.36,93.36,91.19,91.19,91.19,91.19,91.19,91.19,91.19,91.19,91.19,89.56,89.56,89.56,89.56,89.56,89.56,89.56,89.56,89.56"
Rec-032_30s_4,5,11,3863,core,334,331,0.0,5.0,0.9903,338,334,346,337,1.0,True,93.3005,98.2455,90.1043,2.3822,93.3608,"98.25,97.70,96.62,96.07,96.07,95.53,95.53,95.53,95.53,94.99,94.99,94.45,94.45,94.45,94.45,94.45,94.45,94.45,92.28,92.28,92.28,92.28,92.28,92.28,91.73,91.73,91.73,90.65,90.65,90.10,90.10,90.10,90.10,90.10,90.10,90.10"
Rec-032_30s_4,5,12,3864,core,338,331,0.0,4.0,0.9893,342,334,350,337,1.0,True,93.6925,99.331,89.5616,2.672,93.3608,"99.33,98.25,97.70,97.16,97.16,97.16,96.62,96.07,95.53,95.53,95.53,95.53,94.99,94.99,94.45,94.45,94.45,93.36,93.36,93.36,92.28,92.28,92.28,92.28,92.28,91.19,91.19,91.19,91.19,90.65,90.65,90.65,90.65,90.10,89.56,89.56"
Rec-032_30s_4,5,13,3865,core,343,331,0.0,5.0,0.99,347,334,355,337,1.0,True,92.1095,99.8737,84.6769,3.51,91.4612,"99.87,98.25,97.70,97.16,96.07,95.53,94.45,92.28,90.65,96.07,95.53,95.53,94.45,93.36,92.28,91.19,90.10,88.48,93.36,93.36,92.28,91.73,91.19,90.10,89.56,88.48,86.85,91.19,91.19,90.65,90.10,89.56,88.48,87.93,86.31,84.68"
Rec-032_30s_4,5,14,3866,core,347,331,0.0,4.0,0.9882,351,334,359,337,0.6667,False,86.5614,99.331,75.4502,6.964,88.2047,"99.33,97.70,95.53,94.45,92.28,89.56,83.05,78.16,75.99,95.53,94.45,92.28,91.19,89.56,87.39,81.42,77.62,75.99,92.28,91.19,90.65,89.56,87.93,85.22,79.79,77.08,75.99,90.10,89.56,88.48,87.39,85.76,83.05,78.71,76.54,75.45"
Rec-032_30s_4,5,15,3867,core,352,331,0.0,5.0,0.9881,356,334,364,337,0.1111,False,77.7267,91.7325,74.3647,4.3623,75.7216,"91.73,84.13,79.79,77.08,75.99,75.45,74.91,74.91,74.36,89.02,83.05,78.71,77.08,75.99,75.45,74.91,74.91,74.36,85.76,80.88,78.16,76.54,75.45,74.91,74.91,74.36,74.36,84.13,79.79,77.62,75.99,75.45,74.91,74.36,74.36,74.36"
Rec-032_30s_4,5,16,3868,core,355,331,0.0,3.0,0.9866,359,334,367,337,0.0,False,75.5859,80.3349,73.822,1.386,75.1788,"80.33,77.62,76.54,75.99,75.99,74.91,74.91,74.36,74.36,78.71,77.08,75.99,75.99,75.99,75.45,74.91,74.36,74.36,77.62,75.99,75.99,75.45,74.91,74.91,74.36,74.36,73.82,77.08,75.99,75.45,74.91,74.91,74.91,74.36,74.36,73.82"
Rec-032_30s_4,6,1,3994,core,290,331,0.0,0.0,0.9891,294,334,302,337,1.0,True,91.3556,97.7027,85.7624,3.083,91.1898,"97.70,96.07,95.53,95.53,95.53,95.53,95.53,94.99,94.45,92.28,92.28,92.28,92.28,93.36,92.28,92.28,92.28,92.28,89.02,89.56,89.56,90.10,90.10,90.10,90.10,90.10,90.10,85.76,86.85,87.39,87.93,87.93,87.93,87.93,87.93,87.93"
Rec-032_30s_4,6,2,3995,core,291,331,0.0,1.0,0.9842,295,334,303,337,1.0,True,92.4411,100.4165,87.9333,3.2054,91.7325,"100.42,98.25,97.16,97.16,96.07,95.53,95.53,94.99,94.45,94.45,94.45,94.45,94.45,93.36,93.36,93.36,93.36,92.28,90.65,91.19,91.19,91.19,91.19,91.19,91.19,90.65,90.65,87.93,87.93,88.48,88.48,89.02,88.48,88.48,88.48,88.48"
Rec-032_30s_4,6,3,3996,core,300,331,0.0,9.0,0.9868,304,334,312,337,1.0,True,92.4261,101.502,87.9333,3.1194,92.0039,"101.50,98.79,97.70,96.07,95.53,94.99,94.45,93.36,92.28,96.07,95.53,94.45,94.45,93.36,92.28,92.28,91.73,91.19,92.28,92.28,91.73,91.19,91.19,91.19,90.65,90.10,89.56,90.10,89.56,89.56,89.56,89.02,89.02,88.48,87.93,87.93"
Rec-032_30s_4,6,4,3997,core,305,331,0.0,5.0,0.9899,309,334,317,337,1.0,True,91.7778,98.7882,87.9333,2.6415,91.4612,"98.79,97.16,96.07,94.99,94.45,94.45,93.36,92.28,92.28,94.99,94.45,93.36,93.36,92.28,92.28,91.73,91.19,91.19,92.28,91.73,91.19,91.19,90.65,90.10,90.10,89.56,89.56,89.56,89.56,89.56,89.56,88.48,88.48,87.93,87.93,87.93"
Rec-032_30s_4,6,5,3998,core,309,331,0.0,4.0,0.9875,313,334,321,337,1.0,True,91.7024,99.8737,87.9333,2.7525,91.1898,"99.87,97.70,95.53,94.99,94.45,93.36,93.36,92.28,92.28,95.53,94.45,93.36,93.36,92.28,91.73,91.19,91.19,91.19,91.73,91.19,91.19,91.19,90.65,90.10,89.56,89.56,89.02,89.56,89.56,89.56,89.02,89.02,88.48,87.93,87.93,87.93"
Rec-032_30s_4,6,6,3999,core,323,331,0.0,14.0,0.9917,327,334,335,337,1.0,True,91.8079,97.16,89.0188,2.231,91.7325,"97.16,95.53,94.99,94.45,94.45,94.45,94.45,94.45,94.45,93.36,93.36,92.28,92.28,92.28,92.28,92.28,92.28,92.28,91.19,90.65,90.65,90.65,90.65,90.65,90.65,90.65,90.65,89.02,89.02,89.02,89.02,89.02,89.02,89.02,89.02,89.56"
Rec-032_30s_4,6,7,4000,core,328,331,0.0,5.0,0.9888,332,334,340,337,1.0,True,92.5467,97.16,89.5616,2.3115,92.5467,"97.16,96.07,95.53,95.53,95.53,95.53,95.53,95.53,94.99,94.45,93.36,93.36,93.36,93.36,93.36,93.36,93.36,93.36,91.73,91.19,91.19,91.19,91.73,91.73,91.19,91.19,91.19,89.56,89.56,89.56,89.56,89.56,89.56,89.56,90.10,89.56"
Rec-032_30s_4,6,8,4001,core,337,331,0.0,9.0,0.9889,341,334,349,337,1.0,True,94.0995,98.7882,90.1043,2.491,93.9035,"98.79,98.25,97.70,97.70,97.16,97.16,97.16,96.62,96.07,96.07,95.53,95.53,95.53,95.53,94.99,94.99,94.45,94.45,93.36,93.36,93.36,93.36,92.28,92.28,92.28,92.28,92.28,91.19,91.19,91.19,91.19,91.19,91.19,91.19,90.65,90.10"
Rec-032_30s_4,6,9,4002,core,346,331,0.0,9.0,0.9882,350,334,358,337,0.7778,False,88.7776,99.8737,76.5357,6.3352,89.8329,"99.87,98.25,97.16,95.53,94.45,92.28,89.56,81.96,77.62,96.07,95.53,94.45,93.36,91.73,90.10,87.39,81.42,77.62,93.36,92.28,91.73,90.65,89.56,87.93,85.76,80.33,77.08,91.19,90.10,89.56,89.02,87.93,86.31,83.59,78.71,76.54"
Rec-032_30s_4,6,10,4003,core,350,331,0.0,4.0,0.9895,354,334,362,337,0.3333,False,81.3902,97.16,74.3647,6.954,78.1639,"97.16,94.45,91.19,83.59,78.71,77.08,75.99,75.45,74.91,93.36,91.73,89.02,83.05,78.71,76.54,75.45,74.91,74.36,90.65,89.02,86.31,81.42,77.62,75.99,75.45,74.91,74.36,89.02,87.39,84.68,79.79,77.08,75.99,75.45,74.91,74.36"
Rec-032_30s_4,6,11,4004,core,355,331,0.0,5.0,0.9853,359,334,367,337,0.0,False,75.2693,78.7067,73.822,1.2069,74.9074,"78.71,77.62,75.99,75.99,75.45,74.91,74.91,74.36,74.36,77.62,76.54,75.99,75.45,74.91,74.91,74.36,73.82,73.82,77.08,75.99,75.99,75.45,74.91,74.36,74.36,73.82,73.82,76.54,75.99,75.45,75.45,74.36,74.36,74.36,73.82,73.82"
Rec-G3_S60_1,1,1,1802,core,317,318,0.0,0.0,0.9852,321,320,329,323,1.0,True,75.224,82.5059,70.5655,3.2599,74.9074,"82.51,80.88,80.33,79.79,79.79,78.71,78.71,78.16,77.62,77.62,77.62,77.08,76.54,76.54,75.99,75.99,75.45,75.45,73.82,74.36,73.82,73.82,73.82,73.82,73.28,72.74,72.19,71.65,71.65,71.65,71.65,71.65,71.65,70.57,70.57,70.57"
Rec-G3_S60_1,1,2,1803,core,322,319,-11.31,5.1,0.983,326,321,334,324,1.0,True,73.234,78.7067,69.48,2.5469,72.7365,"78.71,78.16,77.62,77.08,76.54,75.99,75.99,74.91,74.91,75.99,74.91,74.36,74.36,73.82,73.82,73.28,72.74,72.19,73.28,72.74,72.74,72.19,71.65,71.65,71.65,70.57,70.57,71.65,71.65,70.57,70.57,70.57,70.02,70.02,69.48,69.48"
Rec-G3_S60_1,1,3,1804,core,327,318,11.31,5.1,0.9805,331,320,339,323,1.0,True,75.2391,82.5059,70.5655,2.9347,74.9074,"82.51,80.88,79.79,78.71,78.71,78.16,77.62,77.62,77.08,78.16,77.62,77.08,76.54,75.99,75.99,75.45,74.91,74.91,75.45,74.91,74.36,73.82,73.82,73.82,73.28,72.74,72.74,72.74,72.74,72.19,72.19,71.65,71.65,71.65,70.57,70.57"
Rec-G3_S60_1,1,4,1805,core,331,318,0.0,4.0,0.9795,335,320,343,323,1.0,True,75.3447,83.0486,70.5655,2.8856,75.1788,"83.05,80.88,79.79,78.71,78.71,78.16,77.62,77.62,77.08,78.16,77.62,77.08,76.54,75.99,75.99,75.45,75.45,74.91,75.45,74.91,74.36,73.82,73.82,73.82,73.28,72.74,72.74,73.28,72.74,72.74,72.19,72.19,71.65,71.65,71.65,70.57"
Rec-G3_S60_1,1,5,1806,core,336,318,0.0,5.0,0.9795,340,320,348,323,1.0,True,75.2542,81.9631,71.651,2.7501,75.1788,"81.96,80.88,79.79,78.71,78.16,77.62,77.62,77.62,77.62,77.62,77.62,77.08,75.99,75.99,75.99,75.45,75.45,74.91,75.45,74.36,73.82,73.82,73.82,73.82,73.28,73.28,72.74,72.74,72.74,72.19,72.19,72.19,71.65,71.65,71.65,71.65"
Rec-G3_S60_1,1,6,1807,core,341,318,0.0,5.0,0.9798,345,320,353,323,1.0,True,75.6161,81.4204,72.1937,2.5961,75.4502,"81.42,80.33,79.79,79.79,78.71,78.71,78.16,77.62,77.62,77.62,77.62,77.08,76.54,76.54,75.99,75.99,75.99,75.99,74.91,74.91,74.36,74.36,73.82,73.82,73.82,73.82,73.82,73.28,72.74,72.74,72.74,72.74,72.19,72.19,72.19,72.19"
Rec-G3_S60_1,1,7,1808,core,346,318,0.0,5.0,0.9791,350,320,358,323,1.0,True,75.9779,81.4204,72.7365,2.3881,75.7216,"81.42,80.88,79.79,79.79,78.71,78.71,78.16,78.16,78.16,77.62,77.62,77.08,77.08,76.54,75.99,75.99,75.99,75.99,75.45,75.45,74.91,74.91,74.91,74.36,74.36,73.82,73.82,73.82,73.82,73.28,73.28,73.28,73.28,73.28,72.74,72.74"
Rec-G3_S60_1,1,8,1809,core,351,318,0.0,5.0,0.977,355,320,363,323,1.0,True,76.5809,81.4204,73.822,2.2718,76.2643,"81.42,80.88,79.79,79.79,79.79,79.79,78.71,78.71,78.71,78.16,77.62,77.62,77.62,77.62,77.08,77.08,76.54,76.54,75.99,75.99,75.99,75.45,75.45,75.45,74.91,74.91,74.91,73.82,73.82,73.82,73.82,73.82,73.82,73.82,73.82,73.82"
Rec-G3_S60_1,1,9,1810,core,355,318,0.0,4.0,0.974,359,320,367,323,1.0,True,77.4855,83.0486,74.3647,2.3567,77.0784,"83.05,81.42,80.88,80.88,80.88,80.33,80.33,80.33,80.33,78.71,78.71,78.16,78.16,78.16,78.16,77.62,77.62,77.62,76.54,75.99,75.99,75.99,75.99,75.99,75.99,75.99,75.99,74.91,74.91,74.91,74.91,74.91,74.91,74.91,74.36,74.91"
Rec-G3_S60_1,1,10,1811,core,360,318,0.0,5.0,0.9743,364,320,372,323,1.0,True,78.3901,83.0486,75.4502,2.1573,77.8925,"83.05,82.51,81.96,81.42,81.42,80.88,80.88,80.88,80.88,79.79,79.79,78.71,78.71,78.71,78.71,78.71,78.71,78.16,77.62,77.62,77.62,77.08,77.08,77.08,77.08,77.08,76.54,75.99,75.99,75.99,75.99,75.99,75.99,75.99,75.99,75.45"
Rec-G3_S60_1,1,11,1812,core,365,318,0.0,5.0,0.9744,369,320,377,323,1.0,True,78.8273,83.0486,75.9929,2.2382,78.4353,"83.05,83.05,82.51,81.96,81.96,81.42,81.42,81.42,81.42,80.33,79.79,79.79,79.79,79.79,79.79,78.71,78.71,78.71,78.16,77.62,77.62,77.62,77.62,77.62,77.62,77.62,77.08,76.54,76.54,76.54,75.99,75.99,75.99,75.99,75.99,75.99"
Rec-G3_S60_1,1,12,1813,core,370,317,11.31,5.1,0.9758,374,319,382,322,1.0,True,81.7973,87.9333,77.6212,3.0241,81.6918,"87.93,86.85,85.76,85.76,85.76,85.76,85.22,85.76,85.22,83.59,83.05,83.05,83.05,83.05,83.05,82.51,82.51,82.51,80.88,80.33,80.33,80.33,80.33,80.33,79.79,79.79,79.79,78.71,78.16,78.16,78.16,78.16,78.16,77.62,77.62,77.62"
Rec-G3_S60_1,1,13,1814,core,375,317,0.0,5.0,0.9741,379,319,387,322,1.0,True,81.9933,88.4761,75.9929,3.4277,81.149,"88.48,87.93,87.93,87.39,86.85,86.31,85.76,84.68,83.05,84.13,84.13,84.13,84.13,84.13,83.05,83.05,81.96,80.33,81.42,80.88,80.88,80.88,80.88,80.33,79.79,78.71,77.62,79.79,78.71,78.71,78.71,78.16,78.16,77.62,77.08,75.99"
Rec-G3_S60_1,1,14,1815,core,380,317,0.0,5.0,0.9723,384,319,392,322,0.5556,False,78.6162,89.0188,73.822,4.1581,77.3498,"89.02,87.93,86.31,84.13,80.33,77.62,75.99,75.45,74.91,85.22,84.13,83.05,81.42,78.71,76.54,75.99,74.91,74.36,81.42,80.88,80.33,78.71,77.08,75.99,74.91,74.36,73.82,78.71,78.71,78.16,77.08,75.99,75.45,74.36,74.36,73.82"
Rec-G3_S60_1,1,15,1816,core,384,317,0.0,4.0,0.9734,388,319,396,322,0.1111,False,75.8874,84.1341,73.822,2.113,75.4502,"84.13,79.79,77.62,76.54,75.99,75.45,74.91,74.91,74.36,80.88,77.62,76.54,75.99,75.45,75.45,74.91,74.36,74.36,78.16,76.54,75.99,75.45,74.91,74.91,74.36,73.82,73.82,77.08,75.99,75.45,74.91,74.91,74.36,74.36,73.82,73.82"
Rec-G3_S60_1,1,16,1817,core,386,317,0.0,2.0,0.9786,390,319,398,322,0.0,False,75.3899,80.3349,73.822,1.3403,74.9074,"80.33,78.16,77.08,75.99,75.99,75.45,74.91,74.36,74.36,77.62,76.54,75.99,75.99,75.45,74.91,74.91,74.36,73.82,76.54,75.99,75.45,75.45,74.91,74.91,74.36,74.36,73.82,75.99,75.45,74.91,74.91,74.36,74.36,74.36,73.82,73.82"
Rec-G3_S60_1,2,1,1975,core,317,319,-90.0,1.0,0.9825,321,321,329,324,1.0,True,80.0032,85.2196,75.9929,3.0334,79.2494,"85.22,84.68,84.68,84.68,84.68,84.13,84.13,83.59,83.05,80.88,81.42,81.42,81.42,81.42,81.42,80.88,80.33,79.79,78.16,78.71,78.71,78.71,78.71,78.71,78.16,78.16,77.62,76.54,76.54,76.54,76.54,76.54,75.99,75.99,75.99,75.99"
Rec-G3_S60_1,2,2,1976,core,322,319,0.0,5.0,0.9794,326,321,334,324,1.0,True,80.0937,86.3051,75.4502,3.0953,79.7922,"86.31,85.76,85.22,84.68,84.13,83.59,83.05,83.05,82.51,83.05,82.51,81.96,81.42,80.88,80.88,80.33,79.79,79.79,79.79,79.79,78.71,78.71,78.71,78.16,77.62,77.62,77.62,77.62,77.08,77.08,76.54,75.99,75.99,75.99,75.99,75.45"
Rec-G3_S60_1,2,3,1977,core,327,318,11.31,5.1,0.9775,331,320,339,323,1.0,True,82.34,90.1043,77.6212,3.3379,81.9631,"90.10,88.48,87.93,86.85,86.31,85.76,85.76,85.22,84.13,85.76,84.68,84.13,83.59,83.59,83.05,83.05,82.51,81.96,81.96,81.42,80.88,80.88,80.88,80.33,80.33,79.79,79.79,79.79,78.71,78.71,78.71,78.16,78.16,77.62,77.62,77.62"
Rec-G3_S60_1,2,4,1978,core,331,318,0.0,4.0,0.9779,335,320,343,323,1.0,True,82.3099,90.1043,77.6212,3.2869,81.9631,"90.10,88.48,87.93,86.85,85.76,85.76,85.22,84.68,84.13,85.22,84.68,84.13,84.13,83.59,83.05,83.05,82.51,81.96,81.96,81.96,80.88,80.88,80.88,80.33,80.33,79.79,79.79,79.79,78.71,78.71,78.71,78.71,77.62,77.62,77.62,77.62"
Rec-G3_S60_1,2,5,1979,core,336,318,0.0,5.0,0.9773,340,320,348,323,1.0,True,81.9028,89.0188,77.6212,3.067,81.6918,"89.02,87.93,86.85,85.76,85.76,85.22,84.68,84.13,84.13,84.68,84.13,83.59,83.05,83.05,82.51,82.51,81.96,81.42,81.96,80.88,80.88,80.88,80.33,80.33,79.79,79.79,79.79,78.71,78.71,78.71,78.71,78.16,77.62,77.62,77.62,77.62"
Rec-G3_S60_1,2,6,1980,core,341,318,0.0,5.0,0.9758,345,320,353,323,1.0,True,81.6616,87.9333,77.6212,2.7923,81.149,"87.93,86.85,85.76,85.76,85.22,84.68,84.13,84.13,83.59,84.13,83.59,83.05,83.05,83.05,82.51,81.96,81.96,81.42,80.88,80.88,80.88,80.88,80.33,79.79,79.79,79.79,79.79,78.71,78.71,78.71,78.71,78.16,78.16,77.62,77.62,77.62"
Rec-G3_S60_1,2,7,1981,core,346,318,0.0,5.0,0.9735,350,320,358,323,1.0,True,81.6918,87.3906,77.6212,2.6727,81.4204,"87.39,86.31,85.76,85.22,85.22,84.68,84.13,84.13,84.13,84.13,83.59,83.05,83.05,83.05,82.51,81.96,81.96,81.42,81.42,80.88,80.88,80.88,80.33,80.33,79.79,79.79,79.79,78.71,78.71,78.71,78.71,78.71,78.16,78.16,77.62,77.62"
Rec-G3_S60_1,2,8,1982,core,351,318,0.0,5.0,0.9701,355,320,363,323,1.0,True,82.144,86.8478,78.7067,2.5393,81.9631,"86.85,85.76,85.76,85.76,85.76,85.22,85.22,85.22,85.22,83.59,83.59,83.05,83.05,83.05,83.05,83.05,83.05,83.05,80.88,80.88,80.88,80.88,80.88,80.88,80.88,80.88,80.33,79.79,79.79,78.71,78.71,78.71,78.71,78.71,78.71,78.71"
Rec-G3_S60_1,2,9,1983,core,355,318,0.0,4.0,0.9709,359,320,367,323,1.0,True,82.9883,87.9333,79.7922,2.649,82.5059,"87.93,87.39,86.85,86.85,86.31,86.31,86.31,86.31,86.31,84.13,84.13,84.13,84.13,84.13,84.13,84.13,83.59,83.59,81.42,81.42,81.42,81.42,81.42,81.42,81.42,81.42,81.42,79.79,79.79,79.79,79.79,79.79,79.79,79.79,79.79,79.79"
Rec-G3_S60_1,2,10,1984,core,360,318,0.0,5.0,0.9708,364,320,372,323,1.0,True,83.7572,89.0188,80.3349,2.758,83.32,"89.02,87.93,87.93,87.93,87.93,87.39,87.39,86.85,86.85,85.22,85.22,84.68,84.68,84.68,84.68,84.13,84.13,84.13,82.51,82.51,82.51,82.51,82.51,82.51,82.51,81.96,81.96,80.33,80.33,80.33,80.33,80.33,80.33,80.33,80.33,80.33"
Rec-G3_S60_1,2,11,1985,core,365,317,11.31,5.1,0.971,369,319,377,322,1.0,True,87.1795,94.4463,83.0486,3.3949,86.8478,"94.45,93.36,92.28,91.73,91.19,91.19,91.19,91.19,91.19,89.56,89.02,88.48,87.93,87.93,87.93,87.93,87.93,87.93,85.76,85.76,85.76,85.22,85.22,85.22,85.22,85.22,85.22,83.05,83.05,83.05,83.05,83.05,83.05,83.05,83.05,83.05"
Rec-G3_S60_1,2,12,1986,core,370,317,0.0,5.0,0.974,374,319,382,322,1.0,True,87.8278,94.989,83.0486,3.3256,87.1192,"94.99,93.36,92.28,92.28,92.28,92.28,91.73,91.19,91.19,89.56,89.56,89.56,89.56,89.56,89.02,89.02,88.48,87.93,86.31,86.31,86.31,86.31,86.31,85.76,85.76,85.76,85.22,84.13,84.13,84.13,84.13,84.13,83.59,83.59,83.05,83.05"
Rec-G3_S60_1,2,13,1987,core,375,317,0.0,5.0,0.973,379,319,387,322,1.0,True,86.9081,94.989,79.7922,3.775,86.5765,"94.99,93.36,93.36,92.28,91.73,91.19,90.10,89.02,85.76,90.65,90.10,89.56,89.56,89.02,87.93,87.39,85.76,83.59,87.39,86.85,86.85,86.31,85.76,85.22,84.13,83.59,81.42,84.13,84.13,84.13,84.13,83.59,83.05,81.96,80.88,79.79"
Rec-G3_S60_1,2,14,1988,core,379,317,0.0,4.0,0.9715,383,319,391,322,0.6667,False,82.6717,95.5318,74.3647,6.0705,83.0486,"95.53,93.36,92.28,90.65,87.93,83.05,78.16,76.54,75.45,91.19,90.10,89.02,87.93,85.22,80.88,77.62,75.99,74.91,87.39,86.31,85.76,84.68,83.05,79.79,76.54,75.45,74.91,84.13,84.13,83.05,81.96,80.33,77.62,75.99,74.91,74.36"
Rec-G3_S60_1,2,15,1989,core,384,317,0.0,5.0,0.9741,388,319,396,322,0.1111,False,76.3548,85.7624,73.822,2.6435,75.7216,"85.76,80.88,77.62,76.54,75.99,75.99,75.45,74.91,74.36,83.05,78.71,77.08,75.99,75.99,75.45,74.91,74.36,73.82,80.88,77.62,76.54,75.99,75.45,74.91,74.91,74.36,73.82,78.71,76.54,75.99,75.45,74.91,74.36,73.82,73.82,73.82"
Rec-G3_S60_1,2,16,1990,core,386,317,0.0,2.0,0.9784,390,319,398,322,0.0,False,75.5256,80.8776,73.822,1.4482,75.4502,"80.88,78.16,77.08,75.99,75.99,75.45,75.45,74.91,74.91,78.16,77.08,75.99,75.99,75.45,74.91,74.91,74.36,73.82,77.08,75.99,75.99,75.45,75.45,74.91,74.36,73.82,73.82,75.99,75.99,74.91,74.91,74.36,74.36,74.36,73.82,73.82"
Rec-G3_S60_1,3,1,2144,core,317,319,-90.0,1.0,0.9814,321,321,329,324,1.0,True,83.5009,87.9333,79.7922,2.9186,83.32,"87.93,87.93,87.93,87.93,87.93,87.93,87.39,87.39,86.85,84.13,84.13,84.68,84.68,84.68,84.68,84.13,84.13,84.13,81.42,81.96,82.51,82.51,82.51,82.51,81.96,81.96,81.42,79.79,79.79,79.79,80.33,79.79,79.79,79.79,79.79,79.79"
Rec-G3_S60_1,3,2,2145,core,319,319,0.0,2.0,0.9821,323,321,331,324,1.0,True,83.9532,89.0188,79.7922,2.8748,83.5914,"89.02,88.48,88.48,88.48,87.93,87.93,87.39,86.85,86.85,85.76,85.76,85.22,85.22,85.22,84.68,84.13,84.13,84.13,83.05,83.05,83.05,83.05,83.05,82.51,82.51,81.96,81.42,80.88,80.88,80.88,80.33,80.33,80.33,79.79,79.79,79.79"
Rec-G3_S60_1,3,3,2146,core,324,318,11.31,5.1,0.9772,328,320,336,323,1.0,True,86.4106,93.3608,81.4204,3.172,85.7624,"93.36,92.28,91.19,91.19,90.10,89.56,89.56,89.02,88.48,89.56,89.02,88.48,87.93,87.93,87.39,86.85,86.31,85.76,85.76,85.76,85.76,85.22,84.68,84.13,84.13,84.13,83.59,83.59,83.05,83.05,83.05,83.05,82.51,81.96,81.96,81.42"
Rec-G3_S60_1,3,4,2147,core,328,318,0.0,4.0,0.9774,332,320,340,323,1.0,True,86.4709,94.4463,81.4204,3.1874,85.7624,"94.45,92.28,91.19,91.19,90.10,89.56,89.56,88.48,88.48,89.56,89.02,88.48,87.93,87.93,87.39,86.85,86.31,85.76,85.76,85.76,85.22,85.22,85.22,84.68,84.13,84.13,84.13,83.59,83.05,83.05,83.05,83.05,82.51,82.51,81.96,81.42"
Rec-G3_S60_1,3,5,2148,core,333,318,0.0,5.0,0.9776,337,320,345,323,1.0,True,86.0488,93.3608,81.4204,3.0015,85.7624,"93.36,91.19,90.65,90.10,89.56,89.56,88.48,88.48,87.93,89.02,88.48,87.93,87.39,87.39,86.85,86.31,85.76,85.76,85.76,85.76,85.22,84.68,84.68,84.13,84.13,83.59,83.59,83.05,83.05,83.05,83.05,82.51,81.96,81.96,81.96,81.42"
Rec-G3_S60_1,3,6,2149,core,338,318,0.0,5.0,0.9763,342,320,350,323,1.0,True,85.7322,92.2753,81.4204,2.8661,85.7624,"92.28,91.19,90.10,89.56,89.02,89.02,88.48,87.93,87.93,88.48,87.93,87.39,86.85,86.85,86.31,85.76,85.76,85.76,85.76,85.22,84.68,84.13,84.13,84.13,84.13,83.59,83.59,83.05,83.05,83.05,82.51,81.96,81.96,81.96,81.42,81.42"
Rec-G3_S60_1,3,7,2150,core,343,318,0.0,5.0,0.9734,347,320,355,323,1.0,True,85.7322,91.1898,81.9631,2.6464,85.7624,"91.19,90.65,89.56,89.56,89.02,89.02,88.48,87.93,87.93,87.93,87.93,87.39,86.85,86.85,86.31,85.76,85.76,85.76,85.76,85.22,84.68,84.68,84.13,84.13,84.13,83.59,83.59,83.05,83.05,83.05,82.51,82.51,82.51,81.96,81.96,81.96"
Rec-G3_S60_1,3,8,2151,core,348,318,0.0,5.0,0.9709,352,320,360,323,1.0,True,85.9885,91.1898,82.5059,2.6322,85.7624,"91.19,90.10,89.56,89.56,89.56,89.56,89.02,89.02,89.02,87.93,87.93,87.39,87.39,86.85,86.85,86.31,86.31,86.31,85.22,85.22,84.68,84.68,84.13,84.13,84.13,84.13,84.13,83.05,83.05,83.05,83.05,83.05,82.51,82.51,82.51,82.51"
Rec-G3_S60_1,3,9,2152,core,352,318,0.0,4.0,0.9703,356,320,364,323,1.0,True,86.8478,92.2753,83.0486,2.7107,86.5765,"92.28,91.19,90.65,90.65,90.65,90.10,90.10,89.56,90.10,88.48,87.93,87.93,87.93,87.93,87.93,87.93,87.39,87.39,85.76,85.76,85.76,85.76,85.76,85.22,85.22,85.22,85.22,83.59,83.59,83.59,83.59,83.59,83.59,83.05,83.05,83.05"
Rec-G3_S60_1,3,10,2153,core,357,318,0.0,5.0,0.9701,361,320,369,323,1.0,True,87.5414,92.2753,83.5914,2.7781,87.1192,"92.28,92.28,91.73,91.19,91.19,91.19,91.19,90.65,90.65,89.56,89.02,89.02,89.02,89.02,88.48,87.93,87.93,87.93,86.31,86.31,86.31,86.31,86.31,85.76,85.76,85.76,85.76,84.13,84.13,84.13,84.13,84.13,84.13,84.13,84.13,83.59"
Rec-G3_S60_1,3,11,2154,core,362,317,11.31,5.1,0.9698,366,319,374,322,1.0,True,90.7526,98.2455,86.3051,3.3009,90.3757,"98.25,96.62,95.53,95.53,94.99,94.45,94.45,94.45,93.36,93.36,92.28,92.28,92.28,91.73,91.19,91.19,91.19,91.19,89.56,89.56,89.56,89.56,89.56,89.02,89.02,88.48,88.48,87.39,86.85,86.85,86.85,86.85,86.31,86.31,86.31,86.31"
Rec-G3_S60_1,3,12,2155,core,367,317,0.0,5.0,0.9728,371,319,379,322,1.0,True,90.9486,97.7027,86.3051,3.1581,90.3757,"97.70,96.07,95.53,95.53,94.99,94.45,94.45,94.45,94.45,93.36,92.28,92.28,92.28,92.28,91.73,91.73,91.73,91.19,89.56,89.56,89.56,89.56,89.56,89.56,89.56,89.02,89.02,87.39,87.39,87.39,87.39,86.85,86.85,86.85,86.31,86.31"
Rec-G3_S60_1,3,13,2156,core,372,317,0.0,5.0,0.9733,376,319,384,322,1.0,True,90.7375,97.7027,84.6769,3.2852,90.1043,"97.70,96.62,95.53,95.53,94.99,94.45,94.45,93.36,92.28,93.36,93.36,93.36,92.28,92.28,91.73,91.19,90.65,89.56,90.10,90.10,90.10,89.56,89.56,89.02,88.48,87.93,87.39,87.93,87.93,87.39,87.39,87.39,86.85,86.31,85.76,84.68"
Rec-G3_S60_1,3,14,2157,core,376,317,0.0,4.0,0.9722,380,319,388,322,1.0,True,88.7173,98.2455,78.7067,4.6451,88.7475,"98.25,97.16,95.53,94.45,93.36,92.28,91.19,88.48,83.05,94.45,93.36,92.28,91.73,91.19,90.10,89.02,85.76,81.42,90.65,90.10,89.56,89.56,88.48,87.39,85.76,84.13,79.79,87.93,87.93,87.39,86.85,85.76,84.68,84.13,81.96,78.71"
Rec-G3_S60_1,3,15,2158,core,381,317,0.0,5.0,0.9746,385,319,393,322,0.4444,False,80.8927,96.0745,73.822,6.4606,78.1639,"96.07,94.45,90.65,84.68,79.79,77.62,75.99,75.45,74.36,91.73,90.65,87.93,83.05,78.71,76.54,75.45,74.91,74.36,88.48,87.39,85.22,80.88,77.62,75.99,75.45,74.91,74.36,85.76,84.68,83.05,79.79,77.08,75.99,74.91,74.36,73.82"
Rec-G3_S60_1,3,16,2159,core,386,317,0.0,5.0,0.9764,390,319,398,322,0.0,False,75.405,79.7922,73.822,1.3256,74.9074,"79.79,77.62,76.54,75.99,75.99,75.45,74.91,74.36,74.36,78.16,77.08,75.99,75.99,75.45,74.91,74.91,74.36,73.82,77.08,75.99,75.99,75.45,74.91,74.91,74.36,73.82,73.82,75.99,75.99,74.91,74.91,74.36,74.36,74.36,73.82,73.82"
Rec-G3_S60_1,3,17,2160,core,386,317,0.0,0.0,0.9829,390,319,398,322,0.0,False,75.4351,80.3349,73.822,1.3748,75.1788,"80.33,77.62,76.54,75.99,75.99,75.45,74.91,74.36,74.36,78.16,77.08,75.99,75.99,75.45,74.91,74.91,74.36,73.82,77.08,75.99,75.99,75.45,74.91,74.91,74.36,73.82,73.82,75.99,75.99,75.45,74.91,74.36,74.36,74.36,73.82,73.82"
Rec-G3_S60_1,4,1,2311,core,317,319,-90.0,1.0,0.9813,321,321,329,324,1.0,True,85.8227,89.5616,81.9631,2.6428,85.2196,"89.56,89.56,89.56,89.56,89.56,89.56,89.56,89.56,89.56,85.76,86.85,86.85,86.85,87.39,87.39,86.85,86.85,86.31,83.59,84.13,84.13,84.68,84.68,84.68,84.68,84.13,84.13,81.96,81.96,82.51,83.05,83.05,83.05,83.05,82.51,82.51"
Rec-G3_S60_1,4,2,2312,core,320,319,0.0,3.0,0.9801,324,321,332,324,1.0,True,86.5614,91.1898,83.0486,2.7924,86.3051,"91.19,91.19,91.19,90.65,90.65,90.10,89.56,89.56,89.56,87.93,87.93,87.93,87.93,87.93,87.93,87.39,86.85,86.85,85.76,85.76,85.76,85.22,85.22,85.22,84.68,84.68,84.13,83.05,83.05,83.05,83.05,83.05,83.05,83.05,83.05,83.05"
Rec-G3_S60_1,4,3,2313,core,325,318,11.31,5.1,0.9784,329,320,337,323,1.0,True,89.1244,96.6172,84.1341,3.2232,89.0188,"96.62,95.53,94.45,93.36,92.28,92.28,91.73,91.19,90.65,92.28,91.73,91.19,91.19,90.65,89.56,89.56,89.56,89.02,89.02,88.48,87.93,87.93,87.93,87.39,87.39,86.85,86.31,85.76,85.76,85.76,85.76,85.22,85.22,84.68,84.13,84.13"
Rec-G3_S60_1,4,4,2314,core,330,318,0.0,5.0,0.9785,334,320,342,323,1.0,True,88.657,95.5318,84.1341,2.9589,88.4761,"95.53,94.45,93.36,92.28,91.73,91.19,91.19,90.65,90.10,91.73,91.19,90.65,90.65,89.56,89.56,89.02,88.48,87.93,89.02,88.48,87.93,87.93,87.39,87.39,86.85,86.31,85.76,86.31,85.76,85.76,85.22,85.22,84.68,84.13,84.13,84.13"
Rec-G3_S60_1,4,5,2315,core,335,318,0.0,5.0,0.9767,339,320,347,323,1.0,True,88.265,94.989,84.1341,2.7801,87.9333,"94.99,93.36,92.28,91.73,91.19,91.19,90.65,90.10,89.56,91.19,91.19,90.10,89.56,89.56,89.02,88.48,87.93,87.93,88.48,87.93,87.93,87.39,86.85,86.85,86.31,85.76,85.76,85.76,85.76,85.76,85.22,84.68,84.68,84.13,84.13,84.13"
Rec-G3_S60_1,4,6,2316,core,340,318,0.0,5.0,0.9736,344,320,352,323,1.0,True,87.8429,93.3608,84.1341,2.5601,87.9333,"93.36,92.28,91.73,91.19,91.19,90.65,90.10,89.56,89.56,90.65,89.56,89.56,89.56,89.02,88.48,87.93,87.93,87.93,87.93,87.39,87.39,86.85,86.85,86.31,85.76,85.76,85.76,85.76,85.22,85.22,84.68,84.68,84.13,84.13,84.13,84.13"
Rec-G3_S60_1,4,7,2317,core,344,318,0.0,4.0,0.9735,348,320,356,323,1.0,True,88.1896,94.4463,84.1341,2.5569,87.9333,"94.45,92.28,91.73,91.19,91.19,91.19,90.65,90.10,90.10,90.65,90.10,89.56,89.56,89.56,89.02,88.48,88.48,87.93,87.93,87.93,87.93,87.39,86.85,86.85,86.31,86.31,85.76,85.76,85.76,85.76,85.22,85.22,84.68,84.68,84.13,84.13"
Rec-G3_S60_1,4,8,2318,core,349,318,0.0,5.0,0.9726,353,320,361,323,1.0,True,88.5062,93.3608,85.2196,2.3965,88.4761,"93.36,92.28,92.28,91.73,91.19,91.19,91.19,91.19,91.19,90.10,90.10,89.56,89.56,89.56,89.56,89.02,89.02,89.02,87.93,87.93,87.39,87.39,87.39,87.39,86.85,86.85,86.85,85.76,85.76,85.76,85.76,85.22,85.22,85.22,85.22,85.22"
Rec-G3_S60_1,4,9,2319,core,354,318,0.0,5.0,0.9709,358,320,366,323,1.0,True,89.1545,94.4463,85.7624,2.6009,89.0188,"94.45,93.36,92.28,92.28,92.28,92.28,92.28,92.28,92.28,91.19,90.65,90.10,90.10,90.10,90.10,90.10,90.10,90.10,87.93,87.93,87.93,87.93,87.93,87.93,87.93,87.93,87.93,85.76,85.76,85.76,85.76,85.76,85.76,85.76,85.76,85.76"
Rec-G3_S60_1,4,10,2320,core,359,318,0.0,5.0,0.9692,363,320,371,323,1.0,True,90.1194,94.4463,86.3051,2.6044,89.8329,"94.45,94.45,94.45,93.36,93.36,93.36,93.36,93.36,93.36,91.19,91.19,91.19,91.19,91.19,91.19,91.19,91.19,90.65,89.02,89.02,89.02,89.02,89.02,89.02,88.48,88.48,88.48,86.85,86.85,86.85,86.85,86.85,86.85,86.85,86.85,86.31"
Rec-G3_S60_1,4,11,2321,core,364,317,11.31,5.1,0.969,368,319,376,322,1.0,True,93.3156,99.331,89.0188,2.9544,93.3608,"99.33,98.25,97.70,97.16,96.62,96.62,96.62,96.07,96.07,95.53,94.99,94.99,94.99,94.45,94.45,94.45,94.45,94.45,92.28,92.28,92.28,92.28,91.73,91.73,91.73,91.19,91.19,89.56,89.56,89.56,89.56,89.56,89.56,89.56,89.56,89.02"
Rec-G3_S60_1,4,12,2322,core,368,317,0.0,4.0,0.9701,372,319,380,322,1.0,True,93.994,101.502,89.5616,3.1348,93.9035,"101.50,99.33,98.25,98.25,97.70,97.70,97.16,96.62,96.07,96.62,96.07,95.53,95.53,95.53,95.53,94.99,94.45,94.45,93.36,93.36,92.28,92.28,92.28,92.28,92.28,91.73,91.19,90.65,90.65,90.65,90.10,90.10,90.10,90.10,89.56,89.56"
Rec-G3_S60_1,4,13,2323,core,373,317,0.0,5.0,0.9732,377,319,385,322,1.0,True,93.3005,101.502,86.3051,3.5424,93.3608,"101.50,99.87,98.79,98.25,97.16,96.62,95.53,94.99,93.36,97.70,96.62,96.07,95.53,94.99,94.45,93.36,92.28,91.19,93.36,93.36,93.36,92.28,92.28,91.19,91.19,89.56,88.48,91.19,91.19,90.65,90.65,89.56,89.56,88.48,87.93,86.31"
Rec-G3_S60_1,4,14,2324,core,378,317,0.0,5.0,0.9753,382,319,390,322,0.7778,False,87.285,99.8737,75.4502,7.0346,88.4761,"99.87,98.25,97.16,95.53,93.36,90.65,84.68,78.71,76.54,95.53,94.99,94.45,92.28,91.19,87.93,83.05,78.16,75.99,92.28,91.73,91.19,90.10,88.48,85.76,81.42,77.62,75.99,90.10,89.56,88.48,87.93,86.31,84.13,80.33,77.08,75.45"
Rec-G3_S60_1,4,15,2325,core,383,317,0.0,5.0,0.976,387,319,395,322,0.2222,False,78.2544,93.3608,73.822,4.8973,75.9929,"93.36,86.85,80.88,77.62,76.54,75.99,75.45,74.91,74.91,90.10,84.13,79.79,77.62,75.99,75.45,74.91,74.91,74.36,87.39,82.51,78.71,77.08,75.99,75.45,74.91,74.36,74.36,85.22,80.88,77.62,75.99,75.45,74.91,74.36,74.36,73.82"
Rec-G3_S60_1,4,16,2326,core,386,317,0.0,3.0,0.978,390,319,398,322,0.0,False,75.7819,81.4204,73.822,1.589,75.4502,"81.42,78.71,77.62,76.54,75.99,75.45,75.45,74.91,74.91,78.71,77.62,76.54,75.99,75.45,74.91,74.91,74.36,74.36,77.62,76.54,75.99,75.99,75.45,74.91,74.91,74.36,73.82,77.08,75.99,75.45,74.91,74.91,74.36,74.36,73.82,73.82"
Rec-G3_S60_1,5,1,2480,core,317,318,0.0,0.0,0.9815,321,320,329,323,1.0,True,89.848,94.4463,84.6769,2.8562,89.8329,"94.45,94.45,93.36,93.36,93.36,93.36,93.36,93.36,93.36,90.65,91.19,91.19,91.19,91.19,91.19,91.19,91.19,91.19,87.93,87.93,88.48,89.02,89.02,89.02,89.02,89.02,88.48,84.68,85.76,85.76,86.31,86.31,86.31,86.31,86.31,86.31"
Rec-G3_S60_1,5,2,2481,core,319,319,-26.57,2.24,0.9816,323,321,331,324,1.0,True,88.2348,92.2753,84.1341,2.6787,88.2047,"92.28,92.28,92.28,92.28,91.73,91.73,91.19,91.19,91.19,89.56,89.56,89.56,89.56,89.56,89.56,89.56,89.02,89.02,86.85,86.85,87.39,87.39,87.39,87.39,86.85,86.85,86.31,84.13,84.68,84.68,84.68,85.22,84.68,84.68,84.68,84.68"
Rec-G3_S60_1,5,3,2482,core,324,318,11.31,5.1,0.9778,328,320,336,323,1.0,True,90.8129,97.16,86.3051,2.7876,90.6471,"97.16,96.07,95.53,94.45,94.45,93.36,93.36,92.28,92.28,93.36,93.36,92.28,92.28,92.28,91.19,91.19,91.19,90.65,90.65,90.10,90.10,89.56,89.56,89.56,89.02,89.02,88.48,87.93,87.93,87.93,87.93,87.39,87.39,86.85,86.85,86.31"
Rec-G3_S60_1,5,4,2483,core,328,318,0.0,4.0,0.978,332,320,340,323,1.0,True,90.828,98.2455,85.7624,2.9506,90.6471,"98.25,96.62,95.53,94.45,94.45,93.36,93.36,92.28,91.73,94.45,93.36,92.28,92.28,91.73,91.19,91.19,90.65,89.56,91.19,90.65,90.10,90.10,89.56,89.56,89.02,88.48,87.93,88.48,87.93,87.93,87.93,87.93,87.39,86.85,86.31,85.76"
Rec-G3_S60_1,5,5,2484,core,333,318,0.0,5.0,0.9783,337,320,345,323,1.0,True,90.1496,97.16,85.7624,2.7418,90.1043,"97.16,95.53,94.45,93.36,93.36,92.28,91.73,91.19,91.19,93.36,92.28,92.28,91.19,91.19,90.65,90.10,89.56,89.56,91.19,90.10,90.10,89.56,89.56,88.48,87.93,87.93,87.93,87.93,87.93,87.93,87.39,87.39,86.31,85.76,85.76,85.76"
Rec-G3_S60_1,5,6,2485,core,338,318,0.0,5.0,0.9775,342,320,350,323,1.0,True,89.5163,95.5318,85.7624,2.4686,89.5616,"95.53,94.45,93.36,92.28,92.28,91.73,91.19,91.19,90.65,92.28,91.73,91.19,90.65,90.65,90.10,89.56,89.56,89.02,89.56,89.56,89.02,88.48,88.48,87.93,87.93,87.93,87.39,87.93,87.39,86.85,86.85,86.31,86.31,85.76,85.76,85.76"
Rec-G3_S60_1,5,7,2486,core,343,318,0.0,5.0,0.9743,347,320,355,323,1.0,True,89.26,94.4463,85.7624,2.29,89.5616,"94.45,93.36,92.28,92.28,91.73,91.73,91.19,91.19,91.19,91.19,91.19,90.65,90.10,90.10,90.10,89.56,89.56,89.56,89.56,89.02,88.48,88.48,87.93,87.93,87.93,87.93,87.93,87.39,86.85,86.85,86.31,86.31,85.76,85.76,85.76,85.76"
Rec-G3_S60_1,5,8,2487,core,348,318,0.0,5.0,0.9709,352,320,360,323,1.0,True,89.5917,94.4463,86.3051,2.2846,89.5616,"94.45,93.36,93.36,92.28,92.28,92.28,91.73,91.73,91.73,91.19,91.19,91.19,90.65,90.65,90.10,90.10,90.10,89.56,89.56,89.02,89.02,89.02,88.48,88.48,87.93,87.93,87.93,87.39,86.85,86.85,86.85,86.85,86.31,86.31,86.31,86.31"
Rec-G3_S60_1,5,9,2488,core,352,318,0.0,4.0,0.9706,356,320,364,323,1.0,True,90.4812,95.5318,87.3906,2.3582,90.3757,"95.53,94.45,93.36,93.36,93.36,93.36,93.36,93.36,93.36,92.28,91.73,91.19,91.19,91.19,91.19,91.19,91.19,91.19,89.56,89.56,89.56,89.56,89.56,89.02,89.02,89.02,89.02,87.93,87.93,87.39,87.39,87.39,87.39,87.39,87.39,87.39"
Rec-G3_S60_1,5,10,2489,core,357,318,0.0,5.0,0.97,361,320,369,323,1.0,True,91.2049,95.5318,87.9333,2.5149,90.9184,"95.53,95.53,94.99,94.45,94.45,94.45,94.45,94.45,94.45,92.28,92.28,92.28,92.28,92.28,92.28,91.73,91.73,91.73,90.10,90.10,90.10,90.10,90.10,90.10,89.56,89.56,89.56,87.93,88.48,88.48,87.93,87.93,87.93,87.93,87.93,87.93"
Rec-G3_S60_1,5,11,2490,core,362,317,11.31,5.1,0.9704,366,319,374,322,1.0,True,94.2804,100.9592,90.6471,2.7041,93.9035,"100.96,99.33,98.25,97.70,97.70,96.62,96.62,96.62,96.62,96.62,96.07,95.53,95.53,95.53,94.99,94.99,94.99,94.45,93.36,93.36,93.36,93.36,93.36,92.28,92.28,92.28,92.28,91.19,91.19,91.19,91.19,91.19,91.19,90.65,90.65,90.65"
Rec-G3_S60_1,5,12,2491,core,367,317,0.0,5.0,0.9728,371,319,379,322,1.0,True,94.7629,100.9592,91.1898,2.6662,94.7176,"100.96,99.33,98.25,98.25,98.25,97.70,97.70,97.16,96.62,97.16,96.07,96.07,96.07,95.53,95.53,95.53,95.53,94.99,94.45,94.45,94.45,93.36,93.36,93.36,93.36,93.36,92.28,91.73,91.73,91.73,91.19,91.19,91.19,91.19,91.19,91.19"
Rec-G3_S60_1,5,13,2492,core,372,317,0.0,5.0,0.9737,376,319,384,322,1.0,True,94.5367,100.9592,89.0188,2.9465,94.4463,"100.96,99.87,99.33,98.25,98.25,97.70,96.62,95.53,94.99,97.70,97.16,97.16,96.07,95.53,95.53,94.99,94.45,93.36,94.99,94.45,94.45,94.45,93.36,93.36,92.28,91.73,90.65,92.28,92.28,92.28,91.73,91.19,91.19,90.65,89.56,89.02"
Rec-G3_S60_1,5,14,2493,core,376,317,0.0,4.0,0.9741,380,319,388,322,1.0,True,91.9587,102.0447,80.8776,5.0159,92.0039,"102.04,100.42,98.79,97.70,96.62,95.53,93.36,91.19,85.22,98.25,97.16,96.07,95.53,94.45,93.36,91.19,88.48,83.05,94.99,94.45,93.36,92.28,91.73,90.65,89.56,86.31,81.96,92.28,91.73,91.19,90.65,89.56,88.48,87.39,84.68,80.88"
Rec-G3_S60_1,5,15,2494,core,381,317,0.0,5.0,0.9765,385,319,393,322,0.4444,False,82.2345,98.7882,74.3647,7.4247,79.2494,"98.79,96.07,92.28,86.31,80.88,77.62,75.99,75.45,74.91,94.99,93.36,90.10,84.68,79.79,77.08,75.99,75.45,74.91,91.73,90.10,87.93,83.05,78.71,76.54,75.99,74.91,74.36,89.56,87.93,85.76,81.42,77.62,75.99,75.45,74.36,74.36"
Rec-G3_S60_1,5,16,2495,core,386,317,0.0,5.0,0.9781,390,319,398,322,0.0,False,75.5859,80.3349,73.822,1.4438,75.1788,"80.33,78.16,77.08,75.99,75.45,75.45,74.91,74.91,74.36,78.71,77.08,75.99,75.99,75.45,74.91,74.91,74.36,73.82,77.62,76.54,75.99,75.45,74.91,74.91,74.36,74.36,73.82,77.08,75.99,75.45,74.91,74.91,74.36,74.36,74.36,73.82"
Rec-G3_S60_1,6,1,2648,core,317,319,-90.0,1.0,0.9793,321,321,329,324,1.0,True,88.7475,92.2753,84.1341,2.5019,88.2047,"91.73,91.73,92.28,92.28,92.28,92.28,92.28,92.28,92.28,88.48,89.56,89.56,89.56,90.10,90.10,90.10,90.10,89.56,86.31,86.85,87.93,87.93,87.93,87.93,87.93,87.93,87.93,84.13,85.22,85.76,85.76,85.76,85.76,85.76,85.76,85.76"
Rec-G3_S60_1,6,2,2649,core,322,318,11.31,5.1,0.9796,326,320,334,323,1.0,True,92.1095,98.7882,87.9333,2.837,91.1898,"98.79,97.70,96.62,96.07,95.53,94.99,94.45,94.45,93.36,94.99,94.45,94.45,93.36,93.36,92.28,92.28,92.28,91.19,91.19,91.19,91.19,91.19,90.65,90.65,90.10,90.10,89.56,89.56,89.56,89.56,89.02,89.02,88.48,88.48,87.93,87.93"
Rec-G3_S60_1,6,3,2650,core,327,318,0.0,5.0,0.9787,331,320,339,323,1.0,True,92.0341,98.7882,87.9333,2.703,91.7325,"98.79,97.70,96.07,95.53,94.99,94.45,94.45,93.36,92.28,94.99,94.45,94.45,93.36,93.36,92.28,92.28,91.73,91.19,91.73,91.73,91.19,91.19,91.19,90.65,90.10,89.56,89.56,89.56,89.56,89.56,89.56,89.56,88.48,88.48,87.93,87.93"
Rec-G3_S60_1,6,4,2651,core,331,318,0.0,4.0,0.9764,335,320,343,323,1.0,True,91.8833,99.331,87.3906,2.7485,91.4612,"99.33,97.70,96.07,95.53,94.99,94.45,93.36,93.36,92.28,94.99,94.45,93.36,93.36,92.28,92.28,91.73,91.19,91.19,92.28,91.73,91.19,91.19,90.65,90.10,90.10,89.56,89.56,90.10,89.56,89.56,89.02,89.02,88.48,88.48,87.93,87.39"
Rec-G3_S60_1,6,5,2652,core,336,318,0.0,5.0,0.9768,340,320,348,323,1.0,True,91.1295,97.7027,86.8478,2.5418,90.9184,"97.70,96.07,95.53,94.45,94.45,93.36,92.28,92.28,91.73,94.45,93.36,92.28,92.28,91.73,91.19,91.19,90.65,90.10,91.73,91.19,90.65,90.10,90.10,89.56,89.56,89.02,88.48,89.56,89.56,89.02,88.48,88.48,87.93,87.93,87.39,86.85"
Rec-G3_S60_1,6,6,2653,core,341,318,0.0,5.0,0.9768,345,320,353,323,1.0,True,90.4661,96.6172,86.8478,2.3692,90.1043,"96.62,95.53,94.45,93.36,93.36,92.28,91.73,91.73,91.19,93.36,92.28,92.28,91.73,91.19,90.65,90.10,90.10,89.56,90.65,90.10,90.10,89.56,89.56,89.02,89.02,88.48,87.93,89.02,88.48,88.48,87.93,87.93,87.39,87.39,87.39,86.85"
Rec-G3_S60_1,6,7,2654,core,346,318,0.0,5.0,0.9748,350,320,358,323,1.0,True,90.1194,95.5318,86.8478,2.1156,89.8329,"95.53,94.45,93.36,93.36,92.28,91.73,91.73,91.19,91.19,92.28,91.73,91.19,91.19,91.19,90.65,90.10,89.56,89.56,90.10,90.10,89.56,89.56,89.56,89.02,88.48,88.48,88.48,88.48,87.93,87.93,87.93,87.93,87.39,87.39,86.85,86.85"
Rec-G3_S60_1,6,8,2655,core,351,318,0.0,5.0,0.9723,355,320,363,323,1.0,True,90.4812,94.989,87.9333,1.9645,90.3757,"94.99,94.45,93.36,93.36,92.28,92.28,92.28,92.28,92.28,92.28,91.73,91.19,91.19,91.19,91.19,91.19,90.65,90.65,90.10,89.56,89.56,89.56,89.56,89.56,89.56,89.56,89.56,88.48,87.93,87.93,87.93,87.93,87.93,87.93,87.93,87.93"
Rec-G3_S60_1,6,9,2656,core,355,318,0.0,4.0,0.969,359,320,367,323,1.0,True,91.2049,96.0745,88.4761,2.1803,91.1898,"96.07,94.99,94.45,94.45,94.45,93.36,93.36,93.36,93.36,92.28,92.28,92.28,92.28,91.73,91.73,91.73,91.73,91.73,90.65,90.10,90.10,90.10,90.10,90.10,90.10,90.10,90.10,88.48,88.48,88.48,88.48,88.48,88.48,88.48,88.48,88.48"
Rec-G3_S60_1,6,10,2657,core,360,318,0.0,5.0,0.9694,364,320,372,323,1.0,True,92.1999,96.6172,89.5616,2.1181,91.7325,"96.62,95.53,95.53,94.99,94.99,94.99,94.99,94.45,94.45,93.36,93.36,93.36,93.36,93.36,92.28,92.28,92.28,92.28,91.19,91.19,91.19,91.19,91.19,91.19,91.19,91.19,91.19,89.56,89.56,89.56,89.56,89.56,89.56,89.56,89.56,89.56"
Rec-G3_S60_1,6,11,2658,core,365,317,11.31,5.1,0.9723,369,319,377,322,1.0,True,95.0342,101.502,91.1898,2.5883,94.989,"101.50,99.87,98.79,98.25,98.25,97.70,97.70,97.16,97.16,97.16,96.62,96.07,95.53,95.53,95.53,95.53,95.53,95.53,94.45,94.45,94.45,94.45,94.45,93.36,93.36,93.36,93.36,92.28,92.28,91.73,91.73,91.73,91.73,91.73,91.73,91.19"
Rec-G3_S60_1,6,12,2659,core,370,317,0.0,5.0,0.9748,374,319,382,322,1.0,True,95.4865,102.0447,91.1898,2.7804,95.5318,"102.04,100.96,99.33,99.33,98.79,98.25,97.70,97.70,96.62,98.25,97.70,97.16,97.16,96.62,96.07,95.53,95.53,94.45,95.53,95.53,94.99,94.99,94.45,94.45,93.36,93.36,92.28,93.36,92.28,92.28,92.28,92.28,92.28,92.28,91.19,91.19"
Rec-G3_S60_1,6,13,2660,core,375,317,0.0,5.0,0.9762,379,319,387,322,1.0,True,93.5115,102.0447,85.2196,3.7376,93.3608,"102.04,100.42,99.33,98.25,97.16,96.07,94.99,93.36,91.19,98.25,97.16,96.62,95.53,94.99,94.45,93.36,91.19,89.02,95.53,94.99,94.45,93.36,92.28,91.73,91.19,89.56,86.85,93.36,92.28,92.28,91.73,91.19,90.10,89.02,87.93,85.22"
Rec-G3_S60_1,6,14,2661,core,380,317,0.0,5.0,0.9763,384,319,392,322,0.5556,False,84.3753,98.7882,74.3647,7.8729,83.8627,"98.79,97.16,95.53,92.28,86.31,80.33,77.62,75.99,74.91,95.53,94.45,93.36,90.65,84.68,79.79,77.08,75.99,74.91,93.36,91.73,90.65,87.93,83.05,78.71,76.54,75.45,74.36,91.19,89.56,88.48,86.31,81.96,77.62,75.99,74.91,74.36"
Rec-G3_S60_1,6,15,2662,core,384,317,0.0,4.0,0.9765,388,319,396,322,0.1111,False,77.2895,90.1043,73.822,3.7825,75.7216,"90.10,83.05,78.71,77.62,75.99,75.45,75.45,74.91,74.91,86.85,80.88,78.16,76.54,75.99,75.45,74.91,74.36,74.36,84.13,79.79,77.62,75.99,75.45,74.91,74.91,74.36,74.36,83.05,78.71,76.54,75.99,75.45,74.91,74.36,74.36,73.82"
Rec-G3_S60_1,6,16,2663,core,386,317,0.0,2.0,0.9825,390,319,398,322,0.0,False,75.7819,81.4204,73.822,1.5941,75.4502,"81.42,78.71,77.62,76.54,75.99,75.45,75.45,74.91,74.91,78.71,77.62,76.54,75.99,75.45,75.45,74.91,74.91,74.36,77.62,76.54,75.99,75.45,75.45,75.45,74.36,73.82,73.82,77.08,75.99,75.45,74.91,74.91,74.36,74.36,73.82,73.82"
Rec-G3_std_1,1,1,246,core,291,318,-135.0,1.41,0.9769,295,320,303,323,1.0,True,91.3707,94.989,86.8478,2.3449,91.1898,"93.36,94.45,94.45,94.45,94.99,94.99,94.99,94.99,94.45,90.10,91.19,91.73,92.28,92.28,92.28,93.36,92.28,92.28,87.93,89.02,89.56,90.10,90.65,91.19,91.19,91.19,91.19,86.85,87.93,87.93,88.48,89.02,89.56,89.56,89.56,89.56"
Rec-G3_std_1,1,2,247,core,294,318,0.0,3.0,0.9777,298,320,306,323,1.0,True,92.5316,96.0745,89.5616,2.2212,92.0039,"96.07,96.07,96.07,96.07,95.53,95.53,95.53,94.99,94.45,93.36,93.36,93.36,94.45,93.36,93.36,93.36,93.36,92.28,91.19,91.19,91.73,91.73,91.73,91.73,91.19,91.19,91.19,89.56,89.56,90.10,90.10,90.10,89.56,89.56,89.56,89.56"
Rec-G3_std_1,1,3,248,core,299,317,11.31,5.1,0.9725,303,319,311,322,1.0,True,94.6724,101.502,90.6471,2.657,94.7176,"101.50,99.87,98.79,98.25,97.70,97.16,96.07,95.53,94.99,97.70,97.16,96.62,96.07,95.53,94.99,94.99,94.45,93.36,95.53,94.99,94.45,94.45,93.36,93.36,92.28,92.28,91.73,92.28,92.28,92.28,92.28,91.73,91.19,91.19,91.19,90.65"
Rec-G3_std_1,1,4,249,core,303,317,0.0,4.0,0.975,307,319,315,322,1.0,True,94.4764,102.0447,90.1043,2.7286,94.4463,"102.04,100.42,98.79,97.70,96.62,96.07,95.53,94.99,94.45,98.25,97.16,96.07,95.53,95.53,94.99,94.45,93.36,93.36,95.53,94.99,94.45,94.45,93.36,93.36,92.28,91.73,91.19,93.36,92.28,92.28,92.28,91.19,91.19,91.19,90.65,90.10"
Rec-G3_std_1,1,5,250,core,308,317,0.0,5.0,0.9752,312,319,320,322,1.0,True,93.4965,99.8737,89.5616,2.4014,93.3608,"99.87,98.25,97.70,96.07,95.53,95.53,94.45,94.45,94.45,96.62,95.53,95.53,94.99,94.45,93.36,93.36,93.36,92.28,94.45,93.36,93.36,92.28,92.28,92.28,91.19,91.19,91.19,92.28,91.73,91.73,91.19,91.19,90.65,90.10,90.10,89.56"
Rec-G3_std_1,1,6,251,core,313,317,0.0,5.0,0.9736,317,319,325,322,1.0,True,93.3155,98.7882,90.1043,2.1459,93.3608,"98.79,97.70,96.62,96.07,95.53,94.99,94.45,94.45,94.45,95.53,95.53,94.99,94.99,94.45,93.36,93.36,93.36,92.28,93.36,93.36,92.28,92.28,92.28,92.28,91.73,91.19,91.19,91.73,91.19,91.19,91.19,91.19,91.19,90.65,90.10,90.10"
Rec-G3_std_1,1,7,252,core,318,317,0.0,5.0,0.9707,322,319,330,322,1.0,True,93.4361,98.2455,90.6471,2.0514,93.3608,"98.25,97.70,96.62,96.07,95.53,95.53,94.99,94.45,94.45,95.53,95.53,94.99,94.45,94.45,94.45,93.36,93.36,92.28,93.36,93.36,93.36,92.28,92.28,92.28,91.73,91.73,91.19,91.73,91.73,91.19,91.19,91.19,91.19,90.65,90.65,90.65"
Rec-G3_std_1,1,8,253,core,327,317,0.0,9.0,0.97,331,319,339,322,1.0,True,94.3106,98.7882,91.7325,1.8599,94.4463,"98.79,97.70,97.16,96.62,96.62,96.07,96.07,96.07,95.53,95.53,95.53,95.53,94.99,94.99,94.99,94.99,94.45,94.45,94.45,93.36,93.36,93.36,93.36,93.36,93.36,93.36,93.36,92.28,92.28,92.28,92.28,91.73,91.73,91.73,91.73,91.73"
Rec-G3_std_1,1,9,254,core,332,317,0.0,5.0,0.9689,336,319,344,322,1.0,True,95.1096,99.331,92.2753,1.9574,94.989,"99.33,98.25,98.25,97.70,97.70,97.16,97.16,97.16,97.16,96.07,96.07,96.07,95.53,95.53,95.53,95.53,95.53,95.53,94.45,94.45,94.45,94.45,94.45,94.45,94.45,94.45,94.45,92.28,92.28,93.36,93.36,92.28,92.28,92.28,92.28,92.28"
Rec-G3_std_1,1,10,255,core,337,317,0.0,5.0,0.9672,341,319,349,322,1.0,True,95.9087,100.4165,92.2753,2.1437,95.5318,"100.42,99.87,99.33,98.79,98.25,98.25,98.25,97.70,97.70,97.70,97.70,97.16,97.16,96.62,96.07,96.07,95.53,95.53,95.53,95.53,95.53,95.53,94.99,94.99,94.45,94.45,94.45,94.45,93.36,93.36,93.36,93.36,93.36,93.36,92.28,92.28"
Rec-G3_std_1,1,11,256,core,342,316,11.31,5.1,0.9677,346,318,354,321,1.0,True,97.7178,104.2157,93.3608,2.6388,97.7027,"104.22,103.13,102.04,100.96,100.42,100.42,99.87,99.33,98.79,100.42,99.87,99.33,98.79,98.25,98.25,98.25,97.70,97.16,97.70,97.70,97.16,97.16,96.62,96.07,95.53,95.53,94.99,95.53,95.53,95.53,94.99,94.99,94.45,94.45,93.36,93.36"
Rec-G3_std_1,1,12,257,core,347,316,0.0,5.0,0.9678,351,318,359,321,1.0,True,96.4514,104.2157,90.1043,3.3453,95.8031,"104.22,103.13,102.04,100.96,99.87,98.79,98.25,97.16,95.53,100.42,99.33,99.33,98.25,97.70,97.16,95.53,94.99,93.36,97.70,97.16,97.16,96.07,95.53,94.99,94.45,92.28,91.73,95.53,95.53,94.99,94.45,93.36,92.28,91.73,91.19,90.10"
Rec-G3_std_1,1,13,258,core,351,316,0.0,4.0,0.9705,355,318,363,321,0.8889,False,92.7577,105.3012,78.7067,6.4761,93.9035,"105.30,103.13,100.96,99.33,98.25,96.07,93.36,87.93,80.88,100.42,98.79,98.25,96.62,95.53,94.45,91.73,86.85,80.33,97.70,96.07,95.53,94.45,93.36,91.73,90.10,85.76,79.79,94.99,94.45,93.36,92.28,91.19,89.56,87.93,84.13,78.71"
Rec-G3_std_1,1,14,259,core,356,316,0.0,5.0,0.9727,360,318,368,321,0.3333,False,81.7822,99.8737,73.822,7.9004,77.8925,"99.87,96.62,90.65,83.05,78.71,76.54,75.99,74.91,74.36,96.07,94.45,89.02,81.96,78.16,76.54,75.45,74.91,74.36,93.36,91.19,86.85,80.88,77.62,75.99,75.45,74.36,73.82,91.19,89.56,85.76,80.33,77.08,75.99,74.91,74.36,73.82"
Rec-G3_std_1,1,15,260,core,360,316,0.0,4.0,0.9733,364,318,372,321,0.0,False,75.9326,83.0486,73.822,2.0698,75.4502,"83.05,79.79,77.62,76.54,75.99,75.45,74.91,74.36,73.82,80.33,77.62,76.54,75.99,75.99,74.91,74.91,74.36,73.82,78.71,77.62,75.99,75.99,75.45,74.91,74.36,73.82,73.82,78.16,76.54,75.99,75.45,74.91,74.36,73.82,73.82,73.82"
Rec-G3_std_1,2,1,406,core,294,318,0.0,3.0,0.9766,298,320,306,323,1.0,True,92.5919,96.0745,89.5616,2.2023,92.0039,"96.07,96.07,96.07,96.07,95.53,95.53,95.53,94.99,94.45,93.36,93.36,94.45,94.45,93.36,93.36,93.36,93.36,92.28,91.19,91.19,91.73,91.73,91.73,91.73,91.19,91.19,91.19,89.56,89.56,90.10,90.10,90.10,90.10,90.10,89.56,89.56"
Rec-G3_std_1,2,2,407,core,298,317,14.04,4.12,0.9738,302,319,310,322,1.0,True,95.0644,103.1302,90.6471,2.8235,94.989,"103.13,100.96,99.33,98.25,98.25,97.16,96.07,95.53,95.53,98.25,97.70,97.16,96.62,96.07,95.53,94.99,94.45,94.45,95.53,94.99,94.99,94.45,94.45,93.36,93.36,92.28,92.28,93.36,92.28,92.28,92.28,92.28,91.73,91.19,91.19,90.65"
Rec-G3_std_1,2,3,408,core,303,317,0.0,5.0,0.9755,307,319,315,322,1.0,True,94.3558,102.0447,90.1043,2.6108,94.4463,"102.04,99.87,98.25,97.70,96.62,95.53,95.53,94.99,94.45,97.70,96.62,96.07,95.53,94.99,94.99,94.45,93.36,93.36,94.99,94.99,94.45,93.36,93.36,93.36,92.28,91.73,91.19,93.36,92.28,92.28,92.28,91.73,91.19,91.19,90.65,90.10"
Rec-G3_std_1,2,4,409,core,308,317,0.0,5.0,0.9748,312,319,320,322,1.0,True,93.5417,99.8737,89.5616,2.3796,93.3608,"99.87,98.25,97.16,96.62,95.53,94.99,94.45,94.45,93.36,96.62,96.07,95.53,94.99,94.45,93.36,93.36,93.36,92.28,94.45,94.45,93.36,93.36,92.28,92.28,91.19,91.19,91.19,92.28,92.28,91.73,91.19,91.19,90.65,90.10,90.10,89.56"
Rec-G3_std_1,2,5,410,core,313,317,0.0,5.0,0.9725,317,319,325,322,1.0,True,93.2552,98.7882,90.1043,2.0896,92.818,"98.79,97.70,96.62,95.53,95.53,94.99,94.45,94.45,93.36,95.53,95.53,94.99,94.45,94.45,93.36,93.36,92.28,92.28,93.36,93.36,92.28,92.28,92.28,92.28,91.73,91.19,91.19,91.73,91.73,91.73,91.19,91.19,91.19,90.65,90.10,90.10"
Rec-G3_std_1,2,6,411,core,317,317,0.0,4.0,0.9705,321,319,329,322,1.0,True,93.6623,99.331,90.6471,2.1115,93.3608,"99.33,98.25,97.16,96.07,95.53,95.53,94.99,94.45,94.45,96.07,95.53,94.99,94.45,94.45,94.45,93.36,93.36,92.28,94.45,93.36,93.36,93.36,92.28,92.28,92.28,91.73,91.73,92.28,92.28,91.73,91.19,91.19,91.19,91.19,90.65,90.65"
Rec-G3_std_1,2,7,412,core,322,317,0.0,5.0,0.9705,326,319,334,322,1.0,True,93.8432,98.7882,91.1898,2.0339,93.3608,"98.79,98.25,97.16,96.07,95.53,95.53,95.53,94.99,94.99,96.07,95.53,95.53,94.99,94.45,94.45,94.45,93.36,93.36,94.45,93.36,93.36,93.36,92.28,92.28,92.28,92.28,92.28,92.28,91.73,91.73,91.73,91.19,91.19,91.19,91.19,91.19"
Rec-G3_std_1,2,8,413,core,327,317,0.0,5.0,0.9705,331,319,339,322,1.0,True,94.3407,98.7882,91.7325,1.8486,94.4463,"98.79,97.70,97.16,96.62,96.62,96.07,95.53,95.53,95.53,96.07,95.53,95.53,95.53,94.99,94.99,94.99,94.45,94.45,94.45,94.45,93.36,93.36,93.36,93.36,93.36,93.36,93.36,92.28,92.28,92.28,92.28,91.73,91.73,91.73,91.73,91.73"
Rec-G3_std_1,2,9,414,core,332,317,0.0,5.0,0.9686,336,319,344,322,1.0,True,95.2001,99.331,92.2753,1.9286,95.2604,"99.33,98.25,98.25,97.70,97.70,97.70,97.16,97.16,96.62,96.62,96.62,96.07,96.07,95.53,95.53,95.53,95.53,95.53,94.99,94.45,94.45,94.45,94.45,94.45,94.45,94.45,93.36,93.36,93.36,93.36,93.36,92.28,92.28,92.28,92.28,92.28"
Rec-G3_std_1,2,10,415,core,337,317,0.0,5.0,0.9666,341,319,349,322,1.0,True,95.7127,99.8737,92.2753,2.0227,95.5318,"99.87,99.33,98.79,98.25,98.25,98.25,97.70,97.70,97.16,97.16,97.16,97.16,96.62,96.62,96.07,96.07,95.53,95.53,95.53,95.53,95.53,94.99,94.99,94.45,94.45,94.45,94.45,93.36,93.36,93.36,93.36,93.36,93.36,93.36,92.28,92.28"
Rec-G3_std_1,2,11,416,core,342,316,11.31,5.1,0.9665,346,318,354,321,1.0,True,97.7932,104.2157,93.3608,2.5409,97.7027,"104.22,103.13,102.04,100.96,100.42,99.87,99.87,99.33,98.79,100.42,99.87,99.33,98.79,98.25,98.25,98.25,97.70,97.16,98.25,97.70,97.16,97.16,96.62,96.07,96.07,95.53,95.53,95.53,95.53,95.53,95.53,94.99,94.45,94.45,94.45,93.36"
Rec-G3_std_1,2,12,417,core,346,316,0.0,4.0,0.9686,350,318,358,321,1.0,True,97.552,105.8439,91.1898,3.215,97.16,"105.84,103.67,103.13,102.04,100.96,99.87,98.79,98.25,96.62,101.50,100.42,99.87,99.33,98.79,98.25,97.16,96.07,95.53,98.25,98.25,97.70,97.16,96.62,95.53,95.53,94.45,93.36,96.07,95.53,95.53,95.53,94.99,94.45,93.36,92.28,91.19"
Rec-G3_std_1,2,13,418,core,351,316,0.0,5.0,0.9717,355,318,363,321,0.8889,False,92.4261,104.2157,78.7067,6.3406,93.3608,"104.22,102.04,99.87,98.79,97.16,95.53,93.36,87.93,80.33,99.87,98.79,97.70,96.62,95.53,93.36,91.19,86.31,79.79,97.16,96.07,95.53,94.45,93.36,91.19,89.56,85.22,79.79,94.99,94.45,93.36,92.28,91.19,89.56,87.93,84.13,78.71"
Rec-G3_std_1,2,14,419,core,356,316,0.0,5.0,0.9729,360,318,368,321,0.3333,False,81.4807,99.331,73.822,7.7991,77.6212,"99.33,96.07,89.56,82.51,78.71,76.54,75.45,74.91,73.82,96.07,93.36,87.93,81.42,77.62,75.99,75.45,74.36,73.82,93.36,91.19,86.31,80.88,77.62,75.99,74.91,74.36,73.82,91.19,89.56,85.22,79.79,77.08,75.99,74.91,74.36,73.82"
Rec-G3_std_1,2,15,420,core,360,316,0.0,4.0,0.9744,364,318,372,321,0.0,False,75.7668,83.0486,73.822,2.0603,75.4502,"83.05,79.79,77.62,75.99,75.99,75.45,74.91,74.36,73.82,79.79,77.62,76.54,75.99,75.45,74.91,74.36,73.82,73.82,78.71,77.08,75.99,75.45,74.91,74.36,73.82,73.82,73.82,77.62,76.54,75.99,75.45,74.91,74.36,73.82,73.82,73.82"
Rec-G3_std_1,3,1,571,core,291,318,-90.0,1.0,0.9773,295,320,303,323,1.0,True,91.9436,95.5318,87.3906,2.3976,91.1898,"94.45,94.45,94.99,95.53,95.53,95.53,95.53,95.53,94.99,91.19,91.73,92.28,93.36,93.36,93.36,93.36,93.36,93.36,89.02,89.56,90.65,91.19,91.19,91.19,91.19,91.19,91.19,87.39,87.93,89.02,89.56,89.56,89.56,89.56,89.56,89.56"
Rec-G3_std_1,3,2,572,core,295,318,0.0,4.0,0.9767,299,320,307,323,1.0,True,93.4211,98.2455,90.1043,2.3161,92.818,"98.25,97.70,97.16,97.16,96.62,96.07,95.53,95.53,94.99,94.45,94.99,94.99,94.45,94.45,94.45,94.45,93.36,93.36,92.28,92.28,92.28,92.28,92.28,92.28,92.28,91.73,91.19,90.10,90.65,90.65,91.19,91.19,91.19,90.65,90.65,90.10"
Rec-G3_std_1,3,3,573,core,300,317,11.31,5.1,0.9751,304,319,312,322,1.0,True,95.2604,103.1302,91.1898,2.81,94.989,"103.13,101.50,99.87,98.25,98.25,97.16,96.62,95.53,95.53,98.79,98.25,97.16,96.62,96.07,95.53,94.99,94.45,94.45,95.53,95.53,94.99,94.45,94.45,93.36,93.36,92.28,92.28,93.36,93.36,93.36,92.28,92.28,92.28,91.73,91.19,91.19"
Rec-G3_std_1,3,4,574,core,305,317,0.0,5.0,0.9753,309,319,317,322,1.0,True,94.7176,102.0447,90.6471,2.5824,94.4463,"102.04,99.87,98.25,98.25,97.16,96.62,95.53,95.53,94.99,98.25,97.16,96.62,96.07,95.53,94.99,94.45,94.45,93.36,95.53,94.99,94.45,94.45,93.36,93.36,92.28,92.28,91.73,93.36,93.36,92.28,92.28,92.28,91.73,91.19,91.19,90.65"
Rec-G3_std_1,3,5,575,core,310,317,0.0,5.0,0.9739,314,319,322,322,1.0,True,94.1146,100.4165,90.6471,2.3771,94.4463,"100.42,98.79,98.25,97.16,96.07,95.53,95.53,94.45,94.45,97.16,96.62,95.53,95.53,94.99,94.45,94.45,93.36,92.28,94.99,94.45,94.45,93.36,93.36,92.28,92.28,91.73,91.73,93.36,92.28,92.28,91.73,91.19,91.19,91.19,90.65,90.65"
Rec-G3_std_1,3,6,576,core,314,317,0.0,4.0,0.9716,318,319,326,322,1.0,True,94.009,100.9592,90.6471,2.302,93.9035,"100.96,98.25,97.70,96.62,96.07,95.53,94.99,94.45,94.45,97.16,96.07,95.53,95.53,94.45,94.45,94.45,93.36,93.36,94.45,94.45,93.36,93.36,93.36,92.28,92.28,91.73,91.73,92.28,92.28,92.28,91.73,91.73,91.19,91.19,90.65,90.65"
Rec-G3_std_1,3,7,577,core,319,317,0.0,5.0,0.9718,323,319,331,322,1.0,True,93.9035,99.331,91.1898,2.0508,93.3608,"99.33,98.25,97.16,96.62,95.53,95.53,94.99,94.99,94.45,96.07,95.53,95.53,94.99,94.99,94.45,93.36,93.36,93.36,94.45,94.45,93.36,93.36,93.36,92.28,92.28,92.28,92.28,92.28,92.28,91.73,91.73,91.19,91.19,91.19,91.19,91.19"
Rec-G3_std_1,3,8,578,core,324,317,0.0,5.0,0.9716,328,319,336,322,1.0,True,94.2352,98.7882,91.7325,1.8595,94.4463,"98.79,97.70,97.16,96.62,96.07,96.07,95.53,95.53,95.53,96.07,95.53,95.53,94.99,94.99,94.45,94.45,94.45,94.45,94.45,94.45,93.36,93.36,93.36,93.36,93.36,93.36,92.28,92.28,92.28,92.28,91.73,91.73,91.73,91.73,91.73,91.73"
Rec-G3_std_1,3,9,579,core,329,317,0.0,5.0,0.9706,333,319,341,322,1.0,True,94.8986,98.7882,92.2753,1.8692,94.7176,"98.79,98.25,97.70,97.16,97.16,97.16,96.62,96.62,96.07,96.62,96.07,96.07,95.53,95.53,95.53,95.53,95.53,94.99,94.45,94.45,94.45,94.45,94.45,94.45,93.36,93.36,93.36,93.36,93.36,92.28,92.28,92.28,92.28,92.28,92.28,92.28"
Rec-G3_std_1,3,10,580,core,334,317,0.0,5.0,0.9689,338,319,346,322,1.0,True,95.4715,99.331,92.2753,1.9349,95.2604,"99.33,98.79,98.25,98.25,98.25,97.70,97.70,97.16,97.16,97.16,96.62,96.62,96.07,96.07,96.07,95.53,95.53,95.53,94.99,94.99,94.99,94.99,94.45,94.45,94.45,94.45,94.45,93.36,93.36,93.36,93.36,93.36,93.36,92.28,92.28,92.28"
Rec-G3_std_1,3,11,581,core,339,316,11.31,5.1,0.9662,343,318,351,321,1.0,True,97.7028,103.6729,94.4463,2.2813,97.7027,"103.67,102.04,100.96,100.42,100.42,99.87,99.33,99.33,98.79,100.42,99.33,98.79,98.79,98.25,98.25,98.25,97.70,97.70,97.70,97.70,97.16,97.16,96.62,96.62,96.07,95.53,95.53,95.53,95.53,95.53,94.99,94.99,94.99,94.45,94.45,94.45"
Rec-G3_std_1,3,12,582,core,343,316,0.0,4.0,0.9674,347,318,355,321,1.0,True,98.2455,105.8439,93.3608,2.8056,98.2455,"105.84,103.67,102.04,102.04,101.50,100.96,100.42,99.87,99.33,101.50,100.42,99.87,99.33,98.79,98.79,98.25,98.25,97.70,98.25,98.25,97.70,97.16,97.16,96.62,96.62,96.07,95.53,96.07,95.53,95.53,95.53,94.99,94.99,94.45,94.45,93.36"
Rec-G3_std_1,3,13,583,core,348,316,0.0,5.0,0.9708,352,318,360,321,1.0,True,96.964,106.3867,89.5616,3.754,96.3459,"106.39,104.22,103.13,102.04,100.96,99.33,98.25,96.62,94.99,101.50,100.96,99.87,98.79,98.25,97.70,96.07,94.99,93.36,98.25,98.25,97.70,96.62,96.07,95.53,94.45,92.28,91.19,96.07,95.53,95.53,94.99,94.45,93.36,92.28,91.19,89.56"
Rec-G3_std_1,3,14,584,core,353,316,0.0,5.0,0.9728,357,318,365,321,0.6667,False,88.0841,103.1302,75.4502,8.4039,90.1043,"103.13,100.96,98.25,96.07,94.45,88.48,80.88,77.62,75.99,98.79,97.70,96.07,94.45,92.28,87.39,80.33,77.08,75.45,96.07,94.99,93.36,92.28,90.10,85.76,79.79,76.54,75.45,93.36,92.28,91.19,90.10,88.48,84.13,79.79,76.54,75.45"
Rec-G3_std_1,3,15,585,core,358,316,0.0,5.0,0.9735,362,318,370,321,0.1111,False,77.6061,92.2753,73.822,4.7324,75.7216,"92.28,83.59,79.79,77.08,75.99,75.45,74.36,74.36,73.82,89.56,82.51,78.71,77.08,75.99,74.91,74.36,73.82,73.82,87.39,80.88,77.62,76.54,75.45,74.91,74.36,73.82,73.82,85.76,80.33,77.62,75.99,75.45,74.91,73.82,73.82,73.82"
Rec-G3_std_1,3,16,586,core,361,316,0.0,3.0,0.9787,365,318,373,321,0.0,False,75.2542,79.7922,73.2792,1.4762,74.9074,"79.79,77.62,76.54,75.99,75.45,74.91,74.36,73.82,73.82,78.16,76.54,75.99,75.99,75.45,74.91,74.36,73.82,73.82,77.62,75.99,75.99,74.91,74.91,74.36,73.82,73.82,73.82,77.08,75.99,75.45,74.91,74.36,73.82,73.82,73.82,73.28"
Rec-G3_std_1,4,1,729,core,291,317,180.0,1.0,0.9764,295,319,303,322,1.0,True,93.8432,98.2455,88.4761,2.7371,93.3608,"98.25,98.25,97.70,97.70,97.70,97.16,97.16,97.16,96.62,93.36,94.45,94.45,94.99,95.53,95.53,95.53,94.99,94.99,90.65,91.19,92.28,92.28,92.28,93.36,93.36,93.36,93.36,88.48,89.56,90.10,90.65,91.19,91.19,91.19,91.19,91.19"
Rec-G3_std_1,4,2,730,core,302,317,0.0,11.0,0.976,306,319,314,322,1.0,True,95.1096,102.0447,91.1898,2.5589,94.989,"102.04,100.42,99.33,98.25,97.70,96.62,96.07,95.53,95.53,98.25,97.70,97.16,96.62,95.53,95.53,94.99,94.45,94.45,95.53,95.53,94.99,94.45,94.45,93.36,93.36,92.28,92.28,93.36,93.36,93.36,93.36,92.28,91.73,91.73,91.19,91.19"
Rec-G3_std_1,4,3,731,core,306,317,0.0,4.0,0.973,310,319,318,322,1.0,True,94.8986,103.1302,91.1898,2.6543,94.989,"103.13,100.42,98.79,98.25,97.16,96.07,96.07,95.53,94.99,98.25,97.16,96.62,96.07,95.53,95.53,94.99,94.45,93.36,95.53,94.99,94.99,94.45,93.36,93.36,93.36,92.28,91.73,93.36,93.36,93.36,92.28,92.28,91.73,91.19,91.19,91.19"
Rec-G3_std_1,4,4,732,core,311,317,0.0,5.0,0.9736,315,319,323,322,1.0,True,94.205,100.9592,90.6471,2.2936,93.9035,"100.96,98.79,97.70,97.16,96.07,95.53,95.53,94.45,94.45,97.16,96.62,95.53,95.53,94.99,94.45,94.45,93.36,93.36,94.99,94.45,93.36,93.36,93.36,93.36,92.28,92.28,91.73,93.36,92.28,92.28,91.73,91.73,91.73,91.19,91.19,90.65"
Rec-G3_std_1,4,5,733,core,316,317,0.0,5.0,0.9739,320,319,328,322,1.0,True,93.8884,99.331,90.6471,2.0448,93.9035,"99.33,98.25,96.62,96.07,95.53,95.53,94.99,94.99,94.45,96.62,95.53,95.53,94.99,94.45,94.45,94.45,93.36,93.36,94.45,94.45,93.36,93.36,93.36,92.28,92.28,92.28,91.73,92.28,92.28,92.28,91.73,91.19,91.19,91.19,91.19,90.65"
Rec-G3_std_1,4,6,734,core,321,317,0.0,5.0,0.9725,325,319,333,322,1.0,True,94.1146,98.7882,91.1898,1.9788,94.4463,"98.79,98.25,97.16,96.62,96.07,95.53,95.53,95.53,95.53,96.07,95.53,95.53,94.99,94.45,94.45,94.45,94.45,94.45,94.45,94.45,93.36,93.36,93.36,93.36,92.28,92.28,92.28,92.28,92.28,92.28,91.73,91.73,91.73,91.19,91.19,91.19"
Rec-G3_std_1,4,7,735,core,326,317,0.0,5.0,0.9708,330,319,338,322,1.0,True,94.7026,98.7882,92.2753,1.8779,94.7176,"98.79,98.25,97.70,97.16,97.16,96.62,96.07,96.07,96.07,96.07,96.07,95.53,95.53,95.53,95.53,94.99,94.99,94.99,94.45,94.45,94.45,94.45,94.45,93.36,93.36,93.36,93.36,92.28,92.28,92.28,92.28,92.28,92.28,92.28,92.28,92.28"
Rec-G3_std_1,4,8,736,core,331,317,0.0,5.0,0.9676,335,319,343,322,1.0,True,95.4112,99.331,92.2753,1.885,95.2604,"99.33,98.25,98.25,98.25,97.70,97.70,97.70,97.16,97.16,96.62,96.62,96.62,96.07,96.07,96.07,95.53,95.53,95.53,94.99,94.99,94.99,94.45,94.45,94.45,94.45,94.45,94.45,93.36,93.36,93.36,93.36,93.36,93.36,92.28,92.28,92.28"
Rec-G3_std_1,4,9,737,core,335,317,0.0,4.0,0.9675,339,319,347,322,1.0,True,96.4967,101.502,93.3608,2.0433,96.0745,"101.50,100.42,99.33,99.33,98.79,98.79,98.25,98.25,98.25,98.25,97.70,97.70,97.70,97.16,97.16,96.62,96.62,96.62,95.53,95.53,95.53,95.53,95.53,95.53,95.53,94.99,94.99,94.45,94.45,94.45,94.45,94.45,94.45,93.36,93.36,93.36"
Rec-G3_std_1,4,10,738,core,340,316,11.31,5.1,0.968,344,318,352,321,1.0,True,98.8787,105.8439,94.989,2.6788,98.2455,"105.84,104.22,103.13,102.04,101.50,101.50,100.96,100.96,100.42,102.04,100.96,100.42,99.87,99.87,99.33,98.79,98.79,98.25,98.25,98.25,98.25,98.25,98.25,97.70,97.16,96.62,96.62,96.62,96.07,96.07,96.07,95.53,95.53,95.53,94.99,94.99"
Rec-G3_std_1,4,11,739,core,345,316,0.0,5.0,0.9702,349,318,357,321,1.0,True,98.6073,106.3867,92.2753,3.2033,98.2455,"106.39,105.30,103.13,103.13,102.04,101.50,100.96,99.87,98.25,102.04,101.50,100.96,100.42,99.87,99.33,98.79,97.70,96.62,99.33,98.25,98.25,98.25,97.70,97.16,96.62,95.53,94.99,97.16,96.62,96.07,95.53,95.53,94.99,94.45,93.36,92.28"
Rec-G3_std_1,4,12,740,core,350,316,0.0,5.0,0.9712,354,318,362,321,1.0,True,95.4865,106.3867,84.1341,4.9782,95.8031,"106.39,103.67,102.04,100.96,99.33,98.25,96.62,94.45,88.48,102.04,100.96,99.87,98.25,97.70,96.07,94.99,92.28,87.39,98.79,98.25,97.16,96.07,95.53,94.45,92.28,90.10,85.76,96.07,95.53,94.99,94.45,93.36,91.73,90.65,88.48,84.13"
Rec-G3_std_1,4,13,741,core,359,316,0.0,9.0,0.9725,363,318,371,321,0.0,False,76.4452,86.3051,73.822,3.0042,75.4502,"86.31,80.88,78.16,76.54,75.99,75.45,74.91,74.36,73.82,83.59,79.79,77.62,75.99,75.45,74.91,74.36,73.82,73.82,81.96,78.16,77.08,75.99,75.45,74.91,74.36,73.82,73.82,80.88,77.62,75.99,75.45,74.91,74.36,73.82,73.82,73.82"
Rec-G3_std_1,4,14,742,core,361,316,0.0,2.0,0.9814,365,318,373,321,0.0,False,75.1185,79.7922,73.2792,1.4934,74.6361,"79.79,77.62,76.54,75.99,75.45,74.91,74.36,73.82,73.82,78.16,76.54,75.99,75.45,74.91,74.36,73.82,73.82,73.82,77.62,75.99,75.45,74.91,74.36,74.36,73.82,73.82,73.28,76.54,75.99,75.45,74.36,74.36,73.82,73.82,73.82,73.28"
Rec-G3_std_1,5,1,894,core,291,318,-90.0,1.0,0.9781,295,320,303,323,1.0,True,92.1848,95.5318,87.3906,2.3675,91.7325,"94.45,94.99,95.53,95.53,95.53,95.53,95.53,95.53,95.53,91.19,92.28,92.28,93.36,93.36,93.36,94.45,93.36,93.36,89.02,90.10,90.65,91.19,91.19,91.73,91.73,91.73,91.73,87.39,88.48,89.02,89.56,89.56,90.10,90.10,90.10,90.10"
Rec-G3_std_1,5,2,895,core,295,318,0.0,4.0,0.9786,299,320,307,323,1.0,True,93.6925,98.2455,90.6471,2.2679,92.818,"98.25,97.70,97.70,97.16,96.62,96.62,96.07,95.53,95.53,94.99,94.99,94.99,94.99,94.99,94.45,94.45,94.45,93.36,92.28,92.28,92.28,92.28,92.28,92.28,92.28,92.28,92.28,90.65,91.19,91.19,91.19,91.19,91.19,91.19,91.19,90.65"
Rec-G3_std_1,5,3,896,core,300,317,11.31,5.1,0.9765,304,319,312,322,1.0,True,95.8785,103.1302,91.7325,2.6346,95.5318,"103.13,101.50,99.87,99.33,98.25,98.25,97.16,96.62,96.07,98.79,98.25,98.25,97.16,96.62,96.07,95.53,95.53,94.99,96.07,95.53,95.53,95.53,94.99,94.45,94.45,93.36,93.36,94.45,94.45,93.36,93.36,93.36,92.28,92.28,91.73,91.73"
Rec-G3_std_1,5,4,897,core,305,317,0.0,5.0,0.9755,309,319,317,322,1.0,True,95.1398,102.0447,91.1898,2.5348,94.989,"102.04,100.42,98.79,98.25,97.70,96.62,95.53,95.53,94.99,98.25,98.25,97.16,96.62,96.07,95.53,94.99,94.45,93.36,96.07,95.53,94.99,94.99,94.45,93.36,93.36,92.28,92.28,94.45,93.36,93.36,93.36,92.28,92.28,91.73,91.19,91.19"
Rec-G3_std_1,5,5,898,core,305,317,0.0,0.0,0.9755,309,319,317,322,1.0,True,95.1398,102.0447,91.1898,2.5348,94.989,"102.04,100.42,98.79,98.25,97.70,96.62,95.53,95.53,94.99,98.25,98.25,97.16,96.62,96.07,95.53,94.99,94.45,93.36,96.07,95.53,94.99,94.99,94.45,93.36,93.36,92.28,92.28,94.45,93.36,93.36,93.36,92.28,92.28,91.73,91.19,91.19"
Rec-G3_std_1,5,6,899,core,310,317,0.0,5.0,0.9739,314,319,322,322,1.0,True,94.3106,100.4165,91.1898,2.279,94.4463,"100.42,98.79,98.25,96.62,96.07,95.53,95.53,94.99,94.45,97.70,96.62,96.07,95.53,95.53,94.45,94.45,93.36,93.36,94.99,94.99,94.45,93.36,93.36,92.28,92.28,92.28,91.73,93.36,93.36,92.28,92.28,91.73,91.19,91.19,91.19,91.19"
Rec-G3_std_1,5,7,900,core,319,317,0.0,9.0,0.9738,323,319,331,322,1.0,True,94.009,99.331,91.1898,2.0461,93.9035,"99.33,98.25,97.16,96.62,96.07,95.53,95.53,94.99,94.99,96.07,95.53,95.53,94.99,94.99,94.45,94.45,94.45,93.36,94.45,93.36,93.36,93.36,93.36,92.28,92.28,92.28,92.28,92.28,92.28,92.28,91.73,91.73,91.19,91.19,91.19,91.19"
Rec-G3_std_1,5,8,901,core,324,317,0.0,5.0,0.9729,328,319,336,322,1.0,True,94.4915,98.7882,91.7325,1.9077,94.7176,"98.79,98.25,97.16,97.16,96.62,96.07,96.07,96.07,96.07,96.07,95.53,95.53,95.53,94.99,94.99,94.99,94.99,94.99,94.45,94.45,94.45,93.36,93.36,93.36,93.36,93.36,93.36,92.28,92.28,92.28,92.28,92.28,91.73,91.73,91.73,91.73"
Rec-G3_std_1,5,9,902,core,334,317,0.0,10.0,0.9679,338,319,346,322,1.0,True,96.3308,100.4165,93.3608,1.9379,95.8031,"100.42,99.87,99.33,98.79,98.79,98.25,98.25,98.25,98.25,97.70,97.70,97.70,97.16,97.16,97.16,96.62,96.62,96.07,95.53,95.53,95.53,95.53,95.53,95.53,94.99,94.99,94.99,94.45,94.45,94.45,94.45,94.45,93.36,93.36,93.36,93.36"
Rec-G3_std_1,5,10,903,core,338,317,0.0,4.0,0.968,342,319,350,322,1.0,True,96.8434,102.0447,93.3608,2.1611,96.3459,"102.04,100.96,100.42,99.87,99.33,99.33,98.79,98.25,98.25,98.25,98.25,98.25,98.25,97.70,97.70,97.16,96.62,96.62,96.07,96.07,96.07,96.07,95.53,95.53,95.53,95.53,94.99,94.99,94.99,94.45,94.45,94.45,94.45,94.45,93.36,93.36"
Rec-G3_std_1,5,11,904,core,343,316,11.31,5.1,0.9696,347,318,355,321,1.0,True,98.8787,106.3867,94.4463,2.7422,98.5169,"106.39,104.22,103.13,102.04,102.04,101.50,100.96,100.42,99.33,102.04,101.50,100.42,99.87,99.87,99.33,98.79,98.25,98.25,98.79,98.79,98.25,98.25,97.70,97.70,97.16,96.62,96.07,97.16,96.62,96.07,96.07,95.53,95.53,95.53,94.99,94.45"
Rec-G3_std_1,5,12,905,core,348,316,0.0,5.0,0.9718,352,318,360,321,1.0,True,97.2354,106.3867,89.5616,3.7519,96.8886,"106.39,104.22,103.13,102.04,100.96,99.33,98.25,97.16,94.99,102.04,101.50,100.42,99.33,98.25,97.70,96.62,95.53,93.36,98.79,98.25,98.25,97.70,96.62,95.53,94.45,93.36,91.19,96.62,96.62,95.53,95.53,94.45,93.36,92.28,91.19,89.56"
Rec-G3_std_1,5,13,906,core,353,316,0.0,5.0,0.9728,357,318,365,321,0.6667,False,88.461,103.1302,75.4502,8.7389,90.9184,"103.13,101.50,98.79,97.16,94.45,89.02,80.88,77.62,75.45,99.87,98.25,96.62,94.99,92.28,87.39,80.88,77.08,75.45,97.16,95.53,94.45,92.28,90.65,85.76,79.79,76.54,75.45,94.45,94.45,92.28,91.19,89.02,84.13,78.71,76.54,75.45"
Rec-G3_std_1,5,14,907,core,358,316,0.0,5.0,0.9728,362,318,370,321,0.1111,False,77.4403,92.2753,73.822,4.7246,75.4502,"92.28,83.05,78.71,77.08,75.99,74.91,74.36,73.82,73.82,89.56,81.96,78.16,76.54,75.45,74.91,74.36,73.82,73.82,87.39,80.88,77.62,75.99,75.45,74.91,74.36,73.82,73.82,85.76,80.33,77.62,75.99,75.45,74.36,73.82,73.82,73.82"
Rec-G3_std_1,5,15,908,core,361,316,0.0,3.0,0.9788,365,318,373,321,0.0,False,75.209,79.7922,73.822,1.4498,74.9074,"79.79,77.62,76.54,75.99,75.45,74.91,74.36,73.82,73.82,78.16,76.54,75.99,75.45,74.91,74.36,74.36,73.82,73.82,77.62,75.99,75.45,74.91,74.36,74.36,73.82,73.82,73.82,77.08,75.99,75.45,74.91,74.36,74.36,73.82,73.82,73.82"
Rec-G3_std_1,6,1,1054,core,291,318,-90.0,1.0,0.9771,295,320,303,323,1.0,True,92.3657,96.0745,87.3906,2.412,91.7325,"94.45,94.99,95.53,95.53,95.53,96.07,96.07,95.53,95.53,91.19,92.28,93.36,93.36,93.36,94.45,94.45,94.45,93.36,89.02,90.10,91.19,91.19,91.19,91.73,91.73,91.73,91.73,87.39,88.48,89.02,89.56,90.10,90.10,90.10,90.65,90.65"
Rec-G3_std_1,6,2,1055,core,294,318,0.0,3.0,0.9781,298,320,306,323,1.0,True,93.5417,97.16,90.1043,2.1785,92.818,"97.16,97.16,97.16,97.16,96.62,96.07,96.07,95.53,95.53,94.45,94.45,94.99,94.99,94.99,94.45,94.45,94.45,93.36,91.73,92.28,92.28,92.28,92.28,92.28,92.28,92.28,92.28,90.10,90.65,91.19,91.19,91.19,91.19,91.19,91.19,90.65"
Rec-G3_std_1,6,3,1056,core,298,317,14.04,4.12,0.9744,302,319,310,322,1.0,True,96.2705,104.2157,91.7325,2.7292,95.8031,"104.22,102.04,100.96,99.87,98.79,98.25,97.70,97.16,96.07,99.33,98.25,98.25,97.70,97.16,96.62,96.07,95.53,94.99,96.07,96.07,95.53,95.53,95.53,94.99,94.45,94.45,93.36,94.45,94.45,94.45,94.45,93.36,93.36,92.28,92.28,91.73"
Rec-G3_std_1,6,4,1057,core,303,317,0.0,5.0,0.9765,307,319,315,322,1.0,True,95.6222,103.1302,91.1898,2.6635,95.5318,"103.13,101.50,99.87,98.79,98.25,97.16,96.62,96.07,95.53,98.79,98.25,97.70,97.16,96.07,96.07,95.53,94.99,94.45,96.07,95.53,95.53,94.99,94.45,94.45,93.36,93.36,92.28,94.45,94.45,93.36,93.36,93.36,92.28,92.28,91.73,91.19"
Rec-G3_std_1,6,5,1058,core,308,317,0.0,5.0,0.9762,312,319,320,322,1.0,True,94.9136,101.502,91.1898,2.3315,94.7176,"101.50,99.33,98.25,97.70,97.16,96.07,95.53,95.53,94.99,98.25,97.70,96.62,96.07,95.53,94.99,94.99,94.45,94.45,95.53,94.99,94.45,94.45,94.45,93.36,93.36,92.28,92.28,94.45,93.36,93.36,93.36,92.28,92.28,91.19,91.19,91.19"
Rec-G3_std_1,6,6,1059,core,313,317,0.0,5.0,0.9747,317,319,325,322,1.0,True,94.3407,99.8737,91.1898,2.1323,94.4463,"99.87,98.25,97.70,97.16,96.07,95.53,95.53,94.99,94.45,97.16,96.62,96.07,95.53,95.53,94.45,94.45,94.45,93.36,94.99,94.45,94.45,94.45,93.36,93.36,92.28,92.28,92.28,93.36,92.28,92.28,92.28,91.73,91.73,91.19,91.19,91.19"
Rec-G3_std_1,6,7,1060,core,317,317,0.0,4.0,0.9718,321,319,329,322,1.0,True,94.401,100.9592,91.1898,2.2501,94.4463,"100.96,98.79,98.25,97.16,96.07,95.53,95.53,94.99,94.45,97.16,96.62,96.07,95.53,94.99,94.45,94.45,93.36,93.36,94.99,94.99,94.45,94.45,93.36,93.36,92.28,92.28,92.28,93.36,93.36,92.28,92.28,91.73,91.73,91.19,91.19,91.19"
Rec-G3_std_1,6,8,1061,core,327,317,0.0,10.0,0.9722,331,319,339,322,1.0,True,94.6423,98.7882,92.2753,1.8501,94.7176,"98.79,98.25,97.16,97.16,96.62,96.62,96.07,96.07,96.07,96.07,96.07,95.53,95.53,95.53,94.99,95.53,94.99,94.99,94.45,94.45,94.45,94.45,93.36,93.36,93.36,93.36,93.36,92.28,92.28,92.28,92.28,92.28,92.28,92.28,92.28,92.28"
Rec-G3_std_1,6,9,1062,core,332,317,0.0,5.0,0.9708,336,319,344,322,1.0,True,95.6524,99.8737,93.3608,1.841,95.2604,"99.87,98.79,98.25,98.25,98.25,97.70,97.70,97.16,97.16,97.16,97.16,96.62,96.62,96.07,96.07,96.07,95.53,95.53,94.99,94.99,94.99,94.99,94.99,94.99,94.45,94.45,94.45,93.36,93.36,93.36,93.36,93.36,93.36,93.36,93.36,93.36"
Rec-G3_std_1,6,10,1063,core,337,317,0.0,5.0,0.9684,341,319,349,322,1.0,True,96.2404,100.4165,93.3608,1.8967,95.8031,"100.42,99.87,98.79,98.79,98.25,98.25,98.25,98.25,98.25,97.70,97.70,97.16,97.16,97.16,96.62,96.62,96.07,96.07,95.53,95.53,95.53,95.53,95.53,95.53,94.99,94.99,94.45,94.45,94.45,94.45,94.45,94.45,93.36,93.36,93.36,93.36"
Rec-G3_std_1,6,11,1064,core,342,316,11.31,5.1,0.9685,346,318,354,321,1.0,True,98.4264,104.2157,94.4463,2.3967,98.2455,"104.22,103.13,102.04,101.50,100.96,100.96,100.42,100.42,99.87,100.96,100.42,99.87,99.33,98.79,98.79,98.79,98.25,98.25,98.25,98.25,98.25,97.70,97.16,97.16,97.16,96.62,96.07,96.07,96.07,96.07,95.53,95.53,95.53,95.53,94.99,94.45"
Rec-G3_std_1,6,12,1065,core,346,316,0.0,4.0,0.9698,350,318,358,321,1.0,True,98.5018,106.9294,92.2753,3.2627,98.2455,"106.93,105.30,103.13,103.13,102.04,101.50,100.42,99.33,98.25,102.04,101.50,100.96,100.42,99.87,99.33,98.25,97.16,96.07,98.79,98.25,98.25,98.25,97.70,97.16,96.07,95.53,94.45,96.62,96.62,96.07,96.07,95.53,94.99,94.45,93.36,92.28"
Rec-G3_std_1,6,13,1066,core,351,316,0.0,5.0,0.9727,355,318,363,321,0.8889,False,93.6171,105.8439,78.7067,6.8024,94.989,"105.84,103.67,102.04,100.42,98.79,97.16,94.99,89.02,80.88,102.04,100.42,99.33,98.25,96.62,94.99,92.28,87.39,80.33,98.25,98.25,96.62,95.53,94.45,92.28,90.65,85.76,79.79,96.07,95.53,94.45,93.36,92.28,90.65,89.02,84.13,78.71"
Rec-G3_std_1,6,14,1067,core,356,316,0.0,5.0,0.9746,360,318,368,321,0.3333,False,81.8576,101.502,73.822,8.499,77.6212,"101.50,98.25,91.19,83.05,78.16,75.99,75.45,74.91,73.82,97.70,94.99,89.02,81.42,77.62,75.99,74.91,74.36,73.82,94.45,92.28,87.39,80.88,77.62,75.99,74.91,73.82,73.82,92.28,90.10,85.76,79.79,77.08,75.99,74.91,73.82,73.82"
Rec-G3_std_1,6,15,1068,core,360,316,0.0,4.0,0.9759,364,318,372,321,0.0,False,75.7367,83.0486,73.822,2.0765,75.4502,"83.05,79.79,77.62,75.99,75.99,75.45,74.36,74.36,73.82,79.79,77.62,76.54,75.99,75.45,74.36,74.36,73.82,73.82,78.71,77.08,75.99,75.45,74.91,74.36,73.82,73.82,73.82,77.62,76.54,75.99,75.45,74.91,74.36,73.82,73.82,73.82"
Rec-G3_std_1,7,1,1209,core,292,318,-45.0,1.41,0.978,296,320,304,323,1.0,True,93.3155,97.16,89.0188,2.2862,92.818,"95.53,96.07,96.07,96.62,96.62,97.16,96.62,96.07,96.07,93.36,93.36,94.45,94.45,94.99,94.99,94.99,94.45,94.45,90.65,91.19,92.28,92.28,92.28,92.28,92.28,92.28,92.28,89.02,89.56,90.10,90.65,91.19,91.19,91.19,91.19,91.19"
Rec-G3_std_1,7,2,1210,core,296,318,0.0,4.0,0.9768,300,320,308,323,1.0,True,94.6573,98.7882,91.1898,2.2461,94.4463,"98.79,98.79,98.25,98.25,97.70,97.70,97.16,96.07,95.53,96.07,96.07,96.07,96.07,95.53,95.53,94.99,94.45,94.45,93.36,94.45,94.45,94.45,94.45,93.36,93.36,93.36,92.28,91.73,91.73,92.28,92.28,92.28,91.73,91.73,91.73,91.19"
Rec-G3_std_1,7,3,1211,core,301,317,11.31,5.1,0.9755,305,319,313,322,1.0,True,96.4514,103.1302,92.2753,2.5771,96.0745,"103.13,102.04,100.42,99.87,98.79,98.25,97.70,97.16,96.62,99.87,98.79,98.25,98.25,97.70,96.62,96.07,95.53,95.53,97.16,96.62,96.07,95.53,95.53,94.99,94.45,94.45,93.36,94.99,94.99,94.45,94.45,93.36,93.36,93.36,92.28,92.28"
Rec-G3_std_1,7,4,1212,core,305,317,0.0,4.0,0.9745,309,319,317,322,1.0,True,96.2554,103.6729,92.2753,2.5457,95.8031,"103.67,102.04,100.42,99.33,98.25,98.25,97.16,96.62,96.07,99.33,98.25,98.25,97.70,97.16,96.62,96.07,95.53,95.53,96.62,96.07,95.53,95.53,94.99,94.99,94.45,94.45,93.36,94.99,94.45,94.45,94.45,93.36,93.36,93.36,92.28,92.28"
Rec-G3_std_1,7,5,1213,core,320,317,0.0,15.0,0.9735,324,319,332,322,1.0,True,94.7629,100.4165,91.1898,2.142,94.989,"100.42,98.79,98.25,97.70,96.62,96.07,95.53,95.53,95.53,97.70,96.62,96.07,95.53,95.53,94.99,94.99,94.45,94.45,95.53,94.99,94.99,94.45,93.36,93.36,93.36,93.36,92.28,93.36,93.36,93.36,92.28,92.28,92.28,91.73,91.19,91.19"
Rec-G3_std_1,7,6,1214,core,325,317,0.0,5.0,0.9707,329,319,337,322,1.0,True,94.793,99.331,92.2753,1.8895,94.7176,"99.33,98.25,98.25,97.16,96.62,96.62,96.07,95.53,95.53,97.16,96.62,96.07,95.53,95.53,94.99,94.99,94.45,94.45,94.99,94.99,94.45,94.45,94.45,93.36,93.36,93.36,93.36,93.36,93.36,92.28,92.28,92.28,92.28,92.28,92.28,92.28"
Rec-G3_std_1,7,7,1215,core,329,317,0.0,4.0,0.9691,333,319,341,322,1.0,True,95.5921,100.9592,92.2753,1.9726,95.5318,"100.96,99.33,98.25,98.25,98.25,97.70,97.16,96.62,96.62,97.70,97.16,96.62,96.07,96.07,96.07,95.53,95.53,95.53,95.53,94.99,94.99,94.99,94.45,94.45,94.45,94.45,94.45,93.36,93.36,93.36,93.36,93.36,93.36,93.36,93.36,92.28"
Rec-G3_std_1,7,8,1216,core,334,317,0.0,5.0,0.9693,338,319,346,322,1.0,True,96.1348,100.9592,93.3608,1.9685,95.8031,"100.96,99.87,98.79,98.25,98.25,98.25,98.25,98.25,97.70,97.70,97.70,97.16,97.16,96.62,96.62,96.62,96.07,96.07,95.53,95.53,95.53,95.53,94.99,94.99,94.99,94.99,94.99,94.45,94.45,94.45,93.36,93.36,93.36,93.36,93.36,93.36"
Rec-G3_std_1,7,9,1217,core,339,316,11.31,5.1,0.9693,343,318,351,321,1.0,True,98.5772,105.3012,94.989,2.4914,98.2455,"105.30,103.67,102.04,101.50,101.50,100.96,100.42,100.42,99.87,101.50,100.42,99.87,99.33,99.33,98.79,98.79,98.25,98.25,98.25,98.25,98.25,97.70,97.70,97.70,97.16,96.62,96.62,96.07,96.07,96.07,95.53,95.53,95.53,95.53,94.99,94.99"
Rec-G3_std_1,7,10,1218,core,344,316,0.0,5.0,0.9712,348,318,356,321,1.0,True,98.6827,105.8439,93.3608,2.8139,98.2455,"105.84,104.22,103.13,102.04,102.04,101.50,100.96,99.87,98.79,102.04,100.96,100.42,99.87,99.87,99.33,98.79,98.25,97.70,98.79,98.25,98.25,98.25,97.70,97.70,96.62,96.07,95.53,96.62,96.62,96.07,96.07,96.07,95.53,94.99,94.45,93.36"
Rec-G3_std_1,7,11,1219,core,349,316,0.0,5.0,0.9721,353,318,361,321,1.0,True,96.4665,105.3012,87.9333,3.9608,96.3459,"105.30,103.67,102.04,101.50,99.87,98.79,97.16,95.53,93.36,102.04,100.96,99.87,98.79,98.25,97.16,95.53,94.45,91.73,98.79,98.25,97.70,96.62,95.53,94.99,93.36,91.73,89.56,96.62,96.07,95.53,94.99,94.45,93.36,91.19,90.10,87.93"
Rec-G3_std_1,7,12,1220,core,354,316,0.0,5.0,0.9716,358,318,366,321,0.5556,False,86.1242,102.0447,73.822,9.1241,86.8478,"102.04,99.87,98.25,95.53,89.56,81.42,77.62,75.99,74.36,98.79,97.16,95.53,93.36,87.93,80.88,77.08,75.45,74.36,96.07,94.99,93.36,91.19,85.76,79.79,76.54,75.45,74.36,94.45,92.28,91.19,89.56,84.68,79.79,76.54,75.45,73.82"
Rec-G3_std_1,7,13,1221,core,358,316,0.0,4.0,0.9748,362,318,370,321,0.1111,False,77.6363,93.3608,73.822,4.9488,75.7216,"93.36,84.13,79.79,77.62,75.99,75.45,74.36,74.36,73.82,90.10,82.51,78.71,77.08,75.99,74.91,74.36,73.82,73.82,87.93,80.88,77.62,75.99,75.45,74.36,73.82,73.82,73.82,85.76,80.33,77.62,75.99,75.45,74.36,73.82,73.82,73.82"
Rec-G3_std_1,7,14,1222,core,361,316,0.0,3.0,0.981,365,318,373,321,0.0,False,75.1336,79.7922,73.2792,1.4663,74.6361,"79.79,77.62,76.54,75.99,75.45,74.91,74.36,73.82,73.82,78.16,76.54,75.99,75.45,74.91,74.36,74.36,73.82,73.82,77.62,75.99,75.45,74.91,74.36,74.36,73.82,73.82,73.82,76.54,75.99,74.91,74.36,74.36,73.82,73.82,73.82,73.28"
Rec-G3_std_1,8,1,1367,core,291,317,180.0,1.0,0.9785,295,319,303,322,1.0,True,94.4764,98.2455,88.4761,2.8374,94.4463,"98.25,98.25,98.25,98.25,98.25,98.25,98.25,98.25,98.25,93.36,94.45,94.99,95.53,96.07,96.07,96.07,96.07,95.53,90.65,91.73,92.28,93.36,93.36,94.45,94.45,94.45,94.45,88.48,89.56,90.65,91.19,91.19,91.73,92.28,92.28,92.28"
Rec-G3_std_1,8,2,1368,core,295,318,-14.04,4.12,0.9779,299,320,307,323,1.0,True,94.5216,98.7882,91.1898,2.3032,93.9035,"98.79,98.79,98.25,98.25,97.70,97.70,97.16,96.62,96.07,95.53,95.53,95.53,95.53,95.53,95.53,95.53,94.99,94.45,93.36,93.36,93.36,93.36,93.36,93.36,93.36,93.36,93.36,91.19,91.73,91.73,91.73,91.73,91.73,91.73,91.73,91.73"
Rec-G3_std_1,8,3,1369,core,300,317,11.31,5.1,0.9753,304,319,312,322,1.0,True,96.7077,103.1302,92.2753,2.5182,96.3459,"103.13,102.04,100.96,99.87,99.33,98.79,98.25,97.70,97.16,99.87,98.79,98.25,98.25,97.70,97.16,96.62,96.07,95.53,97.16,96.62,96.07,96.07,95.53,95.53,94.99,94.45,94.45,94.99,94.45,94.45,94.45,94.45,93.36,93.36,93.36,92.28"
Rec-G3_std_1,8,4,1370,core,304,317,0.0,4.0,0.9754,308,319,316,322,1.0,True,96.6474,104.2157,92.2753,2.6832,96.3459,"104.22,102.04,100.96,99.87,99.33,98.25,98.25,97.16,96.62,99.87,99.33,98.25,98.25,97.70,97.16,96.07,95.53,94.99,97.70,96.62,96.62,96.07,95.53,95.53,94.45,94.45,93.36,95.53,94.99,94.45,94.45,94.45,93.36,93.36,92.28,92.28"
Rec-G3_std_1,8,5,1371,core,309,317,0.0,5.0,0.9762,313,319,321,322,1.0,True,95.9539,103.1302,91.7325,2.4941,95.5318,"103.13,101.50,99.87,98.79,98.25,97.16,96.62,96.07,95.53,99.33,98.25,98.25,97.16,96.62,96.07,95.53,95.53,94.99,96.62,96.07,95.53,95.53,94.99,94.45,94.45,93.36,93.36,94.99,94.45,94.45,94.45,93.36,93.36,92.28,92.28,91.73"
Rec-G3_std_1,8,6,1372,core,314,317,0.0,5.0,0.9764,318,319,326,322,1.0,True,95.3961,101.502,91.7325,2.2465,95.5318,"101.50,99.87,98.79,98.25,97.70,96.62,96.62,96.07,95.53,98.25,98.25,97.16,96.07,95.53,95.53,95.53,94.99,94.45,95.53,95.53,95.53,94.99,94.45,94.45,93.36,93.36,93.36,94.45,94.45,93.36,93.36,93.36,92.28,92.28,91.73,91.73"
Rec-G3_std_1,8,7,1373,core,319,317,0.0,5.0,0.9739,323,319,331,322,1.0,True,95.0493,100.4165,91.7325,2.0499,94.989,"100.42,98.79,98.25,97.70,97.16,96.62,96.07,95.53,95.53,97.70,97.16,96.62,96.07,95.53,95.53,94.99,94.45,94.45,95.53,95.53,94.99,94.45,94.45,93.36,93.36,93.36,93.36,94.45,93.36,93.36,93.36,92.28,92.28,92.28,91.73,91.73"
Rec-G3_std_1,8,8,1374,core,324,317,0.0,5.0,0.9709,328,319,336,322,1.0,True,95.0795,99.8737,92.2753,1.9168,94.989,"99.87,98.25,98.25,97.70,97.16,96.62,96.62,96.07,95.53,97.16,96.62,96.62,96.07,95.53,95.53,95.53,94.99,94.99,95.53,94.99,94.99,94.45,94.45,94.45,93.36,93.36,93.36,93.36,93.36,93.36,93.36,92.28,92.28,92.28,92.28,92.28"
Rec-G3_std_1,8,9,1375,core,328,317,0.0,4.0,0.9704,332,319,340,322,1.0,True,95.6373,100.9592,92.2753,2.0057,95.5318,"100.96,99.33,98.79,98.25,97.70,97.70,97.16,97.16,96.62,97.70,97.16,96.62,96.62,96.07,96.07,95.53,95.53,95.53,95.53,95.53,94.99,94.99,94.45,94.45,94.45,94.45,94.45,94.45,93.36,93.36,93.36,93.36,93.36,93.36,92.28,92.28"
Rec-G3_std_1,8,10,1376,core,333,317,0.0,5.0,0.9706,337,319,345,322,1.0,True,96.3007,100.9592,93.3608,1.9501,95.8031,"100.96,99.87,99.33,98.79,98.25,98.25,98.25,98.25,98.25,98.25,97.70,97.16,97.16,96.62,96.62,96.62,96.62,96.07,95.53,95.53,95.53,95.53,95.53,95.53,94.99,94.99,94.99,94.45,94.45,94.45,94.45,94.45,93.36,93.36,93.36,93.36"
Rec-G3_std_1,8,11,1377,core,338,317,0.0,5.0,0.9698,342,319,350,322,1.0,True,97.0243,101.502,94.4463,2.0443,96.6172,"101.50,100.96,100.42,99.87,99.33,99.33,99.33,98.79,98.79,98.25,98.25,98.25,98.25,97.70,97.70,97.70,97.16,97.16,96.07,96.07,96.07,96.07,96.07,95.53,95.53,95.53,95.53,94.99,94.99,94.99,94.45,94.45,94.45,94.45,94.45,94.45"
Rec-G3_std_1,8,12,1378,core,343,316,11.31,5.1,0.9715,347,318,355,321,1.0,True,99.1953,106.3867,94.4463,2.7389,98.7882,"106.39,104.22,103.13,103.13,102.04,102.04,101.50,100.96,99.87,102.04,101.50,100.96,100.42,100.42,99.87,99.33,98.79,98.25,98.79,98.79,98.79,98.25,98.25,98.25,97.70,97.16,96.07,97.16,96.62,96.62,96.62,96.07,95.53,95.53,95.53,94.45"
Rec-G3_std_1,8,13,1379,core,348,316,0.0,5.0,0.972,352,318,360,321,1.0,True,97.4464,105.8439,89.5616,3.7043,97.16,"105.84,104.22,103.13,102.04,101.50,99.87,98.25,97.16,95.53,102.04,101.50,100.96,99.87,98.79,98.25,96.62,95.53,93.36,99.33,98.79,98.25,97.70,96.62,95.53,94.45,93.36,91.73,97.16,96.62,96.07,95.53,94.99,94.45,92.28,91.19,89.56"
Rec-G3_std_1,8,14,1380,core,357,316,0.0,9.0,0.9748,361,318,369,321,0.2222,False,79.5811,99.331,73.822,7.0537,76.2643,"99.33,92.28,83.05,78.71,77.08,75.45,74.91,74.36,73.82,95.53,89.56,81.96,78.16,76.54,75.45,74.91,73.82,73.82,92.28,87.39,80.88,77.62,75.99,74.91,74.36,73.82,73.82,90.10,85.76,79.79,77.08,75.99,74.91,73.82,73.82,73.82"
Rec-G3_std_1,8,15,1381,core,361,316,0.0,4.0,0.9791,365,318,373,321,0.0,False,75.0582,79.7922,73.2792,1.4165,74.9074,"79.79,77.62,75.99,75.99,74.91,74.91,74.36,73.82,73.82,77.62,76.54,75.99,75.45,74.91,74.36,73.82,73.82,73.82,77.08,75.99,75.45,74.91,74.36,73.82,73.82,73.82,73.82,76.54,75.99,74.91,74.91,74.36,73.82,73.82,73.82,73.28"
Rec-G3_std_1,9,1,1522,core,292,318,-45.0,1.41,0.9802,296,320,304,323,1.0,True,93.7377,97.16,89.5616,2.2806,93.3608,"96.07,96.62,96.62,97.16,97.16,97.16,96.62,96.62,96.62,93.36,94.45,94.45,94.99,94.99,94.99,94.99,94.99,94.99,91.19,91.73,92.28,92.28,93.36,93.36,93.36,93.36,93.36,89.56,90.10,90.65,91.19,91.19,91.19,91.19,91.19,91.19"
Rec-G3_std_1,9,2,1523,core,296,318,0.0,4.0,0.975,300,320,308,323,1.0,True,95.1096,99.8737,91.7325,2.3066,94.7176,"99.87,99.33,98.79,98.25,98.25,98.25,97.70,96.62,96.07,96.62,96.62,96.62,96.62,96.07,95.53,95.53,95.53,94.99,94.45,94.45,94.45,94.45,94.45,94.45,93.36,93.36,93.36,92.28,92.28,92.28,92.28,92.28,92.28,92.28,92.28,91.73"
Rec-G3_std_1,9,3,1524,core,301,317,11.31,5.1,0.9757,305,319,313,322,1.0,True,96.964,105.3012,92.2753,2.7531,96.6172,"105.30,103.13,101.50,100.42,99.33,98.25,98.25,97.70,97.16,100.42,99.33,98.25,98.25,97.70,97.16,96.62,96.07,95.53,97.70,97.16,96.62,96.07,95.53,95.53,94.99,94.45,94.45,95.53,94.99,94.99,94.45,94.45,94.45,93.36,93.36,92.28"
Rec-G3_std_1,9,4,1525,core,306,317,0.0,5.0,0.977,310,319,318,322,1.0,True,96.1047,103.1302,91.7325,2.5583,95.5318,"103.13,101.50,100.42,98.79,98.25,97.70,97.16,96.07,95.53,99.33,98.79,98.25,97.70,97.16,96.07,95.53,94.99,94.99,97.16,96.62,96.07,95.53,94.99,94.45,94.45,93.36,93.36,95.53,94.99,94.45,94.45,93.36,93.36,92.28,92.28,91.73"
Rec-G3_std_1,9,5,1526,core,311,317,0.0,5.0,0.9759,315,319,323,322,1.0,True,95.3056,102.0447,91.7325,2.2245,94.989,"102.04,99.87,98.25,97.70,97.16,96.62,96.07,95.53,95.53,98.25,97.70,96.62,96.62,96.07,95.53,94.99,94.99,94.45,96.07,95.53,94.99,94.99,94.45,94.45,93.36,93.36,92.28,94.45,94.45,93.36,93.36,93.36,92.28,92.28,92.28,91.73"
Rec-G3_std_1,9,6,1527,core,316,317,0.0,5.0,0.9735,320,319,328,322,1.0,True,95.2604,100.4165,92.2753,1.9422,95.2604,"100.42,98.79,98.25,97.70,97.16,96.62,96.62,96.07,95.53,97.70,97.16,96.62,96.07,96.07,95.53,95.53,95.53,94.99,95.53,94.99,94.99,94.45,94.45,94.45,94.45,93.36,93.36,94.45,93.36,93.36,93.36,93.36,92.28,92.28,92.28,92.28"
Rec-G3_std_1,9,7,1528,core,320,317,0.0,4.0,0.9722,324,319,332,322,1.0,True,95.969,102.0447,92.2753,2.1169,95.5318,"102.04,99.87,98.79,98.25,98.25,97.70,97.70,97.16,97.16,98.25,97.70,97.16,97.16,96.62,96.62,96.07,95.53,95.53,95.53,95.53,95.53,95.53,94.99,94.99,94.99,94.45,94.45,94.45,94.45,94.45,93.36,93.36,93.36,93.36,92.28,92.28"
Rec-G3_std_1,9,8,1529,core,320,317,0.0,0.0,0.9722,324,319,332,322,1.0,True,95.969,102.0447,92.2753,2.1169,95.5318,"102.04,99.87,98.79,98.25,98.25,97.70,97.70,97.16,97.16,98.25,97.70,97.16,97.16,96.62,96.62,96.07,95.53,95.53,95.53,95.53,95.53,95.53,94.99,94.99,94.99,94.45,94.45,94.45,94.45,94.45,93.36,93.36,93.36,93.36,92.28,92.28"
Rec-G3_std_1,9,9,1530,core,325,317,0.0,5.0,0.973,329,319,337,322,1.0,True,96.3007,101.502,93.3608,2.0642,96.0745,"101.50,100.42,99.33,98.79,98.25,98.25,98.25,97.70,97.70,98.25,98.25,97.70,97.16,97.16,96.62,96.62,96.07,96.07,96.07,96.07,95.53,95.53,95.53,94.99,94.99,94.99,94.45,94.45,94.45,94.45,94.45,93.36,93.36,93.36,93.36,93.36"
Rec-G3_std_1,9,10,1531,core,335,317,0.0,10.0,0.9705,339,319,347,322,1.0,True,97.4766,102.0447,94.4463,2.0996,97.4314,"102.04,101.50,100.96,100.42,100.42,99.87,99.33,99.33,98.79,98.79,98.79,98.25,98.25,98.25,98.25,98.25,97.70,97.70,97.16,97.16,96.62,96.62,96.62,96.07,96.07,95.53,95.53,95.53,95.53,95.53,94.99,94.99,94.99,94.45,94.45,94.45"
Rec-G3_std_1,9,11,1532,core,340,316,11.31,5.1,0.9691,344,318,352,321,1.0,True,99.8586,106.3867,95.5318,2.5855,99.6023,"106.39,105.30,103.67,103.13,102.04,102.04,101.50,101.50,100.96,103.13,102.04,101.50,101.50,100.96,100.42,99.87,99.87,99.33,99.87,99.33,99.33,98.79,98.79,98.25,98.25,98.25,97.70,97.70,97.70,97.16,97.16,97.16,96.62,96.07,96.07,95.53"
Rec-G3_std_1,9,12,1533,core,345,316,0.0,5.0,0.97,349,318,357,321,1.0,True,99.2104,106.3867,93.3608,2.9813,98.7882,"106.39,105.30,103.67,103.13,102.04,102.04,100.96,99.87,98.79,103.13,102.04,101.50,100.96,100.42,99.87,98.79,98.25,97.70,99.87,99.33,99.33,98.79,98.25,98.25,97.16,96.07,95.53,97.70,97.70,97.16,96.62,96.07,95.53,95.53,94.45,93.36"
Rec-G3_std_1,9,13,1534,core,349,316,0.0,4.0,0.9723,353,318,361,321,1.0,True,97.3108,108.0149,88.4761,4.3167,97.4314,"108.01,105.30,103.67,102.04,100.96,99.33,98.25,96.07,93.36,103.13,102.04,101.50,99.87,98.79,97.70,96.07,94.45,92.28,99.87,99.33,98.25,97.70,96.62,95.53,94.45,92.28,90.10,97.70,97.16,96.62,95.53,94.45,93.36,92.28,90.65,88.48"
Rec-G3_std_1,9,14,1535,core,354,316,0.0,5.0,0.9748,358,318,366,321,0.5556,False,86.3956,103.6729,73.822,9.4011,87.1192,"103.67,101.50,98.25,95.53,89.56,81.42,77.62,75.99,74.36,99.87,98.25,96.07,93.36,87.93,80.88,77.62,75.45,74.36,96.62,95.53,93.36,91.19,86.31,80.33,77.08,75.45,74.36,94.45,93.36,91.19,89.56,84.68,79.79,76.54,74.91,73.82"
Rec-G3_std_1,9,15,1536,core,359,316,0.0,5.0,0.9756,363,318,371,321,0.0,False,75.9477,85.2196,73.2792,2.8644,74.9074,"85.22,79.79,77.62,75.99,75.45,74.91,74.36,73.82,73.82,83.05,78.71,77.08,75.99,74.91,74.36,73.82,73.82,73.82,81.42,77.62,75.99,75.45,74.36,73.82,73.82,73.82,73.28,80.33,77.62,75.99,74.91,74.36,73.82,73.82,73.82,73.28"
Rec-G3_std_1,9,16,1537,core,361,316,0.0,2.0,0.9828,365,318,373,321,0.0,False,74.9225,79.7922,73.2792,1.4725,74.3647,"79.79,77.62,75.99,75.99,74.91,74.91,74.36,73.82,73.82,77.62,76.54,75.99,74.91,74.36,74.36,73.82,73.82,73.28,77.08,75.99,75.45,74.36,74.36,73.82,73.82,73.82,73.28,76.54,75.45,74.91,74.36,73.82,73.82,73.82,73.28,73.28"
Rec-G3_std_1,10,1,1667,core,291,318,-90.0,1.0,0.9779,295,320,303,323,1.0,True,93.2552,97.16,87.9333,2.4701,93.3608,"95.53,95.53,96.07,96.62,97.16,97.16,97.16,96.62,96.07,91.73,93.36,93.36,94.45,94.45,94.99,94.99,94.99,94.99,89.56,91.19,91.73,92.28,92.28,92.28,92.28,93.36,93.36,87.93,89.56,89.56,90.65,91.19,91.19,91.19,91.19,91.19"
Rec-G3_std_1,10,2,1668,core,294,318,0.0,3.0,0.9793,298,320,306,323,1.0,True,94.6121,98.7882,91.1898,2.2481,94.4463,"98.79,98.25,98.25,98.25,98.25,97.70,97.16,96.62,96.07,95.53,95.53,95.53,95.53,95.53,95.53,95.53,94.99,94.45,93.36,93.36,93.36,94.45,94.45,93.36,93.36,93.36,93.36,91.19,91.73,91.73,91.73,92.28,92.28,91.73,91.73,91.73"
Rec-G3_std_1,10,3,1669,core,299,317,11.31,5.1,0.9767,303,319,311,322,1.0,True,96.6474,103.6729,92.2753,2.5519,96.0745,"103.67,102.04,100.96,99.87,98.79,98.25,97.70,97.16,96.07,99.87,99.33,98.25,98.25,97.70,97.16,96.07,95.53,95.53,97.16,97.16,96.62,96.07,95.53,95.53,94.99,94.45,93.36,94.99,94.99,94.99,94.45,94.45,93.36,93.36,93.36,92.28"
Rec-G3_std_1,10,4,1670,core,304,317,0.0,5.0,0.9758,308,319,316,322,1.0,True,95.9388,103.1302,92.2753,2.4453,95.5318,"103.13,100.96,99.33,98.25,98.25,97.16,96.62,96.07,95.53,99.33,98.25,98.25,97.16,96.62,96.07,95.53,94.99,94.45,97.16,96.62,96.07,95.53,94.99,94.45,94.45,93.36,92.28,95.53,94.99,94.45,94.45,93.36,93.36,92.28,92.28,92.28"
Rec-G3_std_1,10,5,1671,core,308,317,0.0,4.0,0.9752,312,319,320,322,1.0,True,95.5468,103.1302,91.7325,2.4723,95.5318,"103.13,100.96,99.33,98.25,97.70,96.62,96.07,95.53,95.53,98.79,98.25,97.16,96.62,96.07,95.53,95.53,94.99,94.45,96.07,95.53,95.53,94.99,94.45,94.45,93.36,93.36,92.28,94.99,94.45,94.45,93.36,93.36,92.28,92.28,92.28,91.73"
Rec-G3_std_1,10,6,1672,core,313,317,0.0,5.0,0.976,317,319,325,322,1.0,True,95.1699,101.502,91.7325,2.0707,95.2604,"101.50,99.33,98.25,97.16,96.62,96.07,96.07,95.53,95.53,98.25,97.16,96.62,96.07,95.53,95.53,95.53,94.99,94.45,95.53,95.53,94.99,94.45,94.45,94.45,93.36,93.36,93.36,94.45,93.36,93.36,93.36,93.36,92.28,92.28,92.28,91.73"
Rec-G3_std_1,10,7,1673,core,318,317,0.0,5.0,0.976,322,319,330,322,1.0,True,95.3659,100.4165,92.2753,1.8706,95.5318,"100.42,98.79,98.25,97.70,97.16,97.16,96.62,96.07,96.07,97.16,97.16,96.62,96.07,95.53,95.53,95.53,95.53,95.53,95.53,95.53,94.99,94.99,94.45,94.45,94.45,94.45,94.45,93.36,93.36,93.36,93.36,93.36,93.36,92.28,92.28,92.28"
Rec-G3_std_1,10,8,1674,core,323,317,0.0,5.0,0.9747,327,319,335,322,1.0,True,96.0293,100.4165,93.3608,1.8154,95.5318,"100.42,99.33,98.79,98.25,98.25,97.70,97.16,97.16,97.16,98.25,97.70,97.16,97.16,96.62,96.62,96.07,96.07,95.53,95.53,95.53,95.53,95.53,95.53,95.53,94.99,94.45,94.45,94.45,94.45,94.45,94.45,93.36,93.36,93.36,93.36,93.36"
Rec-G3_std_1,10,9,1675,core,328,317,0.0,5.0,0.9717,332,319,340,322,1.0,True,96.4514,100.9592,93.3608,1.8662,96.0745,"100.96,99.87,99.33,98.79,98.25,98.25,98.25,97.70,97.70,98.25,98.25,97.70,97.70,97.16,97.16,96.62,96.07,96.07,96.62,96.07,95.53,95.53,95.53,95.53,95.53,94.99,94.99,94.45,94.45,94.45,94.45,94.45,94.45,94.45,93.36,93.36"
Rec-G3_std_1,10,10,1676,core,332,317,0.0,4.0,0.9706,336,319,344,322,1.0,True,97.16,102.0447,94.4463,1.9942,97.16,"102.04,101.50,100.42,99.87,99.33,98.79,98.79,98.25,98.25,98.79,98.79,98.25,98.25,97.70,97.70,97.16,97.16,97.16,97.16,97.16,96.62,96.62,96.07,95.53,95.53,95.53,95.53,95.53,95.53,95.53,94.99,94.45,94.45,94.45,94.45,94.45"
Rec-G3_std_1,10,11,1677,core,337,317,0.0,5.0,0.9709,341,319,349,322,1.0,True,97.6575,102.0447,94.4463,2.0202,97.7027,"102.04,101.50,100.96,100.42,100.42,99.87,99.33,99.33,98.79,99.33,99.33,98.79,98.25,98.25,98.25,98.25,97.70,97.70,97.70,97.16,97.16,97.16,96.62,96.62,96.07,96.07,95.53,95.53,95.53,95.53,95.53,95.53,94.99,94.99,94.99,94.45"
Rec-G3_std_1,10,12,1678,core,342,316,11.31,5.1,0.9715,346,318,354,321,1.0,True,99.6777,107.4722,95.5318,2.7352,99.331,"107.47,105.30,103.67,103.13,102.04,102.04,101.50,100.96,100.42,103.13,102.04,101.50,100.96,100.42,99.87,99.33,99.33,98.79,99.87,99.33,99.33,98.79,98.25,98.25,98.25,97.70,96.62,97.70,97.70,97.70,97.16,96.62,96.07,96.07,95.53,95.53"
Rec-G3_std_1,10,13,1679,core,347,316,0.0,5.0,0.9733,351,318,359,321,1.0,True,98.2455,106.9294,91.1898,3.4941,97.9741,"106.93,105.30,103.13,102.04,101.50,100.42,99.33,98.25,96.62,103.13,102.04,101.50,100.42,99.33,98.25,97.70,96.07,94.99,99.87,99.33,98.79,98.25,97.70,96.62,95.53,94.45,93.36,97.70,97.70,97.16,96.07,95.53,94.99,93.36,92.28,91.19"
Rec-G3_std_1,10,14,1680,core,352,316,0.0,5.0,0.9738,356,318,364,321,0.7778,False,90.9184,104.2157,75.9929,8.1497,92.818,"104.22,102.04,100.42,98.25,96.62,94.45,88.48,80.88,76.54,100.96,99.33,98.25,96.62,94.99,92.28,87.39,79.79,76.54,98.25,97.16,95.53,94.45,92.28,90.65,85.76,79.79,75.99,95.53,94.99,93.36,92.28,91.19,89.02,84.13,78.71,75.99"
Rec-G3_std_1,10,15,1681,core,356,316,0.0,4.0,0.9734,360,318,368,321,0.3333,False,81.8727,102.0447,73.822,8.5706,77.6212,"102.04,98.25,91.19,83.05,78.16,75.99,75.45,74.36,73.82,97.70,94.99,89.56,81.96,77.62,75.99,74.91,74.36,73.82,94.45,92.28,87.39,80.88,77.62,75.99,74.91,73.82,73.82,92.28,90.10,85.76,79.79,77.08,75.45,74.91,73.82,73.82"
Rec-G3_std_1,10,16,1682,core,361,316,0.0,5.0,0.977,365,318,373,321,0.0,False,74.9074,79.7922,73.2792,1.453,74.3647,"79.79,77.62,75.99,75.45,74.91,74.36,73.82,73.82,73.82,77.62,75.99,75.99,74.91,74.36,74.36,73.82,73.82,73.28,77.08,75.99,75.45,74.91,74.36,73.82,73.82,73.82,73.28,76.54,75.99,74.91,74.36,73.82,73.82,73.82,73.82,73.28"
Rec-G3_std_1,11,1,1820,core,291,317,180.0,1.0,0.9778,295,319,303,322,1.0,True,95.0192,99.8737,89.5616,2.7525,94.7176,"99.87,99.33,98.79,98.79,98.79,98.79,98.25,98.25,97.70,94.99,95.53,95.53,96.07,96.62,96.62,96.62,96.07,95.53,91.73,92.28,93.36,94.45,94.45,94.45,94.45,94.45,94.45,89.56,90.65,91.19,91.73,92.28,92.28,92.28,92.28,92.28"
Rec-G3_std_1,11,2,1821,core,294,318,-18.43,3.16,0.9781,298,320,306,323,1.0,True,94.1749,98.2455,91.1898,2.2028,93.9035,"98.25,98.25,98.25,97.70,97.16,96.62,96.07,95.53,95.53,95.53,95.53,95.53,95.53,95.53,94.99,94.45,94.45,94.45,93.36,93.36,93.36,93.36,93.36,93.36,93.36,92.28,92.28,91.19,91.19,91.73,91.73,91.73,91.73,91.19,91.19,91.19"
Rec-G3_std_1,11,3,1822,core,298,317,14.04,4.12,0.9756,302,319,310,322,1.0,True,96.3308,105.3012,92.2753,2.8012,95.8031,"105.30,102.04,100.96,99.33,98.79,98.25,97.16,96.62,96.07,99.87,98.79,98.25,97.70,97.16,96.62,95.53,95.53,94.99,96.62,96.62,96.07,95.53,95.53,94.99,94.45,94.45,93.36,94.45,94.45,94.45,94.45,93.36,93.36,92.28,92.28,92.28"
Rec-G3_std_1,11,4,1823,core,303,317,0.0,5.0,0.977,307,319,315,322,1.0,True,95.8031,103.1302,91.7325,2.469,95.5318,"103.13,100.96,99.87,98.79,98.25,97.16,96.62,95.53,95.53,98.79,98.25,97.70,97.16,96.07,96.07,95.53,94.99,94.45,96.62,96.07,95.53,95.53,94.99,94.45,94.45,93.36,93.36,94.45,94.45,94.45,93.36,93.36,93.36,92.28,92.28,91.73"
Rec-G3_std_1,11,5,1824,core,308,317,0.0,5.0,0.9772,312,319,320,322,1.0,True,94.9287,101.502,91.1898,2.2805,94.4463,"101.50,99.33,98.25,97.70,96.62,96.07,95.53,94.99,94.45,98.25,97.70,96.62,96.07,95.53,94.99,94.45,94.45,94.45,96.07,95.53,94.99,94.45,94.45,93.36,93.36,92.28,92.28,94.45,93.36,93.36,93.36,92.28,92.28,91.73,91.73,91.19"
Rec-G3_std_1,11,6,1825,core,313,317,0.0,5.0,0.9755,317,319,325,322,1.0,True,94.7629,99.8737,91.7325,1.8018,94.7176,"99.87,98.25,97.70,96.62,96.07,95.53,95.53,95.53,95.53,97.16,96.62,96.07,95.53,95.53,94.99,94.99,94.45,94.45,94.99,94.99,94.45,94.45,94.45,93.36,93.36,93.36,93.36,93.36,93.36,93.36,93.36,92.28,92.28,92.28,92.28,91.73"
Rec-G3_std_1,11,7,1826,core,317,317,0.0,4.0,0.9731,321,319,329,322,1.0,True,95.5468,100.9592,92.2753,1.8779,95.5318,"100.96,99.33,98.25,97.70,97.70,97.16,96.62,96.07,96.07,97.70,97.16,96.62,96.07,96.07,95.53,95.53,95.53,95.53,95.53,95.53,94.99,94.99,94.99,94.45,94.45,94.45,94.45,94.45,94.45,93.36,93.36,93.36,93.36,93.36,92.28,92.28"
Rec-G3_std_1,11,8,1827,core,322,317,0.0,5.0,0.9733,326,319,334,322,1.0,True,96.18,101.502,93.3608,1.8486,95.8031,"101.50,99.87,98.79,98.25,98.25,97.70,97.70,97.16,97.16,98.25,97.70,97.16,97.16,96.62,96.62,96.07,96.07,96.07,95.53,95.53,95.53,95.53,95.53,95.53,94.99,94.99,94.45,94.45,94.45,94.45,94.45,94.45,94.45,93.36,93.36,93.36"
Rec-G3_std_1,11,9,1828,core,327,317,0.0,5.0,0.9736,331,319,339,322,1.0,True,96.8886,101.502,94.4463,1.856,96.8886,"101.50,100.42,99.33,99.33,98.79,98.79,98.79,98.25,98.25,98.25,98.25,98.25,97.70,97.70,97.70,97.70,97.16,97.16,96.62,96.07,96.07,96.07,95.53,95.53,95.53,95.53,95.53,94.99,94.99,94.99,94.99,94.45,94.45,94.45,94.45,94.45"
Rec-G3_std_1,11,10,1829,core,332,317,0.0,5.0,0.9721,336,319,344,322,1.0,True,97.8686,102.0447,94.989,1.9769,97.9741,"102.04,101.50,100.96,100.42,100.42,99.87,99.87,99.87,99.87,99.33,99.33,98.79,98.25,98.25,98.25,98.25,98.25,98.25,97.70,97.70,97.16,97.16,97.16,96.62,96.62,96.62,96.62,95.53,95.53,95.53,95.53,95.53,95.53,94.99,94.99,94.99"
Rec-G3_std_1,11,11,1830,core,337,317,0.0,5.0,0.9705,341,319,349,322,1.0,True,98.4867,103.1302,94.989,2.2284,98.2455,"103.13,102.04,102.04,102.04,101.50,100.96,100.42,100.42,99.87,100.42,100.42,99.87,99.87,99.33,98.79,98.79,98.25,98.25,98.25,98.25,98.25,97.70,97.70,97.16,97.16,96.62,96.62,96.07,96.07,96.07,96.07,95.53,95.53,95.53,95.53,94.99"
Rec-G3_std_1,11,12,1831,core,342,316,11.31,5.1,0.9699,346,318,354,321,1.0,True,100.0848,106.9294,95.5318,2.7146,99.8737,"106.93,105.30,104.22,103.13,103.13,102.04,102.04,101.50,100.96,103.13,103.13,102.04,101.50,100.96,100.42,99.87,99.87,98.79,100.96,100.42,99.87,99.33,98.79,98.25,98.25,97.70,97.16,98.25,98.25,98.25,97.70,97.16,96.62,96.07,95.53,95.53"
Rec-G3_std_1,11,13,1832,core,346,316,0.0,4.0,0.9716,350,318,358,321,1.0,True,99.6024,109.1004,92.2753,3.5876,99.0596,"109.10,106.93,105.30,103.67,103.13,102.04,100.96,99.87,98.25,104.22,103.13,102.04,102.04,100.96,99.87,98.79,98.25,96.62,100.96,100.42,99.87,99.33,98.79,98.25,97.16,95.53,94.99,98.25,98.25,97.70,97.16,96.62,95.53,94.99,94.45,92.28"
Rec-G3_std_1,11,14,1833,core,351,316,0.0,5.0,0.9744,355,318,363,321,0.8889,False,94.1598,106.9294,78.7067,7.0388,95.5318,"106.93,105.30,103.13,100.96,99.33,97.70,94.99,89.02,80.88,102.04,100.96,99.87,98.25,97.16,95.53,93.36,87.93,80.33,99.33,98.25,97.16,96.07,94.99,93.36,91.19,85.76,79.79,97.16,96.07,95.53,94.45,93.36,91.19,89.56,84.13,78.71"
Rec-G3_std_1,11,15,1834,core,356,316,0.0,5.0,0.9763,360,318,368,321,0.3333,False,81.8124,102.0447,73.822,8.6628,77.3498,"102.04,97.70,91.19,83.05,78.16,75.99,74.91,74.36,73.82,98.25,94.99,89.56,81.42,77.62,75.99,74.91,73.82,73.82,94.99,92.28,87.39,80.88,77.08,75.99,74.91,73.82,73.82,92.28,90.65,85.76,79.79,76.54,75.45,74.36,73.82,73.82"
Rec-G3_std_1,11,16,1835,core,360,316,0.0,4.0,0.9777,364,318,372,321,0.0,False,75.4201,82.5059,73.2792,2.0426,74.9074,"82.51,78.71,77.08,75.99,75.45,74.91,74.36,73.82,73.82,79.79,77.62,75.99,75.45,74.91,74.36,73.82,73.82,73.82,78.71,77.08,75.99,74.91,74.36,73.82,73.82,73.82,73.28,77.62,75.99,75.45,74.91,74.36,73.82,73.82,73.82,73.28"
Rec-G3_std_1,12,1,1969,core,291,317,180.0,1.0,0.9791,295,319,303,322,1.0,True,94.778,99.331,89.5616,2.5785,94.4463,"99.33,98.25,98.25,98.25,98.25,98.25,98.25,97.70,97.16,94.45,95.53,95.53,96.07,96.62,96.07,96.07,95.53,95.53,91.19,92.28,93.36,94.45,94.45,94.45,94.45,94.45,93.36,89.56,90.65,91.19,91.73,92.28,92.28,92.28,92.28,92.28"
Rec-G3_std_1,12,2,1970,core,293,318,-26.57,2.24,0.9802,297,320,305,323,1.0,True,93.8281,97.7027,90.6471,2.1903,93.3608,"97.70,97.70,97.70,97.16,97.16,96.62,96.07,95.53,95.53,94.45,94.99,94.99,94.99,94.99,94.99,94.45,94.45,93.36,92.28,92.28,93.36,93.36,93.36,93.36,92.28,92.28,92.28,90.65,91.19,91.19,91.19,91.19,91.19,91.19,91.19,91.19"
Rec-G3_std_1,12,3,1971,core,298,317,11.31,5.1,0.9766,302,319,310,322,1.0,True,95.9087,103.1302,92.2753,2.4534,95.5318,"103.13,100.96,99.87,98.79,98.25,97.70,97.16,96.62,96.07,98.79,98.25,97.70,97.16,96.62,95.53,95.53,95.53,94.99,96.07,96.07,95.53,95.53,94.99,94.45,94.45,93.36,93.36,94.45,94.45,94.45,93.36,93.36,93.36,92.28,92.28,92.28"
Rec-G3_std_1,12,4,1972,core,303,317,0.0,5.0,0.975,307,319,315,322,1.0,True,95.5619,102.0447,91.7325,2.2081,95.5318,"102.04,99.87,98.79,98.25,97.70,97.16,96.62,96.07,95.53,98.25,97.70,97.16,96.62,96.07,96.07,95.53,94.99,94.99,96.07,95.53,95.53,94.99,94.45,94.45,93.36,93.36,93.36,94.45,94.45,94.45,93.36,93.36,93.36,92.28,92.28,91.73"
Rec-G3_std_1,12,5,1973,core,307,317,0.0,4.0,0.977,311,319,319,322,1.0,True,95.7881,102.0447,92.2753,2.3256,95.5318,"102.04,100.96,99.33,98.25,98.25,97.70,96.62,96.07,95.53,98.79,98.25,97.70,97.16,96.62,96.07,95.53,94.99,94.99,96.07,96.07,95.53,94.99,94.99,94.45,94.45,93.36,93.36,94.45,94.45,94.45,93.36,93.36,93.36,92.28,92.28,92.28"
Rec-G3_std_1,12,6,1974,core,312,317,0.0,5.0,0.9771,316,319,324,322,1.0,True,95.6373,102.0447,92.2753,2.1552,95.5318,"102.04,99.87,98.79,98.25,97.70,97.16,96.62,96.62,96.07,98.25,97.70,97.16,96.62,96.07,95.53,95.53,95.53,94.99,95.53,95.53,95.53,94.99,94.99,94.45,94.45,94.45,93.36,94.45,94.45,93.36,93.36,93.36,93.36,92.28,92.28,92.28"
Rec-G3_std_1,12,7,1975,core,317,317,0.0,5.0,0.9763,321,319,329,322,1.0,True,95.8936,100.9592,93.3608,1.8582,95.5318,"100.96,99.33,98.79,98.25,97.70,97.70,97.16,97.16,96.62,98.25,97.16,97.16,96.62,96.62,96.07,96.07,95.53,95.53,95.53,95.53,95.53,95.53,95.53,94.99,94.45,94.45,94.45,94.45,94.45,94.45,93.36,93.36,93.36,93.36,93.36,93.36"
Rec-G3_std_1,12,8,1976,core,322,317,0.0,5.0,0.9745,326,319,334,322,1.0,True,96.6926,101.502,94.4463,1.8144,96.3459,"101.50,99.87,99.33,98.79,98.79,98.25,98.25,98.25,98.25,98.25,98.25,97.70,97.70,97.70,97.16,97.16,96.62,96.62,96.07,96.07,96.07,96.07,95.53,95.53,95.53,95.53,95.53,94.99,94.45,94.45,94.45,94.45,94.45,94.45,94.45,94.45"
Rec-G3_std_1,12,9,1977,core,326,317,0.0,4.0,0.9724,330,319,338,322,1.0,True,97.6274,103.1302,94.4463,2.087,97.4314,"103.13,102.04,100.96,100.42,99.87,99.33,99.33,98.79,98.25,99.87,99.33,98.79,98.25,98.25,98.25,97.70,97.70,97.16,97.70,97.16,97.16,97.16,96.62,96.62,96.07,96.07,95.53,95.53,95.53,95.53,95.53,95.53,94.99,94.99,94.99,94.45"
Rec-G3_std_1,12,10,1978,core,331,317,0.0,5.0,0.9727,335,319,343,322,1.0,True,97.959,103.1302,94.989,2.0367,98.2455,"103.13,102.04,101.50,100.42,99.87,99.87,99.33,99.33,99.33,99.87,99.33,99.33,98.79,98.25,98.25,98.25,98.25,98.25,98.25,97.70,97.70,97.16,96.62,96.62,96.62,96.62,96.07,96.07,96.07,95.53,95.53,95.53,95.53,95.53,94.99,94.99"
Rec-G3_std_1,12,11,1979,core,336,317,0.0,5.0,0.9725,340,319,348,322,1.0,True,98.4566,103.1302,95.5318,2.1263,98.2455,"103.13,102.04,102.04,101.50,100.96,100.96,100.42,100.42,99.87,100.42,99.87,99.87,99.33,99.33,98.79,98.79,98.25,98.25,98.25,98.25,97.70,97.70,97.70,97.70,97.16,96.62,96.62,96.62,96.07,96.07,96.07,95.53,95.53,95.53,95.53,95.53"
Rec-G3_std_1,12,12,1980,core,341,316,11.31,5.1,0.9724,345,318,353,321,1.0,True,100.326,107.4722,95.5318,2.6233,100.1451,"107.47,105.30,104.22,103.13,103.13,102.04,102.04,101.50,100.96,103.13,103.13,102.04,102.04,101.50,100.96,100.42,99.87,99.33,100.96,100.42,99.87,99.87,99.33,98.79,98.25,98.25,97.70,98.25,98.25,98.25,98.25,97.70,97.16,96.62,96.07,95.53"
Rec-G3_std_1,12,13,1981,core,346,316,0.0,5.0,0.9731,350,318,358,321,1.0,True,99.1048,107.4722,92.2753,3.2899,98.5169,"107.47,105.30,104.22,103.13,102.04,101.50,100.42,99.33,98.25,103.13,102.04,102.04,101.50,100.42,99.33,98.25,97.70,96.07,100.42,99.87,99.87,98.79,98.25,97.70,96.62,95.53,94.45,98.25,98.25,97.70,97.16,96.62,95.53,94.99,93.36,92.28"
Rec-G3_std_1,12,14,1982,core,351,316,0.0,5.0,0.9727,355,318,363,321,0.8889,False,93.5266,105.3012,78.7067,6.8995,94.989,"105.30,103.13,102.04,99.87,98.25,96.62,94.45,87.93,80.33,102.04,100.42,99.33,98.25,96.62,94.99,92.28,86.85,79.79,98.79,98.25,97.16,95.53,94.45,92.28,90.65,85.76,78.71,96.62,95.53,94.99,94.45,92.28,91.19,89.02,84.13,78.71"
Rec-G3_std_1,12,15,1983,core,355,316,0.0,4.0,0.9745,359,318,367,321,0.4444,False,84.1341,103.1302,73.822,9.3815,80.6063,"103.13,99.87,96.62,90.65,81.96,77.62,75.99,74.36,73.82,98.79,97.16,94.45,89.02,80.88,77.62,75.99,74.36,73.82,95.53,94.45,91.73,87.39,80.33,77.08,75.45,74.36,73.82,94.45,92.28,90.10,85.76,79.79,76.54,75.45,74.36,73.82"
Rec-G3_std_1,12,16,1984,core,360,316,0.0,5.0,0.9781,364,318,372,321,0.0,False,75.209,81.4204,73.2792,1.908,74.6361,"81.42,78.16,76.54,75.99,74.91,74.36,73.82,73.82,73.28,79.79,77.08,75.99,75.45,74.91,74.36,73.82,73.82,73.28,78.16,76.54,75.45,74.91,74.36,73.82,73.82,73.82,73.28,77.62,75.99,75.45,74.91,74.36,73.82,73.82,73.28,73.28"
Rec-G3_std_1,13,1,2122,core,292,318,-45.0,1.41,0.9773,296,320,304,323,1.0,True,93.5718,97.16,89.5616,2.2534,93.3608,"95.53,96.07,96.62,97.16,97.16,97.16,97.16,96.07,96.07,93.36,94.45,94.45,94.99,94.99,94.99,94.99,94.45,94.45,91.19,91.73,92.28,92.28,93.36,93.36,92.28,92.28,92.28,89.56,90.10,90.65,91.19,91.19,91.19,91.19,91.19,91.19"
Rec-G3_std_1,13,2,2123,core,296,318,0.0,4.0,0.9769,300,320,308,323,1.0,True,94.6573,99.331,91.1898,2.2425,94.4463,"99.33,98.79,98.25,98.25,97.70,97.16,96.62,96.07,95.53,96.07,96.07,96.07,96.07,95.53,95.53,94.99,94.45,94.45,94.45,94.45,94.45,94.45,94.45,93.36,93.36,92.28,92.28,92.28,92.28,92.28,92.28,92.28,91.73,91.73,91.19,91.19"
Rec-G3_std_1,13,3,2124,core,301,317,11.31,5.1,0.976,305,319,313,322,1.0,True,96.165,103.1302,91.7325,2.5377,95.5318,"103.13,101.50,100.42,99.33,98.25,97.70,97.16,96.62,95.53,99.33,98.79,98.25,97.16,97.16,96.07,95.53,95.53,94.99,97.16,96.62,96.07,95.53,95.53,94.99,94.45,94.45,93.36,94.99,94.45,94.45,94.45,93.36,93.36,92.28,92.28,91.73"
Rec-G3_std_1,13,4,2125,core,305,317,0.0,4.0,0.9765,309,319,317,322,1.0,True,95.984,103.6729,91.7325,2.6727,95.5318,"103.67,102.04,99.87,98.79,98.25,97.70,96.62,96.07,95.53,99.87,98.79,98.25,97.70,96.62,96.07,95.53,94.99,94.45,96.62,96.07,95.53,95.53,94.99,94.45,94.45,93.36,92.28,94.99,94.45,94.45,94.45,93.36,93.36,92.28,92.28,91.73"
Rec-G3_std_1,13,5,2126,core,310,317,0.0,5.0,0.977,314,319,322,322,1.0,True,95.2303,102.0447,92.2753,2.2321,94.989,"102.04,99.87,98.79,97.70,97.16,96.07,95.53,95.53,95.53,98.25,97.70,97.16,96.07,95.53,95.53,94.99,94.99,94.45,95.53,95.53,94.99,94.45,94.45,93.36,93.36,93.36,93.36,94.45,94.45,93.36,93.36,92.28,92.28,92.28,92.28,92.28"
Rec-G3_std_1,13,6,2127,core,315,317,0.0,5.0,0.9764,319,319,327,322,1.0,True,95.4112,100.4165,92.2753,1.8543,95.5318,"100.42,98.79,98.25,97.70,97.16,96.62,96.62,96.07,96.07,97.70,97.16,96.62,96.07,96.07,95.53,95.53,95.53,95.53,95.53,95.53,94.99,94.99,94.45,94.45,94.45,94.45,94.45,94.45,93.36,93.36,93.36,93.36,93.36,92.28,92.28,92.28"
Rec-G3_std_1,13,7,2128,core,320,317,0.0,5.0,0.9747,324,319,332,322,1.0,True,96.0896,100.4165,93.3608,1.7656,95.8031,"100.42,99.33,98.79,98.25,98.25,97.70,97.70,97.70,97.16,97.70,97.70,97.16,97.16,96.62,96.07,96.07,96.07,96.07,95.53,95.53,95.53,95.53,95.53,94.99,94.99,94.99,94.99,94.45,94.45,94.45,94.45,94.45,93.36,93.36,93.36,93.36"
Rec-G3_std_1,13,8,2129,core,325,317,0.0,5.0,0.9726,329,319,337,322,1.0,True,96.9942,100.9592,94.4463,1.8219,96.8886,"100.96,99.87,99.87,99.33,99.33,99.33,98.79,98.25,98.25,98.25,98.25,98.25,98.25,98.25,97.70,97.70,97.16,97.16,96.62,96.07,96.07,96.07,96.07,96.07,96.07,95.53,95.53,94.99,94.99,94.99,94.99,94.99,94.45,94.45,94.45,94.45"
Rec-G3_std_1,13,9,2130,core,329,317,0.0,4.0,0.9726,333,319,341,322,1.0,True,97.944,103.1302,94.989,2.0842,97.7027,"103.13,102.04,101.50,100.96,100.42,99.87,99.33,99.33,98.79,99.87,99.33,99.33,98.79,98.79,98.25,98.25,98.25,97.70,97.70,97.70,97.70,97.16,97.16,96.62,96.62,96.07,96.07,95.53,95.53,95.53,95.53,95.53,95.53,95.53,95.53,94.99"
Rec-G3_std_1,13,10,2131,core,334,317,0.0,5.0,0.9722,338,319,346,322,1.0,True,98.5018,103.1302,95.5318,2.0765,98.2455,"103.13,102.04,101.50,101.50,100.96,100.96,100.96,100.42,100.42,99.87,99.87,99.33,99.33,99.33,98.79,98.79,98.79,98.25,98.25,98.25,98.25,97.70,97.70,97.16,97.16,97.16,97.16,96.62,96.62,96.07,96.07,95.53,95.53,95.53,95.53,95.53"
Rec-G3_std_1,13,11,2132,core,339,316,11.31,5.1,0.9715,343,318,351,321,1.0,True,101.0497,108.0149,97.16,2.6013,100.9592,"108.01,106.39,105.30,103.67,103.67,103.13,103.13,102.04,102.04,103.67,103.13,103.13,102.04,102.04,102.04,101.50,100.96,100.96,100.96,100.96,100.42,100.42,99.87,99.87,99.33,98.79,98.79,98.25,98.25,98.25,98.25,98.25,98.25,97.70,97.16,97.16"
Rec-G3_std_1,13,12,2133,core,344,316,0.0,5.0,0.9731,348,318,356,321,1.0,True,100.6878,108.5576,94.989,2.952,100.4165,"108.56,106.39,105.30,104.22,103.67,103.13,102.04,101.50,100.42,104.22,103.13,103.13,102.04,102.04,101.50,100.96,99.87,98.79,101.50,100.96,100.42,100.42,99.87,99.33,98.79,98.25,97.16,98.79,98.79,98.25,98.25,98.25,97.70,96.62,95.53,94.99"
Rec-G3_std_1,13,13,2134,core,349,316,0.0,5.0,0.9732,353,318,361,321,1.0,True,97.8987,108.0149,88.4761,4.452,98.2455,"108.01,105.84,104.22,103.13,101.50,99.87,98.25,96.07,94.45,104.22,103.13,102.04,100.96,99.33,98.25,96.62,94.99,92.28,101.50,100.42,99.33,98.25,97.16,95.53,94.45,92.28,90.65,98.25,98.25,97.16,96.07,95.53,94.45,92.28,91.19,88.48"
Rec-G3_std_1,13,14,2135,core,353,316,0.0,4.0,0.9739,357,318,365,321,0.6667,False,89.2751,106.3867,74.9074,9.5693,91.4612,"106.39,103.13,100.42,98.25,95.53,89.56,80.88,77.08,74.91,102.04,99.87,98.25,96.07,93.36,87.93,80.88,77.08,74.91,98.79,97.70,95.53,94.45,91.19,86.31,79.79,76.54,74.91,96.07,95.53,93.36,91.73,89.56,85.22,79.79,75.99,74.91"
Rec-G3_std_1,13,15,2136,core,358,316,0.0,5.0,0.977,362,318,370,321,0.1111,False,77.3498,94.4463,73.2792,5.2411,74.9074,"94.45,84.13,78.71,76.54,75.45,74.36,73.82,73.82,73.82,90.65,82.51,78.16,76.54,74.91,74.36,73.82,73.82,73.28,87.93,80.88,77.62,75.99,74.91,73.82,73.82,73.82,73.28,86.31,80.33,77.08,75.99,74.91,73.82,73.82,73.82,73.28"
Rec-G3_std_1,13,16,2137,core,361,316,0.0,3.0,0.9825,365,318,373,321,0.0,False,74.7416,79.7922,72.7365,1.5072,74.3647,"79.79,77.62,75.99,75.45,74.91,74.36,73.82,73.82,73.28,77.62,75.99,75.45,74.91,74.36,73.82,73.82,73.28,73.28,77.08,75.99,75.45,74.36,73.82,73.82,73.82,73.28,72.74,75.99,75.45,74.91,74.36,73.82,73.82,73.82,73.28,73.28"
Rec-G3_std_1,14,1,2267,core,292,318,-45.0,1.41,0.9796,296,320,304,323,1.0,True,94.1749,98.2455,89.5616,2.4018,93.9035,"96.62,97.70,97.70,98.25,97.70,97.70,97.70,96.62,96.62,94.45,94.99,94.99,95.53,95.53,95.53,95.53,94.99,94.45,91.19,92.28,93.36,93.36,93.36,93.36,93.36,93.36,93.36,89.56,90.65,91.19,91.19,91.73,91.73,91.73,91.73,91.19"
Rec-G3_std_1,14,2,2268,core,296,318,0.0,4.0,0.9752,300,320,308,323,1.0,True,95.2604,100.9592,91.7325,2.4356,94.989,"100.96,100.42,99.33,98.79,98.25,97.70,97.16,96.62,95.53,97.16,97.16,97.16,96.62,96.07,95.53,95.53,94.99,94.45,94.99,94.99,94.99,94.99,94.45,94.45,93.36,93.36,92.28,92.28,93.36,93.36,92.28,92.28,92.28,92.28,92.28,91.73"
Rec-G3_std_1,14,3,2269,core,301,317,11.31,5.1,0.9773,305,319,313,322,1.0,True,96.6625,105.3012,92.2753,2.7656,96.0745,"105.30,102.04,100.96,99.87,98.79,98.25,97.70,97.16,96.07,100.42,99.33,98.25,98.25,97.70,96.62,96.07,95.53,95.53,97.70,97.16,96.62,96.07,95.53,95.53,94.45,94.45,93.36,95.53,94.99,94.45,94.45,94.45,93.36,93.36,92.28,92.28"
Rec-G3_std_1,14,4,2270,core,306,317,0.0,5.0,0.9782,310,319,318,322,1.0,True,95.8182,103.1302,91.7325,2.4822,95.5318,"103.13,100.96,99.33,98.25,98.25,97.16,96.62,95.53,95.53,99.33,98.25,98.25,97.16,96.62,96.07,95.53,94.99,94.45,96.62,96.07,95.53,95.53,94.99,94.45,94.45,93.36,93.36,94.99,94.45,94.45,93.36,93.36,93.36,92.28,91.73,91.73"
Rec-G3_std_1,14,5,2271,core,311,317,0.0,5.0,0.9769,315,319,323,322,1.0,True,95.185,100.9592,92.2753,2.0152,94.989,"100.96,99.33,98.25,97.70,96.62,96.07,95.53,95.53,95.53,98.25,97.70,96.62,96.07,95.53,95.53,94.99,94.45,94.45,95.53,95.53,94.99,94.45,94.45,94.45,93.36,93.36,93.36,94.45,94.45,93.36,93.36,93.36,92.28,92.28,92.28,92.28"
Rec-G3_std_1,14,6,2272,core,316,317,0.0,5.0,0.9742,320,319,328,322,1.0,True,95.5318,99.8737,92.2753,1.6581,95.5318,"99.87,98.79,98.25,97.70,97.16,96.62,96.62,96.07,95.53,97.70,97.16,96.62,96.07,96.07,95.53,95.53,95.53,95.53,95.53,95.53,95.53,94.99,94.99,94.45,94.45,94.45,94.45,94.45,94.45,94.45,93.36,93.36,93.36,93.36,93.36,92.28"
Rec-G3_std_1,14,7,2273,core,320,317,0.0,4.0,0.9737,324,319,332,322,1.0,True,96.4062,101.502,93.3608,1.7739,96.0745,"101.50,99.87,98.79,98.25,98.25,98.25,97.70,97.70,97.70,98.25,97.70,97.70,97.16,96.62,96.62,96.62,96.62,96.07,96.07,96.07,95.53,95.53,95.53,95.53,95.53,95.53,94.99,94.45,94.45,94.45,94.45,94.45,94.45,94.45,94.45,93.36"
Rec-G3_std_1,14,8,2274,core,325,317,0.0,5.0,0.9742,329,319,337,322,1.0,True,97.356,102.0447,94.989,1.8412,97.16,"102.04,100.96,100.42,99.87,99.33,99.33,98.79,98.79,98.25,98.79,98.25,98.25,98.25,98.25,98.25,97.70,97.70,97.70,96.62,96.62,96.62,96.62,96.62,96.07,96.07,96.07,95.53,95.53,95.53,95.53,95.53,94.99,94.99,94.99,94.99,94.99"
Rec-G3_std_1,14,9,2275,core,330,317,0.0,5.0,0.9734,334,319,342,322,1.0,True,98.1852,103.1302,95.5318,2.0137,98.2455,"103.13,102.04,101.50,100.96,100.42,99.87,99.87,99.87,99.87,99.87,99.33,99.33,99.33,98.79,98.25,98.25,98.25,98.25,98.25,97.70,97.70,97.70,97.16,97.16,97.16,96.62,96.62,96.07,96.07,96.07,95.53,95.53,95.53,95.53,95.53,95.53"
Rec-G3_std_1,14,10,2276,core,335,317,0.0,5.0,0.9722,339,319,347,322,1.0,True,99.0747,103.1302,96.0745,2.0327,98.7882,"103.13,102.04,102.04,102.04,102.04,101.50,101.50,100.96,100.96,100.42,100.42,100.42,99.87,99.87,99.87,99.33,99.33,99.33,98.25,98.25,98.25,98.25,98.25,98.25,98.25,98.25,97.70,96.62,96.62,96.62,96.62,96.62,96.62,96.07,96.07,96.07"
Rec-G3_std_1,14,11,2277,core,340,316,11.31,5.1,0.9705,344,318,352,321,1.0,True,101.6226,108.0149,97.7027,2.4141,101.502,"108.01,105.84,105.30,104.22,104.22,103.67,103.13,103.13,102.04,104.22,103.67,103.13,103.13,103.13,102.04,102.04,101.50,101.50,102.04,101.50,101.50,101.50,100.96,100.42,99.87,99.33,99.33,99.33,99.33,99.33,98.79,98.79,98.25,98.25,98.25,97.70"
Rec-G3_std_1,14,12,2278,core,345,316,0.0,5.0,0.971,349,318,357,321,1.0,True,100.9441,108.5576,94.4463,3.14,100.9592,"108.56,106.93,105.84,105.30,103.67,103.13,102.04,101.50,100.42,105.30,103.67,103.13,103.13,102.04,102.04,100.96,99.87,98.25,102.04,101.50,100.96,100.96,100.42,99.87,98.79,98.25,96.62,99.87,99.33,98.79,98.25,98.25,97.70,96.62,95.53,94.45"
Rec-G3_std_1,14,13,2279,core,349,316,0.0,4.0,0.9737,353,318,361,321,1.0,True,98.6525,109.6431,89.0188,4.7305,98.7882,"109.64,107.47,105.30,103.67,102.04,100.96,98.79,96.62,94.45,105.30,104.22,103.13,101.50,100.42,98.79,97.16,95.53,92.28,102.04,101.50,100.42,99.33,98.25,96.62,94.99,93.36,90.65,99.33,98.79,98.25,97.16,95.53,94.45,93.36,91.19,89.02"
Rec-G3_std_1,14,14,2280,core,354,316,0.0,5.0,0.9761,358,318,366,321,0.5556,False,86.8177,105.3012,73.822,10.0411,87.662,"105.30,102.04,99.33,96.07,89.56,81.42,77.62,75.45,73.82,101.50,99.33,97.16,94.45,88.48,80.88,77.08,75.45,73.82,98.25,96.62,94.45,92.28,86.85,80.33,76.54,74.91,73.82,95.53,94.45,92.28,90.10,85.76,79.79,75.99,74.91,73.82"
Rec-G3_std_1,14,15,2281,core,359,316,0.0,5.0,0.9768,363,318,371,321,0.0,False,75.7367,84.6769,73.2792,2.8932,74.6361,"84.68,79.79,77.08,75.99,74.91,74.36,73.82,73.82,73.28,83.05,78.71,76.54,75.45,74.91,73.82,73.82,73.82,73.28,81.42,77.62,75.99,74.91,74.36,73.82,73.82,73.28,73.28,80.33,77.62,75.99,74.91,73.82,73.82,73.82,73.28,73.28"
Rec-G3_std_1,14,16,2282,core,361,316,0.0,2.0,0.9838,365,318,373,321,0.0,False,74.5456,78.7067,72.7365,1.4245,73.822,"78.71,77.08,75.99,75.45,74.36,73.82,73.82,73.82,73.28,77.62,75.99,75.45,74.91,74.36,73.82,73.82,73.28,73.28,76.54,75.99,74.91,74.36,73.82,73.82,73.28,72.74,72.74,75.99,75.45,74.36,73.82,73.82,73.82,73.28,73.28,72.74"
Rec-G3_std_1,15,1,2412,core,291,317,180.0,1.0,0.9788,295,319,303,322,1.0,True,95.9388,100.4165,90.1043,2.7567,95.5318,"100.42,99.33,99.33,99.33,99.33,99.87,99.87,99.33,98.79,95.53,95.53,96.62,97.16,97.70,97.70,97.70,97.70,97.16,92.28,93.36,94.45,94.99,95.53,95.53,95.53,95.53,95.53,90.10,91.19,92.28,92.28,93.36,93.36,93.36,93.36,93.36"
Rec-G3_std_1,15,2,2413,core,293,318,-26.57,2.24,0.9766,297,320,305,323,1.0,True,94.8986,98.2455,91.1898,2.225,94.989,"98.25,98.25,98.25,98.25,98.25,98.25,97.70,97.16,96.62,95.53,95.53,95.53,96.07,96.07,96.07,95.53,95.53,95.53,92.28,93.36,94.45,94.45,94.45,94.45,94.45,94.45,93.36,91.19,91.19,92.28,92.28,92.28,92.28,92.28,92.28,92.28"
Rec-G3_std_1,15,3,2414,core,297,317,14.04,4.12,0.9762,301,319,309,322,1.0,True,97.5821,105.8439,93.3608,2.7884,97.4314,"105.84,103.67,102.04,100.96,100.42,99.33,98.25,98.25,97.70,100.96,100.42,99.33,98.79,98.25,98.25,97.16,96.62,96.07,97.70,97.70,97.70,97.16,96.62,96.07,95.53,94.99,94.45,95.53,95.53,95.53,95.53,94.99,94.45,94.45,93.36,93.36"
Rec-G3_std_1,15,4,2415,core,302,317,0.0,5.0,0.9776,306,319,314,322,1.0,True,96.7228,104.2157,92.2753,2.6614,96.3459,"104.22,102.04,100.96,99.87,98.79,98.25,97.70,96.62,96.07,100.42,99.33,98.79,98.25,97.70,97.16,96.62,95.53,95.53,98.25,97.16,96.62,96.07,95.53,95.53,94.99,94.45,93.36,95.53,95.53,94.99,94.45,94.45,93.36,93.36,92.28,92.28"
Rec-G3_std_1,15,5,2416,core,307,317,0.0,5.0,0.9769,311,319,319,322,1.0,True,95.8333,102.0447,92.2753,2.2721,95.5318,"102.04,100.42,99.33,98.25,97.70,97.16,96.07,96.07,95.53,99.33,98.25,98.25,97.16,96.62,95.53,95.53,94.99,94.99,96.62,96.62,95.53,95.53,94.99,94.45,94.45,93.36,93.36,94.99,94.45,94.45,94.45,93.36,93.36,92.28,92.28,92.28"
Rec-G3_std_1,15,6,2417,core,312,317,0.0,5.0,0.9751,316,319,324,322,1.0,True,95.6071,101.502,92.2753,2.0233,95.5318,"101.50,99.33,98.25,98.25,97.70,97.16,96.62,96.07,96.07,98.25,97.70,97.16,96.62,96.07,95.53,95.53,95.53,95.53,96.07,95.53,94.99,94.99,94.45,94.45,94.45,94.45,93.36,94.45,94.45,93.36,93.36,93.36,93.36,93.36,92.28,92.28"
Rec-G3_std_1,15,7,2418,core,316,317,0.0,4.0,0.9744,320,319,328,322,1.0,True,96.4213,102.0447,93.3608,1.945,96.0745,"102.04,100.42,99.33,98.79,98.25,98.25,97.70,97.70,97.16,98.25,98.25,97.70,97.16,97.16,96.62,96.62,96.07,96.07,96.07,96.07,95.53,95.53,95.53,95.53,95.53,94.99,94.99,94.45,94.45,94.45,94.45,94.45,94.45,94.45,93.36,93.36"
Rec-G3_std_1,15,8,2419,core,321,317,0.0,5.0,0.9741,325,319,333,322,1.0,True,96.9942,102.0447,94.4463,1.888,96.8886,"102.04,100.96,99.87,99.33,98.79,98.25,98.25,98.25,98.25,98.79,98.25,98.25,97.70,97.70,97.70,97.70,97.16,97.16,96.62,96.62,96.62,96.07,96.07,96.07,95.53,95.53,95.53,94.99,94.99,94.99,94.99,94.99,94.45,94.45,94.45,94.45"
Rec-G3_std_1,15,9,2420,core,326,317,0.0,5.0,0.9739,330,319,338,322,1.0,True,97.6726,102.0447,94.989,1.8492,97.7027,"102.04,101.50,100.42,99.87,99.87,99.33,99.33,98.79,98.79,99.33,99.33,98.79,98.25,98.25,98.25,98.25,98.25,97.70,97.70,97.16,97.16,97.16,96.62,96.62,96.62,96.07,96.07,95.53,95.53,95.53,95.53,95.53,95.53,95.53,94.99,94.99"
Rec-G3_std_1,15,10,2421,core,331,317,0.0,5.0,0.9721,335,319,343,322,1.0,True,98.3209,103.1302,95.5318,2.0152,98.2455,"103.13,102.04,101.50,100.96,100.42,100.42,99.87,99.87,99.87,100.42,99.87,99.33,99.33,98.79,98.79,98.79,98.25,98.25,98.25,98.25,97.70,97.70,97.16,97.16,97.16,97.16,97.16,96.07,96.07,96.07,96.07,95.53,95.53,95.53,95.53,95.53"
Rec-G3_std_1,15,11,2422,core,336,317,0.0,5.0,0.9699,340,319,348,322,1.0,True,99.1651,103.1302,96.0745,1.9893,98.7882,"103.13,102.04,102.04,102.04,102.04,101.50,101.50,100.96,100.96,100.96,100.42,100.42,100.42,99.87,99.87,99.33,99.33,99.33,98.25,98.25,98.25,98.25,98.25,98.25,98.25,98.25,98.25,97.16,97.16,96.62,96.62,96.62,96.62,96.62,96.07,96.07"
Rec-G3_std_1,15,12,2423,core,341,316,11.31,5.1,0.9693,345,318,353,321,1.0,True,101.502,108.0149,97.16,2.4905,101.502,"108.01,106.39,105.30,105.30,103.67,103.13,103.13,102.04,102.04,104.22,103.67,103.13,103.13,102.04,102.04,102.04,100.96,100.42,102.04,101.50,101.50,101.50,100.96,100.42,99.87,99.33,98.79,99.87,99.33,99.33,98.79,98.79,98.25,98.25,97.70,97.16"
Rec-G3_std_1,15,13,2424,core,345,316,0.0,4.0,0.9722,349,318,357,321,1.0,True,101.2155,110.7286,94.4463,3.4788,100.9592,"110.73,108.01,106.39,105.30,104.22,103.13,102.04,100.96,99.87,105.84,105.30,103.67,103.13,102.04,102.04,100.96,99.33,98.25,103.13,102.04,101.50,101.50,100.42,99.87,98.79,97.70,96.62,100.42,99.87,99.33,98.79,98.25,97.70,96.62,95.53,94.45"
Rec-G3_std_1,15,14,2425,core,350,316,0.0,5.0,0.9747,354,318,362,321,1.0,True,96.4816,108.5576,84.1341,5.7344,96.8886,"108.56,105.84,103.67,102.04,100.42,98.25,96.62,94.45,87.93,104.22,103.13,101.50,99.87,98.25,96.62,94.99,92.28,86.31,101.50,100.42,98.79,98.25,96.07,94.99,92.28,90.10,85.22,98.79,98.25,97.16,95.53,94.45,92.28,91.19,89.02,84.13"
Rec-G3_std_1,15,15,2426,core,355,316,0.0,5.0,0.9758,359,318,367,321,0.4444,False,83.8929,103.1302,73.2792,9.5735,80.6063,"103.13,99.87,96.62,90.10,81.42,77.62,75.45,73.82,73.28,99.33,97.16,94.45,87.93,80.88,77.08,75.45,73.82,73.82,96.07,94.45,92.28,86.31,80.33,76.54,74.91,73.82,73.82,94.45,92.28,90.10,85.22,79.79,75.99,74.91,73.82,73.82"
Rec-G3_std_1,15,16,2427,core,360,316,0.0,5.0,0.9757,364,318,372,321,0.0,False,74.8321,80.8776,72.7365,1.8851,74.3647,"80.88,77.62,75.99,74.91,74.36,73.82,73.82,73.28,72.74,78.71,77.08,75.99,74.91,74.36,73.82,73.82,73.28,72.74,78.16,75.99,75.45,74.36,74.36,73.82,73.28,73.28,72.74,77.62,75.99,74.91,74.36,73.82,73.82,73.82,73.28,72.74"
Rec-G3_std_1,15,17,2428,core,361,316,0.0,1.0,0.9843,365,318,373,321,0.0,False,74.4401,78.7067,72.7365,1.4482,73.822,"78.71,77.08,75.99,74.91,74.36,73.82,73.82,73.28,72.74,77.62,75.99,75.45,74.36,73.82,73.82,73.82,73.28,72.74,76.54,75.45,74.91,74.36,73.82,73.82,73.28,73.28,72.74,75.99,75.45,74.36,73.82,73.82,73.82,73.28,72.74,72.74"
Rec-G3_std_1,16,1,2561,core,291,318,-90.0,1.0,0.977,295,320,303,323,1.0,True,94.2503,98.2455,89.0188,2.5138,94.4463,"95.53,96.62,97.16,97.70,98.25,98.25,98.25,97.70,97.70,92.28,94.45,94.99,95.53,95.53,95.53,95.53,95.53,95.53,90.65,91.73,92.28,93.36,93.36,94.45,94.45,94.45,94.45,89.02,90.10,90.65,91.19,91.73,92.28,92.28,92.28,92.28"
Rec-G3_std_1,16,2,2562,core,295,318,0.0,4.0,0.9774,299,320,307,323,1.0,True,95.6825,99.8737,92.2753,2.2763,95.2604,"99.87,99.87,99.33,99.33,98.79,98.25,98.25,97.70,97.16,97.16,97.16,97.16,97.16,96.62,96.07,96.07,95.53,95.53,94.45,94.99,94.99,94.99,94.99,94.99,94.45,94.45,93.36,92.28,93.36,93.36,93.36,93.36,93.36,92.28,92.28,92.28"
Rec-G3_std_1,16,3,2563,core,300,317,11.31,5.1,0.9769,304,319,312,322,1.0,True,97.6123,105.3012,93.3608,2.6013,97.7027,"105.30,103.13,101.50,100.42,99.87,99.33,98.25,98.25,97.70,100.96,100.42,99.33,98.79,98.25,98.25,97.70,96.62,96.62,98.25,98.25,97.70,97.16,96.62,96.07,95.53,94.99,94.99,96.07,95.53,95.53,95.53,94.45,94.45,94.45,94.45,93.36"
Rec-G3_std_1,16,4,2564,core,304,317,0.0,4.0,0.9755,308,319,316,322,1.0,True,97.4766,105.8439,93.3608,2.7118,97.16,"105.84,103.13,102.04,100.42,99.33,98.79,98.25,97.70,97.16,100.96,100.42,99.33,98.79,98.25,98.25,97.16,96.62,96.07,98.25,98.25,97.16,96.62,96.62,95.53,95.53,94.99,94.45,96.07,95.53,95.53,95.53,94.99,94.45,94.45,93.36,93.36"
Rec-G3_std_1,16,5,2565,core,309,317,0.0,5.0,0.9763,313,319,321,322,1.0,True,96.7228,104.2157,93.3608,2.4601,96.6172,"104.22,102.04,100.42,99.33,98.25,98.25,97.70,97.16,96.62,100.42,99.33,98.25,98.25,97.16,96.62,96.62,95.53,95.53,97.70,96.62,96.62,96.07,95.53,95.53,94.99,94.45,94.45,95.53,95.53,94.99,94.45,94.45,93.36,93.36,93.36,93.36"
Rec-G3_std_1,16,6,2566,core,314,317,0.0,5.0,0.9767,318,319,326,322,1.0,True,96.572,103.1302,93.3608,2.0996,96.0745,"103.13,100.96,99.33,98.79,98.25,98.25,97.70,97.16,96.62,99.33,98.79,98.25,97.70,97.16,97.16,96.62,96.07,95.53,96.62,96.07,96.07,95.53,95.53,95.53,95.53,94.99,94.99,94.99,94.99,94.45,94.45,94.45,94.45,94.45,93.36,93.36"
Rec-G3_std_1,16,7,2567,core,319,317,0.0,5.0,0.9752,323,319,331,322,1.0,True,96.768,102.0447,94.4463,1.8209,96.6172,"102.04,100.96,99.33,98.79,98.25,98.25,97.70,97.70,97.16,98.79,98.25,98.25,97.70,97.70,97.16,96.62,96.62,96.07,96.62,96.62,96.62,96.07,95.53,95.53,95.53,95.53,95.53,95.53,94.99,94.99,94.99,94.45,94.45,94.45,94.45,94.45"
Rec-G3_std_1,16,8,2568,core,324,317,0.0,5.0,0.9731,328,319,336,322,1.0,True,97.2957,102.0447,94.989,1.7229,97.16,"102.04,100.96,99.87,99.33,98.79,98.79,98.25,98.25,98.25,98.79,98.79,98.25,98.25,98.25,97.70,97.70,97.16,97.16,97.16,97.16,97.16,96.62,96.62,96.07,96.07,96.07,95.53,95.53,95.53,95.53,95.53,95.53,94.99,94.99,94.99,94.99"
Rec-G3_std_1,16,9,2569,core,328,317,0.0,4.0,0.9709,332,319,340,322,1.0,True,98.2455,103.1302,95.5318,1.9146,98.2455,"103.13,102.04,101.50,100.42,100.42,99.87,99.87,99.87,99.33,99.87,99.33,99.33,98.79,98.79,98.79,98.25,98.25,98.25,98.25,98.25,97.70,97.70,97.70,97.16,97.16,97.16,97.16,96.07,96.07,96.07,96.07,96.07,95.53,95.53,95.53,95.53"
Rec-G3_std_1,16,10,2570,core,333,317,0.0,5.0,0.9711,337,319,345,322,1.0,True,99.346,103.6729,96.6172,2.0043,99.331,"103.67,103.13,102.04,102.04,101.50,101.50,101.50,101.50,101.50,100.96,100.42,100.42,100.42,99.87,99.87,99.87,99.87,99.87,98.79,98.25,98.25,98.25,98.25,98.25,98.25,98.25,98.25,97.16,97.16,97.16,97.16,96.62,96.62,96.62,96.62,96.62"
Rec-G3_std_1,16,11,2571,core,338,317,0.0,5.0,0.971,342,319,350,322,1.0,True,100.3562,105.3012,96.6172,2.2038,99.8737,"105.30,104.22,103.67,103.13,103.13,103.13,103.13,102.04,102.04,102.04,102.04,101.50,101.50,101.50,100.96,100.96,100.42,99.87,99.87,99.33,99.33,99.33,99.33,99.33,98.79,98.25,98.25,98.25,98.25,98.25,98.25,98.25,97.70,97.70,97.16,96.62"
Rec-G3_std_1,16,12,2572,core,343,316,11.31,5.1,0.9733,347,318,355,321,1.0,True,102.3311,110.1859,96.6172,2.9878,102.0447,"110.19,108.01,106.93,105.84,105.30,105.30,104.22,103.13,102.04,105.84,105.30,104.22,103.67,103.13,103.13,102.04,102.04,100.96,103.13,103.13,102.04,102.04,101.50,100.96,100.42,99.87,98.25,100.42,100.42,99.87,99.87,99.33,98.79,98.25,97.70,96.62"
Rec-G3_std_1,16,13,2573,core,348,316,0.0,5.0,0.9741,352,318,360,321,1.0,True,99.8737,110.1859,91.1898,4.4811,99.8737,"110.19,108.01,106.39,105.30,103.67,102.04,100.42,98.25,96.62,105.84,105.30,103.67,103.13,101.50,99.87,98.25,96.62,94.99,103.13,102.04,101.50,100.42,99.33,98.25,96.07,94.45,92.28,100.42,99.87,98.79,98.25,97.16,95.53,94.45,92.28,91.19"
Rec-G3_std_1,16,14,2574,core,353,316,0.0,5.0,0.9738,357,318,365,321,0.6667,False,89.1696,105.8439,74.3647,9.8242,91.4612,"105.84,103.13,100.96,98.25,95.53,89.56,80.88,76.54,74.36,102.04,100.42,98.25,96.07,93.36,87.93,80.33,76.54,74.36,99.33,97.70,95.53,94.45,91.19,85.76,79.79,75.99,74.36,96.62,95.53,94.45,91.73,89.56,84.68,78.71,75.99,74.36"
Rec-G3_std_1,16,15,2575,core,357,316,0.0,4.0,0.9758,361,318,369,321,0.2222,False,79.4605,100.9592,73.2792,7.6192,75.9929,"100.96,93.36,83.59,78.71,75.99,74.91,73.82,73.82,73.28,96.07,90.10,81.96,77.62,75.99,74.36,73.82,73.82,73.28,93.36,87.93,80.88,77.62,75.99,74.36,73.82,73.82,73.28,91.19,85.76,79.79,77.08,75.45,74.36,73.82,73.28,73.28"
Rec-G3_std_1,16,16,2576,core,361,316,0.0,4.0,0.9809,365,318,373,321,0.0,False,74.5004,79.7922,72.7365,1.5424,73.822,"79.79,77.08,75.99,74.91,74.36,73.82,73.82,73.28,72.74,77.62,75.99,75.45,74.91,74.36,73.82,73.82,73.28,72.74,76.54,75.45,74.91,74.36,73.82,73.82,73.28,72.74,72.74,75.99,75.45,74.36,73.82,73.82,73.82,73.28,73.28,72.74"
Rec-G3_std_1,17,1,2700,core,293,318,-26.57,2.24,0.9776,297,320,305,323,1.0,True,95.6825,98.7882,91.1898,2.2143,95.2604,"98.79,98.79,98.79,98.79,98.79,98.79,98.25,98.25,98.25,95.53,96.07,96.62,97.16,97.16,97.16,97.16,96.62,96.07,93.36,94.45,94.45,94.99,94.99,94.99,94.99,94.99,94.45,91.19,92.28,92.28,93.36,93.36,93.36,93.36,93.36,93.36"
Rec-G3_std_1,17,2,2701,core,298,317,11.31,5.1,0.9773,302,319,310,322,1.0,True,98.3661,105.8439,94.4463,2.6989,98.2455,"105.84,103.67,103.13,102.04,100.96,100.42,99.87,98.79,98.25,101.50,100.96,100.42,99.87,99.33,98.79,98.25,98.25,97.16,98.25,98.25,98.25,97.70,97.70,97.16,96.07,96.07,95.53,96.07,96.07,96.07,95.53,95.53,95.53,94.99,94.45,94.45"
Rec-G3_std_1,17,3,2702,core,303,317,0.0,5.0,0.9775,307,319,315,322,1.0,True,97.9741,105.3012,94.4463,2.5247,97.9741,"105.30,103.13,102.04,100.96,100.42,99.87,98.79,98.25,97.70,101.50,100.42,99.87,99.33,98.79,98.25,98.25,97.16,96.62,98.25,98.25,98.25,97.16,96.62,96.62,95.53,95.53,94.99,96.62,96.07,96.07,95.53,95.53,95.53,94.99,94.45,94.45"
Rec-G3_std_1,17,4,2703,core,308,317,0.0,5.0,0.9762,312,319,320,322,1.0,True,97.2957,103.6729,93.3608,2.3182,97.16,"103.67,102.04,100.96,99.87,99.33,98.25,98.25,97.70,97.16,100.96,99.87,99.33,98.25,98.25,97.70,97.16,96.62,96.07,98.25,97.70,97.16,96.62,96.07,95.53,95.53,94.99,94.99,96.07,95.53,95.53,95.53,94.99,94.45,94.45,94.45,93.36"
Rec-G3_std_1,17,5,2704,core,312,317,0.0,4.0,0.9751,316,319,324,322,1.0,True,97.2203,104.2157,93.3608,2.2912,96.6172,"104.22,102.04,100.96,99.87,98.79,98.25,98.25,97.70,96.62,100.42,99.33,98.79,98.25,98.25,97.70,96.62,96.62,96.07,98.25,97.16,97.16,96.62,96.07,95.53,95.53,95.53,94.99,96.07,95.53,95.53,95.53,94.99,94.45,94.45,94.45,93.36"
Rec-G3_std_1,17,6,2705,core,317,317,0.0,5.0,0.9762,321,319,329,322,1.0,True,96.9942,103.1302,94.4463,1.9435,96.6172,"103.13,100.96,99.87,99.33,98.25,98.25,98.25,97.70,97.16,99.33,98.79,98.25,98.25,97.70,97.16,96.62,96.62,96.07,97.16,97.16,96.62,96.62,96.07,95.53,95.53,95.53,95.53,95.53,95.53,95.53,94.99,94.99,94.45,94.45,94.45,94.45"
Rec-G3_std_1,17,7,2706,core,322,317,0.0,5.0,0.9754,326,319,334,322,1.0,True,97.3861,102.0447,94.989,1.7323,97.4314,"102.04,100.96,99.87,99.33,99.33,98.79,98.25,98.25,98.25,99.33,98.79,98.25,98.25,98.25,98.25,97.70,97.70,97.70,97.16,97.16,96.62,96.62,96.62,96.07,96.07,96.07,96.07,95.53,95.53,95.53,95.53,95.53,95.53,94.99,94.99,94.99"
Rec-G3_std_1,17,8,2707,core,327,317,0.0,5.0,0.9748,331,319,339,322,1.0,True,98.2003,102.0447,95.5318,1.7511,98.2455,"102.04,101.50,100.96,100.42,100.42,99.87,99.87,99.87,99.33,99.87,99.33,99.33,98.79,98.79,98.25,98.25,98.25,98.25,98.25,98.25,97.70,97.70,97.70,97.16,97.16,97.16,97.16,96.62,96.07,96.07,96.07,96.07,96.07,95.53,95.53,95.53"
Rec-G3_std_1,17,9,2708,core,332,317,0.0,5.0,0.9724,336,319,344,322,1.0,True,99.2405,103.1302,96.6172,1.8294,99.0596,"103.13,102.04,102.04,102.04,101.50,100.96,100.96,100.96,100.42,100.96,100.96,100.42,100.42,99.87,99.87,99.87,99.33,99.33,98.79,98.79,98.25,98.25,98.25,98.25,98.25,98.25,98.25,97.16,97.16,97.16,97.16,97.16,96.62,96.62,96.62,96.62"
Rec-G3_std_1,17,10,2709,core,336,317,0.0,4.0,0.9712,340,319,348,322,1.0,True,100.3109,105.3012,97.16,2.0739,100.1451,"105.30,104.22,103.13,103.13,103.13,102.04,102.04,102.04,102.04,102.04,102.04,101.50,101.50,101.50,100.96,100.42,100.42,100.42,99.87,99.87,99.33,99.33,99.33,98.79,98.79,98.25,98.25,98.25,98.25,98.25,98.25,98.25,97.70,97.70,97.70,97.16"
Rec-G3_std_1,17,11,2710,core,341,316,11.31,5.1,0.9722,345,318,353,321,1.0,True,102.3161,109.6431,98.2455,2.4987,102.0447,"109.64,107.47,105.84,105.30,104.22,103.67,103.13,103.13,103.13,105.30,104.22,104.22,103.67,103.13,103.13,102.04,102.04,102.04,103.13,102.04,102.04,102.04,101.50,101.50,100.96,100.42,99.87,100.42,100.42,99.87,99.87,99.33,99.33,98.79,98.25,98.25"
Rec-G3_std_1,17,12,2711,core,346,316,0.0,5.0,0.9744,350,318,358,321,1.0,True,101.3813,110.1859,94.4463,3.44,101.2306,"110.19,108.01,106.39,105.30,104.22,103.13,102.04,101.50,99.87,105.84,105.30,104.22,103.67,103.13,102.04,100.96,99.33,98.25,103.13,102.04,102.04,101.50,100.96,99.87,98.79,97.70,96.07,100.96,100.42,99.87,99.33,98.79,98.25,96.62,95.53,94.45"
Rec-G3_std_1,17,13,2712,core,351,316,0.0,5.0,0.9755,355,318,363,321,0.8889,False,95.2302,108.5576,78.7067,7.7111,96.8886,"108.56,106.39,103.67,102.04,100.42,98.25,95.53,89.02,80.33,105.30,103.13,102.04,99.87,98.25,96.62,94.45,87.93,79.79,102.04,100.42,99.33,97.70,96.07,94.45,91.73,85.76,79.79,98.79,98.25,97.16,95.53,94.45,92.28,89.56,84.68,78.71"
Rec-G3_std_1,17,14,2713,core,356,316,0.0,5.0,0.9762,360,318,368,321,0.3333,False,81.6767,102.0447,72.7365,9.0868,77.3498,"102.04,98.25,91.19,82.51,77.62,75.45,73.82,73.28,72.74,98.79,95.53,89.56,81.42,77.62,75.45,73.82,73.82,73.28,95.53,93.36,87.93,80.88,77.08,75.45,73.82,73.82,73.28,93.36,91.19,85.76,79.79,76.54,75.45,73.82,73.82,73.28"
Rec-G3_std_1,17,15,2714,core,360,316,0.0,4.0,0.9792,364,318,372,321,0.0,False,74.8773,81.9631,72.7365,2.0901,74.0933,"81.96,78.16,75.99,74.91,74.36,73.82,73.82,73.28,72.74,79.79,77.08,75.99,74.91,74.36,73.82,73.82,73.28,72.74,78.16,75.99,75.45,74.36,73.82,73.82,73.28,73.28,72.74,77.62,75.99,74.91,74.36,73.82,73.82,73.28,73.28,72.74"
Rec-G3_std_1,18,1,2836,core,292,318,-90.0,1.0,0.9786,296,320,304,323,1.0,True,95.773,99.331,91.1898,2.4422,95.5318,"98.25,98.25,98.79,99.33,99.33,99.33,99.33,98.79,98.79,94.99,95.53,96.07,96.62,97.16,97.70,97.70,97.16,97.16,92.28,93.36,94.45,94.99,95.53,95.53,95.53,95.53,95.53,91.19,91.19,92.28,93.36,93.36,93.36,93.36,93.36,93.36"
Rec-G3_std_1,18,2,2837,core,301,317,6.34,9.06,0.9768,305,319,313,322,1.0,True,99.0596,107.4722,94.4463,2.8876,98.5169,"107.47,105.30,103.67,102.04,101.50,100.96,99.87,99.33,98.25,103.13,102.04,101.50,100.42,99.87,99.33,98.79,98.25,97.70,99.87,99.33,98.79,98.25,98.25,97.70,97.16,96.62,95.53,97.70,97.16,97.16,96.62,96.07,95.53,95.53,94.99,94.45"
Rec-G3_std_1,18,3,2838,core,306,317,0.0,5.0,0.9778,310,319,318,322,1.0,True,97.959,105.8439,93.3608,2.6696,97.7027,"105.84,103.67,102.04,100.96,99.87,98.79,98.25,97.70,97.16,102.04,100.96,100.42,99.33,98.25,98.25,97.70,96.62,96.07,98.79,98.79,98.25,97.70,96.62,96.62,95.53,95.53,94.99,97.16,97.16,96.62,95.53,95.53,94.99,94.99,94.45,93.36"
Rec-G3_std_1,18,4,2839,core,311,317,0.0,5.0,0.9767,315,319,323,322,1.0,True,96.9489,103.1302,93.3608,2.2461,96.6172,"103.13,102.04,100.42,99.33,98.25,98.25,97.16,96.62,96.07,100.42,99.33,98.79,98.25,97.70,97.16,96.62,95.53,95.53,98.25,97.70,97.16,96.62,96.07,95.53,94.99,94.99,94.45,96.62,96.07,95.53,94.99,94.99,94.45,94.45,93.36,93.36"
Rec-G3_std_1,18,5,2840,core,316,317,0.0,5.0,0.9742,320,319,328,322,1.0,True,96.3308,102.0447,93.3608,1.9337,96.0745,"102.04,99.87,98.79,98.25,98.25,97.70,97.16,96.62,96.62,99.33,98.25,97.70,97.70,97.16,96.07,96.07,95.53,95.53,97.16,96.62,96.07,95.53,95.53,94.99,94.99,94.99,94.45,95.53,95.53,94.99,94.99,94.45,93.36,93.36,93.36,93.36"
Rec-G3_std_1,18,6,2841,core,320,317,0.0,4.0,0.9739,324,319,332,322,1.0,True,96.9489,102.0447,94.4463,1.8418,97.16,"102.04,100.96,99.87,98.79,98.25,98.25,98.25,98.25,98.25,98.79,98.25,98.25,97.70,97.70,97.16,97.16,97.16,97.16,97.16,96.62,96.07,96.07,96.07,96.07,95.53,95.53,95.53,95.53,94.99,94.99,94.99,94.99,94.45,94.45,94.45,94.45"
Rec-G3_std_1,18,7,2842,core,325,317,0.0,5.0,0.9744,329,319,337,322,1.0,True,97.959,102.0447,95.5318,1.856,97.9741,"102.04,101.50,100.96,100.42,99.87,99.87,99.87,99.87,99.33,99.33,99.33,98.79,98.79,98.25,98.25,98.25,98.25,98.25,97.70,97.70,97.16,97.16,97.16,97.16,97.16,97.16,97.16,95.53,95.53,95.53,95.53,95.53,95.53,95.53,95.53,95.53"
Rec-G3_std_1,18,8,2843,core,330,317,0.0,5.0,0.9735,334,319,342,322,1.0,True,99.1501,103.6729,96.0745,1.8626,98.7882,"103.67,102.04,102.04,101.50,101.50,100.96,100.96,100.96,100.96,100.96,100.42,100.42,99.87,99.87,99.33,99.33,99.33,99.33,98.25,98.25,98.25,98.25,98.25,98.25,98.25,98.25,98.25,97.16,97.16,97.16,97.16,97.16,96.62,96.62,96.62,96.07"
Rec-G3_std_1,18,9,2844,core,335,317,0.0,5.0,0.9719,339,319,347,322,1.0,True,100.1149,104.2157,97.16,1.9378,99.8737,"104.22,103.13,103.13,103.13,102.04,102.04,102.04,102.04,102.04,101.50,101.50,101.50,100.96,100.96,100.96,100.96,100.42,100.42,99.33,99.33,99.33,99.33,99.33,98.79,98.79,98.79,98.79,98.25,98.25,97.70,97.70,97.70,97.70,97.70,97.16,97.16"
Rec-G3_std_1,18,10,2845,core,340,316,11.31,5.1,0.9711,344,318,352,321,1.0,True,102.7533,108.5576,98.7882,2.2662,103.1302,"108.56,106.93,105.84,105.30,105.30,104.22,104.22,103.67,103.13,105.30,105.30,104.22,104.22,103.67,103.67,103.13,103.13,102.04,103.13,103.13,102.04,102.04,102.04,102.04,101.50,101.50,100.96,100.42,100.42,100.42,100.42,99.87,99.87,99.33,99.33,98.79"
Rec-G3_std_1,18,11,2846,core,344,316,0.0,4.0,0.972,348,318,356,321,1.0,True,103.1151,111.8141,97.16,3.1866,103.1302,"111.81,109.64,108.01,106.93,105.84,105.30,104.22,103.13,102.04,107.47,106.39,105.30,105.30,104.22,103.67,103.13,102.04,100.96,103.67,103.67,103.13,103.13,102.04,102.04,100.96,100.42,98.79,101.50,101.50,100.96,100.96,100.42,99.33,98.79,98.25,97.16"
Rec-G3_std_1,18,12,2847,core,349,316,0.0,5.0,0.9747,353,318,361,321,1.0,True,99.7833,111.2714,89.5616,4.9653,99.8737,"111.27,108.56,106.39,105.30,103.13,102.04,99.87,97.70,94.45,106.93,105.30,104.22,103.13,101.50,99.87,98.25,96.07,93.36,103.67,103.13,102.04,100.42,99.33,97.70,96.07,94.45,91.19,100.96,100.42,99.33,98.25,96.62,95.53,94.45,91.73,89.56"
Rec-G3_std_1,18,13,2848,core,354,316,0.0,5.0,0.9766,358,318,366,321,0.5556,False,87.0891,106.3867,73.822,10.5323,87.662,"106.39,103.13,99.87,96.62,90.10,80.88,77.08,74.36,73.82,102.04,100.42,98.25,94.99,88.48,80.88,76.54,74.91,73.82,98.79,97.70,95.53,92.28,86.85,80.33,76.54,74.91,73.82,96.62,95.53,93.36,90.65,85.76,79.79,75.99,74.36,73.82"
Rec-G3_std_1,18,14,2849,core,359,316,0.0,5.0,0.9772,363,318,371,321,0.0,False,75.4201,85.2196,72.1937,3.094,74.0933,"85.22,79.79,76.54,75.45,74.36,73.82,73.28,72.74,72.19,83.05,78.71,75.99,74.91,74.36,73.82,73.28,73.28,72.74,81.42,77.62,75.99,74.91,73.82,73.82,73.28,73.28,72.74,80.33,77.08,75.99,74.36,73.82,73.82,73.28,73.28,72.74"
Rec-G3_std_1,19,1,2975,core,291,317,0.0,0.0,0.9775,295,319,303,322,1.0,True,97.4012,102.0447,91.1898,2.6817,97.16,"102.04,100.96,100.96,100.96,100.96,100.96,100.96,100.42,99.87,96.62,97.70,98.25,98.25,98.79,98.79,98.79,98.79,98.25,93.36,95.53,95.53,96.07,96.62,97.16,97.16,97.16,97.16,91.19,92.28,93.36,94.45,94.99,95.53,95.53,95.53,95.53"
Rec-G3_std_1,19,2,2976,core,294,318,-18.43,3.16,0.9774,298,320,306,323,1.0,True,96.8886,100.4165,93.3608,2.154,96.6172,"100.42,100.42,100.42,99.87,99.87,99.33,99.33,99.33,98.79,97.70,97.70,98.25,98.25,98.25,98.25,97.70,97.70,97.16,94.99,95.53,95.53,96.07,96.07,96.07,96.07,95.53,95.53,93.36,93.36,94.45,94.45,94.45,94.45,94.45,94.45,94.45"
Rec-G3_std_1,19,3,2977,core,299,317,11.31,5.1,0.976,303,319,311,322,1.0,True,98.9842,105.3012,94.989,2.3904,98.7882,"105.30,103.67,103.13,102.04,101.50,100.42,99.87,99.33,98.79,102.04,101.50,100.96,100.42,99.87,99.33,98.79,98.25,98.25,99.33,99.33,98.79,98.25,98.25,98.25,97.70,96.62,96.62,97.16,97.16,97.16,96.62,96.62,96.07,95.53,95.53,94.99"
Rec-G3_std_1,19,4,2978,core,303,317,0.0,4.0,0.9754,307,319,315,322,1.0,True,99.0596,106.9294,94.989,2.6264,98.5169,"106.93,104.22,103.13,102.04,100.96,100.42,99.87,98.79,98.25,103.13,102.04,100.96,100.42,99.87,99.33,98.79,98.25,97.70,99.87,99.87,98.79,98.25,98.25,98.25,97.16,96.07,96.07,98.25,97.70,97.16,96.62,96.62,96.07,95.53,95.53,94.99"
Rec-G3_std_1,19,5,2979,core,308,317,0.0,5.0,0.9767,312,319,320,322,1.0,True,98.1701,105.3012,94.4463,2.4778,98.2455,"105.30,103.13,102.04,100.96,100.42,99.33,98.79,98.25,98.25,102.04,100.96,99.87,99.33,98.79,98.25,98.25,97.70,97.16,99.33,98.25,98.25,97.70,97.16,96.62,96.07,95.53,95.53,97.16,96.62,96.07,96.07,95.53,95.53,94.99,94.45,94.45"
Rec-G3_std_1,19,6,2980,core,313,317,0.0,5.0,0.9768,317,319,325,322,1.0,True,97.5821,103.6729,94.4463,2.1789,97.4314,"103.67,102.04,100.96,100.42,99.33,98.79,98.25,98.25,97.70,100.42,99.87,99.33,98.79,98.25,98.25,97.70,97.16,96.62,98.25,98.25,97.16,97.16,96.62,96.07,95.53,95.53,95.53,96.07,95.53,95.53,95.53,95.53,94.99,94.99,94.45,94.45"
Rec-G3_std_1,19,7,2981,core,318,316,11.31,5.1,0.9053,322,318,330,321,1.0,True,105.5273,117.7843,96.6172,7.7196,103.6729,"117.78,117.78,117.78,117.78,117.78,117.78,117.78,117.78,117.78,105.30,105.30,105.30,105.84,105.84,105.84,106.39,106.39,106.93,99.87,100.42,100.42,100.96,100.96,101.50,101.50,102.04,102.04,96.62,96.62,96.62,97.16,97.16,97.70,97.70,98.25,98.25"
Rec-G3_std_1,19,8,2982,core,323,317,-11.31,5.1,0.9729,327,319,335,322,1.0,True,97.8535,102.0447,95.5318,1.7522,98.2455,"102.04,101.50,100.42,99.87,99.87,99.33,98.79,98.79,98.79,99.87,99.33,98.79,98.79,98.25,98.25,98.25,98.25,98.25,98.25,97.70,97.70,97.16,97.16,96.62,96.62,96.62,96.62,96.07,96.07,95.53,95.53,95.53,95.53,95.53,95.53,95.53"
Rec-G3_std_1,19,9,2983,core,327,317,0.0,4.0,0.972,331,319,339,322,1.0,True,98.8636,103.6729,96.0745,1.9907,98.5169,"103.67,103.13,102.04,101.50,100.96,100.42,100.42,100.42,100.42,100.96,100.42,99.87,99.87,99.33,99.33,98.79,98.79,98.79,98.25,98.25,98.25,98.25,98.25,97.70,97.70,97.70,97.70,96.62,96.62,96.62,96.62,96.62,96.62,96.07,96.07,96.07"
Rec-G3_std_1,19,10,2984,core,332,317,0.0,5.0,0.972,336,319,344,322,1.0,True,99.9943,104.2157,97.7027,1.8936,99.8737,"104.22,103.13,103.13,102.04,102.04,102.04,102.04,102.04,102.04,101.50,101.50,100.96,100.96,100.96,100.42,100.42,100.42,100.42,99.33,99.33,98.79,98.79,98.79,98.79,98.79,98.79,98.79,97.70,97.70,97.70,97.70,97.70,97.70,97.70,97.70,97.70"
Rec-G3_std_1,19,11,2985,core,337,317,0.0,5.0,0.9719,341,319,349,322,1.0,True,101.2758,105.3012,98.2455,2.1267,101.2306,"105.30,105.30,104.22,104.22,103.67,103.67,103.67,103.67,103.13,103.13,102.04,102.04,102.04,102.04,102.04,102.04,102.04,102.04,100.42,100.42,100.42,100.42,100.42,100.42,100.42,100.42,99.87,98.79,98.25,98.25,98.79,98.79,98.79,98.25,98.25,98.25"
Rec-G3_std_1,19,12,2986,core,342,316,11.31,5.1,0.9733,346,318,354,321,1.0,True,103.9142,110.1859,98.7882,2.5017,103.6729,"110.19,108.56,107.47,106.93,106.39,105.84,105.30,105.30,104.22,106.93,106.39,105.84,105.30,105.30,105.30,104.22,103.67,103.13,103.67,103.67,103.67,103.13,103.13,103.13,102.04,102.04,100.96,102.04,102.04,102.04,101.50,101.50,100.96,100.42,99.87,98.79"
Rec-G3_std_1,19,13,2987,core,347,316,0.0,5.0,0.9742,351,318,359,321,1.0,True,102.1653,110.7286,94.4463,3.8252,102.0447,"110.73,109.10,107.47,106.39,105.30,104.22,103.13,101.50,99.33,107.47,106.39,105.84,105.30,103.67,103.13,101.50,99.87,98.25,104.22,103.67,103.13,103.13,102.04,100.42,98.79,97.70,95.53,102.04,102.04,101.50,100.42,99.33,98.25,97.16,95.53,94.45"
Rec-G3_std_1,19,14,2988,core,351,316,0.0,4.0,0.9733,355,318,363,321,0.8889,False,96.4213,111.2714,78.7067,8.2054,97.9741,"111.27,108.01,105.84,103.67,102.04,99.33,96.62,89.56,80.88,106.39,105.30,103.13,102.04,99.87,97.70,94.45,88.48,80.33,103.13,102.04,100.96,99.33,97.70,95.53,92.28,86.85,79.79,100.42,99.33,98.25,97.16,95.53,93.36,90.65,85.22,78.71"
Rec-G3_std_1,19,15,2989,core,356,316,0.0,5.0,0.9763,360,318,368,321,0.3333,False,82.0687,104.2157,72.7365,9.7349,77.3498,"104.22,99.87,92.28,83.05,77.62,75.45,73.82,73.28,72.74,100.42,97.16,90.10,81.42,77.62,75.45,73.82,73.82,72.74,97.16,94.45,87.93,80.88,77.08,75.45,73.82,73.82,72.74,94.45,92.28,86.85,80.33,76.54,74.91,73.82,73.82,73.28"
Rec-G3_std_1,19,16,2990,core,360,316,0.0,4.0,0.9777,364,318,372,321,0.0,False,74.817,83.0486,72.1937,2.3606,73.822,"83.05,78.71,76.54,74.91,74.36,73.82,73.28,72.74,72.19,79.79,77.08,75.45,74.91,73.82,73.82,73.28,72.74,72.74,78.71,76.54,75.45,74.36,73.82,73.82,73.28,72.74,72.19,77.62,75.99,74.91,74.36,73.82,73.82,73.28,72.74,72.74"
Rec-G3_std_1,20,1,3110,core,293,318,-26.57,2.24,0.9777,297,320,305,323,1.0,True,95.969,99.331,91.7325,2.1627,95.8031,"98.79,98.79,99.33,99.33,99.33,98.79,98.25,98.25,98.25,96.07,96.62,96.62,97.16,97.16,97.16,97.16,97.16,96.62,94.45,94.45,94.99,95.53,95.53,95.53,95.53,95.53,94.99,91.73,92.28,93.36,93.36,93.36,93.36,93.36,93.36,93.36"
Rec-G3_std_1,20,2,3111,core,298,317,11.31,5.1,0.9753,302,319,310,322,1.0,True,98.6525,105.3012,94.989,2.3182,98.2455,"105.30,103.13,102.04,101.50,100.96,100.42,99.33,99.33,98.25,101.50,100.96,100.42,100.42,99.87,99.33,98.25,98.25,97.70,98.79,98.79,98.25,98.25,98.25,97.70,97.16,96.62,96.07,96.62,96.62,96.62,96.62,96.07,96.07,95.53,95.53,94.99"
Rec-G3_std_1,20,3,3112,core,302,317,0.0,4.0,0.9751,306,319,314,322,1.0,True,98.8636,106.3867,94.989,2.6624,98.2455,"106.39,104.22,103.13,102.04,100.96,99.87,99.33,98.79,98.25,103.13,102.04,100.96,100.42,99.87,98.79,98.25,98.25,97.70,99.87,99.33,98.79,98.25,98.25,97.70,97.16,96.07,95.53,97.70,97.16,97.16,96.62,96.07,95.53,95.53,94.99,94.99"
Rec-G3_std_1,20,4,3113,core,307,317,0.0,5.0,0.9763,311,319,319,322,1.0,True,97.959,104.2157,94.4463,2.283,97.7027,"104.22,103.13,101.50,100.96,99.33,99.33,98.25,98.25,97.70,100.96,100.42,99.87,99.33,98.25,98.25,97.70,97.70,97.16,98.79,98.25,98.25,97.70,96.62,96.62,96.07,95.53,95.53,97.16,96.62,96.07,96.07,95.53,95.53,94.99,94.45,94.45"
Rec-G3_std_1,20,5,3114,core,312,317,0.0,5.0,0.9765,316,319,324,322,1.0,True,97.4917,103.1302,94.4463,2.0718,97.16,"103.13,102.04,100.96,99.87,99.33,98.25,98.25,97.70,97.70,100.42,99.87,98.79,98.79,98.25,97.70,97.16,97.16,96.62,98.25,97.70,97.16,97.16,96.62,96.07,95.53,95.53,95.53,96.62,96.07,95.53,95.53,95.53,94.99,94.99,94.45,94.45"
Rec-G3_std_1,20,6,3115,core,317,317,0.0,5.0,0.975,321,319,329,322,1.0,True,97.4464,102.0447,94.4463,1.8204,97.4314,"102.04,100.96,100.42,99.33,99.33,98.79,98.25,98.25,98.25,99.87,99.33,98.79,98.25,98.25,98.25,97.70,97.16,97.16,97.70,97.70,97.16,96.62,96.62,96.62,96.07,95.53,95.53,96.07,95.53,95.53,95.53,95.53,95.53,94.99,94.99,94.45"
Rec-G3_std_1,20,7,3116,core,322,317,0.0,5.0,0.9726,326,319,334,322,1.0,True,98.0796,102.0447,95.5318,1.7579,98.2455,"102.04,101.50,100.96,100.42,99.87,99.87,99.33,98.79,98.79,99.87,99.87,99.33,98.79,98.79,98.25,98.25,98.25,98.25,98.25,98.25,97.70,97.70,97.16,97.16,97.16,96.62,96.62,96.62,96.62,96.07,96.07,95.53,95.53,95.53,95.53,95.53"
Rec-G3_std_1,20,8,3117,core,326,317,0.0,4.0,0.972,330,319,338,322,1.0,True,99.0898,104.2157,96.0745,2.0285,99.0596,"104.22,103.13,102.04,101.50,101.50,100.96,100.96,100.42,100.42,100.96,100.42,100.42,99.87,99.87,99.33,99.33,99.33,99.33,98.79,98.25,98.25,98.25,98.25,98.25,98.25,98.25,97.70,97.16,97.16,96.62,96.62,96.62,96.62,96.07,96.07,96.07"
Rec-G3_std_1,20,9,3118,core,331,317,0.0,5.0,0.9718,335,319,343,322,1.0,True,100.0546,104.2157,97.7027,1.9146,99.8737,"104.22,103.13,103.13,102.04,102.04,102.04,102.04,102.04,102.04,102.04,101.50,101.50,100.96,100.96,100.96,100.42,100.42,100.42,99.33,99.33,99.33,98.79,98.79,98.79,98.79,98.79,98.79,97.70,97.70,97.70,97.70,97.70,97.70,97.70,97.70,97.70"
Rec-G3_std_1,20,10,3119,core,336,317,0.0,5.0,0.9714,340,319,348,322,1.0,True,101.1251,105.3012,98.2455,2.0541,101.2306,"105.30,104.22,104.22,103.67,103.67,103.13,103.13,103.13,103.13,103.13,102.04,102.04,102.04,102.04,102.04,102.04,102.04,101.50,100.96,100.42,100.42,100.42,100.42,100.42,99.87,99.87,99.87,98.79,98.79,98.25,98.25,98.25,98.25,98.25,98.25,98.25"
Rec-G3_std_1,20,11,3120,core,341,316,11.31,5.1,0.9731,345,318,353,321,1.0,True,103.6428,109.6431,99.8737,2.1745,103.4016,"109.64,108.01,106.93,105.84,105.30,105.30,105.30,104.22,103.67,106.39,105.84,105.30,105.30,104.22,104.22,103.67,103.13,103.13,103.67,103.67,103.13,103.13,103.13,103.13,102.04,102.04,101.50,102.04,102.04,101.50,101.50,101.50,100.96,100.42,100.42,99.87"
Rec-G3_std_1,20,12,3121,core,346,316,0.0,5.0,0.9736,350,318,358,321,1.0,True,102.7231,110.1859,95.5318,3.3172,102.0447,"110.19,108.56,107.47,106.39,105.84,105.30,103.67,102.04,100.96,106.93,106.39,105.30,105.30,104.22,103.13,102.04,100.96,99.33,105.30,104.22,103.67,103.13,102.04,101.50,100.42,98.79,97.16,102.04,102.04,102.04,100.96,100.42,99.33,98.25,97.16,95.53"
Rec-G3_std_1,20,13,3122,core,350,316,0.0,4.0,0.9738,354,318,362,321,1.0,True,98.9088,111.8141,85.2196,6.2855,99.0596,"111.81,109.10,106.93,105.30,103.13,100.96,98.25,95.53,89.56,107.47,105.84,104.22,103.13,101.50,98.79,97.16,94.45,87.93,104.22,103.13,102.04,100.42,98.79,97.16,94.99,92.28,85.76,101.50,100.42,99.33,98.25,97.16,94.99,93.36,90.65,85.22"
Rec-G3_std_1,20,14,3123,core,355,316,0.0,5.0,0.9761,359,318,367,321,0.4444,False,84.6015,105.8439,72.7365,10.6718,80.6063,"105.84,102.04,98.25,91.19,81.96,77.08,74.91,73.82,72.74,102.04,99.33,96.07,89.56,80.88,77.08,74.91,73.82,72.74,98.25,96.62,94.45,87.93,80.33,76.54,74.91,73.82,72.74,96.07,94.45,91.73,86.31,79.79,75.99,74.36,73.82,73.28"
Rec-G3_std_1,20,15,3124,core,360,316,0.0,5.0,0.9787,364,318,372,321,0.0,False,74.2743,80.8776,71.651,2.0962,73.822,"80.88,77.62,75.45,74.36,73.82,73.28,72.74,72.19,71.65,78.71,76.54,74.91,73.82,73.82,73.28,72.74,72.19,72.19,77.62,75.99,74.91,73.82,73.82,73.28,72.74,72.74,72.19,77.62,75.99,74.36,73.82,73.82,73.28,72.74,72.74,72.19"
Rec-G3_std_1,21,1,3244,core,292,318,-45.0,1.41,0.9769,296,320,304,323,1.0,True,96.3459,99.8737,91.1898,2.3432,95.5318,"98.25,98.79,99.33,99.87,99.87,99.87,99.87,99.33,99.33,95.53,96.07,97.16,97.70,97.70,98.25,97.70,97.70,97.70,93.36,94.45,94.99,95.53,95.53,95.53,95.53,95.53,95.53,91.19,92.28,93.36,93.36,94.45,94.45,94.45,94.45,94.45"
Rec-G3_std_1,21,2,3245,core,297,317,11.31,5.1,0.9754,301,319,309,322,1.0,True,99.5119,106.3867,95.5318,2.584,99.0596,"106.39,105.30,103.13,103.13,102.04,101.50,100.96,100.42,99.87,102.04,102.04,101.50,100.96,100.96,100.42,99.33,98.79,98.79,99.33,99.33,98.79,98.79,98.25,98.25,98.25,97.70,97.16,97.16,97.16,97.16,97.16,96.62,96.62,96.07,95.53,95.53"
Rec-G3_std_1,21,3,3246,core,302,317,0.0,5.0,0.9742,306,319,314,322,1.0,True,99.0445,105.8439,94.989,2.4457,98.5169,"105.84,103.67,103.13,102.04,101.50,100.42,99.87,99.33,98.25,102.04,102.04,100.96,100.42,99.87,99.33,98.79,98.25,97.70,99.87,99.33,99.33,98.25,98.25,97.70,97.16,96.62,96.07,98.25,97.70,97.70,97.16,96.62,96.07,95.53,95.53,94.99"
Rec-G3_std_1,21,4,3247,core,306,317,0.0,4.0,0.976,310,319,318,322,1.0,True,98.8184,106.3867,94.989,2.5423,98.2455,"106.39,104.22,103.13,102.04,100.96,99.87,99.33,98.79,98.25,102.04,101.50,100.96,99.87,99.33,98.79,98.25,97.70,97.70,99.87,99.33,98.79,98.25,97.70,97.16,97.16,96.62,96.07,98.25,97.70,97.16,96.62,96.07,95.53,95.53,95.53,94.99"
Rec-G3_std_1,21,5,3248,core,311,317,0.0,5.0,0.9764,315,319,323,322,1.0,True,98.0796,104.2157,94.4463,2.2517,98.2455,"104.22,103.13,101.50,100.42,99.87,99.33,98.25,98.25,98.25,101.50,100.42,99.87,99.33,98.79,98.25,98.25,97.16,97.16,98.79,98.25,98.25,97.70,97.70,96.62,96.07,96.07,95.53,97.16,97.16,96.62,95.53,95.53,95.53,94.99,94.99,94.45"
Rec-G3_std_1,21,6,3249,core,316,317,0.0,5.0,0.9755,320,319,328,322,1.0,True,97.9741,103.1302,94.989,1.921,97.9741,"103.13,102.04,100.96,100.42,99.87,99.33,98.79,98.25,98.25,100.96,99.87,98.79,98.79,98.25,98.25,98.25,97.70,97.70,98.25,98.25,97.70,97.70,97.16,97.16,96.62,96.07,96.07,96.62,96.62,96.07,96.07,95.53,95.53,95.53,95.53,94.99"
Rec-G3_std_1,21,7,3250,core,316,317,0.0,0.0,0.9755,320,319,328,322,1.0,True,97.9741,103.1302,94.989,1.921,97.9741,"103.13,102.04,100.96,100.42,99.87,99.33,98.79,98.25,98.25,100.96,99.87,98.79,98.79,98.25,98.25,98.25,97.70,97.70,98.25,98.25,97.70,97.70,97.16,97.16,96.62,96.07,96.07,96.62,96.62,96.07,96.07,95.53,95.53,95.53,95.53,94.99"
Rec-G3_std_1,21,8,3251,core,325,317,0.0,9.0,0.9713,329,319,337,322,1.0,True,99.5119,104.2157,97.16,1.8931,99.6023,"104.22,103.13,102.04,102.04,101.50,101.50,100.96,100.96,100.96,101.50,100.96,100.96,100.42,99.87,99.87,99.87,99.87,99.87,99.33,98.79,98.79,98.79,98.25,98.25,98.25,98.25,98.25,97.70,97.16,97.16,97.16,97.16,97.16,97.16,97.16,97.16"
Rec-G3_std_1,21,9,3252,core,330,317,0.0,5.0,0.9714,334,319,342,322,1.0,True,100.6728,105.3012,98.2455,1.8779,100.6878,"105.30,103.67,103.13,103.13,103.13,103.13,102.04,102.04,102.04,102.04,102.04,101.50,101.50,101.50,101.50,101.50,100.96,100.96,99.87,100.42,99.87,99.87,99.87,99.87,99.87,99.87,99.33,98.25,98.25,98.25,98.25,98.25,98.25,98.25,98.25,98.25"
Rec-G3_std_1,21,10,3253,core,335,317,0.0,5.0,0.9719,339,319,347,322,1.0,True,101.8035,105.8439,98.7882,2.0366,101.7733,"105.84,105.30,105.30,105.30,104.22,103.67,103.67,103.13,103.13,103.13,103.13,103.13,103.13,103.13,102.04,102.04,102.04,102.04,101.50,101.50,101.50,100.96,100.96,100.96,100.96,100.42,100.42,99.33,99.33,99.33,99.33,99.33,99.33,98.79,98.79,98.79"
Rec-G3_std_1,21,11,3254,core,340,316,11.31,5.1,0.9723,344,318,352,321,1.0,True,104.08,110.7286,100.4165,2.304,103.6729,"110.73,109.10,107.47,106.93,105.84,105.30,105.30,104.22,103.67,107.47,106.39,105.84,105.30,105.30,104.22,103.67,103.67,103.13,104.22,104.22,103.67,103.67,103.13,103.13,103.13,102.04,102.04,102.04,102.04,102.04,102.04,102.04,101.50,100.96,100.96,100.42"
Rec-G3_std_1,21,12,3255,core,345,316,0.0,5.0,0.9736,349,318,357,321,1.0,True,103.2206,110.7286,96.6172,3.1086,103.1302,"110.73,109.10,107.47,106.39,105.84,105.30,103.67,103.13,101.50,107.47,106.39,105.84,105.30,105.30,103.67,103.13,101.50,99.87,105.30,104.22,103.67,103.13,103.13,102.04,100.96,99.87,98.25,103.13,102.04,102.04,102.04,100.96,99.87,98.79,98.25,96.62"
Rec-G3_std_1,21,13,3256,core,350,316,0.0,5.0,0.9728,354,318,362,321,1.0,True,97.9892,109.6431,84.1341,6.2087,98.5169,"109.64,107.47,105.30,103.67,102.04,99.87,97.16,94.45,87.93,106.39,105.30,103.13,102.04,100.42,98.25,95.53,93.36,86.85,103.67,103.13,101.50,99.87,98.25,96.07,94.45,91.19,85.76,101.50,100.42,98.79,97.70,96.07,94.45,92.28,89.56,84.13"
Rec-G3_std_1,21,14,3257,core,354,316,0.0,4.0,0.9751,358,318,366,321,0.5556,False,87.1192,107.4722,72.7365,11.0828,87.9333,"107.47,103.67,100.42,96.62,90.10,80.88,75.99,73.82,72.74,103.13,100.96,98.25,94.99,89.02,80.88,75.99,73.82,73.28,99.87,98.25,95.53,93.36,86.85,79.79,75.99,73.82,73.28,97.70,95.53,94.45,91.19,85.76,79.79,75.99,73.82,73.28"
Rec-G3_std_1,21,15,3258,core,359,316,0.0,5.0,0.9773,363,318,371,321,0.0,False,74.9376,85.2196,71.651,3.2863,73.822,"85.22,79.79,75.99,74.36,73.82,73.28,72.74,72.19,71.65,83.05,78.16,75.99,74.36,73.82,73.28,72.74,72.19,71.65,80.88,77.62,75.45,74.36,73.82,73.28,72.74,72.19,72.19,80.33,77.08,75.45,73.82,73.82,73.28,72.74,72.19,72.19"
Rec-G3_std_1,22,1,3344,core,293,317,0.0,0.0,0.9788,297,319,305,322,1.0,True,97.5821,102.0447,94.4463,1.7452,97.9741,"102.04,100.96,100.42,99.87,99.33,99.33,98.79,98.25,98.25,98.25,98.25,98.25,98.25,98.25,98.25,98.25,98.25,98.25,95.53,96.62,97.16,97.70,97.70,97.70,97.16,97.16,96.62,94.45,94.99,95.53,95.53,95.53,95.53,95.53,95.53,95.53"
Rec-G3_std_1,22,2,3345,core,296,317,0.0,3.0,0.977,300,319,308,322,1.0,True,98.3962,103.6729,95.5318,1.7662,98.2455,"103.67,102.04,101.50,100.42,99.87,99.33,98.79,98.25,97.70,100.42,100.42,99.87,99.33,98.79,98.79,98.25,98.25,97.70,98.25,98.25,98.25,98.25,98.25,98.25,97.70,97.16,97.16,96.62,96.62,96.62,96.62,96.62,96.62,96.07,96.07,95.53"
Rec-G3_std_1,22,3,3346,core,301,317,0.0,5.0,0.9782,305,319,313,322,1.0,True,98.0796,103.6729,95.5318,1.7993,97.7027,"103.67,102.04,100.42,99.33,98.79,98.25,97.70,97.16,96.62,100.96,100.42,99.33,98.79,98.79,98.25,97.70,97.16,96.62,99.33,98.79,98.25,98.25,97.70,97.16,97.16,96.62,95.53,98.25,97.70,97.70,97.16,96.62,96.07,95.53,95.53,95.53"
Rec-G3_std_1,22,4,3347,core,306,317,0.0,5.0,0.9775,310,319,318,322,1.0,True,97.356,102.0447,94.989,1.6189,97.16,"102.04,100.42,99.33,98.25,98.25,97.16,97.16,96.07,95.53,100.42,99.33,98.79,98.25,98.25,97.70,97.16,96.07,95.53,98.25,98.25,98.25,97.70,97.16,96.07,96.07,95.53,95.53,97.70,97.16,97.16,96.62,96.07,95.53,95.53,95.53,94.99"
Rec-G3_std_1,22,5,3348,core,311,317,0.0,5.0,0.9756,315,319,323,322,1.0,True,96.6776,100.4165,94.4463,1.3765,96.6172,"100.42,99.33,98.25,97.70,97.16,96.62,96.07,95.53,95.53,99.33,98.25,98.25,97.70,97.16,96.62,96.07,95.53,95.53,98.25,97.70,97.16,96.62,96.62,96.07,95.53,95.53,94.99,96.62,96.62,96.62,95.53,95.53,95.53,94.99,94.99,94.45"
Rec-G3_std_1,22,6,3349,core,315,317,0.0,4.0,0.9754,319,319,327,322,1.0,True,97.0545,101.502,95.5318,1.3708,96.6172,"101.50,99.87,98.79,98.25,97.70,97.16,96.62,96.07,95.53,99.33,98.79,98.25,97.70,97.16,97.16,96.62,96.07,96.07,98.25,97.70,97.16,97.16,96.62,96.62,96.07,95.53,95.53,97.16,96.62,96.62,96.07,96.07,95.53,95.53,95.53,95.53"
Rec-G3_std_1,22,7,3350,core,320,317,0.0,5.0,0.9753,324,319,332,322,1.0,True,97.1298,100.9592,95.5318,1.179,96.8886,"100.96,99.33,98.79,98.25,97.70,97.16,97.16,96.62,96.62,98.79,98.25,98.25,97.70,97.16,97.16,97.16,96.62,96.62,98.25,97.70,97.70,97.16,96.62,96.62,96.62,96.07,96.07,96.62,96.62,96.62,96.07,95.53,95.53,95.53,95.53,95.53"
Rec-G3_std_1,22,8,3351,core,325,317,0.0,5.0,0.9751,329,319,337,322,1.0,True,97.8987,100.9592,96.6172,0.9238,98.2455,"100.96,99.87,98.79,98.25,98.25,98.25,98.25,98.25,98.25,98.79,98.79,98.25,98.25,98.25,98.25,98.25,97.70,98.25,98.25,98.25,97.70,97.70,97.70,97.70,97.70,97.16,97.70,97.16,97.16,96.62,96.62,96.62,96.62,96.62,96.62,96.62"
Rec-G3_std_1,22,9,3352,core,330,317,0.0,5.0,0.9732,334,319,342,322,1.0,True,98.8938,101.502,97.7027,0.8468,99.0596,"101.50,100.42,99.87,99.87,99.33,99.33,99.33,99.33,99.33,99.87,99.33,99.33,99.33,99.33,99.33,99.33,99.33,99.33,98.79,98.25,98.25,98.79,98.25,98.25,98.25,98.79,98.25,97.70,97.70,98.25,98.25,97.70,97.70,97.70,98.25,98.25"
Rec-G3_std_1,22,10,3353,core,335,316,11.31,5.1,0.9719,339,318,347,321,1.0,True,101.0648,105.3012,99.8737,1.0689,100.9592,"105.30,103.13,102.04,102.04,101.50,101.50,100.96,100.96,100.96,102.04,102.04,101.50,101.50,101.50,101.50,100.96,100.96,100.96,101.50,100.96,100.96,100.96,100.96,100.96,100.96,100.42,100.42,99.87,99.87,99.87,99.87,99.87,99.87,99.87,99.87,99.87"
Rec-G3_std_1,22,11,3354,core,339,316,0.0,4.0,0.9733,343,318,351,321,1.0,True,102.4518,108.0149,99.8737,1.4884,102.0447,"108.01,105.84,104.22,103.67,103.13,103.13,102.04,102.04,102.04,104.22,103.67,103.13,103.13,103.13,103.13,102.04,102.04,102.04,103.13,102.04,102.04,102.04,102.04,102.04,102.04,101.50,100.96,101.50,101.50,101.50,101.50,101.50,100.96,100.96,100.42,99.87"
Rec-G3_std_1,22,12,3355,core,344,316,0.0,5.0,0.9762,348,318,356,321,1.0,True,102.3462,108.5576,97.7027,2.329,102.0447,"108.56,106.93,105.30,104.22,103.67,103.13,102.04,101.50,99.87,105.84,105.30,104.22,103.67,103.13,103.13,102.04,100.96,99.87,103.67,103.13,103.13,103.13,102.04,102.04,100.96,99.87,98.79,102.04,102.04,102.04,101.50,100.96,100.42,99.33,98.25,97.70"
Rec-G3_std_1,22,13,3356,core,349,316,0.0,5.0,0.9778,353,318,361,321,1.0,True,98.4264,108.0149,89.5616,4.7229,98.7882,"108.01,105.84,103.67,102.04,100.96,98.25,96.07,93.36,90.10,105.30,103.67,103.13,101.50,99.87,98.25,96.07,93.36,90.65,103.13,102.04,101.50,100.42,98.79,97.16,95.53,93.36,90.65,101.50,100.96,99.87,98.79,97.70,96.07,94.45,91.73,89.56"
Rec-G3_std_1,22,14,3357,core,354,316,0.0,5.0,0.9782,358,318,366,321,0.5556,False,85.4458,103.1302,71.651,10.2136,85.7624,"103.13,98.79,95.53,91.73,85.76,78.71,74.91,72.74,71.65,100.42,98.25,95.53,92.28,86.31,78.71,75.45,73.82,72.19,98.25,96.62,94.45,91.73,85.76,78.71,75.45,73.82,72.74,97.16,95.53,93.36,90.65,85.22,78.71,75.45,73.82,72.74"
Rec-G3_std_1,22,15,3358,core,358,316,0.0,4.0,0.9787,362,318,370,321,0.1111,False,76.0231,91.1898,71.651,5.3054,73.822,"91.19,81.96,77.62,74.91,73.82,72.74,72.19,71.65,71.65,89.56,80.88,77.08,74.91,73.82,73.28,72.19,71.65,71.65,87.93,80.33,76.54,74.91,73.82,73.28,72.19,71.65,71.65,86.31,79.79,76.54,74.91,73.82,73.28,72.74,72.19,72.19"
Rec-G3_std_1,22,16,3359,core,361,316,0.0,3.0,0.983,365,318,373,321,0.0,False,73.3094,78.7067,71.651,1.6479,72.7365,"78.71,75.99,74.36,73.82,72.74,72.19,71.65,71.65,71.65,76.54,74.91,73.82,73.82,72.74,72.74,72.19,71.65,71.65,75.99,74.36,73.82,73.28,72.74,72.74,72.19,71.65,71.65,75.45,74.36,73.82,73.28,72.74,72.74,72.19,71.65,71.65"
