specimen,layer_index,obs_index,frame_idx,frame_type,tip_x,tip_y,direction_deg,movement_px,confidence,roi_c0,roi_r0,roi_c1,roi_r1,roi_valid_frac,roi_complete,roi_mean_C,roi_max_C,roi_min_C,roi_std_C,roi_median_C,roi_pixels_raw
Rec-022_10s_1,1,1,2794,core,290,331,0.0,0.0,0.9846,294,333,300,337,1.0,True,86.5067,102.0447,80.3349,5.4954,85.2196,"102.04,98.25,94.99,94.45,93.36,92.28,91.73,91.73,90.10,89.56,88.48,88.48,87.93,87.39,85.76,85.76,85.22,85.22,84.68,84.13,84.13,82.51,82.51,83.05,83.05,82.51,82.51,81.96,80.33,80.88,80.33,80.88,80.88,80.33,80.33"
Rec-022_10s_1,1,2,2795,core,296,331,0.0,6.0,0.9835,300,333,306,337,1.0,True,85.7934,101.502,79.7922,4.9095,84.1341,"101.50,96.62,93.36,91.19,90.10,89.56,88.48,92.28,90.10,88.48,87.39,86.31,85.76,85.22,87.39,85.76,85.22,84.13,84.13,83.59,83.05,84.13,83.59,83.05,82.51,81.96,81.42,80.88,81.96,81.42,80.88,80.88,80.33,80.33,79.79"
Rec-022_10s_1,1,3,2796,core,300,331,0.0,4.0,0.9839,304,333,310,337,1.0,True,85.4522,102.0447,78.7067,5.0604,84.1341,"102.04,96.62,93.36,91.19,89.56,89.02,87.93,92.28,89.56,87.93,86.85,85.76,85.22,84.68,87.39,85.76,84.68,84.13,83.59,83.05,82.51,83.59,83.05,82.51,82.51,81.96,80.88,80.88,81.42,80.88,80.88,80.33,80.33,79.79,78.71"
Rec-022_10s_1,1,4,2797,core,309,331,0.0,9.0,0.9852,313,333,319,337,1.0,True,84.2892,98.7882,78.7067,4.4691,83.0486,"98.79,94.45,91.19,89.56,87.93,87.93,87.39,90.10,87.93,86.31,85.22,84.68,84.13,84.13,85.22,84.13,83.05,83.05,82.51,81.96,82.51,82.51,81.96,81.42,80.88,80.88,80.88,80.33,80.33,80.33,80.33,79.79,79.79,79.79,78.71"
Rec-022_10s_1,1,5,2798,core,314,331,0.0,5.0,0.987,318,333,324,337,1.0,True,84.2892,95.5318,80.3349,3.7029,83.0486,"95.53,92.28,90.10,89.02,87.93,87.93,87.39,89.02,87.39,85.76,85.22,84.68,84.68,84.13,84.68,84.13,83.59,83.05,83.05,83.05,83.05,82.51,81.96,81.42,81.42,81.42,81.42,81.42,80.88,80.33,80.33,80.33,80.33,80.33,80.33"
Rec-022_10s_1,1,6,2799,core,323,331,0.0,9.0,0.9886,327,333,333,337,1.0,True,86.7548,97.16,83.0486,3.4776,85.7624,"97.16,93.36,91.19,91.19,91.19,91.19,90.65,90.65,89.02,87.93,87.93,87.93,87.93,87.93,86.31,85.76,85.76,85.76,85.76,85.76,85.76,84.13,84.13,84.13,84.13,84.13,84.13,84.13,83.05,83.05,83.05,83.05,83.05,83.05,83.05"
Rec-022_10s_1,1,7,2800,core,327,331,0.0,4.0,0.9866,331,333,337,337,1.0,True,88.352,99.331,83.5914,3.8116,87.3906,"99.33,96.07,94.45,93.36,92.28,92.28,92.28,92.28,91.19,90.10,89.56,89.56,89.56,89.56,87.93,87.93,87.39,87.39,87.39,87.39,87.39,85.76,85.76,85.76,85.22,85.22,85.76,85.76,83.59,84.13,84.13,84.13,84.13,84.13,84.13"
Rec-022_10s_1,1,8,2801,core,332,331,0.0,5.0,0.9906,336,333,342,337,1.0,True,89.2824,99.331,84.6769,3.9424,88.4761,"99.33,96.62,95.53,94.99,94.45,94.45,94.45,92.28,91.19,91.19,91.19,90.65,90.65,90.65,89.02,89.02,88.48,88.48,88.48,87.93,88.48,86.31,86.85,86.31,86.31,86.31,86.31,86.31,84.68,84.68,84.68,84.68,84.68,84.68,84.68"
Rec-022_10s_1,1,9,2802,core,336,331,0.0,4.0,0.9875,340,333,346,337,1.0,True,90.43,103.1302,85.2196,4.3675,89.5616,"103.13,99.33,97.16,96.07,95.53,95.53,94.99,94.99,93.36,92.28,91.73,91.73,91.19,91.19,90.10,89.56,89.56,89.56,89.56,89.02,89.02,87.93,87.93,87.39,87.39,86.85,86.85,86.85,85.76,85.76,85.76,85.76,85.76,85.22,85.22"
Rec-022_10s_1,1,10,2803,core,345,331,0.0,9.0,0.9863,349,333,355,337,1.0,True,89.8097,103.6729,81.4204,5.0371,89.5616,"103.67,100.42,97.70,96.07,94.99,93.36,91.19,96.07,94.45,93.36,92.28,91.19,90.10,89.56,91.19,91.19,90.10,89.56,89.02,87.93,86.31,87.93,87.93,87.39,86.85,85.76,85.22,83.59,85.76,85.76,85.22,84.13,83.59,83.05,81.42"
Rec-022_10s_1,1,11,2804,core,350,331,0.0,5.0,0.9894,354,333,360,337,0.5714,False,81.56,99.331,73.822,6.8313,79.7922,"99.33,95.53,90.65,83.05,78.16,75.99,74.91,93.36,91.19,87.93,80.88,77.62,75.45,74.91,89.56,87.93,85.22,79.79,77.08,75.45,74.36,86.31,84.68,83.05,78.71,75.99,74.91,73.82,84.13,82.51,80.88,77.62,75.45,74.36,73.82"
Rec-022_10s_1,1,12,2805,core,354,331,0.0,4.0,0.9869,358,333,364,337,0.0,False,75.6673,84.6769,73.822,2.3252,74.9074,"84.68,80.33,77.62,75.99,74.91,74.91,74.36,80.88,77.62,75.99,75.45,74.36,74.36,73.82,78.16,76.54,75.45,74.91,74.36,74.36,73.82,77.08,75.99,74.91,74.36,74.36,73.82,73.82,75.99,74.91,74.36,74.36,73.82,73.82,73.82"
Rec-022_10s_1,1,13,2806,core,355,330,45.0,1.41,0.986,359,332,365,336,0.0,False,76.086,87.9333,73.822,3.033,74.9074,"87.93,82.51,78.71,76.54,75.99,74.91,74.36,83.05,78.71,77.08,75.99,74.91,74.36,73.82,78.71,77.08,75.45,74.91,74.36,74.36,73.82,77.08,75.99,74.91,74.36,73.82,73.82,73.82,75.99,75.45,74.36,74.36,73.82,73.82,73.82"
Rec-022_10s_1,2,1,2942,core,291,332,-45.0,1.41,0.9831,295,334,301,338,1.0,True,87.3596,96.6172,82.5059,3.9373,86.8478,"96.62,94.45,93.36,93.36,92.28,91.73,91.19,90.65,90.65,90.10,89.56,89.56,89.56,89.02,86.85,87.39,86.85,86.85,86.85,86.85,86.31,84.13,84.13,84.13,84.13,84.13,84.13,84.13,82.51,82.51,83.05,82.51,83.05,82.51,82.51"
Rec-022_10s_1,2,2,2943,core,300,331,6.34,9.06,0.9848,304,333,310,337,1.0,True,90.0268,105.8439,83.5914,5.0916,89.0188,"105.84,100.96,97.70,96.07,94.99,94.45,93.36,96.07,94.45,92.28,91.73,91.19,90.10,90.10,91.19,90.10,89.56,89.02,88.48,87.93,87.93,87.93,87.39,86.85,86.85,86.31,85.76,85.76,85.22,84.68,84.68,84.13,84.13,84.13,83.59"
Rec-022_10s_1,2,3,2944,core,304,331,0.0,4.0,0.9823,308,333,314,337,1.0,True,90.1508,108.0149,83.5914,5.4218,89.0188,"108.01,102.04,98.25,96.07,94.45,93.36,93.36,97.70,94.45,92.28,91.73,91.19,90.10,89.56,91.73,90.65,89.56,89.02,88.48,87.93,87.93,87.93,87.93,87.39,86.31,86.31,85.76,85.22,85.22,85.22,84.68,84.13,84.13,83.59,83.59"
Rec-022_10s_1,2,4,2945,core,309,331,0.0,5.0,0.987,313,333,319,337,1.0,True,89.2669,103.1302,83.0486,4.5711,88.4761,"103.13,98.79,96.07,94.99,93.36,92.28,92.28,95.53,93.36,91.73,90.65,90.10,89.56,89.56,90.65,89.56,89.02,88.48,87.93,87.93,87.39,87.39,86.85,86.31,86.31,85.76,85.76,85.22,84.68,84.68,84.13,84.13,84.13,83.59,83.05"
Rec-022_10s_1,2,5,2946,core,323,331,0.0,14.0,0.9868,327,333,333,337,1.0,True,90.1508,101.502,85.2196,4.1199,89.5616,"101.50,98.25,96.62,94.99,94.45,94.45,94.45,94.99,94.45,92.28,91.19,91.19,91.19,91.19,90.10,89.56,89.56,89.56,89.02,89.02,89.02,87.39,87.39,87.39,87.39,87.39,87.39,87.39,85.22,85.22,85.22,85.22,85.22,85.22,85.22"
Rec-022_10s_1,2,6,2947,core,327,331,0.0,4.0,0.9894,331,333,337,337,1.0,True,91.3759,103.1302,86.3051,4.212,90.6471,"103.13,99.33,97.70,96.62,96.62,96.07,95.53,95.53,94.45,93.36,93.36,93.36,92.28,92.28,91.19,91.19,90.65,90.65,90.65,90.65,90.65,88.48,88.48,88.48,88.48,88.48,88.48,87.93,86.31,86.31,86.31,86.31,86.31,86.31,86.31"
Rec-022_10s_1,2,7,2948,core,332,331,0.0,5.0,0.9881,336,333,342,337,1.0,True,92.2288,102.0447,86.8478,4.0123,91.1898,"102.04,99.33,98.25,98.25,97.70,97.16,96.62,95.53,94.99,94.45,94.45,94.45,94.45,93.36,92.28,91.73,91.19,91.19,91.19,91.19,91.19,89.56,89.56,89.56,89.56,89.56,89.02,89.02,87.39,87.39,87.39,87.39,87.39,87.39,86.85"
Rec-022_10s_1,2,8,2949,core,336,331,0.0,4.0,0.9902,340,333,346,337,1.0,True,93.0351,105.3012,87.9333,4.4039,92.2753,"105.30,102.04,99.87,98.25,98.25,97.70,97.16,97.70,96.07,95.53,94.99,94.45,94.45,94.45,93.36,92.28,92.28,92.28,91.73,91.73,91.73,90.65,90.10,90.10,89.56,89.56,89.56,89.56,87.93,87.93,87.93,87.93,87.93,87.93,87.93"
Rec-022_10s_1,2,9,2950,core,341,331,0.0,5.0,0.9894,345,333,351,337,1.0,True,92.9111,103.1302,86.3051,4.2131,92.2753,"103.13,100.96,99.33,98.79,98.25,97.70,96.62,97.16,96.07,95.53,95.53,94.99,94.45,93.36,93.36,93.36,92.28,92.28,92.28,91.73,91.19,90.65,90.65,90.10,90.10,89.56,89.56,89.02,88.48,87.93,87.93,87.93,87.93,87.39,86.31"
Rec-022_10s_1,2,10,2951,core,345,331,0.0,4.0,0.9897,349,333,355,337,1.0,True,91.9962,105.3012,84.1341,4.8063,91.1898,"105.30,102.04,99.33,98.25,96.07,94.99,92.28,98.25,96.62,95.53,94.45,93.36,92.28,91.19,94.45,93.36,92.28,91.73,91.19,89.56,88.48,91.19,90.65,89.56,89.56,88.48,87.39,85.76,88.48,87.93,87.39,86.85,86.31,85.22,84.13"
Rec-022_10s_1,2,11,2952,core,350,331,0.0,5.0,0.9887,354,333,360,337,0.5714,False,82.3198,99.331,73.822,7.0955,80.8776,"99.33,95.53,91.19,83.05,78.16,75.99,75.45,94.45,92.28,89.02,81.42,77.62,75.99,74.91,91.19,89.56,86.85,80.88,77.08,75.45,74.36,88.48,86.85,84.13,79.79,76.54,75.45,74.36,85.76,84.68,82.51,78.16,75.99,74.91,73.82"
Rec-022_10s_1,2,12,2953,core,354,331,0.0,4.0,0.9889,358,333,364,337,0.0,False,75.6053,84.1341,73.822,2.3157,74.9074,"84.13,79.79,77.08,75.99,75.45,74.36,73.82,80.88,77.62,75.99,75.45,74.36,73.82,73.82,78.71,76.54,75.45,74.91,73.82,73.82,73.82,77.62,75.99,74.91,74.36,73.82,73.82,73.82,76.54,75.45,74.91,73.82,73.82,73.82,73.82"
Rec-022_10s_1,2,13,2954,core,355,331,0.0,1.0,0.9865,359,333,365,337,0.0,False,75.2021,83.0486,73.2792,1.9433,74.3647,"83.05,78.71,76.54,75.99,74.91,74.36,73.82,78.71,77.08,75.99,74.91,74.36,73.82,73.82,77.62,75.99,74.91,74.36,73.82,73.82,73.82,75.99,75.45,74.36,74.36,74.36,73.82,73.28,75.99,74.91,74.36,73.82,73.82,73.82,73.28"
Rec-022_10s_1,3,1,3075,core,290,331,0.0,0.0,0.9834,294,333,300,337,1.0,True,91.9341,106.9294,84.6769,5.384,91.1898,"106.93,103.13,100.42,98.79,98.25,98.25,97.16,96.62,94.99,94.45,94.45,94.45,93.36,92.28,91.19,90.65,91.19,91.19,91.19,91.19,90.65,87.93,87.93,88.48,88.48,88.48,88.48,88.48,84.68,85.22,85.76,85.76,85.76,85.76,85.76"
Rec-022_10s_1,3,2,3076,core,293,332,-18.43,3.16,0.9821,297,334,303,338,1.0,True,89.391,98.2455,84.1341,3.6965,89.5616,"98.25,96.62,94.99,94.45,93.36,92.28,92.28,93.36,92.28,92.28,91.73,91.19,91.19,90.65,89.56,89.56,89.56,89.56,89.02,89.02,88.48,86.85,86.85,86.85,86.85,86.85,86.31,85.76,84.68,85.22,84.68,84.68,84.68,84.68,84.13"
Rec-022_10s_1,3,3,3077,core,297,331,14.04,4.12,0.9838,301,333,307,337,1.0,True,92.8646,110.1859,85.7624,5.2659,91.7325,"110.19,104.22,100.96,98.79,97.70,96.62,95.53,99.33,96.62,95.53,94.45,93.36,93.36,92.28,94.45,93.36,92.28,91.73,91.19,91.19,90.65,90.65,90.10,89.56,89.56,89.56,88.48,88.48,87.93,87.93,87.39,87.39,86.85,86.85,85.76"
Rec-022_10s_1,3,4,3078,core,302,331,0.0,5.0,0.9841,306,333,312,337,1.0,True,91.6395,105.3012,85.7624,4.3448,91.1898,"105.30,100.96,98.25,96.62,95.53,94.99,94.45,97.16,95.53,93.36,92.28,92.28,91.19,91.19,93.36,91.73,91.19,91.19,90.65,90.10,90.10,90.10,89.56,89.56,89.02,88.48,87.93,87.93,87.93,87.39,87.39,86.85,86.31,85.76,85.76"
Rec-022_10s_1,3,5,3079,core,306,331,0.0,4.0,0.9861,310,333,316,337,1.0,True,91.7636,106.9294,85.7624,4.5979,91.1898,"106.93,102.04,98.25,96.62,95.53,94.99,94.45,97.70,95.53,93.36,93.36,92.28,91.19,91.19,93.36,92.28,91.19,91.19,90.65,90.10,89.56,90.10,89.56,89.56,89.02,88.48,87.93,87.93,87.93,87.39,87.39,86.85,86.31,85.76,85.76"
Rec-022_10s_1,3,6,3080,core,311,331,0.0,5.0,0.9868,315,333,321,337,1.0,True,91.0503,103.1302,85.7624,3.9806,90.6471,"103.13,99.33,97.16,95.53,94.99,94.45,93.36,96.07,94.45,93.36,92.28,91.19,91.19,90.65,92.28,91.19,91.19,90.65,90.10,89.56,89.56,89.56,89.56,89.02,88.48,87.93,87.93,87.93,87.39,86.85,86.85,86.31,85.76,85.76,85.76"
Rec-022_10s_1,3,7,3081,core,315,331,0.0,4.0,0.9876,319,333,325,337,1.0,True,91.3294,105.3012,85.7624,4.3056,90.1043,"105.30,100.42,97.70,96.07,95.53,94.45,94.45,96.62,94.45,93.36,92.28,91.73,91.73,92.28,92.28,91.19,91.19,90.10,89.56,89.56,90.10,89.56,89.56,89.02,88.48,87.93,87.93,87.93,87.39,86.85,86.85,86.31,86.31,86.31,85.76"
Rec-022_10s_1,3,8,3082,core,320,331,0.0,5.0,0.9892,324,333,330,337,1.0,True,91.9186,102.0447,86.8478,3.9373,91.7325,"102.04,99.33,98.25,97.16,96.62,95.53,95.53,95.53,94.99,94.45,94.45,94.45,93.36,92.28,91.73,91.73,91.73,91.73,91.19,91.19,90.65,89.56,89.56,89.02,89.02,89.02,89.02,89.02,87.39,87.39,86.85,86.85,86.85,86.85,86.85"
Rec-022_10s_1,3,9,3083,core,324,331,0.0,4.0,0.9888,328,333,334,337,1.0,True,92.7715,105.3012,87.9333,4.2088,91.7325,"105.30,101.50,98.79,97.16,96.62,96.62,96.07,98.25,96.62,94.99,94.45,93.36,93.36,93.36,94.45,93.36,92.28,91.73,91.73,91.73,91.73,90.10,90.10,89.56,89.56,89.56,89.56,89.56,87.93,87.93,87.93,87.93,87.93,87.93,87.93"
Rec-022_10s_1,3,10,3084,core,329,331,0.0,5.0,0.9906,333,333,339,337,1.0,True,93.4383,103.1302,88.4761,3.7516,92.2753,"103.13,100.42,98.79,98.25,98.25,98.25,97.16,97.16,96.07,95.53,95.53,94.99,94.99,94.99,93.36,93.36,93.36,92.28,92.28,92.28,92.28,91.19,91.19,90.65,90.65,90.65,90.65,90.65,89.02,89.02,89.02,89.02,88.48,89.02,88.48"
Rec-022_10s_1,3,11,3085,core,333,331,0.0,4.0,0.9894,337,333,343,337,1.0,True,94.4928,106.3867,89.5616,4.2028,94.4463,"106.39,103.13,100.96,99.87,98.79,98.25,98.25,99.33,97.70,96.62,96.07,95.53,95.53,95.53,94.99,94.45,94.45,94.45,93.36,93.36,93.36,91.73,91.73,91.73,91.19,91.19,91.19,91.19,89.56,89.56,89.56,89.56,89.56,89.56,89.56"
Rec-022_10s_1,3,12,3086,core,338,331,0.0,5.0,0.9911,342,333,348,337,1.0,True,95.1596,105.3012,89.5616,4.1105,94.989,"105.30,103.13,101.50,100.42,99.87,99.87,99.33,99.33,98.25,97.16,97.16,97.16,96.62,96.62,95.53,94.99,94.99,94.45,94.99,94.45,94.45,92.28,92.28,92.28,92.28,92.28,91.73,91.73,90.65,90.10,90.10,90.10,90.10,89.56,89.56"
Rec-022_10s_1,3,13,3087,core,342,331,0.0,4.0,0.9888,346,333,352,337,1.0,True,95.5783,108.0149,88.4761,4.7037,95.5318,"108.01,105.30,103.13,102.04,100.42,98.79,98.25,101.50,99.33,98.25,98.25,97.70,96.62,95.53,96.62,96.07,95.53,95.53,94.99,94.45,93.36,93.36,93.36,92.28,92.28,92.28,91.19,90.65,91.19,91.19,90.65,90.10,89.56,89.02,88.48"
Rec-022_10s_1,3,14,3088,core,347,331,0.0,5.0,0.9908,351,333,357,337,1.0,True,90.7711,105.3012,78.7067,6.1048,91.1898,"105.30,101.50,98.79,96.62,94.45,91.19,83.05,99.33,97.70,95.53,94.45,92.28,89.56,81.96,95.53,94.45,93.36,92.28,90.65,87.39,80.88,92.28,91.73,91.19,89.56,87.93,85.22,79.79,90.10,89.56,88.48,87.39,85.76,83.05,78.71"
Rec-022_10s_1,3,15,3089,core,351,331,0.0,4.0,0.9879,355,333,361,337,0.4286,False,81.1568,101.502,73.822,7.4794,77.6212,"101.50,95.53,85.76,79.79,76.54,75.45,74.91,96.07,92.28,83.59,78.71,75.99,74.91,74.36,92.28,89.02,81.96,77.62,75.99,74.91,73.82,89.56,86.31,80.88,77.62,75.99,74.36,73.82,86.85,84.13,79.79,76.54,75.45,74.36,73.82"
Rec-022_10s_1,3,16,3090,core,355,330,14.04,4.12,0.9908,359,332,365,336,0.0,False,76.0084,86.3051,73.822,2.6699,75.4502,"86.31,80.88,78.16,76.54,75.99,74.91,74.36,82.51,78.16,76.54,75.45,75.45,74.91,73.82,78.71,76.54,75.99,74.91,74.36,74.36,73.82,77.62,75.99,75.45,74.36,74.36,73.82,73.82,76.54,75.45,74.36,74.36,73.82,73.82,73.82"
Rec-022_10s_1,4,1,3208,core,290,331,0.0,0.0,0.9903,294,333,300,337,1.0,True,92.2133,106.3867,85.2196,5.2264,91.1898,"106.39,103.13,100.42,99.33,98.79,98.25,97.70,96.07,94.99,94.45,94.45,94.45,94.45,93.36,91.19,91.19,91.19,91.19,91.19,91.19,91.19,87.93,87.93,88.48,89.02,89.02,89.02,89.02,85.22,85.76,85.76,86.31,86.85,86.31,86.31"
Rec-022_10s_1,4,2,3209,core,294,331,0.0,4.0,0.981,298,333,304,337,1.0,True,94.4153,112.8996,87.9333,5.6238,93.3608,"112.90,106.39,103.13,100.42,99.33,98.25,98.25,102.04,98.79,97.16,95.53,95.53,94.99,94.45,95.53,94.45,93.36,93.36,92.28,92.28,91.73,91.19,91.19,91.19,91.19,90.65,90.65,90.10,88.48,88.48,88.48,88.48,88.48,87.93,87.93"
Rec-022_10s_1,4,3,3210,core,299,331,0.0,5.0,0.9857,303,333,309,337,1.0,True,93.6709,109.1004,87.3906,4.8498,92.2753,"109.10,104.22,101.50,98.79,98.25,97.16,95.53,100.42,97.70,96.07,94.99,94.45,93.36,92.28,95.53,94.45,93.36,92.28,92.28,91.19,91.19,91.73,91.73,91.19,90.65,90.10,90.10,89.56,89.56,89.02,89.02,88.48,87.93,87.93,87.39"
Rec-022_10s_1,4,4,3211,core,303,331,0.0,4.0,0.9843,307,333,313,337,1.0,True,93.3763,110.7286,87.3906,4.9684,92.2753,"110.73,104.22,100.96,98.25,97.16,96.07,95.53,100.42,97.70,95.53,94.45,93.36,92.28,92.28,95.53,93.36,92.28,92.28,91.19,91.19,90.65,92.28,91.19,90.65,90.65,90.10,89.56,89.56,89.56,89.02,88.48,88.48,87.93,87.93,87.39"
Rec-022_10s_1,4,5,3212,core,308,331,0.0,5.0,0.9878,312,333,318,337,1.0,True,92.3063,105.8439,87.3906,4.1067,91.1898,"105.84,101.50,98.25,96.62,95.53,95.53,94.45,98.25,95.53,94.45,93.36,92.28,92.28,91.19,93.36,92.28,91.73,91.19,91.19,90.65,90.10,91.19,90.65,90.10,90.10,89.56,89.56,89.02,88.48,87.93,87.93,87.93,87.93,87.39,87.39"
Rec-022_10s_1,4,6,3213,core,312,331,0.0,4.0,0.9858,316,333,322,337,1.0,True,92.4459,107.4722,87.3906,4.326,91.1898,"107.47,102.04,98.79,96.62,95.53,95.53,94.45,98.25,95.53,94.45,93.36,92.28,92.28,91.73,94.45,92.28,92.28,91.19,91.19,90.65,90.65,91.19,90.65,90.10,89.56,89.56,89.02,88.48,89.02,88.48,87.93,87.93,87.93,87.39,87.39"
Rec-022_10s_1,4,7,3214,core,317,331,0.0,5.0,0.9894,321,333,327,337,1.0,True,92.3838,103.6729,87.9333,3.6392,92.2753,"103.67,100.42,97.70,96.07,95.53,95.53,94.99,96.62,94.99,93.36,93.36,93.36,93.36,93.36,93.36,92.28,91.19,91.19,91.73,92.28,92.28,90.65,90.10,89.56,89.56,90.10,90.10,90.10,88.48,88.48,87.93,87.93,87.93,87.93,87.93"
Rec-022_10s_1,4,8,3215,core,322,331,0.0,5.0,0.9865,326,333,332,337,1.0,True,92.7715,102.0447,88.4761,3.3062,92.2753,"102.04,98.79,97.70,96.62,96.07,95.53,95.53,96.62,95.53,94.45,94.45,93.36,93.36,93.36,94.45,93.36,93.36,92.28,92.28,91.73,91.73,91.19,91.19,91.19,90.65,90.65,90.10,90.10,88.48,88.48,88.48,88.48,88.48,88.48,88.48"
Rec-022_10s_1,4,9,3216,core,326,331,0.0,4.0,0.9905,330,333,336,337,1.0,True,94.0121,104.2157,89.5616,3.676,93.3608,"104.22,101.50,98.79,98.25,98.25,98.25,97.70,98.25,96.07,95.53,95.53,95.53,95.53,95.53,94.45,93.36,93.36,93.36,93.36,93.36,93.36,91.73,91.19,91.19,91.19,91.19,91.73,91.73,89.56,89.56,89.56,89.56,89.56,89.56,89.56"
Rec-022_10s_1,4,10,3217,core,331,331,0.0,5.0,0.9883,335,333,341,337,1.0,True,95.051,103.6729,90.6471,3.5738,94.989,"103.67,102.04,100.42,99.87,99.33,99.33,98.79,98.25,97.70,97.16,96.62,96.62,96.62,96.07,95.53,94.99,94.99,94.99,94.45,94.45,94.45,92.28,92.28,92.28,92.28,92.28,92.28,92.28,90.65,90.65,90.65,90.65,90.65,90.65,90.65"
Rec-022_10s_1,4,11,3218,core,335,331,0.0,4.0,0.9914,339,333,345,337,1.0,True,96.152,106.9294,91.1898,3.8752,95.5318,"106.93,103.67,102.04,100.96,100.42,99.87,99.33,100.42,98.79,98.25,98.25,97.70,97.16,97.16,96.62,96.07,96.07,95.53,95.53,95.53,94.99,94.45,93.36,93.36,93.36,93.36,93.36,93.36,91.73,91.73,91.19,91.19,91.19,91.19,91.19"
Rec-022_10s_1,4,12,3219,core,340,331,0.0,5.0,0.9896,344,333,350,337,1.0,True,96.059,105.8439,90.1043,3.7591,95.5318,"105.84,103.13,102.04,101.50,100.42,99.33,98.25,100.42,98.79,98.25,98.25,97.70,96.62,96.07,97.16,96.62,96.07,95.53,95.53,95.53,94.45,94.45,94.45,94.45,93.36,93.36,92.28,92.28,92.28,92.28,91.73,91.19,91.19,91.19,90.10"
Rec-022_10s_1,4,13,3220,core,344,331,0.0,4.0,0.9914,348,333,354,337,1.0,True,94.865,107.4722,87.3906,4.3826,94.4463,"107.47,103.67,101.50,99.87,98.25,96.62,94.99,100.96,99.33,98.25,97.16,95.53,94.45,93.36,97.70,96.62,95.53,94.99,93.36,92.28,91.19,94.45,94.45,93.36,92.28,91.19,90.65,89.56,92.28,91.73,91.19,90.65,89.56,88.48,87.39"
Rec-022_10s_1,4,14,3221,core,349,331,0.0,5.0,0.9893,353,333,359,337,0.7143,False,85.9484,102.0447,75.4502,7.7083,86.8478,"102.04,98.25,95.53,91.19,83.59,78.16,75.99,97.70,95.53,93.36,90.10,83.05,78.16,75.99,94.45,92.28,91.19,87.93,81.42,77.62,75.45,91.73,90.65,89.02,85.76,80.33,77.08,75.45,89.56,88.48,86.85,84.13,78.71,75.99,75.45"
Rec-022_10s_1,4,15,3222,core,353,331,0.0,4.0,0.9905,357,333,363,337,0.1429,False,76.7373,89.0188,73.822,3.5533,75.4502,"89.02,81.42,77.62,75.99,75.45,74.91,74.36,85.76,79.79,77.08,75.45,74.91,74.36,73.82,83.05,78.16,76.54,75.45,74.36,73.82,73.82,80.88,77.62,75.99,74.91,74.36,74.36,73.82,79.79,77.08,75.45,74.36,74.36,73.82,73.82"
Rec-022_10s_1,4,16,3223,core,355,331,0.0,2.0,0.9884,359,333,365,337,0.0,False,75.5432,84.1341,73.822,2.1534,74.9074,"84.13,79.79,77.62,75.99,75.45,74.36,74.36,79.79,77.62,75.99,75.45,74.36,74.36,73.82,77.62,75.99,75.45,74.91,74.36,73.82,73.82,76.54,75.45,74.91,74.36,74.36,73.82,73.82,75.99,75.45,74.91,73.82,73.82,73.82,73.82"
Rec-022_10s_1,5,1,3345,core,290,331,0.0,0.0,0.9836,294,333,300,337,1.0,True,94.1051,109.1004,86.8478,5.2253,93.3608,"109.10,105.30,102.04,101.50,100.42,99.33,98.79,98.25,97.16,96.07,96.07,96.07,95.53,95.53,93.36,92.28,93.36,93.36,93.36,93.36,93.36,89.56,89.56,90.65,90.65,91.19,91.19,90.65,86.85,87.93,87.93,88.48,88.48,88.48,88.48"
Rec-022_10s_1,5,2,3346,core,293,332,-18.43,3.16,0.9834,297,334,303,338,1.0,True,92.1047,100.9592,87.3906,3.6392,91.7325,"100.96,98.79,98.25,97.16,96.07,96.07,95.53,95.53,94.99,94.45,94.45,94.45,93.36,93.36,91.73,91.73,91.73,91.73,91.19,91.19,91.19,89.56,89.56,89.56,89.56,89.56,89.56,89.56,87.39,87.39,87.93,87.93,87.39,87.39,87.39"
Rec-022_10s_1,5,3,3347,core,297,331,14.04,4.12,0.9831,301,333,307,337,1.0,True,95.4852,112.8996,89.5616,5.3373,94.4463,"112.90,107.47,103.13,101.50,99.87,98.79,98.25,103.13,99.87,98.25,97.16,96.07,95.53,94.45,97.16,95.53,94.99,94.45,94.45,93.36,92.28,93.36,92.28,92.28,92.28,91.73,91.19,91.19,90.65,90.10,90.10,89.56,89.56,89.56,89.56"
Rec-022_10s_1,5,4,3348,core,302,331,0.0,5.0,0.9854,306,333,312,337,1.0,True,94.3687,109.1004,88.4761,4.5652,93.3608,"109.10,104.22,101.50,99.33,98.25,97.70,96.62,100.42,98.25,96.62,95.53,94.99,94.45,93.36,96.07,94.99,94.45,93.36,92.28,92.28,91.73,93.36,92.28,91.73,91.19,91.19,90.65,90.10,90.65,90.10,89.56,89.56,89.56,89.02,88.48"
Rec-022_10s_1,5,5,3349,core,306,331,0.0,4.0,0.9857,310,333,316,337,1.0,True,93.9501,110.7286,87.9333,4.8534,92.2753,"110.73,105.30,100.96,98.25,97.70,96.62,95.53,100.96,98.25,96.07,94.99,94.45,93.36,92.28,95.53,94.45,93.36,92.28,92.28,91.73,91.19,92.28,92.28,91.19,91.19,90.65,90.10,89.56,90.65,89.56,89.56,89.56,89.02,88.48,87.93"
Rec-022_10s_1,5,6,3350,core,311,331,0.0,5.0,0.988,315,333,321,337,1.0,True,92.6475,105.3012,87.9333,3.7932,91.7325,"105.30,100.96,98.25,96.62,95.53,95.53,94.45,97.70,95.53,94.45,93.36,93.36,92.28,91.73,94.45,93.36,92.28,91.73,91.19,91.19,90.65,91.19,91.19,90.65,90.10,89.56,89.56,89.56,89.56,89.56,89.02,89.02,87.93,87.93,87.93"
Rec-022_10s_1,5,7,3351,core,320,331,0.0,9.0,0.9898,324,333,330,337,1.0,True,93.0972,103.6729,89.0188,3.2289,92.2753,"103.67,99.87,98.25,96.62,95.53,95.53,95.53,97.16,95.53,94.45,94.45,93.36,93.36,93.36,93.36,93.36,92.28,92.28,92.28,92.28,91.73,91.19,91.19,91.19,91.19,91.19,91.19,90.65,89.56,89.56,89.56,89.56,89.56,89.56,89.02"
Rec-022_10s_1,5,8,3352,core,324,331,0.0,4.0,0.9882,328,333,334,337,1.0,True,94.1671,106.3867,89.5616,3.7856,93.3608,"106.39,102.04,99.33,98.25,97.70,97.70,97.16,98.25,96.62,95.53,95.53,94.99,94.99,94.99,94.99,94.45,93.36,93.36,93.36,93.36,93.36,92.28,92.28,91.73,91.19,91.19,91.73,91.19,90.65,90.10,89.56,89.56,89.56,89.56,89.56"
Rec-022_10s_1,5,9,3353,core,338,331,0.0,14.0,0.992,342,333,348,337,1.0,True,96.4622,106.9294,91.1898,3.7727,95.5318,"106.93,103.67,102.04,101.50,100.96,100.42,99.87,100.42,99.33,98.25,98.25,98.25,97.70,97.16,96.62,96.07,96.07,95.53,95.53,95.53,95.53,94.45,94.45,94.45,93.36,93.36,93.36,93.36,92.28,92.28,92.28,92.28,91.73,91.73,91.19"
Rec-022_10s_1,5,10,3354,core,342,331,0.0,4.0,0.9887,346,333,352,337,1.0,True,96.3691,109.1004,89.5616,4.3946,95.5318,"109.10,105.30,103.13,102.04,100.96,99.87,98.25,102.04,100.42,98.79,98.25,97.70,96.62,95.53,97.70,96.62,96.07,96.07,95.53,94.45,93.36,94.99,94.45,94.45,94.45,93.36,92.28,91.19,92.28,92.28,92.28,91.73,91.19,90.65,89.56"
Rec-022_10s_1,5,11,3355,core,347,331,0.0,5.0,0.9915,351,333,357,337,1.0,True,91.4069,105.8439,78.7067,6.1229,91.1898,"105.84,102.04,99.87,97.70,95.53,91.19,83.05,99.87,98.25,96.07,94.99,92.28,90.10,83.05,96.07,94.99,93.36,92.28,91.19,87.93,81.42,93.36,92.28,91.73,90.65,88.48,85.76,80.33,91.19,90.65,89.56,88.48,86.85,84.13,78.71"
Rec-022_10s_1,5,12,3356,core,351,331,0.0,4.0,0.9875,355,333,361,337,0.4286,False,81.4204,103.1302,73.822,7.7758,78.1639,"103.13,96.07,85.76,78.71,77.08,75.45,74.91,97.16,92.28,84.13,78.71,75.99,75.45,74.36,92.28,89.56,83.05,78.16,75.99,74.36,74.36,90.10,87.39,80.88,77.62,75.99,74.36,73.82,87.93,84.68,79.79,76.54,75.45,74.36,73.82"
Rec-022_10s_1,5,13,3357,core,355,331,0.0,4.0,0.9902,359,333,365,337,0.0,False,75.4967,83.5914,73.822,2.0733,74.9074,"83.59,79.79,77.08,75.99,75.45,74.36,74.36,79.79,77.62,75.99,74.91,74.91,74.36,73.82,77.62,75.99,75.45,74.91,74.36,73.82,73.82,76.54,75.45,74.91,74.36,74.36,73.82,73.82,75.99,74.91,74.36,74.36,73.82,73.82,73.82"
Rec-022_10s_1,6,1,3482,core,291,332,-45.0,1.41,0.9836,295,334,301,338,1.0,True,92.3528,100.9592,86.8478,3.7042,92.2753,"100.96,98.79,97.70,97.70,97.16,96.62,96.07,94.99,94.99,94.99,94.99,94.45,94.45,94.45,91.19,91.73,92.28,92.28,92.28,92.28,91.73,88.48,89.56,89.56,89.56,89.56,89.56,89.56,86.85,87.93,87.93,87.93,87.93,87.93,87.93"
Rec-022_10s_1,6,2,3483,core,296,331,11.31,5.1,0.9825,300,333,306,337,1.0,True,95.5318,109.6431,89.5616,4.6922,94.989,"109.64,105.30,103.13,101.50,100.42,99.33,98.25,101.50,98.79,98.25,97.16,96.07,95.53,94.99,96.62,96.07,95.53,94.99,94.45,94.45,93.36,93.36,93.36,92.28,92.28,92.28,91.73,91.19,91.19,90.65,90.65,90.10,90.10,89.56,89.56"
Rec-022_10s_1,6,3,3484,core,300,331,0.0,4.0,0.9855,304,333,310,337,1.0,True,95.5318,111.8141,89.5616,4.9199,94.4463,"111.81,106.39,103.13,100.96,99.33,98.79,98.25,102.04,99.33,97.70,96.62,95.53,95.53,94.99,97.16,95.53,95.53,94.45,94.45,93.36,93.36,94.45,93.36,92.28,92.28,92.28,91.19,91.19,91.19,91.19,90.65,90.10,90.10,89.56,89.56"
Rec-022_10s_1,6,4,3485,core,305,331,0.0,5.0,0.9844,309,333,315,337,1.0,True,94.4153,106.9294,89.5616,3.9967,94.4463,"106.93,103.13,100.42,98.79,98.25,97.70,96.62,99.33,97.70,96.07,95.53,94.99,94.45,94.45,95.53,94.99,94.45,94.45,93.36,92.28,92.28,93.36,92.28,92.28,91.73,91.19,91.19,91.19,90.65,90.65,90.10,89.56,89.56,89.56,89.56"
Rec-022_10s_1,6,5,3486,core,309,331,0.0,4.0,0.9878,313,333,319,337,1.0,True,94.3842,108.5576,89.0188,4.3104,93.3608,"108.56,103.67,100.96,99.33,98.25,97.70,96.62,99.87,97.70,96.62,95.53,94.99,94.45,93.36,95.53,94.99,94.45,93.36,92.28,92.28,91.73,93.36,92.28,91.73,91.19,91.19,91.19,90.65,90.65,90.65,90.10,90.10,89.56,89.56,89.02"
Rec-022_10s_1,6,6,3487,core,314,331,0.0,5.0,0.9866,318,333,324,337,1.0,True,93.4538,105.3012,88.4761,3.7814,93.3608,"105.30,101.50,99.33,98.25,97.16,96.07,95.53,98.25,96.07,95.53,94.45,94.45,93.36,93.36,94.45,93.36,93.36,93.36,92.28,91.73,91.19,92.28,91.19,91.19,91.19,90.65,90.65,90.10,90.65,89.56,89.56,89.56,89.02,88.48,88.48"
Rec-022_10s_1,6,7,3488,core,318,331,0.0,4.0,0.9893,322,333,328,337,1.0,True,93.6709,106.9294,89.5616,3.9316,92.2753,"106.93,102.04,99.87,98.25,97.16,96.07,96.07,98.79,96.62,95.53,94.45,94.45,93.36,93.36,94.99,93.36,93.36,92.28,92.28,91.73,91.73,91.73,91.19,91.19,91.19,91.19,91.19,91.19,89.56,89.56,89.56,89.56,89.56,89.56,89.56"
Rec-022_10s_1,6,8,3489,core,323,331,0.0,5.0,0.9885,327,333,333,337,1.0,True,93.826,103.6729,89.5616,3.3935,93.3608,"103.67,100.96,98.79,97.70,97.70,97.16,97.16,97.70,96.07,95.53,94.99,94.45,94.99,94.45,94.45,93.36,93.36,93.36,92.28,93.36,92.28,92.28,91.73,91.73,91.19,91.19,91.19,91.19,90.65,90.65,90.10,89.56,89.56,89.56,89.56"
Rec-022_10s_1,6,9,3490,core,327,331,0.0,4.0,0.9903,331,333,337,337,1.0,True,94.8805,106.3867,90.6471,3.623,94.4463,"106.39,102.04,99.87,99.33,98.25,98.25,98.25,98.79,97.16,96.62,96.07,96.07,95.53,95.53,94.99,94.45,94.45,94.45,94.45,94.45,94.45,92.28,92.28,92.28,92.28,92.28,92.28,92.28,90.65,90.65,90.65,90.65,90.65,90.65,91.19"
Rec-022_10s_1,6,10,3491,core,332,331,0.0,5.0,0.9901,336,333,342,337,1.0,True,95.8574,105.3012,91.1898,3.4648,95.5318,"105.30,102.04,101.50,100.42,99.87,99.33,98.79,99.33,98.25,97.70,97.70,97.16,97.16,97.16,96.07,95.53,95.53,95.53,95.53,95.53,94.99,93.36,93.36,93.36,93.36,93.36,93.36,93.36,91.73,91.73,91.19,91.73,91.19,91.73,91.73"
Rec-022_10s_1,6,11,3492,core,336,331,0.0,4.0,0.9908,340,333,346,337,1.0,True,96.7878,108.0149,91.7325,3.8417,96.0745,"108.01,104.22,102.04,101.50,100.96,100.42,99.87,101.50,99.87,98.79,98.25,98.25,98.25,97.70,97.16,96.62,96.07,96.07,96.07,95.53,95.53,94.45,94.45,94.45,94.45,94.45,94.45,93.36,92.28,92.28,92.28,92.28,92.28,91.73,91.73"
Rec-022_10s_1,6,12,3493,core,341,331,0.0,5.0,0.9915,345,333,351,337,1.0,True,96.7723,106.9294,91.1898,3.8999,96.6172,"106.93,104.22,103.13,102.04,100.96,99.87,98.79,101.50,100.42,99.33,98.79,98.25,97.70,96.62,97.70,97.70,97.16,96.62,96.07,95.53,94.99,94.99,94.99,94.45,94.45,94.45,93.36,92.28,92.28,92.28,92.28,92.28,92.28,91.19,91.19"
Rec-022_10s_1,6,13,3494,core,345,331,0.0,4.0,0.9907,349,333,355,337,1.0,True,94.927,108.5576,86.8478,4.7062,94.4463,"108.56,104.22,102.04,100.42,98.25,96.07,94.45,102.04,99.87,98.25,97.16,95.53,94.45,92.28,98.25,97.16,95.53,94.99,93.36,92.28,90.65,94.99,94.45,93.36,92.28,91.19,90.10,88.48,92.28,92.28,91.73,90.65,89.56,88.48,86.85"
Rec-022_10s_1,6,14,3495,core,350,331,0.0,5.0,0.9908,354,333,360,337,0.5714,False,83.7154,102.0447,73.822,8.0816,82.5059,"102.04,97.70,92.28,83.59,78.71,75.99,74.91,97.16,94.45,91.19,83.05,77.62,75.99,74.36,94.45,91.73,89.02,82.51,77.62,75.99,74.36,91.19,89.56,87.39,81.42,77.62,75.45,74.36,89.56,87.93,85.22,79.79,76.54,75.45,73.82"
Rec-022_10s_1,6,15,3496,core,354,331,0.0,4.0,0.99,358,333,364,337,0.0,False,75.8224,84.6769,73.2792,2.4982,74.9074,"84.68,80.33,77.08,75.99,75.45,74.91,74.36,81.42,77.62,75.99,75.45,74.36,73.82,73.82,79.79,77.08,75.99,74.36,74.36,73.82,73.82,78.16,75.99,75.45,74.36,73.82,73.82,73.82,77.62,75.99,74.91,74.36,73.82,73.82,73.28"
Rec-022_10s_1,6,16,3497,core,355,331,0.0,1.0,0.9879,359,333,365,337,0.0,False,75.2796,83.0486,73.2792,2.0173,74.3647,"83.05,78.71,77.08,75.99,74.91,74.36,73.82,79.79,77.08,75.99,74.91,74.36,73.82,73.82,77.62,75.99,74.91,74.36,73.82,73.82,73.82,76.54,75.45,74.91,74.36,73.82,73.82,73.82,75.99,74.91,74.36,73.82,73.82,73.82,73.28"
Rec-024_90s_1,1,1,4801,core,292,332,-26.57,2.24,0.983,296,334,302,338,1.0,True,74.8454,87.3906,68.3945,4.7965,73.822,"87.39,84.13,83.05,80.88,80.33,79.79,79.79,79.79,78.71,77.62,77.62,76.54,75.99,75.45,75.45,74.91,74.36,73.82,73.82,73.28,72.74,72.19,71.65,71.65,71.65,70.57,70.57,70.57,70.57,70.02,69.48,69.48,68.94,68.39,68.39"
Rec-024_90s_1,1,2,4802,core,297,331,11.31,5.1,0.9801,301,333,307,337,1.0,True,77.6832,93.3608,70.0227,5.8207,76.5357,"93.36,89.56,86.31,85.22,84.13,83.05,82.51,84.68,83.05,81.42,80.33,79.79,78.71,78.71,78.71,77.62,77.08,76.54,75.99,75.99,75.45,74.91,74.36,73.82,73.82,72.74,72.74,72.19,71.65,71.65,71.65,70.57,70.57,70.02,70.02"
Rec-024_90s_1,1,3,4803,core,301,331,0.0,4.0,0.9831,305,333,311,337,1.0,True,77.7452,94.989,70.0227,6.0005,76.5357,"94.99,90.10,86.85,84.68,83.59,83.05,82.51,85.76,83.05,81.42,80.33,79.79,78.71,78.16,78.71,77.62,77.08,76.54,75.99,75.45,75.45,74.91,74.36,73.82,73.82,73.28,72.74,72.19,71.65,71.65,71.65,70.57,70.57,70.02,70.02"
Rec-024_90s_1,1,4,4804,core,306,331,0.0,5.0,0.9812,310,333,316,337,1.0,True,77.218,91.1898,70.0227,5.3656,75.9929,"91.19,87.93,85.22,84.13,83.05,83.05,82.51,84.13,81.42,80.33,79.79,78.71,78.71,78.16,78.16,77.62,76.54,75.99,75.99,75.45,74.91,74.36,73.82,73.82,73.28,72.74,72.74,72.19,71.65,71.65,71.65,70.57,70.57,70.57,70.02"
Rec-024_90s_1,1,5,4805,core,310,331,0.0,4.0,0.9835,314,333,320,337,1.0,True,77.7452,93.3608,70.5655,5.5609,76.5357,"93.36,89.02,86.31,84.13,83.59,83.05,82.51,84.68,83.05,80.88,79.79,79.79,78.71,78.71,78.71,77.62,77.08,76.54,75.99,75.99,75.99,74.36,74.36,73.82,73.82,73.28,73.28,73.28,72.19,72.19,71.65,71.65,70.57,70.57,70.57"
Rec-024_90s_1,1,6,4806,core,315,331,0.0,5.0,0.9831,319,333,325,337,1.0,True,78.1484,91.1898,72.1937,4.9785,77.0784,"91.19,87.93,85.76,84.13,83.59,83.59,83.59,84.13,81.96,80.88,80.33,79.79,79.79,79.79,78.71,77.62,77.62,77.08,77.08,76.54,77.08,75.45,74.36,74.36,74.36,74.36,74.36,74.36,72.19,72.19,72.19,72.19,72.19,72.19,72.19"
Rec-024_90s_1,1,7,4807,core,319,331,0.0,4.0,0.9852,323,333,329,337,1.0,True,79.6991,93.3608,73.2792,5.2421,78.7067,"93.36,89.56,87.93,86.31,85.76,85.76,86.31,85.22,83.05,82.51,81.96,81.42,81.96,81.96,79.79,78.71,78.71,78.16,78.16,78.16,78.71,75.99,75.99,75.99,75.99,75.99,75.99,75.99,73.28,73.28,73.28,73.28,73.28,73.82,73.82"
Rec-024_90s_1,1,8,4808,core,324,331,0.0,5.0,0.9849,328,333,334,337,1.0,True,81.5134,93.3608,74.9074,5.4018,80.3349,"93.36,91.19,90.10,89.56,89.56,89.02,88.48,85.76,84.68,84.13,84.13,84.13,84.13,83.59,80.88,80.88,80.33,80.33,80.33,80.33,80.33,77.62,77.62,77.62,77.62,77.62,77.62,77.62,74.91,74.91,74.91,74.91,74.91,74.91,74.91"
Rec-024_90s_1,1,9,4809,core,328,331,0.0,4.0,0.9858,332,333,338,337,1.0,True,82.8315,98.2455,75.9929,5.933,81.4204,"98.25,94.45,92.28,91.19,90.10,89.56,89.56,89.02,86.85,85.76,85.22,85.22,84.68,84.68,83.05,81.96,81.96,81.42,80.88,80.88,80.88,78.71,78.71,78.71,78.71,78.16,78.16,78.16,75.99,75.99,75.99,75.99,75.99,75.99,75.99"
Rec-024_90s_1,1,10,4810,core,333,331,0.0,5.0,0.9874,337,333,343,337,1.0,True,83.4053,96.0745,76.5357,5.4875,82.5059,"96.07,93.36,92.28,91.19,91.19,90.65,90.10,88.48,87.39,86.31,85.76,85.76,85.22,85.22,83.05,83.05,83.05,82.51,81.96,81.96,81.42,79.79,79.79,79.79,79.79,78.71,78.71,78.71,77.08,77.08,77.08,77.08,76.54,76.54,76.54"
Rec-024_90s_1,1,11,4811,core,337,331,0.0,4.0,0.987,341,333,347,337,1.0,True,83.948,98.7882,76.5357,5.7948,83.0486,"98.79,95.53,93.36,92.28,91.19,90.65,89.56,89.56,88.48,87.39,86.31,85.76,85.76,85.22,84.13,83.59,83.05,83.05,82.51,81.96,81.42,80.33,80.33,79.79,79.79,79.79,78.71,78.71,77.62,77.62,77.62,77.62,77.08,77.08,76.54"
Rec-024_90s_1,1,12,4812,core,342,331,0.0,5.0,0.9877,346,333,352,337,1.0,True,82.9246,95.5318,75.9929,5.1572,81.9631,"95.53,93.36,91.19,90.10,89.56,87.93,87.93,88.48,87.39,85.76,85.76,84.68,84.13,84.13,83.59,83.05,82.51,81.96,81.42,80.88,80.88,80.33,79.79,79.79,78.71,78.71,78.71,78.16,77.62,77.62,77.08,77.08,76.54,75.99,75.99"
Rec-024_90s_1,1,13,4813,core,346,331,0.0,4.0,0.9853,350,333,356,337,1.0,True,82.0252,96.6172,74.9074,5.2841,80.8776,"96.62,93.36,90.65,89.02,87.93,85.76,81.42,89.02,86.85,85.76,84.68,84.13,83.05,79.79,84.13,83.05,81.96,80.88,80.88,80.33,77.62,80.33,79.79,78.71,78.71,78.16,77.62,75.99,77.62,77.08,77.08,76.54,75.99,75.45,74.91"
Rec-024_90s_1,1,14,4814,core,351,331,0.0,5.0,0.9839,355,333,361,337,0.2857,False,77.7142,91.7325,74.9074,3.657,75.9929,"91.73,85.22,79.79,77.62,76.54,75.99,75.99,86.31,81.96,78.71,77.08,75.99,75.99,75.45,81.96,79.79,77.62,76.54,75.99,75.45,75.45,78.71,77.62,76.54,75.99,75.45,74.91,74.91,76.54,75.99,75.99,75.45,74.91,74.91,74.91"
Rec-024_90s_1,1,15,4815,core,355,331,0.0,4.0,0.9845,359,333,365,337,0.0,False,76.179,83.0486,74.3647,1.6305,75.9929,"83.05,79.79,77.62,76.54,75.99,75.99,75.99,78.71,77.62,76.54,75.99,75.99,75.45,75.45,77.62,76.54,75.99,75.99,75.45,75.45,74.91,75.99,75.99,75.45,75.45,75.45,74.91,74.91,75.99,75.45,75.45,74.91,74.91,74.36,74.36"
Rec-024_90s_1,1,16,4816,core,355,330,90.0,1.0,0.9887,359,332,365,336,0.0,False,76.7993,85.7624,74.9074,2.1724,75.9929,"85.76,81.42,78.71,77.08,76.54,75.99,75.99,81.42,78.71,77.62,76.54,75.99,75.99,75.45,78.16,77.62,76.54,75.99,75.99,75.45,75.45,77.08,75.99,75.99,75.99,75.45,75.45,74.91,75.99,75.99,75.99,75.45,75.45,74.91,74.91"
Rec-024_90s_1,2,1,4943,core,290,331,0.0,0.0,0.9797,294,333,300,337,1.0,True,85.9484,103.6729,77.6212,6.8872,85.2196,"103.67,99.87,97.16,95.53,94.45,93.36,92.28,92.28,90.65,89.56,89.56,89.02,87.93,87.93,85.76,85.22,85.22,85.22,84.68,84.13,84.13,80.88,81.42,81.42,80.88,80.88,80.88,80.33,77.62,78.16,77.62,77.62,77.62,77.62,77.62"
Rec-024_90s_1,2,2,4944,core,296,331,0.0,6.0,0.982,300,333,306,337,1.0,True,86.3516,106.3867,77.6212,6.9413,84.6769,"106.39,101.50,97.16,94.99,93.36,91.73,91.19,94.99,92.28,90.10,89.02,87.93,87.93,86.85,87.93,86.31,85.76,84.68,84.13,84.13,83.59,83.05,82.51,81.96,81.42,80.88,80.88,80.33,79.79,78.71,78.71,78.71,78.16,77.62,77.62"
Rec-024_90s_1,2,3,4945,core,301,331,0.0,5.0,0.9822,305,333,311,337,1.0,True,85.5297,101.502,77.6212,5.9882,84.6769,"101.50,97.16,94.45,93.36,92.28,91.19,91.19,92.28,90.65,89.02,88.48,87.93,86.85,86.85,86.85,85.76,84.68,84.68,84.13,83.59,83.59,82.51,81.96,81.96,80.88,80.88,80.88,80.33,78.71,78.71,78.71,78.16,78.16,77.62,77.62"
Rec-024_90s_1,2,4,4946,core,305,331,0.0,4.0,0.9839,309,333,315,337,1.0,True,85.6848,103.6729,77.6212,6.2776,84.1341,"103.67,98.79,95.53,93.36,91.73,91.19,91.19,93.36,91.19,89.56,87.93,86.85,85.76,86.31,87.39,85.76,85.22,84.13,84.13,83.59,83.05,83.05,81.96,81.96,81.42,80.88,80.88,80.33,78.71,78.71,78.71,78.71,78.16,78.16,77.62"
Rec-024_90s_1,2,5,4947,core,310,331,0.0,5.0,0.9842,314,333,320,337,1.0,True,84.8009,99.8737,77.6212,5.4446,84.1341,"99.87,96.62,93.36,91.19,90.10,89.56,89.56,91.19,89.56,87.93,86.85,85.76,85.76,85.76,85.76,84.68,84.13,84.13,83.59,83.05,83.05,82.51,81.96,81.42,80.88,80.88,80.88,80.33,78.71,78.71,78.71,78.16,78.16,77.62,77.62"
Rec-024_90s_1,2,6,4948,core,314,331,0.0,4.0,0.9845,318,333,324,337,1.0,True,85.6848,101.502,78.7067,5.6391,84.6769,"101.50,97.16,94.45,92.28,91.73,91.19,91.19,91.73,89.56,88.48,87.93,87.93,87.39,87.39,86.31,85.76,84.68,84.68,84.13,84.13,84.13,82.51,81.96,81.96,81.96,81.96,81.42,81.42,78.71,79.79,78.71,78.71,78.71,78.71,78.71"
Rec-024_90s_1,2,7,4949,core,319,331,0.0,5.0,0.9862,323,333,329,337,1.0,True,86.6773,99.8737,79.7922,5.3411,85.7624,"99.87,96.62,94.45,93.36,93.36,93.36,93.36,91.73,90.10,89.56,89.02,89.02,89.02,89.02,86.85,85.76,85.76,85.76,85.76,85.76,85.76,83.05,83.05,83.05,83.05,83.05,83.05,82.51,80.33,79.79,80.33,79.79,79.79,79.79,79.79"
Rec-024_90s_1,2,8,4950,core,323,331,0.0,4.0,0.9854,327,333,333,337,1.0,True,87.6387,103.1302,80.8776,5.7649,86.3051,"103.13,99.33,97.16,95.53,94.45,93.36,92.28,93.36,92.28,91.19,90.10,89.56,89.56,88.48,87.93,87.93,86.85,86.31,86.31,85.76,85.76,84.13,84.13,83.59,83.59,83.05,83.05,83.05,80.88,80.88,80.88,80.88,80.88,80.88,80.88"
Rec-024_90s_1,2,9,4951,core,328,331,0.0,5.0,0.9879,332,333,338,337,1.0,True,87.3596,101.502,81.4204,4.9488,86.3051,"101.50,97.70,94.99,94.45,92.28,91.19,91.19,93.36,91.19,90.10,89.56,89.02,87.93,87.93,87.93,87.39,87.39,86.31,85.76,85.76,85.76,84.13,84.13,84.13,84.13,83.59,83.59,83.59,81.96,81.96,81.96,81.42,81.42,81.42,81.42"
Rec-024_90s_1,2,10,4952,core,332,331,0.0,4.0,0.9875,336,333,342,337,1.0,True,88.6467,101.502,82.5059,4.9824,87.9333,"101.50,97.16,94.99,94.45,94.45,95.53,96.62,93.36,91.19,90.65,90.10,90.65,91.19,92.28,88.48,87.93,87.39,87.39,87.93,87.93,88.48,85.22,84.68,84.68,84.68,84.68,85.22,85.22,83.05,82.51,82.51,82.51,82.51,82.51,83.05"
Rec-024_90s_1,2,11,4953,core,337,331,0.0,5.0,0.9891,341,333,347,337,1.0,True,90.6626,101.502,83.0486,5.7913,90.1043,"101.50,100.42,100.42,99.87,99.33,98.25,97.70,94.45,94.45,94.45,94.45,94.45,93.36,93.36,90.10,90.10,90.10,90.10,90.10,89.56,89.56,86.31,86.31,86.31,86.31,86.31,85.76,85.76,83.59,83.59,83.59,83.59,83.59,83.05,83.05"
Rec-024_90s_1,2,12,4954,core,341,331,0.0,4.0,0.984,345,333,351,337,1.0,True,91.0037,106.9294,82.5059,6.288,90.1043,"106.93,103.13,101.50,99.33,98.25,97.16,96.07,98.25,96.07,95.53,94.45,93.36,92.28,92.28,92.28,91.19,90.65,90.10,89.56,89.02,88.48,87.93,87.39,86.85,86.31,85.76,85.76,85.22,84.13,84.13,83.59,83.59,83.05,83.05,82.51"
Rec-024_90s_1,2,13,4955,core,346,331,0.0,5.0,0.984,350,333,356,337,1.0,True,87.4526,103.1302,77.6212,5.9987,86.3051,"103.13,99.33,97.16,94.99,92.28,90.65,85.22,95.53,94.45,92.28,91.19,89.56,88.48,83.05,90.65,89.56,89.02,87.93,86.31,85.22,80.88,86.31,85.76,85.22,84.13,83.05,81.96,78.71,83.59,83.05,82.51,81.42,80.88,79.79,77.62"
Rec-024_90s_1,2,14,4956,core,350,331,0.0,4.0,0.9809,354,333,360,337,0.4286,False,81.1258,100.4165,75.4502,6.2604,78.7067,"100.42,95.53,87.93,80.88,78.16,77.08,75.99,93.36,90.65,85.22,79.79,77.62,76.54,75.99,88.48,86.31,82.51,78.71,77.62,75.99,75.99,84.68,83.05,80.33,77.62,76.54,75.99,75.45,81.42,80.88,78.71,77.08,75.99,75.45,75.45"
Rec-024_90s_1,2,15,4957,core,355,331,0.0,5.0,0.9812,359,333,365,337,0.0,False,76.2255,81.9631,74.9074,1.3748,75.9929,"81.96,78.71,77.62,76.54,75.99,75.99,75.45,78.71,77.62,76.54,75.99,75.99,75.99,75.45,77.62,76.54,75.99,75.99,75.45,75.45,74.91,76.54,75.99,75.99,75.45,75.45,75.45,74.91,75.99,75.99,75.45,75.45,74.91,74.91,74.91"
Rec-024_90s_1,2,16,4958,core,355,330,90.0,1.0,0.9888,359,332,365,336,0.0,False,76.9234,85.7624,74.9074,2.1537,75.9929,"85.76,81.42,78.71,77.62,76.54,75.99,75.99,81.42,78.71,77.62,76.54,75.99,75.99,75.45,78.71,77.62,76.54,75.99,75.99,75.45,75.45,77.62,76.54,75.99,75.99,75.99,75.45,74.91,76.54,75.99,75.99,75.99,75.45,75.45,74.91"
Rec-024_90s_1,3,1,5090,core,290,332,-90.0,1.0,0.9808,294,334,300,338,1.0,True,85.8089,96.0745,79.7922,4.6731,85.2196,"96.07,94.45,92.28,92.28,92.28,91.19,91.19,89.56,89.02,89.02,89.02,88.48,88.48,87.93,85.76,85.22,85.76,85.22,85.22,84.68,84.68,82.51,82.51,82.51,82.51,82.51,82.51,81.96,79.79,79.79,79.79,79.79,79.79,79.79,79.79"
Rec-024_90s_1,3,2,5091,core,293,332,0.0,3.0,0.9801,297,334,303,338,1.0,True,86.6773,98.7882,79.7922,4.9263,85.7624,"98.79,96.07,94.45,93.36,92.28,91.73,91.19,91.73,90.65,89.56,89.56,89.56,88.48,87.93,87.39,86.85,86.31,85.76,85.76,85.76,85.22,83.59,83.59,83.05,83.05,83.05,82.51,82.51,80.88,80.88,80.88,80.88,80.33,80.33,79.79"
Rec-024_90s_1,3,3,5092,core,298,331,11.31,5.1,0.9838,302,333,308,337,1.0,True,89.9958,108.5576,81.9631,6.1607,89.0188,"108.56,103.13,99.33,97.16,95.53,94.99,94.45,97.70,95.53,93.36,92.28,91.19,90.65,90.10,91.19,90.10,89.56,89.02,88.48,87.93,87.93,86.85,86.85,86.31,85.76,85.76,85.22,84.68,83.59,83.59,83.05,83.05,82.51,82.51,81.96"
Rec-024_90s_1,3,4,5093,core,302,331,0.0,4.0,0.982,306,333,312,337,1.0,True,89.8717,109.6431,81.9631,6.1941,88.4761,"109.64,103.13,99.33,96.62,95.53,94.45,93.36,98.25,94.99,92.28,91.73,91.19,90.10,89.56,91.73,90.10,89.56,88.48,87.93,87.93,87.39,87.39,86.85,86.31,85.76,85.22,84.68,84.68,84.13,83.59,83.05,83.05,83.05,82.51,81.96"
Rec-024_90s_1,3,5,5094,core,307,331,0.0,5.0,0.9855,311,333,317,337,1.0,True,89.1739,105.8439,81.9631,5.5358,87.9333,"105.84,100.42,97.70,95.53,94.99,94.45,93.36,95.53,93.36,91.73,91.19,91.19,90.10,89.56,90.65,89.56,88.48,87.93,87.93,87.39,86.85,86.85,85.76,85.76,85.22,84.68,84.68,84.13,83.59,83.05,83.05,83.05,83.05,82.51,81.96"
Rec-024_90s_1,3,6,5095,core,311,331,0.0,4.0,0.9828,315,333,321,337,1.0,True,89.453,108.0149,83.0486,5.7582,87.9333,"108.01,102.04,98.25,95.53,94.45,93.36,93.36,97.16,94.45,91.73,91.19,90.10,90.10,89.56,90.65,89.56,88.48,87.93,87.93,87.93,87.39,86.31,85.76,85.76,85.76,85.76,85.22,85.22,83.59,83.05,83.05,83.05,83.05,83.05,83.05"
Rec-024_90s_1,3,7,5096,core,321,331,0.0,10.0,0.9855,325,333,331,337,1.0,True,90.1508,102.0447,84.1341,4.5767,89.5616,"102.04,98.25,96.62,96.07,95.53,95.53,94.45,94.99,93.36,92.28,92.28,92.28,92.28,91.73,90.65,90.10,89.56,89.56,89.56,89.56,89.56,87.39,87.39,87.39,87.39,86.85,86.85,86.85,84.13,84.13,84.13,84.13,84.13,84.13,84.13"
Rec-024_90s_1,3,8,5097,core,325,331,0.0,4.0,0.9884,329,333,335,337,1.0,True,90.3369,105.3012,84.6769,4.6423,89.5616,"105.30,100.42,97.70,94.45,93.36,92.28,91.19,96.62,94.99,93.36,91.73,91.73,91.19,90.65,91.73,91.19,90.10,89.56,89.56,89.02,88.48,88.48,87.93,87.93,87.39,86.85,86.85,86.31,85.76,85.22,85.22,85.22,84.68,84.68,84.68"
Rec-024_90s_1,3,9,5098,core,334,331,0.0,9.0,0.9899,338,333,344,337,1.0,True,92.2753,102.0447,85.7624,4.8856,91.7325,"102.04,100.42,99.33,99.33,99.33,99.33,98.79,95.53,94.45,94.45,94.99,95.53,95.53,95.53,91.19,91.19,91.19,91.73,92.28,92.28,92.28,88.48,88.48,88.48,89.02,89.02,89.02,89.02,85.76,85.76,85.76,86.31,85.76,85.76,86.31"
Rec-024_90s_1,3,10,5099,core,339,331,0.0,5.0,0.9892,343,333,349,337,1.0,True,93.5159,105.3012,86.3051,5.1351,93.3608,"105.30,103.13,101.50,100.42,99.87,99.33,98.25,98.25,97.70,97.16,96.62,96.07,95.53,95.53,93.36,93.36,93.36,93.36,93.36,92.28,92.28,90.10,90.10,90.10,89.56,89.56,89.56,89.56,87.39,87.39,87.39,86.85,86.85,86.31,86.31"
Rec-024_90s_1,3,11,5100,core,352,331,0.0,13.0,0.9879,356,333,362,337,0.1429,False,78.7687,95.5318,74.9074,4.477,77.0784,"95.53,84.68,80.33,78.16,77.08,75.99,75.99,90.10,82.51,78.71,77.62,76.54,75.99,75.99,85.76,80.88,78.16,77.08,75.99,75.99,75.45,83.59,79.79,77.62,76.54,75.99,75.45,75.45,81.42,78.16,76.54,75.99,75.45,75.45,74.91"
Rec-024_90s_1,3,12,5101,core,355,331,0.0,3.0,0.9891,359,333,365,337,0.0,False,76.5512,83.5914,74.9074,1.699,75.9929,"83.59,79.79,77.62,77.08,76.54,75.99,75.99,79.79,78.16,77.08,76.54,75.99,75.99,75.45,78.16,77.08,76.54,75.99,75.99,75.99,75.45,77.08,75.99,75.99,75.99,75.45,74.91,74.91,76.54,75.99,75.45,75.45,74.91,74.91,74.91"
Rec-024_90s_1,4,1,5226,core,290,331,0.0,0.0,0.9822,294,333,300,337,1.0,True,91.0502,104.2157,84.1341,5.4758,90.1043,"104.22,101.50,99.33,98.79,98.25,97.70,97.16,95.53,94.45,94.45,94.45,93.36,93.36,92.28,90.10,90.10,90.65,90.65,90.10,90.10,90.10,86.85,86.85,87.39,87.39,87.93,87.39,87.39,84.13,84.13,84.13,84.13,84.13,84.13,84.13"
Rec-024_90s_1,4,2,5227,core,291,332,-45.0,1.41,0.9828,295,334,301,338,1.0,True,88.29,97.7027,82.5059,4.2892,87.9333,"97.70,95.53,94.99,94.45,93.36,93.36,93.36,91.73,91.19,91.19,91.19,91.19,90.65,90.10,87.93,88.48,87.93,87.93,87.93,87.93,87.39,84.68,85.22,85.22,85.22,85.22,84.68,84.68,82.51,83.05,83.05,83.05,83.05,82.51,82.51"
Rec-024_90s_1,4,3,5228,core,300,331,6.34,9.06,0.9833,304,333,310,337,1.0,True,91.2828,106.3867,84.1341,5.2066,90.1043,"106.39,102.04,99.33,97.70,96.62,95.53,94.99,97.70,95.53,94.45,93.36,92.28,91.73,91.19,92.28,91.73,91.19,90.10,89.56,89.56,89.56,89.56,89.02,88.48,87.93,87.93,87.39,86.31,85.76,85.76,85.76,85.22,84.68,84.13,84.13"
Rec-024_90s_1,4,4,5229,core,304,331,0.0,4.0,0.985,308,333,314,337,1.0,True,91.3294,108.0149,84.1341,5.364,90.6471,"108.01,103.13,98.79,97.16,96.07,95.53,94.45,98.25,95.53,94.45,93.36,92.28,91.73,91.19,92.28,91.73,91.19,90.65,90.10,89.56,89.56,89.56,89.02,88.48,87.93,87.39,86.85,86.31,85.76,85.76,85.76,85.22,85.22,84.13,84.13"
Rec-024_90s_1,4,5,5230,core,309,331,0.0,5.0,0.9857,313,333,319,337,1.0,True,90.6626,104.2157,84.1341,4.6877,90.1043,"104.22,100.42,97.70,96.07,95.53,94.45,94.45,96.07,94.45,93.36,92.28,91.73,91.19,91.19,91.73,91.19,91.19,90.10,89.56,89.56,89.02,88.48,87.93,87.93,87.93,86.85,86.85,86.31,85.76,85.76,85.22,85.22,84.68,84.68,84.13"
Rec-024_90s_1,4,6,5231,core,313,331,0.0,4.0,0.9868,317,333,323,337,1.0,True,91.0037,105.3012,85.2196,4.7136,90.1043,"105.30,100.96,98.25,96.07,95.53,94.99,94.45,97.16,94.99,93.36,92.28,92.28,91.73,91.19,91.73,91.19,90.65,90.10,89.56,89.56,89.56,88.48,87.93,87.93,87.93,87.93,87.93,87.39,85.76,85.76,85.76,85.76,85.22,85.22,85.22"
Rec-024_90s_1,4,7,5232,core,318,331,0.0,5.0,0.988,322,333,328,337,1.0,True,91.2518,103.1302,85.7624,4.2276,90.6471,"103.13,99.87,97.70,96.07,95.53,94.99,94.99,96.07,94.45,93.36,93.36,92.28,92.28,92.28,92.28,91.19,91.19,90.65,90.65,90.10,90.10,89.02,89.02,88.48,88.48,88.48,87.93,87.93,86.31,86.31,86.31,85.76,85.76,85.76,85.76"
Rec-024_90s_1,4,8,5233,core,322,331,0.0,4.0,0.9882,326,333,332,337,1.0,True,91.562,105.3012,85.7624,4.4146,91.1898,"105.30,100.96,98.25,96.62,95.53,94.45,93.36,97.16,95.53,94.45,93.36,92.28,91.73,91.19,92.28,92.28,91.19,91.19,90.65,90.10,89.56,89.56,89.56,89.56,89.02,88.48,88.48,87.93,86.85,86.85,86.85,86.31,86.31,85.76,85.76"
Rec-024_90s_1,4,9,5234,core,327,331,0.0,5.0,0.9897,331,333,337,337,1.0,True,91.2053,101.502,86.8478,3.3469,91.1898,"101.50,97.16,94.99,94.45,93.36,94.45,94.99,95.53,93.36,92.28,92.28,92.28,92.28,93.36,91.73,91.19,91.19,91.19,90.65,91.19,91.19,89.56,89.02,89.02,88.48,88.48,89.02,89.56,87.39,86.85,86.85,86.85,86.85,86.85,86.85"
Rec-024_90s_1,4,10,5235,core,331,331,0.0,4.0,0.9892,335,333,341,337,1.0,True,93.1127,102.0447,87.9333,3.8756,92.2753,"102.04,99.33,98.25,98.25,98.25,98.25,98.25,96.07,95.53,95.53,95.53,95.53,94.99,95.53,92.28,92.28,92.28,92.28,92.28,93.36,93.36,90.10,89.56,90.10,90.10,90.65,91.19,91.19,87.93,87.93,87.93,87.93,87.93,88.48,88.48"
Rec-024_90s_1,4,11,5236,core,336,331,0.0,5.0,0.9908,340,333,346,337,1.0,True,95.1286,105.3012,89.5616,4.2919,94.989,"105.30,103.13,101.50,100.96,100.42,100.42,99.87,98.25,97.70,97.70,97.16,97.16,97.16,97.16,94.99,94.45,94.99,94.99,94.99,94.99,94.99,91.73,91.73,92.28,92.28,92.28,91.73,92.28,89.56,89.56,89.56,89.56,89.56,89.56,89.56"
Rec-024_90s_1,4,12,5237,core,340,331,0.0,4.0,0.989,344,333,350,337,1.0,True,95.9039,108.5576,89.0188,4.7683,95.5318,"108.56,105.30,103.13,102.04,100.96,100.42,99.33,100.96,99.87,98.79,98.25,98.25,97.70,96.62,96.62,96.07,95.53,95.53,95.53,94.99,94.45,93.36,93.36,93.36,92.28,92.28,92.28,91.19,90.65,90.65,90.10,90.10,89.56,89.56,89.02"
Rec-024_90s_1,4,13,5238,core,345,331,0.0,5.0,0.9907,349,333,355,337,1.0,True,93.5004,106.3867,84.1341,5.0221,93.3608,"106.39,103.13,100.96,99.33,97.70,95.53,94.45,100.42,98.79,97.70,96.07,95.53,94.45,92.28,96.62,95.53,94.99,93.36,92.28,91.19,89.56,93.36,92.28,91.73,90.65,89.56,87.93,86.85,90.10,89.56,89.02,87.93,87.39,85.76,84.13"
Rec-024_90s_1,4,14,5239,core,349,331,0.0,4.0,0.9879,353,333,359,337,0.5714,False,85.8399,105.3012,75.9929,8.1097,85.7624,"105.30,100.96,97.16,90.65,82.51,78.71,77.62,99.33,96.62,94.45,88.48,80.88,78.16,76.54,94.99,92.28,91.19,85.76,80.33,77.62,75.99,91.19,89.56,87.93,83.59,79.79,77.62,75.99,87.93,86.85,85.76,81.96,78.16,76.54,75.99"
Rec-024_90s_1,4,15,5240,core,354,331,0.0,5.0,0.9895,358,333,364,337,0.0,False,76.8458,84.1341,74.9074,1.8814,75.9929,"84.13,80.33,78.16,77.08,76.54,75.99,75.99,80.88,78.71,77.62,76.54,75.99,75.99,75.45,78.71,77.62,76.54,75.99,75.99,75.45,75.45,78.16,77.08,75.99,75.99,75.45,75.45,75.45,77.62,76.54,75.99,75.45,75.45,74.91,74.91"
Rec-024_90s_1,5,1,5361,core,290,332,-90.0,1.0,0.9807,294,334,300,338,1.0,True,89.6081,97.7027,83.5914,4.1565,89.5616,"97.70,96.07,95.53,95.53,95.53,94.99,94.99,92.28,92.28,92.28,92.28,92.28,92.28,92.28,89.02,89.02,89.56,89.56,89.56,89.56,89.56,85.76,85.76,86.85,86.85,86.85,86.85,86.85,83.59,84.13,84.13,84.13,84.13,84.13,84.13"
Rec-024_90s_1,5,2,5362,core,293,332,0.0,3.0,0.9829,297,334,303,338,1.0,True,91.0347,102.0447,85.2196,4.4578,90.6471,"102.04,99.87,97.70,96.62,96.07,95.53,94.99,95.53,94.99,94.45,93.36,93.36,92.28,92.28,91.19,91.19,90.65,90.65,90.65,90.10,90.10,87.93,87.93,87.93,87.93,87.93,87.93,87.39,85.76,85.76,85.22,85.22,85.22,85.22,85.22"
Rec-024_90s_1,5,3,5363,core,298,331,11.31,5.1,0.9839,302,333,308,337,1.0,True,94.2757,110.1859,87.3906,5.3269,93.3608,"110.19,105.30,103.13,100.96,99.33,98.25,97.70,100.96,98.25,97.16,96.07,95.53,94.99,94.45,95.53,94.45,94.45,93.36,93.36,92.28,91.73,91.73,91.19,91.19,90.65,90.65,90.10,89.56,89.02,88.48,88.48,87.93,87.93,87.93,87.39"
Rec-024_90s_1,5,4,5364,core,311,331,0.0,13.0,0.9866,315,333,321,337,1.0,True,92.601,108.0149,86.3051,4.8894,91.1898,"108.01,103.13,99.87,98.25,96.62,95.53,95.53,99.33,96.62,94.99,94.45,93.36,92.28,92.28,94.45,93.36,92.28,91.19,91.19,90.65,90.65,91.19,90.65,89.56,89.56,89.02,89.02,88.48,87.93,87.93,87.39,86.85,86.85,86.31,86.31"
Rec-024_90s_1,5,5,5365,core,320,331,0.0,9.0,0.9874,324,333,330,337,1.0,True,92.694,106.9294,86.8478,4.4342,91.7325,"106.93,102.04,99.33,97.70,96.62,95.53,95.53,98.25,96.62,94.99,94.45,93.36,92.28,92.28,94.45,93.36,92.28,91.73,91.19,91.19,90.65,90.65,90.65,90.10,89.56,89.56,89.56,89.02,88.48,87.93,87.93,87.93,87.93,87.39,86.85"
Rec-024_90s_1,5,6,5366,core,329,331,0.0,9.0,0.9879,333,333,339,337,1.0,True,93.4693,105.3012,88.4761,4.0069,93.3608,"105.30,102.04,99.33,98.25,97.70,97.70,97.70,97.70,95.53,94.45,94.45,94.45,94.45,94.45,93.36,93.36,92.28,92.28,93.36,93.36,92.28,91.19,91.19,90.65,90.65,91.19,91.19,91.19,88.48,88.48,88.48,88.48,89.02,88.48,89.02"
Rec-024_90s_1,5,7,5367,core,334,331,0.0,5.0,0.9914,338,333,344,337,1.0,True,94.4773,104.2157,89.5616,3.6303,94.4463,"104.22,102.04,99.87,98.79,98.79,98.25,98.25,98.25,96.62,96.07,95.53,95.53,95.53,95.53,94.99,94.45,94.45,93.36,93.36,94.45,94.45,92.28,91.73,91.73,91.73,92.28,92.28,92.28,89.56,89.56,90.10,90.10,90.10,90.10,90.10"
Rec-024_90s_1,5,8,5368,core,339,331,0.0,5.0,0.9882,343,333,349,337,1.0,True,95.6558,104.2157,90.6471,3.5152,95.5318,"104.22,102.04,100.96,100.42,100.42,99.87,99.33,98.25,98.25,97.70,97.16,97.16,97.16,96.62,95.53,95.53,95.53,95.53,95.53,95.53,94.99,93.36,93.36,93.36,93.36,93.36,93.36,92.28,91.19,91.19,91.19,91.19,91.19,91.19,90.65"
Rec-024_90s_1,5,9,5369,core,348,331,0.0,9.0,0.9879,352,333,358,337,0.7143,False,88.2435,103.1302,76.5357,7.2832,89.0188,"103.13,100.42,97.70,95.53,90.10,82.51,78.71,98.25,96.62,94.99,93.36,87.93,80.88,77.62,95.53,94.45,92.28,91.19,85.76,79.79,77.62,92.28,91.19,90.10,88.48,84.13,79.79,77.62,90.10,89.02,87.93,85.76,82.51,78.71,76.54"
Rec-024_90s_1,5,10,5370,core,352,331,0.0,4.0,0.9908,356,333,362,337,0.1429,False,79.0788,95.5318,74.9074,4.7436,77.0784,"95.53,85.22,80.33,78.16,77.08,75.99,75.99,91.19,83.05,78.71,77.62,76.54,75.99,75.99,87.93,81.42,78.71,77.08,75.99,75.99,75.99,84.68,80.33,77.62,76.54,75.99,75.45,75.45,83.05,78.71,77.08,75.99,75.99,75.45,74.91"
Rec-024_90s_1,5,11,5371,core,355,331,0.0,3.0,0.9913,359,333,365,337,0.0,False,76.5202,83.0486,74.3647,1.664,75.9929,"83.05,79.79,77.62,77.08,75.99,75.99,75.99,79.79,78.16,77.08,75.99,75.99,75.99,75.45,78.16,77.08,76.54,75.99,75.99,75.45,75.45,77.62,76.54,75.99,75.99,75.45,74.91,74.91,76.54,75.99,75.99,75.45,74.91,74.91,74.36"
Rec-024_90s_1,6,1,5497,core,290,331,0.0,0.0,0.98,294,333,300,337,1.0,True,94.1051,107.4722,87.3906,5.045,93.3608,"107.47,104.22,102.04,100.96,100.96,99.87,99.33,98.25,96.62,96.62,96.07,96.07,95.53,95.53,93.36,93.36,93.36,93.36,93.36,93.36,93.36,89.56,90.10,90.65,90.65,91.19,91.19,91.19,87.39,87.93,87.93,87.93,88.48,88.48,87.93"
Rec-024_90s_1,6,2,5498,core,292,332,-26.57,2.24,0.9833,296,334,302,338,1.0,True,91.8566,101.502,86.3051,4.0368,91.1898,"101.50,98.79,98.25,97.16,96.62,96.07,95.53,95.53,95.53,94.99,94.45,94.45,93.36,93.36,91.73,91.73,91.73,91.19,91.19,91.19,91.19,89.02,89.02,89.56,89.02,89.02,89.02,88.48,86.31,86.85,86.85,86.85,86.85,86.31,86.31"
Rec-024_90s_1,6,3,5499,core,296,331,14.04,4.12,0.9816,300,333,306,337,1.0,True,95.7334,113.9851,89.0188,5.7732,94.4463,"113.99,108.56,105.30,102.04,100.96,99.87,98.79,103.13,100.42,98.25,97.70,96.62,95.53,95.53,97.70,95.53,94.99,94.45,94.45,93.36,93.36,93.36,92.28,92.28,92.28,91.19,91.19,91.19,89.56,89.56,89.56,89.56,89.56,89.56,89.02"
Rec-024_90s_1,6,4,5500,core,301,331,0.0,5.0,0.9845,305,333,311,337,1.0,True,94.7409,110.1859,88.4761,4.8948,94.4463,"110.19,105.30,102.04,100.42,99.33,98.25,97.70,100.96,98.79,97.16,96.07,95.53,94.99,94.45,96.07,95.53,94.45,94.45,93.36,92.28,92.28,92.28,92.28,92.28,91.73,91.19,90.65,90.65,90.10,89.56,89.56,89.56,89.56,88.48,88.48"
Rec-024_90s_1,6,5,5501,core,305,331,0.0,4.0,0.9851,309,333,315,337,1.0,True,94.6944,111.8141,88.4761,5.143,93.3608,"111.81,105.84,102.04,100.42,98.79,98.25,97.70,101.50,98.79,97.16,96.07,95.53,94.99,94.45,96.07,94.99,94.45,93.36,93.36,92.28,92.28,92.28,92.28,91.73,91.19,91.19,90.65,90.65,90.10,89.56,89.56,89.56,88.48,88.48,88.48"
Rec-024_90s_1,6,6,5502,core,310,331,0.0,5.0,0.9873,314,333,320,337,1.0,True,93.6244,107.4722,87.9333,4.4688,92.2753,"107.47,103.13,100.42,98.79,97.70,97.16,96.07,99.33,97.16,95.53,94.99,94.45,94.45,93.36,95.53,94.45,93.36,92.28,92.28,91.73,91.19,92.28,91.73,91.19,90.65,90.10,90.10,89.56,89.56,89.56,89.02,88.48,87.93,87.93,87.93"
Rec-024_90s_1,6,7,5503,core,314,331,0.0,4.0,0.9866,318,333,324,337,1.0,True,93.6709,109.1004,87.9333,4.7142,92.2753,"109.10,103.67,100.96,98.79,97.70,96.62,96.07,99.87,97.70,96.07,94.99,94.45,93.36,93.36,95.53,94.45,93.36,92.28,92.28,91.73,91.19,91.73,91.19,91.19,90.65,90.65,90.10,89.56,89.02,89.02,89.02,88.48,88.48,87.93,87.93"
Rec-024_90s_1,6,8,5504,core,319,331,0.0,5.0,0.9894,323,333,329,337,1.0,True,93.2677,105.8439,87.9333,4.1303,92.2753,"105.84,102.04,99.33,98.25,97.16,96.07,95.53,98.79,96.62,95.53,94.99,94.45,93.36,92.28,94.99,94.45,93.36,92.28,91.73,91.19,91.19,91.73,91.19,91.19,90.65,90.10,89.56,89.56,89.56,89.56,89.02,88.48,88.48,87.93,87.93"
Rec-024_90s_1,6,9,5505,core,323,331,0.0,4.0,0.9879,327,333,333,337,1.0,True,93.3608,107.4722,87.9333,4.4131,92.2753,"107.47,103.13,99.87,98.25,97.70,96.62,96.62,99.33,96.62,95.53,94.45,94.45,93.36,93.36,94.45,93.36,92.28,92.28,91.73,91.19,91.19,91.19,91.19,90.65,90.10,90.10,89.56,90.10,89.56,89.56,89.02,88.48,88.48,87.93,88.48"
Rec-024_90s_1,6,10,5506,core,328,331,0.0,5.0,0.9908,332,333,338,337,1.0,True,93.764,105.3012,89.0188,3.9338,92.2753,"105.30,102.04,99.87,98.79,98.25,98.25,98.25,97.70,95.53,95.53,94.99,94.99,94.99,94.99,93.36,93.36,92.28,92.28,92.28,92.28,92.28,90.65,91.19,91.19,91.19,91.19,91.19,91.19,89.02,89.56,89.56,89.56,89.56,89.56,89.56"
Rec-024_90s_1,6,11,5507,core,332,331,0.0,4.0,0.9884,336,333,342,337,1.0,True,95.2991,108.0149,90.6471,4.28,94.4463,"108.01,104.22,102.04,100.96,100.42,99.33,99.33,99.87,98.25,97.16,96.62,96.07,96.07,96.07,94.99,94.45,94.45,94.45,94.45,94.45,94.45,92.28,92.28,92.28,92.28,91.73,91.73,92.28,90.65,90.65,90.65,90.65,90.65,90.65,90.65"
Rec-024_90s_1,6,12,5508,core,337,331,0.0,5.0,0.9917,341,333,347,337,1.0,True,96.1055,106.9294,91.1898,4.026,95.5318,"106.93,104.22,102.04,101.50,100.96,100.96,100.42,99.87,98.79,98.25,97.70,97.70,97.16,97.16,95.53,95.53,95.53,95.53,95.53,94.99,94.99,93.36,93.36,93.36,93.36,93.36,93.36,93.36,91.19,91.19,91.19,91.73,91.19,91.19,91.19"
Rec-024_90s_1,6,13,5509,core,342,331,0.0,5.0,0.9885,346,333,352,337,1.0,True,96.2606,106.3867,90.1043,3.9861,96.0745,"106.39,104.22,103.13,102.04,100.96,99.87,98.79,100.42,99.33,98.79,98.25,98.25,97.16,96.07,96.62,96.62,96.07,96.07,95.53,94.99,93.36,94.45,94.45,94.45,94.45,93.36,92.28,91.73,92.28,92.28,92.28,91.73,91.19,91.19,90.10"
Rec-024_90s_1,6,14,5510,core,351,331,0.0,9.0,0.9878,355,333,361,337,0.2857,False,81.4514,100.4165,74.9074,6.6939,78.1639,"100.42,92.28,84.13,79.79,77.62,76.54,75.99,96.07,90.65,83.05,78.71,77.08,75.99,75.45,92.28,87.93,81.42,78.16,77.08,75.99,75.99,90.10,85.76,80.33,78.16,76.54,75.99,75.45,87.93,84.13,79.79,77.62,75.99,75.45,74.91"
Rec-024_90s_1,6,15,5511,core,355,331,0.0,4.0,0.9887,359,333,365,337,0.0,False,76.5202,82.5059,74.9074,1.5432,75.9929,"82.51,79.79,77.62,76.54,75.99,75.99,75.99,79.79,77.62,76.54,75.99,75.99,75.99,75.45,78.16,77.08,76.54,75.99,75.99,75.45,75.45,77.62,76.54,75.99,75.99,75.45,75.45,74.91,77.08,75.99,75.99,75.45,75.45,74.91,74.91"
Rec-025_30s_1,1,1,3158,core,290,331,0.0,0.0,0.9815,294,333,300,337,1.0,True,81.6995,98.2455,74.9074,5.537,80.3349,"98.25,94.45,90.10,88.48,87.39,86.31,85.76,88.48,85.76,84.68,83.59,83.05,82.51,81.96,82.51,80.88,80.88,80.33,80.33,79.79,78.71,78.71,78.71,78.16,77.62,77.62,77.08,77.08,75.99,75.99,75.99,75.99,75.99,75.45,74.91"
Rec-025_30s_1,1,2,3159,core,298,331,0.0,8.0,0.9813,302,333,308,337,1.0,True,80.8776,95.5318,74.3647,4.9387,79.7922,"95.53,91.19,88.48,86.85,85.76,85.22,84.13,87.39,85.22,83.59,83.05,81.96,81.42,80.88,81.96,80.88,80.33,79.79,79.79,78.71,78.16,78.71,78.16,77.62,77.62,77.08,76.54,75.99,76.54,75.99,75.99,75.99,75.45,74.36,74.36"
Rec-025_30s_1,1,3,3160,core,302,331,0.0,4.0,0.9848,306,333,312,337,1.0,True,81.1103,97.16,74.3647,5.169,79.7922,"97.16,92.28,89.02,86.85,85.76,85.22,84.68,87.93,85.76,83.59,83.05,81.96,81.42,81.42,82.51,80.88,80.33,79.79,79.79,78.71,78.71,78.71,78.71,77.62,77.62,77.08,76.54,76.54,76.54,75.99,75.99,75.99,75.45,74.91,74.36"
Rec-025_30s_1,1,4,3161,core,307,331,0.0,5.0,0.9828,311,333,317,337,1.0,True,80.5985,94.4463,74.9074,4.6024,79.7922,"94.45,90.10,87.93,86.31,85.22,84.68,84.13,86.31,84.13,83.05,82.51,81.42,81.42,80.88,81.42,80.88,79.79,79.79,78.71,78.71,78.71,78.16,77.62,77.62,77.62,77.08,76.54,76.54,75.99,75.99,75.99,75.45,75.45,75.45,74.91"
Rec-025_30s_1,1,5,3162,core,311,331,0.0,4.0,0.9861,315,333,321,337,1.0,True,81.0792,95.5318,75.4502,4.7477,79.7922,"95.53,91.19,88.48,86.85,85.76,84.68,84.13,87.39,84.68,84.13,83.05,82.51,81.96,80.88,81.96,80.88,80.33,79.79,79.79,78.71,78.71,78.71,78.71,77.62,77.62,77.62,77.08,77.08,76.54,75.99,75.99,75.99,75.99,75.99,75.45"
Rec-025_30s_1,1,6,3163,core,316,331,0.0,5.0,0.9857,320,333,326,337,1.0,True,81.0172,93.3608,75.9929,4.0932,79.7922,"93.36,89.56,86.85,85.76,85.22,84.68,84.68,86.31,84.13,83.05,82.51,81.96,81.96,81.96,81.42,80.88,80.33,79.79,79.79,79.79,79.79,78.71,78.71,78.16,77.62,77.62,77.62,77.62,77.08,77.08,76.54,76.54,76.54,75.99,75.99"
Rec-025_30s_1,1,7,3164,core,320,331,0.0,4.0,0.9878,324,333,330,337,1.0,True,82.6609,95.5318,77.6212,4.4503,81.4204,"95.53,91.19,89.56,87.93,87.93,87.39,87.39,87.93,85.76,84.13,84.13,84.13,84.13,84.13,83.05,81.96,81.42,81.42,81.42,81.42,81.42,79.79,79.79,79.79,79.79,78.71,78.71,79.79,77.62,77.62,77.62,77.62,77.62,77.62,77.62"
Rec-025_30s_1,1,8,3165,core,325,331,0.0,5.0,0.9867,329,333,335,337,1.0,True,83.824,94.4463,78.7067,4.2067,83.0486,"94.45,91.73,89.56,89.56,89.56,89.02,89.02,87.93,86.31,85.76,85.76,85.76,85.76,85.22,83.59,83.05,83.05,83.05,83.05,83.05,83.05,80.88,80.88,80.88,80.88,80.33,80.88,80.88,78.71,78.71,78.71,78.71,78.71,78.71,78.71"
Rec-025_30s_1,1,9,3166,core,334,331,0.0,9.0,0.9886,338,333,344,337,1.0,True,85.3902,96.6172,79.7922,4.3897,84.1341,"96.62,94.45,92.28,91.73,91.19,90.65,89.56,89.56,88.48,87.93,87.39,87.39,86.31,85.76,85.76,85.22,84.68,84.13,84.13,83.59,83.05,83.05,83.05,82.51,82.51,81.96,81.42,80.88,80.88,80.88,80.88,80.88,80.33,79.79,79.79"
Rec-025_30s_1,1,10,3167,core,343,331,0.0,9.0,0.9889,347,333,353,337,1.0,True,83.4518,94.4463,78.1639,3.5963,82.5059,"94.45,91.19,89.02,87.93,87.39,86.85,85.76,87.93,85.76,85.22,84.13,84.13,83.59,83.59,84.13,83.59,83.05,82.51,82.51,81.96,81.42,81.96,81.42,81.42,80.88,80.88,80.33,79.79,80.88,80.33,80.33,79.79,79.79,78.71,78.16"
Rec-025_30s_1,1,11,3168,core,352,331,0.0,9.0,0.9871,356,333,362,337,0.2857,False,77.3265,87.9333,74.9074,2.7502,75.9929,"87.93,81.42,78.71,77.62,76.54,75.99,75.99,84.13,79.79,77.62,76.54,75.99,75.99,75.45,81.42,78.16,77.08,75.99,75.99,75.45,75.45,79.79,77.62,76.54,75.99,75.45,75.45,74.91,77.62,76.54,75.99,75.99,75.45,74.91,74.91"
Rec-025_30s_1,1,12,3169,core,355,331,0.0,3.0,0.9882,359,333,365,337,0.0,False,76.5822,84.1341,74.9074,1.8273,75.9929,"84.13,80.33,78.71,77.62,76.54,75.99,75.99,79.79,78.16,77.08,76.54,75.99,75.99,75.45,77.62,77.08,76.54,75.99,75.99,75.45,75.45,77.08,75.99,75.99,75.45,75.45,74.91,74.91,75.99,75.99,75.99,75.45,74.91,74.91,74.91"
Rec-025_30s_1,1,13,3170,core,355,330,90.0,1.0,0.9914,359,332,365,336,0.0,False,77.0009,86.8478,74.9074,2.3928,75.9929,"86.85,82.51,78.71,77.62,77.08,75.99,75.99,81.96,78.71,77.62,76.54,75.99,75.99,75.45,78.71,77.62,76.54,75.99,75.99,75.99,75.45,77.62,76.54,75.99,75.99,75.99,75.45,74.91,76.54,75.99,75.99,75.45,75.45,74.91,74.91"
Rec-025_30s_1,2,1,3307,core,290,331,0.0,0.0,0.9822,294,333,300,337,1.0,True,88.3675,104.2157,80.8776,6.1484,87.9333,"104.22,100.96,98.25,96.62,95.53,95.53,94.45,94.45,92.28,91.19,91.19,91.19,90.10,89.56,87.93,87.93,87.93,87.93,87.93,86.85,86.31,84.13,84.13,84.13,84.13,84.13,83.59,83.59,80.88,80.88,81.42,80.88,80.88,80.88,80.88"
Rec-025_30s_1,2,2,3308,core,293,332,-18.43,3.16,0.9818,297,334,303,338,1.0,True,85.0025,95.5318,78.7067,4.4552,84.1341,"95.53,93.36,91.73,91.19,90.65,89.56,89.02,89.56,89.02,87.93,87.93,87.39,86.85,85.76,85.76,85.22,84.68,84.13,84.13,83.59,83.05,82.51,82.51,82.51,81.96,81.42,80.88,80.88,79.79,79.79,79.79,79.79,79.79,78.71,78.71"
Rec-025_30s_1,2,3,3309,core,297,331,14.04,4.12,0.9831,301,333,307,337,1.0,True,88.4451,106.3867,80.3349,6.0742,87.3906,"106.39,101.50,97.70,95.53,94.45,93.36,93.36,96.07,93.36,91.19,90.65,89.56,89.56,88.48,90.10,89.02,87.93,87.39,86.85,86.31,85.76,85.76,85.22,84.68,84.13,83.59,83.59,83.05,83.05,82.51,81.96,81.42,80.88,80.88,80.33"
Rec-025_30s_1,2,4,3310,core,302,331,0.0,5.0,0.9837,306,333,312,337,1.0,True,87.7007,103.1302,80.8776,5.514,86.3051,"103.13,98.79,96.07,94.99,94.45,93.36,92.28,94.45,91.73,90.65,89.56,89.56,88.48,87.93,89.02,87.93,86.85,86.31,85.76,85.76,85.22,85.22,84.68,84.13,84.13,83.59,83.05,83.05,81.96,81.96,81.42,81.42,80.88,80.88,80.88"
Rec-025_30s_1,2,5,3311,core,311,331,0.0,9.0,0.9857,315,333,321,337,1.0,True,86.9564,100.4165,80.8776,4.8088,85.7624,"100.42,97.16,94.45,93.36,92.28,91.19,91.19,92.28,90.65,89.56,89.02,87.93,87.93,87.39,87.93,86.85,86.31,85.76,85.76,85.76,85.22,84.13,84.13,84.13,83.59,83.59,83.05,83.05,81.96,81.96,81.42,81.42,80.88,80.88,80.88"
Rec-025_30s_1,2,6,3312,core,315,331,0.0,4.0,0.9859,319,333,325,337,1.0,True,87.5146,102.0447,81.4204,4.8702,86.3051,"102.04,98.25,94.99,93.36,92.28,91.73,91.19,93.36,91.19,89.56,89.56,89.02,88.48,87.93,88.48,87.39,86.85,86.31,85.76,85.76,85.76,84.68,84.68,84.13,84.13,84.13,84.13,83.59,82.51,82.51,82.51,81.96,81.96,81.42,81.42"
Rec-025_30s_1,2,7,3313,core,324,331,0.0,9.0,0.9872,328,333,334,337,1.0,True,89.1584,102.0447,83.0486,4.7322,87.9333,"102.04,98.25,96.07,95.53,94.45,94.45,94.45,94.45,92.28,91.19,91.19,91.19,90.65,90.65,89.56,89.02,87.93,87.93,87.93,87.93,87.93,86.31,85.76,85.76,85.76,85.76,85.76,85.76,83.59,83.59,83.59,83.05,83.59,83.59,83.59"
Rec-025_30s_1,2,8,3314,core,329,331,0.0,5.0,0.9894,333,333,339,337,1.0,True,89.9492,101.502,84.1341,4.7165,89.5616,"101.50,98.79,97.16,96.62,96.07,95.53,95.53,94.45,93.36,92.28,92.28,91.73,91.73,91.19,89.56,89.56,89.56,89.56,89.02,89.02,89.02,86.85,86.85,86.31,86.85,86.31,86.31,85.76,84.68,84.13,84.13,84.13,84.13,84.13,84.13"
Rec-025_30s_1,2,9,3315,core,333,331,0.0,4.0,0.9883,337,333,343,337,1.0,True,90.8176,103.6729,84.1341,5.0612,90.1043,"103.67,100.96,98.79,98.25,97.16,96.62,96.07,95.53,94.45,93.36,93.36,92.28,92.28,91.73,91.19,90.65,90.10,90.10,89.56,89.56,89.02,87.93,87.39,87.39,87.39,86.85,86.85,86.31,85.22,85.22,85.22,84.68,84.68,84.68,84.13"
Rec-025_30s_1,2,10,3316,core,338,331,0.0,5.0,0.9908,342,333,348,337,1.0,True,90.554,103.1302,84.1341,4.8864,89.5616,"103.13,99.87,98.25,97.70,96.62,95.53,95.53,95.53,94.45,93.36,92.28,92.28,91.73,91.73,91.19,90.65,90.10,89.56,89.56,89.02,89.02,87.93,87.93,87.39,86.85,86.85,86.31,85.76,85.76,85.22,85.22,84.68,84.13,84.13,84.13"
Rec-025_30s_1,2,11,3317,core,342,331,0.0,4.0,0.988,346,333,352,337,1.0,True,90.523,103.6729,83.5914,5.1031,89.5616,"103.67,100.96,98.79,97.70,96.62,95.53,94.99,95.53,94.45,93.36,93.36,92.28,92.28,91.19,91.19,90.10,90.10,89.56,89.56,89.56,87.93,87.93,87.39,87.39,86.85,86.85,86.31,85.76,85.22,84.68,84.68,84.68,84.13,84.13,83.59"
Rec-025_30s_1,2,12,3318,core,347,331,0.0,5.0,0.9886,351,333,357,337,1.0,True,86.7393,101.502,77.0784,5.9097,85.7624,"101.50,98.25,95.53,94.45,91.19,86.31,79.79,94.99,93.36,92.28,90.65,89.56,84.68,79.79,90.65,89.56,88.48,87.93,85.76,83.05,78.71,87.39,86.31,85.76,84.68,83.59,80.88,77.62,84.68,84.13,83.59,82.51,81.42,79.79,77.08"
Rec-025_30s_1,2,13,3319,core,351,331,0.0,4.0,0.9859,355,333,361,337,0.4286,False,80.1178,98.7882,75.4502,5.6122,77.6212,"98.79,90.65,82.51,78.71,77.62,76.54,75.99,93.36,87.39,80.88,78.16,77.08,75.99,75.99,88.48,84.13,79.79,77.62,76.54,75.99,75.99,85.22,82.51,78.71,77.62,75.99,75.99,75.45,83.05,80.33,77.62,76.54,75.99,75.45,75.45"
Rec-025_30s_1,2,14,3320,core,355,330,14.04,4.12,0.9922,359,332,365,336,0.0,False,77.0319,85.7624,74.9074,2.1647,75.9929,"85.76,81.42,78.71,77.62,76.54,75.99,75.99,81.96,78.71,77.62,77.08,75.99,75.99,75.99,78.71,77.62,76.54,76.54,75.99,75.99,75.45,77.62,77.08,76.54,75.99,75.99,75.45,75.45,77.08,75.99,75.99,75.45,75.45,74.91,74.91"
Rec-025_30s_1,3,1,3445,core,290,332,-90.0,1.0,0.9828,294,334,300,338,1.0,True,88.1659,97.7027,81.9631,4.3619,87.9333,"97.70,95.53,94.45,94.45,94.45,93.36,93.36,91.19,91.19,91.19,91.19,90.65,90.65,90.10,87.93,87.93,87.93,87.93,87.93,87.93,87.39,84.13,84.13,84.68,84.68,84.68,84.68,84.68,81.96,82.51,83.05,83.05,83.05,83.05,83.05"
Rec-025_30s_1,3,2,3446,core,299,331,6.34,9.06,0.985,303,333,309,337,1.0,True,91.4379,106.9294,84.1341,5.3009,90.6471,"106.93,102.04,99.33,98.25,96.62,95.53,95.53,98.25,95.53,94.45,93.36,92.28,92.28,91.73,93.36,91.73,91.19,90.65,90.10,89.56,89.56,89.56,89.02,87.93,87.93,87.93,87.39,86.85,85.76,85.76,85.76,85.22,84.68,84.13,84.13"
Rec-025_30s_1,3,3,3447,core,303,331,0.0,4.0,0.9837,307,333,313,337,1.0,True,91.3604,109.1004,84.1341,5.6356,90.1043,"109.10,103.67,99.87,97.70,96.07,95.53,94.45,98.79,96.07,94.45,93.36,92.28,91.19,91.19,93.36,91.19,91.19,90.10,89.56,89.56,89.02,89.02,88.48,87.93,87.93,87.39,87.39,86.31,85.76,85.76,85.22,85.22,84.68,84.68,84.13"
Rec-025_30s_1,3,4,3448,core,308,331,0.0,5.0,0.9868,312,333,318,337,1.0,True,90.1973,104.2157,84.1341,4.6245,89.5616,"104.22,99.87,97.16,95.53,94.99,93.36,93.36,96.07,94.45,92.28,91.73,91.19,90.65,90.10,91.19,90.65,90.10,89.56,89.02,88.48,87.93,88.48,87.93,87.93,87.39,86.85,86.31,86.31,85.76,85.22,85.22,85.22,84.13,84.13,84.13"
Rec-025_30s_1,3,5,3449,core,312,331,0.0,4.0,0.9851,316,333,322,337,1.0,True,90.3989,105.3012,84.1341,4.8585,89.5616,"105.30,100.96,98.25,96.07,94.99,94.45,93.36,96.07,94.45,92.28,92.28,91.19,90.65,90.65,91.73,90.65,89.56,89.56,89.02,88.48,88.48,88.48,87.93,87.93,87.39,86.85,86.31,86.31,85.76,85.22,85.22,84.68,84.68,84.68,84.13"
Rec-025_30s_1,3,6,3450,core,317,331,0.0,5.0,0.9888,321,333,327,337,1.0,True,90.2284,102.0447,84.6769,4.2063,89.5616,"102.04,98.79,97.16,95.53,94.99,94.45,93.36,94.99,93.36,92.28,91.73,91.19,91.19,90.65,91.19,90.10,89.56,89.56,89.56,89.02,89.02,87.93,87.93,87.39,87.39,87.39,86.85,86.85,85.76,85.22,85.22,85.22,84.68,85.22,85.22"
Rec-025_30s_1,3,7,3451,core,322,331,0.0,5.0,0.9859,326,333,332,337,1.0,True,90.6781,100.4165,85.7624,3.8943,90.1043,"100.42,97.70,96.62,96.07,95.53,95.53,94.99,94.45,93.36,92.28,92.28,92.28,92.28,91.73,91.19,90.65,90.10,90.10,90.10,90.10,90.10,87.93,87.93,87.93,87.93,87.93,87.93,87.93,85.76,85.76,85.76,85.76,85.76,85.76,85.76"
Rec-025_30s_1,3,8,3452,core,326,331,0.0,4.0,0.9899,330,333,336,337,1.0,True,91.8721,103.1302,86.3051,4.2545,91.1898,"103.13,100.42,98.25,97.16,96.62,96.62,96.07,96.07,94.99,94.45,93.36,93.36,93.36,93.36,92.28,91.19,91.19,91.19,91.19,91.19,91.19,89.02,89.02,89.02,89.02,89.02,89.02,89.02,86.85,86.85,86.85,86.31,86.31,86.31,86.31"
Rec-025_30s_1,3,9,3453,core,331,331,0.0,5.0,0.9876,335,333,341,337,1.0,True,92.632,102.0447,86.8478,4.1577,91.7325,"102.04,99.87,98.79,98.25,98.25,98.25,97.70,96.62,95.53,94.99,94.99,94.99,94.45,94.45,92.28,92.28,92.28,91.73,91.73,91.73,91.73,89.56,90.10,89.56,89.56,89.56,89.56,89.02,87.93,87.93,87.93,87.39,87.39,86.85,86.85"
Rec-025_30s_1,3,10,3454,core,335,331,0.0,4.0,0.9908,339,333,345,337,1.0,True,93.3143,105.3012,87.3906,4.6224,92.2753,"105.30,102.04,100.42,99.33,98.79,98.25,98.25,98.25,96.62,95.53,95.53,95.53,94.99,94.99,93.36,93.36,93.36,92.28,92.28,92.28,91.73,90.65,90.10,90.10,90.10,89.56,89.56,89.56,87.93,87.93,87.93,87.93,87.39,87.39,87.39"
Rec-025_30s_1,3,11,3455,core,340,331,0.0,5.0,0.9889,344,333,350,337,1.0,True,93.2677,103.6729,86.8478,4.5455,92.2753,"103.67,101.50,100.42,99.87,99.33,98.25,97.70,97.70,96.62,96.07,95.53,95.53,95.53,94.45,94.45,93.36,93.36,92.28,92.28,92.28,91.73,90.65,90.65,90.10,89.56,89.56,89.56,89.56,87.93,87.93,87.93,87.39,87.39,87.39,86.85"
Rec-025_30s_1,3,12,3456,core,349,331,0.0,9.0,0.9876,353,333,359,337,0.7143,False,84.6924,100.9592,75.9929,7.0831,84.1341,"100.96,97.70,94.99,89.56,81.42,78.16,77.08,96.07,94.45,92.28,87.39,80.88,78.16,76.54,92.28,91.19,89.56,85.22,79.79,77.62,76.54,89.02,87.93,86.31,83.05,78.71,77.08,75.99,86.31,85.76,84.13,81.42,78.16,76.54,75.99"
Rec-025_30s_1,3,13,3457,core,353,331,0.0,4.0,0.9891,357,333,363,337,0.1429,False,77.4196,87.3906,74.9074,2.6369,76.5357,"87.39,81.42,78.71,77.62,76.54,75.99,75.99,83.59,79.79,77.62,76.54,75.99,75.99,75.99,81.42,78.71,77.62,76.54,75.99,75.45,75.45,79.79,77.62,76.54,75.99,75.45,75.45,75.45,78.71,77.08,75.99,75.99,75.45,74.91,74.91"
Rec-025_30s_1,3,14,3458,core,355,331,0.0,2.0,0.9893,359,333,365,337,0.0,False,76.6132,83.5914,74.9074,1.717,75.9929,"83.59,79.79,78.16,77.08,76.54,75.99,75.99,79.79,78.16,77.08,76.54,75.99,75.99,75.45,78.16,77.08,76.54,75.99,75.99,75.45,74.91,77.62,76.54,75.99,75.99,75.45,75.45,74.91,77.08,75.99,75.99,75.45,74.91,74.91,74.91"
Rec-025_30s_1,4,1,3573,core,290,331,0.0,0.0,0.9839,294,333,300,337,1.0,True,92.2288,105.8439,85.2196,5.2354,91.1898,"105.84,103.13,100.42,99.33,98.79,98.25,97.70,96.62,95.53,94.45,94.45,94.45,94.45,93.36,91.19,91.19,91.19,91.19,91.73,91.19,91.19,87.93,88.48,89.02,89.02,89.02,89.02,89.02,85.22,85.76,85.76,85.76,86.31,86.31,85.76"
Rec-025_30s_1,4,2,3574,core,291,332,-45.0,1.41,0.9808,295,334,301,338,1.0,True,90.0888,99.8737,84.1341,4.2568,89.5616,"99.87,97.70,96.62,95.53,95.53,94.45,94.45,94.45,93.36,93.36,92.28,92.28,92.28,91.73,89.56,90.10,90.10,90.10,89.56,89.56,89.56,86.31,86.85,86.85,87.39,87.39,86.85,86.85,84.13,84.68,84.68,84.68,84.68,84.68,84.68"
Rec-025_30s_1,4,3,3575,core,296,331,11.31,5.1,0.9841,300,333,306,337,1.0,True,93.5004,109.6431,86.8478,5.2434,92.2753,"109.64,105.30,101.50,99.33,98.25,97.16,96.62,99.87,98.25,96.07,94.99,94.45,93.36,93.36,94.99,94.45,93.36,92.28,92.28,91.73,91.19,91.19,91.19,90.65,90.10,89.56,89.56,89.02,87.93,87.93,87.93,87.93,87.39,86.85,86.85"
Rec-025_30s_1,4,4,3576,core,300,331,0.0,4.0,0.9829,304,333,310,337,1.0,True,93.7175,111.8141,86.3051,5.5742,92.2753,"111.81,105.84,102.04,99.33,98.25,97.70,96.07,101.50,98.25,96.62,95.53,94.45,94.45,93.36,95.53,94.45,93.36,92.28,92.28,91.19,91.19,91.19,91.19,90.65,90.10,89.56,89.56,89.02,88.48,88.48,87.93,87.39,87.39,87.39,86.31"
Rec-025_30s_1,4,5,3577,core,305,331,0.0,5.0,0.9865,309,333,315,337,1.0,True,92.5389,108.0149,86.3051,4.836,91.7325,"108.01,103.13,99.33,98.25,96.62,95.53,94.99,98.79,96.62,94.99,94.45,93.36,92.28,91.73,94.45,93.36,92.28,91.73,91.19,90.65,90.10,91.19,90.65,89.56,89.56,89.02,88.48,87.93,87.93,87.93,87.93,87.39,86.85,86.31,86.31"
Rec-025_30s_1,4,6,3578,core,309,331,0.0,4.0,0.9841,313,333,319,337,1.0,True,92.2753,108.5576,85.7624,4.9182,91.1898,"108.56,103.13,99.33,97.70,96.07,95.53,94.45,98.79,96.62,94.99,93.36,92.28,92.28,91.73,94.45,92.28,91.73,91.19,90.65,90.65,90.10,90.65,90.10,89.56,89.56,88.48,88.48,87.93,87.93,87.93,87.39,86.85,86.85,86.31,85.76"
Rec-025_30s_1,4,7,3579,core,314,331,0.0,5.0,0.9884,318,333,324,337,1.0,True,91.562,105.3012,86.3051,4.2176,90.6471,"105.30,100.42,97.70,96.07,95.53,94.99,94.45,96.62,94.99,93.36,92.28,92.28,92.28,91.73,92.28,92.28,91.19,90.65,90.10,90.10,90.10,89.56,89.56,89.02,89.02,88.48,88.48,87.93,87.93,87.39,86.85,86.85,86.31,86.31,86.31"
Rec-025_30s_1,4,8,3580,core,319,331,0.0,5.0,0.9868,323,333,329,337,1.0,True,91.7325,102.0447,87.3906,3.5814,91.1898,"102.04,98.79,97.16,96.07,95.53,95.53,95.53,95.53,94.45,93.36,93.36,92.28,92.28,92.28,92.28,91.19,91.19,91.19,91.19,91.19,91.19,89.56,89.56,89.56,89.02,89.02,89.02,89.02,87.93,87.39,87.39,87.39,87.39,87.39,87.39"
Rec-025_30s_1,4,9,3581,core,328,331,0.0,9.0,0.9883,332,333,338,337,1.0,True,93.9501,103.1302,89.0188,3.6796,93.3608,"103.13,100.96,99.33,98.79,98.79,98.25,98.79,97.16,96.07,95.53,95.53,95.53,95.53,95.53,94.45,93.36,93.36,93.36,93.36,93.36,93.36,91.19,91.19,91.19,91.19,91.19,91.19,91.19,89.02,89.56,89.56,89.56,89.56,89.56,89.56"
Rec-025_30s_1,4,10,3582,core,341,331,0.0,13.0,0.9912,345,333,351,337,1.0,True,95.6248,108.0149,88.4761,4.7625,95.5318,"108.01,105.30,103.13,102.04,100.96,99.33,98.25,101.50,99.87,98.79,98.25,97.70,96.62,95.53,96.62,96.07,95.53,95.53,94.99,94.45,93.36,93.36,93.36,92.28,92.28,91.73,91.19,91.19,91.19,90.65,90.10,90.10,89.56,89.56,88.48"
Rec-025_30s_1,4,11,3583,core,346,331,0.0,5.0,0.9891,350,333,356,337,1.0,True,92.1202,105.3012,81.9631,5.1938,91.7325,"105.30,102.04,99.87,98.25,95.53,94.45,89.56,99.33,97.70,96.62,95.53,93.36,92.28,87.93,95.53,94.99,93.36,92.28,91.19,90.10,85.22,92.28,91.73,91.19,90.10,88.48,87.39,83.59,90.10,89.02,88.48,87.93,86.31,85.22,81.96"
Rec-025_30s_1,4,12,3584,core,350,331,0.0,4.0,0.9899,354,333,360,337,0.5714,False,83.6379,103.1302,75.4502,7.5644,80.8776,"103.13,98.25,92.28,83.59,79.79,77.62,76.54,97.16,94.99,89.56,82.51,78.71,77.08,75.99,93.36,91.19,86.85,80.88,77.62,76.54,75.99,90.10,88.48,84.68,79.79,77.62,76.54,75.99,87.93,86.31,83.05,78.71,77.08,75.99,75.45"
Rec-025_30s_1,4,13,3585,core,355,330,11.31,5.1,0.9915,359,332,365,336,0.0,False,77.2025,87.3906,74.9074,2.506,75.9929,"87.39,82.51,78.71,77.62,76.54,75.99,75.99,82.51,79.79,77.62,76.54,75.99,75.99,75.99,79.79,77.62,77.08,75.99,75.99,75.99,75.45,77.62,77.08,75.99,75.99,75.99,75.45,74.91,77.62,76.54,75.99,75.99,75.45,75.45,74.91"
Rec-025_30s_1,5,1,3708,core,294,331,0.0,4.0,0.9837,298,333,304,337,1.0,True,95.5318,112.8996,89.0188,5.4968,94.4463,"112.90,107.47,104.22,102.04,100.96,99.87,98.79,102.04,99.87,98.25,97.16,96.62,95.53,95.53,96.62,95.53,94.99,94.45,94.45,93.36,93.36,92.28,92.28,92.28,92.28,91.73,91.19,91.19,89.56,89.56,89.56,89.56,89.56,89.56,89.02"
Rec-025_30s_1,5,2,3709,core,299,331,0.0,5.0,0.9853,303,333,309,337,1.0,True,94.8339,109.6431,88.4761,4.8381,94.4463,"109.64,105.30,102.04,100.96,99.33,98.79,97.70,100.96,98.25,97.70,96.07,95.53,94.99,94.45,96.07,95.53,94.45,94.45,93.36,93.36,92.28,93.36,92.28,92.28,91.73,91.19,91.19,90.65,90.10,90.10,89.56,89.56,89.02,88.48,88.48"
Rec-025_30s_1,5,3,3710,core,303,331,0.0,4.0,0.9863,307,333,313,337,1.0,True,94.4928,111.2714,87.9333,5.0672,93.3608,"111.27,105.84,102.04,99.87,98.25,97.70,96.62,101.50,98.25,97.16,95.53,94.99,94.45,93.36,96.07,95.53,94.45,93.36,93.36,92.28,91.73,93.36,92.28,91.73,91.19,91.19,90.65,89.56,90.10,89.56,89.56,89.02,89.02,88.48,87.93"
Rec-025_30s_1,5,4,3711,core,308,331,0.0,5.0,0.9872,312,333,318,337,1.0,True,93.1127,106.3867,87.9333,4.1341,92.2753,"106.39,102.04,98.79,97.70,96.62,96.07,95.53,98.79,96.62,94.99,94.45,93.36,93.36,92.28,94.99,93.36,93.36,92.28,91.73,91.19,91.19,91.73,91.19,91.19,90.65,90.10,89.56,89.56,89.56,89.02,89.02,88.48,87.93,87.93,87.93"
Rec-025_30s_1,5,5,3712,core,312,331,0.0,4.0,0.9882,316,333,322,337,1.0,True,93.2212,107.4722,87.9333,4.387,92.2753,"107.47,103.13,99.87,97.70,97.16,96.07,95.53,98.79,96.62,95.53,94.45,93.36,93.36,93.36,94.45,93.36,93.36,92.28,92.28,91.19,91.19,91.19,91.19,90.65,90.65,90.10,89.56,89.56,89.56,89.02,88.48,88.48,87.93,87.93,87.93"
Rec-025_30s_1,5,6,3713,core,317,331,0.0,5.0,0.9892,321,333,327,337,1.0,True,93.0972,104.2157,87.9333,3.8276,92.2753,"104.22,101.50,98.79,98.25,96.62,96.07,95.53,97.70,96.07,95.53,94.45,94.45,93.36,93.36,94.45,93.36,92.28,92.28,92.28,91.73,91.19,91.19,91.19,90.65,90.65,90.65,90.10,89.56,89.56,89.02,89.02,88.48,88.48,88.48,87.93"
Rec-025_30s_1,5,7,3714,core,321,331,0.0,4.0,0.9889,325,333,331,337,1.0,True,93.7019,106.9294,89.0188,4.0242,92.2753,"106.93,102.04,99.33,98.25,97.70,96.62,96.62,98.79,96.62,95.53,94.99,94.45,94.45,94.45,94.45,93.36,93.36,92.28,92.28,92.28,92.28,91.73,91.19,91.19,91.19,91.19,90.65,90.65,89.56,89.56,89.56,89.02,89.02,89.02,89.02"
Rec-025_30s_1,5,8,3715,core,326,331,0.0,5.0,0.9904,330,333,336,337,1.0,True,94.2137,105.3012,89.5616,3.7384,93.3608,"105.30,101.50,99.33,98.25,98.25,98.25,97.70,98.25,96.62,95.53,95.53,95.53,95.53,95.53,94.99,94.45,94.45,93.36,93.36,93.36,93.36,92.28,91.73,91.73,91.73,91.19,91.19,91.19,89.56,89.56,90.10,90.10,89.56,89.56,89.56"
Rec-025_30s_1,5,9,3716,core,330,331,0.0,4.0,0.9891,334,333,340,337,1.0,True,95.4697,107.4722,90.6471,3.9984,94.989,"107.47,103.67,101.50,100.42,99.87,99.33,98.25,99.87,98.25,97.70,97.16,96.62,96.62,96.07,95.53,95.53,94.99,94.99,94.45,94.45,94.45,93.36,92.28,92.28,92.28,92.28,92.28,92.28,91.19,91.19,91.19,91.19,91.19,90.65,90.65"
Rec-025_30s_1,5,10,3717,core,335,331,0.0,5.0,0.9915,339,333,345,337,1.0,True,95.966,106.3867,91.1898,3.8087,95.5318,"106.39,103.13,101.50,100.96,100.42,99.87,99.33,99.87,98.25,98.25,97.70,97.70,97.16,97.16,96.62,96.07,95.53,95.53,95.53,95.53,94.99,93.36,93.36,93.36,93.36,93.36,93.36,92.28,91.73,91.19,91.19,91.19,91.19,91.19,91.19"
Rec-025_30s_1,5,11,3718,core,339,331,0.0,4.0,0.9893,343,333,349,337,1.0,True,96.8033,108.5576,91.1898,4.2537,96.6172,"108.56,105.30,103.13,102.04,101.50,100.96,100.42,101.50,99.87,98.79,98.25,98.25,98.25,97.70,97.70,97.16,96.62,96.62,96.07,95.53,95.53,94.45,94.45,94.45,94.45,93.36,93.36,93.36,92.28,91.73,91.73,91.19,91.19,91.19,91.19"
Rec-025_30s_1,5,12,3719,core,344,331,0.0,5.0,0.9913,348,333,354,337,1.0,True,95.2526,107.4722,87.3906,4.5156,94.4463,"107.47,104.22,102.04,100.96,99.33,97.70,95.53,101.50,99.87,98.25,97.70,96.62,95.53,93.36,97.70,96.62,96.07,95.53,94.45,93.36,91.19,94.45,94.45,93.36,93.36,91.73,91.19,89.56,91.73,91.73,91.19,90.65,89.56,88.48,87.39"
Rec-025_30s_1,5,13,3720,core,348,331,0.0,4.0,0.9882,352,333,358,337,0.8571,False,88.9413,106.9294,77.0784,7.6472,89.5616,"106.93,102.04,98.25,95.53,91.19,83.05,78.71,100.42,98.25,95.53,93.36,89.56,81.96,78.71,95.53,94.45,93.36,91.19,86.85,80.88,77.62,93.36,91.73,90.10,89.02,84.68,79.79,77.62,90.10,89.56,87.93,86.85,83.05,78.71,77.08"
Rec-025_30s_1,5,14,3721,core,353,331,0.0,5.0,0.9902,357,333,363,337,0.1429,False,77.6212,87.9333,74.9074,2.8631,75.9929,"87.93,81.42,78.71,77.62,77.08,75.99,75.99,84.68,79.79,77.62,76.54,75.99,75.99,75.99,82.51,78.71,77.62,75.99,75.99,75.99,75.45,80.88,78.16,77.08,75.99,75.99,75.45,74.91,79.79,77.62,75.99,75.99,75.45,74.91,74.91"
Rec-025_30s_1,5,15,3722,core,355,331,0.0,2.0,0.9904,359,333,365,337,0.0,False,76.6597,84.1341,74.9074,1.8214,75.9929,"84.13,79.79,77.62,77.08,76.54,75.99,75.99,80.33,78.16,77.08,76.54,75.99,75.99,75.45,78.71,77.62,76.54,75.99,75.99,75.45,75.45,77.62,76.54,75.99,75.99,75.45,74.91,74.91,77.08,75.99,75.99,75.45,74.91,74.91,74.91"
Rec-025_30s_1,6,1,3835,core,290,331,0.0,0.0,0.9828,294,333,300,337,1.0,True,95.0045,108.5576,87.9333,5.0856,94.4463,"108.56,105.30,103.13,102.04,101.50,100.96,100.42,98.25,97.70,97.70,97.70,97.16,96.62,96.07,93.36,93.36,94.45,94.45,94.45,94.45,94.45,90.65,91.19,91.19,91.73,91.73,91.73,91.73,87.93,87.93,89.02,89.56,89.56,89.56,89.56"
Rec-025_30s_1,6,2,3836,core,293,331,0.0,3.0,0.9823,297,333,303,337,1.0,True,95.8264,110.1859,89.5616,4.9256,94.989,"110.19,106.39,103.67,102.04,100.96,100.42,99.33,101.50,99.87,98.25,97.70,97.16,96.62,95.53,96.07,95.53,95.53,94.99,94.99,94.45,94.45,93.36,92.28,92.28,92.28,92.28,92.28,92.28,90.10,90.10,90.65,90.65,90.10,90.10,89.56"
Rec-025_30s_1,6,3,3837,core,297,331,0.0,4.0,0.9836,301,333,307,337,1.0,True,96.2761,112.8996,89.5616,5.2398,95.5318,"112.90,108.01,104.22,102.04,100.96,99.87,98.79,103.13,100.96,98.79,97.70,97.16,96.07,95.53,98.25,96.62,95.53,95.53,94.99,94.45,93.36,94.45,93.36,93.36,93.36,92.28,92.28,91.73,91.19,91.19,91.19,90.65,90.10,90.10,89.56"
Rec-025_30s_1,6,4,3838,core,302,331,0.0,5.0,0.985,306,333,312,337,1.0,True,95.1751,109.1004,89.0188,4.5223,94.4463,"109.10,105.30,102.04,100.42,99.33,98.25,98.25,100.96,98.79,97.16,96.62,95.53,95.53,94.99,96.62,95.53,94.99,94.45,94.45,93.36,92.28,93.36,93.36,92.28,92.28,91.73,91.19,91.19,91.19,91.19,90.65,90.65,89.56,89.56,89.02"
Rec-025_30s_1,6,5,3839,core,306,331,0.0,4.0,0.9867,310,333,316,337,1.0,True,94.9115,110.1859,89.0188,4.73,94.4463,"110.19,105.30,102.04,99.87,98.79,98.25,97.70,101.50,98.79,97.16,96.07,95.53,94.99,94.45,96.07,95.53,94.45,94.45,93.36,93.36,92.28,93.36,92.28,92.28,91.73,91.19,91.19,91.19,90.65,90.10,90.10,89.56,89.56,89.56,89.02"
Rec-025_30s_1,6,6,3840,core,311,331,0.0,5.0,0.9878,315,333,321,337,1.0,True,94.1516,106.3867,88.4761,4.1035,93.3608,"106.39,103.13,100.42,98.79,98.25,97.70,96.62,99.33,97.16,96.07,95.53,94.99,94.45,94.45,95.53,94.45,94.45,93.36,93.36,92.28,92.28,92.28,91.73,91.19,91.73,91.73,91.19,90.65,90.10,89.56,89.56,89.56,89.56,89.02,88.48"
Rec-025_30s_1,6,7,3841,core,315,331,0.0,4.0,0.9883,319,333,325,337,1.0,True,94.2602,108.0149,88.4761,4.3862,93.3608,"108.01,103.67,100.96,98.79,98.25,97.70,97.16,99.87,98.25,96.07,95.53,94.99,94.45,94.45,95.53,94.99,94.45,93.36,92.28,92.28,92.28,92.28,92.28,91.73,91.19,91.19,90.65,90.10,90.65,90.10,89.56,89.56,89.02,89.02,88.48"
Rec-025_30s_1,6,8,3842,core,324,331,0.0,9.0,0.9894,328,333,334,337,1.0,True,94.7099,107.4722,90.1043,4.0974,94.4463,"107.47,103.13,100.96,99.33,98.25,98.25,98.25,99.33,98.25,96.62,96.07,95.53,95.53,95.53,95.53,94.45,94.45,94.45,93.36,93.36,93.36,92.28,92.28,91.73,91.73,91.73,91.73,91.19,90.10,90.10,90.10,90.10,90.10,90.10,90.10"
Rec-025_30s_1,6,9,3843,core,333,331,0.0,9.0,0.9902,337,333,343,337,1.0,True,96.5862,108.5576,91.1898,4.117,95.5318,"108.56,105.30,103.13,101.50,100.96,100.42,99.87,100.96,99.33,98.79,98.25,97.70,97.70,97.16,97.16,96.07,96.07,95.53,95.53,95.53,95.53,94.45,94.45,94.45,94.45,93.36,93.36,93.36,91.73,91.73,91.73,91.73,91.73,91.73,91.19"
Rec-025_30s_1,6,10,3844,core,338,331,0.0,5.0,0.9919,342,333,348,337,1.0,True,96.7878,106.9294,91.1898,3.9326,96.6172,"106.93,104.22,103.13,102.04,101.50,100.96,100.42,100.96,99.87,98.79,98.25,98.25,98.25,97.70,97.16,96.62,96.62,96.62,96.07,95.53,95.53,94.45,94.45,94.45,94.45,94.45,93.36,93.36,92.28,92.28,92.28,92.28,91.73,91.19,91.19"
Rec-025_30s_1,6,11,3845,core,347,331,0.0,9.0,0.9916,351,333,357,337,1.0,True,91.1123,105.3012,78.7067,6.2963,91.1898,"105.30,102.04,98.79,96.62,94.45,89.56,81.96,99.87,98.25,96.62,94.45,93.36,89.02,81.96,96.62,94.99,94.45,92.28,90.65,86.85,80.88,94.45,92.28,91.19,90.10,88.48,84.68,79.79,91.73,90.65,89.56,88.48,86.85,83.05,78.71"
Rec-025_30s_1,6,12,3846,core,351,331,0.0,4.0,0.9884,355,333,361,337,0.4286,False,81.715,101.502,75.4502,6.8669,78.7067,"101.50,94.45,84.13,79.79,77.62,76.54,76.54,96.62,91.19,83.05,79.79,77.62,75.99,75.99,92.28,88.48,81.96,78.71,77.08,75.99,75.99,89.56,85.76,80.88,77.62,76.54,75.99,75.45,87.93,84.13,79.79,77.62,75.99,75.99,75.45"
Rec-025_30s_1,6,13,3847,core,355,331,0.0,4.0,0.9915,359,333,365,337,0.0,False,76.6597,83.5914,74.9074,1.7698,75.9929,"83.59,80.33,78.16,77.08,76.54,75.99,75.99,80.33,78.16,77.08,75.99,75.99,75.99,75.45,78.16,77.62,75.99,75.99,75.99,75.45,74.91,77.62,76.54,75.99,75.99,75.45,75.45,74.91,77.08,75.99,75.99,75.99,75.45,74.91,74.91"
Rec-026_60s_2,1,1,3974,core,290,331,0.0,0.0,0.9857,294,333,300,337,1.0,True,77.7452,94.4463,70.5655,5.8269,76.5357,"94.45,89.56,86.85,85.22,84.13,83.59,83.05,84.13,81.96,80.88,79.79,79.79,78.71,78.71,78.16,77.62,77.08,76.54,76.54,75.99,75.99,73.82,73.82,73.82,73.82,73.82,73.28,72.74,71.65,71.65,70.57,71.65,70.57,70.57,70.57"
Rec-026_60s_2,1,2,3975,core,294,331,0.0,4.0,0.9859,298,333,304,337,1.0,True,77.6832,92.2753,70.0227,5.5861,76.5357,"92.28,89.02,86.31,84.68,84.13,83.05,83.05,84.13,82.51,80.88,80.33,79.79,78.71,78.71,78.71,77.62,77.62,76.54,75.99,75.99,75.45,74.91,74.36,73.82,73.82,73.82,73.28,72.19,72.19,71.65,71.65,70.57,70.57,70.57,70.02"
Rec-026_60s_2,1,3,3976,core,298,331,0.0,4.0,0.9849,302,333,308,337,1.0,True,77.8848,94.4463,70.0227,5.8648,77.0784,"94.45,90.10,86.85,84.68,84.13,83.05,83.05,85.22,83.05,80.88,80.33,79.79,78.71,78.71,78.71,78.16,77.62,77.08,75.99,75.99,75.45,74.91,74.36,73.82,73.82,73.28,72.74,72.74,72.19,71.65,71.65,71.65,70.57,70.57,70.02"
Rec-026_60s_2,1,4,3977,core,303,331,0.0,5.0,0.9873,307,333,313,337,1.0,True,77.3265,91.1898,70.0227,5.3687,76.5357,"91.19,87.93,85.76,84.13,83.59,83.05,82.51,83.59,81.42,80.33,79.79,78.71,78.71,78.16,78.16,77.62,77.08,76.54,75.99,75.99,75.45,74.91,74.36,73.82,73.82,73.28,72.74,72.19,71.65,71.65,70.57,70.57,70.57,70.57,70.02"
Rec-026_60s_2,1,5,3978,core,307,331,0.0,4.0,0.9849,311,333,317,337,1.0,True,77.4971,93.3608,70.5655,5.5941,76.5357,"93.36,89.02,85.76,84.13,83.59,83.05,82.51,84.13,81.96,80.33,79.79,78.71,78.71,78.16,78.71,77.62,77.08,76.54,75.99,75.99,75.45,74.36,74.36,73.82,73.82,73.28,73.28,72.74,71.65,71.65,70.57,70.57,70.57,70.57,70.57"
Rec-026_60s_2,1,6,3979,core,312,331,0.0,5.0,0.9876,316,333,322,337,1.0,True,77.2335,90.1043,70.5655,4.9243,75.9929,"90.10,86.85,84.68,83.59,83.05,82.51,81.96,83.05,80.88,80.33,79.79,78.71,78.71,78.16,78.16,77.08,76.54,75.99,75.99,75.99,75.45,74.91,74.36,73.82,73.82,73.28,73.28,72.74,71.65,71.65,71.65,71.65,71.65,70.57,70.57"
Rec-026_60s_2,1,7,3980,core,316,331,0.0,4.0,0.9849,320,333,326,337,1.0,True,77.7762,92.2753,71.651,5.197,76.5357,"92.28,88.48,85.76,84.13,83.05,83.05,82.51,84.13,81.96,80.88,79.79,79.79,78.71,78.71,78.71,77.62,77.08,76.54,75.99,75.99,75.99,74.91,74.36,74.36,73.82,73.82,73.82,73.28,72.19,72.19,71.65,71.65,71.65,71.65,71.65"
Rec-026_60s_2,1,8,3981,core,321,331,0.0,5.0,0.9885,325,333,331,337,1.0,True,78.0244,89.5616,72.1937,4.5545,77.0784,"89.56,86.31,84.68,84.13,84.13,83.59,83.59,83.05,80.88,80.33,80.33,79.79,79.79,79.79,78.16,77.62,77.08,77.08,77.08,76.54,76.54,74.91,74.91,74.36,74.36,74.36,74.36,74.36,73.28,72.74,72.74,72.74,72.74,72.74,72.19"
Rec-026_60s_2,1,9,3982,core,326,331,0.0,5.0,0.9853,330,333,336,337,1.0,True,78.9393,89.0188,73.822,4.3503,77.6212,"89.02,86.85,85.76,85.22,84.68,84.68,84.68,83.05,81.96,81.42,80.88,80.88,80.88,80.88,78.71,78.16,78.16,77.62,77.62,77.62,77.62,75.99,75.99,75.99,75.45,75.45,75.45,75.45,73.82,73.82,73.82,73.82,73.82,73.82,73.82"
Rec-026_60s_2,1,10,3983,core,330,331,0.0,4.0,0.9892,334,333,340,337,1.0,True,80.2729,91.1898,74.9074,4.6775,78.7067,"91.19,89.02,87.93,87.39,86.85,86.31,85.76,84.13,83.05,83.05,83.05,82.51,81.96,81.96,79.79,79.79,79.79,78.71,78.71,78.71,78.71,77.08,77.08,76.54,76.54,76.54,76.54,76.54,74.91,74.91,74.91,74.91,74.91,74.91,74.91"
Rec-026_60s_2,1,11,3984,core,339,331,0.0,9.0,0.9899,343,333,349,337,1.0,True,81.9476,93.3608,75.9929,4.8153,80.8776,"93.36,91.19,89.56,89.02,87.93,87.93,87.39,86.31,85.22,84.68,84.13,84.13,84.13,83.59,81.96,81.42,81.42,80.88,80.88,80.88,80.88,78.71,78.71,78.71,78.16,78.16,77.62,77.62,76.54,76.54,76.54,75.99,75.99,75.99,75.99"
Rec-026_60s_2,1,12,3985,core,353,331,0.0,14.0,0.9824,357,333,363,337,0.1429,False,75.6673,83.0486,73.822,1.9252,74.9074,"83.05,78.71,77.62,75.99,75.99,74.91,74.91,79.79,77.62,76.54,75.99,75.45,74.91,74.36,77.62,76.54,75.99,74.91,74.91,74.36,74.36,76.54,75.99,74.91,74.36,74.36,73.82,73.82,75.45,74.91,74.36,73.82,73.82,73.82,73.82"
Rec-026_60s_2,1,13,3986,core,355,330,26.57,2.24,0.9815,359,332,365,336,0.0,False,76.7218,87.9333,73.822,2.8688,75.9929,"87.93,83.05,79.79,77.62,76.54,75.99,75.45,83.05,79.79,77.62,75.99,75.45,75.45,75.45,78.71,77.08,75.99,75.99,75.45,74.91,74.36,77.08,75.99,75.99,75.45,74.91,74.91,74.91,75.99,75.45,74.91,74.91,74.91,74.36,73.82"
Rec-026_60s_2,2,1,4109,core,290,331,0.0,0.0,0.9867,294,333,300,337,1.0,True,85.3282,101.502,77.6212,6.4071,84.1341,"101.50,98.25,95.53,94.45,93.36,92.28,92.28,91.19,89.56,88.48,87.93,87.93,87.93,87.39,84.68,84.68,84.68,84.13,84.13,84.13,83.59,80.88,80.88,80.88,80.88,80.88,80.33,80.33,77.62,77.62,77.62,77.62,77.62,77.62,77.62"
Rec-026_60s_2,2,2,4110,core,294,331,0.0,4.0,0.9829,298,333,304,337,1.0,True,85.2816,100.4165,77.0784,5.9466,84.1341,"100.42,96.62,94.99,93.36,92.28,91.19,90.65,91.73,90.10,89.02,87.93,87.93,86.85,85.76,86.31,85.76,85.22,84.13,84.13,83.59,83.05,82.51,81.96,81.42,80.88,80.88,80.33,79.79,78.71,78.71,78.71,78.16,77.62,77.08,77.08"
Rec-026_60s_2,2,3,4111,core,298,331,0.0,4.0,0.9877,302,333,308,337,1.0,True,85.0955,101.502,77.0784,5.9286,84.1341,"101.50,97.16,94.45,92.28,91.19,91.19,89.56,92.28,89.56,88.48,87.93,86.85,86.31,85.76,86.31,85.76,84.68,84.13,83.59,83.05,82.51,82.51,81.96,81.42,80.88,80.88,80.33,79.79,78.71,78.71,78.16,78.16,77.62,77.62,77.08"
Rec-026_60s_2,2,4,4112,core,302,331,0.0,4.0,0.9849,306,333,312,337,1.0,True,84.9715,102.0447,77.6212,5.9474,84.1341,"102.04,97.70,94.45,92.28,91.19,90.10,89.56,92.28,89.56,87.93,87.39,86.31,85.76,85.22,86.31,85.22,84.13,84.13,83.59,83.05,83.05,81.96,81.42,80.88,80.88,80.33,80.33,79.79,78.71,78.71,78.71,78.16,77.62,77.62,77.62"
Rec-026_60s_2,2,5,4113,core,307,331,0.0,5.0,0.9881,311,333,317,337,1.0,True,84.2272,98.7882,77.0784,5.2372,83.5914,"98.79,95.53,91.73,90.65,89.56,89.02,87.93,90.65,88.48,87.39,86.31,85.76,85.22,84.68,85.76,84.13,84.13,83.59,83.05,83.05,81.96,81.96,81.42,80.88,80.88,80.33,79.79,79.79,78.71,78.71,78.16,77.62,77.62,77.62,77.08"
Rec-026_60s_2,2,6,4114,core,312,331,0.0,5.0,0.9853,316,333,322,337,1.0,True,83.6844,95.5318,77.6212,4.5511,83.0486,"95.53,92.28,90.65,89.56,89.02,88.48,87.93,88.48,87.39,86.31,85.76,85.22,85.22,84.13,84.68,84.13,83.59,83.05,83.05,82.51,82.51,81.42,80.88,80.88,80.33,80.33,79.79,79.79,78.71,78.71,78.16,77.62,77.62,77.62,77.62"
Rec-026_60s_2,2,7,4115,core,316,331,0.0,4.0,0.9891,320,333,326,337,1.0,True,84.0101,96.6172,77.6212,4.7812,83.5914,"96.62,93.36,91.19,90.10,89.56,89.02,88.48,89.56,87.93,86.85,85.76,85.76,85.22,84.68,84.68,84.13,83.59,83.59,83.05,83.05,82.51,81.42,80.88,80.88,80.88,80.33,80.33,79.79,78.71,78.71,78.71,78.16,77.62,77.62,77.62"
Rec-026_60s_2,2,8,4116,core,321,331,0.0,5.0,0.9876,325,333,331,337,1.0,True,84.1031,94.989,78.1639,4.5353,83.5914,"94.99,92.28,91.19,90.10,89.56,89.56,89.56,88.48,87.39,86.85,86.31,85.76,85.76,85.76,84.68,84.13,83.59,83.59,83.05,83.05,83.05,81.42,80.88,80.88,80.88,80.88,80.88,80.88,78.71,78.71,78.16,78.16,78.16,78.16,78.16"
Rec-026_60s_2,2,9,4117,core,325,331,0.0,4.0,0.9896,329,333,335,337,1.0,True,85.5143,97.16,79.7922,4.7179,84.6769,"97.16,94.45,92.28,91.73,91.19,91.19,91.19,90.10,88.48,87.93,87.93,87.93,87.93,87.39,85.76,85.22,85.22,84.68,84.68,84.68,84.13,81.96,81.96,81.96,81.42,81.96,81.96,81.96,79.79,79.79,79.79,79.79,79.79,79.79,79.79"
Rec-026_60s_2,2,10,4118,core,330,331,0.0,5.0,0.9883,334,333,340,337,1.0,True,86.1655,96.6172,79.7922,4.6041,85.7624,"96.62,94.45,93.36,92.28,92.28,92.28,91.73,90.10,89.56,89.02,88.48,87.93,87.93,87.93,86.31,85.76,85.76,85.76,85.22,85.22,85.22,83.05,83.05,83.05,83.05,83.05,83.05,82.51,80.33,80.33,80.33,80.33,80.33,80.33,79.79"
Rec-026_60s_2,2,11,4119,core,334,331,0.0,4.0,0.9897,338,333,344,337,1.0,True,87.2355,98.2455,80.8776,5.0408,86.3051,"98.25,96.07,94.99,94.45,94.45,94.45,93.36,91.19,90.65,90.10,89.56,89.56,89.56,89.56,87.39,86.85,86.85,86.31,86.31,86.31,85.76,84.13,83.59,83.59,83.59,83.05,83.59,83.05,81.42,80.88,80.88,80.88,80.88,80.88,80.88"
Rec-026_60s_2,2,12,4120,core,339,331,0.0,5.0,0.9893,343,333,349,337,1.0,True,87.7628,98.2455,80.8776,4.9756,87.3906,"98.25,96.62,95.53,94.99,94.45,94.45,93.36,91.73,91.19,91.19,90.65,90.65,90.10,89.56,87.93,87.93,87.39,87.39,86.85,86.85,86.31,84.13,84.13,84.13,84.13,84.13,83.59,83.59,81.96,81.96,81.42,81.42,81.42,81.42,80.88"
Rec-026_60s_2,2,13,4121,core,348,331,0.0,9.0,0.986,352,333,358,337,0.8571,False,83.5449,97.7027,74.9074,5.7634,82.5059,"97.70,94.45,92.28,90.65,87.39,80.88,77.62,91.73,90.65,89.56,87.93,85.22,79.79,77.08,87.93,86.85,85.76,85.22,82.51,78.16,75.99,84.13,84.13,83.05,81.96,79.79,77.62,75.99,81.42,80.88,80.88,79.79,78.16,75.99,74.91"
Rec-026_60s_2,2,14,4122,core,352,331,0.0,4.0,0.9861,356,333,362,337,0.2857,False,77.5436,92.2753,73.822,4.0013,75.9929,"92.28,83.59,78.71,77.62,75.99,75.99,75.45,87.93,80.88,78.16,75.99,75.99,75.45,74.91,84.13,79.79,77.08,75.99,75.45,74.91,74.36,80.88,77.62,75.99,75.99,74.91,74.36,74.36,78.71,77.08,75.99,74.91,74.36,74.36,73.82"
Rec-026_60s_2,2,15,4123,core,355,331,0.0,3.0,0.9838,359,333,365,337,0.0,False,75.9154,83.0486,73.822,1.8673,75.4502,"83.05,79.79,77.62,76.54,75.99,75.45,74.91,79.79,77.62,76.54,75.99,75.45,74.91,74.91,77.62,76.54,75.99,75.45,74.91,74.91,74.36,76.54,75.45,75.45,74.91,74.91,74.36,73.82,75.99,75.45,74.91,74.91,74.36,73.82,73.82"
Rec-026_60s_2,2,16,4124,core,355,330,90.0,1.0,0.9915,359,332,365,336,0.0,False,76.3496,85.7624,73.822,2.2915,75.9929,"85.76,80.88,78.16,76.54,75.99,75.99,75.45,80.88,78.16,77.08,75.99,75.99,75.45,74.91,78.71,77.08,75.99,75.99,75.45,74.91,74.36,77.08,75.99,75.99,75.45,74.91,74.36,74.36,75.99,75.45,75.45,74.91,74.36,74.36,73.82"
Rec-026_60s_2,3,1,4253,core,291,331,0.0,1.0,0.986,295,333,301,337,1.0,True,88.9568,103.6729,81.9631,5.6101,88.4761,"103.67,100.42,98.25,96.07,95.53,94.99,94.45,94.45,92.28,91.73,91.73,91.19,90.65,90.10,89.02,89.02,88.48,88.48,87.93,87.93,87.39,85.22,85.22,85.22,85.22,84.68,84.68,84.13,81.96,82.51,82.51,82.51,81.96,81.96,81.96"
Rec-026_60s_2,3,2,4254,core,295,331,0.0,4.0,0.9836,299,333,305,337,1.0,True,89.4065,106.3867,81.4204,5.9094,88.4761,"106.39,102.04,98.79,96.62,95.53,94.45,93.36,96.62,94.45,92.28,91.73,91.19,90.10,89.56,90.65,89.56,89.02,88.48,87.93,87.93,87.39,86.31,85.76,85.76,85.22,85.22,84.68,84.13,83.05,83.05,83.05,83.05,82.51,81.96,81.42"
Rec-026_60s_2,3,3,4255,core,300,331,0.0,5.0,0.9877,304,333,310,337,1.0,True,88.5536,103.1302,81.4204,5.2174,87.9333,"103.13,99.33,96.62,94.99,94.45,93.36,92.28,94.99,92.28,91.19,90.65,89.56,89.56,89.02,90.10,89.02,88.48,87.93,87.39,87.39,86.85,85.76,85.76,85.22,84.68,84.68,84.13,84.13,83.05,83.05,83.05,82.51,81.96,81.42,81.42"
Rec-026_60s_2,3,4,4256,core,313,331,0.0,13.0,0.9862,317,333,323,337,1.0,True,88.0109,102.0447,81.4204,4.8077,87.3906,"102.04,98.25,95.53,93.36,92.28,91.73,91.19,94.45,91.73,90.65,89.56,89.56,89.02,88.48,89.56,88.48,87.93,87.39,86.85,86.31,85.76,85.76,85.76,85.22,84.68,84.13,84.13,83.59,83.05,83.05,83.05,82.51,81.96,81.96,81.42"
Rec-026_60s_2,3,5,4257,core,318,331,0.0,5.0,0.9898,322,333,328,337,1.0,True,87.5457,99.331,81.4204,4.4123,86.8478,"99.33,96.07,94.45,93.36,92.28,91.73,91.73,92.28,91.19,90.10,89.56,89.02,89.02,88.48,88.48,87.93,87.39,86.85,86.31,86.31,85.76,85.22,84.68,84.68,84.13,84.13,84.13,84.13,83.05,83.05,82.51,81.96,81.96,81.42,81.42"
Rec-026_60s_2,3,6,4258,core,327,331,0.0,9.0,0.9899,331,333,337,337,1.0,True,89.329,100.9592,83.5914,4.4818,89.0188,"100.96,97.70,96.07,94.99,94.99,94.45,94.45,93.36,92.28,91.73,91.19,91.19,91.19,91.19,89.56,89.02,89.02,89.02,88.48,88.48,88.48,86.31,86.31,85.76,85.76,85.76,85.76,85.76,84.13,84.13,84.13,84.13,83.59,83.59,83.59"
Rec-026_60s_2,3,7,4259,core,332,331,0.0,5.0,0.9878,336,333,342,337,1.0,True,89.9027,99.331,84.1341,4.4171,89.5616,"99.33,97.70,96.62,96.07,95.53,95.53,94.99,94.45,93.36,92.28,92.28,91.73,91.73,91.73,90.10,89.56,89.56,89.56,89.56,89.56,89.56,87.39,86.85,86.85,86.85,86.31,86.31,86.31,84.13,84.13,84.13,84.13,84.13,84.13,84.13"
Rec-026_60s_2,3,8,4260,core,341,331,0.0,9.0,0.9882,345,333,351,337,1.0,True,91.1433,101.502,84.1341,4.5564,91.1898,"101.50,98.79,98.25,97.70,96.62,96.07,95.53,95.53,94.99,94.45,94.45,93.36,93.36,92.28,91.73,91.19,91.19,91.19,90.65,90.10,89.56,88.48,87.93,87.93,87.93,87.93,87.39,86.85,85.76,85.76,85.76,85.76,85.22,84.68,84.13"
Rec-026_60s_2,3,9,4261,core,345,331,0.0,4.0,0.9889,349,333,355,337,1.0,True,90.3524,103.1302,81.9631,4.9901,89.5616,"103.13,100.42,98.25,96.62,95.53,93.36,91.19,96.62,95.53,94.45,93.36,92.28,91.19,89.56,92.28,91.73,91.19,90.10,89.56,88.48,86.85,89.02,88.48,87.93,87.39,86.31,85.76,84.13,86.31,85.76,85.76,84.68,84.13,83.05,81.96"
Rec-026_60s_2,3,10,4262,core,350,331,0.0,5.0,0.9858,354,333,360,337,0.5714,False,81.746,97.7027,74.3647,6.4352,79.7922,"97.70,94.45,90.10,83.05,78.16,76.54,75.99,93.36,91.19,87.93,80.88,77.62,75.99,75.45,89.56,88.48,85.22,79.79,77.62,75.99,74.91,86.31,85.22,83.05,78.71,76.54,75.45,74.91,84.13,83.05,80.88,77.62,75.99,74.91,74.36"
Rec-026_60s_2,3,11,4263,core,354,331,0.0,4.0,0.9871,358,333,364,337,0.0,False,76.2255,83.5914,74.3647,1.9125,75.4502,"83.59,79.79,77.62,76.54,75.99,75.45,74.91,80.33,77.62,76.54,75.99,75.45,74.91,74.91,78.71,77.08,75.99,75.45,75.45,74.91,74.91,77.62,75.99,75.45,75.45,74.91,74.91,74.36,77.08,75.99,75.45,74.91,74.91,74.36,74.36"
Rec-026_60s_2,3,12,4264,core,355,330,45.0,1.41,0.9895,359,332,365,336,0.0,False,76.8148,87.9333,74.3647,2.8554,75.9929,"87.93,83.05,78.71,77.62,76.54,75.99,75.45,83.05,79.79,77.62,75.99,75.99,75.45,74.91,79.79,77.62,76.54,75.99,75.45,74.91,74.91,77.62,75.99,75.99,75.45,74.91,74.91,74.36,76.54,75.99,75.45,74.91,74.36,74.36,74.36"
Rec-026_60s_2,4,1,4386,core,290,331,0.0,0.0,0.9871,294,333,300,337,1.0,True,90.3369,105.3012,83.0486,5.5186,89.5616,"105.30,102.04,98.79,97.70,97.16,96.62,96.07,94.99,93.36,92.28,92.28,92.28,92.28,91.73,89.56,89.56,89.56,89.56,89.56,89.56,89.56,85.76,85.76,86.85,86.85,86.85,86.85,86.85,83.05,83.05,83.59,84.13,84.13,84.13,84.13"
Rec-026_60s_2,4,2,4387,core,292,331,0.0,2.0,0.9832,296,333,302,337,1.0,True,91.4689,108.5576,84.1341,5.8676,90.6471,"108.56,103.67,100.96,98.79,97.70,97.16,96.07,97.70,95.53,94.45,93.36,93.36,92.28,92.28,91.73,91.19,91.19,90.65,90.65,89.56,89.56,87.93,87.93,87.93,87.93,87.93,87.39,86.85,84.13,84.68,84.68,84.68,84.68,84.13,84.13"
Rec-026_60s_2,4,3,4388,core,297,331,0.0,5.0,0.9875,301,333,307,337,1.0,True,90.9727,105.8439,84.1341,5.1672,90.1043,"105.84,102.04,98.79,97.16,96.07,95.53,94.45,97.16,95.53,94.45,92.28,92.28,91.19,91.19,92.28,91.19,90.65,90.10,90.10,89.56,89.02,88.48,88.48,87.93,87.93,87.39,86.85,86.31,85.76,85.22,85.22,84.68,84.68,84.13,84.13"
Rec-026_60s_2,4,4,4389,core,301,331,0.0,4.0,0.9857,305,333,311,337,1.0,True,90.9882,106.9294,84.1341,5.2494,90.1043,"106.93,102.04,98.79,97.16,95.53,94.99,94.45,97.70,95.53,94.45,92.28,91.73,91.19,91.19,92.28,91.73,90.65,90.10,89.56,89.56,89.02,89.02,88.48,87.93,87.93,87.39,86.85,86.31,85.76,85.76,85.22,84.68,84.13,84.13,84.13"
Rec-026_60s_2,4,5,4390,core,306,331,0.0,5.0,0.9889,310,333,316,337,1.0,True,90.0888,103.6729,84.1341,4.6135,89.5616,"103.67,99.87,97.16,95.53,94.45,94.45,93.36,95.53,93.36,92.28,91.73,91.19,90.65,90.10,91.19,90.65,90.10,89.56,89.02,89.02,88.48,87.93,87.93,87.39,87.39,86.85,86.31,85.76,85.22,85.22,85.22,84.13,84.13,84.13,84.13"
Rec-026_60s_2,4,6,4391,core,310,331,0.0,4.0,0.986,314,333,320,337,1.0,True,90.2439,105.3012,84.1341,4.8168,89.5616,"105.30,100.42,97.70,95.53,94.45,94.45,93.36,96.07,94.45,92.28,91.73,91.19,90.65,90.10,91.19,90.65,89.56,89.56,89.56,88.48,88.48,87.93,87.93,87.93,87.39,86.85,86.31,86.31,85.22,85.22,85.22,84.68,84.13,84.13,84.13"
Rec-026_60s_2,4,7,4392,core,315,331,0.0,5.0,0.9899,319,333,325,337,1.0,True,89.7166,102.0447,84.1341,4.3061,89.5616,"102.04,98.25,96.07,94.99,94.45,93.36,92.28,94.99,93.36,92.28,91.19,90.65,90.65,90.10,91.19,90.10,89.56,89.56,89.02,88.48,87.93,87.93,87.93,87.39,86.85,86.31,86.31,85.76,85.22,84.68,84.68,84.13,84.13,84.13,84.13"
Rec-026_60s_2,4,8,4393,core,320,331,0.0,5.0,0.9874,324,333,330,337,1.0,True,89.8097,99.8737,84.6769,3.8407,89.5616,"99.87,97.16,95.53,94.45,94.45,93.36,93.36,94.45,92.28,91.73,91.19,91.19,91.19,91.19,90.65,89.56,89.56,89.56,89.56,89.02,89.02,87.93,87.93,87.39,87.39,86.85,86.85,86.85,85.22,85.22,84.68,84.68,84.68,84.68,84.68"
Rec-026_60s_2,4,9,4394,core,324,331,0.0,4.0,0.9902,328,333,334,337,1.0,True,90.7246,101.502,85.7624,3.976,90.1043,"101.50,98.25,96.62,95.53,95.53,94.99,94.99,94.99,93.36,92.28,92.28,92.28,91.73,91.73,91.19,91.19,90.65,90.10,90.10,90.10,90.10,87.93,87.93,87.93,87.93,87.93,87.93,87.93,85.76,85.76,85.76,85.76,85.76,85.76,85.76"
Rec-026_60s_2,4,10,4395,core,329,331,0.0,5.0,0.988,333,333,339,337,1.0,True,91.6395,100.9592,86.3051,3.9661,91.1898,"100.96,98.25,97.70,97.16,96.62,96.07,96.07,95.53,94.45,94.45,93.36,93.36,93.36,93.36,91.73,91.19,91.19,91.19,91.19,91.19,91.19,89.56,89.02,89.02,89.02,89.02,89.02,89.02,86.31,86.31,86.31,86.31,86.31,86.31,86.31"
Rec-026_60s_2,4,11,4396,core,333,331,0.0,4.0,0.9905,337,333,343,337,1.0,True,92.9576,103.6729,87.3906,4.1948,92.2753,"103.67,100.96,99.33,98.25,97.70,97.16,96.62,97.16,96.07,95.53,95.53,94.99,94.99,94.45,93.36,93.36,92.28,92.28,92.28,92.28,92.28,90.10,90.10,90.10,90.10,89.56,89.56,89.56,87.93,87.93,87.93,87.93,87.39,87.39,87.39"
Rec-026_60s_2,4,12,4397,core,338,331,0.0,5.0,0.9886,342,333,348,337,1.0,True,93.2988,102.0447,87.3906,4.0299,93.3608,"102.04,100.42,99.33,98.25,98.25,98.25,97.70,97.16,96.07,95.53,95.53,95.53,95.53,94.99,94.45,93.36,93.36,93.36,93.36,92.28,92.28,91.19,91.19,90.65,90.65,90.10,89.56,89.56,88.48,87.93,87.93,87.93,87.93,87.93,87.39"
Rec-026_60s_2,4,13,4398,core,342,331,0.0,4.0,0.9898,346,333,352,337,1.0,True,93.4383,105.3012,85.7624,4.5412,93.3608,"105.30,102.04,100.42,99.33,98.25,97.70,96.07,98.25,97.70,96.62,96.07,95.53,94.45,93.36,94.99,94.45,93.36,93.36,92.28,92.28,91.19,91.19,91.19,91.19,90.65,90.10,89.56,88.48,89.02,89.02,88.48,87.93,87.93,86.85,85.76"
Rec-026_60s_2,4,14,4399,core,351,331,0.0,9.0,0.9883,355,333,361,337,0.4286,False,80.7071,98.7882,74.3647,6.4425,77.6212,"98.79,93.36,84.13,79.79,77.62,75.99,75.99,94.45,90.10,83.05,78.71,76.54,75.99,75.45,90.65,87.39,80.88,77.62,76.54,75.45,74.91,87.39,84.13,79.79,77.62,75.99,74.91,74.36,84.68,83.05,78.71,76.54,75.45,74.36,74.36"
Rec-026_60s_2,4,15,4400,core,355,331,0.0,4.0,0.9873,359,333,365,337,0.0,False,76.0084,83.0486,74.3647,1.8186,75.4502,"83.05,79.79,77.62,76.54,75.99,75.45,74.91,79.79,77.62,76.54,75.99,75.45,74.91,74.91,77.62,76.54,75.99,75.45,74.91,74.91,74.36,77.08,75.99,75.45,75.45,74.91,74.36,74.36,75.99,75.45,74.91,74.91,74.36,74.36,74.36"
Rec-026_60s_2,5,1,4525,core,291,331,0.0,1.0,0.9861,295,333,301,337,1.0,True,92.3063,106.3867,85.7624,5.0996,91.7325,"106.39,102.04,100.42,98.79,98.25,98.25,97.70,97.16,95.53,94.99,94.45,94.45,93.36,93.36,91.73,91.73,91.73,91.73,91.19,91.19,91.19,88.48,89.02,89.02,89.02,89.02,89.02,89.02,85.76,85.76,86.31,86.31,86.31,86.31,85.76"
Rec-026_60s_2,5,2,4526,core,295,331,0.0,4.0,0.9863,299,333,305,337,1.0,True,93.5779,109.1004,86.8478,5.3276,92.2753,"109.10,105.30,102.04,99.87,98.79,98.25,97.70,99.87,97.70,96.07,95.53,94.99,94.45,94.45,94.45,93.36,93.36,92.28,92.28,91.73,91.73,90.65,90.65,90.10,89.56,89.56,89.56,89.56,87.93,87.93,87.93,87.39,87.39,86.85,86.85"
Rec-026_60s_2,5,3,4527,core,300,331,0.0,5.0,0.9875,304,333,310,337,1.0,True,92.8956,106.3867,86.3051,4.7619,92.2753,"106.39,103.13,100.42,98.79,97.70,97.16,95.53,98.25,96.62,95.53,94.99,94.45,93.36,92.28,94.45,93.36,93.36,92.28,91.73,91.19,91.19,91.19,90.65,90.10,89.56,89.56,89.02,88.48,87.93,87.93,87.93,87.39,86.85,86.31,86.31"
Rec-026_60s_2,5,4,4528,core,304,331,0.0,4.0,0.9882,308,333,314,337,1.0,True,92.4614,107.4722,85.7624,4.8457,91.7325,"107.47,103.13,99.87,97.70,96.62,95.53,94.99,98.25,96.62,95.53,94.45,93.36,92.28,91.73,94.45,93.36,92.28,91.73,91.19,90.65,90.10,91.19,90.10,89.56,89.56,89.02,88.48,87.93,87.93,87.93,87.39,87.39,86.85,85.76,85.76"
Rec-026_60s_2,5,5,4529,core,309,331,0.0,5.0,0.9887,313,333,319,337,1.0,True,91.2053,103.6729,85.2196,4.1385,90.6471,"103.67,99.87,97.70,96.07,94.99,94.45,93.36,96.62,94.99,93.36,92.28,91.73,91.19,91.19,92.28,91.73,91.19,90.65,90.10,89.56,89.56,90.10,89.56,89.02,88.48,87.93,87.93,87.39,87.93,87.39,86.85,86.31,85.76,85.76,85.22"
Rec-026_60s_2,5,6,4530,core,313,331,0.0,4.0,0.989,317,333,323,337,1.0,True,91.1278,104.2157,85.7624,4.1936,90.6471,"104.22,99.87,97.16,95.53,94.99,94.45,94.45,96.62,94.45,93.36,92.28,91.73,91.19,91.19,92.28,91.19,91.19,90.65,90.10,89.56,89.56,89.56,89.02,89.02,88.48,87.93,87.93,87.93,87.39,86.85,86.31,85.76,85.76,85.76,85.76"
Rec-026_60s_2,5,7,4531,core,318,331,0.0,5.0,0.9899,322,333,328,337,1.0,True,90.8332,101.502,85.7624,3.8024,90.1043,"101.50,98.25,96.62,95.53,94.99,94.45,93.36,95.53,94.45,93.36,92.28,91.73,91.19,91.19,91.73,91.19,90.65,90.10,89.56,89.56,89.56,89.56,89.02,88.48,87.93,87.93,87.93,87.93,86.85,86.85,86.31,86.31,85.76,85.76,85.76"
Rec-026_60s_2,5,8,4532,core,322,331,0.0,4.0,0.9891,326,333,332,337,1.0,True,91.5775,103.1302,86.3051,3.979,91.1898,"103.13,99.87,97.70,96.07,95.53,95.53,94.99,96.07,94.45,93.36,93.36,92.28,92.28,92.28,92.28,91.19,91.19,91.19,91.19,90.65,90.65,89.56,89.56,89.02,89.02,88.48,88.48,88.48,86.85,86.85,86.85,86.85,86.85,86.85,86.31"
Rec-026_60s_2,5,9,4533,core,327,331,0.0,5.0,0.9904,331,333,337,337,1.0,True,92.2753,102.0447,87.9333,3.6512,91.1898,"102.04,99.33,98.25,97.16,96.62,96.07,95.53,96.07,94.99,94.45,94.45,93.36,93.36,93.36,92.28,92.28,91.73,91.19,91.19,91.19,91.19,90.10,90.10,89.56,89.56,89.56,89.56,89.56,87.93,87.93,87.93,87.93,87.93,87.93,87.93"
Rec-026_60s_2,5,10,4534,core,331,331,0.0,4.0,0.9887,335,333,341,337,1.0,True,93.2677,105.3012,87.9333,4.1263,92.2753,"105.30,101.50,99.33,98.25,97.70,97.16,96.62,97.70,96.62,95.53,94.99,94.99,94.45,94.45,93.36,93.36,92.28,92.28,92.28,92.28,92.28,90.65,90.65,90.65,90.65,90.65,90.10,90.10,88.48,88.48,88.48,88.48,88.48,87.93,87.93"
Rec-026_60s_2,5,11,4535,core,336,331,0.0,5.0,0.9906,340,333,346,337,1.0,True,93.9501,103.1302,89.0188,3.6659,93.3608,"103.13,100.96,99.33,98.25,98.25,98.25,97.70,97.70,96.62,96.07,95.53,95.53,95.53,95.53,94.45,94.45,93.36,93.36,93.36,93.36,93.36,91.73,91.19,91.19,91.19,91.19,91.19,91.19,89.56,89.56,89.56,89.02,89.56,89.02,89.02"
Rec-026_60s_2,5,12,4536,core,340,331,0.0,4.0,0.9878,344,333,350,337,1.0,True,94.8339,105.8439,89.0188,4.1346,94.4463,"105.84,103.13,100.96,99.87,99.33,98.79,98.25,99.33,98.25,97.16,97.16,96.62,96.07,95.53,95.53,94.99,94.45,94.45,94.45,94.45,93.36,92.28,92.28,92.28,92.28,91.73,91.19,91.19,90.10,90.10,90.10,89.56,89.56,89.56,89.02"
Rec-026_60s_2,5,13,4537,core,345,331,0.0,5.0,0.9899,349,333,355,337,1.0,True,93.2057,105.3012,85.2196,4.4313,92.2753,"105.30,102.04,99.87,98.25,97.16,95.53,93.36,98.79,97.70,96.62,95.53,94.99,93.36,91.19,95.53,94.99,94.45,93.36,92.28,91.19,89.56,92.28,92.28,91.73,91.19,90.10,88.48,87.39,90.10,90.10,89.56,88.48,87.93,86.31,85.22"
Rec-026_60s_2,5,14,4538,core,349,331,0.0,4.0,0.9863,353,333,359,337,0.7143,False,86.088,103.6729,75.4502,7.7348,85.7624,"103.67,99.87,96.07,92.28,84.13,78.71,77.08,98.25,95.53,93.36,90.10,83.05,78.71,76.54,94.45,92.28,91.19,87.93,81.42,77.62,75.99,91.19,89.56,88.48,85.76,80.33,77.62,75.99,88.48,87.39,85.76,83.59,78.71,76.54,75.45"
Rec-026_60s_2,5,15,4539,core,354,331,0.0,5.0,0.9882,358,333,364,337,0.0,False,76.2876,83.5914,73.822,2.0772,75.9929,"83.59,79.79,77.62,76.54,75.99,75.45,74.91,80.88,78.16,77.08,75.99,75.45,74.91,74.91,78.71,77.62,75.99,75.99,75.45,74.91,74.36,78.16,77.08,75.99,75.45,74.91,74.36,73.82,77.62,75.99,75.45,74.91,74.36,73.82,73.82"
Rec-026_60s_2,5,16,4540,core,355,330,45.0,1.41,0.9889,359,332,365,336,0.0,False,76.9544,88.4761,73.822,2.9129,75.9929,"88.48,83.05,79.79,77.62,76.54,75.99,75.99,83.05,79.79,77.62,76.54,75.99,75.45,74.91,79.79,77.62,76.54,75.99,75.45,74.91,74.91,77.62,76.54,75.99,75.45,75.45,74.91,74.36,77.08,75.99,75.45,75.45,74.91,74.36,73.82"
Rec-026_60s_2,6,1,4670,core,290,331,0.0,0.0,0.9866,294,333,300,337,1.0,True,93.2832,107.4722,85.7624,5.141,92.2753,"107.47,104.22,101.50,99.87,99.33,98.79,98.25,97.70,96.07,95.53,95.53,95.53,94.99,94.99,92.28,92.28,92.28,92.28,92.28,92.28,92.28,89.02,89.56,89.56,90.10,90.10,90.10,90.10,85.76,86.85,86.85,87.39,87.93,87.93,87.93"
Rec-026_60s_2,6,2,4671,core,294,331,0.0,4.0,0.987,298,333,304,337,1.0,True,94.2602,108.5576,87.9333,4.9641,93.3608,"108.56,105.30,102.04,100.42,99.33,98.25,97.70,99.87,98.25,96.62,96.07,95.53,94.99,94.45,94.99,94.45,94.45,93.36,93.36,93.36,92.28,91.19,91.19,91.19,91.19,91.19,90.65,90.10,88.48,88.48,89.02,88.48,88.48,87.93,87.93"
Rec-026_60s_2,6,3,4672,core,298,331,0.0,4.0,0.9848,302,333,308,337,1.0,True,94.6169,111.2714,87.9333,5.3048,93.3608,"111.27,106.39,103.13,100.96,99.33,98.25,97.70,101.50,98.79,97.16,96.07,95.53,94.99,94.45,95.53,94.99,94.45,93.36,93.36,92.28,92.28,92.28,91.73,91.19,91.19,90.65,90.10,90.10,89.56,89.56,89.56,89.02,88.48,88.48,87.93"
Rec-026_60s_2,6,4,4673,core,303,331,0.0,5.0,0.9888,307,333,313,337,1.0,True,93.3918,106.9294,87.9333,4.3804,92.2753,"106.93,103.13,99.87,98.25,97.70,96.62,95.53,98.79,97.16,95.53,94.99,94.45,93.36,92.28,94.99,94.45,93.36,92.28,92.28,91.73,91.19,91.73,91.19,91.19,90.65,90.10,89.56,89.56,89.56,89.56,89.02,87.93,87.93,87.93,87.93"
Rec-026_60s_2,6,5,4674,core,312,331,0.0,9.0,0.9903,316,333,322,337,1.0,True,92.1667,104.2157,86.8478,3.9327,91.7325,"104.22,100.42,98.25,96.62,95.53,95.53,94.99,97.16,95.53,94.45,93.36,92.28,92.28,91.73,93.36,92.28,92.28,91.73,91.19,90.65,90.10,90.65,90.65,90.10,89.56,89.56,89.02,88.48,88.48,88.48,87.93,87.93,87.39,86.85,86.85"
Rec-026_60s_2,6,6,4675,core,316,331,0.0,4.0,0.987,320,333,326,337,1.0,True,92.2288,105.8439,86.8478,4.2841,91.1898,"105.84,102.04,98.79,97.16,95.53,95.53,94.45,98.25,95.53,94.45,93.36,92.28,92.28,91.73,93.36,92.28,91.73,91.19,91.19,90.65,90.10,90.65,90.10,89.56,89.56,89.56,89.02,88.48,87.93,87.93,87.93,87.93,87.39,87.39,86.85"
Rec-026_60s_2,6,7,4676,core,321,331,0.0,5.0,0.9907,325,333,331,337,1.0,True,91.655,103.1302,86.8478,3.686,91.1898,"103.13,99.33,97.16,95.53,95.53,94.99,94.45,96.07,94.45,93.36,92.28,92.28,92.28,92.28,92.28,91.73,91.19,91.19,90.65,90.65,90.65,89.56,89.56,89.56,89.02,89.02,89.02,89.02,87.93,87.93,87.93,87.39,86.85,86.85,86.85"
Rec-026_60s_2,6,8,4677,core,335,331,0.0,14.0,0.988,339,333,345,337,1.0,True,94.2447,103.1302,89.5616,3.598,94.4463,"103.13,100.96,99.87,98.79,98.25,98.25,98.25,97.70,96.62,96.07,96.07,95.53,95.53,95.53,94.45,94.45,94.45,94.45,93.36,94.45,93.36,91.73,91.73,91.73,91.73,91.73,91.73,91.73,89.56,89.56,89.56,89.56,89.56,89.56,89.56"
Rec-026_60s_2,6,9,4678,core,339,331,0.0,4.0,0.9908,343,333,349,337,1.0,True,95.3767,105.3012,90.1043,3.9279,94.989,"105.30,103.13,101.50,100.42,99.87,99.33,98.79,99.33,98.25,97.70,97.70,97.16,97.16,96.07,95.53,95.53,95.53,94.99,94.99,94.45,94.45,93.36,93.36,92.28,92.28,92.28,92.28,91.73,90.65,90.65,90.65,90.65,90.65,90.10,90.10"
Rec-026_60s_2,6,10,4679,core,344,331,0.0,5.0,0.9881,348,333,354,337,1.0,True,94.2447,105.3012,86.8478,4.1741,93.3608,"105.30,102.04,100.96,99.87,98.25,96.62,95.53,99.33,98.25,97.70,96.62,95.53,94.45,93.36,95.53,95.53,95.53,94.45,93.36,92.28,91.19,93.36,93.36,92.28,91.73,91.19,89.56,89.02,91.19,91.19,90.65,89.56,89.02,87.93,86.85"
Rec-026_60s_2,6,11,4680,core,348,331,0.0,4.0,0.9897,352,333,358,337,0.8571,False,88.7242,104.2157,76.5357,7.1255,89.5616,"104.22,100.96,98.25,94.99,91.73,84.13,78.71,98.79,96.62,94.99,93.36,89.56,83.05,78.16,95.53,94.45,92.28,90.65,87.93,81.42,77.62,92.28,91.19,89.56,87.93,85.76,80.33,77.62,90.10,89.02,87.93,86.31,83.59,79.79,76.54"
Rec-026_60s_2,6,12,4681,core,355,331,0.0,7.0,0.9848,359,333,365,337,0.0,False,76.2721,84.1341,73.822,1.9692,75.9929,"84.13,80.33,77.62,76.54,75.99,75.99,74.91,80.33,77.62,76.54,75.99,75.45,75.45,74.91,78.16,76.54,75.99,75.45,75.45,74.91,74.91,77.62,76.54,75.99,75.45,74.91,74.91,74.36,76.54,75.99,75.45,75.45,74.91,74.36,73.82"
Rec-027_std_2,1,1,1125,core,290,331,0.0,0.0,0.984,294,333,300,337,1.0,True,93.2212,106.9294,86.8478,4.7605,92.2753,"106.93,103.13,100.42,99.87,98.79,98.25,98.25,97.16,95.53,95.53,94.99,94.99,94.45,94.45,92.28,92.28,92.28,92.28,92.28,92.28,92.28,89.02,89.56,90.10,90.65,90.65,90.10,90.10,86.85,87.39,87.93,87.93,87.93,87.93,87.93"
Rec-027_std_2,1,2,1126,core,293,331,0.0,3.0,0.9832,297,333,303,337,1.0,True,94.3067,108.5576,88.4761,4.757,93.3608,"108.56,105.30,102.04,100.42,98.79,98.25,97.70,99.33,97.70,96.62,95.53,95.53,94.45,94.45,94.99,94.45,94.45,93.36,93.36,92.28,92.28,91.19,91.19,91.19,91.19,91.19,91.19,90.65,89.02,89.02,89.56,89.02,89.02,89.02,88.48"
Rec-027_std_2,1,3,1127,core,297,331,0.0,4.0,0.9817,301,333,307,337,1.0,True,94.3377,110.1859,89.0188,4.7843,93.3608,"110.19,105.30,102.04,99.33,98.25,97.70,96.62,100.42,98.25,96.62,95.53,94.45,94.45,93.36,95.53,94.45,94.45,93.36,92.28,92.28,92.28,92.28,91.73,91.19,91.19,91.19,90.65,90.65,89.56,89.56,89.56,89.56,89.56,89.02,89.02"
Rec-027_std_2,1,4,1128,core,302,331,0.0,5.0,0.9845,306,333,312,337,1.0,True,93.5158,106.3867,89.0188,3.8978,92.2753,"106.39,102.04,99.33,98.25,97.16,96.07,95.53,98.25,96.62,95.53,94.45,93.36,93.36,92.28,94.99,94.45,93.36,92.28,92.28,92.28,91.19,92.28,91.19,91.19,91.19,91.19,90.65,90.10,89.56,89.56,89.56,89.56,89.56,89.02,89.02"
Rec-027_std_2,1,5,1129,core,306,331,0.0,4.0,0.9825,310,333,316,337,1.0,True,93.5469,108.0149,88.4761,4.1333,92.2753,"108.01,103.13,99.87,97.70,96.62,95.53,95.53,98.79,96.62,95.53,94.45,93.36,92.28,92.28,94.99,94.45,93.36,92.28,92.28,91.73,91.19,92.28,91.73,91.19,91.19,90.65,90.65,90.10,90.10,90.10,89.56,89.56,89.56,89.02,88.48"
Rec-027_std_2,1,6,1130,core,311,331,0.0,5.0,0.9854,315,333,321,337,1.0,True,92.8956,103.6729,89.0188,3.3461,92.2753,"103.67,100.42,98.25,96.62,95.53,95.53,94.99,97.16,95.53,94.45,93.36,93.36,93.36,92.28,93.36,93.36,92.28,92.28,92.28,91.19,91.19,91.73,91.19,91.19,90.65,90.65,90.10,90.10,89.56,89.56,89.56,89.56,89.02,89.02,89.02"
Rec-027_std_2,1,7,1131,core,315,331,0.0,4.0,0.9827,319,333,325,337,1.0,True,93.5158,105.8439,89.5616,3.6549,92.2753,"105.84,102.04,98.79,97.16,96.62,96.07,95.53,98.25,96.07,94.99,94.45,94.45,93.36,93.36,94.45,93.36,93.36,92.28,92.28,92.28,91.73,91.73,91.19,91.19,91.19,91.19,91.19,90.65,90.10,90.10,89.56,89.56,89.56,89.56,89.56"
Rec-027_std_2,1,8,1132,core,320,331,0.0,5.0,0.9855,324,333,330,337,1.0,True,93.8105,104.2157,89.5616,3.362,93.3608,"104.22,100.96,98.79,97.70,97.16,96.62,96.07,97.70,96.07,95.53,94.99,94.45,94.45,94.45,94.45,94.45,93.36,93.36,93.36,92.28,92.28,92.28,91.73,91.73,91.19,91.19,91.19,91.19,90.65,90.65,90.10,90.10,89.56,89.56,89.56"
Rec-027_std_2,1,9,1133,core,324,331,0.0,4.0,0.9823,328,333,334,337,1.0,True,94.5083,106.3867,89.5616,3.7664,94.4463,"106.39,103.13,100.42,98.79,97.70,97.16,96.62,98.79,97.70,96.62,95.53,94.99,94.99,94.45,95.53,94.45,94.45,94.45,93.36,93.36,92.28,92.28,92.28,92.28,91.73,91.73,91.19,91.19,91.19,91.19,90.65,90.65,90.65,90.10,89.56"
Rec-027_std_2,1,10,1134,core,329,331,0.0,5.0,0.9854,333,333,339,337,1.0,True,94.5238,105.3012,90.1043,3.4182,94.4463,"105.30,101.50,99.33,98.25,98.25,97.70,97.16,98.25,97.16,96.07,95.53,95.53,94.99,94.99,94.99,94.99,94.45,94.45,93.36,93.36,93.36,92.28,92.28,92.28,92.28,92.28,91.73,91.19,91.19,91.19,90.65,90.65,90.65,90.65,90.10"
Rec-027_std_2,1,11,1135,core,334,331,0.0,5.0,0.9821,338,333,344,337,1.0,True,94.4152,103.1302,89.5616,3.2692,94.4463,"103.13,100.96,99.33,98.25,98.25,97.70,97.16,98.25,97.16,96.07,96.07,95.53,95.53,94.99,94.99,94.45,94.45,94.45,93.36,93.36,93.36,92.28,92.28,92.28,92.28,91.73,91.73,91.19,91.19,91.19,91.19,90.65,90.10,90.10,89.56"
Rec-027_std_2,1,12,1136,core,338,331,0.0,4.0,0.985,342,333,348,337,1.0,True,94.5858,105.3012,89.0188,3.7046,94.4463,"105.30,102.04,100.42,98.79,98.25,97.70,97.16,98.79,98.25,96.62,96.07,95.53,95.53,94.45,95.53,95.53,94.45,94.45,93.36,93.36,92.28,93.36,92.28,92.28,92.28,91.73,91.19,90.65,91.19,91.19,91.19,90.65,90.10,89.56,89.02"
Rec-027_std_2,1,13,1137,core,343,331,0.0,5.0,0.9822,347,333,353,337,1.0,True,92.663,103.1302,85.7624,3.8609,92.2753,"103.13,100.42,98.79,97.70,96.07,94.99,93.36,97.70,96.62,95.53,94.45,93.36,92.28,91.19,94.45,94.45,93.36,92.28,91.19,90.65,89.56,92.28,91.73,91.19,90.65,89.56,88.48,87.39,90.65,90.10,89.56,89.02,87.93,87.39,85.76"
Rec-027_std_2,1,14,1138,core,347,331,0.0,4.0,0.984,351,333,357,337,1.0,True,88.29,102.0447,78.1639,5.4521,88.4761,"102.04,98.25,95.53,93.36,91.19,87.93,80.88,96.07,94.45,92.28,91.19,89.56,86.31,80.88,92.28,91.19,90.65,89.02,87.93,84.68,79.79,90.10,89.56,88.48,86.85,85.76,83.05,78.71,88.48,87.93,86.85,85.22,84.13,81.42,78.16"
Rec-027_std_2,1,15,1139,core,355,331,0.0,8.0,0.9817,359,333,365,337,0.0,False,76.3806,83.5914,73.822,1.8004,75.9929,"83.59,79.79,77.62,77.08,76.54,75.99,75.45,79.79,78.16,77.08,75.99,75.99,75.99,75.45,78.16,77.08,75.99,75.99,75.45,75.45,74.91,77.08,75.99,75.99,75.99,75.45,74.91,74.91,75.99,75.99,75.45,74.91,74.91,74.36,73.82"
Rec-027_std_2,2,1,1285,core,290,331,0.0,0.0,0.984,294,333,300,337,1.0,True,93.3608,107.4722,87.3906,4.6526,92.2753,"107.47,103.13,100.42,99.87,98.79,98.25,97.70,97.16,95.53,95.53,94.99,94.99,94.45,94.45,92.28,92.28,92.28,92.28,92.28,92.28,92.28,89.56,89.56,90.65,90.65,90.65,90.65,90.10,87.39,87.93,87.93,88.48,88.48,88.48,88.48"
Rec-027_std_2,2,2,1286,core,294,331,0.0,4.0,0.981,298,333,304,337,1.0,True,93.6089,105.8439,88.4761,4.0269,93.3608,"105.84,102.04,99.87,98.79,98.25,97.16,96.07,98.25,96.62,95.53,94.99,94.45,94.45,93.36,94.45,93.36,93.36,93.36,92.28,91.73,91.73,91.73,91.19,91.19,91.19,90.65,90.10,90.10,89.56,89.56,89.56,89.02,89.02,89.02,88.48"
Rec-027_std_2,2,3,1287,core,298,331,0.0,4.0,0.9844,302,333,308,337,1.0,True,93.764,108.0149,88.4761,4.2703,92.2753,"108.01,103.13,100.42,98.25,97.70,96.62,95.53,99.33,97.16,95.53,94.99,94.45,93.36,93.36,94.99,94.45,93.36,92.28,92.28,92.28,91.19,92.28,91.73,91.19,91.19,91.19,90.65,90.10,89.56,89.56,89.56,89.56,89.02,89.02,88.48"
Rec-027_std_2,2,4,1288,core,302,331,0.0,4.0,0.9814,306,333,312,337,1.0,True,93.9811,109.6431,89.0188,4.4664,92.2753,"109.64,104.22,100.96,98.25,97.16,96.07,95.53,99.87,97.70,96.07,94.99,94.45,93.36,93.36,95.53,94.45,93.36,92.28,92.28,92.28,91.73,92.28,91.73,91.19,91.19,91.19,91.19,90.65,90.10,89.56,89.56,89.56,89.56,89.02,89.02"
Rec-027_std_2,2,5,1289,core,307,331,0.0,5.0,0.9855,311,333,317,337,1.0,True,93.3143,105.3012,89.0188,3.629,92.2753,"105.30,101.50,98.25,97.70,96.07,95.53,95.53,98.25,96.07,94.99,94.45,93.36,93.36,92.28,94.99,93.36,93.36,92.28,92.28,91.73,91.19,92.28,91.73,91.19,91.19,90.65,90.10,90.10,90.10,90.10,89.56,89.56,89.56,89.02,89.02"
Rec-027_std_2,2,6,1290,core,312,331,0.0,5.0,0.9829,316,333,322,337,1.0,True,93.1127,103.1302,89.5616,3.093,92.2753,"103.13,99.33,97.70,96.62,95.53,95.53,95.53,96.62,95.53,94.45,94.45,93.36,93.36,93.36,94.45,93.36,93.36,92.28,92.28,92.28,91.73,91.73,91.19,91.19,91.19,91.19,90.65,90.65,89.56,89.56,89.56,89.56,89.56,89.56,89.56"
Rec-027_std_2,2,7,1291,core,321,331,0.0,9.0,0.9842,325,333,331,337,1.0,True,94.2447,103.1302,90.1043,3.1782,93.3608,"103.13,100.96,98.79,98.25,98.25,97.16,96.62,98.25,96.62,95.53,95.53,94.99,94.99,94.45,94.99,94.45,94.45,93.36,93.36,93.36,93.36,92.28,92.28,92.28,92.28,91.73,91.73,91.19,91.19,90.65,90.65,90.65,90.10,90.65,90.10"
Rec-027_std_2,2,8,1292,core,330,331,0.0,9.0,0.9848,334,333,340,337,1.0,True,95.0045,104.2157,90.6471,3.4092,94.4463,"104.22,102.04,100.42,99.33,98.79,98.25,98.25,98.79,97.70,96.62,96.62,96.07,95.53,95.53,95.53,94.99,94.99,94.45,94.45,94.45,93.36,93.36,93.36,92.28,92.28,92.28,92.28,91.73,91.19,91.19,91.19,91.19,91.19,90.65,90.65"
Rec-027_std_2,2,9,1293,core,334,331,0.0,4.0,0.9862,338,333,344,337,1.0,True,95.6248,106.3867,90.6471,3.8367,94.989,"106.39,103.13,102.04,100.42,99.87,99.33,98.79,99.87,98.25,98.25,97.16,96.62,96.62,96.07,96.07,95.53,95.53,94.99,94.99,94.45,94.45,93.36,93.36,93.36,93.36,92.28,92.28,91.73,91.73,91.73,91.19,91.19,91.19,90.65,90.65"
Rec-027_std_2,2,10,1294,core,339,331,0.0,5.0,0.9851,343,333,349,337,1.0,True,94.8494,105.3012,89.0188,3.8342,94.4463,"105.30,102.04,100.96,99.87,98.79,98.25,97.70,99.33,98.25,97.70,96.62,96.07,95.53,94.99,95.53,95.53,94.99,94.45,94.45,93.36,92.28,93.36,93.36,92.28,92.28,91.73,91.19,90.65,91.19,91.19,91.19,90.65,90.10,89.56,89.02"
Rec-027_std_2,2,11,1295,core,343,331,0.0,4.0,0.985,347,333,353,337,1.0,True,93.4848,105.3012,85.7624,4.2737,93.3608,"105.30,102.04,99.87,98.25,97.70,96.07,94.45,99.33,97.70,96.62,95.53,94.45,93.36,92.28,95.53,94.99,94.45,93.36,92.28,91.19,90.10,93.36,92.28,91.19,91.19,90.10,89.02,87.93,91.19,90.10,89.56,89.56,88.48,87.39,85.76"
Rec-027_std_2,2,12,1296,core,352,331,0.0,9.0,0.9828,356,333,362,337,0.2857,False,78.9238,94.989,74.9074,4.6148,77.0784,"94.99,85.22,80.33,78.16,77.08,75.99,75.99,90.10,83.05,78.71,77.62,76.54,75.99,75.45,86.85,81.42,78.71,77.08,75.99,75.99,75.45,84.68,80.33,77.62,76.54,75.99,75.45,74.91,83.05,78.71,77.08,75.99,75.45,74.91,74.91"
Rec-027_std_2,2,13,1297,core,355,331,0.0,3.0,0.9813,359,333,365,337,0.0,False,76.5047,84.1341,74.3647,1.9197,75.9929,"84.13,80.33,78.16,77.08,75.99,75.99,75.45,80.33,78.16,77.08,75.99,75.99,75.99,75.45,78.16,77.08,75.99,75.99,75.45,75.45,74.91,77.62,76.54,75.99,75.99,75.45,74.91,74.36,76.54,75.99,75.99,75.45,74.91,74.36,74.36"
Rec-027_std_2,3,1,1450,core,291,331,0.0,1.0,0.9837,295,333,301,337,1.0,True,94.0276,108.0149,87.9333,4.5743,93.3608,"108.01,103.67,101.50,99.87,98.79,98.25,97.70,98.25,97.16,96.07,95.53,95.53,94.99,94.45,93.36,93.36,93.36,93.36,93.36,93.36,92.28,90.65,91.19,91.19,91.19,91.19,91.19,90.65,87.93,89.02,89.02,89.02,89.02,89.02,88.48"
Rec-027_std_2,3,2,1451,core,295,331,0.0,4.0,0.9828,299,333,305,337,1.0,True,94.4308,109.6431,88.4761,4.7978,93.3608,"109.64,105.30,102.04,99.87,98.25,98.25,97.16,100.96,98.25,96.62,95.53,94.99,94.45,94.45,95.53,94.45,94.45,93.36,92.28,92.28,92.28,92.28,91.73,91.73,91.19,91.19,90.65,90.65,89.56,89.56,89.56,89.56,89.56,89.02,88.48"
Rec-027_std_2,3,3,1452,core,300,331,0.0,5.0,0.9848,304,333,310,337,1.0,True,93.9656,106.9294,89.0188,4.0528,93.3608,"106.93,103.13,100.42,98.79,97.70,96.62,96.07,98.79,97.16,95.53,94.99,94.45,94.45,93.36,94.99,94.45,94.45,93.36,92.28,92.28,91.73,92.28,91.73,91.73,91.19,91.19,90.65,90.65,90.10,90.10,89.56,89.56,89.56,89.56,89.02"
Rec-027_std_2,3,4,1453,core,304,331,0.0,4.0,0.9841,308,333,314,337,1.0,True,93.9655,108.0149,89.0188,4.1472,93.3608,"108.01,103.13,100.42,98.25,97.70,96.62,96.07,99.33,97.16,95.53,94.99,94.45,93.36,93.36,95.53,94.45,93.36,93.36,92.28,92.28,91.73,92.28,91.73,91.73,91.19,91.19,90.65,90.65,90.10,90.10,90.10,89.56,89.56,89.56,89.02"
Rec-027_std_2,3,5,1454,core,309,331,0.0,5.0,0.9859,313,333,319,337,1.0,True,93.3918,104.2157,89.0188,3.5101,92.2753,"104.22,101.50,98.79,97.70,96.62,96.07,95.53,97.70,95.53,94.99,94.45,94.45,93.36,93.36,94.45,93.36,93.36,92.28,92.28,91.73,91.73,92.28,91.73,91.19,91.19,91.19,90.65,90.65,90.10,89.56,89.56,89.56,89.56,89.02,89.02"
Rec-027_std_2,3,6,1455,core,318,331,0.0,9.0,0.9864,322,333,328,337,1.0,True,93.764,103.6729,89.5616,3.1523,93.3608,"103.67,100.42,98.25,97.70,96.62,96.07,96.07,97.70,96.07,94.99,94.99,94.45,94.45,94.45,94.45,93.36,93.36,93.36,93.36,92.28,92.28,92.28,92.28,91.73,91.73,91.19,91.19,91.19,90.65,90.65,90.65,90.65,90.10,89.56,89.56"
Rec-027_std_2,3,7,1456,core,322,331,0.0,4.0,0.9836,326,333,332,337,1.0,True,94.6634,105.8439,90.1043,3.477,94.4463,"105.84,102.04,99.87,98.25,98.25,97.70,97.16,98.79,97.16,96.07,95.53,95.53,94.99,94.45,95.53,94.45,94.45,94.45,94.45,93.36,93.36,92.28,92.28,92.28,92.28,92.28,92.28,91.73,91.19,91.19,91.19,91.19,90.65,90.65,90.10"
Rec-027_std_2,3,8,1457,core,327,331,0.0,5.0,0.9862,331,333,337,337,1.0,True,94.7099,104.2157,90.6471,3.2471,94.4463,"104.22,101.50,99.33,98.79,98.25,97.70,97.16,98.25,97.16,96.07,96.07,95.53,95.53,95.53,95.53,94.45,94.45,94.45,94.45,93.36,93.36,93.36,93.36,92.28,92.28,92.28,91.73,91.73,91.19,91.19,91.19,91.19,90.65,90.65,90.65"
Rec-027_std_2,3,9,1458,core,331,331,0.0,4.0,0.9832,335,333,341,337,1.0,True,95.2371,106.3867,90.6471,3.6566,94.4463,"106.39,103.13,100.96,99.33,98.25,98.25,98.25,99.33,98.25,97.16,96.62,96.07,95.53,95.53,95.53,95.53,94.99,94.45,94.45,94.45,94.45,93.36,93.36,93.36,92.28,92.28,92.28,92.28,91.19,91.19,91.19,91.19,91.19,90.65,90.65"
Rec-027_std_2,3,10,1459,core,336,331,0.0,5.0,0.9863,340,333,346,337,1.0,True,95.0976,104.2157,89.5616,3.5097,94.989,"104.22,102.04,100.42,99.87,99.33,98.25,98.25,98.79,97.70,97.16,96.62,96.62,96.07,95.53,95.53,95.53,94.99,94.99,94.45,94.45,93.36,93.36,93.36,93.36,92.28,92.28,91.73,91.73,91.73,91.73,91.19,91.19,90.65,90.10,89.56"
Rec-027_std_2,3,11,1460,core,341,331,0.0,5.0,0.9828,345,333,351,337,1.0,True,94.0586,103.1302,87.9333,3.7548,93.3608,"103.13,101.50,99.87,99.33,98.25,97.70,96.07,98.25,97.70,96.62,96.07,95.53,94.45,94.45,95.53,94.99,94.45,93.36,93.36,92.28,91.19,93.36,92.28,92.28,91.19,91.19,90.65,89.56,91.19,90.65,90.10,89.56,89.56,88.48,87.93"
Rec-027_std_2,3,12,1461,core,345,331,0.0,4.0,0.9854,349,333,355,337,1.0,True,91.7791,103.6729,83.5914,4.4688,91.1898,"103.67,100.96,98.25,97.16,95.53,93.36,91.19,98.25,96.62,95.53,94.45,92.28,91.19,89.56,94.45,93.36,92.28,91.19,90.65,89.56,87.93,92.28,91.19,90.65,89.56,87.93,86.85,85.22,90.10,89.56,88.48,87.93,86.31,85.22,83.59"
Rec-027_std_2,3,13,1462,core,350,331,0.0,5.0,0.9809,354,333,360,337,0.5714,False,82.4594,98.2455,74.9074,6.4641,80.8776,"98.25,94.45,90.10,83.05,78.71,77.08,75.99,94.45,91.73,87.93,81.96,78.16,76.54,75.99,90.65,89.02,85.76,80.88,77.62,75.99,75.45,87.93,86.31,84.13,79.79,77.62,75.99,75.45,85.76,84.68,82.51,78.71,76.54,75.99,74.91"
Rec-027_std_2,3,14,1463,core,354,331,0.0,4.0,0.9831,358,333,364,337,0.0,False,76.5822,84.1341,74.3647,1.9692,75.9929,"84.13,79.79,77.62,77.08,75.99,75.99,75.45,80.88,78.16,77.08,76.54,75.99,75.45,74.91,78.71,77.62,76.54,75.99,75.99,75.45,74.91,78.16,77.08,75.99,75.45,75.45,74.91,74.36,77.62,75.99,75.99,75.45,74.91,74.36,74.36"
Rec-027_std_2,4,1,1612,core,290,331,0.0,0.0,0.9849,294,333,300,337,1.0,True,93.4848,107.4722,87.3906,4.721,92.2753,"107.47,103.67,100.96,99.87,98.79,98.25,98.25,97.70,95.53,95.53,95.53,95.53,94.45,94.45,92.28,92.28,92.28,92.28,92.28,92.28,92.28,89.56,90.10,90.65,90.65,90.65,90.65,90.10,87.39,87.93,88.48,88.48,88.48,88.48,88.48"
Rec-027_std_2,4,2,1613,core,293,331,0.0,3.0,0.9841,297,333,303,337,1.0,True,94.3222,109.1004,88.4761,4.7777,93.3608,"109.10,105.30,101.50,99.87,98.79,98.25,97.70,99.87,98.25,96.62,95.53,95.53,94.99,94.45,94.99,94.45,93.36,93.36,93.36,92.28,92.28,91.19,91.73,91.19,91.19,91.19,90.65,90.10,89.56,89.56,89.56,89.56,89.02,88.48,88.48"
Rec-027_std_2,4,3,1614,core,298,331,0.0,5.0,0.9824,302,333,308,337,1.0,True,93.6709,105.3012,89.0188,3.8712,93.3608,"105.30,102.04,99.87,98.25,97.70,96.62,96.07,98.25,96.62,95.53,94.99,94.45,94.45,93.36,94.99,94.45,93.36,93.36,92.28,92.28,91.73,92.28,91.19,91.19,91.19,90.65,90.10,90.10,89.56,89.56,89.56,89.56,89.56,89.02,89.02"
Rec-027_std_2,4,4,1615,core,302,331,0.0,4.0,0.9854,306,333,312,337,1.0,True,93.826,106.9294,89.0188,4.0494,93.3608,"106.93,103.13,99.87,98.25,97.70,96.62,96.07,98.79,97.16,95.53,94.99,94.45,93.36,93.36,94.99,94.45,93.36,93.36,92.28,92.28,91.73,92.28,91.73,91.19,91.19,91.19,90.65,90.10,90.10,89.56,89.56,89.56,89.56,89.56,89.02"
Rec-027_std_2,4,5,1616,core,307,331,0.0,5.0,0.9826,311,333,317,337,1.0,True,93.1747,103.1302,89.0188,3.3127,92.2753,"103.13,100.42,98.25,97.16,96.62,96.07,95.53,97.16,95.53,94.99,94.45,93.36,93.36,92.28,94.45,93.36,93.36,92.28,92.28,91.73,91.19,92.28,91.73,91.19,91.19,90.65,90.10,90.10,90.10,90.10,89.56,89.56,89.56,89.02,89.02"
Rec-027_std_2,4,6,1617,core,311,331,0.0,4.0,0.9865,315,333,321,337,1.0,True,93.5158,105.3012,89.5616,3.6225,92.2753,"105.30,101.50,98.79,97.70,97.16,96.07,95.53,98.25,96.07,95.53,94.45,94.45,93.36,93.36,94.45,93.36,93.36,92.28,92.28,92.28,91.73,91.73,91.19,91.19,91.19,91.19,91.19,90.65,90.10,89.56,89.56,89.56,89.56,89.56,89.56"
Rec-027_std_2,4,7,1618,core,316,331,0.0,5.0,0.9841,320,333,326,337,1.0,True,93.5624,103.1302,89.5616,3.0732,93.3608,"103.13,99.87,98.25,97.70,96.62,96.07,95.53,97.16,95.53,94.99,94.45,94.45,94.45,93.36,94.45,93.36,93.36,93.36,92.28,92.28,92.28,92.28,91.73,91.73,91.73,91.19,91.19,91.19,90.65,90.65,90.10,90.10,90.10,89.56,89.56"
Rec-027_std_2,4,8,1619,core,320,331,0.0,4.0,0.9864,324,333,330,337,1.0,True,94.3842,105.3012,90.1043,3.3451,93.3608,"105.30,101.50,99.33,98.25,97.70,97.16,96.62,98.25,96.62,95.53,95.53,94.99,94.99,94.45,94.99,94.45,94.45,93.36,93.36,93.36,93.36,92.28,92.28,92.28,92.28,92.28,91.73,91.73,91.19,91.19,90.65,90.65,90.65,90.65,90.10"
Rec-027_std_2,4,9,1620,core,325,331,0.0,5.0,0.984,329,333,335,337,1.0,True,94.6013,103.1302,90.1043,3.0909,94.4463,"103.13,100.96,99.33,98.25,98.25,97.70,97.16,98.25,96.62,96.07,95.53,95.53,95.53,94.99,95.53,94.45,94.45,94.45,94.45,93.36,93.36,93.36,93.36,92.28,92.28,92.28,91.73,91.73,91.19,91.19,91.19,91.19,91.19,90.65,90.10"
Rec-027_std_2,4,10,1621,core,329,331,0.0,4.0,0.9865,333,333,339,337,1.0,True,95.0665,105.3012,90.6471,3.3985,94.989,"105.30,102.04,99.87,98.79,98.25,98.25,97.70,99.33,97.70,96.62,96.62,95.53,95.53,95.53,95.53,95.53,94.99,94.99,94.45,94.45,94.45,93.36,93.36,92.28,92.28,92.28,92.28,92.28,91.19,91.19,91.19,91.19,91.19,91.19,90.65"
Rec-027_std_2,4,11,1622,core,338,331,0.0,9.0,0.9862,342,333,348,337,1.0,True,94.7874,105.3012,89.5616,3.7018,94.4463,"105.30,102.04,100.42,98.79,98.25,98.25,97.70,99.33,98.25,97.16,96.07,95.53,95.53,94.99,96.07,95.53,94.99,94.45,94.45,93.36,92.28,93.36,93.36,92.28,92.28,91.73,91.19,91.19,91.19,91.19,91.19,90.65,90.10,89.56,89.56"
Rec-027_std_2,4,12,1623,core,343,331,0.0,5.0,0.9849,347,333,353,337,1.0,True,92.8801,103.1302,85.7624,3.8766,92.2753,"103.13,100.42,98.79,97.70,96.62,95.53,93.36,98.25,96.62,95.53,94.99,94.45,93.36,91.73,94.99,94.45,93.36,92.28,91.73,91.19,89.56,92.28,91.73,91.19,90.65,89.56,89.02,87.93,90.65,90.10,89.56,89.02,87.93,87.39,85.76"
Rec-027_std_2,4,13,1624,core,347,331,0.0,4.0,0.9847,351,333,357,337,1.0,True,88.7862,102.0447,78.7067,5.6184,89.0188,"102.04,98.79,96.07,94.45,91.73,88.48,81.42,97.16,95.53,93.36,91.73,90.10,87.39,80.88,93.36,92.28,91.19,89.56,87.93,85.22,79.79,91.19,89.56,89.02,87.39,85.76,83.05,78.71,89.02,87.93,86.85,85.76,84.13,81.96,78.71"
Rec-027_std_2,4,14,1625,core,355,331,0.0,8.0,0.9831,359,333,365,337,0.0,False,76.3961,83.0486,74.3647,1.6834,75.9929,"83.05,79.79,77.62,77.08,75.99,75.99,75.45,79.79,77.62,77.08,75.99,75.99,75.45,74.91,77.62,77.08,75.99,75.99,75.99,75.45,74.91,77.62,76.54,75.99,75.99,75.45,74.91,74.91,76.54,75.99,75.45,75.45,74.91,74.91,74.36"
Rec-027_std_2,5,1,1767,core,291,331,0.0,1.0,0.9833,295,333,301,337,1.0,True,94.6168,108.0149,88.4761,4.6522,94.4463,"108.01,104.22,102.04,100.96,99.87,99.33,98.79,98.25,97.70,97.16,96.62,96.07,95.53,95.53,94.45,94.45,94.45,94.45,93.36,93.36,93.36,91.19,91.19,91.19,91.73,91.19,91.19,91.19,88.48,89.02,89.56,89.56,89.56,89.56,89.02"
Rec-027_std_2,5,2,1768,core,304,331,0.0,13.0,0.9855,308,333,314,337,1.0,True,94.4463,109.1004,89.5616,4.3147,93.3608,"109.10,103.67,100.96,98.79,98.25,97.16,96.62,100.42,98.25,96.07,95.53,94.99,94.45,93.36,95.53,94.99,94.45,93.36,93.36,92.28,92.28,92.28,92.28,92.28,91.73,91.19,91.19,90.65,90.65,90.65,90.10,90.10,89.56,89.56,89.56"
Rec-027_std_2,5,3,1769,core,309,331,0.0,5.0,0.9841,313,333,319,337,1.0,True,93.795,105.3012,89.5616,3.5903,93.3608,"105.30,102.04,98.79,98.25,97.16,96.07,95.53,98.25,96.62,95.53,94.99,94.45,93.36,93.36,94.99,94.45,93.36,93.36,92.28,92.28,92.28,92.28,92.28,91.73,91.19,91.19,91.19,90.65,90.65,90.65,90.10,89.56,89.56,89.56,89.56"
Rec-027_std_2,5,4,1770,core,322,331,0.0,13.0,0.9864,326,333,332,337,1.0,True,94.6013,105.8439,90.1043,3.502,94.4463,"105.84,102.04,99.87,98.25,98.25,97.70,96.62,98.79,97.16,96.07,95.53,95.53,94.99,94.99,95.53,94.45,94.45,94.45,93.36,93.36,93.36,92.28,92.28,92.28,92.28,92.28,91.73,91.73,91.19,91.19,91.19,90.65,90.65,90.65,90.10"
Rec-027_std_2,5,5,1771,core,327,331,0.0,5.0,0.9858,331,333,337,337,1.0,True,94.927,104.2157,90.6471,3.2559,94.4463,"104.22,101.50,99.87,98.79,98.25,98.25,98.25,98.25,97.16,96.62,96.07,95.53,95.53,95.53,95.53,94.99,94.45,94.45,94.45,94.45,94.45,93.36,93.36,93.36,92.28,92.28,92.28,92.28,91.19,91.19,91.19,91.19,90.65,90.65,90.65"
Rec-027_std_2,5,6,1772,core,331,331,0.0,4.0,0.9866,335,333,341,337,1.0,True,96.028,106.9294,91.1898,3.7923,95.5318,"106.93,103.67,102.04,100.96,99.87,99.33,98.79,100.42,98.79,98.25,97.70,97.16,97.16,96.62,96.62,95.53,95.53,95.53,95.53,94.99,94.99,94.45,93.36,93.36,93.36,93.36,93.36,92.28,91.73,91.73,91.73,91.73,91.73,91.19,91.19"
Rec-027_std_2,5,7,1773,core,336,331,0.0,5.0,0.9861,340,333,346,337,1.0,True,95.9349,105.8439,90.6471,3.6819,95.5318,"105.84,103.13,101.50,100.96,99.87,99.87,98.79,99.87,98.25,98.25,97.70,97.70,97.16,96.07,96.62,96.07,95.53,95.53,95.53,94.99,94.45,94.45,94.45,93.36,93.36,93.36,92.28,92.28,92.28,92.28,91.73,91.19,91.19,91.19,90.65"
Rec-027_std_2,5,8,1774,core,345,331,0.0,9.0,0.9853,349,333,355,337,1.0,True,92.9731,105.3012,84.6769,4.5771,92.2753,"105.30,102.04,99.87,98.25,96.62,94.45,92.28,99.33,98.25,96.62,95.53,94.45,92.28,91.19,95.53,94.99,94.45,92.28,91.73,90.10,89.56,93.36,92.28,91.19,90.65,89.56,87.93,86.85,91.19,90.10,89.56,88.48,87.39,85.76,84.68"
Rec-027_std_2,5,9,1775,core,354,331,0.0,9.0,0.9833,358,333,364,337,0.0,False,76.5977,83.5914,74.3647,1.8791,75.9929,"83.59,79.79,77.62,77.08,75.99,75.99,75.45,80.88,78.16,77.08,75.99,75.99,75.45,74.91,78.71,77.62,76.54,75.99,75.99,75.45,74.91,78.16,77.08,75.99,75.45,75.45,74.91,74.91,77.62,76.54,75.99,75.45,74.91,74.91,74.36"
Rec-027_std_2,6,1,1910,core,290,331,0.0,0.0,0.9857,294,333,300,337,1.0,True,94.6324,108.0149,87.9333,4.6814,94.4463,"108.01,104.22,102.04,100.96,100.42,99.87,99.33,98.25,96.62,96.07,96.62,96.07,95.53,95.53,93.36,93.36,94.45,94.45,94.45,94.45,94.45,90.65,91.19,91.19,91.73,91.73,91.73,91.19,87.93,88.48,89.56,89.56,89.56,89.56,89.56"
Rec-027_std_2,6,2,1911,core,293,331,0.0,3.0,0.9822,297,333,303,337,1.0,True,95.9815,111.8141,90.1043,5.0507,95.5318,"111.81,107.47,103.67,102.04,100.96,99.87,98.79,102.04,99.87,98.25,97.70,97.16,96.07,95.53,96.62,95.53,95.53,95.53,94.99,94.45,94.45,93.36,93.36,92.28,92.28,92.28,92.28,91.73,90.65,90.65,90.65,90.65,90.65,90.10,90.10"
Rec-027_std_2,6,3,1912,core,302,331,0.0,9.0,0.9839,306,333,312,337,1.0,True,95.0821,110.7286,89.5616,4.5732,94.4463,"110.73,105.30,102.04,99.87,98.25,97.70,96.62,101.50,98.79,97.16,96.07,95.53,94.99,94.45,96.62,95.53,94.45,94.45,93.36,93.36,92.28,93.36,93.36,92.28,92.28,91.73,91.19,91.19,91.19,91.19,91.19,90.65,90.10,89.56,89.56"
Rec-027_std_2,6,4,1913,core,316,331,0.0,14.0,0.9874,320,333,326,337,1.0,True,93.7485,104.2157,89.5616,3.3092,93.3608,"104.22,100.96,98.25,97.70,96.62,96.07,95.53,98.25,96.07,95.53,94.99,94.45,94.45,93.36,94.99,94.45,93.36,93.36,92.28,92.28,92.28,92.28,92.28,91.73,91.19,91.19,91.19,91.19,90.65,90.65,90.10,90.10,90.10,89.56,89.56"
Rec-027_std_2,6,5,1914,core,321,331,0.0,5.0,0.9839,325,333,331,337,1.0,True,93.95,102.0447,90.1043,2.9051,93.3608,"102.04,99.87,98.25,97.70,97.16,97.16,96.62,97.16,95.53,95.53,94.99,94.99,94.45,94.45,94.45,94.45,93.36,93.36,93.36,93.36,93.36,92.28,92.28,91.73,91.73,91.73,91.73,91.73,90.65,90.65,90.65,90.65,90.65,90.10,90.10"
Rec-027_std_2,6,6,1915,core,325,331,0.0,4.0,0.9874,329,333,335,337,1.0,True,94.8805,105.3012,90.6471,3.3225,94.4463,"105.30,101.50,99.87,98.25,98.25,98.25,97.70,98.25,97.16,96.62,96.07,95.53,95.53,95.53,95.53,94.99,94.45,94.45,94.45,94.45,93.36,93.36,93.36,92.28,92.28,92.28,92.28,91.73,91.19,91.19,91.19,91.19,91.19,91.19,90.65"
Rec-027_std_2,6,7,1916,core,334,331,0.0,9.0,0.9872,338,333,344,337,1.0,True,95.7488,105.3012,91.1898,3.3862,95.5318,"105.30,102.04,100.96,99.87,99.33,98.79,98.79,99.33,98.25,98.25,97.16,97.16,96.62,96.62,96.07,95.53,95.53,95.53,94.99,94.99,94.45,94.45,94.45,93.36,93.36,93.36,93.36,92.28,92.28,91.73,91.73,91.73,91.19,91.19,91.19"
Rec-027_std_2,6,8,1917,core,343,331,0.0,9.0,0.9863,347,333,353,337,1.0,True,94.3997,105.3012,87.3906,4.1362,93.3608,"105.30,103.13,100.96,99.33,98.25,97.16,95.53,99.87,98.25,97.70,96.62,95.53,94.99,93.36,96.07,95.53,94.99,94.45,93.36,92.28,91.19,93.36,93.36,92.28,91.73,91.19,90.10,89.02,91.73,91.19,90.65,90.10,89.56,88.48,87.39"
Rec-027_std_2,6,9,1918,core,348,331,0.0,5.0,0.9831,352,333,358,337,0.8571,False,87.4526,101.502,76.5357,6.5808,87.9333,"101.50,98.25,95.53,93.36,89.56,82.51,78.16,97.16,94.99,93.36,91.73,87.93,81.42,77.62,93.36,92.28,91.19,89.56,86.31,80.33,77.62,91.19,90.10,89.02,87.39,84.13,79.79,77.08,89.56,87.93,86.85,85.76,83.05,78.71,76.54"
Rec-027_std_2,6,10,1919,core,352,331,0.0,4.0,0.9844,356,333,362,337,0.2857,False,79.0013,94.989,74.9074,4.8446,77.0784,"94.99,85.22,79.79,77.62,76.54,75.99,75.99,91.19,83.05,78.71,77.62,75.99,75.99,75.45,87.93,81.42,78.16,77.08,75.99,75.99,74.91,85.76,80.33,77.62,76.54,75.99,75.45,74.91,84.13,79.79,77.62,75.99,75.45,74.91,74.91"
Rec-027_std_2,6,11,1920,core,355,331,0.0,3.0,0.9822,359,333,365,337,0.0,False,76.4892,84.1341,74.3647,1.8135,75.9929,"84.13,79.79,77.62,77.08,75.99,75.99,75.45,79.79,77.62,77.08,75.99,75.99,75.99,75.45,78.16,77.08,76.54,75.99,75.99,75.45,74.91,77.62,76.54,75.99,75.99,75.45,74.91,74.91,76.54,75.99,75.99,75.45,74.91,74.36,74.36"
Rec-027_std_2,6,12,1921,core,355,330,90.0,1.0,0.9917,359,332,365,336,0.0,False,76.9389,86.3051,74.9074,2.2819,75.9929,"86.31,81.42,78.71,77.62,76.54,75.99,75.99,81.96,78.71,77.62,76.54,75.99,75.99,75.45,78.71,77.62,76.54,75.99,75.99,75.45,74.91,77.62,77.08,75.99,75.99,75.45,75.45,74.91,77.08,75.99,75.99,75.99,75.45,74.91,74.91"
Rec-027_std_2,7,1,2058,core,290,331,0.0,0.0,0.9897,294,333,300,337,1.0,True,94.0276,106.3867,87.3906,4.7085,93.3608,"106.39,103.67,101.50,100.96,100.42,99.87,99.33,97.16,96.07,95.53,96.07,96.07,95.53,95.53,92.28,92.28,93.36,93.36,93.36,93.36,93.36,89.56,90.10,90.65,91.19,91.19,91.19,91.19,87.39,87.93,89.02,89.02,89.02,89.02,89.02"
Rec-027_std_2,7,2,2059,core,297,331,0.0,7.0,0.983,301,333,307,337,1.0,True,94.989,108.0149,89.5616,4.1537,94.4463,"108.01,103.67,101.50,99.87,98.79,98.25,97.16,100.42,98.25,97.16,96.07,95.53,94.99,94.45,96.07,95.53,94.99,94.45,94.45,93.36,93.36,93.36,93.36,92.28,92.28,91.73,91.19,91.19,91.19,91.19,90.65,90.65,90.10,89.56,89.56"
Rec-027_std_2,7,3,2060,core,301,331,0.0,4.0,0.9868,305,333,311,337,1.0,True,94.6168,108.5576,89.5616,4.2849,93.3608,"108.56,104.22,101.50,99.33,98.25,97.16,96.62,100.42,98.25,96.62,95.53,94.99,94.45,93.36,96.07,95.53,94.45,93.36,93.36,92.28,92.28,93.36,92.28,92.28,91.73,91.19,91.19,91.19,91.19,91.19,90.65,90.10,89.56,89.56,89.56"
Rec-027_std_2,7,4,2061,core,305,331,0.0,4.0,0.9839,309,333,315,337,1.0,True,94.4773,109.6431,89.5616,4.3573,93.3608,"109.64,104.22,100.96,98.79,97.70,97.16,96.07,100.42,98.25,96.07,95.53,94.45,94.45,93.36,95.53,94.99,94.45,93.36,93.36,92.28,92.28,93.36,92.28,92.28,91.73,91.19,91.19,90.65,91.19,90.65,90.10,90.10,89.56,89.56,89.56"
Rec-027_std_2,7,5,2062,core,310,331,0.0,5.0,0.9879,314,333,320,337,1.0,True,93.6709,105.3012,89.5616,3.638,93.3608,"105.30,102.04,99.33,98.25,96.62,96.07,95.53,98.25,96.07,95.53,94.45,94.45,93.36,93.36,94.45,94.45,93.36,93.36,92.28,92.28,91.19,92.28,92.28,91.73,91.19,91.19,90.65,90.10,90.65,90.10,90.10,89.56,89.56,89.56,89.56"
Rec-027_std_2,7,6,2063,core,315,331,0.0,5.0,0.9849,319,333,325,337,1.0,True,93.2367,103.1302,89.5616,3.1463,92.2753,"103.13,99.87,98.25,97.16,96.07,95.53,95.53,97.16,95.53,94.45,94.45,93.36,93.36,93.36,94.45,93.36,93.36,92.28,92.28,91.73,91.73,91.73,91.73,91.19,91.19,91.19,90.65,90.65,90.10,90.10,90.10,89.56,89.56,89.56,89.56"
Rec-027_std_2,7,7,2064,core,319,331,0.0,4.0,0.9878,323,333,329,337,1.0,True,93.9655,104.2157,90.1043,3.2765,93.3608,"104.22,100.96,98.79,97.70,97.16,96.62,96.62,97.70,96.07,95.53,94.99,94.45,94.45,94.45,94.45,94.45,93.36,93.36,93.36,93.36,93.36,92.28,92.28,91.73,91.73,91.19,91.19,91.19,90.65,90.65,90.10,90.10,90.10,90.10,90.10"
Rec-027_std_2,7,8,2065,core,324,331,0.0,5.0,0.9853,328,333,334,337,1.0,True,94.6323,103.1302,91.1898,2.9527,94.4463,"103.13,100.42,98.79,98.25,97.70,97.70,97.70,97.70,96.62,96.07,95.53,95.53,95.53,95.53,94.99,94.45,94.45,94.45,94.45,94.45,94.45,92.28,92.28,92.28,92.28,92.28,92.28,92.28,91.19,91.19,91.19,91.19,91.19,91.19,91.19"
Rec-027_std_2,7,9,2066,core,328,331,0.0,4.0,0.9877,332,333,338,337,1.0,True,95.7644,105.3012,91.1898,3.3212,95.5318,"105.30,102.04,100.96,99.87,99.33,98.79,98.79,98.79,98.25,97.70,97.16,97.16,96.62,96.62,96.07,95.53,95.53,95.53,95.53,94.99,94.99,94.45,93.36,93.36,93.36,93.36,93.36,93.36,91.73,91.73,91.73,91.73,91.73,91.73,91.19"
Rec-027_std_2,7,10,2067,core,333,331,0.0,5.0,0.9857,337,333,343,337,1.0,True,96.121,104.2157,91.1898,3.2053,95.5318,"104.22,102.04,101.50,100.42,99.87,99.33,98.79,99.33,98.25,98.25,97.70,97.70,97.16,97.16,96.62,96.07,95.53,95.53,95.53,95.53,95.53,94.45,94.45,94.45,94.45,93.36,93.36,93.36,92.28,92.28,92.28,92.28,92.28,91.73,91.19"
Rec-027_std_2,7,11,2068,core,337,331,0.0,4.0,0.9872,341,333,347,337,1.0,True,96.4932,106.3867,91.1898,3.7063,96.0745,"106.39,103.67,102.04,101.50,100.42,99.87,99.33,100.96,99.33,98.79,98.25,98.25,97.70,97.16,97.16,96.62,96.07,96.07,95.53,95.53,94.99,94.99,94.45,94.45,94.45,93.36,93.36,93.36,92.28,92.28,92.28,92.28,91.73,91.19,91.19"
Rec-027_std_2,7,12,2069,core,342,331,0.0,5.0,0.9855,346,333,352,337,1.0,True,95.4232,105.3012,89.0188,3.9241,94.989,"105.30,103.13,102.04,100.96,99.33,98.25,97.16,100.42,98.79,98.25,97.70,96.62,95.53,94.99,97.16,96.62,95.53,95.53,94.45,93.36,92.28,94.45,94.45,93.36,93.36,92.28,91.19,90.65,92.28,92.28,91.73,91.19,90.65,89.56,89.02"
Rec-027_std_2,7,13,2070,core,346,331,0.0,4.0,0.986,350,333,356,337,1.0,True,92.3838,105.3012,83.0486,4.9808,91.1898,"105.30,102.04,99.87,97.70,95.53,93.36,89.56,99.87,98.25,96.62,94.99,93.36,91.19,87.93,96.07,94.99,94.45,92.28,91.19,89.56,86.31,93.36,92.28,91.19,90.10,88.48,87.39,84.68,91.19,90.65,89.56,88.48,86.85,85.76,83.05"
Rec-027_std_2,7,14,2071,core,351,331,0.0,5.0,0.9836,355,333,361,337,0.4286,False,81.1568,98.2455,74.9074,6.322,78.1639,"98.25,92.28,84.13,79.79,77.62,76.54,75.99,94.45,90.10,83.05,78.71,77.08,75.99,75.99,91.19,87.93,81.42,78.16,76.54,75.99,75.45,88.48,85.76,80.88,77.62,75.99,75.45,74.91,86.85,84.13,79.79,77.62,75.99,75.45,74.91"
Rec-027_std_2,7,15,2072,core,355,331,0.0,4.0,0.9838,359,333,365,337,0.0,False,76.3186,82.5059,74.3647,1.6267,75.9929,"82.51,79.79,77.62,76.54,75.99,75.99,75.45,79.79,77.62,76.54,75.99,75.99,75.45,75.45,77.62,77.08,75.99,75.99,75.45,75.45,74.91,77.62,75.99,75.99,75.45,75.45,74.91,74.36,76.54,75.99,75.99,75.45,74.91,74.91,74.36"
Rec-027_std_2,8,1,2213,core,290,331,0.0,0.0,0.9861,294,333,300,337,1.0,True,95.2061,108.5576,89.0188,4.6908,94.4463,"108.56,105.30,102.04,101.50,100.96,100.42,99.87,98.79,97.70,97.16,97.16,97.16,96.07,96.07,94.45,94.45,94.45,94.45,94.99,94.45,94.45,90.65,91.19,92.28,92.28,92.28,92.28,92.28,89.02,89.56,89.56,90.10,90.10,90.10,90.10"
Rec-027_std_2,8,2,2214,core,298,331,0.0,8.0,0.9862,302,333,308,337,1.0,True,95.3147,109.1004,89.5616,4.4515,94.4463,"109.10,105.30,102.04,100.42,99.33,98.25,97.16,101.50,98.79,97.70,96.62,95.53,94.99,94.45,97.16,96.07,95.53,94.45,94.45,93.36,92.28,94.45,93.36,93.36,92.28,92.28,91.19,91.19,91.19,91.19,91.19,90.65,90.10,89.56,89.56"
Rec-027_std_2,8,3,2215,core,302,331,0.0,4.0,0.9863,306,333,312,337,1.0,True,94.7254,109.6431,89.0188,4.5342,93.3608,"109.64,105.30,102.04,99.33,98.25,97.16,96.62,100.96,98.25,97.16,95.53,94.99,94.45,93.36,96.62,95.53,94.45,93.36,93.36,92.28,92.28,93.36,92.28,92.28,91.73,91.19,91.19,90.65,91.19,91.19,90.65,90.65,89.56,89.56,89.02"
Rec-027_std_2,8,4,2216,core,307,331,0.0,5.0,0.9872,311,333,317,337,1.0,True,93.6864,105.3012,89.0188,3.6655,92.2753,"105.30,102.04,98.79,98.25,97.16,96.07,95.53,98.25,96.62,95.53,94.99,94.45,93.36,93.36,94.99,94.45,93.36,92.28,92.28,92.28,91.73,92.28,92.28,91.73,91.19,91.19,90.65,90.10,90.65,90.10,90.10,89.56,89.56,89.56,89.02"
Rec-027_std_2,8,5,2217,core,311,331,0.0,4.0,0.987,315,333,321,337,1.0,True,93.888,106.9294,89.5616,3.917,93.3608,"106.93,103.13,99.87,98.25,97.16,96.07,95.53,98.79,97.16,95.53,94.99,94.45,93.36,93.36,94.99,94.45,93.36,93.36,92.28,92.28,91.73,92.28,91.73,91.73,91.19,91.19,90.65,90.65,90.65,90.10,90.10,90.10,89.56,89.56,89.56"
Rec-027_std_2,8,6,2218,core,320,331,0.0,9.0,0.9862,324,333,330,337,1.0,True,94.3377,105.3012,90.6471,3.4297,93.3608,"105.30,102.04,99.33,98.25,97.70,97.16,96.62,98.25,97.16,95.53,95.53,94.99,94.99,94.45,94.99,94.45,93.36,93.36,93.36,93.36,93.36,92.28,92.28,92.28,91.73,91.73,91.73,91.73,90.65,90.65,90.65,90.65,90.65,90.65,90.65"
Rec-027_std_2,8,7,2219,core,325,331,0.0,5.0,0.9875,329,333,335,337,1.0,True,95.0665,104.2157,91.1898,3.1411,94.989,"104.22,101.50,99.87,98.79,98.25,98.25,97.70,98.25,97.16,96.62,96.07,96.07,95.53,95.53,95.53,94.99,94.99,94.99,94.45,94.45,94.45,93.36,93.36,93.36,93.36,93.36,92.28,92.28,91.19,91.19,91.19,91.19,91.19,91.19,91.19"
Rec-027_std_2,8,8,2220,core,329,331,0.0,4.0,0.9856,333,333,339,337,1.0,True,96.2761,106.9294,91.7325,3.5272,95.5318,"106.93,103.67,101.50,100.42,99.87,99.33,98.79,100.42,98.79,98.25,97.70,97.16,97.16,96.62,96.62,96.07,95.53,95.53,95.53,95.53,95.53,94.45,94.45,94.45,94.45,93.36,93.36,93.36,92.28,92.28,92.28,92.28,92.28,91.73,91.73"
Rec-027_std_2,8,9,2221,core,334,331,0.0,5.0,0.9877,338,333,344,337,1.0,True,96.4157,105.8439,91.1898,3.3909,96.0745,"105.84,103.13,101.50,100.42,99.87,99.33,99.33,100.42,98.79,98.25,98.25,97.70,97.16,97.16,97.16,96.62,96.07,96.07,95.53,95.53,95.53,94.99,94.45,94.45,94.45,94.45,93.36,93.36,93.36,92.28,92.28,92.28,92.28,91.73,91.19"
Rec-027_std_2,8,10,2222,core,338,331,0.0,4.0,0.9847,342,333,348,337,1.0,True,96.5552,107.4722,91.1898,3.857,96.0745,"107.47,104.22,102.04,100.96,100.42,99.87,99.87,100.96,99.87,98.79,98.25,97.70,97.70,97.16,97.70,97.16,96.62,96.07,95.53,95.53,94.99,94.99,94.45,94.45,94.45,93.36,93.36,92.28,92.28,92.28,92.28,92.28,91.73,91.19,91.19"
Rec-027_std_2,8,11,2223,core,343,331,0.0,5.0,0.9869,347,333,353,337,1.0,True,95.3302,105.8439,88.4761,4.0576,94.989,"105.84,103.13,102.04,100.42,99.33,98.25,96.62,100.42,99.33,98.25,97.70,96.62,95.53,94.45,97.16,96.62,95.53,95.53,94.45,93.36,91.73,94.99,94.45,93.36,93.36,92.28,91.19,90.10,92.28,91.73,91.19,91.19,90.10,89.56,88.48"
Rec-027_std_2,8,12,2224,core,347,331,0.0,4.0,0.9829,351,333,357,337,1.0,True,91.2829,106.3867,78.7067,6.2887,91.1898,"106.39,103.13,99.33,97.16,94.99,91.19,83.05,100.42,98.25,96.07,94.99,93.36,89.56,82.51,96.07,94.99,93.36,92.28,90.65,87.39,80.88,93.36,92.28,91.19,89.56,88.48,85.76,80.33,91.19,90.10,89.56,87.93,86.31,84.13,78.71"
Rec-027_std_2,8,13,2225,core,352,331,0.0,5.0,0.9848,356,333,362,337,0.2857,False,79.2959,96.0745,74.9074,5.2643,77.0784,"96.07,85.76,80.33,77.62,76.54,75.99,75.99,92.28,84.13,79.79,77.62,75.99,75.99,75.45,89.56,82.51,78.71,77.08,75.99,75.45,74.91,86.85,80.88,77.62,76.54,75.45,75.45,74.91,84.68,80.33,77.62,75.99,75.45,74.91,74.91"
Rec-027_std_2,8,14,2226,core,355,331,0.0,3.0,0.9829,359,333,365,337,0.0,False,76.5047,84.1341,74.3647,1.8754,75.9929,"84.13,80.33,77.62,77.08,75.99,75.99,75.45,80.33,77.62,77.08,75.99,75.99,75.45,75.45,78.16,77.08,75.99,75.99,75.45,75.45,74.91,77.62,76.54,75.99,75.99,75.45,74.91,74.91,77.08,75.99,75.99,75.45,74.91,74.91,74.36"
Rec-027_std_2,9,1,2367,core,290,331,0.0,0.0,0.9873,294,333,300,337,1.0,True,95.4852,108.0149,88.4761,4.7517,94.989,"108.01,105.30,103.13,102.04,101.50,100.96,100.42,98.79,97.70,97.70,97.70,97.70,97.16,96.62,94.45,94.45,94.99,94.99,94.99,94.99,94.99,91.19,91.19,92.28,92.28,92.28,92.28,92.28,88.48,89.56,89.56,90.10,90.65,90.65,90.65"
Rec-027_std_2,9,2,2368,core,301,331,0.0,11.0,0.9869,305,333,311,337,1.0,True,95.5162,110.1859,89.5616,4.4671,94.4463,"110.19,105.30,102.04,100.42,98.79,98.25,97.16,102.04,99.33,97.70,96.62,95.53,94.99,94.45,97.16,96.62,95.53,94.45,94.45,93.36,93.36,94.45,94.45,93.36,92.28,92.28,91.73,91.19,91.73,91.19,91.19,91.19,90.65,90.10,89.56"
Rec-027_std_2,9,3,2369,core,310,331,0.0,9.0,0.9876,314,333,320,337,1.0,True,93.7485,106.3867,89.0188,3.8038,93.3608,"106.39,102.04,99.33,98.25,96.62,96.07,95.53,98.79,97.16,95.53,94.45,94.45,93.36,93.36,94.99,94.45,93.36,93.36,92.28,92.28,91.19,92.28,92.28,91.73,91.19,90.65,90.65,90.10,90.65,90.65,90.10,89.56,89.56,89.56,89.02"
Rec-027_std_2,9,4,2370,core,315,331,0.0,5.0,0.9872,319,333,325,337,1.0,True,93.1437,103.1302,89.5616,3.1679,92.2753,"103.13,99.87,98.25,96.62,96.07,95.53,95.53,97.16,95.53,94.45,94.45,93.36,93.36,93.36,94.45,93.36,92.28,92.28,92.28,91.73,91.73,91.73,91.19,91.19,91.19,90.65,90.65,90.65,90.10,90.10,89.56,89.56,89.56,89.56,89.56"
Rec-027_std_2,9,5,2371,core,324,331,0.0,9.0,0.9874,328,333,334,337,1.0,True,94.865,103.1302,91.1898,3.0207,94.4463,"103.13,100.96,99.33,98.25,98.25,98.25,98.25,98.25,96.62,96.07,96.07,95.53,95.53,95.53,95.53,94.99,94.45,94.45,94.45,94.45,94.45,93.36,93.36,93.36,92.28,92.28,92.28,92.28,91.19,91.19,91.19,91.19,91.19,91.19,91.19"
Rec-027_std_2,9,6,2372,core,333,331,0.0,9.0,0.9876,337,333,343,337,1.0,True,96.7413,105.3012,92.2753,3.2307,96.6172,"105.30,103.13,102.04,100.96,99.87,99.87,99.33,100.42,99.33,98.25,98.25,98.25,97.70,97.70,97.16,96.62,96.62,96.62,96.07,95.53,95.53,94.99,94.99,94.45,94.45,94.45,94.45,94.45,93.36,93.36,93.36,92.28,92.28,92.28,92.28"
Rec-027_std_2,9,7,2373,core,337,331,0.0,4.0,0.9866,341,333,347,337,1.0,True,97.3926,108.0149,92.2753,3.7429,97.16,"108.01,105.30,103.13,102.04,100.96,100.42,99.87,102.04,100.42,99.33,99.33,98.25,98.25,97.70,98.25,97.70,97.16,97.16,96.62,96.07,95.53,95.53,95.53,95.53,94.99,94.45,94.45,94.45,93.36,93.36,93.36,93.36,92.28,92.28,92.28"
Rec-027_std_2,9,8,2374,core,342,331,0.0,5.0,0.9872,346,333,352,337,1.0,True,96.3691,106.3867,89.5616,3.9466,95.5318,"106.39,104.22,102.04,101.50,100.42,98.79,97.70,101.50,100.42,99.33,98.25,98.25,96.62,95.53,98.25,97.70,97.16,96.07,95.53,94.45,93.36,95.53,95.53,94.99,94.45,93.36,92.28,91.19,93.36,93.36,92.28,91.73,91.19,90.65,89.56"
Rec-027_std_2,9,9,2375,core,346,331,0.0,4.0,0.9851,350,333,356,337,1.0,True,93.1747,106.9294,83.5914,5.0913,92.2753,"106.93,103.13,100.42,98.25,96.07,94.45,90.10,100.96,98.79,97.16,95.53,94.45,92.28,88.48,97.16,95.53,94.45,93.36,91.73,90.10,86.85,94.45,93.36,92.28,91.19,89.56,87.93,85.22,92.28,91.19,90.65,89.56,87.93,85.76,83.59"
Rec-027_std_2,9,10,2376,core,351,331,0.0,5.0,0.9853,355,333,361,337,0.4286,False,81.4049,99.331,74.9074,6.6933,78.1639,"99.33,93.36,84.13,79.79,77.62,75.99,75.99,95.53,90.65,83.05,78.71,77.08,75.99,75.99,92.28,88.48,81.96,78.16,76.54,75.99,75.45,89.56,86.31,80.88,77.62,75.99,75.45,74.91,87.39,84.68,80.33,77.62,75.99,75.45,74.91"
Rec-027_std_2,9,11,2377,core,355,331,0.0,4.0,0.9849,359,333,365,337,0.0,False,76.2721,83.0486,74.3647,1.7521,75.9929,"83.05,79.79,77.62,76.54,75.99,75.99,75.45,79.79,77.62,76.54,75.99,75.99,75.45,74.91,78.16,77.08,75.99,75.99,75.45,74.91,74.91,77.62,75.99,75.99,75.45,74.91,74.91,74.36,76.54,75.99,75.45,75.45,74.91,74.36,74.36"
Rec-027_std_2,10,1,2514,core,290,331,0.0,0.0,0.9827,294,333,300,337,1.0,True,95.8884,111.2714,89.0188,5.2009,94.989,"111.27,107.47,104.22,103.13,101.50,100.96,100.96,100.42,98.25,97.70,97.70,97.70,97.16,96.62,94.45,94.45,94.99,95.53,94.99,94.99,94.99,91.19,92.28,92.28,92.28,92.28,92.28,92.28,89.02,89.56,90.10,90.65,90.65,90.65,91.19"
Rec-027_std_2,10,2,2515,core,304,331,0.0,14.0,0.9869,308,333,314,337,1.0,True,94.7409,107.4722,89.5616,3.8951,94.4463,"107.47,103.13,100.42,98.79,98.25,97.16,96.62,99.87,98.25,96.62,95.53,94.99,94.45,94.45,96.07,95.53,94.99,94.45,93.36,93.36,92.28,93.36,93.36,92.28,92.28,91.73,91.73,91.19,91.73,91.19,91.19,90.65,90.10,89.56,89.56"
Rec-027_std_2,10,3,2516,core,313,331,0.0,9.0,0.9877,317,333,323,337,1.0,True,94.2137,105.3012,89.5616,3.4989,93.3608,"105.30,102.04,99.33,98.25,97.70,96.62,96.07,98.25,96.62,95.53,95.53,94.45,94.45,94.45,95.53,94.45,94.45,93.36,93.36,93.36,92.28,93.36,92.28,92.28,91.73,91.73,91.19,91.19,91.19,91.19,90.65,90.10,90.10,89.56,89.56"
Rec-027_std_2,10,4,2517,core,322,331,0.0,9.0,0.9884,326,333,332,337,1.0,True,94.8184,104.2157,91.1898,3.1561,94.4463,"104.22,101.50,99.33,98.25,98.25,97.70,97.70,98.25,97.16,96.07,95.53,95.53,95.53,95.53,95.53,94.99,94.45,94.45,94.45,94.45,94.45,93.36,92.28,92.28,92.28,92.28,92.28,92.28,91.19,91.19,91.19,91.19,91.19,91.19,91.19"
Rec-027_std_2,10,5,2518,core,326,331,0.0,4.0,0.9862,330,333,336,337,1.0,True,95.8109,106.3867,91.7325,3.5087,95.5318,"106.39,103.13,100.96,99.87,99.33,99.33,98.79,99.87,98.25,97.16,97.16,96.62,96.62,96.62,96.07,95.53,95.53,95.53,94.99,94.99,94.99,93.36,93.36,93.36,93.36,93.36,93.36,93.36,91.73,91.73,91.73,91.73,91.73,91.73,91.73"
Rec-027_std_2,10,6,2519,core,331,331,0.0,5.0,0.9882,335,333,341,337,1.0,True,96.6948,105.8439,92.2753,3.4647,96.0745,"105.84,103.13,102.04,101.50,100.96,100.42,99.87,99.87,98.79,98.25,98.25,98.25,98.25,98.25,96.62,96.62,96.62,96.07,96.07,96.07,95.53,94.45,94.45,94.45,94.45,94.45,94.45,94.45,92.28,92.28,92.28,92.28,92.28,92.28,92.28"
Rec-027_std_2,10,7,2520,core,335,331,0.0,4.0,0.9855,339,333,345,337,1.0,True,97.7183,108.5576,92.2753,3.8367,97.16,"108.56,105.30,103.13,102.04,102.04,101.50,100.96,102.04,100.96,99.87,99.33,99.33,98.79,98.25,98.25,97.70,97.70,97.16,97.16,96.62,96.62,95.53,95.53,95.53,94.99,94.99,94.45,94.45,93.36,93.36,93.36,93.36,93.36,92.28,92.28"
Rec-027_std_2,10,8,2521,core,340,331,0.0,5.0,0.9879,344,333,350,337,1.0,True,97.5012,107.4722,91.1898,3.9482,97.16,"107.47,105.30,103.13,103.13,102.04,101.50,100.42,102.04,100.96,99.87,99.87,98.79,98.25,97.70,98.25,98.25,97.70,97.16,96.62,96.07,95.53,95.53,95.53,95.53,94.99,94.45,94.45,93.36,93.36,93.36,93.36,93.36,92.28,91.73,91.19"
Rec-027_std_2,10,9,2522,core,344,331,0.0,4.0,0.9838,348,333,354,337,1.0,True,96.0745,109.1004,87.9333,4.7244,95.5318,"109.10,105.84,103.13,101.50,99.87,98.25,96.07,103.13,100.96,99.87,98.25,97.16,95.53,94.45,98.25,98.25,97.16,95.53,94.99,93.36,91.73,95.53,95.53,94.45,93.36,92.28,91.19,89.56,93.36,93.36,92.28,91.19,90.65,89.56,87.93"
Rec-027_std_2,10,10,2523,core,349,331,0.0,5.0,0.9862,353,333,359,337,0.7143,False,86.4137,103.1302,75.9929,7.743,87.3906,"103.13,99.33,96.07,91.73,83.05,78.71,77.08,98.25,95.53,94.45,90.10,83.05,78.71,76.54,94.99,93.36,91.19,87.93,81.42,77.62,75.99,92.28,90.65,89.56,85.76,80.88,77.62,75.99,90.10,89.02,87.39,84.13,79.79,77.08,75.99"
Rec-027_std_2,10,11,2524,core,353,331,0.0,4.0,0.982,357,333,363,337,0.1429,False,77.8073,89.5616,74.3647,3.3955,76.5357,"89.56,83.05,79.79,77.62,76.54,75.99,75.99,85.76,80.88,78.16,76.54,75.99,75.45,75.45,83.05,79.79,77.08,75.99,75.99,75.45,74.91,81.96,78.16,77.08,75.99,75.45,75.45,74.91,80.88,77.62,76.54,75.99,75.45,74.36,74.36"
Rec-027_std_2,10,12,2525,core,355,330,26.57,2.24,0.9878,359,332,365,336,0.0,False,77.1405,87.9333,74.3647,2.797,75.9929,"87.93,83.05,79.79,77.62,76.54,75.99,75.99,83.59,79.79,77.62,76.54,75.99,75.99,74.91,79.79,77.62,77.08,75.99,75.99,75.45,74.91,78.16,77.08,75.99,75.99,75.45,74.91,74.91,77.08,75.99,75.99,75.45,75.45,74.91,74.36"
Rec-027_std_2,11,1,2660,core,290,331,0.0,0.0,0.9861,294,333,300,337,1.0,True,95.5007,109.6431,89.0188,4.863,94.989,"109.64,106.39,103.13,102.04,100.96,100.42,100.42,98.79,98.25,97.70,97.16,97.16,96.62,96.07,94.45,94.45,94.99,94.99,94.99,94.99,94.45,91.19,91.19,92.28,92.28,92.28,92.28,92.28,89.02,89.56,90.10,90.10,90.65,90.65,90.65"
Rec-027_std_2,11,2,2661,core,294,331,0.0,4.0,0.9857,298,333,304,337,1.0,True,96.6483,111.8141,91.1898,4.8544,96.0745,"111.81,107.47,104.22,102.04,101.50,100.42,99.33,103.13,100.42,98.79,98.25,97.70,96.62,96.07,97.16,96.62,96.07,96.07,95.53,94.99,94.45,94.45,94.45,94.45,93.36,93.36,92.28,92.28,91.19,91.73,91.73,91.19,91.19,91.19,91.19"
Rec-027_std_2,11,3,2662,core,299,331,0.0,5.0,0.9872,303,333,309,337,1.0,True,95.7644,108.5576,90.1043,4.1238,95.5318,"108.56,105.30,102.04,100.42,99.33,98.25,98.25,100.96,98.79,97.70,97.16,96.07,95.53,95.53,97.16,96.07,95.53,95.53,94.45,94.45,94.45,94.45,94.45,93.36,93.36,92.28,92.28,91.73,92.28,91.73,91.19,91.19,91.19,90.65,90.10"
Rec-027_std_2,11,4,2663,core,303,331,0.0,4.0,0.9871,307,333,313,337,1.0,True,95.7178,110.1859,90.1043,4.2774,94.989,"110.19,105.30,102.04,100.42,98.79,98.25,97.16,101.50,99.33,97.70,96.62,95.53,95.53,94.99,97.16,96.07,95.53,94.99,94.45,94.45,93.36,94.45,94.45,93.36,93.36,92.28,92.28,91.73,92.28,91.73,91.73,91.19,91.19,90.65,90.10"
Rec-027_std_2,11,5,2664,core,308,331,0.0,5.0,0.9877,312,333,318,337,1.0,True,94.6168,106.3867,89.5616,3.6206,94.4463,"106.39,102.04,99.87,98.79,98.25,97.16,96.07,99.33,97.70,96.62,95.53,94.99,94.45,94.45,95.53,95.53,94.45,94.45,93.36,93.36,92.28,93.36,93.36,92.28,92.28,91.73,91.19,91.19,91.73,91.19,91.19,91.19,90.65,90.10,89.56"
Rec-027_std_2,11,6,2665,core,317,331,0.0,9.0,0.988,321,333,327,337,1.0,True,94.4308,104.2157,90.1043,3.25,94.4463,"104.22,101.50,99.33,98.25,97.70,97.16,96.07,98.25,97.16,96.07,95.53,94.99,94.45,94.45,95.53,94.99,94.45,94.45,93.36,93.36,93.36,93.36,92.28,92.28,92.28,91.73,91.73,91.19,91.19,91.19,91.19,90.65,90.65,90.65,90.10"
Rec-027_std_2,11,7,2666,core,321,331,0.0,4.0,0.9869,325,333,331,337,1.0,True,95.0355,106.3867,91.1898,3.5135,94.4463,"106.39,103.13,99.87,98.79,98.25,97.70,97.16,99.33,97.70,96.62,95.53,95.53,95.53,95.53,95.53,94.99,94.45,94.45,94.45,94.45,94.45,93.36,93.36,92.28,92.28,92.28,92.28,92.28,91.19,91.19,91.19,91.19,91.19,91.19,91.19"
Rec-027_std_2,11,8,2667,core,326,331,0.0,5.0,0.9881,330,333,336,337,1.0,True,95.6248,104.2157,91.7325,3.1366,95.5318,"104.22,102.04,100.42,99.33,98.79,98.79,98.79,98.25,97.70,97.16,97.16,97.16,96.62,96.62,95.53,95.53,95.53,95.53,95.53,95.53,94.99,93.36,93.36,93.36,93.36,93.36,93.36,93.36,91.73,91.73,91.73,91.73,91.73,91.73,91.73"
Rec-027_std_2,11,9,2668,core,339,331,0.0,13.0,0.9851,343,333,349,337,1.0,True,97.5942,108.5576,91.7325,3.9134,97.16,"108.56,105.84,103.13,102.04,101.50,101.50,100.42,102.04,100.96,99.87,99.33,98.79,98.25,98.25,98.25,98.25,97.70,97.16,96.62,96.62,95.53,96.07,95.53,95.53,94.99,94.45,94.45,93.36,94.45,93.36,93.36,93.36,92.28,92.28,91.73"
Rec-027_std_2,11,10,2669,core,344,331,0.0,5.0,0.9872,348,333,354,337,1.0,True,95.5628,106.9294,87.9333,4.1738,95.5318,"106.93,103.67,102.04,100.42,98.25,97.16,95.53,101.50,99.87,98.79,98.25,96.62,95.53,93.36,98.25,97.16,96.62,95.53,94.45,93.36,91.73,95.53,94.99,94.45,93.36,92.28,91.19,89.56,93.36,93.36,92.28,91.19,90.65,89.56,87.93"
Rec-027_std_2,11,11,2670,core,348,331,0.0,4.0,0.9837,352,333,358,337,0.8571,False,89.2359,105.8439,76.5357,7.542,90.1043,"105.84,102.04,98.25,95.53,91.19,83.05,78.71,100.42,98.25,95.53,93.36,89.56,82.51,78.16,96.07,94.99,93.36,91.19,87.93,80.88,77.62,93.36,92.28,91.19,89.56,85.76,80.33,77.62,91.19,90.10,89.02,87.93,84.13,79.79,76.54"
Rec-027_std_2,11,12,2671,core,355,330,8.13,7.07,0.9864,359,332,365,336,0.0,False,77.2645,88.4761,74.3647,2.86,75.9929,"88.48,83.59,79.79,77.62,76.54,75.99,75.99,83.59,79.79,77.62,76.54,75.99,75.99,75.45,79.79,78.16,77.08,75.99,75.99,75.45,74.91,78.16,77.08,75.99,75.99,75.99,75.45,74.91,77.62,76.54,75.99,75.45,75.45,74.91,74.36"
Rec-027_std_2,12,1,2798,core,290,331,0.0,0.0,0.9884,294,333,300,337,1.0,True,95.3767,108.0149,89.0188,4.6555,94.4463,"108.01,105.30,103.13,102.04,101.50,100.42,100.42,98.25,97.70,97.16,97.16,97.16,96.62,96.62,93.36,94.45,94.45,94.45,94.99,94.99,94.99,91.19,91.73,91.73,92.28,92.28,92.28,92.28,89.02,89.56,90.10,90.65,90.65,90.65,90.65"
Rec-027_std_2,12,2,2799,core,292,331,0.0,2.0,0.985,296,333,302,337,1.0,True,96.2606,109.1004,91.1898,4.4015,95.5318,"109.10,105.30,103.13,102.04,101.50,100.42,99.87,100.96,99.33,98.25,98.25,97.70,97.16,96.62,96.07,95.53,95.53,95.53,95.53,95.53,94.99,93.36,93.36,93.36,93.36,93.36,93.36,92.28,91.19,91.19,91.19,91.19,91.19,91.19,91.19"
Rec-027_std_2,12,3,2800,core,296,331,0.0,4.0,0.9864,300,333,306,337,1.0,True,96.8654,111.8141,91.1898,4.7036,96.0745,"111.81,107.47,104.22,102.04,100.96,99.87,99.33,103.13,100.96,99.33,98.25,97.16,96.62,96.07,98.25,97.16,96.62,96.07,95.53,94.99,94.45,94.99,94.45,94.45,94.45,93.36,93.36,92.28,92.28,92.28,92.28,91.73,91.73,91.19,91.19"
Rec-027_std_2,12,4,2801,core,301,331,0.0,5.0,0.9861,305,333,311,337,1.0,True,95.8109,108.5576,90.6471,4.0269,94.989,"108.56,105.30,102.04,100.42,98.79,98.25,97.70,101.50,98.79,97.70,96.62,96.07,95.53,94.99,97.16,96.62,95.53,94.99,94.45,94.45,93.36,94.99,94.45,93.36,93.36,93.36,92.28,91.73,92.28,92.28,91.73,91.73,91.19,91.19,90.65"
Rec-027_std_2,12,5,2802,core,305,331,0.0,4.0,0.9875,309,333,315,337,1.0,True,95.7178,109.6431,90.6471,4.1374,94.4463,"109.64,105.30,102.04,99.87,98.79,98.25,97.16,101.50,98.79,97.70,96.62,95.53,94.99,94.45,97.16,96.07,95.53,94.99,94.45,94.45,93.36,94.45,94.45,94.45,93.36,92.28,92.28,91.73,92.28,92.28,91.73,91.19,91.19,91.19,90.65"
Rec-027_std_2,12,6,2803,core,310,331,0.0,5.0,0.9873,314,333,320,337,1.0,True,94.7254,105.8439,90.1043,3.399,94.4463,"105.84,102.04,99.87,98.25,97.70,96.62,96.07,99.33,97.70,96.07,95.53,94.99,94.45,94.45,95.53,95.53,94.99,94.45,93.36,93.36,93.36,94.45,93.36,93.36,92.28,91.73,91.73,91.73,91.73,91.73,91.19,91.19,90.65,90.65,90.10"
Rec-027_std_2,12,7,2804,core,314,331,0.0,4.0,0.9879,318,333,324,337,1.0,True,94.7719,106.3867,90.6471,3.4502,94.4463,"106.39,102.04,99.87,98.25,97.70,97.16,96.62,99.33,97.70,96.07,95.53,94.99,94.99,94.45,95.53,95.53,94.45,94.45,94.45,93.36,93.36,93.36,93.36,92.28,92.28,92.28,91.73,91.73,91.19,91.73,91.19,91.19,91.19,90.65,90.65"
Rec-027_std_2,12,8,2805,core,319,331,0.0,5.0,0.988,323,333,329,337,1.0,True,95.02,104.2157,91.1898,3.1486,94.4463,"104.22,101.50,99.87,98.79,98.25,98.25,98.25,98.25,97.16,96.07,95.53,95.53,95.53,95.53,95.53,95.53,94.99,94.45,94.45,94.45,94.45,93.36,93.36,93.36,93.36,92.28,92.28,92.28,91.73,91.19,91.19,91.19,91.19,91.19,91.19"
Rec-027_std_2,12,9,2806,core,323,331,0.0,4.0,0.9879,327,333,333,337,1.0,True,96.3691,106.9294,91.7325,3.4603,95.5318,"106.93,103.13,102.04,100.42,99.87,99.33,98.79,100.42,98.79,98.25,97.70,97.16,97.16,97.16,96.62,96.07,95.53,95.53,95.53,95.53,95.53,94.45,94.45,94.45,94.45,94.45,94.45,93.36,92.28,92.28,92.28,92.28,92.28,92.28,91.73"
Rec-027_std_2,12,10,2807,core,328,331,0.0,5.0,0.9878,332,333,338,337,1.0,True,96.9894,106.3867,92.2753,3.4074,96.6172,"106.39,103.13,102.04,101.50,100.96,100.42,100.42,100.42,99.33,98.79,98.25,98.25,98.25,98.25,97.16,97.16,96.62,96.62,96.62,96.07,96.07,94.99,94.99,94.99,94.45,94.45,94.45,94.45,93.36,93.36,93.36,92.28,92.28,92.28,92.28"
Rec-027_std_2,12,11,2808,core,332,331,0.0,4.0,0.9872,336,333,342,337,1.0,True,97.9664,109.1004,92.2753,3.8386,97.7027,"109.10,105.84,103.67,103.13,102.04,101.50,100.96,102.04,100.96,100.42,99.33,98.79,98.79,98.25,98.25,98.25,97.70,97.70,97.16,96.62,96.62,95.53,95.53,95.53,95.53,95.53,94.99,94.45,94.45,94.45,93.36,93.36,93.36,93.36,92.28"
Rec-027_std_2,12,12,2809,core,337,331,0.0,5.0,0.9877,341,333,347,337,1.0,True,97.7803,107.4722,92.2753,3.6814,97.16,"107.47,105.30,103.13,102.04,102.04,101.50,100.96,102.04,100.96,100.42,99.33,98.79,98.79,98.25,98.25,98.25,97.70,97.16,97.16,96.62,96.07,96.07,95.53,95.53,95.53,94.99,94.45,94.45,94.45,94.45,93.36,93.36,93.36,92.28,92.28"
Rec-027_std_2,12,13,2810,core,341,331,0.0,4.0,0.9856,345,333,351,337,1.0,True,97.6097,109.1004,91.1898,4.1364,97.7027,"109.10,105.84,103.67,103.13,102.04,100.42,99.33,103.13,101.50,100.42,99.33,98.79,98.25,97.70,98.79,98.25,98.25,97.70,96.62,95.53,94.99,95.53,95.53,95.53,94.99,94.45,94.45,92.28,94.45,94.45,93.36,93.36,92.28,91.73,91.19"
Rec-027_std_2,12,14,2811,core,346,331,0.0,5.0,0.9865,350,333,356,337,1.0,True,93.5469,105.8439,84.1341,4.8717,92.2753,"105.84,103.13,100.96,98.25,96.07,94.45,90.65,100.96,98.79,97.70,96.07,94.45,92.28,89.02,97.70,96.07,94.99,94.45,92.28,90.65,87.39,94.99,94.45,92.28,91.73,90.10,88.48,85.76,92.28,91.73,91.19,89.56,88.48,86.85,84.13"
Rec-027_std_2,12,15,2812,core,350,331,0.0,4.0,0.984,354,333,360,337,0.5714,False,84.1341,103.1302,75.4502,7.8801,81.9631,"103.13,98.25,92.28,84.13,78.71,77.62,75.99,98.25,95.53,90.65,83.05,78.71,77.08,75.99,94.45,92.28,88.48,81.96,78.16,76.54,75.45,91.19,89.56,86.31,80.88,77.62,75.99,75.45,89.56,87.93,84.68,79.79,77.62,75.99,75.45"
Rec-027_std_2,12,16,2813,core,355,331,0.0,5.0,0.983,359,333,365,337,0.0,False,76.1015,81.9631,74.3647,1.5119,75.4502,"81.96,78.71,77.62,75.99,75.99,75.45,74.91,78.71,77.62,76.54,75.99,75.45,75.45,74.91,77.62,76.54,75.99,75.45,75.45,74.91,74.91,77.62,75.99,75.99,75.45,75.45,74.91,74.36,77.08,75.99,75.45,75.45,74.91,74.36,74.36"
Rec-027_std_2,13,1,2936,core,290,331,0.0,0.0,0.9876,294,333,300,337,1.0,True,95.2526,108.5576,89.0188,4.6261,94.4463,"108.56,105.30,102.04,101.50,100.96,100.42,99.87,98.79,97.70,97.16,97.16,97.16,96.62,96.07,93.36,94.45,94.45,94.45,94.45,94.45,94.45,91.19,91.19,92.28,92.28,92.28,92.28,92.28,89.02,89.56,89.56,90.65,90.65,90.65,90.65"
Rec-027_std_2,13,2,2937,core,293,331,0.0,3.0,0.9846,297,333,303,337,1.0,True,96.8654,112.8996,91.1898,5.1674,95.5318,"112.90,108.56,105.30,103.13,101.50,100.96,99.87,103.13,100.96,99.33,98.25,98.25,97.16,96.62,97.16,96.62,96.07,95.53,95.53,95.53,94.99,94.45,94.45,93.36,93.36,93.36,93.36,92.28,91.19,91.19,91.19,91.19,91.19,91.19,91.19"
Rec-027_std_2,13,3,2938,core,298,331,0.0,5.0,0.988,302,333,308,337,1.0,True,96.4467,110.7286,91.1898,4.4203,95.5318,"110.73,106.39,103.13,102.04,100.42,98.79,98.25,102.04,100.42,98.25,97.70,97.16,96.07,95.53,97.70,96.62,96.07,95.53,95.53,94.45,94.45,94.99,94.45,94.45,94.45,93.36,92.28,92.28,92.28,92.28,92.28,91.73,91.19,91.19,91.19"
Rec-027_std_2,13,4,2939,core,302,331,0.0,4.0,0.9866,306,333,312,337,1.0,True,96.1055,111.8141,90.6471,4.638,94.989,"111.81,106.93,103.13,100.96,99.87,98.79,98.25,102.04,99.87,98.25,97.16,96.07,95.53,94.99,97.70,96.62,95.53,94.99,94.45,94.45,93.36,94.45,94.45,93.36,93.36,92.28,92.28,92.28,92.28,92.28,91.73,91.73,91.19,90.65,90.65"
Rec-027_std_2,13,5,2940,core,316,331,0.0,14.0,0.9892,320,333,326,337,1.0,True,94.8339,105.3012,90.6471,3.2006,94.4463,"105.30,102.04,99.33,98.25,97.70,97.16,96.62,98.79,97.16,96.07,95.53,95.53,94.99,94.99,95.53,95.53,94.45,94.45,94.45,93.36,93.36,93.36,93.36,93.36,92.28,92.28,92.28,92.28,91.73,91.73,91.73,91.19,91.19,91.19,90.65"
Rec-027_std_2,13,6,2941,core,325,331,0.0,9.0,0.9897,329,333,335,337,1.0,True,96.2296,105.8439,92.2753,3.1716,95.5318,"105.84,103.13,100.96,99.87,99.33,98.79,98.79,99.33,98.25,97.70,97.16,97.16,97.16,97.16,96.62,96.07,95.53,95.53,95.53,95.53,95.53,94.45,94.45,94.45,94.45,94.45,94.45,94.45,92.28,92.28,92.28,92.28,92.28,92.28,92.28"
Rec-027_std_2,13,7,2942,core,330,331,0.0,5.0,0.9866,334,333,340,337,1.0,True,97.191,105.3012,93.3608,3.0092,97.16,"105.30,103.13,101.50,100.96,100.96,100.42,100.42,99.87,98.79,98.79,98.25,98.25,98.25,98.25,97.16,97.16,97.16,97.16,96.62,96.62,96.62,95.53,95.53,95.53,94.99,94.99,94.99,94.99,93.36,93.36,93.36,93.36,93.36,93.36,93.36"
Rec-027_std_2,13,8,2943,core,334,331,0.0,4.0,0.9894,338,333,344,337,1.0,True,98.4471,108.5576,93.3608,3.5887,98.2455,"108.56,105.30,103.67,103.13,102.04,102.04,102.04,102.04,101.50,100.42,99.87,99.87,99.33,99.33,98.79,98.25,98.25,98.25,97.70,97.70,97.70,96.07,96.07,96.07,96.07,95.53,95.53,95.53,94.45,94.45,94.45,94.45,94.45,93.36,93.36"
Rec-027_std_2,13,9,2944,core,339,331,0.0,5.0,0.9861,343,333,349,337,1.0,True,98.3851,107.4722,92.2753,3.6359,98.2455,"107.47,105.30,103.67,103.13,102.04,102.04,100.96,103.13,101.50,100.96,100.42,99.87,99.33,98.79,99.33,98.79,98.25,98.25,98.25,97.70,96.62,96.62,96.62,96.07,95.53,95.53,95.53,94.45,94.99,94.45,94.45,94.45,93.36,93.36,92.28"
Rec-027_std_2,13,10,2945,core,348,331,0.0,9.0,0.9842,352,333,358,337,0.8571,False,89.3755,104.2157,77.0784,7.4383,90.6471,"104.22,100.96,98.25,95.53,91.19,83.05,78.71,99.87,98.25,95.53,94.45,90.10,82.51,77.62,96.62,95.53,94.45,91.73,87.93,81.42,77.62,94.45,92.28,91.19,89.56,85.76,80.33,77.62,91.73,90.65,89.56,87.93,84.68,79.79,77.08"
Rec-027_std_2,13,11,2946,core,352,331,0.0,4.0,0.9859,356,333,362,337,0.2857,False,79.482,97.16,74.9074,5.546,77.0784,"97.16,86.31,80.33,77.62,76.54,75.99,75.45,93.36,84.13,79.79,77.62,76.54,75.99,75.45,89.56,82.51,78.71,77.08,75.99,75.45,74.91,87.93,81.42,78.16,76.54,75.99,74.91,74.91,85.76,80.88,77.62,75.99,75.45,74.91,74.91"
Rec-027_std_2,13,12,2947,core,355,330,18.43,3.16,0.9846,359,332,365,336,0.0,False,77.311,89.5616,74.3647,3.0765,75.9929,"89.56,84.13,79.79,77.62,76.54,75.99,75.99,84.13,79.79,77.62,76.54,75.99,75.99,75.45,80.33,78.16,76.54,75.99,75.99,75.45,74.91,78.16,77.08,75.99,75.99,75.45,75.45,74.91,77.62,76.54,75.99,75.45,75.45,74.91,74.36"
Rec-027_std_2,14,1,3076,core,290,331,0.0,0.0,0.9892,294,333,300,337,1.0,True,95.997,109.1004,89.0188,4.8789,95.5318,"109.10,105.84,103.13,103.13,102.04,102.04,101.50,98.79,98.25,98.25,98.25,98.25,97.70,97.70,94.45,94.45,95.53,95.53,95.53,95.53,95.53,91.19,91.73,92.28,92.28,93.36,92.28,93.36,89.02,89.56,90.10,90.65,91.19,91.19,91.19"
Rec-027_std_2,14,2,3077,core,291,331,0.0,1.0,0.984,295,333,301,337,1.0,True,97.0049,112.8996,90.1043,5.2309,96.0745,"112.90,108.56,105.30,103.67,102.04,102.04,100.96,102.04,100.42,99.33,98.79,98.25,98.25,97.70,96.07,96.62,96.07,96.62,96.07,96.07,95.53,93.36,93.36,94.45,93.36,93.36,93.36,93.36,90.10,91.19,91.19,91.19,91.19,91.19,91.19"
Rec-027_std_2,14,3,3078,core,296,331,0.0,5.0,0.988,300,333,306,337,1.0,True,97.3306,111.2714,91.1898,4.6232,96.6172,"111.27,107.47,104.22,103.13,102.04,100.96,99.87,103.13,100.96,99.87,98.79,98.25,97.70,97.16,98.25,97.70,97.16,96.62,96.07,95.53,95.53,95.53,94.99,94.45,94.45,94.45,93.36,93.36,92.28,92.28,92.28,92.28,92.28,91.73,91.19"
Rec-027_std_2,14,4,3079,core,300,331,0.0,4.0,0.9857,304,333,310,337,1.0,True,97.5012,112.8996,91.1898,4.8233,96.6172,"112.90,108.56,105.30,103.13,101.50,100.42,99.87,103.67,101.50,99.87,98.79,97.70,97.16,96.62,98.25,98.25,97.70,96.62,95.53,95.53,95.53,95.53,95.53,94.99,94.45,94.45,93.36,93.36,93.36,93.36,92.28,92.28,92.28,91.73,91.19"
Rec-027_std_2,14,5,3080,core,305,331,0.0,5.0,0.9889,309,333,315,337,1.0,True,96.2296,109.1004,91.1898,4.0586,95.5318,"109.10,105.30,102.04,100.96,99.87,98.79,98.25,101.50,99.33,98.25,97.70,97.16,96.07,95.53,97.70,96.62,96.07,95.53,95.53,94.45,94.45,94.99,94.45,94.45,93.36,93.36,92.28,92.28,92.28,92.28,92.28,91.73,91.73,91.19,91.19"
Rec-027_std_2,14,6,3081,core,310,331,0.0,5.0,0.9859,314,333,320,337,1.0,True,95.1906,105.8439,90.6471,3.3685,94.4463,"105.84,102.04,100.42,99.33,98.25,97.70,96.62,99.33,98.25,96.62,96.07,95.53,95.53,94.45,96.62,95.53,95.53,94.45,94.45,93.36,93.36,94.45,94.45,93.36,93.36,92.28,92.28,91.73,92.28,92.28,91.73,91.19,91.19,91.19,90.65"
Rec-027_std_2,14,7,3082,core,314,331,0.0,4.0,0.9895,318,333,324,337,1.0,True,95.2371,106.3867,90.6471,3.47,94.4463,"106.39,103.13,100.42,98.79,98.25,97.70,97.16,99.87,98.25,96.62,95.53,95.53,95.53,94.99,96.07,95.53,94.99,94.45,94.45,94.45,93.36,94.45,93.36,93.36,93.36,92.28,92.28,92.28,92.28,92.28,91.73,91.19,91.19,91.19,90.65"
Rec-027_std_2,14,8,3083,core,323,331,0.0,9.0,0.9894,327,333,333,337,1.0,True,95.7489,105.3012,91.7325,3.1008,95.5318,"105.30,102.04,100.42,99.33,98.79,98.25,98.25,99.33,98.25,97.16,96.62,96.62,96.07,96.07,96.07,95.53,95.53,95.53,94.99,94.99,94.99,94.45,94.45,94.45,93.36,93.36,93.36,93.36,92.28,92.28,92.28,92.28,91.73,91.73,91.73"
Rec-027_std_2,14,9,3084,core,328,331,0.0,5.0,0.9867,332,333,338,337,1.0,True,96.6018,105.3012,92.2753,2.9939,96.0745,"105.30,102.04,100.96,100.42,99.87,99.33,99.33,99.33,98.79,98.25,98.25,97.70,97.70,97.70,97.16,96.62,96.07,96.07,96.07,95.53,95.53,94.99,94.99,94.99,94.45,94.45,94.45,94.45,93.36,93.36,93.36,93.36,92.28,92.28,92.28"
Rec-027_std_2,14,10,3085,core,332,331,0.0,4.0,0.9895,336,333,342,337,1.0,True,97.7183,107.4722,93.3608,3.2886,97.16,"107.47,104.22,103.13,102.04,100.96,100.42,100.42,101.50,100.42,99.33,98.79,98.25,98.25,98.25,98.25,97.70,97.70,97.16,97.16,96.62,96.62,95.53,95.53,95.53,95.53,95.53,94.99,94.99,94.45,94.45,94.45,94.45,93.36,93.36,93.36"
Rec-027_std_2,14,11,3086,core,337,331,0.0,5.0,0.9874,341,333,347,337,1.0,True,98.1369,106.3867,93.3608,3.1986,98.2455,"106.39,104.22,103.13,102.04,101.50,101.50,100.96,101.50,100.96,100.42,99.87,99.33,98.79,98.79,98.25,98.25,98.25,98.25,97.70,97.70,97.16,96.07,96.07,96.07,96.07,95.53,95.53,95.53,94.45,94.45,94.45,94.45,94.45,93.36,93.36"
Rec-027_std_2,14,12,3087,core,341,331,0.0,4.0,0.9889,345,333,351,337,1.0,True,98.354,108.5576,92.2753,3.7687,98.2455,"108.56,105.84,104.22,103.13,102.04,101.50,100.42,103.13,102.04,100.96,100.42,99.87,98.79,98.25,99.33,98.79,98.25,98.25,97.70,97.16,95.53,96.62,96.62,96.07,96.07,95.53,94.99,94.45,94.99,94.99,94.45,94.45,93.36,93.36,92.28"
Rec-027_std_2,14,13,3088,core,346,331,0.0,5.0,0.9866,350,333,356,337,1.0,True,94.7409,106.3867,84.6769,4.9444,94.4463,"106.39,103.67,102.04,99.33,97.70,95.53,91.19,102.04,100.42,98.79,97.70,95.53,94.45,89.56,98.79,97.70,96.62,95.53,94.45,92.28,87.93,96.07,95.53,94.45,92.28,91.19,89.56,85.76,94.45,93.36,92.28,91.19,89.56,87.93,84.68"
Rec-027_std_2,14,14,3089,core,350,331,0.0,4.0,0.9877,354,333,360,337,0.5714,False,84.8474,104.2157,75.4502,8.4199,82.5059,"104.22,99.87,94.45,84.13,79.79,77.62,75.99,99.33,96.62,91.73,83.59,78.71,77.08,75.99,96.07,93.36,89.56,82.51,78.16,76.54,75.99,93.36,91.19,87.93,81.42,77.62,75.99,75.45,90.65,89.02,85.76,80.88,77.62,75.99,75.45"
Rec-027_std_2,14,15,3090,core,355,330,11.31,5.1,0.993,359,332,365,336,0.0,False,76.8458,85.7624,74.3647,2.3933,75.9929,"85.76,81.42,78.71,77.62,75.99,75.99,75.99,82.51,78.71,77.62,75.99,75.99,75.45,74.91,79.79,77.62,76.54,75.99,75.45,75.45,74.91,78.16,77.08,75.99,75.99,75.45,74.91,74.91,77.62,75.99,75.99,75.45,74.91,74.36,74.36"
Rec-027_std_2,15,1,3212,core,290,331,0.0,0.0,0.9856,294,333,300,337,1.0,True,97.0669,111.8141,89.5616,5.2195,96.0745,"111.81,108.56,105.30,103.67,103.13,103.13,102.04,101.50,99.87,99.33,98.79,98.79,98.25,98.25,95.53,95.53,96.07,96.07,96.07,96.07,96.07,92.28,93.36,93.36,94.45,94.45,94.45,94.45,89.56,90.10,91.19,91.19,91.19,91.73,91.73"
Rec-027_std_2,15,2,3213,core,299,331,0.0,9.0,0.9883,303,333,309,337,1.0,True,97.6407,111.8141,91.7325,4.5958,96.6172,"111.81,108.01,105.30,103.13,101.50,100.96,99.33,103.67,101.50,99.87,98.79,98.25,97.16,96.62,98.79,98.25,97.70,97.16,96.62,95.53,94.99,96.07,95.53,95.53,94.99,94.45,94.45,93.36,93.36,93.36,93.36,92.28,92.28,91.73,91.73"
Rec-027_std_2,15,3,3214,core,303,331,0.0,4.0,0.9862,307,333,313,337,1.0,True,97.284,112.8996,91.1898,4.6996,95.5318,"112.90,108.01,105.30,102.04,100.96,99.87,98.25,103.67,101.50,99.33,98.25,97.16,96.62,95.53,98.79,98.25,97.16,96.07,95.53,95.53,94.99,95.53,95.53,94.99,94.45,94.45,93.36,93.36,93.36,93.36,93.36,92.28,92.28,91.73,91.19"
Rec-027_std_2,15,4,3215,core,312,331,0.0,9.0,0.9865,316,333,322,337,1.0,True,95.997,110.1859,91.1898,4.1439,94.989,"110.19,105.30,102.04,99.87,98.79,98.25,97.16,102.04,99.33,98.25,97.16,96.07,95.53,94.99,97.70,96.62,95.53,95.53,94.45,94.45,93.36,94.99,94.45,94.45,93.36,93.36,92.28,92.28,92.28,92.28,92.28,91.73,91.19,91.19,91.19"
Rec-027_std_2,15,5,3216,core,317,331,0.0,5.0,0.9895,321,333,327,337,1.0,True,95.1131,106.3867,90.6471,3.4864,94.4463,"106.39,103.13,99.87,98.79,97.70,97.16,96.62,99.87,98.25,96.62,96.07,95.53,94.99,94.45,96.62,95.53,95.53,94.45,94.45,93.36,93.36,94.45,93.36,93.36,93.36,92.28,92.28,91.73,92.28,91.73,91.73,91.19,91.19,90.65,90.65"
Rec-027_std_2,15,6,3217,core,326,331,0.0,9.0,0.9896,330,333,336,337,1.0,True,96.1055,105.8439,92.2753,3.2511,95.5318,"105.84,103.13,100.96,99.87,99.33,98.79,98.79,99.87,98.25,97.70,97.16,97.16,97.16,96.62,96.07,95.53,95.53,95.53,95.53,95.53,95.53,94.45,94.45,94.45,94.45,93.36,93.36,93.36,92.28,92.28,92.28,92.28,92.28,92.28,92.28"
Rec-027_std_2,15,7,3218,core,331,331,0.0,5.0,0.9869,335,333,341,337,1.0,True,97.0049,105.3012,93.3608,3.0608,96.6172,"105.30,103.13,101.50,100.96,100.96,100.42,99.87,99.87,98.79,98.79,98.25,98.25,98.25,98.25,97.16,96.62,96.62,96.62,96.07,96.07,96.07,94.99,94.99,94.99,94.99,94.99,94.45,94.45,93.36,93.36,93.36,93.36,93.36,93.36,93.36"
Rec-027_std_2,15,8,3219,core,335,331,0.0,4.0,0.9895,339,333,345,337,1.0,True,98.0594,107.4722,93.3608,3.4079,97.7027,"107.47,105.30,103.13,102.04,102.04,101.50,101.50,101.50,100.42,99.87,99.33,99.33,98.79,98.79,98.25,98.25,97.70,97.70,97.70,97.16,97.16,95.53,95.53,95.53,95.53,95.53,95.53,94.99,94.45,94.45,94.45,94.45,94.45,93.36,93.36"
Rec-027_std_2,15,9,3220,core,340,331,0.0,5.0,0.9876,344,333,350,337,1.0,True,98.323,106.9294,93.3608,3.5817,98.2455,"106.93,105.30,103.67,103.13,103.13,102.04,101.50,102.04,101.50,100.96,100.42,99.87,99.33,98.79,98.79,98.25,98.25,98.25,97.70,97.16,96.62,96.07,96.07,96.07,95.53,95.53,95.53,94.99,94.45,94.45,94.45,94.45,93.36,93.36,93.36"
Rec-027_std_2,15,10,3221,core,344,331,0.0,4.0,0.9884,348,333,354,337,1.0,True,97.3306,109.1004,89.5616,4.2771,97.16,"109.10,105.84,103.67,102.04,100.96,99.33,97.16,103.13,102.04,100.96,99.87,98.25,97.16,95.53,99.33,98.79,98.25,97.70,96.07,94.99,93.36,97.16,96.62,95.53,95.53,94.45,92.28,91.19,94.99,94.45,94.45,93.36,92.28,91.19,89.56"
Rec-027_std_2,15,11,3222,core,349,331,0.0,5.0,0.9862,353,333,359,337,0.7143,False,87.5922,104.2157,75.9929,8.2903,89.0188,"104.22,100.96,98.25,93.36,84.13,79.79,77.08,99.87,97.70,95.53,91.73,83.05,78.71,76.54,96.62,94.99,93.36,89.56,82.51,78.71,76.54,94.45,92.28,91.19,87.93,81.42,77.62,75.99,91.73,90.65,89.02,85.76,80.88,77.62,75.99"
Rec-027_std_2,15,12,3223,core,353,331,0.0,4.0,0.9867,357,333,363,337,0.1429,False,77.6987,89.0188,74.3647,3.3511,76.5357,"89.02,82.51,78.71,77.08,76.54,75.99,75.45,85.76,80.33,77.62,76.54,75.99,75.45,74.91,83.59,79.79,77.62,75.99,75.99,75.45,74.91,81.96,78.71,77.08,75.99,75.45,74.91,74.91,80.88,77.62,76.54,75.99,74.91,74.91,74.36"
Rec-027_std_2,15,13,3224,core,355,330,26.57,2.24,0.9871,359,332,365,336,0.0,False,77.28,89.0188,74.3647,2.9417,75.9929,"89.02,83.05,79.79,77.62,76.54,75.99,75.99,84.13,79.79,77.62,77.08,75.99,75.99,75.45,80.33,77.62,77.08,75.99,75.45,75.45,74.91,78.16,77.08,75.99,75.99,75.45,75.45,74.91,77.62,76.54,75.99,75.99,75.45,74.91,74.36"
Rec-027_std_2,16,1,3354,core,290,331,0.0,0.0,0.9877,294,333,300,337,1.0,True,96.8654,109.6431,89.5616,4.7676,96.6172,"109.64,106.93,104.22,103.13,103.13,102.04,102.04,99.87,98.79,98.79,98.79,98.79,98.79,98.25,94.99,95.53,96.07,96.62,96.62,96.62,96.62,91.73,92.28,93.36,94.45,94.45,94.45,94.45,89.56,90.10,91.19,91.73,91.73,92.28,92.28"
Rec-027_std_2,16,2,3355,core,292,331,0.0,2.0,0.985,296,333,302,337,1.0,True,98.5866,113.9851,91.7325,5.1376,97.7027,"113.99,110.19,106.93,105.30,103.67,103.13,102.04,103.67,102.04,100.96,100.42,99.87,99.33,98.79,98.25,98.25,97.70,97.70,97.70,97.70,97.16,94.99,94.99,95.53,95.53,95.53,95.53,94.99,91.73,92.28,92.28,93.36,93.36,93.36,92.28"
Rec-027_std_2,16,3,3356,core,297,331,0.0,5.0,0.9872,301,333,307,337,1.0,True,98.261,111.8141,92.2753,4.3351,97.7027,"111.81,108.01,105.30,103.13,102.04,101.50,100.42,103.67,102.04,100.42,99.33,98.79,98.25,97.70,99.33,98.25,98.25,97.70,97.16,96.62,96.07,96.62,96.07,95.53,95.53,95.53,94.99,94.45,94.45,94.45,93.36,93.36,93.36,93.36,92.28"
Rec-027_std_2,16,4,3357,core,301,331,0.0,4.0,0.987,305,333,311,337,1.0,True,98.168,113.9851,92.2753,4.6907,96.6172,"113.99,108.56,105.30,103.13,101.50,100.96,99.33,105.30,102.04,100.42,98.79,98.25,97.70,96.62,99.87,98.79,98.25,97.70,96.62,96.07,95.53,96.62,96.07,95.53,95.53,94.99,94.45,94.45,94.45,94.45,93.36,93.36,93.36,92.28,92.28"
Rec-027_std_2,16,5,3358,core,306,331,0.0,5.0,0.9879,310,333,316,337,1.0,True,96.7568,109.6431,91.1898,3.8865,95.5318,"109.64,105.30,103.13,100.96,99.87,98.79,98.25,102.04,99.87,98.25,97.70,96.62,96.07,95.53,98.25,97.70,96.62,95.53,95.53,95.53,94.45,95.53,95.53,94.99,94.45,94.45,93.36,93.36,94.45,93.36,93.36,92.28,92.28,92.28,91.19"
Rec-027_std_2,16,6,3359,core,310,331,0.0,4.0,0.9874,314,333,320,337,1.0,True,96.4777,110.1859,91.1898,4.0808,95.5318,"110.19,105.84,103.13,100.42,99.33,98.25,97.70,102.04,99.87,98.25,97.16,96.62,95.53,95.53,98.25,97.16,96.07,95.53,95.53,94.99,94.45,95.53,95.53,94.45,94.45,93.36,93.36,92.28,93.36,93.36,92.28,92.28,91.73,91.73,91.19"
Rec-027_std_2,16,7,3360,core,315,331,0.0,5.0,0.9893,319,333,325,337,1.0,True,95.6558,106.3867,91.1898,3.4255,94.989,"106.39,103.13,100.96,99.33,98.25,98.25,98.25,100.42,98.25,97.16,96.62,96.07,95.53,95.53,96.62,95.53,95.53,94.99,94.99,94.45,94.45,94.45,94.45,93.36,93.36,93.36,93.36,92.28,92.28,92.28,92.28,91.73,91.73,91.19,91.19"
Rec-027_std_2,16,8,3361,core,319,331,0.0,4.0,0.9872,323,333,329,337,1.0,True,96.3846,109.1004,91.7325,3.8733,95.5318,"109.10,105.30,102.04,100.42,99.33,98.79,98.25,101.50,99.33,98.25,97.16,97.16,96.62,96.07,97.16,96.62,96.07,95.53,95.53,95.53,94.99,94.99,94.45,94.45,94.45,93.36,93.36,93.36,92.28,92.28,92.28,92.28,91.73,91.73,91.73"
Rec-027_std_2,16,9,3362,core,324,331,0.0,5.0,0.9897,328,333,334,337,1.0,True,96.6018,106.9294,92.2753,3.3894,96.0745,"106.93,103.13,101.50,100.42,99.87,99.33,99.33,100.96,99.33,98.25,98.25,97.16,97.16,97.16,97.16,97.16,96.07,95.53,96.07,95.53,95.53,94.99,94.99,94.45,94.45,94.45,94.45,94.45,93.36,92.28,92.28,92.28,92.28,92.28,92.28"
Rec-027_std_2,16,10,3363,core,333,331,0.0,9.0,0.9901,337,333,343,337,1.0,True,98.0284,108.0149,93.3608,3.4208,97.7027,"108.01,105.30,103.13,102.04,101.50,100.96,100.96,102.04,100.96,99.87,99.33,98.79,98.79,98.25,98.25,98.25,97.70,97.70,97.16,97.16,97.16,96.07,95.53,95.53,95.53,95.53,95.53,94.99,94.45,94.45,94.45,94.45,94.45,93.36,93.36"
Rec-027_std_2,16,11,3364,core,337,331,0.0,4.0,0.9865,341,333,347,337,1.0,True,98.8348,110.1859,94.4463,3.7228,98.2455,"110.19,106.39,104.22,103.13,102.04,102.04,102.04,103.13,102.04,100.96,100.42,99.87,99.87,99.33,99.33,98.79,98.25,98.25,98.25,97.70,97.70,97.16,96.62,96.62,96.07,95.53,95.53,95.53,94.99,94.99,94.45,94.45,94.45,94.45,94.45"
Rec-027_std_2,16,12,3365,core,342,331,0.0,5.0,0.9899,346,333,352,337,1.0,True,98.168,108.5576,91.1898,3.9227,97.7027,"108.56,105.84,104.22,103.13,102.04,100.96,99.33,103.13,102.04,100.96,100.42,99.87,98.25,97.70,99.87,99.33,98.25,98.25,97.70,96.62,95.53,97.16,96.62,96.07,95.53,95.53,94.45,93.36,94.99,94.45,94.45,94.45,93.36,92.28,91.19"
Rec-027_std_2,16,13,3366,core,346,331,0.0,4.0,0.9856,350,333,356,337,1.0,True,95.1131,109.6431,84.6769,5.46,94.4463,"109.64,105.84,103.13,100.42,98.25,95.53,91.19,103.13,101.50,99.33,97.70,95.53,94.45,90.10,99.33,98.25,96.62,95.53,93.36,91.73,87.93,96.62,95.53,94.45,93.36,91.19,89.56,86.31,94.45,93.36,92.28,91.19,89.56,87.93,84.68"
Rec-027_std_2,16,14,3367,core,351,331,0.0,5.0,0.9884,355,333,361,337,0.4286,False,81.9941,101.502,74.9074,7.3952,78.7067,"101.50,94.99,84.68,79.79,77.62,75.99,75.45,97.16,92.28,83.59,78.71,77.08,75.99,75.45,94.45,89.56,82.51,78.71,77.08,75.99,75.45,91.19,87.93,81.42,77.62,76.54,75.99,74.91,89.56,85.76,80.88,77.62,75.99,75.45,74.91"
Rec-027_std_2,16,15,3368,core,355,331,0.0,4.0,0.9881,359,333,365,337,0.0,False,76.2721,83.0486,74.3647,1.7617,75.9929,"83.05,79.79,77.62,76.54,75.99,75.99,75.45,79.79,77.62,76.54,75.99,75.99,75.45,74.91,78.16,77.08,75.99,75.99,75.45,74.91,74.91,77.62,76.54,75.99,75.45,74.91,74.91,74.36,76.54,75.99,75.45,74.91,74.91,74.36,74.36"
Rec-027_std_2,17,1,3495,core,290,331,0.0,0.0,0.9881,294,333,300,337,1.0,True,97.2531,110.7286,89.5616,4.9954,96.6172,"110.73,108.01,105.30,104.22,103.13,103.13,103.13,99.87,99.33,99.33,99.33,99.33,98.79,98.25,95.53,95.53,96.62,96.62,96.62,96.62,96.62,92.28,93.36,94.45,94.45,94.45,94.45,94.45,89.56,90.65,91.19,91.73,92.28,92.28,92.28"
Rec-027_std_2,17,2,3496,core,296,331,0.0,6.0,0.9866,300,333,306,337,1.0,True,98.3851,112.8996,92.2753,4.6623,97.7027,"112.90,108.56,105.84,103.67,103.13,102.04,100.96,104.22,102.04,100.42,99.87,98.79,98.25,97.70,99.87,98.79,98.25,97.70,97.16,96.62,96.07,96.07,96.07,95.53,95.53,95.53,94.99,94.45,94.45,93.36,93.36,93.36,93.36,92.28,92.28"
Rec-027_std_2,17,3,3497,core,300,331,0.0,4.0,0.9853,304,333,310,337,1.0,True,98.3695,113.9851,92.2753,4.7281,96.6172,"113.99,109.64,105.84,103.67,102.04,100.96,99.87,105.30,102.04,100.42,99.33,98.25,97.70,96.62,99.87,98.79,98.25,97.70,96.62,96.07,95.53,96.62,96.07,95.53,95.53,94.99,94.45,94.45,94.45,94.45,94.45,94.45,93.36,93.36,92.28"
Rec-027_std_2,17,4,3498,core,305,331,0.0,5.0,0.9875,309,333,315,337,1.0,True,97.067,110.1859,91.7325,3.9084,96.0745,"110.19,105.84,103.13,101.50,100.42,99.33,98.25,102.04,99.87,98.79,98.25,97.16,96.62,95.53,98.25,97.70,97.16,96.07,95.53,95.53,94.99,96.07,95.53,95.53,94.99,94.45,94.45,93.36,94.45,93.36,93.36,93.36,92.28,92.28,91.73"
Rec-027_std_2,17,5,3499,core,309,331,0.0,4.0,0.9858,313,333,319,337,1.0,True,97.0359,111.8141,91.7325,4.2182,95.5318,"111.81,106.93,103.13,101.50,99.87,98.79,98.25,103.13,100.42,98.79,97.70,97.16,96.07,95.53,98.25,97.70,96.62,95.53,95.53,95.53,94.99,96.07,95.53,94.99,94.45,94.45,93.36,93.36,94.45,93.36,93.36,93.36,92.28,92.28,91.73"
Rec-027_std_2,17,6,3500,core,314,331,0.0,5.0,0.9887,318,333,324,337,1.0,True,96.2141,107.4722,91.7325,3.4236,95.5318,"107.47,103.67,101.50,99.87,99.33,98.25,98.25,100.42,98.79,97.70,97.16,96.62,96.07,95.53,97.70,96.62,95.53,95.53,95.53,94.99,94.99,94.99,94.45,94.45,94.45,93.36,93.36,93.36,93.36,93.36,92.28,92.28,92.28,92.28,91.73"
Rec-027_std_2,17,7,3501,core,319,331,0.0,5.0,0.9857,323,333,329,337,1.0,True,96.1986,105.8439,91.7325,3.1436,95.5318,"105.84,103.13,100.96,99.87,98.79,98.79,98.25,99.87,98.25,98.25,97.16,96.62,96.07,96.07,97.16,96.62,96.07,95.53,95.53,94.99,94.99,94.99,94.99,94.45,94.45,94.45,93.36,93.36,93.36,93.36,93.36,92.28,92.28,91.73,91.73"
Rec-027_std_2,17,8,3502,core,323,331,0.0,4.0,0.9892,327,333,333,337,1.0,True,96.6948,107.4722,92.2753,3.3486,96.0745,"107.47,103.67,102.04,100.42,99.87,98.79,98.25,100.96,99.33,98.25,97.70,97.70,96.62,96.62,97.70,97.16,96.07,96.07,95.53,95.53,95.53,95.53,94.99,94.45,94.45,94.45,94.45,94.45,93.36,93.36,93.36,93.36,92.28,92.28,92.28"
Rec-027_std_2,17,9,3503,core,328,331,0.0,5.0,0.9859,332,333,338,337,1.0,True,97.0204,105.8439,93.3608,3.0326,96.6172,"105.84,103.13,101.50,100.42,100.42,99.87,99.33,100.42,99.33,98.25,98.25,98.25,97.70,97.70,97.70,97.70,96.62,96.62,96.07,96.07,96.07,95.53,95.53,94.99,94.99,94.99,94.45,94.45,93.36,93.36,93.36,93.36,93.36,93.36,93.36"
Rec-027_std_2,17,10,3504,core,332,331,0.0,4.0,0.9897,336,333,342,337,1.0,True,98.2765,108.0149,94.4463,3.3506,98.2455,"108.01,105.30,103.13,102.04,102.04,101.50,100.96,102.04,100.96,99.87,99.87,99.33,98.79,98.79,98.25,98.25,98.25,98.25,97.70,97.70,97.70,96.07,96.07,95.53,95.53,95.53,95.53,95.53,94.45,94.45,94.45,94.45,94.45,94.45,94.45"
Rec-027_std_2,17,11,3505,core,337,331,0.0,5.0,0.9864,341,333,347,337,1.0,True,98.7882,106.9294,94.4463,3.2227,98.2455,"106.93,105.30,103.67,103.13,102.04,102.04,101.50,102.04,101.50,100.96,100.96,100.42,99.33,99.33,99.33,98.79,98.79,98.25,98.25,98.25,97.70,97.16,97.16,96.62,96.62,96.07,96.07,95.53,95.53,94.99,94.99,94.99,94.45,94.45,94.45"
Rec-027_std_2,17,12,3506,core,346,331,0.0,9.0,0.9856,350,333,356,337,1.0,True,94.8029,106.9294,84.6769,5.0314,94.4463,"106.93,103.67,102.04,99.87,97.70,95.53,91.19,102.04,100.96,98.79,97.70,95.53,94.45,89.56,98.79,98.25,96.62,95.53,93.36,91.73,87.93,96.62,95.53,94.45,93.36,91.19,89.56,85.76,94.45,93.36,92.28,91.19,89.56,87.93,84.68"
Rec-027_std_2,17,13,3507,core,350,331,0.0,4.0,0.9877,354,333,360,337,0.5714,False,84.6459,103.6729,75.4502,8.2086,82.5059,"103.67,98.79,93.36,84.13,79.79,77.62,75.99,98.79,96.07,91.73,83.59,78.71,76.54,75.99,95.53,93.36,89.56,82.51,78.71,76.54,75.99,92.28,91.19,87.39,80.88,77.62,75.99,75.45,90.65,89.02,85.76,80.33,77.62,75.99,75.45"
Rec-027_std_2,17,14,3508,core,354,331,0.0,4.0,0.9837,358,333,364,337,0.0,False,76.9079,85.7624,74.3647,2.3632,75.9929,"85.76,80.88,78.71,77.62,75.99,75.99,75.45,82.51,78.71,77.62,75.99,75.99,75.45,75.45,79.79,77.62,76.54,75.99,75.45,75.45,74.91,78.71,77.62,75.99,75.99,75.45,74.91,74.91,78.16,76.54,75.99,75.45,74.91,74.91,74.36"
Rec-027_std_2,18,1,3617,core,290,331,0.0,0.0,0.9875,294,333,300,337,1.0,True,97.3616,110.7286,90.1043,4.8146,96.6172,"110.73,107.47,105.30,103.67,103.13,103.13,102.04,100.42,99.33,99.33,99.33,99.33,98.79,98.79,95.53,95.53,96.62,96.62,97.16,97.16,96.62,92.28,93.36,94.45,94.45,94.99,94.99,94.99,90.10,91.19,91.73,92.28,92.28,92.28,92.28"
Rec-027_std_2,18,2,3618,core,293,331,0.0,3.0,0.987,297,333,303,337,1.0,True,98.354,111.8141,93.3608,4.5108,97.7027,"111.81,108.56,105.84,104.22,103.13,102.04,101.50,103.13,102.04,100.42,99.87,99.33,98.25,98.25,98.25,98.25,98.25,97.70,97.70,96.62,96.07,95.53,95.53,95.53,95.53,95.53,94.99,94.99,93.36,93.36,93.36,93.36,93.36,93.36,93.36"
Rec-027_std_2,18,3,3619,core,297,331,0.0,4.0,0.9844,301,333,307,337,1.0,True,98.9588,115.0706,93.3608,4.8852,98.2455,"115.07,110.19,106.39,104.22,103.13,102.04,100.96,105.84,103.13,100.96,99.87,99.33,98.25,98.25,100.42,99.33,98.25,98.25,97.70,97.16,96.07,97.16,96.62,96.07,96.07,95.53,94.99,94.45,94.45,94.45,94.45,94.45,93.36,93.36,93.36"
Rec-027_std_2,18,4,3620,core,302,331,0.0,5.0,0.9882,306,333,312,337,1.0,True,97.6562,111.2714,91.7325,4.1179,96.6172,"111.27,106.93,103.67,102.04,101.50,100.42,98.79,103.13,100.96,99.33,98.25,98.25,97.16,96.07,99.33,98.25,97.70,97.16,96.62,95.53,95.53,96.62,95.53,95.53,95.53,94.99,94.45,93.36,94.45,94.45,94.45,93.36,93.36,92.28,91.73"
Rec-027_std_2,18,5,3621,core,306,331,0.0,4.0,0.9858,310,333,316,337,1.0,True,97.3616,111.8141,91.7325,4.2934,96.0745,"111.81,107.47,104.22,102.04,100.42,99.33,98.25,103.13,100.96,98.79,98.25,97.70,96.62,95.53,99.33,98.25,97.16,96.07,95.53,95.53,94.99,96.07,95.53,95.53,94.99,94.45,94.45,93.36,94.45,94.45,93.36,93.36,92.28,92.28,91.73"
Rec-027_std_2,18,6,3622,core,311,331,0.0,5.0,0.9889,315,333,321,337,1.0,True,96.4467,108.0149,91.7325,3.5502,95.5318,"108.01,104.22,102.04,100.42,99.33,98.79,98.25,101.50,98.79,98.25,97.16,96.62,96.07,95.53,98.25,96.62,95.53,95.53,95.53,94.99,94.99,95.53,94.99,94.45,94.45,94.45,93.36,93.36,93.36,93.36,93.36,92.28,92.28,92.28,91.73"
Rec-027_std_2,18,7,3623,core,315,331,0.0,4.0,0.9861,319,333,325,337,1.0,True,96.8188,109.6431,92.2753,3.7783,95.5318,"109.64,105.30,102.04,100.96,99.87,99.33,98.79,102.04,99.87,98.25,97.70,97.16,96.62,96.62,97.70,96.62,96.07,95.53,95.53,95.53,95.53,95.53,94.99,94.45,94.45,94.45,94.45,94.45,93.36,93.36,93.36,92.28,92.28,92.28,92.28"
Rec-027_std_2,18,8,3624,core,320,331,0.0,5.0,0.9897,324,333,330,337,1.0,True,97.098,108.0149,92.2753,3.3426,96.6172,"108.01,104.22,102.04,100.96,99.87,99.33,98.79,101.50,99.87,98.25,98.25,97.70,97.70,97.16,97.70,97.16,96.62,96.62,96.07,96.07,95.53,95.53,95.53,95.53,94.99,94.99,94.45,94.45,94.45,93.36,93.36,93.36,93.36,93.36,92.28"
Rec-027_std_2,18,9,3625,core,324,331,0.0,4.0,0.9863,328,333,334,337,1.0,True,97.9199,109.6431,93.3608,3.5842,97.16,"109.64,105.84,103.13,102.04,100.96,100.42,100.42,102.04,100.96,99.33,98.79,98.25,98.25,98.25,98.25,98.25,97.70,97.16,97.16,97.16,96.62,95.53,95.53,95.53,95.53,95.53,95.53,95.53,94.45,94.45,94.45,94.45,93.36,93.36,93.36"
Rec-027_std_2,18,10,3626,core,329,331,0.0,5.0,0.9897,333,333,339,337,1.0,True,98.4781,108.5576,94.4463,3.3964,98.2455,"108.56,105.30,103.13,103.13,102.04,101.50,101.50,102.04,100.96,100.42,99.87,99.33,99.33,98.79,98.79,98.25,98.25,98.25,98.25,97.70,97.70,96.62,96.07,96.07,96.07,96.07,95.53,95.53,94.99,94.45,94.45,94.45,94.45,94.45,94.45"
Rec-027_std_2,18,11,3627,core,334,331,0.0,5.0,0.9866,338,333,344,337,1.0,True,99.0519,107.4722,94.4463,3.1843,98.7882,"107.47,105.30,103.67,103.13,102.04,102.04,102.04,103.13,101.50,100.96,100.42,100.42,100.42,99.87,99.33,99.33,98.79,98.79,98.25,98.25,98.25,97.16,97.16,97.16,96.62,96.62,96.62,96.07,95.53,95.53,95.53,94.99,94.99,94.99,94.45"
Rec-027_std_2,18,12,3628,core,338,331,0.0,4.0,0.9893,342,333,348,337,1.0,True,99.7342,109.6431,94.4463,3.6589,99.331,"109.64,106.93,105.30,104.22,103.13,103.13,103.13,103.67,103.13,102.04,102.04,100.96,100.96,100.42,100.42,99.87,99.33,99.33,98.79,98.25,98.25,98.25,97.70,97.70,97.16,97.16,96.62,96.07,95.53,95.53,95.53,95.53,95.53,94.99,94.45"
Rec-027_std_2,18,13,3629,core,343,331,0.0,5.0,0.9867,347,333,353,337,1.0,True,98.0749,108.5576,90.6471,4.0528,98.2455,"108.56,105.84,104.22,103.13,102.04,100.42,98.25,103.13,102.04,101.50,100.42,99.33,98.25,96.62,100.42,99.87,98.79,98.25,97.16,95.53,94.45,98.25,97.16,96.62,95.53,94.99,93.36,92.28,95.53,95.53,94.99,94.45,93.36,91.73,90.65"
Rec-027_std_2,18,14,3630,core,347,331,0.0,4.0,0.9883,351,333,357,337,1.0,True,92.725,107.4722,79.7922,6.6314,93.3608,"107.47,103.67,101.50,98.25,96.07,91.19,83.05,102.04,100.42,98.25,96.62,94.45,90.10,82.51,98.25,97.16,95.53,94.45,92.28,87.93,81.42,96.07,94.99,93.36,91.73,89.56,86.31,80.88,93.36,92.28,91.19,90.10,88.48,84.68,79.79"
Rec-027_std_2,18,15,3631,core,352,331,0.0,5.0,0.9849,356,333,362,337,0.2857,False,79.2649,96.0745,74.3647,5.4329,77.0784,"96.07,85.76,79.79,77.62,75.99,75.99,75.45,92.28,84.13,78.71,77.08,75.99,75.45,75.45,89.56,83.05,78.71,77.08,75.99,75.45,74.91,87.93,81.42,78.16,76.54,75.45,74.91,74.36,85.76,80.88,77.62,75.99,75.45,74.91,74.36"
Rec-027_std_2,18,16,3632,core,355,331,0.0,3.0,0.9869,359,333,365,337,0.0,False,76.1945,83.5914,74.3647,1.8715,75.9929,"83.59,79.79,77.62,76.54,75.99,75.45,74.91,79.79,77.62,76.54,75.99,75.45,75.45,74.91,78.16,77.08,75.99,75.45,75.45,74.91,74.36,77.62,75.99,75.99,75.45,74.91,74.36,74.36,76.54,75.99,75.99,75.45,74.36,74.36,74.36"
Rec-027_std_2,19,1,3745,core,291,331,0.0,1.0,0.9857,295,333,301,337,1.0,True,98.2455,111.2714,91.7325,4.5298,97.7027,"111.27,107.47,105.30,104.22,103.67,103.13,102.04,102.04,100.96,100.42,100.42,99.87,99.33,98.79,97.16,97.70,97.70,97.70,97.70,97.70,97.16,94.45,94.99,95.53,95.53,95.53,95.53,95.53,91.73,92.28,92.28,93.36,93.36,93.36,93.36"
Rec-027_std_2,19,2,3746,core,295,331,0.0,4.0,0.9875,299,333,305,337,1.0,True,98.9743,112.8996,93.3608,4.5869,98.2455,"112.90,109.64,106.39,104.22,103.13,102.04,101.50,105.30,103.13,101.50,100.42,99.33,98.79,98.25,99.87,99.33,98.25,98.25,97.70,97.16,96.62,97.16,96.62,96.07,95.53,95.53,95.53,94.99,94.45,94.45,94.45,94.45,94.45,93.36,93.36"
Rec-027_std_2,19,3,3747,core,300,331,0.0,5.0,0.9855,304,333,310,337,1.0,True,97.8888,110.7286,92.2753,3.9967,96.6172,"110.73,106.93,104.22,102.04,101.50,100.42,99.33,103.13,101.50,99.87,98.79,98.25,97.70,96.62,99.33,98.25,98.25,97.16,96.62,96.07,95.53,96.62,96.07,95.53,95.53,94.99,94.45,94.45,94.99,94.45,94.45,93.36,93.36,93.36,92.28"
Rec-027_std_2,19,4,3748,core,304,331,0.0,4.0,0.9887,308,333,314,337,1.0,True,97.2375,110.7286,91.7325,4.0928,96.0745,"110.73,106.39,103.13,102.04,100.42,99.33,98.25,103.13,100.96,99.33,98.25,97.16,96.62,95.53,98.79,98.25,97.16,96.62,95.53,95.53,94.99,96.07,95.53,95.53,94.99,94.45,93.36,93.36,94.45,94.45,93.36,93.36,92.28,92.28,91.73"
Rec-027_std_2,19,5,3749,core,309,331,0.0,5.0,0.9864,313,333,319,337,1.0,True,95.9194,106.9294,91.1898,3.4094,95.5318,"106.93,103.13,100.96,99.87,98.25,98.25,97.70,100.42,98.79,97.70,96.62,96.07,95.53,95.53,97.70,96.62,95.53,95.53,94.99,94.45,94.45,95.53,94.45,94.45,93.36,93.36,93.36,92.28,93.36,92.28,92.28,92.28,92.28,91.73,91.19"
Rec-027_std_2,19,6,3750,core,313,331,0.0,4.0,0.9894,317,333,323,337,1.0,True,96.2141,107.4722,92.2753,3.4163,95.5318,"107.47,103.67,101.50,99.87,98.79,98.25,98.25,100.96,98.79,97.70,97.16,96.07,96.07,95.53,97.70,96.62,96.07,95.53,95.53,94.99,94.45,94.99,94.45,94.45,94.45,93.36,93.36,93.36,93.36,93.36,92.28,92.28,92.28,92.28,92.28"
Rec-027_std_2,19,7,3751,core,318,331,0.0,5.0,0.9874,322,333,328,337,1.0,True,96.4312,105.8439,92.2753,3.0342,96.0745,"105.84,103.13,100.96,99.87,99.33,98.79,98.25,99.87,98.25,98.25,97.70,97.16,96.62,96.62,97.16,96.62,96.07,96.07,95.53,95.53,95.53,94.99,94.45,94.45,94.45,94.45,94.45,94.45,93.36,93.36,93.36,93.36,92.28,92.28,92.28"
Rec-027_std_2,19,8,3752,core,327,331,0.0,9.0,0.9875,331,333,337,337,1.0,True,97.7958,106.3867,93.3608,2.9656,97.16,"106.39,103.67,102.04,101.50,100.96,100.96,99.87,101.50,99.87,99.33,98.79,98.79,98.25,98.25,98.25,98.25,97.70,97.16,97.16,97.16,97.16,96.07,96.07,95.53,95.53,95.53,95.53,95.53,94.45,94.45,94.45,94.45,94.45,94.45,93.36"
Rec-027_std_2,19,9,3753,core,340,331,0.0,13.0,0.9887,344,333,350,337,1.0,True,99.6101,110.1859,93.3608,3.7521,99.331,"110.19,106.93,105.30,104.22,103.13,102.04,101.50,104.22,103.13,102.04,101.50,100.96,100.42,99.87,100.96,100.42,99.87,99.33,98.79,98.25,97.70,98.25,97.70,97.70,97.70,97.16,96.07,95.53,96.07,95.53,95.53,95.53,94.99,94.45,93.36"
Rec-027_std_2,19,10,3754,core,345,331,0.0,5.0,0.9871,349,333,355,337,1.0,True,96.6638,108.0149,87.9333,4.549,95.5318,"108.01,105.30,103.13,101.50,99.87,97.70,95.53,103.13,102.04,100.42,99.33,97.70,95.53,94.45,100.42,99.33,98.25,96.62,95.53,94.45,91.73,97.70,96.62,95.53,94.45,93.36,91.19,89.56,95.53,94.99,93.36,92.28,91.19,89.56,87.93"
Rec-027_std_2,19,11,3755,core,349,331,0.0,4.0,0.9874,353,333,359,337,0.7143,False,87.6077,105.8439,75.9929,8.6248,89.0188,"105.84,102.04,98.25,92.28,83.59,78.71,77.08,100.96,98.25,95.53,91.19,83.05,78.71,76.54,97.16,95.53,93.36,89.56,81.96,78.16,76.54,94.45,92.28,91.19,87.93,80.88,77.62,75.99,92.28,91.19,89.02,85.76,79.79,77.62,75.99"
Rec-027_std_2,19,12,3756,core,354,331,0.0,5.0,0.9853,358,333,364,337,0.0,False,76.4116,83.0486,73.822,1.9637,75.9929,"83.05,79.79,77.62,76.54,75.99,75.45,74.91,80.88,77.62,76.54,75.99,75.45,74.91,74.91,79.79,77.62,75.99,75.99,75.45,75.45,74.91,78.16,77.08,75.99,75.45,75.45,74.91,73.82,77.62,76.54,75.99,75.45,74.91,74.36,73.82"
Rec-027_std_2,19,13,3757,core,355,330,45.0,1.41,0.9897,359,332,365,336,0.0,False,77.0939,88.4761,74.3647,2.8557,75.9929,"88.48,83.05,79.79,77.62,76.54,75.99,75.45,83.05,79.79,77.62,76.54,75.99,75.99,74.91,79.79,77.62,76.54,75.99,75.45,75.45,74.91,78.16,77.08,75.99,75.99,75.45,75.45,74.91,77.62,75.99,75.99,75.45,74.91,74.36,74.36"
Rec-027_std_2,20,1,3880,core,291,331,0.0,1.0,0.9849,295,333,301,337,1.0,True,97.5632,110.7286,91.1898,4.5601,97.16,"110.73,106.93,105.30,103.13,103.13,102.04,101.50,101.50,100.42,99.87,99.33,98.79,98.25,98.25,96.62,97.16,97.70,97.16,97.16,96.62,96.07,94.45,94.45,94.99,94.99,94.45,94.45,94.45,91.19,92.28,92.28,92.28,92.28,92.28,92.28"
Rec-027_std_2,20,2,3881,core,300,331,0.0,9.0,0.9845,304,333,310,337,1.0,True,97.2841,109.6431,91.7325,3.914,96.6172,"109.64,105.84,103.13,102.04,100.96,100.42,99.33,102.04,100.42,98.79,98.25,97.70,97.16,96.62,98.25,98.25,97.16,96.62,96.07,95.53,95.53,96.07,95.53,95.53,94.99,94.45,94.45,93.36,94.45,93.36,93.36,93.36,92.28,92.28,91.73"
Rec-027_std_2,20,3,3882,core,304,331,0.0,4.0,0.9882,308,333,314,337,1.0,True,97.222,110.7286,91.7325,4.0982,96.0745,"110.73,106.39,103.13,102.04,100.96,99.33,98.79,103.13,100.42,98.79,98.25,97.70,96.62,96.07,98.25,97.70,97.16,96.62,95.53,95.53,94.99,96.07,95.53,95.53,94.99,94.45,93.36,93.36,94.45,94.45,93.36,93.36,92.28,91.73,91.73"
Rec-027_std_2,20,4,3883,core,309,331,0.0,5.0,0.9853,313,333,319,337,1.0,True,96.0745,106.9294,91.1898,3.4179,95.5318,"106.93,103.13,101.50,100.42,98.79,98.25,97.70,100.42,98.79,98.25,96.62,96.07,95.53,95.53,97.70,96.62,96.07,95.53,94.99,94.45,94.45,95.53,94.99,94.45,94.45,93.36,93.36,93.36,93.36,92.28,92.28,92.28,92.28,91.73,91.19"
Rec-027_std_2,20,5,3884,core,322,331,0.0,13.0,0.9896,326,333,332,337,1.0,True,97.6407,108.0149,93.3608,3.2868,97.16,"108.01,104.22,102.04,101.50,100.96,100.42,99.87,102.04,99.87,99.33,98.25,98.25,98.25,98.25,98.25,97.70,97.70,97.16,97.16,96.62,96.62,95.53,95.53,95.53,95.53,95.53,95.53,94.99,94.45,94.45,94.45,93.36,93.36,93.36,93.36"
Rec-027_std_2,20,6,3885,core,331,331,0.0,9.0,0.9899,335,333,341,337,1.0,True,98.9898,108.5576,94.4463,3.2722,98.2455,"108.56,105.84,103.67,103.13,102.04,101.50,100.96,103.13,102.04,100.96,100.42,99.87,99.33,99.33,99.87,99.33,98.79,98.25,98.25,98.25,97.70,97.16,97.16,97.16,96.62,96.62,96.62,96.07,95.53,95.53,95.53,94.99,94.99,94.99,94.45"
Rec-027_std_2,20,7,3886,core,349,331,0.0,18.0,0.9877,353,333,359,337,0.7143,False,87.3906,105.3012,75.9929,8.5136,89.0188,"105.30,101.50,97.70,92.28,83.59,78.71,76.54,100.42,97.70,95.53,91.19,83.05,78.16,76.54,96.62,94.99,93.36,89.56,81.96,78.16,75.99,94.45,92.28,90.65,87.39,80.88,77.62,75.99,91.73,90.65,89.02,85.76,80.33,77.08,75.99"
Rec-027_std_2,20,8,3887,core,354,331,0.0,5.0,0.9843,358,333,364,337,0.0,False,76.2411,83.0486,73.822,1.9259,75.9929,"83.05,79.79,77.62,75.99,75.99,75.45,74.91,80.33,77.62,76.54,75.99,75.45,74.91,74.91,78.71,77.62,75.99,75.99,74.91,74.91,74.36,78.16,76.54,75.99,75.45,74.91,74.36,74.36,77.62,75.99,75.99,74.91,74.91,74.36,73.82"
Rec-027_std_2,21,1,4002,core,290,331,0.0,0.0,0.9861,294,333,300,337,1.0,True,97.2686,111.8141,90.6471,4.8766,96.6172,"111.81,108.01,105.30,103.67,103.13,102.04,101.50,100.96,99.33,99.33,98.79,98.79,98.25,98.25,95.53,96.07,96.62,96.62,96.62,96.62,96.07,92.28,93.36,94.45,94.45,94.99,94.45,94.45,90.65,91.19,91.73,92.28,92.28,92.28,92.28"
Rec-027_std_2,21,2,4003,core,294,331,0.0,4.0,0.9862,298,333,304,337,1.0,True,98.1525,113.9851,92.2753,4.9395,97.16,"113.99,109.64,105.84,103.67,102.04,101.50,100.42,105.30,102.04,100.42,99.33,98.25,98.25,97.16,99.33,98.25,98.25,97.16,96.62,96.07,95.53,95.53,95.53,95.53,95.53,94.99,94.45,94.45,93.36,93.36,93.36,93.36,92.28,92.28,92.28"
Rec-027_std_2,21,3,4004,core,299,331,0.0,5.0,0.9876,303,333,309,337,1.0,True,97.3461,110.7286,92.2753,4.1108,96.6172,"110.73,106.39,103.67,102.04,101.50,100.42,99.87,102.04,100.42,99.33,98.25,97.70,97.16,96.62,98.25,97.70,97.16,96.62,96.07,95.53,95.53,95.53,95.53,95.53,94.99,94.45,94.45,93.36,93.36,93.36,93.36,93.36,92.28,92.28,92.28"
Rec-027_std_2,21,4,4005,core,303,331,0.0,4.0,0.9879,307,333,313,337,1.0,True,97.4856,111.8141,92.2753,4.2897,96.6172,"111.81,107.47,104.22,102.04,100.96,99.87,98.79,103.13,100.96,99.33,98.25,97.70,97.16,96.62,98.79,98.25,97.16,96.62,96.07,95.53,95.53,95.53,95.53,95.53,94.99,94.99,94.45,93.36,94.45,93.36,93.36,93.36,92.28,92.28,92.28"
Rec-027_std_2,21,5,4006,core,308,331,0.0,5.0,0.9885,312,333,318,337,1.0,True,96.6948,109.1004,91.7325,3.7291,96.0745,"109.10,105.30,102.04,100.96,99.87,98.79,98.25,101.50,99.33,98.25,97.70,96.62,96.62,96.07,98.25,97.16,96.07,96.07,95.53,95.53,94.99,95.53,94.99,94.45,94.45,94.45,93.36,93.36,94.45,93.36,93.36,92.28,92.28,92.28,91.73"
Rec-027_std_2,21,6,4007,core,312,331,0.0,4.0,0.9889,316,333,322,337,1.0,True,96.9274,109.6431,92.2753,3.7272,96.0745,"109.64,105.30,102.04,100.96,99.87,99.33,98.25,102.04,99.87,98.25,97.70,97.16,97.16,96.62,98.25,97.16,96.62,96.07,95.53,95.53,95.53,95.53,94.99,94.99,94.45,94.45,94.45,94.45,93.36,93.36,93.36,93.36,92.28,92.28,92.28"
Rec-027_std_2,21,7,4008,core,317,331,0.0,5.0,0.9891,321,333,327,337,1.0,True,97.222,106.9294,93.3608,3.1721,96.6172,"106.93,103.67,102.04,100.96,100.42,99.87,99.33,100.96,99.33,98.25,98.25,98.25,97.70,97.70,98.25,97.70,97.16,96.62,96.62,96.07,96.07,95.53,95.53,95.53,95.53,94.99,94.99,94.99,93.36,93.36,93.36,93.36,93.36,93.36,93.36"
Rec-027_std_2,21,8,4009,core,321,331,0.0,4.0,0.9887,325,333,331,337,1.0,True,98.292,109.6431,94.4463,3.5254,98.2455,"109.64,105.84,103.67,102.04,101.50,100.96,100.42,103.13,100.96,99.87,99.33,98.79,98.25,98.25,98.79,98.25,98.25,98.25,97.70,97.16,97.16,96.62,96.07,96.07,95.53,95.53,95.53,95.53,94.45,94.45,94.45,94.45,94.45,94.45,94.45"
Rec-027_std_2,21,9,4010,core,326,331,0.0,5.0,0.9894,330,333,336,337,1.0,True,98.3851,108.0149,94.4463,3.2105,98.2455,"108.01,105.30,103.13,102.04,101.50,100.96,100.42,102.04,100.96,99.87,99.33,99.33,98.79,98.79,99.33,98.25,98.25,98.25,98.25,97.70,97.70,97.16,96.62,96.07,96.07,96.07,95.53,95.53,94.99,94.99,94.45,94.45,94.45,94.45,94.45"
Rec-027_std_2,21,10,4011,core,330,331,0.0,4.0,0.9875,334,333,340,337,1.0,True,99.5636,110.7286,95.5318,3.5348,98.7882,"110.73,106.93,105.30,103.13,103.13,102.04,102.04,103.67,102.04,101.50,100.96,100.42,99.87,99.87,100.42,99.87,99.33,98.79,98.79,98.25,98.25,97.70,97.70,97.16,97.16,97.16,97.16,96.62,95.53,95.53,95.53,95.53,95.53,95.53,95.53"
Rec-027_std_2,21,11,4012,core,335,331,0.0,5.0,0.9895,339,333,345,337,1.0,True,99.8427,109.1004,94.989,3.3756,99.331,"109.10,106.39,105.30,103.67,103.13,102.04,102.04,103.67,103.13,102.04,101.50,101.50,100.96,100.42,100.96,100.42,99.87,99.33,99.33,98.79,98.25,98.25,98.25,98.25,97.70,97.16,96.62,96.62,96.07,96.07,96.07,95.53,95.53,95.53,94.99"
Rec-027_std_2,21,12,4013,core,339,331,0.0,4.0,0.9872,343,333,349,337,1.0,True,100.1684,111.2714,94.4463,3.8495,99.8737,"111.27,108.01,105.30,104.22,103.67,103.13,102.04,105.30,103.67,103.13,102.04,101.50,100.96,100.42,101.50,100.96,100.42,99.87,99.33,98.79,98.25,98.79,98.25,98.25,97.70,97.70,96.62,96.07,96.62,96.07,95.53,95.53,95.53,94.99,94.45"
Rec-027_std_2,21,13,4014,core,344,331,0.0,5.0,0.9888,348,333,354,337,1.0,True,97.6407,109.1004,89.5616,4.2633,97.16,"109.10,105.84,103.67,102.04,100.96,99.33,97.16,103.67,102.04,101.50,99.87,98.79,97.70,95.53,100.42,99.87,98.25,97.70,96.62,95.53,93.36,98.25,97.16,96.62,95.53,94.45,93.36,91.19,95.53,95.53,94.45,93.36,92.28,91.19,89.56"
Rec-027_std_2,21,14,4015,core,348,331,0.0,4.0,0.9854,352,333,358,337,0.8571,False,90.7091,108.5576,77.0784,8.293,92.2753,"108.56,103.67,100.96,97.70,92.28,83.05,78.71,103.13,99.87,98.25,95.53,91.19,83.05,78.16,98.25,97.16,95.53,93.36,89.56,81.96,77.62,95.53,94.45,92.28,90.65,87.39,80.88,77.62,93.36,92.28,90.65,89.02,85.76,80.33,77.08"
Rec-027_std_2,21,15,4016,core,353,331,0.0,5.0,0.9871,357,333,363,337,0.1429,False,77.4506,87.9333,74.3647,3.2221,75.9929,"87.93,81.96,78.71,77.08,75.99,75.99,75.45,85.22,79.79,77.62,75.99,75.99,75.45,74.91,83.05,79.79,77.08,75.99,75.45,74.91,74.91,81.96,78.16,77.08,75.99,75.45,74.91,74.36,80.88,77.62,75.99,75.45,74.91,74.36,74.36"
Rec-027_std_2,21,16,4017,core,355,330,26.57,2.24,0.9865,359,332,365,336,0.0,False,77.156,89.0188,74.3647,2.9873,75.9929,"89.02,83.59,79.79,77.62,76.54,75.99,75.45,83.59,79.79,77.62,76.54,75.99,75.45,74.91,79.79,77.62,77.08,75.99,75.99,75.45,74.91,78.16,77.08,75.99,75.99,75.45,74.91,74.91,77.62,76.54,75.99,75.45,74.91,74.36,74.36"
Rec-027_std_2,22,1,4132,core,301,331,-7.13,8.06,0.9858,305,333,311,337,1.0,True,97.6407,113.9851,91.7325,4.7311,96.0745,"113.99,108.56,105.30,102.04,100.96,99.87,98.79,104.22,102.04,99.33,98.25,97.70,96.62,96.07,99.33,98.25,97.70,96.62,95.53,95.53,95.53,96.07,95.53,95.53,94.99,94.45,94.45,93.36,94.45,93.36,93.36,93.36,92.28,92.28,91.73"
Rec-027_std_2,22,2,4133,core,306,331,0.0,5.0,0.9886,310,333,316,337,1.0,True,96.5087,109.1004,91.1898,3.8286,95.5318,"109.10,105.30,102.04,100.42,99.87,98.25,98.25,102.04,99.33,98.25,97.16,96.62,96.07,95.53,98.25,97.16,96.07,95.53,95.53,94.99,94.99,95.53,94.99,94.45,94.45,94.45,93.36,93.36,93.36,93.36,92.28,92.28,92.28,91.73,91.19"
Rec-027_std_2,22,3,4134,core,310,331,0.0,4.0,0.9861,314,333,320,337,1.0,True,96.7723,110.7286,92.2753,4.0064,95.5318,"110.73,105.84,103.13,100.96,99.33,98.79,98.25,102.04,99.87,98.25,97.70,96.62,96.07,96.07,98.25,97.16,96.62,95.53,95.53,95.53,94.99,95.53,94.99,94.45,94.45,94.45,94.45,93.36,93.36,93.36,92.28,92.28,92.28,92.28,92.28"
Rec-027_std_2,22,4,4135,core,315,331,0.0,5.0,0.9897,319,333,325,337,1.0,True,96.7568,107.4722,92.2753,3.1974,96.0745,"107.47,103.67,101.50,100.42,99.33,98.79,98.25,100.96,98.79,98.25,97.70,97.16,96.62,96.62,97.70,97.16,96.62,96.07,96.07,95.53,95.53,95.53,94.99,94.99,94.99,94.45,94.45,94.45,93.36,93.36,93.36,93.36,93.36,92.28,93.36"
Rec-027_std_2,22,5,4136,core,320,331,0.0,5.0,0.9869,324,333,330,337,1.0,True,97.3461,105.8439,93.3608,2.7459,97.16,"105.84,103.13,101.50,100.42,99.87,99.33,99.33,100.42,99.33,98.25,98.25,98.25,97.70,97.70,98.25,97.70,97.16,97.16,97.16,96.62,96.62,95.53,95.53,95.53,95.53,95.53,95.53,94.99,94.45,94.45,94.45,94.45,94.45,93.36,93.36"
Rec-027_std_2,22,6,4137,core,324,331,0.0,4.0,0.9899,328,333,334,337,1.0,True,98.4936,108.5576,94.4463,3.1789,98.2455,"108.56,105.30,103.13,102.04,101.50,100.96,100.42,102.04,100.96,99.87,99.33,98.79,98.79,98.79,99.33,98.79,98.25,98.25,98.25,97.70,97.70,97.16,97.16,96.62,96.62,96.07,96.07,95.53,94.99,94.99,94.99,94.99,94.45,94.45,94.45"
Rec-027_std_2,22,7,4138,core,329,331,0.0,5.0,0.987,333,333,339,337,1.0,True,99.1604,107.4722,95.5318,2.9693,98.7882,"107.47,105.30,103.13,103.13,102.04,102.04,102.04,102.04,101.50,100.96,100.96,99.87,99.87,99.87,99.87,98.79,98.79,98.79,98.79,98.25,98.25,97.70,97.16,97.16,97.16,97.16,96.62,97.16,95.53,95.53,95.53,95.53,95.53,95.53,95.53"
Rec-027_std_2,22,8,4139,core,338,331,0.0,9.0,0.9872,342,333,348,337,1.0,True,101.0523,109.6431,95.5318,3.5186,100.9592,"109.64,107.47,106.39,105.30,105.30,104.22,103.67,105.30,103.67,103.13,103.13,103.13,102.04,102.04,102.04,102.04,101.50,100.96,100.42,100.42,99.33,99.33,99.33,98.79,98.25,98.25,98.25,97.70,97.16,97.16,97.16,96.62,96.07,96.07,95.53"
Rec-027_std_2,22,9,4140,core,342,331,0.0,4.0,0.9892,346,333,352,337,1.0,True,100.3079,111.2714,92.2753,4.3221,99.331,"111.27,109.10,106.93,105.30,103.67,103.13,101.50,105.84,105.30,103.67,103.13,101.50,100.96,98.79,102.04,102.04,101.50,100.42,99.33,98.25,97.16,99.33,99.33,98.25,98.25,97.16,95.53,94.45,97.16,97.16,96.07,95.53,94.99,94.45,92.28"
Rec-027_std_2,22,10,4141,core,347,331,0.0,5.0,0.986,351,333,357,337,1.0,True,93.2057,107.4722,79.7922,6.8192,94.4463,"107.47,104.22,101.50,98.79,96.07,91.73,83.05,103.13,100.96,98.79,97.16,94.99,90.10,82.51,99.33,98.25,96.62,94.99,92.28,87.93,80.88,96.62,95.53,94.45,92.28,90.10,86.85,80.88,94.99,93.36,92.28,90.65,88.48,85.22,79.79"
Rec-027_std_2,22,11,4142,core,351,331,0.0,4.0,0.9878,355,333,361,337,0.4286,False,82.0717,103.1302,74.3647,7.7788,78.7067,"103.13,95.53,85.22,79.79,77.62,75.99,75.45,98.25,92.28,83.59,78.71,77.08,75.99,75.45,94.99,90.10,83.05,78.71,76.54,75.45,74.91,91.73,87.93,81.42,77.62,75.99,75.45,74.91,89.56,86.31,80.88,77.62,75.99,74.91,74.36"
Rec-027_std_2,22,12,4143,core,355,330,14.04,4.12,0.9933,359,332,365,336,0.0,False,76.8458,86.8478,74.3647,2.5267,75.9929,"86.85,81.42,78.71,77.62,76.54,75.99,75.45,82.51,78.71,77.62,76.54,75.99,75.45,74.91,79.79,77.62,76.54,75.99,75.45,75.45,74.36,77.62,77.08,75.99,75.45,75.45,74.91,74.36,77.62,75.99,75.99,75.45,74.91,74.91,74.36"
Rec-027_std_2,23,1,4256,core,290,331,0.0,0.0,0.9874,294,333,300,337,1.0,True,97.8268,110.7286,90.6471,4.7601,97.16,"110.73,108.01,105.30,104.22,103.67,103.13,103.13,100.96,99.87,99.87,99.87,99.87,98.79,98.79,96.07,96.07,97.16,97.70,97.70,97.70,97.16,93.36,94.45,94.45,94.99,94.99,95.53,94.99,90.65,91.19,92.28,92.28,93.36,93.36,92.28"
Rec-027_std_2,23,2,4257,core,293,331,0.0,3.0,0.9867,297,333,303,337,1.0,True,98.8813,112.8996,93.3608,4.6517,98.2455,"112.90,109.10,106.39,105.30,103.67,103.13,102.04,104.22,102.04,100.96,100.42,99.87,98.79,98.25,99.33,98.79,98.25,98.25,98.25,97.70,96.62,96.07,96.07,96.07,95.53,95.53,95.53,94.99,93.36,94.45,94.45,94.45,93.36,93.36,93.36"
Rec-027_std_2,23,3,4258,core,298,331,0.0,5.0,0.9851,302,333,308,337,1.0,True,98.0749,110.7286,92.2753,4.0548,97.16,"110.73,106.93,104.22,103.13,102.04,100.96,99.87,103.13,101.50,99.87,99.33,98.25,97.70,97.16,99.87,98.79,98.25,97.70,97.16,96.07,95.53,96.62,96.07,95.53,95.53,95.53,94.45,94.45,94.99,94.45,94.45,93.36,93.36,93.36,92.28"
Rec-027_std_2,23,4,4259,core,302,331,0.0,4.0,0.9883,306,333,312,337,1.0,True,97.8888,111.8141,92.2753,4.2,96.6172,"111.81,107.47,104.22,102.04,101.50,100.42,99.33,103.67,101.50,99.87,98.25,98.25,97.16,96.62,99.87,98.25,97.70,97.16,96.62,96.07,95.53,96.62,96.07,95.53,95.53,95.53,94.45,94.45,94.45,94.45,94.45,93.36,93.36,92.28,92.28"
Rec-027_std_2,23,5,4260,core,307,331,0.0,5.0,0.9857,311,333,317,337,1.0,True,96.5087,107.4722,91.7325,3.3927,95.5318,"107.47,103.67,101.50,100.42,99.33,98.25,98.25,101.50,98.79,98.25,97.16,96.62,96.07,95.53,98.25,97.16,96.62,95.53,95.53,94.99,94.99,96.07,95.53,94.99,94.45,94.45,93.36,93.36,94.45,93.36,93.36,92.28,92.28,92.28,91.73"
Rec-027_std_2,23,6,4261,core,311,331,0.0,4.0,0.9891,315,333,321,337,1.0,True,96.7568,109.1004,92.2753,3.5846,95.5318,"109.10,105.30,102.04,100.42,99.33,98.25,98.25,101.50,99.33,98.25,97.16,97.16,96.07,95.53,98.25,97.16,96.62,96.07,95.53,95.53,94.99,95.53,94.99,94.99,94.45,94.45,94.45,94.45,94.45,93.36,93.36,93.36,92.28,92.28,92.28"
Rec-027_std_2,23,7,4262,core,316,331,0.0,5.0,0.9864,320,333,326,337,1.0,True,96.7103,105.8439,93.3608,2.7962,96.0745,"105.84,103.13,100.96,99.87,99.33,98.25,98.25,99.87,98.25,98.25,97.16,97.16,96.62,96.62,97.70,96.62,96.62,96.07,96.07,96.07,95.53,95.53,95.53,95.53,94.99,94.99,94.99,94.45,94.45,93.36,93.36,93.36,93.36,93.36,93.36"
Rec-027_std_2,23,8,4263,core,320,331,0.0,4.0,0.9893,324,333,330,337,1.0,True,97.9353,108.5576,94.4463,3.1972,97.7027,"108.56,105.30,102.04,101.50,100.96,100.42,99.87,102.04,99.87,98.79,98.25,98.25,98.25,98.25,98.25,98.25,97.70,97.70,97.70,97.16,97.16,96.07,96.07,96.07,95.53,95.53,95.53,95.53,94.45,94.45,94.45,94.45,94.45,94.45,94.45"
Rec-027_std_2,23,9,4264,core,325,331,0.0,5.0,0.9871,329,333,335,337,1.0,True,98.8037,106.9294,94.989,2.7901,98.2455,"106.93,104.22,103.13,102.04,102.04,101.50,100.96,102.04,100.96,100.42,99.33,99.33,99.33,99.33,99.33,98.79,98.79,98.25,98.25,98.25,98.25,97.70,97.16,97.16,97.16,96.62,96.62,96.07,95.53,95.53,95.53,95.53,95.53,95.53,94.99"
Rec-027_std_2,23,10,4265,core,329,331,0.0,4.0,0.9893,333,333,339,337,1.0,True,100.1994,110.1859,96.0745,3.3083,99.8737,"110.19,106.93,105.30,103.67,103.13,103.13,103.13,103.67,102.04,101.50,101.50,101.50,101.50,101.50,100.42,99.87,99.87,99.87,99.87,99.33,99.33,98.25,98.25,98.25,98.25,98.25,97.70,98.25,96.07,96.07,96.07,96.07,96.07,96.07,96.07"
Rec-027_std_2,23,11,4266,core,334,331,0.0,5.0,0.988,338,333,344,337,1.0,True,101.0677,109.1004,96.6172,3.1801,100.9592,"109.10,106.93,105.84,105.30,104.22,104.22,103.67,104.22,103.13,103.13,103.13,103.13,102.04,102.04,101.50,101.50,101.50,100.96,100.96,100.96,100.42,98.79,98.79,98.79,98.79,98.79,98.25,98.25,97.16,97.16,97.16,97.16,97.16,96.62,96.62"
Rec-027_std_2,23,12,4267,core,338,331,0.0,4.0,0.9891,342,333,348,337,1.0,True,101.7656,111.8141,95.5318,3.7588,102.0447,"111.81,109.64,107.47,105.84,105.30,105.30,103.67,106.39,105.30,104.22,103.67,103.13,102.04,102.04,103.13,102.04,102.04,102.04,101.50,100.96,99.87,99.87,99.87,99.33,99.33,98.79,98.25,98.25,98.25,98.25,97.70,97.16,97.16,96.62,95.53"
Rec-027_std_2,23,13,4268,core,343,331,0.0,5.0,0.9879,347,333,353,337,1.0,True,99.5946,110.1859,91.1898,4.2585,99.331,"110.19,108.01,105.84,104.22,103.13,102.04,99.33,105.84,104.22,103.13,102.04,100.96,99.33,97.70,102.04,101.50,100.96,99.33,98.25,97.16,95.53,99.87,99.33,98.25,97.70,96.07,94.99,93.36,97.70,97.16,96.07,95.53,94.45,93.36,91.19"
Rec-027_std_2,23,14,4269,core,347,331,0.0,4.0,0.9878,351,333,357,337,1.0,True,93.7485,109.6431,79.7922,7.1293,94.989,"109.64,105.84,102.04,99.33,96.62,91.73,83.05,103.67,102.04,99.33,97.16,95.53,90.65,82.51,100.42,98.25,97.16,95.53,93.36,89.02,81.42,97.70,96.07,94.99,92.28,90.65,86.85,80.88,95.53,94.45,92.28,91.19,89.02,85.22,79.79"
Rec-027_std_2,23,15,4270,core,352,331,0.0,5.0,0.9861,356,333,362,337,0.2857,False,79.3735,96.6172,74.3647,5.6747,76.5357,"96.62,85.76,79.79,77.62,76.54,75.99,75.45,93.36,84.13,79.79,77.08,75.99,75.45,75.45,90.65,83.05,78.71,76.54,75.99,75.45,74.91,88.48,81.42,77.62,76.54,75.45,74.91,74.36,86.31,80.88,77.62,75.99,75.45,74.36,74.36"
Rec-027_std_2,23,16,4271,core,355,331,0.0,3.0,0.9866,359,333,365,337,0.0,False,76.1945,83.5914,74.3647,1.876,75.9929,"83.59,79.79,77.62,76.54,75.99,75.45,75.45,79.79,77.62,76.54,75.99,75.99,74.91,74.91,78.16,77.08,75.99,75.99,75.45,74.91,74.36,77.62,75.99,75.99,75.45,74.91,74.36,74.36,76.54,75.99,75.45,74.91,74.36,74.36,74.36"
Rec-027_std_2,24,1,4384,core,290,331,0.0,0.0,0.9872,294,333,300,337,1.0,True,97.6407,110.7286,90.6471,4.7329,97.16,"110.73,107.47,105.30,104.22,103.13,103.13,103.13,100.96,99.87,99.33,99.33,99.33,98.79,98.79,95.53,96.07,97.16,97.16,97.16,97.16,97.16,92.28,93.36,94.45,94.99,94.99,94.99,94.99,90.65,91.19,92.28,92.28,93.36,93.36,93.36"
Rec-027_std_2,24,2,4385,core,294,331,0.0,4.0,0.9874,298,333,304,337,1.0,True,98.9123,112.8996,93.3608,4.5188,98.2455,"112.90,109.10,106.39,105.30,103.13,102.04,102.04,104.22,102.04,100.96,100.42,99.33,98.79,98.25,99.33,98.79,98.25,98.25,98.25,97.70,96.62,96.07,96.07,96.07,96.07,95.53,95.53,95.53,94.45,94.45,94.45,94.45,94.45,93.36,93.36"
Rec-027_std_2,24,3,4386,core,299,331,0.0,5.0,0.9859,303,333,309,337,1.0,True,97.9974,110.7286,92.2753,3.9827,97.16,"110.73,106.93,104.22,102.04,101.50,100.42,99.87,103.13,101.50,99.87,98.79,98.25,97.70,97.16,99.33,98.79,98.25,97.70,97.16,96.07,95.53,97.16,96.07,96.07,95.53,94.99,94.99,94.45,94.45,94.45,94.45,93.36,93.36,93.36,92.28"
Rec-027_std_2,24,4,4387,core,303,331,0.0,4.0,0.9889,307,333,313,337,1.0,True,97.7493,111.2714,92.2753,3.9828,96.6172,"111.27,106.93,103.67,102.04,100.96,99.87,98.79,103.13,100.96,99.33,98.25,98.25,97.16,96.62,99.33,98.25,97.70,97.16,96.62,95.53,95.53,96.62,96.07,95.53,95.53,94.99,94.45,94.45,94.99,94.45,94.45,93.36,93.36,93.36,92.28"
Rec-027_std_2,24,5,4388,core,308,331,0.0,5.0,0.9861,312,333,318,337,1.0,True,96.7568,107.4722,92.2753,3.2857,96.0745,"107.47,103.67,102.04,100.42,99.87,98.79,98.25,100.96,98.79,98.25,97.70,96.62,96.62,96.07,98.25,97.16,96.62,96.62,95.53,95.53,95.53,95.53,95.53,94.99,94.99,94.45,94.45,94.45,94.45,93.36,93.36,93.36,92.28,92.28,92.28"
Rec-027_std_2,24,6,4389,core,312,331,0.0,4.0,0.9898,316,333,322,337,1.0,True,97.253,109.1004,93.3608,3.4387,96.6172,"109.10,105.30,102.04,100.96,99.87,99.33,98.79,101.50,99.87,98.25,98.25,97.70,97.16,96.62,98.25,97.70,97.16,96.62,96.07,96.07,95.53,95.53,95.53,95.53,94.99,94.99,94.99,94.45,94.45,94.45,93.36,93.36,93.36,93.36,93.36"
Rec-027_std_2,24,7,4390,core,317,331,0.0,5.0,0.9871,321,333,327,337,1.0,True,97.5632,106.9294,94.4463,2.8846,97.16,"106.93,103.67,102.04,100.96,100.42,99.87,99.33,100.96,99.33,98.79,98.25,98.25,97.70,97.70,98.25,97.70,97.70,97.16,96.62,96.62,96.62,96.07,95.53,95.53,95.53,95.53,95.53,94.99,94.45,94.45,94.45,94.45,94.45,94.45,94.45"
Rec-027_std_2,24,8,4391,core,321,331,0.0,4.0,0.99,325,333,331,337,1.0,True,98.6177,109.1004,94.4463,3.2011,98.2455,"109.10,105.30,103.13,102.04,101.50,100.96,100.96,103.13,100.96,99.87,99.33,99.33,98.79,98.79,99.33,98.25,98.25,98.25,98.25,97.70,97.70,97.16,96.62,96.62,96.07,96.07,96.07,96.07,95.53,95.53,95.53,94.99,94.99,94.99,94.45"
Rec-027_std_2,24,9,4392,core,326,331,0.0,5.0,0.9879,330,333,336,337,1.0,True,98.9743,107.4722,95.5318,2.8951,98.2455,"107.47,105.30,103.13,102.04,102.04,101.50,101.50,102.04,101.50,100.42,99.87,99.87,99.87,99.33,99.33,98.79,98.79,98.25,98.25,98.25,98.25,97.70,97.70,97.16,97.16,96.62,96.62,96.62,95.53,95.53,95.53,95.53,95.53,95.53,95.53"
Rec-027_std_2,24,10,4393,core,330,331,0.0,4.0,0.99,334,333,340,337,1.0,True,100.2459,109.6431,96.0745,3.2195,99.8737,"109.64,106.93,105.30,103.67,103.13,103.13,103.13,103.67,103.13,102.04,101.50,101.50,100.96,100.96,100.42,99.87,99.87,99.87,99.33,99.33,99.33,98.25,98.25,98.25,98.25,98.25,98.25,98.25,96.62,96.07,96.62,96.62,96.07,96.07,96.07"
Rec-027_std_2,24,11,4394,core,339,331,0.0,9.0,0.9896,343,333,349,337,1.0,True,101.5485,111.8141,95.5318,3.7228,101.502,"111.81,109.10,106.93,105.84,105.30,104.22,103.13,106.39,105.30,103.67,103.13,103.13,102.04,101.50,103.13,102.04,102.04,101.50,100.96,100.42,99.33,100.42,99.87,99.87,99.33,98.25,98.25,97.70,98.25,98.25,97.70,97.16,96.62,96.07,95.53"
Rec-027_std_2,24,12,4395,core,344,331,0.0,5.0,0.9876,348,333,354,337,1.0,True,98.6952,109.6431,90.1043,4.3892,98.2455,"109.64,106.93,105.30,103.13,102.04,99.87,97.70,105.30,103.67,102.04,101.50,99.87,98.25,96.07,102.04,101.50,99.87,98.79,97.16,95.53,94.45,99.33,98.25,98.25,96.62,95.53,94.45,91.73,97.16,96.62,95.53,94.99,93.36,91.73,90.10"
Rec-027_std_2,24,13,4396,core,353,331,0.0,9.0,0.9859,357,333,363,337,0.1429,False,77.28,87.9333,74.3647,3.2098,75.9929,"87.93,80.88,78.16,77.08,75.99,75.45,74.91,85.22,79.79,77.62,75.99,75.45,74.91,74.91,83.05,78.71,77.08,75.99,75.45,74.91,74.91,81.96,78.16,76.54,75.99,74.91,74.91,74.36,80.88,77.62,75.99,75.45,74.91,74.36,74.36"
Rec-027_std_2,24,14,4397,core,355,330,26.57,2.24,0.9862,359,332,365,336,0.0,False,77.0784,89.0188,74.3647,3.0233,75.9929,"89.02,83.05,79.79,77.62,75.99,75.99,75.45,84.13,79.79,77.62,76.54,75.99,75.45,74.91,79.79,77.62,76.54,75.99,75.99,75.45,74.36,78.16,76.54,75.99,75.99,75.45,74.91,74.36,77.62,76.54,75.99,75.45,74.91,74.36,74.36"
Rec-027_std_2,25,1,4506,core,292,331,0.0,2.0,0.9847,296,333,302,337,1.0,True,99.0519,111.8141,93.3608,4.387,98.2455,"111.81,108.56,105.84,105.30,103.67,103.13,103.13,103.13,102.04,101.50,100.42,100.42,99.87,99.33,98.79,98.79,98.25,98.25,98.25,98.25,97.70,95.53,96.07,96.07,96.07,96.07,96.07,95.53,93.36,93.36,94.45,94.45,94.45,94.45,94.45"
Rec-027_std_2,25,2,4507,core,301,331,0.0,9.0,0.9858,305,333,311,337,1.0,True,98.6487,111.8141,93.3608,4.0143,97.7027,"111.81,107.47,105.30,103.13,102.04,100.96,99.87,103.67,102.04,100.42,99.33,98.79,98.25,97.70,100.42,99.33,98.79,98.25,97.16,96.62,96.62,97.70,97.16,96.62,96.07,95.53,95.53,94.99,95.53,94.99,94.99,94.45,94.45,93.36,93.36"
Rec-027_std_2,25,3,4508,core,305,331,0.0,4.0,0.9885,309,333,315,337,1.0,True,98.0904,111.8141,93.3608,4.0378,97.16,"111.81,107.47,104.22,102.04,100.96,99.87,99.33,103.67,101.50,99.87,98.79,98.25,97.70,97.16,99.87,98.79,98.25,97.16,96.62,96.07,95.53,97.16,96.62,96.07,95.53,94.99,94.45,94.45,95.53,94.45,94.45,94.45,93.36,93.36,93.36"
Rec-027_std_2,25,4,4509,core,310,331,0.0,5.0,0.9869,314,333,320,337,1.0,True,97.3771,108.5576,93.3608,3.5059,96.6172,"108.56,105.30,103.13,101.50,100.42,99.87,98.79,102.04,99.87,98.79,98.25,97.70,97.16,97.16,98.25,98.25,97.16,96.62,96.07,96.07,95.53,96.07,95.53,95.53,94.99,94.99,94.45,94.45,94.45,94.45,93.36,93.36,93.36,93.36,93.36"
Rec-027_std_2,25,5,4510,core,314,331,0.0,4.0,0.9891,318,333,324,337,1.0,True,97.9819,110.1859,94.4463,3.4846,97.16,"110.19,105.84,103.13,101.50,100.96,100.42,99.33,102.04,100.96,99.33,98.25,98.25,98.25,97.70,98.79,98.25,97.70,97.16,97.16,96.62,96.62,96.07,96.07,96.07,95.53,95.53,95.53,94.99,94.45,94.45,94.45,94.45,94.45,94.45,94.45"
Rec-027_std_2,25,6,4511,core,319,331,0.0,5.0,0.988,323,333,329,337,1.0,True,98.199,108.0149,94.4463,3.139,97.7027,"108.01,105.30,103.13,102.04,100.96,100.42,100.42,102.04,100.42,99.87,98.79,98.25,98.25,98.25,98.79,98.25,98.25,97.70,97.70,97.16,97.16,96.62,96.62,96.07,95.53,96.07,95.53,95.53,95.53,94.99,94.99,94.99,94.45,94.45,94.45"
Rec-027_std_2,25,7,4512,core,323,331,0.0,4.0,0.9893,327,333,333,337,1.0,True,99.331,110.1859,95.5318,3.3532,98.7882,"110.19,106.39,104.22,103.13,102.04,102.04,102.04,103.13,102.04,100.96,100.42,100.42,99.33,99.87,99.87,99.33,98.79,98.79,98.25,98.25,98.25,97.16,97.16,97.16,97.16,97.16,97.16,97.16,95.53,95.53,95.53,95.53,95.53,95.53,95.53"
Rec-027_std_2,25,8,4513,core,328,331,0.0,5.0,0.9883,332,333,338,337,1.0,True,100.2459,109.1004,96.0745,3.124,99.8737,"109.10,106.39,105.30,103.67,103.13,103.13,103.13,103.13,102.04,102.04,101.50,101.50,101.50,101.50,100.42,100.42,99.87,99.87,99.87,99.87,99.87,98.25,98.25,98.25,98.25,98.25,98.25,98.25,96.07,96.62,96.07,96.07,96.07,96.62,96.07"
Rec-027_std_2,25,9,4514,core,332,331,0.0,4.0,0.989,336,333,342,337,1.0,True,101.595,111.8141,97.16,3.4338,101.502,"111.81,108.56,106.93,105.84,105.30,104.22,103.67,105.30,104.22,103.13,103.13,103.13,102.04,102.04,102.04,101.50,101.50,101.50,101.50,100.96,100.96,99.33,99.33,99.33,98.79,99.33,98.79,98.79,97.70,97.70,97.70,97.70,97.70,97.16,97.16"
Rec-027_std_2,25,10,4515,core,337,331,0.0,5.0,0.9885,341,333,347,337,1.0,True,102.2308,111.2714,96.6172,3.4715,102.0447,"111.27,109.10,107.47,106.39,105.84,105.30,105.30,105.84,105.30,104.22,104.22,103.67,103.13,103.13,103.13,102.04,102.04,102.04,102.04,101.50,101.50,100.42,100.42,100.42,99.87,99.33,99.33,98.79,98.25,98.25,98.25,98.25,97.70,97.70,96.62"
Rec-027_std_2,25,11,4516,core,341,331,0.0,4.0,0.9884,345,333,351,337,1.0,True,102.0447,113.9851,94.989,4.3497,101.502,"113.99,110.73,108.56,107.47,105.84,105.30,103.13,107.47,106.39,105.30,104.22,103.67,103.13,101.50,103.67,103.13,102.04,102.04,101.50,100.42,98.79,100.96,100.42,100.42,99.33,98.25,98.25,96.62,98.25,98.25,98.25,97.16,96.62,95.53,94.99"
Rec-027_std_2,25,12,4517,core,346,331,0.0,5.0,0.9878,350,333,356,337,1.0,True,96.8344,110.7286,85.2196,5.7442,96.6172,"110.73,107.47,105.30,102.04,99.87,97.16,92.28,105.30,103.13,102.04,99.87,98.25,95.53,91.19,102.04,100.42,98.79,97.70,95.53,93.36,89.02,98.79,97.70,96.07,94.99,92.28,91.19,86.85,96.62,95.53,94.45,92.28,91.19,89.02,85.22"
Rec-027_std_2,25,13,4518,core,350,331,0.0,4.0,0.9867,354,333,360,337,0.5714,False,85.5142,106.9294,74.9074,9.2883,82.5059,"106.93,102.04,95.53,84.68,79.79,77.08,75.99,102.04,98.25,93.36,84.13,78.71,76.54,75.99,97.70,95.53,90.65,82.51,78.16,76.54,75.99,94.45,92.28,88.48,81.42,77.62,75.99,75.45,92.28,90.65,86.85,80.88,77.62,75.99,74.91"
Rec-027_std_2,25,14,4519,core,355,331,0.0,5.0,0.985,359,333,365,337,0.0,False,75.8224,81.9631,73.822,1.6193,75.4502,"81.96,78.71,77.08,75.99,75.45,74.91,74.91,78.71,77.62,75.99,75.99,75.45,74.91,74.36,77.62,76.54,75.99,75.45,75.45,74.91,74.36,77.08,75.99,75.45,74.91,74.36,74.36,73.82,76.54,75.99,75.45,74.91,74.36,74.36,73.82"
Rec-027_std_2,26,1,4626,core,290,331,0.0,0.0,0.9894,294,333,300,337,1.0,True,98.0439,110.1859,90.6471,4.7121,97.7027,"110.19,107.47,105.30,105.30,103.67,103.67,103.13,100.42,99.87,99.87,99.87,100.42,99.87,99.87,95.53,96.07,97.16,97.70,98.25,98.25,98.25,92.28,94.45,94.45,95.53,95.53,95.53,96.07,90.65,91.19,92.28,92.28,93.36,93.36,94.45"
Rec-027_std_2,26,2,4627,core,295,331,0.0,5.0,0.9863,299,333,305,337,1.0,True,99.9047,112.8996,94.4463,4.216,99.331,"112.90,109.10,106.39,105.30,103.67,103.13,102.04,105.30,103.13,102.04,101.50,100.42,99.87,99.33,100.96,100.42,99.87,99.33,98.79,98.25,98.25,97.70,97.70,97.70,97.70,97.16,96.62,96.07,95.53,95.53,95.53,95.53,94.99,94.45,94.45"
Rec-027_std_2,26,3,4628,core,299,331,0.0,4.0,0.9869,303,333,309,337,1.0,True,100.0288,115.6133,94.4463,4.65,98.7882,"115.61,110.73,106.93,105.30,103.13,102.04,102.04,106.39,103.67,102.04,100.96,100.42,99.33,98.25,102.04,100.96,100.42,99.33,98.79,98.25,97.70,98.25,98.25,97.70,97.16,97.16,96.07,95.53,96.07,95.53,95.53,95.53,94.99,94.45,94.45"
Rec-027_std_2,26,4,4629,core,326,331,0.0,27.0,0.9881,330,333,336,337,1.0,True,99.8427,110.7286,95.5318,3.3051,99.331,"110.73,106.93,104.22,103.13,103.13,102.04,102.04,103.67,102.04,101.50,100.96,100.42,100.42,100.42,100.42,99.87,99.87,99.33,98.79,98.79,98.79,98.25,98.25,98.25,98.25,97.70,97.70,97.16,96.07,96.07,96.07,96.07,96.07,95.53,95.53"
Rec-027_std_2,26,5,4630,core,331,331,0.0,5.0,0.9895,335,333,341,337,1.0,True,100.8041,109.6431,97.16,3.0249,100.4165,"109.64,106.93,105.30,104.22,103.67,103.13,103.13,104.22,103.13,102.04,102.04,102.04,102.04,101.50,101.50,100.96,100.96,100.42,100.42,100.42,100.42,98.79,98.79,98.79,98.79,98.25,98.25,98.25,97.16,97.16,97.16,97.16,97.16,97.16,97.16"
Rec-027_std_2,26,6,4631,core,335,331,0.0,4.0,0.9877,339,333,345,337,1.0,True,101.626,111.8141,97.16,3.2927,101.502,"111.81,108.56,106.39,105.30,104.22,103.67,103.13,105.84,104.22,103.67,103.13,103.13,102.04,102.04,102.04,102.04,102.04,101.50,100.96,100.96,100.42,99.87,99.87,99.33,99.33,99.33,98.79,98.25,98.25,98.25,98.25,97.70,97.70,97.70,97.16"
Rec-027_std_2,26,7,4632,core,340,331,0.0,5.0,0.9893,344,333,350,337,1.0,True,101.3934,111.2714,95.5318,3.4663,101.502,"111.27,108.01,105.84,105.30,104.22,103.13,103.13,105.84,105.30,103.67,103.13,103.13,102.04,101.50,103.13,102.04,102.04,101.50,100.96,99.87,99.33,100.42,99.87,99.87,99.33,98.79,98.25,97.16,98.25,98.25,98.25,97.16,97.16,96.07,95.53"
Rec-027_std_2,26,8,4633,core,344,331,0.0,4.0,0.9867,348,333,354,337,1.0,True,99.5326,111.8141,90.6471,4.651,98.7882,"111.81,108.56,105.84,104.22,103.13,100.42,98.25,106.39,105.30,103.13,102.04,100.42,98.79,97.16,103.13,102.04,100.96,99.87,98.25,96.62,94.99,99.87,99.33,98.79,97.70,96.07,94.45,92.28,97.70,97.16,96.07,95.53,94.45,92.28,90.65"
Rec-027_std_2,26,9,4634,core,349,331,0.0,5.0,0.9881,353,333,359,337,0.7143,False,88.0574,106.3867,75.9929,9.0448,89.5616,"106.39,102.04,98.25,93.36,83.59,78.71,77.08,102.04,99.33,96.62,91.73,83.05,78.71,75.99,98.25,96.62,94.45,89.56,81.96,78.16,75.99,95.53,94.45,91.73,87.93,80.88,77.62,75.99,94.45,91.73,90.10,86.31,80.33,77.08,75.99"
Rec-027_std_2,26,10,4635,core,353,331,0.0,4.0,0.9851,357,333,363,337,0.1429,False,77.5436,89.5616,74.3647,3.5534,75.9929,"89.56,83.05,78.71,77.08,75.99,75.45,75.45,85.76,80.33,77.62,75.99,75.99,74.91,74.91,83.59,79.79,77.62,75.99,75.45,74.91,74.36,82.51,78.16,76.54,75.99,75.45,74.91,74.36,80.88,77.62,75.99,75.45,74.91,74.36,74.36"
Rec-027_std_2,27,1,4742,core,290,331,0.0,0.0,0.9873,294,333,300,337,1.0,True,98.9588,111.2714,91.1898,4.5257,98.7882,"111.27,108.56,105.84,105.30,104.22,103.67,103.67,101.50,100.42,100.96,100.96,100.96,100.96,100.42,97.16,97.70,98.25,98.79,98.79,98.79,98.79,94.45,94.99,95.53,96.07,96.62,96.62,96.62,91.19,92.28,93.36,94.45,94.45,94.99,94.99"
Rec-027_std_2,27,2,4743,core,293,331,0.0,3.0,0.9861,297,333,303,337,1.0,True,100.556,115.0706,94.989,4.6224,100.4165,"115.07,110.73,107.47,105.84,105.30,104.22,103.13,105.84,104.22,103.13,102.04,101.50,100.96,100.42,100.96,100.42,100.42,100.42,99.33,99.33,98.79,97.70,97.70,97.70,97.70,97.70,97.16,97.16,94.99,94.99,95.53,95.53,95.53,95.53,94.99"
Rec-027_std_2,27,3,4744,core,298,331,0.0,5.0,0.9864,302,333,308,337,1.0,True,100.1684,112.8996,94.4463,4.126,99.331,"112.90,109.10,106.39,105.30,103.67,103.13,102.04,105.84,103.13,102.04,101.50,100.42,99.87,99.33,102.04,100.96,100.42,99.87,99.33,98.25,98.25,98.79,98.25,98.25,98.25,97.16,96.62,96.07,96.62,96.07,95.53,95.53,95.53,94.99,94.45"
Rec-027_std_2,27,4,4745,core,302,331,0.0,4.0,0.9876,306,333,312,337,1.0,True,100.1218,115.0706,94.4463,4.4461,99.331,"115.07,110.19,106.93,105.30,103.13,102.04,101.50,106.39,103.67,102.04,100.96,99.87,99.33,98.25,102.04,101.50,99.87,99.33,98.79,98.25,97.70,99.33,98.25,98.25,97.70,97.16,96.62,96.07,96.62,96.07,95.53,95.53,95.53,94.99,94.45"
Rec-027_std_2,27,5,4746,core,311,331,0.0,9.0,0.9885,315,333,321,337,1.0,True,98.0749,111.2714,93.3608,3.8307,97.16,"111.27,106.93,103.67,102.04,100.42,99.33,98.79,103.67,101.50,99.87,98.25,98.25,97.16,96.62,99.87,98.79,98.25,97.70,96.62,96.07,95.53,97.70,97.16,96.07,95.53,95.53,94.99,94.45,95.53,94.99,94.45,94.45,94.45,93.36,93.36"
Rec-027_std_2,27,6,4747,core,320,331,0.0,9.0,0.9886,324,333,330,337,1.0,True,98.6797,109.6431,94.989,3.2534,98.2455,"109.64,105.84,103.13,102.04,101.50,100.96,100.96,103.13,100.96,99.87,99.33,98.79,98.79,98.79,99.33,98.25,98.25,98.25,98.25,98.25,97.70,96.62,96.62,96.62,96.62,96.62,96.62,96.07,95.53,95.53,94.99,94.99,94.99,94.99,94.99"
Rec-027_std_2,27,7,4748,core,334,331,0.0,14.0,0.9888,338,333,344,337,1.0,True,102.0447,110.1859,97.7027,3.0065,102.0447,"110.19,108.01,106.39,105.84,105.30,104.22,104.22,105.30,104.22,103.67,103.13,103.13,103.13,103.13,103.13,102.04,102.04,102.04,102.04,102.04,101.50,100.42,100.42,99.87,99.87,99.87,99.87,99.33,98.25,98.25,98.25,98.25,98.25,98.25,97.70"
Rec-027_std_2,27,8,4749,core,343,331,0.0,9.0,0.9887,347,333,353,337,1.0,True,101.2073,111.8141,92.2753,4.3484,100.9592,"111.81,109.64,107.47,105.84,104.22,103.13,100.96,107.47,105.84,105.30,103.67,103.13,100.96,98.79,103.67,103.13,103.13,102.04,100.42,98.25,97.16,101.50,100.96,99.87,99.33,98.25,96.62,94.99,98.79,98.25,98.25,97.16,95.53,94.45,92.28"
Rec-027_std_2,27,9,4750,core,352,331,0.0,9.0,0.987,356,333,362,337,0.2857,False,79.5751,98.2455,74.3647,6.0593,76.5357,"98.25,85.76,80.33,77.62,76.54,75.99,74.91,94.45,84.68,79.79,77.08,75.99,74.91,74.91,91.19,83.05,78.71,76.54,75.99,74.91,74.91,89.56,82.51,78.16,76.54,75.99,74.91,74.36,87.39,80.88,77.62,75.99,75.45,74.91,74.36"
Rec-027_std_2,27,10,4751,core,355,331,0.0,3.0,0.9861,359,333,365,337,0.0,False,76.0395,83.5914,73.822,1.9128,75.4502,"83.59,79.79,77.62,75.99,75.99,75.45,74.91,79.79,77.62,76.54,75.99,75.45,74.91,74.36,77.62,76.54,75.99,75.45,74.91,74.91,74.36,77.62,75.99,75.99,74.91,74.91,74.36,73.82,76.54,75.99,75.45,74.91,74.36,74.36,74.36"
Rec-027_std_2,28,1,4855,core,291,331,0.0,1.0,0.9864,295,333,301,337,1.0,True,99.2534,111.8141,92.2753,4.2044,98.7882,"111.81,108.01,105.84,105.30,103.67,103.13,103.13,103.13,101.50,100.96,100.96,100.42,99.87,99.33,98.25,98.79,98.79,98.79,98.79,98.79,98.25,95.53,96.07,96.62,96.62,96.62,97.16,96.62,92.28,94.45,94.45,94.99,94.99,94.99,94.99"
Rec-027_std_2,28,2,4856,core,295,331,0.0,4.0,0.9868,299,333,305,337,1.0,True,100.3234,115.0706,95.5318,4.452,98.7882,"115.07,110.73,107.47,105.30,103.67,103.13,102.04,105.84,103.67,102.04,101.50,100.42,99.87,98.79,102.04,100.96,99.87,99.87,98.79,98.79,98.25,98.25,98.25,98.25,98.25,97.70,97.16,96.62,95.53,95.53,95.53,95.53,95.53,95.53,95.53"
Rec-027_std_2,28,3,4857,core,300,331,0.0,5.0,0.9876,304,333,310,337,1.0,True,99.362,111.8141,94.4463,3.7151,98.2455,"111.81,108.01,105.30,103.13,102.04,100.96,100.42,104.22,102.04,100.96,99.87,98.79,98.25,98.25,101.50,100.42,99.87,98.79,98.25,98.25,97.16,98.25,98.25,97.70,97.16,97.16,96.62,95.53,96.62,96.07,95.53,95.53,95.53,94.99,94.45"
Rec-027_std_2,28,4,4858,core,304,331,0.0,4.0,0.9876,308,333,314,337,1.0,True,99.2534,112.8996,94.4463,3.9484,98.2455,"112.90,108.56,105.30,103.13,102.04,100.96,99.87,105.30,102.04,100.42,99.33,98.79,98.25,97.70,101.50,99.87,98.79,98.79,98.25,97.70,97.16,98.25,98.25,97.70,97.16,96.62,96.07,95.53,96.07,96.07,95.53,95.53,94.99,94.99,94.45"
Rec-027_std_2,28,5,4859,core,309,331,0.0,5.0,0.9886,313,333,319,337,1.0,True,98.261,109.1004,94.4463,3.1313,97.7027,"109.10,105.30,103.13,101.50,100.42,99.87,99.33,102.04,100.96,99.33,98.25,98.25,97.70,97.70,99.87,98.79,98.25,97.70,97.16,97.16,97.16,97.70,97.16,96.62,96.62,96.07,95.53,95.53,95.53,95.53,95.53,94.99,94.45,94.45,94.45"
Rec-027_std_2,28,6,4860,core,313,331,0.0,4.0,0.9885,317,333,323,337,1.0,True,98.6487,110.7286,94.4463,3.4725,98.2455,"110.73,106.93,103.67,102.04,100.96,100.42,99.87,103.13,101.50,99.87,98.79,98.25,98.25,98.25,99.87,99.33,98.25,98.25,97.70,97.70,97.16,97.70,97.70,96.62,96.62,96.07,96.07,95.53,95.53,95.53,95.53,94.99,94.99,94.45,94.45"
Rec-027_std_2,28,7,4861,core,318,331,0.0,5.0,0.9891,322,333,328,337,1.0,True,98.8968,108.5576,94.989,3.0032,98.2455,"108.56,105.30,103.13,102.04,101.50,100.96,100.42,103.13,101.50,100.42,99.87,99.33,98.79,98.79,99.87,98.79,98.79,98.25,98.25,98.25,98.25,97.70,97.16,97.16,97.16,96.62,96.62,96.62,95.53,95.53,95.53,95.53,95.53,94.99,95.53"
Rec-027_std_2,28,8,4862,core,322,331,0.0,4.0,0.9881,326,333,332,337,1.0,True,100.1063,111.2714,96.0745,3.4626,99.331,"111.27,107.47,105.30,103.67,103.13,103.13,102.04,104.22,103.13,101.50,100.96,100.42,100.96,100.42,100.96,99.87,99.87,99.33,99.33,98.79,99.33,98.25,98.25,98.25,98.25,97.70,97.70,97.70,96.07,96.07,96.07,96.07,96.07,96.07,96.07"
Rec-027_std_2,28,9,4863,core,327,331,0.0,5.0,0.9893,331,333,337,337,1.0,True,101.0677,110.1859,97.16,3.0559,100.9592,"110.19,106.93,105.30,105.30,103.67,103.67,103.13,104.22,103.13,103.13,102.04,102.04,102.04,102.04,101.50,100.96,100.96,100.96,100.96,100.96,100.96,98.79,98.79,99.33,98.79,98.79,98.79,98.79,97.16,97.70,97.70,97.16,97.16,97.16,97.16"
Rec-027_std_2,28,10,4864,core,331,331,0.0,4.0,0.9874,335,333,341,337,1.0,True,102.5099,112.8996,98.2455,3.4937,102.0447,"112.90,109.64,107.47,106.39,105.84,105.30,105.30,106.93,105.30,104.22,103.67,103.67,103.67,103.13,103.13,102.04,102.04,102.04,102.04,102.04,102.04,99.87,100.42,100.42,100.42,99.87,100.42,99.87,98.25,98.25,98.25,98.25,98.25,98.25,98.25"
Rec-027_std_2,28,11,4865,core,336,331,0.0,5.0,0.9894,340,333,346,337,1.0,True,103.3938,111.8141,98.2455,3.4409,103.1302,"111.81,110.19,108.01,107.47,106.93,106.39,105.84,107.47,106.39,105.84,105.30,105.30,105.30,104.22,104.22,103.67,103.13,103.13,103.13,103.13,102.04,102.04,101.50,101.50,101.50,100.96,100.42,100.42,99.33,99.33,98.79,98.79,98.79,98.25,98.25"
Rec-027_std_2,28,12,4866,core,340,331,0.0,4.0,0.9866,344,333,350,337,1.0,True,103.9521,115.6133,97.16,4.2347,103.6729,"115.61,111.81,110.19,109.10,108.01,106.93,105.30,109.64,108.01,106.93,106.39,105.84,105.30,103.67,105.30,105.30,104.22,103.67,103.13,103.13,101.50,102.04,102.04,102.04,101.50,100.96,99.87,98.79,99.87,99.87,99.87,98.79,98.25,98.25,97.16"
Rec-027_std_2,28,13,4867,core,349,331,0.0,9.0,0.9852,353,333,359,337,0.7143,False,89.2049,110.7286,75.9929,10.0236,90.6471,"110.73,105.30,100.96,94.99,84.13,78.71,77.08,105.30,101.50,98.25,93.36,83.59,78.71,76.54,100.42,98.25,95.53,90.65,82.51,78.16,75.99,97.70,95.53,93.36,89.02,81.42,77.62,75.99,94.99,93.36,91.19,86.85,80.88,77.62,75.99"
Rec-027_std_2,28,14,4868,core,354,331,0.0,5.0,0.9866,358,333,364,337,0.0,False,76.3806,84.1341,73.822,2.2116,75.9929,"84.13,79.79,77.62,75.99,75.99,75.45,74.91,81.42,78.16,76.54,75.99,75.45,74.91,74.36,79.79,77.62,75.99,75.45,74.91,74.91,74.36,78.71,77.08,75.99,75.45,74.91,74.36,74.36,78.16,76.54,75.99,75.45,74.36,74.36,73.82"
Rec-027_std_2,29,1,4969,core,290,331,0.0,0.0,0.9892,294,333,300,337,1.0,True,98.4936,110.7286,91.1898,4.5656,98.2455,"110.73,108.01,105.84,105.30,104.22,103.67,103.67,100.96,99.87,99.87,100.42,100.42,99.87,99.87,96.07,96.62,98.25,98.25,98.25,98.25,98.25,93.36,94.45,95.53,95.53,96.07,96.07,96.07,91.19,92.28,93.36,93.36,94.45,94.45,94.45"
Rec-027_std_2,29,2,4970,core,294,331,0.0,4.0,0.9853,298,333,304,337,1.0,True,100.6026,116.1561,94.989,4.719,99.8737,"116.16,111.27,108.01,105.84,105.30,103.67,103.13,106.39,103.67,102.04,102.04,101.50,100.42,99.87,101.50,100.96,100.42,99.87,99.33,98.79,98.25,98.25,98.25,98.25,97.70,97.70,97.16,97.16,95.53,95.53,95.53,95.53,95.53,95.53,94.99"
Rec-027_std_2,29,3,4971,core,303,331,0.0,9.0,0.9869,307,333,313,337,1.0,True,99.6101,113.9851,94.4463,4.0891,98.2455,"113.99,109.10,105.84,103.67,102.04,101.50,100.42,105.30,103.13,101.50,99.87,99.33,98.79,98.25,101.50,99.87,99.33,98.79,98.25,98.25,97.16,98.25,98.25,97.70,97.70,97.16,96.62,95.53,96.62,96.07,96.07,95.53,95.53,94.99,94.45"
Rec-027_std_2,29,4,4972,core,308,331,0.0,5.0,0.9874,312,333,318,337,1.0,True,98.6332,110.1859,94.4463,3.3421,98.2455,"110.19,105.84,103.67,102.04,101.50,100.42,99.33,103.13,101.50,99.87,98.79,98.25,98.25,97.70,100.42,99.33,98.25,98.25,97.70,97.16,96.62,98.25,97.70,97.16,96.62,96.62,95.53,95.53,96.07,95.53,95.53,95.53,94.99,94.45,94.45"
Rec-027_std_2,29,5,4973,core,312,331,0.0,4.0,0.9877,316,333,322,337,1.0,True,98.9588,111.8141,94.4463,3.6415,98.2455,"111.81,107.47,104.22,102.04,101.50,100.42,99.87,104.22,102.04,100.42,99.33,98.79,98.25,97.70,100.42,99.33,98.79,98.25,98.25,97.70,97.16,98.25,97.70,97.70,96.62,96.62,96.07,95.53,96.07,95.53,95.53,95.53,94.99,94.99,94.45"
Rec-027_std_2,29,6,4974,core,317,331,0.0,5.0,0.9886,321,333,327,337,1.0,True,98.6797,109.1004,94.4463,3.0834,98.2455,"109.10,105.30,103.13,102.04,101.50,100.42,99.87,103.13,100.96,99.87,99.33,98.79,98.25,98.25,99.87,98.79,98.25,98.25,98.25,97.70,97.70,97.70,97.16,97.16,96.62,96.62,96.07,96.07,96.07,95.53,95.53,95.53,95.53,94.99,94.45"
Rec-027_std_2,29,7,4975,core,321,331,0.0,4.0,0.9875,325,333,331,337,1.0,True,99.2845,110.7286,95.5318,3.2755,98.7882,"110.73,106.93,103.67,102.04,101.50,100.96,100.96,103.67,102.04,100.42,99.87,99.33,99.33,99.33,100.42,99.33,98.79,98.79,98.25,98.25,98.25,98.25,97.70,97.70,97.16,97.16,97.16,97.16,96.07,96.07,95.53,95.53,95.53,95.53,95.53"
Rec-027_std_2,29,8,4976,core,326,331,0.0,5.0,0.9886,330,333,336,337,1.0,True,100.1683,108.5576,96.6172,2.7594,99.8737,"108.56,105.84,103.67,103.13,103.13,102.04,102.04,103.13,102.04,101.50,101.50,101.50,100.96,100.96,100.96,100.42,99.87,99.87,99.87,99.87,99.87,98.25,98.25,98.25,98.25,98.25,98.25,98.25,97.16,96.62,96.62,96.62,97.16,96.62,96.62"
Rec-027_std_2,29,9,4977,core,330,331,0.0,4.0,0.9869,334,333,340,337,1.0,True,101.8741,111.8141,98.2455,3.0806,102.0447,"111.81,108.56,105.84,105.30,104.22,103.67,103.67,105.84,104.22,103.13,103.13,103.13,102.04,102.04,102.04,102.04,102.04,102.04,101.50,101.50,101.50,99.87,99.87,99.87,99.87,99.33,99.87,99.87,98.25,98.25,98.25,98.25,98.25,98.25,98.25"
Rec-027_std_2,29,10,4978,core,335,331,0.0,5.0,0.9886,339,333,345,337,1.0,True,102.6805,110.7286,98.2455,2.8792,103.1302,"110.73,108.01,106.39,105.84,105.30,105.30,104.22,106.39,105.30,104.22,104.22,103.67,103.67,103.13,103.13,103.13,103.13,103.13,103.13,102.04,102.04,100.96,100.96,100.96,100.96,100.96,100.42,100.42,99.33,99.33,98.79,98.79,98.79,98.79,98.25"
Rec-027_std_2,29,11,4979,core,339,331,0.0,4.0,0.9861,343,333,349,337,1.0,True,103.6264,112.8996,98.2455,3.4653,103.6729,"112.90,110.73,108.56,106.93,106.39,106.39,105.30,108.01,106.93,105.84,105.30,105.30,105.30,103.67,105.30,104.22,103.67,103.67,103.13,103.13,102.04,102.04,102.04,102.04,102.04,101.50,100.42,99.87,99.87,99.87,99.87,99.33,98.79,98.25,98.25"
Rec-027_std_2,29,12,4980,core,344,331,0.0,5.0,0.9883,348,333,354,337,1.0,True,101.2849,112.8996,91.7325,4.6276,100.9592,"112.90,109.64,108.01,105.84,104.22,102.04,99.87,108.01,106.39,105.30,104.22,103.13,100.96,98.25,105.30,103.67,103.13,102.04,100.42,98.25,96.07,102.04,101.50,100.42,99.33,98.25,96.07,94.45,99.33,98.79,98.25,97.16,95.53,94.45,91.73"
Rec-027_std_2,29,13,4981,core,348,331,0.0,4.0,0.9853,352,333,358,337,0.8571,False,92.6009,111.8141,77.0784,9.2973,94.4463,"111.81,106.93,103.13,99.33,94.45,84.13,78.71,106.39,103.13,100.42,97.70,92.28,83.59,78.71,102.04,99.87,97.70,95.53,90.65,82.51,78.16,98.79,97.16,95.53,93.36,88.48,81.42,77.62,96.62,95.53,93.36,91.19,86.85,80.88,77.08"
Rec-027_std_2,29,14,4982,core,353,331,0.0,5.0,0.9867,357,333,363,337,0.1429,False,77.4506,89.0188,73.822,3.5549,75.9929,"89.02,81.96,78.71,76.54,75.99,75.45,74.91,85.76,80.33,77.62,75.99,75.45,74.91,74.36,84.13,79.79,77.08,75.99,75.45,74.91,74.36,82.51,78.71,76.54,75.99,75.45,74.91,74.36,81.42,77.62,75.99,75.45,74.91,74.36,73.82"
Rec-027_std_2,29,15,4983,core,355,330,26.57,2.24,0.9863,359,332,365,336,0.0,False,76.9854,89.0188,73.822,3.0357,75.9929,"89.02,83.05,79.79,77.62,75.99,75.45,75.45,83.59,79.79,77.62,76.54,75.99,75.45,74.91,79.79,77.62,76.54,75.99,75.45,74.91,74.36,78.16,77.08,75.99,75.45,75.45,74.91,74.36,77.62,75.99,75.99,75.45,74.91,74.36,73.82"
Rec-028_30s_2,1,1,3253,core,290,331,0.0,0.0,0.9864,294,333,300,337,1.0,True,79.451,96.6172,72.1937,5.9456,78.1639,"96.62,92.28,89.56,87.39,85.76,85.22,84.13,85.76,83.59,82.51,81.96,80.88,80.33,79.79,79.79,78.71,78.71,78.16,77.62,77.62,77.08,75.99,75.99,75.99,75.45,74.91,74.36,74.36,73.28,73.28,73.28,73.28,72.74,72.19,72.19"
Rec-028_30s_2,1,2,3254,core,296,331,0.0,6.0,0.9826,300,333,306,337,1.0,True,79.5751,97.7027,72.1937,6.0301,78.1639,"97.70,93.36,89.56,86.85,85.22,84.13,83.05,87.39,84.68,83.05,80.88,80.88,79.79,78.71,80.88,79.79,78.71,78.16,77.62,77.08,76.54,77.08,75.99,75.99,75.45,75.45,74.91,73.82,74.36,73.82,73.82,73.28,72.74,72.19,72.19"
Rec-028_30s_2,1,3,3255,core,301,331,0.0,5.0,0.9862,305,333,311,337,1.0,True,78.8307,94.4463,72.1937,5.2654,77.6212,"94.45,90.10,87.39,85.22,84.13,83.59,83.05,85.22,83.05,81.42,80.33,79.79,79.79,78.71,79.79,78.71,77.62,77.62,77.62,77.08,76.54,76.54,75.99,75.45,75.45,74.91,74.36,73.82,73.82,73.82,73.28,73.28,72.74,72.19,72.19"
Rec-028_30s_2,1,4,3256,core,305,331,0.0,4.0,0.983,309,333,315,337,1.0,True,79.2029,96.0745,72.1937,5.6662,77.6212,"96.07,92.28,88.48,85.76,84.13,83.59,83.05,86.85,84.13,81.96,80.88,80.33,79.79,78.71,80.33,78.71,78.71,77.62,77.62,77.08,76.54,76.54,75.99,75.99,75.45,74.91,74.36,73.82,73.82,73.82,73.82,73.28,72.74,72.74,72.19"
Rec-028_30s_2,1,5,3257,core,310,331,0.0,5.0,0.9861,314,333,320,337,1.0,True,78.8462,93.3608,72.7365,4.8896,77.6212,"93.36,89.56,86.85,84.68,84.13,83.05,83.05,84.68,82.51,80.88,80.33,79.79,79.79,78.71,79.79,78.71,77.62,77.62,77.62,77.08,77.08,75.99,75.99,75.99,75.45,74.91,74.91,74.91,73.82,73.82,73.82,73.82,73.28,73.28,72.74"
Rec-028_30s_2,1,6,3258,core,315,331,0.0,5.0,0.9837,319,333,325,337,1.0,True,78.9083,90.6471,73.822,4.2973,77.6212,"90.65,87.93,85.76,84.68,84.13,83.59,83.05,83.05,81.96,80.88,80.88,80.33,79.79,79.79,78.71,78.71,78.16,77.62,77.62,77.62,77.62,75.99,75.99,75.99,75.99,75.99,75.99,75.99,74.36,73.82,73.82,73.82,73.82,73.82,73.82"
Rec-028_30s_2,1,7,3259,core,319,331,0.0,4.0,0.9872,323,333,329,337,1.0,True,80.1178,92.2753,74.9074,4.4306,78.7067,"92.28,89.56,87.93,85.76,85.76,84.68,84.13,84.68,83.05,82.51,81.96,81.42,80.88,80.88,79.79,79.79,78.71,78.71,78.71,78.71,78.71,77.08,77.08,77.08,77.08,77.08,76.54,77.08,75.45,74.91,74.91,75.45,75.45,75.45,74.91"
Rec-028_30s_2,1,8,3260,core,324,331,0.0,5.0,0.9842,328,333,334,337,1.0,True,81.3739,92.2753,76.5357,4.2228,80.3349,"92.28,89.56,87.93,87.39,86.85,86.31,86.31,85.22,84.13,83.59,83.05,83.05,83.05,83.05,80.88,80.88,80.33,80.33,80.33,80.33,80.33,78.16,78.16,78.16,78.16,78.16,78.16,78.16,76.54,76.54,76.54,76.54,76.54,76.54,76.54"
Rec-028_30s_2,1,9,3261,core,328,331,0.0,4.0,0.9868,332,333,338,337,1.0,True,82.847,94.4463,77.6212,4.5001,81.4204,"94.45,91.73,90.10,89.02,89.02,88.48,88.48,86.85,85.76,85.22,84.13,84.13,84.13,84.13,82.51,81.96,81.96,81.42,81.42,81.42,81.42,79.79,79.79,79.79,79.79,79.79,79.79,79.79,77.62,77.62,77.62,77.62,77.62,77.62,77.62"
Rec-028_30s_2,1,10,3262,core,333,331,0.0,5.0,0.9853,337,333,343,337,1.0,True,83.7775,94.4463,77.6212,4.5575,83.0486,"94.45,92.28,91.19,90.65,89.56,89.56,89.56,87.93,86.85,86.31,85.76,85.76,85.22,85.22,83.59,83.05,83.05,83.05,83.05,82.51,82.51,80.88,80.88,80.33,80.33,80.33,79.79,79.79,78.71,78.71,78.71,78.71,78.16,78.16,77.62"
Rec-028_30s_2,1,11,3263,core,337,331,0.0,4.0,0.9876,341,333,347,337,1.0,True,84.4442,96.6172,78.1639,4.9101,83.5914,"96.62,94.45,92.28,91.19,91.19,90.10,89.56,89.02,87.93,87.39,86.85,86.31,85.76,85.76,84.13,84.13,83.59,83.59,83.05,83.05,83.05,80.88,80.88,80.88,80.88,80.88,80.33,80.33,79.79,78.71,78.71,78.71,78.71,78.71,78.16"
Rec-028_30s_2,1,12,3264,core,342,331,0.0,5.0,0.9861,346,333,352,337,1.0,True,84.3202,95.5318,77.6212,4.7368,83.5914,"95.53,93.36,92.28,91.19,90.10,89.56,89.02,89.02,87.93,87.39,86.85,86.31,85.76,85.76,84.68,84.13,84.13,83.59,83.05,83.05,82.51,81.42,81.42,80.88,80.88,80.88,80.33,79.79,79.79,78.71,78.71,78.71,78.71,78.16,77.62"
Rec-028_30s_2,1,13,3265,core,346,331,0.0,4.0,0.9854,350,333,356,337,1.0,True,83.6224,97.16,75.9929,5.0747,82.5059,"97.16,94.45,91.73,90.65,89.02,87.39,84.68,89.56,88.48,87.39,86.31,85.76,84.68,82.51,85.22,84.13,84.13,83.05,82.51,81.42,79.79,81.96,80.88,80.88,80.88,79.79,78.71,77.62,79.79,78.71,78.71,78.16,77.62,77.08,75.99"
Rec-028_30s_2,1,14,3266,core,351,331,0.0,5.0,0.9829,355,333,361,337,0.4286,False,77.6832,93.3608,73.822,4.6612,75.9929,"93.36,88.48,81.96,77.62,75.99,74.91,74.36,87.39,84.13,79.79,76.54,75.45,74.91,74.36,83.05,81.42,77.62,75.99,74.91,74.36,73.82,79.79,78.71,76.54,75.45,74.36,73.82,73.82,77.62,77.08,75.45,74.36,73.82,73.82,73.82"
Rec-028_30s_2,1,15,3267,core,356,330,11.31,5.1,0.9863,360,332,366,336,0.0,False,75.3882,84.1341,73.822,2.123,74.9074,"84.13,80.33,77.62,75.99,75.45,74.91,74.36,78.71,77.08,75.99,75.45,74.91,74.36,73.82,77.08,75.99,74.91,74.91,74.36,73.82,73.82,75.99,75.45,74.91,74.36,73.82,73.82,73.82,74.91,74.36,73.82,73.82,73.82,73.82,73.82"
Rec-028_30s_2,2,1,3397,core,290,331,0.0,0.0,0.9866,294,333,300,337,1.0,True,86.0725,103.1302,78.7067,6.2764,85.2196,"103.13,99.33,96.07,94.45,93.36,92.28,91.73,91.73,90.65,89.56,89.02,88.48,87.93,87.39,85.76,85.76,85.76,85.22,84.68,84.13,84.13,81.96,81.96,81.96,81.96,81.42,80.88,80.88,78.71,78.71,78.71,78.71,78.71,78.71,78.71"
Rec-028_30s_2,2,2,3398,core,292,331,0.0,2.0,0.9838,296,333,302,337,1.0,True,86.3206,103.1302,78.1639,6.0025,85.2196,"103.13,98.79,95.53,94.45,93.36,91.73,91.19,92.28,91.19,89.56,89.02,87.93,87.93,86.85,87.39,86.31,85.76,85.22,84.68,84.13,84.13,83.05,83.05,83.05,82.51,81.96,81.42,80.88,79.79,79.79,79.79,79.79,78.71,78.71,78.16"
Rec-028_30s_2,2,3,3399,core,301,331,0.0,9.0,0.9849,305,333,311,337,1.0,True,85.4212,100.9592,78.1639,5.4353,84.1341,"100.96,96.62,94.45,92.28,91.19,90.10,89.56,91.73,89.56,88.48,87.93,86.85,85.76,85.76,86.31,85.76,85.22,84.13,84.13,83.59,83.05,83.05,82.51,81.96,81.96,81.42,80.88,80.88,79.79,79.79,79.79,78.71,78.71,78.71,78.16"
Rec-028_30s_2,2,4,3400,core,305,331,0.0,4.0,0.9844,309,333,315,337,1.0,True,85.4367,102.0447,78.1639,5.5261,84.1341,"102.04,97.70,94.45,91.73,90.65,89.56,89.02,92.28,90.10,88.48,87.39,86.31,85.76,85.22,86.85,85.76,85.22,84.13,83.59,83.05,83.05,83.05,83.05,82.51,81.42,80.88,80.88,80.88,80.33,79.79,79.79,79.79,78.71,78.71,78.16"
Rec-028_30s_2,2,5,3401,core,310,331,0.0,5.0,0.9855,314,333,320,337,1.0,True,84.9715,98.7882,78.7067,4.8325,84.1341,"98.79,94.99,92.28,91.19,90.10,89.56,89.02,90.65,88.48,87.39,86.85,86.31,85.76,85.76,85.76,85.22,84.13,84.13,84.13,83.59,83.05,82.51,82.51,81.96,81.42,81.42,80.88,80.88,79.79,79.79,79.79,79.79,78.71,78.71,78.71"
Rec-028_30s_2,2,6,3402,core,314,331,0.0,4.0,0.9845,318,333,324,337,1.0,True,85.7779,100.4165,79.7922,4.9514,84.6769,"100.42,96.07,93.36,91.73,91.19,90.10,89.56,91.19,89.56,88.48,87.93,87.39,86.85,86.31,86.31,85.76,85.22,84.68,84.68,84.13,84.13,83.05,83.05,82.51,82.51,82.51,81.96,81.96,80.33,80.33,79.79,79.79,79.79,79.79,79.79"
Rec-028_30s_2,2,7,3403,core,319,331,0.0,5.0,0.9867,323,333,329,337,1.0,True,85.995,98.2455,80.3349,4.5322,85.2196,"98.25,95.53,93.36,91.73,91.19,90.10,90.10,91.19,89.56,88.48,87.93,87.39,86.85,86.85,86.31,85.76,85.76,85.22,84.68,84.68,84.13,83.59,83.05,83.05,83.05,82.51,82.51,82.51,80.88,80.88,80.88,80.88,80.33,80.33,80.33"
Rec-028_30s_2,2,8,3404,core,323,331,0.0,4.0,0.9846,327,333,333,337,1.0,True,86.7548,100.4165,80.8776,4.7714,85.7624,"100.42,96.62,94.45,92.28,91.73,91.19,91.19,92.28,90.10,89.56,88.48,87.93,87.93,87.93,87.39,86.31,85.76,85.76,85.76,85.76,85.22,84.13,83.59,83.59,83.59,83.05,83.05,83.05,81.42,81.42,81.42,81.42,80.88,80.88,80.88"
Rec-028_30s_2,2,9,3405,core,328,331,0.0,5.0,0.9868,332,333,338,337,1.0,True,87.6852,98.7882,82.5059,4.4517,86.8478,"98.79,96.07,94.45,93.36,93.36,93.36,93.36,91.73,90.65,90.10,89.56,89.56,89.56,89.56,87.93,86.85,86.85,86.85,86.85,86.85,86.85,84.13,84.13,84.13,84.13,84.13,84.13,84.13,82.51,82.51,82.51,82.51,82.51,82.51,82.51"
Rec-028_30s_2,2,10,3406,core,332,331,0.0,4.0,0.9837,336,333,342,337,1.0,True,88.8327,101.502,83.0486,4.9009,87.9333,"101.50,98.25,96.62,95.53,94.99,94.45,94.45,93.36,92.28,91.19,91.19,90.65,90.65,90.10,89.02,88.48,87.93,87.93,87.93,87.39,87.39,85.76,85.76,85.22,85.22,85.22,84.68,84.68,83.05,83.05,83.05,83.05,83.05,83.05,83.05"
Rec-028_30s_2,2,11,3407,core,337,331,0.0,5.0,0.9874,341,333,347,337,1.0,True,89.1119,100.4165,83.0486,4.6841,88.4761,"100.42,98.25,96.62,95.53,94.99,94.45,94.45,93.36,92.28,91.73,91.19,91.19,91.19,90.65,89.56,89.02,88.48,88.48,87.93,87.93,87.93,85.76,85.76,85.76,85.76,85.76,85.22,85.22,83.59,83.59,83.59,83.59,83.59,83.05,83.05"
Rec-028_30s_2,2,12,3408,core,342,331,0.0,5.0,0.9836,346,333,352,337,1.0,True,88.8327,99.8737,81.9631,4.5851,88.4761,"99.87,97.70,96.07,95.53,94.45,93.36,92.28,93.36,92.28,92.28,91.19,91.19,90.65,89.56,89.56,89.56,89.02,88.48,87.93,87.39,86.85,86.31,85.76,85.76,85.76,85.22,84.68,84.13,84.13,84.13,83.59,83.59,83.05,82.51,81.96"
Rec-028_30s_2,2,13,3409,core,346,331,0.0,4.0,0.985,350,333,356,337,1.0,True,87.4836,100.9592,78.7067,5.0357,86.3051,"100.96,97.70,95.53,93.36,91.73,90.10,87.39,94.45,92.28,91.73,90.65,89.56,88.48,85.76,89.56,89.02,87.93,87.93,86.31,85.76,83.05,86.31,85.76,85.22,84.68,83.59,83.05,80.88,84.13,83.59,83.05,82.51,80.88,80.33,78.71"
Rec-028_30s_2,2,14,3410,core,351,331,0.0,5.0,0.9813,355,333,361,337,0.4286,False,79.0323,94.989,73.822,5.5185,77.0784,"94.99,90.65,83.05,78.16,75.99,75.45,74.91,90.65,87.93,80.88,77.62,75.99,74.91,74.36,86.85,84.13,79.79,77.08,75.45,74.91,73.82,83.59,81.96,78.16,75.99,74.91,74.36,73.82,81.42,79.79,77.08,75.45,74.36,73.82,73.82"
Rec-028_30s_2,2,15,3411,core,355,331,0.0,4.0,0.9842,359,333,365,337,0.0,False,75.4192,82.5059,73.822,1.7692,74.9074,"82.51,78.71,77.08,75.99,75.45,74.91,74.36,78.71,77.08,75.99,75.45,74.91,74.36,73.82,77.08,75.99,75.45,74.91,74.91,73.82,73.82,75.99,75.45,74.91,74.91,74.36,73.82,73.82,75.99,74.91,74.36,74.36,73.82,73.82,73.82"
Rec-028_30s_2,2,16,3412,core,355,330,90.0,1.0,0.9866,359,332,365,336,0.0,False,76.4737,88.4761,73.822,3.1454,75.4502,"88.48,83.59,79.79,77.62,75.99,75.45,74.91,83.05,79.79,77.62,75.99,75.45,74.91,74.36,78.71,77.62,75.99,75.45,74.91,74.36,73.82,77.62,75.99,75.45,74.91,74.36,74.36,73.82,75.99,75.45,74.91,74.36,73.82,73.82,73.82"
Rec-028_30s_2,3,1,3540,core,290,331,0.0,0.0,0.9865,294,333,300,337,1.0,True,89.1119,105.3012,81.4204,5.7548,88.4761,"105.30,100.96,98.25,96.62,96.07,95.53,94.45,94.45,92.28,91.19,91.19,91.19,91.19,90.65,87.93,87.93,88.48,88.48,88.48,88.48,87.93,84.13,84.68,85.22,85.22,85.22,85.22,85.22,81.42,81.96,82.51,83.05,83.05,82.51,82.51"
Rec-028_30s_2,3,2,3541,core,294,331,0.0,4.0,0.9834,298,333,304,337,1.0,True,89.4685,103.1302,83.0486,5.1136,89.0188,"103.13,99.33,97.70,96.07,95.53,94.45,94.45,94.99,93.36,92.28,91.73,91.19,90.65,90.10,90.10,89.56,89.56,89.02,88.48,88.48,87.93,86.31,85.76,85.76,85.76,85.76,85.76,85.22,83.59,83.59,83.59,83.05,83.05,83.05,83.05"
Rec-028_30s_2,3,3,3542,core,298,331,0.0,4.0,0.9876,302,333,308,337,1.0,True,89.6391,105.3012,83.0486,5.3022,89.0188,"105.30,100.96,97.70,95.53,94.99,94.45,93.36,96.07,94.45,92.28,91.19,91.19,90.10,89.56,91.19,89.56,89.56,89.02,88.48,87.93,87.93,86.85,86.85,86.31,85.76,85.76,85.22,84.68,84.13,84.13,84.13,83.59,83.05,83.05,83.05"
Rec-028_30s_2,3,4,3543,core,302,331,0.0,4.0,0.9847,306,333,312,337,1.0,True,89.5306,105.8439,82.5059,5.3885,88.4761,"105.84,101.50,98.25,95.53,94.45,93.36,92.28,96.07,94.45,92.28,91.19,90.65,90.10,89.56,91.19,89.56,89.56,88.48,88.48,87.93,87.39,87.39,86.31,85.76,85.76,85.76,85.76,84.68,84.13,84.13,83.59,83.59,83.05,83.05,82.51"
Rec-028_30s_2,3,5,3544,core,307,331,0.0,5.0,0.9886,311,333,317,337,1.0,True,88.6311,102.0447,83.0486,4.6082,87.9333,"102.04,98.25,95.53,94.45,93.36,92.28,91.73,94.45,92.28,91.19,90.10,89.56,89.56,89.02,89.56,89.56,88.48,87.93,87.93,87.39,86.85,86.31,85.76,85.76,85.22,85.22,85.22,84.68,83.59,83.59,83.05,83.05,83.05,83.05,83.05"
Rec-028_30s_2,3,6,3545,core,312,331,0.0,5.0,0.9859,316,333,322,337,1.0,True,88.3365,99.331,83.0486,3.9743,87.9333,"99.33,96.07,94.45,93.36,92.28,92.28,91.73,92.28,91.19,90.65,90.10,89.56,89.56,89.56,89.56,88.48,87.93,87.93,87.93,87.39,87.39,86.31,85.76,85.76,85.76,85.22,85.22,84.68,84.13,84.13,83.59,83.05,83.05,83.05,83.05"
Rec-028_30s_2,3,7,3546,core,316,331,0.0,4.0,0.9884,320,333,326,337,1.0,True,88.9878,100.9592,83.0486,4.3146,88.4761,"100.96,97.70,95.53,94.45,93.36,93.36,92.28,94.45,92.28,91.19,90.65,90.10,90.10,89.56,89.56,89.56,89.02,88.48,87.93,87.93,87.93,86.85,86.31,85.76,85.76,85.76,85.76,85.22,84.13,84.13,84.13,84.13,83.59,83.59,83.05"
Rec-028_30s_2,3,8,3547,core,325,331,0.0,9.0,0.9887,329,333,335,337,1.0,True,90.2904,102.0447,84.6769,4.3535,89.5616,"102.04,98.25,97.16,95.53,95.53,95.53,94.45,94.99,93.36,92.28,92.28,91.73,91.73,91.73,90.65,89.56,89.56,89.56,89.56,89.56,89.56,87.93,87.39,87.39,87.39,87.39,86.85,86.85,85.22,85.22,85.22,84.68,84.68,84.68,84.68"
Rec-028_30s_2,3,9,3548,core,334,331,0.0,9.0,0.9884,338,333,344,337,1.0,True,91.8876,103.1302,85.7624,4.5807,91.1898,"103.13,100.96,98.79,97.70,97.16,97.16,97.16,96.07,95.53,94.45,94.45,93.36,93.36,93.36,92.28,91.73,91.19,91.19,91.19,91.19,91.19,89.56,89.02,89.02,88.48,88.48,87.93,87.93,86.85,86.31,86.31,86.31,85.76,85.76,85.76"
Rec-028_30s_2,3,10,3549,core,339,331,0.0,5.0,0.9877,343,333,349,337,1.0,True,92.3528,102.0447,85.7624,4.4984,91.7325,"102.04,100.42,99.33,98.25,98.25,98.25,97.70,96.07,95.53,95.53,94.99,94.45,94.45,94.45,92.28,92.28,92.28,91.73,91.73,91.19,91.19,89.56,89.56,89.56,89.56,89.02,88.48,88.48,86.85,86.85,86.85,86.85,86.31,86.31,85.76"
Rec-028_30s_2,3,11,3550,core,348,331,0.0,9.0,0.9871,352,333,358,337,0.8571,False,86.3051,100.9592,75.4502,6.613,85.7624,"100.96,97.70,95.53,93.36,90.10,83.05,77.62,95.53,94.45,92.28,91.19,87.93,81.42,77.08,91.73,91.19,89.56,88.48,85.76,79.79,76.54,88.48,87.93,86.85,85.76,83.05,78.71,75.99,85.76,85.76,84.13,83.05,80.88,77.62,75.45"
Rec-028_30s_2,3,12,3551,core,352,331,0.0,4.0,0.9859,356,333,362,337,0.2857,False,78.226,95.5318,73.822,5.2119,75.9929,"95.53,86.31,79.79,77.62,75.99,75.45,74.91,91.19,83.59,78.71,76.54,75.45,74.36,74.36,87.39,80.88,77.62,75.99,75.45,74.36,73.82,84.13,79.79,77.08,75.45,74.36,74.36,73.82,82.51,78.16,75.99,74.91,74.36,73.82,73.82"
Rec-028_30s_2,3,13,3552,core,355,331,0.0,3.0,0.9821,359,333,365,337,0.0,False,75.6053,83.5914,73.822,2.0537,74.9074,"83.59,79.79,77.62,75.99,75.45,74.91,74.36,79.79,77.62,75.99,75.45,74.91,74.36,73.82,77.62,75.99,75.45,74.91,74.36,73.82,73.82,75.99,75.99,75.45,74.91,74.36,73.82,73.82,75.99,75.45,74.91,74.36,73.82,73.82,73.82"
Rec-028_30s_2,4,1,3677,core,291,331,0.0,1.0,0.986,295,333,301,337,1.0,True,90.6626,105.3012,84.1341,5.2964,90.1043,"105.30,101.50,98.79,97.70,97.16,96.07,95.53,95.53,94.45,93.36,92.28,92.28,92.28,91.73,90.10,90.10,90.10,90.10,90.10,89.56,89.56,86.85,87.39,87.39,87.39,87.39,87.39,86.85,84.13,84.13,84.13,84.13,84.13,84.13,84.13"
Rec-028_30s_2,4,2,3678,core,295,331,0.0,4.0,0.986,299,333,305,337,1.0,True,91.4379,107.4722,84.6769,5.3373,90.6471,"107.47,103.13,99.87,98.25,96.62,95.53,94.99,97.70,95.53,94.45,93.36,92.28,91.73,91.19,92.28,91.73,91.19,90.65,90.10,89.56,89.56,88.48,88.48,88.48,87.93,87.93,87.93,86.85,85.76,85.76,85.76,85.22,85.22,84.68,84.68"
Rec-028_30s_2,4,3,3679,core,300,331,0.0,5.0,0.9869,304,333,310,337,1.0,True,90.554,104.2157,84.1341,4.6715,89.5616,"104.22,100.42,98.25,96.07,95.53,94.45,93.36,96.07,94.45,93.36,91.73,91.19,90.65,90.10,91.73,91.19,90.65,89.56,89.56,89.02,88.48,89.02,88.48,87.93,87.93,87.39,86.85,86.31,85.76,85.76,85.76,85.22,84.68,84.13,84.13"
Rec-028_30s_2,4,4,3680,core,304,331,0.0,4.0,0.9875,308,333,314,337,1.0,True,90.5075,105.3012,84.1341,4.7641,89.5616,"105.30,100.96,98.25,95.53,94.99,94.45,93.36,96.07,94.45,92.28,91.73,91.19,90.65,90.10,91.73,91.19,90.10,89.56,89.56,89.02,88.48,89.02,88.48,87.93,87.93,87.39,86.31,86.31,85.76,85.76,85.76,85.22,84.68,84.13,84.13"
Rec-028_30s_2,4,5,3681,core,309,331,0.0,5.0,0.9882,313,333,319,337,1.0,True,89.7787,101.502,84.1341,4.0599,89.5616,"101.50,98.25,96.07,94.99,94.45,93.36,92.28,94.45,92.28,91.73,91.19,90.65,90.10,89.56,91.19,90.10,89.56,89.56,89.02,89.02,87.93,87.93,87.93,87.93,87.39,86.85,86.85,86.31,85.76,85.22,85.22,84.68,84.68,84.13,84.13"
Rec-028_30s_2,4,6,3682,core,313,331,0.0,4.0,0.9886,317,333,323,337,1.0,True,90.1508,103.1302,84.6769,4.1626,89.5616,"103.13,98.79,96.07,94.99,94.45,93.36,92.28,95.53,93.36,92.28,91.19,91.19,90.65,90.10,91.19,90.65,90.10,89.56,89.56,89.02,88.48,88.48,87.93,87.93,87.39,86.85,86.85,86.85,85.76,85.76,85.76,85.22,85.22,84.68,84.68"
Rec-028_30s_2,4,7,3683,core,318,331,0.0,5.0,0.9895,322,333,328,337,1.0,True,90.0733,99.8737,85.2196,3.5719,89.5616,"99.87,97.16,95.53,94.45,94.45,93.36,93.36,94.45,92.28,91.73,91.19,91.19,91.19,90.65,90.65,90.10,89.56,89.56,89.56,89.56,89.02,87.93,87.93,87.93,87.93,87.93,87.39,87.39,85.76,85.76,85.76,85.76,85.76,85.22,85.22"
Rec-028_30s_2,4,8,3684,core,322,331,0.0,4.0,0.9884,326,333,332,337,1.0,True,90.7556,102.0447,85.7624,4.009,90.1043,"102.04,98.79,96.62,95.53,95.53,94.99,94.45,95.53,93.36,92.28,92.28,91.73,91.73,91.73,91.19,90.65,90.10,90.10,90.10,90.10,90.10,88.48,88.48,87.93,87.93,87.93,87.93,87.93,86.31,85.76,85.76,85.76,85.76,85.76,85.76"
Rec-028_30s_2,4,9,3685,core,327,331,0.0,5.0,0.9895,331,333,337,337,1.0,True,91.686,101.502,86.8478,3.6933,91.1898,"101.50,98.25,97.16,96.62,96.07,95.53,95.53,94.99,94.45,93.36,93.36,93.36,93.36,93.36,91.73,91.19,91.19,91.19,91.19,91.19,91.19,89.56,89.56,89.56,89.02,89.02,89.02,89.02,86.85,86.85,86.85,86.85,86.85,86.85,87.39"
Rec-028_30s_2,4,10,3686,core,331,331,0.0,4.0,0.9882,335,333,341,337,1.0,True,92.9421,103.6729,87.9333,4.0513,92.2753,"103.67,100.96,98.79,98.25,97.70,97.16,97.16,97.16,95.53,94.99,94.99,94.45,94.45,94.45,93.36,92.28,92.28,92.28,92.28,92.28,92.28,90.10,90.10,90.10,90.10,90.10,90.10,90.10,87.93,87.93,87.93,87.93,87.93,87.93,87.93"
Rec-028_30s_2,4,11,3687,core,336,331,0.0,5.0,0.9898,340,333,346,337,1.0,True,93.8725,103.1302,88.4761,3.8289,93.3608,"103.13,100.96,99.33,98.79,98.25,98.25,98.25,97.70,96.07,96.07,96.07,95.53,95.53,95.53,94.45,94.45,93.36,93.36,93.36,93.36,93.36,91.19,91.19,91.19,91.19,91.19,91.19,91.19,89.02,89.02,89.02,89.02,89.02,88.48,88.48"
Rec-028_30s_2,4,12,3688,core,340,331,0.0,4.0,0.9871,344,333,350,337,1.0,True,94.6013,105.8439,87.9333,4.3836,94.4463,"105.84,103.13,100.96,100.42,99.33,98.79,98.25,99.33,98.25,97.70,96.62,96.07,96.07,95.53,95.53,94.99,94.99,94.45,94.45,93.36,93.36,92.28,91.73,91.73,91.19,91.19,91.19,90.65,89.56,89.56,89.56,89.56,89.02,88.48,87.93"
Rec-028_30s_2,4,13,3689,core,345,331,0.0,5.0,0.9888,349,333,355,337,1.0,True,92.5389,104.2157,84.1341,4.573,92.2753,"104.22,101.50,99.87,98.25,96.07,94.99,92.28,98.79,97.16,96.07,95.53,94.45,92.28,91.19,95.53,94.45,93.36,92.28,91.19,90.10,89.02,92.28,91.19,91.19,90.10,89.56,87.93,86.31,89.56,89.56,88.48,87.93,86.31,85.76,84.13"
Rec-028_30s_2,4,14,3690,core,349,331,0.0,4.0,0.9853,353,333,359,337,0.7143,False,85.7003,103.1302,74.9074,7.7397,85.7624,"103.13,99.33,95.53,92.28,84.13,78.71,75.99,97.70,95.53,93.36,90.10,83.05,78.16,75.99,93.36,91.73,90.65,87.93,81.42,77.62,75.99,90.65,89.56,87.93,84.68,79.79,76.54,75.45,87.93,86.85,85.76,83.05,78.71,75.99,74.91"
Rec-028_30s_2,4,15,3691,core,354,331,0.0,5.0,0.9867,358,333,364,337,0.0,False,75.6518,83.0486,73.822,2.1868,74.9074,"83.05,79.79,77.08,75.99,74.91,74.36,74.36,80.88,77.62,75.99,74.91,74.36,73.82,73.82,78.71,76.54,75.99,74.91,74.36,73.82,73.82,77.62,75.99,75.45,74.36,73.82,73.82,73.82,77.08,75.99,74.91,74.36,73.82,73.82,73.82"
Rec-028_30s_2,4,16,3692,core,356,330,26.57,2.24,0.9875,360,332,366,336,0.0,False,75.4037,83.0486,73.822,1.952,74.9074,"83.05,78.71,77.08,75.99,75.45,74.91,74.36,79.79,77.08,75.99,75.45,74.91,74.36,73.82,77.62,75.99,75.45,74.36,74.36,73.82,73.82,75.99,75.45,74.91,74.36,73.82,73.82,73.82,75.99,74.91,74.36,73.82,73.82,73.82,73.82"
Rec-028_30s_2,5,1,3818,core,290,331,0.0,0.0,0.9868,294,333,300,337,1.0,True,91.8876,106.9294,84.1341,5.3628,91.1898,"106.93,103.13,99.87,98.79,98.25,97.70,97.16,96.07,94.99,94.45,94.45,94.45,93.36,93.36,90.65,90.65,91.19,91.19,91.19,91.19,91.19,87.39,87.93,87.93,88.48,88.48,88.48,88.48,84.13,85.22,85.76,85.76,86.31,85.76,85.76"
Rec-028_30s_2,5,2,3819,core,294,331,0.0,4.0,0.9845,298,333,304,337,1.0,True,92.694,105.8439,86.3051,4.6924,91.7325,"105.84,102.04,99.87,98.79,98.25,97.70,96.62,97.70,96.07,95.53,94.99,94.45,93.36,93.36,93.36,92.28,92.28,91.73,91.19,91.19,91.19,89.56,89.56,89.56,89.56,89.56,89.56,89.02,87.39,87.39,87.39,87.39,87.39,86.85,86.31"
Rec-028_30s_2,5,3,3820,core,298,331,0.0,4.0,0.9877,302,333,308,337,1.0,True,93.0662,108.5576,86.3051,5.0002,92.2753,"108.56,103.67,100.96,98.79,97.70,97.16,96.07,99.33,97.16,95.53,94.99,94.45,93.36,92.28,94.45,93.36,92.28,92.28,91.73,91.19,90.65,91.19,90.65,90.10,89.56,89.56,89.02,89.02,87.93,87.93,87.93,87.93,87.39,86.85,86.31"
Rec-028_30s_2,5,4,3821,core,307,331,0.0,9.0,0.9888,311,333,317,337,1.0,True,91.686,105.8439,85.7624,4.5527,91.1898,"105.84,102.04,98.25,96.62,95.53,94.45,94.45,97.70,95.53,94.45,93.36,92.28,91.19,91.19,93.36,92.28,91.19,91.19,90.65,89.56,89.56,90.10,89.56,89.56,88.48,88.48,87.93,87.93,87.93,87.39,86.85,86.31,86.31,85.76,85.76"
Rec-028_30s_2,5,5,3822,core,312,331,0.0,5.0,0.9876,316,333,322,337,1.0,True,90.6626,101.502,85.7624,3.6106,90.1043,"101.50,98.25,96.07,94.99,94.45,93.36,93.36,94.99,93.36,92.28,91.73,91.19,91.19,90.65,91.73,91.19,90.65,90.10,89.56,89.56,89.56,89.56,89.02,88.48,88.48,87.93,87.93,87.39,86.85,86.85,86.85,86.31,86.31,85.76,85.76"
Rec-028_30s_2,5,6,3823,core,316,331,0.0,4.0,0.9896,320,333,326,337,1.0,True,91.0502,103.1302,86.3051,3.8077,90.6471,"103.13,98.79,96.62,95.53,94.99,94.45,93.36,95.53,94.45,92.28,92.28,91.73,91.19,91.19,91.73,91.19,91.19,90.65,90.10,89.56,89.56,89.56,89.02,89.02,88.48,88.48,87.93,87.93,87.39,86.85,86.85,86.85,86.31,86.31,86.31"
Rec-028_30s_2,5,7,3824,core,325,331,0.0,9.0,0.9898,329,333,335,337,1.0,True,92.0737,102.0447,87.9333,3.5176,91.1898,"102.04,99.33,97.70,96.07,95.53,95.53,95.53,96.07,94.45,94.45,93.36,93.36,93.36,92.28,92.28,91.73,91.73,91.19,91.19,91.19,91.19,90.10,89.56,89.56,89.56,89.56,89.56,89.56,87.93,87.93,87.93,87.93,87.93,87.93,87.93"
Rec-028_30s_2,5,8,3825,core,334,331,0.0,9.0,0.9898,338,333,344,337,1.0,True,94.0741,104.2157,89.5616,3.7597,93.3608,"104.22,101.50,99.87,98.79,98.25,97.70,97.70,98.25,96.62,96.07,95.53,95.53,95.53,95.53,94.45,94.45,93.36,93.36,93.36,93.36,93.36,91.73,91.19,91.19,91.19,91.19,91.19,91.19,89.56,89.56,89.56,89.56,89.56,89.56,89.56"
Rec-028_30s_2,5,9,3826,core,339,331,0.0,5.0,0.9897,343,333,349,337,1.0,True,94.5858,103.1302,89.5616,3.5515,94.4463,"103.13,101.50,99.87,99.33,98.79,98.25,97.70,98.25,97.16,96.62,96.62,96.07,96.07,95.53,94.99,94.99,94.45,94.45,94.45,94.45,93.36,92.28,92.28,92.28,92.28,92.28,91.73,91.73,90.10,90.10,90.10,90.10,90.10,89.56,89.56"
Rec-028_30s_2,5,10,3827,core,343,331,0.0,4.0,0.9888,347,333,353,337,1.0,True,94.7409,105.8439,87.9333,4.1726,94.4463,"105.84,103.13,100.96,99.87,98.79,98.25,96.62,99.87,98.25,97.70,97.16,96.07,95.53,94.45,96.07,95.53,95.53,94.99,94.45,93.36,91.73,93.36,93.36,92.28,92.28,91.73,90.65,89.56,91.19,90.65,90.65,90.10,89.56,88.48,87.93"
Rec-028_30s_2,5,11,3828,core,352,331,0.0,9.0,0.9873,356,333,362,337,0.2857,False,78.7222,97.7027,73.822,5.8203,75.9929,"97.70,86.85,80.33,77.62,75.99,75.45,74.36,92.28,84.13,78.71,76.54,75.45,74.36,73.82,89.56,83.05,78.16,75.99,74.91,74.36,73.82,86.31,80.88,77.62,75.99,74.36,73.82,73.82,84.13,79.79,77.08,75.99,74.36,73.82,73.82"
Rec-028_30s_2,5,12,3829,core,356,331,0.0,4.0,0.9846,360,333,366,337,0.0,False,74.7989,79.7922,73.2792,1.3154,74.3647,"79.79,77.08,75.99,75.45,74.91,74.36,73.82,77.62,75.99,75.45,74.91,74.36,73.82,73.82,75.99,75.45,74.91,74.36,73.82,73.82,73.82,75.45,74.91,74.36,74.36,73.82,73.82,73.28,74.91,74.36,74.36,73.82,73.82,73.82,73.28"
Rec-028_30s_2,6,1,3956,core,290,331,0.0,0.0,0.9884,294,333,300,337,1.0,True,92.4924,106.3867,85.2196,5.0917,91.7325,"106.39,103.13,100.42,99.33,98.79,98.25,98.25,96.07,94.99,94.45,94.45,94.45,94.45,94.45,91.19,91.19,91.19,91.73,91.73,91.73,91.73,87.93,87.93,89.02,89.56,89.56,89.56,89.56,85.22,85.76,86.31,86.85,86.85,87.39,87.39"
Rec-028_30s_2,6,2,3957,core,292,331,0.0,2.0,0.9868,296,333,302,337,1.0,True,93.6709,109.1004,87.3906,5.2144,92.2753,"109.10,105.30,102.04,99.87,99.33,98.25,98.25,98.79,97.16,96.07,95.53,95.53,94.99,94.45,93.36,93.36,93.36,92.28,92.28,92.28,92.28,89.56,90.10,90.10,90.10,90.10,90.10,89.56,87.39,87.93,87.93,87.93,87.93,87.93,87.93"
Rec-028_30s_2,6,3,3958,core,297,331,0.0,5.0,0.9864,301,333,307,337,1.0,True,93.4228,106.9294,87.3906,4.5108,93.3608,"106.93,103.13,100.42,98.79,98.25,97.16,96.07,98.79,97.16,95.53,95.53,94.45,93.36,93.36,94.45,93.36,93.36,93.36,92.28,91.73,91.19,91.19,91.19,90.65,90.65,90.10,89.56,89.56,89.02,89.02,88.48,88.48,87.93,87.93,87.39"
Rec-028_30s_2,6,4,3959,core,301,331,0.0,4.0,0.9888,305,333,311,337,1.0,True,93.3608,108.0149,87.9333,4.5594,92.2753,"108.01,103.13,100.42,98.25,97.16,96.62,95.53,99.33,97.16,95.53,94.99,94.45,93.36,92.28,94.99,94.45,93.36,92.28,92.28,91.73,91.19,91.19,91.19,90.65,90.10,90.10,89.56,89.56,89.02,89.02,88.48,88.48,87.93,87.93,87.93"
Rec-028_30s_2,6,5,3960,core,306,331,0.0,5.0,0.9871,310,333,316,337,1.0,True,92.2288,104.2157,86.8478,3.8517,91.1898,"104.22,100.42,98.25,96.62,95.53,95.53,94.45,97.16,95.53,94.45,93.36,92.28,92.28,91.73,93.36,92.28,92.28,91.19,91.19,91.19,90.10,91.19,90.65,90.10,89.56,89.56,89.02,89.02,89.02,88.48,88.48,87.93,87.39,87.39,86.85"
Rec-028_30s_2,6,6,3961,core,310,331,0.0,4.0,0.9894,314,333,320,337,1.0,True,92.2133,105.3012,86.8478,4.0652,91.1898,"105.30,101.50,98.25,96.62,95.53,94.99,94.45,97.70,95.53,94.45,93.36,92.28,91.73,91.73,93.36,92.28,92.28,91.19,91.19,90.65,90.10,91.19,90.10,90.10,89.56,89.56,89.02,88.48,88.48,88.48,87.93,87.93,87.93,87.39,86.85"
Rec-028_30s_2,6,7,3962,core,315,331,0.0,5.0,0.9883,319,333,325,337,1.0,True,91.3759,102.0447,86.8478,3.4812,90.6471,"102.04,98.79,96.62,95.53,94.99,94.45,93.36,95.53,94.45,93.36,92.28,91.73,91.19,91.19,92.28,91.73,91.19,90.65,90.65,90.10,89.56,90.10,89.56,89.56,89.56,89.02,88.48,87.93,87.93,87.93,87.93,87.39,87.39,86.85,86.85"
Rec-028_30s_2,6,8,3963,core,319,331,0.0,4.0,0.9897,323,333,329,337,1.0,True,91.6705,103.1302,86.8478,3.6368,91.1898,"103.13,99.87,97.16,95.53,95.53,94.45,94.45,96.07,94.45,93.36,92.28,92.28,91.73,91.73,92.28,91.73,91.19,91.19,90.65,90.10,90.10,90.10,89.56,89.56,89.56,89.02,89.02,88.48,87.93,87.93,87.93,87.93,87.93,87.39,86.85"
Rec-028_30s_2,6,9,3964,core,324,331,0.0,5.0,0.9893,328,333,334,337,1.0,True,91.9497,101.502,87.9333,3.3763,91.1898,"101.50,98.25,97.16,96.07,95.53,95.53,95.53,95.53,94.45,93.36,93.36,93.36,93.36,93.36,92.28,91.19,91.19,91.19,91.19,91.19,91.19,89.56,89.56,89.56,89.56,89.56,89.56,89.56,87.93,87.93,87.93,87.93,87.93,87.93,87.93"
Rec-028_30s_2,6,10,3965,core,328,331,0.0,4.0,0.9897,332,333,338,337,1.0,True,93.3143,103.6729,89.0188,3.7115,92.2753,"103.67,100.96,98.79,98.25,97.70,97.16,96.62,97.16,95.53,95.53,94.99,94.99,94.45,94.45,93.36,93.36,92.28,92.28,92.28,92.28,92.28,90.65,90.65,90.65,90.65,90.65,90.65,90.65,89.02,89.02,89.02,89.02,89.02,89.02,89.02"
Rec-028_30s_2,6,11,3966,core,333,331,0.0,5.0,0.9897,337,333,343,337,1.0,True,94.2912,103.1302,90.1043,3.473,93.3608,"103.13,100.96,99.87,98.79,98.25,98.25,97.70,98.25,97.16,96.07,95.53,95.53,95.53,95.53,94.45,94.45,94.45,93.36,93.36,93.36,93.36,91.73,91.73,91.73,91.73,91.73,91.73,91.73,90.10,90.10,90.10,90.10,90.10,90.10,90.10"
Rec-028_30s_2,6,12,3967,core,342,331,0.0,9.0,0.99,346,333,352,337,1.0,True,95.3612,105.3012,89.0188,3.8874,95.5318,"105.30,103.13,101.50,100.42,99.87,98.25,97.70,99.87,98.79,98.25,97.70,97.16,96.07,95.53,96.07,95.53,95.53,95.53,94.99,94.45,93.36,93.36,93.36,93.36,92.28,92.28,91.73,91.19,91.73,91.19,91.19,91.19,90.65,90.10,89.02"
Rec-028_30s_2,6,13,3968,core,351,331,0.0,9.0,0.9884,355,333,361,337,0.4286,False,81.0482,99.331,73.822,7.1954,77.6212,"99.33,94.45,85.76,78.71,76.54,75.45,74.36,94.99,91.19,84.13,78.71,76.54,75.45,74.36,91.73,89.56,82.51,77.62,75.99,74.91,73.82,89.56,86.85,80.88,77.62,75.45,74.36,73.82,87.39,84.68,79.79,76.54,75.45,74.36,73.82"
Rec-028_30s_2,6,14,3969,core,355,330,14.04,4.12,0.991,359,332,365,336,0.0,False,76.1635,87.3906,73.822,2.8359,74.9074,"87.39,81.96,78.16,76.54,75.99,74.91,74.91,82.51,78.71,76.54,75.99,74.91,74.36,74.36,78.71,77.08,75.99,74.91,74.91,74.36,73.82,77.62,75.99,75.45,74.91,74.36,73.82,73.82,76.54,75.45,74.91,74.36,73.82,73.82,73.82"
Rec-029_10s_2,1,1,2703,core,290,331,0.0,0.0,0.9869,294,333,300,337,1.0,True,86.6618,102.0447,80.8776,5.0764,85.7624,"102.04,97.70,94.99,93.36,92.28,91.73,91.19,91.19,89.56,89.02,88.48,87.93,87.93,86.85,85.76,85.76,85.76,85.76,85.76,85.22,84.68,83.05,83.05,83.59,83.59,83.05,83.05,83.05,80.88,81.42,81.42,81.42,80.88,80.88,80.88"
Rec-029_10s_2,1,2,2704,core,293,331,0.0,3.0,0.9866,297,333,303,337,1.0,True,86.8323,101.502,80.8776,4.8761,85.7624,"101.50,97.70,94.99,93.36,91.73,90.65,89.56,92.28,90.65,89.56,88.48,87.93,86.85,85.76,87.93,87.39,86.31,85.76,85.76,84.68,84.13,84.13,84.13,84.13,83.59,83.59,83.05,82.51,81.96,81.96,81.96,81.96,81.42,80.88,80.88"
Rec-029_10s_2,1,3,2705,core,298,331,0.0,5.0,0.9855,302,333,308,337,1.0,True,85.5297,98.2455,79.7922,4.0849,84.1341,"98.25,94.45,91.73,90.10,89.56,88.48,87.93,91.19,89.02,87.93,86.85,85.76,85.22,84.13,86.85,85.76,85.22,84.68,84.13,83.59,83.05,84.13,84.13,83.59,83.05,82.51,81.96,81.42,82.51,81.96,81.42,81.42,80.88,80.88,79.79"
Rec-029_10s_2,1,4,2706,core,302,331,0.0,4.0,0.9881,306,333,312,337,1.0,True,84.5063,98.2455,78.7067,4.2712,83.5914,"98.25,94.45,91.19,89.56,87.93,85.76,84.13,91.19,88.48,86.85,85.76,84.13,83.05,81.96,86.31,85.22,84.13,83.59,83.05,81.96,80.88,84.13,83.59,83.05,82.51,81.42,80.88,79.79,81.96,81.96,80.88,80.88,80.33,79.79,78.71"
Rec-029_10s_2,1,5,2707,core,311,331,0.0,9.0,0.9891,315,333,321,337,1.0,True,83.2347,93.3608,79.7922,3.0974,82.5059,"93.36,90.10,87.93,87.39,86.31,85.76,85.76,86.85,85.22,84.13,84.13,83.59,83.59,83.05,83.05,83.05,82.51,82.51,82.51,81.96,81.96,81.42,81.42,80.88,80.88,80.88,80.88,80.88,80.88,80.33,80.33,80.33,79.79,79.79,79.79"
Rec-029_10s_2,1,6,2708,core,320,331,0.0,9.0,0.9894,324,333,330,337,1.0,True,85.3282,95.5318,81.9631,3.1722,84.1341,"95.53,92.28,90.10,89.56,89.02,88.48,88.48,88.48,87.39,86.31,85.76,85.76,85.76,85.76,85.22,84.68,84.13,84.13,84.13,84.13,84.13,83.05,83.05,83.05,83.05,83.05,83.05,83.05,81.96,81.96,81.96,82.51,82.51,82.51,82.51"
Rec-029_10s_2,1,7,2709,core,325,331,0.0,5.0,0.9882,329,333,335,337,1.0,True,86.7703,94.4463,83.0486,2.9504,85.7624,"94.45,92.28,91.19,91.19,90.65,90.65,90.65,89.56,88.48,87.93,87.93,87.93,87.93,87.93,86.31,85.76,85.76,85.76,85.76,85.76,86.31,84.13,84.68,84.68,84.68,84.68,84.68,84.68,83.05,83.05,83.59,83.59,83.59,83.59,84.13"
Rec-029_10s_2,1,8,2710,core,329,331,0.0,4.0,0.9895,333,333,339,337,1.0,True,88.5381,98.2455,84.6769,3.4976,87.9333,"98.25,95.53,94.45,93.36,93.36,92.28,92.28,91.19,90.10,90.10,90.10,89.56,89.56,89.56,87.93,87.93,87.93,87.93,87.93,87.93,87.93,85.76,85.76,85.76,86.31,85.76,85.76,85.76,84.68,84.68,84.68,84.68,84.68,84.68,84.68"
Rec-029_10s_2,1,9,2711,core,334,331,0.0,5.0,0.9891,338,333,344,337,1.0,True,89.6701,98.2455,85.2196,3.4419,89.0188,"98.25,96.07,95.53,94.45,94.45,94.45,93.36,92.28,91.73,91.19,91.19,91.19,91.19,90.65,89.56,89.02,89.02,89.02,89.02,89.02,88.48,87.39,87.39,87.39,86.85,86.85,86.85,86.85,85.76,85.76,85.76,85.76,85.76,85.22,85.76"
Rec-029_10s_2,1,10,2712,core,338,331,0.0,4.0,0.9895,342,333,348,337,1.0,True,90.492,99.8737,85.7624,3.7994,89.5616,"99.87,97.70,96.62,95.53,95.53,94.99,94.99,94.45,93.36,92.28,92.28,91.73,91.73,91.73,90.10,90.10,90.10,89.56,89.56,89.56,89.56,87.93,87.93,87.93,87.93,87.93,87.39,86.85,86.31,86.31,86.31,85.76,85.76,85.76,85.76"
Rec-029_10s_2,1,11,2713,core,343,331,0.0,5.0,0.9888,347,333,353,337,1.0,True,90.1198,99.331,83.5914,4.0293,90.1043,"99.33,97.70,96.62,95.53,95.53,94.45,93.36,94.45,93.36,93.36,92.28,91.73,91.19,90.65,90.65,90.65,90.10,90.10,89.56,88.48,87.93,87.93,87.93,87.93,87.93,86.85,85.76,85.76,86.85,86.31,85.76,85.76,84.68,84.13,83.59"
Rec-029_10s_2,1,12,2714,core,347,331,0.0,4.0,0.9871,351,333,357,337,1.0,True,87.8868,101.502,77.6212,5.4218,87.3906,"101.50,98.25,96.07,94.45,92.28,90.10,83.59,95.53,93.36,92.28,91.19,90.10,87.93,81.96,91.19,90.10,89.56,88.48,87.39,85.22,80.33,87.93,87.39,86.85,85.76,84.68,83.05,78.71,85.76,85.22,84.13,84.13,83.05,80.88,77.62"
Rec-029_10s_2,1,13,2715,core,352,331,0.0,5.0,0.9863,356,333,362,337,0.2857,False,78.6136,94.4463,74.3647,4.5732,76.5357,"94.45,85.76,79.79,77.62,76.54,75.99,75.45,89.56,83.05,78.71,77.08,75.99,75.45,74.91,86.31,81.42,78.16,76.54,75.99,75.45,74.91,84.13,79.79,77.62,76.54,75.99,75.45,74.91,81.96,78.71,76.54,75.99,75.45,74.91,74.36"
Rec-029_10s_2,1,14,2716,core,355,331,0.0,3.0,0.9832,359,333,365,337,0.0,False,76.3961,84.1341,74.3647,1.895,75.9929,"84.13,80.33,77.62,77.08,75.99,75.99,75.45,80.33,77.62,77.08,75.99,75.99,75.45,74.91,78.16,77.08,75.99,75.99,75.99,75.45,74.91,77.08,75.99,75.99,75.45,75.45,74.91,74.91,75.99,75.99,75.45,74.91,74.91,74.91,74.36"
Rec-029_10s_2,2,1,2847,core,290,331,-135.0,1.41,0.987,294,333,300,337,1.0,True,89.4065,103.1302,82.5059,5.2806,88.4761,"103.13,100.42,98.25,96.62,96.07,96.07,95.53,92.28,92.28,91.73,91.73,91.73,91.19,91.19,87.93,88.48,88.48,88.48,88.48,88.48,88.48,84.68,85.22,85.76,85.76,85.76,85.76,85.76,82.51,83.05,83.59,83.59,83.59,83.59,83.59"
Rec-029_10s_2,2,2,2848,core,302,331,0.0,12.0,0.988,306,333,312,337,1.0,True,89.8562,104.2157,83.0486,4.8654,89.0188,"104.22,100.42,97.70,95.53,94.99,93.36,93.36,96.07,94.45,92.28,91.19,90.65,89.56,89.02,91.19,90.65,89.56,89.02,88.48,87.93,86.85,87.93,87.93,87.39,86.31,85.76,85.76,85.22,85.76,85.22,85.22,84.68,84.13,84.13,83.05"
Rec-029_10s_2,2,3,2849,core,307,331,0.0,5.0,0.9852,311,333,317,337,1.0,True,88.6001,100.9592,83.0486,4.2262,87.9333,"100.96,97.70,95.53,94.45,93.36,92.28,91.73,93.36,91.19,90.65,89.56,89.56,89.02,89.02,89.56,89.02,87.93,87.93,87.39,86.85,86.31,86.85,86.31,85.76,85.76,85.22,85.22,84.68,84.68,84.13,84.13,84.13,84.13,83.59,83.05"
Rec-029_10s_2,2,4,2850,core,311,331,0.0,4.0,0.989,315,333,321,337,1.0,True,88.8637,101.502,83.5914,4.1952,87.9333,"101.50,97.70,95.53,94.45,93.36,92.28,92.28,93.36,91.73,91.19,90.10,89.56,89.56,89.56,89.56,88.48,87.93,87.93,87.93,87.93,87.39,86.85,86.31,85.76,85.76,85.76,85.76,85.76,84.68,84.13,84.13,84.13,84.13,84.13,83.59"
Rec-029_10s_2,2,5,2851,core,316,331,0.0,5.0,0.9865,320,333,326,337,1.0,True,88.9258,98.7882,84.1341,3.7389,88.4761,"98.79,96.07,94.99,94.45,93.36,93.36,92.28,92.28,91.19,91.19,90.65,90.10,90.10,89.56,89.56,89.02,88.48,88.48,87.93,87.93,87.93,86.85,86.31,86.31,86.31,85.76,85.76,85.76,85.22,84.68,84.68,84.68,84.13,84.13,84.13"
Rec-029_10s_2,2,6,2852,core,320,331,0.0,4.0,0.9895,324,333,330,337,1.0,True,90.0888,101.502,85.2196,3.9127,89.5616,"101.50,98.25,96.07,94.99,94.45,94.45,93.36,94.45,92.28,91.73,91.19,91.19,91.19,91.19,90.10,89.56,89.56,89.56,89.02,89.02,89.02,87.93,87.93,87.39,87.39,87.39,87.39,86.85,85.76,85.76,85.76,85.76,85.22,85.22,85.22"
Rec-029_10s_2,2,7,2853,core,325,331,0.0,5.0,0.9871,329,333,335,337,1.0,True,90.4145,99.8737,85.7624,3.6519,89.5616,"99.87,97.70,96.07,95.53,94.99,94.45,93.36,94.45,93.36,92.28,92.28,91.73,91.19,91.19,90.65,90.10,90.10,89.56,89.56,89.56,89.02,88.48,87.93,87.93,87.93,87.93,87.93,87.39,86.31,86.31,86.31,85.76,85.76,85.76,85.76"
Rec-029_10s_2,2,8,2854,core,329,331,0.0,4.0,0.9896,333,333,339,337,1.0,True,91.4069,102.0447,86.8478,3.7292,90.6471,"102.04,98.79,97.16,95.53,95.53,95.53,95.53,95.53,94.45,93.36,92.28,92.28,92.28,92.28,91.73,91.19,90.65,90.65,90.65,90.65,90.10,89.56,89.02,88.48,89.02,88.48,88.48,88.48,87.39,87.39,86.85,87.39,86.85,86.85,86.85"
Rec-029_10s_2,2,9,2855,core,334,331,0.0,5.0,0.9876,338,333,344,337,1.0,True,92.0737,100.4165,87.3906,3.5816,91.1898,"100.42,98.79,98.25,97.16,96.62,96.62,96.07,94.99,94.45,94.45,94.45,93.36,93.36,93.36,91.73,91.73,91.19,91.19,91.19,91.19,91.19,89.56,89.56,89.56,89.56,89.56,89.56,89.56,87.93,87.93,87.93,87.93,87.39,87.39,87.39"
Rec-029_10s_2,2,10,2856,core,338,331,0.0,4.0,0.9894,342,333,348,337,1.0,True,93.0661,103.1302,87.9333,4.0331,92.2753,"103.13,100.42,99.33,98.25,98.25,97.70,97.70,97.16,95.53,95.53,95.53,94.99,94.99,94.45,93.36,92.28,92.28,92.28,92.28,92.28,91.73,90.65,90.10,90.10,90.10,90.10,89.56,89.56,88.48,88.48,88.48,88.48,87.93,87.93,87.93"
Rec-029_10s_2,2,11,2857,core,343,331,0.0,5.0,0.9877,347,333,353,337,1.0,True,93.0507,103.1302,85.7624,4.2405,93.3608,"103.13,100.96,99.87,98.79,98.25,97.16,95.53,97.70,96.62,96.07,95.53,94.99,94.45,93.36,94.45,93.36,93.36,93.36,92.28,91.19,91.19,91.19,91.19,90.65,90.65,89.56,89.02,87.93,89.02,89.02,88.48,87.93,87.93,86.85,85.76"
Rec-029_10s_2,2,12,2858,core,347,331,0.0,4.0,0.9882,351,333,357,337,1.0,True,90.1663,103.6729,78.7067,5.7975,89.5616,"103.67,100.96,98.25,96.62,94.45,91.19,84.13,98.25,96.62,95.53,94.45,92.28,89.56,83.05,94.45,93.36,92.28,91.19,89.56,86.85,81.42,91.19,90.10,89.56,88.48,86.85,85.22,80.33,88.48,87.93,87.39,85.76,84.68,83.05,78.71"
Rec-029_10s_2,2,13,2859,core,352,331,0.0,5.0,0.9858,356,333,362,337,0.2857,False,79.2029,95.5318,74.3647,5.1528,77.0784,"95.53,86.85,80.33,77.62,76.54,75.99,75.45,91.73,84.68,79.79,77.62,75.99,75.99,75.45,88.48,83.05,78.71,77.08,75.99,75.45,74.91,85.76,80.88,77.62,76.54,75.99,74.91,74.91,84.13,79.79,77.62,75.99,75.45,74.91,74.36"
Rec-029_10s_2,2,14,2860,core,355,331,0.0,3.0,0.9836,359,333,365,337,0.0,False,76.4737,84.1341,74.3647,1.9321,75.9929,"84.13,80.33,78.16,77.08,75.99,75.99,75.45,80.33,78.16,77.08,75.99,75.99,75.45,74.91,78.16,77.08,76.54,75.99,75.45,75.45,74.91,77.62,76.54,75.99,75.45,75.45,74.91,74.91,76.54,75.99,75.45,75.45,74.91,74.36,74.36"
Rec-029_10s_2,3,1,2984,core,290,331,0.0,0.0,0.9881,294,333,300,337,1.0,True,91.8721,106.3867,84.6769,5.1723,91.1898,"106.39,103.13,99.87,98.79,98.25,97.70,97.16,95.53,94.45,94.45,93.36,93.36,93.36,93.36,90.65,90.65,91.19,91.19,91.19,91.19,91.19,87.39,87.93,88.48,88.48,88.48,88.48,88.48,84.68,85.76,85.76,86.31,86.31,86.31,86.31"
Rec-029_10s_2,3,2,2985,core,299,331,0.0,9.0,0.9873,303,333,309,337,1.0,True,92.7715,108.0149,86.3051,4.881,91.7325,"108.01,103.67,100.42,98.25,97.16,96.07,95.53,98.79,96.62,95.53,94.45,93.36,93.36,92.28,94.45,93.36,92.28,91.73,91.19,91.19,90.65,90.65,90.10,89.56,89.56,89.56,89.02,88.48,87.93,87.93,87.93,87.39,87.39,86.85,86.31"
Rec-029_10s_2,3,3,2986,core,304,331,0.0,5.0,0.9878,308,333,314,337,1.0,True,91.7946,104.2157,85.7624,4.3065,91.1898,"104.22,100.96,98.25,97.16,96.07,95.53,94.99,97.16,95.53,94.45,93.36,92.28,92.28,91.19,93.36,92.28,91.19,91.19,90.65,90.10,89.56,90.10,89.56,89.56,89.02,88.48,87.93,87.93,87.93,87.93,87.39,86.85,86.85,85.76,85.76"
Rec-029_10s_2,3,4,2987,core,313,331,0.0,9.0,0.9891,317,333,323,337,1.0,True,91.3139,102.0447,86.3051,3.7222,90.6471,"102.04,98.79,97.16,95.53,95.53,94.99,94.45,95.53,94.45,93.36,92.28,92.28,91.73,91.73,92.28,91.73,91.19,90.65,90.10,90.10,89.56,89.56,89.56,89.02,89.02,88.48,87.93,87.93,87.39,87.39,87.39,87.39,86.85,86.31,86.31"
Rec-029_10s_2,3,5,2988,core,317,331,0.0,4.0,0.9884,321,333,327,337,1.0,True,91.9031,103.6729,87.3906,3.9111,91.1898,"103.67,100.42,98.25,96.62,95.53,95.53,94.99,96.07,94.99,93.36,93.36,93.36,92.28,92.28,92.28,91.73,91.19,91.19,91.19,90.65,90.65,89.56,89.56,89.56,89.02,89.02,89.02,89.02,87.93,87.39,87.39,87.39,87.39,87.39,87.39"
Rec-029_10s_2,3,6,2989,core,326,331,0.0,9.0,0.9883,330,333,336,337,1.0,True,93.764,105.3012,89.0188,4.0415,93.3608,"105.30,102.04,99.87,98.25,98.25,97.70,97.70,98.25,96.62,95.53,95.53,95.53,94.99,94.99,94.45,93.36,93.36,93.36,92.28,92.28,92.28,91.19,91.19,91.19,91.19,90.65,90.65,90.65,89.02,89.02,89.02,89.02,89.02,89.02,89.02"
Rec-029_10s_2,3,7,2990,core,335,331,0.0,9.0,0.9881,339,333,345,337,1.0,True,95.051,106.3867,89.5616,4.1452,94.4463,"106.39,103.13,101.50,100.42,99.33,98.79,98.25,99.87,98.25,97.70,96.62,96.62,96.07,96.07,95.53,95.53,94.99,94.45,94.45,94.45,94.45,92.28,92.28,92.28,92.28,91.73,91.73,91.19,90.65,90.10,90.10,90.10,90.10,89.56,89.56"
Rec-029_10s_2,3,8,2991,core,340,331,0.0,5.0,0.9899,344,333,350,337,1.0,True,95.1131,105.3012,89.5616,3.8686,94.989,"105.30,102.04,100.96,99.87,99.87,98.79,98.25,99.33,98.25,97.70,97.16,97.16,96.62,95.53,95.53,95.53,95.53,94.99,94.45,94.45,93.36,93.36,92.28,92.28,92.28,92.28,91.73,91.19,91.19,91.19,90.65,90.65,90.10,89.56,89.56"
Rec-029_10s_2,3,9,2992,core,344,331,0.0,4.0,0.9867,348,333,354,337,1.0,True,94.3222,106.3867,86.8478,4.398,93.3608,"106.39,103.13,100.96,99.33,98.25,96.62,94.99,100.42,98.79,98.25,96.62,95.53,94.99,93.36,96.07,95.53,94.99,94.45,93.36,92.28,91.19,93.36,93.36,92.28,91.73,91.19,90.10,88.48,91.19,90.65,90.10,89.56,89.02,87.93,86.85"
Rec-029_10s_2,3,10,2993,core,349,331,0.0,5.0,0.9886,353,333,359,337,0.7143,False,86.3051,102.0447,75.9929,7.3128,85.7624,"102.04,98.25,95.53,92.28,85.22,79.79,77.62,97.70,95.53,93.36,91.19,84.13,78.71,77.08,94.45,92.28,91.19,87.93,82.51,78.16,76.54,91.19,90.10,88.48,85.76,80.88,77.62,75.99,88.48,87.93,85.76,84.13,79.79,77.08,75.99"
Rec-029_10s_2,3,11,2994,core,353,331,0.0,4.0,0.9855,357,333,363,337,0.1429,False,78.0089,91.1898,74.9074,3.641,76.5357,"91.19,83.05,79.79,77.62,76.54,75.99,75.99,86.85,80.88,78.16,77.08,75.99,75.99,75.45,84.13,79.79,77.62,75.99,75.99,75.45,74.91,81.96,78.71,77.08,75.99,75.45,75.45,74.91,80.88,77.62,76.54,75.99,75.45,74.91,74.91"
Rec-029_10s_2,3,12,2995,core,356,330,18.43,3.16,0.9874,360,332,366,336,0.0,False,76.5047,84.6769,74.3647,2.0388,75.9929,"84.68,80.33,78.16,77.08,75.99,75.99,75.45,80.88,78.16,77.08,76.54,75.99,75.45,75.45,78.71,77.08,75.99,75.99,75.45,74.91,74.36,77.08,75.99,75.99,75.99,75.45,74.91,74.36,76.54,75.99,75.99,75.45,74.91,74.91,74.36"
Rec-029_10s_2,4,1,3126,core,290,331,0.0,0.0,0.988,294,333,300,337,1.0,True,92.9266,107.4722,85.7624,5.0729,92.2753,"107.47,103.67,100.96,99.33,98.79,98.25,98.25,97.16,95.53,94.99,94.99,94.99,94.45,94.45,91.19,91.73,92.28,92.28,92.28,92.28,91.73,88.48,89.02,89.56,89.56,89.56,89.56,89.56,85.76,86.85,87.39,87.39,87.39,87.39,87.93"
Rec-029_10s_2,4,2,3127,core,292,331,0.0,2.0,0.9866,296,333,302,337,1.0,True,93.795,108.5576,87.9333,4.9213,93.3608,"108.56,104.22,101.50,99.87,98.79,98.25,97.70,98.79,97.16,96.07,95.53,95.53,94.99,94.45,94.45,93.36,93.36,93.36,92.28,92.28,92.28,90.65,90.65,90.65,90.65,90.65,90.65,90.10,87.93,87.93,88.48,87.93,87.93,87.93,87.93"
Rec-029_10s_2,4,3,3128,core,297,331,0.0,5.0,0.9851,301,333,307,337,1.0,True,93.6089,106.3867,87.9333,4.3446,93.3608,"106.39,103.13,100.42,98.79,98.25,97.16,96.07,98.79,97.16,95.53,95.53,94.45,93.36,93.36,94.99,94.45,93.36,93.36,92.28,92.28,91.19,91.73,91.19,91.19,91.19,90.65,89.56,89.56,89.56,89.56,89.02,88.48,88.48,87.93,87.93"
Rec-029_10s_2,4,4,3129,core,306,331,0.0,9.0,0.9859,310,333,316,337,1.0,True,92.5234,103.6729,87.3906,3.7453,91.7325,"103.67,100.42,98.25,97.16,96.07,95.53,94.99,97.16,95.53,94.45,93.36,93.36,92.28,92.28,94.45,93.36,92.28,91.73,91.73,91.19,90.65,91.19,90.65,90.65,90.10,89.56,89.56,89.02,89.56,88.48,88.48,87.93,87.93,87.93,87.39"
Rec-029_10s_2,4,5,3130,core,310,331,0.0,4.0,0.9896,314,333,320,337,1.0,True,92.3993,105.3012,87.3906,3.9589,91.7325,"105.30,100.96,98.25,97.16,95.53,95.53,94.45,97.70,95.53,94.45,93.36,92.28,92.28,92.28,93.36,92.28,92.28,91.73,91.19,91.19,90.65,91.19,90.65,90.10,89.56,89.56,89.56,89.56,88.48,88.48,87.93,87.93,87.93,87.93,87.39"
Rec-029_10s_2,4,6,3131,core,319,331,0.0,9.0,0.9902,323,333,329,337,1.0,True,93.0506,103.6729,88.4761,3.5037,92.2753,"103.67,100.42,98.25,97.16,96.62,96.07,96.07,97.16,95.53,94.45,94.45,94.45,93.36,93.36,93.36,93.36,92.28,92.28,92.28,92.28,91.73,91.19,91.19,90.65,90.65,90.65,90.65,90.65,89.02,89.02,89.02,89.02,89.02,89.02,88.48"
Rec-029_10s_2,4,7,3132,core,324,331,0.0,5.0,0.9883,328,333,334,337,1.0,True,93.7019,102.0447,89.5616,3.2722,93.3608,"102.04,99.87,98.25,98.25,97.70,97.16,97.16,97.16,95.53,95.53,94.99,94.99,94.99,94.99,94.45,93.36,93.36,93.36,93.36,93.36,93.36,91.73,91.73,91.19,91.19,91.19,91.19,91.19,89.56,89.56,89.56,89.56,89.56,89.56,89.56"
Rec-029_10s_2,4,8,3133,core,328,331,0.0,4.0,0.9905,332,333,338,337,1.0,True,94.9115,105.3012,90.6471,3.5841,94.4463,"105.30,102.04,100.42,99.33,98.79,98.25,98.25,98.25,97.16,96.62,96.62,96.07,96.07,96.07,95.53,94.45,94.45,94.45,94.45,94.45,94.45,92.28,92.28,92.28,92.28,92.28,92.28,92.28,90.65,90.65,90.65,90.65,90.65,90.65,90.65"
Rec-029_10s_2,4,9,3134,core,333,331,0.0,5.0,0.9892,337,333,343,337,1.0,True,95.9349,105.3012,91.1898,3.6382,95.5318,"105.30,102.04,101.50,100.96,100.42,99.87,99.33,99.33,98.25,98.25,97.70,97.70,97.70,97.70,96.07,95.53,95.53,95.53,95.53,95.53,95.53,93.36,93.36,93.36,93.36,93.36,93.36,93.36,91.19,91.19,91.73,91.19,91.19,91.19,91.19"
Rec-029_10s_2,4,10,3135,core,337,331,0.0,4.0,0.9906,341,333,347,337,1.0,True,96.7413,106.9294,91.1898,4.0159,96.6172,"106.93,104.22,103.13,102.04,101.50,100.96,100.42,100.96,99.87,98.79,98.25,98.25,98.25,98.25,97.16,97.16,96.62,96.62,96.07,95.53,95.53,94.45,94.45,94.45,94.45,93.36,93.36,93.36,92.28,91.73,91.73,91.73,91.73,91.19,91.19"
Rec-029_10s_2,4,11,3136,core,342,331,0.0,5.0,0.9896,346,333,352,337,1.0,True,96.09,105.8439,89.5616,3.9894,95.5318,"105.84,103.67,102.04,101.50,100.96,99.33,98.25,100.96,99.87,98.79,98.25,97.70,96.62,95.53,97.70,97.16,96.62,96.07,95.53,94.99,93.36,94.99,94.45,94.45,93.36,93.36,92.28,91.19,92.28,92.28,91.73,91.19,91.19,90.10,89.56"
Rec-029_10s_2,4,12,3137,core,346,331,0.0,4.0,0.9895,350,333,356,337,1.0,True,93.857,106.9294,84.1341,4.958,93.3608,"106.93,103.67,101.50,99.33,97.70,95.53,92.28,100.96,99.33,97.70,96.07,94.99,93.36,90.65,97.16,96.07,95.53,94.45,92.28,91.19,88.48,94.45,93.36,92.28,91.73,90.10,89.02,86.31,91.73,91.19,90.65,89.56,88.48,86.85,84.13"
Rec-029_10s_2,4,13,3138,core,355,331,0.0,9.0,0.9888,359,333,365,337,0.0,False,76.3806,83.0486,74.3647,1.7289,75.9929,"83.05,79.79,77.62,76.54,75.99,75.99,75.45,79.79,77.62,77.08,75.99,75.99,75.45,74.91,78.16,77.08,75.99,75.99,75.99,75.45,74.91,77.62,76.54,75.99,75.99,75.45,74.91,74.36,77.08,75.99,75.45,75.45,74.91,74.36,74.36"
Rec-029_10s_2,5,1,3267,core,291,331,0.0,1.0,0.9848,295,333,301,337,1.0,True,94.2447,106.9294,87.9333,4.6473,93.3608,"106.93,103.13,102.04,100.42,100.42,99.87,99.33,97.70,96.62,96.62,96.07,96.07,95.53,95.53,93.36,93.36,93.36,93.36,93.36,93.36,93.36,90.10,91.19,91.19,91.19,91.19,91.19,91.19,87.93,88.48,89.02,89.02,89.02,89.02,89.02"
Rec-029_10s_2,5,2,3268,core,295,331,0.0,4.0,0.9866,299,333,305,337,1.0,True,95.2061,108.0149,89.5616,4.6349,94.4463,"108.01,105.30,103.13,101.50,100.42,99.33,98.79,99.87,98.25,97.70,97.16,96.07,96.07,95.53,95.53,95.53,94.99,94.45,94.45,94.45,93.36,92.28,92.28,92.28,92.28,91.73,91.19,91.19,90.10,90.10,90.10,90.10,89.56,89.56,89.56"
Rec-029_10s_2,5,3,3269,core,299,331,0.0,4.0,0.9883,303,333,309,337,1.0,True,95.2371,110.7286,89.0188,4.8637,94.4463,"110.73,105.84,103.13,100.96,99.87,98.25,97.70,101.50,98.79,97.70,96.62,95.53,95.53,94.45,96.62,95.53,94.99,94.45,94.45,93.36,92.28,93.36,93.36,92.28,92.28,91.73,91.19,91.19,90.65,90.65,90.10,90.10,89.56,89.56,89.02"
Rec-029_10s_2,5,4,3270,core,304,331,0.0,5.0,0.9874,308,333,314,337,1.0,True,93.9966,106.9294,87.9333,4.191,93.3608,"106.93,103.13,100.42,98.79,98.25,96.62,96.07,99.33,97.70,96.07,95.53,94.45,93.36,93.36,95.53,94.99,94.45,93.36,92.28,92.28,91.73,92.28,92.28,91.73,91.19,91.19,90.65,90.10,90.65,90.10,89.56,89.56,89.56,88.48,87.93"
Rec-029_10s_2,5,5,3271,core,326,331,0.0,22.0,0.9898,330,333,336,337,1.0,True,94.6168,104.2157,90.1043,3.4443,94.4463,"104.22,102.04,99.87,98.79,98.25,98.25,98.25,98.25,96.62,96.07,95.53,95.53,95.53,95.53,94.45,94.45,94.45,94.45,94.45,93.36,94.45,92.28,92.28,92.28,92.28,92.28,91.73,91.73,90.65,90.65,90.65,90.65,90.65,90.10,90.65"
Rec-029_10s_2,5,6,3272,core,331,331,0.0,5.0,0.9907,335,333,341,337,1.0,True,95.4697,104.2157,91.1898,3.3401,94.989,"104.22,102.04,100.42,99.87,99.33,98.79,98.79,98.25,97.70,97.16,97.16,97.16,96.62,96.62,95.53,95.53,95.53,94.99,94.99,94.99,94.99,93.36,93.36,93.36,93.36,93.36,93.36,92.28,91.19,91.19,91.19,91.19,91.19,91.19,91.19"
Rec-029_10s_2,5,7,3273,core,335,331,0.0,4.0,0.99,339,333,345,337,1.0,True,96.5552,106.3867,91.7325,3.6368,95.5318,"106.39,103.67,102.04,101.50,100.96,100.42,99.87,100.42,98.79,98.25,98.25,98.25,97.70,97.70,96.62,96.07,96.07,95.53,95.53,95.53,95.53,94.45,94.45,94.45,94.45,94.45,94.45,93.36,92.28,92.28,92.28,92.28,91.73,91.73,91.73"
Rec-029_10s_2,5,8,3274,core,340,331,0.0,5.0,0.9908,344,333,350,337,1.0,True,96.8188,105.8439,91.1898,3.729,96.6172,"105.84,103.67,102.04,102.04,101.50,100.96,99.87,100.96,99.87,98.79,98.79,98.25,98.25,97.70,97.70,97.16,97.16,96.62,96.07,95.53,95.53,94.99,94.99,94.99,94.45,94.45,93.36,93.36,92.28,92.28,92.28,92.28,91.73,91.73,91.19"
Rec-029_10s_2,5,9,3275,core,344,331,0.0,4.0,0.9889,348,333,354,337,1.0,True,95.8109,107.4722,88.4761,4.4271,94.989,"107.47,105.30,103.13,101.50,99.87,98.25,96.62,101.50,99.87,98.79,98.25,97.16,96.07,94.99,97.70,97.16,96.62,95.53,94.99,93.36,92.28,94.99,94.45,94.45,93.36,92.28,91.19,90.10,92.28,92.28,91.73,91.19,90.65,89.56,88.48"
Rec-029_10s_2,5,10,3276,core,349,331,0.0,5.0,0.9893,353,333,359,337,0.7143,False,87.3596,103.1302,75.9929,7.6623,87.9333,"103.13,99.87,97.16,93.36,85.76,79.79,77.62,98.25,96.62,94.45,92.28,85.22,79.79,77.08,94.99,94.45,92.28,89.56,83.59,78.71,76.54,92.28,91.73,90.10,87.93,82.51,78.16,75.99,90.65,89.56,87.93,85.76,80.88,77.62,75.99"
Rec-029_10s_2,5,11,3277,core,356,330,8.13,7.07,0.9885,360,332,366,336,0.0,False,76.5667,84.6769,74.3647,1.9971,75.9929,"84.68,80.33,78.16,77.08,76.54,75.99,75.99,80.33,78.16,77.08,76.54,75.99,75.45,74.91,78.71,77.08,76.54,75.99,75.45,74.91,74.91,77.62,76.54,75.99,75.99,75.45,74.91,74.36,76.54,75.99,75.99,75.45,74.91,74.91,74.36"
Rec-029_10s_2,6,1,3399,core,290,331,0.0,0.0,0.9878,294,333,300,337,1.0,True,95.0355,109.6431,87.9333,5.208,94.4463,"109.64,105.84,103.13,102.04,101.50,100.96,100.42,98.79,97.70,97.16,97.16,97.16,96.62,96.62,93.36,93.36,94.45,94.45,94.45,94.45,94.45,90.10,90.65,91.19,91.73,91.73,91.73,91.73,87.93,88.48,89.02,89.56,89.56,89.56,89.56"
Rec-029_10s_2,6,2,3400,core,298,331,0.0,8.0,0.9875,302,333,308,337,1.0,True,95.6713,108.5576,89.5616,4.2919,94.989,"108.56,105.30,102.04,100.96,99.87,98.79,98.25,100.96,98.79,98.25,97.16,96.07,95.53,94.99,97.16,96.07,95.53,95.53,94.45,94.45,93.36,94.45,93.36,93.36,93.36,92.28,92.28,91.73,91.73,91.19,91.19,91.19,90.65,90.10,89.56"
Rec-029_10s_2,6,3,3401,core,302,331,0.0,4.0,0.9897,306,333,312,337,1.0,True,95.3612,109.1004,89.5616,4.3878,94.4463,"109.10,105.30,102.04,100.42,98.79,98.25,97.16,101.50,98.79,97.70,96.62,95.53,95.53,94.45,97.16,95.53,95.53,94.45,94.45,93.36,93.36,94.45,93.36,93.36,92.28,92.28,91.73,91.19,91.19,91.19,91.19,90.65,90.65,89.56,89.56"
Rec-029_10s_2,6,4,3402,core,307,331,0.0,5.0,0.9881,311,333,317,337,1.0,True,94.2757,105.3012,89.0188,3.692,94.4463,"105.30,102.04,99.87,98.25,98.25,97.16,96.62,98.79,97.16,96.07,95.53,94.99,94.45,94.45,95.53,94.99,94.45,94.45,93.36,92.28,92.28,93.36,92.28,92.28,91.73,91.19,91.19,90.65,91.19,91.19,90.10,90.10,89.56,89.56,89.02"
Rec-029_10s_2,6,5,3403,core,311,331,0.0,4.0,0.9904,315,333,321,337,1.0,True,94.1206,106.3867,89.0188,3.8666,93.3608,"106.39,103.13,99.87,98.25,97.70,96.62,96.07,98.79,97.16,96.07,95.53,94.45,94.45,93.36,95.53,94.45,94.45,93.36,93.36,92.28,92.28,92.28,92.28,91.73,91.19,91.19,91.19,90.65,91.19,90.65,90.10,90.10,89.56,89.56,89.02"
Rec-029_10s_2,6,6,3404,core,316,331,0.0,5.0,0.989,320,333,326,337,1.0,True,93.4538,103.6729,89.0188,3.3745,92.2753,"103.67,100.42,98.79,97.70,96.62,96.07,95.53,97.70,96.07,95.53,94.45,94.45,93.36,93.36,94.45,94.45,93.36,92.28,92.28,92.28,91.73,92.28,91.73,91.19,91.19,91.19,90.65,90.10,90.10,90.10,90.10,89.56,89.56,89.56,89.02"
Rec-029_10s_2,6,7,3405,core,329,331,0.0,13.0,0.9899,333,333,339,337,1.0,True,95.6713,105.8439,91.1898,3.4725,95.5318,"105.84,102.04,100.96,99.87,99.33,98.79,98.79,99.33,98.25,97.70,97.16,96.62,96.62,96.62,96.07,95.53,95.53,95.53,94.99,94.99,94.99,93.36,93.36,93.36,93.36,93.36,93.36,93.36,91.73,91.19,91.19,91.73,91.19,91.19,91.19"
Rec-029_10s_2,6,8,3406,core,338,331,0.0,9.0,0.9895,342,333,348,337,1.0,True,97.7493,108.0149,92.2753,3.7812,97.7027,"108.01,105.30,103.13,102.04,102.04,101.50,100.96,102.04,100.96,99.87,99.33,99.33,98.79,98.25,98.25,98.25,97.70,97.70,97.16,96.62,96.62,95.53,95.53,95.53,94.99,94.99,94.99,94.45,93.36,93.36,93.36,93.36,93.36,92.28,92.28"
Rec-029_10s_2,6,9,3407,core,343,331,0.0,5.0,0.9894,347,333,353,337,1.0,True,96.9119,107.4722,90.1043,4.0726,96.0745,"107.47,105.30,103.13,102.04,100.96,99.87,98.25,102.04,100.96,99.87,99.33,98.25,97.16,95.53,98.25,98.25,97.70,97.16,96.07,94.99,94.45,95.53,95.53,94.99,94.99,93.36,92.28,91.73,94.45,93.36,93.36,92.28,91.73,91.19,90.10"
Rec-029_10s_2,6,10,3408,core,347,331,0.0,4.0,0.9879,351,333,357,337,1.0,True,92.694,106.3867,80.8776,5.9696,92.2753,"106.39,103.13,100.42,98.25,96.07,92.28,84.13,101.50,99.33,97.70,96.07,94.45,91.19,84.13,97.70,96.07,95.53,94.45,91.73,89.56,83.05,94.99,94.45,92.28,91.19,89.56,87.39,81.96,92.28,91.73,91.19,89.56,87.93,85.76,80.88"
Rec-029_10s_2,6,11,3409,core,356,330,6.34,9.06,0.9838,360,332,366,336,0.0,False,76.5357,84.1341,74.3647,1.9287,75.9929,"84.13,80.33,78.16,77.08,75.99,75.99,75.45,80.88,78.16,77.08,75.99,75.99,75.45,74.91,78.16,77.08,75.99,75.99,75.45,74.91,74.91,77.62,76.54,75.99,75.99,75.45,75.45,74.91,76.54,75.99,75.99,75.45,75.45,74.91,74.36"
Rec-030_90s_2,1,1,4767,core,291,331,0.0,1.0,0.9848,295,333,301,337,1.0,True,77.1405,94.4463,68.3945,6.2273,76.5357,"94.45,90.10,86.85,84.68,83.59,83.05,81.96,84.68,82.51,80.88,79.79,78.71,78.16,77.62,78.16,77.62,77.08,76.54,75.45,74.91,74.36,73.82,73.82,73.82,72.74,72.19,71.65,71.65,70.57,70.57,70.57,70.02,69.48,69.48,68.39"
Rec-030_90s_2,1,2,4768,core,296,331,0.0,5.0,0.9828,300,333,306,337,1.0,True,75.8844,90.6471,68.3945,5.5285,74.9074,"90.65,86.85,84.13,83.05,81.96,81.42,80.88,83.05,80.33,78.71,78.16,77.62,77.08,76.54,77.62,75.99,75.45,74.91,74.36,73.82,73.82,73.82,73.28,72.19,71.65,71.65,70.57,70.57,70.57,70.02,70.02,69.48,68.94,68.39,68.39"
Rec-030_90s_2,1,3,4769,core,300,331,0.0,4.0,0.9868,304,333,310,337,1.0,True,75.9774,91.1898,68.3945,5.7093,74.9074,"91.19,87.93,84.68,83.05,82.51,81.42,80.88,83.05,80.88,78.71,78.71,77.62,77.62,76.54,77.62,75.99,75.45,74.91,74.36,73.82,73.82,73.28,72.74,72.19,71.65,71.65,70.57,70.57,70.57,70.02,69.48,69.48,68.94,68.94,68.39"
Rec-030_90s_2,1,4,4770,core,305,331,0.0,5.0,0.9841,309,333,315,337,1.0,True,75.5898,89.5616,68.3945,5.2961,74.9074,"89.56,85.76,83.59,83.05,81.42,80.88,80.33,81.96,79.79,78.71,78.16,77.62,76.54,76.54,76.54,75.99,75.45,74.91,73.82,73.82,73.28,73.28,72.74,72.19,71.65,71.65,70.57,70.57,70.57,70.02,69.48,69.48,68.94,68.39,68.39"
Rec-030_90s_2,1,5,4771,core,309,331,0.0,4.0,0.9869,313,333,319,337,1.0,True,75.8534,90.6471,68.3945,5.4712,74.9074,"90.65,86.85,84.13,83.05,81.96,80.88,80.88,83.05,80.33,78.71,78.16,77.62,77.08,76.54,76.54,75.99,75.45,74.91,74.36,73.82,73.82,73.28,72.74,72.19,71.65,71.65,71.65,70.57,70.02,70.02,70.02,69.48,69.48,68.94,68.39"
Rec-030_90s_2,1,6,4772,core,314,331,0.0,5.0,0.9853,318,333,324,337,1.0,True,76.1635,88.4761,70.0227,4.8523,75.4502,"88.48,85.76,83.59,83.05,81.96,81.42,80.88,81.42,79.79,78.71,78.16,77.62,77.62,77.62,76.54,75.99,75.99,75.45,75.45,74.91,74.91,73.28,73.28,72.74,72.74,72.19,72.19,72.19,70.57,70.57,70.57,70.02,70.02,70.02,70.02"
Rec-030_90s_2,1,7,4773,core,318,331,0.0,4.0,0.9881,322,333,328,337,1.0,True,77.4196,90.6471,71.651,4.9337,76.5357,"90.65,87.39,84.68,84.13,83.05,83.05,82.51,83.05,80.88,79.79,79.79,78.71,78.71,78.71,77.62,77.08,77.08,76.54,75.99,75.99,75.99,73.82,73.82,73.82,73.82,73.82,73.82,73.82,71.65,71.65,71.65,71.65,71.65,71.65,71.65"
Rec-030_90s_2,1,8,4774,core,323,331,0.0,5.0,0.9863,327,333,333,337,1.0,True,78.0709,89.0188,72.1937,4.5084,77.6212,"89.02,86.31,84.68,84.13,83.59,83.59,83.59,83.05,81.42,80.88,79.79,79.79,79.79,79.79,78.16,77.62,77.62,77.62,77.08,77.08,77.08,74.91,74.91,74.91,74.91,74.36,74.36,74.36,72.74,72.74,72.74,72.74,72.74,72.19,72.19"
Rec-030_90s_2,1,9,4775,core,327,331,0.0,4.0,0.9882,331,333,337,337,1.0,True,79.6836,91.7325,73.822,4.9196,78.7067,"91.73,89.02,87.39,86.31,85.76,85.76,85.76,84.13,83.05,82.51,81.96,81.96,81.96,81.42,79.79,78.71,78.71,78.71,78.71,78.71,78.16,75.99,75.99,75.99,75.99,75.99,75.99,75.99,73.82,73.82,73.82,73.82,73.82,73.82,73.82"
Rec-030_90s_2,1,10,4776,core,332,331,0.0,5.0,0.9881,336,333,342,337,1.0,True,80.6295,91.1898,74.3647,4.9068,79.7922,"91.19,89.56,87.93,87.93,87.39,87.39,86.85,84.68,84.13,83.05,83.05,83.05,83.05,83.05,80.33,79.79,79.79,79.79,79.79,79.79,79.79,77.62,77.08,77.08,77.08,76.54,76.54,76.54,74.91,74.91,74.91,74.36,74.36,74.36,74.36"
Rec-030_90s_2,1,11,4777,core,336,331,0.0,4.0,0.989,340,333,346,337,1.0,True,81.5755,94.4463,74.9074,5.1727,80.3349,"94.45,91.19,89.56,89.02,88.48,87.93,87.93,86.31,85.22,84.13,84.13,83.59,83.59,83.05,81.42,80.88,80.88,80.33,80.33,80.33,79.79,78.16,77.62,77.62,77.62,77.62,77.62,77.62,75.99,75.45,75.99,75.99,75.45,74.91,74.91"
Rec-030_90s_2,1,12,4778,core,341,331,0.0,5.0,0.9886,345,333,351,337,1.0,True,81.4979,92.2753,74.9074,4.8599,80.8776,"92.28,90.65,89.56,88.48,87.93,87.39,86.31,86.31,85.22,84.68,84.13,83.59,83.59,83.05,81.42,81.42,80.88,80.88,80.88,80.33,79.79,78.71,78.16,77.62,77.62,77.62,77.62,77.08,75.99,75.99,75.99,75.99,75.45,74.91,74.91"
Rec-030_90s_2,1,13,4779,core,345,331,0.0,4.0,0.9869,349,333,355,337,1.0,True,81.4669,94.4463,73.822,5.0871,80.8776,"94.45,91.19,89.56,88.48,87.93,86.31,85.22,87.39,85.76,84.68,84.13,83.59,83.05,81.96,82.51,81.96,80.88,80.88,80.33,79.79,78.71,78.71,78.71,78.16,77.62,77.62,77.08,75.99,76.54,75.99,75.99,75.99,75.45,74.91,73.82"
Rec-030_90s_2,1,14,4780,core,350,331,0.0,5.0,0.9844,354,333,360,337,0.4286,False,78.1329,91.1898,74.3647,4.1698,75.9929,"91.19,88.48,84.68,78.71,77.62,75.99,75.45,85.76,84.13,81.96,78.16,76.54,75.99,75.45,81.96,80.88,78.71,77.08,75.99,75.45,74.91,78.71,77.62,77.08,75.99,75.45,74.91,74.36,75.99,75.99,74.91,74.91,74.91,74.36,74.36"
Rec-030_90s_2,1,15,4781,core,354,331,0.0,4.0,0.9854,358,333,364,337,0.0,False,75.993,83.0486,73.822,1.8256,75.4502,"83.05,79.79,77.62,76.54,75.99,75.45,74.91,79.79,77.62,76.54,75.99,75.45,74.91,74.36,77.62,76.54,75.99,75.99,75.45,74.91,74.91,76.54,75.99,75.45,74.91,74.91,74.36,74.36,75.99,75.45,74.91,74.91,74.36,74.36,73.82"
Rec-030_90s_2,1,16,4782,core,355,330,45.0,1.41,0.9882,359,332,365,336,0.0,False,76.6597,87.3906,74.3647,2.6686,75.9929,"87.39,82.51,78.71,77.62,76.54,75.99,75.45,82.51,78.71,77.62,76.54,75.99,75.45,74.91,78.71,77.08,76.54,75.99,75.45,74.91,74.36,77.08,75.99,75.99,75.45,74.91,74.91,74.36,75.99,75.45,75.45,74.91,74.91,74.36,74.36"
Rec-030_90s_2,2,1,4911,core,290,331,0.0,0.0,0.9878,294,333,300,337,1.0,True,85.3282,102.0447,75.9929,7.0668,84.1341,"102.04,99.33,97.16,96.07,94.99,93.36,92.28,91.19,90.10,89.56,89.02,88.48,87.93,86.85,84.68,84.68,84.68,84.13,84.13,83.59,83.05,80.33,80.33,80.33,80.33,80.33,79.79,79.79,77.08,77.08,77.08,77.08,77.08,76.54,75.99"
Rec-030_90s_2,2,2,4912,core,295,331,0.0,5.0,0.9861,299,333,305,337,1.0,True,84.9095,103.1302,75.9929,6.5814,84.1341,"103.13,98.25,95.53,93.36,91.73,91.19,90.10,92.28,90.10,88.48,87.93,86.85,85.76,85.76,86.31,85.76,84.13,84.13,83.59,83.05,81.96,81.96,81.42,80.88,80.33,79.79,79.79,78.71,78.16,77.62,77.62,77.62,76.54,75.99,75.99"
Rec-030_90s_2,2,3,4913,core,300,331,0.0,5.0,0.9833,304,333,310,337,1.0,True,83.7464,98.2455,75.9929,5.6412,83.0486,"98.25,94.45,92.28,91.19,90.65,89.56,89.56,89.56,87.93,86.85,86.31,85.76,85.76,85.22,84.68,83.59,83.59,83.05,83.05,82.51,81.96,80.88,80.33,79.79,79.79,79.79,78.71,78.71,77.62,77.62,77.08,76.54,76.54,75.99,75.99"
Rec-030_90s_2,2,4,4914,core,304,331,0.0,4.0,0.9862,308,333,314,337,1.0,True,84.1031,99.331,75.9929,5.8007,83.0486,"99.33,95.53,93.36,91.19,90.65,89.56,89.56,90.65,89.02,87.93,86.85,85.76,85.22,85.22,85.22,84.13,84.13,83.05,83.05,82.51,81.96,80.88,80.88,80.33,80.33,79.79,79.79,78.71,77.62,77.62,77.62,77.08,77.08,75.99,75.99"
Rec-030_90s_2,2,5,4915,core,309,331,0.0,5.0,0.9837,313,333,319,337,1.0,True,83.5449,96.0745,76.5357,5.1837,83.0486,"96.07,93.36,91.73,90.65,89.56,89.56,89.02,89.02,87.93,86.85,85.76,85.76,84.68,84.68,84.13,83.59,83.05,83.05,82.51,81.96,81.96,80.88,80.33,80.33,79.79,79.79,79.79,78.71,77.62,77.62,77.62,77.08,76.54,76.54,76.54"
Rec-030_90s_2,2,6,4916,core,313,331,0.0,4.0,0.987,317,333,323,337,1.0,True,84.1341,98.2455,77.0784,5.3588,83.5914,"98.25,94.99,92.28,91.19,90.10,89.56,89.56,90.10,87.93,87.39,86.31,85.76,85.76,85.22,84.68,84.13,83.59,83.59,83.05,83.05,82.51,80.88,80.88,80.33,80.33,80.33,79.79,79.79,78.16,77.62,77.62,77.62,77.62,77.62,77.08"
Rec-030_90s_2,2,7,4917,core,318,331,0.0,5.0,0.9861,322,333,328,337,1.0,True,83.979,95.5318,77.6212,4.9448,83.0486,"95.53,93.36,91.19,91.19,90.10,89.56,89.56,89.02,87.93,86.85,86.31,85.76,85.76,85.76,84.13,84.13,83.59,83.05,83.05,83.05,83.05,80.88,80.88,80.88,80.33,80.33,80.33,79.79,78.16,77.62,77.62,77.62,77.62,77.62,77.62"
Rec-030_90s_2,2,8,4918,core,327,331,0.0,9.0,0.9868,331,333,337,337,1.0,True,86.3671,97.7027,79.7922,5.1535,85.7624,"97.70,95.53,94.45,93.36,93.36,93.36,92.28,90.65,89.56,89.56,89.56,89.02,89.02,88.48,85.76,85.76,85.76,85.76,85.76,85.76,85.22,83.05,83.05,82.51,82.51,82.51,82.51,82.51,79.79,79.79,79.79,79.79,79.79,79.79,79.79"
Rec-030_90s_2,2,9,4919,core,336,331,0.0,9.0,0.9886,340,333,346,337,1.0,True,87.3441,98.2455,80.8776,5.161,86.3051,"98.25,96.62,95.53,95.53,94.45,93.36,93.36,91.73,91.19,90.65,90.10,89.56,89.56,89.56,87.93,87.39,86.85,86.31,86.31,86.31,85.76,84.13,84.13,83.59,83.59,83.05,83.05,83.05,80.88,80.88,80.88,80.88,80.88,80.88,80.88"
Rec-030_90s_2,2,10,4920,core,340,331,0.0,4.0,0.9886,344,333,350,337,1.0,True,87.9954,100.9592,80.8776,5.41,87.3906,"100.96,98.25,96.07,95.53,94.45,94.45,93.36,93.36,92.28,91.19,91.19,90.65,90.10,89.56,88.48,87.93,87.93,87.39,86.85,86.85,86.31,84.13,84.13,84.13,84.13,84.13,83.59,83.05,81.96,81.96,81.42,81.42,80.88,80.88,80.88"
Rec-030_90s_2,2,11,4921,core,345,331,0.0,5.0,0.9864,349,333,355,337,1.0,True,86.7858,98.2455,78.7067,4.9075,86.3051,"98.25,96.07,94.99,93.36,92.28,91.19,89.56,92.28,91.19,90.65,90.10,89.56,87.93,87.39,87.93,87.93,87.39,86.31,85.76,84.68,84.13,84.68,84.13,84.13,83.59,83.05,82.51,80.88,82.51,81.96,81.42,80.88,80.33,79.79,78.71"
Rec-030_90s_2,2,12,4922,core,349,331,0.0,4.0,0.9855,353,333,359,337,0.5714,False,82.1647,98.2455,74.9074,6.1269,80.8776,"98.25,94.45,91.73,87.93,80.88,77.62,75.99,92.28,90.10,89.02,85.76,79.79,77.08,75.99,87.93,86.31,85.22,83.05,78.71,76.54,75.45,84.13,83.59,82.51,79.79,77.62,75.99,75.45,81.42,80.88,79.79,78.16,75.99,75.45,74.91"
Rec-030_90s_2,2,13,4923,core,354,331,0.0,5.0,0.9842,358,333,364,337,0.0,False,75.9464,82.5059,73.822,1.6885,75.4502,"82.51,78.71,77.08,75.99,75.99,75.99,75.45,79.79,77.62,75.99,75.99,75.45,74.91,74.36,77.62,76.54,75.99,75.45,74.91,74.91,74.91,77.08,75.99,75.45,74.91,74.91,74.36,74.36,75.99,75.99,75.45,74.91,74.36,74.36,73.82"
Rec-030_90s_2,2,14,4924,core,355,330,45.0,1.41,0.9866,359,332,365,336,0.0,False,76.8613,87.9333,74.3647,2.7983,75.9929,"87.93,83.05,79.79,77.62,76.54,75.99,75.99,83.05,78.71,77.62,76.54,75.99,75.45,75.45,78.71,77.62,76.54,75.99,75.45,74.91,74.36,77.62,76.54,75.99,75.45,75.45,74.91,74.36,76.54,75.99,75.45,74.91,74.91,74.36,74.36"
Rec-030_90s_2,3,1,5050,core,290,331,0.0,0.0,0.987,294,333,300,337,1.0,True,88.6467,104.2157,80.8776,6.2245,87.9333,"104.22,100.96,98.25,97.70,96.62,95.53,94.99,94.45,92.28,91.73,91.73,91.19,91.19,90.65,87.93,87.93,88.48,87.93,87.93,87.39,87.39,84.13,84.13,84.13,84.13,84.13,84.13,84.13,80.88,81.42,81.42,80.88,80.88,80.88,80.88"
Rec-030_90s_2,3,2,5051,core,292,331,0.0,2.0,0.9848,296,333,302,337,1.0,True,89.3445,106.9294,80.8776,6.3814,88.4761,"106.93,103.13,99.33,97.70,96.07,95.53,94.45,96.07,94.45,92.28,91.73,91.19,91.19,90.10,90.10,89.56,89.02,88.48,87.93,87.93,87.39,85.76,85.22,85.22,84.68,84.68,84.13,84.13,82.51,82.51,81.96,81.96,81.42,81.42,80.88"
Rec-030_90s_2,3,3,5052,core,297,331,0.0,5.0,0.9863,301,333,307,337,1.0,True,88.4761,103.6729,80.8776,5.6687,87.9333,"103.67,99.87,97.16,95.53,94.45,93.36,93.36,95.53,93.36,91.19,90.65,90.10,89.56,89.56,90.10,89.56,88.48,87.93,87.39,86.85,86.31,85.76,85.22,85.22,84.68,84.13,83.59,83.05,82.51,82.51,81.96,81.42,80.88,80.88,80.88"
Rec-030_90s_2,3,4,5053,core,301,331,0.0,4.0,0.9866,305,333,311,337,1.0,True,88.5691,105.3012,80.8776,5.9035,87.9333,"105.30,100.96,97.70,96.07,94.99,94.45,92.28,95.53,93.36,91.19,90.65,90.10,89.56,89.02,90.10,89.02,87.93,87.93,87.39,86.85,86.31,85.76,85.22,84.68,84.68,84.13,84.13,83.59,82.51,81.96,81.96,81.42,81.42,80.88,80.88"
Rec-030_90s_2,3,5,5054,core,306,331,0.0,5.0,0.9871,310,333,316,337,1.0,True,87.8558,102.0447,80.8776,5.1769,87.3906,"102.04,98.25,95.53,94.45,93.36,92.28,91.73,94.45,91.73,91.19,90.10,89.56,89.02,88.48,89.56,87.93,87.93,87.39,86.85,86.31,85.76,85.22,85.22,84.68,84.13,84.13,83.59,83.05,82.51,81.96,81.96,81.42,81.42,80.88,80.88"
Rec-030_90s_2,3,6,5055,core,310,331,0.0,4.0,0.987,314,333,320,337,1.0,True,87.8713,103.1302,80.8776,5.2761,87.3906,"103.13,98.25,95.53,94.45,93.36,92.28,91.73,94.45,92.28,90.65,90.10,89.56,89.02,88.48,89.56,87.93,87.93,87.39,86.85,86.31,85.76,85.22,84.68,84.13,84.13,84.13,83.59,83.59,82.51,82.51,81.96,81.42,80.88,80.88,80.88"
Rec-030_90s_2,3,7,5056,core,315,331,0.0,5.0,0.9884,319,333,325,337,1.0,True,87.7162,100.4165,80.8776,4.806,87.3906,"100.42,97.16,94.99,93.36,93.36,92.28,91.73,93.36,91.19,90.65,89.56,89.56,89.02,89.02,89.02,87.93,87.93,87.39,86.85,86.31,86.31,85.22,85.22,84.68,84.13,84.13,83.59,83.59,82.51,82.51,81.96,81.96,81.42,80.88,80.88"
Rec-030_90s_2,3,8,5057,core,324,331,0.0,9.0,0.9893,328,333,334,337,1.0,True,88.9413,100.4165,83.0486,4.6074,88.4761,"100.42,97.70,95.53,94.99,94.45,94.45,93.36,93.36,92.28,91.19,91.19,91.19,91.19,90.65,89.56,89.02,88.48,88.48,88.48,87.93,87.93,85.76,85.76,85.76,85.76,85.76,85.76,85.22,83.05,83.05,83.05,83.05,83.05,83.05,83.05"
Rec-030_90s_2,3,9,5058,core,328,331,0.0,4.0,0.9869,332,333,338,337,1.0,True,89.8252,102.0447,83.5914,4.7358,89.5616,"102.04,98.25,96.62,95.53,95.53,95.53,95.53,94.99,93.36,92.28,92.28,91.73,91.19,91.19,90.10,89.56,89.56,89.56,89.02,89.02,89.02,86.85,86.85,86.31,86.31,86.31,85.76,85.76,84.13,84.13,84.13,84.13,83.59,84.13,83.59"
Rec-030_90s_2,3,10,5059,core,337,331,0.0,9.0,0.9869,341,333,347,337,1.0,True,90.9572,103.1302,84.1341,4.9681,90.6471,"103.13,100.42,98.25,97.70,96.62,96.07,96.07,95.53,94.45,94.45,93.36,93.36,93.36,93.36,91.19,91.19,90.65,90.65,90.10,89.56,89.56,87.93,87.93,87.39,87.39,87.39,87.39,86.85,85.22,84.68,84.68,84.68,84.68,84.13,84.13"
Rec-030_90s_2,3,11,5060,core,346,331,0.0,9.0,0.9857,350,333,356,337,1.0,True,89.2514,103.1302,79.7922,5.417,87.9333,"103.13,99.87,97.70,95.53,94.45,91.73,87.93,96.62,95.53,94.45,92.28,91.19,89.56,86.31,92.28,91.19,90.65,89.56,87.93,86.85,84.13,88.48,87.93,87.39,86.31,85.76,84.13,81.42,85.76,85.22,84.68,83.59,83.05,81.42,79.79"
Rec-030_90s_2,3,12,5061,core,351,331,0.0,5.0,0.9875,355,333,361,337,0.2857,False,79.7922,97.16,74.3647,5.7365,77.6212,"97.16,91.19,83.05,78.71,77.08,75.99,75.45,92.28,87.93,81.42,78.16,76.54,75.45,74.91,88.48,85.22,79.79,77.62,75.99,75.45,74.91,85.22,82.51,78.71,77.08,75.99,74.91,74.36,83.05,80.33,77.62,75.99,74.91,74.91,74.36"
Rec-030_90s_2,3,13,5062,core,355,331,0.0,4.0,0.9874,359,333,365,337,0.0,False,75.9464,82.5059,74.3647,1.6276,75.4502,"82.51,78.71,77.62,76.54,75.99,75.99,75.45,78.71,77.62,76.54,75.99,74.91,74.91,74.91,77.62,76.54,75.99,75.45,74.91,74.91,74.36,76.54,75.99,75.45,74.91,74.91,74.36,74.36,75.99,75.99,75.45,74.91,74.36,74.36,74.36"
Rec-030_90s_2,4,1,5185,core,290,331,0.0,0.0,0.9857,294,333,300,337,1.0,True,90.492,105.8439,83.0486,5.5782,89.5616,"105.84,102.04,98.79,98.25,97.16,96.62,96.07,95.53,93.36,93.36,93.36,92.28,92.28,91.73,89.56,89.56,89.56,89.56,89.56,89.56,89.56,86.31,86.31,86.85,86.85,86.85,86.85,86.85,83.05,83.59,84.13,84.13,84.13,84.13,83.59"
Rec-030_90s_2,4,2,5186,core,294,331,0.0,4.0,0.9857,298,333,304,337,1.0,True,91.2673,107.4722,83.5914,5.7206,90.6471,"107.47,103.13,100.42,98.25,97.70,96.07,95.53,98.25,95.53,94.45,93.36,92.28,92.28,91.73,92.28,91.19,91.19,90.65,90.10,89.56,89.56,88.48,87.93,87.93,87.93,87.39,86.85,86.31,84.68,84.68,84.68,84.68,84.13,84.13,83.59"
Rec-030_90s_2,4,3,5187,core,299,331,0.0,5.0,0.9865,303,333,309,337,1.0,True,90.3369,105.3012,83.0486,5.1998,89.5616,"105.30,100.96,98.25,96.62,95.53,94.99,94.45,96.62,94.45,93.36,92.28,91.19,91.19,90.10,91.73,91.19,90.10,89.56,89.56,88.48,88.48,88.48,87.93,87.39,86.85,86.31,85.76,85.76,85.22,84.68,84.13,84.13,84.13,83.59,83.05"
Rec-030_90s_2,4,4,5188,core,303,331,0.0,4.0,0.9877,307,333,313,337,1.0,True,89.9647,105.3012,83.0486,5.1282,89.5616,"105.30,100.96,98.25,95.53,94.45,94.45,93.36,96.07,94.45,92.28,91.73,91.19,90.10,89.56,91.19,90.65,89.56,89.56,89.02,88.48,87.93,87.93,87.93,87.39,86.31,86.31,85.76,85.76,84.68,84.13,84.13,84.13,83.59,83.59,83.05"
Rec-030_90s_2,4,5,5189,core,308,331,0.0,5.0,0.9876,312,333,318,337,1.0,True,89.2204,102.0447,83.0486,4.4814,89.0188,"102.04,98.25,96.07,94.99,94.45,92.28,92.28,94.45,92.28,91.73,91.19,90.10,89.56,89.56,90.65,89.56,89.56,89.02,88.48,87.93,87.93,87.93,86.85,86.31,86.31,85.76,85.76,85.22,84.68,84.13,84.13,84.13,83.05,83.05,83.05"
Rec-030_90s_2,4,6,5190,core,312,331,0.0,4.0,0.9887,316,333,322,337,1.0,True,89.2204,103.1302,83.0486,4.5909,88.4761,"103.13,98.79,96.07,94.45,93.36,93.36,92.28,94.99,92.28,91.73,90.65,90.10,89.56,89.56,90.65,89.56,89.56,88.48,88.48,87.93,87.93,87.39,86.85,86.31,85.76,85.76,85.76,85.76,84.13,84.13,84.13,83.59,83.59,83.59,83.05"
Rec-030_90s_2,4,7,5191,core,335,331,0.0,23.0,0.99,339,333,345,337,1.0,True,93.1127,103.1302,87.3906,4.1483,92.2753,"103.13,100.96,98.79,98.25,98.25,97.70,97.70,97.16,96.07,95.53,95.53,95.53,94.99,94.99,93.36,93.36,93.36,92.28,92.28,92.28,92.28,90.10,90.10,90.10,90.10,90.10,90.10,89.56,87.93,87.93,87.93,87.93,87.93,87.93,87.39"
Rec-030_90s_2,4,8,5192,core,339,331,0.0,4.0,0.9885,343,333,349,337,1.0,True,93.919,105.3012,87.3906,4.5251,93.3608,"105.30,102.04,100.42,99.87,99.33,98.25,98.25,98.79,97.70,96.62,96.07,96.07,95.53,95.53,94.45,94.45,94.45,93.36,93.36,93.36,92.28,91.19,91.19,91.19,90.65,90.65,90.65,89.56,88.48,88.48,88.48,87.93,87.93,87.93,87.39"
Rec-030_90s_2,4,9,5193,core,344,331,0.0,5.0,0.9896,348,333,354,337,1.0,True,92.7715,104.2157,84.6769,4.6785,92.2753,"104.22,102.04,99.87,98.79,97.70,96.07,94.45,98.25,97.70,96.62,95.53,94.99,93.36,92.28,94.99,94.45,93.36,92.28,91.73,91.19,89.56,91.19,91.19,90.65,90.10,89.56,88.48,87.39,88.48,88.48,87.93,87.39,86.31,85.76,84.68"
Rec-030_90s_2,4,10,5194,core,348,331,0.0,4.0,0.9868,352,333,358,337,0.7143,False,87.3131,103.6729,75.9929,7.1052,87.3906,"103.67,99.87,97.16,94.45,90.65,83.05,78.16,97.70,95.53,94.45,91.73,88.48,81.42,77.62,93.36,92.28,91.19,89.56,85.76,80.33,77.62,90.10,89.56,87.93,86.31,83.59,78.71,76.54,87.39,86.31,85.76,84.13,81.42,78.16,75.99"
Rec-030_90s_2,4,11,5195,core,353,331,0.0,5.0,0.9878,357,333,363,337,0.0,False,77.0629,87.3906,74.3647,2.8763,75.9929,"87.39,80.88,78.16,77.08,75.99,75.45,74.91,84.13,79.79,77.62,75.99,75.99,75.45,74.91,81.96,78.71,77.08,75.99,75.45,74.91,74.91,79.79,77.62,75.99,75.45,75.45,74.91,74.36,78.71,77.08,75.99,75.45,74.91,74.36,74.36"
Rec-030_90s_2,4,12,5196,core,355,331,0.0,2.0,0.9856,359,333,365,337,0.0,False,76.179,83.5914,74.3647,1.8115,75.9929,"83.59,79.79,77.62,76.54,75.99,75.99,75.45,79.79,77.62,76.54,75.99,75.45,74.91,74.91,77.62,76.54,75.99,75.99,75.45,74.91,74.91,77.08,75.99,75.45,75.45,74.91,74.91,74.36,76.54,75.99,75.45,74.91,74.91,74.36,74.36"
Rec-030_90s_2,5,1,5332,core,290,331,0.0,0.0,0.9875,294,333,300,337,1.0,True,92.0427,106.3867,84.6769,5.4139,91.1898,"106.39,103.13,100.42,99.33,98.79,98.25,98.25,96.07,94.99,94.45,94.45,94.45,94.45,93.36,91.19,90.65,91.19,91.19,91.19,91.19,91.19,87.93,87.93,88.48,88.48,88.48,88.48,88.48,84.68,85.22,85.76,85.76,85.76,85.76,85.76"
Rec-030_90s_2,5,2,5333,core,293,331,0.0,3.0,0.9827,297,333,303,337,1.0,True,92.5079,105.8439,85.7624,5.027,91.7325,"105.84,102.04,100.42,99.33,98.25,98.25,97.16,97.70,96.07,95.53,94.45,94.45,94.45,93.36,92.28,92.28,92.28,91.73,91.19,91.19,91.19,89.56,89.56,89.56,89.56,89.02,89.02,88.48,86.31,86.31,86.85,86.31,86.31,85.76,85.76"
Rec-030_90s_2,5,3,5334,core,297,331,0.0,4.0,0.9874,301,333,307,337,1.0,True,93.0351,109.1004,85.7624,5.2975,92.2753,"109.10,104.22,101.50,99.33,98.25,97.16,96.62,99.33,97.70,95.53,94.99,94.45,93.36,92.28,94.45,93.36,92.28,92.28,91.73,91.19,90.65,90.65,90.10,90.10,89.56,89.56,89.02,88.48,87.93,87.93,87.39,86.85,86.85,86.31,85.76"
Rec-030_90s_2,5,4,5335,core,306,331,0.0,9.0,0.9887,310,333,316,337,1.0,True,91.624,106.3867,85.2196,4.7596,91.1898,"106.39,102.04,98.79,96.62,95.53,94.99,94.45,98.25,95.53,94.45,93.36,92.28,91.19,91.19,93.36,92.28,91.19,91.19,90.10,89.56,89.56,90.10,89.56,89.02,88.48,87.93,87.93,87.39,87.39,86.85,86.85,86.31,85.76,85.76,85.22"
Rec-030_90s_2,5,5,5336,core,311,331,0.0,5.0,0.987,315,333,321,337,1.0,True,90.3524,102.0447,84.6769,3.9954,89.5616,"102.04,98.25,96.07,95.53,94.45,93.36,93.36,95.53,93.36,92.28,91.73,91.19,91.19,90.65,91.73,91.19,90.10,89.56,89.56,89.02,89.02,89.02,88.48,87.93,87.93,87.39,86.85,86.85,86.31,85.76,85.76,85.76,85.22,85.22,84.68"
Rec-030_90s_2,5,6,5337,core,320,331,0.0,9.0,0.9888,324,333,330,337,1.0,True,90.6316,101.502,85.7624,3.8235,90.1043,"101.50,98.25,96.62,95.53,94.99,94.45,93.36,94.99,93.36,92.28,92.28,91.73,91.19,91.19,91.19,90.65,90.65,90.10,89.56,89.56,89.56,89.02,88.48,88.48,87.93,87.93,87.93,87.93,86.31,86.31,85.76,85.76,85.76,85.76,85.76"
Rec-030_90s_2,5,7,5338,core,329,331,0.0,9.0,0.989,333,333,339,337,1.0,True,92.2753,101.502,87.9333,3.5555,91.7325,"101.50,98.79,97.70,97.16,96.62,96.07,96.07,95.53,94.99,94.45,94.45,93.36,93.36,93.36,92.28,92.28,92.28,91.73,91.73,91.73,91.19,90.10,89.56,89.56,89.56,89.56,89.56,89.56,87.93,87.93,87.93,87.93,87.93,87.93,87.93"
Rec-030_90s_2,5,8,5339,core,338,331,0.0,9.0,0.9893,342,333,348,337,1.0,True,93.9811,103.1302,89.0188,3.6722,93.3608,"103.13,100.42,99.33,98.79,98.25,98.25,98.25,97.70,96.62,96.07,96.07,95.53,95.53,95.53,94.45,94.45,93.36,93.36,93.36,93.36,93.36,91.19,91.19,91.19,91.19,91.19,91.19,91.19,89.56,89.56,89.56,89.56,89.56,89.02,89.02"
Rec-030_90s_2,5,9,5340,core,342,331,0.0,4.0,0.9901,346,333,352,337,1.0,True,94.5703,105.3012,87.9333,4.2757,94.4463,"105.30,103.13,101.50,100.42,99.33,98.25,97.16,99.33,98.25,97.70,96.62,96.07,95.53,94.99,95.53,94.99,94.99,94.45,94.45,93.36,92.28,92.28,92.28,92.28,91.73,91.73,91.19,89.56,90.10,90.10,89.56,89.56,89.56,88.48,87.93"
Rec-030_90s_2,5,10,5341,core,351,331,0.0,9.0,0.9884,355,333,361,337,0.2857,False,81.1878,99.8737,74.9074,6.7506,78.1639,"99.87,94.45,84.68,79.79,77.62,75.99,75.99,95.53,91.19,83.05,78.71,77.08,75.99,75.45,91.19,87.93,81.96,78.16,76.54,75.45,74.91,88.48,85.76,80.33,77.62,75.99,75.45,74.91,86.31,83.59,78.71,77.08,75.99,74.91,74.91"
Rec-030_90s_2,5,11,5342,core,355,331,0.0,4.0,0.9886,359,333,365,337,0.0,False,76.1015,83.0486,73.822,1.7153,75.4502,"83.05,78.71,77.62,76.54,75.99,75.45,75.45,79.79,77.62,76.54,75.99,75.45,74.91,74.91,77.62,76.54,75.99,75.45,75.45,74.91,74.91,77.08,75.99,75.99,75.45,74.91,74.36,74.36,76.54,75.99,75.45,74.91,74.91,74.91,73.82"
Rec-030_90s_2,6,1,5465,core,291,331,0.0,1.0,0.9865,295,333,301,337,1.0,True,93.7174,109.1004,86.8478,5.3461,93.3608,"109.10,105.30,102.04,100.96,99.87,98.79,98.25,98.79,97.16,96.07,96.07,95.53,94.99,94.45,93.36,93.36,93.36,93.36,92.28,92.28,92.28,89.56,89.56,90.10,90.10,90.10,89.56,89.56,86.85,87.39,87.93,87.93,87.93,87.93,87.93"
Rec-030_90s_2,6,2,5466,core,295,331,0.0,4.0,0.9838,299,333,305,337,1.0,True,94.6324,111.8141,87.9333,5.6477,93.3608,"111.81,107.47,103.67,101.50,99.87,98.79,98.25,102.04,98.79,97.70,96.07,95.53,94.99,94.45,95.53,94.99,94.45,93.36,93.36,92.28,92.28,91.19,91.19,91.19,91.19,90.65,90.10,89.56,89.02,89.02,89.02,88.48,88.48,87.93,87.93"
Rec-030_90s_2,6,3,5467,core,300,331,0.0,5.0,0.9884,304,333,310,337,1.0,True,93.5934,109.1004,86.8478,4.9782,92.2753,"109.10,104.22,101.50,98.79,98.25,97.16,96.62,99.87,97.70,96.07,95.53,94.45,93.36,93.36,95.53,94.45,93.36,92.28,92.28,91.73,91.19,91.73,91.19,91.19,90.10,89.56,89.56,89.02,89.02,89.02,88.48,87.93,87.93,87.39,86.85"
Rec-030_90s_2,6,4,5468,core,304,331,0.0,4.0,0.9857,308,333,314,337,1.0,True,93.4383,110.1859,86.8478,5.1639,92.2753,"110.19,105.30,101.50,98.79,97.70,96.62,95.53,100.42,97.70,95.53,94.45,94.45,93.36,92.28,95.53,94.45,93.36,92.28,91.73,91.19,90.65,91.19,91.19,90.65,90.10,89.56,89.56,89.02,89.02,89.02,87.93,87.93,87.93,87.39,86.85"
Rec-030_90s_2,6,5,5469,core,313,331,0.0,9.0,0.9868,317,333,323,337,1.0,True,92.1357,106.9294,86.3051,4.5471,91.1898,"106.93,102.04,98.79,97.16,96.07,95.53,94.99,98.25,95.53,94.45,93.36,92.28,92.28,91.73,93.36,92.28,91.73,91.19,91.19,90.65,90.10,90.10,89.56,89.56,89.56,89.02,88.48,87.93,87.93,87.93,87.93,87.39,86.85,86.31,86.31"
Rec-030_90s_2,6,6,5470,core,318,331,0.0,5.0,0.9907,322,333,328,337,1.0,True,91.6705,103.6729,86.3051,4.0528,91.1898,"103.67,100.42,98.25,96.07,95.53,94.99,94.45,96.62,94.99,94.45,93.36,92.28,91.73,91.73,92.28,92.28,91.19,91.19,90.65,90.10,89.56,90.10,89.56,89.56,89.02,88.48,88.48,87.93,87.93,87.39,87.39,87.39,86.85,86.31,86.31"
Rec-030_90s_2,6,7,5471,core,323,331,0.0,5.0,0.9879,327,333,333,337,1.0,True,91.5154,100.9592,86.8478,3.4673,90.6471,"100.96,98.25,97.16,95.53,95.53,95.53,94.99,95.53,94.45,93.36,92.28,92.28,92.28,92.28,91.73,91.19,91.19,90.65,90.65,90.65,90.65,89.56,89.56,89.56,89.02,89.02,89.02,89.02,87.39,87.39,87.39,87.39,87.39,87.39,86.85"
Rec-030_90s_2,6,8,5472,core,327,331,0.0,4.0,0.9909,331,333,337,337,1.0,True,92.4149,103.1302,87.9333,3.8121,91.7325,"103.13,99.87,98.25,97.16,96.62,96.07,96.07,96.07,95.53,94.45,94.45,94.45,93.36,93.36,92.28,92.28,91.73,91.73,91.73,91.73,91.73,89.56,89.56,89.56,89.56,89.56,89.56,89.56,87.93,87.93,87.93,87.93,87.93,87.93,87.93"
Rec-030_90s_2,6,9,5473,core,332,331,0.0,5.0,0.9891,336,333,342,337,1.0,True,93.6554,102.0447,89.0188,3.4773,93.3608,"102.04,99.87,98.79,98.25,98.25,97.70,97.70,96.62,96.07,95.53,95.53,95.53,94.99,94.99,93.36,93.36,93.36,93.36,93.36,93.36,93.36,91.19,91.19,91.19,91.19,91.19,91.19,91.19,89.02,89.02,89.56,89.56,89.02,89.02,89.02"
Rec-030_90s_2,6,10,5474,core,336,331,0.0,4.0,0.9908,340,333,346,337,1.0,True,94.6168,105.3012,89.5616,4.0047,94.4463,"105.30,102.04,100.42,99.87,99.33,98.25,98.25,98.79,97.70,96.62,96.62,96.07,96.07,96.07,94.99,94.45,94.45,94.45,94.45,94.45,94.45,91.73,91.73,91.73,91.73,91.73,91.73,91.19,89.56,89.56,89.56,89.56,89.56,89.56,89.56"
Rec-030_90s_2,6,11,5475,core,341,331,0.0,5.0,0.9897,345,333,351,337,1.0,True,94.9735,104.2157,89.0188,3.8759,94.989,"104.22,102.04,101.50,100.42,99.33,98.25,98.25,99.33,98.25,98.25,97.16,96.62,96.07,95.53,95.53,95.53,94.99,94.99,94.45,94.45,93.36,92.28,92.28,92.28,92.28,92.28,91.73,91.19,90.65,90.65,90.65,90.65,90.10,89.56,89.02"
Rec-030_90s_2,6,12,5476,core,345,331,0.0,4.0,0.9902,349,333,355,337,1.0,True,93.6399,106.3867,85.7624,4.5601,93.3608,"106.39,103.13,100.96,98.79,97.16,95.53,93.36,99.87,98.25,97.16,96.07,94.99,93.36,91.73,96.07,95.53,94.45,93.36,92.28,91.19,89.56,93.36,92.28,92.28,91.19,90.10,89.56,87.39,91.19,90.65,90.10,89.02,87.93,87.39,85.76"
Rec-030_90s_2,6,13,5477,core,350,331,0.0,5.0,0.9881,354,333,360,337,0.4286,False,83.3433,100.4165,74.9074,7.3683,81.4204,"100.42,96.62,92.28,83.59,78.71,76.54,75.99,95.53,94.45,90.10,83.05,78.71,76.54,75.99,92.28,91.19,87.93,81.42,77.62,75.99,75.45,90.10,88.48,85.76,80.33,77.62,75.99,74.91,87.93,86.31,83.59,78.71,76.54,75.45,74.91"
Rec-030_90s_2,6,14,5478,core,355,330,11.31,5.1,0.9914,359,332,365,336,0.0,False,76.9079,87.9333,74.3647,2.8299,75.9929,"87.93,83.05,78.71,77.62,76.54,75.99,75.45,83.05,79.79,77.62,76.54,75.99,75.45,74.91,79.79,77.62,76.54,75.99,75.45,74.91,74.91,78.16,76.54,75.99,75.45,74.91,74.91,74.36,77.08,75.99,75.45,74.91,74.91,74.91,74.36"
Rec-031_30s_3,1,1,3297,core,290,331,0.0,0.0,0.9852,294,333,300,337,1.0,True,81.1413,98.2455,73.822,5.8201,79.7922,"98.25,94.45,90.10,88.48,87.39,86.31,85.76,87.93,85.22,84.13,83.05,83.05,81.96,81.42,80.88,80.88,80.33,79.79,79.79,78.71,78.71,77.62,77.62,77.62,77.08,77.08,76.54,75.99,75.45,75.45,74.91,74.91,74.91,74.36,73.82"
Rec-031_30s_3,1,2,3298,core,294,331,0.0,4.0,0.9844,298,333,304,337,1.0,True,81.0792,98.2455,73.822,5.6688,79.7922,"98.25,93.36,90.10,87.93,86.31,85.76,84.68,88.48,85.76,84.13,83.05,82.51,81.42,80.88,82.51,80.88,80.33,79.79,79.79,78.71,78.16,78.16,77.62,77.62,77.62,77.08,75.99,75.99,75.99,75.99,75.45,74.91,74.36,74.36,73.82"
Rec-031_30s_3,1,3,3299,core,299,331,0.0,5.0,0.9872,303,333,309,337,1.0,True,79.8077,94.4463,73.822,4.9259,78.7067,"94.45,90.65,87.93,85.22,84.13,83.59,83.05,86.31,84.13,82.51,81.42,80.88,80.33,79.79,80.88,80.33,79.79,78.71,78.16,77.62,77.62,77.62,77.62,76.54,75.99,75.99,75.45,75.45,75.45,74.91,74.91,74.36,73.82,73.82,73.82"
Rec-031_30s_3,1,4,3300,core,303,331,0.0,4.0,0.9859,307,333,313,337,1.0,True,80.1333,95.5318,73.822,5.1327,78.7067,"95.53,91.19,87.93,86.31,85.22,84.68,84.13,86.85,84.13,83.05,81.96,80.88,80.88,80.33,80.88,79.79,79.79,78.71,78.71,78.16,77.62,77.62,77.08,77.08,76.54,75.99,75.99,75.99,75.45,74.91,74.91,74.36,74.36,73.82,73.82"
Rec-031_30s_3,1,5,3301,core,308,331,0.0,5.0,0.9881,312,333,318,337,1.0,True,79.5596,93.3608,73.822,4.615,78.7067,"93.36,89.56,86.31,85.22,84.13,83.59,83.05,85.22,83.05,81.96,80.88,80.88,80.33,79.79,80.88,79.79,78.71,78.71,78.16,77.62,77.62,77.62,77.08,76.54,76.54,75.99,75.99,75.45,74.91,74.91,74.91,74.36,73.82,73.82,73.82"
Rec-031_30s_3,1,6,3302,core,312,331,0.0,4.0,0.9864,316,333,322,337,1.0,True,80.2574,94.4463,74.9074,4.6817,78.7067,"94.45,90.10,87.93,85.76,84.68,84.13,84.13,85.76,84.13,83.05,81.96,80.88,80.88,80.88,80.88,80.33,79.79,78.71,78.71,78.71,78.71,77.62,77.62,77.08,76.54,76.54,76.54,75.99,75.99,75.45,75.45,74.91,74.91,74.91,74.91"
Rec-031_30s_3,1,7,3303,core,317,331,0.0,5.0,0.9891,321,333,327,337,1.0,True,80.8001,92.2753,75.9929,4.2044,79.7922,"92.28,89.56,87.39,86.31,85.76,85.22,84.68,85.22,84.13,83.05,82.51,81.96,81.96,81.96,80.88,80.33,79.79,79.79,79.79,79.79,79.79,78.16,77.62,77.62,77.62,77.62,77.62,77.62,75.99,75.99,75.99,75.99,75.99,75.99,75.99"
Rec-031_30s_3,1,8,3304,core,321,331,0.0,4.0,0.986,325,333,331,337,1.0,True,81.9941,94.989,77.0784,4.4358,80.8776,"94.99,91.19,89.02,87.39,86.85,86.31,86.31,86.85,85.22,84.13,83.59,83.05,83.05,83.05,82.51,81.42,80.88,80.88,80.88,80.88,80.88,78.71,78.71,78.71,78.71,78.71,78.71,78.71,77.08,77.08,77.08,77.08,77.08,77.08,77.08"
Rec-031_30s_3,1,9,3305,core,326,331,0.0,5.0,0.9895,330,333,336,337,1.0,True,83.2502,94.4463,78.1639,4.3615,82.5059,"94.45,91.19,89.56,89.56,89.02,88.48,88.48,87.93,85.76,85.76,85.22,85.22,84.68,84.68,83.05,82.51,82.51,82.51,82.51,81.96,81.96,80.33,79.79,80.33,79.79,79.79,79.79,79.79,78.16,78.16,78.16,78.16,78.16,78.16,78.16"
Rec-031_30s_3,1,10,3306,core,331,331,0.0,5.0,0.9869,335,333,341,337,1.0,True,84.1961,94.4463,78.7067,4.2534,83.0486,"94.45,91.73,91.19,90.65,90.10,89.56,89.56,87.93,86.85,86.31,86.31,85.76,85.76,85.76,84.13,83.59,83.59,83.05,83.05,83.05,83.05,80.88,80.88,80.88,80.88,80.88,80.88,80.88,79.79,79.79,79.79,79.79,78.71,78.71,78.71"
Rec-031_30s_3,1,11,3307,core,344,331,0.0,13.0,0.9887,348,333,354,337,1.0,True,85.6073,97.16,78.7067,4.7926,84.6769,"97.16,94.99,93.36,92.28,91.73,90.65,89.56,90.65,89.56,89.02,87.93,87.93,87.39,86.31,85.76,85.76,85.22,84.68,84.13,84.13,83.59,83.05,83.05,83.05,82.51,81.96,80.88,80.88,80.88,80.88,80.33,79.79,79.79,78.71,78.71"
Rec-031_30s_3,1,12,3308,core,349,331,0.0,5.0,0.9842,353,333,359,337,0.5714,False,81.2343,95.5318,74.9074,5.4444,79.7922,"95.53,92.28,90.65,86.85,80.88,77.62,75.99,89.56,88.48,87.39,84.13,79.79,77.08,75.99,85.76,85.22,84.13,81.42,78.16,75.99,75.45,82.51,81.96,80.88,79.79,77.08,75.99,74.91,79.79,79.79,78.71,77.62,75.99,74.91,74.91"
Rec-031_30s_3,1,13,3309,core,353,331,0.0,4.0,0.9864,357,333,363,337,0.0,False,76.5822,85.7624,74.3647,2.3971,75.9929,"85.76,80.88,78.16,77.08,75.99,75.99,75.45,81.96,78.71,77.08,75.99,75.45,74.91,74.91,79.79,77.62,76.54,75.99,75.45,74.91,74.91,78.16,76.54,75.99,75.45,74.91,74.91,74.36,77.08,75.99,75.45,74.91,74.36,74.36,74.36"
Rec-031_30s_3,1,14,3310,core,355,330,26.57,2.24,0.9843,359,332,365,336,0.0,False,77.187,89.5616,74.3647,3.1105,75.9929,"89.56,84.13,80.33,77.62,76.54,75.99,75.99,84.13,79.79,77.62,77.08,75.99,75.99,75.45,79.79,77.62,76.54,75.99,75.99,75.45,74.91,77.62,76.54,75.99,75.99,75.45,74.91,74.91,76.54,75.99,75.99,75.45,74.91,74.36,74.36"
Rec-031_30s_3,2,1,3445,core,290,331,0.0,0.0,0.9868,294,333,300,337,1.0,True,86.8479,103.1302,79.7922,5.8843,85.7624,"103.13,98.79,96.07,94.99,93.36,93.36,92.28,92.28,91.19,89.56,89.56,89.02,88.48,87.93,86.31,86.31,86.31,85.76,85.76,85.22,85.22,83.05,83.05,83.05,83.05,83.05,82.51,82.51,79.79,79.79,79.79,79.79,79.79,79.79,79.79"
Rec-031_30s_3,2,2,3446,core,294,331,0.0,4.0,0.9862,298,333,304,337,1.0,True,86.7703,102.0447,79.7922,5.5001,85.7624,"102.04,98.25,95.53,93.36,93.36,92.28,91.19,92.28,91.19,89.56,89.02,88.48,87.93,87.39,87.93,86.85,86.31,85.76,85.76,85.22,84.68,84.13,83.59,83.05,83.05,82.51,82.51,81.96,80.88,80.88,80.33,80.33,79.79,79.79,79.79"
Rec-031_30s_3,2,3,3447,core,298,331,0.0,4.0,0.9862,302,333,308,337,1.0,True,86.8168,103.6729,78.7067,5.8483,85.7624,"103.67,99.33,96.07,94.45,92.28,91.73,91.19,94.45,91.73,89.56,89.02,87.93,87.93,86.85,87.93,86.85,86.31,85.76,85.22,84.68,84.13,84.13,83.59,83.05,83.05,83.05,81.96,81.42,80.88,80.88,80.88,80.33,79.79,79.79,78.71"
Rec-031_30s_3,2,4,3448,core,303,331,0.0,5.0,0.9876,307,333,313,337,1.0,True,85.9484,99.8737,78.7067,4.9726,85.2196,"99.87,96.62,93.36,92.28,91.19,91.19,90.10,91.19,89.56,88.48,87.93,87.93,86.85,86.31,86.85,85.76,85.76,85.22,84.68,84.13,84.13,83.59,83.05,83.05,82.51,82.51,81.96,81.42,80.88,80.88,80.33,80.33,79.79,79.79,78.71"
Rec-031_30s_3,2,5,3449,core,307,331,0.0,4.0,0.9869,311,333,317,337,1.0,True,86.2586,102.0447,79.7922,5.2994,85.2196,"102.04,97.70,94.45,92.28,91.19,90.65,90.10,93.36,90.65,89.02,87.93,87.39,86.85,86.31,87.93,86.31,85.76,85.22,84.68,84.13,84.13,83.59,83.59,83.05,83.05,82.51,81.96,81.42,80.88,80.33,80.33,80.33,80.33,79.79,79.79"
Rec-031_30s_3,2,6,3450,core,312,331,0.0,5.0,0.9892,316,333,322,337,1.0,True,85.7158,98.2455,79.7922,4.4706,84.6769,"98.25,94.45,92.28,91.19,90.65,90.65,90.10,90.65,89.02,87.93,87.93,87.39,86.85,86.31,86.31,85.76,85.22,84.68,84.68,84.13,84.13,83.59,83.05,83.05,83.05,82.51,81.96,81.96,80.88,80.88,80.33,80.33,80.33,79.79,79.79"
Rec-031_30s_3,2,7,3451,core,316,331,0.0,4.0,0.9871,320,333,326,337,1.0,True,86.5222,99.8737,80.8776,4.7885,85.7624,"99.87,96.62,94.45,92.28,91.73,91.19,90.65,91.73,90.10,89.02,88.48,87.93,87.93,87.39,86.85,86.31,85.76,85.76,85.22,85.22,84.68,84.13,83.59,83.05,83.05,83.05,83.05,83.05,80.88,80.88,80.88,80.88,80.88,80.88,80.88"
Rec-031_30s_3,2,8,3452,core,325,331,0.0,9.0,0.9871,329,333,335,337,1.0,True,88.0729,100.4165,82.5059,4.6982,87.3906,"100.42,97.70,95.53,94.45,93.36,93.36,93.36,92.28,91.19,90.65,90.10,89.56,89.56,89.56,87.93,87.93,87.39,87.39,87.39,86.85,86.85,84.68,84.68,84.68,84.68,84.13,84.13,84.13,82.51,83.05,83.05,82.51,82.51,82.51,82.51"
Rec-031_30s_3,2,9,3453,core,355,330,1.91,30.02,0.9916,359,332,365,336,0.0,False,76.6597,85.7624,74.3647,2.4379,75.9929,"85.76,81.96,78.71,77.08,75.99,75.99,75.45,81.96,78.71,77.62,76.54,75.99,75.45,74.91,79.79,77.62,75.99,75.99,74.91,74.91,74.91,77.62,76.54,75.99,75.45,74.91,74.91,74.36,76.54,75.99,75.45,75.45,74.91,74.36,74.36"
Rec-031_30s_3,3,1,3585,core,291,331,0.0,1.0,0.9866,295,333,301,337,1.0,True,90.5695,106.3867,83.5914,5.6822,90.1043,"106.39,102.04,99.87,98.25,97.16,96.07,95.53,96.07,94.45,93.36,93.36,92.28,92.28,91.73,90.10,90.10,90.10,90.10,89.56,89.56,89.02,86.31,86.85,86.85,86.85,86.31,86.31,85.76,83.59,84.13,84.13,84.13,84.13,83.59,83.59"
Rec-031_30s_3,3,2,3586,core,300,331,0.0,9.0,0.9881,304,333,310,337,1.0,True,90.1198,105.3012,83.0486,5.2533,89.5616,"105.30,101.50,98.25,96.62,94.99,94.45,93.36,96.62,94.45,93.36,91.73,91.19,90.10,90.65,91.73,90.65,90.10,89.56,89.02,88.48,87.93,87.93,87.39,86.85,86.85,86.31,85.76,85.22,84.68,84.68,84.13,84.13,83.59,83.59,83.05"
Rec-031_30s_3,3,3,3587,core,309,331,0.0,9.0,0.9892,313,333,319,337,1.0,True,89.2514,103.1302,83.0486,4.6766,88.4761,"103.13,98.79,96.07,94.99,94.45,93.36,92.28,94.45,93.36,91.73,91.19,90.65,90.10,89.56,90.10,89.56,89.02,88.48,87.93,87.93,87.93,86.85,86.85,86.31,85.76,85.76,85.76,85.22,84.13,84.13,84.13,83.59,83.59,83.59,83.05"
Rec-031_30s_3,3,4,3588,core,318,331,0.0,9.0,0.9895,322,333,328,337,1.0,True,89.6236,102.0447,84.1341,4.3396,89.0188,"102.04,98.25,96.07,94.99,94.45,94.45,93.36,94.45,92.28,91.73,91.19,91.19,90.65,90.65,90.10,89.56,89.56,89.02,88.48,88.48,88.48,87.39,86.85,86.85,86.85,86.31,86.31,85.76,84.68,84.68,84.68,84.68,84.13,84.13,84.13"
Rec-031_30s_3,3,5,3589,core,323,331,0.0,5.0,0.9879,327,333,333,337,1.0,True,90.2904,100.4165,85.2196,4.0239,89.5616,"100.42,97.70,96.07,95.53,95.53,94.99,94.99,94.45,93.36,92.28,92.28,91.73,91.73,91.73,90.10,90.10,89.56,89.56,89.56,89.56,89.56,87.93,87.93,87.39,87.39,87.39,87.39,87.39,85.22,85.22,85.22,85.22,85.22,85.22,85.22"
Rec-031_30s_3,3,6,3590,core,332,331,0.0,9.0,0.9888,336,333,342,337,1.0,True,91.717,102.0447,85.7624,4.1567,91.1898,"102.04,99.33,98.25,97.16,96.62,96.07,95.53,95.53,94.99,94.45,94.45,93.36,93.36,93.36,92.28,91.73,91.19,91.19,91.19,90.65,90.65,89.56,89.02,89.02,89.02,89.02,88.48,87.93,86.85,86.85,86.31,86.31,86.31,86.31,85.76"
Rec-031_30s_3,3,7,3591,core,336,331,0.0,4.0,0.9898,340,333,346,337,1.0,True,92.5699,103.6729,86.8478,4.3523,91.7325,"103.67,100.96,98.79,98.25,97.70,97.16,96.62,97.16,95.53,95.53,94.99,94.45,94.45,94.45,93.36,92.28,92.28,91.73,91.73,91.19,91.19,90.10,89.56,89.56,89.56,89.56,89.02,89.02,87.93,87.39,87.39,86.85,86.85,86.85,86.85"
Rec-031_30s_3,3,8,3592,core,341,331,0.0,5.0,0.9891,345,333,351,337,1.0,True,92.725,103.1302,85.7624,4.3738,92.2753,"103.13,100.42,99.33,98.79,98.25,97.16,96.62,97.16,96.07,95.53,95.53,94.99,94.45,94.45,93.36,93.36,92.28,92.28,92.28,91.73,91.19,90.10,90.10,90.10,89.56,89.56,89.02,88.48,87.93,87.93,87.93,87.39,86.85,86.31,85.76"
Rec-031_30s_3,3,9,3593,core,345,331,0.0,4.0,0.9885,349,333,355,337,1.0,True,91.8566,105.3012,83.0486,4.9981,91.1898,"105.30,101.50,99.33,98.25,96.62,94.99,92.28,98.25,96.62,95.53,94.99,94.45,92.28,91.19,94.45,93.36,92.28,91.73,91.19,89.56,88.48,90.65,90.10,89.56,89.02,87.93,87.39,85.76,87.93,87.39,87.39,86.31,85.76,84.13,83.05"
Rec-031_30s_3,3,10,3594,core,350,331,0.0,5.0,0.9877,354,333,360,337,0.4286,False,82.4749,99.331,74.3647,6.8664,80.3349,"99.33,95.53,91.19,83.59,78.71,77.08,75.99,94.99,92.28,89.02,81.96,78.16,75.99,75.45,91.19,89.56,85.76,80.33,77.62,75.99,75.45,87.93,86.31,83.59,79.79,77.08,75.99,74.91,85.76,84.13,81.96,78.16,75.99,75.45,74.36"
Rec-031_30s_3,3,11,3595,core,354,331,0.0,4.0,0.9873,358,333,364,337,0.0,False,76.3341,84.1341,74.3647,2.0843,75.9929,"84.13,80.33,77.62,77.08,75.99,75.45,74.91,80.88,78.16,77.08,75.99,75.45,74.91,74.91,78.71,77.08,76.54,75.99,75.45,74.91,74.36,77.62,76.54,75.99,75.45,74.91,74.36,74.36,77.08,75.99,75.45,74.91,74.36,74.36,74.36"
Rec-031_30s_3,3,12,3596,core,355,330,45.0,1.41,0.9906,359,332,365,336,0.0,False,76.9854,88.4761,74.3647,2.9314,75.9929,"88.48,83.59,79.79,77.62,76.54,75.99,75.45,83.05,79.79,77.62,76.54,75.99,75.45,75.45,79.79,77.62,76.54,75.99,75.45,74.91,74.91,77.62,76.54,75.99,75.99,74.91,74.91,74.36,77.08,75.99,75.45,75.45,74.91,74.36,74.36"
Rec-031_30s_3,4,1,3723,core,290,331,0.0,0.0,0.9877,294,333,300,337,1.0,True,91.2984,105.3012,84.1341,5.1828,90.6471,"105.30,102.04,99.33,98.25,97.70,97.16,96.62,95.53,94.45,93.36,93.36,93.36,93.36,92.28,90.10,90.10,90.65,90.65,91.19,90.65,90.10,87.39,87.39,87.93,87.93,87.93,87.93,87.93,84.13,84.68,85.22,85.22,85.76,85.22,85.22"
Rec-031_30s_3,4,2,3724,core,293,331,0.0,3.0,0.9871,297,333,303,337,1.0,True,92.2443,107.4722,85.7624,5.1798,91.1898,"107.47,103.13,100.42,98.25,97.70,97.16,96.07,98.25,96.07,94.99,94.45,93.36,93.36,92.28,92.28,92.28,91.73,91.19,91.19,91.19,90.65,89.56,89.56,89.02,89.02,89.02,88.48,87.93,85.76,86.31,86.31,86.31,86.31,85.76,85.76"
Rec-031_30s_3,4,3,3725,core,298,331,0.0,5.0,0.9849,302,333,308,337,1.0,True,91.717,105.3012,85.2196,4.6571,91.1898,"105.30,101.50,98.79,97.70,96.62,95.53,94.99,97.16,95.53,94.45,93.36,92.28,92.28,91.19,92.28,92.28,91.73,91.19,91.19,90.10,89.56,89.56,89.56,89.56,89.02,88.48,87.93,87.93,86.85,86.85,86.85,85.76,85.76,85.76,85.22"
Rec-031_30s_3,4,4,3726,core,302,331,0.0,4.0,0.9887,306,333,312,337,1.0,True,91.5775,105.8439,85.2196,4.7962,91.1898,"105.84,102.04,98.79,97.16,96.07,94.99,94.45,97.70,95.53,94.45,93.36,92.28,91.73,91.19,93.36,92.28,91.19,91.19,90.65,90.10,89.56,89.56,89.56,88.48,88.48,87.93,87.93,87.39,86.85,86.85,86.31,85.76,85.76,85.22,85.22"
Rec-031_30s_3,4,5,3727,core,307,331,0.0,5.0,0.9856,311,333,317,337,1.0,True,90.5695,102.0447,84.6769,4.0034,90.1043,"102.04,98.79,96.62,95.53,94.99,94.45,92.28,95.53,93.36,92.28,92.28,91.19,91.19,90.65,92.28,91.19,90.65,90.10,89.56,89.56,89.02,89.02,89.02,88.48,87.93,87.93,87.39,86.85,86.31,86.31,85.76,85.76,85.76,85.22,84.68"
Rec-031_30s_3,4,6,3728,core,311,331,0.0,4.0,0.9898,315,333,321,337,1.0,True,90.7401,103.1302,85.2196,4.1729,90.1043,"103.13,99.87,97.16,95.53,94.45,94.45,93.36,96.07,94.45,92.28,91.73,91.19,91.19,90.65,92.28,91.19,90.65,90.10,89.56,89.56,89.02,89.02,89.02,88.48,87.93,87.93,87.39,87.39,86.85,86.31,85.76,85.76,85.76,85.22,85.22"
Rec-031_30s_3,4,7,3729,core,316,331,0.0,5.0,0.9869,320,333,326,337,1.0,True,90.4455,100.9592,85.7624,3.6027,90.1043,"100.96,97.70,95.53,94.99,94.45,93.36,93.36,94.45,93.36,92.28,91.73,91.19,91.19,91.19,91.19,90.65,90.10,90.10,89.56,89.56,89.56,89.02,88.48,88.48,87.93,87.93,87.93,87.39,86.31,86.31,86.31,85.76,85.76,85.76,85.76"
Rec-031_30s_3,4,8,3730,core,320,331,0.0,4.0,0.9904,324,333,330,337,1.0,True,91.2829,103.1302,86.3051,3.9341,90.6471,"103.13,99.33,97.16,95.53,95.53,94.99,94.45,95.53,94.45,93.36,92.28,92.28,92.28,91.73,91.73,91.19,91.19,90.65,90.65,90.10,90.10,89.56,89.02,89.02,88.48,88.48,88.48,88.48,86.85,86.85,86.85,86.31,86.31,86.31,86.31"
Rec-031_30s_3,4,9,3731,core,325,331,0.0,5.0,0.9875,329,333,335,337,1.0,True,91.9186,100.9592,87.3906,3.4715,91.1898,"100.96,98.25,97.70,96.62,96.07,95.53,95.53,95.53,94.45,93.36,93.36,93.36,93.36,93.36,91.73,91.73,91.19,91.19,91.19,91.19,91.19,89.56,89.56,89.56,89.56,89.56,89.56,89.56,87.39,87.93,87.93,87.93,87.39,87.39,87.39"
Rec-031_30s_3,4,10,3732,core,329,331,0.0,4.0,0.9903,333,333,339,337,1.0,True,93.1127,103.1302,87.9333,3.8756,92.2753,"103.13,100.42,98.79,98.25,97.70,97.70,97.16,96.62,95.53,94.99,94.99,94.99,94.99,94.45,93.36,93.36,92.28,92.28,92.28,92.28,92.28,90.65,90.65,90.65,90.10,90.65,90.65,90.65,87.93,87.93,87.93,87.93,88.48,88.48,88.48"
Rec-031_30s_3,4,11,3733,core,334,331,0.0,5.0,0.9884,338,333,344,337,1.0,True,93.9811,103.1302,89.0188,3.6654,93.3608,"103.13,100.96,99.33,98.25,98.25,98.25,97.70,97.70,96.62,96.07,95.53,95.53,95.53,95.53,94.45,94.45,94.45,93.36,93.36,93.36,93.36,91.73,91.19,91.19,91.19,91.19,91.19,91.19,89.56,89.56,89.56,89.56,89.02,89.02,89.02"
Rec-031_30s_3,4,12,3734,core,338,331,0.0,4.0,0.9901,342,333,348,337,1.0,True,94.7254,105.3012,89.5616,4.0207,94.4463,"105.30,102.04,100.96,99.87,99.33,98.79,98.25,98.79,97.70,97.16,96.62,96.62,96.07,95.53,95.53,94.99,94.45,94.45,94.45,94.45,93.36,92.28,92.28,92.28,92.28,91.73,91.73,91.19,89.56,89.56,89.56,89.56,89.56,89.56,89.56"
Rec-031_30s_3,4,13,3735,core,343,331,0.0,5.0,0.9884,347,333,353,337,1.0,True,93.826,103.6729,86.8478,4.0722,93.3608,"103.67,102.04,100.42,98.79,98.25,97.16,95.53,98.25,97.70,97.16,96.07,95.53,94.45,93.36,95.53,94.99,94.45,94.45,93.36,92.28,91.19,92.28,92.28,91.73,91.19,91.19,90.10,89.02,90.10,89.56,89.56,89.02,88.48,87.93,86.85"
Rec-031_30s_3,4,14,3736,core,352,331,0.0,9.0,0.9864,356,333,362,337,0.1429,False,78.9858,95.5318,74.3647,5.1332,76.5357,"95.53,85.76,80.33,77.62,76.54,75.99,75.45,91.73,84.13,79.79,77.08,75.99,75.45,74.91,88.48,81.96,78.71,76.54,75.99,75.45,74.91,85.76,80.88,77.62,76.54,75.45,74.91,74.36,83.59,79.79,77.08,75.99,74.91,74.91,74.36"
Rec-031_30s_3,4,15,3737,core,355,331,0.0,3.0,0.9869,359,333,365,337,0.0,False,76.3186,84.1341,74.3647,1.8494,75.9929,"84.13,79.79,77.62,76.54,75.99,75.45,75.45,79.79,77.62,77.08,75.99,75.45,75.45,74.91,78.16,77.08,75.99,75.99,75.45,75.45,74.91,77.08,75.99,75.99,75.45,75.45,74.91,74.91,76.54,75.99,75.45,75.45,74.91,74.36,74.36"
Rec-031_30s_3,5,1,3866,core,291,331,0.0,1.0,0.9865,295,333,301,337,1.0,True,93.1902,108.5576,86.3051,5.3222,92.2753,"108.56,104.22,102.04,100.42,99.33,98.25,98.25,98.25,96.07,95.53,95.53,94.99,94.45,94.45,92.28,92.28,92.28,92.28,92.28,91.73,91.73,89.56,89.56,89.56,89.56,89.56,89.56,89.56,86.31,86.85,86.85,87.39,87.39,87.39,87.39"
Rec-031_30s_3,5,2,3867,core,296,331,0.0,5.0,0.9845,300,333,306,337,1.0,True,93.4693,106.9294,87.3906,4.6577,93.3608,"106.93,103.13,100.96,99.33,98.25,98.25,97.16,98.25,97.16,95.53,95.53,94.45,94.45,93.36,94.45,93.36,93.36,93.36,92.28,91.73,91.19,91.19,91.19,90.65,90.65,90.10,89.56,89.56,88.48,87.93,88.48,87.93,87.93,87.93,87.39"
Rec-031_30s_3,5,3,3868,core,304,331,0.0,8.0,0.9858,308,333,314,337,1.0,True,93.0972,109.6431,86.8478,5.0871,91.7325,"109.64,105.30,100.96,98.25,97.16,95.53,94.99,99.87,97.70,95.53,94.45,93.36,92.28,91.73,94.99,93.36,93.36,92.28,91.19,91.19,90.65,91.19,91.19,90.65,90.10,89.56,89.02,88.48,88.48,88.48,87.93,87.93,87.93,86.85,86.85"
Rec-031_30s_3,5,4,3869,core,309,331,0.0,5.0,0.9895,313,333,319,337,1.0,True,91.8411,105.3012,85.7624,4.2968,91.1898,"105.30,101.50,98.25,96.62,95.53,94.99,94.45,97.16,95.53,94.45,93.36,92.28,91.19,91.19,93.36,92.28,91.19,91.19,90.65,90.10,89.56,90.10,90.10,89.56,89.56,88.48,88.48,87.93,87.93,87.93,87.93,87.39,86.85,86.31,85.76"
Rec-031_30s_3,5,5,3870,core,314,331,0.0,5.0,0.987,318,333,324,337,1.0,True,91.0813,102.0447,86.3051,3.5809,90.6471,"102.04,98.25,96.62,95.53,94.45,94.45,93.36,95.53,94.45,92.28,92.28,91.19,91.19,91.19,92.28,91.19,91.19,90.65,90.10,89.56,89.56,89.56,89.56,89.02,88.48,88.48,88.48,87.93,87.93,87.39,87.39,86.85,86.85,86.31,86.31"
Rec-031_30s_3,5,6,3871,core,318,331,0.0,4.0,0.9899,322,333,328,337,1.0,True,91.6705,103.6729,86.8478,3.7709,91.1898,"103.67,99.87,97.70,95.53,95.53,94.99,94.45,96.07,94.45,93.36,92.28,92.28,91.73,91.73,92.28,91.73,91.19,91.19,90.65,90.65,90.10,89.56,89.56,89.56,89.56,89.02,88.48,88.48,87.93,87.93,87.93,87.39,87.39,87.39,86.85"
Rec-031_30s_3,5,7,3872,core,323,331,0.0,5.0,0.9884,327,333,333,337,1.0,True,92.0117,102.0447,87.9333,3.4384,91.1898,"102.04,98.79,97.16,96.07,95.53,95.53,95.53,95.53,94.45,93.36,93.36,93.36,93.36,93.36,92.28,91.73,91.19,91.19,91.19,91.19,91.19,90.10,89.56,89.56,89.56,89.56,89.56,89.56,87.93,87.93,87.93,87.93,87.93,87.93,87.93"
Rec-031_30s_3,5,8,3873,core,327,331,0.0,4.0,0.9903,331,333,337,337,1.0,True,93.3918,104.2157,89.0188,3.7083,92.2753,"104.22,100.96,98.79,98.25,97.70,97.16,96.62,97.70,95.53,94.99,94.99,94.45,94.45,94.45,93.36,93.36,92.28,92.28,92.28,92.28,92.28,91.19,91.19,91.19,91.19,90.65,90.65,91.19,89.02,89.02,89.02,89.02,89.02,89.02,89.02"
Rec-031_30s_3,5,9,3874,core,332,331,0.0,5.0,0.9889,336,333,342,337,1.0,True,94.1051,103.1302,89.5616,3.5793,93.3608,"103.13,100.96,99.33,98.79,98.25,98.25,97.70,97.70,96.62,96.07,95.53,95.53,95.53,95.53,94.45,94.45,94.45,93.36,93.36,93.36,93.36,91.73,91.73,91.73,91.73,91.73,91.19,91.19,89.56,89.56,89.56,89.56,89.56,89.56,89.56"
Rec-031_30s_3,5,10,3875,core,336,331,0.0,4.0,0.9901,340,333,346,337,1.0,True,95.1596,105.8439,90.1043,3.8417,94.4463,"105.84,103.13,100.96,99.87,99.87,98.79,98.25,98.79,98.25,97.16,97.16,96.62,96.07,96.07,95.53,94.99,94.45,94.45,94.45,94.45,94.45,93.36,92.28,92.28,92.28,92.28,92.28,92.28,90.65,90.65,90.65,90.65,90.65,90.65,90.10"
Rec-031_30s_3,5,11,3876,core,341,331,0.0,5.0,0.9894,345,333,351,337,1.0,True,95.1441,105.3012,89.5616,3.806,94.989,"105.30,102.04,100.96,100.42,99.87,98.79,98.25,98.79,98.25,97.70,97.16,96.62,96.07,95.53,95.53,95.53,94.99,94.99,94.45,94.45,93.36,93.36,93.36,93.36,92.28,92.28,91.73,91.19,91.19,91.19,91.19,90.65,90.10,89.56,89.56"
Rec-031_30s_3,5,12,3877,core,345,331,0.0,4.0,0.9889,349,333,355,337,1.0,True,93.6864,106.3867,85.7624,4.5709,93.3608,"106.39,103.13,100.96,99.33,97.70,95.53,93.36,99.87,98.25,97.16,96.07,94.99,93.36,91.73,96.07,95.53,94.45,93.36,92.28,91.19,89.56,93.36,92.28,92.28,91.19,90.10,89.56,87.93,91.19,90.65,90.10,89.02,87.93,87.39,85.76"
Rec-031_30s_3,5,13,3878,core,350,331,0.0,5.0,0.9877,354,333,360,337,0.4286,False,83.6999,101.502,74.9074,7.4607,81.9631,"101.50,97.16,92.28,84.13,78.71,77.62,75.99,96.07,94.45,90.65,83.59,78.71,76.54,75.99,93.36,91.19,88.48,81.96,78.16,76.54,75.45,90.10,89.02,85.76,80.88,77.62,75.99,75.45,87.93,86.85,84.13,79.79,76.54,75.99,74.91"
Rec-031_30s_3,5,14,3879,core,354,331,0.0,4.0,0.9876,358,333,364,337,0.0,False,76.6753,84.6769,74.3647,2.2145,75.9929,"84.68,80.88,78.16,77.08,75.99,75.45,75.45,81.42,78.71,77.08,75.99,75.99,75.45,74.91,79.79,77.62,76.54,75.99,75.45,75.45,74.91,78.71,77.08,75.99,75.45,74.91,74.91,74.36,77.62,76.54,75.99,75.45,74.91,74.36,74.36"
Rec-031_30s_3,5,15,3880,core,355,330,45.0,1.41,0.991,359,332,365,336,0.0,False,77.0629,88.4761,74.3647,2.9371,75.9929,"88.48,83.59,79.79,77.62,76.54,75.99,75.99,83.59,79.79,77.62,76.54,75.99,75.45,74.91,79.79,77.62,76.54,75.99,75.45,74.91,74.91,77.62,77.08,75.99,75.99,75.45,74.91,74.36,77.08,75.99,75.99,75.45,74.91,74.91,74.36"
Rec-031_30s_3,6,1,4013,core,290,331,0.0,0.0,0.9866,294,333,300,337,1.0,True,94.1206,109.6431,86.3051,5.4463,93.3608,"109.64,105.84,103.13,101.50,100.42,99.87,99.33,98.25,97.16,96.07,96.07,96.07,95.53,95.53,92.28,92.28,93.36,93.36,93.36,93.36,93.36,89.56,90.10,90.10,90.65,91.19,91.19,90.65,86.31,87.39,87.93,87.93,88.48,88.48,88.48"
Rec-031_30s_3,6,2,4014,core,294,331,0.0,4.0,0.987,298,333,304,337,1.0,True,95.3767,111.8141,89.0188,5.3392,94.4463,"111.81,106.93,103.67,102.04,100.96,99.87,98.79,101.50,99.33,98.25,97.16,96.62,95.53,95.53,96.07,95.53,94.99,94.45,94.45,93.36,93.36,92.28,91.73,91.73,91.73,91.73,91.19,91.19,89.56,89.56,89.56,89.56,89.56,89.56,89.02"
Rec-031_30s_3,6,3,4015,core,299,331,0.0,5.0,0.9873,303,333,309,337,1.0,True,94.6789,108.5576,88.4761,4.6802,94.4463,"108.56,105.30,102.04,100.42,99.33,98.25,97.16,100.42,98.25,97.16,96.07,95.53,94.99,94.45,95.53,94.99,94.45,94.45,93.36,93.36,92.28,93.36,92.28,92.28,91.19,91.19,90.65,90.65,90.65,90.10,89.56,89.56,89.02,88.48,88.48"
Rec-031_30s_3,6,4,4016,core,308,331,0.0,9.0,0.9887,312,333,318,337,1.0,True,93.5003,106.3867,87.9333,4.1096,92.2753,"106.39,102.04,99.87,98.79,97.70,96.62,95.53,98.25,96.62,95.53,94.99,94.45,93.36,93.36,94.99,94.45,93.36,92.28,92.28,91.73,91.19,91.73,91.19,91.19,91.19,90.65,90.10,89.56,89.56,89.56,89.56,89.56,88.48,88.48,87.93"
Rec-031_30s_3,6,5,4017,core,312,331,0.0,4.0,0.9895,316,333,322,337,1.0,True,93.6244,108.0149,87.9333,4.4176,93.3608,"108.01,103.13,100.42,98.25,97.16,96.62,95.53,99.33,97.70,95.53,94.99,94.45,93.36,93.36,94.99,94.45,93.36,93.36,92.28,91.73,91.19,92.28,91.73,91.19,90.65,90.10,90.10,89.56,89.56,89.56,89.56,89.02,88.48,87.93,87.93"
Rec-031_30s_3,6,6,4018,core,317,331,0.0,5.0,0.9899,321,333,327,337,1.0,True,92.787,105.3012,87.3906,3.9201,92.2753,"105.30,101.50,98.25,97.16,96.07,95.53,94.99,97.70,96.07,94.99,94.45,93.36,92.28,92.28,94.45,93.36,92.28,92.28,91.19,91.19,91.19,91.19,91.19,90.65,90.10,90.10,89.56,89.02,89.56,89.56,89.02,88.48,87.93,87.93,87.39"
Rec-031_30s_3,6,7,4019,core,321,331,0.0,4.0,0.9895,325,333,331,337,1.0,True,92.9886,105.8439,87.9333,4.0507,92.2753,"105.84,102.04,98.79,97.16,96.62,96.07,95.53,98.25,96.07,94.99,94.45,93.36,93.36,93.36,94.45,93.36,92.28,92.28,91.73,91.19,91.19,91.19,91.19,90.65,90.10,90.10,89.56,89.56,89.56,89.02,88.48,88.48,88.48,87.93,87.93"
Rec-031_30s_3,6,8,4020,core,326,331,0.0,5.0,0.9903,330,333,336,337,1.0,True,93.4383,103.1302,89.0188,3.5009,92.2753,"103.13,100.96,98.25,98.25,97.70,97.16,96.62,97.16,96.07,94.99,94.99,94.99,94.45,94.45,93.36,93.36,92.28,92.28,92.28,92.28,92.28,91.19,91.19,90.65,91.19,91.19,90.65,90.65,89.56,89.56,89.56,89.56,89.56,89.02,89.56"
Rec-031_30s_3,6,9,4021,core,330,331,0.0,4.0,0.9891,334,333,340,337,1.0,True,94.5238,105.8439,89.5616,3.8795,94.4463,"105.84,102.04,100.96,99.33,98.79,98.25,97.70,98.79,97.16,96.62,96.07,95.53,95.53,95.53,94.45,94.45,94.45,94.45,93.36,93.36,93.36,91.73,91.73,91.73,91.73,91.73,91.73,91.73,90.10,90.10,90.10,90.10,90.10,89.56,90.10"
Rec-031_30s_3,6,10,4022,core,335,331,0.0,5.0,0.9905,339,333,345,337,1.0,True,95.2681,105.3012,90.6471,3.5917,94.4463,"105.30,102.04,100.96,99.87,99.33,98.79,98.25,98.79,98.25,97.16,97.16,96.62,96.62,96.07,95.53,95.53,94.99,94.45,94.45,94.45,94.45,93.36,93.36,92.28,92.28,92.28,92.28,92.28,91.19,91.19,91.19,91.19,91.19,90.65,90.65"
Rec-031_30s_3,6,11,4023,core,339,331,0.0,4.0,0.9885,343,333,349,337,1.0,True,96.1055,107.4722,91.1898,4.0218,95.5318,"107.47,104.22,102.04,101.50,100.42,99.87,99.33,100.42,98.79,98.25,98.25,98.25,97.16,96.62,96.62,96.07,95.53,95.53,95.53,94.99,94.99,93.36,93.36,93.36,93.36,93.36,93.36,92.28,91.73,91.73,91.19,91.19,91.19,91.19,91.19"
Rec-031_30s_3,6,12,4024,core,344,331,0.0,5.0,0.99,348,333,354,337,1.0,True,94.9425,106.3867,87.9333,4.2308,94.4463,"106.39,103.67,101.50,99.87,98.79,97.16,95.53,100.42,99.33,98.25,97.70,96.07,95.53,93.36,96.62,96.07,95.53,94.99,94.45,92.28,91.19,94.45,94.45,93.36,92.28,91.73,90.65,89.56,91.73,91.73,91.19,90.65,89.56,89.02,87.93"
Rec-031_30s_3,6,13,4025,core,353,331,0.0,9.0,0.9885,357,333,363,337,0.0,False,77.3886,88.4761,74.3647,3.2208,75.9929,"88.48,81.96,78.71,77.08,75.99,75.99,75.45,85.22,79.79,77.62,75.99,75.99,75.45,74.91,83.05,78.71,77.08,75.99,75.45,74.91,74.91,81.42,78.16,76.54,75.99,74.91,74.91,74.36,80.33,77.62,75.99,75.45,74.91,74.91,74.36"
Rec-031_30s_3,6,14,4026,core,355,330,26.57,2.24,0.9856,359,332,365,336,0.0,False,77.342,90.1043,74.3647,3.2367,75.9929,"90.10,84.68,80.33,77.62,77.08,75.99,75.99,84.13,80.33,78.16,76.54,75.99,75.99,74.91,80.33,78.16,76.54,75.99,75.99,75.45,74.91,78.16,77.08,75.99,75.99,75.45,74.91,74.91,77.62,75.99,75.99,75.45,74.91,74.91,74.36"
Rec-032_30s_4,1,1,3294,core,290,331,0.0,0.0,0.9884,294,333,300,337,1.0,True,80.9397,96.0745,73.822,5.5725,79.7922,"96.07,92.28,89.56,88.48,87.93,87.39,86.85,86.31,84.68,83.59,83.05,83.05,82.51,81.96,80.88,80.33,80.33,79.79,79.79,78.71,78.71,77.62,77.08,77.08,77.08,77.08,76.54,75.99,74.91,74.91,74.91,74.91,74.36,74.36,73.82"
Rec-032_30s_4,1,2,3295,core,292,331,0.0,2.0,0.9848,296,333,302,337,1.0,True,81.0327,94.989,73.822,5.2854,79.7922,"94.99,91.73,89.56,87.93,87.93,86.31,85.76,86.85,85.22,84.13,83.59,83.05,81.96,80.88,81.96,80.88,80.88,79.79,79.79,78.71,78.71,78.16,77.62,77.62,77.62,77.08,75.99,75.99,75.99,75.99,75.45,74.91,74.91,74.36,73.82"
Rec-032_30s_4,1,3,3296,core,296,331,0.0,4.0,0.9878,300,333,306,337,1.0,True,80.8311,97.16,73.822,5.4636,79.7922,"97.16,92.28,89.56,87.39,85.76,85.22,84.13,87.93,85.76,84.13,83.05,81.96,80.88,80.88,82.51,81.42,80.33,79.79,78.71,78.71,77.62,78.71,78.16,77.62,77.08,76.54,75.99,75.45,75.99,75.99,75.45,74.91,74.36,73.82,73.82"
Rec-032_30s_4,1,4,3297,core,301,331,0.0,5.0,0.9861,305,333,311,337,1.0,True,79.6836,93.3608,73.822,4.7631,78.7067,"93.36,89.56,87.39,85.76,84.68,83.59,83.05,85.76,83.59,82.51,81.42,80.88,79.79,79.79,80.88,79.79,79.79,78.71,78.16,77.62,77.62,77.62,77.08,77.08,76.54,75.99,75.45,75.45,75.45,74.91,74.36,73.82,73.82,73.82,73.82"
Rec-032_30s_4,1,5,3298,core,305,331,0.0,4.0,0.9883,309,333,315,337,1.0,True,79.8387,94.4463,73.822,4.7375,78.7067,"94.45,90.10,86.85,85.22,84.13,84.13,83.05,85.76,84.13,82.51,81.42,80.88,80.33,79.79,80.88,79.79,78.71,78.71,78.71,77.62,77.62,77.62,77.62,77.08,76.54,75.99,75.99,75.45,75.99,75.45,74.91,74.91,74.36,73.82,73.82"
Rec-032_30s_4,1,6,3299,core,314,331,0.0,9.0,0.9888,318,333,324,337,1.0,True,80.2884,93.3608,74.9074,4.3369,78.7067,"93.36,89.56,86.85,85.76,84.68,84.13,84.13,85.76,83.59,82.51,81.42,80.88,80.88,80.88,80.88,80.33,79.79,78.71,78.71,78.71,78.71,77.62,77.62,77.62,77.08,77.08,77.08,76.54,75.99,75.99,75.99,75.45,75.45,75.45,74.91"
Rec-032_30s_4,1,7,3300,core,319,331,0.0,5.0,0.9885,323,333,329,337,1.0,True,80.9397,91.1898,75.9929,4.1064,80.3349,"91.19,89.02,87.39,86.31,85.76,85.76,85.76,85.22,83.59,83.05,83.05,82.51,82.51,82.51,80.88,80.88,80.33,80.33,79.79,79.79,79.79,78.16,78.16,78.16,77.62,77.62,77.62,77.62,75.99,75.99,75.99,76.54,75.99,75.99,75.99"
Rec-032_30s_4,1,8,3301,core,323,331,0.0,4.0,0.9889,327,333,333,337,1.0,True,82.5214,94.4463,77.6212,4.3526,81.4204,"94.45,91.19,89.56,87.93,87.93,87.39,87.39,86.85,85.76,84.13,84.13,84.13,84.13,83.59,82.51,81.96,81.42,81.42,81.42,80.88,81.42,79.79,79.79,79.79,79.79,78.71,78.71,78.71,77.62,77.62,77.62,77.62,77.62,77.62,77.62"
Rec-032_30s_4,1,9,3302,core,328,331,0.0,5.0,0.9892,332,333,338,337,1.0,True,83.5293,93.3608,78.7067,4.0299,83.0486,"93.36,91.19,89.56,89.56,89.02,88.48,88.48,87.39,85.76,85.76,85.22,85.22,84.68,84.68,83.05,83.05,83.05,83.05,83.05,82.51,82.51,80.88,80.88,80.88,80.33,80.33,80.33,80.33,78.71,78.71,78.71,78.71,78.71,78.71,78.71"
Rec-032_30s_4,1,10,3303,core,337,331,0.0,9.0,0.9898,341,333,347,337,1.0,True,85.0335,95.5318,78.7067,4.3824,84.1341,"95.53,93.36,91.73,91.19,91.19,90.65,90.10,89.02,87.93,87.39,87.39,86.85,86.31,86.31,85.22,84.68,84.13,84.13,84.13,84.13,83.59,82.51,82.51,81.96,81.42,81.42,81.42,80.88,80.33,80.33,80.33,79.79,79.79,79.79,78.71"
Rec-032_30s_4,1,11,3304,core,346,331,0.0,9.0,0.9875,350,333,356,337,1.0,True,84.4598,96.0745,76.5357,4.8183,83.5914,"96.07,94.45,92.28,91.19,89.56,87.93,85.22,90.10,89.02,88.48,87.93,86.31,85.76,83.05,85.76,85.76,85.22,84.13,83.59,83.05,80.33,83.05,83.05,81.96,81.42,80.88,79.79,78.16,80.88,80.33,79.79,78.71,78.71,77.62,76.54"
Rec-032_30s_4,1,12,3305,core,350,331,0.0,4.0,0.985,354,333,360,337,0.4286,False,80.0868,96.6172,74.3647,5.4202,78.1639,"96.62,92.28,87.93,80.88,78.16,76.54,75.99,90.10,87.93,84.68,79.79,77.62,75.99,75.99,85.76,84.13,81.96,78.71,76.54,75.99,75.45,82.51,80.88,79.79,77.62,75.99,75.45,74.91,79.79,78.71,77.62,75.99,75.45,74.91,74.36"
Rec-032_30s_4,1,13,3306,core,355,331,0.0,5.0,0.9843,359,333,365,337,0.0,False,75.8379,80.8776,74.3647,1.3456,75.4502,"80.88,78.16,77.08,75.99,75.99,75.45,74.91,78.71,77.62,75.99,75.99,75.45,74.91,74.91,77.62,75.99,75.99,75.45,74.91,74.91,74.36,75.99,75.99,75.45,75.45,74.91,74.91,74.36,75.99,75.45,75.45,74.91,74.91,74.91,74.36"
Rec-032_30s_4,2,1,3431,core,291,331,0.0,1.0,0.9836,295,333,301,337,1.0,True,87.5612,105.3012,79.7922,6.1661,86.3051,"105.30,100.42,97.70,95.53,94.45,93.36,92.28,94.45,91.73,90.65,90.10,89.56,89.02,87.93,87.93,87.39,87.39,86.31,85.76,85.76,85.22,83.59,83.59,83.59,83.59,83.05,83.05,82.51,80.33,80.88,80.88,80.88,80.33,80.33,79.79"
Rec-032_30s_4,2,2,3432,core,296,331,0.0,5.0,0.9879,300,333,306,337,1.0,True,87.0494,103.1302,79.7922,5.5895,85.7624,"103.13,98.25,95.53,94.45,93.36,92.28,91.73,93.36,91.19,90.10,89.56,88.48,87.93,87.93,87.93,87.39,86.31,85.76,85.76,85.22,84.68,84.13,84.13,83.59,83.05,83.05,82.51,81.96,81.42,80.88,80.88,80.88,80.33,79.79,79.79"
Rec-032_30s_4,2,3,3433,core,300,331,0.0,4.0,0.9857,304,333,310,337,1.0,True,87.189,104.2157,79.7922,5.7703,85.7624,"104.22,99.33,96.07,94.45,93.36,92.28,91.19,94.45,91.73,90.10,89.56,88.48,87.93,87.93,87.93,87.39,86.31,85.76,85.76,85.22,84.68,84.13,84.13,83.05,83.05,83.05,83.05,82.51,81.42,80.88,80.88,80.88,80.33,80.33,79.79"
Rec-032_30s_4,2,4,3434,core,305,331,0.0,5.0,0.9887,309,333,315,337,1.0,True,86.6463,100.9592,79.7922,5.1179,85.7624,"100.96,97.16,94.45,93.36,92.28,91.19,90.65,92.28,90.65,89.56,89.02,87.93,87.93,87.39,87.93,86.85,86.31,85.76,85.76,85.22,84.13,84.13,83.59,83.59,83.05,83.05,82.51,81.96,80.88,80.88,80.88,80.88,80.33,80.33,79.79"
Rec-032_30s_4,2,5,3435,core,310,331,0.0,5.0,0.9854,314,333,320,337,1.0,True,86.1656,98.2455,80.3349,4.4668,85.7624,"98.25,94.99,93.36,91.73,91.19,90.65,90.10,91.19,89.56,88.48,87.93,87.93,87.39,86.85,87.39,85.76,85.76,85.76,85.22,84.68,84.13,84.13,83.59,83.59,83.05,83.05,82.51,82.51,80.88,80.88,80.88,80.88,80.88,80.33,80.33"
Rec-032_30s_4,2,6,3436,core,314,331,0.0,4.0,0.9892,318,333,324,337,1.0,True,86.5687,98.7882,80.8776,4.4252,85.7624,"98.79,95.53,93.36,92.28,91.19,91.19,90.65,91.19,89.56,89.56,88.48,87.93,87.93,87.39,87.39,86.31,85.76,85.76,85.76,85.22,85.22,84.13,83.59,83.59,83.59,83.59,83.05,83.05,81.96,81.42,81.42,81.42,80.88,80.88,80.88"
Rec-032_30s_4,2,7,3437,core,319,331,0.0,5.0,0.987,323,333,329,337,1.0,True,86.4757,97.16,80.8776,4.09,85.7624,"97.16,94.45,92.28,91.73,91.19,90.65,90.65,91.19,89.56,89.02,88.48,87.93,87.93,87.39,87.39,86.31,85.76,85.76,85.76,85.76,85.22,84.13,84.13,83.59,83.59,83.05,83.05,83.05,81.96,81.96,81.96,81.42,81.42,80.88,80.88"
Rec-032_30s_4,2,8,3438,core,323,331,0.0,4.0,0.9897,327,333,333,337,1.0,True,87.2975,98.2455,81.9631,4.191,86.8478,"98.25,95.53,93.36,92.28,92.28,91.73,91.73,91.73,90.65,89.56,89.56,89.02,89.02,88.48,87.93,87.39,86.85,86.85,86.31,85.76,85.76,84.68,84.68,84.13,84.13,84.13,84.13,84.13,82.51,82.51,82.51,81.96,81.96,81.96,81.96"
Rec-032_30s_4,2,9,3439,core,328,331,0.0,5.0,0.9876,332,333,338,337,1.0,True,88.1349,97.7027,83.0486,4.1822,87.3906,"97.70,95.53,94.45,94.45,94.45,93.36,93.36,91.19,90.65,90.10,90.10,90.10,90.10,90.10,87.93,87.93,87.93,87.39,87.39,87.39,87.39,85.22,85.22,85.22,84.68,84.68,84.68,84.68,83.05,83.05,83.05,83.05,83.05,83.05,83.05"
Rec-032_30s_4,2,10,3440,core,332,331,0.0,4.0,0.9898,336,333,342,337,1.0,True,89.2824,99.8737,83.5914,4.5638,88.4761,"99.87,97.70,96.62,95.53,95.53,94.99,94.99,93.36,92.28,91.73,91.73,91.19,91.19,91.19,89.02,89.02,88.48,88.48,88.48,88.48,87.93,85.76,85.76,85.76,85.76,85.76,85.76,85.76,83.59,84.13,84.13,84.13,83.59,83.59,83.59"
Rec-032_30s_4,2,11,3441,core,337,331,0.0,5.0,0.9885,341,333,347,337,1.0,True,89.5305,99.8737,83.5914,4.4849,89.0188,"99.87,98.25,96.62,95.53,95.53,94.99,94.45,93.36,92.28,92.28,91.73,91.73,91.19,91.19,89.56,89.56,89.56,89.02,89.02,88.48,88.48,86.85,86.31,86.31,86.31,85.76,85.76,85.76,84.13,84.13,84.13,84.13,84.13,83.59,83.59"
Rec-032_30s_4,2,12,3442,core,341,331,0.0,4.0,0.9895,345,333,351,337,1.0,True,90.0423,101.502,83.0486,4.6685,89.5616,"101.50,98.79,97.70,96.62,95.53,94.45,93.36,94.99,94.45,93.36,92.28,92.28,91.73,91.19,90.65,90.10,89.56,89.56,89.56,89.02,87.93,87.93,87.39,86.85,86.85,86.31,85.76,85.76,85.22,84.68,84.68,84.13,84.13,84.13,83.05"
Rec-032_30s_4,2,13,3443,core,346,331,0.0,5.0,0.9862,350,333,356,337,1.0,True,87.8868,98.2455,78.7067,4.6587,87.3906,"98.25,96.62,94.99,94.45,92.28,91.19,87.93,94.45,92.28,91.73,91.19,90.10,89.02,85.76,90.65,89.56,89.02,87.93,87.39,85.76,83.05,87.39,86.31,85.76,85.76,84.68,83.59,80.88,84.68,84.13,84.13,83.05,82.51,80.88,78.71"
Rec-032_30s_4,2,14,3444,core,350,331,0.0,4.0,0.9862,354,333,360,337,0.4286,False,81.7926,98.2455,74.9074,6.3781,79.7922,"98.25,94.99,90.65,83.05,78.71,77.08,75.99,93.36,91.19,87.93,81.42,78.16,76.54,75.99,89.56,87.93,84.68,79.79,77.62,75.99,75.45,85.76,84.68,82.51,78.16,76.54,75.45,74.91,83.59,82.51,80.33,77.62,75.99,75.45,74.91"
Rec-032_30s_4,2,15,3445,core,355,331,0.0,5.0,0.9832,359,333,365,337,0.0,False,75.7603,80.8776,73.822,1.393,75.4502,"80.88,78.16,76.54,75.99,75.45,75.45,74.91,78.71,77.08,75.99,75.99,75.45,75.45,74.91,77.62,76.54,75.99,75.45,75.45,74.91,74.36,76.54,75.99,75.45,74.91,74.91,74.36,74.36,75.99,75.45,75.45,74.36,74.36,74.36,73.82"
Rec-032_30s_4,3,1,3574,core,290,331,0.0,0.0,0.9901,294,333,300,337,1.0,True,88.9258,103.1302,81.9631,5.2179,87.9333,"103.13,99.33,97.16,96.62,95.53,94.99,94.45,92.28,91.19,91.19,91.19,91.19,91.19,90.65,87.93,87.93,88.48,87.93,87.93,87.93,87.93,84.68,85.22,85.22,85.22,85.76,85.22,85.22,81.96,82.51,83.05,83.05,83.05,83.05,83.05"
Rec-032_30s_4,3,2,3575,core,293,331,0.0,3.0,0.9857,297,333,303,337,1.0,True,90.6626,107.4722,83.5914,5.7123,89.5616,"107.47,103.13,99.33,97.70,96.62,95.53,95.53,97.16,94.99,93.36,92.28,92.28,91.73,91.19,91.19,90.65,90.10,89.56,89.56,89.02,89.02,87.39,87.39,86.85,86.85,86.31,86.31,86.31,84.13,84.13,84.13,84.13,84.13,84.13,83.59"
Rec-032_30s_4,3,3,3576,core,302,331,0.0,9.0,0.9876,306,333,312,337,1.0,True,89.9803,105.3012,83.5914,5.0667,89.5616,"105.30,100.96,97.70,95.53,94.99,94.45,93.36,96.07,94.45,92.28,91.19,91.19,90.65,90.10,91.19,90.10,89.56,89.56,88.48,88.48,87.93,87.93,87.39,86.85,86.85,86.31,85.76,85.76,84.68,84.68,84.13,84.13,84.13,83.59,83.59"
Rec-032_30s_4,3,4,3577,core,307,331,0.0,5.0,0.9891,311,333,317,337,1.0,True,89.4995,102.0447,83.5914,4.4108,89.0188,"102.04,98.25,96.07,94.99,94.45,93.36,92.28,94.99,93.36,91.73,91.19,90.65,90.10,89.56,91.19,90.10,89.56,89.02,88.48,87.93,87.93,87.93,87.39,86.85,86.31,85.76,85.76,85.76,84.68,84.68,84.13,84.13,84.13,84.13,83.59"
Rec-032_30s_4,3,5,3578,core,311,331,0.0,4.0,0.9873,315,333,321,337,1.0,True,89.7477,103.1302,84.1341,4.5851,89.0188,"103.13,99.33,96.62,95.53,94.45,93.36,93.36,95.53,93.36,92.28,91.19,90.65,90.10,90.10,91.19,90.10,89.56,89.02,88.48,88.48,87.93,87.93,87.39,86.85,86.31,86.31,85.76,85.76,85.22,84.68,84.68,84.13,84.13,84.13,84.13"
Rec-032_30s_4,3,6,3579,core,334,331,0.0,23.0,0.9905,338,333,344,337,1.0,True,92.3063,103.1302,86.3051,4.336,91.7325,"103.13,100.42,98.79,98.25,97.70,96.62,96.62,97.16,95.53,94.99,94.45,94.45,93.36,93.36,93.36,92.28,92.28,91.73,91.19,91.19,91.19,89.56,89.56,89.56,89.02,89.02,89.02,88.48,87.39,87.39,87.39,86.85,86.85,86.31,86.31"
Rec-032_30s_4,3,7,3580,core,339,331,0.0,5.0,0.9877,343,333,349,337,1.0,True,92.1823,101.502,86.3051,4.0167,91.7325,"101.50,99.33,98.25,97.70,97.16,96.62,96.07,96.07,95.53,94.99,94.45,94.45,94.45,93.36,92.28,92.28,92.28,91.73,91.19,91.19,91.19,89.56,89.56,89.56,89.56,89.02,89.02,88.48,87.93,87.39,87.39,87.39,86.85,86.31,86.31"
Rec-032_30s_4,3,8,3581,core,343,331,0.0,4.0,0.9897,347,333,353,337,1.0,True,91.9186,103.1302,85.2196,4.2695,91.7325,"103.13,100.42,98.25,97.16,96.62,95.53,94.45,97.16,95.53,94.99,94.45,93.36,93.36,91.73,93.36,92.28,92.28,91.73,91.19,90.65,89.56,90.10,89.56,89.56,89.56,88.48,87.93,87.39,87.93,87.93,87.39,86.85,86.31,85.76,85.22"
Rec-032_30s_4,3,9,3582,core,348,331,0.0,5.0,0.9855,352,333,358,337,0.7143,False,86.5222,99.8737,75.9929,6.3217,86.8478,"99.87,97.16,94.99,93.36,90.10,83.05,78.71,95.53,94.45,92.28,91.19,87.93,81.42,77.62,91.73,91.19,90.10,88.48,85.76,80.33,77.08,89.02,87.93,87.39,85.76,83.59,78.71,76.54,86.85,85.76,85.22,84.13,81.42,77.62,75.99"
Rec-032_30s_4,3,10,3583,core,352,331,0.0,4.0,0.9874,356,333,362,337,0.1429,False,78.6601,94.989,74.3647,4.734,76.5357,"94.99,85.76,80.33,77.62,76.54,75.99,75.45,90.65,83.05,78.71,77.08,75.99,75.99,75.45,86.85,80.88,78.16,76.54,75.99,75.45,74.91,84.13,79.79,77.62,75.99,75.45,74.91,74.91,81.96,78.71,76.54,75.99,75.45,74.91,74.36"
Rec-032_30s_4,3,11,3584,core,355,331,0.0,3.0,0.9845,359,333,365,337,0.0,False,76.1945,83.5914,74.3647,1.7981,75.9929,"83.59,79.79,77.62,76.54,75.99,75.99,75.45,79.79,77.62,76.54,75.99,75.45,75.45,74.91,77.62,76.54,75.99,75.99,75.45,74.91,74.91,77.08,75.99,75.99,75.45,74.91,74.91,74.36,75.99,75.99,75.45,74.91,74.91,74.36,74.36"
Rec-032_30s_4,4,1,3715,core,291,331,0.0,1.0,0.9848,295,333,301,337,1.0,True,91.624,104.2157,85.2196,4.8367,91.1898,"104.22,100.96,99.33,98.25,97.70,97.16,96.07,95.53,94.45,94.45,94.45,93.36,93.36,93.36,91.19,91.19,91.19,91.19,91.19,90.65,90.65,87.93,87.93,88.48,87.93,88.48,88.48,87.93,85.22,85.76,85.76,85.76,85.76,85.76,85.76"
Rec-032_30s_4,4,2,3716,core,295,331,0.0,4.0,0.9877,299,333,305,337,1.0,True,92.2443,106.3867,85.7624,4.9709,91.1898,"106.39,103.13,99.87,98.25,97.70,96.62,95.53,98.25,95.53,94.99,94.45,93.36,93.36,92.28,93.36,92.28,91.73,91.19,91.19,91.19,90.65,89.56,89.56,89.56,89.02,89.02,88.48,87.93,86.31,86.85,86.85,86.31,86.31,85.76,85.76"
Rec-032_30s_4,4,3,3717,core,299,331,0.0,4.0,0.9863,303,333,309,337,1.0,True,92.3839,109.1004,85.7624,5.2778,91.1898,"109.10,103.67,100.42,98.25,97.16,95.53,95.53,99.33,96.62,95.53,94.45,93.36,92.28,91.73,94.45,92.28,92.28,91.19,91.19,90.65,90.10,90.10,89.56,89.56,89.02,88.48,87.93,87.93,87.39,87.39,86.85,86.31,86.31,85.76,85.76"
Rec-032_30s_4,4,4,3718,core,304,331,0.0,5.0,0.9888,308,333,314,337,1.0,True,91.0968,104.2157,85.2196,4.3468,90.6471,"104.22,100.42,97.70,96.07,95.53,94.45,93.36,96.62,94.45,93.36,92.28,91.73,91.19,91.19,92.28,91.73,91.19,90.65,90.10,89.56,89.56,89.56,89.56,88.48,88.48,87.93,87.93,87.39,86.85,86.31,85.76,85.76,85.76,85.76,85.22"
Rec-032_30s_4,4,5,3719,core,308,331,0.0,4.0,0.9868,312,333,318,337,1.0,True,91.2518,105.8439,85.7624,4.5349,90.6471,"105.84,100.96,98.25,96.07,95.53,94.45,93.36,97.16,94.99,93.36,92.28,91.73,91.19,91.19,92.28,91.73,91.19,90.65,90.10,89.56,89.56,89.56,89.56,89.02,88.48,87.93,87.93,87.39,86.85,86.31,86.31,85.76,85.76,85.76,85.76"
Rec-032_30s_4,4,6,3720,core,313,331,0.0,5.0,0.9898,317,333,323,337,1.0,True,90.616,102.0447,85.2196,3.8289,90.1043,"102.04,98.25,96.07,95.53,94.45,94.45,93.36,95.53,93.36,92.28,91.73,91.19,91.19,90.65,91.19,91.19,90.65,90.10,89.56,89.56,89.56,89.02,89.02,88.48,87.93,87.93,87.93,87.39,86.85,86.31,86.31,85.76,85.76,85.76,85.22"
Rec-032_30s_4,4,7,3721,core,317,331,0.0,4.0,0.9866,321,333,327,337,1.0,True,91.2208,103.6729,85.7624,4.117,90.6471,"103.67,99.87,97.70,96.07,94.99,94.45,94.45,96.07,94.45,93.36,92.28,92.28,91.73,91.19,92.28,91.19,91.19,90.65,90.10,90.10,90.10,89.56,89.02,88.48,88.48,88.48,87.93,87.93,86.85,86.85,86.31,86.31,86.31,86.31,85.76"
Rec-032_30s_4,4,8,3722,core,322,331,0.0,5.0,0.9905,326,333,332,337,1.0,True,91.7326,102.0447,86.8478,3.6118,91.1898,"102.04,98.79,97.16,96.07,95.53,95.53,94.99,95.53,94.45,93.36,93.36,93.36,92.28,92.28,92.28,91.19,91.19,91.19,91.19,91.19,91.19,89.56,89.56,89.56,89.56,89.56,89.02,89.02,87.39,87.39,87.39,87.39,86.85,86.85,87.39"
Rec-032_30s_4,4,9,3723,core,327,331,0.0,5.0,0.9869,331,333,337,337,1.0,True,92.5389,100.9592,87.9333,3.4943,92.2753,"100.96,98.25,97.70,97.16,97.16,96.62,96.62,95.53,94.45,94.45,94.45,94.45,94.45,94.45,92.28,92.28,92.28,92.28,92.28,92.28,92.28,90.10,90.10,90.10,90.10,90.10,90.10,90.10,87.93,87.93,87.93,87.93,87.93,87.93,87.93"
Rec-032_30s_4,4,10,3724,core,331,331,0.0,4.0,0.9905,335,333,341,337,1.0,True,94.0431,103.6729,89.0188,3.8691,93.3608,"103.67,101.50,99.87,98.79,98.25,98.25,98.25,98.25,97.16,96.07,95.53,95.53,95.53,95.53,94.45,94.45,94.45,93.36,93.36,93.36,93.36,91.19,91.19,91.19,91.19,91.19,91.19,91.19,89.02,89.02,89.56,89.56,89.02,89.02,89.02"
Rec-032_30s_4,4,11,3725,core,336,331,0.0,5.0,0.9871,340,333,346,337,1.0,True,94.6944,103.6729,89.5616,3.8778,94.4463,"103.67,102.04,100.42,99.87,99.33,98.79,98.25,98.25,97.70,97.16,96.62,96.62,96.07,96.07,95.53,94.99,94.99,94.45,94.45,94.45,94.45,92.28,92.28,92.28,92.28,91.73,91.19,91.19,89.56,89.56,89.56,89.56,89.56,89.56,89.56"
Rec-032_30s_4,4,12,3726,core,345,331,0.0,9.0,0.9867,349,333,355,337,1.0,True,92.5544,103.1302,84.6769,4.2782,92.2753,"103.13,100.96,99.33,98.25,96.07,94.45,92.28,98.25,97.16,96.07,94.99,94.45,92.28,91.19,95.53,94.45,93.36,92.28,91.19,90.65,89.02,92.28,91.73,91.19,90.10,89.56,87.93,86.85,90.10,89.56,89.02,87.93,87.39,85.76,84.68"
Rec-032_30s_4,4,13,3727,core,355,330,5.71,10.05,0.9882,359,332,365,336,0.0,False,77.2335,88.4761,74.3647,2.8911,75.9929,"88.48,83.59,79.79,77.62,76.54,75.99,75.99,83.59,79.79,77.62,77.08,75.99,75.99,75.45,80.33,77.62,76.54,75.99,75.99,75.45,74.91,78.16,77.08,75.99,75.99,75.45,75.45,74.36,77.62,76.54,75.99,75.45,74.91,74.91,74.91"
Rec-032_30s_4,5,1,3853,core,290,331,0.0,0.0,0.9879,294,333,300,337,1.0,True,92.7715,107.4722,85.7624,5.2097,91.7325,"107.47,103.13,100.96,99.87,98.79,98.25,98.25,97.16,95.53,94.99,94.99,94.99,94.45,94.45,91.73,91.73,91.73,92.28,92.28,91.73,91.73,88.48,88.48,89.02,89.56,89.56,89.56,89.56,85.76,85.76,86.85,86.85,86.85,86.85,87.39"
Rec-032_30s_4,5,2,3854,core,293,331,0.0,3.0,0.9875,297,333,303,337,1.0,True,93.8415,109.1004,87.9333,5.2135,92.2753,"109.10,105.30,102.04,100.42,99.33,98.25,98.25,99.33,98.25,96.07,95.53,95.53,94.99,94.45,94.45,93.36,93.36,92.28,92.28,92.28,92.28,90.65,90.65,90.65,90.10,90.10,90.10,89.56,87.93,87.93,87.93,87.93,87.93,87.93,87.93"
Rec-032_30s_4,5,3,3855,core,298,331,0.0,5.0,0.9872,302,333,308,337,1.0,True,93.2833,106.9294,86.8478,4.58,92.2753,"106.93,103.13,100.42,98.79,98.25,97.16,96.07,98.79,96.62,95.53,94.99,94.45,93.36,93.36,94.45,93.36,93.36,92.28,92.28,91.73,91.19,91.19,91.19,90.65,90.10,90.10,89.56,89.56,88.48,89.02,88.48,87.93,87.93,87.39,86.85"
Rec-032_30s_4,5,4,3856,core,302,331,0.0,4.0,0.9893,306,333,312,337,1.0,True,93.1747,108.0149,86.8478,4.7474,92.2753,"108.01,103.67,100.96,98.25,97.70,96.07,95.53,99.33,97.16,95.53,94.45,94.45,93.36,92.28,94.45,93.36,93.36,92.28,91.73,91.19,90.65,91.19,91.19,90.65,90.65,89.56,89.56,89.02,89.02,88.48,87.93,87.93,87.93,87.39,86.85"
Rec-032_30s_4,5,5,3857,core,307,331,0.0,5.0,0.9883,311,333,317,337,1.0,True,91.8566,103.6729,86.3051,3.9397,91.1898,"103.67,100.42,98.25,96.07,95.53,94.99,94.45,96.62,94.99,94.45,93.36,92.28,91.73,91.19,93.36,92.28,91.73,91.19,90.65,90.10,90.10,90.65,90.10,89.56,89.56,89.02,88.48,88.48,88.48,87.93,87.93,87.39,86.85,86.85,86.31"
Rec-032_30s_4,5,6,3858,core,311,331,0.0,4.0,0.9901,315,333,321,337,1.0,True,91.9186,104.2157,86.8478,3.9713,91.1898,"104.22,100.96,98.25,96.62,95.53,94.99,94.45,97.16,94.99,93.36,92.28,92.28,92.28,91.73,93.36,92.28,91.19,91.19,90.65,90.10,89.56,90.65,90.10,89.56,89.56,89.02,89.02,88.48,87.93,87.93,87.93,87.93,87.39,87.39,86.85"
Rec-032_30s_4,5,7,3859,core,316,331,0.0,5.0,0.9894,320,333,326,337,1.0,True,91.717,102.0447,87.3906,3.4849,91.1898,"102.04,98.79,97.16,96.07,95.53,95.53,94.45,95.53,94.45,93.36,92.28,92.28,92.28,91.73,92.28,91.73,91.19,91.19,91.19,90.65,90.65,90.10,90.10,89.56,89.56,89.02,89.02,89.02,87.93,87.93,87.93,87.39,87.39,87.39,87.39"
Rec-032_30s_4,5,8,3860,core,320,331,0.0,4.0,0.99,324,333,330,337,1.0,True,92.3838,104.2157,87.9333,3.8831,91.7325,"104.22,100.42,98.25,97.16,96.07,95.53,95.53,97.16,95.53,94.45,93.36,93.36,93.36,92.28,93.36,92.28,91.73,91.73,91.19,91.19,91.19,90.65,90.10,89.56,89.56,89.56,89.56,89.56,87.93,87.93,87.93,87.93,87.93,87.93,87.93"
Rec-032_30s_4,5,9,3861,core,325,331,0.0,5.0,0.9897,329,333,335,337,1.0,True,92.8491,102.0447,88.4761,3.4545,92.2753,"102.04,99.33,98.25,97.16,96.62,96.62,96.07,96.07,95.53,94.45,94.45,94.45,94.45,94.45,93.36,92.28,92.28,92.28,92.28,92.28,92.28,91.19,90.65,90.65,90.10,90.10,90.10,90.10,89.02,88.48,88.48,88.48,88.48,88.48,88.48"
Rec-032_30s_4,5,10,3862,core,329,331,0.0,4.0,0.9899,333,333,339,337,1.0,True,94.1206,105.3012,89.5616,3.8927,93.3608,"105.30,102.04,99.33,98.79,98.25,98.25,97.70,98.25,97.16,96.07,95.53,95.53,95.53,95.53,94.45,94.45,93.36,93.36,93.36,93.36,93.36,91.19,91.19,91.19,91.19,91.19,91.19,91.19,89.56,89.56,89.56,89.56,89.56,89.56,89.56"
Rec-032_30s_4,5,11,3863,core,334,331,0.0,5.0,0.9903,338,333,344,337,1.0,True,94.6789,103.6729,90.1043,3.4699,94.4463,"103.67,101.50,99.87,98.79,98.25,98.25,98.25,98.25,97.70,96.62,96.07,96.07,95.53,95.53,94.99,94.99,94.45,94.45,94.45,94.45,94.45,92.28,92.28,92.28,92.28,92.28,92.28,91.73,90.65,90.65,90.10,90.10,90.10,90.10,90.10"
Rec-032_30s_4,5,12,3864,core,338,331,0.0,4.0,0.9893,342,333,348,337,1.0,True,95.4697,105.8439,90.1043,3.909,94.989,"105.84,103.13,101.50,100.42,99.87,99.33,99.33,99.33,98.25,97.70,97.16,97.16,97.16,96.62,95.53,95.53,95.53,94.99,94.99,94.45,94.45,93.36,93.36,92.28,92.28,92.28,92.28,92.28,91.19,91.19,90.65,90.65,90.65,90.65,90.10"
Rec-032_30s_4,5,13,3865,core,343,331,0.0,5.0,0.99,347,333,353,337,1.0,True,94.6013,105.3012,87.9333,4.2052,94.4463,"105.30,103.13,101.50,99.87,98.79,98.25,96.07,99.87,98.25,97.70,97.16,96.07,95.53,94.45,96.07,95.53,95.53,94.45,93.36,92.28,91.19,93.36,93.36,92.28,91.73,91.19,90.10,89.56,91.19,91.19,90.65,90.10,89.56,88.48,87.93"
Rec-032_30s_4,5,14,3866,core,347,331,0.0,4.0,0.9882,351,333,357,337,0.8571,False,90.7091,105.8439,78.7067,6.0892,90.6471,"105.84,102.04,98.79,96.62,94.45,90.65,83.05,99.33,97.70,95.53,94.45,92.28,89.56,83.05,95.53,94.45,92.28,91.19,89.56,87.39,81.42,92.28,91.19,90.65,89.56,87.93,85.22,79.79,90.10,89.56,88.48,87.39,85.76,83.05,78.71"
Rec-032_30s_4,5,15,3867,core,352,331,0.0,5.0,0.9881,356,333,362,337,0.1429,False,79.1098,95.5318,74.3647,5.138,77.0784,"95.53,85.22,80.33,77.62,76.54,75.99,75.45,91.73,84.13,79.79,77.08,75.99,75.45,74.91,89.02,83.05,78.71,77.08,75.99,75.45,74.91,85.76,80.88,78.16,76.54,75.45,74.91,74.91,84.13,79.79,77.62,75.99,75.45,74.91,74.36"
Rec-032_30s_4,5,16,3868,core,355,331,0.0,3.0,0.9866,359,333,365,337,0.0,False,76.3651,83.5914,74.3647,1.8611,75.9929,"83.59,79.79,77.62,77.08,75.99,75.99,75.45,80.33,77.62,76.54,75.99,75.99,74.91,74.91,78.71,77.08,75.99,75.99,75.99,75.45,74.91,77.62,75.99,75.99,75.45,74.91,74.91,74.36,77.08,75.99,75.45,74.91,74.91,74.91,74.36"
Rec-032_30s_4,6,1,3994,core,290,331,0.0,0.0,0.9891,294,333,300,337,1.0,True,93.4538,107.4722,85.7624,5.2066,92.2753,"107.47,104.22,101.50,100.96,99.87,99.33,98.79,97.70,96.07,95.53,95.53,95.53,95.53,95.53,92.28,92.28,92.28,92.28,93.36,92.28,92.28,89.02,89.56,89.56,90.10,90.10,90.10,90.10,85.76,86.85,87.39,87.93,87.93,87.93,87.93"
Rec-032_30s_4,6,2,3995,core,291,331,0.0,1.0,0.9842,295,333,301,337,1.0,True,94.7564,111.8141,87.9333,5.4988,94.4463,"111.81,106.39,103.13,101.50,100.42,99.87,98.79,100.42,98.25,97.16,97.16,96.07,95.53,95.53,94.45,94.45,94.45,94.45,93.36,93.36,93.36,90.65,91.19,91.19,91.19,91.19,91.19,91.19,87.93,87.93,88.48,88.48,89.02,88.48,88.48"
Rec-032_30s_4,6,3,3996,core,300,331,0.0,9.0,0.9868,304,333,310,337,1.0,True,94.8495,111.2714,88.4761,5.143,94.4463,"111.27,106.39,103.13,100.42,99.33,98.25,97.70,101.50,98.79,97.70,96.07,95.53,94.99,94.45,96.07,95.53,94.45,94.45,93.36,92.28,92.28,92.28,92.28,91.73,91.19,91.19,91.19,90.65,90.10,89.56,89.56,89.56,89.02,89.02,88.48"
Rec-032_30s_4,6,4,3997,core,305,331,0.0,5.0,0.9899,309,333,315,337,1.0,True,93.795,106.9294,87.9333,4.2752,93.3608,"106.93,103.13,100.42,98.79,98.25,97.16,96.07,98.79,97.16,96.07,94.99,94.45,94.45,93.36,94.99,94.45,93.36,93.36,92.28,92.28,91.73,92.28,91.73,91.19,91.19,90.65,90.10,90.10,89.56,89.56,89.56,89.56,88.48,88.48,87.93"
Rec-032_30s_4,6,5,3998,core,309,331,0.0,4.0,0.9875,313,333,319,337,1.0,True,93.7795,109.1004,87.9333,4.589,93.3608,"109.10,103.67,100.96,98.79,97.70,96.62,95.53,99.87,97.70,95.53,94.99,94.45,93.36,93.36,95.53,94.45,93.36,93.36,92.28,91.73,91.19,91.73,91.19,91.19,91.19,90.65,90.10,89.56,89.56,89.56,89.56,89.02,89.02,88.48,87.93"
Rec-032_30s_4,6,6,3999,core,323,331,0.0,14.0,0.9917,327,333,333,337,1.0,True,93.1592,103.1302,89.0188,3.4936,92.2753,"103.13,100.42,98.25,97.16,96.62,96.62,96.62,97.16,95.53,94.99,94.45,94.45,94.45,94.45,93.36,93.36,92.28,92.28,92.28,92.28,92.28,91.19,90.65,90.65,90.65,90.65,90.65,90.65,89.02,89.02,89.02,89.02,89.02,89.02,89.02"
Rec-032_30s_4,6,7,4000,core,328,331,0.0,5.0,0.9888,332,333,338,337,1.0,True,93.857,102.0447,89.5616,3.3817,93.3608,"102.04,100.42,98.25,98.25,98.25,97.70,97.70,97.16,96.07,95.53,95.53,95.53,95.53,95.53,94.45,93.36,93.36,93.36,93.36,93.36,93.36,91.73,91.19,91.19,91.19,91.73,91.73,91.19,89.56,89.56,89.56,89.56,89.56,89.56,89.56"
Rec-032_30s_4,6,8,4001,core,337,331,0.0,9.0,0.9889,341,333,347,337,1.0,True,95.6248,104.2157,91.1898,3.5353,95.5318,"104.22,102.04,100.96,100.42,99.87,99.33,99.33,98.79,98.25,97.70,97.70,97.16,97.16,97.16,96.07,95.53,95.53,95.53,95.53,94.99,94.99,93.36,93.36,93.36,93.36,92.28,92.28,92.28,91.19,91.19,91.19,91.19,91.19,91.19,91.19"
Rec-032_30s_4,6,9,4002,core,346,331,0.0,9.0,0.9882,350,333,356,337,1.0,True,92.8491,104.2157,83.5914,4.6724,92.2753,"104.22,102.04,99.87,98.25,95.53,94.45,90.65,99.87,98.25,97.16,95.53,94.45,92.28,89.56,96.07,95.53,94.45,93.36,91.73,90.10,87.39,93.36,92.28,91.73,90.65,89.56,87.93,85.76,91.19,90.10,89.56,89.02,87.93,86.31,83.59"
Rec-032_30s_4,6,10,4003,core,350,331,0.0,4.0,0.9895,354,333,360,337,0.4286,False,84.0101,102.0447,75.4502,7.6361,83.0486,"102.04,98.25,92.28,84.13,78.71,77.08,75.99,97.16,94.45,91.19,83.59,78.71,77.08,75.99,93.36,91.73,89.02,83.05,78.71,76.54,75.45,90.65,89.02,86.31,81.42,77.62,75.99,75.45,89.02,87.39,84.68,79.79,77.08,75.99,75.45"
Rec-032_30s_4,6,11,4004,core,355,331,0.0,5.0,0.9853,359,333,365,337,0.0,False,75.9309,80.8776,74.3647,1.4258,75.9929,"80.88,78.71,77.08,75.99,75.99,75.99,74.91,78.71,77.62,75.99,75.99,75.45,74.91,74.91,77.62,76.54,75.99,75.45,74.91,74.91,74.36,77.08,75.99,75.99,75.45,74.91,74.36,74.36,76.54,75.99,75.45,75.45,74.36,74.36,74.36"
Rec-G3_S60_1,1,1,1802,core,317,318,0.0,0.0,0.9852,321,319,327,323,1.0,True,77.5126,90.6471,70.5655,5.0712,76.5357,"90.65,87.93,85.76,84.13,83.59,83.05,82.51,82.51,80.88,80.33,79.79,79.79,78.71,78.71,77.62,77.62,77.08,76.54,76.54,75.99,75.99,73.82,74.36,73.82,73.82,73.82,73.82,73.28,71.65,71.65,71.65,71.65,71.65,71.65,70.57"
Rec-G3_S60_1,1,2,1803,core,322,319,-11.31,5.1,0.983,326,320,332,324,1.0,True,74.954,83.5914,70.0227,3.5682,74.3647,"83.59,81.42,80.33,79.79,79.79,78.71,78.16,78.71,78.16,77.62,77.08,76.54,75.99,75.99,75.99,74.91,74.36,74.36,73.82,73.82,73.28,73.28,72.74,72.74,72.19,71.65,71.65,71.65,71.65,71.65,70.57,70.57,70.57,70.02,70.02"
Rec-G3_S60_1,1,3,1804,core,327,318,11.31,5.1,0.9805,331,319,337,323,1.0,True,77.218,88.4761,71.651,4.2841,76.5357,"88.48,85.76,84.13,83.05,81.96,80.88,80.88,82.51,80.88,79.79,78.71,78.71,78.16,77.62,78.16,77.62,77.08,76.54,75.99,75.99,75.45,75.45,74.91,74.36,73.82,73.82,73.82,73.28,72.74,72.74,72.19,72.19,71.65,71.65,71.65"
Rec-G3_S60_1,1,4,1805,core,331,318,0.0,4.0,0.9795,335,319,341,323,1.0,True,77.3731,90.1043,71.651,4.4687,76.5357,"90.10,86.85,84.68,83.05,81.96,80.88,80.88,83.05,80.88,79.79,78.71,78.71,78.16,77.62,78.16,77.62,77.08,76.54,75.99,75.99,75.45,75.45,74.91,74.36,73.82,73.82,73.82,73.28,73.28,72.74,72.74,72.19,72.19,71.65,71.65"
Rec-G3_S60_1,1,5,1806,core,336,318,0.0,5.0,0.9795,340,319,346,323,1.0,True,77.0784,88.4761,71.651,4.1981,75.9929,"88.48,85.76,83.59,82.51,81.42,80.88,80.88,81.96,80.88,79.79,78.71,78.16,77.62,77.62,77.62,77.62,77.08,75.99,75.99,75.99,75.45,75.45,74.36,73.82,73.82,73.82,73.82,73.28,72.74,72.74,72.19,72.19,72.19,71.65,71.65"
Rec-G3_S60_1,1,6,1807,core,341,318,0.0,5.0,0.9798,345,319,351,323,1.0,True,77.3265,87.9333,72.1937,3.9954,76.5357,"87.93,85.22,83.59,82.51,81.96,81.42,80.88,81.42,80.33,79.79,79.79,78.71,78.71,78.16,77.62,77.62,77.08,76.54,76.54,75.99,75.99,74.91,74.91,74.36,74.36,73.82,73.82,73.82,73.28,72.74,72.74,72.74,72.74,72.19,72.19"
Rec-G3_S60_1,1,7,1808,core,346,318,0.0,5.0,0.9791,350,319,356,323,1.0,True,77.6057,87.3906,73.2792,3.6593,77.0784,"87.39,84.68,83.59,82.51,81.96,81.42,80.88,81.42,80.88,79.79,79.79,78.71,78.71,78.16,77.62,77.62,77.08,77.08,76.54,75.99,75.99,75.45,75.45,74.91,74.91,74.91,74.36,74.36,73.82,73.82,73.28,73.28,73.28,73.28,73.28"
Rec-G3_S60_1,1,8,1809,core,351,318,0.0,5.0,0.977,355,319,361,323,1.0,True,78.0709,86.3051,73.822,3.4387,77.6212,"86.31,84.13,83.59,83.05,82.51,81.96,81.96,81.42,80.88,79.79,79.79,79.79,79.79,78.71,78.16,77.62,77.62,77.62,77.62,77.08,77.08,75.99,75.99,75.99,75.45,75.45,75.45,74.91,73.82,73.82,73.82,73.82,73.82,73.82,73.82"
Rec-G3_S60_1,1,9,1810,core,355,318,0.0,4.0,0.974,359,319,365,323,1.0,True,78.9858,87.9333,74.9074,3.6127,78.1639,"87.93,85.76,84.68,84.13,83.59,83.05,83.05,83.05,81.42,80.88,80.88,80.88,80.33,80.33,78.71,78.71,78.16,78.16,78.16,78.16,77.62,76.54,75.99,75.99,75.99,75.99,75.99,75.99,74.91,74.91,74.91,74.91,74.91,74.91,74.91"
Rec-G3_S60_1,1,10,1811,core,360,318,0.0,5.0,0.9743,364,319,370,323,1.0,True,79.8697,87.9333,75.9929,3.4034,78.7067,"87.93,86.31,85.76,84.68,84.13,84.13,84.13,83.05,82.51,81.96,81.42,81.42,80.88,80.88,79.79,79.79,78.71,78.71,78.71,78.71,78.71,77.62,77.62,77.62,77.08,77.08,77.08,77.08,75.99,75.99,75.99,75.99,75.99,75.99,75.99"
Rec-G3_S60_1,1,11,1812,core,365,318,0.0,5.0,0.9744,369,319,375,323,1.0,True,80.2729,87.9333,75.9929,3.3802,79.7922,"87.93,86.85,85.76,85.22,84.68,84.13,84.13,83.05,83.05,82.51,81.96,81.96,81.42,81.42,80.33,79.79,79.79,79.79,79.79,79.79,78.71,78.16,77.62,77.62,77.62,77.62,77.62,77.62,76.54,76.54,76.54,75.99,75.99,75.99,75.99"
Rec-G3_S60_1,1,12,1813,core,370,317,11.31,5.1,0.9758,374,318,380,322,1.0,True,83.6999,95.5318,77.6212,4.5756,83.0486,"95.53,92.28,90.65,89.56,89.56,89.02,89.02,87.93,86.85,85.76,85.76,85.76,85.76,85.22,83.59,83.05,83.05,83.05,83.05,83.05,82.51,80.88,80.33,80.33,80.33,80.33,80.33,79.79,78.71,78.16,78.16,78.16,78.16,78.16,77.62"
Rec-G3_S60_1,1,13,1814,core,375,317,0.0,5.0,0.9741,379,318,385,322,1.0,True,84.3512,94.989,77.6212,4.7176,84.1341,"94.99,93.36,91.73,91.19,90.65,89.56,88.48,88.48,87.93,87.93,87.39,86.85,86.31,85.76,84.13,84.13,84.13,84.13,84.13,83.05,83.05,81.42,80.88,80.88,80.88,80.88,80.33,79.79,79.79,78.71,78.71,78.71,78.16,78.16,77.62"
Rec-G3_S60_1,1,14,1815,core,380,317,0.0,5.0,0.9723,384,318,390,322,0.7143,False,80.9397,94.4463,74.3647,5.1811,78.7067,"94.45,92.28,89.56,86.85,81.96,77.62,75.99,89.02,87.93,86.31,84.13,80.33,77.62,75.99,85.22,84.13,83.05,81.42,78.71,76.54,75.99,81.42,80.88,80.33,78.71,77.08,75.99,74.91,78.71,78.71,78.16,77.08,75.99,75.45,74.36"
Rec-G3_S60_1,1,15,1816,core,384,317,0.0,4.0,0.9734,388,318,394,322,0.1429,False,76.9699,88.4761,74.3647,2.9693,75.9929,"88.48,82.51,78.71,77.62,76.54,75.99,75.45,84.13,79.79,77.62,76.54,75.99,75.45,74.91,80.88,77.62,76.54,75.99,75.45,75.45,74.91,78.16,76.54,75.99,75.45,74.91,74.91,74.36,77.08,75.99,75.45,74.91,74.91,74.36,74.36"
Rec-G3_S60_1,1,16,1817,core,386,317,0.0,2.0,0.9786,390,318,396,322,0.0,False,76.2566,84.1341,74.3647,2.0157,75.9929,"84.13,80.88,78.16,77.08,75.99,75.99,75.45,80.33,78.16,77.08,75.99,75.99,75.45,74.91,77.62,76.54,75.99,75.99,75.45,74.91,74.91,76.54,75.99,75.45,75.45,74.91,74.91,74.36,75.99,75.45,74.91,74.91,74.36,74.36,74.36"
Rec-G3_S60_1,2,1,1975,core,317,319,-90.0,1.0,0.9825,321,320,327,324,1.0,True,81.8701,90.6471,75.9929,4.3603,81.4204,"90.65,89.56,88.48,87.93,87.93,87.93,87.39,85.22,84.68,84.68,84.68,84.68,84.13,84.13,80.88,81.42,81.42,81.42,81.42,81.42,80.88,78.16,78.71,78.71,78.71,78.71,78.71,78.16,76.54,76.54,76.54,76.54,76.54,75.99,75.99"
Rec-G3_S60_1,2,2,1976,core,322,319,0.0,5.0,0.9794,326,320,332,324,1.0,True,81.9786,91.1898,75.9929,4.2765,81.4204,"91.19,89.56,89.02,87.93,87.39,86.85,85.76,86.31,85.76,85.22,84.68,84.13,83.59,83.05,83.05,82.51,81.96,81.42,80.88,80.88,80.33,79.79,79.79,78.71,78.71,78.71,78.16,77.62,77.62,77.08,77.08,76.54,75.99,75.99,75.99"
Rec-G3_S60_1,2,3,1977,core,327,318,11.31,5.1,0.9775,331,319,337,323,1.0,True,84.4287,96.0745,77.6212,4.7464,83.5914,"96.07,93.36,91.73,90.65,89.56,89.56,88.48,90.10,88.48,87.93,86.85,86.31,85.76,85.76,85.76,84.68,84.13,83.59,83.59,83.05,83.05,81.96,81.42,80.88,80.88,80.88,80.33,80.33,79.79,78.71,78.71,78.71,78.16,78.16,77.62"
Rec-G3_S60_1,2,4,1978,core,331,318,0.0,4.0,0.9779,335,319,341,323,1.0,True,84.4443,97.16,77.6212,4.8376,84.1341,"97.16,94.45,91.73,90.65,89.56,89.02,87.93,90.10,88.48,87.93,86.85,85.76,85.76,85.22,85.22,84.68,84.13,84.13,83.59,83.05,83.05,81.96,81.96,80.88,80.88,80.88,80.33,80.33,79.79,78.71,78.71,78.71,78.71,77.62,77.62"
Rec-G3_S60_1,2,5,1979,core,336,318,0.0,5.0,0.9773,340,319,346,323,1.0,True,83.824,95.5318,77.6212,4.4459,83.0486,"95.53,92.28,90.65,89.56,88.48,87.93,87.39,89.02,87.93,86.85,85.76,85.76,85.22,84.68,84.68,84.13,83.59,83.05,83.05,82.51,82.51,81.96,80.88,80.88,80.88,80.33,80.33,79.79,78.71,78.71,78.71,78.71,78.16,77.62,77.62"
Rec-G3_S60_1,2,6,1980,core,341,318,0.0,5.0,0.9758,345,319,351,323,1.0,True,83.3898,93.3608,77.6212,4.0075,83.0486,"93.36,91.19,89.56,88.48,87.93,87.39,86.85,87.93,86.85,85.76,85.76,85.22,84.68,84.13,84.13,83.59,83.05,83.05,83.05,82.51,81.96,80.88,80.88,80.88,80.88,80.33,79.79,79.79,78.71,78.71,78.71,78.71,78.16,78.16,77.62"
Rec-G3_S60_1,2,7,1981,core,346,318,0.0,5.0,0.9735,350,319,356,323,1.0,True,83.3278,92.2753,78.1639,3.7566,83.0486,"92.28,90.65,89.02,87.93,87.93,87.39,86.85,87.39,86.31,85.76,85.22,85.22,84.68,84.13,84.13,83.59,83.05,83.05,83.05,82.51,81.96,81.42,80.88,80.88,80.88,80.33,80.33,79.79,78.71,78.71,78.71,78.71,78.71,78.16,78.16"
Rec-G3_S60_1,2,8,1982,core,351,318,0.0,5.0,0.9701,355,319,361,323,1.0,True,83.5448,91.1898,78.7067,3.5421,83.0486,"91.19,89.56,89.02,88.48,87.93,87.93,87.93,86.85,85.76,85.76,85.76,85.76,85.22,85.22,83.59,83.59,83.05,83.05,83.05,83.05,83.05,80.88,80.88,80.88,80.88,80.88,80.88,80.88,79.79,79.79,78.71,78.71,78.71,78.71,78.71"
Rec-G3_S60_1,2,9,1983,core,355,318,0.0,4.0,0.9709,359,319,365,323,1.0,True,84.5373,93.3608,79.7922,3.8778,84.1341,"93.36,91.19,90.10,90.10,89.56,89.56,89.56,87.93,87.39,86.85,86.85,86.31,86.31,86.31,84.13,84.13,84.13,84.13,84.13,84.13,84.13,81.42,81.42,81.42,81.42,81.42,81.42,81.42,79.79,79.79,79.79,79.79,79.79,79.79,79.79"
Rec-G3_S60_1,2,10,1984,core,360,318,0.0,5.0,0.9708,364,319,370,323,1.0,True,85.4057,94.4463,80.3349,4.0072,84.6769,"94.45,92.28,91.19,91.19,90.65,90.65,90.10,89.02,87.93,87.93,87.93,87.93,87.39,87.39,85.22,85.22,84.68,84.68,84.68,84.68,84.13,82.51,82.51,82.51,82.51,82.51,82.51,82.51,80.33,80.33,80.33,80.33,80.33,80.33,80.33"
Rec-G3_S60_1,2,11,1985,core,365,317,11.31,5.1,0.971,369,318,375,322,1.0,True,89.329,102.0447,83.0486,5.2514,87.9333,"102.04,99.33,97.70,96.62,96.07,95.53,95.53,94.45,93.36,92.28,91.73,91.19,91.19,91.19,89.56,89.02,88.48,87.93,87.93,87.93,87.93,85.76,85.76,85.76,85.22,85.22,85.22,85.22,83.05,83.05,83.05,83.05,83.05,83.05,83.05"
Rec-G3_S60_1,2,12,1986,core,370,317,0.0,5.0,0.974,374,318,380,322,1.0,True,90.0113,102.0447,83.5914,5.0072,89.5616,"102.04,99.33,98.25,97.16,96.62,95.53,95.53,94.99,93.36,92.28,92.28,92.28,92.28,91.73,89.56,89.56,89.56,89.56,89.56,89.02,89.02,86.31,86.31,86.31,86.31,86.31,85.76,85.76,84.13,84.13,84.13,84.13,84.13,83.59,83.59"
Rec-G3_S60_1,2,13,1987,core,375,317,0.0,5.0,0.973,379,318,385,322,1.0,True,89.4995,101.502,81.9631,4.7842,89.5616,"101.50,98.79,97.16,95.53,94.99,93.36,92.28,94.99,93.36,93.36,92.28,91.73,91.19,90.10,90.65,90.10,89.56,89.56,89.02,87.93,87.39,87.39,86.85,86.85,86.31,85.76,85.22,84.13,84.13,84.13,84.13,84.13,83.59,83.05,81.96"
Rec-G3_S60_1,2,14,1988,core,379,317,0.0,4.0,0.9715,383,318,389,322,0.8571,False,86.2276,103.1302,75.9929,6.5312,85.2196,"103.13,98.79,96.07,93.36,90.10,84.13,78.71,95.53,93.36,92.28,90.65,87.93,83.05,78.16,91.19,90.10,89.02,87.93,85.22,80.88,77.62,87.39,86.31,85.76,84.68,83.05,79.79,76.54,84.13,84.13,83.05,81.96,80.33,77.62,75.99"
Rec-G3_S60_1,2,15,1989,core,384,317,0.0,5.0,0.9741,388,318,394,322,0.1429,False,77.5591,90.6471,73.822,3.4832,75.9929,"90.65,83.05,79.79,77.62,76.54,75.99,75.45,85.76,80.88,77.62,76.54,75.99,75.99,75.45,83.05,78.71,77.08,75.99,75.99,75.45,74.91,80.88,77.62,76.54,75.99,75.45,74.91,74.91,78.71,76.54,75.99,75.45,74.91,74.36,73.82"
Rec-G3_S60_1,2,16,1990,core,386,317,0.0,2.0,0.9784,390,318,396,322,0.0,False,76.4116,84.6769,74.3647,2.1164,75.9929,"84.68,80.88,78.71,77.08,75.99,75.99,75.45,80.88,78.16,77.08,75.99,75.99,75.45,75.45,78.16,77.08,75.99,75.99,75.45,74.91,74.91,77.08,75.99,75.99,75.45,75.45,74.91,74.36,75.99,75.99,74.91,74.91,74.36,74.36,74.36"
Rec-G3_S60_1,3,1,2144,core,317,319,-90.0,1.0,0.9814,321,320,327,324,1.0,True,85.049,91.7325,79.7922,3.9433,84.6769,"91.73,91.19,91.19,90.65,90.65,90.65,90.10,87.93,87.93,87.93,87.93,87.93,87.93,87.39,84.13,84.13,84.68,84.68,84.68,84.68,84.13,81.42,81.96,82.51,82.51,82.51,82.51,81.96,79.79,79.79,79.79,80.33,79.79,79.79,79.79"
Rec-G3_S60_1,3,2,2145,core,319,319,0.0,2.0,0.9821,323,320,329,324,1.0,True,85.6383,93.3608,79.7922,3.9054,85.2196,"93.36,92.28,91.19,91.19,91.19,90.65,90.10,89.02,88.48,88.48,88.48,87.93,87.93,87.39,85.76,85.76,85.22,85.22,85.22,84.68,84.13,83.05,83.05,83.05,83.05,83.05,82.51,82.51,80.88,80.88,80.88,80.33,80.33,80.33,79.79"
Rec-G3_S60_1,3,3,2146,core,324,318,11.31,5.1,0.9772,328,319,334,323,1.0,True,88.4296,100.4165,81.9631,4.5379,87.9333,"100.42,97.16,95.53,94.45,93.36,92.28,91.73,93.36,92.28,91.19,91.19,90.10,89.56,89.56,89.56,89.02,88.48,87.93,87.93,87.39,86.85,85.76,85.76,85.76,85.22,84.68,84.13,84.13,83.59,83.05,83.05,83.05,83.05,82.51,81.96"
Rec-G3_S60_1,3,4,2147,core,328,318,0.0,4.0,0.9774,332,319,338,323,1.0,True,88.5691,102.0447,82.5059,4.7271,87.9333,"102.04,98.25,95.53,94.45,93.36,92.28,91.73,94.45,92.28,91.19,91.19,90.10,89.56,89.56,89.56,89.02,88.48,87.93,87.93,87.39,86.85,85.76,85.76,85.22,85.22,85.22,84.68,84.13,83.59,83.05,83.05,83.05,83.05,82.51,82.51"
Rec-G3_S60_1,3,5,2148,core,333,318,0.0,5.0,0.9776,337,319,343,323,1.0,True,87.9333,99.331,81.9631,4.2716,87.3906,"99.33,96.07,94.45,93.36,92.28,91.73,91.19,93.36,91.19,90.65,90.10,89.56,89.56,88.48,89.02,88.48,87.93,87.39,87.39,86.85,86.31,85.76,85.76,85.22,84.68,84.68,84.13,84.13,83.05,83.05,83.05,83.05,82.51,81.96,81.96"
Rec-G3_S60_1,3,6,2149,core,338,318,0.0,5.0,0.9763,342,319,348,323,1.0,True,87.4681,97.7027,81.9631,4.016,86.8478,"97.70,95.53,93.36,92.28,91.73,91.19,90.65,92.28,91.19,90.10,89.56,89.02,89.02,88.48,88.48,87.93,87.39,86.85,86.85,86.31,85.76,85.76,85.22,84.68,84.13,84.13,84.13,84.13,83.05,83.05,83.05,82.51,81.96,81.96,81.96"
Rec-G3_S60_1,3,7,2150,core,343,318,0.0,5.0,0.9734,347,319,353,323,1.0,True,87.313,96.0745,81.9631,3.6631,86.8478,"96.07,94.45,92.28,92.28,91.19,91.19,90.65,91.19,90.65,89.56,89.56,89.02,89.02,88.48,87.93,87.93,87.39,86.85,86.85,86.31,85.76,85.76,85.22,84.68,84.68,84.13,84.13,84.13,83.05,83.05,83.05,82.51,82.51,82.51,81.96"
Rec-G3_S60_1,3,8,2151,core,348,318,0.0,5.0,0.9709,352,319,358,323,1.0,True,87.4371,95.5318,82.5059,3.6057,87.3906,"95.53,94.45,92.28,92.28,91.73,91.19,91.19,91.19,90.10,89.56,89.56,89.56,89.56,89.02,87.93,87.93,87.39,87.39,86.85,86.85,86.31,85.22,85.22,84.68,84.68,84.13,84.13,84.13,83.05,83.05,83.05,83.05,83.05,82.51,82.51"
Rec-G3_S60_1,3,9,2152,core,352,318,0.0,4.0,0.9703,356,319,362,323,1.0,True,88.4296,98.2455,83.0486,3.8952,87.9333,"98.25,95.53,94.45,93.36,93.36,92.28,92.28,92.28,91.19,90.65,90.65,90.65,90.10,90.10,88.48,87.93,87.93,87.93,87.93,87.93,87.93,85.76,85.76,85.76,85.76,85.76,85.22,85.22,83.59,83.59,83.59,83.59,83.59,83.59,83.05"
Rec-G3_S60_1,3,10,2153,core,357,318,0.0,5.0,0.9701,361,319,367,323,1.0,True,89.1274,97.7027,84.1341,3.8961,89.0188,"97.70,96.07,94.99,94.45,94.45,93.36,93.36,92.28,92.28,91.73,91.19,91.19,91.19,91.19,89.56,89.02,89.02,89.02,89.02,88.48,87.93,86.31,86.31,86.31,86.31,86.31,85.76,85.76,84.13,84.13,84.13,84.13,84.13,84.13,84.13"
Rec-G3_S60_1,3,11,2154,core,362,317,11.31,5.1,0.9698,366,318,372,322,1.0,True,92.8801,105.8439,86.3051,5.0211,92.2753,"105.84,103.13,100.96,99.33,98.25,98.25,97.70,98.25,96.62,95.53,95.53,94.99,94.45,94.45,93.36,92.28,92.28,92.28,91.73,91.19,91.19,89.56,89.56,89.56,89.56,89.56,89.02,89.02,87.39,86.85,86.85,86.85,86.85,86.31,86.31"
Rec-G3_S60_1,3,12,2155,core,367,317,0.0,5.0,0.9728,371,318,377,322,1.0,True,92.8801,105.3012,86.8478,4.6612,92.2753,"105.30,102.04,99.87,98.79,98.25,97.70,97.16,97.70,96.07,95.53,95.53,94.99,94.45,94.45,93.36,92.28,92.28,92.28,92.28,91.73,91.73,89.56,89.56,89.56,89.56,89.56,89.56,89.56,87.39,87.39,87.39,87.39,86.85,86.85,86.85"
Rec-G3_S60_1,3,13,2156,core,372,317,0.0,5.0,0.9733,376,318,382,322,1.0,True,92.8335,103.6729,86.3051,4.4178,92.2753,"103.67,101.50,99.33,98.25,98.25,97.16,96.07,97.70,96.62,95.53,95.53,94.99,94.45,94.45,93.36,93.36,93.36,92.28,92.28,91.73,91.19,90.10,90.10,90.10,89.56,89.56,89.02,88.48,87.93,87.93,87.39,87.39,87.39,86.85,86.31"
Rec-G3_S60_1,3,14,2157,core,376,317,0.0,4.0,0.9722,380,318,386,322,1.0,True,92.0117,105.8439,84.1341,4.9154,91.1898,"105.84,102.04,99.33,98.25,96.07,94.99,93.36,98.25,97.16,95.53,94.45,93.36,92.28,91.19,94.45,93.36,92.28,91.73,91.19,90.10,89.02,90.65,90.10,89.56,89.56,88.48,87.39,85.76,87.93,87.93,87.39,86.85,85.76,84.68,84.13"
Rec-G3_S60_1,3,15,2158,core,381,317,0.0,5.0,0.9746,385,318,391,322,0.5714,False,83.6999,102.0447,74.9074,7.3161,83.0486,"102.04,98.25,93.36,86.31,80.33,77.62,75.99,96.07,94.45,90.65,84.68,79.79,77.62,75.99,91.73,90.65,87.93,83.05,78.71,76.54,75.45,88.48,87.39,85.22,80.88,77.62,75.99,75.45,85.76,84.68,83.05,79.79,77.08,75.99,74.91"
Rec-G3_S60_1,3,16,2159,core,386,317,0.0,5.0,0.9764,390,318,396,322,0.0,False,76.1945,83.0486,74.3647,1.7746,75.9929,"83.05,79.79,77.62,76.54,75.99,75.99,75.45,79.79,77.62,76.54,75.99,75.99,75.45,74.91,78.16,77.08,75.99,75.99,75.45,74.91,74.91,77.08,75.99,75.99,75.45,74.91,74.91,74.36,75.99,75.99,74.91,74.91,74.36,74.36,74.36"
Rec-G3_S60_1,3,17,2160,core,386,317,0.0,0.0,0.9829,390,318,396,322,0.0,False,76.2876,84.1341,74.3647,1.9562,75.9929,"84.13,80.33,77.62,77.08,75.99,75.99,75.45,80.33,77.62,76.54,75.99,75.99,75.45,74.91,78.16,77.08,75.99,75.99,75.45,74.91,74.91,77.08,75.99,75.99,75.45,74.91,74.91,74.36,75.99,75.99,75.45,74.91,74.36,74.36,74.36"
Rec-G3_S60_1,4,1,2311,core,317,319,-90.0,1.0,0.9813,321,320,327,324,1.0,True,87.1735,93.3608,81.9631,3.5346,86.8478,"93.36,92.28,92.28,92.28,92.28,92.28,92.28,89.56,89.56,89.56,89.56,89.56,89.56,89.56,85.76,86.85,86.85,86.85,87.39,87.39,86.85,83.59,84.13,84.13,84.68,84.68,84.68,84.68,81.96,81.96,82.51,83.05,83.05,83.05,83.05"
Rec-G3_S60_1,4,2,2312,core,320,319,0.0,3.0,0.9801,324,320,330,324,1.0,True,88.1194,96.0745,83.0486,3.8223,87.9333,"96.07,94.99,94.45,93.36,92.28,92.28,92.28,91.19,91.19,91.19,90.65,90.65,90.10,89.56,87.93,87.93,87.93,87.93,87.93,87.93,87.39,85.76,85.76,85.76,85.22,85.22,85.22,84.68,83.05,83.05,83.05,83.05,83.05,83.05,83.05"
Rec-G3_S60_1,4,3,2313,core,325,318,11.31,5.1,0.9784,329,319,335,323,1.0,True,91.1588,103.6729,84.6769,4.6034,91.1898,"103.67,100.42,98.25,96.62,95.53,94.99,94.45,96.62,95.53,94.45,93.36,92.28,92.28,91.73,92.28,91.73,91.19,91.19,90.65,89.56,89.56,89.02,88.48,87.93,87.93,87.93,87.39,87.39,85.76,85.76,85.76,85.76,85.22,85.22,84.68"
Rec-G3_S60_1,4,4,2314,core,330,318,0.0,5.0,0.9785,334,319,340,323,1.0,True,90.5385,102.0447,84.1341,4.1432,90.6471,"102.04,98.25,96.62,95.53,94.45,94.45,93.36,95.53,94.45,93.36,92.28,91.73,91.19,91.19,91.73,91.19,90.65,90.65,89.56,89.56,89.02,89.02,88.48,87.93,87.93,87.39,87.39,86.85,86.31,85.76,85.76,85.22,85.22,84.68,84.13"
Rec-G3_S60_1,4,5,2315,core,335,318,0.0,5.0,0.9767,339,319,345,323,1.0,True,89.9803,100.4165,84.1341,3.8511,89.5616,"100.42,97.70,95.53,94.45,93.36,93.36,92.28,94.99,93.36,92.28,91.73,91.19,91.19,90.65,91.19,91.19,90.10,89.56,89.56,89.02,88.48,88.48,87.93,87.93,87.39,86.85,86.85,86.31,85.76,85.76,85.76,85.22,84.68,84.68,84.13"
Rec-G3_S60_1,4,6,2316,core,340,318,0.0,5.0,0.9736,344,319,350,323,1.0,True,89.2979,98.2455,84.1341,3.4458,89.5616,"98.25,95.53,94.45,93.36,92.28,92.28,91.73,93.36,92.28,91.73,91.19,91.19,90.65,90.10,90.65,89.56,89.56,89.56,89.02,88.48,87.93,87.93,87.39,87.39,86.85,86.85,86.31,85.76,85.76,85.22,85.22,84.68,84.68,84.13,84.13"
Rec-G3_S60_1,4,7,2317,core,344,318,0.0,4.0,0.9735,348,319,354,323,1.0,True,89.7476,99.331,84.6769,3.5506,89.5616,"99.33,96.62,94.99,94.45,93.36,92.28,92.28,94.45,92.28,91.73,91.19,91.19,91.19,90.65,90.65,90.10,89.56,89.56,89.56,89.02,88.48,87.93,87.93,87.93,87.39,86.85,86.85,86.31,85.76,85.76,85.76,85.22,85.22,84.68,84.68"
Rec-G3_S60_1,4,8,2318,core,349,318,0.0,5.0,0.9726,353,319,359,323,1.0,True,89.8407,98.2455,85.2196,3.3517,89.5616,"98.25,96.07,94.99,94.45,93.36,93.36,92.28,93.36,92.28,92.28,91.73,91.19,91.19,91.19,90.10,90.10,89.56,89.56,89.56,89.56,89.02,87.93,87.93,87.39,87.39,87.39,87.39,86.85,85.76,85.76,85.76,85.76,85.22,85.22,85.22"
Rec-G3_S60_1,4,9,2319,core,354,318,0.0,5.0,0.9709,358,319,364,323,1.0,True,90.461,98.2455,85.7624,3.5125,90.1043,"98.25,96.07,95.53,94.99,94.99,94.45,94.45,94.45,93.36,92.28,92.28,92.28,92.28,92.28,91.19,90.65,90.10,90.10,90.10,90.10,90.10,87.93,87.93,87.93,87.93,87.93,87.93,87.93,85.76,85.76,85.76,85.76,85.76,85.76,85.76"
Rec-G3_S60_1,4,10,2320,core,359,318,0.0,5.0,0.9692,363,319,369,323,1.0,True,91.4224,98.7882,86.8478,3.4186,91.1898,"98.79,97.16,96.07,95.53,95.53,95.53,95.53,94.45,94.45,94.45,93.36,93.36,93.36,93.36,91.19,91.19,91.19,91.19,91.19,91.19,91.19,89.02,89.02,89.02,89.02,89.02,89.02,88.48,86.85,86.85,86.85,86.85,86.85,86.85,86.85"
Rec-G3_S60_1,4,11,2321,core,364,317,11.31,5.1,0.969,368,318,374,322,1.0,True,95.0045,105.8439,89.5616,4.219,94.989,"105.84,103.13,101.50,100.42,99.87,98.79,98.25,99.33,98.25,97.70,97.16,96.62,96.62,96.62,95.53,94.99,94.99,94.99,94.45,94.45,94.45,92.28,92.28,92.28,92.28,91.73,91.73,91.73,89.56,89.56,89.56,89.56,89.56,89.56,89.56"
Rec-G3_S60_1,4,12,2322,core,368,317,0.0,4.0,0.9701,372,318,378,322,1.0,True,95.9815,109.1004,90.1043,4.6535,95.5318,"109.10,105.30,103.13,101.50,100.42,99.87,99.87,101.50,99.33,98.25,98.25,97.70,97.70,97.16,96.62,96.07,95.53,95.53,95.53,95.53,94.99,93.36,93.36,92.28,92.28,92.28,92.28,92.28,90.65,90.65,90.65,90.10,90.10,90.10,90.10"
Rec-G3_S60_1,4,13,2323,core,373,317,0.0,5.0,0.9732,377,318,383,322,1.0,True,95.6868,108.5576,88.4761,4.621,95.5318,"108.56,105.30,102.04,101.50,99.87,98.79,98.25,101.50,99.87,98.79,98.25,97.16,96.62,95.53,97.70,96.62,96.07,95.53,94.99,94.45,93.36,93.36,93.36,93.36,92.28,92.28,91.19,91.19,91.19,91.19,90.65,90.65,89.56,89.56,88.48"
Rec-G3_S60_1,4,14,2324,core,378,317,0.0,5.0,0.9753,382,318,388,322,1.0,True,91.655,106.3867,80.3349,5.9471,91.1898,"106.39,103.13,99.87,98.25,95.53,92.28,85.76,99.87,98.25,97.16,95.53,93.36,90.65,84.68,95.53,94.99,94.45,92.28,91.19,87.93,83.05,92.28,91.73,91.19,90.10,88.48,85.76,81.42,90.10,89.56,88.48,87.93,86.31,84.13,80.33"
Rec-G3_S60_1,4,15,2325,core,383,317,0.0,5.0,0.976,387,318,393,322,0.2857,False,79.9782,98.2455,74.3647,5.8627,77.6212,"98.25,89.56,82.51,78.71,77.08,75.99,75.99,93.36,86.85,80.88,77.62,76.54,75.99,75.45,90.10,84.13,79.79,77.62,75.99,75.45,74.91,87.39,82.51,78.71,77.08,75.99,75.45,74.91,85.22,80.88,77.62,75.99,75.45,74.91,74.36"
Rec-G3_S60_1,4,16,2326,core,386,317,0.0,3.0,0.978,390,318,396,322,0.0,False,76.7218,85.7624,74.3647,2.2951,75.9929,"85.76,81.42,78.71,77.62,75.99,75.99,75.99,81.42,78.71,77.62,76.54,75.99,75.45,75.45,78.71,77.62,76.54,75.99,75.45,74.91,74.91,77.62,76.54,75.99,75.99,75.45,74.91,74.91,77.08,75.99,75.45,74.91,74.91,74.36,74.36"
Rec-G3_S60_1,5,1,2480,core,317,318,0.0,0.0,0.9815,321,319,327,323,1.0,True,91.4844,102.0447,84.6769,4.2919,91.1898,"102.04,99.33,98.25,97.16,97.16,96.62,96.07,94.45,94.45,93.36,93.36,93.36,93.36,93.36,90.65,91.19,91.19,91.19,91.19,91.19,91.19,87.93,87.93,88.48,89.02,89.02,89.02,89.02,84.68,85.76,85.76,86.31,86.31,86.31,86.31"
Rec-G3_S60_1,5,2,2481,core,319,319,-26.57,2.24,0.9816,323,320,329,324,1.0,True,89.6236,96.0745,84.1341,3.5597,89.5616,"96.07,95.53,94.99,94.45,94.45,94.45,93.36,92.28,92.28,92.28,92.28,91.73,91.73,91.19,89.56,89.56,89.56,89.56,89.56,89.56,89.56,86.85,86.85,87.39,87.39,87.39,87.39,86.85,84.13,84.68,84.68,84.68,85.22,84.68,84.68"
Rec-G3_S60_1,5,3,2482,core,324,318,11.31,5.1,0.9778,328,319,334,323,1.0,True,92.5699,103.1302,86.8478,3.9933,92.2753,"103.13,100.96,98.25,97.70,96.62,95.53,95.53,97.16,96.07,95.53,94.45,94.45,93.36,93.36,93.36,93.36,92.28,92.28,92.28,91.19,91.19,90.65,90.10,90.10,89.56,89.56,89.56,89.02,87.93,87.93,87.93,87.93,87.39,87.39,86.85"
Rec-G3_S60_1,5,4,2483,core,328,318,0.0,4.0,0.978,332,319,338,323,1.0,True,92.8025,105.3012,86.8478,4.2469,92.2753,"105.30,102.04,98.79,97.70,96.62,95.53,94.99,98.25,96.62,95.53,94.45,94.45,93.36,93.36,94.45,93.36,92.28,92.28,91.73,91.19,91.19,91.19,90.65,90.10,90.10,89.56,89.56,89.02,88.48,87.93,87.93,87.93,87.93,87.39,86.85"
Rec-G3_S60_1,5,5,2484,core,333,318,0.0,5.0,0.9783,337,319,343,323,1.0,True,91.9497,103.1302,85.7624,3.9121,91.1898,"103.13,99.87,98.25,96.07,95.53,94.45,94.45,97.16,95.53,94.45,93.36,93.36,92.28,91.73,93.36,92.28,92.28,91.19,91.19,90.65,90.10,91.19,90.10,90.10,89.56,89.56,88.48,87.93,87.93,87.93,87.93,87.39,87.39,86.31,85.76"
Rec-G3_S60_1,5,6,2485,core,338,318,0.0,5.0,0.9775,342,319,348,323,1.0,True,91.0658,100.9592,85.7624,3.5295,90.6471,"100.96,98.25,96.07,95.53,94.45,93.36,93.36,95.53,94.45,93.36,92.28,92.28,91.73,91.19,92.28,91.73,91.19,90.65,90.65,90.10,89.56,89.56,89.56,89.02,88.48,88.48,87.93,87.93,87.93,87.39,86.85,86.85,86.31,86.31,85.76"
Rec-G3_S60_1,5,7,2486,core,343,318,0.0,5.0,0.9743,347,319,353,323,1.0,True,90.5695,98.7882,85.7624,3.1837,90.1043,"98.79,96.62,95.53,94.45,93.36,93.36,93.36,94.45,93.36,92.28,92.28,91.73,91.73,91.19,91.19,91.19,90.65,90.10,90.10,90.10,89.56,89.56,89.02,88.48,88.48,87.93,87.93,87.93,87.39,86.85,86.85,86.31,86.31,85.76,85.76"
Rec-G3_S60_1,5,8,2487,core,348,318,0.0,5.0,0.9709,352,319,358,323,1.0,True,90.8952,98.2455,86.3051,3.1255,90.6471,"98.25,96.62,95.53,94.99,94.45,94.45,93.36,94.45,93.36,93.36,92.28,92.28,92.28,91.73,91.19,91.19,91.19,90.65,90.65,90.10,90.10,89.56,89.02,89.02,89.02,88.48,88.48,87.93,87.39,86.85,86.85,86.85,86.85,86.31,86.31"
Rec-G3_S60_1,5,9,2488,core,352,318,0.0,4.0,0.9706,356,319,362,323,1.0,True,91.7636,100.4165,87.3906,3.338,91.1898,"100.42,98.25,96.62,95.53,95.53,94.99,94.99,95.53,94.45,93.36,93.36,93.36,93.36,93.36,92.28,91.73,91.19,91.19,91.19,91.19,91.19,89.56,89.56,89.56,89.56,89.56,89.02,89.02,87.93,87.93,87.39,87.39,87.39,87.39,87.39"
Rec-G3_S60_1,5,10,2489,core,357,318,0.0,5.0,0.97,361,319,367,323,1.0,True,92.5234,100.4165,87.9333,3.4187,92.2753,"100.42,98.79,97.70,96.62,96.62,96.07,96.07,95.53,95.53,94.99,94.45,94.45,94.45,94.45,92.28,92.28,92.28,92.28,92.28,92.28,91.73,90.10,90.10,90.10,90.10,90.10,90.10,89.56,87.93,88.48,88.48,87.93,87.93,87.93,87.93"
Rec-G3_S60_1,5,11,2490,core,362,317,11.31,5.1,0.9704,366,318,372,322,1.0,True,95.9659,108.0149,90.6471,4.0962,95.5318,"108.01,104.22,102.04,100.96,99.87,99.33,98.79,100.96,99.33,98.25,97.70,97.70,96.62,96.62,96.62,96.07,95.53,95.53,95.53,94.99,94.99,93.36,93.36,93.36,93.36,93.36,92.28,92.28,91.19,91.19,91.19,91.19,91.19,91.19,90.65"
Rec-G3_S60_1,5,12,2491,core,367,317,0.0,5.0,0.9728,371,318,377,322,1.0,True,96.3691,107.4722,91.1898,3.9038,96.0745,"107.47,103.67,102.04,100.96,100.42,99.87,99.33,100.96,99.33,98.25,98.25,98.25,97.70,97.70,97.16,96.07,96.07,96.07,95.53,95.53,95.53,94.45,94.45,94.45,93.36,93.36,93.36,93.36,91.73,91.73,91.73,91.19,91.19,91.19,91.19"
Rec-G3_S60_1,5,13,2492,core,372,317,0.0,5.0,0.9737,376,318,382,322,1.0,True,96.5552,106.9294,90.6471,3.9518,96.0745,"106.93,104.22,103.13,101.50,100.96,99.87,98.79,100.96,99.87,99.33,98.25,98.25,97.70,96.62,97.70,97.16,97.16,96.07,95.53,95.53,94.99,94.99,94.45,94.45,94.45,93.36,93.36,92.28,92.28,92.28,92.28,91.73,91.19,91.19,90.65"
Rec-G3_S60_1,5,14,2493,core,376,317,0.0,4.0,0.9741,380,318,386,322,1.0,True,95.4232,109.6431,87.3906,4.8938,94.989,"109.64,105.84,103.13,100.96,98.79,97.16,95.53,102.04,100.42,98.79,97.70,96.62,95.53,93.36,98.25,97.16,96.07,95.53,94.45,93.36,91.19,94.99,94.45,93.36,92.28,91.73,90.65,89.56,92.28,91.73,91.19,90.65,89.56,88.48,87.39"
Rec-G3_S60_1,5,15,2494,core,381,317,0.0,5.0,0.9765,385,318,391,322,0.5714,False,85.2816,104.2157,75.4502,8.0688,84.6769,"104.22,99.87,95.53,87.93,81.42,77.62,76.54,98.79,96.07,92.28,86.31,80.88,77.62,75.99,94.99,93.36,90.10,84.68,79.79,77.08,75.99,91.73,90.10,87.93,83.05,78.71,76.54,75.99,89.56,87.93,85.76,81.42,77.62,75.99,75.45"
Rec-G3_S60_1,5,16,2495,core,386,317,0.0,5.0,0.9781,390,318,396,322,0.0,False,76.3806,83.5914,74.3647,1.9486,75.9929,"83.59,80.33,78.16,77.08,75.99,75.45,75.45,80.33,78.16,77.08,75.99,75.45,75.45,74.91,78.71,77.08,75.99,75.99,75.45,74.91,74.91,77.62,76.54,75.99,75.45,74.91,74.91,74.36,77.08,75.99,75.45,74.91,74.91,74.36,74.36"
Rec-G3_S60_1,6,1,2648,core,317,319,-90.0,1.0,0.9793,321,320,327,324,1.0,True,90.0423,96.6172,84.1341,3.5336,89.5616,"96.62,95.53,95.53,95.53,94.99,94.99,94.99,91.73,91.73,92.28,92.28,92.28,92.28,92.28,88.48,89.56,89.56,89.56,90.10,90.10,90.10,86.31,86.85,87.93,87.93,87.93,87.93,87.93,84.13,85.22,85.76,85.76,85.76,85.76,85.76"
Rec-G3_S60_1,6,2,2649,core,322,318,11.31,5.1,0.9796,326,319,332,323,1.0,True,93.9811,105.8439,88.4761,4.2124,93.3608,"105.84,103.13,100.42,98.79,98.25,97.16,96.62,98.79,97.70,96.62,96.07,95.53,94.99,94.45,94.99,94.45,94.45,93.36,93.36,92.28,92.28,91.19,91.19,91.19,91.19,90.65,90.65,90.10,89.56,89.56,89.56,89.02,89.02,88.48,88.48"
Rec-G3_S60_1,6,3,2650,core,327,318,0.0,5.0,0.9787,331,319,337,323,1.0,True,93.857,105.3012,88.4761,3.9275,93.3608,"105.30,102.04,99.87,98.25,97.70,96.62,95.53,98.79,97.70,96.07,95.53,94.99,94.45,94.45,94.99,94.45,94.45,93.36,93.36,92.28,92.28,91.73,91.73,91.19,91.19,91.19,90.65,90.10,89.56,89.56,89.56,89.56,89.56,88.48,88.48"
Rec-G3_S60_1,6,4,2651,core,331,318,0.0,4.0,0.9764,335,319,341,323,1.0,True,93.764,106.3867,88.4761,4.1341,93.3608,"106.39,103.13,99.87,98.25,97.16,96.07,95.53,99.33,97.70,96.07,95.53,94.99,94.45,93.36,94.99,94.45,93.36,93.36,92.28,92.28,91.73,92.28,91.73,91.19,91.19,90.65,90.10,90.10,90.10,89.56,89.56,89.02,89.02,88.48,88.48"
Rec-G3_S60_1,6,5,2652,core,336,318,0.0,5.0,0.9768,340,319,346,323,1.0,True,92.8646,103.6729,87.9333,3.6888,92.2753,"103.67,100.96,98.25,97.16,96.07,95.53,94.45,97.70,96.07,95.53,94.45,94.45,93.36,92.28,94.45,93.36,92.28,92.28,91.73,91.19,91.19,91.73,91.19,90.65,90.10,90.10,89.56,89.56,89.56,89.56,89.02,88.48,88.48,87.93,87.93"
Rec-G3_S60_1,6,6,2653,core,341,318,0.0,5.0,0.9768,345,319,351,323,1.0,True,92.0272,102.0447,87.3906,3.4089,91.7325,"102.04,98.79,97.16,95.53,94.99,94.45,94.45,96.62,95.53,94.45,93.36,93.36,92.28,91.73,93.36,92.28,92.28,91.73,91.19,90.65,90.10,90.65,90.10,90.10,89.56,89.56,89.02,89.02,89.02,88.48,88.48,87.93,87.93,87.39,87.39"
Rec-G3_S60_1,6,7,2654,core,346,318,0.0,5.0,0.9748,350,319,356,323,1.0,True,91.4844,99.8737,87.3906,3.0131,91.1898,"99.87,97.70,96.07,94.99,94.45,93.36,93.36,95.53,94.45,93.36,93.36,92.28,91.73,91.73,92.28,91.73,91.19,91.19,91.19,90.65,90.10,90.10,90.10,89.56,89.56,89.56,89.02,88.48,88.48,87.93,87.93,87.93,87.93,87.39,87.39"
Rec-G3_S60_1,6,8,2655,core,351,318,0.0,5.0,0.9723,355,319,361,323,1.0,True,91.624,98.7882,87.9333,2.8478,91.1898,"98.79,97.16,95.53,95.53,94.45,94.45,94.45,94.99,94.45,93.36,93.36,92.28,92.28,92.28,92.28,91.73,91.19,91.19,91.19,91.19,91.19,90.10,89.56,89.56,89.56,89.56,89.56,89.56,88.48,87.93,87.93,87.93,87.93,87.93,87.93"
Rec-G3_S60_1,6,9,2656,core,355,318,0.0,4.0,0.969,359,319,365,323,1.0,True,92.4459,100.9592,88.4761,3.1985,92.2753,"100.96,98.79,97.16,96.07,95.53,95.53,95.53,96.07,94.99,94.45,94.45,94.45,93.36,93.36,92.28,92.28,92.28,92.28,91.73,91.73,91.73,90.65,90.10,90.10,90.10,90.10,90.10,90.10,88.48,88.48,88.48,88.48,88.48,88.48,88.48"
Rec-G3_S60_1,6,10,2657,core,360,318,0.0,5.0,0.9694,364,319,370,323,1.0,True,93.3918,100.9592,89.5616,3.0203,93.3608,"100.96,98.79,97.70,97.16,96.62,96.62,96.62,96.62,95.53,95.53,94.99,94.99,94.99,94.99,93.36,93.36,93.36,93.36,93.36,92.28,92.28,91.19,91.19,91.19,91.19,91.19,91.19,91.19,89.56,89.56,89.56,89.56,89.56,89.56,89.56"
Rec-G3_S60_1,6,11,2658,core,365,317,11.31,5.1,0.9723,369,318,375,322,1.0,True,96.7258,109.1004,91.7325,4.0941,95.5318,"109.10,105.30,103.13,101.50,100.42,99.87,99.87,101.50,99.87,98.79,98.25,98.25,97.70,97.70,97.16,96.62,96.07,95.53,95.53,95.53,95.53,94.45,94.45,94.45,94.45,94.45,93.36,93.36,92.28,92.28,91.73,91.73,91.73,91.73,91.73"
Rec-G3_S60_1,6,12,2659,core,370,317,0.0,5.0,0.9748,374,318,380,322,1.0,True,97.3461,108.5576,92.2753,3.9903,97.16,"108.56,105.30,103.13,102.04,101.50,100.96,100.42,102.04,100.96,99.33,99.33,98.79,98.25,97.70,98.25,97.70,97.16,97.16,96.62,96.07,95.53,95.53,95.53,94.99,94.99,94.45,94.45,93.36,93.36,92.28,92.28,92.28,92.28,92.28,92.28"
Rec-G3_S60_1,6,13,2660,core,375,317,0.0,5.0,0.9762,379,318,385,322,1.0,True,96.1055,107.4722,89.0188,4.2359,95.5318,"107.47,105.30,103.13,100.96,99.33,98.25,97.16,102.04,100.42,99.33,98.25,97.16,96.07,94.99,98.25,97.16,96.62,95.53,94.99,94.45,93.36,95.53,94.99,94.45,93.36,92.28,91.73,91.19,93.36,92.28,92.28,91.73,91.19,90.10,89.02"
Rec-G3_S60_1,6,14,2661,core,380,317,0.0,5.0,0.9763,384,318,390,322,0.7143,False,88.0264,104.2157,75.9929,7.7612,88.4761,"104.22,100.96,98.25,94.45,87.93,80.88,77.62,98.79,97.16,95.53,92.28,86.31,80.33,77.62,95.53,94.45,93.36,90.65,84.68,79.79,77.08,93.36,91.73,90.65,87.93,83.05,78.71,76.54,91.19,89.56,88.48,86.31,81.96,77.62,75.99"
Rec-G3_S60_1,6,15,2662,core,384,317,0.0,4.0,0.9765,388,318,394,322,0.1429,False,78.6446,94.4463,74.3647,4.6504,76.5357,"94.45,85.22,80.33,77.62,76.54,75.99,75.45,90.10,83.05,78.71,77.62,75.99,75.45,75.45,86.85,80.88,78.16,76.54,75.99,75.45,74.91,84.13,79.79,77.62,75.99,75.45,74.91,74.91,83.05,78.71,76.54,75.99,75.45,74.91,74.36"
Rec-G3_S60_1,6,16,2663,core,386,317,0.0,2.0,0.9825,390,318,396,322,0.0,False,76.7063,85.7624,74.3647,2.3018,75.9929,"85.76,81.42,78.71,77.62,75.99,75.99,75.45,81.42,78.71,77.62,76.54,75.99,75.45,75.45,78.71,77.62,76.54,75.99,75.45,75.45,74.91,77.62,76.54,75.99,75.45,75.45,75.45,74.36,77.08,75.99,75.45,74.91,74.91,74.36,74.36"
Rec-G3_std_1,1,1,246,core,291,318,-135.0,1.41,0.9769,295,319,301,323,1.0,True,92.4459,98.2455,86.8478,3.3021,92.2753,"98.25,97.70,97.16,97.16,97.16,97.16,97.16,93.36,94.45,94.45,94.45,94.99,94.99,94.99,90.10,91.19,91.73,92.28,92.28,92.28,93.36,87.93,89.02,89.56,90.10,90.65,91.19,91.19,86.85,87.93,87.93,88.48,89.02,89.56,89.56"
Rec-G3_std_1,1,2,247,core,294,318,0.0,3.0,0.9777,298,319,304,323,1.0,True,93.826,100.4165,89.5616,3.125,93.3608,"100.42,99.33,98.25,98.25,98.25,97.70,97.16,96.07,96.07,96.07,96.07,95.53,95.53,95.53,93.36,93.36,93.36,94.45,93.36,93.36,93.36,91.19,91.19,91.73,91.73,91.73,91.73,91.19,89.56,89.56,90.10,90.10,90.10,89.56,89.56"
Rec-G3_std_1,1,3,248,core,299,317,11.31,5.1,0.9725,303,318,309,322,1.0,True,96.4467,107.4722,91.1898,3.7954,96.0745,"107.47,104.22,102.04,100.96,99.87,98.79,98.25,101.50,99.87,98.79,98.25,97.70,97.16,96.07,97.70,97.16,96.62,96.07,95.53,94.99,94.99,95.53,94.99,94.45,94.45,93.36,93.36,92.28,92.28,92.28,92.28,92.28,91.73,91.19,91.19"
Rec-G3_std_1,1,4,249,core,303,317,0.0,4.0,0.975,307,318,313,322,1.0,True,96.3536,109.1004,91.1898,3.9765,95.5318,"109.10,105.30,102.04,100.42,98.79,98.25,97.16,102.04,100.42,98.79,97.70,96.62,96.07,95.53,98.25,97.16,96.07,95.53,95.53,94.99,94.45,95.53,94.99,94.45,94.45,93.36,93.36,92.28,93.36,92.28,92.28,92.28,91.19,91.19,91.19"
Rec-G3_std_1,1,5,250,core,308,317,0.0,5.0,0.9752,312,318,318,322,1.0,True,95.1131,106.3867,90.1043,3.5816,94.4463,"106.39,103.13,100.42,98.79,98.25,96.62,96.07,99.87,98.25,97.70,96.07,95.53,95.53,94.45,96.62,95.53,95.53,94.99,94.45,93.36,93.36,94.45,93.36,93.36,92.28,92.28,92.28,91.19,92.28,91.73,91.73,91.19,91.19,90.65,90.10"
Rec-G3_std_1,1,6,251,core,313,317,0.0,5.0,0.9736,317,318,323,322,1.0,True,94.7254,104.2157,90.6471,3.1283,94.4463,"104.22,101.50,99.33,98.25,97.16,96.62,96.07,98.79,97.70,96.62,96.07,95.53,94.99,94.45,95.53,95.53,94.99,94.99,94.45,93.36,93.36,93.36,93.36,92.28,92.28,92.28,92.28,91.73,91.73,91.19,91.19,91.19,91.19,91.19,90.65"
Rec-G3_std_1,1,7,252,core,318,317,0.0,5.0,0.9707,322,318,328,322,1.0,True,94.7409,103.1302,90.6471,2.9194,94.4463,"103.13,100.96,98.79,98.25,97.16,96.62,96.07,98.25,97.70,96.62,96.07,95.53,95.53,94.99,95.53,95.53,94.99,94.45,94.45,94.45,93.36,93.36,93.36,93.36,92.28,92.28,92.28,91.73,91.73,91.73,91.19,91.19,91.19,91.19,90.65"
Rec-G3_std_1,1,8,253,core,327,317,0.0,9.0,0.97,331,318,337,322,1.0,True,95.4542,103.6729,91.7325,2.8161,94.989,"103.67,101.50,99.33,98.25,98.25,97.70,97.70,98.79,97.70,97.16,96.62,96.62,96.07,96.07,95.53,95.53,95.53,94.99,94.99,94.99,94.99,94.45,93.36,93.36,93.36,93.36,93.36,93.36,92.28,92.28,92.28,92.28,91.73,91.73,91.73"
Rec-G3_std_1,1,9,254,core,332,317,0.0,5.0,0.9689,336,318,342,322,1.0,True,96.2296,103.6729,92.2753,2.856,95.5318,"103.67,102.04,100.42,99.87,99.33,98.79,98.79,99.33,98.25,98.25,97.70,97.70,97.16,97.16,96.07,96.07,96.07,95.53,95.53,95.53,95.53,94.45,94.45,94.45,94.45,94.45,94.45,94.45,92.28,92.28,93.36,93.36,92.28,92.28,92.28"
Rec-G3_std_1,1,10,255,core,337,317,0.0,5.0,0.9672,341,318,347,322,1.0,True,97.2685,105.3012,93.3608,3.0171,97.16,"105.30,103.13,102.04,100.96,100.42,99.87,99.87,100.42,99.87,99.33,98.79,98.25,98.25,98.25,97.70,97.70,97.16,97.16,96.62,96.07,96.07,95.53,95.53,95.53,95.53,94.99,94.99,94.45,94.45,93.36,93.36,93.36,93.36,93.36,93.36"
Rec-G3_std_1,1,11,256,core,342,316,11.31,5.1,0.9677,346,317,352,321,1.0,True,99.5791,111.2714,94.4463,3.9658,98.7882,"111.27,108.01,105.84,104.22,103.13,103.13,102.04,104.22,103.13,102.04,100.96,100.42,100.42,99.87,100.42,99.87,99.33,98.79,98.25,98.25,98.25,97.70,97.70,97.16,97.16,96.62,96.07,95.53,95.53,95.53,95.53,94.99,94.99,94.45,94.45"
Rec-G3_std_1,1,12,257,core,347,316,0.0,5.0,0.9678,351,317,357,321,1.0,True,98.8348,110.7286,91.7325,4.2723,98.2455,"110.73,107.47,105.30,104.22,103.13,102.04,100.42,104.22,103.13,102.04,100.96,99.87,98.79,98.25,100.42,99.33,99.33,98.25,97.70,97.16,95.53,97.70,97.16,97.16,96.07,95.53,94.99,94.45,95.53,95.53,94.99,94.45,93.36,92.28,91.73"
Rec-G3_std_1,1,13,258,core,351,316,0.0,4.0,0.9705,355,317,361,321,1.0,True,97.0825,112.8996,87.9333,5.3669,96.0745,"112.90,108.56,105.30,102.04,100.42,98.25,95.53,105.30,103.13,100.96,99.33,98.25,96.07,93.36,100.42,98.79,98.25,96.62,95.53,94.45,91.73,97.70,96.07,95.53,94.45,93.36,91.73,90.10,94.99,94.45,93.36,92.28,91.19,89.56,87.93"
Rec-G3_std_1,1,14,259,core,356,316,0.0,5.0,0.9727,360,317,366,321,0.4286,False,84.6769,106.3867,74.9074,8.7216,81.9631,"106.39,100.96,92.28,83.05,78.71,77.08,75.99,99.87,96.62,90.65,83.05,78.71,76.54,75.99,96.07,94.45,89.02,81.96,78.16,76.54,75.45,93.36,91.19,86.85,80.88,77.62,75.99,75.45,91.19,89.56,85.76,80.33,77.08,75.99,74.91"
Rec-G3_std_1,1,15,260,core,360,316,0.0,4.0,0.9733,364,317,370,321,0.0,False,77.0474,87.9333,73.822,2.8512,75.9929,"87.93,83.05,78.71,77.62,75.99,75.99,75.45,83.05,79.79,77.62,76.54,75.99,75.45,74.91,80.33,77.62,76.54,75.99,75.99,74.91,74.91,78.71,77.62,75.99,75.99,75.45,74.91,74.36,78.16,76.54,75.99,75.45,74.91,74.36,73.82"
Rec-G3_std_1,2,1,406,core,294,318,0.0,3.0,0.9766,298,319,304,323,1.0,True,93.9035,100.4165,89.5616,3.1084,93.3608,"100.42,99.33,98.79,98.25,98.25,97.70,97.16,96.07,96.07,96.07,96.07,95.53,95.53,95.53,93.36,93.36,94.45,94.45,93.36,93.36,93.36,91.19,91.19,91.73,91.73,91.73,91.73,91.19,89.56,89.56,90.10,90.10,90.10,90.10,90.10"
Rec-G3_std_1,2,2,407,core,298,317,14.04,4.12,0.9738,302,318,308,322,1.0,True,97.067,110.7286,91.1898,4.3468,96.0745,"110.73,106.93,103.67,102.04,100.42,99.33,98.25,103.13,100.96,99.33,98.25,98.25,97.16,96.07,98.25,97.70,97.16,96.62,96.07,95.53,94.99,95.53,94.99,94.99,94.45,94.45,93.36,93.36,93.36,92.28,92.28,92.28,92.28,91.73,91.19"
Rec-G3_std_1,2,3,408,core,303,317,0.0,5.0,0.9755,307,318,313,322,1.0,True,96.1986,108.5576,91.1898,3.8881,95.5318,"108.56,105.30,102.04,99.87,98.79,98.25,97.16,102.04,99.87,98.25,97.70,96.62,95.53,95.53,97.70,96.62,96.07,95.53,94.99,94.99,94.45,94.99,94.99,94.45,93.36,93.36,93.36,92.28,93.36,92.28,92.28,92.28,91.73,91.19,91.19"
Rec-G3_std_1,2,4,409,core,308,317,0.0,5.0,0.9748,312,318,318,322,1.0,True,95.1131,105.8439,90.1043,3.3909,94.4463,"105.84,102.04,100.42,98.25,97.70,96.62,96.07,99.87,98.25,97.16,96.62,95.53,94.99,94.45,96.62,96.07,95.53,94.99,94.45,93.36,93.36,94.45,94.45,93.36,93.36,92.28,92.28,91.19,92.28,92.28,91.73,91.19,91.19,90.65,90.10"
Rec-G3_std_1,2,5,410,core,313,317,0.0,5.0,0.9725,317,318,323,322,1.0,True,94.6323,103.6729,90.6471,2.9555,94.4463,"103.67,100.96,98.79,97.70,97.16,96.07,95.53,98.79,97.70,96.62,95.53,95.53,94.99,94.45,95.53,95.53,94.99,94.45,94.45,93.36,93.36,93.36,93.36,92.28,92.28,92.28,92.28,91.73,91.73,91.73,91.73,91.19,91.19,91.19,90.65"
Rec-G3_std_1,2,6,411,core,317,317,0.0,4.0,0.9705,321,318,327,322,1.0,True,95.0975,105.3012,91.1898,3.188,94.4463,"105.30,102.04,99.87,98.25,97.70,96.62,96.07,99.33,98.25,97.16,96.07,95.53,95.53,94.99,96.07,95.53,94.99,94.45,94.45,94.45,93.36,94.45,93.36,93.36,93.36,92.28,92.28,92.28,92.28,92.28,91.73,91.19,91.19,91.19,91.19"
Rec-G3_std_1,2,7,412,core,322,317,0.0,5.0,0.9705,326,318,332,322,1.0,True,95.1596,104.2157,91.1898,3.0723,94.989,"104.22,102.04,99.87,98.25,97.70,97.16,96.62,98.79,98.25,97.16,96.07,95.53,95.53,95.53,96.07,95.53,95.53,94.99,94.45,94.45,94.45,94.45,93.36,93.36,93.36,92.28,92.28,92.28,92.28,91.73,91.73,91.73,91.19,91.19,91.19"
Rec-G3_std_1,2,8,413,core,327,317,0.0,5.0,0.9705,331,318,337,322,1.0,True,95.5318,103.6729,91.7325,2.8276,95.5318,"103.67,101.50,99.33,98.79,98.25,98.25,97.70,98.79,97.70,97.16,96.62,96.62,96.07,95.53,96.07,95.53,95.53,95.53,94.99,94.99,94.99,94.45,94.45,93.36,93.36,93.36,93.36,93.36,92.28,92.28,92.28,92.28,91.73,91.73,91.73"
Rec-G3_std_1,2,9,414,core,332,317,0.0,5.0,0.9686,336,318,342,322,1.0,True,96.3691,103.6729,92.2753,2.7746,96.0745,"103.67,102.04,100.42,99.87,99.33,98.79,98.79,99.33,98.25,98.25,97.70,97.70,97.70,97.16,96.62,96.62,96.07,96.07,95.53,95.53,95.53,94.99,94.45,94.45,94.45,94.45,94.45,94.45,93.36,93.36,93.36,93.36,92.28,92.28,92.28"
Rec-G3_std_1,2,10,415,core,337,317,0.0,5.0,0.9666,341,318,347,322,1.0,True,96.9429,103.6729,93.3608,2.7681,96.6172,"103.67,102.04,101.50,100.42,99.87,99.87,99.33,99.87,99.33,98.79,98.25,98.25,98.25,97.70,97.16,97.16,97.16,96.62,96.62,96.07,96.07,95.53,95.53,95.53,94.99,94.99,94.45,94.45,93.36,93.36,93.36,93.36,93.36,93.36,93.36"
Rec-G3_std_1,2,11,416,core,342,316,11.31,5.1,0.9665,346,317,352,321,1.0,True,99.5171,110.7286,94.4463,3.7802,98.7882,"110.73,107.47,105.30,103.67,103.13,102.04,102.04,104.22,103.13,102.04,100.96,100.42,99.87,99.87,100.42,99.87,99.33,98.79,98.25,98.25,98.25,98.25,97.70,97.16,97.16,96.62,96.07,96.07,95.53,95.53,95.53,95.53,94.99,94.45,94.45"
Rec-G3_std_1,2,12,417,core,346,316,0.0,4.0,0.9686,350,317,356,321,1.0,True,99.9047,113.9851,93.3608,4.4924,98.7882,"113.99,109.64,106.93,105.30,103.13,102.04,101.50,105.84,103.67,103.13,102.04,100.96,99.87,98.79,101.50,100.42,99.87,99.33,98.79,98.25,97.16,98.25,98.25,97.70,97.16,96.62,95.53,95.53,96.07,95.53,95.53,95.53,94.99,94.45,93.36"
Rec-G3_std_1,2,13,418,core,351,316,0.0,5.0,0.9717,355,317,361,321,1.0,True,96.5397,111.2714,87.9333,4.9695,95.5318,"111.27,106.93,103.67,101.50,98.79,97.16,94.45,104.22,102.04,99.87,98.79,97.16,95.53,93.36,99.87,98.79,97.70,96.62,95.53,93.36,91.19,97.16,96.07,95.53,94.45,93.36,91.19,89.56,94.99,94.45,93.36,92.28,91.19,89.56,87.93"
Rec-G3_std_1,2,14,419,core,356,316,0.0,5.0,0.9729,360,317,366,321,0.4286,False,84.3047,105.3012,74.9074,8.5134,81.4204,"105.30,99.33,91.73,83.05,78.71,76.54,75.99,99.33,96.07,89.56,82.51,78.71,76.54,75.45,96.07,93.36,87.93,81.42,77.62,75.99,75.45,93.36,91.19,86.31,80.88,77.62,75.99,74.91,91.19,89.56,85.22,79.79,77.08,75.99,74.91"
Rec-G3_std_1,2,15,420,core,360,316,0.0,4.0,0.9744,364,317,370,321,0.0,False,76.8458,87.3906,73.822,2.8136,75.9929,"87.39,82.51,78.71,77.62,75.99,75.99,74.91,83.05,79.79,77.62,75.99,75.99,75.45,74.91,79.79,77.62,76.54,75.99,75.45,74.91,74.36,78.71,77.08,75.99,75.45,74.91,74.36,73.82,77.62,76.54,75.99,75.45,74.91,74.36,73.82"
Rec-G3_std_1,3,1,571,core,291,318,-90.0,1.0,0.9773,295,319,301,323,1.0,True,93.0817,99.331,87.3906,3.3366,93.3608,"99.33,98.25,98.25,97.70,97.70,97.70,97.70,94.45,94.45,94.99,95.53,95.53,95.53,95.53,91.19,91.73,92.28,93.36,93.36,93.36,93.36,89.02,89.56,90.65,91.19,91.19,91.19,91.19,87.39,87.93,89.02,89.56,89.56,89.56,89.56"
Rec-G3_std_1,3,2,572,core,295,318,0.0,4.0,0.9767,299,319,305,323,1.0,True,94.8805,103.1302,90.1043,3.3452,94.4463,"103.13,101.50,99.87,99.33,98.79,98.25,97.70,98.25,97.70,97.16,97.16,96.62,96.07,95.53,94.45,94.99,94.99,94.45,94.45,94.45,94.45,92.28,92.28,92.28,92.28,92.28,92.28,92.28,90.10,90.65,90.65,91.19,91.19,91.19,90.65"
Rec-G3_std_1,3,3,573,core,300,317,11.31,5.1,0.9751,304,318,310,322,1.0,True,97.253,110.7286,91.7325,4.2667,96.6172,"110.73,106.93,103.67,102.04,100.42,99.33,98.25,103.13,101.50,99.87,98.25,98.25,97.16,96.62,98.79,98.25,97.16,96.62,96.07,95.53,94.99,95.53,95.53,94.99,94.45,94.45,93.36,93.36,93.36,93.36,93.36,92.28,92.28,92.28,91.73"
Rec-G3_std_1,3,4,574,core,305,317,0.0,5.0,0.9753,309,318,315,322,1.0,True,96.4157,108.0149,91.1898,3.695,95.5318,"108.01,104.22,102.04,99.87,98.79,98.25,97.70,102.04,99.87,98.25,98.25,97.16,96.62,95.53,98.25,97.16,96.62,96.07,95.53,94.99,94.45,95.53,94.99,94.45,94.45,93.36,93.36,92.28,93.36,93.36,92.28,92.28,92.28,91.73,91.19"
Rec-G3_std_1,3,5,575,core,310,317,0.0,5.0,0.9739,314,318,320,322,1.0,True,95.6868,105.8439,91.1898,3.3396,95.5318,"105.84,103.13,100.42,98.79,98.25,97.16,96.62,100.42,98.79,98.25,97.16,96.07,95.53,95.53,97.16,96.62,95.53,95.53,94.99,94.45,94.45,94.99,94.45,94.45,93.36,93.36,92.28,92.28,93.36,92.28,92.28,91.73,91.19,91.19,91.19"
Rec-G3_std_1,3,6,576,core,314,317,0.0,4.0,0.9716,318,318,324,322,1.0,True,95.5783,106.9294,91.1898,3.4725,94.989,"106.93,103.13,100.96,98.79,97.70,97.16,96.62,100.96,98.25,97.70,96.62,96.07,95.53,94.99,97.16,96.07,95.53,95.53,94.45,94.45,94.45,94.45,94.45,93.36,93.36,93.36,92.28,92.28,92.28,92.28,92.28,91.73,91.73,91.19,91.19"
Rec-G3_std_1,3,7,577,core,319,317,0.0,5.0,0.9718,323,318,329,322,1.0,True,95.2681,105.3012,91.1898,3.1497,94.989,"105.30,102.04,99.87,98.25,97.70,97.16,96.62,99.33,98.25,97.16,96.62,95.53,95.53,94.99,96.07,95.53,95.53,94.99,94.99,94.45,93.36,94.45,94.45,93.36,93.36,93.36,92.28,92.28,92.28,92.28,91.73,91.73,91.19,91.19,91.19"
Rec-G3_std_1,3,8,578,core,324,317,0.0,5.0,0.9716,328,318,334,322,1.0,True,95.4077,103.6729,91.7325,2.81,94.989,"103.67,101.50,99.33,98.25,98.25,97.70,97.16,98.79,97.70,97.16,96.62,96.07,96.07,95.53,96.07,95.53,95.53,94.99,94.99,94.45,94.45,94.45,94.45,93.36,93.36,93.36,93.36,93.36,92.28,92.28,92.28,91.73,91.73,91.73,91.73"
Rec-G3_std_1,3,9,579,core,329,317,0.0,5.0,0.9706,333,318,339,322,1.0,True,96.028,103.1302,92.2753,2.679,95.5318,"103.13,101.50,99.87,99.33,98.79,98.25,98.25,98.79,98.25,97.70,97.16,97.16,97.16,96.62,96.62,96.07,96.07,95.53,95.53,95.53,95.53,94.45,94.45,94.45,94.45,94.45,94.45,93.36,93.36,93.36,92.28,92.28,92.28,92.28,92.28"
Rec-G3_std_1,3,10,580,core,334,317,0.0,5.0,0.9689,338,318,344,322,1.0,True,96.6018,103.1302,92.2753,2.6731,96.0745,"103.13,102.04,100.96,99.87,99.33,98.79,98.79,99.33,98.79,98.25,98.25,98.25,97.70,97.70,97.16,96.62,96.62,96.07,96.07,96.07,95.53,94.99,94.99,94.99,94.99,94.45,94.45,94.45,93.36,93.36,93.36,93.36,93.36,93.36,92.28"
Rec-G3_std_1,3,11,581,core,339,316,11.31,5.1,0.9662,343,317,349,321,1.0,True,99.331,110.1859,94.4463,3.6072,98.7882,"110.19,106.93,105.30,103.13,103.13,102.04,102.04,103.67,102.04,100.96,100.42,100.42,99.87,99.33,100.42,99.33,98.79,98.79,98.25,98.25,98.25,97.70,97.70,97.16,97.16,96.62,96.62,96.07,95.53,95.53,95.53,94.99,94.99,94.99,94.45"
Rec-G3_std_1,3,12,582,core,343,316,0.0,4.0,0.9674,347,317,353,321,1.0,True,100.2769,113.9851,94.4463,4.4366,99.331,"113.99,110.19,106.93,105.30,104.22,103.67,103.13,105.84,103.67,102.04,102.04,101.50,100.96,100.42,101.50,100.42,99.87,99.33,98.79,98.79,98.25,98.25,98.25,97.70,97.16,97.16,96.62,96.62,96.07,95.53,95.53,95.53,94.99,94.99,94.45"
Rec-G3_std_1,3,13,583,core,348,316,0.0,5.0,0.9708,352,317,358,321,1.0,True,99.6256,112.8996,92.2753,4.6424,98.2455,"112.90,109.64,106.93,105.30,103.13,102.04,100.42,106.39,104.22,103.13,102.04,100.96,99.33,98.25,101.50,100.96,99.87,98.79,98.25,97.70,96.07,98.25,98.25,97.70,96.62,96.07,95.53,94.45,96.07,95.53,95.53,94.99,94.45,93.36,92.28"
Rec-G3_std_1,3,14,584,core,353,316,0.0,5.0,0.9728,357,317,363,321,0.8571,False,92.632,109.6431,79.7922,7.2561,93.3608,"109.64,105.30,101.50,98.25,95.53,89.56,81.42,103.13,100.96,98.25,96.07,94.45,88.48,80.88,98.79,97.70,96.07,94.45,92.28,87.39,80.33,96.07,94.99,93.36,92.28,90.10,85.76,79.79,93.36,92.28,91.19,90.10,88.48,84.13,79.79"
Rec-G3_std_1,3,15,585,core,358,316,0.0,5.0,0.9735,362,317,368,321,0.1429,False,79.1564,96.6172,73.822,5.4975,77.0784,"96.62,85.76,80.33,77.62,76.54,75.99,74.91,92.28,83.59,79.79,77.08,75.99,75.45,74.36,89.56,82.51,78.71,77.08,75.99,74.91,74.36,87.39,80.88,77.62,76.54,75.45,74.91,74.36,85.76,80.33,77.62,75.99,75.45,74.91,73.82"
Rec-G3_std_1,3,16,586,core,361,316,0.0,3.0,0.9787,365,317,371,321,0.0,False,76.086,83.5914,73.822,1.9568,75.9929,"83.59,79.79,77.62,76.54,75.99,75.45,74.91,79.79,77.62,76.54,75.99,75.45,74.91,74.36,78.16,76.54,75.99,75.99,75.45,74.91,74.36,77.62,75.99,75.99,74.91,74.91,74.36,73.82,77.08,75.99,75.45,74.91,74.36,73.82,73.82"
Rec-G3_std_1,4,1,729,core,291,317,180.0,1.0,0.9764,295,318,301,322,1.0,True,95.5007,108.0149,88.4761,4.5055,94.989,"108.01,105.30,102.04,100.96,100.42,100.42,99.87,98.25,98.25,97.70,97.70,97.70,97.16,97.16,93.36,94.45,94.45,94.99,95.53,95.53,95.53,90.65,91.19,92.28,92.28,92.28,93.36,93.36,88.48,89.56,90.10,90.65,91.19,91.19,91.19"
Rec-G3_std_1,4,2,730,core,302,317,0.0,11.0,0.976,306,318,312,322,1.0,True,96.8344,108.5576,91.7325,3.7225,96.0745,"108.56,105.30,102.04,100.96,99.33,98.25,97.70,102.04,100.42,99.33,98.25,97.70,96.62,96.07,98.25,97.70,97.16,96.62,95.53,95.53,94.99,95.53,95.53,94.99,94.45,94.45,93.36,93.36,93.36,93.36,93.36,93.36,92.28,91.73,91.73"
Rec-G3_std_1,4,3,731,core,306,317,0.0,4.0,0.973,310,318,316,322,1.0,True,96.7103,109.6431,91.1898,3.9936,96.0745,"109.64,105.84,103.13,100.42,98.79,98.25,97.16,103.13,100.42,98.79,98.25,97.16,96.07,96.07,98.25,97.16,96.62,96.07,95.53,95.53,94.99,95.53,94.99,94.99,94.45,93.36,93.36,93.36,93.36,93.36,93.36,92.28,92.28,91.73,91.19"
Rec-G3_std_1,4,4,732,core,311,317,0.0,5.0,0.9736,315,318,321,322,1.0,True,95.7644,106.9294,91.1898,3.4553,95.5318,"106.93,103.67,100.96,98.79,98.25,97.16,96.07,100.96,98.79,97.70,97.16,96.07,95.53,95.53,97.16,96.62,95.53,95.53,94.99,94.45,94.45,94.99,94.45,93.36,93.36,93.36,93.36,92.28,93.36,92.28,92.28,91.73,91.73,91.73,91.19"
Rec-G3_std_1,4,5,733,core,316,317,0.0,5.0,0.9739,320,318,326,322,1.0,True,95.2371,105.3012,91.1898,3.0794,94.989,"105.30,102.04,99.33,98.25,97.70,96.62,96.07,99.33,98.25,96.62,96.07,95.53,95.53,94.99,96.62,95.53,95.53,94.99,94.45,94.45,94.45,94.45,94.45,93.36,93.36,93.36,92.28,92.28,92.28,92.28,92.28,91.73,91.19,91.19,91.19"
Rec-G3_std_1,4,6,734,core,321,317,0.0,5.0,0.9725,325,318,331,322,1.0,True,95.3457,104.2157,91.1898,2.9096,94.989,"104.22,101.50,99.33,98.25,98.25,97.16,97.16,98.79,98.25,97.16,96.62,96.07,95.53,95.53,96.07,95.53,95.53,94.99,94.45,94.45,94.45,94.45,94.45,93.36,93.36,93.36,93.36,92.28,92.28,92.28,92.28,91.73,91.73,91.73,91.19"
Rec-G3_std_1,4,7,735,core,326,317,0.0,5.0,0.9708,330,318,336,322,1.0,True,95.8264,103.6729,92.2753,2.7655,95.5318,"103.67,101.50,99.87,98.79,98.25,98.25,97.70,98.79,98.25,97.70,97.16,97.16,96.62,96.07,96.07,96.07,95.53,95.53,95.53,95.53,94.99,94.45,94.45,94.45,94.45,94.45,93.36,93.36,92.28,92.28,92.28,92.28,92.28,92.28,92.28"
Rec-G3_std_1,4,8,736,core,331,317,0.0,5.0,0.9676,335,318,341,322,1.0,True,96.5087,103.1302,92.2753,2.6039,96.0745,"103.13,101.50,100.42,99.33,99.33,99.33,98.79,99.33,98.25,98.25,98.25,97.70,97.70,97.70,96.62,96.62,96.62,96.07,96.07,96.07,95.53,94.99,94.99,94.99,94.45,94.45,94.45,94.45,93.36,93.36,93.36,93.36,93.36,93.36,92.28"
Rec-G3_std_1,4,9,737,core,335,317,0.0,4.0,0.9675,339,318,345,322,1.0,True,97.7958,106.3867,93.3608,3.0079,97.7027,"106.39,103.67,102.04,101.50,100.96,100.42,100.42,101.50,100.42,99.33,99.33,98.79,98.79,98.25,98.25,97.70,97.70,97.70,97.16,97.16,96.62,95.53,95.53,95.53,95.53,95.53,95.53,95.53,94.45,94.45,94.45,94.45,94.45,94.45,93.36"
Rec-G3_std_1,4,10,738,core,340,316,11.31,5.1,0.968,344,317,350,321,1.0,True,100.7266,113.9851,95.5318,4.2186,99.8737,"113.99,110.19,106.93,105.30,104.22,103.67,103.13,105.84,104.22,103.13,102.04,101.50,101.50,100.96,102.04,100.96,100.42,99.87,99.87,99.33,98.79,98.25,98.25,98.25,98.25,98.25,97.70,97.16,96.62,96.07,96.07,96.07,95.53,95.53,95.53"
Rec-G3_std_1,4,11,739,core,345,316,0.0,5.0,0.9702,349,317,355,321,1.0,True,100.8972,113.9851,94.4463,4.4317,100.4165,"113.99,110.19,107.47,105.84,105.30,104.22,103.13,106.39,105.30,103.13,103.13,102.04,101.50,100.96,102.04,101.50,100.96,100.42,99.87,99.33,98.79,99.33,98.25,98.25,98.25,97.70,97.16,96.62,97.16,96.62,96.07,95.53,95.53,94.99,94.45"
Rec-G3_std_1,4,12,740,core,350,316,0.0,5.0,0.9712,354,317,360,321,1.0,True,98.8348,112.8996,90.6471,4.8447,98.2455,"112.90,109.10,106.39,103.67,102.04,100.42,98.25,106.39,103.67,102.04,100.96,99.33,98.25,96.62,102.04,100.96,99.87,98.25,97.70,96.07,94.99,98.79,98.25,97.16,96.07,95.53,94.45,92.28,96.07,95.53,94.99,94.45,93.36,91.73,90.65"
Rec-G3_std_1,4,13,741,core,359,316,0.0,9.0,0.9725,363,317,369,321,0.0,False,77.7297,91.1898,73.822,3.8043,75.9929,"91.19,84.13,79.79,77.62,75.99,75.99,74.91,86.31,80.88,78.16,76.54,75.99,75.45,74.91,83.59,79.79,77.62,75.99,75.45,74.91,74.36,81.96,78.16,77.08,75.99,75.45,74.91,74.36,80.88,77.62,75.99,75.45,74.91,74.36,73.82"
Rec-G3_std_1,4,14,742,core,361,316,0.0,2.0,0.9814,365,317,371,321,0.0,False,75.9464,83.0486,73.822,1.952,75.4502,"83.05,79.79,77.62,76.54,75.99,75.45,74.91,79.79,77.62,76.54,75.99,75.45,74.91,74.36,78.16,76.54,75.99,75.45,74.91,74.36,73.82,77.62,75.99,75.45,74.91,74.36,74.36,73.82,76.54,75.99,75.45,74.36,74.36,73.82,73.82"
Rec-G3_std_1,5,1,894,core,291,318,-90.0,1.0,0.9781,295,319,301,323,1.0,True,93.3298,99.8737,87.3906,3.3856,93.3608,"99.87,98.25,98.25,98.25,98.25,98.25,98.25,94.45,94.99,95.53,95.53,95.53,95.53,95.53,91.19,92.28,92.28,93.36,93.36,93.36,94.45,89.02,90.10,90.65,91.19,91.19,91.73,91.73,87.39,88.48,89.02,89.56,89.56,90.10,90.10"
Rec-G3_std_1,5,2,895,core,295,318,0.0,4.0,0.9786,299,319,305,323,1.0,True,95.051,103.1302,90.6471,3.2995,94.989,"103.13,101.50,99.87,99.33,98.79,98.25,98.25,98.25,97.70,97.70,97.16,96.62,96.62,96.07,94.99,94.99,94.99,94.99,94.99,94.45,94.45,92.28,92.28,92.28,92.28,92.28,92.28,92.28,90.65,91.19,91.19,91.19,91.19,91.19,91.19"
Rec-G3_std_1,5,3,896,core,300,317,11.31,5.1,0.9765,304,318,310,322,1.0,True,97.7183,110.1859,92.2753,3.9533,97.16,"110.19,106.39,103.67,102.04,100.96,99.87,98.79,103.13,101.50,99.87,99.33,98.25,98.25,97.16,98.79,98.25,98.25,97.16,96.62,96.07,95.53,96.07,95.53,95.53,95.53,94.99,94.45,94.45,94.45,94.45,93.36,93.36,93.36,92.28,92.28"
Rec-G3_std_1,5,4,897,core,305,317,0.0,5.0,0.9755,309,318,315,322,1.0,True,96.8344,108.0149,91.7325,3.5155,96.0745,"108.01,104.22,102.04,100.42,98.79,98.25,97.70,102.04,100.42,98.79,98.25,97.70,96.62,95.53,98.25,98.25,97.16,96.62,96.07,95.53,94.99,96.07,95.53,94.99,94.99,94.45,93.36,93.36,94.45,93.36,93.36,93.36,92.28,92.28,91.73"
Rec-G3_std_1,5,5,898,core,305,317,0.0,0.0,0.9755,309,318,315,322,1.0,True,96.8344,108.0149,91.7325,3.5155,96.0745,"108.01,104.22,102.04,100.42,98.79,98.25,97.70,102.04,100.42,98.79,98.25,97.70,96.62,95.53,98.25,98.25,97.16,96.62,96.07,95.53,94.99,96.07,95.53,94.99,94.99,94.45,93.36,93.36,94.45,93.36,93.36,93.36,92.28,92.28,91.73"
Rec-G3_std_1,5,6,899,core,310,317,0.0,5.0,0.9739,314,318,320,322,1.0,True,95.7023,105.3012,91.1898,3.1186,95.5318,"105.30,102.04,99.87,98.25,98.25,97.16,96.07,100.42,98.79,98.25,96.62,96.07,95.53,95.53,97.70,96.62,96.07,95.53,95.53,94.45,94.45,94.99,94.99,94.45,93.36,93.36,92.28,92.28,93.36,93.36,92.28,92.28,91.73,91.19,91.19"
Rec-G3_std_1,5,7,900,core,319,317,0.0,9.0,0.9738,323,318,329,322,1.0,True,95.2837,104.2157,91.1898,2.9991,94.989,"104.22,102.04,99.33,98.25,97.70,97.16,96.62,99.33,98.25,97.16,96.62,96.07,95.53,95.53,96.07,95.53,95.53,94.99,94.99,94.45,94.45,94.45,93.36,93.36,93.36,93.36,92.28,92.28,92.28,92.28,92.28,91.73,91.73,91.19,91.19"
Rec-G3_std_1,5,8,901,core,324,317,0.0,5.0,0.9729,328,318,334,322,1.0,True,95.6248,103.6729,91.7325,2.8201,95.5318,"103.67,101.50,99.87,98.79,98.25,97.70,97.70,98.79,98.25,97.16,97.16,96.62,96.07,96.07,96.07,95.53,95.53,95.53,94.99,94.99,94.99,94.45,94.45,94.45,93.36,93.36,93.36,93.36,92.28,92.28,92.28,92.28,92.28,91.73,91.73"
Rec-G3_std_1,5,9,902,core,334,317,0.0,10.0,0.9679,338,318,344,322,1.0,True,97.5477,104.2157,93.3608,2.7934,97.16,"104.22,103.13,102.04,101.50,100.96,100.42,99.87,100.42,99.87,99.33,98.79,98.79,98.25,98.25,97.70,97.70,97.70,97.16,97.16,97.16,96.62,95.53,95.53,95.53,95.53,95.53,95.53,94.99,94.45,94.45,94.45,94.45,94.45,93.36,93.36"
Rec-G3_std_1,5,10,903,core,338,317,0.0,4.0,0.968,342,318,348,322,1.0,True,98.2455,106.9294,94.4463,3.1165,98.2455,"106.93,104.22,103.13,102.04,101.50,100.96,100.42,102.04,100.96,100.42,99.87,99.33,99.33,98.79,98.25,98.25,98.25,98.25,97.70,97.70,97.16,96.07,96.07,96.07,96.07,95.53,95.53,95.53,94.99,94.99,94.45,94.45,94.45,94.45,94.45"
Rec-G3_std_1,5,11,904,core,343,316,11.31,5.1,0.9696,347,317,353,321,1.0,True,100.8196,113.9851,95.5318,4.2068,99.8737,"113.99,110.19,106.93,105.30,104.22,103.67,103.13,106.39,104.22,103.13,102.04,102.04,101.50,100.96,102.04,101.50,100.42,99.87,99.87,99.33,98.79,98.79,98.79,98.25,98.25,97.70,97.70,97.16,97.16,96.62,96.07,96.07,95.53,95.53,95.53"
Rec-G3_std_1,5,12,905,core,348,316,0.0,5.0,0.9718,352,317,358,321,1.0,True,99.8427,112.8996,92.2753,4.5519,98.7882,"112.90,109.64,106.93,105.30,103.13,102.04,100.42,106.39,104.22,103.13,102.04,100.96,99.33,98.25,102.04,101.50,100.42,99.33,98.25,97.70,96.62,98.79,98.25,98.25,97.70,96.62,95.53,94.45,96.62,96.62,95.53,95.53,94.45,93.36,92.28"
Rec-G3_std_1,5,13,906,core,353,316,0.0,5.0,0.9728,357,317,363,321,0.8571,False,93.0661,109.6431,78.7067,7.4115,94.4463,"109.64,105.30,102.04,98.79,95.53,89.56,81.42,103.13,101.50,98.79,97.16,94.45,89.02,80.88,99.87,98.25,96.62,94.99,92.28,87.39,80.88,97.16,95.53,94.45,92.28,90.65,85.76,79.79,94.45,94.45,92.28,91.19,89.02,84.13,78.71"
Rec-G3_std_1,5,14,907,core,358,316,0.0,5.0,0.9728,362,317,368,321,0.1429,False,78.9393,96.0745,73.822,5.4742,76.5357,"96.07,85.22,80.33,77.62,75.99,75.45,74.91,92.28,83.05,78.71,77.08,75.99,74.91,74.36,89.56,81.96,78.16,76.54,75.45,74.91,74.36,87.39,80.88,77.62,75.99,75.45,74.91,74.36,85.76,80.33,77.62,75.99,75.45,74.36,73.82"
Rec-G3_std_1,5,15,908,core,361,316,0.0,3.0,0.9788,365,317,371,321,0.0,False,76.024,84.1341,73.822,2.0429,75.4502,"84.13,79.79,77.62,76.54,75.99,74.91,74.91,79.79,77.62,76.54,75.99,75.45,74.91,74.36,78.16,76.54,75.99,75.45,74.91,74.36,74.36,77.62,75.99,75.45,74.91,74.36,74.36,73.82,77.08,75.99,75.45,74.91,74.36,74.36,73.82"
Rec-G3_std_1,6,1,1054,core,291,318,-90.0,1.0,0.9771,295,319,301,323,1.0,True,93.4228,98.7882,87.3906,3.3249,93.3608,"98.79,98.25,98.25,98.25,98.25,98.25,98.25,94.45,94.99,95.53,95.53,95.53,96.07,96.07,91.19,92.28,93.36,93.36,93.36,94.45,94.45,89.02,90.10,91.19,91.19,91.19,91.73,91.73,87.39,88.48,89.02,89.56,90.10,90.10,90.10"
Rec-G3_std_1,6,2,1055,core,294,318,0.0,3.0,0.9781,298,319,304,323,1.0,True,94.7719,101.502,90.1043,3.0735,94.4463,"101.50,100.42,99.33,98.79,98.79,98.25,97.70,97.16,97.16,97.16,97.16,96.62,96.07,96.07,94.45,94.45,94.99,94.99,94.99,94.45,94.45,91.73,92.28,92.28,92.28,92.28,92.28,92.28,90.10,90.65,91.19,91.19,91.19,91.19,91.19"
Rec-G3_std_1,6,3,1056,core,298,317,14.04,4.12,0.9744,302,318,308,322,1.0,True,98.323,112.8996,92.2753,4.4057,97.7027,"112.90,108.56,105.30,103.13,101.50,100.42,99.33,104.22,102.04,100.96,99.87,98.79,98.25,97.70,99.33,98.25,98.25,97.70,97.16,96.62,96.07,96.07,96.07,95.53,95.53,95.53,94.99,94.45,94.45,94.45,94.45,94.45,93.36,93.36,92.28"
Rec-G3_std_1,6,4,1057,core,303,317,0.0,5.0,0.9765,307,318,313,322,1.0,True,97.4081,109.6431,92.2753,3.8232,96.6172,"109.64,105.84,103.13,100.96,99.87,98.79,98.25,103.13,101.50,99.87,98.79,98.25,97.16,96.62,98.79,98.25,97.70,97.16,96.07,96.07,95.53,96.07,95.53,95.53,94.99,94.45,94.45,93.36,94.45,94.45,93.36,93.36,93.36,92.28,92.28"
Rec-G3_std_1,6,5,1058,core,308,317,0.0,5.0,0.9762,312,318,318,322,1.0,True,96.4157,106.9294,91.1898,3.2644,95.5318,"106.93,103.13,101.50,99.33,98.25,97.70,97.16,101.50,99.33,98.25,97.70,97.16,96.07,95.53,98.25,97.70,96.62,96.07,95.53,94.99,94.99,95.53,94.99,94.45,94.45,94.45,93.36,93.36,94.45,93.36,93.36,93.36,92.28,92.28,91.19"
Rec-G3_std_1,6,6,1059,core,313,317,0.0,5.0,0.9747,317,318,323,322,1.0,True,95.7178,105.3012,91.1898,3.0618,95.5318,"105.30,102.04,100.42,98.79,97.70,97.16,96.62,99.87,98.25,97.70,97.16,96.07,95.53,95.53,97.16,96.62,96.07,95.53,95.53,94.45,94.45,94.99,94.45,94.45,94.45,93.36,93.36,92.28,93.36,92.28,92.28,92.28,91.73,91.73,91.19"
Rec-G3_std_1,6,7,1060,core,317,317,0.0,4.0,0.9718,321,318,327,322,1.0,True,95.9039,106.3867,91.1898,3.297,95.5318,"106.39,103.13,100.96,98.79,98.25,97.16,96.62,100.96,98.79,98.25,97.16,96.07,95.53,95.53,97.16,96.62,96.07,95.53,94.99,94.45,94.45,94.99,94.99,94.45,94.45,93.36,93.36,92.28,93.36,93.36,92.28,92.28,91.73,91.73,91.19"
Rec-G3_std_1,6,8,1061,core,327,317,0.0,10.0,0.9722,331,318,337,322,1.0,True,95.7799,104.2157,92.2753,2.8167,95.5318,"104.22,101.50,99.87,98.79,98.25,98.25,97.70,98.79,98.25,97.16,97.16,96.62,96.62,96.07,96.07,96.07,95.53,95.53,95.53,94.99,95.53,94.45,94.45,94.45,94.45,93.36,93.36,93.36,92.28,92.28,92.28,92.28,92.28,92.28,92.28"
Rec-G3_std_1,6,9,1062,core,332,317,0.0,5.0,0.9708,336,318,342,322,1.0,True,96.8188,105.3012,93.3608,2.819,96.6172,"105.30,102.04,100.96,100.42,99.33,99.33,98.79,99.87,98.79,98.25,98.25,98.25,97.70,97.70,97.16,97.16,96.62,96.62,96.07,96.07,96.07,94.99,94.99,94.99,94.99,94.99,94.99,94.45,93.36,93.36,93.36,93.36,93.36,93.36,93.36"
Rec-G3_std_1,6,10,1063,core,337,317,0.0,5.0,0.9684,341,318,347,322,1.0,True,97.3771,104.2157,93.3608,2.6309,97.16,"104.22,102.04,101.50,100.96,100.42,99.87,99.33,100.42,99.87,98.79,98.79,98.25,98.25,98.25,97.70,97.70,97.16,97.16,97.16,96.62,96.62,95.53,95.53,95.53,95.53,95.53,95.53,94.99,94.45,94.45,94.45,94.45,94.45,93.36,93.36"
Rec-G3_std_1,6,11,1064,core,342,316,11.31,5.1,0.9685,346,317,352,321,1.0,True,100.0443,111.2714,95.5318,3.6276,99.331,"111.27,107.47,105.30,103.67,103.13,103.13,103.13,104.22,103.13,102.04,101.50,100.96,100.96,100.42,100.96,100.42,99.87,99.33,98.79,98.79,98.79,98.25,98.25,98.25,97.70,97.16,97.16,97.16,96.07,96.07,96.07,95.53,95.53,95.53,95.53"
Rec-G3_std_1,6,12,1065,core,346,316,0.0,4.0,0.9698,350,317,356,321,1.0,True,100.8972,115.0706,94.4463,4.6177,100.4165,"115.07,110.73,108.01,105.84,105.30,103.67,103.13,106.93,105.30,103.13,103.13,102.04,101.50,100.42,102.04,101.50,100.96,100.42,99.87,99.33,98.25,98.79,98.25,98.25,98.25,97.70,97.16,96.07,96.62,96.62,96.07,96.07,95.53,94.99,94.45"
Rec-G3_std_1,6,13,1066,core,351,316,0.0,5.0,0.9727,355,317,361,321,1.0,True,97.9974,112.8996,89.0188,5.2112,97.16,"112.90,109.10,105.30,103.13,100.96,98.25,96.07,105.84,103.67,102.04,100.42,98.79,97.16,94.99,102.04,100.42,99.33,98.25,96.62,94.99,92.28,98.25,98.25,96.62,95.53,94.45,92.28,90.65,96.07,95.53,94.45,93.36,92.28,90.65,89.02"
Rec-G3_std_1,6,14,1067,core,356,316,0.0,5.0,0.9746,360,317,366,321,0.4286,False,84.9405,107.4722,74.9074,9.3227,81.4204,"107.47,102.04,93.36,83.59,78.71,77.08,75.99,101.50,98.25,91.19,83.05,78.16,75.99,75.45,97.70,94.99,89.02,81.42,77.62,75.99,74.91,94.45,92.28,87.39,80.88,77.62,75.99,74.91,92.28,90.10,85.76,79.79,77.08,75.99,74.91"
Rec-G3_std_1,6,15,1068,core,360,316,0.0,4.0,0.9759,364,317,370,321,0.0,False,76.7838,87.3906,73.822,2.8405,75.9929,"87.39,82.51,78.71,77.08,75.99,75.45,74.91,83.05,79.79,77.62,75.99,75.99,75.45,74.36,79.79,77.62,76.54,75.99,75.45,74.36,74.36,78.71,77.08,75.99,75.45,74.91,74.36,73.82,77.62,76.54,75.99,75.45,74.91,74.36,73.82"
Rec-G3_std_1,7,1,1209,core,292,318,-45.0,1.41,0.978,296,319,302,323,1.0,True,94.3842,99.8737,89.0188,3.0996,94.4463,"99.87,98.79,98.79,98.79,98.79,98.79,98.25,95.53,96.07,96.07,96.62,96.62,97.16,96.62,93.36,93.36,94.45,94.45,94.99,94.99,94.99,90.65,91.19,92.28,92.28,92.28,92.28,92.28,89.02,89.56,90.10,90.65,91.19,91.19,91.19"
Rec-G3_std_1,7,2,1210,core,296,318,0.0,4.0,0.9768,300,319,306,323,1.0,True,96.059,103.1302,91.7325,3.1097,96.0745,"103.13,102.04,100.96,100.42,99.87,98.79,98.25,98.79,98.79,98.25,98.25,97.70,97.70,97.16,96.07,96.07,96.07,96.07,95.53,95.53,94.99,93.36,94.45,94.45,94.45,94.45,93.36,93.36,91.73,91.73,92.28,92.28,92.28,91.73,91.73"
Rec-G3_std_1,7,3,1211,core,301,317,11.31,5.1,0.9755,305,318,311,322,1.0,True,98.199,109.6431,93.3608,3.6956,97.7027,"109.64,106.39,103.67,102.04,100.96,99.87,99.33,103.13,102.04,100.42,99.87,98.79,98.25,97.70,99.87,98.79,98.25,98.25,97.70,96.62,96.07,97.16,96.62,96.07,95.53,95.53,94.99,94.45,94.99,94.99,94.45,94.45,93.36,93.36,93.36"
Rec-G3_std_1,7,4,1212,core,305,317,0.0,4.0,0.9745,309,318,315,322,1.0,True,98.0439,110.7286,93.3608,3.8751,97.16,"110.73,106.93,103.67,102.04,100.42,99.87,98.79,103.67,102.04,100.42,99.33,98.25,98.25,97.16,99.33,98.25,98.25,97.70,97.16,96.62,96.07,96.62,96.07,95.53,95.53,94.99,94.99,94.45,94.99,94.45,94.45,94.45,93.36,93.36,93.36"
Rec-G3_std_1,7,5,1213,core,320,317,0.0,15.0,0.9735,324,318,330,322,1.0,True,96.09,105.3012,91.7325,2.9628,95.5318,"105.30,102.04,100.42,98.79,98.25,97.70,97.16,100.42,98.79,98.25,97.70,96.62,96.07,95.53,97.70,96.62,96.07,95.53,95.53,94.99,94.99,95.53,94.99,94.99,94.45,93.36,93.36,93.36,93.36,93.36,93.36,92.28,92.28,92.28,91.73"
Rec-G3_std_1,7,6,1214,core,325,317,0.0,5.0,0.9707,329,318,335,322,1.0,True,95.935,103.6729,92.2753,2.6852,95.5318,"103.67,101.50,99.87,98.25,98.25,97.70,97.16,99.33,98.25,98.25,97.16,96.62,96.62,96.07,97.16,96.62,96.07,95.53,95.53,94.99,94.99,94.99,94.99,94.45,94.45,94.45,93.36,93.36,93.36,93.36,92.28,92.28,92.28,92.28,92.28"
Rec-G3_std_1,7,7,1215,core,329,317,0.0,4.0,0.9691,333,318,339,322,1.0,True,96.8188,105.8439,93.3608,2.9616,96.0745,"105.84,103.13,100.96,99.87,99.33,98.79,98.25,100.96,99.33,98.25,98.25,98.25,97.70,97.16,97.70,97.16,96.62,96.07,96.07,96.07,95.53,95.53,94.99,94.99,94.99,94.45,94.45,94.45,93.36,93.36,93.36,93.36,93.36,93.36,93.36"
Rec-G3_std_1,7,8,1216,core,334,317,0.0,5.0,0.9693,338,318,344,322,1.0,True,97.3461,105.3012,93.3608,2.9125,97.16,"105.30,103.13,102.04,100.96,100.42,99.87,99.33,100.96,99.87,98.79,98.25,98.25,98.25,98.25,97.70,97.70,97.16,97.16,96.62,96.62,96.62,95.53,95.53,95.53,95.53,94.99,94.99,94.99,94.45,94.45,94.45,93.36,93.36,93.36,93.36"
Rec-G3_std_1,7,9,1217,core,339,316,11.31,5.1,0.9693,343,317,349,321,1.0,True,100.3234,112.8996,95.5318,3.9957,99.331,"112.90,109.10,106.39,105.30,103.67,103.13,102.04,105.30,103.67,102.04,101.50,101.50,100.96,100.42,101.50,100.42,99.87,99.33,99.33,98.79,98.79,98.25,98.25,98.25,97.70,97.70,97.70,97.16,96.07,96.07,96.07,95.53,95.53,95.53,95.53"
Rec-G3_std_1,7,10,1218,core,344,316,0.0,5.0,0.9712,348,317,354,321,1.0,True,100.6956,112.8996,94.989,4.0953,99.8737,"112.90,109.64,106.93,105.30,104.22,103.67,103.13,105.84,104.22,103.13,102.04,102.04,101.50,100.96,102.04,100.96,100.42,99.87,99.87,99.33,98.79,98.79,98.25,98.25,98.25,97.70,97.70,96.62,96.62,96.62,96.07,96.07,96.07,95.53,94.99"
Rec-G3_std_1,7,11,1219,core,349,316,0.0,5.0,0.9721,353,317,359,321,1.0,True,99.2069,111.8141,91.1898,4.4209,98.7882,"111.81,108.56,105.84,104.22,103.13,100.96,99.33,105.30,103.67,102.04,101.50,99.87,98.79,97.16,102.04,100.96,99.87,98.79,98.25,97.16,95.53,98.79,98.25,97.70,96.62,95.53,94.99,93.36,96.62,96.07,95.53,94.99,94.45,93.36,91.19"
Rec-G3_std_1,7,12,1220,core,354,316,0.0,5.0,0.9716,358,317,364,321,0.7143,False,90.3524,108.5576,76.5357,8.6843,91.1898,"108.56,104.22,100.42,97.70,90.65,81.96,77.62,102.04,99.87,98.25,95.53,89.56,81.42,77.62,98.79,97.16,95.53,93.36,87.93,80.88,77.08,96.07,94.99,93.36,91.19,85.76,79.79,76.54,94.45,92.28,91.19,89.56,84.68,79.79,76.54"
Rec-G3_std_1,7,13,1221,core,358,316,0.0,4.0,0.9748,362,317,368,321,0.1429,False,79.358,99.331,73.822,5.9777,77.0784,"99.33,87.39,80.88,78.16,76.54,75.99,75.45,93.36,84.13,79.79,77.62,75.99,75.45,74.36,90.10,82.51,78.71,77.08,75.99,74.91,74.36,87.93,80.88,77.62,75.99,75.45,74.36,73.82,85.76,80.33,77.62,75.99,75.45,74.36,73.82"
Rec-G3_std_1,7,14,1222,core,361,316,0.0,3.0,0.981,365,317,371,321,0.0,False,75.9464,83.5914,73.822,1.9989,75.4502,"83.59,79.79,77.62,75.99,75.99,75.45,74.91,79.79,77.62,76.54,75.99,75.45,74.91,74.36,78.16,76.54,75.99,75.45,74.91,74.36,74.36,77.62,75.99,75.45,74.91,74.36,74.36,73.82,76.54,75.99,74.91,74.36,74.36,73.82,73.82"
Rec-G3_std_1,8,1,1367,core,291,317,180.0,1.0,0.9785,295,318,301,322,1.0,True,96.0435,107.4722,88.4761,4.539,95.5318,"107.47,105.30,103.13,102.04,101.50,101.50,100.96,98.25,98.25,98.25,98.25,98.25,98.25,98.25,93.36,94.45,94.99,95.53,96.07,96.07,96.07,90.65,91.73,92.28,93.36,93.36,94.45,94.45,88.48,89.56,90.65,91.19,91.19,91.73,92.28"
Rec-G3_std_1,8,2,1368,core,295,318,-14.04,4.12,0.9779,299,319,305,323,1.0,True,95.8884,103.1302,91.1898,3.343,95.5318,"103.13,102.04,101.50,100.96,99.87,99.33,98.79,98.79,98.79,98.25,98.25,97.70,97.70,97.16,95.53,95.53,95.53,95.53,95.53,95.53,95.53,93.36,93.36,93.36,93.36,93.36,93.36,93.36,91.19,91.73,91.73,91.73,91.73,91.73,91.73"
Rec-G3_std_1,8,3,1369,core,300,317,11.31,5.1,0.9753,304,318,310,322,1.0,True,98.4316,110.1859,93.3608,3.7173,98.2455,"110.19,106.39,103.67,102.04,101.50,100.96,99.87,103.13,102.04,100.96,99.87,99.33,98.79,98.25,99.87,98.79,98.25,98.25,97.70,97.16,96.62,97.16,96.62,96.07,96.07,95.53,95.53,94.99,94.99,94.45,94.45,94.45,94.45,93.36,93.36"
Rec-G3_std_1,8,4,1370,core,304,317,0.0,4.0,0.9754,308,318,314,322,1.0,True,98.5866,111.2714,93.3608,4.0054,98.2455,"111.27,108.01,105.30,102.04,101.50,100.42,99.33,104.22,102.04,100.96,99.87,99.33,98.25,98.25,99.87,99.33,98.25,98.25,97.70,97.16,96.07,97.70,96.62,96.62,96.07,95.53,95.53,94.45,95.53,94.99,94.45,94.45,94.45,93.36,93.36"
Rec-G3_std_1,8,5,1371,core,309,317,0.0,5.0,0.9762,313,318,319,322,1.0,True,97.6407,109.1004,92.2753,3.602,96.6172,"109.10,105.84,103.13,100.96,99.87,98.79,98.25,103.13,101.50,99.87,98.79,98.25,97.16,96.62,99.33,98.25,98.25,97.16,96.62,96.07,95.53,96.62,96.07,95.53,95.53,94.99,94.45,94.45,94.99,94.45,94.45,94.45,93.36,93.36,92.28"
Rec-G3_std_1,8,6,1372,core,314,317,0.0,5.0,0.9764,318,318,324,322,1.0,True,96.8499,106.9294,92.2753,3.184,96.0745,"106.93,103.67,101.50,99.87,98.79,98.25,97.70,101.50,99.87,98.79,98.25,97.70,96.62,96.62,98.25,98.25,97.16,96.07,95.53,95.53,95.53,95.53,95.53,95.53,94.99,94.45,94.45,93.36,94.45,94.45,93.36,93.36,93.36,92.28,92.28"
Rec-G3_std_1,8,7,1373,core,319,317,0.0,5.0,0.9739,323,318,329,322,1.0,True,96.3536,105.3012,92.2753,2.873,96.0745,"105.30,102.04,100.42,99.33,98.25,98.25,97.16,100.42,98.79,98.25,97.70,97.16,96.62,96.07,97.70,97.16,96.62,96.07,95.53,95.53,94.99,95.53,95.53,94.99,94.45,94.45,93.36,93.36,94.45,93.36,93.36,93.36,92.28,92.28,92.28"
Rec-G3_std_1,8,8,1374,core,324,317,0.0,5.0,0.9709,328,318,334,322,1.0,True,96.2451,103.6729,92.2753,2.6613,96.0745,"103.67,102.04,99.87,98.79,98.25,98.25,97.70,99.87,98.25,98.25,97.70,97.16,96.62,96.62,97.16,96.62,96.62,96.07,95.53,95.53,95.53,95.53,94.99,94.99,94.45,94.45,94.45,93.36,93.36,93.36,93.36,93.36,92.28,92.28,92.28"
Rec-G3_std_1,8,9,1375,core,328,317,0.0,4.0,0.9704,332,318,338,322,1.0,True,96.8809,105.8439,93.3608,2.9224,96.6172,"105.84,103.13,100.96,99.87,99.33,98.79,98.25,100.96,99.33,98.79,98.25,97.70,97.70,97.16,97.70,97.16,96.62,96.62,96.07,96.07,95.53,95.53,95.53,94.99,94.99,94.45,94.45,94.45,94.45,93.36,93.36,93.36,93.36,93.36,93.36"
Rec-G3_std_1,8,10,1376,core,333,317,0.0,5.0,0.9706,337,318,343,322,1.0,True,97.5167,105.8439,93.3608,2.8864,97.16,"105.84,103.13,102.04,100.96,100.42,99.87,99.87,100.96,99.87,99.33,98.79,98.25,98.25,98.25,98.25,97.70,97.16,97.16,96.62,96.62,96.62,95.53,95.53,95.53,95.53,95.53,95.53,94.99,94.45,94.45,94.45,94.45,94.45,93.36,93.36"
Rec-G3_std_1,8,11,1377,core,338,317,0.0,5.0,0.9698,342,318,348,322,1.0,True,98.2765,105.8439,94.4463,2.9839,98.2455,"105.84,103.67,103.13,102.04,101.50,101.50,100.96,101.50,100.96,100.42,99.87,99.33,99.33,99.33,98.25,98.25,98.25,98.25,97.70,97.70,97.70,96.07,96.07,96.07,96.07,96.07,95.53,95.53,94.99,94.99,94.99,94.45,94.45,94.45,94.45"
Rec-G3_std_1,8,12,1378,core,343,316,11.31,5.1,0.9715,347,317,353,321,1.0,True,101.0988,112.8996,95.5318,4.0581,100.4165,"112.90,109.64,107.47,105.84,105.30,104.22,103.13,106.39,104.22,103.13,103.13,102.04,102.04,101.50,102.04,101.50,100.96,100.42,100.42,99.87,99.33,98.79,98.79,98.79,98.25,98.25,98.25,97.70,97.16,96.62,96.62,96.62,96.07,95.53,95.53"
Rec-G3_std_1,8,13,1379,core,348,316,0.0,5.0,0.972,352,317,358,321,1.0,True,99.9978,111.8141,92.2753,4.3227,99.331,"111.81,109.10,106.93,105.30,103.67,102.04,100.42,105.84,104.22,103.13,102.04,101.50,99.87,98.25,102.04,101.50,100.96,99.87,98.79,98.25,96.62,99.33,98.79,98.25,97.70,96.62,95.53,94.45,97.16,96.62,96.07,95.53,94.99,94.45,92.28"
Rec-G3_std_1,8,14,1380,core,357,316,0.0,9.0,0.9748,361,317,367,321,0.2857,False,81.9476,105.3012,73.822,8.1267,78.1639,"105.30,95.53,84.68,79.79,77.62,75.99,75.45,99.33,92.28,83.05,78.71,77.08,75.45,74.91,95.53,89.56,81.96,78.16,76.54,75.45,74.91,92.28,87.39,80.88,77.62,75.99,74.91,74.36,90.10,85.76,79.79,77.08,75.99,74.91,73.82"
Rec-G3_std_1,8,15,1381,core,361,316,0.0,4.0,0.9791,365,317,371,321,0.0,False,75.8534,83.5914,73.822,2.0114,75.4502,"83.59,79.79,77.62,76.54,75.99,74.91,74.36,79.79,77.62,75.99,75.99,74.91,74.91,74.36,77.62,76.54,75.99,75.45,74.91,74.36,73.82,77.08,75.99,75.45,74.91,74.36,73.82,73.82,76.54,75.99,74.91,74.91,74.36,73.82,73.82"
Rec-G3_std_1,9,1,1522,core,292,318,-45.0,1.41,0.9802,296,319,302,323,1.0,True,94.8339,100.9592,89.5616,3.1742,94.989,"100.96,99.87,99.33,99.33,99.33,99.33,98.79,96.07,96.62,96.62,97.16,97.16,97.16,96.62,93.36,94.45,94.45,94.99,94.99,94.99,94.99,91.19,91.73,92.28,92.28,93.36,93.36,93.36,89.56,90.10,90.65,91.19,91.19,91.19,91.19"
Rec-G3_std_1,9,2,1523,core,296,318,0.0,4.0,0.975,300,319,306,323,1.0,True,96.5707,105.3012,92.2753,3.3717,96.6172,"105.30,103.13,102.04,100.96,100.42,99.33,98.79,99.87,99.33,98.79,98.25,98.25,98.25,97.70,96.62,96.62,96.62,96.62,96.07,95.53,95.53,94.45,94.45,94.45,94.45,94.45,94.45,93.36,92.28,92.28,92.28,92.28,92.28,92.28,92.28"
Rec-G3_std_1,9,3,1524,core,301,317,11.31,5.1,0.9757,305,318,311,322,1.0,True,98.7727,111.8141,93.3608,4.023,98.2455,"111.81,108.01,104.22,102.04,101.50,100.42,99.33,105.30,103.13,101.50,100.42,99.33,98.25,98.25,100.42,99.33,98.25,98.25,97.70,97.16,96.62,97.70,97.16,96.62,96.07,95.53,95.53,94.99,95.53,94.99,94.99,94.45,94.45,94.45,93.36"
Rec-G3_std_1,9,4,1525,core,306,317,0.0,5.0,0.977,310,318,316,322,1.0,True,97.8268,109.6431,92.2753,3.6144,97.16,"109.64,105.84,103.13,100.96,99.87,98.79,98.25,103.13,101.50,100.42,98.79,98.25,97.70,97.16,99.33,98.79,98.25,97.70,97.16,96.07,95.53,97.16,96.62,96.07,95.53,94.99,94.45,94.45,95.53,94.99,94.45,94.45,93.36,93.36,92.28"
Rec-G3_std_1,9,5,1526,core,311,317,0.0,5.0,0.9759,315,318,321,322,1.0,True,96.6948,106.9294,92.2753,3.1033,96.0745,"106.93,103.13,100.96,99.33,98.25,97.70,97.16,102.04,99.87,98.25,97.70,97.16,96.62,96.07,98.25,97.70,96.62,96.62,96.07,95.53,94.99,96.07,95.53,94.99,94.99,94.45,94.45,93.36,94.45,94.45,93.36,93.36,93.36,92.28,92.28"
Rec-G3_std_1,9,6,1527,core,316,317,0.0,5.0,0.9735,320,318,326,322,1.0,True,96.4777,105.3012,92.2753,2.7655,96.0745,"105.30,102.04,100.42,98.79,98.25,98.25,97.70,100.42,98.79,98.25,97.70,97.16,96.62,96.62,97.70,97.16,96.62,96.07,96.07,95.53,95.53,95.53,94.99,94.99,94.45,94.45,94.45,94.45,94.45,93.36,93.36,93.36,93.36,92.28,92.28"
Rec-G3_std_1,9,7,1528,core,320,317,0.0,4.0,0.9722,324,318,330,322,1.0,True,97.3306,107.4722,93.3608,3.1293,97.16,"107.47,104.22,102.04,100.42,99.33,98.79,98.25,102.04,99.87,98.79,98.25,98.25,97.70,97.70,98.25,97.70,97.16,97.16,96.62,96.62,96.07,95.53,95.53,95.53,95.53,94.99,94.99,94.99,94.45,94.45,94.45,93.36,93.36,93.36,93.36"
Rec-G3_std_1,9,8,1529,core,320,317,0.0,0.0,0.9722,324,318,330,322,1.0,True,97.3306,107.4722,93.3608,3.1293,97.16,"107.47,104.22,102.04,100.42,99.33,98.79,98.25,102.04,99.87,98.79,98.25,98.25,97.70,97.70,98.25,97.70,97.16,97.16,96.62,96.62,96.07,95.53,95.53,95.53,95.53,94.99,94.99,94.99,94.45,94.45,94.45,93.36,93.36,93.36,93.36"
Rec-G3_std_1,9,9,1530,core,325,317,0.0,5.0,0.973,329,318,335,322,1.0,True,97.5632,106.9294,93.3608,3.0298,97.16,"106.93,103.67,102.04,100.96,99.87,99.33,98.79,101.50,100.42,99.33,98.79,98.25,98.25,98.25,98.25,98.25,97.70,97.16,97.16,96.62,96.62,96.07,96.07,95.53,95.53,95.53,94.99,94.99,94.45,94.45,94.45,94.45,93.36,93.36,93.36"
Rec-G3_std_1,9,10,1531,core,335,317,0.0,10.0,0.9705,339,318,345,322,1.0,True,98.7417,106.3867,94.4463,2.9195,98.2455,"106.39,104.22,103.13,102.04,102.04,101.50,100.96,102.04,101.50,100.96,100.42,100.42,99.87,99.33,98.79,98.79,98.25,98.25,98.25,98.25,98.25,97.16,97.16,96.62,96.62,96.62,96.07,96.07,95.53,95.53,95.53,94.99,94.99,94.99,94.45"
Rec-G3_std_1,9,11,1532,core,340,316,11.31,5.1,0.9691,344,317,350,321,1.0,True,101.5175,112.8996,96.0745,3.8036,101.502,"112.90,109.64,106.93,105.84,105.30,103.67,103.13,106.39,105.30,103.67,103.13,102.04,102.04,101.50,103.13,102.04,101.50,101.50,100.96,100.42,99.87,99.87,99.33,99.33,98.79,98.79,98.25,98.25,97.70,97.70,97.16,97.16,97.16,96.62,96.07"
Rec-G3_std_1,9,12,1533,core,345,316,0.0,5.0,0.97,349,317,355,321,1.0,True,101.2228,111.8141,95.5318,3.8539,100.9592,"111.81,109.10,106.93,105.30,105.30,103.67,103.13,106.39,105.30,103.67,103.13,102.04,102.04,100.96,103.13,102.04,101.50,100.96,100.42,99.87,98.79,99.87,99.33,99.33,98.79,98.25,98.25,97.16,97.70,97.70,97.16,96.62,96.07,95.53,95.53"
Rec-G3_std_1,9,13,1534,core,349,316,0.0,4.0,0.9723,353,317,359,321,1.0,True,100.2459,115.0706,92.2753,4.9332,99.331,"115.07,111.27,107.47,105.30,103.13,101.50,99.33,108.01,105.30,103.67,102.04,100.96,99.33,98.25,103.13,102.04,101.50,99.87,98.79,97.70,96.07,99.87,99.33,98.25,97.70,96.62,95.53,94.45,97.70,97.16,96.62,95.53,94.45,93.36,92.28"
Rec-G3_std_1,9,14,1535,core,354,316,0.0,5.0,0.9748,358,317,364,321,0.7143,False,90.8021,110.7286,76.5357,9.0248,91.1898,"110.73,105.30,101.50,97.70,91.19,82.51,77.62,103.67,101.50,98.25,95.53,89.56,81.42,77.62,99.87,98.25,96.07,93.36,87.93,80.88,77.62,96.62,95.53,93.36,91.19,86.31,80.33,77.08,94.45,93.36,91.19,89.56,84.68,79.79,76.54"
Rec-G3_std_1,9,15,1536,core,359,316,0.0,5.0,0.9756,363,317,369,321,0.0,False,77.0629,89.0188,73.822,3.5257,75.9929,"89.02,82.51,78.71,76.54,75.99,75.45,74.36,85.22,79.79,77.62,75.99,75.45,74.91,74.36,83.05,78.71,77.08,75.99,74.91,74.36,73.82,81.42,77.62,75.99,75.45,74.36,73.82,73.82,80.33,77.62,75.99,74.91,74.36,73.82,73.82"
Rec-G3_std_1,9,16,1537,core,361,316,0.0,2.0,0.9828,365,317,371,321,0.0,False,75.7138,83.0486,73.822,1.9947,74.9074,"83.05,79.79,77.62,75.99,75.45,74.91,74.36,79.79,77.62,75.99,75.99,74.91,74.91,74.36,77.62,76.54,75.99,74.91,74.36,74.36,73.82,77.08,75.99,75.45,74.36,74.36,73.82,73.82,76.54,75.45,74.91,74.36,73.82,73.82,73.82"
Rec-G3_std_1,10,1,1667,core,291,318,-90.0,1.0,0.9779,295,319,301,323,1.0,True,94.2602,100.4165,87.9333,3.3456,94.4463,"100.42,99.33,98.79,98.79,98.79,98.79,98.79,95.53,95.53,96.07,96.62,97.16,97.16,97.16,91.73,93.36,93.36,94.45,94.45,94.99,94.99,89.56,91.19,91.73,92.28,92.28,92.28,92.28,87.93,89.56,89.56,90.65,91.19,91.19,91.19"
Rec-G3_std_1,10,2,1668,core,294,318,0.0,3.0,0.9793,298,319,304,323,1.0,True,95.9349,103.6729,91.1898,3.2262,95.5318,"103.67,102.04,100.96,100.42,99.87,98.79,98.25,98.79,98.25,98.25,98.25,98.25,97.70,97.16,95.53,95.53,95.53,95.53,95.53,95.53,95.53,93.36,93.36,93.36,94.45,94.45,93.36,93.36,91.19,91.73,91.73,91.73,92.28,92.28,91.73"
Rec-G3_std_1,10,3,1669,core,299,317,11.31,5.1,0.9767,303,318,309,322,1.0,True,98.4316,110.7286,93.3608,3.7735,97.7027,"110.73,106.93,104.22,102.04,100.96,99.87,98.79,103.67,102.04,100.96,99.87,98.79,98.25,97.70,99.87,99.33,98.25,98.25,97.70,97.16,96.07,97.16,97.16,96.62,96.07,95.53,95.53,94.99,94.99,94.99,94.99,94.45,94.45,93.36,93.36"
Rec-G3_std_1,10,4,1670,core,304,317,0.0,5.0,0.9758,308,318,314,322,1.0,True,97.5787,108.5576,92.2753,3.3909,97.16,"108.56,105.30,102.04,100.96,99.33,98.25,98.25,103.13,100.96,99.33,98.25,98.25,97.16,96.62,99.33,98.25,98.25,97.16,96.62,96.07,95.53,97.16,96.62,96.07,95.53,94.99,94.45,94.45,95.53,94.99,94.45,94.45,93.36,93.36,92.28"
Rec-G3_std_1,10,5,1671,core,308,317,0.0,4.0,0.9752,312,318,318,322,1.0,True,97.1755,109.1004,92.2753,3.5943,96.0745,"109.10,105.30,102.04,100.42,98.79,98.25,97.70,103.13,100.96,99.33,98.25,97.70,96.62,96.07,98.79,98.25,97.16,96.62,96.07,95.53,95.53,96.07,95.53,95.53,94.99,94.45,94.45,93.36,94.99,94.45,94.45,93.36,93.36,92.28,92.28"
Rec-G3_std_1,10,6,1672,core,313,317,0.0,5.0,0.976,317,318,323,322,1.0,True,96.5242,106.9294,92.2753,3.0934,96.0745,"106.93,103.13,100.96,99.33,98.25,97.70,97.16,101.50,99.33,98.25,97.16,96.62,96.07,96.07,98.25,97.16,96.62,96.07,95.53,95.53,95.53,95.53,95.53,94.99,94.45,94.45,94.45,93.36,94.45,93.36,93.36,93.36,93.36,92.28,92.28"
Rec-G3_std_1,10,7,1673,core,318,317,0.0,5.0,0.976,322,318,328,322,1.0,True,96.4932,105.3012,92.2753,2.7372,96.0745,"105.30,102.04,100.42,98.79,98.25,98.25,97.70,100.42,98.79,98.25,97.70,97.16,97.16,96.62,97.16,97.16,96.62,96.07,95.53,95.53,95.53,95.53,95.53,94.99,94.99,94.45,94.45,94.45,93.36,93.36,93.36,93.36,93.36,93.36,92.28"
Rec-G3_std_1,10,8,1674,core,323,317,0.0,5.0,0.9747,327,318,333,322,1.0,True,97.129,105.3012,93.3608,2.5979,97.16,"105.30,102.04,100.96,99.87,99.33,98.25,98.25,100.42,99.33,98.79,98.25,98.25,97.70,97.16,98.25,97.70,97.16,97.16,96.62,96.62,96.07,95.53,95.53,95.53,95.53,95.53,95.53,94.99,94.45,94.45,94.45,94.45,93.36,93.36,93.36"
Rec-G3_std_1,10,9,1675,core,328,317,0.0,5.0,0.9717,332,318,338,322,1.0,True,97.5787,105.3012,94.4463,2.5657,97.7027,"105.30,102.04,101.50,100.42,99.87,99.33,98.79,100.96,99.87,99.33,98.79,98.25,98.25,98.25,98.25,98.25,97.70,97.70,97.16,97.16,96.62,96.62,96.07,95.53,95.53,95.53,95.53,95.53,94.45,94.45,94.45,94.45,94.45,94.45,94.45"
Rec-G3_std_1,10,10,1676,core,332,317,0.0,4.0,0.9706,336,318,342,322,1.0,True,98.4626,107.4722,94.4463,3.0515,98.2455,"107.47,105.30,103.13,102.04,100.96,100.42,99.87,102.04,101.50,100.42,99.87,99.33,98.79,98.79,98.79,98.79,98.25,98.25,97.70,97.70,97.16,97.16,97.16,96.62,96.62,96.07,95.53,95.53,95.53,95.53,95.53,94.99,94.45,94.45,94.45"
Rec-G3_std_1,10,11,1677,core,337,317,0.0,5.0,0.9709,341,318,347,322,1.0,True,98.9588,107.4722,94.989,2.9664,98.2455,"107.47,105.30,103.13,102.04,102.04,101.50,100.96,102.04,101.50,100.96,100.42,100.42,99.87,99.33,99.33,99.33,98.79,98.25,98.25,98.25,98.25,97.70,97.16,97.16,97.16,96.62,96.62,96.07,95.53,95.53,95.53,95.53,95.53,94.99,94.99"
Rec-G3_std_1,10,12,1678,core,342,316,11.31,5.1,0.9715,346,317,352,321,1.0,True,101.5175,115.0706,96.0745,4.1405,100.9592,"115.07,110.73,107.47,105.30,104.22,103.67,103.13,107.47,105.30,103.67,103.13,102.04,102.04,101.50,103.13,102.04,101.50,100.96,100.42,99.87,99.33,99.87,99.33,99.33,98.79,98.25,98.25,98.25,97.70,97.70,97.70,97.16,96.62,96.07,96.07"
Rec-G3_std_1,10,13,1679,core,347,316,0.0,5.0,0.9733,351,317,357,321,1.0,True,100.6181,112.8996,93.3608,4.2262,99.8737,"112.90,109.64,106.93,105.30,103.67,102.04,101.50,106.93,105.30,103.13,102.04,101.50,100.42,99.33,103.13,102.04,101.50,100.42,99.33,98.25,97.70,99.87,99.33,98.79,98.25,97.70,96.62,95.53,97.70,97.70,97.16,96.07,95.53,94.99,93.36"
Rec-G3_std_1,10,14,1680,core,352,316,0.0,5.0,0.9738,356,317,362,321,1.0,True,95.7954,110.7286,84.1341,5.7312,95.5318,"110.73,106.39,103.13,100.42,98.25,95.53,89.56,104.22,102.04,100.42,98.25,96.62,94.45,88.48,100.96,99.33,98.25,96.62,94.99,92.28,87.39,98.25,97.16,95.53,94.45,92.28,90.65,85.76,95.53,94.99,93.36,92.28,91.19,89.02,84.13"
Rec-G3_std_1,10,15,1681,core,356,316,0.0,4.0,0.9734,360,317,366,321,0.4286,False,84.987,109.1004,74.9074,9.5112,81.9631,"109.10,102.04,93.36,83.59,78.71,76.54,75.45,102.04,98.25,91.19,83.05,78.16,75.99,75.45,97.70,94.99,89.56,81.96,77.62,75.99,74.91,94.45,92.28,87.39,80.88,77.62,75.99,74.91,92.28,90.10,85.76,79.79,77.08,75.45,74.91"
Rec-G3_std_1,10,16,1682,core,361,316,0.0,5.0,0.977,365,317,371,321,0.0,False,75.6673,83.0486,73.822,1.9897,74.9074,"83.05,79.79,77.08,75.99,75.45,74.91,74.36,79.79,77.62,75.99,75.45,74.91,74.36,73.82,77.62,75.99,75.99,74.91,74.36,74.36,73.82,77.08,75.99,75.45,74.91,74.36,73.82,73.82,76.54,75.99,74.91,74.36,73.82,73.82,73.82"
Rec-G3_std_1,11,1,1820,core,291,317,180.0,1.0,0.9778,295,318,301,322,1.0,True,96.6948,109.6431,89.5616,4.5096,96.0745,"109.64,106.39,103.13,102.04,102.04,100.96,100.42,99.87,99.33,98.79,98.79,98.79,98.79,98.25,94.99,95.53,95.53,96.07,96.62,96.62,96.62,91.73,92.28,93.36,94.45,94.45,94.45,94.45,89.56,90.65,91.19,91.73,92.28,92.28,92.28"
Rec-G3_std_1,11,2,1821,core,294,318,-18.43,3.16,0.9781,298,319,304,323,1.0,True,95.5007,102.0447,91.1898,3.0646,95.5318,"102.04,101.50,100.96,99.87,98.79,98.25,97.70,98.25,98.25,98.25,97.70,97.16,96.62,96.07,95.53,95.53,95.53,95.53,95.53,94.99,94.45,93.36,93.36,93.36,93.36,93.36,93.36,93.36,91.19,91.19,91.73,91.73,91.73,91.73,91.19"
Rec-G3_std_1,11,3,1822,core,298,317,14.04,4.12,0.9756,302,318,308,322,1.0,True,98.2765,112.8996,92.2753,4.3515,97.16,"112.90,108.01,105.30,102.04,100.96,99.33,98.79,105.30,102.04,100.96,99.33,98.79,98.25,97.16,99.87,98.79,98.25,97.70,97.16,96.62,95.53,96.62,96.62,96.07,95.53,95.53,94.99,94.45,94.45,94.45,94.45,94.45,93.36,93.36,92.28"
Rec-G3_std_1,11,4,1823,core,303,317,0.0,5.0,0.977,307,318,313,322,1.0,True,97.5477,109.6431,92.2753,3.6915,96.6172,"109.64,105.84,103.13,101.50,99.87,98.79,97.70,103.13,100.96,99.87,98.79,98.25,97.16,96.62,98.79,98.25,97.70,97.16,96.07,96.07,95.53,96.62,96.07,95.53,95.53,94.99,94.45,94.45,94.45,94.45,94.45,93.36,93.36,93.36,92.28"
Rec-G3_std_1,11,5,1824,core,308,317,0.0,5.0,0.9772,312,318,318,322,1.0,True,96.4002,106.9294,91.7325,3.1996,96.0745,"106.93,103.13,100.96,99.33,98.25,97.16,96.62,101.50,99.33,98.25,97.70,96.62,96.07,95.53,98.25,97.70,96.62,96.07,95.53,94.99,94.45,96.07,95.53,94.99,94.45,94.45,93.36,93.36,94.45,93.36,93.36,93.36,92.28,92.28,91.73"
Rec-G3_std_1,11,6,1825,core,313,317,0.0,5.0,0.9755,317,318,323,322,1.0,True,95.9194,105.3012,92.2753,2.7662,95.5318,"105.30,102.04,99.87,98.25,97.70,97.16,96.07,99.87,98.25,97.70,96.62,96.07,95.53,95.53,97.16,96.62,96.07,95.53,95.53,94.99,94.99,94.99,94.99,94.45,94.45,94.45,93.36,93.36,93.36,93.36,93.36,93.36,92.28,92.28,92.28"
Rec-G3_std_1,11,7,1826,core,317,317,0.0,4.0,0.9731,321,318,327,322,1.0,True,96.8344,106.9294,93.3608,2.979,96.0745,"106.93,103.67,100.96,99.87,98.79,98.25,97.70,100.96,99.33,98.25,97.70,97.70,97.16,96.62,97.70,97.16,96.62,96.07,96.07,95.53,95.53,95.53,95.53,94.99,94.99,94.99,94.45,94.45,94.45,94.45,93.36,93.36,93.36,93.36,93.36"
Rec-G3_std_1,11,8,1827,core,322,317,0.0,5.0,0.9733,326,318,332,322,1.0,True,97.3306,106.3867,93.3608,2.7607,97.16,"106.39,103.13,101.50,99.87,98.79,98.79,98.25,101.50,99.87,98.79,98.25,98.25,97.70,97.70,98.25,97.70,97.16,97.16,96.62,96.62,96.07,95.53,95.53,95.53,95.53,95.53,95.53,94.99,94.45,94.45,94.45,94.45,94.45,94.45,93.36"
Rec-G3_std_1,11,9,1828,core,327,317,0.0,5.0,0.9736,331,318,337,322,1.0,True,98.0439,106.3867,94.4463,2.804,97.7027,"106.39,103.67,102.04,100.96,100.96,100.42,99.87,101.50,100.42,99.33,99.33,98.79,98.79,98.79,98.25,98.25,98.25,97.70,97.70,97.70,97.70,96.62,96.07,96.07,96.07,95.53,95.53,95.53,94.99,94.99,94.99,94.99,94.45,94.45,94.45"
Rec-G3_std_1,11,10,1829,core,332,317,0.0,5.0,0.9721,336,318,342,322,1.0,True,99.0053,106.9294,94.989,2.8223,98.2455,"106.93,104.22,103.13,102.04,102.04,101.50,101.50,102.04,101.50,100.96,100.42,100.42,99.87,99.87,99.33,99.33,98.79,98.25,98.25,98.25,98.25,97.70,97.70,97.16,97.16,97.16,96.62,96.62,95.53,95.53,95.53,95.53,95.53,95.53,94.99"
Rec-G3_std_1,11,11,1830,core,337,317,0.0,5.0,0.9705,341,318,347,322,1.0,True,99.7652,107.4722,95.5318,2.9778,99.8737,"107.47,105.30,103.67,103.13,103.13,102.04,102.04,103.13,102.04,102.04,102.04,101.50,100.96,100.42,100.42,100.42,99.87,99.87,99.33,98.79,98.79,98.25,98.25,98.25,97.70,97.70,97.16,97.16,96.07,96.07,96.07,96.07,95.53,95.53,95.53"
Rec-G3_std_1,11,12,1831,core,342,316,11.31,5.1,0.9699,346,317,352,321,1.0,True,101.9361,113.9851,96.0745,3.9284,101.502,"113.99,110.19,108.01,106.39,105.30,104.22,103.67,106.93,105.30,104.22,103.13,103.13,102.04,102.04,103.13,103.13,102.04,101.50,100.96,100.42,99.87,100.96,100.42,99.87,99.33,98.79,98.25,98.25,98.25,98.25,98.25,97.70,97.16,96.62,96.07"
Rec-G3_std_1,11,13,1832,core,346,316,0.0,4.0,0.9716,350,317,356,321,1.0,True,102.1998,117.2416,94.989,4.8728,100.9592,"117.24,112.90,109.64,107.47,105.84,105.30,103.13,109.10,106.93,105.30,103.67,103.13,102.04,100.96,104.22,103.13,102.04,102.04,100.96,99.87,98.79,100.96,100.42,99.87,99.33,98.79,98.25,97.16,98.25,98.25,97.70,97.16,96.62,95.53,94.99"
Rec-G3_std_1,11,14,1833,core,351,316,0.0,5.0,0.9744,355,317,361,321,1.0,True,98.6952,113.9851,89.5616,5.3075,97.7027,"113.99,110.19,106.39,103.67,101.50,98.79,96.62,106.93,105.30,103.13,100.96,99.33,97.70,94.99,102.04,100.96,99.87,98.25,97.16,95.53,93.36,99.33,98.25,97.16,96.07,94.99,93.36,91.19,97.16,96.07,95.53,94.45,93.36,91.19,89.56"
Rec-G3_std_1,11,15,1834,core,356,316,0.0,5.0,0.9763,360,317,366,321,0.4286,False,84.8629,107.4722,74.3647,9.4604,81.4204,"107.47,101.50,93.36,83.05,78.71,76.54,75.45,102.04,97.70,91.19,83.05,78.16,75.99,74.91,98.25,94.99,89.56,81.42,77.62,75.99,74.91,94.99,92.28,87.39,80.88,77.08,75.99,74.91,92.28,90.65,85.76,79.79,76.54,75.45,74.36"
Rec-G3_std_1,11,16,1835,core,360,316,0.0,4.0,0.9777,364,317,370,321,0.0,False,76.4737,87.3906,73.822,2.9062,75.4502,"87.39,82.51,78.71,77.08,75.99,74.91,74.36,82.51,78.71,77.08,75.99,75.45,74.91,74.36,79.79,77.62,75.99,75.45,74.91,74.36,73.82,78.71,77.08,75.99,74.91,74.36,73.82,73.82,77.62,75.99,75.45,74.91,74.36,73.82,73.82"
Rec-G3_std_1,12,1,1969,core,291,317,180.0,1.0,0.9791,295,318,301,322,1.0,True,96.4312,108.5576,89.5616,4.3146,96.0745,"108.56,105.84,103.13,102.04,101.50,100.42,99.87,99.33,98.25,98.25,98.25,98.25,98.25,98.25,94.45,95.53,95.53,96.07,96.62,96.07,96.07,91.19,92.28,93.36,94.45,94.45,94.45,94.45,89.56,90.65,91.19,91.73,92.28,92.28,92.28"
Rec-G3_std_1,12,2,1970,core,293,318,-26.57,2.24,0.9802,297,319,303,323,1.0,True,95.1131,102.0447,90.6471,3.0896,94.989,"102.04,100.96,99.87,99.33,98.79,98.25,97.70,97.70,97.70,97.70,97.16,97.16,96.62,96.07,94.45,94.99,94.99,94.99,94.99,94.99,94.45,92.28,92.28,93.36,93.36,93.36,93.36,92.28,90.65,91.19,91.19,91.19,91.19,91.19,91.19"
Rec-G3_std_1,12,3,1971,core,298,317,11.31,5.1,0.9766,302,318,308,322,1.0,True,97.5942,109.6431,92.2753,3.6806,97.16,"109.64,105.30,103.13,101.50,100.42,99.33,98.25,103.13,100.96,99.87,98.79,98.25,97.70,97.16,98.79,98.25,97.70,97.16,96.62,95.53,95.53,96.07,96.07,95.53,95.53,94.99,94.45,94.45,94.45,94.45,94.45,93.36,93.36,93.36,92.28"
Rec-G3_std_1,12,4,1972,core,303,317,0.0,5.0,0.975,307,318,313,322,1.0,True,97.0515,107.4722,92.2753,3.2117,96.6172,"107.47,103.67,102.04,100.42,99.33,98.25,97.70,102.04,99.87,98.79,98.25,97.70,97.16,96.62,98.25,97.70,97.16,96.62,96.07,96.07,95.53,96.07,95.53,95.53,94.99,94.45,94.45,93.36,94.45,94.45,94.45,93.36,93.36,93.36,92.28"
Rec-G3_std_1,12,5,1973,core,307,317,0.0,4.0,0.977,311,318,317,322,1.0,True,97.4391,109.1004,92.2753,3.5682,96.6172,"109.10,105.84,103.13,100.96,99.33,98.79,97.70,102.04,100.96,99.33,98.25,98.25,97.70,96.62,98.79,98.25,97.70,97.16,96.62,96.07,95.53,96.07,96.07,95.53,94.99,94.99,94.45,94.45,94.45,94.45,94.45,93.36,93.36,93.36,92.28"
Rec-G3_std_1,12,6,1974,core,312,317,0.0,5.0,0.9771,316,318,322,322,1.0,True,97.0049,107.4722,92.2753,3.1689,96.6172,"107.47,103.67,101.50,99.87,98.79,98.25,98.25,102.04,99.87,98.79,98.25,97.70,97.16,96.62,98.25,97.70,97.16,96.62,96.07,95.53,95.53,95.53,95.53,95.53,94.99,94.99,94.45,94.45,94.45,94.45,93.36,93.36,93.36,93.36,92.28"
Rec-G3_std_1,12,7,1975,core,317,317,0.0,5.0,0.9763,321,318,327,322,1.0,True,97.067,105.8439,93.3608,2.7871,96.6172,"105.84,103.13,100.96,99.87,98.79,98.79,98.25,100.96,99.33,98.79,98.25,97.70,97.70,97.16,98.25,97.16,97.16,96.62,96.62,96.07,96.07,95.53,95.53,95.53,95.53,95.53,94.99,94.45,94.45,94.45,94.45,93.36,93.36,93.36,93.36"
Rec-G3_std_1,12,8,1976,core,322,317,0.0,5.0,0.9745,326,318,332,322,1.0,True,97.7648,105.8439,94.4463,2.6959,97.7027,"105.84,103.13,101.50,100.96,99.87,99.87,99.33,101.50,99.87,99.33,98.79,98.79,98.25,98.25,98.25,98.25,97.70,97.70,97.70,97.16,97.16,96.07,96.07,96.07,96.07,95.53,95.53,95.53,94.99,94.45,94.45,94.45,94.45,94.45,94.45"
Rec-G3_std_1,12,9,1977,core,326,317,0.0,4.0,0.9724,330,318,336,322,1.0,True,99.0208,109.1004,94.989,3.192,98.2455,"109.10,105.84,103.67,102.04,102.04,100.96,100.42,103.13,102.04,100.96,100.42,99.87,99.33,99.33,99.87,99.33,98.79,98.25,98.25,98.25,97.70,97.70,97.16,97.16,97.16,96.62,96.62,96.07,95.53,95.53,95.53,95.53,95.53,94.99,94.99"
Rec-G3_std_1,12,10,1978,core,331,317,0.0,5.0,0.9727,335,318,341,322,1.0,True,99.1759,108.0149,95.5318,2.9431,98.7882,"108.01,105.30,103.13,102.04,101.50,101.50,100.96,103.13,102.04,101.50,100.42,99.87,99.87,99.33,99.87,99.33,99.33,98.79,98.25,98.25,98.25,98.25,97.70,97.70,97.16,96.62,96.62,96.62,96.07,96.07,95.53,95.53,95.53,95.53,95.53"
Rec-G3_std_1,12,11,1979,core,336,317,0.0,5.0,0.9725,340,318,346,322,1.0,True,99.6876,107.4722,95.5318,2.9067,99.331,"107.47,105.30,103.67,103.13,102.04,102.04,102.04,103.13,102.04,102.04,101.50,100.96,100.96,100.42,100.42,99.87,99.87,99.33,99.33,98.79,98.79,98.25,98.25,97.70,97.70,97.70,97.70,97.16,96.62,96.07,96.07,96.07,95.53,95.53,95.53"
Rec-G3_std_1,12,12,1980,core,341,316,11.31,5.1,0.9724,345,317,351,321,1.0,True,102.1377,113.9851,96.6172,3.852,102.0447,"113.99,110.73,108.01,106.39,105.30,104.22,103.67,107.47,105.30,104.22,103.13,103.13,102.04,102.04,103.13,103.13,102.04,102.04,101.50,100.96,100.42,100.96,100.42,99.87,99.87,99.33,98.79,98.25,98.25,98.25,98.25,98.25,97.70,97.16,96.62"
Rec-G3_std_1,12,13,1981,core,346,316,0.0,5.0,0.9731,350,317,356,321,1.0,True,101.4554,113.9851,94.989,4.1908,100.4165,"113.99,110.19,108.01,105.84,105.30,103.67,103.13,107.47,105.30,104.22,103.13,102.04,101.50,100.42,103.13,102.04,102.04,101.50,100.42,99.33,98.25,100.42,99.87,99.87,98.79,98.25,97.70,96.62,98.25,98.25,97.70,97.16,96.62,95.53,94.99"
Rec-G3_std_1,12,14,1982,core,351,316,0.0,5.0,0.9727,355,317,361,321,1.0,True,97.8733,111.2714,89.0188,4.8869,97.16,"111.27,108.01,105.30,102.04,100.42,98.25,95.53,105.30,103.13,102.04,99.87,98.25,96.62,94.45,102.04,100.42,99.33,98.25,96.62,94.99,92.28,98.79,98.25,97.16,95.53,94.45,92.28,90.65,96.62,95.53,94.99,94.45,92.28,91.19,89.02"
Rec-G3_std_1,12,15,1983,core,355,316,0.0,4.0,0.9745,359,317,365,321,0.5714,False,87.9488,110.1859,75.4502,9.75,89.0188,"110.19,104.22,99.33,91.73,82.51,78.16,75.99,103.13,99.87,96.62,90.65,81.96,77.62,75.99,98.79,97.16,94.45,89.02,80.88,77.62,75.99,95.53,94.45,91.73,87.39,80.33,77.08,75.45,94.45,92.28,90.10,85.76,79.79,76.54,75.45"
Rec-G3_std_1,12,16,1984,core,360,316,0.0,5.0,0.9781,364,317,370,321,0.0,False,76.1325,85.7624,73.822,2.5501,75.4502,"85.76,80.88,77.62,75.99,75.45,74.91,74.36,81.42,78.16,76.54,75.99,74.91,74.36,73.82,79.79,77.08,75.99,75.45,74.91,74.36,73.82,78.16,76.54,75.45,74.91,74.36,73.82,73.82,77.62,75.99,75.45,74.91,74.36,73.82,73.82"
Rec-G3_std_1,13,1,2122,core,292,318,-45.0,1.41,0.9773,296,319,302,323,1.0,True,94.7099,99.8737,89.5616,3.0685,94.989,"99.87,99.33,99.33,99.33,98.79,98.79,98.79,95.53,96.07,96.62,97.16,97.16,97.16,97.16,93.36,94.45,94.45,94.99,94.99,94.99,94.99,91.19,91.73,92.28,92.28,93.36,93.36,92.28,89.56,90.10,90.65,91.19,91.19,91.19,91.19"
Rec-G3_std_1,13,2,2123,core,296,318,0.0,4.0,0.9769,300,319,306,323,1.0,True,96.09,103.6729,91.7325,3.0496,96.0745,"103.67,102.04,100.96,99.87,99.33,98.79,98.25,99.33,98.79,98.25,98.25,97.70,97.16,96.62,96.07,96.07,96.07,96.07,95.53,95.53,94.99,94.45,94.45,94.45,94.45,94.45,93.36,93.36,92.28,92.28,92.28,92.28,92.28,91.73,91.73"
Rec-G3_std_1,13,3,2124,core,301,317,11.31,5.1,0.976,305,318,311,322,1.0,True,97.8733,109.6431,92.2753,3.6507,97.16,"109.64,105.84,103.13,101.50,100.42,99.33,98.25,103.13,101.50,100.42,99.33,98.25,97.70,97.16,99.33,98.79,98.25,97.16,97.16,96.07,95.53,97.16,96.62,96.07,95.53,95.53,94.99,94.45,94.99,94.45,94.45,94.45,93.36,93.36,92.28"
Rec-G3_std_1,13,4,2125,core,305,317,0.0,4.0,0.9765,309,318,315,322,1.0,True,97.8423,111.2714,92.2753,3.9402,96.6172,"111.27,106.93,103.13,101.50,99.87,98.79,98.25,103.67,102.04,99.87,98.79,98.25,97.70,96.62,99.87,98.79,98.25,97.70,96.62,96.07,95.53,96.62,96.07,95.53,95.53,94.99,94.45,94.45,94.99,94.45,94.45,94.45,93.36,93.36,92.28"
Rec-G3_std_1,13,5,2126,core,310,317,0.0,5.0,0.977,314,318,320,322,1.0,True,96.6638,108.0149,92.2753,3.399,95.5318,"108.01,104.22,101.50,99.33,98.25,98.25,97.16,102.04,99.87,98.79,97.70,97.16,96.07,95.53,98.25,97.70,97.16,96.07,95.53,95.53,94.99,95.53,95.53,94.99,94.45,94.45,93.36,93.36,94.45,94.45,93.36,93.36,92.28,92.28,92.28"
Rec-G3_std_1,13,6,2127,core,315,317,0.0,5.0,0.9764,319,318,325,322,1.0,True,96.5862,105.8439,92.2753,2.8245,96.0745,"105.84,103.13,100.42,98.79,98.25,98.25,97.70,100.42,98.79,98.25,97.70,97.16,96.62,96.62,97.70,97.16,96.62,96.07,96.07,95.53,95.53,95.53,95.53,94.99,94.99,94.45,94.45,94.45,94.45,93.36,93.36,93.36,93.36,93.36,92.28"
Rec-G3_std_1,13,7,2128,core,320,317,0.0,5.0,0.9747,324,318,330,322,1.0,True,97.0825,105.3012,93.3608,2.5229,97.16,"105.30,102.04,100.42,99.33,98.79,98.25,98.25,100.42,99.33,98.79,98.25,98.25,97.70,97.70,97.70,97.70,97.16,97.16,96.62,96.07,96.07,95.53,95.53,95.53,95.53,95.53,94.99,94.99,94.45,94.45,94.45,94.45,94.45,93.36,93.36"
Rec-G3_std_1,13,8,2129,core,325,317,0.0,5.0,0.9726,329,318,335,322,1.0,True,98.0594,105.3012,94.4463,2.5653,98.2455,"105.30,103.13,101.50,100.96,100.42,99.87,99.87,100.96,99.87,99.87,99.33,99.33,99.33,98.79,98.25,98.25,98.25,98.25,98.25,97.70,97.70,96.62,96.07,96.07,96.07,96.07,96.07,96.07,94.99,94.99,94.99,94.99,94.99,94.45,94.45"
Rec-G3_std_1,13,9,2130,core,329,317,0.0,4.0,0.9726,333,318,339,322,1.0,True,99.2069,108.0149,95.5318,2.9955,98.7882,"108.01,105.30,103.13,102.04,102.04,101.50,100.96,103.13,102.04,101.50,100.96,100.42,99.87,99.33,99.87,99.33,99.33,98.79,98.79,98.25,98.25,97.70,97.70,97.70,97.16,97.16,96.62,96.62,95.53,95.53,95.53,95.53,95.53,95.53,95.53"
Rec-G3_std_1,13,10,2131,core,334,317,0.0,5.0,0.9722,338,318,344,322,1.0,True,99.7187,108.5576,95.5318,3.0025,99.331,"108.56,105.84,103.67,103.13,102.04,102.04,102.04,103.13,102.04,101.50,101.50,100.96,100.96,100.96,99.87,99.87,99.33,99.33,99.33,98.79,98.79,98.25,98.25,98.25,97.70,97.70,97.16,97.16,96.62,96.62,96.07,96.07,95.53,95.53,95.53"
Rec-G3_std_1,13,11,2132,core,339,316,11.31,5.1,0.9715,343,317,349,321,1.0,True,102.8201,115.6133,97.7027,3.9932,102.0447,"115.61,111.27,108.56,106.93,105.84,105.30,105.30,108.01,106.39,105.30,103.67,103.67,103.13,103.13,103.67,103.13,103.13,102.04,102.04,102.04,101.50,100.96,100.96,100.42,100.42,99.87,99.87,99.33,98.25,98.25,98.25,98.25,98.25,98.25,97.70"
Rec-G3_std_1,13,12,2133,core,344,316,0.0,5.0,0.9731,348,317,354,321,1.0,True,102.727,115.0706,96.6172,4.0206,102.0447,"115.07,111.27,108.56,106.93,105.84,105.30,104.22,108.56,106.39,105.30,104.22,103.67,103.13,102.04,104.22,103.13,103.13,102.04,102.04,101.50,100.96,101.50,100.96,100.42,100.42,99.87,99.33,98.79,98.79,98.79,98.25,98.25,98.25,97.70,96.62"
Rec-G3_std_1,13,13,2134,core,349,316,0.0,5.0,0.9732,353,317,359,321,1.0,True,100.7576,113.9851,92.2753,4.6744,99.8737,"113.99,110.19,107.47,105.30,103.67,102.04,99.87,108.01,105.84,104.22,103.13,101.50,99.87,98.25,104.22,103.13,102.04,100.96,99.33,98.25,96.62,101.50,100.42,99.33,98.25,97.16,95.53,94.45,98.25,98.25,97.16,96.07,95.53,94.45,92.28"
Rec-G3_std_1,13,14,2135,core,353,316,0.0,4.0,0.9739,357,317,363,321,0.8571,False,94.3687,113.9851,79.7922,8.22,95.5318,"113.99,108.56,103.67,100.42,97.16,90.10,81.42,106.39,103.13,100.42,98.25,95.53,89.56,80.88,102.04,99.87,98.25,96.07,93.36,87.93,80.88,98.79,97.70,95.53,94.45,91.19,86.31,79.79,96.07,95.53,93.36,91.73,89.56,85.22,79.79"
Rec-G3_std_1,13,15,2136,core,358,316,0.0,5.0,0.977,362,317,368,321,0.1429,False,79.0013,98.7882,73.822,6.2348,76.5357,"98.79,86.85,80.88,77.62,75.99,74.91,74.36,94.45,84.13,78.71,76.54,75.45,74.36,73.82,90.65,82.51,78.16,76.54,74.91,74.36,73.82,87.93,80.88,77.62,75.99,74.91,73.82,73.82,86.31,80.33,77.08,75.99,74.91,73.82,73.82"
Rec-G3_std_1,13,16,2137,core,361,316,0.0,3.0,0.9825,365,317,371,321,0.0,False,75.5277,83.0486,73.822,2.0355,74.9074,"83.05,79.79,77.08,75.99,74.91,74.36,73.82,79.79,77.62,75.99,75.45,74.91,74.36,73.82,77.62,75.99,75.45,74.91,74.36,73.82,73.82,77.08,75.99,75.45,74.36,73.82,73.82,73.82,75.99,75.45,74.91,74.36,73.82,73.82,73.82"
Rec-G3_std_1,14,1,2267,core,292,318,-45.0,1.41,0.9796,296,319,302,323,1.0,True,95.4077,101.502,89.5616,3.3003,95.5318,"101.50,100.42,100.42,99.87,99.87,99.87,99.33,96.62,97.70,97.70,98.25,97.70,97.70,97.70,94.45,94.99,94.99,95.53,95.53,95.53,95.53,91.19,92.28,93.36,93.36,93.36,93.36,93.36,89.56,90.65,91.19,91.19,91.73,91.73,91.73"
Rec-G3_std_1,14,2,2268,core,296,318,0.0,4.0,0.9752,300,319,306,323,1.0,True,96.8188,105.8439,92.2753,3.3959,96.6172,"105.84,103.67,102.04,100.96,99.87,99.33,98.79,100.96,100.42,99.33,98.79,98.25,97.70,97.16,97.16,97.16,97.16,96.62,96.07,95.53,95.53,94.99,94.99,94.99,94.99,94.45,94.45,93.36,92.28,93.36,93.36,92.28,92.28,92.28,92.28"
Rec-G3_std_1,14,3,2269,core,301,317,11.31,5.1,0.9773,305,318,311,322,1.0,True,98.5091,111.8141,93.3608,4.0394,97.7027,"111.81,108.01,104.22,102.04,100.96,99.33,98.25,105.30,102.04,100.96,99.87,98.79,98.25,97.70,100.42,99.33,98.25,98.25,97.70,96.62,96.07,97.70,97.16,96.62,96.07,95.53,95.53,94.45,95.53,94.99,94.45,94.45,94.45,93.36,93.36"
Rec-G3_std_1,14,4,2270,core,306,317,0.0,5.0,0.9782,310,318,316,322,1.0,True,97.4546,109.1004,92.2753,3.4966,96.6172,"109.10,105.30,102.04,100.42,99.33,98.25,97.70,103.13,100.96,99.33,98.25,98.25,97.16,96.62,99.33,98.25,98.25,97.16,96.62,96.07,95.53,96.62,96.07,95.53,95.53,94.99,94.45,94.45,94.99,94.45,94.45,93.36,93.36,93.36,92.28"
Rec-G3_std_1,14,5,2271,core,311,317,0.0,5.0,0.9769,315,318,321,322,1.0,True,96.4622,106.3867,92.2753,2.9687,95.5318,"106.39,103.13,100.42,98.79,98.25,97.16,96.62,100.96,99.33,98.25,97.70,96.62,96.07,95.53,98.25,97.70,96.62,96.07,95.53,95.53,94.99,95.53,95.53,94.99,94.45,94.45,94.45,93.36,94.45,94.45,93.36,93.36,93.36,92.28,92.28"
Rec-G3_std_1,14,6,2272,core,316,317,0.0,5.0,0.9742,320,318,326,322,1.0,True,96.5552,104.2157,93.3608,2.388,96.0745,"104.22,101.50,99.87,98.79,98.25,97.70,97.16,99.87,98.79,98.25,97.70,97.16,96.62,96.62,97.70,97.16,96.62,96.07,96.07,95.53,95.53,95.53,95.53,95.53,94.99,94.99,94.45,94.45,94.45,94.45,94.45,93.36,93.36,93.36,93.36"
Rec-G3_std_1,14,7,2273,core,320,317,0.0,4.0,0.9737,324,318,330,322,1.0,True,97.4856,106.9294,94.4463,2.7772,97.16,"106.93,103.67,101.50,99.87,99.33,98.25,98.25,101.50,99.87,98.79,98.25,98.25,98.25,97.70,98.25,97.70,97.70,97.16,96.62,96.62,96.62,96.07,96.07,95.53,95.53,95.53,95.53,95.53,94.45,94.45,94.45,94.45,94.45,94.45,94.45"
Rec-G3_std_1,14,8,2274,core,325,317,0.0,5.0,0.9742,329,318,335,322,1.0,True,98.4161,106.9294,94.989,2.6834,98.2455,"106.93,103.67,102.04,100.96,100.42,99.87,99.87,102.04,100.96,100.42,99.87,99.33,99.33,98.79,98.79,98.25,98.25,98.25,98.25,98.25,97.70,96.62,96.62,96.62,96.62,96.62,96.07,96.07,95.53,95.53,95.53,95.53,94.99,94.99,94.99"
Rec-G3_std_1,14,9,2275,core,330,317,0.0,5.0,0.9734,334,318,340,322,1.0,True,99.3155,106.9294,95.5318,2.8112,99.331,"106.93,105.30,103.13,102.04,102.04,101.50,100.96,103.13,102.04,101.50,100.96,100.42,99.87,99.87,99.87,99.33,99.33,99.33,98.79,98.25,98.25,98.25,97.70,97.70,97.70,97.16,97.16,97.16,96.07,96.07,96.07,95.53,95.53,95.53,95.53"
Rec-G3_std_1,14,10,2276,core,335,317,0.0,5.0,0.9722,339,318,345,322,1.0,True,100.1373,107.4722,96.0745,2.738,99.8737,"107.47,105.30,103.67,103.13,103.13,102.04,102.04,103.13,102.04,102.04,102.04,102.04,101.50,101.50,100.42,100.42,100.42,99.87,99.87,99.87,99.33,98.25,98.25,98.25,98.25,98.25,98.25,98.25,96.62,96.62,96.62,96.62,96.62,96.62,96.07"
Rec-G3_std_1,14,11,2277,core,340,316,11.31,5.1,0.9705,344,317,350,321,1.0,True,103.2387,113.9851,98.2455,3.5645,103.1302,"113.99,110.73,108.56,106.93,106.39,105.84,105.30,108.01,105.84,105.30,104.22,104.22,103.67,103.13,104.22,103.67,103.13,103.13,103.13,102.04,102.04,102.04,101.50,101.50,101.50,100.96,100.42,99.87,99.33,99.33,99.33,98.79,98.79,98.25,98.25"
Rec-G3_std_1,14,12,2278,core,345,316,0.0,5.0,0.971,349,317,355,321,1.0,True,103.0371,113.9851,96.6172,3.8976,102.0447,"113.99,111.27,108.56,107.47,106.39,105.30,104.22,108.56,106.93,105.84,105.30,103.67,103.13,102.04,105.30,103.67,103.13,103.13,102.04,102.04,100.96,102.04,101.50,100.96,100.96,100.42,99.87,98.79,99.87,99.33,98.79,98.25,98.25,97.70,96.62"
Rec-G3_std_1,14,13,2279,core,349,316,0.0,4.0,0.9737,353,317,359,321,1.0,True,101.7501,117.2416,93.3608,5.1511,100.9592,"117.24,112.90,109.10,106.93,104.22,102.04,100.42,109.64,107.47,105.30,103.67,102.04,100.96,98.79,105.30,104.22,103.13,101.50,100.42,98.79,97.16,102.04,101.50,100.42,99.33,98.25,96.62,94.99,99.33,98.79,98.25,97.16,95.53,94.45,93.36"
Rec-G3_std_1,14,14,2280,core,354,316,0.0,5.0,0.9761,358,317,364,321,0.7143,False,91.4069,111.8141,75.9929,9.5527,92.2753,"111.81,106.93,102.04,98.25,91.19,81.96,77.62,105.30,102.04,99.33,96.07,89.56,81.42,77.62,101.50,99.33,97.16,94.45,88.48,80.88,77.08,98.25,96.62,94.45,92.28,86.85,80.33,76.54,95.53,94.45,92.28,90.10,85.76,79.79,75.99"
Rec-G3_std_1,14,15,2281,core,359,316,0.0,5.0,0.9768,363,317,369,321,0.0,False,76.7838,88.4761,73.822,3.5134,75.4502,"88.48,81.96,78.16,75.99,75.45,74.36,73.82,84.68,79.79,77.08,75.99,74.91,74.36,73.82,83.05,78.71,76.54,75.45,74.91,73.82,73.82,81.42,77.62,75.99,74.91,74.36,73.82,73.82,80.33,77.62,75.99,74.91,73.82,73.82,73.82"
Rec-G3_std_1,14,16,2282,core,361,316,0.0,2.0,0.9838,365,317,371,321,0.0,False,75.3261,83.0486,73.2792,1.9551,74.9074,"83.05,78.71,77.08,75.99,74.91,74.36,73.82,78.71,77.08,75.99,75.45,74.36,73.82,73.82,77.62,75.99,75.45,74.91,74.36,73.82,73.82,76.54,75.99,74.91,74.36,73.82,73.82,73.28,75.99,75.45,74.36,73.82,73.82,73.82,73.28"
Rec-G3_std_1,15,1,2412,core,291,317,180.0,1.0,0.9788,295,318,301,322,1.0,True,97.4546,109.6431,90.1043,4.3465,97.16,"109.64,106.39,103.67,102.04,102.04,102.04,102.04,100.42,99.33,99.33,99.33,99.33,99.87,99.87,95.53,95.53,96.62,97.16,97.70,97.70,97.70,92.28,93.36,94.45,94.99,95.53,95.53,95.53,90.10,91.19,92.28,92.28,93.36,93.36,93.36"
Rec-G3_std_1,15,2,2413,core,293,318,-26.57,2.24,0.9766,297,319,303,323,1.0,True,96.059,102.0447,91.1898,3.0468,95.5318,"102.04,100.96,100.42,100.42,100.42,99.87,98.79,98.25,98.25,98.25,98.25,98.25,98.25,97.70,95.53,95.53,95.53,96.07,96.07,96.07,95.53,92.28,93.36,94.45,94.45,94.45,94.45,94.45,91.19,91.19,92.28,92.28,92.28,92.28,92.28"
Rec-G3_std_1,15,3,2414,core,297,317,14.04,4.12,0.9762,301,318,307,322,1.0,True,99.4705,112.8996,94.4463,4.1178,98.2455,"112.90,109.10,105.30,103.13,102.04,100.96,99.87,105.84,103.67,102.04,100.96,100.42,99.33,98.25,100.96,100.42,99.33,98.79,98.25,98.25,97.16,97.70,97.70,97.70,97.16,96.62,96.07,95.53,95.53,95.53,95.53,95.53,94.99,94.45,94.45"
Rec-G3_std_1,15,4,2415,core,302,317,0.0,5.0,0.9776,306,318,312,322,1.0,True,98.4936,110.7286,93.3608,3.725,98.2455,"110.73,106.93,103.67,102.04,100.42,99.33,98.25,104.22,102.04,100.96,99.87,98.79,98.25,97.70,100.42,99.33,98.79,98.25,97.70,97.16,96.62,98.25,97.16,96.62,96.07,95.53,95.53,94.99,95.53,95.53,94.99,94.45,94.45,93.36,93.36"
Rec-G3_std_1,15,5,2416,core,307,317,0.0,5.0,0.9769,311,318,317,322,1.0,True,97.2841,108.0149,92.2753,3.1914,96.6172,"108.01,104.22,101.50,99.87,98.79,98.25,97.16,102.04,100.42,99.33,98.25,97.70,97.16,96.07,99.33,98.25,98.25,97.16,96.62,95.53,95.53,96.62,96.62,95.53,95.53,94.99,94.45,94.45,94.99,94.45,94.45,94.45,93.36,93.36,92.28"
Rec-G3_std_1,15,6,2417,core,312,317,0.0,5.0,0.9751,316,318,322,322,1.0,True,96.8654,106.3867,93.3608,2.9108,96.6172,"106.39,103.13,100.96,99.33,98.25,98.25,97.70,101.50,99.33,98.25,98.25,97.70,97.16,96.62,98.25,97.70,97.16,96.62,96.07,95.53,95.53,96.07,95.53,94.99,94.99,94.45,94.45,94.45,94.45,94.45,93.36,93.36,93.36,93.36,93.36"
Rec-G3_std_1,15,7,2418,core,316,317,0.0,4.0,0.9744,320,318,326,322,1.0,True,97.7338,108.0149,94.4463,3.1028,97.16,"108.01,105.30,102.04,100.96,99.87,98.79,98.25,102.04,100.42,99.33,98.79,98.25,98.25,97.70,98.25,98.25,97.70,97.16,97.16,96.62,96.62,96.07,96.07,95.53,95.53,95.53,95.53,95.53,94.45,94.45,94.45,94.45,94.45,94.45,94.45"
Rec-G3_std_1,15,8,2419,core,321,317,0.0,5.0,0.9741,325,318,331,322,1.0,True,98.199,107.4722,94.4463,2.9624,97.7027,"107.47,105.30,102.04,101.50,100.42,99.87,99.33,102.04,100.96,99.87,99.33,98.79,98.25,98.25,98.79,98.25,98.25,97.70,97.70,97.70,97.70,96.62,96.62,96.62,96.07,96.07,96.07,95.53,94.99,94.99,94.99,94.99,94.99,94.45,94.45"
Rec-G3_std_1,15,9,2420,core,326,317,0.0,5.0,0.9739,330,318,336,322,1.0,True,98.7727,106.9294,95.5318,2.6541,98.2455,"106.93,104.22,102.04,101.50,100.96,100.42,100.42,102.04,101.50,100.42,99.87,99.87,99.33,99.33,99.33,99.33,98.79,98.25,98.25,98.25,98.25,97.70,97.16,97.16,97.16,96.62,96.62,96.62,95.53,95.53,95.53,95.53,95.53,95.53,95.53"
Rec-G3_std_1,15,10,2421,core,331,317,0.0,5.0,0.9721,335,318,341,322,1.0,True,99.4395,106.9294,95.5318,2.7941,99.331,"106.93,105.30,103.13,102.04,102.04,101.50,101.50,103.13,102.04,101.50,100.96,100.42,100.42,99.87,100.42,99.87,99.33,99.33,98.79,98.79,98.79,98.25,98.25,97.70,97.70,97.16,97.16,97.16,96.07,96.07,96.07,96.07,95.53,95.53,95.53"
Rec-G3_std_1,15,11,2422,core,336,317,0.0,5.0,0.9699,340,318,346,322,1.0,True,100.2459,107.4722,96.6172,2.7084,100.4165,"107.47,105.30,103.67,103.13,103.13,103.13,102.04,103.13,102.04,102.04,102.04,102.04,101.50,101.50,100.96,100.42,100.42,100.42,99.87,99.87,99.33,98.25,98.25,98.25,98.25,98.25,98.25,98.25,97.16,97.16,96.62,96.62,96.62,96.62,96.62"
Rec-G3_std_1,15,12,2423,core,341,316,11.31,5.1,0.9693,345,317,351,321,1.0,True,103.1767,113.9851,98.2455,3.5397,103.1302,"113.99,110.73,108.56,106.93,105.84,105.30,104.22,108.01,106.39,105.30,105.30,103.67,103.13,103.13,104.22,103.67,103.13,103.13,102.04,102.04,102.04,102.04,101.50,101.50,101.50,100.96,100.42,99.87,99.87,99.33,99.33,98.79,98.79,98.25,98.25"
Rec-G3_std_1,15,13,2424,core,345,316,0.0,4.0,0.9722,349,317,355,321,1.0,True,103.6264,117.7843,96.6172,4.5675,103.1302,"117.78,113.99,110.73,108.01,106.39,105.30,103.67,110.73,108.01,106.39,105.30,104.22,103.13,102.04,105.84,105.30,103.67,103.13,102.04,102.04,100.96,103.13,102.04,101.50,101.50,100.42,99.87,98.79,100.42,99.87,99.33,98.79,98.25,97.70,96.62"
Rec-G3_std_1,15,14,2425,core,350,316,0.0,5.0,0.9747,354,317,360,321,1.0,True,100.1063,115.6133,91.1898,5.2562,98.7882,"115.61,110.73,107.47,105.30,102.04,100.42,98.25,108.56,105.84,103.67,102.04,100.42,98.25,96.62,104.22,103.13,101.50,99.87,98.25,96.62,94.99,101.50,100.42,98.79,98.25,96.07,94.99,92.28,98.79,98.25,97.16,95.53,94.45,92.28,91.19"
Rec-G3_std_1,15,15,2426,core,355,316,0.0,5.0,0.9758,359,317,365,321,0.5714,False,87.6697,109.1004,74.9074,9.8341,87.9333,"109.10,103.67,98.79,91.19,81.96,77.62,75.99,103.13,99.87,96.62,90.10,81.42,77.62,75.45,99.33,97.16,94.45,87.93,80.88,77.08,75.45,96.07,94.45,92.28,86.31,80.33,76.54,74.91,94.45,92.28,90.10,85.22,79.79,75.99,74.91"
Rec-G3_std_1,15,16,2427,core,360,316,0.0,5.0,0.9757,364,317,370,321,0.0,False,75.6983,84.1341,73.2792,2.3545,74.9074,"84.13,79.79,77.08,75.99,74.91,73.82,73.82,80.88,77.62,75.99,74.91,74.36,73.82,73.82,78.71,77.08,75.99,74.91,74.36,73.82,73.82,78.16,75.99,75.45,74.36,74.36,73.82,73.28,77.62,75.99,74.91,74.36,73.82,73.82,73.82"
Rec-G3_std_1,15,17,2428,core,361,316,0.0,1.0,0.9843,365,317,371,321,0.0,False,75.1866,82.5059,73.2792,1.904,74.3647,"82.51,78.71,76.54,75.45,74.36,73.82,73.82,78.71,77.08,75.99,74.91,74.36,73.82,73.82,77.62,75.99,75.45,74.36,73.82,73.82,73.82,76.54,75.45,74.91,74.36,73.82,73.82,73.28,75.99,75.45,74.36,73.82,73.82,73.82,73.28"
Rec-G3_std_1,16,1,2561,core,291,318,-90.0,1.0,0.977,295,319,301,323,1.0,True,95.1751,100.9592,89.0188,3.2718,95.5318,"100.96,100.42,99.33,99.33,99.33,99.33,99.33,95.53,96.62,97.16,97.70,98.25,98.25,98.25,92.28,94.45,94.99,95.53,95.53,95.53,95.53,90.65,91.73,92.28,93.36,93.36,94.45,94.45,89.02,90.10,90.65,91.19,91.73,92.28,92.28"
Rec-G3_std_1,16,2,2562,core,295,318,0.0,4.0,0.9774,299,319,305,323,1.0,True,97.0515,104.2157,92.2753,3.1186,97.16,"104.22,103.13,102.04,101.50,100.42,99.87,99.33,99.87,99.87,99.33,99.33,98.79,98.25,98.25,97.16,97.16,97.16,97.16,96.62,96.07,96.07,94.45,94.99,94.99,94.99,94.99,94.99,94.45,92.28,93.36,93.36,93.36,93.36,93.36,92.28"
Rec-G3_std_1,16,3,2563,core,300,317,11.31,5.1,0.9769,304,318,310,322,1.0,True,99.2379,110.7286,94.4463,3.6547,98.2455,"110.73,107.47,104.22,102.04,101.50,100.42,99.87,105.30,103.13,101.50,100.42,99.87,99.33,98.25,100.96,100.42,99.33,98.79,98.25,98.25,97.70,98.25,98.25,97.70,97.16,96.62,96.07,95.53,96.07,95.53,95.53,95.53,94.45,94.45,94.45"
Rec-G3_std_1,16,4,2564,core,304,317,0.0,4.0,0.9755,308,318,314,322,1.0,True,99.3465,112.8996,94.4463,4.0873,98.2455,"112.90,109.10,105.30,103.13,101.50,100.42,99.33,105.84,103.13,102.04,100.42,99.33,98.79,98.25,100.96,100.42,99.33,98.79,98.25,98.25,97.16,98.25,98.25,97.16,96.62,96.62,95.53,95.53,96.07,95.53,95.53,95.53,94.99,94.45,94.45"
Rec-G3_std_1,16,5,2565,core,309,317,0.0,5.0,0.9763,313,318,319,322,1.0,True,98.323,110.7286,93.3608,3.686,97.7027,"110.73,106.93,103.13,101.50,99.87,99.33,98.25,104.22,102.04,100.42,99.33,98.25,98.25,97.70,100.42,99.33,98.25,98.25,97.16,96.62,96.62,97.70,96.62,96.62,96.07,95.53,95.53,94.99,95.53,95.53,94.99,94.45,94.45,93.36,93.36"
Rec-G3_std_1,16,6,2566,core,314,317,0.0,5.0,0.9767,318,318,324,322,1.0,True,97.9198,108.5576,94.4463,3.1519,97.7027,"108.56,105.30,102.04,100.42,99.33,98.79,98.25,103.13,100.96,99.33,98.79,98.25,98.25,97.70,99.33,98.79,98.25,97.70,97.16,97.16,96.62,96.62,96.07,96.07,95.53,95.53,95.53,95.53,94.99,94.99,94.45,94.45,94.45,94.45,94.45"
Rec-G3_std_1,16,7,2567,core,319,317,0.0,5.0,0.9752,323,318,329,322,1.0,True,97.8888,106.9294,94.4463,2.7673,97.7027,"106.93,103.67,102.04,100.42,99.87,98.79,98.25,102.04,100.96,99.33,98.79,98.25,98.25,97.70,98.79,98.25,98.25,97.70,97.70,97.16,96.62,96.62,96.62,96.62,96.07,95.53,95.53,95.53,95.53,94.99,94.99,94.99,94.45,94.45,94.45"
Rec-G3_std_1,16,8,2568,core,324,317,0.0,5.0,0.9731,328,318,334,322,1.0,True,98.3385,106.3867,94.989,2.5407,98.2455,"106.39,103.67,102.04,100.96,99.87,99.33,99.33,102.04,100.96,99.87,99.33,98.79,98.79,98.25,98.79,98.79,98.25,98.25,98.25,97.70,97.70,97.16,97.16,97.16,96.62,96.62,96.07,96.07,95.53,95.53,95.53,95.53,95.53,94.99,94.99"
Rec-G3_std_1,16,9,2569,core,328,317,0.0,4.0,0.9709,332,318,338,322,1.0,True,99.424,108.5576,95.5318,2.9256,98.7882,"108.56,105.84,103.67,102.04,102.04,100.96,100.96,103.13,102.04,101.50,100.42,100.42,99.87,99.87,99.87,99.33,99.33,98.79,98.79,98.79,98.25,98.25,98.25,97.70,97.70,97.70,97.16,97.16,96.07,96.07,96.07,96.07,96.07,95.53,95.53"
Rec-G3_std_1,16,10,2570,core,333,317,0.0,5.0,0.9711,337,318,343,322,1.0,True,100.4785,109.1004,96.6172,2.9636,100.4165,"109.10,106.39,105.30,103.67,103.13,103.13,102.04,103.67,103.13,102.04,102.04,101.50,101.50,101.50,100.96,100.42,100.42,100.42,99.87,99.87,99.87,98.79,98.25,98.25,98.25,98.25,98.25,98.25,97.16,97.16,97.16,97.16,96.62,96.62,96.62"
Rec-G3_std_1,16,11,2571,core,338,317,0.0,5.0,0.971,342,318,348,322,1.0,True,101.6725,109.6431,97.7027,2.9636,101.502,"109.64,107.47,105.84,105.30,104.22,104.22,103.67,105.30,104.22,103.67,103.13,103.13,103.13,103.13,102.04,102.04,101.50,101.50,101.50,100.96,100.96,99.87,99.33,99.33,99.33,99.33,99.33,98.79,98.25,98.25,98.25,98.25,98.25,97.70,97.70"
Rec-G3_std_1,16,12,2572,core,343,316,11.31,5.1,0.9733,347,317,353,321,1.0,True,104.4018,117.7843,98.2455,4.2,103.6729,"117.78,112.90,110.73,108.56,108.01,106.93,105.84,110.19,108.01,106.93,105.84,105.30,105.30,104.22,105.84,105.30,104.22,103.67,103.13,103.13,102.04,103.13,103.13,102.04,102.04,101.50,100.96,100.42,100.42,100.42,99.87,99.87,99.33,98.79,98.25"
Rec-G3_std_1,16,13,2573,core,348,316,0.0,5.0,0.9741,352,317,358,321,1.0,True,102.789,116.6988,94.4463,4.8477,102.0447,"116.70,112.90,109.64,107.47,105.84,104.22,102.04,110.19,108.01,106.39,105.30,103.67,102.04,100.42,105.84,105.30,103.67,103.13,101.50,99.87,98.25,103.13,102.04,101.50,100.42,99.33,98.25,96.07,100.42,99.87,98.79,98.25,97.16,95.53,94.45"
Rec-G3_std_1,16,14,2574,core,353,316,0.0,5.0,0.9738,357,317,363,321,0.8571,False,94.1982,111.8141,78.7067,8.1224,95.5318,"111.81,106.93,103.13,99.87,96.62,90.10,80.88,105.84,103.13,100.96,98.25,95.53,89.56,80.88,102.04,100.42,98.25,96.07,93.36,87.93,80.33,99.33,97.70,95.53,94.45,91.19,85.76,79.79,96.62,95.53,94.45,91.73,89.56,84.68,78.71"
Rec-G3_std_1,16,15,2575,core,357,316,0.0,4.0,0.9758,361,317,367,321,0.2857,False,81.9166,107.4722,73.822,8.8893,77.6212,"107.47,96.62,85.22,79.79,76.54,74.91,73.82,100.96,93.36,83.59,78.71,75.99,74.91,73.82,96.07,90.10,81.96,77.62,75.99,74.36,73.82,93.36,87.93,80.88,77.62,75.99,74.36,73.82,91.19,85.76,79.79,77.08,75.45,74.36,73.82"
Rec-G3_std_1,16,16,2576,core,361,316,0.0,4.0,0.9809,365,317,371,321,0.0,False,75.3572,83.5914,73.2792,2.1417,74.9074,"83.59,79.79,77.08,75.99,74.91,73.82,73.82,79.79,77.08,75.99,74.91,74.36,73.82,73.82,77.62,75.99,75.45,74.91,74.36,73.82,73.82,76.54,75.45,74.91,74.36,73.82,73.82,73.28,75.99,75.45,74.36,73.82,73.82,73.82,73.28"
Rec-G3_std_1,17,1,2700,core,293,318,-26.57,2.24,0.9776,297,319,303,323,1.0,True,96.9429,104.2157,91.1898,3.2981,97.16,"104.22,103.13,102.04,101.50,101.50,100.96,100.42,98.79,98.79,98.79,98.79,98.79,98.79,98.25,95.53,96.07,96.62,97.16,97.16,97.16,97.16,93.36,94.45,94.45,94.99,94.99,94.99,94.99,91.19,92.28,92.28,93.36,93.36,93.36,93.36"
Rec-G3_std_1,17,2,2701,core,298,317,11.31,5.1,0.9773,302,318,308,322,1.0,True,100.1373,112.8996,94.989,3.968,99.8737,"112.90,109.10,105.84,103.67,102.04,102.04,100.96,105.84,103.67,103.13,102.04,100.96,100.42,99.87,101.50,100.96,100.42,99.87,99.33,98.79,98.25,98.25,98.25,98.25,97.70,97.70,97.16,96.07,96.07,96.07,96.07,95.53,95.53,95.53,94.99"
Rec-G3_std_1,17,3,2702,core,303,317,0.0,5.0,0.9775,307,318,313,322,1.0,True,99.5791,111.2714,94.989,3.561,98.7882,"111.27,106.93,104.22,103.13,102.04,100.42,99.33,105.30,103.13,102.04,100.96,100.42,99.87,98.79,101.50,100.42,99.87,99.33,98.79,98.25,98.25,98.25,98.25,98.25,97.16,96.62,96.62,95.53,96.62,96.07,96.07,95.53,95.53,95.53,94.99"
Rec-G3_std_1,17,4,2703,core,308,317,0.0,5.0,0.9762,312,318,318,322,1.0,True,98.7107,109.1004,94.4463,3.1995,98.2455,"109.10,105.30,103.13,101.50,100.42,99.33,98.79,103.67,102.04,100.96,99.87,99.33,98.25,98.25,100.96,99.87,99.33,98.25,98.25,97.70,97.16,98.25,97.70,97.16,96.62,96.07,95.53,95.53,96.07,95.53,95.53,95.53,94.99,94.45,94.45"
Rec-G3_std_1,17,5,2704,core,312,317,0.0,4.0,0.9751,316,318,322,322,1.0,True,98.7417,110.7286,94.4463,3.4798,98.2455,"110.73,106.39,103.67,102.04,100.42,99.33,98.79,104.22,102.04,100.96,99.87,98.79,98.25,98.25,100.42,99.33,98.79,98.25,98.25,97.70,96.62,98.25,97.16,97.16,96.62,96.07,95.53,95.53,96.07,95.53,95.53,95.53,94.99,94.45,94.45"
Rec-G3_std_1,17,6,2705,core,317,317,0.0,5.0,0.9762,321,318,327,322,1.0,True,98.23,108.0149,94.4463,2.9798,98.2455,"108.01,105.30,102.04,100.96,99.87,99.33,98.25,103.13,100.96,99.87,99.33,98.25,98.25,98.25,99.33,98.79,98.25,98.25,97.70,97.16,96.62,97.16,97.16,96.62,96.62,96.07,95.53,95.53,95.53,95.53,95.53,94.99,94.99,94.45,94.45"
Rec-G3_std_1,17,7,2706,core,322,317,0.0,5.0,0.9754,326,318,332,322,1.0,True,98.4471,106.9294,94.989,2.6369,98.2455,"106.93,104.22,102.04,100.96,100.42,99.87,99.33,102.04,100.96,99.87,99.33,99.33,98.79,98.25,99.33,98.79,98.25,98.25,98.25,98.25,97.70,97.16,97.16,96.62,96.62,96.62,96.07,96.07,95.53,95.53,95.53,95.53,95.53,95.53,94.99"
Rec-G3_std_1,17,8,2707,core,327,317,0.0,5.0,0.9748,331,318,337,322,1.0,True,99.2379,106.9294,95.5318,2.5473,98.7882,"106.93,104.22,103.13,102.04,101.50,100.96,100.42,102.04,101.50,100.96,100.42,100.42,99.87,99.87,99.87,99.33,99.33,98.79,98.79,98.25,98.25,98.25,98.25,97.70,97.70,97.70,97.16,97.16,96.62,96.07,96.07,96.07,96.07,96.07,95.53"
Rec-G3_std_1,17,9,2708,core,332,317,0.0,5.0,0.9724,336,318,342,322,1.0,True,100.2459,107.4722,96.6172,2.5516,100.4165,"107.47,105.30,103.67,103.13,102.04,102.04,102.04,103.13,102.04,102.04,102.04,101.50,100.96,100.96,100.96,100.96,100.42,100.42,99.87,99.87,99.87,98.79,98.79,98.25,98.25,98.25,98.25,98.25,97.16,97.16,97.16,97.16,97.16,96.62,96.62"
Rec-G3_std_1,17,10,2709,core,336,317,0.0,4.0,0.9712,340,318,346,322,1.0,True,101.4864,110.1859,97.7027,2.8851,101.502,"110.19,107.47,105.30,104.22,103.67,103.13,103.13,105.30,104.22,103.13,103.13,103.13,102.04,102.04,102.04,102.04,101.50,101.50,101.50,100.96,100.42,99.87,99.87,99.33,99.33,99.33,98.79,98.79,98.25,98.25,98.25,98.25,98.25,97.70,97.70"
Rec-G3_std_1,17,11,2710,core,341,316,11.31,5.1,0.9722,345,317,351,321,1.0,True,104.0141,117.2416,98.7882,3.8881,103.1302,"117.24,112.90,109.64,107.47,106.39,105.30,105.30,109.64,107.47,105.84,105.30,104.22,103.67,103.13,105.30,104.22,104.22,103.67,103.13,103.13,102.04,103.13,102.04,102.04,102.04,101.50,101.50,100.96,100.42,100.42,99.87,99.87,99.33,99.33,98.79"
Rec-G3_std_1,17,12,2711,core,346,316,0.0,5.0,0.9744,350,317,356,321,1.0,True,103.7505,117.2416,96.6172,4.2876,103.1302,"117.24,112.90,110.19,108.01,106.39,105.30,104.22,110.19,108.01,106.39,105.30,104.22,103.13,102.04,105.84,105.30,104.22,103.67,103.13,102.04,100.96,103.13,102.04,102.04,101.50,100.96,99.87,98.79,100.96,100.42,99.87,99.33,98.79,98.25,96.62"
Rec-G3_std_1,17,13,2712,core,351,316,0.0,5.0,0.9755,355,317,361,321,1.0,True,99.8892,113.9851,89.5616,5.3217,99.331,"113.99,110.73,106.93,104.22,102.04,99.33,96.62,108.56,106.39,103.67,102.04,100.42,98.25,95.53,105.30,103.13,102.04,99.87,98.25,96.62,94.45,102.04,100.42,99.33,97.70,96.07,94.45,91.73,98.79,98.25,97.16,95.53,94.45,92.28,89.56"
Rec-G3_std_1,17,14,2713,core,356,316,0.0,5.0,0.9762,360,317,366,321,0.4286,False,84.7389,107.4722,73.822,9.9035,81.4204,"107.47,102.04,93.36,83.05,77.62,75.45,73.82,102.04,98.25,91.19,82.51,77.62,75.45,73.82,98.79,95.53,89.56,81.42,77.62,75.45,73.82,95.53,93.36,87.93,80.88,77.08,75.45,73.82,93.36,91.19,85.76,79.79,76.54,75.45,73.82"
Rec-G3_std_1,17,15,2714,core,360,316,0.0,4.0,0.9792,364,317,370,321,0.0,False,75.8534,86.3051,73.2792,2.7927,74.9074,"86.31,80.88,77.62,75.99,74.91,73.82,73.82,81.96,78.16,75.99,74.91,74.36,73.82,73.82,79.79,77.08,75.99,74.91,74.36,73.82,73.82,78.16,75.99,75.45,74.36,73.82,73.82,73.28,77.62,75.99,74.91,74.36,73.82,73.82,73.28"
Rec-G3_std_1,18,1,2836,core,292,318,-90.0,1.0,0.9786,296,319,302,323,1.0,True,96.8344,102.0447,91.1898,3.2853,96.6172,"102.04,101.50,101.50,101.50,101.50,101.50,101.50,98.25,98.25,98.79,99.33,99.33,99.33,99.33,94.99,95.53,96.07,96.62,97.16,97.70,97.70,92.28,93.36,94.45,94.99,95.53,95.53,95.53,91.19,91.19,92.28,93.36,93.36,93.36,93.36"
Rec-G3_std_1,18,2,2837,core,301,317,6.34,9.06,0.9768,305,318,311,322,1.0,True,100.9282,113.9851,95.5318,4.08,99.8737,"113.99,110.19,106.93,104.22,103.13,102.04,100.96,107.47,105.30,103.67,102.04,101.50,100.96,99.87,103.13,102.04,101.50,100.42,99.87,99.33,98.79,99.87,99.33,98.79,98.25,98.25,97.70,97.16,97.70,97.16,97.16,96.62,96.07,95.53,95.53"
Rec-G3_std_1,18,3,2838,core,306,317,0.0,5.0,0.9778,310,318,316,322,1.0,True,99.6101,111.8141,94.989,3.6336,98.7882,"111.81,107.47,104.22,102.04,101.50,99.87,98.79,105.84,103.67,102.04,100.96,99.87,98.79,98.25,102.04,100.96,100.42,99.33,98.25,98.25,97.70,98.79,98.79,98.25,97.70,96.62,96.62,95.53,97.16,97.16,96.62,95.53,95.53,94.99,94.99"
Rec-G3_std_1,18,4,2839,core,311,317,0.0,5.0,0.9767,315,318,321,322,1.0,True,98.4006,108.5576,94.4463,3.0581,98.2455,"108.56,105.30,102.04,100.96,99.87,98.79,98.25,103.13,102.04,100.42,99.33,98.25,98.25,97.16,100.42,99.33,98.79,98.25,97.70,97.16,96.62,98.25,97.70,97.16,96.62,96.07,95.53,94.99,96.62,96.07,95.53,94.99,94.99,94.45,94.45"
Rec-G3_std_1,18,5,2840,core,316,317,0.0,5.0,0.9742,320,318,326,322,1.0,True,97.5012,106.3867,93.3608,2.7,97.16,"106.39,103.13,100.96,99.87,98.79,98.25,97.70,102.04,99.87,98.79,98.25,98.25,97.70,97.16,99.33,98.25,97.70,97.70,97.16,96.07,96.07,97.16,96.62,96.07,95.53,95.53,94.99,94.99,95.53,95.53,94.99,94.99,94.45,93.36,93.36"
Rec-G3_std_1,18,6,2841,core,320,317,0.0,4.0,0.9739,324,318,330,322,1.0,True,98.1059,108.0149,94.4463,2.9624,97.7027,"108.01,105.30,102.04,100.96,99.87,99.33,98.79,102.04,100.96,99.87,98.79,98.25,98.25,98.25,98.79,98.25,98.25,97.70,97.70,97.16,97.16,97.16,96.62,96.07,96.07,96.07,96.07,95.53,95.53,94.99,94.99,94.99,94.99,94.45,94.45"
Rec-G3_std_1,18,7,2842,core,325,317,0.0,5.0,0.9744,329,318,335,322,1.0,True,99.0518,107.4722,95.5318,2.8377,98.7882,"107.47,105.30,103.13,102.04,101.50,100.96,100.96,102.04,101.50,100.96,100.42,99.87,99.87,99.87,99.33,99.33,98.79,98.79,98.25,98.25,98.25,97.70,97.70,97.16,97.16,97.16,97.16,97.16,95.53,95.53,95.53,95.53,95.53,95.53,95.53"
Rec-G3_std_1,18,8,2843,core,330,317,0.0,5.0,0.9735,334,318,340,322,1.0,True,100.1684,108.0149,96.6172,2.6314,99.8737,"108.01,105.30,103.67,103.13,102.04,102.04,102.04,103.67,102.04,102.04,101.50,101.50,100.96,100.96,100.96,100.42,100.42,99.87,99.87,99.33,99.33,98.25,98.25,98.25,98.25,98.25,98.25,98.25,97.16,97.16,97.16,97.16,97.16,96.62,96.62"
Rec-G3_std_1,18,9,2844,core,335,317,0.0,5.0,0.9719,339,318,345,322,1.0,True,101.1453,108.5576,97.7027,2.6205,100.9592,"108.56,105.84,105.30,103.67,103.13,103.13,103.13,104.22,103.13,103.13,103.13,102.04,102.04,102.04,101.50,101.50,101.50,100.96,100.96,100.96,100.96,99.33,99.33,99.33,99.33,99.33,98.79,98.79,98.25,98.25,97.70,97.70,97.70,97.70,97.70"
Rec-G3_std_1,18,10,2845,core,340,316,11.31,5.1,0.9711,344,317,350,321,1.0,True,104.1537,113.9851,99.331,3.2351,104.2157,"113.99,111.27,108.56,107.47,106.39,105.84,105.30,108.56,106.93,105.84,105.30,105.30,104.22,104.22,105.30,105.30,104.22,104.22,103.67,103.67,103.13,103.13,103.13,102.04,102.04,102.04,102.04,101.50,100.42,100.42,100.42,100.42,99.87,99.87,99.33"
Rec-G3_std_1,18,11,2846,core,344,316,0.0,4.0,0.972,348,317,354,321,1.0,True,105.3012,119.4126,98.7882,4.3825,104.2157,"119.41,115.07,111.81,109.10,108.01,106.93,105.84,111.81,109.64,108.01,106.93,105.84,105.30,104.22,107.47,106.39,105.30,105.30,104.22,103.67,103.13,103.67,103.67,103.13,103.13,102.04,102.04,100.96,101.50,101.50,100.96,100.96,100.42,99.33,98.79"
Rec-G3_std_1,18,12,2847,core,349,316,0.0,5.0,0.9747,353,317,359,321,1.0,True,102.9131,117.7843,94.4463,5.0519,102.0447,"117.78,112.90,110.19,107.47,105.30,103.13,101.50,111.27,108.56,106.39,105.30,103.13,102.04,99.87,106.93,105.30,104.22,103.13,101.50,99.87,98.25,103.67,103.13,102.04,100.42,99.33,97.70,96.07,100.96,100.42,99.33,98.25,96.62,95.53,94.45"
Rec-G3_std_1,18,13,2848,core,354,316,0.0,5.0,0.9766,358,317,364,321,0.7143,False,91.7946,112.8996,75.9929,10.0092,93.3608,"112.90,107.47,103.13,98.25,91.19,81.42,77.08,106.39,103.13,99.87,96.62,90.10,80.88,77.08,102.04,100.42,98.25,94.99,88.48,80.88,76.54,98.79,97.70,95.53,92.28,86.85,80.33,76.54,96.62,95.53,93.36,90.65,85.76,79.79,75.99"
Rec-G3_std_1,18,14,2849,core,359,316,0.0,5.0,0.9772,363,317,369,321,0.0,False,76.4892,88.4761,73.2792,3.6705,74.9074,"88.48,81.42,77.62,75.99,74.36,73.82,73.28,85.22,79.79,76.54,75.45,74.36,73.82,73.28,83.05,78.71,75.99,74.91,74.36,73.82,73.28,81.42,77.62,75.99,74.91,73.82,73.82,73.28,80.33,77.08,75.99,74.36,73.82,73.82,73.28"
Rec-G3_std_1,19,1,2975,core,291,317,0.0,0.0,0.9775,295,318,301,322,1.0,True,98.8037,110.7286,91.1898,4.231,98.2455,"110.73,108.01,105.30,103.13,103.13,102.04,102.04,102.04,100.96,100.96,100.96,100.96,100.96,100.96,96.62,97.70,98.25,98.25,98.79,98.79,98.79,93.36,95.53,95.53,96.07,96.62,97.16,97.16,91.19,92.28,93.36,94.45,94.99,95.53,95.53"
Rec-G3_std_1,19,2,2976,core,294,318,-18.43,3.16,0.9774,298,319,304,323,1.0,True,98.0284,105.3012,93.3608,2.9959,98.2455,"105.30,103.13,102.04,102.04,102.04,100.96,100.42,100.42,100.42,100.42,99.87,99.87,99.33,99.33,97.70,97.70,98.25,98.25,98.25,98.25,97.70,94.99,95.53,95.53,96.07,96.07,96.07,96.07,93.36,93.36,94.45,94.45,94.45,94.45,94.45"
Rec-G3_std_1,19,3,2977,core,299,317,11.31,5.1,0.976,303,318,309,322,1.0,True,100.4785,111.2714,95.5318,3.3249,99.8737,"111.27,107.47,105.30,103.13,102.04,101.50,100.96,105.30,103.67,103.13,102.04,101.50,100.42,99.87,102.04,101.50,100.96,100.42,99.87,99.33,98.79,99.33,99.33,98.79,98.25,98.25,98.25,97.70,97.16,97.16,97.16,96.62,96.62,96.07,95.53"
Rec-G3_std_1,19,4,2978,core,303,317,0.0,4.0,0.9754,307,318,313,322,1.0,True,100.7576,112.8996,95.5318,3.7222,99.8737,"112.90,109.64,105.84,103.67,102.04,101.50,100.42,106.93,104.22,103.13,102.04,100.96,100.42,99.87,103.13,102.04,100.96,100.42,99.87,99.33,98.79,99.87,99.87,98.79,98.25,98.25,98.25,97.16,98.25,97.70,97.16,96.62,96.62,96.07,95.53"
Rec-G3_std_1,19,5,2979,core,308,317,0.0,5.0,0.9767,312,318,318,322,1.0,True,99.7031,111.2714,94.989,3.4832,99.331,"111.27,107.47,104.22,102.04,101.50,100.42,99.87,105.30,103.13,102.04,100.96,100.42,99.33,98.79,102.04,100.96,99.87,99.33,98.79,98.25,98.25,99.33,98.25,98.25,97.70,97.16,96.62,96.07,97.16,96.62,96.07,96.07,95.53,95.53,94.99"
Rec-G3_std_1,19,6,2980,core,313,317,0.0,5.0,0.9768,317,318,323,322,1.0,True,98.8813,108.5576,94.989,3.0385,98.2455,"108.56,105.30,103.13,101.50,100.42,99.87,98.79,103.67,102.04,100.96,100.42,99.33,98.79,98.25,100.42,99.87,99.33,98.79,98.25,98.25,97.70,98.25,98.25,97.16,97.16,96.62,96.07,95.53,96.07,95.53,95.53,95.53,95.53,94.99,94.99"
Rec-G3_std_1,19,7,2981,core,318,316,11.31,5.1,0.9053,322,317,328,321,1.0,True,112.1398,141.6651,96.6172,15.3068,105.8439,"136.78,137.87,138.95,139.49,140.04,140.58,141.67,117.78,117.78,117.78,117.78,117.78,117.78,117.78,105.30,105.30,105.30,105.84,105.84,105.84,106.39,99.87,100.42,100.42,100.96,100.96,101.50,101.50,96.62,96.62,96.62,97.16,97.16,97.70,97.70"
Rec-G3_std_1,19,8,2982,core,323,317,-11.31,5.1,0.9729,327,318,333,322,1.0,True,98.8037,106.3867,95.5318,2.4803,98.7882,"106.39,103.67,102.04,101.50,100.42,99.87,99.87,102.04,101.50,100.42,99.87,99.87,99.33,98.79,99.87,99.33,98.79,98.79,98.25,98.25,98.25,98.25,97.70,97.70,97.16,97.16,96.62,96.62,96.07,96.07,95.53,95.53,95.53,95.53,95.53"
Rec-G3_std_1,19,9,2983,core,327,317,0.0,4.0,0.972,331,318,337,322,1.0,True,99.9512,109.1004,96.0745,2.8606,99.8737,"109.10,105.84,103.67,102.04,102.04,101.50,100.96,103.67,103.13,102.04,101.50,100.96,100.42,100.42,100.96,100.42,99.87,99.87,99.33,99.33,98.79,98.25,98.25,98.25,98.25,98.25,97.70,97.70,96.62,96.62,96.62,96.62,96.62,96.62,96.07"
Rec-G3_std_1,19,10,2984,core,332,317,0.0,5.0,0.972,336,318,342,322,1.0,True,100.9902,109.1004,97.7027,2.7089,100.9592,"109.10,106.39,104.22,103.67,103.13,103.13,103.13,104.22,103.13,103.13,102.04,102.04,102.04,102.04,101.50,101.50,100.96,100.96,100.96,100.42,100.42,99.33,99.33,98.79,98.79,98.79,98.79,98.79,97.70,97.70,97.70,97.70,97.70,97.70,97.70"
Rec-G3_std_1,19,11,2985,core,337,317,0.0,5.0,0.9719,341,318,347,322,1.0,True,102.3549,109.6431,98.2455,2.8522,102.0447,"109.64,107.47,105.84,105.30,105.30,105.30,105.30,105.30,105.30,104.22,104.22,103.67,103.67,103.67,103.13,102.04,102.04,102.04,102.04,102.04,102.04,100.42,100.42,100.42,100.42,100.42,100.42,100.42,98.79,98.25,98.25,98.79,98.79,98.79,98.25"
Rec-G3_std_1,19,12,2986,core,342,316,11.31,5.1,0.9733,346,317,352,321,1.0,True,105.5493,116.6988,100.4165,3.4942,105.3012,"116.70,112.90,110.73,109.10,108.01,107.47,106.39,110.19,108.56,107.47,106.93,106.39,105.84,105.30,106.93,106.39,105.84,105.30,105.30,105.30,104.22,103.67,103.67,103.67,103.13,103.13,103.13,102.04,102.04,102.04,102.04,101.50,101.50,100.96,100.42"
Rec-G3_std_1,19,13,2987,core,347,316,0.0,5.0,0.9742,351,317,357,321,1.0,True,104.6034,116.6988,97.16,4.1203,104.2157,"116.70,112.90,110.19,108.56,106.93,105.84,104.22,110.73,109.10,107.47,106.39,105.30,104.22,103.13,107.47,106.39,105.84,105.30,103.67,103.13,101.50,104.22,103.67,103.13,103.13,102.04,100.42,98.79,102.04,102.04,101.50,100.42,99.33,98.25,97.16"
Rec-G3_std_1,19,14,2988,core,351,316,0.0,4.0,0.9733,355,317,361,321,1.0,True,101.4399,117.7843,90.6471,5.8582,100.9592,"117.78,112.90,109.64,106.39,103.67,100.96,97.70,111.27,108.01,105.84,103.67,102.04,99.33,96.62,106.39,105.30,103.13,102.04,99.87,97.70,94.45,103.13,102.04,100.96,99.33,97.70,95.53,92.28,100.42,99.33,98.25,97.16,95.53,93.36,90.65"
Rec-G3_std_1,19,15,2989,core,356,316,0.0,5.0,0.9763,360,317,366,321,0.4286,False,85.3902,110.7286,73.822,10.6773,81.4204,"110.73,103.67,94.99,83.59,78.16,75.45,73.82,104.22,99.87,92.28,83.05,77.62,75.45,73.82,100.42,97.16,90.10,81.42,77.62,75.45,73.82,97.16,94.45,87.93,80.88,77.08,75.45,73.82,94.45,92.28,86.85,80.33,76.54,74.91,73.82"
Rec-G3_std_1,19,16,2990,core,360,316,0.0,4.0,0.9777,364,317,370,321,0.0,False,75.9309,87.9333,73.2792,3.1774,74.9074,"87.93,81.96,77.62,75.99,74.36,73.82,73.28,83.05,78.71,76.54,74.91,74.36,73.82,73.28,79.79,77.08,75.45,74.91,73.82,73.82,73.28,78.71,76.54,75.45,74.36,73.82,73.82,73.28,77.62,75.99,74.91,74.36,73.82,73.82,73.28"
Rec-G3_std_1,20,1,3110,core,293,318,-26.57,2.24,0.9777,297,319,303,323,1.0,True,97.1135,103.1302,91.7325,3.0548,97.16,"103.13,102.04,102.04,101.50,101.50,100.96,100.42,98.79,98.79,99.33,99.33,99.33,98.79,98.25,96.07,96.62,96.62,97.16,97.16,97.16,97.16,94.45,94.45,94.99,95.53,95.53,95.53,95.53,91.73,92.28,93.36,93.36,93.36,93.36,93.36"
Rec-G3_std_1,20,2,3111,core,298,317,11.31,5.1,0.9753,302,318,308,322,1.0,True,100.1528,110.7286,95.5318,3.3366,99.8737,"110.73,107.47,105.30,103.13,102.04,101.50,100.42,105.30,103.13,102.04,101.50,100.96,100.42,99.33,101.50,100.96,100.42,100.42,99.87,99.33,98.25,98.79,98.79,98.25,98.25,98.25,97.70,97.16,96.62,96.62,96.62,96.62,96.07,96.07,95.53"
Rec-G3_std_1,20,3,3112,core,302,317,0.0,4.0,0.9751,306,318,312,322,1.0,True,100.587,112.8996,95.5318,3.7976,99.8737,"112.90,109.64,105.84,103.67,102.04,101.50,100.42,106.39,104.22,103.13,102.04,100.96,99.87,99.33,103.13,102.04,100.96,100.42,99.87,98.79,98.25,99.87,99.33,98.79,98.25,98.25,97.70,97.16,97.70,97.16,97.16,96.62,96.07,95.53,95.53"
Rec-G3_std_1,20,4,3113,core,307,317,0.0,5.0,0.9763,311,318,317,322,1.0,True,99.393,110.7286,94.989,3.3148,98.7882,"110.73,106.93,103.67,102.04,100.96,99.87,98.79,104.22,103.13,101.50,100.96,99.33,99.33,98.25,100.96,100.42,99.87,99.33,98.25,98.25,97.70,98.79,98.25,98.25,97.70,96.62,96.62,96.07,97.16,96.62,96.07,96.07,95.53,95.53,94.99"
Rec-G3_std_1,20,5,3114,core,312,317,0.0,5.0,0.9765,316,318,322,322,1.0,True,98.7262,108.5576,94.989,2.9465,98.2455,"108.56,105.30,102.04,101.50,99.87,99.33,98.25,103.13,102.04,100.96,99.87,99.33,98.25,98.25,100.42,99.87,98.79,98.79,98.25,97.70,97.16,98.25,97.70,97.16,97.16,96.62,96.07,95.53,96.62,96.07,95.53,95.53,95.53,94.99,94.99"
Rec-G3_std_1,20,6,3115,core,317,317,0.0,5.0,0.975,321,318,327,322,1.0,True,98.5556,106.9294,94.989,2.5697,98.2455,"106.93,103.67,102.04,100.96,100.42,99.87,98.79,102.04,100.96,100.42,99.33,99.33,98.79,98.25,99.87,99.33,98.79,98.25,98.25,98.25,97.70,97.70,97.70,97.16,96.62,96.62,96.62,96.07,96.07,95.53,95.53,95.53,95.53,95.53,94.99"
Rec-G3_std_1,20,7,3116,core,322,317,0.0,5.0,0.9726,326,318,332,322,1.0,True,99.0674,106.3867,95.5318,2.4111,98.7882,"106.39,103.67,102.04,101.50,100.96,100.42,99.87,102.04,101.50,100.96,100.42,99.87,99.87,99.33,99.87,99.87,99.33,98.79,98.79,98.25,98.25,98.25,98.25,97.70,97.70,97.16,97.16,97.16,96.62,96.62,96.07,96.07,95.53,95.53,95.53"
Rec-G3_std_1,20,8,3117,core,326,317,0.0,4.0,0.972,330,318,336,322,1.0,True,100.2304,109.1004,96.0745,2.9154,99.8737,"109.10,106.39,104.22,103.13,102.04,102.04,101.50,104.22,103.13,102.04,101.50,101.50,100.96,100.96,100.96,100.42,100.42,99.87,99.87,99.33,99.33,98.79,98.25,98.25,98.25,98.25,98.25,98.25,97.16,97.16,96.62,96.62,96.62,96.62,96.07"
Rec-G3_std_1,20,9,3118,core,331,317,0.0,5.0,0.9718,335,318,341,322,1.0,True,101.0522,109.1004,97.7027,2.7261,100.9592,"109.10,106.39,105.30,103.67,103.13,103.13,102.04,104.22,103.13,103.13,102.04,102.04,102.04,102.04,102.04,101.50,101.50,100.96,100.96,100.96,100.42,99.33,99.33,99.33,98.79,98.79,98.79,98.79,97.70,97.70,97.70,97.70,97.70,97.70,97.70"
Rec-G3_std_1,20,10,3119,core,336,317,0.0,5.0,0.9714,340,318,346,322,1.0,True,102.0912,109.1004,98.2455,2.6727,102.0447,"109.10,106.93,105.84,105.30,104.22,103.67,103.67,105.30,104.22,104.22,103.67,103.67,103.13,103.13,103.13,102.04,102.04,102.04,102.04,102.04,102.04,100.96,100.42,100.42,100.42,100.42,100.42,99.87,98.79,98.79,98.25,98.25,98.25,98.25,98.25"
Rec-G3_std_1,20,11,3120,core,341,316,11.31,5.1,0.9731,345,317,351,321,1.0,True,105.0841,116.1561,100.4165,3.2362,105.3012,"116.16,111.81,109.64,108.01,106.93,106.39,105.84,109.64,108.01,106.93,105.84,105.30,105.30,105.30,106.39,105.84,105.30,105.30,104.22,104.22,103.67,103.67,103.67,103.13,103.13,103.13,103.13,102.04,102.04,102.04,101.50,101.50,101.50,100.96,100.42"
Rec-G3_std_1,20,12,3121,core,346,316,0.0,5.0,0.9736,350,317,356,321,1.0,True,104.9135,116.1561,98.2455,3.6892,105.3012,"116.16,111.81,110.19,108.56,107.47,106.39,105.30,110.19,108.56,107.47,106.39,105.84,105.30,103.67,106.93,106.39,105.30,105.30,104.22,103.13,102.04,105.30,104.22,103.67,103.13,102.04,101.50,100.42,102.04,102.04,102.04,100.96,100.42,99.33,98.25"
Rec-G3_std_1,20,13,3122,core,350,316,0.0,4.0,0.9738,354,317,360,321,1.0,True,102.7735,118.8698,93.3608,5.5485,102.0447,"118.87,113.99,110.73,107.47,105.30,102.04,99.33,111.81,109.10,106.93,105.30,103.13,100.96,98.25,107.47,105.84,104.22,103.13,101.50,98.79,97.16,104.22,103.13,102.04,100.42,98.79,97.16,94.99,101.50,100.42,99.33,98.25,97.16,94.99,93.36"
Rec-G3_std_1,20,14,3123,core,355,316,0.0,5.0,0.9761,359,317,365,321,0.5714,False,88.7087,111.8141,74.3647,10.9424,89.5616,"111.81,106.39,100.96,92.28,82.51,77.08,74.91,105.84,102.04,98.25,91.19,81.96,77.08,74.91,102.04,99.33,96.07,89.56,80.88,77.08,74.91,98.25,96.62,94.45,87.93,80.33,76.54,74.91,96.07,94.45,91.73,86.31,79.79,75.99,74.36"
Rec-G3_std_1,20,15,3124,core,360,316,0.0,5.0,0.9787,364,317,370,321,0.0,False,75.1556,84.1341,72.7365,2.5764,73.822,"84.13,79.79,75.99,74.91,73.82,73.28,72.74,80.88,77.62,75.45,74.36,73.82,73.28,72.74,78.71,76.54,74.91,73.82,73.82,73.28,72.74,77.62,75.99,74.91,73.82,73.82,73.28,72.74,77.62,75.99,74.36,73.82,73.82,73.28,72.74"
Rec-G3_std_1,21,1,3244,core,292,318,-45.0,1.41,0.9769,296,319,302,323,1.0,True,97.4081,103.1302,91.1898,3.221,97.7027,"103.13,102.04,102.04,102.04,102.04,102.04,101.50,98.25,98.79,99.33,99.87,99.87,99.87,99.87,95.53,96.07,97.16,97.70,97.70,98.25,97.70,93.36,94.45,94.99,95.53,95.53,95.53,95.53,91.19,92.28,93.36,93.36,94.45,94.45,94.45"
Rec-G3_std_1,21,2,3245,core,297,317,11.31,5.1,0.9754,301,318,307,322,1.0,True,101.0523,112.8996,96.0745,3.6316,100.9592,"112.90,108.56,105.84,104.22,103.13,102.04,101.50,106.39,105.30,103.13,103.13,102.04,101.50,100.96,102.04,102.04,101.50,100.96,100.96,100.42,99.33,99.33,99.33,98.79,98.79,98.25,98.25,98.25,97.16,97.16,97.16,97.16,96.62,96.62,96.07"
Rec-G3_std_1,21,3,3246,core,302,317,0.0,5.0,0.9742,306,318,312,322,1.0,True,100.5715,111.2714,95.5318,3.2965,99.8737,"111.27,107.47,105.30,103.13,102.04,101.50,100.42,105.84,103.67,103.13,102.04,101.50,100.42,99.87,102.04,102.04,100.96,100.42,99.87,99.33,98.79,99.87,99.33,99.33,98.25,98.25,97.70,97.16,98.25,97.70,97.70,97.16,96.62,96.07,95.53"
Rec-G3_std_1,21,4,3247,core,306,317,0.0,4.0,0.976,310,318,316,322,1.0,True,100.3855,111.8141,95.5318,3.5719,99.8737,"111.81,108.56,105.30,103.13,102.04,100.96,99.87,106.39,104.22,103.13,102.04,100.96,99.87,99.33,102.04,101.50,100.96,99.87,99.33,98.79,98.25,99.87,99.33,98.79,98.25,97.70,97.16,97.16,98.25,97.70,97.16,96.62,96.07,95.53,95.53"
Rec-G3_std_1,21,5,3248,core,311,317,0.0,5.0,0.9764,315,318,321,322,1.0,True,99.4395,110.1859,94.989,3.1695,98.7882,"110.19,106.39,103.13,102.04,100.96,99.87,98.79,104.22,103.13,101.50,100.42,99.87,99.33,98.25,101.50,100.42,99.87,99.33,98.79,98.25,98.25,98.79,98.25,98.25,97.70,97.70,96.62,96.07,97.16,97.16,96.62,95.53,95.53,95.53,94.99"
Rec-G3_std_1,21,6,3249,core,316,317,0.0,5.0,0.9755,320,318,326,322,1.0,True,99.1449,108.0149,95.5318,2.7643,98.7882,"108.01,105.30,103.13,101.50,100.42,99.87,99.33,103.13,102.04,100.96,100.42,99.87,99.33,98.79,100.96,99.87,98.79,98.79,98.25,98.25,98.25,98.25,98.25,97.70,97.70,97.16,97.16,96.62,96.62,96.62,96.07,96.07,95.53,95.53,95.53"
Rec-G3_std_1,21,7,3250,core,316,317,0.0,0.0,0.9755,320,318,326,322,1.0,True,99.1449,108.0149,95.5318,2.7643,98.7882,"108.01,105.30,103.13,101.50,100.42,99.87,99.33,103.13,102.04,100.96,100.42,99.87,99.33,98.79,100.96,99.87,98.79,98.79,98.25,98.25,98.25,98.25,98.25,97.70,97.70,97.16,97.16,96.62,96.62,96.62,96.07,96.07,95.53,95.53,95.53"
Rec-G3_std_1,21,8,3251,core,325,317,0.0,9.0,0.9713,329,318,335,322,1.0,True,100.6025,109.6431,97.16,2.8893,100.4165,"109.64,106.93,105.30,103.13,102.04,102.04,102.04,104.22,103.13,102.04,102.04,101.50,101.50,100.96,101.50,100.96,100.96,100.42,99.87,99.87,99.87,99.33,98.79,98.79,98.79,98.25,98.25,98.25,97.70,97.16,97.16,97.16,97.16,97.16,97.16"
Rec-G3_std_1,21,9,3252,core,330,317,0.0,5.0,0.9714,334,318,340,322,1.0,True,101.7191,110.1859,98.2455,2.7528,101.502,"110.19,107.47,105.30,104.22,103.67,103.67,103.13,105.30,103.67,103.13,103.13,103.13,103.13,102.04,102.04,102.04,101.50,101.50,101.50,101.50,101.50,99.87,100.42,99.87,99.87,99.87,99.87,99.87,98.25,98.25,98.25,98.25,98.25,98.25,98.25"
Rec-G3_std_1,21,10,3253,core,335,317,0.0,5.0,0.9719,339,318,345,322,1.0,True,102.8976,110.1859,98.7882,2.7162,103.1302,"110.19,108.01,106.39,105.84,105.30,105.30,104.22,105.84,105.30,105.30,105.30,104.22,103.67,103.67,103.13,103.13,103.13,103.13,103.13,102.04,102.04,101.50,101.50,101.50,100.96,100.96,100.96,100.96,99.33,99.33,99.33,99.33,99.33,99.33,98.79"
Rec-G3_std_1,21,11,3254,core,340,316,11.31,5.1,0.9723,344,317,350,321,1.0,True,105.6733,117.7843,100.9592,3.5762,105.3012,"117.78,113.99,110.73,109.10,107.47,106.93,105.84,110.73,109.10,107.47,106.93,105.84,105.30,105.30,107.47,106.39,105.84,105.30,105.30,104.22,103.67,104.22,104.22,103.67,103.67,103.13,103.13,103.13,102.04,102.04,102.04,102.04,102.04,101.50,100.96"
Rec-G3_std_1,21,12,3255,core,345,316,0.0,5.0,0.9736,349,317,355,321,1.0,True,105.2392,116.6988,98.7882,3.6299,105.3012,"116.70,112.90,110.19,108.56,106.93,105.84,105.30,110.73,109.10,107.47,106.39,105.84,105.30,103.67,107.47,106.39,105.84,105.30,105.30,103.67,103.13,105.30,104.22,103.67,103.13,103.13,102.04,100.96,103.13,102.04,102.04,102.04,100.96,99.87,98.79"
Rec-G3_std_1,21,13,3256,core,350,316,0.0,5.0,0.9728,354,317,360,321,1.0,True,101.595,115.0706,92.2753,4.9514,101.502,"115.07,110.73,108.01,105.30,103.13,100.96,98.25,109.64,107.47,105.30,103.67,102.04,99.87,97.16,106.39,105.30,103.13,102.04,100.42,98.25,95.53,103.67,103.13,101.50,99.87,98.25,96.07,94.45,101.50,100.42,98.79,97.70,96.07,94.45,92.28"
Rec-G3_std_1,21,14,3257,core,354,316,0.0,4.0,0.9751,358,317,364,321,0.7143,False,91.9962,113.9851,75.9929,10.445,94.4463,"113.99,108.01,103.13,98.25,91.19,80.88,75.99,107.47,103.67,100.42,96.62,90.10,80.88,75.99,103.13,100.96,98.25,94.99,89.02,80.88,75.99,99.87,98.25,95.53,93.36,86.85,79.79,75.99,97.70,95.53,94.45,91.19,85.76,79.79,75.99"
Rec-G3_std_1,21,15,3258,core,359,316,0.0,5.0,0.9773,363,317,369,321,0.0,False,76.1015,89.0188,72.1937,3.9047,74.3647,"89.02,81.42,77.62,74.91,73.82,73.28,72.19,85.22,79.79,75.99,74.36,73.82,73.28,72.74,83.05,78.16,75.99,74.36,73.82,73.28,72.74,80.88,77.62,75.45,74.36,73.82,73.28,72.74,80.33,77.08,75.45,73.82,73.82,73.28,72.74"
Rec-G3_std_1,22,1,3344,core,293,317,0.0,0.0,0.9788,297,318,303,322,1.0,True,99.0984,111.8141,94.4463,3.668,98.2455,"111.81,108.01,105.30,103.13,102.04,102.04,100.96,102.04,100.96,100.42,99.87,99.33,99.33,98.79,98.25,98.25,98.25,98.25,98.25,98.25,98.25,95.53,96.62,97.16,97.70,97.70,97.70,97.16,94.45,94.99,95.53,95.53,95.53,95.53,95.53"
Rec-G3_std_1,22,2,3345,core,296,317,0.0,3.0,0.977,300,318,306,322,1.0,True,99.9202,111.8141,96.0745,3.3542,98.7882,"111.81,108.56,105.30,103.13,102.04,101.50,100.42,103.67,102.04,101.50,100.42,99.87,99.33,98.79,100.42,100.42,99.87,99.33,98.79,98.79,98.25,98.25,98.25,98.25,98.25,98.25,98.25,97.70,96.62,96.62,96.62,96.62,96.62,96.62,96.07"
Rec-G3_std_1,22,3,3346,core,301,317,0.0,5.0,0.9782,305,318,311,322,1.0,True,99.486,110.7286,95.5318,2.9885,98.7882,"110.73,106.93,103.67,102.04,100.42,99.33,98.79,103.67,102.04,100.42,99.33,98.79,98.25,97.70,100.96,100.42,99.33,98.79,98.79,98.25,97.70,99.33,98.79,98.25,98.25,97.70,97.16,97.16,98.25,97.70,97.70,97.16,96.62,96.07,95.53"
Rec-G3_std_1,22,4,3347,core,306,317,0.0,5.0,0.9775,310,318,316,322,1.0,True,98.5246,107.4722,95.5318,2.4006,98.2455,"107.47,104.22,102.04,99.87,98.79,98.25,97.70,102.04,100.42,99.33,98.25,98.25,97.16,97.16,100.42,99.33,98.79,98.25,98.25,97.70,97.16,98.25,98.25,98.25,97.70,97.16,96.07,96.07,97.70,97.16,97.16,96.62,96.07,95.53,95.53"
Rec-G3_std_1,22,5,3348,core,311,317,0.0,5.0,0.9756,315,318,321,322,1.0,True,97.6097,105.3012,94.989,2.0078,97.16,"105.30,102.04,99.87,98.79,98.25,97.16,96.62,100.42,99.33,98.25,97.70,97.16,96.62,96.07,99.33,98.25,98.25,97.70,97.16,96.62,96.07,98.25,97.70,97.16,96.62,96.62,96.07,95.53,96.62,96.62,96.62,95.53,95.53,95.53,94.99"
Rec-G3_std_1,22,6,3349,core,315,317,0.0,4.0,0.9754,319,318,325,322,1.0,True,98.0749,107.4722,95.5318,2.3381,97.16,"107.47,103.67,100.96,99.33,98.25,97.70,97.16,101.50,99.87,98.79,98.25,97.70,97.16,96.62,99.33,98.79,98.25,97.70,97.16,97.16,96.62,98.25,97.70,97.16,97.16,96.62,96.62,96.07,97.16,96.62,96.62,96.07,96.07,95.53,95.53"
Rec-G3_std_1,22,7,3350,core,320,317,0.0,5.0,0.9753,324,318,330,322,1.0,True,97.9353,105.3012,95.5318,1.9774,97.7027,"105.30,103.13,100.42,98.79,98.25,97.70,97.16,100.96,99.33,98.79,98.25,97.70,97.16,97.16,98.79,98.25,98.25,97.70,97.16,97.16,97.16,98.25,97.70,97.70,97.16,96.62,96.62,96.62,96.62,96.62,96.62,96.07,95.53,95.53,95.53"
Rec-G3_std_1,22,8,3351,core,325,317,0.0,5.0,0.9751,329,318,335,322,1.0,True,98.4471,105.3012,96.6172,1.6619,98.2455,"105.30,102.04,100.42,99.33,98.25,98.25,98.25,100.96,99.87,98.79,98.25,98.25,98.25,98.25,98.79,98.79,98.25,98.25,98.25,98.25,98.25,98.25,98.25,97.70,97.70,97.70,97.70,97.70,97.16,97.16,96.62,96.62,96.62,96.62,96.62"
Rec-G3_std_1,22,9,3352,core,330,317,0.0,5.0,0.9732,334,318,340,322,1.0,True,99.2999,104.2157,97.7027,1.3542,99.331,"104.22,102.04,100.96,100.42,99.87,99.33,99.33,101.50,100.42,99.87,99.87,99.33,99.33,99.33,99.87,99.33,99.33,99.33,99.33,99.33,99.33,98.79,98.25,98.25,98.79,98.25,98.25,98.25,97.70,97.70,98.25,98.25,97.70,97.70,97.70"
Rec-G3_std_1,22,10,3353,core,335,316,11.31,5.1,0.9719,339,317,345,321,1.0,True,102.4479,113.9851,99.8737,3.027,101.502,"113.99,109.64,107.47,105.84,105.30,105.30,104.22,105.30,103.13,102.04,102.04,101.50,101.50,100.96,102.04,102.04,101.50,101.50,101.50,101.50,100.96,101.50,100.96,100.96,100.96,100.96,100.96,100.96,99.87,99.87,99.87,99.87,99.87,99.87,99.87"
Rec-G3_std_1,22,11,3354,core,339,316,0.0,4.0,0.9733,343,317,349,321,1.0,True,104.1226,117.7843,100.9592,3.5543,103.1302,"117.78,112.90,110.19,108.01,106.93,105.84,105.30,108.01,105.84,104.22,103.67,103.13,103.13,102.04,104.22,103.67,103.13,103.13,103.13,103.13,102.04,103.13,102.04,102.04,102.04,102.04,102.04,102.04,101.50,101.50,101.50,101.50,101.50,100.96,100.96"
Rec-G3_std_1,22,12,3355,core,344,316,0.0,5.0,0.9762,348,317,354,321,1.0,True,104.3708,117.2416,99.331,3.5592,103.1302,"117.24,112.90,110.19,108.01,106.93,105.84,104.22,108.56,106.93,105.30,104.22,103.67,103.13,102.04,105.84,105.30,104.22,103.67,103.13,103.13,102.04,103.67,103.13,103.13,103.13,102.04,102.04,100.96,102.04,102.04,102.04,101.50,100.96,100.42,99.33"
Rec-G3_std_1,22,13,3356,core,349,316,0.0,5.0,0.9778,353,317,359,321,1.0,True,101.3779,115.6133,94.4463,4.5169,100.9592,"115.61,111.27,107.47,105.30,102.04,99.33,96.62,108.01,105.84,103.67,102.04,100.96,98.25,96.07,105.30,103.67,103.13,101.50,99.87,98.25,96.07,103.13,102.04,101.50,100.42,98.79,97.16,95.53,101.50,100.96,99.87,98.79,97.70,96.07,94.45"
Rec-G3_std_1,22,14,3357,core,354,316,0.0,5.0,0.9782,358,317,364,321,0.7143,False,89.3445,108.0149,74.3647,9.4035,91.7325,"108.01,102.04,96.62,91.19,84.68,77.62,74.36,103.13,98.79,95.53,91.73,85.76,78.71,74.91,100.42,98.25,95.53,92.28,86.31,78.71,75.45,98.25,96.62,94.45,91.73,85.76,78.71,75.45,97.16,95.53,93.36,90.65,85.22,78.71,75.45"
Rec-G3_std_1,22,15,3358,core,358,316,0.0,4.0,0.9787,362,317,368,321,0.1429,False,77.5436,94.4463,72.1937,5.9315,74.9074,"94.45,84.13,78.71,75.45,73.82,72.74,72.19,91.19,81.96,77.62,74.91,73.82,72.74,72.19,89.56,80.88,77.08,74.91,73.82,73.28,72.19,87.93,80.33,76.54,74.91,73.82,73.28,72.19,86.31,79.79,76.54,74.91,73.82,73.28,72.74"
Rec-G3_std_1,22,16,3359,core,361,316,0.0,3.0,0.983,365,317,371,321,0.0,False,74.1011,83.0486,71.651,2.3113,73.822,"83.05,78.71,75.45,73.82,72.74,72.19,71.65,78.71,75.99,74.36,73.82,72.74,72.19,71.65,76.54,74.91,73.82,73.82,72.74,72.74,72.19,75.99,74.36,73.82,73.28,72.74,72.74,72.19,75.45,74.36,73.82,73.28,72.74,72.74,72.19"
